2024-11-06T21:13:52.159-05:00,IdeState,Active,Project,pies.py,2,22
2024-11-06T21:13:53.163-05:00,IdeState,Active,Project,pies.py,2,22
2024-11-06T21:13:54.164-05:00,IdeState,Inactive,,*,-1,-1
2024-11-06T21:13:55.166-05:00,IdeState,Inactive,,*,-1,-1
2024-11-06T21:13:56.167-05:00,IdeState,Inactive,,*,-1,-1
2024-11-06T21:13:57.168-05:00,IdeState,Inactive,,*,-1,-1
2024-11-06T21:13:58.169-05:00,IdeState,Inactive,,*,-1,-1
2024-11-06T21:13:59.170-05:00,IdeState,Inactive,,*,-1,-1
2024-11-06T21:14:00.172-05:00,IdeState,Inactive,,*,-1,-1
2024-11-06T21:14:01.172-05:00,IdeState,Inactive,,*,-1,-1
2024-11-06T21:14:02.174-05:00,IdeState,Inactive,,*,-1,-1
2024-11-06T21:14:03.175-05:00,IdeState,Inactive,,*,-1,-1
2024-11-06T21:14:04.175-05:00,IdeState,Inactive,,*,-1,-1
2024-11-06T21:14:05.177-05:00,IdeState,Inactive,,*,-1,-1
2024-11-06T21:14:06.179-05:00,IdeState,Inactive,,*,-1,-1
2024-11-06T21:14:07.181-05:00,IdeState,Inactive,,*,-1,-1
2024-11-06T21:14:08.183-05:00,IdeState,Inactive,,*,-1,-1
2024-11-06T21:14:09.184-05:00,IdeState,Inactive,,*,-1,-1
2024-11-06T21:14:10.186-05:00,IdeState,Inactive,,*,-1,-1
2024-11-06T21:14:11.188-05:00,IdeState,Inactive,,*,-1,-1
2024-11-06T21:14:12.191-05:00,IdeState,Inactive,,*,-1,-1
2024-11-06T21:14:13.192-05:00,IdeState,Inactive,,*,-1,-1
2024-11-06T21:14:14.192-05:00,IdeState,Inactive,,*,-1,-1
2024-11-06T21:14:15.195-05:00,IdeState,Inactive,,*,-1,-1
2024-11-06T21:14:16.195-05:00,IdeState,Inactive,,*,-1,-1
2024-11-06T21:14:17.197-05:00,IdeState,Inactive,,*,-1,-1
2024-11-06T21:14:18.198-05:00,IdeState,Inactive,,*,-1,-1
2024-11-06T21:14:19.199-05:00,IdeState,Inactive,,*,-1,-1
2024-11-06T21:14:20.200-05:00,IdeState,Inactive,,*,-1,-1
2024-11-06T21:14:21.201-05:00,IdeState,Inactive,,*,-1,-1
2024-11-06T21:14:22.203-05:00,IdeState,Inactive,,*,-1,-1
2024-11-06T21:14:23.203-05:00,IdeState,Inactive,,*,-1,-1
2024-11-06T21:14:24.206-05:00,IdeState,Inactive,,*,-1,-1
2024-11-06T21:14:25.208-05:00,IdeState,Inactive,,*,-1,-1
2024-11-06T21:14:26.208-05:00,IdeState,Inactive,,*,-1,-1
2024-11-06T21:14:27.209-05:00,IdeState,Inactive,,*,-1,-1
2024-11-06T21:14:28.211-05:00,IdeState,Inactive,,*,-1,-1
2024-11-06T21:14:29.212-05:00,IdeState,Inactive,,*,-1,-1
2024-11-06T21:14:30.213-05:00,IdeState,Inactive,,*,-1,-1
2024-11-06T21:14:31.215-05:00,IdeState,Inactive,,*,-1,-1
2024-11-06T21:14:32.216-05:00,IdeState,Inactive,,*,-1,-1
2024-11-06T21:14:33.217-05:00,IdeState,Inactive,,*,-1,-1
2024-11-06T21:14:34.218-05:00,IdeState,Inactive,,*,-1,-1
2024-11-06T21:14:35.218-05:00,IdeState,Inactive,,*,-1,-1
2024-11-06T21:14:36.220-05:00,IdeState,Inactive,,*,-1,-1
2024-11-06T21:14:37.222-05:00,IdeState,Inactive,,*,-1,-1
2024-11-06T21:14:38.223-05:00,IdeState,Inactive,,*,-1,-1
2024-11-06T21:14:39.225-05:00,IdeState,Inactive,,*,-1,-1
2024-11-06T21:14:40.226-05:00,IdeState,Inactive,,*,-1,-1
2024-11-06T21:14:41.227-05:00,IdeState,Inactive,,*,-1,-1
2024-11-06T21:14:42.227-05:00,IdeState,Inactive,,*,-1,-1
2024-11-06T21:14:43.229-05:00,IdeState,Inactive,,*,-1,-1
2024-11-06T21:14:44.230-05:00,IdeState,Inactive,,*,-1,-1
2024-11-06T21:14:45.231-05:00,IdeState,Inactive,,*,-1,-1
2024-11-06T21:14:46.232-05:00,IdeState,Inactive,,*,-1,-1
2024-11-06T21:14:47.233-05:00,IdeState,Inactive,,*,-1,-1
2024-11-06T21:14:48.235-05:00,IdeState,Inactive,,*,-1,-1
2024-11-06T21:14:49.238-05:00,IdeState,Inactive,,*,-1,-1
2024-11-06T21:14:50.239-05:00,IdeState,Inactive,,*,-1,-1
2024-11-06T21:14:51.241-05:00,IdeState,Inactive,,*,-1,-1
2024-11-06T21:14:52.243-05:00,IdeState,Inactive,,*,-1,-1
2024-11-06T21:14:53.245-05:00,IdeState,Inactive,,*,-1,-1
2024-11-06T21:14:54.245-05:00,IdeState,Inactive,,*,-1,-1
2024-11-06T21:14:55.246-05:00,IdeState,Inactive,,*,-1,-1
2024-11-06T21:14:56.247-05:00,IdeState,Inactive,,*,-1,-1
2024-11-06T21:14:57.249-05:00,IdeState,Inactive,,*,-1,-1
2024-11-06T21:14:58.250-05:00,IdeState,Inactive,,*,-1,-1
2024-11-06T21:14:59.251-05:00,IdeState,Inactive,,*,-1,-1
2024-11-06T21:15:00.253-05:00,IdeState,Inactive,,*,-1,-1
2024-11-06T21:15:01.255-05:00,IdeState,Inactive,,*,-1,-1
2024-11-06T21:15:02.256-05:00,IdeState,Inactive,,*,-1,-1
2024-11-06T21:15:03.257-05:00,IdeState,Inactive,,*,-1,-1
2024-11-06T21:15:04.258-05:00,IdeState,Inactive,,*,-1,-1
2024-11-06T21:15:05.260-05:00,IdeState,Inactive,,*,-1,-1
2024-11-06T21:15:06.261-05:00,IdeState,Inactive,,*,-1,-1
2024-11-06T21:15:07.263-05:00,IdeState,Inactive,,*,-1,-1
2024-11-06T21:15:08.265-05:00,IdeState,Inactive,,*,-1,-1
2024-11-06T21:15:09.265-05:00,IdeState,Inactive,,*,-1,-1
2024-11-06T21:15:10.266-05:00,IdeState,Inactive,,*,-1,-1
2024-11-06T21:15:11.267-05:00,IdeState,Inactive,,*,-1,-1
2024-11-06T21:15:12.268-05:00,IdeState,Inactive,,*,-1,-1
2024-11-06T21:15:13.269-05:00,IdeState,Inactive,,*,-1,-1
2024-11-06T21:15:14.271-05:00,IdeState,Inactive,,*,-1,-1
2024-11-06T21:15:15.273-05:00,IdeState,Inactive,,*,-1,-1
2024-11-06T21:15:16.275-05:00,IdeState,Inactive,,*,-1,-1
2024-11-06T21:15:17.275-05:00,IdeState,Inactive,,*,-1,-1
2024-11-06T21:15:18.277-05:00,IdeState,Inactive,,*,-1,-1
2024-11-06T21:15:19.278-05:00,IdeState,Inactive,,*,-1,-1
2024-11-06T21:15:20.279-05:00,IdeState,Inactive,,*,-1,-1
2024-11-06T21:15:21.280-05:00,IdeState,Inactive,,*,-1,-1
2024-11-06T21:15:22.281-05:00,IdeState,Inactive,,*,-1,-1
2024-11-06T21:15:23.282-05:00,IdeState,Inactive,,*,-1,-1
2024-11-06T21:15:24.284-05:00,IdeState,Inactive,,*,-1,-1
2024-11-06T21:15:25.286-05:00,IdeState,Inactive,,*,-1,-1
2024-11-06T21:15:26.287-05:00,IdeState,Inactive,,*,-1,-1
2024-11-06T21:15:27.289-05:00,IdeState,Inactive,,*,-1,-1
2024-11-06T21:15:28.291-05:00,IdeState,Inactive,,*,-1,-1
2024-11-06T21:15:29.292-05:00,IdeState,Inactive,,*,-1,-1
2024-11-06T21:15:30.295-05:00,IdeState,Inactive,,*,-1,-1
2024-11-06T21:15:31.295-05:00,IdeState,Inactive,,*,-1,-1
2024-11-06T21:15:32.297-05:00,IdeState,Inactive,,*,-1,-1
2024-11-06T21:15:33.299-05:00,IdeState,Inactive,,*,-1,-1
2024-11-06T21:15:34.300-05:00,IdeState,Inactive,,*,-1,-1
2024-11-06T21:15:35.303-05:00,IdeState,Inactive,,*,-1,-1
2024-11-06T21:15:36.304-05:00,IdeState,Inactive,,*,-1,-1
2024-11-06T21:15:37.305-05:00,IdeState,Inactive,,*,-1,-1
2024-11-06T21:15:38.306-05:00,IdeState,Inactive,,*,-1,-1
2024-11-06T21:15:39.307-05:00,IdeState,Inactive,,*,-1,-1
2024-11-06T21:15:40.308-05:00,IdeState,Inactive,,*,-1,-1
2024-11-06T21:15:41.309-05:00,IdeState,Inactive,,*,-1,-1
2024-11-06T21:15:42.310-05:00,IdeState,Inactive,,*,-1,-1
2024-11-06T21:15:43.311-05:00,IdeState,Inactive,,*,-1,-1
2024-11-06T21:15:44.313-05:00,IdeState,Inactive,,*,-1,-1
2024-11-06T21:15:45.314-05:00,IdeState,Inactive,,*,-1,-1
2024-11-06T21:15:46.315-05:00,IdeState,Inactive,,*,-1,-1
2024-11-06T21:15:47.320-05:00,IdeState,Inactive,,*,-1,-1
2024-11-06T21:15:48.321-05:00,IdeState,Inactive,,*,-1,-1
2024-11-06T21:15:49.322-05:00,IdeState,Inactive,,*,-1,-1
2024-11-06T21:15:50.323-05:00,IdeState,Inactive,,*,-1,-1
2024-11-06T21:15:51.324-05:00,IdeState,Inactive,,*,-1,-1
2024-11-06T21:15:52.325-05:00,IdeState,Inactive,,*,-1,-1
2024-11-06T21:15:53.326-05:00,IdeState,Inactive,,*,-1,-1
2024-11-06T21:15:54.328-05:00,IdeState,Inactive,,*,-1,-1
2024-11-06T21:15:55.329-05:00,IdeState,Inactive,,*,-1,-1
2024-11-06T21:15:56.330-05:00,IdeState,Inactive,,*,-1,-1
2024-11-06T21:15:57.333-05:00,IdeState,Inactive,,*,-1,-1
2024-11-06T21:15:58.333-05:00,IdeState,Inactive,,*,-1,-1
2024-11-06T21:15:59.335-05:00,IdeState,Inactive,,*,-1,-1
2024-11-06T21:16:00.335-05:00,IdeState,Inactive,,*,-1,-1
2024-11-06T21:16:01.338-05:00,IdeState,Inactive,,*,-1,-1
2024-11-06T21:16:02.340-05:00,IdeState,Inactive,,*,-1,-1
2024-11-06T21:16:03.341-05:00,IdeState,Inactive,,*,-1,-1
2024-11-06T21:16:04.342-05:00,IdeState,Inactive,,*,-1,-1
2024-11-06T21:16:05.344-05:00,IdeState,Inactive,,*,-1,-1
2024-11-06T21:16:06.346-05:00,IdeState,Inactive,,*,-1,-1
2024-11-06T21:16:07.346-05:00,IdeState,Inactive,,*,-1,-1
2024-11-06T21:16:08.347-05:00,IdeState,Inactive,,*,-1,-1
2024-11-06T21:16:09.348-05:00,IdeState,Inactive,,*,-1,-1
2024-11-06T21:16:10.349-05:00,IdeState,Inactive,,*,-1,-1
2024-11-06T21:16:11.350-05:00,IdeState,Inactive,,*,-1,-1
2024-11-06T21:16:12.352-05:00,IdeState,Inactive,,*,-1,-1
2024-11-06T21:16:13.353-05:00,IdeState,Inactive,,*,-1,-1
2024-11-06T21:16:14.355-05:00,IdeState,Inactive,,*,-1,-1
2024-11-06T21:16:15.357-05:00,IdeState,Inactive,,*,-1,-1
2024-11-06T21:16:16.358-05:00,IdeState,Inactive,,*,-1,-1
2024-11-06T21:16:17.360-05:00,IdeState,Inactive,,*,-1,-1
2024-11-06T21:16:18.361-05:00,IdeState,Inactive,,*,-1,-1
2024-11-06T21:16:19.363-05:00,IdeState,Inactive,,*,-1,-1
2024-11-06T21:16:20.364-05:00,IdeState,Inactive,,*,-1,-1
2024-11-06T21:16:21.366-05:00,IdeState,Inactive,,*,-1,-1
2024-11-06T21:16:22.368-05:00,IdeState,Inactive,,*,-1,-1
2024-11-06T21:16:23.370-05:00,IdeState,Inactive,,*,-1,-1
2024-11-06T21:16:24.372-05:00,IdeState,Inactive,,*,-1,-1
2024-11-06T21:16:25.373-05:00,IdeState,Inactive,,*,-1,-1
2024-11-06T21:16:26.376-05:00,IdeState,Inactive,,*,-1,-1
2024-11-06T21:16:27.377-05:00,IdeState,Inactive,,*,-1,-1
2024-11-06T21:16:28.378-05:00,IdeState,Inactive,,*,-1,-1
2024-11-06T21:16:29.379-05:00,IdeState,Inactive,,*,-1,-1
2024-11-06T21:16:30.381-05:00,IdeState,Inactive,,*,-1,-1
2024-11-06T21:16:31.382-05:00,IdeState,Inactive,,*,-1,-1
2024-11-06T21:16:32.383-05:00,IdeState,Inactive,,*,-1,-1
2024-11-06T21:16:33.384-05:00,IdeState,Inactive,,*,-1,-1
2024-11-06T21:16:34.386-05:00,IdeState,Inactive,,*,-1,-1
2024-11-06T21:16:35.388-05:00,IdeState,Inactive,,*,-1,-1
2024-11-06T21:16:36.390-05:00,IdeState,Inactive,,*,-1,-1
2024-11-06T21:16:37.391-05:00,IdeState,Inactive,,*,-1,-1
2024-11-06T21:16:38.393-05:00,IdeState,Inactive,,*,-1,-1
2024-11-06T21:16:39.394-05:00,IdeState,Inactive,,*,-1,-1
2024-11-06T21:16:40.396-05:00,IdeState,Inactive,,*,-1,-1
2024-11-06T21:16:41.397-05:00,IdeState,Inactive,,*,-1,-1
2024-11-06T21:16:42.400-05:00,IdeState,Inactive,,*,-1,-1
2024-11-06T21:16:43.401-05:00,IdeState,Inactive,,*,-1,-1
2024-11-06T21:16:44.402-05:00,IdeState,Inactive,,*,-1,-1
2024-11-06T21:16:45.405-05:00,IdeState,Inactive,,*,-1,-1
2024-11-06T21:16:46.405-05:00,IdeState,Inactive,,*,-1,-1
2024-11-06T21:16:47.405-05:00,IdeState,Inactive,,*,-1,-1
2024-11-06T21:16:48.407-05:00,IdeState,Inactive,,*,-1,-1
2024-11-06T21:16:49.408-05:00,IdeState,Inactive,,*,-1,-1
2024-11-06T21:16:50.409-05:00,IdeState,Inactive,,*,-1,-1
2024-11-06T21:16:51.410-05:00,IdeState,Inactive,,*,-1,-1
2024-11-06T21:16:52.411-05:00,IdeState,Inactive,,*,-1,-1
2024-11-06T21:16:53.413-05:00,IdeState,Inactive,,*,-1,-1
2024-11-06T21:16:54.414-05:00,IdeState,Inactive,,*,-1,-1
2024-11-06T21:16:55.415-05:00,IdeState,Inactive,,*,-1,-1
2024-11-06T21:16:56.417-05:00,IdeState,Inactive,,*,-1,-1
2024-11-06T21:16:57.419-05:00,IdeState,Inactive,,*,-1,-1
2024-11-06T21:16:58.420-05:00,IdeState,Inactive,,*,-1,-1
2024-11-06T21:16:59.423-05:00,IdeState,Inactive,,*,-1,-1
2024-11-06T21:17:00.425-05:00,IdeState,Inactive,,*,-1,-1
2024-11-06T21:17:01.427-05:00,IdeState,Inactive,,*,-1,-1
2024-11-06T21:17:02.429-05:00,IdeState,Inactive,,*,-1,-1
2024-11-06T21:17:03.431-05:00,IdeState,Inactive,,*,-1,-1
2024-11-06T21:17:04.433-05:00,IdeState,Inactive,,*,-1,-1
2024-11-06T21:17:05.435-05:00,IdeState,Inactive,,*,-1,-1
2024-11-06T21:17:06.436-05:00,IdeState,Inactive,,*,-1,-1
2024-11-06T21:17:07.437-05:00,IdeState,Inactive,,*,-1,-1
2024-11-06T21:17:08.440-05:00,IdeState,Inactive,,*,-1,-1
2024-11-06T21:17:09.441-05:00,IdeState,Inactive,,*,-1,-1
2024-11-06T21:17:10.443-05:00,IdeState,Inactive,,*,-1,-1
2024-11-06T21:17:11.444-05:00,IdeState,Inactive,,*,-1,-1
2024-11-06T21:17:12.445-05:00,IdeState,Inactive,,*,-1,-1
2024-11-06T21:17:13.447-05:00,IdeState,Inactive,,*,-1,-1
2024-11-06T21:17:14.450-05:00,IdeState,Inactive,,*,-1,-1
2024-11-06T21:17:15.451-05:00,IdeState,Inactive,,*,-1,-1
2024-11-06T21:17:16.452-05:00,IdeState,Inactive,,*,-1,-1
2024-11-06T21:17:17.454-05:00,IdeState,Inactive,,*,-1,-1
2024-11-06T21:17:18.456-05:00,IdeState,Inactive,,*,-1,-1
2024-11-06T21:17:19.457-05:00,IdeState,Inactive,,*,-1,-1
2024-11-06T21:17:20.457-05:00,IdeState,Inactive,,*,-1,-1
2024-11-06T21:17:21.459-05:00,IdeState,Inactive,,*,-1,-1
2024-11-06T21:17:22.461-05:00,IdeState,Inactive,,*,-1,-1
2024-11-06T21:17:23.461-05:00,IdeState,Inactive,,*,-1,-1
2024-11-06T21:17:24.463-05:00,IdeState,Inactive,,*,-1,-1
2024-11-06T21:17:25.464-05:00,IdeState,Inactive,,*,-1,-1
2024-11-06T21:17:26.466-05:00,IdeState,Inactive,,*,-1,-1
2024-11-06T21:17:27.466-05:00,IdeState,Inactive,,*,-1,-1
2024-11-06T21:17:28.467-05:00,IdeState,Inactive,,*,-1,-1
2024-11-06T21:17:29.500-05:00,IdeState,Inactive,,*,-1,-1
2024-11-06T21:17:30.501-05:00,IdeState,Inactive,,*,-1,-1
2024-11-06T21:17:31.503-05:00,IdeState,Inactive,,*,-1,-1
2024-11-06T21:17:32.506-05:00,IdeState,Inactive,,*,-1,-1
2024-11-06T21:17:33.507-05:00,IdeState,Inactive,,*,-1,-1
2024-11-06T21:17:34.509-05:00,IdeState,Inactive,,*,-1,-1
2024-11-06T21:17:35.509-05:00,IdeState,Inactive,,*,-1,-1
2024-11-06T21:17:36.512-05:00,IdeState,Inactive,,*,-1,-1
2024-11-06T21:17:37.513-05:00,IdeState,Inactive,,*,-1,-1
2024-11-06T21:17:38.514-05:00,IdeState,Inactive,,*,-1,-1
2024-11-06T21:17:39.516-05:00,IdeState,Inactive,,*,-1,-1
2024-11-06T21:17:40.517-05:00,IdeState,Inactive,,*,-1,-1
2024-11-06T21:17:41.519-05:00,IdeState,Inactive,,*,-1,-1
2024-11-06T21:17:42.521-05:00,IdeState,Inactive,,*,-1,-1
2024-11-06T21:17:43.522-05:00,IdeState,Inactive,,*,-1,-1
2024-11-06T21:17:44.523-05:00,IdeState,Inactive,,*,-1,-1
2024-11-06T21:17:45.525-05:00,IdeState,Inactive,,*,-1,-1
2024-11-06T21:17:46.526-05:00,IdeState,Inactive,,*,-1,-1
2024-11-06T21:17:47.528-05:00,IdeState,Inactive,,*,-1,-1
2024-11-06T21:17:48.529-05:00,IdeState,Inactive,,*,-1,-1
2024-11-06T21:17:49.530-05:00,IdeState,Inactive,,*,-1,-1
2024-11-06T21:17:50.531-05:00,IdeState,Inactive,,*,-1,-1
2024-11-06T21:17:51.533-05:00,IdeState,Inactive,,*,-1,-1
2024-11-06T21:17:52.534-05:00,IdeState,Inactive,,*,-1,-1
2024-11-06T21:17:53.535-05:00,IdeState,Inactive,,*,-1,-1
2024-11-06T21:17:54.536-05:00,IdeState,Inactive,,*,-1,-1
2024-11-06T21:17:55.537-05:00,IdeState,Inactive,,*,-1,-1
2024-11-06T21:17:56.539-05:00,IdeState,Inactive,,*,-1,-1
2024-11-06T21:17:57.541-05:00,IdeState,Inactive,,*,-1,-1
2024-11-06T21:17:58.543-05:00,IdeState,Inactive,,*,-1,-1
2024-11-06T21:17:59.543-05:00,IdeState,Inactive,,*,-1,-1
2024-11-06T21:18:00.544-05:00,IdeState,Inactive,,*,-1,-1
2024-11-06T21:18:01.545-05:00,IdeState,Inactive,,*,-1,-1
2024-11-06T21:18:02.585-05:00,IdeState,Inactive,,*,-1,-1
2024-11-06T21:18:03.586-05:00,IdeState,Inactive,,*,-1,-1
2024-11-06T21:18:04.586-05:00,IdeState,Inactive,,*,-1,-1
2024-11-06T21:18:05.587-05:00,IdeState,Inactive,,*,-1,-1
2024-11-06T21:18:06.588-05:00,IdeState,Inactive,,*,-1,-1
2024-11-06T21:18:07.589-05:00,IdeState,Inactive,,*,-1,-1
2024-11-06T21:18:08.592-05:00,IdeState,Inactive,,*,-1,-1
2024-11-06T21:18:09.593-05:00,IdeState,Inactive,,*,-1,-1
2024-11-06T21:18:10.595-05:00,IdeState,Inactive,,*,-1,-1
2024-11-06T21:18:11.597-05:00,IdeState,Inactive,,*,-1,-1
2024-11-06T21:18:12.597-05:00,IdeState,Inactive,,*,-1,-1
2024-11-06T21:18:13.598-05:00,IdeState,Inactive,,*,-1,-1
2024-11-06T21:18:14.600-05:00,IdeState,Inactive,,*,-1,-1
2024-11-06T21:18:15.601-05:00,IdeState,Inactive,,*,-1,-1
2024-11-06T21:18:16.602-05:00,IdeState,Inactive,,*,-1,-1
2024-11-06T21:18:17.603-05:00,IdeState,Inactive,,*,-1,-1
2024-11-06T21:18:18.605-05:00,IdeState,Inactive,,*,-1,-1
2024-11-06T21:18:19.605-05:00,IdeState,Inactive,,*,-1,-1
2024-11-06T21:18:20.607-05:00,IdeState,Inactive,,*,-1,-1
2024-11-06T21:18:21.610-05:00,IdeState,Inactive,,*,-1,-1
2024-11-06T21:18:22.611-05:00,IdeState,Active,Project,pies.py,2,22
2024-11-06T21:18:23.613-05:00,IdeState,Inactive,,*,-1,-1
2024-11-06T21:18:24.614-05:00,IdeState,Inactive,,*,-1,-1
2024-11-06T21:18:25.615-05:00,IdeState,Inactive,,*,-1,-1
2024-11-06T21:18:26.616-05:00,IdeState,Inactive,,*,-1,-1
2024-11-06T21:18:27.618-05:00,IdeState,Inactive,,*,-1,-1
2024-11-06T21:18:28.619-05:00,IdeState,Inactive,,*,-1,-1
2024-11-06T21:18:29.620-05:00,IdeState,Inactive,,*,-1,-1
2024-11-06T21:18:30.621-05:00,IdeState,Inactive,,*,-1,-1
2024-11-06T21:18:31.623-05:00,IdeState,Inactive,,*,-1,-1
2024-11-06T21:18:32.625-05:00,IdeState,Inactive,,*,-1,-1
2024-11-06T21:18:33.627-05:00,IdeState,Inactive,,*,-1,-1
2024-11-06T21:18:34.629-05:00,IdeState,Inactive,,*,-1,-1
2024-11-06T21:18:35.630-05:00,IdeState,Inactive,,*,-1,-1
2024-11-06T21:18:36.631-05:00,IdeState,Inactive,,*,-1,-1
2024-11-06T21:18:37.633-05:00,IdeState,Inactive,,*,-1,-1
2024-11-06T21:18:38.635-05:00,IdeState,Inactive,,*,-1,-1
2024-11-06T21:18:39.635-05:00,IdeState,Inactive,,*,-1,-1
2024-11-06T21:18:40.637-05:00,IdeState,Inactive,,*,-1,-1
2024-11-06T21:18:41.639-05:00,IdeState,Inactive,,*,-1,-1
2024-11-06T21:18:42.640-05:00,IdeState,Inactive,,*,-1,-1
2024-11-06T21:18:43.641-05:00,IdeState,Inactive,,*,-1,-1
2024-11-06T21:18:44.643-05:00,IdeState,Inactive,,*,-1,-1
2024-11-06T21:18:45.645-05:00,IdeState,Inactive,,*,-1,-1
2024-11-06T21:18:46.645-05:00,IdeState,Inactive,,*,-1,-1
2024-11-06T21:18:47.646-05:00,IdeState,Inactive,,*,-1,-1
2024-11-06T21:18:48.648-05:00,IdeState,Inactive,,*,-1,-1
2024-11-06T21:18:49.649-05:00,IdeState,Inactive,,*,-1,-1
2024-11-06T21:18:50.652-05:00,IdeState,Inactive,,*,-1,-1
2024-11-06T21:18:51.653-05:00,IdeState,Inactive,,*,-1,-1
2024-11-06T21:18:52.656-05:00,IdeState,Inactive,,*,-1,-1
2024-11-06T21:18:53.657-05:00,IdeState,Inactive,,*,-1,-1
2024-11-06T21:18:54.658-05:00,IdeState,Inactive,,*,-1,-1
2024-11-06T21:18:55.659-05:00,IdeState,Inactive,,*,-1,-1
2024-11-06T21:18:56.662-05:00,IdeState,Inactive,,*,-1,-1
2024-11-06T21:18:57.662-05:00,IdeState,Inactive,,*,-1,-1
2024-11-06T21:18:58.664-05:00,IdeState,Inactive,,*,-1,-1
2024-11-06T21:18:59.665-05:00,IdeState,Inactive,,*,-1,-1
2024-11-06T21:19:00.668-05:00,IdeState,Inactive,,*,-1,-1
2024-11-06T21:19:01.670-05:00,IdeState,Inactive,,*,-1,-1
2024-11-06T21:19:02.673-05:00,IdeState,Inactive,,*,-1,-1
2024-11-06T21:19:03.673-05:00,IdeState,Inactive,,*,-1,-1
2024-11-06T21:19:04.676-05:00,IdeState,Inactive,,*,-1,-1
2024-11-06T21:19:05.678-05:00,IdeState,Inactive,,*,-1,-1
2024-11-06T21:19:06.679-05:00,IdeState,Inactive,,*,-1,-1
2024-11-06T21:19:07.681-05:00,IdeState,Inactive,,*,-1,-1
2024-11-06T21:19:08.682-05:00,IdeState,Inactive,,*,-1,-1
2024-11-06T21:19:09.683-05:00,IdeState,Inactive,,*,-1,-1
2024-11-06T21:19:10.684-05:00,IdeState,Inactive,,*,-1,-1
2024-11-06T21:19:11.685-05:00,IdeState,Inactive,,*,-1,-1
2024-11-06T21:19:12.687-05:00,IdeState,Inactive,,*,-1,-1
2024-11-06T21:19:13.687-05:00,IdeState,Inactive,,*,-1,-1
2024-11-06T21:19:14.689-05:00,IdeState,Inactive,,*,-1,-1
2024-11-06T21:19:15.692-05:00,IdeState,Inactive,,*,-1,-1
2024-11-06T21:19:16.694-05:00,IdeState,Inactive,,*,-1,-1
2024-11-06T21:19:17.694-05:00,IdeState,Inactive,,*,-1,-1
2024-11-06T21:19:18.695-05:00,IdeState,Inactive,,*,-1,-1
2024-11-06T21:19:19.696-05:00,IdeState,Inactive,,*,-1,-1
2024-11-06T21:19:20.697-05:00,IdeState,Inactive,,*,-1,-1
2024-11-06T21:19:21.699-05:00,IdeState,Inactive,,*,-1,-1
2024-11-06T21:19:22.700-05:00,IdeState,Inactive,,*,-1,-1
2024-11-06T21:19:23.701-05:00,IdeState,Inactive,,*,-1,-1
2024-11-06T21:19:24.703-05:00,IdeState,Inactive,,*,-1,-1
2024-11-06T21:19:25.704-05:00,IdeState,Inactive,,*,-1,-1
2024-11-06T21:19:26.705-05:00,IdeState,Inactive,,*,-1,-1
2024-11-06T21:19:27.707-05:00,IdeState,Inactive,,*,-1,-1
2024-11-06T21:19:28.707-05:00,IdeState,Inactive,,*,-1,-1
2024-11-06T21:19:29.709-05:00,IdeState,Inactive,,*,-1,-1
2024-11-06T21:19:30.710-05:00,IdeState,Inactive,,*,-1,-1
2024-11-06T21:19:31.712-05:00,IdeState,Inactive,,*,-1,-1
2024-11-06T21:19:32.713-05:00,IdeState,Inactive,,*,-1,-1
2024-11-06T21:19:33.714-05:00,IdeState,Inactive,,*,-1,-1
2024-11-06T21:19:34.716-05:00,IdeState,Inactive,,*,-1,-1
2024-11-06T21:19:35.718-05:00,IdeState,Inactive,,*,-1,-1
2024-11-06T21:19:36.720-05:00,IdeState,Inactive,,*,-1,-1
2024-11-06T21:19:37.721-05:00,IdeState,Inactive,,*,-1,-1
2024-11-06T21:19:38.722-05:00,IdeState,Inactive,,*,-1,-1
2024-11-06T21:19:39.724-05:00,IdeState,Inactive,,*,-1,-1
2024-11-06T21:19:40.726-05:00,IdeState,Inactive,,*,-1,-1
2024-11-06T21:19:41.728-05:00,IdeState,Inactive,,*,-1,-1
2024-11-06T21:19:42.730-05:00,IdeState,Inactive,,*,-1,-1
2024-11-06T21:19:43.731-05:00,IdeState,Inactive,,*,-1,-1
2024-11-06T21:19:44.733-05:00,IdeState,Inactive,,*,-1,-1
2024-11-06T21:19:45.734-05:00,IdeState,Inactive,,*,-1,-1
2024-11-06T21:19:46.735-05:00,IdeState,Inactive,,*,-1,-1
2024-11-06T21:19:47.736-05:00,IdeState,Inactive,,*,-1,-1
2024-11-06T21:19:48.738-05:00,IdeState,Inactive,,*,-1,-1
2024-11-06T21:19:49.738-05:00,IdeState,Inactive,,*,-1,-1
2024-11-06T21:19:50.739-05:00,IdeState,Inactive,,*,-1,-1
2024-11-06T21:19:51.740-05:00,IdeState,Inactive,,*,-1,-1
2024-11-06T21:19:52.742-05:00,IdeState,Inactive,,*,-1,-1
2024-11-06T21:19:53.743-05:00,IdeState,Inactive,,*,-1,-1
2024-11-06T21:19:54.745-05:00,IdeState,Inactive,,*,-1,-1
2024-11-06T21:19:55.747-05:00,IdeState,Inactive,,*,-1,-1
2024-11-06T21:19:56.748-05:00,IdeState,Inactive,,*,-1,-1
2024-11-06T21:19:57.750-05:00,IdeState,Inactive,,*,-1,-1
2024-11-06T21:19:58.753-05:00,IdeState,Inactive,,*,-1,-1
2024-11-06T21:19:59.756-05:00,IdeState,Inactive,,*,-1,-1
2024-11-06T21:20:00.757-05:00,IdeState,Inactive,,*,-1,-1
2024-11-06T21:20:01.759-05:00,IdeState,Inactive,,*,-1,-1
2024-11-06T21:20:02.760-05:00,IdeState,Inactive,,*,-1,-1
2024-11-06T21:20:03.761-05:00,IdeState,Inactive,,*,-1,-1
2024-11-06T21:20:04.763-05:00,IdeState,Inactive,,*,-1,-1
2024-11-06T21:20:05.765-05:00,IdeState,Inactive,,*,-1,-1
2024-11-06T21:20:06.767-05:00,IdeState,Inactive,,*,-1,-1
2024-11-06T21:20:07.768-05:00,IdeState,Inactive,,*,-1,-1
2024-11-06T21:20:08.769-05:00,IdeState,Inactive,,*,-1,-1
2024-11-06T21:20:09.770-05:00,IdeState,Inactive,,*,-1,-1
2024-11-06T21:20:10.771-05:00,IdeState,Inactive,,*,-1,-1
2024-11-06T21:20:11.773-05:00,IdeState,Inactive,,*,-1,-1
2024-11-06T21:20:12.774-05:00,IdeState,Inactive,,*,-1,-1
2024-11-06T21:20:13.775-05:00,IdeState,Inactive,,*,-1,-1
2024-11-06T21:20:14.776-05:00,IdeState,Inactive,,*,-1,-1
2024-11-06T21:20:15.778-05:00,IdeState,Inactive,,*,-1,-1
2024-11-06T21:20:16.779-05:00,IdeState,Inactive,,*,-1,-1
2024-11-06T21:20:17.780-05:00,IdeState,Inactive,,*,-1,-1
2024-11-06T21:20:18.780-05:00,IdeState,Inactive,,*,-1,-1
2024-11-06T21:20:19.782-05:00,IdeState,Inactive,,*,-1,-1
2024-11-06T21:20:20.783-05:00,IdeState,Inactive,,*,-1,-1
2024-11-06T21:20:21.785-05:00,IdeState,Inactive,,*,-1,-1
2024-11-06T21:20:22.786-05:00,IdeState,Inactive,,*,-1,-1
2024-11-06T21:20:23.787-05:00,IdeState,Inactive,,*,-1,-1
2024-11-06T21:20:24.788-05:00,IdeState,Inactive,,*,-1,-1
2024-11-06T21:20:25.789-05:00,IdeState,Inactive,,*,-1,-1
2024-11-06T21:20:26.791-05:00,IdeState,Inactive,,*,-1,-1
2024-11-06T21:20:27.791-05:00,IdeState,Inactive,,*,-1,-1
2024-11-06T21:20:28.793-05:00,IdeState,Inactive,,*,-1,-1
2024-11-06T21:20:29.793-05:00,IdeState,Inactive,,*,-1,-1
2024-11-06T21:20:30.794-05:00,IdeState,Inactive,,*,-1,-1
2024-11-06T21:20:31.795-05:00,IdeState,Inactive,,*,-1,-1
2024-11-06T21:20:32.797-05:00,IdeState,Inactive,,*,-1,-1
2024-11-06T21:20:33.798-05:00,IdeState,Inactive,,*,-1,-1
2024-11-06T21:20:34.799-05:00,IdeState,Inactive,,*,-1,-1
2024-11-06T21:20:35.800-05:00,IdeState,Inactive,,*,-1,-1
2024-11-06T21:20:36.802-05:00,IdeState,Active,Project,pies.py,2,22
2024-11-06T21:20:37.804-05:00,IdeState,Inactive,,*,-1,-1
2024-11-06T21:20:38.805-05:00,IdeState,Inactive,,*,-1,-1
2024-11-06T21:20:39.806-05:00,IdeState,Inactive,,*,-1,-1
2024-11-06T21:20:40.808-05:00,IdeState,Inactive,,*,-1,-1
2024-11-06T21:20:41.809-05:00,IdeState,Inactive,,*,-1,-1
2024-11-06T21:20:42.811-05:00,IdeState,Active,Project,pies.py,2,22
2024-11-06T21:20:43.812-05:00,IdeState,Active,Project,pies.py,2,22
2024-11-06T21:20:44.813-05:00,IdeState,Active,Project,pies.py,2,22
2024-11-06T21:20:45.814-05:00,IdeState,Active,Project,pies.py,2,22
2024-11-06T21:20:46.815-05:00,IdeState,Active,Popup,pies.py,2,22
2024-11-06T21:20:47.824-05:00,IdeState,Active,Popup,*,0,0
2024-11-06T21:20:48.826-05:00,IdeState,Active,Popup,*,0,0
2024-11-06T21:20:49.829-05:00,IdeState,Active,Popup,*,0,0
2024-11-06T21:20:50.831-05:00,IdeState,Active,Popup,*,0,0
2024-11-06T21:20:51.833-05:00,IdeState,Active,Popup,*,0,0
2024-11-06T21:20:52.835-05:00,IdeState,Active,Popup,*,0,0
2024-11-06T21:20:53.836-05:00,IdeState,Active,Popup,*,0,0
2024-11-06T21:20:54.837-05:00,IdeState,Active,Popup,*,0,0
2024-11-06T21:20:55.840-05:00,IdeState,Active,Popup,*,0,0
2024-11-06T21:20:56.842-05:00,IdeState,Active,Popup,*,0,0
2024-11-06T21:20:57.843-05:00,IdeState,Active,Popup,*,0,0
2024-11-06T21:20:58.844-05:00,IdeState,Active,Popup,*,0,0
2024-11-06T21:20:59.845-05:00,IdeState,Active,Popup,*,0,0
2024-11-06T21:21:00.846-05:00,IdeState,Active,Popup,*,0,0
2024-11-06T21:21:01.847-05:00,IdeState,Active,Popup,*,0,0
2024-11-06T21:21:02.849-05:00,IdeState,Active,Popup,*,0,0
2024-11-06T21:21:03.850-05:00,IdeState,Active,Popup,*,0,0
2024-11-06T21:21:05.191-05:00,Execution,Run:'com.intellij.ide.actions.runAnything.execution.RunAnythingRunProfile@554c51a0':C:\Python\Python312\Scripts\pip.exe install -r requirements.txt,Popup,*,0,0
2024-11-06T21:21:05.204-05:00,IdeState,Active,Popup,*,0,0
2024-11-06T21:21:06.205-05:00,IdeState,Active,Popup,*,0,0
2024-11-06T21:21:07.207-05:00,IdeState,Active,Popup,*,0,0
2024-11-06T21:21:08.209-05:00,IdeState,Active,Popup,*,0,0
2024-11-06T21:21:09.380-05:00,Execution,Run:'com.intellij.ide.actions.runAnything.execution.RunAnythingRunProfile@44858814':C:\Python\Python312\Scripts\pip.exe install -r dev-requirements.txt,Popup,*,0,0
2024-11-06T21:21:09.381-05:00,IdeState,Active,Popup,*,0,0
2024-11-06T21:21:10.383-05:00,IdeState,Active,Popup,*,0,0
2024-11-06T21:21:11.384-05:00,IdeState,Active,Popup,*,0,0
2024-11-06T21:21:12.385-05:00,IdeState,Active,Popup,*,0,0
2024-11-06T21:21:13.316-05:00,Execution,Run:'com.intellij.ide.actions.runAnything.execution.RunAnythingRunProfile@7ceeed56':C:\Python\Python312\Scripts\pip.exe install -r test-requirements.txt,Popup,*,0,0
2024-11-06T21:21:13.386-05:00,IdeState,Active,Popup,*,0,0
2024-11-06T21:21:14.386-05:00,IdeState,Active,Popup,*,0,0
2024-11-06T21:21:15.387-05:00,IdeState,Active,Popup,*,0,0
2024-11-06T21:21:16.387-05:00,IdeState,Active,Popup,*,0,0
2024-11-06T21:21:17.388-05:00,IdeState,Active,Popup,*,0,0
2024-11-06T21:21:18.390-05:00,IdeState,Active,Popup,*,0,0
2024-11-06T21:21:19.390-05:00,IdeState,Active,Popup,*,0,0
2024-11-06T21:21:20.393-05:00,IdeState,Active,Popup,*,0,0
2024-11-06T21:21:21.393-05:00,IdeState,Active,Popup,*,0,0
2024-11-06T21:21:22.395-05:00,IdeState,Active,Popup,*,0,0
2024-11-06T21:21:23.395-05:00,IdeState,Active,Popup,*,0,0
2024-11-06T21:21:24.396-05:00,IdeState,Active,Popup,*,0,0
2024-11-06T21:21:25.397-05:00,IdeState,Active,Popup,*,0,0
2024-11-06T21:21:26.398-05:00,IdeState,Active,Popup,*,0,0
2024-11-06T21:21:27.398-05:00,IdeState,Active,Popup,*,0,0
2024-11-06T21:21:28.399-05:00,IdeState,Active,Popup,*,0,0
2024-11-06T21:21:29.399-05:00,IdeState,Active,Popup,*,0,0
2024-11-06T21:21:30.400-05:00,IdeState,Active,Popup,*,0,0
2024-11-06T21:21:31.401-05:00,IdeState,Active,Popup,*,0,0
2024-11-06T21:21:32.403-05:00,IdeState,Active,Popup,*,0,0
2024-11-06T21:21:33.404-05:00,IdeState,Active,Popup,*,0,0
2024-11-06T21:21:34.405-05:00,IdeState,Active,Popup,*,0,0
2024-11-06T21:21:35.405-05:00,IdeState,Active,Popup,*,0,0
2024-11-06T21:21:36.408-05:00,IdeState,Active,Popup,*,0,0
2024-11-06T21:21:37.409-05:00,IdeState,Active,Popup,*,0,0
2024-11-06T21:21:38.411-05:00,IdeState,Active,Popup,*,0,0
2024-11-06T21:21:39.411-05:00,IdeState,Active,Popup,*,0,0
2024-11-06T21:21:40.412-05:00,IdeState,Active,Popup,*,0,0
2024-11-06T21:21:41.413-05:00,IdeState,Active,Popup,*,0,0
2024-11-06T21:21:42.414-05:00,IdeState,Active,Popup,*,0,0
2024-11-06T21:21:43.416-05:00,IdeState,Active,Popup,*,0,0
2024-11-06T21:21:44.418-05:00,IdeState,Active,Popup,*,0,0
2024-11-06T21:21:45.421-05:00,IdeState,Active,Popup,*,0,0
2024-11-06T21:21:46.423-05:00,IdeState,Active,Popup,*,0,0
2024-11-06T21:21:47.425-05:00,IdeState,Active,Popup,*,0,0
2024-11-06T21:21:48.426-05:00,IdeState,Active,Popup,*,0,0
2024-11-06T21:21:49.428-05:00,IdeState,Active,Popup,*,0,0
2024-11-06T21:21:50.428-05:00,IdeState,Active,Popup,*,0,0
2024-11-06T21:21:51.429-05:00,IdeState,Active,Popup,*,0,0
2024-11-06T21:21:52.431-05:00,IdeState,Active,Popup,*,0,0
2024-11-06T21:21:53.433-05:00,IdeState,Active,Popup,*,0,0
2024-11-06T21:21:54.435-05:00,IdeState,Active,Popup,*,0,0
2024-11-06T21:21:55.437-05:00,IdeState,Active,Popup,*,0,0
2024-11-06T21:21:56.438-05:00,IdeState,Active,Popup,*,0,0
2024-11-06T21:21:57.439-05:00,IdeState,Active,Popup,*,0,0
2024-11-06T21:21:58.440-05:00,IdeState,Active,Popup,*,0,0
2024-11-06T21:21:59.441-05:00,IdeState,Active,Popup,*,0,0
2024-11-06T21:22:00.443-05:00,IdeState,Active,Popup,*,0,0
2024-11-06T21:22:01.444-05:00,IdeState,Inactive,,*,-1,-1
2024-11-06T21:22:02.446-05:00,IdeState,Inactive,,*,-1,-1
2024-11-06T21:22:03.447-05:00,IdeState,Inactive,,*,-1,-1
2024-11-06T21:22:04.449-05:00,IdeState,Inactive,,*,-1,-1
2024-11-06T21:22:05.450-05:00,IdeState,Inactive,,*,-1,-1
2024-11-06T21:22:06.452-05:00,IdeState,Inactive,,*,-1,-1
2024-11-06T21:22:07.453-05:00,IdeState,Inactive,,*,-1,-1
2024-11-06T21:22:08.454-05:00,IdeState,Inactive,,*,-1,-1
2024-11-06T21:22:09.455-05:00,IdeState,Inactive,,*,-1,-1
2024-11-06T21:22:10.456-05:00,IdeState,Inactive,,*,-1,-1
2024-11-06T21:22:11.457-05:00,IdeState,Inactive,,*,-1,-1
2024-11-06T21:22:12.459-05:00,IdeState,Inactive,,*,-1,-1
2024-11-06T21:22:13.461-05:00,IdeState,Inactive,,*,-1,-1
2024-11-06T21:22:14.462-05:00,IdeState,Inactive,,*,-1,-1
2024-11-06T21:22:15.465-05:00,IdeState,Inactive,,*,-1,-1
2024-11-06T21:22:16.466-05:00,IdeState,Inactive,,*,-1,-1
2024-11-06T21:22:17.467-05:00,IdeState,Inactive,,*,-1,-1
2024-11-06T21:22:18.468-05:00,IdeState,Inactive,,*,-1,-1
2024-11-06T21:22:19.469-05:00,IdeState,Inactive,,*,-1,-1
2024-11-06T21:22:20.470-05:00,IdeState,Inactive,,*,-1,-1
2024-11-06T21:22:21.471-05:00,IdeState,Inactive,,*,-1,-1
2024-11-06T21:22:22.473-05:00,IdeState,Inactive,,*,-1,-1
2024-11-06T21:22:23.474-05:00,IdeState,Inactive,,*,-1,-1
2024-11-06T21:22:24.476-05:00,IdeState,Inactive,,*,-1,-1
2024-11-06T21:22:25.478-05:00,IdeState,Active,Popup,*,0,0
2024-11-06T21:22:26.480-05:00,IdeState,Active,Popup,*,0,0
2024-11-06T21:22:27.487-05:00,IdeState,Active,Popup,*,0,0
2024-11-06T21:22:28.489-05:00,IdeState,Active,Popup,*,0,0
2024-11-06T21:22:29.490-05:00,IdeState,Active,Popup,*,0,0
2024-11-06T21:22:30.491-05:00,IdeState,Active,Popup,*,0,0
2024-11-06T21:22:31.493-05:00,IdeState,Active,Popup,*,0,0
2024-11-06T21:22:32.495-05:00,IdeState,Active,Popup,*,0,0
2024-11-06T21:22:33.496-05:00,IdeState,Active,Popup,*,0,0
2024-11-06T21:22:34.497-05:00,IdeState,Active,Popup,*,0,0
2024-11-06T21:22:35.500-05:00,IdeState,Active,Popup,*,0,0
2024-11-06T21:22:36.502-05:00,IdeState,Active,Popup,*,0,0
2024-11-06T21:22:37.504-05:00,IdeState,Active,Popup,*,0,0
2024-11-06T21:22:38.505-05:00,IdeState,Active,Popup,*,0,0
2024-11-06T21:22:39.506-05:00,IdeState,Active,Popup,*,0,0
2024-11-06T21:22:40.507-05:00,IdeState,Active,Popup,*,0,0
2024-11-06T21:22:41.515-05:00,IdeState,Active,Popup,*,0,0
2024-11-06T21:22:42.522-05:00,IdeState,Active,Popup,*,0,0
2024-11-06T21:22:43.523-05:00,IdeState,Active,Popup,*,0,0
2024-11-06T21:22:44.524-05:00,IdeState,Active,Popup,*,0,0
2024-11-06T21:22:45.526-05:00,IdeState,Active,Popup,*,0,0
2024-11-06T21:22:46.527-05:00,IdeState,Active,Popup,*,0,0
2024-11-06T21:22:47.529-05:00,IdeState,Active,Popup,*,0,0
2024-11-06T21:22:48.530-05:00,IdeState,Active,Popup,*,0,0
2024-11-06T21:22:49.531-05:00,IdeState,Active,Popup,*,0,0
2024-11-06T21:22:50.533-05:00,IdeState,Active,Popup,*,0,0
2024-11-06T21:22:51.535-05:00,IdeState,Active,Popup,*,0,0
2024-11-06T21:22:52.536-05:00,IdeState,Active,Popup,*,0,0
2024-11-06T21:22:53.537-05:00,IdeState,Active,Popup,*,0,0
2024-11-06T21:22:54.538-05:00,IdeState,Active,Popup,*,0,0
2024-11-06T21:22:55.539-05:00,IdeState,Active,Popup,*,0,0
2024-11-06T21:22:56.541-05:00,IdeState,Active,Popup,*,0,0
2024-11-06T21:22:57.543-05:00,IdeState,Active,Popup,*,0,0
2024-11-06T21:22:58.544-05:00,IdeState,Active,Popup,*,0,0
2024-11-06T21:22:59.547-05:00,IdeState,Active,Popup,*,0,0
2024-11-06T21:23:00.550-05:00,IdeState,Active,Popup,*,0,0
2024-11-06T21:23:01.550-05:00,IdeState,Active,Popup,*,0,0
2024-11-06T21:23:02.553-05:00,IdeState,Active,Popup,*,0,0
2024-11-06T21:23:03.553-05:00,IdeState,Active,Popup,*,0,0
2024-11-06T21:23:04.555-05:00,IdeState,Active,Popup,*,0,0
2024-11-06T21:23:05.556-05:00,IdeState,Active,Popup,*,0,0
2024-11-06T21:23:06.557-05:00,IdeState,Active,Popup,*,0,0
2024-11-06T21:23:07.559-05:00,IdeState,Active,Popup,*,0,0
2024-11-06T21:23:08.561-05:00,IdeState,Active,Popup,*,0,0
2024-11-06T21:23:09.563-05:00,IdeState,Active,Popup,*,0,0
2024-11-06T21:23:10.565-05:00,IdeState,Active,Popup,*,0,0
2024-11-06T21:23:11.567-05:00,IdeState,Active,Popup,*,0,0
2024-11-06T21:23:12.568-05:00,IdeState,Active,Popup,*,0,0
2024-11-06T21:23:13.568-05:00,IdeState,Active,Popup,*,0,0
2024-11-06T21:23:14.569-05:00,IdeState,Active,Popup,*,0,0
2024-11-06T21:23:15.570-05:00,IdeState,Active,Popup,*,0,0
2024-11-06T21:23:16.573-05:00,IdeState,Active,Popup,*,0,0
2024-11-06T21:23:17.575-05:00,IdeState,Active,Popup,*,0,0
2024-11-06T21:23:18.576-05:00,IdeState,Active,Popup,*,0,0
2024-11-06T21:23:19.579-05:00,IdeState,Active,Popup,*,0,0
2024-11-06T21:23:20.579-05:00,IdeState,Active,Popup,*,0,0
2024-11-06T21:23:21.583-05:00,IdeState,Active,Popup,*,0,0
2024-11-06T21:23:22.584-05:00,IdeState,Active,Popup,*,0,0
2024-11-06T21:23:23.586-05:00,IdeState,Active,Popup,*,0,0
2024-11-06T21:23:24.587-05:00,IdeState,Active,Popup,*,0,0
2024-11-06T21:23:25.588-05:00,IdeState,Active,Popup,*,0,0
2024-11-06T21:23:26.590-05:00,IdeState,Active,Popup,*,0,0
2024-11-06T21:23:27.591-05:00,IdeState,Active,Popup,*,0,0
2024-11-06T21:23:28.593-05:00,IdeState,Active,Popup,*,0,0
2024-11-06T21:23:29.594-05:00,IdeState,Active,Popup,*,0,0
2024-11-06T21:23:30.595-05:00,IdeState,Active,Popup,*,0,0
2024-11-06T21:23:31.597-05:00,IdeState,Active,Popup,*,0,0
2024-11-06T21:23:32.599-05:00,IdeState,Active,Popup,*,0,0
2024-11-06T21:23:33.600-05:00,IdeState,Active,Popup,*,0,0
2024-11-06T21:23:34.602-05:00,IdeState,Active,Popup,*,0,0
2024-11-06T21:23:35.603-05:00,IdeState,Active,Popup,*,0,0
2024-11-06T21:23:36.604-05:00,IdeState,Active,Popup,*,0,0
2024-11-06T21:23:37.604-05:00,IdeState,Active,Popup,*,0,0
2024-11-06T21:23:38.606-05:00,IdeState,Active,Popup,*,0,0
2024-11-06T21:23:39.611-05:00,IdeState,Inactive,,*,-1,-1
2024-11-06T21:23:40.613-05:00,IdeState,Inactive,,*,-1,-1
2024-11-06T21:23:41.614-05:00,IdeState,Inactive,,*,-1,-1
2024-11-06T21:23:42.615-05:00,IdeState,Inactive,,*,-1,-1
2024-11-06T21:23:43.616-05:00,IdeState,Inactive,,*,-1,-1
2024-11-06T21:23:44.618-05:00,IdeState,Inactive,,*,-1,-1
2024-11-06T21:23:45.620-05:00,IdeState,Inactive,,*,-1,-1
2024-11-06T21:23:46.621-05:00,IdeState,Inactive,,*,-1,-1
2024-11-06T21:23:47.623-05:00,IdeState,Inactive,,*,-1,-1
2024-11-06T21:23:48.625-05:00,IdeState,Inactive,,*,-1,-1
2024-11-06T21:23:49.626-05:00,IdeState,Inactive,,*,-1,-1
2024-11-06T21:23:50.628-05:00,IdeState,Inactive,,*,-1,-1
2024-11-06T21:23:51.629-05:00,IdeState,Inactive,,*,-1,-1
2024-11-06T21:23:52.630-05:00,IdeState,Inactive,,*,-1,-1
2024-11-06T21:23:53.631-05:00,IdeState,Inactive,,*,-1,-1
2024-11-06T21:23:54.633-05:00,IdeState,Inactive,,*,-1,-1
2024-11-06T21:23:55.634-05:00,IdeState,Inactive,,*,-1,-1
2024-11-06T21:23:56.635-05:00,IdeState,Inactive,,*,-1,-1
2024-11-06T21:23:57.636-05:00,IdeState,Inactive,,*,-1,-1
2024-11-06T21:23:58.639-05:00,IdeState,Inactive,,*,-1,-1
2024-11-06T21:23:59.641-05:00,IdeState,Inactive,,*,-1,-1
2024-11-06T21:24:00.641-05:00,IdeState,Inactive,,*,-1,-1
2024-11-06T21:24:01.643-05:00,IdeState,Inactive,,*,-1,-1
2024-11-06T21:24:02.647-05:00,IdeState,Inactive,,*,-1,-1
2024-11-06T21:24:03.648-05:00,IdeState,Inactive,,*,-1,-1
2024-11-06T21:24:04.648-05:00,IdeState,Inactive,,*,-1,-1
2024-11-06T21:24:05.649-05:00,IdeState,Inactive,,*,-1,-1
2024-11-06T21:24:06.651-05:00,IdeState,Inactive,,*,-1,-1
2024-11-06T21:24:07.653-05:00,IdeState,Inactive,,*,-1,-1
2024-11-06T21:24:08.654-05:00,IdeState,Inactive,,*,-1,-1
2024-11-06T21:24:09.654-05:00,IdeState,Inactive,,*,-1,-1
2024-11-06T21:24:10.656-05:00,IdeState,Inactive,,*,-1,-1
2024-11-06T21:24:11.657-05:00,IdeState,Inactive,,*,-1,-1
2024-11-06T21:24:12.658-05:00,IdeState,Inactive,,*,-1,-1
2024-11-06T21:24:13.660-05:00,IdeState,Inactive,,*,-1,-1
2024-11-06T21:24:14.661-05:00,IdeState,Inactive,,*,-1,-1
2024-11-06T21:24:15.661-05:00,IdeState,Inactive,,*,-1,-1
2024-11-06T21:24:16.663-05:00,IdeState,Inactive,,*,-1,-1
2024-11-06T21:24:17.664-05:00,IdeState,Inactive,,*,-1,-1
2024-11-06T21:24:18.665-05:00,IdeState,Inactive,,*,-1,-1
2024-11-06T21:24:19.668-05:00,IdeState,Inactive,,*,-1,-1
2024-11-06T21:24:20.673-05:00,IdeState,Inactive,,*,-1,-1
2024-11-06T21:24:21.674-05:00,IdeState,Inactive,,*,-1,-1
2024-11-06T21:24:22.675-05:00,IdeState,Inactive,,*,-1,-1
2024-11-06T21:24:23.675-05:00,IdeState,Inactive,,*,-1,-1
2024-11-06T21:24:24.677-05:00,IdeState,Inactive,,*,-1,-1
2024-11-06T21:24:25.679-05:00,IdeState,Active,Popup,*,0,0
2024-11-06T21:24:26.680-05:00,IdeState,Active,Popup,*,0,0
2024-11-06T21:24:27.682-05:00,IdeState,Active,Popup,*,0,0
2024-11-06T21:24:28.682-05:00,IdeState,Active,Popup,*,0,0
2024-11-06T21:24:29.683-05:00,IdeState,Active,Popup,*,0,0
2024-11-06T21:24:30.684-05:00,IdeState,Active,Popup,*,0,0
2024-11-06T21:24:31.686-05:00,IdeState,Active,Popup,*,0,0
2024-11-06T21:24:32.687-05:00,IdeState,Active,Popup,*,0,0
2024-11-06T21:24:33.687-05:00,IdeState,Active,Editor,*,0,0
2024-11-06T21:24:34.688-05:00,IdeState,Active,Popup,*,0,0
2024-11-06T21:24:35.688-05:00,IdeState,Active,Popup,*,0,0
2024-11-06T21:24:36.689-05:00,IdeState,Active,Popup,*,0,0
2024-11-06T21:24:37.690-05:00,IdeState,Active,Popup,*,0,0
2024-11-06T21:24:38.692-05:00,IdeState,Active,Popup,*,0,0
2024-11-06T21:24:39.694-05:00,IdeState,Active,Terminal,*,0,0
2024-11-06T21:24:40.695-05:00,IdeState,Active,Terminal,*,0,0
2024-11-06T21:24:41.696-05:00,IdeState,Active,Terminal,*,0,0
2024-11-06T21:24:42.697-05:00,IdeState,Active,Terminal,*,0,0
2024-11-06T21:24:43.699-05:00,IdeState,Active,Terminal,*,0,0
2024-11-06T21:24:44.701-05:00,IdeState,Active,Terminal,*,0,0
2024-11-06T21:24:45.703-05:00,IdeState,Active,Terminal,*,0,0
2024-11-06T21:24:46.704-05:00,IdeState,Active,Terminal,*,0,0
2024-11-06T21:24:47.705-05:00,IdeState,Active,Terminal,*,0,0
2024-11-06T21:24:48.706-05:00,IdeState,Active,Terminal,*,0,0
2024-11-06T21:24:49.707-05:00,IdeState,Active,Terminal,*,0,0
2024-11-06T21:24:50.708-05:00,IdeState,Active,Terminal,*,0,0
2024-11-06T21:24:51.710-05:00,IdeState,Active,Terminal,*,0,0
2024-11-06T21:24:52.711-05:00,IdeState,Active,Terminal,*,0,0
2024-11-06T21:24:53.712-05:00,IdeState,Active,Terminal,*,0,0
2024-11-06T21:24:54.714-05:00,IdeState,Active,Terminal,*,0,0
2024-11-06T21:24:55.716-05:00,IdeState,Active,Terminal,*,0,0
2024-11-06T21:24:56.718-05:00,IdeState,Active,Terminal,*,0,0
2024-11-06T21:24:57.718-05:00,IdeState,Active,Terminal,*,0,0
2024-11-06T21:24:58.719-05:00,IdeState,Active,Terminal,*,0,0
2024-11-06T21:24:59.721-05:00,IdeState,Active,Terminal,*,0,0
2024-11-06T21:25:00.723-05:00,IdeState,Active,Terminal,*,0,0
2024-11-06T21:25:01.725-05:00,IdeState,Active,Terminal,*,0,0
2024-11-06T21:25:02.726-05:00,IdeState,Active,Terminal,*,0,0
2024-11-06T21:25:03.727-05:00,IdeState,Active,Terminal,*,0,0
2024-11-06T21:25:04.728-05:00,IdeState,Active,Terminal,*,0,0
2024-11-06T21:25:05.729-05:00,IdeState,Active,Terminal,*,0,0
2024-11-06T21:25:06.732-05:00,IdeState,Active,Terminal,*,0,0
2024-11-06T21:25:07.733-05:00,IdeState,Active,Terminal,*,0,0
2024-11-06T21:25:08.734-05:00,IdeState,Inactive,,*,-1,-1
2024-11-06T21:25:09.735-05:00,IdeState,Inactive,,*,-1,-1
2024-11-06T21:25:10.735-05:00,IdeState,Inactive,,*,-1,-1
2024-11-06T21:25:11.737-05:00,IdeState,Inactive,,*,-1,-1
2024-11-06T21:25:12.738-05:00,IdeState,Inactive,,*,-1,-1
2024-11-06T21:25:13.738-05:00,IdeState,Inactive,,*,-1,-1
2024-11-06T21:25:14.741-05:00,IdeState,Inactive,,*,-1,-1
2024-11-06T21:25:15.743-05:00,IdeState,Inactive,,*,-1,-1
2024-11-06T21:25:16.744-05:00,IdeState,Inactive,,*,-1,-1
2024-11-06T21:25:17.746-05:00,IdeState,Inactive,,*,-1,-1
2024-11-06T21:25:18.746-05:00,IdeState,Inactive,,*,-1,-1
2024-11-06T21:25:19.749-05:00,IdeState,Inactive,,*,-1,-1
2024-11-06T21:25:20.751-05:00,IdeState,Inactive,,*,-1,-1
2024-11-06T21:25:21.751-05:00,IdeState,Inactive,,*,-1,-1
2024-11-06T21:25:22.754-05:00,IdeState,Inactive,,*,-1,-1
2024-11-06T21:25:23.754-05:00,IdeState,Inactive,,*,-1,-1
2024-11-06T21:25:24.756-05:00,IdeState,Inactive,,*,-1,-1
2024-11-06T21:25:25.757-05:00,IdeState,Inactive,,*,-1,-1
2024-11-06T21:25:26.758-05:00,IdeState,Inactive,,*,-1,-1
2024-11-06T21:25:27.760-05:00,IdeState,Inactive,,*,-1,-1
2024-11-06T21:25:28.761-05:00,IdeState,Inactive,,*,-1,-1
2024-11-06T21:25:29.764-05:00,IdeState,Inactive,,*,-1,-1
2024-11-06T21:25:30.765-05:00,IdeState,Inactive,,*,-1,-1
2024-11-06T21:25:31.767-05:00,IdeState,Inactive,,*,-1,-1
2024-11-06T21:25:32.768-05:00,IdeState,Inactive,,*,-1,-1
2024-11-06T21:25:33.769-05:00,IdeState,Inactive,,*,-1,-1
2024-11-06T21:25:34.770-05:00,IdeState,Inactive,,*,-1,-1
2024-11-06T21:25:35.771-05:00,IdeState,Inactive,,*,-1,-1
2024-11-06T21:25:36.773-05:00,IdeState,Inactive,,*,-1,-1
2024-11-06T21:25:37.773-05:00,IdeState,Inactive,,*,-1,-1
2024-11-06T21:25:38.774-05:00,IdeState,Inactive,,*,-1,-1
2024-11-06T21:25:39.776-05:00,IdeState,Inactive,,*,-1,-1
2024-11-06T21:25:40.777-05:00,IdeState,Inactive,,*,-1,-1
2024-11-06T21:25:41.779-05:00,IdeState,Inactive,,*,-1,-1
2024-11-06T21:25:42.781-05:00,IdeState,Inactive,,*,-1,-1
2024-11-06T21:25:43.781-05:00,IdeState,Inactive,,*,-1,-1
2024-11-06T21:25:44.784-05:00,IdeState,Inactive,,*,-1,-1
2024-11-06T21:25:45.785-05:00,IdeState,Inactive,,*,-1,-1
2024-11-06T21:25:46.786-05:00,IdeState,Inactive,,*,-1,-1
2024-11-06T21:25:47.787-05:00,IdeState,Inactive,,*,-1,-1
2024-11-06T21:25:48.788-05:00,IdeState,Inactive,,*,-1,-1
2024-11-06T21:25:49.789-05:00,IdeState,Inactive,,*,-1,-1
2024-11-06T21:25:50.790-05:00,IdeState,Inactive,,*,-1,-1
2024-11-06T21:25:51.791-05:00,IdeState,Inactive,,*,-1,-1
2024-11-06T21:25:52.793-05:00,IdeState,Inactive,,*,-1,-1
2024-11-06T21:25:53.794-05:00,IdeState,Active,Terminal,*,0,0
2024-11-06T21:25:54.795-05:00,IdeState,Active,Terminal,*,0,0
2024-11-06T21:25:55.797-05:00,IdeState,Active,Terminal,*,0,0
2024-11-06T21:25:56.798-05:00,IdeState,Active,Terminal,*,0,0
2024-11-06T21:25:57.800-05:00,IdeState,Active,Terminal,*,0,0
2024-11-06T21:25:58.800-05:00,IdeState,Active,Terminal,*,0,0
2024-11-06T21:25:59.803-05:00,IdeState,Active,Terminal,*,0,0
2024-11-06T21:26:00.804-05:00,IdeState,Active,Terminal,*,0,0
2024-11-06T21:26:01.805-05:00,IdeState,Active,Terminal,*,0,0
2024-11-06T21:26:02.807-05:00,IdeState,Active,Terminal,*,0,0
2024-11-06T21:26:03.808-05:00,IdeState,Active,Terminal,*,0,0
2024-11-06T21:26:04.809-05:00,IdeState,Active,Terminal,*,0,0
2024-11-06T21:26:05.811-05:00,IdeState,Active,Terminal,*,0,0
2024-11-06T21:26:06.813-05:00,IdeState,Active,Terminal,*,0,0
2024-11-06T21:26:07.815-05:00,IdeState,Active,Terminal,*,0,0
2024-11-06T21:26:08.816-05:00,IdeState,Active,Terminal,*,0,0
2024-11-06T21:26:09.816-05:00,IdeState,Active,Terminal,*,0,0
2024-11-06T21:26:10.818-05:00,IdeState,Active,Terminal,*,0,0
2024-11-06T21:26:11.819-05:00,IdeState,Active,Terminal,*,0,0
2024-11-06T21:26:12.822-05:00,IdeState,Active,Terminal,*,0,0
2024-11-06T21:26:13.823-05:00,IdeState,Active,Terminal,*,0,0
2024-11-06T21:26:14.823-05:00,IdeState,Active,Terminal,*,0,0
2024-11-06T21:26:15.826-05:00,IdeState,Active,Terminal,*,0,0
2024-11-06T21:26:16.829-05:00,IdeState,Active,Terminal,*,0,0
2024-11-06T21:26:17.829-05:00,IdeState,Active,Terminal,*,0,0
2024-11-06T21:26:18.830-05:00,IdeState,Active,Terminal,*,0,0
2024-11-06T21:26:19.833-05:00,IdeState,Active,Terminal,*,0,0
2024-11-06T21:26:20.834-05:00,IdeState,Active,Terminal,*,0,0
2024-11-06T21:26:21.835-05:00,IdeState,Active,Terminal,*,0,0
2024-11-06T21:26:22.836-05:00,IdeState,Active,Terminal,*,0,0
2024-11-06T21:26:23.839-05:00,IdeState,Active,Terminal,*,0,0
2024-11-06T21:26:24.841-05:00,IdeState,Active,Terminal,*,0,0
2024-11-06T21:26:25.842-05:00,IdeState,Active,Terminal,*,0,0
2024-11-06T21:26:26.844-05:00,IdeState,Active,Terminal,*,0,0
2024-11-06T21:26:27.846-05:00,IdeState,Active,Terminal,*,0,0
2024-11-06T21:26:28.847-05:00,IdeState,Active,Terminal,*,0,0
2024-11-06T21:26:29.848-05:00,IdeState,Active,Terminal,*,0,0
2024-11-06T21:26:30.849-05:00,IdeState,Inactive,,*,-1,-1
2024-11-06T21:26:31.850-05:00,IdeState,Inactive,,*,-1,-1
2024-11-06T21:26:32.851-05:00,IdeState,Inactive,,*,-1,-1
2024-11-06T21:26:33.853-05:00,IdeState,Inactive,,*,-1,-1
2024-11-06T21:26:34.854-05:00,IdeState,Inactive,,*,-1,-1
2024-11-06T21:26:35.855-05:00,IdeState,Inactive,,*,-1,-1
2024-11-06T21:26:36.858-05:00,IdeState,Inactive,,*,-1,-1
2024-11-06T21:26:37.859-05:00,IdeState,Inactive,,*,-1,-1
2024-11-06T21:26:38.861-05:00,IdeState,Inactive,,*,-1,-1
2024-11-06T21:26:39.863-05:00,IdeState,Inactive,,*,-1,-1
2024-11-06T21:26:40.865-05:00,IdeState,Inactive,,*,-1,-1
2024-11-06T21:26:41.866-05:00,IdeState,Inactive,,*,-1,-1
2024-11-06T21:26:42.867-05:00,IdeState,Inactive,,*,-1,-1
2024-11-06T21:26:43.869-05:00,IdeState,Inactive,,*,-1,-1
2024-11-06T21:26:44.870-05:00,IdeState,Inactive,,*,-1,-1
2024-11-06T21:26:45.871-05:00,IdeState,Inactive,,*,-1,-1
2024-11-06T21:26:46.872-05:00,IdeState,Inactive,,*,-1,-1
2024-11-06T21:26:47.873-05:00,IdeState,Inactive,,*,-1,-1
2024-11-06T21:26:48.873-05:00,IdeState,Inactive,,*,-1,-1
2024-11-06T21:26:49.874-05:00,IdeState,Inactive,,*,-1,-1
2024-11-06T21:26:50.875-05:00,IdeState,Inactive,,*,-1,-1
2024-11-06T21:26:51.877-05:00,IdeState,Inactive,,*,-1,-1
2024-11-06T21:26:52.880-05:00,IdeState,Inactive,,*,-1,-1
2024-11-06T21:26:53.880-05:00,IdeState,Inactive,,*,-1,-1
2024-11-06T21:26:54.882-05:00,IdeState,Inactive,,*,-1,-1
2024-11-06T21:26:55.883-05:00,IdeState,Inactive,,*,-1,-1
2024-11-06T21:26:56.884-05:00,IdeState,Inactive,,*,-1,-1
2024-11-06T21:26:57.886-05:00,IdeState,Inactive,,*,-1,-1
2024-11-06T21:26:58.887-05:00,IdeState,Inactive,,*,-1,-1
2024-11-06T21:26:59.890-05:00,IdeState,Inactive,,*,-1,-1
2024-11-06T21:27:00.891-05:00,IdeState,Inactive,,*,-1,-1
2024-11-06T21:27:01.893-05:00,IdeState,Inactive,,*,-1,-1
2024-11-06T21:27:02.895-05:00,IdeState,Inactive,,*,-1,-1
2024-11-06T21:27:03.897-05:00,IdeState,Inactive,,*,-1,-1
2024-11-06T21:27:04.898-05:00,IdeState,Inactive,,*,-1,-1
2024-11-06T21:27:05.899-05:00,IdeState,Inactive,,*,-1,-1
2024-11-06T21:27:06.901-05:00,IdeState,Inactive,,*,-1,-1
2024-11-06T21:27:07.903-05:00,IdeState,Inactive,,*,-1,-1
2024-11-06T21:27:08.904-05:00,IdeState,Inactive,,*,-1,-1
2024-11-06T21:27:09.905-05:00,IdeState,Inactive,,*,-1,-1
2024-11-06T21:27:10.906-05:00,IdeState,Inactive,,*,-1,-1
2024-11-06T21:27:11.907-05:00,IdeState,Inactive,,*,-1,-1
2024-11-06T21:27:12.908-05:00,IdeState,Inactive,,*,-1,-1
2024-11-06T21:27:13.909-05:00,IdeState,Inactive,,*,-1,-1
2024-11-06T21:27:14.910-05:00,IdeState,Inactive,,*,-1,-1
2024-11-06T21:27:15.911-05:00,IdeState,Inactive,,*,-1,-1
2024-11-06T21:27:16.913-05:00,IdeState,Inactive,,*,-1,-1
2024-11-06T21:27:17.914-05:00,IdeState,Inactive,,*,-1,-1
2024-11-06T21:27:18.915-05:00,IdeState,Inactive,,*,-1,-1
2024-11-06T21:27:19.916-05:00,IdeState,Active,Terminal,*,0,0
2024-11-06T21:27:20.917-05:00,IdeState,Inactive,,*,-1,-1
2024-11-06T21:27:21.918-05:00,IdeState,Inactive,,*,-1,-1
2024-11-06T21:27:22.920-05:00,IdeState,Inactive,,*,-1,-1
2024-11-06T21:27:23.921-05:00,IdeState,Inactive,,*,-1,-1
2024-11-06T21:27:24.923-05:00,IdeState,Inactive,,*,-1,-1
2024-11-06T21:27:25.924-05:00,IdeState,Inactive,,*,-1,-1
2024-11-06T21:27:26.926-05:00,IdeState,Inactive,,*,-1,-1
2024-11-06T21:27:27.928-05:00,IdeState,Inactive,,*,-1,-1
2024-11-06T21:27:28.929-05:00,IdeState,Inactive,,*,-1,-1
2024-11-06T21:27:29.931-05:00,IdeState,Inactive,,*,-1,-1
2024-11-06T21:27:30.932-05:00,IdeState,Inactive,,*,-1,-1
2024-11-06T21:27:31.933-05:00,IdeState,Inactive,,*,-1,-1
2024-11-06T21:27:32.935-05:00,IdeState,Inactive,,*,-1,-1
2024-11-06T21:27:33.935-05:00,IdeState,Inactive,,*,-1,-1
2024-11-06T21:27:34.937-05:00,IdeState,Inactive,,*,-1,-1
2024-11-06T21:27:35.939-05:00,IdeState,Inactive,,*,-1,-1
2024-11-06T21:27:36.942-05:00,IdeState,Inactive,,*,-1,-1
2024-11-06T21:27:37.943-05:00,IdeState,Inactive,,*,-1,-1
2024-11-06T21:27:38.944-05:00,IdeState,Inactive,,*,-1,-1
2024-11-06T21:27:39.946-05:00,IdeState,Inactive,,*,-1,-1
2024-11-06T21:27:40.947-05:00,IdeState,Inactive,,*,-1,-1
2024-11-06T21:27:41.950-05:00,IdeState,Inactive,,*,-1,-1
2024-11-06T21:27:42.951-05:00,IdeState,Inactive,,*,-1,-1
2024-11-06T21:27:43.952-05:00,IdeState,Inactive,,*,-1,-1
2024-11-06T21:27:44.955-05:00,IdeState,Inactive,,*,-1,-1
2024-11-06T21:27:45.956-05:00,IdeState,Inactive,,*,-1,-1
2024-11-06T21:27:46.957-05:00,IdeState,Inactive,,*,-1,-1
2024-11-06T21:27:47.957-05:00,IdeState,Inactive,,*,-1,-1
2024-11-06T21:27:48.958-05:00,IdeState,Inactive,,*,-1,-1
2024-11-06T21:27:49.960-05:00,IdeState,Inactive,,*,-1,-1
2024-11-06T21:27:50.961-05:00,IdeState,Inactive,,*,-1,-1
2024-11-06T21:27:51.962-05:00,IdeState,Inactive,,*,-1,-1
2024-11-06T21:27:52.965-05:00,IdeState,Inactive,,*,-1,-1
2024-11-06T21:27:53.965-05:00,IdeState,Inactive,,*,-1,-1
2024-11-06T21:27:54.966-05:00,IdeState,Inactive,,*,-1,-1
2024-11-06T21:27:55.969-05:00,IdeState,Inactive,,*,-1,-1
2024-11-06T21:27:56.970-05:00,IdeState,Inactive,,*,-1,-1
2024-11-06T21:27:57.971-05:00,IdeState,Inactive,,*,-1,-1
2024-11-06T21:27:58.973-05:00,IdeState,Inactive,,*,-1,-1
2024-11-06T21:27:59.975-05:00,IdeState,Inactive,,*,-1,-1
2024-11-06T21:28:00.976-05:00,IdeState,Inactive,,*,-1,-1
2024-11-06T21:28:01.977-05:00,IdeState,Inactive,,*,-1,-1
2024-11-06T21:28:02.979-05:00,IdeState,Inactive,,*,-1,-1
2024-11-06T21:28:03.980-05:00,IdeState,Inactive,,*,-1,-1
2024-11-06T21:28:04.981-05:00,IdeState,Inactive,,*,-1,-1
2024-11-06T21:28:05.983-05:00,IdeState,Inactive,,*,-1,-1
2024-11-06T21:28:06.984-05:00,IdeState,Inactive,,*,-1,-1
2024-11-06T21:28:07.986-05:00,IdeState,Inactive,,*,-1,-1
2024-11-06T21:28:08.986-05:00,IdeState,Inactive,,*,-1,-1
2024-11-06T21:28:09.988-05:00,IdeState,Inactive,,*,-1,-1
2024-11-06T21:28:10.989-05:00,IdeState,Inactive,,*,-1,-1
2024-11-06T21:28:11.991-05:00,IdeState,Inactive,,*,-1,-1
2024-11-06T21:28:12.993-05:00,IdeState,Inactive,,*,-1,-1
2024-11-06T21:28:13.994-05:00,IdeState,Inactive,,*,-1,-1
2024-11-06T21:28:14.995-05:00,IdeState,Inactive,,*,-1,-1
2024-11-06T21:28:15.996-05:00,IdeState,Inactive,,*,-1,-1
2024-11-06T21:28:16.996-05:00,IdeState,Inactive,,*,-1,-1
2024-11-06T21:28:17.998-05:00,IdeState,Inactive,,*,-1,-1
2024-11-06T21:28:19.000-05:00,IdeState,Inactive,,*,-1,-1
2024-11-06T21:28:20.001-05:00,IdeState,Inactive,,*,-1,-1
2024-11-06T21:28:21.003-05:00,IdeState,Inactive,,*,-1,-1
2024-11-06T21:28:22.005-05:00,IdeState,Inactive,,*,-1,-1
2024-11-06T21:28:23.006-05:00,IdeState,Inactive,,*,-1,-1
2024-11-06T21:28:24.007-05:00,IdeState,Inactive,,*,-1,-1
2024-11-06T21:28:25.008-05:00,IdeState,Inactive,,*,-1,-1
2024-11-06T21:28:26.009-05:00,IdeState,Inactive,,*,-1,-1
2024-11-06T21:28:27.010-05:00,IdeState,Inactive,,*,-1,-1
2024-11-06T21:28:28.011-05:00,IdeState,Inactive,,*,-1,-1
2024-11-06T21:28:29.015-05:00,IdeState,Inactive,,*,-1,-1
2024-11-06T21:28:30.016-05:00,IdeState,Inactive,,*,-1,-1
2024-11-06T21:28:31.019-05:00,IdeState,Inactive,,*,-1,-1
2024-11-06T21:28:32.021-05:00,IdeState,Inactive,,*,-1,-1
2024-11-06T21:28:33.024-05:00,IdeState,Inactive,,*,-1,-1
2024-11-06T21:28:34.025-05:00,IdeState,Inactive,,*,-1,-1
2024-11-06T21:28:35.026-05:00,IdeState,Inactive,,*,-1,-1
2024-11-06T21:28:36.028-05:00,IdeState,Inactive,,*,-1,-1
2024-11-06T21:28:37.030-05:00,IdeState,Inactive,,*,-1,-1
2024-11-06T21:28:38.031-05:00,IdeState,Inactive,,*,-1,-1
2024-11-06T21:28:39.031-05:00,IdeState,Inactive,,*,-1,-1
2024-11-06T21:28:40.033-05:00,IdeState,Inactive,,*,-1,-1
2024-11-06T21:28:41.033-05:00,IdeState,Inactive,,*,-1,-1
2024-11-06T21:28:42.034-05:00,IdeState,Inactive,,*,-1,-1
2024-11-06T21:28:43.035-05:00,IdeState,Inactive,,*,-1,-1
2024-11-06T21:28:44.038-05:00,IdeState,Inactive,,*,-1,-1
2024-11-06T21:28:45.041-05:00,IdeState,Inactive,,*,-1,-1
2024-11-06T21:28:46.043-05:00,IdeState,Inactive,,*,-1,-1
2024-11-06T21:28:47.045-05:00,IdeState,Inactive,,*,-1,-1
2024-11-06T21:28:48.047-05:00,IdeState,Inactive,,*,-1,-1
2024-11-06T21:28:49.048-05:00,IdeState,Inactive,,*,-1,-1
2024-11-06T21:28:50.049-05:00,IdeState,Inactive,,*,-1,-1
2024-11-06T21:28:51.052-05:00,IdeState,Inactive,,*,-1,-1
2024-11-06T21:28:52.053-05:00,IdeState,Inactive,,*,-1,-1
2024-11-06T21:28:53.054-05:00,IdeState,Inactive,,*,-1,-1
2024-11-06T21:28:54.056-05:00,IdeState,Inactive,,*,-1,-1
2024-11-06T21:28:55.058-05:00,IdeState,Inactive,,*,-1,-1
2024-11-06T21:28:56.060-05:00,IdeState,Inactive,,*,-1,-1
2024-11-06T21:28:57.061-05:00,IdeState,Inactive,,*,-1,-1
2024-11-06T21:28:58.062-05:00,IdeState,Inactive,,*,-1,-1
2024-11-06T21:28:59.064-05:00,IdeState,Inactive,,*,-1,-1
2024-11-06T21:29:00.065-05:00,IdeState,Inactive,,*,-1,-1
2024-11-06T21:29:01.066-05:00,IdeState,Inactive,,*,-1,-1
2024-11-06T21:29:02.068-05:00,IdeState,Inactive,,*,-1,-1
2024-11-06T21:29:03.068-05:00,IdeState,Inactive,,*,-1,-1
2024-11-06T21:29:04.069-05:00,IdeState,Inactive,,*,-1,-1
2024-11-06T21:29:05.070-05:00,IdeState,Inactive,,*,-1,-1
2024-11-06T21:29:06.071-05:00,IdeState,Inactive,,*,-1,-1
2024-11-06T21:29:07.073-05:00,IdeState,Inactive,,*,-1,-1
2024-11-06T21:29:08.074-05:00,IdeState,Inactive,,*,-1,-1
2024-11-06T21:29:09.075-05:00,IdeState,Inactive,,*,-1,-1
2024-11-06T21:29:10.076-05:00,IdeState,Inactive,,*,-1,-1
2024-11-06T21:29:11.078-05:00,IdeState,Inactive,,*,-1,-1
2024-11-06T21:29:12.078-05:00,IdeState,Inactive,,*,-1,-1
2024-11-06T21:29:13.079-05:00,IdeState,Inactive,,*,-1,-1
2024-11-06T21:29:14.081-05:00,IdeState,Inactive,,*,-1,-1
2024-11-06T21:29:15.083-05:00,IdeState,Inactive,,*,-1,-1
2024-11-06T21:29:16.086-05:00,IdeState,Inactive,,*,-1,-1
2024-11-06T21:29:17.088-05:00,IdeState,Inactive,,*,-1,-1
2024-11-06T21:29:18.088-05:00,IdeState,Active,Terminal,*,0,0
2024-11-06T21:29:19.091-05:00,IdeState,Active,Terminal,*,0,0
2024-11-06T21:29:20.093-05:00,IdeState,Active,Terminal,*,0,0
2024-11-06T21:29:21.093-05:00,IdeState,Active,Terminal,*,0,0
2024-11-06T21:29:22.095-05:00,IdeState,Active,Terminal,*,0,0
2024-11-06T21:29:23.096-05:00,IdeState,Active,Terminal,*,0,0
2024-11-06T21:29:24.097-05:00,IdeState,Active,Terminal,*,0,0
2024-11-06T21:29:25.099-05:00,IdeState,Active,Terminal,*,0,0
2024-11-06T21:29:26.101-05:00,IdeState,Active,Terminal,*,0,0
2024-11-06T21:29:27.103-05:00,IdeState,Active,Terminal,*,0,0
2024-11-06T21:29:28.105-05:00,IdeState,Active,Terminal,*,0,0
2024-11-06T21:29:29.105-05:00,IdeState,Active,Terminal,*,0,0
2024-11-06T21:29:30.113-05:00,IdeState,Active,Terminal,*,0,0
2024-11-06T21:29:31.114-05:00,IdeState,Active,Terminal,*,0,0
2024-11-06T21:29:32.116-05:00,IdeState,Active,Terminal,*,0,0
2024-11-06T21:29:33.118-05:00,IdeState,Active,Terminal,*,0,0
2024-11-06T21:29:34.119-05:00,IdeState,Active,Terminal,*,0,0
2024-11-06T21:29:35.119-05:00,IdeState,Active,Terminal,*,0,0
2024-11-06T21:29:36.120-05:00,IdeState,Active,Terminal,*,0,0
2024-11-06T21:29:37.121-05:00,IdeState,Active,Terminal,*,0,0
2024-11-06T21:29:38.123-05:00,IdeState,Active,Terminal,*,0,0
2024-11-06T21:29:39.124-05:00,IdeState,Active,Terminal,*,0,0
2024-11-06T21:29:40.126-05:00,IdeState,Active,Terminal,*,0,0
2024-11-06T21:29:41.128-05:00,IdeState,Active,Terminal,*,0,0
2024-11-06T21:29:42.130-05:00,IdeState,Active,Terminal,*,0,0
2024-11-06T21:29:43.132-05:00,IdeState,Active,Terminal,*,0,0
2024-11-06T21:29:44.133-05:00,IdeState,Active,Terminal,*,0,0
2024-11-06T21:29:45.135-05:00,IdeState,Active,Terminal,*,0,0
2024-11-06T21:29:46.137-05:00,IdeState,Active,Terminal,*,0,0
2024-11-06T21:29:47.138-05:00,IdeState,Active,Terminal,*,0,0
2024-11-06T21:29:48.140-05:00,IdeState,Active,Terminal,*,0,0
2024-11-06T21:29:49.141-05:00,IdeState,Active,Terminal,*,0,0
2024-11-06T21:29:50.143-05:00,IdeState,Active,Terminal,*,0,0
2024-11-06T21:29:51.145-05:00,IdeState,Active,Terminal,*,0,0
2024-11-06T21:29:52.146-05:00,IdeState,Active,Terminal,*,0,0
2024-11-06T21:29:53.147-05:00,IdeState,Active,Terminal,*,0,0
2024-11-06T21:29:54.149-05:00,IdeState,Active,Terminal,*,0,0
2024-11-06T21:29:55.150-05:00,IdeState,Active,Terminal,*,0,0
2024-11-06T21:29:56.150-05:00,IdeState,Active,Terminal,*,0,0
2024-11-06T21:29:57.151-05:00,IdeState,Active,Terminal,*,0,0
2024-11-06T21:29:58.151-05:00,IdeState,Active,Terminal,*,0,0
2024-11-06T21:29:59.153-05:00,IdeState,Active,Terminal,*,0,0
2024-11-06T21:30:00.156-05:00,IdeState,Active,Terminal,*,0,0
2024-11-06T21:30:01.157-05:00,IdeState,Active,Terminal,*,0,0
2024-11-06T21:30:02.159-05:00,IdeState,Inactive,,*,-1,-1
2024-11-06T21:30:03.160-05:00,IdeState,Inactive,,*,-1,-1
2024-11-06T21:30:04.163-05:00,IdeState,Inactive,,*,-1,-1
2024-11-06T21:30:05.163-05:00,IdeState,Inactive,,*,-1,-1
2024-11-06T21:30:06.165-05:00,IdeState,Inactive,,*,-1,-1
2024-11-06T21:30:07.167-05:00,IdeState,Inactive,,*,-1,-1
2024-11-06T21:30:08.169-05:00,IdeState,Inactive,,*,-1,-1
2024-11-06T21:30:09.170-05:00,IdeState,Inactive,,*,-1,-1
2024-11-06T21:30:10.171-05:00,IdeState,Inactive,,*,-1,-1
2024-11-06T21:30:11.173-05:00,IdeState,Inactive,,*,-1,-1
2024-11-06T21:30:12.174-05:00,IdeState,Inactive,,*,-1,-1
2024-11-06T21:30:13.175-05:00,IdeState,Inactive,,*,-1,-1
2024-11-06T21:30:14.176-05:00,IdeState,Inactive,,*,-1,-1
2024-11-06T21:30:15.177-05:00,IdeState,Inactive,,*,-1,-1
2024-11-06T21:30:16.178-05:00,IdeState,Inactive,,*,-1,-1
2024-11-06T21:30:17.179-05:00,IdeState,Inactive,,*,-1,-1
2024-11-06T21:30:18.180-05:00,IdeState,Inactive,,*,-1,-1
2024-11-06T21:30:19.181-05:00,IdeState,Inactive,,*,-1,-1
2024-11-06T21:30:20.182-05:00,IdeState,Inactive,,*,-1,-1
2024-11-06T21:30:21.184-05:00,IdeState,Inactive,,*,-1,-1
2024-11-06T21:30:22.185-05:00,IdeState,Inactive,,*,-1,-1
2024-11-06T21:30:23.187-05:00,IdeState,Inactive,,*,-1,-1
2024-11-06T21:30:24.189-05:00,IdeState,Inactive,,*,-1,-1
2024-11-06T21:30:25.191-05:00,IdeState,Inactive,,*,-1,-1
2024-11-06T21:30:26.193-05:00,IdeState,Inactive,,*,-1,-1
2024-11-06T21:30:27.194-05:00,IdeState,Active,Terminal,*,0,0
2024-11-06T21:30:28.195-05:00,IdeState,Active,Popup,*,0,0
2024-11-06T21:30:29.197-05:00,IdeState,Active,Popup,*,0,0
2024-11-06T21:30:30.198-05:00,IdeState,Active,Terminal,*,0,0
2024-11-06T21:30:31.199-05:00,IdeState,Active,Terminal,*,0,0
2024-11-06T21:30:32.200-05:00,IdeState,Active,Terminal,*,0,0
2024-11-06T21:30:33.201-05:00,IdeState,Active,Terminal,*,0,0
2024-11-06T21:30:34.205-05:00,IdeState,Active,Terminal,*,0,0
2024-11-06T21:30:35.206-05:00,IdeState,Active,Terminal,*,0,0
2024-11-06T21:30:36.208-05:00,IdeState,Active,Terminal,*,0,0
2024-11-06T21:30:37.209-05:00,IdeState,Active,Terminal,*,0,0
2024-11-06T21:30:38.209-05:00,IdeState,Active,Terminal,*,0,0
2024-11-06T21:30:39.211-05:00,IdeState,Active,Terminal,*,0,0
2024-11-06T21:30:40.211-05:00,IdeState,Active,Terminal,*,0,0
2024-11-06T21:30:41.213-05:00,IdeState,Active,Terminal,*,0,0
2024-11-06T21:30:42.213-05:00,IdeState,Active,Terminal,*,0,0
2024-11-06T21:30:43.215-05:00,IdeState,Active,Terminal,*,0,0
2024-11-06T21:30:44.215-05:00,IdeState,Active,Terminal,*,0,0
2024-11-06T21:30:45.216-05:00,IdeState,Active,Terminal,*,0,0
2024-11-06T21:30:46.217-05:00,IdeState,Active,Terminal,*,0,0
2024-11-06T21:30:47.218-05:00,IdeState,Active,Terminal,*,0,0
2024-11-06T21:30:48.220-05:00,IdeState,Active,Terminal,*,0,0
2024-11-06T21:30:49.222-05:00,IdeState,Active,Terminal,*,0,0
2024-11-06T21:30:50.223-05:00,IdeState,Active,Terminal,*,0,0
2024-11-06T21:30:51.226-05:00,IdeState,Active,Terminal,*,0,0
2024-11-06T21:30:52.228-05:00,IdeState,Active,Terminal,*,0,0
2024-11-06T21:30:53.228-05:00,IdeState,Active,Terminal,*,0,0
2024-11-06T21:30:54.230-05:00,IdeState,Active,Terminal,*,0,0
2024-11-06T21:30:55.231-05:00,IdeState,Active,Terminal,*,0,0
2024-11-06T21:30:56.233-05:00,IdeState,Active,Terminal,*,0,0
2024-11-06T21:30:57.234-05:00,IdeState,Active,Terminal,*,0,0
2024-11-06T21:30:58.236-05:00,IdeState,Active,Terminal,*,0,0
2024-11-06T21:30:59.237-05:00,IdeState,Active,Terminal,*,0,0
2024-11-06T21:31:00.238-05:00,IdeState,Active,Terminal,*,0,0
2024-11-06T21:31:01.241-05:00,IdeState,Active,Terminal,*,0,0
2024-11-06T21:31:02.244-05:00,IdeState,Active,Terminal,*,0,0
2024-11-06T21:31:03.249-05:00,IdeState,Active,Terminal,*,0,0
2024-11-06T21:31:04.251-05:00,IdeState,Active,Terminal,*,0,0
2024-11-06T21:31:05.252-05:00,IdeState,Active,Terminal,*,0,0
2024-11-06T21:31:06.254-05:00,IdeState,Active,Terminal,*,0,0
2024-11-06T21:31:07.255-05:00,IdeState,Active,Terminal,*,0,0
2024-11-06T21:31:08.257-05:00,IdeState,Active,Terminal,*,0,0
2024-11-06T21:31:09.258-05:00,IdeState,Active,Terminal,*,0,0
2024-11-06T21:31:10.259-05:00,IdeState,Active,Terminal,*,0,0
2024-11-06T21:31:11.261-05:00,IdeState,Active,Terminal,*,0,0
2024-11-06T21:31:12.262-05:00,IdeState,Active,Terminal,*,0,0
2024-11-06T21:31:13.264-05:00,IdeState,Active,Terminal,*,0,0
2024-11-06T21:31:14.265-05:00,IdeState,Active,Terminal,*,0,0
2024-11-06T21:31:15.266-05:00,IdeState,Active,Terminal,*,0,0
2024-11-06T21:31:16.268-05:00,IdeState,Active,Terminal,*,0,0
2024-11-06T21:31:17.270-05:00,IdeState,Active,Terminal,*,0,0
2024-11-06T21:31:18.272-05:00,IdeState,Active,Terminal,*,0,0
2024-11-06T21:31:19.272-05:00,IdeState,Active,Terminal,*,0,0
2024-11-06T21:31:20.274-05:00,IdeState,Active,Terminal,*,0,0
2024-11-06T21:31:21.275-05:00,IdeState,Active,Terminal,*,0,0
2024-11-06T21:31:22.277-05:00,IdeState,Active,Terminal,*,0,0
2024-11-06T21:31:23.278-05:00,IdeState,Active,Terminal,*,0,0
2024-11-06T21:31:24.281-05:00,IdeState,Active,Terminal,*,0,0
2024-11-06T21:31:25.282-05:00,IdeState,Active,Terminal,*,0,0
2024-11-06T21:31:26.285-05:00,IdeState,Active,Terminal,*,0,0
2024-11-06T21:31:27.286-05:00,IdeState,Active,Terminal,*,0,0
2024-11-06T21:31:28.286-05:00,IdeState,Active,Terminal,*,0,0
2024-11-06T21:31:29.288-05:00,IdeState,Active,Terminal,*,0,0
2024-11-06T21:31:30.289-05:00,IdeState,Active,Terminal,*,0,0
2024-11-06T21:31:31.290-05:00,IdeState,Active,Terminal,*,0,0
2024-11-06T21:31:32.291-05:00,IdeState,Active,Terminal,*,0,0
2024-11-06T21:31:33.293-05:00,IdeState,Active,Terminal,*,0,0
2024-11-06T21:31:34.294-05:00,IdeState,Active,Terminal,*,0,0
2024-11-06T21:31:35.298-05:00,IdeState,Active,Terminal,*,0,0
2024-11-06T21:31:36.299-05:00,IdeState,Active,Terminal,*,0,0
2024-11-06T21:31:37.300-05:00,IdeState,Active,Terminal,*,0,0
2024-11-06T21:31:38.301-05:00,IdeState,Active,Terminal,*,0,0
2024-11-06T21:31:39.303-05:00,IdeState,Active,Terminal,*,0,0
2024-11-06T21:31:40.304-05:00,IdeState,Active,Terminal,*,0,0
2024-11-06T21:31:41.306-05:00,IdeState,Active,Terminal,*,0,0
2024-11-06T21:31:42.309-05:00,IdeState,Active,Terminal,*,0,0
2024-11-06T21:31:43.310-05:00,IdeState,Active,Terminal,*,0,0
2024-11-06T21:31:44.313-05:00,IdeState,Active,Terminal,*,0,0
2024-11-06T21:31:45.313-05:00,IdeState,Active,Terminal,*,0,0
2024-11-06T21:31:46.316-05:00,IdeState,Active,Terminal,*,0,0
2024-11-06T21:31:47.316-05:00,IdeState,Active,Terminal,*,0,0
2024-11-06T21:31:48.317-05:00,IdeState,Active,Terminal,*,0,0
2024-11-06T21:31:49.320-05:00,IdeState,Active,Terminal,*,0,0
2024-11-06T21:31:50.321-05:00,IdeState,Active,Terminal,*,0,0
2024-11-06T21:31:51.322-05:00,IdeState,Active,Terminal,*,0,0
2024-11-06T21:31:52.323-05:00,IdeState,Active,Terminal,*,0,0
2024-11-06T21:31:53.323-05:00,IdeState,Active,Terminal,*,0,0
2024-11-06T21:31:54.324-05:00,IdeState,Active,Terminal,*,0,0
2024-11-06T21:31:55.326-05:00,IdeState,Active,Terminal,*,0,0
2024-11-06T21:31:56.328-05:00,IdeState,Active,Terminal,*,0,0
2024-11-06T21:31:57.330-05:00,IdeState,Active,Terminal,*,0,0
2024-11-06T21:31:58.333-05:00,IdeState,Active,Terminal,*,0,0
2024-11-06T21:31:59.334-05:00,IdeState,Active,Terminal,*,0,0
2024-11-06T21:32:00.335-05:00,IdeState,Active,Terminal,*,0,0
2024-11-06T21:32:01.336-05:00,IdeState,Active,Terminal,*,0,0
2024-11-06T21:32:02.339-05:00,IdeState,Active,Terminal,*,0,0
2024-11-06T21:32:03.340-05:00,IdeState,Active,Terminal,*,0,0
2024-11-06T21:32:04.340-05:00,IdeState,Active,Terminal,*,0,0
2024-11-06T21:32:05.342-05:00,IdeState,Active,Terminal,*,0,0
2024-11-06T21:32:06.344-05:00,IdeState,Active,Terminal,*,0,0
2024-11-06T21:32:07.346-05:00,IdeState,Active,Terminal,*,0,0
2024-11-06T21:32:08.349-05:00,IdeState,Active,Terminal,*,0,0
2024-11-06T21:32:09.349-05:00,IdeState,Active,Terminal,*,0,0
2024-11-06T21:32:10.350-05:00,IdeState,Active,Terminal,*,0,0
2024-11-06T21:32:11.351-05:00,IdeState,Active,Terminal,*,0,0
2024-11-06T21:32:12.353-05:00,IdeState,Active,Terminal,*,0,0
2024-11-06T21:32:13.354-05:00,IdeState,Active,Terminal,*,0,0
2024-11-06T21:32:14.356-05:00,IdeState,Active,Project,*,0,0
2024-11-06T21:32:15.357-05:00,IdeState,Active,Project,*,0,0
2024-11-06T21:32:16.359-05:00,IdeState,Active,Project,*,0,0
2024-11-06T21:32:17.360-05:00,IdeState,Active,Project,*,0,0
2024-11-06T21:32:18.360-05:00,IdeState,Active,Project,*,0,0
2024-11-06T21:32:19.362-05:00,IdeState,Active,Project,*,0,0
2024-11-06T21:32:20.363-05:00,IdeState,Active,Project,*,0,0
2024-11-06T21:32:21.364-05:00,IdeState,Active,Project,*,0,0
2024-11-06T21:32:22.366-05:00,IdeState,Active,Project,*,0,0
2024-11-06T21:32:23.367-05:00,IdeState,Active,Project,*,0,0
2024-11-06T21:32:24.368-05:00,IdeState,Inactive,,*,-1,-1
2024-11-06T21:32:25.370-05:00,IdeState,Inactive,,*,-1,-1
2024-11-06T21:32:26.371-05:00,IdeState,Inactive,,*,-1,-1
2024-11-06T21:32:27.373-05:00,IdeState,Inactive,,*,-1,-1
2024-11-06T21:32:28.375-05:00,IdeState,Inactive,,*,-1,-1
2024-11-06T21:32:29.376-05:00,IdeState,Inactive,,*,-1,-1
2024-11-06T21:32:30.377-05:00,IdeState,Active,Project,*,0,0
2024-11-06T21:32:31.380-05:00,IdeState,Active,Project,*,0,0
2024-11-06T21:32:32.383-05:00,IdeState,Active,Project,*,0,0
2024-11-06T21:32:33.383-05:00,IdeState,Active,Project,*,0,0
2024-11-06T21:32:34.384-05:00,IdeState,Active,Project,*,0,0
2024-11-06T21:32:35.386-05:00,IdeState,Active,Project,*,0,0
2024-11-06T21:32:36.388-05:00,IdeState,Active,Project,*,0,0
2024-11-06T21:32:37.390-05:00,IdeState,Active,Project,*,0,0
2024-11-06T21:32:38.390-05:00,IdeState,Active,Project,*,0,0
2024-11-06T21:32:39.393-05:00,IdeState,Active,Terminal,*,0,0
2024-11-06T21:32:40.394-05:00,IdeState,Active,Terminal,*,0,0
2024-11-06T21:32:41.396-05:00,IdeState,Active,Terminal,*,0,0
2024-11-06T21:32:42.398-05:00,IdeState,Inactive,,*,-1,-1
2024-11-06T21:32:43.399-05:00,IdeState,Inactive,,*,-1,-1
2024-11-06T21:32:44.401-05:00,IdeState,Inactive,,*,-1,-1
2024-11-06T21:32:45.401-05:00,IdeState,Inactive,,*,-1,-1
2024-11-06T21:32:46.404-05:00,IdeState,Inactive,,*,-1,-1
2024-11-06T21:32:47.404-05:00,IdeState,Inactive,,*,-1,-1
2024-11-06T21:32:48.405-05:00,IdeState,Inactive,,*,-1,-1
2024-11-06T21:32:49.406-05:00,IdeState,Inactive,,*,-1,-1
2024-11-06T21:32:50.407-05:00,IdeState,Inactive,,*,-1,-1
2024-11-06T21:32:51.408-05:00,IdeState,Inactive,,*,-1,-1
2024-11-06T21:32:52.409-05:00,IdeState,Inactive,,*,-1,-1
2024-11-06T21:32:53.409-05:00,IdeState,Inactive,,*,-1,-1
2024-11-06T21:32:54.410-05:00,IdeState,Inactive,,*,-1,-1
2024-11-06T21:32:55.411-05:00,IdeState,Inactive,,*,-1,-1
2024-11-06T21:32:56.412-05:00,IdeState,Inactive,,*,-1,-1
2024-11-06T21:32:57.413-05:00,IdeState,Inactive,,*,-1,-1
2024-11-06T21:32:58.415-05:00,IdeState,Inactive,,*,-1,-1
2024-11-06T21:32:59.416-05:00,IdeState,Inactive,,*,-1,-1
2024-11-06T21:33:00.417-05:00,IdeState,Inactive,,*,-1,-1
2024-11-06T21:33:01.418-05:00,IdeState,Inactive,,*,-1,-1
2024-11-06T21:33:02.419-05:00,IdeState,Inactive,,*,-1,-1
2024-11-06T21:33:03.420-05:00,IdeState,Inactive,,*,-1,-1
2024-11-06T21:33:04.421-05:00,IdeState,Inactive,,*,-1,-1
2024-11-06T21:33:05.422-05:00,IdeState,Inactive,,*,-1,-1
2024-11-06T21:33:06.422-05:00,IdeState,Inactive,,*,-1,-1
2024-11-06T21:33:07.423-05:00,IdeState,Inactive,,*,-1,-1
2024-11-06T21:33:08.424-05:00,IdeState,Inactive,,*,-1,-1
2024-11-06T21:33:09.426-05:00,IdeState,Inactive,,*,-1,-1
2024-11-06T21:33:10.426-05:00,IdeState,Inactive,,*,-1,-1
2024-11-06T21:33:11.428-05:00,IdeState,Inactive,,*,-1,-1
2024-11-06T21:33:12.428-05:00,IdeState,Inactive,,*,-1,-1
2024-11-06T21:33:13.428-05:00,IdeState,Inactive,,*,-1,-1
2024-11-06T21:33:14.429-05:00,IdeState,Inactive,,*,-1,-1
2024-11-06T21:33:15.431-05:00,IdeState,Inactive,,*,-1,-1
2024-11-06T21:33:16.433-05:00,IdeState,Inactive,,*,-1,-1
2024-11-06T21:33:17.435-05:00,IdeState,Inactive,,*,-1,-1
2024-11-06T21:33:18.435-05:00,IdeState,Inactive,,*,-1,-1
2024-11-06T21:33:19.437-05:00,IdeState,Inactive,,*,-1,-1
2024-11-06T21:33:20.438-05:00,IdeState,Inactive,,*,-1,-1
2024-11-06T21:33:21.439-05:00,IdeState,Inactive,,*,-1,-1
2024-11-06T21:33:22.440-05:00,IdeState,Inactive,,*,-1,-1
2024-11-06T21:33:23.442-05:00,IdeState,Inactive,,*,-1,-1
2024-11-06T21:33:24.443-05:00,IdeState,Inactive,,*,-1,-1
2024-11-06T21:33:25.444-05:00,IdeState,Inactive,,*,-1,-1
2024-11-06T21:33:26.445-05:00,IdeState,Inactive,,*,-1,-1
2024-11-06T21:33:27.446-05:00,IdeState,Inactive,,*,-1,-1
2024-11-06T21:33:28.448-05:00,IdeState,Inactive,,*,-1,-1
2024-11-06T21:33:29.450-05:00,IdeState,Inactive,,*,-1,-1
2024-11-06T21:33:30.450-05:00,IdeState,Inactive,,*,-1,-1
2024-11-06T21:33:31.451-05:00,IdeState,Inactive,,*,-1,-1
2024-11-06T21:33:32.452-05:00,IdeState,Inactive,,*,-1,-1
2024-11-06T21:33:33.453-05:00,IdeState,Inactive,,*,-1,-1
2024-11-06T21:33:34.455-05:00,IdeState,Inactive,,*,-1,-1
2024-11-06T21:33:35.455-05:00,IdeState,Inactive,,*,-1,-1
2024-11-06T21:33:36.457-05:00,IdeState,Inactive,,*,-1,-1
2024-11-06T21:33:37.458-05:00,IdeState,Inactive,,*,-1,-1
2024-11-06T21:33:38.749-05:00,IdeState,Inactive,,*,-1,-1
2024-11-06T21:33:39.750-05:00,IdeState,Inactive,,*,-1,-1
2024-11-06T21:33:40.752-05:00,IdeState,Active,Terminal,*,0,0
2024-11-06T21:33:41.754-05:00,IdeState,Active,Terminal,*,0,0
2024-11-06T21:33:42.757-05:00,IdeState,Active,Terminal,*,0,0
2024-11-06T21:33:43.759-05:00,IdeState,Active,Terminal,*,0,0
2024-11-06T21:33:44.760-05:00,IdeState,Active,Terminal,*,0,0
2024-11-06T21:33:45.761-05:00,IdeState,Active,Terminal,*,0,0
2024-11-06T21:33:46.762-05:00,IdeState,Active,Terminal,*,0,0
2024-11-06T21:33:47.763-05:00,IdeState,Active,Project,*,0,0
2024-11-06T21:33:48.763-05:00,IdeState,Active,Project,*,0,0
2024-11-06T21:33:49.764-05:00,IdeState,Active,Project,*,0,0
2024-11-06T21:33:50.766-05:00,IdeState,Active,Project,*,0,0
2024-11-06T21:33:51.768-05:00,IdeState,Active,Project,*,0,0
2024-11-06T21:33:52.770-05:00,IdeState,Active,Project,*,0,0
2024-11-06T21:33:53.772-05:00,IdeState,Active,Project,*,0,0
2024-11-06T21:33:54.773-05:00,IdeState,Active,Project,*,0,0
2024-11-06T21:33:55.775-05:00,IdeState,Active,Project,*,0,0
2024-11-06T21:33:56.776-05:00,IdeState,Active,Project,*,0,0
2024-11-06T21:33:57.776-05:00,IdeState,Active,Project,*,0,0
2024-11-06T21:33:58.778-05:00,IdeState,Active,Project,*,0,0
2024-11-06T21:33:59.779-05:00,IdeState,Active,Project,*,0,0
2024-11-06T21:34:00.780-05:00,IdeState,Active,Project,*,0,0
2024-11-06T21:34:01.782-05:00,IdeState,Active,Project,*,0,0
2024-11-06T21:34:02.783-05:00,IdeState,Inactive,,*,-1,-1
2024-11-06T21:34:03.784-05:00,IdeState,Inactive,,*,-1,-1
2024-11-06T21:34:04.786-05:00,IdeState,Inactive,,*,-1,-1
2024-11-06T21:34:05.787-05:00,IdeState,Inactive,,*,-1,-1
2024-11-06T21:34:06.789-05:00,IdeState,Inactive,,*,-1,-1
2024-11-06T21:34:07.789-05:00,IdeState,Inactive,,*,-1,-1
2024-11-06T21:34:08.790-05:00,IdeState,Inactive,,*,-1,-1
2024-11-06T21:34:09.791-05:00,IdeState,Inactive,,*,-1,-1
2024-11-06T21:34:10.792-05:00,IdeState,Inactive,,*,-1,-1
2024-11-06T21:34:11.794-05:00,IdeState,Inactive,,*,-1,-1
2024-11-06T21:34:12.795-05:00,IdeState,Inactive,,*,-1,-1
2024-11-06T21:34:13.796-05:00,IdeState,Inactive,,*,-1,-1
2024-11-06T21:34:14.798-05:00,IdeState,Inactive,,*,-1,-1
2024-11-06T21:34:15.799-05:00,IdeState,Inactive,,*,-1,-1
2024-11-06T21:34:16.800-05:00,IdeState,Inactive,,*,-1,-1
2024-11-06T21:34:17.801-05:00,IdeState,Inactive,,*,-1,-1
2024-11-06T21:34:18.801-05:00,IdeState,Inactive,,*,-1,-1
2024-11-06T21:34:19.802-05:00,IdeState,Inactive,,*,-1,-1
2024-11-06T21:34:20.803-05:00,IdeState,Inactive,,*,-1,-1
2024-11-06T21:34:21.803-05:00,IdeState,Inactive,,*,-1,-1
2024-11-06T21:34:22.804-05:00,IdeState,Inactive,,*,-1,-1
2024-11-06T21:34:23.805-05:00,IdeState,Inactive,,*,-1,-1
2024-11-06T21:34:24.806-05:00,IdeState,Inactive,,*,-1,-1
2024-11-06T21:34:25.807-05:00,IdeState,Inactive,,*,-1,-1
2024-11-06T21:34:26.807-05:00,IdeState,Inactive,,*,-1,-1
2024-11-06T21:34:27.808-05:00,IdeState,Inactive,,*,-1,-1
2024-11-06T21:34:28.810-05:00,IdeState,Inactive,,*,-1,-1
2024-11-06T21:34:29.811-05:00,IdeState,Inactive,,*,-1,-1
2024-11-06T21:34:30.811-05:00,IdeState,Inactive,,*,-1,-1
2024-11-06T21:34:31.812-05:00,IdeState,Inactive,,*,-1,-1
2024-11-06T21:34:32.813-05:00,IdeState,Inactive,,*,-1,-1
2024-11-06T21:34:33.813-05:00,IdeState,Inactive,,*,-1,-1
2024-11-06T21:34:34.814-05:00,IdeState,Inactive,,*,-1,-1
2024-11-06T21:34:35.815-05:00,IdeState,Inactive,,*,-1,-1
2024-11-06T21:34:36.815-05:00,IdeState,Inactive,,*,-1,-1
2024-11-06T21:34:37.816-05:00,IdeState,Inactive,,*,-1,-1
2024-11-06T21:34:38.817-05:00,IdeState,Inactive,,*,-1,-1
2024-11-06T21:34:39.819-05:00,IdeState,Inactive,,*,-1,-1
2024-11-06T21:34:40.820-05:00,IdeState,Inactive,,*,-1,-1
2024-11-06T21:34:41.821-05:00,IdeState,Inactive,,*,-1,-1
2024-11-06T21:34:42.823-05:00,IdeState,Inactive,,*,-1,-1
2024-11-06T21:34:43.824-05:00,IdeState,Inactive,,*,-1,-1
2024-11-06T21:34:44.825-05:00,IdeState,Inactive,,*,-1,-1
2024-11-06T21:34:45.826-05:00,IdeState,Inactive,,*,-1,-1
2024-11-06T21:34:46.827-05:00,IdeState,Inactive,,*,-1,-1
2024-11-06T21:34:47.828-05:00,IdeState,Inactive,,*,-1,-1
2024-11-06T21:34:48.829-05:00,IdeState,Inactive,,*,-1,-1
2024-11-06T21:34:49.832-05:00,IdeState,Active,Project,*,0,0
2024-11-06T21:34:50.834-05:00,IdeState,Active,Project,*,0,0
2024-11-06T21:34:51.835-05:00,IdeState,Active,Project,*,0,0
2024-11-06T21:34:52.836-05:00,IdeState,Active,Project,*,0,0
2024-11-06T21:34:53.838-05:00,IdeState,Active,Project,*,0,0
2024-11-06T21:34:54.839-05:00,IdeState,Active,Project,*,0,0
2024-11-06T21:34:55.839-05:00,IdeState,Active,Project,*,0,0
2024-11-06T21:34:56.840-05:00,IdeState,Active,Project,*,0,0
2024-11-06T21:34:57.840-05:00,IdeState,Active,Project,*,0,0
2024-11-06T21:34:58.843-05:00,IdeState,Active,Project,*,0,0
2024-11-06T21:34:59.844-05:00,IdeState,Active,Project,*,0,0
2024-11-06T21:35:00.845-05:00,IdeState,Active,Project,*,0,0
2024-11-06T21:35:01.845-05:00,IdeState,Active,Project,*,0,0
2024-11-06T21:35:02.846-05:00,IdeState,Active,Project,*,0,0
2024-11-06T21:35:03.847-05:00,IdeState,Active,Project,*,0,0
2024-11-06T21:35:04.847-05:00,IdeState,Active,Project,*,0,0
2024-11-06T21:35:05.848-05:00,IdeState,Active,Project,*,0,0
2024-11-06T21:35:06.849-05:00,IdeState,Active,Project,*,0,0
2024-11-06T21:35:07.849-05:00,IdeState,Active,Project,*,0,0
2024-11-06T21:35:08.850-05:00,IdeState,Active,Project,*,0,0
2024-11-06T21:35:09.853-05:00,IdeState,Inactive,,*,-1,-1
2024-11-06T21:35:10.854-05:00,IdeState,Inactive,,*,-1,-1
2024-11-06T21:35:11.855-05:00,IdeState,Inactive,,*,-1,-1
2024-11-06T21:35:12.855-05:00,IdeState,Inactive,,*,-1,-1
2024-11-06T21:35:13.856-05:00,IdeState,Inactive,,*,-1,-1
2024-11-06T21:35:14.857-05:00,IdeState,Inactive,,*,-1,-1
2024-11-06T21:35:15.858-05:00,IdeState,Inactive,,*,-1,-1
2024-11-06T21:35:16.858-05:00,IdeState,Inactive,,*,-1,-1
2024-11-06T21:35:17.859-05:00,IdeState,Inactive,,*,-1,-1
2024-11-06T21:35:18.861-05:00,IdeState,Inactive,,*,-1,-1
2024-11-06T21:35:19.862-05:00,IdeState,Inactive,,*,-1,-1
2024-11-06T21:35:20.863-05:00,IdeState,Inactive,,*,-1,-1
2024-11-06T21:35:21.864-05:00,IdeState,Active,Project,*,0,0
2024-11-06T21:35:22.865-05:00,IdeState,Active,Project,*,0,0
2024-11-06T21:35:23.867-05:00,IdeState,Active,Project,*,0,0
2024-11-06T21:35:24.867-05:00,IdeState,Active,Project,*,0,0
2024-11-06T21:35:25.869-05:00,IdeState,Active,Project,*,0,0
2024-11-06T21:35:26.870-05:00,IdeState,Active,Project,*,0,0
2024-11-06T21:35:27.870-05:00,IdeState,Active,Project,*,0,0
2024-11-06T21:35:28.873-05:00,IdeState,Active,Project,*,0,0
2024-11-06T21:35:29.874-05:00,IdeState,Active,Terminal,*,0,0
2024-11-06T21:35:30.875-05:00,IdeState,Active,Terminal,*,0,0
2024-11-06T21:35:31.876-05:00,IdeState,Active,Terminal,*,0,0
2024-11-06T21:35:32.877-05:00,IdeState,Active,Terminal,*,0,0
2024-11-06T21:35:33.878-05:00,IdeState,Active,Terminal,*,0,0
2024-11-06T21:35:34.878-05:00,IdeState,Active,Terminal,*,0,0
2024-11-06T21:35:35.880-05:00,IdeState,Active,Terminal,*,0,0
2024-11-06T21:35:36.880-05:00,IdeState,Active,Terminal,*,0,0
2024-11-06T21:35:37.881-05:00,IdeState,Active,Terminal,*,0,0
2024-11-06T21:35:38.883-05:00,IdeState,Active,Terminal,*,0,0
2024-11-06T21:35:39.884-05:00,IdeState,Active,Terminal,*,0,0
2024-11-06T21:35:40.885-05:00,IdeState,Active,Terminal,*,0,0
2024-11-06T21:35:41.887-05:00,IdeState,Active,Terminal,*,0,0
2024-11-06T21:35:42.888-05:00,IdeState,Active,Terminal,*,0,0
2024-11-06T21:35:43.888-05:00,IdeState,Active,Terminal,*,0,0
2024-11-06T21:35:44.889-05:00,IdeState,Active,Terminal,*,0,0
2024-11-06T21:35:45.890-05:00,IdeState,Active,Terminal,*,0,0
2024-11-06T21:35:46.891-05:00,IdeState,Active,Terminal,*,0,0
2024-11-06T21:35:47.892-05:00,IdeState,Active,Terminal,*,0,0
2024-11-06T21:35:48.893-05:00,IdeState,Active,Terminal,*,0,0
2024-11-06T21:35:49.896-05:00,IdeState,Active,Terminal,*,0,0
2024-11-06T21:35:50.897-05:00,IdeState,Active,Terminal,*,0,0
2024-11-06T21:35:51.899-05:00,IdeState,Active,Terminal,*,0,0
2024-11-06T21:35:52.900-05:00,IdeState,Active,Terminal,*,0,0
2024-11-06T21:35:53.903-05:00,IdeState,Active,Terminal,*,0,0
2024-11-06T21:35:54.904-05:00,IdeState,Active,Terminal,*,0,0
2024-11-06T21:35:55.905-05:00,IdeState,Active,Terminal,*,0,0
2024-11-06T21:35:56.906-05:00,IdeState,Active,Terminal,*,0,0
2024-11-06T21:35:57.908-05:00,IdeState,Active,Terminal,*,0,0
2024-11-06T21:35:58.909-05:00,IdeState,Active,Terminal,*,0,0
2024-11-06T21:35:59.910-05:00,IdeState,Active,Terminal,*,0,0
2024-11-06T21:36:00.911-05:00,IdeState,Active,Terminal,*,0,0
2024-11-06T21:36:01.911-05:00,IdeState,Active,Terminal,*,0,0
2024-11-06T21:36:02.913-05:00,IdeState,Active,Terminal,*,0,0
2024-11-06T21:36:03.914-05:00,IdeState,Active,Terminal,*,0,0
2024-11-06T21:36:04.915-05:00,IdeState,Active,Terminal,*,0,0
2024-11-06T21:36:05.916-05:00,IdeState,Active,Terminal,*,0,0
2024-11-06T21:36:06.916-05:00,IdeState,Active,Terminal,*,0,0
2024-11-06T21:36:07.917-05:00,IdeState,Active,Terminal,*,0,0
2024-11-06T21:36:08.918-05:00,IdeState,Active,Terminal,*,0,0
2024-11-06T21:36:09.919-05:00,IdeState,Active,Terminal,*,0,0
2024-11-06T21:36:10.920-05:00,IdeState,Active,Terminal,*,0,0
2024-11-06T21:36:11.920-05:00,IdeState,Active,Terminal,*,0,0
2024-11-06T21:36:12.921-05:00,IdeState,Active,Terminal,*,0,0
2024-11-06T21:36:13.923-05:00,IdeState,Active,Terminal,*,0,0
2024-11-06T21:36:14.923-05:00,IdeState,Active,Terminal,*,0,0
2024-11-06T21:36:15.925-05:00,IdeState,Active,Terminal,*,0,0
2024-11-06T21:36:16.926-05:00,IdeState,Active,Terminal,*,0,0
2024-11-06T21:36:17.928-05:00,IdeState,Active,Terminal,*,0,0
2024-11-06T21:36:18.929-05:00,IdeState,Active,Terminal,*,0,0
2024-11-06T21:36:19.930-05:00,IdeState,Active,Terminal,*,0,0
2024-11-06T21:36:20.931-05:00,IdeState,Active,Terminal,*,0,0
2024-11-06T21:36:21.933-05:00,IdeState,Active,Terminal,*,0,0
2024-11-06T21:36:22.934-05:00,IdeState,Active,Terminal,*,0,0
2024-11-06T21:36:23.935-05:00,IdeState,Active,Terminal,*,0,0
2024-11-06T21:36:24.935-05:00,IdeState,Active,Terminal,*,0,0
2024-11-06T21:36:25.936-05:00,IdeState,Active,Terminal,*,0,0
2024-11-06T21:36:26.938-05:00,IdeState,Active,Terminal,*,0,0
2024-11-06T21:36:27.939-05:00,IdeState,Active,Terminal,*,0,0
2024-11-06T21:36:28.940-05:00,IdeState,Active,Terminal,*,0,0
2024-11-06T21:36:29.941-05:00,IdeState,Active,Terminal,*,0,0
2024-11-06T21:36:30.942-05:00,IdeState,Active,Terminal,*,0,0
2024-11-06T21:36:31.943-05:00,IdeState,Active,Terminal,*,0,0
2024-11-06T21:36:32.943-05:00,IdeState,Active,Terminal,*,0,0
2024-11-06T21:36:33.944-05:00,IdeState,Active,Terminal,*,0,0
2024-11-06T21:36:34.945-05:00,IdeState,Active,Terminal,*,0,0
2024-11-06T21:36:35.946-05:00,IdeState,Active,Terminal,*,0,0
2024-11-06T21:36:36.947-05:00,IdeState,Active,Terminal,*,0,0
2024-11-06T21:36:37.948-05:00,IdeState,Active,Terminal,*,0,0
2024-11-06T21:36:38.951-05:00,IdeState,Active,Editor,*,7,0
2024-11-06T21:36:39.952-05:00,IdeState,Active,Editor,*,13,25
2024-11-06T21:36:40.953-05:00,IdeState,Active,Editor,*,13,25
2024-11-06T21:36:41.953-05:00,IdeState,Active,Editor,*,13,25
2024-11-06T21:36:42.954-05:00,IdeState,Active,Editor,*,13,25
2024-11-06T21:36:43.955-05:00,IdeState,Active,Editor,*,13,25
2024-11-06T21:36:44.956-05:00,IdeState,Active,Editor,*,13,25
2024-11-06T21:36:45.958-05:00,IdeState,Active,Editor,*,13,25
2024-11-06T21:36:46.964-05:00,IdeState,Active,Editor,*,13,25
2024-11-06T21:36:47.966-05:00,IdeState,Active,Editor,*,13,25
2024-11-06T21:36:48.966-05:00,IdeState,Active,Editor,*,13,25
2024-11-06T21:36:49.967-05:00,IdeState,Active,Editor,*,13,25
2024-11-06T21:36:50.967-05:00,IdeState,Active,Editor,*,13,25
2024-11-06T21:36:51.968-05:00,IdeState,Active,Editor,*,13,25
2024-11-06T21:36:52.970-05:00,IdeState,Active,Editor,*,13,25
2024-11-06T21:36:53.971-05:00,IdeState,Active,Editor,*,7,15
2024-11-06T21:36:54.972-05:00,IdeState,Active,Editor,*,7,15
2024-11-06T21:36:55.974-05:00,IdeState,Active,Editor,*,7,15
2024-11-06T21:36:56.976-05:00,IdeState,Active,Editor,*,7,15
2024-11-06T21:36:57.977-05:00,IdeState,Active,Editor,*,7,15
2024-11-06T21:36:58.977-05:00,IdeState,Active,Editor,*,7,15
2024-11-06T21:36:59.978-05:00,IdeState,Active,Editor,*,7,15
2024-11-06T21:37:00.979-05:00,IdeState,Active,Editor,*,7,15
2024-11-06T21:37:01.981-05:00,IdeState,Active,Project,*,7,15
2024-11-06T21:37:02.982-05:00,IdeState,Active,Project,*,7,15
2024-11-06T21:37:03.984-05:00,IdeState,Active,Project,*,7,15
2024-11-06T21:37:05.011-05:00,IdeState,Active,Editor,*,0,0
2024-11-06T21:37:06.052-05:00,IdeState,Active,Editor,*,7,15
2024-11-06T21:37:07.053-05:00,IdeState,Active,Editor,*,0,0
2024-11-06T21:37:08.054-05:00,IdeState,Active,Editor,*,21,21
2024-11-06T21:37:09.055-05:00,IdeState,Active,Editor,*,7,15
2024-11-06T21:37:10.057-05:00,IdeState,Active,Editor,*,21,21
2024-11-06T21:37:11.058-05:00,IdeState,Active,Editor,*,21,21
2024-11-06T21:37:12.058-05:00,IdeState,Active,Editor,*,21,21
2024-11-06T21:37:13.059-05:00,IdeState,Active,Editor,*,21,21
2024-11-06T21:37:14.067-05:00,IdeState,Active,Editor,*,21,21
2024-11-06T21:37:15.068-05:00,IdeState,Active,Editor,*,7,15
2024-11-06T21:37:16.069-05:00,IdeState,Active,Editor,*,7,15
2024-11-06T21:37:17.071-05:00,IdeState,Active,Editor,*,7,9
2024-11-06T21:37:18.071-05:00,IdeState,Active,Editor,*,7,5
2024-11-06T21:37:19.074-05:00,IdeState,Active,Editor,*,7,6
2024-11-06T21:37:20.076-05:00,IdeState,Active,Editor,*,7,7
2024-11-06T21:37:20.324-05:00,Action,EditorChooseLookupItem,Editor,*,7,7
2024-11-06T21:37:21.078-05:00,IdeState,Active,Editor,*,7,12
2024-11-06T21:37:22.079-05:00,IdeState,Active,Editor,*,7,13
2024-11-06T21:37:22.764-05:00,Action,EditorDown,Editor,*,7,13
2024-11-06T21:37:23.081-05:00,IdeState,Active,Editor,*,7,13
2024-11-06T21:37:23.131-05:00,Action,EditorChooseLookupItem,Editor,*,7,13
2024-11-06T21:37:24.082-05:00,IdeState,Active,Editor,*,7,27
2024-11-06T21:37:25.082-05:00,IdeState,Active,Editor,*,7,27
2024-11-06T21:37:26.083-05:00,IdeState,Active,Editor,*,7,27
2024-11-06T21:37:27.084-05:00,IdeState,Active,Editor,*,7,27
2024-11-06T21:37:28.085-05:00,IdeState,Active,Editor,*,8,6
2024-11-06T21:37:29.086-05:00,IdeState,Active,Editor,*,8,6
2024-11-06T21:37:30.087-05:00,IdeState,Active,Editor,*,8,6
2024-11-06T21:37:31.091-05:00,IdeState,Active,Editor,*,7,55
2024-11-06T21:37:32.091-05:00,IdeState,Active,Editor,*,13,42
2024-11-06T21:37:33.092-05:00,IdeState,Active,Editor,*,13,42
2024-11-06T21:37:34.093-05:00,IdeState,Active,Terminal,*,13,42
2024-11-06T21:37:35.093-05:00,IdeState,Active,Terminal,*,13,42
2024-11-06T21:37:36.094-05:00,IdeState,Active,Terminal,*,13,42
2024-11-06T21:37:37.096-05:00,IdeState,Active,Terminal,*,13,42
2024-11-06T21:37:38.096-05:00,IdeState,Active,Terminal,*,13,42
2024-11-06T21:37:39.097-05:00,IdeState,Active,Terminal,*,13,42
2024-11-06T21:37:40.098-05:00,IdeState,Active,Terminal,*,13,42
2024-11-06T21:37:41.099-05:00,IdeState,Active,Editor,*,11,32
2024-11-06T21:37:42.100-05:00,IdeState,Active,Editor,*,11,32
2024-11-06T21:37:42.427-05:00,Action,$Undo,Editor,*,11,32
2024-11-06T21:37:42.611-05:00,Action,$Undo,Editor,*,8,6
2024-11-06T21:37:42.813-05:00,Action,$Undo,Editor,*,8,5
2024-11-06T21:37:42.995-05:00,Action,$Undo,Editor,*,7,27
2024-11-06T21:37:43.101-05:00,IdeState,Active,Editor,*,7,13
2024-11-06T21:37:43.235-05:00,Action,$Undo,Editor,*,7,13
2024-11-06T21:37:43.443-05:00,Action,$Undo,Editor,*,7,12
2024-11-06T21:37:43.654-05:00,Action,$Undo,Editor,*,7,7
2024-11-06T21:37:44.102-05:00,IdeState,Active,Editor,*,7,5
2024-11-06T21:37:45.103-05:00,IdeState,Active,Editor,*,7,5
2024-11-06T21:37:46.105-05:00,IdeState,Active,Editor,*,7,5
2024-11-06T21:37:47.107-05:00,IdeState,Active,Editor,*,7,5
2024-11-06T21:37:48.109-05:00,IdeState,Active,Editor,*,7,5
2024-11-06T21:37:49.111-05:00,IdeState,Active,Project,*,7,5
2024-11-06T21:37:50.112-05:00,IdeState,Active,Project,*,7,5
2024-11-06T21:37:51.114-05:00,IdeState,Active,Project,*,7,5
2024-11-06T21:37:52.115-05:00,IdeState,Active,Project,*,7,5
2024-11-06T21:37:53.116-05:00,IdeState,Active,Editor,*,0,0
2024-11-06T21:37:54.118-05:00,IdeState,Active,Editor,*,0,0
2024-11-06T21:37:55.119-05:00,IdeState,Active,Editor,*,0,0
2024-11-06T21:37:56.120-05:00,IdeState,Active,Editor,*,0,0
2024-11-06T21:37:57.121-05:00,IdeState,Active,Editor,*,0,0
2024-11-06T21:37:58.123-05:00,IdeState,Active,Editor,*,0,0
2024-11-06T21:37:59.124-05:00,IdeState,Active,Editor,*,0,0
2024-11-06T21:38:00.126-05:00,IdeState,Active,Editor,*,0,0
2024-11-06T21:38:01.128-05:00,IdeState,Active,Editor,*,0,0
2024-11-06T21:38:02.128-05:00,IdeState,Active,Editor,*,0,0
2024-11-06T21:38:03.129-05:00,IdeState,Active,Editor,*,0,0
2024-11-06T21:38:04.133-05:00,IdeState,Active,Editor,*,0,0
2024-11-06T21:38:05.137-05:00,IdeState,Active,Editor,*,0,0
2024-11-06T21:38:06.139-05:00,IdeState,Active,Editor,*,0,0
2024-11-06T21:38:07.140-05:00,IdeState,Active,Editor,*,0,0
2024-11-06T21:38:08.141-05:00,IdeState,Active,Editor,*,0,0
2024-11-06T21:38:09.141-05:00,IdeState,Active,Editor,*,0,0
2024-11-06T21:38:10.142-05:00,IdeState,Active,Editor,*,0,0
2024-11-06T21:38:11.144-05:00,IdeState,Active,Editor,*,0,0
2024-11-06T21:38:12.145-05:00,IdeState,Active,Editor,*,0,0
2024-11-06T21:38:13.145-05:00,IdeState,Active,Editor,*,0,0
2024-11-06T21:38:14.146-05:00,IdeState,Active,Editor,*,0,0
2024-11-06T21:38:15.147-05:00,IdeState,Active,Editor,*,0,0
2024-11-06T21:38:16.153-05:00,IdeState,Active,Editor,*,0,0
2024-11-06T21:38:17.154-05:00,IdeState,Active,Editor,*,0,0
2024-11-06T21:38:18.155-05:00,IdeState,Active,Editor,*,0,0
2024-11-06T21:38:19.157-05:00,IdeState,Active,Editor,*,0,0
2024-11-06T21:38:20.158-05:00,IdeState,Active,Editor,*,0,0
2024-11-06T21:38:21.158-05:00,IdeState,Active,Editor,*,0,0
2024-11-06T21:39:32.012-05:00,IdeState,Inactive,,*,-1,-1
2024-11-06T21:39:33.305-05:00,IdeState,Active,Popup,*,-1,-1
2024-11-06T21:39:34.618-05:00,IdeState,Active,Popup,*,-1,-1
2024-11-06T21:39:36.257-05:00,IdeState,Inactive,,*,-1,-1
2024-11-06T21:39:37.764-05:00,IdeState,Inactive,,*,-1,-1
2024-11-06T21:39:38.786-05:00,IdeState,Inactive,,*,-1,-1
2024-11-06T21:39:39.796-05:00,IdeState,Inactive,,*,-1,-1
2024-11-06T21:39:40.844-05:00,IdeState,Active,Popup,*,0,0
2024-11-06T21:39:41.852-05:00,IdeState,Active,Popup,*,0,0
2024-11-06T21:39:42.872-05:00,IdeState,Inactive,,*,-1,-1
2024-11-06T21:39:43.875-05:00,IdeState,Inactive,,*,-1,-1
2024-11-06T21:39:44.888-05:00,IdeState,Inactive,,*,-1,-1
2024-11-06T21:39:45.889-05:00,IdeState,Inactive,,*,-1,-1
2024-11-06T21:39:46.891-05:00,IdeState,Inactive,,*,-1,-1
2024-11-06T21:39:47.892-05:00,IdeState,Inactive,,*,-1,-1
2024-11-06T21:39:48.893-05:00,IdeState,Inactive,,*,-1,-1
2024-11-06T21:39:49.895-05:00,IdeState,Inactive,,*,-1,-1
2024-11-06T21:39:50.895-05:00,IdeState,Inactive,,*,-1,-1
2024-11-06T21:39:51.907-05:00,IdeState,Inactive,,*,-1,-1
2024-11-06T21:39:52.911-05:00,IdeState,Inactive,,*,-1,-1
2024-11-06T21:39:53.912-05:00,IdeState,Inactive,,*,-1,-1
2024-11-06T21:39:54.913-05:00,IdeState,Inactive,,*,-1,-1
2024-11-06T21:39:55.920-05:00,IdeState,Inactive,,*,-1,-1
2024-11-06T21:39:56.933-05:00,IdeState,Inactive,,*,-1,-1
2024-11-06T21:39:57.934-05:00,IdeState,Inactive,,*,-1,-1
2024-11-06T21:39:58.945-05:00,IdeState,Inactive,,*,-1,-1
2024-11-06T21:39:59.950-05:00,IdeState,Inactive,,*,-1,-1
2024-11-06T21:40:00.952-05:00,IdeState,Inactive,,*,-1,-1
2024-11-06T21:40:01.965-05:00,IdeState,Inactive,,*,-1,-1
2024-11-06T21:40:02.976-05:00,IdeState,Inactive,,*,-1,-1
2024-11-06T21:40:03.992-05:00,IdeState,Inactive,,*,-1,-1
2024-11-06T21:40:05.003-05:00,IdeState,Inactive,,*,-1,-1
2024-11-06T21:40:06.006-05:00,IdeState,Inactive,,*,-1,-1
2024-11-06T21:40:07.008-05:00,IdeState,Inactive,,*,-1,-1
2024-11-06T21:40:08.023-05:00,IdeState,Inactive,,*,-1,-1
2024-11-06T21:40:09.026-05:00,IdeState,Inactive,,*,-1,-1
2024-11-06T21:40:10.037-05:00,IdeState,Inactive,,*,-1,-1
2024-11-06T21:40:11.048-05:00,IdeState,Inactive,,*,-1,-1
2024-11-06T21:40:12.061-05:00,IdeState,Inactive,,*,-1,-1
2024-11-06T21:40:13.066-05:00,IdeState,Inactive,,*,-1,-1
2024-11-06T21:40:14.080-05:00,IdeState,Inactive,,*,-1,-1
2024-11-06T21:40:15.091-05:00,IdeState,Inactive,,*,-1,-1
2024-11-06T21:40:16.102-05:00,IdeState,Inactive,,*,-1,-1
2024-11-06T21:40:17.113-05:00,IdeState,Inactive,,*,-1,-1
2024-11-06T21:40:18.120-05:00,IdeState,Inactive,,*,-1,-1
2024-11-06T21:40:19.133-05:00,IdeState,Inactive,,*,-1,-1
2024-11-06T21:40:20.143-05:00,IdeState,Inactive,,*,-1,-1
2024-11-06T21:40:21.157-05:00,IdeState,Inactive,,*,-1,-1
2024-11-06T21:40:22.170-05:00,IdeState,Inactive,,*,-1,-1
2024-11-06T21:40:23.183-05:00,IdeState,Inactive,,*,-1,-1
2024-11-06T21:40:24.184-05:00,IdeState,Inactive,,*,-1,-1
2024-11-06T21:40:25.197-05:00,IdeState,Inactive,,*,-1,-1
2024-11-06T21:40:26.207-05:00,IdeState,Inactive,,*,-1,-1
2024-11-06T21:40:27.215-05:00,IdeState,Active,Popup,*,0,0
2024-11-06T21:40:28.216-05:00,IdeState,Active,tasktracker,*,0,0
2024-11-06T21:40:29.219-05:00,IdeState,Active,Popup,*,0,0
2024-11-06T21:40:30.237-05:00,IdeState,Active,Popup,*,0,0
2024-11-06T21:40:31.238-05:00,IdeState,Inactive,,*,-1,-1
2024-11-07T11:47:54.050-05:00,IdeState,Inactive,,*,-1,-1
2024-11-07T11:47:55.635-05:00,IdeState,Inactive,,*,-1,-1
2024-11-07T11:47:56.739-05:00,IdeState,Inactive,,*,-1,-1
2024-11-07T11:47:57.743-05:00,IdeState,Inactive,,*,-1,-1
2024-11-07T11:47:58.751-05:00,IdeState,Inactive,,*,-1,-1
2024-11-07T11:47:59.756-05:00,IdeState,Inactive,,*,-1,-1
2024-11-07T11:48:00.766-05:00,IdeState,Inactive,,*,-1,-1
2024-11-07T11:48:02.160-05:00,IdeState,NoProject,,*,-1,-1
2024-11-07T11:48:03.735-05:00,IdeState,Active,Popup,*,-1,-1
2024-11-07T11:48:05.840-05:00,IdeState,Active,Popup,*,-1,-1
2024-11-07T11:48:07.257-05:00,IdeState,Active,Popup,*,0,0
2024-11-07T11:48:08.549-05:00,IdeState,Active,Popup,*,0,0
2024-11-07T11:48:09.614-05:00,IdeState,Active,Popup,*,0,0
2024-11-07T11:48:10.616-05:00,IdeState,Active,tasktracker,*,0,0
2024-11-07T11:48:11.620-05:00,IdeState,Active,tasktracker,*,0,0
2024-11-07T11:48:12.624-05:00,IdeState,Active,tasktracker,*,0,0
2024-11-07T11:48:21.106-05:00,IdeState,Active,Popup,*,-1,-1
2024-11-07T11:48:23.193-05:00,IdeState,Active,Popup,*,-1,-1
2024-11-07T11:48:24.310-05:00,IdeState,Active,Popup,*,-1,-1
2024-11-07T11:48:26.086-05:00,IdeState,Active,Popup,*,0,0
2024-11-07T11:48:27.697-05:00,IdeState,Active,Popup,*,0,0
2024-11-07T11:48:28.736-05:00,IdeState,Active,Popup,*,0,0
2024-11-07T11:48:29.739-05:00,IdeState,Active,tasktracker,*,0,0
2024-11-07T11:48:30.838-05:00,IdeState,Active,Project,*,0,0
2024-11-07T11:48:31.853-05:00,IdeState,Active,tasktracker,*,0,0
2024-11-07T11:48:32.854-05:00,IdeState,Active,tasktracker,*,0,0
2024-11-07T11:48:33.856-05:00,IdeState,Active,tasktracker,*,0,0
2024-11-07T11:48:34.858-05:00,IdeState,Active,tasktracker,*,0,0
2024-11-07T11:48:35.860-05:00,IdeState,Active,tasktracker,*,0,0
2024-11-07T11:48:36.861-05:00,IdeState,Active,tasktracker,*,0,0
2024-11-07T11:48:37.862-05:00,IdeState,Active,tasktracker,*,0,0
2024-11-07T11:48:38.921-05:00,IdeState,Active,tasktracker,*,-1,-1
2024-11-07T11:48:39.922-05:00,IdeState,Active,Editor,is_zero.py,28,15
2024-11-07T11:48:40.924-05:00,IdeState,Active,Editor,is_zero.py,28,15
2024-11-07T11:48:41.925-05:00,IdeState,Active,Editor,is_zero.py,28,15
2024-11-07T11:48:42.926-05:00,IdeState,Active,Editor,is_zero.py,28,15
2024-11-07T11:48:43.928-05:00,IdeState,Active,tasktracker,is_zero.py,28,15
2024-11-07T11:48:44.930-05:00,IdeState,Active,tasktracker,is_zero.py,28,15
2024-11-07T11:48:45.931-05:00,IdeState,Active,tasktracker,is_zero.py,28,15
2024-11-07T11:48:46.932-05:00,IdeState,Active,tasktracker,is_zero.py,28,15
2024-11-07T11:48:47.934-05:00,IdeState,Active,Editor,max_digit.py,0,0
2024-11-07T11:48:48.936-05:00,IdeState,Active,Editor,max_digit.py,0,0
2024-11-07T11:48:49.938-05:00,IdeState,Active,Editor,max_digit.py,0,0
2024-11-07T11:48:50.939-05:00,IdeState,Active,Editor,max_digit.py,0,0
2024-11-07T11:48:51.940-05:00,IdeState,Active,Editor,max_digit.py,0,0
2024-11-07T11:48:52.941-05:00,IdeState,Active,Editor,max_digit.py,0,0
2024-11-07T11:48:53.941-05:00,IdeState,Inactive,,*,-1,-1
2024-11-07T11:48:54.943-05:00,IdeState,Inactive,,*,-1,-1
2024-11-07T11:48:55.945-05:00,IdeState,Active,Editor,max_digit.py,0,0
2024-11-07T11:48:56.948-05:00,IdeState,Active,Editor,max_digit.py,0,0
2024-11-07T11:48:57.950-05:00,IdeState,Active,Editor,max_digit.py,0,0
2024-11-07T11:48:58.953-05:00,IdeState,Inactive,,*,-1,-1
2024-11-07T11:48:59.954-05:00,IdeState,Inactive,,*,-1,-1
2024-11-07T11:49:00.958-05:00,IdeState,Inactive,,*,-1,-1
2024-11-07T11:49:01.958-05:00,IdeState,Inactive,,*,-1,-1
2024-11-07T11:49:02.961-05:00,IdeState,Inactive,,*,-1,-1
2024-11-07T11:49:03.971-05:00,IdeState,Inactive,,*,-1,-1
2024-11-07T11:49:04.977-05:00,IdeState,Inactive,,*,-1,-1
2024-11-07T11:49:05.986-05:00,IdeState,Inactive,,*,-1,-1
2024-11-07T11:49:07.015-05:00,IdeState,Inactive,,*,-1,-1
2024-11-07T11:49:08.038-05:00,IdeState,Inactive,,*,-1,-1
2024-11-07T11:49:09.040-05:00,IdeState,Inactive,,*,-1,-1
2024-11-07T11:49:10.055-05:00,IdeState,Inactive,,*,-1,-1
2024-11-07T11:49:11.064-05:00,IdeState,Inactive,,*,-1,-1
2024-11-07T11:49:12.076-05:00,IdeState,Active,Editor,max_digit.py,0,0
2024-11-07T11:49:13.088-05:00,IdeState,Active,Editor,max_digit.py,0,0
2024-11-07T11:49:14.103-05:00,IdeState,Active,Editor,max_digit.py,0,0
2024-11-07T11:49:15.116-05:00,IdeState,Inactive,,*,-1,-1
2024-11-07T11:49:16.128-05:00,IdeState,Inactive,,*,-1,-1
2024-11-07T11:49:17.142-05:00,IdeState,Inactive,,*,-1,-1
2024-11-07T11:49:18.340-05:00,IdeState,Inactive,,*,-1,-1
2024-11-07T11:49:19.404-05:00,IdeState,Inactive,,*,-1,-1
2024-11-07T11:49:20.484-05:00,IdeState,Inactive,,*,-1,-1
2024-11-07T11:49:21.547-05:00,IdeState,Inactive,,*,-1,-1
2024-11-07T11:49:22.560-05:00,IdeState,Inactive,,*,-1,-1
2024-11-07T11:49:23.573-05:00,IdeState,Inactive,,*,-1,-1
2024-11-07T11:49:24.576-05:00,IdeState,Inactive,,*,-1,-1
2024-11-07T11:49:25.587-05:00,IdeState,Inactive,,*,-1,-1
2024-11-07T11:49:26.670-05:00,IdeState,Inactive,,*,-1,-1
2024-11-07T11:49:27.676-05:00,IdeState,Inactive,,*,-1,-1
2024-11-07T11:49:28.688-05:00,IdeState,Inactive,,*,-1,-1
2024-11-07T11:49:29.697-05:00,IdeState,Inactive,,*,-1,-1
2024-11-07T11:49:30.705-05:00,IdeState,Inactive,,*,-1,-1
2024-11-07T11:49:31.720-05:00,IdeState,Inactive,,*,-1,-1
2024-11-07T11:49:32.735-05:00,IdeState,Inactive,,*,-1,-1
2024-11-07T11:49:33.743-05:00,IdeState,Inactive,,*,-1,-1
2024-11-07T11:49:34.757-05:00,IdeState,Inactive,,*,-1,-1
2024-11-07T11:49:35.768-05:00,IdeState,Inactive,,*,-1,-1
2024-11-07T11:49:36.781-05:00,IdeState,Inactive,,*,-1,-1
2024-11-07T11:49:37.786-05:00,IdeState,Inactive,,*,-1,-1
2024-11-07T11:49:38.801-05:00,IdeState,Inactive,,*,-1,-1
2024-11-07T11:49:39.803-05:00,IdeState,Inactive,,*,-1,-1
2024-11-07T11:49:40.821-05:00,IdeState,Inactive,,*,-1,-1
2024-11-07T11:49:41.833-05:00,IdeState,Inactive,,*,-1,-1
2024-11-07T11:49:42.918-05:00,IdeState,Inactive,,*,-1,-1
2024-11-07T11:49:43.922-05:00,IdeState,Inactive,,*,-1,-1
2024-11-07T11:49:44.936-05:00,IdeState,Inactive,,*,-1,-1
2024-11-07T11:49:45.948-05:00,IdeState,Inactive,,*,-1,-1
2024-11-07T11:49:46.960-05:00,IdeState,Inactive,,*,-1,-1
2024-11-07T11:49:47.974-05:00,IdeState,Inactive,,*,-1,-1
2024-11-07T11:49:48.987-05:00,IdeState,Inactive,,*,-1,-1
2024-11-07T11:49:50.002-05:00,IdeState,Inactive,,*,-1,-1
2024-11-07T11:49:51.024-05:00,IdeState,Inactive,,*,-1,-1
2024-11-07T11:49:52.086-05:00,IdeState,Inactive,,*,-1,-1
2024-11-07T11:49:53.098-05:00,IdeState,Inactive,,*,-1,-1
2024-11-07T11:49:54.112-05:00,IdeState,Inactive,,*,-1,-1
2024-11-07T11:49:55.123-05:00,IdeState,Inactive,,*,-1,-1
2024-11-07T11:49:56.138-05:00,IdeState,Inactive,,*,-1,-1
2024-11-07T11:49:57.149-05:00,IdeState,Inactive,,*,-1,-1
2024-11-07T11:49:58.168-05:00,IdeState,Inactive,,*,-1,-1
2024-11-07T11:49:59.173-05:00,IdeState,Inactive,,*,-1,-1
2024-11-07T11:50:00.183-05:00,IdeState,Inactive,,*,-1,-1
2024-11-07T11:50:01.185-05:00,IdeState,Inactive,,*,-1,-1
2024-11-07T11:50:02.213-05:00,IdeState,Inactive,,*,-1,-1
2024-11-07T11:50:03.225-05:00,IdeState,Inactive,,*,-1,-1
2024-11-07T11:50:04.238-05:00,IdeState,Inactive,,*,-1,-1
2024-11-07T11:50:05.254-05:00,IdeState,Inactive,,*,-1,-1
2024-11-07T11:50:06.264-05:00,IdeState,Inactive,,*,-1,-1
2024-11-07T11:50:07.280-05:00,IdeState,Inactive,,*,-1,-1
2024-11-07T11:50:08.328-05:00,IdeState,Active,Editor,max_digit.py,0,0
2024-11-07T11:50:09.340-05:00,IdeState,Active,Editor,max_digit.py,0,0
2024-11-07T11:50:10.349-05:00,IdeState,Active,Editor,max_digit.py,0,0
2024-11-07T11:50:11.351-05:00,IdeState,Active,Editor,max_digit.py,0,0
2024-11-07T11:50:12.352-05:00,IdeState,Active,Popup,max_digit.py,2,22
2024-11-07T11:50:13.384-05:00,IdeState,Active,Editor,max_digit.py,2,9
2024-11-07T11:50:14.617-05:00,Action,EditorEnter,Editor,max_digit.py,2,22
2024-11-07T11:50:15.226-05:00,IdeState,Active,Editor,max_digit.py,3,0
2024-11-07T11:50:15.232-05:00,Action,EditorEnter,Editor,max_digit.py,3,0
2024-11-07T11:50:16.227-05:00,IdeState,Active,Editor,max_digit.py,4,0
2024-11-07T11:50:17.230-05:00,IdeState,Active,Editor,max_digit.py,4,0
2024-11-07T11:50:17.723-05:00,Action,EditorBackSpace,Editor,max_digit.py,4,0
2024-11-07T11:50:18.232-05:00,IdeState,Active,Editor,max_digit.py,3,0
2024-11-07T11:50:19.235-05:00,IdeState,Active,Editor,max_digit.py,3,0
2024-11-07T11:50:20.236-05:00,IdeState,Active,Editor,max_digit.py,3,0
2024-11-07T11:50:21.237-05:00,IdeState,Active,Editor,max_digit.py,3,0
2024-11-07T11:50:22.348-05:00,IdeState,Active,Editor,max_digit.py,3,2
2024-11-07T11:50:23.362-05:00,IdeState,Active,Editor,max_digit.py,3,8
2024-11-07T11:50:24.364-05:00,IdeState,Active,Editor,max_digit.py,3,17
2024-11-07T11:50:25.365-05:00,IdeState,Active,Editor,max_digit.py,3,24
2024-11-07T11:50:26.341-05:00,Action,EditorEnter,Editor,max_digit.py,3,31
2024-11-07T11:50:26.369-05:00,IdeState,Active,Editor,max_digit.py,4,0
2024-11-07T11:50:26.485-05:00,Action,EditorEnter,Editor,max_digit.py,4,0
2024-11-07T11:50:27.372-05:00,IdeState,Active,Editor,max_digit.py,5,4
2024-11-07T11:50:28.374-05:00,IdeState,Active,Editor,max_digit.py,5,12
2024-11-07T11:50:29.392-05:00,IdeState,Active,Editor,max_digit.py,5,17
2024-11-07T11:50:30.398-05:00,IdeState,Active,Editor,max_digit.py,5,22
2024-11-07T11:50:31.112-05:00,Action,EditorRight,Editor,max_digit.py,5,26
2024-11-07T11:50:31.399-05:00,IdeState,Active,Editor,max_digit.py,5,27
2024-11-07T11:50:31.687-05:00,Action,EditorBackSpace,Editor,max_digit.py,5,27
2024-11-07T11:50:31.826-05:00,Action,EditorBackSpace,Editor,max_digit.py,5,26
2024-11-07T11:50:32.000-05:00,Action,EditorBackSpace,Editor,max_digit.py,5,25
2024-11-07T11:50:32.166-05:00,Action,EditorBackSpace,Editor,max_digit.py,5,24
2024-11-07T11:50:32.312-05:00,Action,EditorBackSpace,Editor,max_digit.py,5,23
2024-11-07T11:50:32.401-05:00,IdeState,Active,Editor,max_digit.py,5,22
2024-11-07T11:50:33.403-05:00,IdeState,Active,Editor,max_digit.py,5,28
2024-11-07T11:50:33.431-05:00,Action,EditorEnter,Editor,max_digit.py,5,28
2024-11-07T11:50:34.405-05:00,IdeState,Active,Editor,max_digit.py,6,4
2024-11-07T11:50:35.407-05:00,IdeState,Active,Editor,max_digit.py,6,9
2024-11-07T11:50:36.409-05:00,IdeState,Active,Editor,max_digit.py,6,17
2024-11-07T11:50:37.440-05:00,IdeState,Active,Editor,max_digit.py,6,21
2024-11-07T11:50:38.445-05:00,IdeState,Active,Editor,max_digit.py,6,27
2024-11-07T11:50:39.448-05:00,IdeState,Active,Editor,max_digit.py,6,33
2024-11-07T11:50:39.806-05:00,Action,EditorBackSpace,Editor,max_digit.py,6,34
2024-11-07T11:50:39.948-05:00,Action,EditorBackSpace,Editor,max_digit.py,6,33
2024-11-07T11:50:40.450-05:00,IdeState,Active,Editor,max_digit.py,6,35
2024-11-07T11:50:41.452-05:00,IdeState,Active,Editor,max_digit.py,6,39
2024-11-07T11:50:41.531-05:00,Action,EditorRight,Editor,max_digit.py,6,39
2024-11-07T11:50:42.455-05:00,IdeState,Active,Editor,max_digit.py,6,40
2024-11-07T11:50:42.701-05:00,Action,EditorEnter,Editor,max_digit.py,6,40
2024-11-07T11:50:43.455-05:00,IdeState,Active,Editor,max_digit.py,7,4
2024-11-07T11:50:44.462-05:00,IdeState,Active,Editor,max_digit.py,7,9
2024-11-07T11:50:45.455-05:00,Action,EditorBackSpace,Editor,max_digit.py,7,16
2024-11-07T11:50:45.465-05:00,IdeState,Active,Editor,max_digit.py,7,15
2024-11-07T11:50:45.583-05:00,Action,EditorBackSpace,Editor,max_digit.py,7,15
2024-11-07T11:50:46.468-05:00,IdeState,Active,Editor,max_digit.py,7,18
2024-11-07T11:50:47.470-05:00,IdeState,Active,Editor,max_digit.py,7,23
2024-11-07T11:50:47.902-05:00,Action,EditorBackSpace,Editor,max_digit.py,7,24
2024-11-07T11:50:48.471-05:00,IdeState,Active,Editor,max_digit.py,7,25
2024-11-07T11:50:49.471-05:00,IdeState,Active,Editor,max_digit.py,7,29
2024-11-07T11:50:50.473-05:00,IdeState,Active,Editor,max_digit.py,7,36
2024-11-07T11:50:51.475-05:00,IdeState,Active,Editor,max_digit.py,7,43
2024-11-07T11:50:51.905-05:00,Action,EditorRight,Editor,max_digit.py,7,44
2024-11-07T11:50:52.051-05:00,Action,EditorRight,Editor,max_digit.py,7,45
2024-11-07T11:50:52.478-05:00,IdeState,Active,Editor,max_digit.py,7,46
2024-11-07T11:50:52.945-05:00,Action,EditorEnter,Editor,max_digit.py,7,46
2024-11-07T11:50:53.096-05:00,Action,EditorEnter,Editor,max_digit.py,8,4
2024-11-07T11:50:53.495-05:00,Action,EditorBackSpace,Editor,max_digit.py,9,4
2024-11-07T11:50:53.600-05:00,IdeState,Active,Editor,max_digit.py,9,0
2024-11-07T11:50:54.003-05:00,Action,EditorBackSpace,Editor,max_digit.py,9,0
2024-11-07T11:50:54.606-05:00,IdeState,Active,Editor,max_digit.py,8,6
2024-11-07T11:50:55.607-05:00,IdeState,Active,Editor,max_digit.py,8,11
2024-11-07T11:50:56.609-05:00,IdeState,Active,Editor,max_digit.py,8,17
2024-11-07T11:50:57.610-05:00,IdeState,Active,Editor,max_digit.py,8,17
2024-11-07T11:50:58.382-05:00,Action,EditorBackSpace,Editor,max_digit.py,8,21
2024-11-07T11:50:58.614-05:00,IdeState,Active,Editor,max_digit.py,8,22
2024-11-07T11:50:59.619-05:00,IdeState,Active,Editor,max_digit.py,8,26
2024-11-07T11:51:00.628-05:00,IdeState,Active,Editor,max_digit.py,8,32
2024-11-07T11:51:01.629-05:00,IdeState,Active,Editor,max_digit.py,8,41
2024-11-07T11:51:02.631-05:00,IdeState,Active,Editor,max_digit.py,8,47
2024-11-07T11:51:03.632-05:00,IdeState,Active,Editor,max_digit.py,8,54
2024-11-07T11:51:04.633-05:00,IdeState,Active,Editor,max_digit.py,8,59
2024-11-07T11:51:05.634-05:00,IdeState,Active,Editor,max_digit.py,8,62
2024-11-07T11:51:06.636-05:00,IdeState,Active,Editor,max_digit.py,8,72
2024-11-07T11:51:07.638-05:00,IdeState,Active,Editor,max_digit.py,8,73
2024-11-07T11:51:07.722-05:00,Action,EditorRight,Editor,max_digit.py,8,73
2024-11-07T11:51:08.640-05:00,IdeState,Active,Editor,max_digit.py,8,75
2024-11-07T11:51:09.641-05:00,IdeState,Active,Editor,max_digit.py,8,75
2024-11-07T11:51:10.646-05:00,IdeState,Active,Editor,max_digit.py,8,79
2024-11-07T11:51:11.661-05:00,IdeState,Active,Editor,max_digit.py,8,84
2024-11-07T11:51:12.663-05:00,IdeState,Active,Editor,max_digit.py,8,85
2024-11-07T11:51:12.826-05:00,Action,EditorBackSpace,Editor,max_digit.py,8,85
2024-11-07T11:51:13.664-05:00,IdeState,Active,Editor,max_digit.py,8,86
2024-11-07T11:51:14.665-05:00,IdeState,Active,Editor,max_digit.py,8,92
2024-11-07T11:51:15.666-05:00,IdeState,Active,Editor,max_digit.py,8,100
2024-11-07T11:51:16.130-05:00,Action,EditorRight,Editor,max_digit.py,8,100
2024-11-07T11:51:16.545-05:00,Action,EditorEnter,Editor,max_digit.py,8,101
2024-11-07T11:51:16.667-05:00,IdeState,Active,Editor,max_digit.py,9,4
2024-11-07T11:51:16.688-05:00,Action,EditorEnter,Editor,max_digit.py,9,4
2024-11-07T11:51:17.668-05:00,IdeState,Active,Editor,max_digit.py,10,4
2024-11-07T11:51:18.669-05:00,IdeState,Active,Editor,max_digit.py,10,4
2024-11-07T11:51:19.672-05:00,IdeState,Active,Editor,max_digit.py,10,7
2024-11-07T11:51:20.148-05:00,Action,InsertInlineCompletionAction,Editor,max_digit.py,10,10
2024-11-07T11:51:20.673-05:00,IdeState,Active,Editor,max_digit.py,10,34
2024-11-07T11:51:20.721-05:00,Action,EditorBackSpace,Editor,max_digit.py,10,34
2024-11-07T11:51:20.887-05:00,Action,EditorBackSpace,Editor,max_digit.py,10,33
2024-11-07T11:51:21.397-05:00,Action,EditorBackSpace,Editor,max_digit.py,10,32
2024-11-07T11:51:21.427-05:00,Action,EditorBackSpace,Editor,max_digit.py,10,31
2024-11-07T11:51:21.462-05:00,Action,EditorBackSpace,Editor,max_digit.py,10,30
2024-11-07T11:51:21.495-05:00,Action,EditorBackSpace,Editor,max_digit.py,10,29
2024-11-07T11:51:21.525-05:00,Action,EditorBackSpace,Editor,max_digit.py,10,28
2024-11-07T11:51:21.557-05:00,Action,EditorBackSpace,Editor,max_digit.py,10,27
2024-11-07T11:51:21.590-05:00,Action,EditorBackSpace,Editor,max_digit.py,10,26
2024-11-07T11:51:21.626-05:00,Action,EditorBackSpace,Editor,max_digit.py,10,25
2024-11-07T11:51:21.658-05:00,Action,EditorBackSpace,Editor,max_digit.py,10,24
2024-11-07T11:51:21.679-05:00,IdeState,Active,Editor,max_digit.py,10,23
2024-11-07T11:51:21.697-05:00,Action,EditorBackSpace,Editor,max_digit.py,10,23
2024-11-07T11:51:21.725-05:00,Action,EditorBackSpace,Editor,max_digit.py,10,22
2024-11-07T11:51:21.757-05:00,Action,EditorBackSpace,Editor,max_digit.py,10,21
2024-11-07T11:51:21.790-05:00,Action,EditorBackSpace,Editor,max_digit.py,10,20
2024-11-07T11:51:21.823-05:00,Action,EditorBackSpace,Editor,max_digit.py,10,19
2024-11-07T11:51:21.856-05:00,Action,EditorBackSpace,Editor,max_digit.py,10,18
2024-11-07T11:51:21.887-05:00,Action,EditorBackSpace,Editor,max_digit.py,10,17
2024-11-07T11:51:21.920-05:00,Action,EditorBackSpace,Editor,max_digit.py,10,16
2024-11-07T11:51:21.953-05:00,Action,EditorBackSpace,Editor,max_digit.py,10,15
2024-11-07T11:51:21.986-05:00,Action,EditorBackSpace,Editor,max_digit.py,10,14
2024-11-07T11:51:22.079-05:00,Action,EditorBackSpace,Editor,max_digit.py,10,13
2024-11-07T11:51:22.680-05:00,IdeState,Active,Editor,max_digit.py,10,13
2024-11-07T11:51:23.681-05:00,IdeState,Active,Editor,max_digit.py,10,18
2024-11-07T11:51:24.681-05:00,IdeState,Active,Editor,max_digit.py,10,18
2024-11-07T11:51:24.721-05:00,Action,EditorDown,Editor,max_digit.py,10,18
2024-11-07T11:51:24.963-05:00,Action,EditorChooseLookupItem,Editor,max_digit.py,10,18
2024-11-07T11:51:25.684-05:00,IdeState,Active,Editor,max_digit.py,10,35
2024-11-07T11:51:26.086-05:00,Action,EditorRight,Editor,max_digit.py,10,35
2024-11-07T11:51:26.512-05:00,Action,EditorEnter,Editor,max_digit.py,10,36
2024-11-07T11:51:26.675-05:00,Action,EditorEnter,Editor,max_digit.py,11,0
2024-11-07T11:51:26.685-05:00,IdeState,Active,Editor,max_digit.py,12,0
2024-11-07T11:51:27.687-05:00,IdeState,Active,Editor,max_digit.py,12,0
2024-11-07T11:51:28.689-05:00,IdeState,Active,Editor,max_digit.py,12,0
2024-11-07T11:51:29.690-05:00,IdeState,Active,Editor,max_digit.py,12,6
2024-11-07T11:51:30.691-05:00,IdeState,Active,Editor,max_digit.py,12,12
2024-11-07T11:51:31.760-05:00,IdeState,Active,Editor,max_digit.py,12,17
2024-11-07T11:51:32.073-05:00,Action,EditorBackSpace,Editor,max_digit.py,12,17
2024-11-07T11:51:32.761-05:00,IdeState,Active,Editor,max_digit.py,12,19
2024-11-07T11:51:33.762-05:00,IdeState,Active,Editor,max_digit.py,12,19
2024-11-07T11:51:34.764-05:00,IdeState,Active,Editor,max_digit.py,12,20
2024-11-07T11:51:35.766-05:00,IdeState,Active,Editor,max_digit.py,12,23
2024-11-07T11:51:36.679-05:00,Action,EditorRight,Editor,max_digit.py,12,25
2024-11-07T11:51:36.767-05:00,IdeState,Active,Editor,max_digit.py,12,26
2024-11-07T11:51:36.859-05:00,Action,EditorRight,Editor,max_digit.py,12,26
2024-11-07T11:51:37.028-05:00,Action,EditorRight,Editor,max_digit.py,12,27
2024-11-07T11:51:37.202-05:00,Action,EditorRight,Editor,max_digit.py,12,28
2024-11-07T11:51:37.507-05:00,Action,EditorEnter,Editor,max_digit.py,12,28
2024-11-07T11:51:37.769-05:00,IdeState,Active,Editor,max_digit.py,13,0
2024-11-07T11:51:38.770-05:00,IdeState,Active,Editor,max_digit.py,13,5
2024-11-07T11:51:39.774-05:00,IdeState,Active,Editor,max_digit.py,13,8
2024-11-07T11:51:39.797-05:00,Action,EditorBackSpace,Editor,max_digit.py,13,9
2024-11-07T11:51:40.200-05:00,Action,EditorBackSpace,Editor,max_digit.py,13,9
2024-11-07T11:51:40.347-05:00,Action,EditorBackSpace,Editor,max_digit.py,13,8
2024-11-07T11:51:40.780-05:00,IdeState,Active,Editor,max_digit.py,13,9
2024-11-07T11:51:41.782-05:00,IdeState,Active,Editor,max_digit.py,13,15
2024-11-07T11:51:42.782-05:00,IdeState,Active,Editor,max_digit.py,13,16
2024-11-07T11:51:43.643-05:00,Action,EditorLeft,Editor,max_digit.py,13,16
2024-11-07T11:51:43.784-05:00,IdeState,Active,Editor,max_digit.py,13,15
2024-11-07T11:51:44.786-05:00,IdeState,Active,Editor,max_digit.py,13,17
2024-11-07T11:51:45.787-05:00,IdeState,Active,Editor,max_digit.py,13,19
2024-11-07T11:51:46.789-05:00,IdeState,Active,Editor,max_digit.py,13,22
2024-11-07T11:51:47.791-05:00,IdeState,Active,Editor,max_digit.py,13,23
2024-11-07T11:51:48.792-05:00,IdeState,Active,Editor,max_digit.py,13,24
2024-11-07T11:51:49.793-05:00,IdeState,Active,Editor,max_digit.py,13,24
2024-11-07T11:51:50.794-05:00,IdeState,Active,Editor,max_digit.py,13,26
2024-11-07T11:51:51.796-05:00,IdeState,Active,Editor,max_digit.py,13,29
2024-11-07T11:51:52.139-05:00,Action,EditorRight,Editor,max_digit.py,13,29
2024-11-07T11:51:52.313-05:00,Action,EditorRight,Editor,max_digit.py,13,30
2024-11-07T11:51:52.475-05:00,Action,EditorRight,Editor,max_digit.py,13,31
2024-11-07T11:51:52.798-05:00,IdeState,Active,Editor,max_digit.py,13,32
2024-11-07T11:51:52.940-05:00,Action,EditorEnter,Editor,max_digit.py,13,32
2024-11-07T11:51:53.798-05:00,IdeState,Active,Editor,max_digit.py,14,1
2024-11-07T11:51:54.823-05:00,IdeState,Active,Editor,max_digit.py,14,9
2024-11-07T11:51:55.445-05:00,Action,EditorBackSpace,Editor,max_digit.py,14,10
2024-11-07T11:51:55.844-05:00,IdeState,Active,Editor,max_digit.py,14,10
2024-11-07T11:51:56.846-05:00,IdeState,Active,Editor,max_digit.py,14,15
2024-11-07T11:51:57.847-05:00,IdeState,Active,Editor,max_digit.py,14,18
2024-11-07T11:51:58.761-05:00,Action,EditorUp,Editor,max_digit.py,14,18
2024-11-07T11:51:58.849-05:00,IdeState,Active,Editor,max_digit.py,13,18
2024-11-07T11:51:59.157-05:00,Action,EditorBackSpace,Editor,max_digit.py,13,18
2024-11-07T11:51:59.626-05:00,Action,EditorBackSpace,Editor,max_digit.py,13,17
2024-11-07T11:51:59.851-05:00,IdeState,Active,Editor,max_digit.py,13,16
2024-11-07T11:52:00.877-05:00,IdeState,Active,Editor,max_digit.py,13,17
2024-11-07T11:52:01.609-05:00,Action,EditorLeft,Editor,max_digit.py,13,17
2024-11-07T11:52:01.879-05:00,IdeState,Active,Editor,max_digit.py,13,16
2024-11-07T11:52:01.984-05:00,Action,EditorRightWithSelection,Editor,max_digit.py,13,16
2024-11-07T11:52:02.490-05:00,Action,EditorRightWithSelection,Editor,max_digit.py,13,17
2024-11-07T11:52:02.522-05:00,Action,EditorRightWithSelection,Editor,max_digit.py,13,18
2024-11-07T11:52:02.557-05:00,Action,EditorRightWithSelection,Editor,max_digit.py,13,19
2024-11-07T11:52:02.589-05:00,Action,EditorRightWithSelection,Editor,max_digit.py,13,20
2024-11-07T11:52:02.620-05:00,Action,EditorRightWithSelection,Editor,max_digit.py,13,21
2024-11-07T11:52:02.656-05:00,Action,EditorRightWithSelection,Editor,max_digit.py,13,22
2024-11-07T11:52:02.684-05:00,Action,EditorRightWithSelection,Editor,max_digit.py,13,23
2024-11-07T11:52:02.719-05:00,Action,EditorRightWithSelection,Editor,max_digit.py,13,24
2024-11-07T11:52:02.756-05:00,Action,EditorRightWithSelection,Editor,max_digit.py,13,25
2024-11-07T11:52:02.784-05:00,Action,EditorRightWithSelection,Editor,max_digit.py,13,26
2024-11-07T11:52:02.819-05:00,Action,EditorRightWithSelection,Editor,max_digit.py,13,27
2024-11-07T11:52:02.852-05:00,Action,EditorRightWithSelection,Editor,max_digit.py,13,28
2024-11-07T11:52:02.880-05:00,IdeState,Active,Editor,max_digit.py,13,29
2024-11-07T11:52:02.886-05:00,Action,EditorRightWithSelection,Editor,max_digit.py,13,29
2024-11-07T11:52:03.446-05:00,Action,EditorLeftWithSelection,Editor,max_digit.py,13,30
2024-11-07T11:52:03.642-05:00,Action,EditorLeftWithSelection,Editor,max_digit.py,13,29
2024-11-07T11:52:03.881-05:00,IdeState,Active,Editor,max_digit.py,13,28
2024-11-07T11:52:04.873-05:00,Action,EditorRight,Editor,max_digit.py,13,29
2024-11-07T11:52:04.900-05:00,IdeState,Active,Editor,max_digit.py,13,29
2024-11-07T11:52:05.062-05:00,Action,EditorRight,Editor,max_digit.py,13,29
2024-11-07T11:52:05.238-05:00,Action,EditorRight,Editor,max_digit.py,13,30
2024-11-07T11:52:05.632-05:00,Action,EditorBackSpace,Editor,max_digit.py,13,31
2024-11-07T11:52:05.911-05:00,IdeState,Active,Editor,max_digit.py,13,30
2024-11-07T11:52:06.913-05:00,IdeState,Active,Editor,max_digit.py,13,30
2024-11-07T11:52:07.914-05:00,IdeState,Active,Editor,max_digit.py,13,30
2024-11-07T11:52:08.917-05:00,IdeState,Active,Editor,max_digit.py,13,30
2024-11-07T11:52:09.918-05:00,IdeState,Active,Editor,max_digit.py,13,30
2024-11-07T11:52:10.920-05:00,IdeState,Active,Editor,max_digit.py,13,30
2024-11-07T11:52:11.253-05:00,Action,Run,Editor,max_digit.py,13,30
2024-11-07T11:52:11.707-05:00,Execution,"Run:'Python: max_digit':C:\Python\Python312\python.exe ""C:\Users\Daniel\Documents\Ontario Tech\Computer Science Thesis Project\task-tracker-post-processing\tasktracker\python\max_digit.py"" ",Editor,max_digit.py,13,30
2024-11-07T11:52:11.922-05:00,IdeState,Active,Editor,max_digit.py,13,30
2024-11-07T11:52:12.923-05:00,IdeState,Active,Editor,max_digit.py,13,30
2024-11-07T11:52:13.924-05:00,IdeState,Active,Editor,max_digit.py,13,30
2024-11-07T11:52:14.924-05:00,IdeState,Active,Editor,max_digit.py,13,30
2024-11-07T11:52:15.925-05:00,IdeState,Active,Editor,max_digit.py,13,30
2024-11-07T11:52:16.927-05:00,IdeState,Active,Editor,max_digit.py,13,30
2024-11-07T11:52:17.928-05:00,IdeState,Active,Editor,max_digit.py,13,30
2024-11-07T11:52:18.929-05:00,IdeState,Active,Editor,max_digit.py,13,30
2024-11-07T11:52:19.931-05:00,IdeState,Active,Editor,max_digit.py,13,30
