2024-11-13T09:51:36.257-05:00,IdeState,Active,tasktracker,*,-1,-1
2024-11-13T09:51:37.258-05:00,IdeState,Active,Editor,pies.py,2,22
2024-11-13T09:51:37.536-05:00,Action,EditorEnter,Editor,pies.py,2,22
2024-11-13T09:51:38.259-05:00,IdeState,Active,Editor,pies.py,3,2
2024-11-13T09:51:38.400-05:00,Action,EditorBackSpace,Editor,pies.py,3,2
2024-11-13T09:51:39.261-05:00,IdeState,Active,Editor,pies.py,3,6
2024-11-13T09:51:40.263-05:00,IdeState,Active,Editor,pies.py,3,11
2024-11-13T09:51:40.480-05:00,Action,EditorBackSpace,Editor,pies.py,3,11
2024-11-13T09:51:41.271-05:00,IdeState,Active,Editor,pies.py,3,16
2024-11-13T09:51:42.273-05:00,IdeState,Active,Editor,pies.py,3,18
2024-11-13T09:51:43.274-05:00,IdeState,Active,Editor,pies.py,3,18
2024-11-13T09:51:44.275-05:00,IdeState,Active,Project,*,-1,-1
2024-11-13T09:51:45.276-05:00,IdeState,Active,Project,*,-1,-1
2024-11-13T09:51:46.276-05:00,IdeState,Active,Dialog,*,-1,-1
2024-11-13T09:51:47.279-05:00,IdeState,Active,Dialog,*,-1,-1
2024-11-13T09:51:48.280-05:00,IdeState,Active,Dialog,*,-1,-1
2024-11-13T09:51:49.281-05:00,IdeState,Active,Dialog,*,-1,-1
2024-11-13T09:51:50.282-05:00,IdeState,Active,Dialog,*,-1,-1
2024-11-13T09:51:51.284-05:00,IdeState,Active,Project,*,-1,-1
2024-11-13T09:51:52.285-05:00,IdeState,Inactive,,*,-1,-1
2024-11-13T09:51:53.288-05:00,IdeState,Inactive,,*,-1,-1
2024-11-13T09:51:54.290-05:00,IdeState,Inactive,,*,-1,-1
2024-11-13T09:51:55.291-05:00,IdeState,Inactive,,*,-1,-1
2024-11-13T09:51:56.293-05:00,IdeState,Inactive,,*,-1,-1
2024-11-13T09:51:57.296-05:00,IdeState,Inactive,,*,-1,-1
2024-11-13T09:51:58.296-05:00,IdeState,Inactive,,*,-1,-1
2024-11-13T09:51:59.312-05:00,IdeState,Inactive,,*,-1,-1
2024-11-13T09:52:00.315-05:00,IdeState,Inactive,,*,-1,-1
2024-11-13T09:52:01.316-05:00,IdeState,Inactive,,*,-1,-1
2024-11-13T09:52:02.317-05:00,IdeState,Inactive,,*,-1,-1
2024-11-13T09:52:03.318-05:00,IdeState,Inactive,,*,-1,-1
2024-11-13T09:52:04.320-05:00,IdeState,Inactive,,*,-1,-1
2024-11-13T09:52:05.323-05:00,IdeState,Inactive,,*,-1,-1
2024-11-13T09:52:06.324-05:00,IdeState,Inactive,,*,-1,-1
2024-11-13T09:52:07.327-05:00,IdeState,Inactive,,*,-1,-1
2024-11-13T09:52:08.328-05:00,IdeState,Inactive,,*,-1,-1
2024-11-13T09:52:09.330-05:00,IdeState,Inactive,,*,-1,-1
2024-11-13T09:52:10.331-05:00,IdeState,Inactive,,*,-1,-1
2024-11-13T09:52:11.333-05:00,IdeState,Inactive,,*,-1,-1
2024-11-13T09:52:12.334-05:00,IdeState,Inactive,,*,-1,-1
2024-11-13T09:52:13.335-05:00,IdeState,Inactive,,*,-1,-1
2024-11-13T09:52:14.337-05:00,IdeState,Inactive,,*,-1,-1
2024-11-13T09:52:15.339-05:00,IdeState,Inactive,,*,-1,-1
2024-11-13T09:52:16.340-05:00,IdeState,Inactive,,*,-1,-1
2024-11-13T09:52:17.343-05:00,IdeState,Inactive,,*,-1,-1
2024-11-13T09:52:18.344-05:00,IdeState,Inactive,,*,-1,-1
2024-11-13T09:52:19.346-05:00,IdeState,Inactive,,*,-1,-1
2024-11-13T09:52:20.346-05:00,IdeState,Inactive,,*,-1,-1
2024-11-13T09:52:21.349-05:00,IdeState,Inactive,,*,-1,-1
2024-11-13T09:52:22.351-05:00,IdeState,Inactive,,*,-1,-1
2024-11-13T09:52:23.353-05:00,IdeState,Inactive,,*,-1,-1
2024-11-13T09:52:24.355-05:00,IdeState,Inactive,,*,-1,-1
2024-11-13T09:52:25.356-05:00,IdeState,Inactive,,*,-1,-1
2024-11-13T09:52:26.359-05:00,IdeState,Inactive,,*,-1,-1
2024-11-13T09:52:27.360-05:00,IdeState,Inactive,,*,-1,-1
2024-11-13T09:52:28.362-05:00,IdeState,Inactive,,*,-1,-1
2024-11-13T09:52:29.362-05:00,IdeState,Inactive,,*,-1,-1
2024-11-13T09:52:30.364-05:00,IdeState,Inactive,,*,-1,-1
2024-11-13T09:52:31.365-05:00,IdeState,Inactive,,*,-1,-1
2024-11-13T09:52:32.366-05:00,IdeState,Inactive,,*,-1,-1
2024-11-13T09:52:33.368-05:00,IdeState,Inactive,,*,-1,-1
2024-11-13T09:52:34.369-05:00,IdeState,Inactive,,*,-1,-1
2024-11-13T09:52:35.370-05:00,IdeState,Inactive,,*,-1,-1
2024-11-13T09:52:36.371-05:00,IdeState,Inactive,,*,-1,-1
2024-11-13T09:52:37.373-05:00,IdeState,Inactive,,*,-1,-1
2024-11-13T09:52:38.375-05:00,IdeState,Inactive,,*,-1,-1
2024-11-13T09:52:39.378-05:00,IdeState,Inactive,,*,-1,-1
2024-11-13T09:52:40.389-05:00,IdeState,Inactive,,*,-1,-1
2024-11-13T09:52:41.392-05:00,IdeState,Inactive,,*,-1,-1
2024-11-13T09:52:42.395-05:00,IdeState,Inactive,,*,-1,-1
2024-11-13T09:52:43.398-05:00,IdeState,Inactive,,*,-1,-1
2024-11-13T09:52:44.402-05:00,IdeState,Inactive,,*,-1,-1
2024-11-13T09:52:45.403-05:00,IdeState,Inactive,,*,-1,-1
2024-11-13T09:52:46.404-05:00,IdeState,Inactive,,*,-1,-1
2024-11-13T09:52:47.405-05:00,IdeState,Inactive,,*,-1,-1
2024-11-13T09:52:48.407-05:00,IdeState,Active,Project,*,-1,-1
2024-11-13T09:52:49.443-05:00,IdeState,Active,Popup,*,-1,-1
2024-11-13T09:52:50.446-05:00,IdeState,Active,Popup,*,-1,-1
2024-11-13T09:52:51.432-05:00,Action,OpenFile,Popup,*,-1,-1
2024-11-13T09:52:51.740-05:00,IdeState,Active,Popup,*,-1,-1
2024-11-13T09:52:52.741-05:00,IdeState,Active,Popup,*,-1,-1
2024-11-13T09:52:53.743-05:00,IdeState,Active,Popup,*,-1,-1
2024-11-13T09:52:54.744-05:00,IdeState,Active,Popup,*,-1,-1
2024-11-13T09:52:55.746-05:00,IdeState,Active,Popup,*,-1,-1
2024-11-13T09:52:56.748-05:00,IdeState,Active,Popup,*,-1,-1
2024-11-13T09:52:57.750-05:00,IdeState,Active,Popup,*,-1,-1
2024-11-13T09:52:58.750-05:00,IdeState,Active,Popup,*,-1,-1
2024-11-13T09:52:59.752-05:00,IdeState,Active,Popup,*,-1,-1
2024-11-13T09:53:00.754-05:00,IdeState,Active,Popup,*,-1,-1
2024-11-13T09:53:01.773-05:00,IdeState,Active,Popup,*,-1,-1
2024-11-13T09:53:02.891-05:00,IdeState,Active,Popup,*,-1,-1
2024-11-13T09:53:04.642-05:00,IdeState,Active,Popup,*,0,0
2024-11-13T09:53:05.695-05:00,IdeState,Active,Popup,*,0,0
2024-11-13T09:53:06.697-05:00,IdeState,Active,Popup,*,0,0
2024-11-13T09:53:07.699-05:00,IdeState,Active,Popup,*,0,0
2024-11-13T09:53:08.885-05:00,IdeState,Active,Popup,*,0,0
2024-11-13T09:53:09.887-05:00,IdeState,Active,Popup,*,0,0
2024-11-13T09:53:10.889-05:00,IdeState,Active,Popup,*,0,0
2024-11-13T09:53:11.890-05:00,IdeState,Active,Popup,*,0,0
2024-11-13T09:53:12.891-05:00,IdeState,Active,Popup,*,0,0
2024-11-13T09:53:13.892-05:00,IdeState,Active,Popup,*,0,0
2024-11-13T09:53:14.918-05:00,IdeState,Active,Popup,*,0,0
2024-11-13T09:53:15.920-05:00,IdeState,Active,Popup,*,0,0
2024-11-13T09:53:16.922-05:00,IdeState,Active,Popup,*,0,0
2024-11-13T09:53:17.923-05:00,IdeState,Active,Popup,*,0,0
2024-11-13T09:53:18.924-05:00,IdeState,Active,Popup,*,0,0
2024-11-13T09:53:19.925-05:00,IdeState,Active,Popup,*,0,0
2024-11-13T09:53:20.926-05:00,IdeState,Active,Popup,*,0,0
2024-11-13T09:53:21.928-05:00,IdeState,Active,Popup,*,0,0
2024-11-13T09:53:22.929-05:00,IdeState,Active,Popup,*,0,0
2024-11-13T09:53:23.930-05:00,IdeState,Active,Popup,*,0,0
2024-11-13T09:53:24.931-05:00,IdeState,Active,Popup,*,0,0
2024-11-13T09:53:25.935-05:00,IdeState,Active,Popup,*,0,0
2024-11-13T09:53:26.936-05:00,IdeState,Active,Popup,*,0,0
2024-11-13T09:53:27.937-05:00,IdeState,Active,Popup,*,0,0
2024-11-13T09:53:28.938-05:00,IdeState,Active,Popup,*,0,0
2024-11-13T09:53:29.939-05:00,IdeState,Active,Popup,*,0,0
2024-11-13T09:53:30.941-05:00,IdeState,Active,Popup,*,0,0
2024-11-13T09:53:31.943-05:00,IdeState,Active,Popup,*,0,0
2024-11-13T09:53:32.944-05:00,IdeState,Active,Popup,*,0,0
2024-11-13T09:53:33.945-05:00,IdeState,Active,Popup,*,0,0
2024-11-13T09:53:34.971-05:00,IdeState,Active,Editor,*,42,23
2024-11-13T09:53:36.031-05:00,IdeState,Active,Popup,*,0,0
2024-11-13T09:53:37.033-05:00,IdeState,Active,Popup,*,0,0
2024-11-13T09:53:38.036-05:00,IdeState,Active,Editor,*,42,23
2024-11-13T09:53:39.325-05:00,IdeState,Active,Terminal,*,42,23
2024-11-13T09:53:40.328-05:00,IdeState,Active,Terminal,*,42,23
2024-11-13T09:53:41.329-05:00,IdeState,Active,Terminal,*,42,23
2024-11-13T09:53:42.331-05:00,IdeState,Inactive,,*,-1,-1
2024-11-13T09:53:43.333-05:00,IdeState,Inactive,,*,-1,-1
2024-11-13T09:53:44.334-05:00,IdeState,Inactive,,*,-1,-1
2024-11-13T09:53:45.334-05:00,IdeState,Inactive,,*,-1,-1
2024-11-13T09:53:46.335-05:00,IdeState,Inactive,,*,-1,-1
2024-11-13T09:53:47.341-05:00,IdeState,Inactive,,*,-1,-1
2024-11-13T09:53:48.341-05:00,IdeState,Inactive,,*,-1,-1
2024-11-13T09:53:49.343-05:00,IdeState,Inactive,,*,-1,-1
2024-11-13T09:53:50.344-05:00,IdeState,Inactive,,*,-1,-1
2024-11-13T09:53:51.345-05:00,IdeState,Inactive,,*,-1,-1
2024-11-13T09:53:52.346-05:00,IdeState,Inactive,,*,-1,-1
2024-11-13T09:53:53.347-05:00,IdeState,Inactive,,*,-1,-1
2024-11-13T09:53:54.349-05:00,IdeState,Inactive,,*,-1,-1
2024-11-13T09:53:55.351-05:00,IdeState,Inactive,,*,-1,-1
2024-11-13T09:53:56.352-05:00,IdeState,Inactive,,*,-1,-1
2024-11-13T09:53:57.353-05:00,IdeState,Inactive,,*,-1,-1
2024-11-13T09:53:58.354-05:00,IdeState,Inactive,,*,-1,-1
2024-11-13T09:53:59.355-05:00,IdeState,Inactive,,*,-1,-1
2024-11-13T09:54:00.366-05:00,IdeState,Inactive,,*,-1,-1
2024-11-13T09:54:01.368-05:00,IdeState,Inactive,,*,-1,-1
2024-11-13T09:54:02.371-05:00,IdeState,Inactive,,*,-1,-1
2024-11-13T09:54:03.375-05:00,IdeState,Inactive,,*,-1,-1
2024-11-13T09:54:04.376-05:00,IdeState,Inactive,,*,-1,-1
2024-11-13T09:54:05.378-05:00,IdeState,Inactive,,*,-1,-1
2024-11-13T09:54:06.379-05:00,IdeState,Inactive,,*,-1,-1
2024-11-13T09:54:07.380-05:00,IdeState,Inactive,,*,-1,-1
2024-11-13T09:54:08.383-05:00,IdeState,Inactive,,*,-1,-1
2024-11-13T09:54:09.386-05:00,IdeState,Inactive,,*,-1,-1
2024-11-13T09:54:10.387-05:00,IdeState,Inactive,,*,-1,-1
2024-11-13T09:54:11.388-05:00,IdeState,Inactive,,*,-1,-1
2024-11-13T09:54:12.391-05:00,IdeState,Inactive,,*,-1,-1
2024-11-13T09:54:13.396-05:00,IdeState,Inactive,,*,-1,-1
2024-11-13T09:54:14.397-05:00,IdeState,Inactive,,*,-1,-1
2024-11-13T09:54:15.399-05:00,IdeState,Inactive,,*,-1,-1
2024-11-13T09:54:16.400-05:00,IdeState,Inactive,,*,-1,-1
2024-11-13T09:54:17.401-05:00,IdeState,Inactive,,*,-1,-1
2024-11-13T09:54:18.404-05:00,IdeState,Inactive,,*,-1,-1
2024-11-13T09:54:19.405-05:00,IdeState,Inactive,,*,-1,-1
2024-11-13T09:54:20.406-05:00,IdeState,Inactive,,*,-1,-1
2024-11-13T09:54:21.407-05:00,IdeState,Inactive,,*,-1,-1
2024-11-13T09:54:22.407-05:00,IdeState,Inactive,,*,-1,-1
2024-11-13T09:54:23.409-05:00,IdeState,Inactive,,*,-1,-1
2024-11-13T09:54:24.409-05:00,IdeState,Inactive,,*,-1,-1
2024-11-13T09:54:25.412-05:00,IdeState,Inactive,,*,-1,-1
2024-11-13T09:54:26.414-05:00,IdeState,Inactive,,*,-1,-1
2024-11-13T09:54:27.417-05:00,IdeState,Inactive,,*,-1,-1
2024-11-13T09:54:28.418-05:00,IdeState,Inactive,,*,-1,-1
2024-11-13T09:54:29.419-05:00,IdeState,Inactive,,*,-1,-1
2024-11-13T09:54:30.419-05:00,IdeState,Inactive,,*,-1,-1
2024-11-13T09:54:31.424-05:00,IdeState,Inactive,,*,-1,-1
2024-11-13T09:54:32.426-05:00,IdeState,Inactive,,*,-1,-1
2024-11-13T09:54:33.443-05:00,IdeState,Active,Terminal,*,42,23
2024-11-13T09:54:34.451-05:00,IdeState,Active,tasktracker,*,42,23
2024-11-13T09:54:35.453-05:00,IdeState,Active,Editor,*,45,0
2024-11-13T09:54:36.454-05:00,IdeState,Active,Editor,*,45,0
2024-11-13T09:54:37.456-05:00,IdeState,Active,Terminal,*,45,0
2024-11-13T09:54:38.458-05:00,IdeState,Active,Project,*,45,0
2024-11-13T09:54:39.460-05:00,IdeState,Active,Project,*,45,0
2024-11-13T09:54:40.462-05:00,IdeState,Active,Project,*,45,0
2024-11-13T09:54:41.464-05:00,IdeState,Active,Project,*,45,0
2024-11-13T09:54:42.465-05:00,IdeState,Inactive,,*,-1,-1
2024-11-13T09:54:43.467-05:00,IdeState,Inactive,,*,-1,-1
2024-11-13T09:54:44.467-05:00,IdeState,Inactive,,*,-1,-1
2024-11-13T09:54:45.469-05:00,IdeState,Inactive,,*,-1,-1
2024-11-13T09:54:46.469-05:00,IdeState,Inactive,,*,-1,-1
2024-11-13T09:54:47.470-05:00,IdeState,Inactive,,*,-1,-1
2024-11-13T09:54:48.472-05:00,IdeState,Active,Project,*,45,0
2024-11-13T09:54:49.473-05:00,IdeState,Active,Project,*,45,0
2024-11-13T09:54:50.474-05:00,IdeState,Active,Terminal,*,45,0
2024-11-13T09:54:51.475-05:00,IdeState,Active,Terminal,*,45,0
2024-11-13T09:54:52.478-05:00,IdeState,Active,Terminal,*,45,0
2024-11-13T09:54:53.480-05:00,IdeState,Active,Terminal,*,45,0
2024-11-13T09:54:54.480-05:00,IdeState,Active,Terminal,*,45,0
2024-11-13T09:54:55.482-05:00,IdeState,Active,Terminal,*,45,0
2024-11-13T09:54:56.483-05:00,IdeState,Active,Terminal,*,45,0
2024-11-13T09:54:57.511-05:00,IdeState,Inactive,,*,-1,-1
2024-11-13T09:54:58.515-05:00,IdeState,Inactive,,*,-1,-1
2024-11-13T09:54:59.517-05:00,IdeState,Inactive,,*,-1,-1
2024-11-13T09:55:00.517-05:00,IdeState,Inactive,,*,-1,-1
2024-11-13T09:55:01.518-05:00,IdeState,Inactive,,*,-1,-1
2024-11-13T09:55:02.519-05:00,IdeState,Inactive,,*,-1,-1
2024-11-13T09:55:03.521-05:00,IdeState,Inactive,,*,-1,-1
2024-11-13T09:55:04.521-05:00,IdeState,Inactive,,*,-1,-1
2024-11-13T09:55:05.523-05:00,IdeState,Inactive,,*,-1,-1
2024-11-13T09:55:06.524-05:00,IdeState,Inactive,,*,-1,-1
2024-11-13T09:55:07.538-05:00,IdeState,Inactive,,*,-1,-1
2024-11-13T09:55:08.542-05:00,IdeState,Inactive,,*,-1,-1
2024-11-13T09:55:09.544-05:00,IdeState,Inactive,,*,-1,-1
2024-11-13T09:55:10.545-05:00,IdeState,Inactive,,*,-1,-1
2024-11-13T09:55:11.545-05:00,IdeState,Inactive,,*,-1,-1
2024-11-13T09:55:12.610-05:00,IdeState,Inactive,,*,-1,-1
2024-11-13T09:55:13.612-05:00,IdeState,Active,Terminal,*,45,0
2024-11-13T09:55:14.614-05:00,IdeState,Active,Terminal,*,45,0
2024-11-13T09:55:15.615-05:00,IdeState,Active,Terminal,*,45,0
2024-11-13T09:55:16.616-05:00,IdeState,Active,Terminal,*,45,0
2024-11-13T09:55:17.617-05:00,IdeState,Active,Terminal,*,45,0
2024-11-13T09:55:18.620-05:00,IdeState,Active,Terminal,*,45,0
2024-11-13T09:55:19.621-05:00,IdeState,Active,Terminal,*,45,0
2024-11-13T09:55:20.622-05:00,IdeState,Active,Popup,*,0,0
2024-11-13T09:55:21.623-05:00,IdeState,Active,Popup,*,0,0
2024-11-13T09:55:22.624-05:00,IdeState,Active,Popup,*,0,0
2024-11-13T09:55:23.625-05:00,IdeState,Active,Popup,*,0,0
2024-11-13T09:55:24.627-05:00,IdeState,Active,Terminal,*,0,0
2024-11-13T09:55:25.629-05:00,IdeState,Active,Terminal,*,0,0
2024-11-13T09:55:26.630-05:00,IdeState,Active,Terminal,*,0,0
2024-11-13T09:55:27.631-05:00,IdeState,Active,Terminal,*,0,0
2024-11-13T09:55:28.632-05:00,IdeState,Active,Terminal,*,0,0
2024-11-13T09:55:29.634-05:00,IdeState,Active,Terminal,*,0,0
2024-11-13T09:55:30.635-05:00,IdeState,Active,Project,*,0,0
2024-11-13T09:55:31.636-05:00,IdeState,Active,Project,*,0,0
2024-11-13T09:55:32.643-05:00,IdeState,Active,Project,*,0,0
2024-11-13T09:55:33.645-05:00,IdeState,Active,Project,*,0,0
2024-11-13T09:55:34.657-05:00,IdeState,Active,Project,*,45,0
2024-11-13T09:55:35.659-05:00,IdeState,Active,Editor,*,45,0
2024-11-13T09:55:36.660-05:00,IdeState,Active,Editor,*,45,0
2024-11-13T09:55:37.662-05:00,IdeState,Active,Editor,*,45,0
2024-11-13T09:55:38.663-05:00,IdeState,Active,Terminal,*,45,0
2024-11-13T09:55:39.665-05:00,IdeState,Active,Terminal,*,45,0
2024-11-13T09:55:40.666-05:00,IdeState,Active,Terminal,*,45,0
2024-11-13T09:55:41.666-05:00,IdeState,Active,Terminal,*,45,0
2024-11-13T09:55:42.669-05:00,IdeState,Active,Terminal,*,45,0
2024-11-13T09:55:43.670-05:00,IdeState,Active,Terminal,*,45,0
2024-11-13T09:55:44.673-05:00,IdeState,Active,Terminal,*,45,0
2024-11-13T09:55:45.675-05:00,IdeState,Active,Terminal,*,45,0
2024-11-13T09:55:46.676-05:00,IdeState,Active,Terminal,*,45,0
2024-11-13T09:55:47.677-05:00,IdeState,Active,Terminal,*,45,0
2024-11-13T09:55:48.679-05:00,IdeState,Active,Terminal,*,45,0
2024-11-13T09:55:49.680-05:00,IdeState,Active,Terminal,*,45,0
2024-11-13T09:55:50.683-05:00,IdeState,Active,Terminal,*,45,0
2024-11-13T09:55:51.685-05:00,IdeState,Active,Terminal,*,45,0
2024-11-13T09:55:52.687-05:00,IdeState,Active,Terminal,*,45,0
2024-11-13T09:55:53.689-05:00,IdeState,Active,Popup,*,0,0
2024-11-13T09:55:54.691-05:00,IdeState,Active,Popup,*,0,0
2024-11-13T09:55:55.694-05:00,IdeState,Active,Popup,*,0,0
2024-11-13T09:55:56.696-05:00,IdeState,Active,Popup,*,0,0
2024-11-13T09:55:57.698-05:00,IdeState,Active,Popup,*,0,0
2024-11-13T09:55:58.699-05:00,IdeState,Active,Terminal,*,0,0
2024-11-13T09:55:59.700-05:00,IdeState,Active,Terminal,*,0,0
2024-11-13T09:56:00.703-05:00,IdeState,Active,Terminal,*,0,0
2024-11-13T09:56:01.704-05:00,IdeState,Active,Terminal,*,0,0
2024-11-13T09:56:02.705-05:00,IdeState,Active,Terminal,*,0,0
2024-11-13T09:56:03.706-05:00,IdeState,Active,Terminal,*,0,0
2024-11-13T09:56:04.707-05:00,IdeState,Active,Terminal,*,0,0
2024-11-13T09:56:05.708-05:00,IdeState,Active,Terminal,*,0,0
2024-11-13T09:56:06.710-05:00,IdeState,Active,Terminal,*,0,0
2024-11-13T09:56:07.712-05:00,IdeState,Active,Terminal,*,0,0
2024-11-13T09:56:08.714-05:00,IdeState,Active,Terminal,*,0,0
2024-11-13T09:56:09.716-05:00,IdeState,Active,Terminal,*,0,0
2024-11-13T09:56:10.717-05:00,IdeState,Active,Terminal,*,0,0
2024-11-13T09:56:11.719-05:00,IdeState,Active,Terminal,*,0,0
2024-11-13T09:56:12.720-05:00,IdeState,Active,Terminal,*,0,0
2024-11-13T09:56:13.721-05:00,IdeState,Active,Terminal,*,0,0
2024-11-13T09:56:14.723-05:00,IdeState,Active,Terminal,*,0,0
2024-11-13T09:56:15.725-05:00,IdeState,Active,Terminal,*,0,0
2024-11-13T09:56:16.727-05:00,IdeState,Active,Terminal,*,0,0
2024-11-13T09:56:17.728-05:00,IdeState,Active,Terminal,*,0,0
2024-11-13T09:56:18.730-05:00,IdeState,Active,Terminal,*,0,0
2024-11-13T09:56:19.731-05:00,IdeState,Active,Terminal,*,0,0
2024-11-13T09:56:20.733-05:00,IdeState,Active,Terminal,*,0,0
2024-11-13T09:56:21.734-05:00,IdeState,Active,Terminal,*,0,0
2024-11-13T09:56:22.735-05:00,IdeState,Active,Terminal,*,0,0
2024-11-13T09:56:23.737-05:00,IdeState,Active,Terminal,*,0,0
2024-11-13T09:56:24.738-05:00,IdeState,Active,Terminal,*,0,0
2024-11-13T09:56:25.757-05:00,IdeState,Active,Editor,*,8,0
2024-11-13T09:56:26.760-05:00,IdeState,Active,Editor,*,8,0
2024-11-13T09:56:27.784-05:00,IdeState,Active,Editor,*,8,0
2024-11-13T09:56:28.786-05:00,IdeState,Active,Editor,*,14,14
2024-11-13T09:56:29.788-05:00,IdeState,Active,Editor,*,14,14
2024-11-13T09:56:30.789-05:00,IdeState,Active,Editor,*,14,14
2024-11-13T09:56:31.791-05:00,IdeState,Active,Editor,*,14,14
2024-11-13T09:56:32.793-05:00,IdeState,Active,Editor,*,14,14
2024-11-13T09:56:33.796-05:00,IdeState,Active,Editor,*,14,14
2024-11-13T09:56:34.798-05:00,IdeState,Active,Editor,*,8,27
2024-11-13T09:56:35.799-05:00,IdeState,Active,Editor,*,8,27
2024-11-13T09:56:36.800-05:00,IdeState,Active,Editor,*,8,27
2024-11-13T09:56:37.801-05:00,IdeState,Active,Popup,*,0,0
2024-11-13T09:56:38.802-05:00,IdeState,Active,Popup,*,0,0
2024-11-13T09:56:39.803-05:00,IdeState,Active,Popup,*,0,0
2024-11-13T09:56:40.594-05:00,Execution,Run:'com.intellij.ide.actions.runAnything.execution.RunAnythingRunProfile@31c035d1':C:\Python\Python312\Scripts\pip.exe install -r requirements.txt,Popup,*,0,0
2024-11-13T09:56:40.804-05:00,IdeState,Active,Popup,*,0,0
2024-11-13T09:56:41.806-05:00,IdeState,Active,Popup,*,0,0
2024-11-13T09:56:42.807-05:00,IdeState,Active,Popup,*,0,0
2024-11-13T09:56:43.808-05:00,IdeState,Active,Popup,*,0,0
2024-11-13T09:56:44.810-05:00,IdeState,Active,Editor,*,8,27
2024-11-13T09:56:45.811-05:00,IdeState,Active,Editor,*,8,27
2024-11-13T09:56:46.812-05:00,IdeState,Active,Editor,*,8,27
2024-11-13T09:56:47.815-05:00,IdeState,Active,Editor,*,8,27
2024-11-13T09:56:48.817-05:00,IdeState,Active,Popup,*,0,0
2024-11-13T09:56:49.818-05:00,IdeState,Active,Popup,*,0,0
2024-11-13T09:56:50.928-05:00,Execution,Run:'com.intellij.ide.actions.runAnything.execution.RunAnythingRunProfile@58323f45':C:\Python\Python312\Scripts\pip.exe install -r dev-requirements.txt,Popup,*,0,0
2024-11-13T09:56:50.931-05:00,IdeState,Active,Popup,*,0,0
2024-11-13T09:56:51.932-05:00,IdeState,Active,Popup,*,0,0
2024-11-13T09:56:52.933-05:00,IdeState,Active,Popup,*,0,0
2024-11-13T09:56:53.937-05:00,IdeState,Active,Popup,*,0,0
2024-11-13T09:56:55.268-05:00,Execution,Run:'com.intellij.ide.actions.runAnything.execution.RunAnythingRunProfile@764035f0':C:\Python\Python312\Scripts\pip.exe install -r test-requirements.txt,Popup,*,0,0
2024-11-13T09:56:55.286-05:00,IdeState,Active,Popup,*,0,0
2024-11-13T09:56:56.287-05:00,IdeState,Active,Popup,*,0,0
2024-11-13T09:56:57.289-05:00,IdeState,Active,Popup,*,0,0
2024-11-13T09:56:58.289-05:00,IdeState,Active,Popup,*,0,0
2024-11-13T09:56:59.290-05:00,IdeState,Active,Terminal,*,0,0
2024-11-13T09:57:00.292-05:00,IdeState,Active,Editor,*,8,0
2024-11-13T09:57:01.293-05:00,IdeState,Active,Editor,*,8,0
2024-11-13T09:57:02.293-05:00,IdeState,Active,Editor,*,8,0
2024-11-13T09:57:03.294-05:00,IdeState,Active,Editor,*,8,12
2024-11-13T09:57:04.295-05:00,IdeState,Active,Editor,*,8,5
2024-11-13T09:57:05.295-05:00,IdeState,Active,Editor,*,8,5
2024-11-13T09:57:06.296-05:00,IdeState,Active,Editor,*,8,5
2024-11-13T09:57:07.297-05:00,IdeState,Active,Editor,*,8,5
2024-11-13T09:57:08.396-05:00,IdeState,Active,Editor,*,8,6
2024-11-13T09:57:08.936-05:00,Action,EditorBackSpace,Editor,*,8,7
2024-11-13T09:57:09.421-05:00,IdeState,Active,Editor,*,8,6
2024-11-13T09:57:10.163-05:00,Action,EditorRight,Editor,*,8,6
2024-11-13T09:57:10.344-05:00,Action,EditorRight,Editor,*,8,7
2024-11-13T09:57:10.504-05:00,Action,EditorRight,Editor,*,8,8
2024-11-13T09:57:10.512-05:00,IdeState,Active,Editor,*,8,9
2024-11-13T09:57:10.675-05:00,Action,EditorRight,Editor,*,8,9
2024-11-13T09:57:10.802-05:00,Action,EditorRight,Editor,*,8,10
2024-11-13T09:57:11.255-05:00,Action,EditorBackSpace,Editor,*,8,11
2024-11-13T09:57:11.439-05:00,Action,EditorBackSpace,Editor,*,8,10
2024-11-13T09:57:11.513-05:00,IdeState,Active,Editor,*,8,9
2024-11-13T09:57:11.598-05:00,Action,EditorBackSpace,Editor,*,8,9
2024-11-13T09:57:11.767-05:00,Action,EditorBackSpace,Editor,*,8,8
2024-11-13T09:57:11.927-05:00,Action,EditorBackSpace,Editor,*,8,7
2024-11-13T09:57:12.096-05:00,Action,EditorBackSpace,Editor,*,8,6
2024-11-13T09:57:12.599-05:00,IdeState,Active,Editor,*,8,5
2024-11-13T09:57:13.601-05:00,IdeState,Active,Editor,*,8,7
2024-11-13T09:57:14.027-05:00,Action,EditorDown,Editor,*,8,7
2024-11-13T09:57:14.270-05:00,Action,EditorChooseLookupItem,Editor,*,8,7
2024-11-13T09:57:14.605-05:00,IdeState,Active,Editor,*,8,11
2024-11-13T09:57:15.607-05:00,IdeState,Active,Editor,*,8,11
2024-11-13T09:57:16.613-05:00,IdeState,Active,Terminal,*,8,11
2024-11-13T09:57:17.620-05:00,IdeState,Active,Terminal,*,8,11
2024-11-13T09:57:18.623-05:00,IdeState,Active,Terminal,*,8,11
2024-11-13T09:57:19.624-05:00,IdeState,Active,Terminal,*,8,11
2024-11-13T09:57:20.625-05:00,IdeState,Active,Terminal,*,8,11
2024-11-13T09:57:21.627-05:00,IdeState,Active,Terminal,*,8,11
2024-11-13T09:57:22.628-05:00,IdeState,Active,Terminal,*,8,11
2024-11-13T09:57:23.634-05:00,IdeState,Active,Editor,*,18,49
2024-11-13T09:57:24.636-05:00,IdeState,Active,Editor,*,18,49
2024-11-13T09:57:25.130-05:00,Action,$Undo,Editor,*,18,49
2024-11-13T09:57:25.415-05:00,Action,$Undo,Editor,*,8,11
2024-11-13T09:57:25.638-05:00,IdeState,Active,Editor,*,8,7
2024-11-13T09:57:25.807-05:00,Action,$Undo,Editor,*,8,7
2024-11-13T09:57:26.176-05:00,Action,$Undo,Editor,*,8,5
2024-11-13T09:57:26.662-05:00,IdeState,Active,Editor,*,8,11
2024-11-13T09:57:26.967-05:00,Action,$Undo,Editor,*,8,11
2024-11-13T09:57:27.352-05:00,Action,$Undo,Editor,*,8,6
2024-11-13T09:57:27.663-05:00,IdeState,Active,Editor,*,8,7
2024-11-13T09:57:27.751-05:00,Action,$Undo,Editor,*,8,7
2024-11-13T09:57:28.664-05:00,IdeState,Active,Editor,*,8,5
2024-11-13T09:57:29.666-05:00,IdeState,Active,Terminal,*,8,5
2024-11-13T09:57:30.667-05:00,IdeState,Active,Terminal,*,8,5
2024-11-13T09:57:31.669-05:00,IdeState,Active,Popup,*,0,0
2024-11-13T09:57:32.669-05:00,IdeState,Active,Popup,*,0,0
2024-11-13T09:57:33.670-05:00,IdeState,Active,Popup,*,0,0
2024-11-13T09:57:34.671-05:00,IdeState,Active,Popup,*,0,0
2024-11-13T09:57:35.672-05:00,IdeState,Active,Popup,*,0,0
2024-11-13T09:57:36.675-05:00,IdeState,Active,Popup,*,0,0
2024-11-13T09:57:37.678-05:00,IdeState,Active,Popup,*,0,0
2024-11-13T09:57:38.687-05:00,IdeState,Active,Popup,*,0,0
2024-11-13T09:57:39.688-05:00,IdeState,Active,Popup,*,0,0
2024-11-13T09:57:40.691-05:00,IdeState,Active,Terminal,*,0,0
2024-11-13T09:57:41.692-05:00,IdeState,Active,Terminal,*,0,0
2024-11-13T09:57:42.693-05:00,IdeState,Active,Terminal,*,0,0
2024-11-13T09:57:43.695-05:00,IdeState,Active,Terminal,*,0,0
2024-11-13T09:57:44.697-05:00,IdeState,Active,Popup,*,0,0
2024-11-13T09:57:45.699-05:00,IdeState,Active,Popup,*,0,0
2024-11-13T09:57:46.700-05:00,IdeState,Active,Popup,*,0,0
2024-11-13T09:57:47.701-05:00,IdeState,Active,Popup,*,0,0
2024-11-13T09:57:48.703-05:00,IdeState,Active,Terminal,*,0,0
2024-11-13T09:57:49.705-05:00,IdeState,Active,Terminal,*,0,0
2024-11-13T09:57:50.706-05:00,IdeState,Active,Terminal,*,0,0
2024-11-13T09:57:51.709-05:00,IdeState,Active,Terminal,*,0,0
2024-11-13T09:57:52.711-05:00,IdeState,Active,Terminal,*,0,0
2024-11-13T09:57:53.712-05:00,IdeState,Active,Terminal,*,0,0
2024-11-13T09:57:54.713-05:00,IdeState,Active,Terminal,*,0,0
2024-11-13T09:57:55.715-05:00,IdeState,Active,Terminal,*,0,0
2024-11-13T09:57:56.718-05:00,IdeState,Active,Terminal,*,0,0
2024-11-13T09:57:57.718-05:00,IdeState,Active,Terminal,*,0,0
2024-11-13T09:57:58.720-05:00,IdeState,Active,Terminal,*,0,0
2024-11-13T09:57:59.720-05:00,IdeState,Active,Terminal,*,0,0
2024-11-13T09:58:00.722-05:00,IdeState,Active,Terminal,*,0,0
2024-11-13T09:58:01.724-05:00,IdeState,Active,Terminal,*,0,0
2024-11-13T09:58:02.725-05:00,IdeState,Active,Terminal,*,0,0
2024-11-13T09:58:03.726-05:00,IdeState,Active,Terminal,*,0,0
2024-11-13T09:58:04.728-05:00,IdeState,Active,Terminal,*,0,0
2024-11-13T09:58:05.729-05:00,IdeState,Active,Terminal,*,0,0
2024-11-13T09:58:06.731-05:00,IdeState,Active,Terminal,*,0,0
2024-11-13T09:58:07.732-05:00,IdeState,Active,Terminal,*,0,0
2024-11-13T09:58:08.734-05:00,IdeState,Active,Terminal,*,0,0
2024-11-13T09:58:09.735-05:00,IdeState,Active,Terminal,*,0,0
2024-11-13T09:58:10.737-05:00,IdeState,Active,Terminal,*,0,0
2024-11-13T09:58:11.739-05:00,IdeState,Active,Terminal,*,0,0
2024-11-13T09:58:12.741-05:00,IdeState,Active,Terminal,*,0,0
2024-11-13T09:58:13.742-05:00,IdeState,Active,Terminal,*,0,0
2024-11-13T09:58:14.742-05:00,IdeState,Active,Terminal,*,0,0
2024-11-13T09:58:15.744-05:00,IdeState,Active,Terminal,*,0,0
2024-11-13T09:58:16.746-05:00,IdeState,Active,Terminal,*,0,0
2024-11-13T09:58:17.747-05:00,IdeState,Active,Terminal,*,0,0
2024-11-13T09:58:18.749-05:00,IdeState,Active,Terminal,*,0,0
2024-11-13T09:58:19.750-05:00,IdeState,Active,Terminal,*,0,0
2024-11-13T09:58:20.750-05:00,IdeState,Active,Terminal,*,0,0
2024-11-13T09:58:21.751-05:00,IdeState,Active,Terminal,*,0,0
2024-11-13T09:58:22.752-05:00,IdeState,Active,Terminal,*,0,0
2024-11-13T09:58:23.755-05:00,IdeState,Active,Terminal,*,0,0
2024-11-13T09:58:24.756-05:00,IdeState,Active,Terminal,*,0,0
2024-11-13T09:58:25.758-05:00,IdeState,Active,Terminal,*,0,0
2024-11-13T09:58:26.759-05:00,IdeState,Active,Terminal,*,0,0
2024-11-13T09:58:27.761-05:00,IdeState,Active,Terminal,*,0,0
2024-11-13T09:58:28.763-05:00,IdeState,Active,Terminal,*,0,0
2024-11-13T09:58:29.764-05:00,IdeState,Active,Popup,*,0,0
2024-11-13T09:58:30.766-05:00,IdeState,Active,Popup,*,0,0
2024-11-13T09:58:31.768-05:00,IdeState,Active,Popup,*,0,0
2024-11-13T09:58:32.769-05:00,IdeState,Active,Popup,*,0,0
2024-11-13T09:58:33.769-05:00,IdeState,Active,Popup,*,0,0
2024-11-13T09:58:34.771-05:00,IdeState,Active,Popup,*,0,0
2024-11-13T09:58:35.772-05:00,IdeState,Active,Popup,*,0,0
2024-11-13T09:58:36.773-05:00,IdeState,Active,Popup,*,0,0
2024-11-13T09:58:37.774-05:00,IdeState,Active,Popup,*,0,0
2024-11-13T09:58:38.775-05:00,IdeState,Active,Popup,*,0,0
2024-11-13T09:58:39.776-05:00,IdeState,Active,Popup,*,0,0
2024-11-13T09:58:40.777-05:00,IdeState,Active,Popup,*,0,0
2024-11-13T09:58:41.777-05:00,IdeState,Active,Popup,*,0,0
2024-11-13T09:58:42.778-05:00,IdeState,Active,Popup,*,0,0
2024-11-13T09:58:43.780-05:00,IdeState,Active,Popup,*,0,0
2024-11-13T09:58:44.783-05:00,IdeState,Active,Popup,*,0,0
2024-11-13T09:58:45.784-05:00,IdeState,Active,Popup,*,0,0
2024-11-13T09:58:46.785-05:00,IdeState,Active,Popup,*,0,0
2024-11-13T09:58:47.787-05:00,IdeState,Active,Popup,*,0,0
2024-11-13T09:58:48.790-05:00,IdeState,Active,Popup,*,0,0
2024-11-13T09:58:49.791-05:00,IdeState,Active,Terminal,*,0,0
2024-11-13T09:58:50.792-05:00,IdeState,Active,Terminal,*,0,0
2024-11-13T09:58:51.794-05:00,IdeState,Active,Terminal,*,0,0
2024-11-13T09:58:52.796-05:00,IdeState,Active,Project,*,0,0
2024-11-13T09:58:53.797-05:00,IdeState,Active,Project,*,0,0
2024-11-13T09:58:54.799-05:00,IdeState,Active,Project,*,0,0
2024-11-13T09:58:55.800-05:00,IdeState,Active,Project,*,0,0
2024-11-13T09:58:56.801-05:00,IdeState,Active,Project,*,0,0
2024-11-13T09:58:57.803-05:00,IdeState,Active,Project,*,0,0
2024-11-13T09:58:58.805-05:00,IdeState,Active,Project,*,0,0
2024-11-13T09:58:59.806-05:00,IdeState,Active,Project,*,0,0
2024-11-13T09:59:00.807-05:00,IdeState,Active,Project,*,0,0
2024-11-13T09:59:01.808-05:00,IdeState,Active,Project,*,0,0
2024-11-13T09:59:02.810-05:00,IdeState,Active,Project,*,0,0
2024-11-13T09:59:03.811-05:00,IdeState,Active,Project,*,0,0
2024-11-13T09:59:04.813-05:00,IdeState,Active,Project,*,0,0
2024-11-13T09:59:05.814-05:00,IdeState,Active,Terminal,*,0,0
2024-11-13T09:59:06.815-05:00,IdeState,Active,Terminal,*,0,0
2024-11-13T09:59:07.825-05:00,IdeState,Active,Terminal,*,0,0
2024-11-13T09:59:08.826-05:00,IdeState,Active,Terminal,*,0,0
2024-11-13T09:59:09.828-05:00,IdeState,Active,Terminal,*,0,0
2024-11-13T09:59:10.829-05:00,IdeState,Active,Terminal,*,0,0
2024-11-13T09:59:11.830-05:00,IdeState,Active,Terminal,*,0,0
2024-11-13T09:59:12.831-05:00,IdeState,Active,Terminal,*,0,0
2024-11-13T09:59:13.833-05:00,IdeState,Active,Terminal,*,0,0
2024-11-13T09:59:14.838-05:00,IdeState,Active,Terminal,*,0,0
2024-11-13T09:59:15.845-05:00,IdeState,Active,Terminal,*,0,0
2024-11-13T09:59:16.846-05:00,IdeState,Active,Terminal,*,0,0
2024-11-13T09:59:17.848-05:00,IdeState,Active,Terminal,*,0,0
2024-11-13T09:59:18.851-05:00,IdeState,Active,Terminal,*,0,0
2024-11-13T09:59:19.852-05:00,IdeState,Active,Terminal,*,0,0
2024-11-13T09:59:20.853-05:00,IdeState,Active,Terminal,*,0,0
2024-11-13T09:59:21.854-05:00,IdeState,Active,Terminal,*,0,0
2024-11-13T09:59:22.855-05:00,IdeState,Active,Terminal,*,0,0
2024-11-13T09:59:23.859-05:00,IdeState,Active,Terminal,*,0,0
2024-11-13T09:59:24.875-05:00,IdeState,Active,Popup,*,0,0
2024-11-13T09:59:25.875-05:00,IdeState,Active,Popup,*,0,0
2024-11-13T09:59:26.878-05:00,IdeState,Active,Popup,*,0,0
2024-11-13T09:59:27.879-05:00,IdeState,Active,Popup,*,0,0
2024-11-13T09:59:28.880-05:00,IdeState,Active,Popup,*,0,0
2024-11-13T09:59:29.881-05:00,IdeState,Active,Popup,*,0,0
2024-11-13T09:59:30.882-05:00,IdeState,Active,Popup,*,0,0
2024-11-13T09:59:31.883-05:00,IdeState,Active,Popup,*,0,0
2024-11-13T09:59:32.885-05:00,IdeState,Active,Popup,*,0,0
2024-11-13T09:59:33.886-05:00,IdeState,Active,Popup,*,0,0
2024-11-13T09:59:34.886-05:00,IdeState,Active,Popup,*,0,0
2024-11-13T09:59:35.889-05:00,IdeState,Active,Editor,*,8,5
2024-11-13T09:59:36.889-05:00,IdeState,Active,Editor,*,8,5
2024-11-13T09:59:37.890-05:00,IdeState,Active,Terminal,*,8,5
2024-11-13T09:59:38.891-05:00,IdeState,Active,Terminal,*,8,5
2024-11-13T09:59:39.893-05:00,IdeState,Active,Terminal,*,8,5
2024-11-13T09:59:40.894-05:00,IdeState,Active,Terminal,*,8,5
2024-11-13T09:59:41.894-05:00,IdeState,Active,Terminal,*,8,5
2024-11-13T09:59:42.896-05:00,IdeState,Active,Terminal,*,8,5
2024-11-13T09:59:43.899-05:00,IdeState,Active,Terminal,*,8,5
2024-11-13T09:59:44.901-05:00,IdeState,Active,Terminal,*,8,5
2024-11-13T09:59:45.901-05:00,IdeState,Active,Terminal,*,8,5
2024-11-13T09:59:46.902-05:00,IdeState,Active,Terminal,*,8,5
2024-11-13T09:59:47.905-05:00,IdeState,Active,Terminal,*,8,5
2024-11-13T09:59:48.907-05:00,IdeState,Active,Terminal,*,8,5
2024-11-13T09:59:49.907-05:00,IdeState,Active,Terminal,*,8,5
2024-11-13T09:59:50.910-05:00,IdeState,Active,Terminal,*,8,5
2024-11-13T09:59:51.912-05:00,IdeState,Active,Terminal,*,8,5
2024-11-13T09:59:52.913-05:00,IdeState,Active,Terminal,*,8,5
2024-11-13T09:59:53.915-05:00,IdeState,Active,Terminal,*,8,5
2024-11-13T09:59:54.916-05:00,IdeState,Active,Terminal,*,8,5
2024-11-13T09:59:55.922-05:00,IdeState,Active,Terminal,*,8,5
2024-11-13T09:59:56.924-05:00,IdeState,Active,Terminal,*,8,5
2024-11-13T09:59:57.925-05:00,IdeState,Active,Terminal,*,8,5
2024-11-13T09:59:58.927-05:00,IdeState,Active,Terminal,*,8,5
2024-11-13T09:59:59.928-05:00,IdeState,Active,Popup,*,0,0
2024-11-13T10:00:00.929-05:00,IdeState,Active,Editor,*,8,5
2024-11-13T10:00:01.930-05:00,IdeState,Active,Editor,*,8,5
2024-11-13T10:00:02.931-05:00,IdeState,Active,Editor,*,8,5
2024-11-13T10:00:03.932-05:00,IdeState,Active,Editor,*,8,5
2024-11-13T10:00:04.933-05:00,IdeState,Active,Editor,*,8,5
2024-11-13T10:00:05.934-05:00,IdeState,Active,Editor,*,8,5
2024-11-13T10:00:06.935-05:00,IdeState,Active,Editor,*,8,5
2024-11-13T10:00:07.939-05:00,IdeState,Active,Editor,*,8,5
2024-11-13T10:00:08.939-05:00,IdeState,Active,Project,*,8,5
2024-11-13T10:00:09.940-05:00,IdeState,Active,Project,*,8,5
2024-11-13T10:00:10.942-05:00,IdeState,Active,Project,*,8,5
2024-11-13T10:00:11.943-05:00,IdeState,Active,Project,*,8,5
2024-11-13T10:00:12.944-05:00,IdeState,Active,Project,*,8,5
2024-11-13T10:00:13.946-05:00,IdeState,Active,Project,*,8,5
2024-11-13T10:00:14.947-05:00,IdeState,Active,Project,*,8,5
2024-11-13T10:00:15.948-05:00,IdeState,Active,Project,*,8,5
2024-11-13T10:00:16.949-05:00,IdeState,Active,Project,*,8,5
2024-11-13T10:00:17.950-05:00,IdeState,Active,Project,*,8,5
2024-11-13T10:00:18.952-05:00,IdeState,Active,Project,*,8,5
2024-11-13T10:00:19.953-05:00,IdeState,Active,Project,*,8,5
2024-11-13T10:00:20.954-05:00,IdeState,Active,Project,*,8,5
2024-11-13T10:00:21.957-05:00,IdeState,Active,Project,*,8,5
2024-11-13T10:00:22.963-05:00,IdeState,Active,Project,*,8,5
2024-11-13T10:00:23.963-05:00,IdeState,Active,Project,*,8,5
2024-11-13T10:00:24.967-05:00,IdeState,Active,Project,*,8,5
2024-11-13T10:00:25.969-05:00,IdeState,Active,Project,*,8,5
2024-11-13T10:00:26.971-05:00,IdeState,Active,Project,*,8,5
2024-11-13T10:00:27.973-05:00,IdeState,Active,Project,*,8,5
2024-11-13T10:00:28.974-05:00,IdeState,Active,Project,*,8,5
2024-11-13T10:00:29.975-05:00,IdeState,Active,Project,*,8,5
2024-11-13T10:00:31.015-05:00,IdeState,Active,Project,*,8,5
2024-11-13T10:00:32.016-05:00,IdeState,Active,Popup,*,8,5
2024-11-13T10:00:33.018-05:00,IdeState,Active,Popup,*,8,5
2024-11-13T10:00:33.142-05:00,Action,CopyReferencePopupGroup,Popup,*,8,5
2024-11-13T10:00:34.020-05:00,IdeState,Active,Project,*,8,5
2024-11-13T10:00:35.022-05:00,IdeState,Active,Project,*,8,5
2024-11-13T10:00:36.023-05:00,IdeState,Active,Project,*,8,5
2024-11-13T10:00:37.024-05:00,IdeState,Active,Project,*,8,5
2024-11-13T10:00:38.026-05:00,IdeState,Active,Editor,*,13,0
2024-11-13T10:00:39.026-05:00,IdeState,Active,Editor,*,13,0
2024-11-13T10:00:40.028-05:00,IdeState,Active,Editor,*,13,0
2024-11-13T10:00:41.029-05:00,IdeState,Active,Editor,*,13,0
2024-11-13T10:00:42.034-05:00,IdeState,Active,Editor,*,13,0
2024-11-13T10:00:43.035-05:00,IdeState,Active,Terminal,*,13,0
2024-11-13T10:00:44.036-05:00,IdeState,Active,Terminal,*,13,0
2024-11-13T10:00:45.180-05:00,IdeState,Inactive,,*,-1,-1
2024-11-13T10:00:46.181-05:00,IdeState,Inactive,,*,-1,-1
2024-11-13T10:00:47.183-05:00,IdeState,Inactive,,*,-1,-1
2024-11-13T10:00:48.199-05:00,IdeState,Inactive,,*,-1,-1
2024-11-13T10:00:49.202-05:00,IdeState,Inactive,,*,-1,-1
2024-11-13T10:00:50.204-05:00,IdeState,Inactive,,*,-1,-1
2024-11-13T10:00:51.205-05:00,IdeState,Inactive,,*,-1,-1
2024-11-13T10:00:52.205-05:00,IdeState,Inactive,,*,-1,-1
2024-11-13T10:00:53.206-05:00,IdeState,Inactive,,*,-1,-1
2024-11-13T10:00:54.208-05:00,IdeState,Inactive,,*,-1,-1
2024-11-13T10:00:55.210-05:00,IdeState,Inactive,,*,-1,-1
2024-11-13T10:00:56.211-05:00,IdeState,Inactive,,*,-1,-1
2024-11-13T10:00:57.212-05:00,IdeState,Inactive,,*,-1,-1
2024-11-13T10:00:58.215-05:00,IdeState,Inactive,,*,-1,-1
2024-11-13T10:00:59.216-05:00,IdeState,Inactive,,*,-1,-1
2024-11-13T10:01:00.217-05:00,IdeState,Inactive,,*,-1,-1
2024-11-13T10:01:01.218-05:00,IdeState,Inactive,,*,-1,-1
2024-11-13T10:01:02.220-05:00,IdeState,Inactive,,*,-1,-1
2024-11-13T10:01:03.221-05:00,IdeState,Inactive,,*,-1,-1
2024-11-13T10:01:04.222-05:00,IdeState,Inactive,,*,-1,-1
2024-11-13T10:01:05.225-05:00,IdeState,Inactive,,*,-1,-1
2024-11-13T10:01:06.227-05:00,IdeState,Inactive,,*,-1,-1
2024-11-13T10:01:07.229-05:00,IdeState,Inactive,,*,-1,-1
2024-11-13T10:01:08.230-05:00,IdeState,Inactive,,*,-1,-1
2024-11-13T10:01:09.231-05:00,IdeState,Inactive,,*,-1,-1
2024-11-13T10:01:10.232-05:00,IdeState,Inactive,,*,-1,-1
2024-11-13T10:01:11.252-05:00,IdeState,Inactive,,*,-1,-1
2024-11-13T10:01:12.260-05:00,IdeState,Inactive,,*,-1,-1
2024-11-13T10:01:13.262-05:00,IdeState,Inactive,,*,-1,-1
2024-11-13T10:01:14.263-05:00,IdeState,Inactive,,*,-1,-1
2024-11-13T10:01:15.266-05:00,IdeState,Inactive,,*,-1,-1
2024-11-13T10:01:16.267-05:00,IdeState,Inactive,,*,-1,-1
2024-11-13T10:01:17.268-05:00,IdeState,Inactive,,*,-1,-1
2024-11-13T10:01:18.279-05:00,IdeState,Inactive,,*,-1,-1
2024-11-13T10:01:19.287-05:00,IdeState,Inactive,,*,-1,-1
2024-11-13T10:01:20.288-05:00,IdeState,Inactive,,*,-1,-1
2024-11-13T10:01:21.288-05:00,IdeState,Inactive,,*,-1,-1
2024-11-13T10:01:22.292-05:00,IdeState,Inactive,,*,-1,-1
2024-11-13T10:01:23.293-05:00,IdeState,Inactive,,*,-1,-1
2024-11-13T10:01:24.295-05:00,IdeState,Inactive,,*,-1,-1
2024-11-13T10:01:25.296-05:00,IdeState,Inactive,,*,-1,-1
2024-11-13T10:01:26.298-05:00,IdeState,Inactive,,*,-1,-1
2024-11-13T10:01:27.347-05:00,IdeState,Inactive,,*,-1,-1
2024-11-13T10:01:28.362-05:00,IdeState,Inactive,,*,-1,-1
2024-11-13T10:01:29.367-05:00,IdeState,Inactive,,*,-1,-1
2024-11-13T10:01:30.372-05:00,IdeState,Inactive,,*,-1,-1
2024-11-13T10:01:31.376-05:00,IdeState,Inactive,,*,-1,-1
2024-11-13T10:01:32.379-05:00,IdeState,Inactive,,*,-1,-1
2024-11-13T10:01:33.385-05:00,IdeState,Inactive,,*,-1,-1
2024-11-13T10:01:34.388-05:00,IdeState,Inactive,,*,-1,-1
2024-11-13T10:01:35.389-05:00,IdeState,Inactive,,*,-1,-1
2024-11-13T10:01:36.392-05:00,IdeState,Inactive,,*,-1,-1
2024-11-13T10:01:37.393-05:00,IdeState,Inactive,,*,-1,-1
2024-11-13T10:01:38.394-05:00,IdeState,Inactive,,*,-1,-1
2024-11-13T10:01:39.395-05:00,IdeState,Inactive,,*,-1,-1
2024-11-13T10:01:40.396-05:00,IdeState,Inactive,,*,-1,-1
2024-11-13T10:01:41.398-05:00,IdeState,Inactive,,*,-1,-1
2024-11-13T10:01:42.399-05:00,IdeState,Inactive,,*,-1,-1
2024-11-13T10:01:43.401-05:00,IdeState,Inactive,,*,-1,-1
2024-11-13T10:01:44.406-05:00,IdeState,Inactive,,*,-1,-1
2024-11-13T10:01:45.408-05:00,IdeState,Inactive,,*,-1,-1
2024-11-13T10:01:46.409-05:00,IdeState,Inactive,,*,-1,-1
2024-11-13T10:01:47.412-05:00,IdeState,Inactive,,*,-1,-1
2024-11-13T10:01:48.412-05:00,IdeState,Inactive,,*,-1,-1
2024-11-13T10:01:49.414-05:00,IdeState,Inactive,,*,-1,-1
2024-11-13T10:01:50.418-05:00,IdeState,Inactive,,*,-1,-1
2024-11-13T10:01:51.420-05:00,IdeState,Inactive,,*,-1,-1
2024-11-13T10:01:52.422-05:00,IdeState,Inactive,,*,-1,-1
2024-11-13T10:01:53.437-05:00,IdeState,Inactive,,*,-1,-1
2024-11-13T10:01:54.442-05:00,IdeState,Inactive,,*,-1,-1
2024-11-13T10:01:55.443-05:00,IdeState,Inactive,,*,-1,-1
2024-11-13T10:01:56.444-05:00,IdeState,Inactive,,*,-1,-1
2024-11-13T10:01:57.446-05:00,IdeState,Inactive,,*,-1,-1
2024-11-13T10:01:58.446-05:00,IdeState,Inactive,,*,-1,-1
2024-11-13T10:01:59.456-05:00,IdeState,Inactive,,*,-1,-1
2024-11-13T10:02:00.458-05:00,IdeState,Inactive,,*,-1,-1
2024-11-13T10:02:01.460-05:00,IdeState,Inactive,,*,-1,-1
2024-11-13T10:02:02.470-05:00,IdeState,Inactive,,*,-1,-1
2024-11-13T10:02:03.474-05:00,IdeState,Inactive,,*,-1,-1
2024-11-13T10:02:04.474-05:00,IdeState,Inactive,,*,-1,-1
2024-11-13T10:02:05.475-05:00,IdeState,Inactive,,*,-1,-1
2024-11-13T10:02:06.479-05:00,IdeState,Inactive,,*,-1,-1
2024-11-13T10:02:07.480-05:00,IdeState,Inactive,,*,-1,-1
2024-11-13T10:02:08.481-05:00,IdeState,Inactive,,*,-1,-1
2024-11-13T10:02:09.481-05:00,IdeState,Inactive,,*,-1,-1
2024-11-13T10:02:10.482-05:00,IdeState,Inactive,,*,-1,-1
2024-11-13T10:02:11.482-05:00,IdeState,Inactive,,*,-1,-1
2024-11-13T10:02:12.483-05:00,IdeState,Inactive,,*,-1,-1
2024-11-13T10:02:13.483-05:00,IdeState,Inactive,,*,-1,-1
2024-11-13T10:02:14.483-05:00,IdeState,Inactive,,*,-1,-1
2024-11-13T10:02:15.523-05:00,IdeState,Inactive,,*,-1,-1
2024-11-13T10:02:16.525-05:00,IdeState,Inactive,,*,-1,-1
2024-11-13T10:02:17.526-05:00,IdeState,Inactive,,*,-1,-1
2024-11-13T10:02:18.527-05:00,IdeState,Inactive,,*,-1,-1
2024-11-13T10:02:19.528-05:00,IdeState,Inactive,,*,-1,-1
2024-11-13T10:02:20.528-05:00,IdeState,Inactive,,*,-1,-1
2024-11-13T10:02:21.530-05:00,IdeState,Inactive,,*,-1,-1
2024-11-13T10:02:22.531-05:00,IdeState,Inactive,,*,-1,-1
2024-11-13T10:02:23.538-05:00,IdeState,Inactive,,*,-1,-1
2024-11-13T10:02:24.539-05:00,IdeState,Inactive,,*,-1,-1
2024-11-13T10:02:25.541-05:00,IdeState,Inactive,,*,-1,-1
2024-11-13T10:02:26.542-05:00,IdeState,Inactive,,*,-1,-1
2024-11-13T10:02:27.545-05:00,IdeState,Inactive,,*,-1,-1
2024-11-13T10:02:28.545-05:00,IdeState,Inactive,,*,-1,-1
2024-11-13T10:02:29.552-05:00,IdeState,Inactive,,*,-1,-1
2024-11-13T10:02:30.555-05:00,IdeState,Inactive,,*,-1,-1
2024-11-13T10:02:31.556-05:00,IdeState,Inactive,,*,-1,-1
2024-11-13T10:02:32.558-05:00,IdeState,Inactive,,*,-1,-1
2024-11-13T10:02:33.558-05:00,IdeState,Inactive,,*,-1,-1
2024-11-13T10:02:34.561-05:00,IdeState,Inactive,,*,-1,-1
2024-11-13T10:02:35.584-05:00,IdeState,Inactive,,*,-1,-1
2024-11-13T10:02:36.620-05:00,IdeState,Inactive,,*,-1,-1
2024-11-13T10:02:37.634-05:00,IdeState,Inactive,,*,-1,-1
2024-11-13T10:02:38.635-05:00,IdeState,Inactive,,*,-1,-1
2024-11-13T10:02:39.639-05:00,IdeState,Inactive,,*,-1,-1
2024-11-13T10:02:40.640-05:00,IdeState,Inactive,,*,-1,-1
2024-11-13T10:02:41.642-05:00,IdeState,Inactive,,*,-1,-1
2024-11-13T10:02:42.643-05:00,IdeState,Inactive,,*,-1,-1
2024-11-13T10:02:43.665-05:00,IdeState,Inactive,,*,-1,-1
2024-11-13T10:02:44.688-05:00,IdeState,Inactive,,*,-1,-1
2024-11-13T10:02:45.690-05:00,IdeState,Inactive,,*,-1,-1
2024-11-13T10:02:46.692-05:00,IdeState,Inactive,,*,-1,-1
2024-11-13T10:02:47.695-05:00,IdeState,Inactive,,*,-1,-1
2024-11-13T10:02:48.696-05:00,IdeState,Inactive,,*,-1,-1
2024-11-13T10:02:49.696-05:00,IdeState,Inactive,,*,-1,-1
2024-11-13T10:02:50.697-05:00,IdeState,Inactive,,*,-1,-1
2024-11-13T10:02:51.700-05:00,IdeState,Inactive,,*,-1,-1
2024-11-13T10:02:52.701-05:00,IdeState,Inactive,,*,-1,-1
2024-11-13T10:02:53.704-05:00,IdeState,Inactive,,*,-1,-1
2024-11-13T10:02:54.706-05:00,IdeState,Inactive,,*,-1,-1
2024-11-13T10:02:55.708-05:00,IdeState,Inactive,,*,-1,-1
2024-11-13T10:02:56.709-05:00,IdeState,Inactive,,*,-1,-1
2024-11-13T10:02:57.711-05:00,IdeState,Inactive,,*,-1,-1
2024-11-13T10:02:58.712-05:00,IdeState,Inactive,,*,-1,-1
2024-11-13T10:02:59.713-05:00,IdeState,Inactive,,*,-1,-1
2024-11-13T10:03:00.715-05:00,IdeState,Inactive,,*,-1,-1
2024-11-13T10:03:01.716-05:00,IdeState,Inactive,,*,-1,-1
2024-11-13T10:03:02.718-05:00,IdeState,Inactive,,*,-1,-1
2024-11-13T10:03:03.720-05:00,IdeState,Inactive,,*,-1,-1
2024-11-13T10:03:04.721-05:00,IdeState,Inactive,,*,-1,-1
2024-11-13T10:03:05.723-05:00,IdeState,Inactive,,*,-1,-1
2024-11-13T10:03:06.724-05:00,IdeState,Inactive,,*,-1,-1
2024-11-13T10:03:07.725-05:00,IdeState,Inactive,,*,-1,-1
2024-11-13T10:03:08.726-05:00,IdeState,Inactive,,*,-1,-1
2024-11-13T10:03:09.729-05:00,IdeState,Inactive,,*,-1,-1
2024-11-13T10:03:10.732-05:00,IdeState,Inactive,,*,-1,-1
2024-11-13T10:03:11.733-05:00,IdeState,Inactive,,*,-1,-1
2024-11-13T10:03:12.733-05:00,IdeState,Inactive,,*,-1,-1
2024-11-13T10:03:13.735-05:00,IdeState,Inactive,,*,-1,-1
2024-11-13T10:03:14.736-05:00,IdeState,Inactive,,*,-1,-1
2024-11-13T10:03:15.737-05:00,IdeState,Inactive,,*,-1,-1
2024-11-13T10:03:16.739-05:00,IdeState,Inactive,,*,-1,-1
2024-11-13T10:03:17.739-05:00,IdeState,Inactive,,*,-1,-1
2024-11-13T10:03:18.742-05:00,IdeState,Inactive,,*,-1,-1
2024-11-13T10:03:19.742-05:00,IdeState,Inactive,,*,-1,-1
2024-11-13T10:03:20.743-05:00,IdeState,Inactive,,*,-1,-1
2024-11-13T10:03:21.744-05:00,IdeState,Inactive,,*,-1,-1
2024-11-13T10:03:22.746-05:00,IdeState,Inactive,,*,-1,-1
2024-11-13T10:03:23.747-05:00,IdeState,Inactive,,*,-1,-1
2024-11-13T10:03:24.751-05:00,IdeState,Inactive,,*,-1,-1
2024-11-13T10:03:25.758-05:00,IdeState,Inactive,,*,-1,-1
2024-11-13T10:03:26.760-05:00,IdeState,Inactive,,*,-1,-1
2024-11-13T10:03:27.786-05:00,IdeState,Inactive,,*,-1,-1
2024-11-13T10:03:28.787-05:00,IdeState,Inactive,,*,-1,-1
2024-11-13T10:03:29.789-05:00,IdeState,Inactive,,*,-1,-1
2024-11-13T10:03:30.790-05:00,IdeState,Inactive,,*,-1,-1
2024-11-13T10:03:31.795-05:00,IdeState,Inactive,,*,-1,-1
2024-11-13T10:03:32.796-05:00,IdeState,Inactive,,*,-1,-1
2024-11-13T10:03:33.799-05:00,IdeState,Inactive,,*,-1,-1
2024-11-13T10:03:34.801-05:00,IdeState,Inactive,,*,-1,-1
2024-11-13T10:03:35.802-05:00,IdeState,Inactive,,*,-1,-1
2024-11-13T10:03:36.803-05:00,IdeState,Inactive,,*,-1,-1
2024-11-13T10:03:37.805-05:00,IdeState,Inactive,,*,-1,-1
2024-11-13T10:03:38.806-05:00,IdeState,Inactive,,*,-1,-1
2024-11-13T10:03:39.807-05:00,IdeState,Inactive,,*,-1,-1
2024-11-13T10:03:40.809-05:00,IdeState,Inactive,,*,-1,-1
2024-11-13T10:03:41.811-05:00,IdeState,Inactive,,*,-1,-1
2024-11-13T10:03:42.813-05:00,IdeState,Inactive,,*,-1,-1
2024-11-13T10:03:43.815-05:00,IdeState,Inactive,,*,-1,-1
2024-11-13T10:03:44.817-05:00,IdeState,Inactive,,*,-1,-1
2024-11-13T10:03:45.818-05:00,IdeState,Inactive,,*,-1,-1
2024-11-13T10:03:46.820-05:00,IdeState,Inactive,,*,-1,-1
2024-11-13T10:03:47.821-05:00,IdeState,Inactive,,*,-1,-1
2024-11-13T10:03:48.822-05:00,IdeState,Inactive,,*,-1,-1
2024-11-13T10:03:49.824-05:00,IdeState,Inactive,,*,-1,-1
2024-11-13T10:03:50.827-05:00,IdeState,Inactive,,*,-1,-1
2024-11-13T10:03:51.828-05:00,IdeState,Inactive,,*,-1,-1
2024-11-13T10:03:52.828-05:00,IdeState,Inactive,,*,-1,-1
2024-11-13T10:03:53.830-05:00,IdeState,Inactive,,*,-1,-1
2024-11-13T10:03:54.831-05:00,IdeState,Inactive,,*,-1,-1
2024-11-13T10:03:55.833-05:00,IdeState,Inactive,,*,-1,-1
2024-11-13T10:03:56.834-05:00,IdeState,Inactive,,*,-1,-1
2024-11-13T10:03:57.835-05:00,IdeState,Inactive,,*,-1,-1
2024-11-13T10:03:58.836-05:00,IdeState,Inactive,,*,-1,-1
2024-11-13T10:03:59.837-05:00,IdeState,Inactive,,*,-1,-1
2024-11-13T10:04:00.839-05:00,IdeState,Inactive,,*,-1,-1
2024-11-13T10:04:01.841-05:00,IdeState,Inactive,,*,-1,-1
2024-11-13T10:04:02.842-05:00,IdeState,Inactive,,*,-1,-1
2024-11-13T10:04:03.843-05:00,IdeState,Inactive,,*,-1,-1
2024-11-13T10:04:04.844-05:00,IdeState,Inactive,,*,-1,-1
2024-11-13T10:04:05.845-05:00,IdeState,Inactive,,*,-1,-1
2024-11-13T10:04:06.846-05:00,IdeState,Inactive,,*,-1,-1
2024-11-13T10:04:07.850-05:00,IdeState,Inactive,,*,-1,-1
2024-11-13T10:04:08.851-05:00,IdeState,Inactive,,*,-1,-1
2024-11-13T10:04:09.852-05:00,IdeState,Inactive,,*,-1,-1
2024-11-13T10:04:10.853-05:00,IdeState,Inactive,,*,-1,-1
2024-11-13T10:04:11.854-05:00,IdeState,Inactive,,*,-1,-1
2024-11-13T10:04:12.855-05:00,IdeState,Inactive,,*,-1,-1
2024-11-13T10:04:13.856-05:00,IdeState,Inactive,,*,-1,-1
2024-11-13T10:04:14.858-05:00,IdeState,Inactive,,*,-1,-1
2024-11-13T10:04:15.861-05:00,IdeState,Inactive,,*,-1,-1
2024-11-13T10:04:16.862-05:00,IdeState,Inactive,,*,-1,-1
2024-11-13T10:04:17.863-05:00,IdeState,Inactive,,*,-1,-1
2024-11-13T10:04:18.864-05:00,IdeState,Inactive,,*,-1,-1
2024-11-13T10:04:19.868-05:00,IdeState,Inactive,,*,-1,-1
2024-11-13T10:04:20.870-05:00,IdeState,Inactive,,*,-1,-1
2024-11-13T10:04:21.871-05:00,IdeState,Inactive,,*,-1,-1
2024-11-13T10:04:22.872-05:00,IdeState,Inactive,,*,-1,-1
2024-11-13T10:04:23.873-05:00,IdeState,Inactive,,*,-1,-1
2024-11-13T10:04:24.874-05:00,IdeState,Inactive,,*,-1,-1
2024-11-13T10:04:25.878-05:00,IdeState,Inactive,,*,-1,-1
2024-11-13T10:04:26.879-05:00,IdeState,Inactive,,*,-1,-1
2024-11-13T10:04:27.881-05:00,IdeState,Inactive,,*,-1,-1
2024-11-13T10:04:28.883-05:00,IdeState,Inactive,,*,-1,-1
2024-11-13T10:04:29.884-05:00,IdeState,Inactive,,*,-1,-1
2024-11-13T10:04:30.885-05:00,IdeState,Inactive,,*,-1,-1
2024-11-13T10:04:31.887-05:00,IdeState,Inactive,,*,-1,-1
2024-11-13T10:04:32.888-05:00,IdeState,Inactive,,*,-1,-1
2024-11-13T10:04:33.890-05:00,IdeState,Inactive,,*,-1,-1
2024-11-13T10:04:34.891-05:00,IdeState,Inactive,,*,-1,-1
2024-11-13T10:04:35.894-05:00,IdeState,Inactive,,*,-1,-1
2024-11-13T10:04:36.895-05:00,IdeState,Inactive,,*,-1,-1
2024-11-13T10:04:37.897-05:00,IdeState,Inactive,,*,-1,-1
2024-11-13T10:04:38.898-05:00,IdeState,Inactive,,*,-1,-1
2024-11-13T10:04:39.899-05:00,IdeState,Inactive,,*,-1,-1
2024-11-13T10:04:40.900-05:00,IdeState,Inactive,,*,-1,-1
2024-11-13T10:04:41.901-05:00,IdeState,Inactive,,*,-1,-1
2024-11-13T10:04:42.903-05:00,IdeState,Inactive,,*,-1,-1
2024-11-13T10:04:43.904-05:00,IdeState,Inactive,,*,-1,-1
2024-11-13T10:04:44.905-05:00,IdeState,Inactive,,*,-1,-1
2024-11-13T10:04:45.914-05:00,IdeState,Inactive,,*,-1,-1
2024-11-13T10:04:46.915-05:00,IdeState,Inactive,,*,-1,-1
2024-11-13T10:04:47.916-05:00,IdeState,Inactive,,*,-1,-1
2024-11-13T10:04:48.920-05:00,IdeState,Inactive,,*,-1,-1
2024-11-13T10:04:49.922-05:00,IdeState,Inactive,,*,-1,-1
2024-11-13T10:04:50.923-05:00,IdeState,Inactive,,*,-1,-1
2024-11-13T10:04:51.924-05:00,IdeState,Inactive,,*,-1,-1
2024-11-13T10:04:52.925-05:00,IdeState,Inactive,,*,-1,-1
2024-11-13T10:04:53.926-05:00,IdeState,Inactive,,*,-1,-1
2024-11-13T10:04:54.927-05:00,IdeState,Inactive,,*,-1,-1
2024-11-13T10:04:55.929-05:00,IdeState,Inactive,,*,-1,-1
2024-11-13T10:04:56.930-05:00,IdeState,Inactive,,*,-1,-1
2024-11-13T10:04:57.931-05:00,IdeState,Inactive,,*,-1,-1
2024-11-13T10:04:58.934-05:00,IdeState,Inactive,,*,-1,-1
2024-11-13T10:04:59.935-05:00,IdeState,Inactive,,*,-1,-1
2024-11-13T10:05:00.937-05:00,IdeState,Inactive,,*,-1,-1
2024-11-13T10:05:01.941-05:00,IdeState,Inactive,,*,-1,-1
2024-11-13T10:05:02.942-05:00,IdeState,Inactive,,*,-1,-1
2024-11-13T10:05:03.943-05:00,IdeState,Inactive,,*,-1,-1
2024-11-13T10:05:04.943-05:00,IdeState,Inactive,,*,-1,-1
2024-11-13T10:05:05.964-05:00,IdeState,Inactive,,*,-1,-1
2024-11-13T10:05:06.966-05:00,IdeState,Inactive,,*,-1,-1
2024-11-13T10:05:07.967-05:00,IdeState,Inactive,,*,-1,-1
2024-11-13T10:05:08.968-05:00,IdeState,Inactive,,*,-1,-1
2024-11-13T10:05:09.970-05:00,IdeState,Inactive,,*,-1,-1
2024-11-13T10:05:10.970-05:00,IdeState,Inactive,,*,-1,-1
2024-11-13T10:05:12.010-05:00,IdeState,Inactive,,*,-1,-1
2024-11-13T10:05:13.015-05:00,IdeState,Inactive,,*,-1,-1
2024-11-13T10:05:14.017-05:00,IdeState,Inactive,,*,-1,-1
2024-11-13T10:05:15.018-05:00,IdeState,Inactive,,*,-1,-1
2024-11-13T10:05:16.062-05:00,IdeState,Inactive,,*,-1,-1
2024-11-13T10:05:17.064-05:00,IdeState,Inactive,,*,-1,-1
2024-11-13T10:05:18.065-05:00,IdeState,Inactive,,*,-1,-1
2024-11-13T10:05:19.066-05:00,IdeState,Inactive,,*,-1,-1
2024-11-13T10:05:20.068-05:00,IdeState,Inactive,,*,-1,-1
2024-11-13T10:05:21.069-05:00,IdeState,Inactive,,*,-1,-1
2024-11-13T10:05:22.071-05:00,IdeState,Inactive,,*,-1,-1
2024-11-13T10:05:23.072-05:00,IdeState,Inactive,,*,-1,-1
2024-11-13T10:05:24.074-05:00,IdeState,Inactive,,*,-1,-1
2024-11-13T10:05:25.075-05:00,IdeState,Inactive,,*,-1,-1
2024-11-13T10:05:26.076-05:00,IdeState,Inactive,,*,-1,-1
2024-11-13T10:05:27.077-05:00,IdeState,Inactive,,*,-1,-1
2024-11-13T10:05:28.080-05:00,IdeState,Inactive,,*,-1,-1
2024-11-13T10:05:29.082-05:00,IdeState,Inactive,,*,-1,-1
2024-11-13T10:05:30.083-05:00,IdeState,Inactive,,*,-1,-1
2024-11-13T10:05:31.089-05:00,IdeState,Inactive,,*,-1,-1
2024-11-13T10:05:32.091-05:00,IdeState,Inactive,,*,-1,-1
2024-11-13T10:05:33.092-05:00,IdeState,Inactive,,*,-1,-1
2024-11-13T10:05:34.094-05:00,IdeState,Inactive,,*,-1,-1
2024-11-13T10:05:35.095-05:00,IdeState,Inactive,,*,-1,-1
2024-11-13T10:05:36.112-05:00,IdeState,Inactive,,*,-1,-1
2024-11-13T10:05:37.113-05:00,IdeState,Inactive,,*,-1,-1
2024-11-13T10:05:38.114-05:00,IdeState,Inactive,,*,-1,-1
2024-11-13T10:05:39.115-05:00,IdeState,Inactive,,*,-1,-1
2024-11-13T10:05:40.117-05:00,IdeState,Inactive,,*,-1,-1
2024-11-13T10:05:41.118-05:00,IdeState,Inactive,,*,-1,-1
2024-11-13T10:05:42.119-05:00,IdeState,Inactive,,*,-1,-1
2024-11-13T10:05:43.121-05:00,IdeState,Inactive,,*,-1,-1
2024-11-13T10:05:44.122-05:00,IdeState,Inactive,,*,-1,-1
2024-11-13T10:05:45.123-05:00,IdeState,Inactive,,*,-1,-1
2024-11-13T10:05:46.126-05:00,IdeState,Inactive,,*,-1,-1
2024-11-13T10:05:47.127-05:00,IdeState,Inactive,,*,-1,-1
2024-11-13T10:05:48.128-05:00,IdeState,Inactive,,*,-1,-1
2024-11-13T10:05:49.129-05:00,IdeState,Inactive,,*,-1,-1
2024-11-13T10:05:50.131-05:00,IdeState,Inactive,,*,-1,-1
2024-11-13T10:05:51.132-05:00,IdeState,Inactive,,*,-1,-1
2024-11-13T10:05:52.134-05:00,IdeState,Inactive,,*,-1,-1
2024-11-13T10:05:53.135-05:00,IdeState,Inactive,,*,-1,-1
2024-11-13T10:05:54.137-05:00,IdeState,Inactive,,*,-1,-1
2024-11-13T10:05:55.137-05:00,IdeState,Inactive,,*,-1,-1
2024-11-13T10:05:56.139-05:00,IdeState,Inactive,,*,-1,-1
2024-11-13T10:05:57.141-05:00,IdeState,Inactive,,*,-1,-1
2024-11-13T10:05:58.142-05:00,IdeState,Inactive,,*,-1,-1
2024-11-13T10:05:59.144-05:00,IdeState,Inactive,,*,-1,-1
2024-11-13T10:06:00.146-05:00,IdeState,Inactive,,*,-1,-1
2024-11-13T10:06:01.147-05:00,IdeState,Inactive,,*,-1,-1
2024-11-13T10:06:02.150-05:00,IdeState,Inactive,,*,-1,-1
2024-11-13T10:06:03.156-05:00,IdeState,Inactive,,*,-1,-1
2024-11-13T10:06:04.172-05:00,IdeState,Inactive,,*,-1,-1
2024-11-13T10:06:05.175-05:00,IdeState,Inactive,,*,-1,-1
2024-11-13T10:06:06.176-05:00,IdeState,Inactive,,*,-1,-1
2024-11-13T10:06:07.177-05:00,IdeState,Inactive,,*,-1,-1
2024-11-13T10:06:08.220-05:00,IdeState,Inactive,,*,-1,-1
2024-11-13T10:06:09.223-05:00,IdeState,Inactive,,*,-1,-1
2024-11-13T10:06:10.224-05:00,IdeState,Inactive,,*,-1,-1
2024-11-13T10:06:11.225-05:00,IdeState,Inactive,,*,-1,-1
2024-11-13T10:06:12.226-05:00,IdeState,Inactive,,*,-1,-1
2024-11-13T10:06:13.229-05:00,IdeState,Inactive,,*,-1,-1
2024-11-13T10:06:14.231-05:00,IdeState,Inactive,,*,-1,-1
2024-11-13T10:06:15.234-05:00,IdeState,Inactive,,*,-1,-1
2024-11-13T10:06:16.236-05:00,IdeState,Inactive,,*,-1,-1
2024-11-13T10:06:17.236-05:00,IdeState,Inactive,,*,-1,-1
2024-11-13T10:06:18.237-05:00,IdeState,Inactive,,*,-1,-1
2024-11-13T10:06:19.239-05:00,IdeState,Inactive,,*,-1,-1
2024-11-13T10:06:20.242-05:00,IdeState,Inactive,,*,-1,-1
2024-11-13T10:06:21.243-05:00,IdeState,Inactive,,*,-1,-1
2024-11-13T10:06:22.245-05:00,IdeState,Inactive,,*,-1,-1
2024-11-13T10:06:23.248-05:00,IdeState,Inactive,,*,-1,-1
2024-11-13T10:06:24.250-05:00,IdeState,Inactive,,*,-1,-1
2024-11-13T10:06:25.252-05:00,IdeState,Inactive,,*,-1,-1
2024-11-13T10:06:26.253-05:00,IdeState,Inactive,,*,-1,-1
2024-11-13T10:06:27.254-05:00,IdeState,Inactive,,*,-1,-1
2024-11-13T10:06:28.255-05:00,IdeState,Inactive,,*,-1,-1
2024-11-13T10:06:29.257-05:00,IdeState,Inactive,,*,-1,-1
2024-11-13T10:06:30.258-05:00,IdeState,Inactive,,*,-1,-1
2024-11-13T10:06:31.259-05:00,IdeState,Inactive,,*,-1,-1
2024-11-13T10:06:32.260-05:00,IdeState,Inactive,,*,-1,-1
2024-11-13T10:06:33.261-05:00,IdeState,Inactive,,*,-1,-1
2024-11-13T10:06:34.262-05:00,IdeState,Inactive,,*,-1,-1
2024-11-13T10:06:35.263-05:00,IdeState,Inactive,,*,-1,-1
2024-11-13T10:06:36.265-05:00,IdeState,Inactive,,*,-1,-1
2024-11-13T10:06:37.267-05:00,IdeState,Inactive,,*,-1,-1
2024-11-13T10:06:38.270-05:00,IdeState,Inactive,,*,-1,-1
2024-11-13T10:06:39.279-05:00,IdeState,Inactive,,*,-1,-1
2024-11-13T10:06:40.282-05:00,IdeState,Inactive,,*,-1,-1
2024-11-13T10:06:41.282-05:00,IdeState,Inactive,,*,-1,-1
2024-11-13T10:06:42.283-05:00,IdeState,Inactive,,*,-1,-1
2024-11-13T10:06:43.285-05:00,IdeState,Inactive,,*,-1,-1
2024-11-13T10:06:44.287-05:00,IdeState,Inactive,,*,-1,-1
2024-11-13T10:06:45.288-05:00,IdeState,Inactive,,*,-1,-1
2024-11-13T10:06:46.303-05:00,IdeState,Inactive,,*,-1,-1
2024-11-13T10:06:47.322-05:00,IdeState,Inactive,,*,-1,-1
2024-11-13T10:06:48.324-05:00,IdeState,Inactive,,*,-1,-1
2024-11-13T10:06:49.325-05:00,IdeState,Inactive,,*,-1,-1
2024-11-13T10:06:50.327-05:00,IdeState,Inactive,,*,-1,-1
2024-11-13T10:06:51.337-05:00,IdeState,Inactive,,*,-1,-1
2024-11-13T10:06:52.338-05:00,IdeState,Inactive,,*,-1,-1
2024-11-13T10:06:53.339-05:00,IdeState,Inactive,,*,-1,-1
2024-11-13T10:06:54.341-05:00,IdeState,Inactive,,*,-1,-1
2024-11-13T10:06:55.343-05:00,IdeState,Inactive,,*,-1,-1
2024-11-13T10:06:56.344-05:00,IdeState,Inactive,,*,-1,-1
2024-11-13T10:06:57.346-05:00,IdeState,Inactive,,*,-1,-1
2024-11-13T10:06:58.347-05:00,IdeState,Inactive,,*,-1,-1
2024-11-13T10:06:59.348-05:00,IdeState,Inactive,,*,-1,-1
2024-11-13T10:07:00.349-05:00,IdeState,Inactive,,*,-1,-1
2024-11-13T10:07:01.352-05:00,IdeState,Inactive,,*,-1,-1
2024-11-13T10:07:02.353-05:00,IdeState,Inactive,,*,-1,-1
2024-11-13T10:07:03.354-05:00,IdeState,Inactive,,*,-1,-1
2024-11-13T10:07:04.356-05:00,IdeState,Inactive,,*,-1,-1
2024-11-13T10:07:05.362-05:00,IdeState,Inactive,,*,-1,-1
2024-11-13T10:07:06.363-05:00,IdeState,Inactive,,*,-1,-1
2024-11-13T10:07:07.364-05:00,IdeState,Inactive,,*,-1,-1
2024-11-13T10:07:08.365-05:00,IdeState,Inactive,,*,-1,-1
2024-11-13T10:07:09.368-05:00,IdeState,Inactive,,*,-1,-1
2024-11-13T10:07:10.368-05:00,IdeState,Inactive,,*,-1,-1
2024-11-13T10:07:11.370-05:00,IdeState,Inactive,,*,-1,-1
2024-11-13T10:07:12.371-05:00,IdeState,Inactive,,*,-1,-1
2024-11-13T10:07:13.373-05:00,IdeState,Inactive,,*,-1,-1
2024-11-13T10:07:14.385-05:00,IdeState,Inactive,,*,-1,-1
2024-11-13T10:07:15.391-05:00,IdeState,Inactive,,*,-1,-1
2024-11-13T10:07:16.403-05:00,IdeState,Inactive,,*,-1,-1
2024-11-13T10:07:17.405-05:00,IdeState,Inactive,,*,-1,-1
2024-11-13T10:07:18.407-05:00,IdeState,Inactive,,*,-1,-1
2024-11-13T10:07:19.408-05:00,IdeState,Inactive,,*,-1,-1
2024-11-13T10:07:20.409-05:00,IdeState,Inactive,,*,-1,-1
2024-11-13T10:07:21.410-05:00,IdeState,Inactive,,*,-1,-1
2024-11-13T10:07:22.411-05:00,IdeState,Inactive,,*,-1,-1
2024-11-13T10:07:23.413-05:00,IdeState,Inactive,,*,-1,-1
2024-11-13T10:07:24.413-05:00,IdeState,Inactive,,*,-1,-1
2024-11-13T10:07:25.414-05:00,IdeState,Inactive,,*,-1,-1
2024-11-13T10:07:26.415-05:00,IdeState,Inactive,,*,-1,-1
2024-11-13T10:07:27.416-05:00,IdeState,Inactive,,*,-1,-1
2024-11-13T10:07:28.416-05:00,IdeState,Inactive,,*,-1,-1
2024-11-13T10:07:29.417-05:00,IdeState,Inactive,,*,-1,-1
2024-11-13T10:07:30.418-05:00,IdeState,Inactive,,*,-1,-1
2024-11-13T10:07:31.419-05:00,IdeState,Inactive,,*,-1,-1
2024-11-13T10:07:32.420-05:00,IdeState,Inactive,,*,-1,-1
2024-11-13T10:07:33.422-05:00,IdeState,Inactive,,*,-1,-1
2024-11-13T10:07:34.422-05:00,IdeState,Inactive,,*,-1,-1
2024-11-13T10:07:35.451-05:00,IdeState,Inactive,,*,-1,-1
2024-11-13T10:07:36.452-05:00,IdeState,Inactive,,*,-1,-1
2024-11-13T10:07:37.453-05:00,IdeState,Inactive,,*,-1,-1
2024-11-13T10:07:38.454-05:00,IdeState,Inactive,,*,-1,-1
2024-11-13T10:07:39.456-05:00,IdeState,Inactive,,*,-1,-1
2024-11-13T10:07:40.458-05:00,IdeState,Inactive,,*,-1,-1
2024-11-13T10:07:41.459-05:00,IdeState,Inactive,,*,-1,-1
2024-11-13T10:07:42.460-05:00,IdeState,Inactive,,*,-1,-1
2024-11-13T10:07:43.461-05:00,IdeState,Inactive,,*,-1,-1
2024-11-13T10:07:44.477-05:00,IdeState,Inactive,,*,-1,-1
2024-11-13T10:07:45.479-05:00,IdeState,Inactive,,*,-1,-1
2024-11-13T10:07:46.481-05:00,IdeState,Inactive,,*,-1,-1
2024-11-13T10:07:47.482-05:00,IdeState,Inactive,,*,-1,-1
2024-11-13T10:07:48.483-05:00,IdeState,Inactive,,*,-1,-1
2024-11-13T10:07:49.485-05:00,IdeState,Inactive,,*,-1,-1
2024-11-13T10:07:50.492-05:00,IdeState,Inactive,,*,-1,-1
2024-11-13T10:07:51.492-05:00,IdeState,Inactive,,*,-1,-1
2024-11-13T10:07:52.493-05:00,IdeState,Inactive,,*,-1,-1
2024-11-13T10:07:53.495-05:00,IdeState,Inactive,,*,-1,-1
2024-11-13T10:07:54.496-05:00,IdeState,Inactive,,*,-1,-1
2024-11-13T10:07:55.497-05:00,IdeState,Inactive,,*,-1,-1
2024-11-13T10:07:56.498-05:00,IdeState,Inactive,,*,-1,-1
2024-11-13T10:07:57.501-05:00,IdeState,Inactive,,*,-1,-1
2024-11-13T10:07:58.502-05:00,IdeState,Inactive,,*,-1,-1
2024-11-13T10:07:59.921-05:00,IdeState,Inactive,,*,-1,-1
2024-11-13T10:08:01.988-05:00,IdeState,Active,Project,*,-1,-1
2024-11-13T10:08:02.067-05:00,Action,SettingsEntryPoint,Project,*,-1,-1
2024-11-13T10:08:03.591-05:00,IdeState,Active,Project,*,-1,-1
2024-11-13T10:08:04.010-05:00,Action,SettingsEntryPoint,Project,*,-1,-1
2024-11-13T10:08:04.617-05:00,IdeState,Active,Project,*,-1,-1
2024-11-13T10:08:04.717-05:00,Action,SettingsEntryPoint,Project,*,-1,-1
2024-11-13T10:08:05.618-05:00,IdeState,Active,Project,*,-1,-1
2024-11-13T10:08:06.025-05:00,Action,WelcomeScreen.Plugins,,*,-1,-1
2024-11-13T10:08:12.490-05:00,IdeState,Active,Dialog,*,-1,-1
2024-11-13T10:08:13.976-05:00,IdeState,Active,Dialog,*,-1,-1
2024-11-13T10:08:14.976-05:00,IdeState,Active,Dialog,*,-1,-1
2024-11-13T10:08:16.120-05:00,IdeState,Inactive,,*,-1,-1
2024-11-13T10:08:17.121-05:00,IdeState,Active,Dialog,*,-1,-1
2024-11-13T10:08:18.122-05:00,IdeState,Active,Dialog,*,-1,-1
2024-11-13T10:08:19.123-05:00,IdeState,Active,Dialog,*,-1,-1
2024-11-13T10:08:20.125-05:00,IdeState,Active,Dialog,*,-1,-1
2024-11-13T10:08:21.126-05:00,IdeState,Active,Dialog,*,-1,-1
2024-11-13T10:08:22.128-05:00,IdeState,Active,Dialog,*,-1,-1
2024-11-13T10:08:23.781-05:00,IdeState,Active,Dialog,*,-1,-1
2024-11-13T10:08:26.883-05:00,IdeState,Active,Dialog,*,-1,-1
2024-11-13T10:08:49.040-05:00,IdeState,Inactive,,*,-1,-1
2024-11-13T10:08:50.472-05:00,IdeState,Active,Popup,*,-1,-1
2024-11-13T10:08:51.853-05:00,IdeState,Active,Popup,*,-1,-1
2024-11-13T10:08:53.225-05:00,IdeState,Active,Popup,*,-1,-1
2024-11-13T10:08:54.577-05:00,IdeState,Active,Popup,*,-1,-1
2024-11-13T10:08:55.730-05:00,IdeState,Inactive,,*,-1,-1
2024-11-13T10:08:56.752-05:00,IdeState,Inactive,,*,-1,-1
2024-11-13T10:08:57.761-05:00,IdeState,Inactive,,*,-1,-1
2024-11-13T10:08:58.776-05:00,IdeState,Inactive,,*,-1,-1
2024-11-13T10:08:59.779-05:00,IdeState,Inactive,,*,-1,-1
2024-11-13T10:09:01.141-05:00,IdeState,Active,Project,*,-1,-1
2024-11-13T10:09:02.145-05:00,IdeState,Active,Project,*,-1,-1
2024-11-13T10:09:02.307-05:00,Action,SettingsEntryPoint,Project,*,-1,-1
2024-11-13T10:09:03.152-05:00,IdeState,Active,Project,*,-1,-1
2024-11-13T10:09:03.705-05:00,Action,WelcomeScreen.Plugins,,*,-1,-1
2024-11-13T10:09:06.000-05:00,IdeState,Active,Dialog,*,-1,-1
2024-11-13T10:09:07.016-05:00,IdeState,Active,Dialog,*,-1,-1
2024-11-13T10:09:08.021-05:00,IdeState,Inactive,,*,-1,-1
2024-11-13T10:09:09.022-05:00,IdeState,Inactive,,*,-1,-1
2024-11-13T10:09:10.029-05:00,IdeState,Active,Dialog,*,-1,-1
2024-11-13T10:09:11.031-05:00,IdeState,Active,Dialog,*,-1,-1
2024-11-13T10:09:12.036-05:00,IdeState,Active,Dialog,*,-1,-1
2024-11-13T10:09:13.050-05:00,IdeState,Active,Dialog,*,-1,-1
2024-11-13T10:09:14.052-05:00,IdeState,Active,Dialog,*,-1,-1
2024-11-13T10:09:15.066-05:00,IdeState,Active,Dialog,*,-1,-1
2024-11-13T10:09:16.080-05:00,IdeState,Active,Dialog,*,-1,-1
2024-11-13T10:09:18.075-05:00,IdeState,Active,Project,*,-1,-1
2024-11-13T10:09:29.346-05:00,IdeState,Active,Popup,*,-1,-1
2024-11-13T10:09:31.145-05:00,IdeState,Active,Popup,*,-1,-1
2024-11-13T10:09:32.312-05:00,IdeState,Active,Popup,*,-1,-1
2024-11-13T10:09:33.599-05:00,IdeState,Active,Project,*,-1,-1
2024-11-13T10:09:34.696-05:00,IdeState,Active,Project,*,-1,-1
2024-11-13T10:09:35.698-05:00,IdeState,Active,Project,*,-1,-1
2024-11-13T10:09:36.700-05:00,IdeState,Active,Project,*,-1,-1
2024-11-13T10:09:37.702-05:00,IdeState,Active,Project,*,-1,-1
2024-11-13T10:09:38.889-05:00,IdeState,Active,Project,*,-1,-1
2024-11-13T10:09:39.890-05:00,IdeState,Active,Project,*,-1,-1
2024-11-13T10:09:40.893-05:00,IdeState,Active,Project,*,-1,-1
2024-11-13T10:09:41.896-05:00,IdeState,Active,Project,*,-1,-1
2024-11-13T10:09:42.898-05:00,IdeState,Active,Project,*,-1,-1
2024-11-13T10:09:43.900-05:00,IdeState,Active,Project,*,-1,-1
2024-11-13T10:09:44.901-05:00,IdeState,Active,Project,*,-1,-1
2024-11-13T10:09:45.903-05:00,IdeState,Active,Project,*,-1,-1
2024-11-13T10:09:46.904-05:00,IdeState,Active,Project,*,-1,-1
2024-11-13T10:09:47.906-05:00,IdeState,Inactive,,*,-1,-1
2024-11-13T10:09:48.907-05:00,IdeState,Inactive,,*,-1,-1
2024-11-13T10:09:49.912-05:00,IdeState,Inactive,,*,-1,-1
2024-11-13T10:09:50.923-05:00,IdeState,Inactive,,*,-1,-1
2024-11-13T10:09:51.927-05:00,IdeState,Inactive,,*,-1,-1
2024-11-13T10:09:52.933-05:00,IdeState,Inactive,,*,-1,-1
2024-11-13T10:09:53.942-05:00,IdeState,Inactive,,*,-1,-1
2024-11-13T10:09:55.123-05:00,IdeState,Inactive,,*,-1,-1
2024-11-13T10:09:56.128-05:00,IdeState,Inactive,,*,-1,-1
2024-11-13T10:09:57.139-05:00,IdeState,Inactive,,*,-1,-1
2024-11-13T10:09:58.152-05:00,IdeState,Inactive,,*,-1,-1
2024-11-13T10:09:59.163-05:00,IdeState,Inactive,,*,-1,-1
2024-11-13T10:10:00.185-05:00,IdeState,Inactive,,*,-1,-1
2024-11-13T10:10:01.190-05:00,IdeState,Inactive,,*,-1,-1
2024-11-13T10:10:02.192-05:00,IdeState,Inactive,,*,-1,-1
2024-11-13T10:10:03.200-05:00,IdeState,Inactive,,*,-1,-1
2024-11-13T10:10:04.206-05:00,IdeState,Inactive,,*,-1,-1
2024-11-13T10:10:05.245-05:00,IdeState,Inactive,,*,-1,-1
2024-11-13T10:10:06.266-05:00,IdeState,Inactive,,*,-1,-1
2024-11-13T10:10:07.271-05:00,IdeState,Inactive,,*,-1,-1
2024-11-13T10:10:08.283-05:00,IdeState,Inactive,,*,-1,-1
2024-11-13T10:10:09.300-05:00,IdeState,Inactive,,*,-1,-1
2024-11-13T10:10:10.313-05:00,IdeState,Inactive,,*,-1,-1
2024-11-13T10:10:11.325-05:00,IdeState,Inactive,,*,-1,-1
2024-11-13T10:10:12.340-05:00,IdeState,Inactive,,*,-1,-1
2024-11-13T10:10:13.352-05:00,IdeState,Inactive,,*,-1,-1
2024-11-13T10:10:14.371-05:00,IdeState,Inactive,,*,-1,-1
2024-11-13T10:10:15.375-05:00,IdeState,Inactive,,*,-1,-1
2024-11-13T10:10:16.397-05:00,IdeState,Inactive,,*,-1,-1
2024-11-13T10:10:17.506-05:00,IdeState,Inactive,,*,-1,-1
2024-11-13T10:10:18.521-05:00,IdeState,Inactive,,*,-1,-1
2024-11-13T10:10:19.539-05:00,IdeState,Inactive,,*,-1,-1
2024-11-13T10:10:20.544-05:00,IdeState,Inactive,,*,-1,-1
2024-11-13T10:10:21.557-05:00,IdeState,Inactive,,*,-1,-1
2024-11-13T10:10:22.876-05:00,IdeState,Inactive,,*,-1,-1
2024-11-13T10:10:23.892-05:00,IdeState,Inactive,,*,-1,-1
2024-11-13T10:10:24.902-05:00,IdeState,Active,Project,*,-1,-1
2024-11-13T10:10:25.907-05:00,IdeState,Active,Project,*,-1,-1
2024-11-13T10:10:26.921-05:00,IdeState,Active,Project,*,-1,-1
2024-11-13T10:10:27.933-05:00,IdeState,Inactive,,*,-1,-1
2024-11-13T10:10:28.945-05:00,IdeState,Inactive,,*,-1,-1
2024-11-13T10:10:29.959-05:00,IdeState,Inactive,,*,-1,-1
2024-11-13T10:10:30.968-05:00,IdeState,Active,Project,*,-1,-1
2024-11-13T10:10:31.984-05:00,IdeState,Active,Project,*,-1,-1
2024-11-13T10:10:32.998-05:00,IdeState,Active,Project,*,-1,-1
2024-11-13T10:10:34.012-05:00,IdeState,Inactive,,*,-1,-1
2024-11-13T10:10:35.031-05:00,IdeState,Inactive,,*,-1,-1
2024-11-13T10:10:36.034-05:00,IdeState,Inactive,,*,-1,-1
2024-11-13T10:10:37.038-05:00,IdeState,Inactive,,*,-1,-1
2024-11-13T10:10:38.041-05:00,IdeState,Inactive,,*,-1,-1
2024-11-13T10:10:39.043-05:00,IdeState,Inactive,,*,-1,-1
2024-11-13T10:10:40.044-05:00,IdeState,Inactive,,*,-1,-1
2024-11-13T10:10:41.045-05:00,IdeState,Inactive,,*,-1,-1
2024-11-13T10:10:42.048-05:00,IdeState,Inactive,,*,-1,-1
2024-11-13T10:10:43.049-05:00,IdeState,Inactive,,*,-1,-1
2024-11-13T10:10:44.051-05:00,IdeState,Inactive,,*,-1,-1
2024-11-13T10:10:45.053-05:00,IdeState,Inactive,,*,-1,-1
2024-11-13T10:10:46.058-05:00,IdeState,Inactive,,*,-1,-1
2024-11-13T10:10:47.060-05:00,IdeState,Inactive,,*,-1,-1
2024-11-13T10:10:48.062-05:00,IdeState,Inactive,,*,-1,-1
2024-11-13T10:10:49.063-05:00,IdeState,Inactive,,*,-1,-1
2024-11-13T10:10:50.064-05:00,IdeState,Inactive,,*,-1,-1
2024-11-13T10:10:51.066-05:00,IdeState,Inactive,,*,-1,-1
2024-11-13T10:10:52.071-05:00,IdeState,Inactive,,*,-1,-1
2024-11-13T10:10:53.075-05:00,IdeState,Inactive,,*,-1,-1
2024-11-13T10:10:54.078-05:00,IdeState,Inactive,,*,-1,-1
2024-11-13T10:10:55.080-05:00,IdeState,Inactive,,*,-1,-1
2024-11-13T10:10:56.084-05:00,IdeState,Inactive,,*,-1,-1
2024-11-13T10:10:57.086-05:00,IdeState,Inactive,,*,-1,-1
2024-11-13T10:10:58.090-05:00,IdeState,Inactive,,*,-1,-1
2024-11-13T10:10:59.093-05:00,IdeState,Inactive,,*,-1,-1
2024-11-13T10:11:00.100-05:00,IdeState,Inactive,,*,-1,-1
2024-11-13T10:11:01.101-05:00,IdeState,Inactive,,*,-1,-1
2024-11-13T10:11:02.103-05:00,IdeState,Inactive,,*,-1,-1
2024-11-13T10:11:03.105-05:00,IdeState,Inactive,,*,-1,-1
2024-11-13T10:11:04.106-05:00,IdeState,Inactive,,*,-1,-1
2024-11-13T10:11:05.108-05:00,IdeState,Inactive,,*,-1,-1
2024-11-13T10:11:06.110-05:00,IdeState,Inactive,,*,-1,-1
2024-11-13T10:11:07.111-05:00,IdeState,Inactive,,*,-1,-1
2024-11-13T10:11:08.113-05:00,IdeState,Inactive,,*,-1,-1
2024-11-13T10:11:09.114-05:00,IdeState,Inactive,,*,-1,-1
2024-11-13T10:11:10.116-05:00,IdeState,Inactive,,*,-1,-1
2024-11-13T10:11:11.117-05:00,IdeState,Inactive,,*,-1,-1
2024-11-13T10:11:12.120-05:00,IdeState,Inactive,,*,-1,-1
2024-11-13T10:11:13.121-05:00,IdeState,Inactive,,*,-1,-1
2024-11-13T10:11:14.123-05:00,IdeState,Inactive,,*,-1,-1
2024-11-13T10:11:15.126-05:00,IdeState,Inactive,,*,-1,-1
2024-11-13T10:11:16.127-05:00,IdeState,Inactive,,*,-1,-1
2024-11-13T10:11:17.128-05:00,IdeState,Inactive,,*,-1,-1
2024-11-13T10:11:18.129-05:00,IdeState,Inactive,,*,-1,-1
2024-11-13T10:11:19.131-05:00,IdeState,Inactive,,*,-1,-1
2024-11-13T10:11:20.134-05:00,IdeState,Inactive,,*,-1,-1
2024-11-13T10:11:21.136-05:00,IdeState,Inactive,,*,-1,-1
2024-11-13T10:11:22.140-05:00,IdeState,Inactive,,*,-1,-1
2024-11-13T10:11:23.141-05:00,IdeState,Inactive,,*,-1,-1
2024-11-13T10:11:24.142-05:00,IdeState,Inactive,,*,-1,-1
2024-11-13T10:11:25.151-05:00,IdeState,Inactive,,*,-1,-1
2024-11-13T10:11:26.155-05:00,IdeState,Inactive,,*,-1,-1
2024-11-13T10:11:27.156-05:00,IdeState,Inactive,,*,-1,-1
2024-11-13T10:11:28.157-05:00,IdeState,Inactive,,*,-1,-1
2024-11-13T10:11:29.159-05:00,IdeState,Inactive,,*,-1,-1
2024-11-13T10:11:30.161-05:00,IdeState,Inactive,,*,-1,-1
2024-11-13T10:11:31.162-05:00,IdeState,Inactive,,*,-1,-1
2024-11-13T10:11:32.174-05:00,IdeState,Inactive,,*,-1,-1
2024-11-13T10:11:33.176-05:00,IdeState,Inactive,,*,-1,-1
2024-11-13T10:11:34.178-05:00,IdeState,Inactive,,*,-1,-1
2024-11-13T10:11:35.180-05:00,IdeState,Inactive,,*,-1,-1
2024-11-13T10:11:36.187-05:00,IdeState,Inactive,,*,-1,-1
2024-11-13T10:11:37.205-05:00,IdeState,Inactive,,*,-1,-1
2024-11-13T10:11:38.220-05:00,IdeState,Inactive,,*,-1,-1
2024-11-13T10:11:39.223-05:00,IdeState,Inactive,,*,-1,-1
2024-11-13T10:11:40.224-05:00,IdeState,Inactive,,*,-1,-1
2024-11-13T10:11:41.226-05:00,IdeState,Inactive,,*,-1,-1
2024-11-13T10:11:42.247-05:00,IdeState,Inactive,,*,-1,-1
2024-11-13T10:11:43.299-05:00,IdeState,Inactive,,*,-1,-1
2024-11-13T10:11:44.311-05:00,IdeState,Inactive,,*,-1,-1
2024-11-13T10:11:45.331-05:00,IdeState,Inactive,,*,-1,-1
2024-11-13T10:11:46.334-05:00,IdeState,Inactive,,*,-1,-1
2024-11-13T10:11:47.336-05:00,IdeState,Inactive,,*,-1,-1
2024-11-13T10:11:48.452-05:00,IdeState,Inactive,,*,-1,-1
2024-11-13T10:11:49.714-05:00,IdeState,Inactive,,*,-1,-1
2024-11-13T10:11:50.722-05:00,IdeState,Inactive,,*,-1,-1
2024-11-13T10:11:51.728-05:00,IdeState,Inactive,,*,-1,-1
2024-11-13T10:11:52.736-05:00,IdeState,Inactive,,*,-1,-1
2024-11-13T10:11:53.741-05:00,IdeState,Inactive,,*,-1,-1
2024-11-13T10:11:54.743-05:00,IdeState,Inactive,,*,-1,-1
2024-11-13T10:11:55.752-05:00,IdeState,Inactive,,*,-1,-1
2024-11-13T10:11:56.833-05:00,IdeState,Inactive,,*,-1,-1
2024-11-13T10:11:57.835-05:00,IdeState,Inactive,,*,-1,-1
2024-11-13T10:11:58.838-05:00,IdeState,Inactive,,*,-1,-1
2024-11-13T10:11:59.841-05:00,IdeState,Inactive,,*,-1,-1
2024-11-13T10:12:00.845-05:00,IdeState,Inactive,,*,-1,-1
2024-11-13T10:12:01.860-05:00,IdeState,Inactive,,*,-1,-1
2024-11-13T10:12:02.917-05:00,IdeState,Inactive,,*,-1,-1
2024-11-13T10:12:04.002-05:00,IdeState,Inactive,,*,-1,-1
2024-11-13T10:12:05.005-05:00,IdeState,Inactive,,*,-1,-1
2024-11-13T10:12:06.006-05:00,IdeState,Inactive,,*,-1,-1
2024-11-13T10:12:07.007-05:00,IdeState,Inactive,,*,-1,-1
2024-11-13T10:12:08.022-05:00,IdeState,Inactive,,*,-1,-1
2024-11-13T10:12:09.023-05:00,IdeState,Inactive,,*,-1,-1
2024-11-13T10:12:10.025-05:00,IdeState,Inactive,,*,-1,-1
2024-11-13T10:12:11.069-05:00,IdeState,Inactive,,*,-1,-1
2024-11-13T10:12:12.102-05:00,IdeState,Inactive,,*,-1,-1
2024-11-13T10:12:13.104-05:00,IdeState,Inactive,,*,-1,-1
2024-11-13T10:12:14.105-05:00,IdeState,Inactive,,*,-1,-1
2024-11-13T10:12:15.111-05:00,IdeState,Inactive,,*,-1,-1
2024-11-13T10:12:16.112-05:00,IdeState,Inactive,,*,-1,-1
2024-11-13T10:12:17.116-05:00,IdeState,Inactive,,*,-1,-1
2024-11-13T10:12:18.120-05:00,IdeState,Inactive,,*,-1,-1
2024-11-13T10:12:19.121-05:00,IdeState,Inactive,,*,-1,-1
2024-11-13T10:12:20.122-05:00,IdeState,Inactive,,*,-1,-1
2024-11-13T10:12:21.130-05:00,IdeState,Inactive,,*,-1,-1
2024-11-13T10:12:22.134-05:00,IdeState,Inactive,,*,-1,-1
2024-11-13T10:12:23.136-05:00,IdeState,Inactive,,*,-1,-1
2024-11-13T10:12:24.143-05:00,IdeState,Inactive,,*,-1,-1
2024-11-13T10:12:25.144-05:00,IdeState,Inactive,,*,-1,-1
2024-11-13T10:12:26.148-05:00,IdeState,Inactive,,*,-1,-1
2024-11-13T10:12:27.153-05:00,IdeState,Inactive,,*,-1,-1
2024-11-13T10:12:28.154-05:00,IdeState,Inactive,,*,-1,-1
2024-11-13T10:12:29.155-05:00,IdeState,Inactive,,*,-1,-1
2024-11-13T10:12:30.158-05:00,IdeState,Inactive,,*,-1,-1
2024-11-13T10:12:31.164-05:00,IdeState,Inactive,,*,-1,-1
2024-11-13T10:12:32.165-05:00,IdeState,Inactive,,*,-1,-1
2024-11-13T10:12:33.167-05:00,IdeState,Inactive,,*,-1,-1
2024-11-13T10:12:34.169-05:00,IdeState,Inactive,,*,-1,-1
2024-11-13T10:12:35.170-05:00,IdeState,Inactive,,*,-1,-1
2024-11-13T10:12:36.174-05:00,IdeState,Inactive,,*,-1,-1
2024-11-13T10:12:37.176-05:00,IdeState,Inactive,,*,-1,-1
2024-11-13T10:12:38.178-05:00,IdeState,Inactive,,*,-1,-1
2024-11-13T10:12:39.179-05:00,IdeState,Inactive,,*,-1,-1
2024-11-13T10:12:40.181-05:00,IdeState,Inactive,,*,-1,-1
2024-11-13T10:12:41.185-05:00,IdeState,Inactive,,*,-1,-1
2024-11-13T10:12:42.191-05:00,IdeState,Inactive,,*,-1,-1
2024-11-13T10:12:43.193-05:00,IdeState,Inactive,,*,-1,-1
2024-11-13T10:12:44.194-05:00,IdeState,Inactive,,*,-1,-1
2024-11-13T10:12:45.197-05:00,IdeState,Inactive,,*,-1,-1
2024-11-13T10:12:46.198-05:00,IdeState,Inactive,,*,-1,-1
2024-11-13T10:12:47.200-05:00,IdeState,Inactive,,*,-1,-1
2024-11-13T10:12:48.201-05:00,IdeState,Inactive,,*,-1,-1
2024-11-13T10:12:49.203-05:00,IdeState,Inactive,,*,-1,-1
2024-11-13T10:12:50.204-05:00,IdeState,Inactive,,*,-1,-1
2024-11-13T10:12:51.205-05:00,IdeState,Inactive,,*,-1,-1
2024-11-13T10:12:52.208-05:00,IdeState,Inactive,,*,-1,-1
2024-11-13T10:12:53.209-05:00,IdeState,Inactive,,*,-1,-1
2024-11-13T10:12:54.211-05:00,IdeState,Inactive,,*,-1,-1
2024-11-13T10:12:55.212-05:00,IdeState,Inactive,,*,-1,-1
2024-11-13T10:12:56.218-05:00,IdeState,Inactive,,*,-1,-1
2024-11-13T10:12:57.220-05:00,IdeState,Inactive,,*,-1,-1
2024-11-13T10:12:58.221-05:00,IdeState,Inactive,,*,-1,-1
2024-11-13T10:12:59.222-05:00,IdeState,Inactive,,*,-1,-1
2024-11-13T10:13:00.224-05:00,IdeState,Inactive,,*,-1,-1
2024-11-13T10:13:01.227-05:00,IdeState,Inactive,,*,-1,-1
2024-11-13T10:13:02.229-05:00,IdeState,Inactive,,*,-1,-1
2024-11-13T10:13:03.230-05:00,IdeState,Inactive,,*,-1,-1
2024-11-13T10:13:04.232-05:00,IdeState,Inactive,,*,-1,-1
2024-11-13T10:13:05.234-05:00,IdeState,Inactive,,*,-1,-1
2024-11-13T10:13:06.235-05:00,IdeState,Inactive,,*,-1,-1
2024-11-13T10:13:07.238-05:00,IdeState,Inactive,,*,-1,-1
2024-11-13T10:13:08.239-05:00,IdeState,Inactive,,*,-1,-1
2024-11-13T10:13:09.241-05:00,IdeState,Inactive,,*,-1,-1
2024-11-13T10:13:10.243-05:00,IdeState,Inactive,,*,-1,-1
2024-11-13T10:13:11.245-05:00,IdeState,Inactive,,*,-1,-1
2024-11-13T10:13:12.248-05:00,IdeState,Inactive,,*,-1,-1
2024-11-13T10:13:13.250-05:00,IdeState,Inactive,,*,-1,-1
2024-11-13T10:13:14.252-05:00,IdeState,Inactive,,*,-1,-1
2024-11-13T10:13:15.253-05:00,IdeState,Inactive,,*,-1,-1
2024-11-13T10:13:16.256-05:00,IdeState,Inactive,,*,-1,-1
2024-11-13T10:13:17.258-05:00,IdeState,Inactive,,*,-1,-1
2024-11-13T10:13:18.260-05:00,IdeState,Inactive,,*,-1,-1
2024-11-13T10:13:19.261-05:00,IdeState,Inactive,,*,-1,-1
2024-11-13T10:13:20.263-05:00,IdeState,Inactive,,*,-1,-1
2024-11-13T10:13:21.267-05:00,IdeState,Inactive,,*,-1,-1
2024-11-13T10:13:22.268-05:00,IdeState,Inactive,,*,-1,-1
2024-11-13T10:13:23.270-05:00,IdeState,Inactive,,*,-1,-1
2024-11-13T10:13:24.275-05:00,IdeState,Inactive,,*,-1,-1
2024-11-13T10:13:25.275-05:00,IdeState,Inactive,,*,-1,-1
2024-11-13T10:13:26.278-05:00,IdeState,Inactive,,*,-1,-1
2024-11-13T10:13:27.286-05:00,IdeState,Inactive,,*,-1,-1
2024-11-13T10:13:28.287-05:00,IdeState,Inactive,,*,-1,-1
2024-11-13T10:13:29.290-05:00,IdeState,Inactive,,*,-1,-1
2024-11-13T10:13:30.291-05:00,IdeState,Inactive,,*,-1,-1
2024-11-13T10:13:31.293-05:00,IdeState,Inactive,,*,-1,-1
2024-11-13T10:13:32.296-05:00,IdeState,Inactive,,*,-1,-1
2024-11-13T10:13:33.300-05:00,IdeState,Inactive,,*,-1,-1
2024-11-13T10:13:34.320-05:00,IdeState,Inactive,,*,-1,-1
2024-11-13T10:13:35.353-05:00,IdeState,Inactive,,*,-1,-1
2024-11-13T10:13:36.356-05:00,IdeState,Inactive,,*,-1,-1
2024-11-13T10:13:37.359-05:00,IdeState,Inactive,,*,-1,-1
2024-11-13T10:13:38.362-05:00,IdeState,Inactive,,*,-1,-1
2024-11-13T10:13:39.365-05:00,IdeState,Inactive,,*,-1,-1
2024-11-13T10:13:40.367-05:00,IdeState,Inactive,,*,-1,-1
2024-11-13T10:13:41.368-05:00,IdeState,Inactive,,*,-1,-1
2024-11-13T10:13:42.371-05:00,IdeState,Inactive,,*,-1,-1
2024-11-13T10:13:43.372-05:00,IdeState,Inactive,,*,-1,-1
2024-11-13T10:13:44.374-05:00,IdeState,Inactive,,*,-1,-1
2024-11-13T10:13:45.387-05:00,IdeState,Inactive,,*,-1,-1
2024-11-13T10:13:46.389-05:00,IdeState,Inactive,,*,-1,-1
2024-11-13T10:13:47.393-05:00,IdeState,Inactive,,*,-1,-1
2024-11-13T10:13:48.395-05:00,IdeState,Inactive,,*,-1,-1
2024-11-13T10:13:49.403-05:00,IdeState,Inactive,,*,-1,-1
2024-11-13T10:13:50.405-05:00,IdeState,Inactive,,*,-1,-1
2024-11-13T10:13:51.405-05:00,IdeState,Inactive,,*,-1,-1
2024-11-13T10:13:52.408-05:00,IdeState,Inactive,,*,-1,-1
2024-11-13T10:13:53.409-05:00,IdeState,Inactive,,*,-1,-1
2024-11-13T10:13:54.412-05:00,IdeState,Inactive,,*,-1,-1
2024-11-13T10:13:55.413-05:00,IdeState,Inactive,,*,-1,-1
2024-11-13T10:13:56.416-05:00,IdeState,Inactive,,*,-1,-1
2024-11-13T10:13:57.418-05:00,IdeState,Inactive,,*,-1,-1
2024-11-13T10:13:58.420-05:00,IdeState,Inactive,,*,-1,-1
2024-11-13T10:13:59.421-05:00,IdeState,Inactive,,*,-1,-1
2024-11-13T10:14:00.423-05:00,IdeState,Inactive,,*,-1,-1
2024-11-13T10:14:01.425-05:00,IdeState,Inactive,,*,-1,-1
2024-11-13T10:14:02.429-05:00,IdeState,Inactive,,*,-1,-1
2024-11-13T10:14:03.430-05:00,IdeState,Inactive,,*,-1,-1
2024-11-13T10:14:04.432-05:00,IdeState,Inactive,,*,-1,-1
2024-11-13T10:14:05.436-05:00,IdeState,Inactive,,*,-1,-1
2024-11-13T10:14:06.437-05:00,IdeState,Inactive,,*,-1,-1
2024-11-13T10:14:07.438-05:00,IdeState,Inactive,,*,-1,-1
2024-11-13T10:14:08.439-05:00,IdeState,Inactive,,*,-1,-1
2024-11-13T10:14:09.442-05:00,IdeState,Inactive,,*,-1,-1
2024-11-13T10:14:10.450-05:00,IdeState,Inactive,,*,-1,-1
2024-11-13T10:14:11.452-05:00,IdeState,Inactive,,*,-1,-1
2024-11-13T10:14:12.456-05:00,IdeState,Inactive,,*,-1,-1
2024-11-13T10:14:13.459-05:00,IdeState,Inactive,,*,-1,-1
2024-11-13T10:14:14.462-05:00,IdeState,Inactive,,*,-1,-1
2024-11-13T10:14:15.465-05:00,IdeState,Inactive,,*,-1,-1
2024-11-13T10:14:16.468-05:00,IdeState,Inactive,,*,-1,-1
2024-11-13T10:14:17.469-05:00,IdeState,Inactive,,*,-1,-1
2024-11-13T10:14:18.471-05:00,IdeState,Inactive,,*,-1,-1
2024-11-13T10:14:19.473-05:00,IdeState,Inactive,,*,-1,-1
2024-11-13T10:14:20.479-05:00,IdeState,Inactive,,*,-1,-1
2024-11-13T10:14:21.480-05:00,IdeState,Inactive,,*,-1,-1
2024-11-13T10:14:22.482-05:00,IdeState,Inactive,,*,-1,-1
2024-11-13T10:14:23.483-05:00,IdeState,Inactive,,*,-1,-1
2024-11-13T10:14:24.485-05:00,IdeState,Inactive,,*,-1,-1
2024-11-13T10:14:25.489-05:00,IdeState,Inactive,,*,-1,-1
2024-11-13T10:14:26.493-05:00,IdeState,Inactive,,*,-1,-1
2024-11-13T10:14:27.496-05:00,IdeState,Inactive,,*,-1,-1
2024-11-13T10:14:28.498-05:00,IdeState,Inactive,,*,-1,-1
2024-11-13T10:14:29.563-05:00,IdeState,Inactive,,*,-1,-1
2024-11-13T10:14:30.572-05:00,IdeState,Inactive,,*,-1,-1
2024-11-13T10:14:31.577-05:00,IdeState,Inactive,,*,-1,-1
2024-11-13T10:14:32.578-05:00,IdeState,Inactive,,*,-1,-1
2024-11-13T10:14:33.581-05:00,IdeState,Inactive,,*,-1,-1
2024-11-13T10:14:34.582-05:00,IdeState,Inactive,,*,-1,-1
2024-11-13T10:14:35.584-05:00,IdeState,Inactive,,*,-1,-1
2024-11-13T10:14:36.586-05:00,IdeState,Inactive,,*,-1,-1
2024-11-13T10:14:37.589-05:00,IdeState,Inactive,,*,-1,-1
2024-11-13T10:14:38.608-05:00,IdeState,Inactive,,*,-1,-1
2024-11-13T10:14:39.609-05:00,IdeState,Inactive,,*,-1,-1
2024-11-13T10:14:40.611-05:00,IdeState,Inactive,,*,-1,-1
2024-11-13T10:14:41.612-05:00,IdeState,Inactive,,*,-1,-1
2024-11-13T10:14:42.613-05:00,IdeState,Inactive,,*,-1,-1
2024-11-13T10:14:43.627-05:00,IdeState,Inactive,,*,-1,-1
2024-11-13T10:14:44.629-05:00,IdeState,Inactive,,*,-1,-1
2024-11-13T10:14:45.631-05:00,IdeState,Inactive,,*,-1,-1
2024-11-13T10:14:46.636-05:00,IdeState,Inactive,,*,-1,-1
2024-11-13T10:14:47.638-05:00,IdeState,Inactive,,*,-1,-1
2024-11-13T10:14:48.639-05:00,IdeState,Inactive,,*,-1,-1
2024-11-13T10:14:49.643-05:00,IdeState,Inactive,,*,-1,-1
2024-11-13T10:14:50.644-05:00,IdeState,Inactive,,*,-1,-1
2024-11-13T10:14:51.646-05:00,IdeState,Inactive,,*,-1,-1
2024-11-13T10:14:52.650-05:00,IdeState,Inactive,,*,-1,-1
2024-11-13T10:14:53.652-05:00,IdeState,Inactive,,*,-1,-1
2024-11-13T10:14:54.652-05:00,IdeState,Inactive,,*,-1,-1
2024-11-13T10:14:55.654-05:00,IdeState,Inactive,,*,-1,-1
2024-11-13T10:14:56.662-05:00,IdeState,Inactive,,*,-1,-1
2024-11-13T10:14:57.667-05:00,IdeState,Inactive,,*,-1,-1
2024-11-13T10:14:58.669-05:00,IdeState,Inactive,,*,-1,-1
2024-11-13T10:14:59.672-05:00,IdeState,Inactive,,*,-1,-1
2024-11-13T10:15:00.674-05:00,IdeState,Inactive,,*,-1,-1
2024-11-13T10:15:01.676-05:00,IdeState,Inactive,,*,-1,-1
2024-11-13T10:15:02.677-05:00,IdeState,Inactive,,*,-1,-1
2024-11-13T10:15:03.710-05:00,IdeState,Inactive,,*,-1,-1
2024-11-13T10:15:04.713-05:00,IdeState,Inactive,,*,-1,-1
2024-11-13T10:15:05.714-05:00,IdeState,Inactive,,*,-1,-1
2024-11-13T10:15:06.716-05:00,IdeState,Inactive,,*,-1,-1
2024-11-13T10:15:07.718-05:00,IdeState,Inactive,,*,-1,-1
2024-11-13T10:15:08.718-05:00,IdeState,Inactive,,*,-1,-1
2024-11-13T10:15:09.720-05:00,IdeState,Inactive,,*,-1,-1
2024-11-13T10:15:10.724-05:00,IdeState,Inactive,,*,-1,-1
2024-11-13T10:15:11.725-05:00,IdeState,Inactive,,*,-1,-1
2024-11-13T10:15:12.726-05:00,IdeState,Inactive,,*,-1,-1
2024-11-13T10:15:13.729-05:00,IdeState,Inactive,,*,-1,-1
2024-11-13T10:15:14.730-05:00,IdeState,Inactive,,*,-1,-1
2024-11-13T10:15:15.732-05:00,IdeState,Inactive,,*,-1,-1
2024-11-13T10:15:16.734-05:00,IdeState,Inactive,,*,-1,-1
2024-11-13T10:15:17.737-05:00,IdeState,Inactive,,*,-1,-1
2024-11-13T10:15:18.741-05:00,IdeState,Inactive,,*,-1,-1
2024-11-13T10:15:19.743-05:00,IdeState,Inactive,,*,-1,-1
2024-11-13T10:15:20.745-05:00,IdeState,Inactive,,*,-1,-1
2024-11-13T10:15:21.747-05:00,IdeState,Inactive,,*,-1,-1
2024-11-13T10:15:22.748-05:00,IdeState,Inactive,,*,-1,-1
2024-11-13T10:15:23.763-05:00,IdeState,Inactive,,*,-1,-1
2024-11-13T10:15:24.771-05:00,IdeState,Inactive,,*,-1,-1
2024-11-13T10:15:25.773-05:00,IdeState,Inactive,,*,-1,-1
2024-11-13T10:15:26.774-05:00,IdeState,Inactive,,*,-1,-1
2024-11-13T10:15:27.776-05:00,IdeState,Inactive,,*,-1,-1
2024-11-13T10:15:28.778-05:00,IdeState,Inactive,,*,-1,-1
2024-11-13T10:15:29.779-05:00,IdeState,Inactive,,*,-1,-1
2024-11-13T10:15:30.780-05:00,IdeState,Inactive,,*,-1,-1
2024-11-13T10:15:31.784-05:00,IdeState,Inactive,,*,-1,-1
2024-11-13T10:15:32.785-05:00,IdeState,Inactive,,*,-1,-1
2024-11-13T10:15:33.787-05:00,IdeState,Inactive,,*,-1,-1
2024-11-13T10:15:34.789-05:00,IdeState,Inactive,,*,-1,-1
2024-11-13T10:15:35.791-05:00,IdeState,Inactive,,*,-1,-1
2024-11-13T10:15:36.794-05:00,IdeState,Inactive,,*,-1,-1
2024-11-13T10:15:37.794-05:00,IdeState,Inactive,,*,-1,-1
2024-11-13T10:15:38.796-05:00,IdeState,Inactive,,*,-1,-1
2024-11-13T10:15:39.807-05:00,IdeState,Inactive,,*,-1,-1
2024-11-13T10:15:40.809-05:00,IdeState,Inactive,,*,-1,-1
2024-11-13T10:15:41.810-05:00,IdeState,Inactive,,*,-1,-1
2024-11-13T10:15:42.814-05:00,IdeState,Inactive,,*,-1,-1
2024-11-13T10:15:43.859-05:00,IdeState,Inactive,,*,-1,-1
2024-11-13T10:15:44.859-05:00,IdeState,Inactive,,*,-1,-1
2024-11-13T10:15:45.862-05:00,IdeState,Inactive,,*,-1,-1
2024-11-13T10:15:46.866-05:00,IdeState,Inactive,,*,-1,-1
2024-11-13T10:15:47.866-05:00,IdeState,Inactive,,*,-1,-1
2024-11-13T10:15:48.867-05:00,IdeState,Inactive,,*,-1,-1
2024-11-13T10:15:49.876-05:00,IdeState,Inactive,,*,-1,-1
2024-11-13T10:15:50.878-05:00,IdeState,Inactive,,*,-1,-1
2024-11-13T10:15:51.879-05:00,IdeState,Inactive,,*,-1,-1
2024-11-13T10:15:52.881-05:00,IdeState,Inactive,,*,-1,-1
2024-11-13T10:15:53.887-05:00,IdeState,Inactive,,*,-1,-1
2024-11-13T10:15:54.889-05:00,IdeState,Inactive,,*,-1,-1
2024-11-13T10:15:55.892-05:00,IdeState,Inactive,,*,-1,-1
2024-11-13T10:15:56.892-05:00,IdeState,Inactive,,*,-1,-1
2024-11-13T10:15:57.894-05:00,IdeState,Inactive,,*,-1,-1
2024-11-13T10:15:58.896-05:00,IdeState,Inactive,,*,-1,-1
2024-11-13T10:15:59.899-05:00,IdeState,Inactive,,*,-1,-1
2024-11-13T10:16:00.900-05:00,IdeState,Inactive,,*,-1,-1
2024-11-13T10:16:01.900-05:00,IdeState,Inactive,,*,-1,-1
2024-11-13T10:16:02.902-05:00,IdeState,Inactive,,*,-1,-1
2024-11-13T10:16:03.902-05:00,IdeState,Inactive,,*,-1,-1
2024-11-13T10:16:04.904-05:00,IdeState,Inactive,,*,-1,-1
2024-11-13T10:16:05.905-05:00,IdeState,Inactive,,*,-1,-1
2024-11-13T10:16:06.908-05:00,IdeState,Inactive,,*,-1,-1
2024-11-13T10:16:07.909-05:00,IdeState,Inactive,,*,-1,-1
2024-11-13T10:16:08.910-05:00,IdeState,Inactive,,*,-1,-1
2024-11-13T10:16:09.911-05:00,IdeState,Inactive,,*,-1,-1
2024-11-13T10:16:10.913-05:00,IdeState,Inactive,,*,-1,-1
2024-11-13T10:16:11.914-05:00,IdeState,Inactive,,*,-1,-1
2024-11-13T10:16:12.919-05:00,IdeState,Inactive,,*,-1,-1
2024-11-13T10:16:13.921-05:00,IdeState,Inactive,,*,-1,-1
2024-11-13T10:16:14.922-05:00,IdeState,Inactive,,*,-1,-1
2024-11-13T10:16:15.924-05:00,IdeState,Inactive,,*,-1,-1
2024-11-13T10:16:16.926-05:00,IdeState,Inactive,,*,-1,-1
2024-11-13T10:16:17.927-05:00,IdeState,Inactive,,*,-1,-1
2024-11-13T10:16:18.929-05:00,IdeState,Inactive,,*,-1,-1
2024-11-13T10:16:19.935-05:00,IdeState,Inactive,,*,-1,-1
2024-11-13T10:16:20.937-05:00,IdeState,Inactive,,*,-1,-1
2024-11-13T10:16:21.938-05:00,IdeState,Inactive,,*,-1,-1
2024-11-13T10:16:22.938-05:00,IdeState,Inactive,,*,-1,-1
2024-11-13T10:16:23.940-05:00,IdeState,Inactive,,*,-1,-1
2024-11-13T10:16:24.941-05:00,IdeState,Inactive,,*,-1,-1
2024-11-13T10:16:25.943-05:00,IdeState,Inactive,,*,-1,-1
2024-11-13T10:16:26.944-05:00,IdeState,Inactive,,*,-1,-1
2024-11-13T10:16:27.946-05:00,IdeState,Inactive,,*,-1,-1
2024-11-13T10:16:28.948-05:00,IdeState,Inactive,,*,-1,-1
2024-11-13T10:16:29.949-05:00,IdeState,Inactive,,*,-1,-1
2024-11-13T10:16:30.950-05:00,IdeState,Inactive,,*,-1,-1
2024-11-13T10:16:31.952-05:00,IdeState,Inactive,,*,-1,-1
2024-11-13T10:16:32.952-05:00,IdeState,Inactive,,*,-1,-1
2024-11-13T10:16:33.953-05:00,IdeState,Inactive,,*,-1,-1
2024-11-13T10:16:34.953-05:00,IdeState,Inactive,,*,-1,-1
2024-11-13T10:16:35.954-05:00,IdeState,Inactive,,*,-1,-1
2024-11-13T10:16:36.955-05:00,IdeState,Inactive,,*,-1,-1
2024-11-13T10:16:37.956-05:00,IdeState,Inactive,,*,-1,-1
2024-11-13T10:16:38.959-05:00,IdeState,Inactive,,*,-1,-1
2024-11-13T10:16:39.963-05:00,IdeState,Inactive,,*,-1,-1
2024-11-13T10:16:40.964-05:00,IdeState,Inactive,,*,-1,-1
2024-11-13T10:16:41.965-05:00,IdeState,Inactive,,*,-1,-1
2024-11-13T10:16:42.966-05:00,IdeState,Inactive,,*,-1,-1
2024-11-13T10:16:43.968-05:00,IdeState,Inactive,,*,-1,-1
2024-11-13T10:16:44.969-05:00,IdeState,Inactive,,*,-1,-1
2024-11-13T10:16:45.970-05:00,IdeState,Inactive,,*,-1,-1
2024-11-13T10:16:46.988-05:00,IdeState,Inactive,,*,-1,-1
2024-11-13T10:16:47.990-05:00,IdeState,Inactive,,*,-1,-1
2024-11-13T10:16:48.992-05:00,IdeState,Inactive,,*,-1,-1
2024-11-13T10:16:49.993-05:00,IdeState,Inactive,,*,-1,-1
2024-11-13T10:16:50.995-05:00,IdeState,Inactive,,*,-1,-1
2024-11-13T10:16:51.996-05:00,IdeState,Inactive,,*,-1,-1
2024-11-13T10:16:52.999-05:00,IdeState,Inactive,,*,-1,-1
2024-11-13T10:16:54.001-05:00,IdeState,Inactive,,*,-1,-1
2024-11-13T10:16:55.003-05:00,IdeState,Inactive,,*,-1,-1
2024-11-13T10:16:56.004-05:00,IdeState,Inactive,,*,-1,-1
2024-11-13T10:16:57.006-05:00,IdeState,Inactive,,*,-1,-1
2024-11-13T10:16:58.007-05:00,IdeState,Inactive,,*,-1,-1
2024-11-13T10:16:59.008-05:00,IdeState,Inactive,,*,-1,-1
2024-11-13T10:17:00.011-05:00,IdeState,Inactive,,*,-1,-1
2024-11-13T10:17:01.012-05:00,IdeState,Inactive,,*,-1,-1
2024-11-13T10:17:02.013-05:00,IdeState,Inactive,,*,-1,-1
2024-11-13T10:17:03.023-05:00,IdeState,Inactive,,*,-1,-1
2024-11-13T10:17:04.030-05:00,IdeState,Inactive,,*,-1,-1
2024-11-13T10:17:05.062-05:00,IdeState,Inactive,,*,-1,-1
2024-11-13T10:17:06.067-05:00,IdeState,Inactive,,*,-1,-1
2024-11-13T10:17:07.091-05:00,IdeState,Inactive,,*,-1,-1
2024-11-13T10:17:08.116-05:00,IdeState,Inactive,,*,-1,-1
2024-11-13T10:17:09.158-05:00,IdeState,Inactive,,*,-1,-1
2024-11-13T10:17:10.290-05:00,IdeState,Inactive,,*,-1,-1
2024-11-13T10:17:11.292-05:00,IdeState,Inactive,,*,-1,-1
2024-11-13T10:17:12.293-05:00,IdeState,Inactive,,*,-1,-1
2024-11-13T10:17:13.307-05:00,IdeState,Inactive,,*,-1,-1
2024-11-13T10:17:14.315-05:00,IdeState,Inactive,,*,-1,-1
2024-11-13T10:17:15.346-05:00,IdeState,Inactive,,*,-1,-1
2024-11-13T10:17:16.408-05:00,IdeState,Inactive,,*,-1,-1
2024-11-13T10:17:17.427-05:00,IdeState,Inactive,,*,-1,-1
2024-11-13T10:17:18.444-05:00,IdeState,Inactive,,*,-1,-1
2024-11-13T10:17:19.479-05:00,IdeState,Inactive,,*,-1,-1
2024-11-13T10:17:20.499-05:00,IdeState,Inactive,,*,-1,-1
2024-11-13T10:17:21.527-05:00,IdeState,Inactive,,*,-1,-1
2024-11-13T10:17:22.529-05:00,IdeState,Inactive,,*,-1,-1
2024-11-13T10:17:23.532-05:00,IdeState,Inactive,,*,-1,-1
2024-11-13T10:17:24.534-05:00,IdeState,Inactive,,*,-1,-1
2024-11-13T10:17:25.535-05:00,IdeState,Inactive,,*,-1,-1
2024-11-13T10:17:26.538-05:00,IdeState,Inactive,,*,-1,-1
2024-11-13T10:17:27.542-05:00,IdeState,Inactive,,*,-1,-1
2024-11-13T10:17:28.593-05:00,IdeState,Inactive,,*,-1,-1
2024-11-13T10:17:29.616-05:00,IdeState,Inactive,,*,-1,-1
2024-11-13T10:17:30.699-05:00,IdeState,Inactive,,*,-1,-1
2024-11-13T10:17:31.702-05:00,IdeState,Inactive,,*,-1,-1
2024-11-13T10:17:32.703-05:00,IdeState,Inactive,,*,-1,-1
2024-11-13T10:17:33.705-05:00,IdeState,Inactive,,*,-1,-1
2024-11-13T10:17:34.707-05:00,IdeState,Inactive,,*,-1,-1
2024-11-13T10:17:35.708-05:00,IdeState,Inactive,,*,-1,-1
2024-11-13T10:17:36.710-05:00,IdeState,Inactive,,*,-1,-1
2024-11-13T10:17:37.711-05:00,IdeState,Inactive,,*,-1,-1
2024-11-13T10:17:38.711-05:00,IdeState,Inactive,,*,-1,-1
2024-11-13T10:17:39.714-05:00,IdeState,Inactive,,*,-1,-1
2024-11-13T10:17:40.721-05:00,IdeState,Inactive,,*,-1,-1
2024-11-13T10:17:41.723-05:00,IdeState,Inactive,,*,-1,-1
2024-11-13T10:17:42.726-05:00,IdeState,Inactive,,*,-1,-1
2024-11-13T10:17:43.727-05:00,IdeState,Inactive,,*,-1,-1
2024-11-13T10:17:44.728-05:00,IdeState,Inactive,,*,-1,-1
2024-11-13T10:17:45.729-05:00,IdeState,Inactive,,*,-1,-1
2024-11-13T10:17:46.731-05:00,IdeState,Inactive,,*,-1,-1
2024-11-13T10:17:47.734-05:00,IdeState,Inactive,,*,-1,-1
2024-11-13T10:17:48.736-05:00,IdeState,Inactive,,*,-1,-1
2024-11-13T10:17:49.738-05:00,IdeState,Inactive,,*,-1,-1
2024-11-13T10:17:50.739-05:00,IdeState,Inactive,,*,-1,-1
2024-11-13T10:17:51.739-05:00,IdeState,Inactive,,*,-1,-1
2024-11-13T10:17:52.742-05:00,IdeState,Inactive,,*,-1,-1
2024-11-13T10:17:53.744-05:00,IdeState,Inactive,,*,-1,-1
2024-11-13T10:17:54.746-05:00,IdeState,Inactive,,*,-1,-1
2024-11-13T10:17:55.748-05:00,IdeState,Inactive,,*,-1,-1
2024-11-13T10:17:56.749-05:00,IdeState,Inactive,,*,-1,-1
2024-11-13T10:17:57.751-05:00,IdeState,Inactive,,*,-1,-1
2024-11-13T10:17:58.752-05:00,IdeState,Inactive,,*,-1,-1
2024-11-13T10:17:59.755-05:00,IdeState,Inactive,,*,-1,-1
2024-11-13T10:18:00.757-05:00,IdeState,Inactive,,*,-1,-1
2024-11-13T10:18:01.759-05:00,IdeState,Inactive,,*,-1,-1
2024-11-13T10:18:02.761-05:00,IdeState,Inactive,,*,-1,-1
2024-11-13T10:18:03.762-05:00,IdeState,Inactive,,*,-1,-1
2024-11-13T10:18:04.766-05:00,IdeState,Inactive,,*,-1,-1
2024-11-13T10:18:05.767-05:00,IdeState,Inactive,,*,-1,-1
2024-11-13T10:18:06.768-05:00,IdeState,Inactive,,*,-1,-1
2024-11-13T10:18:07.771-05:00,IdeState,Inactive,,*,-1,-1
2024-11-13T10:18:08.773-05:00,IdeState,Inactive,,*,-1,-1
2024-11-13T10:18:09.774-05:00,IdeState,Inactive,,*,-1,-1
2024-11-13T10:18:10.775-05:00,IdeState,Inactive,,*,-1,-1
2024-11-13T10:18:11.777-05:00,IdeState,Inactive,,*,-1,-1
2024-11-13T10:18:12.778-05:00,IdeState,Inactive,,*,-1,-1
2024-11-13T10:18:13.781-05:00,IdeState,Inactive,,*,-1,-1
2024-11-13T10:18:14.783-05:00,IdeState,Inactive,,*,-1,-1
2024-11-13T10:18:15.783-05:00,IdeState,Inactive,,*,-1,-1
2024-11-13T10:18:16.788-05:00,IdeState,Inactive,,*,-1,-1
2024-11-13T10:18:17.790-05:00,IdeState,Inactive,,*,-1,-1
2024-11-13T10:18:18.792-05:00,IdeState,Inactive,,*,-1,-1
2024-11-13T10:18:19.795-05:00,IdeState,Inactive,,*,-1,-1
2024-11-13T10:18:20.796-05:00,IdeState,Inactive,,*,-1,-1
2024-11-13T10:18:21.798-05:00,IdeState,Inactive,,*,-1,-1
2024-11-13T10:18:22.799-05:00,IdeState,Inactive,,*,-1,-1
2024-11-13T10:18:23.801-05:00,IdeState,Inactive,,*,-1,-1
2024-11-13T10:18:24.803-05:00,IdeState,Inactive,,*,-1,-1
2024-11-13T10:18:25.804-05:00,IdeState,Inactive,,*,-1,-1
2024-11-13T10:18:26.806-05:00,IdeState,Inactive,,*,-1,-1
2024-11-13T10:18:27.808-05:00,IdeState,Inactive,,*,-1,-1
2024-11-13T10:18:28.810-05:00,IdeState,Inactive,,*,-1,-1
2024-11-13T10:18:29.812-05:00,IdeState,Inactive,,*,-1,-1
2024-11-13T10:18:30.813-05:00,IdeState,Inactive,,*,-1,-1
2024-11-13T10:18:31.816-05:00,IdeState,Inactive,,*,-1,-1
2024-11-13T10:18:32.817-05:00,IdeState,Inactive,,*,-1,-1
2024-11-13T10:18:33.820-05:00,IdeState,Inactive,,*,-1,-1
2024-11-13T10:18:34.821-05:00,IdeState,Inactive,,*,-1,-1
2024-11-13T10:18:35.824-05:00,IdeState,Inactive,,*,-1,-1
2024-11-13T10:18:36.824-05:00,IdeState,Inactive,,*,-1,-1
2024-11-13T10:18:37.826-05:00,IdeState,Inactive,,*,-1,-1
2024-11-13T10:18:38.828-05:00,IdeState,Inactive,,*,-1,-1
2024-11-13T10:18:39.829-05:00,IdeState,Inactive,,*,-1,-1
2024-11-13T10:18:40.830-05:00,IdeState,Inactive,,*,-1,-1
2024-11-13T10:18:41.831-05:00,IdeState,Inactive,,*,-1,-1
2024-11-13T10:18:42.831-05:00,IdeState,Inactive,,*,-1,-1
2024-11-13T10:18:43.833-05:00,IdeState,Inactive,,*,-1,-1
2024-11-13T10:18:44.837-05:00,IdeState,Inactive,,*,-1,-1
2024-11-13T10:18:45.839-05:00,IdeState,Inactive,,*,-1,-1
2024-11-13T10:18:46.839-05:00,IdeState,Inactive,,*,-1,-1
2024-11-13T10:18:47.841-05:00,IdeState,Inactive,,*,-1,-1
2024-11-13T10:18:48.844-05:00,IdeState,Inactive,,*,-1,-1
2024-11-13T10:18:49.847-05:00,IdeState,Inactive,,*,-1,-1
2024-11-13T10:18:50.848-05:00,IdeState,Inactive,,*,-1,-1
2024-11-13T10:18:51.850-05:00,IdeState,Inactive,,*,-1,-1
2024-11-13T10:18:52.853-05:00,IdeState,Inactive,,*,-1,-1
2024-11-13T10:18:53.854-05:00,IdeState,Inactive,,*,-1,-1
2024-11-13T10:18:54.856-05:00,IdeState,Inactive,,*,-1,-1
2024-11-13T10:18:55.857-05:00,IdeState,Inactive,,*,-1,-1
2024-11-13T10:18:56.859-05:00,IdeState,Inactive,,*,-1,-1
2024-11-13T10:18:57.861-05:00,IdeState,Inactive,,*,-1,-1
2024-11-13T10:18:58.863-05:00,IdeState,Inactive,,*,-1,-1
2024-11-13T10:18:59.863-05:00,IdeState,Inactive,,*,-1,-1
2024-11-13T10:19:00.865-05:00,IdeState,Inactive,,*,-1,-1
2024-11-13T10:19:01.867-05:00,IdeState,Inactive,,*,-1,-1
2024-11-13T10:19:02.869-05:00,IdeState,Inactive,,*,-1,-1
2024-11-13T10:19:03.870-05:00,IdeState,Inactive,,*,-1,-1
2024-11-13T10:19:04.872-05:00,IdeState,Inactive,,*,-1,-1
2024-11-13T10:19:05.873-05:00,IdeState,Inactive,,*,-1,-1
2024-11-13T10:19:06.875-05:00,IdeState,Inactive,,*,-1,-1
2024-11-13T10:19:07.877-05:00,IdeState,Inactive,,*,-1,-1
2024-11-13T10:19:08.898-05:00,IdeState,Inactive,,*,-1,-1
2024-11-13T10:19:09.901-05:00,IdeState,Inactive,,*,-1,-1
2024-11-13T10:19:10.903-05:00,IdeState,Inactive,,*,-1,-1
2024-11-13T10:19:11.905-05:00,IdeState,Inactive,,*,-1,-1
2024-11-13T10:19:12.907-05:00,IdeState,Inactive,,*,-1,-1
2024-11-13T10:19:13.909-05:00,IdeState,Inactive,,*,-1,-1
2024-11-13T10:19:14.912-05:00,IdeState,Inactive,,*,-1,-1
2024-11-13T10:19:15.920-05:00,IdeState,Inactive,,*,-1,-1
2024-11-13T10:19:16.921-05:00,IdeState,Inactive,,*,-1,-1
2024-11-13T10:19:17.922-05:00,IdeState,Inactive,,*,-1,-1
2024-11-13T10:19:18.924-05:00,IdeState,Inactive,,*,-1,-1
2024-11-13T10:19:19.927-05:00,IdeState,Inactive,,*,-1,-1
2024-11-13T10:19:20.928-05:00,IdeState,Inactive,,*,-1,-1
2024-11-13T10:19:21.930-05:00,IdeState,Inactive,,*,-1,-1
2024-11-13T10:19:22.934-05:00,IdeState,Inactive,,*,-1,-1
2024-11-13T10:19:23.935-05:00,IdeState,Inactive,,*,-1,-1
2024-11-13T10:19:24.937-05:00,IdeState,Inactive,,*,-1,-1
2024-11-13T10:19:25.938-05:00,IdeState,Inactive,,*,-1,-1
2024-11-13T10:19:26.939-05:00,IdeState,Inactive,,*,-1,-1
2024-11-13T10:19:27.941-05:00,IdeState,Inactive,,*,-1,-1
2024-11-13T10:19:28.942-05:00,IdeState,Inactive,,*,-1,-1
2024-11-13T10:19:29.943-05:00,IdeState,Inactive,,*,-1,-1
2024-11-13T10:19:30.945-05:00,IdeState,Inactive,,*,-1,-1
2024-11-13T10:19:31.945-05:00,IdeState,Inactive,,*,-1,-1
2024-11-13T10:19:32.946-05:00,IdeState,Inactive,,*,-1,-1
2024-11-13T10:19:33.984-05:00,IdeState,Inactive,,*,-1,-1
2024-11-13T10:19:34.987-05:00,IdeState,Inactive,,*,-1,-1
2024-11-13T10:19:35.988-05:00,IdeState,Inactive,,*,-1,-1
2024-11-13T10:19:36.989-05:00,IdeState,Inactive,,*,-1,-1
2024-11-13T10:19:38.006-05:00,IdeState,Inactive,,*,-1,-1
2024-11-13T10:19:39.007-05:00,IdeState,Inactive,,*,-1,-1
2024-11-13T10:19:40.008-05:00,IdeState,Inactive,,*,-1,-1
2024-11-13T10:19:41.009-05:00,IdeState,Inactive,,*,-1,-1
2024-11-13T10:19:42.010-05:00,IdeState,Inactive,,*,-1,-1
2024-11-13T10:19:43.012-05:00,IdeState,Inactive,,*,-1,-1
2024-11-13T10:19:44.014-05:00,IdeState,Inactive,,*,-1,-1
2024-11-13T10:19:45.016-05:00,IdeState,Inactive,,*,-1,-1
2024-11-13T10:19:46.019-05:00,IdeState,Inactive,,*,-1,-1
2024-11-13T10:19:47.019-05:00,IdeState,Inactive,,*,-1,-1
2024-11-13T10:19:48.021-05:00,IdeState,Inactive,,*,-1,-1
2024-11-13T10:19:49.021-05:00,IdeState,Inactive,,*,-1,-1
2024-11-13T10:19:50.022-05:00,IdeState,Inactive,,*,-1,-1
2024-11-13T10:19:51.044-05:00,IdeState,Inactive,,*,-1,-1
2024-11-13T10:19:52.045-05:00,IdeState,Inactive,,*,-1,-1
2024-11-13T10:19:53.052-05:00,IdeState,Inactive,,*,-1,-1
2024-11-13T10:19:54.053-05:00,IdeState,Inactive,,*,-1,-1
2024-11-13T10:19:55.054-05:00,IdeState,Inactive,,*,-1,-1
2024-11-13T10:19:56.055-05:00,IdeState,Inactive,,*,-1,-1
2024-11-13T10:19:57.056-05:00,IdeState,Inactive,,*,-1,-1
2024-11-13T10:19:58.057-05:00,IdeState,Inactive,,*,-1,-1
2024-11-13T10:19:59.058-05:00,IdeState,Inactive,,*,-1,-1
2024-11-13T10:20:00.060-05:00,IdeState,Inactive,,*,-1,-1
2024-11-13T10:20:01.061-05:00,IdeState,Inactive,,*,-1,-1
2024-11-13T10:20:02.062-05:00,IdeState,Inactive,,*,-1,-1
2024-11-13T10:20:03.063-05:00,IdeState,Inactive,,*,-1,-1
2024-11-13T10:20:04.064-05:00,IdeState,Inactive,,*,-1,-1
2024-11-13T10:20:05.065-05:00,IdeState,Inactive,,*,-1,-1
2024-11-13T10:20:06.066-05:00,IdeState,Inactive,,*,-1,-1
2024-11-13T10:20:07.068-05:00,IdeState,Inactive,,*,-1,-1
2024-11-13T10:20:08.070-05:00,IdeState,Inactive,,*,-1,-1
2024-11-13T10:20:09.072-05:00,IdeState,Inactive,,*,-1,-1
2024-11-13T10:20:10.073-05:00,IdeState,Inactive,,*,-1,-1
2024-11-13T10:20:11.075-05:00,IdeState,Inactive,,*,-1,-1
2024-11-13T10:20:12.078-05:00,IdeState,Inactive,,*,-1,-1
2024-11-13T10:20:13.080-05:00,IdeState,Inactive,,*,-1,-1
2024-11-13T10:20:14.081-05:00,IdeState,Inactive,,*,-1,-1
2024-11-13T10:20:15.082-05:00,IdeState,Inactive,,*,-1,-1
2024-11-13T10:20:16.086-05:00,IdeState,Inactive,,*,-1,-1
2024-11-13T10:20:17.090-05:00,IdeState,Inactive,,*,-1,-1
2024-11-13T10:20:18.093-05:00,IdeState,Inactive,,*,-1,-1
2024-11-13T10:20:19.094-05:00,IdeState,Inactive,,*,-1,-1
2024-11-13T10:20:20.096-05:00,IdeState,Inactive,,*,-1,-1
2024-11-13T10:20:21.098-05:00,IdeState,Inactive,,*,-1,-1
2024-11-13T10:20:22.098-05:00,IdeState,Inactive,,*,-1,-1
2024-11-13T10:20:23.099-05:00,IdeState,Inactive,,*,-1,-1
2024-11-13T10:20:24.100-05:00,IdeState,Inactive,,*,-1,-1
2024-11-13T10:20:25.103-05:00,IdeState,Inactive,,*,-1,-1
2024-11-13T10:20:26.106-05:00,IdeState,Inactive,,*,-1,-1
2024-11-13T10:20:27.108-05:00,IdeState,Inactive,,*,-1,-1
2024-11-13T10:20:28.111-05:00,IdeState,Inactive,,*,-1,-1
2024-11-13T10:20:29.112-05:00,IdeState,Inactive,,*,-1,-1
2024-11-13T10:20:30.113-05:00,IdeState,Inactive,,*,-1,-1
2024-11-13T10:20:31.115-05:00,IdeState,Inactive,,*,-1,-1
2024-11-13T10:20:32.116-05:00,IdeState,Inactive,,*,-1,-1
2024-11-13T10:20:33.118-05:00,IdeState,Inactive,,*,-1,-1
2024-11-13T10:20:34.118-05:00,IdeState,Inactive,,*,-1,-1
2024-11-13T10:20:35.119-05:00,IdeState,Inactive,,*,-1,-1
2024-11-13T10:20:36.120-05:00,IdeState,Inactive,,*,-1,-1
2024-11-13T10:20:37.121-05:00,IdeState,Inactive,,*,-1,-1
2024-11-13T10:20:38.124-05:00,IdeState,Inactive,,*,-1,-1
2024-11-13T10:20:39.128-05:00,IdeState,Inactive,,*,-1,-1
2024-11-13T10:20:40.129-05:00,IdeState,Inactive,,*,-1,-1
2024-11-13T10:20:41.134-05:00,IdeState,Inactive,,*,-1,-1
2024-11-13T10:20:42.135-05:00,IdeState,Inactive,,*,-1,-1
2024-11-13T10:20:43.137-05:00,IdeState,Inactive,,*,-1,-1
2024-11-13T10:20:44.139-05:00,IdeState,Inactive,,*,-1,-1
2024-11-13T10:20:45.141-05:00,IdeState,Inactive,,*,-1,-1
2024-11-13T10:20:46.143-05:00,IdeState,Inactive,,*,-1,-1
2024-11-13T10:20:47.144-05:00,IdeState,Inactive,,*,-1,-1
2024-11-13T10:20:48.146-05:00,IdeState,Inactive,,*,-1,-1
2024-11-13T10:20:49.148-05:00,IdeState,Inactive,,*,-1,-1
2024-11-13T10:20:50.161-05:00,IdeState,Inactive,,*,-1,-1
2024-11-13T10:20:51.162-05:00,IdeState,Inactive,,*,-1,-1
2024-11-13T10:20:52.165-05:00,IdeState,Inactive,,*,-1,-1
2024-11-13T10:20:53.165-05:00,IdeState,Inactive,,*,-1,-1
2024-11-13T10:20:54.167-05:00,IdeState,Inactive,,*,-1,-1
2024-11-13T10:20:55.173-05:00,IdeState,Inactive,,*,-1,-1
2024-11-13T10:20:56.174-05:00,IdeState,Inactive,,*,-1,-1
2024-11-13T10:20:57.176-05:00,IdeState,Inactive,,*,-1,-1
2024-11-13T10:20:58.178-05:00,IdeState,Inactive,,*,-1,-1
2024-11-13T10:20:59.178-05:00,IdeState,Inactive,,*,-1,-1
2024-11-13T10:21:00.182-05:00,IdeState,Inactive,,*,-1,-1
2024-11-13T10:21:01.183-05:00,IdeState,Inactive,,*,-1,-1
2024-11-13T10:21:02.184-05:00,IdeState,Inactive,,*,-1,-1
2024-11-13T10:21:03.186-05:00,IdeState,Inactive,,*,-1,-1
2024-11-13T10:21:04.188-05:00,IdeState,Inactive,,*,-1,-1
2024-11-13T10:21:05.189-05:00,IdeState,Inactive,,*,-1,-1
2024-11-13T10:21:06.208-05:00,IdeState,Inactive,,*,-1,-1
2024-11-13T10:21:07.210-05:00,IdeState,Inactive,,*,-1,-1
2024-11-13T10:21:08.214-05:00,IdeState,Inactive,,*,-1,-1
2024-11-13T10:21:09.216-05:00,IdeState,Inactive,,*,-1,-1
2024-11-13T10:21:10.217-05:00,IdeState,Inactive,,*,-1,-1
2024-11-13T10:21:11.222-05:00,IdeState,Inactive,,*,-1,-1
2024-11-13T10:21:12.224-05:00,IdeState,Inactive,,*,-1,-1
2024-11-13T10:21:13.226-05:00,IdeState,Inactive,,*,-1,-1
2024-11-13T10:21:14.229-05:00,IdeState,Inactive,,*,-1,-1
2024-11-13T10:21:15.232-05:00,IdeState,Inactive,,*,-1,-1
2024-11-13T10:21:16.233-05:00,IdeState,Inactive,,*,-1,-1
2024-11-13T10:21:17.235-05:00,IdeState,Inactive,,*,-1,-1
2024-11-13T10:21:18.237-05:00,IdeState,Inactive,,*,-1,-1
2024-11-13T10:21:19.254-05:00,IdeState,Inactive,,*,-1,-1
2024-11-13T10:21:20.257-05:00,IdeState,Inactive,,*,-1,-1
2024-11-13T10:21:21.258-05:00,IdeState,Inactive,,*,-1,-1
2024-11-13T10:21:22.266-05:00,IdeState,Inactive,,*,-1,-1
2024-11-13T10:21:23.272-05:00,IdeState,Inactive,,*,-1,-1
2024-11-13T10:21:24.275-05:00,IdeState,Inactive,,*,-1,-1
2024-11-13T10:21:25.275-05:00,IdeState,Inactive,,*,-1,-1
2024-11-13T10:21:26.276-05:00,IdeState,Inactive,,*,-1,-1
2024-11-13T10:21:27.278-05:00,IdeState,Inactive,,*,-1,-1
2024-11-13T10:21:28.280-05:00,IdeState,Inactive,,*,-1,-1
2024-11-13T10:21:29.282-05:00,IdeState,Inactive,,*,-1,-1
2024-11-13T10:21:30.284-05:00,IdeState,Inactive,,*,-1,-1
2024-11-13T10:21:31.285-05:00,IdeState,Inactive,,*,-1,-1
2024-11-13T10:21:32.288-05:00,IdeState,Inactive,,*,-1,-1
2024-11-13T10:21:33.288-05:00,IdeState,Inactive,,*,-1,-1
2024-11-13T10:21:34.290-05:00,IdeState,Inactive,,*,-1,-1
2024-11-13T10:21:35.291-05:00,IdeState,Inactive,,*,-1,-1
2024-11-13T10:21:36.295-05:00,IdeState,Inactive,,*,-1,-1
2024-11-13T10:21:37.295-05:00,IdeState,Inactive,,*,-1,-1
2024-11-13T10:21:38.297-05:00,IdeState,Inactive,,*,-1,-1
2024-11-13T10:21:39.298-05:00,IdeState,Inactive,,*,-1,-1
2024-11-13T10:21:40.302-05:00,IdeState,Inactive,,*,-1,-1
2024-11-13T10:21:41.312-05:00,IdeState,Inactive,,*,-1,-1
2024-11-13T10:21:42.314-05:00,IdeState,Inactive,,*,-1,-1
2024-11-13T10:21:43.317-05:00,IdeState,Inactive,,*,-1,-1
2024-11-13T10:21:44.325-05:00,IdeState,Inactive,,*,-1,-1
2024-11-13T10:21:45.332-05:00,IdeState,Inactive,,*,-1,-1
2024-11-13T10:21:46.335-05:00,IdeState,Inactive,,*,-1,-1
2024-11-13T10:21:47.347-05:00,IdeState,Inactive,,*,-1,-1
2024-11-13T10:21:48.352-05:00,IdeState,Inactive,,*,-1,-1
2024-11-13T10:21:49.352-05:00,IdeState,Inactive,,*,-1,-1
2024-11-13T10:21:50.354-05:00,IdeState,Inactive,,*,-1,-1
2024-11-13T10:21:51.355-05:00,IdeState,Inactive,,*,-1,-1
2024-11-13T10:21:52.356-05:00,IdeState,Inactive,,*,-1,-1
2024-11-13T10:21:53.358-05:00,IdeState,Inactive,,*,-1,-1
2024-11-13T10:21:54.359-05:00,IdeState,Inactive,,*,-1,-1
2024-11-13T10:21:55.361-05:00,IdeState,Inactive,,*,-1,-1
2024-11-13T10:21:56.362-05:00,IdeState,Inactive,,*,-1,-1
2024-11-13T10:21:57.364-05:00,IdeState,Inactive,,*,-1,-1
2024-11-13T10:21:58.366-05:00,IdeState,Inactive,,*,-1,-1
2024-11-13T10:21:59.368-05:00,IdeState,Inactive,,*,-1,-1
2024-11-13T10:22:00.368-05:00,IdeState,Inactive,,*,-1,-1
2024-11-13T10:22:01.371-05:00,IdeState,Inactive,,*,-1,-1
2024-11-13T10:22:02.371-05:00,IdeState,Inactive,,*,-1,-1
2024-11-13T10:22:03.373-05:00,IdeState,Inactive,,*,-1,-1
2024-11-13T10:22:04.374-05:00,IdeState,Inactive,,*,-1,-1
2024-11-13T10:22:05.375-05:00,IdeState,Inactive,,*,-1,-1
2024-11-13T10:22:06.376-05:00,IdeState,Inactive,,*,-1,-1
2024-11-13T10:22:07.377-05:00,IdeState,Inactive,,*,-1,-1
2024-11-13T10:22:08.378-05:00,IdeState,Inactive,,*,-1,-1
2024-11-13T10:22:09.379-05:00,IdeState,Inactive,,*,-1,-1
2024-11-13T10:22:10.381-05:00,IdeState,Inactive,,*,-1,-1
2024-11-13T10:22:11.382-05:00,IdeState,Inactive,,*,-1,-1
2024-11-13T10:22:12.383-05:00,IdeState,Inactive,,*,-1,-1
2024-11-13T10:22:13.385-05:00,IdeState,Inactive,,*,-1,-1
2024-11-13T10:22:14.387-05:00,IdeState,Inactive,,*,-1,-1
2024-11-13T10:22:15.388-05:00,IdeState,Inactive,,*,-1,-1
2024-11-13T10:22:16.389-05:00,IdeState,Inactive,,*,-1,-1
2024-11-13T10:22:17.390-05:00,IdeState,Inactive,,*,-1,-1
2024-11-13T10:22:18.392-05:00,IdeState,Inactive,,*,-1,-1
2024-11-13T10:22:19.394-05:00,IdeState,Inactive,,*,-1,-1
2024-11-13T10:22:20.396-05:00,IdeState,Inactive,,*,-1,-1
2024-11-13T10:22:21.397-05:00,IdeState,Inactive,,*,-1,-1
2024-11-13T10:22:22.407-05:00,IdeState,Inactive,,*,-1,-1
2024-11-13T10:22:23.409-05:00,IdeState,Inactive,,*,-1,-1
2024-11-13T10:22:24.410-05:00,IdeState,Inactive,,*,-1,-1
2024-11-13T10:22:25.410-05:00,IdeState,Inactive,,*,-1,-1
2024-11-13T10:22:26.412-05:00,IdeState,Inactive,,*,-1,-1
2024-11-13T10:22:27.415-05:00,IdeState,Inactive,,*,-1,-1
2024-11-13T10:22:28.418-05:00,IdeState,Inactive,,*,-1,-1
2024-11-13T10:22:29.419-05:00,IdeState,Inactive,,*,-1,-1
2024-11-13T10:22:30.420-05:00,IdeState,Inactive,,*,-1,-1
2024-11-13T10:22:31.421-05:00,IdeState,Inactive,,*,-1,-1
2024-11-13T10:22:32.424-05:00,IdeState,Inactive,,*,-1,-1
2024-11-13T10:22:33.425-05:00,IdeState,Inactive,,*,-1,-1
2024-11-13T10:22:34.428-05:00,IdeState,Inactive,,*,-1,-1
2024-11-13T10:22:35.429-05:00,IdeState,Inactive,,*,-1,-1
2024-11-13T10:22:36.431-05:00,IdeState,Inactive,,*,-1,-1
2024-11-13T10:22:37.432-05:00,IdeState,Inactive,,*,-1,-1
2024-11-13T10:22:38.433-05:00,IdeState,Inactive,,*,-1,-1
2024-11-13T10:22:39.434-05:00,IdeState,Inactive,,*,-1,-1
2024-11-13T10:22:40.437-05:00,IdeState,Inactive,,*,-1,-1
2024-11-13T10:22:41.438-05:00,IdeState,Inactive,,*,-1,-1
2024-11-13T10:22:42.440-05:00,IdeState,Inactive,,*,-1,-1
2024-11-13T10:22:43.443-05:00,IdeState,Inactive,,*,-1,-1
2024-11-13T10:22:44.446-05:00,IdeState,Inactive,,*,-1,-1
2024-11-13T10:22:45.447-05:00,IdeState,Inactive,,*,-1,-1
2024-11-13T10:22:46.448-05:00,IdeState,Inactive,,*,-1,-1
2024-11-13T10:22:47.450-05:00,IdeState,Inactive,,*,-1,-1
2024-11-13T10:22:48.451-05:00,IdeState,Inactive,,*,-1,-1
2024-11-13T10:22:49.452-05:00,IdeState,Inactive,,*,-1,-1
2024-11-13T10:22:50.454-05:00,IdeState,Inactive,,*,-1,-1
2024-11-13T10:22:51.456-05:00,IdeState,Inactive,,*,-1,-1
2024-11-13T10:22:52.457-05:00,IdeState,Inactive,,*,-1,-1
2024-11-13T10:22:53.458-05:00,IdeState,Inactive,,*,-1,-1
2024-11-13T10:22:54.462-05:00,IdeState,Inactive,,*,-1,-1
2024-11-13T10:22:55.464-05:00,IdeState,Inactive,,*,-1,-1
2024-11-13T10:22:56.467-05:00,IdeState,Inactive,,*,-1,-1
2024-11-13T10:22:57.471-05:00,IdeState,Inactive,,*,-1,-1
2024-11-13T10:22:58.474-05:00,IdeState,Inactive,,*,-1,-1
2024-11-13T10:22:59.477-05:00,IdeState,Inactive,,*,-1,-1
2024-11-13T10:23:00.478-05:00,IdeState,Inactive,,*,-1,-1
2024-11-13T10:23:01.481-05:00,IdeState,Inactive,,*,-1,-1
2024-11-13T10:23:02.482-05:00,IdeState,Inactive,,*,-1,-1
2024-11-13T10:23:03.486-05:00,IdeState,Inactive,,*,-1,-1
2024-11-13T10:23:04.487-05:00,IdeState,Inactive,,*,-1,-1
2024-11-13T10:23:05.489-05:00,IdeState,Inactive,,*,-1,-1
2024-11-13T10:23:06.497-05:00,IdeState,Inactive,,*,-1,-1
2024-11-13T10:23:07.504-05:00,IdeState,Inactive,,*,-1,-1
2024-11-13T10:23:08.506-05:00,IdeState,Inactive,,*,-1,-1
2024-11-13T10:23:09.507-05:00,IdeState,Inactive,,*,-1,-1
2024-11-13T10:23:10.509-05:00,IdeState,Inactive,,*,-1,-1
2024-11-13T10:23:11.512-05:00,IdeState,Inactive,,*,-1,-1
2024-11-13T10:23:12.513-05:00,IdeState,Inactive,,*,-1,-1
2024-11-13T10:23:13.524-05:00,IdeState,Inactive,,*,-1,-1
2024-11-13T10:23:14.527-05:00,IdeState,Inactive,,*,-1,-1
2024-11-13T10:23:15.530-05:00,IdeState,Inactive,,*,-1,-1
2024-11-13T10:23:16.530-05:00,IdeState,Inactive,,*,-1,-1
2024-11-13T10:23:17.532-05:00,IdeState,Inactive,,*,-1,-1
2024-11-13T10:23:18.545-05:00,IdeState,Inactive,,*,-1,-1
2024-11-13T10:23:19.548-05:00,IdeState,Inactive,,*,-1,-1
2024-11-13T10:23:20.549-05:00,IdeState,Inactive,,*,-1,-1
2024-11-13T10:23:21.551-05:00,IdeState,Inactive,,*,-1,-1
2024-11-13T10:23:22.552-05:00,IdeState,Inactive,,*,-1,-1
2024-11-13T10:23:23.555-05:00,IdeState,Inactive,,*,-1,-1
2024-11-13T10:23:24.557-05:00,IdeState,Inactive,,*,-1,-1
2024-11-13T10:23:25.558-05:00,IdeState,Inactive,,*,-1,-1
2024-11-13T10:23:26.559-05:00,IdeState,Inactive,,*,-1,-1
2024-11-13T10:23:27.561-05:00,IdeState,Inactive,,*,-1,-1
2024-11-13T10:23:28.563-05:00,IdeState,Inactive,,*,-1,-1
2024-11-13T10:23:29.567-05:00,IdeState,Inactive,,*,-1,-1
2024-11-13T10:23:30.568-05:00,IdeState,Inactive,,*,-1,-1
2024-11-13T10:23:31.569-05:00,IdeState,Inactive,,*,-1,-1
2024-11-13T10:23:32.572-05:00,IdeState,Inactive,,*,-1,-1
2024-11-13T10:23:33.573-05:00,IdeState,Inactive,,*,-1,-1
2024-11-13T10:23:34.575-05:00,IdeState,Inactive,,*,-1,-1
2024-11-13T10:23:35.576-05:00,IdeState,Inactive,,*,-1,-1
2024-11-13T10:23:36.578-05:00,IdeState,Inactive,,*,-1,-1
2024-11-13T10:23:37.578-05:00,IdeState,Inactive,,*,-1,-1
2024-11-13T10:23:38.580-05:00,IdeState,Inactive,,*,-1,-1
2024-11-13T10:23:39.582-05:00,IdeState,Inactive,,*,-1,-1
2024-11-13T10:23:40.583-05:00,IdeState,Inactive,,*,-1,-1
2024-11-13T10:23:41.584-05:00,IdeState,Inactive,,*,-1,-1
2024-11-13T10:23:42.585-05:00,IdeState,Inactive,,*,-1,-1
2024-11-13T10:23:43.587-05:00,IdeState,Inactive,,*,-1,-1
2024-11-13T10:23:44.590-05:00,IdeState,Inactive,,*,-1,-1
2024-11-13T10:23:45.591-05:00,IdeState,Inactive,,*,-1,-1
2024-11-13T10:23:46.593-05:00,IdeState,Inactive,,*,-1,-1
2024-11-13T10:23:47.595-05:00,IdeState,Inactive,,*,-1,-1
2024-11-13T10:23:48.596-05:00,IdeState,Inactive,,*,-1,-1
2024-11-13T10:23:49.597-05:00,IdeState,Inactive,,*,-1,-1
2024-11-13T10:23:50.600-05:00,IdeState,Inactive,,*,-1,-1
2024-11-13T10:23:51.602-05:00,IdeState,Inactive,,*,-1,-1
2024-11-13T10:23:52.603-05:00,IdeState,Inactive,,*,-1,-1
2024-11-13T10:23:53.605-05:00,IdeState,Inactive,,*,-1,-1
2024-11-13T10:23:54.607-05:00,IdeState,Inactive,,*,-1,-1
2024-11-13T10:23:55.608-05:00,IdeState,Inactive,,*,-1,-1
2024-11-13T10:23:56.610-05:00,IdeState,Inactive,,*,-1,-1
2024-11-13T10:23:57.611-05:00,IdeState,Inactive,,*,-1,-1
2024-11-13T10:23:58.613-05:00,IdeState,Inactive,,*,-1,-1
2024-11-13T10:23:59.614-05:00,IdeState,Inactive,,*,-1,-1
2024-11-13T10:24:00.615-05:00,IdeState,Inactive,,*,-1,-1
2024-11-13T10:24:01.616-05:00,IdeState,Inactive,,*,-1,-1
2024-11-13T10:24:02.617-05:00,IdeState,Inactive,,*,-1,-1
2024-11-13T10:24:03.620-05:00,IdeState,Inactive,,*,-1,-1
2024-11-13T10:24:04.623-05:00,IdeState,Inactive,,*,-1,-1
2024-11-13T10:24:05.625-05:00,IdeState,Inactive,,*,-1,-1
2024-11-13T10:24:06.626-05:00,IdeState,Inactive,,*,-1,-1
2024-11-13T10:24:07.627-05:00,IdeState,Inactive,,*,-1,-1
2024-11-13T10:24:08.628-05:00,IdeState,Inactive,,*,-1,-1
2024-11-13T10:24:09.630-05:00,IdeState,Inactive,,*,-1,-1
2024-11-13T10:24:10.631-05:00,IdeState,Inactive,,*,-1,-1
2024-11-13T10:24:11.633-05:00,IdeState,Inactive,,*,-1,-1
2024-11-13T10:24:12.636-05:00,IdeState,Inactive,,*,-1,-1
2024-11-13T10:24:13.638-05:00,IdeState,Inactive,,*,-1,-1
2024-11-13T10:24:14.641-05:00,IdeState,Inactive,,*,-1,-1
2024-11-13T10:24:15.643-05:00,IdeState,Inactive,,*,-1,-1
2024-11-13T10:24:16.645-05:00,IdeState,Inactive,,*,-1,-1
2024-11-13T10:24:17.645-05:00,IdeState,Inactive,,*,-1,-1
2024-11-13T10:24:18.648-05:00,IdeState,Inactive,,*,-1,-1
2024-11-13T10:24:19.649-05:00,IdeState,Inactive,,*,-1,-1
2024-11-13T10:24:20.651-05:00,IdeState,Inactive,,*,-1,-1
2024-11-13T10:24:21.652-05:00,IdeState,Inactive,,*,-1,-1
2024-11-13T10:24:22.654-05:00,IdeState,Inactive,,*,-1,-1
2024-11-13T10:24:23.656-05:00,IdeState,Inactive,,*,-1,-1
2024-11-13T10:24:24.658-05:00,IdeState,Inactive,,*,-1,-1
2024-11-13T10:24:25.677-05:00,IdeState,Inactive,,*,-1,-1
2024-11-13T10:24:26.679-05:00,IdeState,Inactive,,*,-1,-1
2024-11-13T10:24:27.680-05:00,IdeState,Inactive,,*,-1,-1
2024-11-13T10:24:28.682-05:00,IdeState,Inactive,,*,-1,-1
2024-11-13T10:24:29.685-05:00,IdeState,Inactive,,*,-1,-1
2024-11-13T10:24:30.686-05:00,IdeState,Inactive,,*,-1,-1
2024-11-13T10:24:31.687-05:00,IdeState,Inactive,,*,-1,-1
2024-11-13T10:24:32.703-05:00,IdeState,Inactive,,*,-1,-1
2024-11-13T10:24:33.705-05:00,IdeState,Inactive,,*,-1,-1
2024-11-13T10:24:34.708-05:00,IdeState,Inactive,,*,-1,-1
2024-11-13T10:24:35.712-05:00,IdeState,Inactive,,*,-1,-1
2024-11-13T10:24:36.714-05:00,IdeState,Inactive,,*,-1,-1
2024-11-13T10:24:37.716-05:00,IdeState,Inactive,,*,-1,-1
2024-11-13T10:24:38.717-05:00,IdeState,Inactive,,*,-1,-1
2024-11-13T10:24:39.718-05:00,IdeState,Inactive,,*,-1,-1
2024-11-13T10:24:40.719-05:00,IdeState,Inactive,,*,-1,-1
2024-11-13T10:24:41.721-05:00,IdeState,Inactive,,*,-1,-1
2024-11-13T10:24:42.722-05:00,IdeState,Inactive,,*,-1,-1
2024-11-13T10:24:43.723-05:00,IdeState,Inactive,,*,-1,-1
2024-11-13T10:24:44.725-05:00,IdeState,Inactive,,*,-1,-1
2024-11-13T10:24:45.725-05:00,IdeState,Inactive,,*,-1,-1
2024-11-13T10:24:46.727-05:00,IdeState,Inactive,,*,-1,-1
2024-11-13T10:24:47.729-05:00,IdeState,Inactive,,*,-1,-1
2024-11-13T10:24:48.730-05:00,IdeState,Inactive,,*,-1,-1
2024-11-13T10:24:49.731-05:00,IdeState,Inactive,,*,-1,-1
2024-11-13T10:24:50.732-05:00,IdeState,Inactive,,*,-1,-1
2024-11-13T10:24:51.734-05:00,IdeState,Inactive,,*,-1,-1
2024-11-13T10:24:52.735-05:00,IdeState,Inactive,,*,-1,-1
2024-11-13T10:24:53.736-05:00,IdeState,Inactive,,*,-1,-1
2024-11-13T10:24:54.737-05:00,IdeState,Inactive,,*,-1,-1
2024-11-13T10:24:55.738-05:00,IdeState,Inactive,,*,-1,-1
2024-11-13T10:24:56.740-05:00,IdeState,Inactive,,*,-1,-1
2024-11-13T10:24:57.741-05:00,IdeState,Inactive,,*,-1,-1
2024-11-13T10:24:58.742-05:00,IdeState,Inactive,,*,-1,-1
2024-11-13T10:24:59.743-05:00,IdeState,Inactive,,*,-1,-1
2024-11-13T10:25:00.745-05:00,IdeState,Inactive,,*,-1,-1
2024-11-13T10:25:01.748-05:00,IdeState,Inactive,,*,-1,-1
2024-11-13T10:25:02.749-05:00,IdeState,Inactive,,*,-1,-1
2024-11-13T10:25:03.750-05:00,IdeState,Inactive,,*,-1,-1
2024-11-13T10:25:04.752-05:00,IdeState,Inactive,,*,-1,-1
2024-11-13T10:25:05.753-05:00,IdeState,Inactive,,*,-1,-1
2024-11-13T10:25:06.753-05:00,IdeState,Inactive,,*,-1,-1
2024-11-13T10:25:07.756-05:00,IdeState,Inactive,,*,-1,-1
2024-11-13T10:25:08.758-05:00,IdeState,Inactive,,*,-1,-1
2024-11-13T10:25:09.759-05:00,IdeState,Inactive,,*,-1,-1
2024-11-13T10:25:10.761-05:00,IdeState,Inactive,,*,-1,-1
2024-11-13T10:25:11.761-05:00,IdeState,Inactive,,*,-1,-1
2024-11-13T10:25:12.762-05:00,IdeState,Inactive,,*,-1,-1
2024-11-13T10:25:13.763-05:00,IdeState,Inactive,,*,-1,-1
2024-11-13T10:25:14.764-05:00,IdeState,Inactive,,*,-1,-1
2024-11-13T10:25:15.766-05:00,IdeState,Inactive,,*,-1,-1
2024-11-13T10:25:16.766-05:00,IdeState,Inactive,,*,-1,-1
2024-11-13T10:25:17.769-05:00,IdeState,Inactive,,*,-1,-1
2024-11-13T10:25:18.769-05:00,IdeState,Inactive,,*,-1,-1
2024-11-13T10:25:19.772-05:00,IdeState,Inactive,,*,-1,-1
2024-11-13T10:25:20.777-05:00,IdeState,Inactive,,*,-1,-1
2024-11-13T10:25:21.778-05:00,IdeState,Inactive,,*,-1,-1
2024-11-13T10:25:22.779-05:00,IdeState,Inactive,,*,-1,-1
2024-11-13T10:25:23.781-05:00,IdeState,Inactive,,*,-1,-1
2024-11-13T10:25:24.782-05:00,IdeState,Inactive,,*,-1,-1
2024-11-13T10:25:25.783-05:00,IdeState,Inactive,,*,-1,-1
2024-11-13T10:25:26.786-05:00,IdeState,Inactive,,*,-1,-1
2024-11-13T10:25:27.787-05:00,IdeState,Inactive,,*,-1,-1
2024-11-13T10:25:28.789-05:00,IdeState,Inactive,,*,-1,-1
2024-11-13T10:25:29.790-05:00,IdeState,Inactive,,*,-1,-1
2024-11-13T10:25:30.791-05:00,IdeState,Inactive,,*,-1,-1
2024-11-13T10:25:31.793-05:00,IdeState,Inactive,,*,-1,-1
2024-11-13T10:25:32.794-05:00,IdeState,Inactive,,*,-1,-1
2024-11-13T10:25:33.796-05:00,IdeState,Inactive,,*,-1,-1
2024-11-13T10:25:34.798-05:00,IdeState,Inactive,,*,-1,-1
2024-11-13T10:25:35.800-05:00,IdeState,Inactive,,*,-1,-1
2024-11-13T10:25:36.802-05:00,IdeState,Inactive,,*,-1,-1
2024-11-13T10:25:37.803-05:00,IdeState,Inactive,,*,-1,-1
2024-11-13T10:25:38.805-05:00,IdeState,Inactive,,*,-1,-1
2024-11-13T10:25:39.807-05:00,IdeState,Inactive,,*,-1,-1
2024-11-13T10:25:40.808-05:00,IdeState,Inactive,,*,-1,-1
2024-11-13T10:25:41.809-05:00,IdeState,Inactive,,*,-1,-1
2024-11-13T10:25:42.810-05:00,IdeState,Inactive,,*,-1,-1
2024-11-13T10:25:43.812-05:00,IdeState,Inactive,,*,-1,-1
2024-11-13T10:25:44.813-05:00,IdeState,Inactive,,*,-1,-1
2024-11-13T10:25:45.816-05:00,IdeState,Inactive,,*,-1,-1
2024-11-13T10:25:46.818-05:00,IdeState,Inactive,,*,-1,-1
2024-11-13T10:25:47.820-05:00,IdeState,Inactive,,*,-1,-1
2024-11-13T10:25:48.821-05:00,IdeState,Inactive,,*,-1,-1
2024-11-13T10:25:49.821-05:00,IdeState,Inactive,,*,-1,-1
2024-11-13T10:25:50.822-05:00,IdeState,Inactive,,*,-1,-1
2024-11-13T10:25:51.824-05:00,IdeState,Inactive,,*,-1,-1
2024-11-13T10:25:52.826-05:00,IdeState,Inactive,,*,-1,-1
2024-11-13T10:25:53.828-05:00,IdeState,Inactive,,*,-1,-1
2024-11-13T10:25:54.829-05:00,IdeState,Inactive,,*,-1,-1
2024-11-13T10:25:55.832-05:00,IdeState,Inactive,,*,-1,-1
2024-11-13T10:25:56.834-05:00,IdeState,Inactive,,*,-1,-1
2024-11-13T10:25:57.835-05:00,IdeState,Inactive,,*,-1,-1
2024-11-13T10:25:58.837-05:00,IdeState,Inactive,,*,-1,-1
2024-11-13T10:25:59.840-05:00,IdeState,Inactive,,*,-1,-1
2024-11-13T10:26:00.841-05:00,IdeState,Inactive,,*,-1,-1
2024-11-13T10:26:01.842-05:00,IdeState,Inactive,,*,-1,-1
2024-11-13T10:26:02.843-05:00,IdeState,Inactive,,*,-1,-1
2024-11-13T10:26:03.844-05:00,IdeState,Inactive,,*,-1,-1
2024-11-13T10:26:04.845-05:00,IdeState,Inactive,,*,-1,-1
2024-11-13T10:26:05.846-05:00,IdeState,Inactive,,*,-1,-1
2024-11-13T10:26:06.848-05:00,IdeState,Inactive,,*,-1,-1
2024-11-13T10:26:07.850-05:00,IdeState,Inactive,,*,-1,-1
2024-11-13T10:26:08.852-05:00,IdeState,Inactive,,*,-1,-1
2024-11-13T10:26:09.852-05:00,IdeState,Inactive,,*,-1,-1
2024-11-13T10:26:10.855-05:00,IdeState,Inactive,,*,-1,-1
2024-11-13T10:26:11.856-05:00,IdeState,Inactive,,*,-1,-1
2024-11-13T10:26:12.857-05:00,IdeState,Inactive,,*,-1,-1
2024-11-13T10:26:13.857-05:00,IdeState,Inactive,,*,-1,-1
2024-11-13T10:26:14.860-05:00,IdeState,Inactive,,*,-1,-1
2024-11-13T10:26:15.861-05:00,IdeState,Inactive,,*,-1,-1
2024-11-13T10:26:16.862-05:00,IdeState,Inactive,,*,-1,-1
2024-11-13T10:26:17.864-05:00,IdeState,Inactive,,*,-1,-1
2024-11-13T10:26:18.865-05:00,IdeState,Inactive,,*,-1,-1
2024-11-13T10:26:19.866-05:00,IdeState,Inactive,,*,-1,-1
2024-11-13T10:26:20.867-05:00,IdeState,Inactive,,*,-1,-1
2024-11-13T10:26:21.868-05:00,IdeState,Inactive,,*,-1,-1
2024-11-13T10:26:22.869-05:00,IdeState,Inactive,,*,-1,-1
2024-11-13T10:26:23.870-05:00,IdeState,Inactive,,*,-1,-1
2024-11-13T10:26:24.872-05:00,IdeState,Inactive,,*,-1,-1
2024-11-13T10:26:25.874-05:00,IdeState,Inactive,,*,-1,-1
2024-11-13T10:26:26.876-05:00,IdeState,Inactive,,*,-1,-1
2024-11-13T10:26:27.879-05:00,IdeState,Inactive,,*,-1,-1
2024-11-13T10:26:28.879-05:00,IdeState,Inactive,,*,-1,-1
2024-11-13T10:26:29.880-05:00,IdeState,Inactive,,*,-1,-1
2024-11-13T10:26:30.883-05:00,IdeState,Inactive,,*,-1,-1
2024-11-13T10:26:31.886-05:00,IdeState,Inactive,,*,-1,-1
2024-11-13T10:26:32.888-05:00,IdeState,Inactive,,*,-1,-1
2024-11-13T10:26:33.889-05:00,IdeState,Inactive,,*,-1,-1
2024-11-13T10:26:34.891-05:00,IdeState,Inactive,,*,-1,-1
2024-11-13T10:26:35.892-05:00,IdeState,Inactive,,*,-1,-1
2024-11-13T10:26:36.894-05:00,IdeState,Inactive,,*,-1,-1
2024-11-13T10:26:37.894-05:00,IdeState,Inactive,,*,-1,-1
2024-11-13T10:26:38.896-05:00,IdeState,Inactive,,*,-1,-1
2024-11-13T10:26:39.902-05:00,IdeState,Inactive,,*,-1,-1
2024-11-13T10:26:40.904-05:00,IdeState,Inactive,,*,-1,-1
2024-11-13T10:26:41.904-05:00,IdeState,Inactive,,*,-1,-1
2024-11-13T10:26:42.906-05:00,IdeState,Inactive,,*,-1,-1
2024-11-13T10:26:43.908-05:00,IdeState,Inactive,,*,-1,-1
2024-11-13T10:26:44.910-05:00,IdeState,Inactive,,*,-1,-1
2024-11-13T10:26:45.912-05:00,IdeState,Inactive,,*,-1,-1
2024-11-13T10:26:46.913-05:00,IdeState,Inactive,,*,-1,-1
2024-11-13T10:26:47.915-05:00,IdeState,Inactive,,*,-1,-1
2024-11-13T10:26:48.917-05:00,IdeState,Inactive,,*,-1,-1
2024-11-13T10:26:49.918-05:00,IdeState,Inactive,,*,-1,-1
2024-11-13T10:26:50.919-05:00,IdeState,Inactive,,*,-1,-1
2024-11-13T10:26:51.920-05:00,IdeState,Inactive,,*,-1,-1
2024-11-13T10:26:52.922-05:00,IdeState,Inactive,,*,-1,-1
2024-11-13T10:26:53.923-05:00,IdeState,Inactive,,*,-1,-1
2024-11-13T10:26:54.924-05:00,IdeState,Inactive,,*,-1,-1
2024-11-13T10:26:55.925-05:00,IdeState,Inactive,,*,-1,-1
2024-11-13T10:26:56.927-05:00,IdeState,Inactive,,*,-1,-1
2024-11-13T10:26:57.928-05:00,IdeState,Inactive,,*,-1,-1
2024-11-13T10:26:58.929-05:00,IdeState,Inactive,,*,-1,-1
2024-11-13T10:26:59.930-05:00,IdeState,Inactive,,*,-1,-1
2024-11-13T10:27:00.932-05:00,IdeState,Inactive,,*,-1,-1
2024-11-13T10:27:01.933-05:00,IdeState,Inactive,,*,-1,-1
2024-11-13T10:27:02.934-05:00,IdeState,Inactive,,*,-1,-1
2024-11-13T10:27:03.935-05:00,IdeState,Inactive,,*,-1,-1
2024-11-13T10:27:04.937-05:00,IdeState,Inactive,,*,-1,-1
2024-11-13T10:27:05.938-05:00,IdeState,Inactive,,*,-1,-1
2024-11-13T10:27:06.940-05:00,IdeState,Inactive,,*,-1,-1
2024-11-13T10:27:07.942-05:00,IdeState,Inactive,,*,-1,-1
2024-11-13T10:27:08.944-05:00,IdeState,Inactive,,*,-1,-1
2024-11-13T10:27:09.945-05:00,IdeState,Inactive,,*,-1,-1
2024-11-13T10:27:10.945-05:00,IdeState,Inactive,,*,-1,-1
2024-11-13T10:27:11.947-05:00,IdeState,Inactive,,*,-1,-1
2024-11-13T10:27:12.948-05:00,IdeState,Inactive,,*,-1,-1
2024-11-13T10:27:13.949-05:00,IdeState,Inactive,,*,-1,-1
2024-11-13T10:27:14.952-05:00,IdeState,Inactive,,*,-1,-1
2024-11-13T10:27:15.953-05:00,IdeState,Inactive,,*,-1,-1
2024-11-13T10:27:16.955-05:00,IdeState,Inactive,,*,-1,-1
2024-11-13T10:27:17.957-05:00,IdeState,Inactive,,*,-1,-1
2024-11-13T10:27:18.959-05:00,IdeState,Inactive,,*,-1,-1
2024-11-13T10:27:19.959-05:00,IdeState,Inactive,,*,-1,-1
2024-11-13T10:27:20.960-05:00,IdeState,Inactive,,*,-1,-1
2024-11-13T10:27:21.962-05:00,IdeState,Inactive,,*,-1,-1
2024-11-13T10:27:22.963-05:00,IdeState,Inactive,,*,-1,-1
2024-11-13T10:27:23.964-05:00,IdeState,Inactive,,*,-1,-1
2024-11-13T10:27:24.965-05:00,IdeState,Inactive,,*,-1,-1
2024-11-13T10:27:25.967-05:00,IdeState,Inactive,,*,-1,-1
2024-11-13T10:27:26.969-05:00,IdeState,Inactive,,*,-1,-1
2024-11-13T10:27:27.970-05:00,IdeState,Inactive,,*,-1,-1
2024-11-13T10:27:28.972-05:00,IdeState,Inactive,,*,-1,-1
2024-11-13T10:27:29.973-05:00,IdeState,Inactive,,*,-1,-1
2024-11-13T10:27:30.976-05:00,IdeState,Inactive,,*,-1,-1
2024-11-13T10:27:31.977-05:00,IdeState,Inactive,,*,-1,-1
2024-11-13T10:27:32.978-05:00,IdeState,Inactive,,*,-1,-1
2024-11-13T10:27:33.980-05:00,IdeState,Inactive,,*,-1,-1
2024-11-13T10:27:34.982-05:00,IdeState,Inactive,,*,-1,-1
2024-11-13T10:27:35.983-05:00,IdeState,Inactive,,*,-1,-1
2024-11-13T10:27:36.985-05:00,IdeState,Inactive,,*,-1,-1
2024-11-13T10:27:37.986-05:00,IdeState,Active,Project,*,-1,-1
2024-11-13T10:27:38.989-05:00,IdeState,Inactive,,*,-1,-1
2024-11-13T10:27:39.990-05:00,IdeState,Inactive,,*,-1,-1
2024-11-13T10:27:40.992-05:00,IdeState,Inactive,,*,-1,-1
2024-11-13T10:27:42.016-05:00,IdeState,Inactive,,*,-1,-1
2024-11-13T10:27:43.018-05:00,IdeState,Inactive,,*,-1,-1
2024-11-13T10:27:44.020-05:00,IdeState,Inactive,,*,-1,-1
2024-11-13T10:27:45.022-05:00,IdeState,Inactive,,*,-1,-1
2024-11-13T10:27:46.022-05:00,IdeState,Inactive,,*,-1,-1
2024-11-13T10:27:47.024-05:00,IdeState,Inactive,,*,-1,-1
2024-11-13T10:27:48.029-05:00,IdeState,Inactive,,*,-1,-1
2024-11-13T10:27:49.032-05:00,IdeState,Inactive,,*,-1,-1
2024-11-13T10:27:50.033-05:00,IdeState,Inactive,,*,-1,-1
2024-11-13T10:27:51.036-05:00,IdeState,Inactive,,*,-1,-1
2024-11-13T10:27:52.039-05:00,IdeState,Inactive,,*,-1,-1
2024-11-13T10:27:53.040-05:00,IdeState,Inactive,,*,-1,-1
2024-11-13T10:27:54.042-05:00,IdeState,Inactive,,*,-1,-1
2024-11-13T10:27:55.043-05:00,IdeState,Inactive,,*,-1,-1
2024-11-13T10:27:56.045-05:00,IdeState,Inactive,,*,-1,-1
2024-11-13T10:27:57.046-05:00,IdeState,Inactive,,*,-1,-1
2024-11-13T10:27:58.048-05:00,IdeState,Inactive,,*,-1,-1
2024-11-13T10:27:59.050-05:00,IdeState,Inactive,,*,-1,-1
2024-11-13T10:28:00.051-05:00,IdeState,Inactive,,*,-1,-1
2024-11-13T10:28:01.052-05:00,IdeState,Inactive,,*,-1,-1
2024-11-13T10:28:02.054-05:00,IdeState,Inactive,,*,-1,-1
2024-11-13T10:28:03.054-05:00,IdeState,Inactive,,*,-1,-1
2024-11-13T10:28:04.055-05:00,IdeState,Inactive,,*,-1,-1
2024-11-13T10:28:05.057-05:00,IdeState,Inactive,,*,-1,-1
2024-11-13T10:28:06.058-05:00,IdeState,Inactive,,*,-1,-1
2024-11-13T10:28:07.060-05:00,IdeState,Inactive,,*,-1,-1
2024-11-13T10:28:08.061-05:00,IdeState,Inactive,,*,-1,-1
2024-11-13T10:28:09.063-05:00,IdeState,Inactive,,*,-1,-1
2024-11-13T10:28:10.066-05:00,IdeState,Inactive,,*,-1,-1
2024-11-13T10:28:11.069-05:00,IdeState,Inactive,,*,-1,-1
2024-11-13T10:28:12.070-05:00,IdeState,Inactive,,*,-1,-1
2024-11-13T10:28:13.072-05:00,IdeState,Inactive,,*,-1,-1
2024-11-13T10:28:14.073-05:00,IdeState,Inactive,,*,-1,-1
2024-11-13T10:28:15.074-05:00,IdeState,Inactive,,*,-1,-1
2024-11-13T10:28:16.075-05:00,IdeState,Inactive,,*,-1,-1
2024-11-13T10:28:17.077-05:00,IdeState,Inactive,,*,-1,-1
2024-11-13T10:28:18.079-05:00,IdeState,Inactive,,*,-1,-1
2024-11-13T10:28:19.080-05:00,IdeState,Inactive,,*,-1,-1
2024-11-13T10:28:20.082-05:00,IdeState,Inactive,,*,-1,-1
2024-11-13T10:28:21.084-05:00,IdeState,Inactive,,*,-1,-1
2024-11-13T10:28:22.085-05:00,IdeState,Inactive,,*,-1,-1
2024-11-13T10:28:23.086-05:00,IdeState,Inactive,,*,-1,-1
2024-11-13T10:28:24.088-05:00,IdeState,Inactive,,*,-1,-1
2024-11-13T10:28:25.090-05:00,IdeState,Inactive,,*,-1,-1
2024-11-13T10:28:26.092-05:00,IdeState,Inactive,,*,-1,-1
2024-11-13T10:28:27.094-05:00,IdeState,Inactive,,*,-1,-1
2024-11-13T10:28:28.096-05:00,IdeState,Inactive,,*,-1,-1
2024-11-13T10:28:29.098-05:00,IdeState,Inactive,,*,-1,-1
2024-11-13T10:28:30.102-05:00,IdeState,Inactive,,*,-1,-1
2024-11-13T10:28:31.103-05:00,IdeState,Inactive,,*,-1,-1
2024-11-13T10:28:32.105-05:00,IdeState,Inactive,,*,-1,-1
2024-11-13T10:28:33.108-05:00,IdeState,Inactive,,*,-1,-1
2024-11-13T10:28:34.109-05:00,IdeState,Inactive,,*,-1,-1
2024-11-13T10:28:35.110-05:00,IdeState,Inactive,,*,-1,-1
2024-11-13T10:28:36.113-05:00,IdeState,Inactive,,*,-1,-1
2024-11-13T10:28:37.114-05:00,IdeState,Inactive,,*,-1,-1
2024-11-13T10:28:38.115-05:00,IdeState,Inactive,,*,-1,-1
2024-11-13T10:28:39.116-05:00,IdeState,Inactive,,*,-1,-1
2024-11-13T10:28:40.117-05:00,IdeState,Inactive,,*,-1,-1
2024-11-13T10:28:41.119-05:00,IdeState,Inactive,,*,-1,-1
2024-11-13T10:28:42.120-05:00,IdeState,Inactive,,*,-1,-1
2024-11-13T10:28:43.122-05:00,IdeState,Inactive,,*,-1,-1
2024-11-13T10:28:44.123-05:00,IdeState,Inactive,,*,-1,-1
2024-11-13T10:28:45.124-05:00,IdeState,Inactive,,*,-1,-1
2024-11-13T10:28:46.126-05:00,IdeState,Inactive,,*,-1,-1
2024-11-13T10:28:47.127-05:00,IdeState,Inactive,,*,-1,-1
2024-11-13T10:28:48.130-05:00,IdeState,Inactive,,*,-1,-1
2024-11-13T10:28:49.132-05:00,IdeState,Inactive,,*,-1,-1
2024-11-13T10:28:50.133-05:00,IdeState,Inactive,,*,-1,-1
2024-11-13T10:28:51.134-05:00,IdeState,Inactive,,*,-1,-1
2024-11-13T10:28:52.136-05:00,IdeState,Inactive,,*,-1,-1
2024-11-13T10:28:53.137-05:00,IdeState,Inactive,,*,-1,-1
2024-11-13T10:28:54.139-05:00,IdeState,Inactive,,*,-1,-1
2024-11-13T10:28:55.140-05:00,IdeState,Inactive,,*,-1,-1
2024-11-13T10:28:56.141-05:00,IdeState,Inactive,,*,-1,-1
2024-11-13T10:28:57.142-05:00,IdeState,Inactive,,*,-1,-1
2024-11-13T10:28:58.143-05:00,IdeState,Inactive,,*,-1,-1
2024-11-13T10:28:59.145-05:00,IdeState,Inactive,,*,-1,-1
2024-11-13T10:29:00.146-05:00,IdeState,Inactive,,*,-1,-1
2024-11-13T10:29:01.148-05:00,IdeState,Inactive,,*,-1,-1
2024-11-13T10:29:02.149-05:00,IdeState,Inactive,,*,-1,-1
2024-11-13T10:29:03.151-05:00,IdeState,Inactive,,*,-1,-1
2024-11-13T10:29:04.152-05:00,IdeState,Inactive,,*,-1,-1
2024-11-13T10:29:05.153-05:00,IdeState,Inactive,,*,-1,-1
2024-11-13T10:29:06.153-05:00,IdeState,Inactive,,*,-1,-1
2024-11-13T10:29:07.154-05:00,IdeState,Inactive,,*,-1,-1
2024-11-13T10:29:08.155-05:00,IdeState,Inactive,,*,-1,-1
2024-11-13T10:29:09.157-05:00,IdeState,Inactive,,*,-1,-1
2024-11-13T10:29:10.160-05:00,IdeState,Inactive,,*,-1,-1
2024-11-13T10:29:11.161-05:00,IdeState,Inactive,,*,-1,-1
2024-11-13T10:29:12.164-05:00,IdeState,Inactive,,*,-1,-1
2024-11-13T10:29:13.165-05:00,IdeState,Inactive,,*,-1,-1
2024-11-13T10:29:14.167-05:00,IdeState,Inactive,,*,-1,-1
2024-11-13T10:29:15.169-05:00,IdeState,Inactive,,*,-1,-1
2024-11-13T10:29:16.172-05:00,IdeState,Inactive,,*,-1,-1
2024-11-13T10:29:17.173-05:00,IdeState,Inactive,,*,-1,-1
2024-11-13T10:29:18.175-05:00,IdeState,Inactive,,*,-1,-1
2024-11-13T10:29:19.176-05:00,IdeState,Inactive,,*,-1,-1
2024-11-13T10:29:20.177-05:00,IdeState,Inactive,,*,-1,-1
2024-11-13T10:29:21.178-05:00,IdeState,Inactive,,*,-1,-1
2024-11-13T10:29:22.180-05:00,IdeState,Inactive,,*,-1,-1
2024-11-13T10:29:23.182-05:00,IdeState,Inactive,,*,-1,-1
2024-11-13T10:29:24.184-05:00,IdeState,Inactive,,*,-1,-1
2024-11-13T10:29:25.185-05:00,IdeState,Inactive,,*,-1,-1
2024-11-13T10:29:26.186-05:00,IdeState,Inactive,,*,-1,-1
2024-11-13T10:29:27.188-05:00,IdeState,Inactive,,*,-1,-1
2024-11-13T10:29:28.190-05:00,IdeState,Inactive,,*,-1,-1
2024-11-13T10:29:29.192-05:00,IdeState,Inactive,,*,-1,-1
2024-11-13T10:29:30.193-05:00,IdeState,Inactive,,*,-1,-1
2024-11-13T10:29:31.194-05:00,IdeState,Inactive,,*,-1,-1
2024-11-13T10:29:32.194-05:00,IdeState,Inactive,,*,-1,-1
2024-11-13T10:29:33.195-05:00,IdeState,Inactive,,*,-1,-1
2024-11-13T10:29:34.198-05:00,IdeState,Inactive,,*,-1,-1
2024-11-13T10:29:35.199-05:00,IdeState,Inactive,,*,-1,-1
2024-11-13T10:29:36.202-05:00,IdeState,Inactive,,*,-1,-1
2024-11-13T10:29:37.203-05:00,IdeState,Inactive,,*,-1,-1
2024-11-13T10:29:38.204-05:00,IdeState,Inactive,,*,-1,-1
2024-11-13T10:29:39.207-05:00,IdeState,Inactive,,*,-1,-1
2024-11-13T10:29:40.208-05:00,IdeState,Inactive,,*,-1,-1
2024-11-13T10:29:41.209-05:00,IdeState,Inactive,,*,-1,-1
2024-11-13T10:29:42.210-05:00,IdeState,Inactive,,*,-1,-1
2024-11-13T10:29:43.213-05:00,IdeState,Inactive,,*,-1,-1
2024-11-13T10:29:44.215-05:00,IdeState,Inactive,,*,-1,-1
2024-11-13T10:29:45.216-05:00,IdeState,Inactive,,*,-1,-1
2024-11-13T10:29:46.217-05:00,IdeState,Inactive,,*,-1,-1
2024-11-13T10:29:47.218-05:00,IdeState,Inactive,,*,-1,-1
2024-11-13T10:29:48.220-05:00,IdeState,Inactive,,*,-1,-1
2024-11-13T10:29:49.222-05:00,IdeState,Inactive,,*,-1,-1
2024-11-13T10:29:50.223-05:00,IdeState,Inactive,,*,-1,-1
2024-11-13T10:29:51.224-05:00,IdeState,Inactive,,*,-1,-1
2024-11-13T10:29:52.225-05:00,IdeState,Inactive,,*,-1,-1
2024-11-13T10:29:53.227-05:00,IdeState,Inactive,,*,-1,-1
2024-11-13T10:29:54.228-05:00,IdeState,Inactive,,*,-1,-1
2024-11-13T10:29:55.229-05:00,IdeState,Inactive,,*,-1,-1
2024-11-13T10:29:56.230-05:00,IdeState,Inactive,,*,-1,-1
2024-11-13T10:29:57.231-05:00,IdeState,Inactive,,*,-1,-1
2024-11-13T10:29:58.233-05:00,IdeState,Inactive,,*,-1,-1
2024-11-13T10:29:59.235-05:00,IdeState,Inactive,,*,-1,-1
2024-11-13T10:30:00.236-05:00,IdeState,Inactive,,*,-1,-1
2024-11-13T10:30:01.237-05:00,IdeState,Inactive,,*,-1,-1
2024-11-13T10:30:02.238-05:00,IdeState,Inactive,,*,-1,-1
2024-11-13T10:30:03.239-05:00,IdeState,Inactive,,*,-1,-1
2024-11-13T10:30:04.242-05:00,IdeState,Inactive,,*,-1,-1
2024-11-13T10:30:05.243-05:00,IdeState,Inactive,,*,-1,-1
2024-11-13T10:30:06.243-05:00,IdeState,Inactive,,*,-1,-1
2024-11-13T10:30:07.246-05:00,IdeState,Inactive,,*,-1,-1
2024-11-13T10:30:08.247-05:00,IdeState,Inactive,,*,-1,-1
2024-11-13T10:30:09.249-05:00,IdeState,Inactive,,*,-1,-1
2024-11-13T10:30:10.250-05:00,IdeState,Inactive,,*,-1,-1
2024-11-13T10:30:11.250-05:00,IdeState,Inactive,,*,-1,-1
2024-11-13T10:30:12.252-05:00,IdeState,Inactive,,*,-1,-1
2024-11-13T10:30:13.253-05:00,IdeState,Inactive,,*,-1,-1
2024-11-13T10:30:14.255-05:00,IdeState,Inactive,,*,-1,-1
2024-11-13T10:30:15.256-05:00,IdeState,Inactive,,*,-1,-1
2024-11-13T10:30:16.257-05:00,IdeState,Inactive,,*,-1,-1
2024-11-13T10:30:17.258-05:00,IdeState,Inactive,,*,-1,-1
2024-11-13T10:30:18.260-05:00,IdeState,Inactive,,*,-1,-1
2024-11-13T10:30:19.262-05:00,IdeState,Inactive,,*,-1,-1
2024-11-13T10:30:20.264-05:00,IdeState,Inactive,,*,-1,-1
2024-11-13T10:30:21.266-05:00,IdeState,Inactive,,*,-1,-1
2024-11-13T10:30:22.267-05:00,IdeState,Inactive,,*,-1,-1
2024-11-13T10:30:23.268-05:00,IdeState,Inactive,,*,-1,-1
2024-11-13T10:30:24.270-05:00,IdeState,Inactive,,*,-1,-1
2024-11-13T10:30:25.270-05:00,IdeState,Inactive,,*,-1,-1
2024-11-13T10:30:26.272-05:00,IdeState,Inactive,,*,-1,-1
2024-11-13T10:30:27.273-05:00,IdeState,Inactive,,*,-1,-1
2024-11-13T10:30:28.275-05:00,IdeState,Inactive,,*,-1,-1
2024-11-13T10:30:29.276-05:00,IdeState,Inactive,,*,-1,-1
2024-11-13T10:30:30.276-05:00,IdeState,Inactive,,*,-1,-1
2024-11-13T10:30:31.278-05:00,IdeState,Inactive,,*,-1,-1
2024-11-13T10:30:32.278-05:00,IdeState,Inactive,,*,-1,-1
2024-11-13T10:30:33.279-05:00,IdeState,Inactive,,*,-1,-1
2024-11-13T10:30:34.282-05:00,IdeState,Inactive,,*,-1,-1
2024-11-13T10:30:35.283-05:00,IdeState,Inactive,,*,-1,-1
2024-11-13T10:30:36.284-05:00,IdeState,Inactive,,*,-1,-1
2024-11-13T10:30:37.285-05:00,IdeState,Inactive,,*,-1,-1
2024-11-13T10:30:38.286-05:00,IdeState,Inactive,,*,-1,-1
2024-11-13T10:30:39.287-05:00,IdeState,Inactive,,*,-1,-1
2024-11-13T10:30:40.287-05:00,IdeState,Inactive,,*,-1,-1
2024-11-13T10:30:41.288-05:00,IdeState,Inactive,,*,-1,-1
2024-11-13T10:30:42.290-05:00,IdeState,Inactive,,*,-1,-1
2024-11-13T10:30:43.292-05:00,IdeState,Inactive,,*,-1,-1
2024-11-13T10:30:44.294-05:00,IdeState,Inactive,,*,-1,-1
2024-11-13T10:30:45.295-05:00,IdeState,Inactive,,*,-1,-1
2024-11-13T10:30:46.297-05:00,IdeState,Inactive,,*,-1,-1
2024-11-13T10:30:47.298-05:00,IdeState,Inactive,,*,-1,-1
2024-11-13T10:30:48.301-05:00,IdeState,Inactive,,*,-1,-1
2024-11-13T10:30:49.302-05:00,IdeState,Inactive,,*,-1,-1
2024-11-13T10:30:50.305-05:00,IdeState,Inactive,,*,-1,-1
2024-11-13T10:30:51.306-05:00,IdeState,Inactive,,*,-1,-1
2024-11-13T10:30:52.307-05:00,IdeState,Inactive,,*,-1,-1
2024-11-13T10:30:53.309-05:00,IdeState,Inactive,,*,-1,-1
2024-11-13T10:30:54.311-05:00,IdeState,Inactive,,*,-1,-1
2024-11-13T10:30:55.312-05:00,IdeState,Inactive,,*,-1,-1
2024-11-13T10:30:56.315-05:00,IdeState,Inactive,,*,-1,-1
2024-11-13T10:30:57.317-05:00,IdeState,Inactive,,*,-1,-1
2024-11-13T10:30:58.318-05:00,IdeState,Inactive,,*,-1,-1
2024-11-13T10:30:59.320-05:00,IdeState,Inactive,,*,-1,-1
2024-11-13T10:31:00.320-05:00,IdeState,Inactive,,*,-1,-1
2024-11-13T10:31:01.322-05:00,IdeState,Inactive,,*,-1,-1
2024-11-13T10:31:02.327-05:00,IdeState,Inactive,,*,-1,-1
2024-11-13T10:31:03.330-05:00,IdeState,Inactive,,*,-1,-1
2024-11-13T10:31:04.332-05:00,IdeState,Inactive,,*,-1,-1
2024-11-13T10:31:05.334-05:00,IdeState,Inactive,,*,-1,-1
2024-11-13T10:31:06.335-05:00,IdeState,Inactive,,*,-1,-1
2024-11-13T10:31:07.336-05:00,IdeState,Inactive,,*,-1,-1
2024-11-13T10:31:08.338-05:00,IdeState,Inactive,,*,-1,-1
2024-11-13T10:31:09.339-05:00,IdeState,Inactive,,*,-1,-1
2024-11-13T10:31:10.340-05:00,IdeState,Inactive,,*,-1,-1
2024-11-13T10:31:11.342-05:00,IdeState,Inactive,,*,-1,-1
2024-11-13T10:31:12.342-05:00,IdeState,Inactive,,*,-1,-1
2024-11-13T10:31:13.345-05:00,IdeState,Inactive,,*,-1,-1
2024-11-13T10:31:14.346-05:00,IdeState,Inactive,,*,-1,-1
2024-11-13T10:31:15.347-05:00,IdeState,Inactive,,*,-1,-1
2024-11-13T10:31:16.347-05:00,IdeState,Inactive,,*,-1,-1
2024-11-13T10:31:17.349-05:00,IdeState,Inactive,,*,-1,-1
2024-11-13T10:31:18.352-05:00,IdeState,Inactive,,*,-1,-1
2024-11-13T10:31:19.353-05:00,IdeState,Inactive,,*,-1,-1
2024-11-13T10:31:20.355-05:00,IdeState,Inactive,,*,-1,-1
2024-11-13T10:31:21.357-05:00,IdeState,Inactive,,*,-1,-1
2024-11-13T10:31:22.359-05:00,IdeState,Inactive,,*,-1,-1
2024-11-13T10:31:23.360-05:00,IdeState,Inactive,,*,-1,-1
2024-11-13T10:31:24.362-05:00,IdeState,Inactive,,*,-1,-1
2024-11-13T10:31:25.363-05:00,IdeState,Inactive,,*,-1,-1
2024-11-13T10:31:26.364-05:00,IdeState,Inactive,,*,-1,-1
2024-11-13T10:31:27.365-05:00,IdeState,Inactive,,*,-1,-1
2024-11-13T10:31:28.366-05:00,IdeState,Inactive,,*,-1,-1
2024-11-13T10:31:29.366-05:00,IdeState,Inactive,,*,-1,-1
2024-11-13T10:31:30.368-05:00,IdeState,Inactive,,*,-1,-1
2024-11-13T10:31:31.369-05:00,IdeState,Inactive,,*,-1,-1
2024-11-13T10:31:32.371-05:00,IdeState,Inactive,,*,-1,-1
2024-11-13T10:31:33.373-05:00,IdeState,Inactive,,*,-1,-1
2024-11-13T10:31:34.374-05:00,IdeState,Inactive,,*,-1,-1
2024-11-13T10:31:35.374-05:00,IdeState,Inactive,,*,-1,-1
2024-11-13T10:31:36.376-05:00,IdeState,Inactive,,*,-1,-1
2024-11-13T10:31:37.384-05:00,IdeState,Inactive,,*,-1,-1
2024-11-13T10:31:38.386-05:00,IdeState,Inactive,,*,-1,-1
2024-11-13T10:31:39.387-05:00,IdeState,Inactive,,*,-1,-1
2024-11-13T10:31:40.389-05:00,IdeState,Inactive,,*,-1,-1
2024-11-13T10:31:41.390-05:00,IdeState,Inactive,,*,-1,-1
2024-11-13T10:31:42.392-05:00,IdeState,Inactive,,*,-1,-1
2024-11-13T10:31:43.393-05:00,IdeState,Inactive,,*,-1,-1
2024-11-13T10:31:44.394-05:00,IdeState,Inactive,,*,-1,-1
2024-11-13T10:31:45.395-05:00,IdeState,Inactive,,*,-1,-1
2024-11-13T10:31:46.397-05:00,IdeState,Inactive,,*,-1,-1
2024-11-13T10:31:47.398-05:00,IdeState,Inactive,,*,-1,-1
2024-11-13T10:31:48.399-05:00,IdeState,Inactive,,*,-1,-1
2024-11-13T10:31:49.400-05:00,IdeState,Inactive,,*,-1,-1
2024-11-13T10:31:50.402-05:00,IdeState,Inactive,,*,-1,-1
2024-11-13T10:31:51.403-05:00,IdeState,Inactive,,*,-1,-1
2024-11-13T10:31:52.404-05:00,IdeState,Inactive,,*,-1,-1
2024-11-13T10:31:53.407-05:00,IdeState,Inactive,,*,-1,-1
2024-11-13T10:31:54.409-05:00,IdeState,Inactive,,*,-1,-1
2024-11-13T10:31:55.412-05:00,IdeState,Inactive,,*,-1,-1
2024-11-13T10:31:56.413-05:00,IdeState,Inactive,,*,-1,-1
2024-11-13T10:31:57.415-05:00,IdeState,Inactive,,*,-1,-1
2024-11-13T10:31:58.417-05:00,IdeState,Inactive,,*,-1,-1
2024-11-13T10:31:59.420-05:00,IdeState,Inactive,,*,-1,-1
2024-11-13T10:32:00.422-05:00,IdeState,Inactive,,*,-1,-1
2024-11-13T10:32:01.423-05:00,IdeState,Inactive,,*,-1,-1
2024-11-13T10:32:02.424-05:00,IdeState,Inactive,,*,-1,-1
2024-11-13T10:32:03.426-05:00,IdeState,Inactive,,*,-1,-1
2024-11-13T10:32:04.427-05:00,IdeState,Inactive,,*,-1,-1
2024-11-13T10:32:05.429-05:00,IdeState,Inactive,,*,-1,-1
2024-11-13T10:32:06.430-05:00,IdeState,Inactive,,*,-1,-1
2024-11-13T10:32:07.432-05:00,IdeState,Inactive,,*,-1,-1
2024-11-13T10:32:08.433-05:00,IdeState,Inactive,,*,-1,-1
2024-11-13T10:32:09.433-05:00,IdeState,Inactive,,*,-1,-1
2024-11-13T10:32:10.435-05:00,IdeState,Inactive,,*,-1,-1
2024-11-13T10:32:11.436-05:00,IdeState,Inactive,,*,-1,-1
2024-11-13T10:32:12.438-05:00,IdeState,Inactive,,*,-1,-1
2024-11-13T10:32:13.439-05:00,IdeState,Inactive,,*,-1,-1
2024-11-13T10:32:14.443-05:00,IdeState,Inactive,,*,-1,-1
2024-11-13T10:32:15.444-05:00,IdeState,Inactive,,*,-1,-1
2024-11-13T10:32:16.445-05:00,IdeState,Inactive,,*,-1,-1
2024-11-13T10:32:17.446-05:00,IdeState,Inactive,,*,-1,-1
2024-11-13T10:32:18.447-05:00,IdeState,Inactive,,*,-1,-1
2024-11-13T10:32:19.451-05:00,IdeState,Inactive,,*,-1,-1
2024-11-13T10:32:20.451-05:00,IdeState,Inactive,,*,-1,-1
2024-11-13T10:32:21.453-05:00,IdeState,Inactive,,*,-1,-1
2024-11-13T10:32:22.454-05:00,IdeState,Inactive,,*,-1,-1
2024-11-13T10:32:23.457-05:00,IdeState,Inactive,,*,-1,-1
2024-11-13T10:32:24.458-05:00,IdeState,Inactive,,*,-1,-1
2024-11-13T10:32:25.459-05:00,IdeState,Inactive,,*,-1,-1
2024-11-13T10:32:26.460-05:00,IdeState,Inactive,,*,-1,-1
2024-11-13T10:32:27.461-05:00,IdeState,Inactive,,*,-1,-1
2024-11-13T10:32:28.462-05:00,IdeState,Inactive,,*,-1,-1
2024-11-13T10:32:29.462-05:00,IdeState,Inactive,,*,-1,-1
2024-11-13T10:32:30.463-05:00,IdeState,Inactive,,*,-1,-1
2024-11-13T10:32:31.465-05:00,IdeState,Inactive,,*,-1,-1
2024-11-13T10:32:32.466-05:00,IdeState,Inactive,,*,-1,-1
2024-11-13T10:32:33.468-05:00,IdeState,Inactive,,*,-1,-1
2024-11-13T10:32:34.471-05:00,IdeState,Inactive,,*,-1,-1
2024-11-13T10:32:35.473-05:00,IdeState,Inactive,,*,-1,-1
2024-11-13T10:32:36.475-05:00,IdeState,Inactive,,*,-1,-1
2024-11-13T10:32:37.477-05:00,IdeState,Inactive,,*,-1,-1
2024-11-13T10:32:38.479-05:00,IdeState,Inactive,,*,-1,-1
2024-11-13T10:32:39.481-05:00,IdeState,Inactive,,*,-1,-1
2024-11-13T10:32:40.483-05:00,IdeState,Inactive,,*,-1,-1
2024-11-13T10:32:41.486-05:00,IdeState,Inactive,,*,-1,-1
2024-11-13T10:32:42.486-05:00,IdeState,Inactive,,*,-1,-1
2024-11-13T10:32:43.488-05:00,IdeState,Inactive,,*,-1,-1
2024-11-13T10:32:44.490-05:00,IdeState,Inactive,,*,-1,-1
2024-11-13T10:32:45.491-05:00,IdeState,Inactive,,*,-1,-1
2024-11-13T10:32:46.492-05:00,IdeState,Inactive,,*,-1,-1
2024-11-13T10:32:47.494-05:00,IdeState,Inactive,,*,-1,-1
2024-11-13T10:32:48.496-05:00,IdeState,Inactive,,*,-1,-1
2024-11-13T10:32:49.497-05:00,IdeState,Inactive,,*,-1,-1
2024-11-13T10:32:50.498-05:00,IdeState,Inactive,,*,-1,-1
2024-11-13T10:32:51.500-05:00,IdeState,Inactive,,*,-1,-1
2024-11-13T10:32:52.502-05:00,IdeState,Inactive,,*,-1,-1
2024-11-13T10:32:53.503-05:00,IdeState,Inactive,,*,-1,-1
2024-11-13T10:32:54.504-05:00,IdeState,Inactive,,*,-1,-1
2024-11-13T10:32:55.506-05:00,IdeState,Inactive,,*,-1,-1
2024-11-13T10:32:56.506-05:00,IdeState,Inactive,,*,-1,-1
2024-11-13T10:32:57.508-05:00,IdeState,Inactive,,*,-1,-1
2024-11-13T10:32:58.509-05:00,IdeState,Inactive,,*,-1,-1
2024-11-13T10:32:59.510-05:00,IdeState,Inactive,,*,-1,-1
2024-11-13T10:33:00.512-05:00,IdeState,Inactive,,*,-1,-1
2024-11-13T10:33:01.513-05:00,IdeState,Inactive,,*,-1,-1
2024-11-13T10:33:02.515-05:00,IdeState,Inactive,,*,-1,-1
2024-11-13T10:33:03.517-05:00,IdeState,Inactive,,*,-1,-1
2024-11-13T10:33:04.518-05:00,IdeState,Inactive,,*,-1,-1
2024-11-13T10:33:05.519-05:00,IdeState,Inactive,,*,-1,-1
2024-11-13T10:33:06.520-05:00,IdeState,Inactive,,*,-1,-1
2024-11-13T10:33:07.521-05:00,IdeState,Inactive,,*,-1,-1
2024-11-13T10:33:08.522-05:00,IdeState,Inactive,,*,-1,-1
2024-11-13T10:33:09.523-05:00,IdeState,Inactive,,*,-1,-1
2024-11-13T10:33:10.526-05:00,IdeState,Inactive,,*,-1,-1
2024-11-13T10:33:11.527-05:00,IdeState,Inactive,,*,-1,-1
2024-11-13T10:33:12.528-05:00,IdeState,Inactive,,*,-1,-1
2024-11-13T10:33:13.530-05:00,IdeState,Inactive,,*,-1,-1
2024-11-13T10:33:14.531-05:00,IdeState,Inactive,,*,-1,-1
2024-11-13T10:33:15.532-05:00,IdeState,Inactive,,*,-1,-1
2024-11-13T10:33:16.533-05:00,IdeState,Inactive,,*,-1,-1
2024-11-13T10:33:17.534-05:00,IdeState,Inactive,,*,-1,-1
2024-11-13T10:33:18.536-05:00,IdeState,Inactive,,*,-1,-1
2024-11-13T10:33:19.538-05:00,IdeState,Inactive,,*,-1,-1
2024-11-13T10:33:20.538-05:00,IdeState,Inactive,,*,-1,-1
2024-11-13T10:33:21.540-05:00,IdeState,Inactive,,*,-1,-1
2024-11-13T10:33:22.543-05:00,IdeState,Inactive,,*,-1,-1
2024-11-13T10:33:23.544-05:00,IdeState,Inactive,,*,-1,-1
2024-11-13T10:33:24.546-05:00,IdeState,Inactive,,*,-1,-1
2024-11-13T10:33:25.548-05:00,IdeState,Inactive,,*,-1,-1
2024-11-13T10:33:26.549-05:00,IdeState,Inactive,,*,-1,-1
2024-11-13T10:33:27.550-05:00,IdeState,Inactive,,*,-1,-1
2024-11-13T10:33:28.553-05:00,IdeState,Inactive,,*,-1,-1
2024-11-13T10:33:29.554-05:00,IdeState,Inactive,,*,-1,-1
2024-11-13T10:33:30.554-05:00,IdeState,Inactive,,*,-1,-1
2024-11-13T10:33:31.555-05:00,IdeState,Inactive,,*,-1,-1
2024-11-13T10:33:32.558-05:00,IdeState,Inactive,,*,-1,-1
2024-11-13T10:33:33.559-05:00,IdeState,Inactive,,*,-1,-1
2024-11-13T10:33:34.560-05:00,IdeState,Inactive,,*,-1,-1
2024-11-13T10:33:35.562-05:00,IdeState,Inactive,,*,-1,-1
2024-11-13T10:33:36.564-05:00,IdeState,Inactive,,*,-1,-1
2024-11-13T10:33:37.566-05:00,IdeState,Inactive,,*,-1,-1
2024-11-13T10:33:38.569-05:00,IdeState,Inactive,,*,-1,-1
2024-11-13T10:33:39.570-05:00,IdeState,Inactive,,*,-1,-1
2024-11-13T10:33:40.572-05:00,IdeState,Inactive,,*,-1,-1
2024-11-13T10:33:41.573-05:00,IdeState,Inactive,,*,-1,-1
2024-11-13T10:33:42.574-05:00,IdeState,Inactive,,*,-1,-1
2024-11-13T10:33:43.575-05:00,IdeState,Inactive,,*,-1,-1
2024-11-13T10:33:44.576-05:00,IdeState,Inactive,,*,-1,-1
2024-11-13T10:33:45.577-05:00,IdeState,Inactive,,*,-1,-1
2024-11-13T10:33:46.578-05:00,IdeState,Inactive,,*,-1,-1
2024-11-13T10:33:47.580-05:00,IdeState,Inactive,,*,-1,-1
2024-11-13T10:33:48.581-05:00,IdeState,Inactive,,*,-1,-1
2024-11-13T10:33:49.583-05:00,IdeState,Inactive,,*,-1,-1
2024-11-13T10:33:50.583-05:00,IdeState,Inactive,,*,-1,-1
2024-11-13T10:33:51.584-05:00,IdeState,Inactive,,*,-1,-1
2024-11-13T10:33:52.586-05:00,IdeState,Inactive,,*,-1,-1
2024-11-13T10:33:53.587-05:00,IdeState,Inactive,,*,-1,-1
2024-11-13T10:33:54.610-05:00,IdeState,Inactive,,*,-1,-1
2024-11-13T10:33:55.611-05:00,IdeState,Inactive,,*,-1,-1
2024-11-13T10:33:56.613-05:00,IdeState,Inactive,,*,-1,-1
2024-11-13T10:33:57.613-05:00,IdeState,Inactive,,*,-1,-1
2024-11-13T10:33:58.616-05:00,IdeState,Inactive,,*,-1,-1
2024-11-13T10:33:59.619-05:00,IdeState,Inactive,,*,-1,-1
2024-11-13T10:34:00.620-05:00,IdeState,Inactive,,*,-1,-1
2024-11-13T10:34:01.620-05:00,IdeState,Inactive,,*,-1,-1
2024-11-13T10:34:02.621-05:00,IdeState,Inactive,,*,-1,-1
2024-11-13T10:34:03.622-05:00,IdeState,Inactive,,*,-1,-1
2024-11-13T10:34:04.623-05:00,IdeState,Inactive,,*,-1,-1
2024-11-13T10:34:05.625-05:00,IdeState,Inactive,,*,-1,-1
2024-11-13T10:34:06.627-05:00,IdeState,Inactive,,*,-1,-1
2024-11-13T10:34:07.629-05:00,IdeState,Inactive,,*,-1,-1
2024-11-13T10:34:08.630-05:00,IdeState,Inactive,,*,-1,-1
2024-11-13T10:34:09.632-05:00,IdeState,Inactive,,*,-1,-1
2024-11-13T10:34:10.633-05:00,IdeState,Inactive,,*,-1,-1
2024-11-13T10:34:11.634-05:00,IdeState,Inactive,,*,-1,-1
2024-11-13T10:34:12.635-05:00,IdeState,Inactive,,*,-1,-1
2024-11-13T10:34:13.636-05:00,IdeState,Inactive,,*,-1,-1
2024-11-13T10:34:14.636-05:00,IdeState,Inactive,,*,-1,-1
2024-11-13T10:34:15.637-05:00,IdeState,Inactive,,*,-1,-1
2024-11-13T10:34:16.640-05:00,IdeState,Inactive,,*,-1,-1
2024-11-13T10:34:17.641-05:00,IdeState,Inactive,,*,-1,-1
2024-11-13T10:34:18.642-05:00,IdeState,Inactive,,*,-1,-1
2024-11-13T10:34:19.642-05:00,IdeState,Inactive,,*,-1,-1
2024-11-13T10:34:20.645-05:00,IdeState,Inactive,,*,-1,-1
2024-11-13T10:34:21.646-05:00,IdeState,Inactive,,*,-1,-1
2024-11-13T10:34:22.647-05:00,IdeState,Inactive,,*,-1,-1
2024-11-13T10:34:23.648-05:00,IdeState,Inactive,,*,-1,-1
2024-11-13T10:34:24.650-05:00,IdeState,Inactive,,*,-1,-1
2024-11-13T10:34:25.650-05:00,IdeState,Inactive,,*,-1,-1
2024-11-13T10:34:26.652-05:00,IdeState,Inactive,,*,-1,-1
2024-11-13T10:34:27.653-05:00,IdeState,Inactive,,*,-1,-1
2024-11-13T10:34:28.654-05:00,IdeState,Inactive,,*,-1,-1
2024-11-13T10:34:29.656-05:00,IdeState,Inactive,,*,-1,-1
2024-11-13T10:34:30.658-05:00,IdeState,Inactive,,*,-1,-1
2024-11-13T10:34:31.659-05:00,IdeState,Inactive,,*,-1,-1
2024-11-13T10:34:32.661-05:00,IdeState,Inactive,,*,-1,-1
2024-11-13T10:34:33.663-05:00,IdeState,Inactive,,*,-1,-1
2024-11-13T10:34:34.664-05:00,IdeState,Inactive,,*,-1,-1
2024-11-13T10:34:35.666-05:00,IdeState,Inactive,,*,-1,-1
2024-11-13T10:34:36.668-05:00,IdeState,Inactive,,*,-1,-1
2024-11-13T10:34:37.669-05:00,IdeState,Inactive,,*,-1,-1
2024-11-13T10:34:38.671-05:00,IdeState,Inactive,,*,-1,-1
2024-11-13T10:34:39.672-05:00,IdeState,Inactive,,*,-1,-1
2024-11-13T10:34:40.673-05:00,IdeState,Inactive,,*,-1,-1
2024-11-13T10:34:41.675-05:00,IdeState,Inactive,,*,-1,-1
2024-11-13T10:34:42.675-05:00,IdeState,Inactive,,*,-1,-1
2024-11-13T10:34:43.677-05:00,IdeState,Inactive,,*,-1,-1
2024-11-13T10:34:44.678-05:00,IdeState,Active,Project,*,-1,-1
2024-11-13T10:34:45.683-05:00,IdeState,Active,Project,*,-1,-1
2024-11-13T10:34:46.686-05:00,IdeState,Active,Project,*,-1,-1
2024-11-13T10:34:47.687-05:00,IdeState,Active,Project,*,-1,-1
2024-11-13T10:34:48.688-05:00,IdeState,Active,Project,*,-1,-1
2024-11-13T10:34:49.689-05:00,IdeState,Active,Project,*,-1,-1
2024-11-13T10:34:50.690-05:00,IdeState,Active,Project,*,-1,-1
2024-11-13T10:34:51.691-05:00,IdeState,Active,Project,*,-1,-1
2024-11-13T10:34:52.693-05:00,IdeState,Active,Project,*,-1,-1
2024-11-13T10:34:53.695-05:00,IdeState,Active,Project,*,-1,-1
2024-11-13T10:34:54.696-05:00,IdeState,Active,Project,*,-1,-1
2024-11-13T10:34:55.698-05:00,IdeState,Active,Project,*,-1,-1
2024-11-13T10:34:56.698-05:00,IdeState,Active,Project,*,-1,-1
2024-11-13T10:34:57.699-05:00,IdeState,Active,Project,*,-1,-1
2024-11-13T10:34:58.699-05:00,IdeState,Active,Project,*,-1,-1
2024-11-13T10:34:59.700-05:00,IdeState,Active,Project,*,-1,-1
2024-11-13T10:35:00.702-05:00,IdeState,Active,Project,*,-1,-1
2024-11-13T10:35:01.703-05:00,IdeState,Active,Project,*,-1,-1
2024-11-13T10:35:02.705-05:00,IdeState,Active,Project,*,-1,-1
2024-11-13T10:35:03.706-05:00,IdeState,Active,Project,*,-1,-1
2024-11-13T10:35:04.707-05:00,IdeState,Active,Project,*,-1,-1
2024-11-13T10:35:05.709-05:00,IdeState,Active,Project,*,-1,-1
2024-11-13T10:35:06.710-05:00,IdeState,Active,Project,*,-1,-1
2024-11-13T10:35:07.712-05:00,IdeState,Active,Project,*,-1,-1
2024-11-13T10:35:08.715-05:00,IdeState,Active,Project,*,-1,-1
2024-11-13T10:35:09.716-05:00,IdeState,Active,Project,*,-1,-1
2024-11-13T10:35:10.716-05:00,IdeState,Active,Project,*,-1,-1
2024-11-13T10:35:11.728-05:00,IdeState,Active,Project,*,-1,-1
2024-11-13T10:35:12.729-05:00,IdeState,Active,Project,*,-1,-1
2024-11-13T10:35:13.730-05:00,IdeState,Active,Project,*,-1,-1
2024-11-13T10:35:14.372-05:00,Action,$Delete,Project,*,-1,-1
2024-11-13T10:35:14.824-05:00,IdeState,Active,Dialog,*,-1,-1
2024-11-13T10:35:16.049-05:00,IdeState,Active,Project,*,-1,-1
2024-11-13T10:35:17.052-05:00,IdeState,Active,Dialog,*,-1,-1
2024-11-13T10:35:18.052-05:00,IdeState,Active,Project,*,-1,-1
2024-11-13T10:35:19.053-05:00,IdeState,Active,Project,*,-1,-1
2024-11-13T10:35:20.054-05:00,IdeState,Active,Project,*,-1,-1
2024-11-13T10:35:21.056-05:00,IdeState,Active,Project,*,-1,-1
2024-11-13T10:35:22.058-05:00,IdeState,Active,Project,*,-1,-1
2024-11-13T10:35:23.059-05:00,IdeState,Active,Project,*,-1,-1
2024-11-13T10:35:24.061-05:00,IdeState,Active,Project,*,-1,-1
2024-11-13T10:35:25.062-05:00,IdeState,Active,Project,*,-1,-1
2024-11-13T10:35:26.063-05:00,IdeState,Active,Project,*,-1,-1
2024-11-13T10:35:27.063-05:00,IdeState,Active,Project,*,-1,-1
2024-11-13T10:35:28.064-05:00,IdeState,Active,Project,*,-1,-1
2024-11-13T10:35:29.066-05:00,IdeState,Active,Project,*,-1,-1
2024-11-13T10:35:30.067-05:00,IdeState,Active,Project,*,-1,-1
2024-11-13T10:35:31.068-05:00,IdeState,Active,Project,*,-1,-1
2024-11-13T10:35:32.070-05:00,IdeState,Active,Project,*,-1,-1
2024-11-13T10:35:33.072-05:00,IdeState,Active,Project,*,-1,-1
2024-11-13T10:35:34.073-05:00,IdeState,Active,Project,*,-1,-1
2024-11-13T10:35:35.075-05:00,IdeState,Active,Project,*,-1,-1
2024-11-13T10:35:36.076-05:00,IdeState,Active,Project,*,-1,-1
2024-11-13T10:35:37.079-05:00,IdeState,Active,Project,*,-1,-1
2024-11-13T10:35:38.080-05:00,IdeState,Active,Project,*,-1,-1
2024-11-13T10:35:39.082-05:00,IdeState,Active,Project,*,-1,-1
2024-11-13T10:35:40.083-05:00,IdeState,Active,Project,*,-1,-1
2024-11-13T10:35:41.084-05:00,IdeState,Active,Project,*,-1,-1
2024-11-13T10:35:42.086-05:00,IdeState,Active,Project,*,-1,-1
2024-11-13T10:35:43.088-05:00,IdeState,Active,Project,*,-1,-1
2024-11-13T10:35:44.090-05:00,IdeState,Active,Project,*,-1,-1
2024-11-13T10:35:45.092-05:00,IdeState,Active,Project,*,-1,-1
2024-11-13T10:35:46.093-05:00,IdeState,Active,Project,*,-1,-1
2024-11-13T10:35:47.094-05:00,IdeState,Active,Project,*,-1,-1
2024-11-13T10:35:48.095-05:00,IdeState,Active,Project,*,-1,-1
2024-11-13T10:35:49.096-05:00,IdeState,Active,Project,*,-1,-1
2024-11-13T10:35:50.099-05:00,IdeState,Active,Project,*,-1,-1
2024-11-13T10:35:51.101-05:00,IdeState,Active,Project,*,-1,-1
2024-11-13T10:35:52.102-05:00,IdeState,Active,Project,*,-1,-1
2024-11-13T10:35:53.103-05:00,IdeState,Active,Project,*,-1,-1
2024-11-13T10:35:54.104-05:00,IdeState,Active,Project,*,-1,-1
2024-11-13T10:35:55.107-05:00,IdeState,Active,Project,*,-1,-1
2024-11-13T10:35:56.109-05:00,IdeState,Active,Project,*,-1,-1
2024-11-13T10:35:57.112-05:00,IdeState,Active,Project,*,-1,-1
2024-11-13T10:35:58.114-05:00,IdeState,Active,Project,*,-1,-1
2024-11-13T10:35:59.115-05:00,IdeState,Active,Project,*,-1,-1
2024-11-13T10:36:00.118-05:00,IdeState,Active,Project,*,-1,-1
2024-11-13T10:36:01.118-05:00,IdeState,Active,Project,*,-1,-1
2024-11-13T10:36:02.119-05:00,IdeState,Active,Project,*,-1,-1
2024-11-13T10:36:03.120-05:00,IdeState,Active,Project,*,-1,-1
2024-11-13T10:36:04.122-05:00,IdeState,Active,Project,*,-1,-1
2024-11-13T10:36:05.123-05:00,IdeState,Active,Project,*,-1,-1
2024-11-13T10:36:06.126-05:00,IdeState,Active,Project,*,-1,-1
2024-11-13T10:36:07.127-05:00,IdeState,Active,Project,*,-1,-1
2024-11-13T10:36:08.129-05:00,IdeState,Active,Project,*,-1,-1
2024-11-13T10:36:09.130-05:00,IdeState,Active,Project,*,-1,-1
2024-11-13T10:36:10.132-05:00,IdeState,Active,Project,*,-1,-1
2024-11-13T10:36:11.132-05:00,IdeState,Active,Project,*,-1,-1
2024-11-13T10:36:12.134-05:00,IdeState,Active,Project,*,-1,-1
2024-11-13T10:36:13.136-05:00,IdeState,Active,Project,*,-1,-1
2024-11-13T10:36:14.139-05:00,IdeState,Active,Project,*,-1,-1
2024-11-13T10:36:15.139-05:00,IdeState,Active,Project,*,-1,-1
2024-11-13T10:36:16.140-05:00,IdeState,Active,Project,*,-1,-1
2024-11-13T10:36:17.143-05:00,IdeState,Active,Project,*,-1,-1
2024-11-13T10:36:18.143-05:00,IdeState,Active,Project,*,-1,-1
2024-11-13T10:36:19.144-05:00,IdeState,Active,Project,*,-1,-1
2024-11-13T10:36:20.145-05:00,IdeState,Active,Project,*,-1,-1
2024-11-13T10:36:21.146-05:00,IdeState,Active,Project,*,-1,-1
2024-11-13T10:36:22.148-05:00,IdeState,Active,Project,*,-1,-1
2024-11-13T10:36:23.149-05:00,IdeState,Active,Project,*,-1,-1
2024-11-13T10:36:24.150-05:00,IdeState,Active,Project,*,-1,-1
2024-11-13T10:36:25.152-05:00,IdeState,Active,Project,*,-1,-1
2024-11-13T10:36:26.153-05:00,IdeState,Active,Project,*,-1,-1
2024-11-13T10:36:27.155-05:00,IdeState,Active,Project,*,-1,-1
2024-11-13T10:36:28.158-05:00,IdeState,Active,Project,*,-1,-1
2024-11-13T10:36:29.160-05:00,IdeState,Active,Project,*,-1,-1
2024-11-13T10:36:30.163-05:00,IdeState,Active,Project,*,-1,-1
2024-11-13T10:36:31.163-05:00,IdeState,Active,Project,*,-1,-1
2024-11-13T10:36:32.164-05:00,IdeState,Active,Project,*,-1,-1
2024-11-13T10:36:33.164-05:00,IdeState,Active,Project,*,-1,-1
2024-11-13T10:36:34.165-05:00,IdeState,Active,Project,*,-1,-1
2024-11-13T10:36:35.166-05:00,IdeState,Active,Project,*,-1,-1
2024-11-13T10:36:36.167-05:00,IdeState,Active,Project,*,-1,-1
2024-11-13T10:36:37.169-05:00,IdeState,Active,Project,*,-1,-1
2024-11-13T10:36:38.170-05:00,IdeState,Active,Project,*,-1,-1
2024-11-13T10:36:39.170-05:00,IdeState,Active,Project,*,-1,-1
2024-11-13T10:36:40.172-05:00,IdeState,Active,Project,*,-1,-1
2024-11-13T10:36:41.173-05:00,IdeState,Active,Project,*,-1,-1
2024-11-13T10:36:42.174-05:00,IdeState,Active,Project,*,-1,-1
2024-11-13T10:36:43.175-05:00,IdeState,Active,Project,*,-1,-1
2024-11-13T10:36:44.177-05:00,IdeState,Active,Project,*,-1,-1
2024-11-13T10:36:45.180-05:00,IdeState,Active,Project,*,-1,-1
2024-11-13T10:36:46.182-05:00,IdeState,Active,Project,*,-1,-1
2024-11-13T10:36:47.182-05:00,IdeState,Active,Project,*,-1,-1
2024-11-13T10:36:48.183-05:00,IdeState,Active,Project,*,-1,-1
2024-11-13T10:36:49.184-05:00,IdeState,Active,Project,*,-1,-1
2024-11-13T10:36:50.186-05:00,IdeState,Active,Project,*,-1,-1
2024-11-13T10:36:51.188-05:00,IdeState,Active,Project,*,-1,-1
2024-11-13T10:36:52.190-05:00,IdeState,Active,Project,*,-1,-1
2024-11-13T10:36:53.191-05:00,IdeState,Active,Project,*,-1,-1
2024-11-13T10:36:54.193-05:00,IdeState,Active,Project,*,-1,-1
2024-11-13T10:36:55.193-05:00,IdeState,Active,Project,*,-1,-1
2024-11-13T10:36:56.196-05:00,IdeState,Active,Project,*,-1,-1
2024-11-13T10:36:57.198-05:00,IdeState,Active,Project,*,-1,-1
2024-11-13T10:36:58.199-05:00,IdeState,Active,Project,*,-1,-1
2024-11-13T10:36:59.200-05:00,IdeState,Active,Project,*,-1,-1
2024-11-13T10:37:00.202-05:00,IdeState,Active,Project,*,-1,-1
2024-11-13T10:37:01.203-05:00,IdeState,Active,Project,*,-1,-1
2024-11-13T10:37:02.203-05:00,IdeState,Active,Project,*,-1,-1
2024-11-13T10:37:03.204-05:00,IdeState,Active,Project,*,-1,-1
2024-11-13T10:37:04.206-05:00,IdeState,Active,Project,*,-1,-1
2024-11-13T10:37:05.209-05:00,IdeState,Active,Project,*,-1,-1
2024-11-13T10:37:06.210-05:00,IdeState,Active,Project,*,-1,-1
2024-11-13T10:37:07.210-05:00,IdeState,Active,Project,*,-1,-1
2024-11-13T10:37:08.212-05:00,IdeState,Active,Project,*,-1,-1
2024-11-13T10:37:09.213-05:00,IdeState,Active,Project,*,-1,-1
2024-11-13T10:37:10.214-05:00,IdeState,Active,Project,*,-1,-1
2024-11-13T10:37:11.216-05:00,IdeState,Active,Project,*,-1,-1
2024-11-13T10:37:12.217-05:00,IdeState,Active,Project,*,-1,-1
2024-11-13T10:37:13.217-05:00,IdeState,Active,Project,*,-1,-1
2024-11-13T10:37:14.220-05:00,IdeState,Active,Project,*,-1,-1
2024-11-13T10:37:15.222-05:00,IdeState,Active,Project,*,-1,-1
2024-11-13T10:37:16.223-05:00,IdeState,Active,Project,*,-1,-1
2024-11-13T10:37:17.224-05:00,IdeState,Active,Project,*,-1,-1
2024-11-13T10:37:18.226-05:00,IdeState,Active,Project,*,-1,-1
2024-11-13T10:37:19.228-05:00,IdeState,Active,Project,*,-1,-1
2024-11-13T10:37:20.229-05:00,IdeState,Active,Project,*,-1,-1
2024-11-13T10:37:21.232-05:00,IdeState,Active,Project,*,-1,-1
2024-11-13T10:37:22.233-05:00,IdeState,Active,Project,*,-1,-1
2024-11-13T10:37:23.235-05:00,IdeState,Active,Project,*,-1,-1
2024-11-13T10:37:24.237-05:00,IdeState,Active,Project,*,-1,-1
2024-11-13T10:37:25.238-05:00,IdeState,Active,Project,*,-1,-1
2024-11-13T10:37:26.239-05:00,IdeState,Active,Project,*,-1,-1
2024-11-13T10:37:27.240-05:00,IdeState,Active,Project,*,-1,-1
2024-11-13T10:37:28.242-05:00,IdeState,Active,Project,*,-1,-1
2024-11-13T10:37:29.242-05:00,IdeState,Active,Project,*,-1,-1
2024-11-13T10:37:30.244-05:00,IdeState,Active,Project,*,-1,-1
2024-11-13T10:37:31.247-05:00,IdeState,Active,Project,*,-1,-1
2024-11-13T10:37:32.249-05:00,IdeState,Active,Project,*,-1,-1
2024-11-13T10:37:33.251-05:00,IdeState,Active,Project,*,-1,-1
2024-11-13T10:37:34.251-05:00,IdeState,Active,Project,*,-1,-1
2024-11-13T10:37:35.252-05:00,IdeState,Active,Project,*,-1,-1
2024-11-13T10:37:36.253-05:00,IdeState,Active,Project,*,-1,-1
2024-11-13T10:37:37.254-05:00,IdeState,Active,Project,*,-1,-1
2024-11-13T10:37:38.254-05:00,IdeState,Active,Project,*,-1,-1
2024-11-13T10:37:39.256-05:00,IdeState,Active,Project,*,-1,-1
2024-11-13T10:37:40.258-05:00,IdeState,Active,Project,*,-1,-1
2024-11-13T10:37:41.260-05:00,IdeState,Active,Project,*,-1,-1
2024-11-13T10:37:42.263-05:00,IdeState,Active,Project,*,-1,-1
2024-11-13T10:37:43.265-05:00,IdeState,Active,Project,*,-1,-1
2024-11-13T10:37:44.265-05:00,IdeState,Active,Project,*,-1,-1
2024-11-13T10:37:45.267-05:00,IdeState,Active,Project,*,-1,-1
2024-11-13T10:37:46.267-05:00,IdeState,Active,Project,*,-1,-1
2024-11-13T10:37:47.269-05:00,IdeState,Active,Project,*,-1,-1
2024-11-13T10:37:48.269-05:00,IdeState,Active,Project,*,-1,-1
2024-11-13T10:37:49.270-05:00,IdeState,Active,Project,*,-1,-1
2024-11-13T10:37:50.272-05:00,IdeState,Active,Project,*,-1,-1
2024-11-13T10:37:51.273-05:00,IdeState,Active,Project,*,-1,-1
2024-11-13T10:37:52.274-05:00,IdeState,Active,Project,*,-1,-1
2024-11-13T10:37:53.275-05:00,IdeState,Active,Project,*,-1,-1
2024-11-13T10:37:54.277-05:00,IdeState,Active,Project,*,-1,-1
2024-11-13T10:37:55.279-05:00,IdeState,Active,Project,*,-1,-1
2024-11-13T10:37:56.280-05:00,IdeState,Active,Project,*,-1,-1
2024-11-13T10:37:57.281-05:00,IdeState,Active,Project,*,-1,-1
2024-11-13T10:37:58.283-05:00,IdeState,Active,Project,*,-1,-1
2024-11-13T10:37:59.285-05:00,IdeState,Active,Project,*,-1,-1
2024-11-13T10:38:00.286-05:00,IdeState,Active,Project,*,-1,-1
2024-11-13T10:38:01.287-05:00,IdeState,Active,Project,*,-1,-1
2024-11-13T10:38:02.289-05:00,IdeState,Active,Project,*,-1,-1
2024-11-13T10:38:03.290-05:00,IdeState,Active,Project,*,-1,-1
2024-11-13T10:38:04.293-05:00,IdeState,Active,Project,*,-1,-1
2024-11-13T10:38:05.293-05:00,IdeState,Active,Project,*,-1,-1
2024-11-13T10:38:06.296-05:00,IdeState,Active,Project,*,-1,-1
2024-11-13T10:38:07.297-05:00,IdeState,Active,Project,*,-1,-1
2024-11-13T10:38:08.298-05:00,IdeState,Active,Project,*,-1,-1
2024-11-13T10:38:09.299-05:00,IdeState,Active,Project,*,-1,-1
2024-11-13T10:38:10.300-05:00,IdeState,Active,Project,*,-1,-1
2024-11-13T10:38:11.302-05:00,IdeState,Active,Project,*,-1,-1
2024-11-13T10:38:12.303-05:00,IdeState,Active,Project,*,-1,-1
2024-11-13T10:38:13.304-05:00,IdeState,Active,Project,*,-1,-1
2024-11-13T10:38:14.306-05:00,IdeState,Active,Project,*,-1,-1
2024-11-13T10:38:15.308-05:00,IdeState,Active,Project,*,-1,-1
2024-11-13T10:38:16.310-05:00,IdeState,Active,Project,*,-1,-1
2024-11-13T10:38:17.312-05:00,IdeState,Active,Project,*,-1,-1
2024-11-13T10:38:18.312-05:00,IdeState,Active,Project,*,-1,-1
2024-11-13T10:38:19.314-05:00,IdeState,Active,Project,*,-1,-1
2024-11-13T10:38:20.315-05:00,IdeState,Active,Project,*,-1,-1
2024-11-13T10:38:21.318-05:00,IdeState,Active,Project,*,-1,-1
2024-11-13T10:38:22.319-05:00,IdeState,Active,Project,*,-1,-1
2024-11-13T10:38:23.320-05:00,IdeState,Active,Project,*,-1,-1
2024-11-13T10:38:24.327-05:00,IdeState,Inactive,,*,-1,-1
2024-11-13T10:38:25.330-05:00,IdeState,Inactive,,*,-1,-1
2024-11-13T10:38:26.331-05:00,IdeState,Inactive,,*,-1,-1
2024-11-13T10:38:27.331-05:00,IdeState,Inactive,,*,-1,-1
2024-11-13T10:38:28.334-05:00,IdeState,Inactive,,*,-1,-1
2024-11-13T10:38:29.335-05:00,IdeState,Inactive,,*,-1,-1
2024-11-13T10:38:30.335-05:00,IdeState,Inactive,,*,-1,-1
2024-11-13T10:38:31.337-05:00,IdeState,Inactive,,*,-1,-1
2024-11-13T10:38:32.338-05:00,IdeState,Inactive,,*,-1,-1
2024-11-13T10:38:33.340-05:00,IdeState,Inactive,,*,-1,-1
2024-11-13T10:38:34.342-05:00,IdeState,Inactive,,*,-1,-1
2024-11-13T10:38:35.343-05:00,IdeState,Inactive,,*,-1,-1
2024-11-13T10:38:36.344-05:00,IdeState,Inactive,,*,-1,-1
2024-11-13T10:38:37.347-05:00,IdeState,Inactive,,*,-1,-1
2024-11-13T10:38:38.348-05:00,IdeState,Inactive,,*,-1,-1
2024-11-13T10:38:39.359-05:00,IdeState,Inactive,,*,-1,-1
2024-11-13T10:38:40.361-05:00,IdeState,Inactive,,*,-1,-1
2024-11-13T10:38:41.362-05:00,IdeState,Active,Project,*,-1,-1
2024-11-13T10:38:42.363-05:00,IdeState,Active,Project,*,-1,-1
2024-11-13T10:38:43.363-05:00,IdeState,Active,Project,*,-1,-1
2024-11-13T10:38:44.364-05:00,IdeState,Active,Project,*,-1,-1
2024-11-13T10:38:44.948-05:00,Action,SettingsEntryPoint,Project,*,-1,-1
2024-11-13T10:38:45.366-05:00,IdeState,Active,Project,*,-1,-1
2024-11-13T10:38:46.367-05:00,IdeState,Active,Project,*,-1,-1
2024-11-13T10:38:46.396-05:00,Action,WelcomeScreen.Plugins,,*,-1,-1
2024-11-13T10:38:48.206-05:00,IdeState,Active,Dialog,*,-1,-1
2024-11-13T10:38:49.207-05:00,IdeState,Active,Dialog,*,-1,-1
2024-11-13T10:38:50.207-05:00,IdeState,Inactive,,*,-1,-1
2024-11-13T10:38:51.208-05:00,IdeState,Inactive,,*,-1,-1
2024-11-13T10:38:52.409-05:00,IdeState,Active,Dialog,*,-1,-1
2024-11-13T10:38:53.410-05:00,IdeState,Active,Dialog,*,-1,-1
2024-11-13T10:38:54.411-05:00,IdeState,Active,Dialog,*,-1,-1
2024-11-13T10:38:55.412-05:00,IdeState,Active,Dialog,*,-1,-1
2024-11-13T10:38:56.414-05:00,IdeState,Active,Dialog,*,-1,-1
2024-11-13T10:38:57.414-05:00,IdeState,Active,Dialog,*,-1,-1
2024-11-13T10:38:58.415-05:00,IdeState,Active,Dialog,*,-1,-1
2024-11-13T10:38:59.417-05:00,IdeState,Active,Dialog,*,-1,-1
2024-11-13T10:39:00.418-05:00,IdeState,Active,Dialog,*,-1,-1
2024-11-13T10:39:01.419-05:00,IdeState,Active,Dialog,*,-1,-1
2024-11-13T10:39:02.421-05:00,IdeState,Active,Dialog,*,-1,-1
2024-11-13T10:39:03.422-05:00,IdeState,Active,Dialog,*,-1,-1
2024-11-13T10:39:04.422-05:00,IdeState,Active,Dialog,*,-1,-1
2024-11-13T10:39:05.423-05:00,IdeState,Active,Dialog,*,-1,-1
2024-11-13T10:39:06.425-05:00,IdeState,Active,Dialog,*,-1,-1
2024-11-13T10:39:07.425-05:00,IdeState,Active,Dialog,*,-1,-1
2024-11-13T10:39:08.427-05:00,IdeState,Active,Dialog,*,-1,-1
2024-11-13T10:39:09.427-05:00,IdeState,Active,Dialog,*,-1,-1
2024-11-13T10:39:10.429-05:00,IdeState,Active,Project,*,-1,-1
2024-11-13T10:39:11.429-05:00,IdeState,Active,Project,*,-1,-1
2024-11-13T10:39:12.429-05:00,IdeState,Active,Project,*,-1,-1
2024-11-13T10:39:13.430-05:00,IdeState,Active,Project,*,-1,-1
2024-11-13T10:39:14.432-05:00,IdeState,Active,Project,*,-1,-1
2024-11-13T10:39:15.433-05:00,IdeState,Active,Project,*,-1,-1
2024-11-13T10:39:16.434-05:00,IdeState,Active,Project,*,-1,-1
2024-11-13T10:39:17.434-05:00,IdeState,Active,tasktracker,*,-1,-1
2024-11-13T10:39:18.437-05:00,IdeState,Active,tasktracker,*,-1,-1
2024-11-13T10:39:19.438-05:00,IdeState,Active,tasktracker,*,-1,-1
2024-11-13T10:39:20.440-05:00,IdeState,Active,tasktracker,*,-1,-1
2024-11-13T10:39:21.440-05:00,IdeState,Active,tasktracker,*,-1,-1
2024-11-13T10:39:22.440-05:00,IdeState,Active,tasktracker,*,-1,-1
2024-11-13T10:39:23.441-05:00,IdeState,Active,tasktracker,*,-1,-1
2024-11-13T10:39:24.442-05:00,IdeState,Active,tasktracker,*,-1,-1
2024-11-13T10:39:25.443-05:00,IdeState,Active,tasktracker,*,-1,-1
2024-11-13T10:39:26.444-05:00,IdeState,Active,tasktracker,*,-1,-1
2024-11-13T10:39:27.550-05:00,IdeState,Active,Project,*,-1,-1
2024-11-13T10:39:28.554-05:00,IdeState,Active,Project,*,-1,-1
2024-11-13T10:39:29.554-05:00,IdeState,Active,Project,*,-1,-1
2024-11-13T10:39:30.556-05:00,IdeState,Active,Project,*,-1,-1
2024-11-13T10:39:31.557-05:00,IdeState,Active,Project,*,-1,-1
2024-11-13T10:39:32.559-05:00,IdeState,Active,Project,*,-1,-1
2024-11-13T10:39:33.559-05:00,IdeState,Active,Project,*,-1,-1
2024-11-13T10:39:34.561-05:00,IdeState,Active,Project,*,-1,-1
2024-11-13T10:39:35.564-05:00,IdeState,Active,Project,*,-1,-1
2024-11-13T10:39:36.565-05:00,IdeState,Active,Project,*,-1,-1
2024-11-13T10:39:37.573-05:00,IdeState,Active,Project,*,-1,-1
2024-11-13T10:39:38.573-05:00,IdeState,Active,Project,*,-1,-1
2024-11-13T10:39:39.574-05:00,IdeState,Active,Project,*,-1,-1
2024-11-13T10:39:40.575-05:00,IdeState,Active,Project,*,-1,-1
2024-11-13T10:39:42.055-05:00,IdeState,Active,Project,*,-1,-1
2024-11-13T10:39:43.056-05:00,IdeState,Active,Editor,brackets.py,2,19
2024-11-13T10:39:44.058-05:00,IdeState,Active,Dialog,brackets.py,2,19
2024-11-13T10:39:45.063-05:00,IdeState,Active,Editor,brackets.py,2,19
2024-11-13T10:39:46.065-05:00,IdeState,Active,tasktracker,brackets.py,2,19
2024-11-13T10:39:47.068-05:00,IdeState,Active,tasktracker,brackets.py,2,19
2024-11-13T10:39:48.069-05:00,IdeState,Active,tasktracker,brackets.py,2,19
2024-11-13T10:39:49.070-05:00,IdeState,Active,tasktracker,brackets.py,2,19
2024-11-13T10:39:50.070-05:00,IdeState,Active,Editor,brackets.py,2,19
2024-11-13T10:39:51.071-05:00,IdeState,Active,Editor,brackets.py,2,24
2024-11-13T10:39:51.872-05:00,Action,EditorBackSpace,Editor,brackets.py,2,25
2024-11-13T10:39:51.982-05:00,Action,EditorBackSpace,Editor,brackets.py,2,24
2024-11-13T10:39:52.072-05:00,IdeState,Active,Editor,brackets.py,2,23
2024-11-13T10:39:52.126-05:00,Action,EditorBackSpace,Editor,brackets.py,2,23
2024-11-13T10:39:53.072-05:00,IdeState,Active,Editor,brackets.py,2,22
2024-11-13T10:39:54.073-05:00,IdeState,Active,Editor,brackets.py,2,22
2024-11-13T10:39:54.240-05:00,Action,EditorEnter,Editor,brackets.py,2,22
2024-11-13T10:39:55.074-05:00,IdeState,Active,Editor,brackets.py,3,0
2024-11-13T10:39:56.074-05:00,IdeState,Active,Editor,brackets.py,3,0
2024-11-13T10:39:57.076-05:00,IdeState,Active,Editor,brackets.py,3,0
2024-11-13T10:39:58.078-05:00,IdeState,Active,Editor,brackets.py,3,1
2024-11-13T10:39:59.079-05:00,IdeState,Active,Editor,brackets.py,3,6
2024-11-13T10:40:00.080-05:00,IdeState,Active,Editor,brackets.py,3,10
2024-11-13T10:40:00.166-05:00,Action,EditorBackSpace,Editor,brackets.py,3,10
2024-11-13T10:40:00.326-05:00,Action,EditorBackSpace,Editor,brackets.py,3,9
2024-11-13T10:40:01.083-05:00,IdeState,Active,Editor,brackets.py,3,13
2024-11-13T10:40:01.702-05:00,Action,EditorBackSpace,Editor,brackets.py,3,16
2024-11-13T10:40:01.829-05:00,Action,EditorBackSpace,Editor,brackets.py,3,15
2024-11-13T10:40:01.965-05:00,Action,EditorBackSpace,Editor,brackets.py,3,14
2024-11-13T10:40:02.085-05:00,IdeState,Active,Editor,brackets.py,3,13
2024-11-13T10:40:02.109-05:00,Action,EditorBackSpace,Editor,brackets.py,3,13
2024-11-13T10:40:03.085-05:00,IdeState,Active,Editor,brackets.py,3,18
2024-11-13T10:40:04.086-05:00,IdeState,Active,Editor,brackets.py,3,18
2024-11-13T10:40:05.087-05:00,IdeState,Active,Editor,brackets.py,3,18
2024-11-13T10:40:06.089-05:00,IdeState,Active,Editor,brackets.py,3,18
2024-11-13T10:40:07.095-05:00,IdeState,Active,Editor,brackets.py,3,18
2024-11-13T10:40:08.097-05:00,IdeState,Active,Editor,brackets.py,3,18
2024-11-13T10:40:09.100-05:00,IdeState,Active,Editor,brackets.py,3,18
2024-11-13T10:40:10.100-05:00,IdeState,Active,Editor,brackets.py,3,18
2024-11-13T10:40:11.102-05:00,IdeState,Active,Editor,brackets.py,3,18
2024-11-13T10:40:12.103-05:00,IdeState,Active,Editor,brackets.py,3,18
2024-11-13T10:40:13.103-05:00,IdeState,Active,Editor,brackets.py,3,18
2024-11-13T10:40:14.104-05:00,IdeState,Active,Editor,brackets.py,3,18
2024-11-13T10:40:15.107-05:00,IdeState,Active,Editor,brackets.py,3,18
2024-11-13T10:40:16.108-05:00,IdeState,Active,Editor,brackets.py,3,18
2024-11-13T10:40:17.109-05:00,IdeState,Active,Editor,brackets.py,3,18
2024-11-13T10:40:18.109-05:00,IdeState,Active,Editor,brackets.py,3,18
2024-11-13T10:40:19.110-05:00,IdeState,Active,Editor,brackets.py,3,18
2024-11-13T10:40:20.111-05:00,IdeState,Active,Editor,brackets.py,3,18
2024-11-13T10:40:21.112-05:00,IdeState,Active,Editor,brackets.py,3,18
2024-11-13T10:40:22.113-05:00,IdeState,Active,Editor,brackets.py,3,18
2024-11-13T10:40:23.113-05:00,IdeState,Active,Editor,brackets.py,3,18
2024-11-13T10:40:24.115-05:00,IdeState,Active,Editor,brackets.py,3,18
2024-11-13T10:40:25.117-05:00,IdeState,Active,tasktracker,brackets.py,3,18
2024-11-13T10:40:26.118-05:00,IdeState,Active,Project,brackets.py,3,18
2024-11-13T10:40:27.119-05:00,IdeState,Active,tasktracker,brackets.py,3,18
2024-11-13T10:40:28.123-05:00,IdeState,Active,tasktracker,brackets.py,3,18
2024-11-13T10:40:29.123-05:00,IdeState,Active,tasktracker,brackets.py,3,18
2024-11-13T10:40:30.125-05:00,IdeState,Active,tasktracker,brackets.py,3,18
2024-11-13T10:40:31.126-05:00,IdeState,Active,tasktracker,brackets.py,3,18
2024-11-13T10:40:32.126-05:00,IdeState,Active,tasktracker,brackets.py,3,18
2024-11-13T10:40:33.127-05:00,IdeState,Active,tasktracker,brackets.py,3,18
2024-11-13T10:40:34.128-05:00,IdeState,Active,tasktracker,brackets.py,3,18
2024-11-13T10:40:35.129-05:00,IdeState,Active,tasktracker,brackets.py,3,18
2024-11-13T10:40:36.130-05:00,IdeState,Active,tasktracker,brackets.py,3,18
2024-11-13T10:40:37.131-05:00,IdeState,Active,Editor,brackets.py,3,20
2024-11-13T10:40:38.133-05:00,IdeState,Active,Editor,brackets.py,3,20
2024-11-13T10:40:39.135-05:00,IdeState,Active,Editor,brackets.py,3,20
2024-11-13T10:40:40.136-05:00,IdeState,Active,Editor,brackets.py,3,20
2024-11-13T10:40:41.137-05:00,IdeState,Active,Editor,brackets.py,3,20
2024-11-13T10:40:42.138-05:00,IdeState,Active,Editor,brackets.py,3,20
2024-11-13T10:40:43.138-05:00,IdeState,Active,Editor,brackets.py,3,20
2024-11-13T10:40:44.139-05:00,IdeState,Active,Editor,brackets.py,3,20
2024-11-13T10:40:45.140-05:00,IdeState,Active,Editor,brackets.py,3,20
2024-11-13T10:40:46.141-05:00,IdeState,Active,Editor,brackets.py,3,20
2024-11-13T10:40:47.143-05:00,IdeState,Active,Editor,brackets.py,3,20
2024-11-13T10:40:48.143-05:00,IdeState,Active,Editor,brackets.py,3,20
2024-11-13T10:40:49.144-05:00,IdeState,Active,Editor,brackets.py,3,20
2024-11-13T10:40:50.145-05:00,IdeState,Active,Editor,brackets.py,3,20
2024-11-13T10:40:51.146-05:00,IdeState,Active,Editor,brackets.py,3,20
2024-11-13T10:40:52.146-05:00,IdeState,Active,Editor,brackets.py,3,20
2024-11-13T10:40:53.148-05:00,IdeState,Active,Editor,brackets.py,3,20
2024-11-13T10:40:54.149-05:00,IdeState,Active,Editor,brackets.py,3,20
2024-11-13T10:40:55.150-05:00,IdeState,Active,Editor,brackets.py,3,20
2024-11-13T10:40:56.151-05:00,IdeState,Active,Editor,brackets.py,3,20
2024-11-13T10:40:57.152-05:00,IdeState,Active,Editor,brackets.py,3,20
2024-11-13T10:40:58.153-05:00,IdeState,Active,Editor,brackets.py,3,20
2024-11-13T10:40:59.155-05:00,IdeState,Active,Editor,brackets.py,3,20
2024-11-13T10:41:00.156-05:00,IdeState,Active,Editor,brackets.py,3,20
2024-11-13T10:41:01.158-05:00,IdeState,Active,Editor,brackets.py,3,20
2024-11-13T10:41:02.159-05:00,IdeState,Active,Editor,brackets.py,3,20
2024-11-13T10:41:03.159-05:00,IdeState,Active,Editor,brackets.py,3,20
2024-11-13T10:41:04.160-05:00,IdeState,Active,Editor,brackets.py,3,20
2024-11-13T10:41:05.161-05:00,IdeState,Active,Editor,brackets.py,3,20
2024-11-13T10:41:06.162-05:00,IdeState,Active,Editor,brackets.py,3,20
2024-11-13T10:41:07.162-05:00,IdeState,Active,Editor,brackets.py,3,20
2024-11-13T10:41:08.163-05:00,IdeState,Active,Editor,brackets.py,3,20
2024-11-13T10:41:09.163-05:00,IdeState,Active,Project,brackets.py,3,20
2024-11-13T10:41:10.164-05:00,IdeState,Active,tasktracker,brackets.py,3,20
2024-11-13T10:41:11.164-05:00,IdeState,Active,tasktracker,brackets.py,3,20
2024-11-13T10:41:12.168-05:00,IdeState,Active,Editor,is_zero.py,0,0
2024-11-13T10:41:13.170-05:00,IdeState,Active,Editor,is_zero.py,2,22
2024-11-13T10:41:14.170-05:00,IdeState,Active,Editor,is_zero.py,2,22
2024-11-13T10:41:15.172-05:00,IdeState,Active,Editor,is_zero.py,2,22
2024-11-13T10:41:16.174-05:00,IdeState,Active,Editor,is_zero.py,2,22
2024-11-13T10:41:17.174-05:00,IdeState,Active,Editor,is_zero.py,2,22
2024-11-13T10:41:18.176-05:00,IdeState,Active,Editor,is_zero.py,2,22
2024-11-13T10:41:19.176-05:00,IdeState,Active,Editor,is_zero.py,2,22
2024-11-13T10:41:20.177-05:00,IdeState,Active,Editor,is_zero.py,2,22
2024-11-13T10:41:21.178-05:00,IdeState,Active,Editor,is_zero.py,2,22
2024-11-13T10:41:22.178-05:00,IdeState,Active,Editor,is_zero.py,2,22
2024-11-13T10:41:23.179-05:00,IdeState,Active,Editor,is_zero.py,2,22
2024-11-13T10:41:24.182-05:00,IdeState,Active,Editor,is_zero.py,2,22
2024-11-13T10:41:25.183-05:00,IdeState,Active,Editor,is_zero.py,2,22
2024-11-13T10:41:26.195-05:00,IdeState,Active,Project,is_zero.py,2,22
2024-11-13T10:41:27.196-05:00,IdeState,Active,tasktracker,is_zero.py,2,22
2024-11-13T10:41:28.198-05:00,IdeState,Active,tasktracker,is_zero.py,2,22
2024-11-13T10:41:29.198-05:00,IdeState,Active,Editor,brackets.py,3,20
2024-11-13T10:41:30.200-05:00,IdeState,Active,Editor,brackets.py,3,20
2024-11-13T10:41:31.201-05:00,IdeState,Active,Editor,brackets.py,3,20
2024-11-13T10:41:31.613-05:00,Action,EditorEnter,Editor,brackets.py,3,20
2024-11-13T10:41:32.205-05:00,IdeState,Active,Editor,brackets.py,4,3
2024-11-13T10:41:32.823-05:00,Action,EditorBackSpace,Editor,brackets.py,4,4
2024-11-13T10:41:32.991-05:00,Action,EditorBackSpace,Editor,brackets.py,4,3
2024-11-13T10:41:33.197-05:00,Action,EditorBackSpace,Editor,brackets.py,4,2
2024-11-13T10:41:33.218-05:00,IdeState,Active,Editor,brackets.py,4,1
2024-11-13T10:41:33.774-05:00,Action,EditorBackSpace,Editor,brackets.py,4,1
2024-11-13T10:41:34.219-05:00,IdeState,Active,Editor,brackets.py,4,0
2024-11-13T10:41:35.220-05:00,IdeState,Active,Editor,brackets.py,4,0
2024-11-13T10:41:36.222-05:00,IdeState,Active,Editor,brackets.py,4,0
2024-11-13T10:41:37.223-05:00,IdeState,Active,Editor,brackets.py,4,0
2024-11-13T10:41:37.257-05:00,Action,Run,Editor,brackets.py,4,0
2024-11-13T10:41:37.864-05:00,Execution,"Run:'Python: brackets':C:\Users\Daniel\PycharmProjects\pythonProject\.venv\Scripts\python.exe C:\Users\Daniel\PycharmProjects\pythonProject\tasktracker\python\brackets.py ",Editor,brackets.py,4,0
2024-11-13T10:41:38.225-05:00,IdeState,Active,Editor,brackets.py,4,0
2024-11-13T10:41:39.229-05:00,IdeState,Active,Editor,brackets.py,4,0
2024-11-13T10:41:40.231-05:00,IdeState,Active,Editor,brackets.py,3,0
2024-11-13T10:41:40.574-05:00,Action,EditorCopy,Editor,brackets.py,3,0
2024-11-13T10:41:41.232-05:00,IdeState,Active,Editor,brackets.py,4,0
2024-11-13T10:41:41.427-05:00,Action,EditorPaste,Editor,brackets.py,4,0
2024-11-13T10:41:42.233-05:00,IdeState,Active,Editor,brackets.py,4,20
2024-11-13T10:41:43.235-05:00,IdeState,Active,Editor,brackets.py,4,20
2024-11-13T10:41:44.237-05:00,IdeState,Active,Editor,brackets.py,4,20
2024-11-13T10:41:45.237-05:00,IdeState,Active,Editor,brackets.py,4,20
2024-11-13T10:41:46.239-05:00,IdeState,Active,Editor,brackets.py,4,20
2024-11-13T10:41:47.242-05:00,IdeState,Active,Editor,brackets.py,4,20
2024-11-13T10:41:48.243-05:00,IdeState,Active,Editor,brackets.py,4,20
2024-11-13T10:41:49.244-05:00,IdeState,Active,Editor,brackets.py,4,20
