2024-11-07T11:54:21.234-05:00,IdeState,Active,Editor,pies.py,3,18
2024-11-07T11:54:22.236-05:00,IdeState,Active,Editor,pies.py,3,18
2024-11-07T11:54:23.237-05:00,IdeState,Active,Editor,is_zero.py,28,15
2024-11-07T11:54:24.251-05:00,IdeState,Active,Editor,is_zero.py,28,15
2024-11-07T11:54:25.254-05:00,IdeState,Inactive,,*,-1,-1
2024-11-07T11:54:26.256-05:00,IdeState,Active,Dialog,is_zero.py,28,15
2024-11-07T11:54:27.257-05:00,IdeState,Active,Dialog,is_zero.py,28,15
2024-11-07T11:54:28.259-05:00,IdeState,Active,Dialog,is_zero.py,28,15
2024-11-07T11:54:29.261-05:00,IdeState,Active,Editor,is_zero.py,28,15
2024-11-07T11:54:30.262-05:00,IdeState,Active,Editor,is_zero.py,28,15
2024-11-07T11:54:31.264-05:00,IdeState,Inactive,,*,-1,-1
2024-11-07T11:54:32.265-05:00,IdeState,Inactive,,*,-1,-1
2024-11-07T11:54:33.267-05:00,IdeState,Inactive,,*,-1,-1
2024-11-07T11:54:34.273-05:00,IdeState,Inactive,,*,-1,-1
2024-11-07T11:54:35.273-05:00,IdeState,Inactive,,*,-1,-1
2024-11-07T11:54:36.277-05:00,IdeState,Inactive,,*,-1,-1
2024-11-07T11:54:37.289-05:00,IdeState,Inactive,,*,-1,-1
2024-11-07T11:54:38.304-05:00,IdeState,Inactive,,*,-1,-1
2024-11-07T11:54:39.311-05:00,IdeState,Inactive,,*,-1,-1
2024-11-07T11:54:40.323-05:00,IdeState,Inactive,,*,-1,-1
2024-11-07T11:54:41.339-05:00,IdeState,Inactive,,*,-1,-1
2024-11-07T11:54:42.352-05:00,IdeState,Inactive,,*,-1,-1
2024-11-07T11:54:43.373-05:00,IdeState,Inactive,,*,-1,-1
2024-11-07T11:54:44.385-05:00,IdeState,Inactive,,*,-1,-1
2024-11-07T11:54:45.397-05:00,IdeState,Inactive,,*,-1,-1
2024-11-07T11:54:46.404-05:00,IdeState,Inactive,,*,-1,-1
2024-11-07T11:54:47.421-05:00,IdeState,Inactive,,*,-1,-1
2024-11-07T11:54:48.435-05:00,IdeState,Inactive,,*,-1,-1
2024-11-07T11:54:49.448-05:00,IdeState,Inactive,,*,-1,-1
2024-11-07T11:54:50.457-05:00,IdeState,Inactive,,*,-1,-1
2024-11-07T11:54:51.469-05:00,IdeState,Inactive,,*,-1,-1
2024-11-07T11:54:52.482-05:00,IdeState,Inactive,,*,-1,-1
2024-11-07T11:54:53.490-05:00,IdeState,Inactive,,*,-1,-1
2024-11-07T11:54:54.499-05:00,IdeState,Inactive,,*,-1,-1
2024-11-07T11:54:55.508-05:00,IdeState,Inactive,,*,-1,-1
2024-11-07T11:54:56.524-05:00,IdeState,Inactive,,*,-1,-1
2024-11-07T11:54:57.540-05:00,IdeState,Inactive,,*,-1,-1
2024-11-07T11:54:58.553-05:00,IdeState,Inactive,,*,-1,-1
2024-11-07T11:54:59.568-05:00,IdeState,Inactive,,*,-1,-1
2024-11-07T11:55:00.580-05:00,IdeState,Inactive,,*,-1,-1
2024-11-07T11:55:01.592-05:00,IdeState,Inactive,,*,-1,-1
2024-11-07T11:55:02.606-05:00,IdeState,Inactive,,*,-1,-1
2024-11-07T11:55:03.877-05:00,IdeState,Inactive,,*,-1,-1
2024-11-07T11:55:04.893-05:00,IdeState,Inactive,,*,-1,-1
2024-11-07T11:55:05.910-05:00,IdeState,Inactive,,*,-1,-1
2024-11-07T11:55:06.924-05:00,IdeState,Inactive,,*,-1,-1
2024-11-07T11:55:07.937-05:00,IdeState,Inactive,,*,-1,-1
2024-11-07T11:55:08.955-05:00,IdeState,Inactive,,*,-1,-1
2024-11-07T11:55:09.961-05:00,IdeState,Inactive,,*,-1,-1
2024-11-07T11:55:10.963-05:00,IdeState,Inactive,,*,-1,-1
2024-11-07T11:55:11.970-05:00,IdeState,Inactive,,*,-1,-1
2024-11-07T11:55:12.976-05:00,IdeState,Inactive,,*,-1,-1
2024-11-07T11:55:13.988-05:00,IdeState,Inactive,,*,-1,-1
2024-11-07T11:55:14.990-05:00,IdeState,Inactive,,*,-1,-1
2024-11-07T11:55:15.992-05:00,IdeState,Inactive,,*,-1,-1
2024-11-07T11:55:17.002-05:00,IdeState,Inactive,,*,-1,-1
2024-11-07T11:55:18.010-05:00,IdeState,Inactive,,*,-1,-1
2024-11-07T11:55:19.020-05:00,IdeState,Inactive,,*,-1,-1
2024-11-07T11:55:20.031-05:00,IdeState,Active,Editor,is_zero.py,28,15
2024-11-07T11:55:20.951-05:00,Action,SettingsEntryPoint,Editor,is_zero.py,28,15
2024-11-07T11:55:21.178-05:00,IdeState,Active,Popup,is_zero.py,28,15
2024-11-07T11:55:22.193-05:00,IdeState,Active,Popup,is_zero.py,28,15
2024-11-07T11:55:22.201-05:00,Action,WelcomeScreen.Plugins,,*,-1,-1
2024-11-07T11:55:23.718-05:00,IdeState,Active,Dialog,is_zero.py,28,15
2024-11-07T11:55:24.720-05:00,IdeState,Active,Dialog,is_zero.py,28,15
2024-11-07T11:55:25.722-05:00,IdeState,Active,Dialog,is_zero.py,28,15
2024-11-07T11:55:26.723-05:00,IdeState,Active,Dialog,is_zero.py,28,15
2024-11-07T11:55:27.724-05:00,IdeState,Inactive,,*,-1,-1
2024-11-07T11:55:28.725-05:00,IdeState,Active,Dialog,is_zero.py,28,15
2024-11-07T11:55:29.726-05:00,IdeState,Active,Dialog,is_zero.py,28,15
2024-11-07T11:55:31.005-05:00,IdeState,Active,Dialog,is_zero.py,28,15
2024-11-07T11:55:37.698-05:00,IdeState,Active,Editor,is_zero.py,28,15
2024-11-07T11:55:38.699-05:00,IdeState,Active,Dialog,is_zero.py,28,15
2024-11-07T11:55:39.699-05:00,IdeState,Active,Dialog,is_zero.py,28,15
2024-11-07T11:55:40.700-05:00,IdeState,Active,Dialog,is_zero.py,28,15
2024-11-07T11:55:48.609-05:00,IdeState,NoProject,,*,-1,-1
2024-11-07T11:55:49.898-05:00,IdeState,Active,Popup,*,-1,-1
2024-11-07T11:55:51.095-05:00,IdeState,Active,Popup,*,-1,-1
2024-11-07T11:55:52.210-05:00,IdeState,Active,Editor,is_zero.py,28,15
2024-11-07T11:55:53.221-05:00,IdeState,Active,Editor,is_zero.py,28,15
2024-11-07T11:55:54.238-05:00,IdeState,Active,Editor,is_zero.py,28,15
2024-11-07T11:55:55.332-05:00,IdeState,Active,Project,is_zero.py,28,15
2024-11-07T11:55:56.339-05:00,IdeState,Active,Project,is_zero.py,28,15
2024-11-07T11:55:57.355-05:00,IdeState,Active,Project,is_zero.py,28,15
2024-11-07T11:55:58.401-05:00,IdeState,Active,Project,is_zero.py,28,15
2024-11-07T11:55:58.910-05:00,Action,$Delete,Project,is_zero.py,28,15
2024-11-07T11:55:59.402-05:00,IdeState,Active,Dialog,is_zero.py,28,15
2024-11-07T11:56:00.407-05:00,IdeState,Active,Dialog,is_zero.py,28,15
2024-11-07T11:56:01.409-05:00,IdeState,Active,Dialog,is_zero.py,28,15
2024-11-07T11:56:02.410-05:00,IdeState,Active,Dialog,is_zero.py,28,15
2024-11-07T11:56:03.452-05:00,IdeState,Active,Project,*,0,0
2024-11-07T11:56:04.459-05:00,IdeState,Inactive,,*,-1,-1
2024-11-07T11:56:05.462-05:00,IdeState,Inactive,,*,-1,-1
2024-11-07T11:56:06.522-05:00,IdeState,Inactive,,*,-1,-1
2024-11-07T11:56:07.526-05:00,IdeState,Inactive,,*,-1,-1
2024-11-07T11:56:08.532-05:00,IdeState,Inactive,,*,-1,-1
2024-11-07T11:56:09.546-05:00,IdeState,Inactive,,*,-1,-1
2024-11-07T11:56:10.945-05:00,IdeState,Inactive,,*,-1,-1
2024-11-07T11:56:12.234-05:00,IdeState,Inactive,,*,-1,-1
2024-11-07T11:56:13.249-05:00,IdeState,Inactive,,*,-1,-1
2024-11-07T11:56:14.251-05:00,IdeState,Inactive,,*,-1,-1
2024-11-07T11:56:15.264-05:00,IdeState,Inactive,,*,-1,-1
2024-11-07T11:56:16.278-05:00,IdeState,Inactive,,*,-1,-1
2024-11-07T11:56:17.287-05:00,IdeState,Inactive,,*,-1,-1
2024-11-07T11:56:18.344-05:00,IdeState,Inactive,,*,-1,-1
2024-11-07T11:56:19.350-05:00,IdeState,Inactive,,*,-1,-1
2024-11-07T11:56:20.453-05:00,IdeState,Inactive,,*,-1,-1
2024-11-07T11:56:21.477-05:00,IdeState,Inactive,,*,-1,-1
2024-11-07T11:56:22.492-05:00,IdeState,Inactive,,*,-1,-1
2024-11-07T11:56:23.501-05:00,IdeState,Inactive,,*,-1,-1
2024-11-07T11:56:24.519-05:00,IdeState,Inactive,,*,-1,-1
2024-11-07T11:56:25.533-05:00,IdeState,Inactive,,*,-1,-1
2024-11-07T11:56:26.547-05:00,IdeState,Inactive,,*,-1,-1
2024-11-07T11:56:27.699-05:00,IdeState,Inactive,,*,-1,-1
2024-11-07T11:56:28.795-05:00,IdeState,Inactive,,*,-1,-1
2024-11-07T11:56:29.813-05:00,IdeState,Inactive,,*,-1,-1
2024-11-07T11:56:30.817-05:00,IdeState,Inactive,,*,-1,-1
2024-11-07T11:56:31.822-05:00,IdeState,Inactive,,*,-1,-1
2024-11-07T11:56:32.843-05:00,IdeState,Inactive,,*,-1,-1
2024-11-07T11:56:33.858-05:00,IdeState,Inactive,,*,-1,-1
2024-11-07T11:56:34.866-05:00,IdeState,Inactive,,*,-1,-1
2024-11-07T11:56:35.879-05:00,IdeState,Inactive,,*,-1,-1
2024-11-07T11:56:36.891-05:00,IdeState,Inactive,,*,-1,-1
2024-11-07T11:56:37.909-05:00,IdeState,Inactive,,*,-1,-1
2024-11-07T11:56:38.925-05:00,IdeState,Inactive,,*,-1,-1
2024-11-07T11:56:39.931-05:00,IdeState,Inactive,,*,-1,-1
2024-11-07T11:56:40.939-05:00,IdeState,Inactive,,*,-1,-1
2024-11-07T11:56:41.953-05:00,IdeState,Inactive,,*,-1,-1
2024-11-07T11:56:42.961-05:00,IdeState,Inactive,,*,-1,-1
2024-11-07T11:56:43.971-05:00,IdeState,Inactive,,*,-1,-1
2024-11-07T11:56:44.988-05:00,IdeState,Inactive,,*,-1,-1
2024-11-07T11:56:45.992-05:00,IdeState,Inactive,,*,-1,-1
2024-11-07T11:56:47.014-05:00,IdeState,Inactive,,*,-1,-1
2024-11-07T11:56:48.145-05:00,IdeState,Inactive,,*,-1,-1
2024-11-07T11:56:49.152-05:00,IdeState,Inactive,,*,-1,-1
2024-11-07T11:56:50.155-05:00,IdeState,Inactive,,*,-1,-1
2024-11-07T11:56:51.167-05:00,IdeState,Inactive,,*,-1,-1
2024-11-07T11:56:52.173-05:00,IdeState,Inactive,,*,-1,-1
2024-11-07T11:56:53.185-05:00,IdeState,Inactive,,*,-1,-1
2024-11-07T11:56:54.189-05:00,IdeState,Inactive,,*,-1,-1
2024-11-07T11:56:55.196-05:00,IdeState,Inactive,,*,-1,-1
2024-11-07T11:56:56.210-05:00,IdeState,Inactive,,*,-1,-1
2024-11-07T11:56:57.226-05:00,IdeState,Inactive,,*,-1,-1
2024-11-07T11:56:58.227-05:00,IdeState,Inactive,,*,-1,-1
2024-11-07T11:56:59.241-05:00,IdeState,Inactive,,*,-1,-1
2024-11-07T11:57:00.249-05:00,IdeState,Inactive,,*,-1,-1
2024-11-07T11:57:01.262-05:00,IdeState,Inactive,,*,-1,-1
2024-11-07T11:57:02.275-05:00,IdeState,Inactive,,*,-1,-1
2024-11-07T11:57:03.290-05:00,IdeState,Inactive,,*,-1,-1
2024-11-07T11:57:04.309-05:00,IdeState,Inactive,,*,-1,-1
2024-11-07T11:57:05.403-05:00,IdeState,Inactive,,*,-1,-1
2024-11-07T11:57:06.414-05:00,IdeState,Inactive,,*,-1,-1
2024-11-07T11:57:07.421-05:00,IdeState,Inactive,,*,-1,-1
2024-11-07T11:57:08.436-05:00,IdeState,Inactive,,*,-1,-1
2024-11-07T11:57:09.451-05:00,IdeState,Inactive,,*,-1,-1
2024-11-07T11:57:10.462-05:00,IdeState,Inactive,,*,-1,-1
2024-11-07T11:57:11.464-05:00,IdeState,Inactive,,*,-1,-1
2024-11-07T11:57:12.476-05:00,IdeState,Inactive,,*,-1,-1
2024-11-07T11:57:13.487-05:00,IdeState,Inactive,,*,-1,-1
2024-11-07T11:57:14.502-05:00,IdeState,Inactive,,*,-1,-1
2024-11-07T11:57:15.596-05:00,IdeState,Inactive,,*,-1,-1
2024-11-07T11:57:16.627-05:00,IdeState,Inactive,,*,-1,-1
2024-11-07T11:57:17.643-05:00,IdeState,Inactive,,*,-1,-1
2024-11-07T11:57:18.654-05:00,IdeState,Inactive,,*,-1,-1
2024-11-07T11:57:19.667-05:00,IdeState,Inactive,,*,-1,-1
2024-11-07T11:57:20.683-05:00,IdeState,Inactive,,*,-1,-1
2024-11-07T11:57:21.702-05:00,IdeState,Inactive,,*,-1,-1
2024-11-07T11:57:22.714-05:00,IdeState,Inactive,,*,-1,-1
2024-11-07T11:57:23.729-05:00,IdeState,Inactive,,*,-1,-1
2024-11-07T11:57:24.745-05:00,IdeState,Inactive,,*,-1,-1
2024-11-07T11:57:25.753-05:00,IdeState,Inactive,,*,-1,-1
2024-11-07T11:57:26.767-05:00,IdeState,Inactive,,*,-1,-1
2024-11-07T11:57:27.782-05:00,IdeState,Inactive,,*,-1,-1
2024-11-07T11:57:28.798-05:00,IdeState,Inactive,,*,-1,-1
2024-11-07T11:57:29.803-05:00,IdeState,Inactive,,*,-1,-1
2024-11-07T11:57:30.808-05:00,IdeState,Inactive,,*,-1,-1
2024-11-07T11:57:31.824-05:00,IdeState,Inactive,,*,-1,-1
2024-11-07T11:57:32.828-05:00,IdeState,Inactive,,*,-1,-1
2024-11-07T11:57:33.838-05:00,IdeState,Inactive,,*,-1,-1
2024-11-07T11:57:34.853-05:00,IdeState,Inactive,,*,-1,-1
2024-11-07T11:57:35.865-05:00,IdeState,Inactive,,*,-1,-1
2024-11-07T11:57:36.879-05:00,IdeState,Inactive,,*,-1,-1
2024-11-07T11:57:37.893-05:00,IdeState,Inactive,,*,-1,-1
2024-11-07T11:57:38.906-05:00,IdeState,Inactive,,*,-1,-1
2024-11-07T11:57:39.907-05:00,IdeState,Inactive,,*,-1,-1
2024-11-07T11:57:40.921-05:00,IdeState,Inactive,,*,-1,-1
2024-11-07T11:57:41.936-05:00,IdeState,Inactive,,*,-1,-1
2024-11-07T11:57:42.945-05:00,IdeState,Inactive,,*,-1,-1
2024-11-07T11:57:43.948-05:00,IdeState,Inactive,,*,-1,-1
2024-11-07T11:57:44.951-05:00,IdeState,Inactive,,*,-1,-1
2024-11-07T11:57:45.969-05:00,IdeState,Inactive,,*,-1,-1
2024-11-07T11:57:46.983-05:00,IdeState,Inactive,,*,-1,-1
2024-11-07T11:57:47.994-05:00,IdeState,Inactive,,*,-1,-1
2024-11-07T11:57:48.998-05:00,IdeState,Inactive,,*,-1,-1
2024-11-07T11:57:50.011-05:00,IdeState,Inactive,,*,-1,-1
2024-11-07T11:57:51.028-05:00,IdeState,Inactive,,*,-1,-1
2024-11-07T11:57:52.031-05:00,IdeState,Inactive,,*,-1,-1
2024-11-07T11:57:53.036-05:00,IdeState,Inactive,,*,-1,-1
2024-11-07T11:57:54.049-05:00,IdeState,Inactive,,*,-1,-1
2024-11-07T11:57:55.062-05:00,IdeState,Inactive,,*,-1,-1
2024-11-07T11:57:56.077-05:00,IdeState,Inactive,,*,-1,-1
2024-11-07T11:57:57.112-05:00,IdeState,Inactive,,*,-1,-1
2024-11-07T11:57:58.129-05:00,IdeState,Inactive,,*,-1,-1
2024-11-07T11:57:59.140-05:00,IdeState,Inactive,,*,-1,-1
2024-11-07T11:58:00.158-05:00,IdeState,Inactive,,*,-1,-1
2024-11-07T11:58:01.163-05:00,IdeState,Inactive,,*,-1,-1
2024-11-07T11:58:02.164-05:00,IdeState,Inactive,,*,-1,-1
2024-11-07T11:58:03.180-05:00,IdeState,Inactive,,*,-1,-1
2024-11-07T11:58:04.194-05:00,IdeState,Inactive,,*,-1,-1
2024-11-07T11:58:05.209-05:00,IdeState,Inactive,,*,-1,-1
2024-11-07T11:58:06.223-05:00,IdeState,Inactive,,*,-1,-1
2024-11-07T11:58:07.238-05:00,IdeState,Inactive,,*,-1,-1
2024-11-07T11:58:08.254-05:00,IdeState,Inactive,,*,-1,-1
2024-11-07T11:58:09.267-05:00,IdeState,Inactive,,*,-1,-1
2024-11-07T11:58:10.271-05:00,IdeState,Inactive,,*,-1,-1
2024-11-07T11:58:11.282-05:00,IdeState,Inactive,,*,-1,-1
2024-11-07T11:58:12.296-05:00,IdeState,Inactive,,*,-1,-1
2024-11-07T11:58:13.306-05:00,IdeState,Inactive,,*,-1,-1
2024-11-07T11:58:14.318-05:00,IdeState,Inactive,,*,-1,-1
2024-11-07T11:58:15.318-05:00,IdeState,Inactive,,*,-1,-1
2024-11-07T11:58:16.323-05:00,IdeState,Inactive,,*,-1,-1
2024-11-07T11:58:17.334-05:00,IdeState,Inactive,,*,-1,-1
2024-11-07T11:58:18.349-05:00,IdeState,Inactive,,*,-1,-1
2024-11-07T11:58:19.360-05:00,IdeState,Inactive,,*,-1,-1
2024-11-07T11:58:20.378-05:00,IdeState,Inactive,,*,-1,-1
2024-11-07T11:58:21.388-05:00,IdeState,Inactive,,*,-1,-1
2024-11-07T11:58:22.402-05:00,IdeState,Inactive,,*,-1,-1
2024-11-07T11:58:23.420-05:00,IdeState,Inactive,,*,-1,-1
2024-11-07T11:58:24.431-05:00,IdeState,Inactive,,*,-1,-1
2024-11-07T11:58:25.447-05:00,IdeState,Inactive,,*,-1,-1
2024-11-07T11:58:26.459-05:00,IdeState,Inactive,,*,-1,-1
2024-11-07T11:58:27.467-05:00,IdeState,Inactive,,*,-1,-1
2024-11-07T11:58:28.482-05:00,IdeState,Inactive,,*,-1,-1
2024-11-07T11:58:29.494-05:00,IdeState,Inactive,,*,-1,-1
2024-11-07T11:58:30.508-05:00,IdeState,Inactive,,*,-1,-1
2024-11-07T11:58:31.524-05:00,IdeState,Inactive,,*,-1,-1
2024-11-07T11:58:32.527-05:00,IdeState,Inactive,,*,-1,-1
2024-11-07T11:58:33.537-05:00,IdeState,Inactive,,*,-1,-1
2024-11-07T11:58:34.556-05:00,IdeState,Inactive,,*,-1,-1
2024-11-07T11:58:35.572-05:00,IdeState,Inactive,,*,-1,-1
2024-11-07T11:58:36.585-05:00,IdeState,Inactive,,*,-1,-1
2024-11-07T11:58:37.598-05:00,IdeState,Inactive,,*,-1,-1
2024-11-07T11:58:38.611-05:00,IdeState,Inactive,,*,-1,-1
2024-11-07T11:58:39.622-05:00,IdeState,Inactive,,*,-1,-1
2024-11-07T11:58:40.637-05:00,IdeState,Inactive,,*,-1,-1
2024-11-07T11:58:41.643-05:00,IdeState,Inactive,,*,-1,-1
2024-11-07T11:58:42.653-05:00,IdeState,Inactive,,*,-1,-1
2024-11-07T11:58:43.665-05:00,IdeState,Inactive,,*,-1,-1
2024-11-07T11:58:44.668-05:00,IdeState,Inactive,,*,-1,-1
2024-11-07T11:58:45.671-05:00,IdeState,Inactive,,*,-1,-1
2024-11-07T11:58:46.687-05:00,IdeState,Inactive,,*,-1,-1
2024-11-07T11:58:47.757-05:00,IdeState,Inactive,,*,-1,-1
2024-11-07T11:58:48.763-05:00,IdeState,Inactive,,*,-1,-1
2024-11-07T11:58:49.774-05:00,IdeState,Inactive,,*,-1,-1
2024-11-07T11:58:50.789-05:00,IdeState,Inactive,,*,-1,-1
2024-11-07T11:58:51.792-05:00,IdeState,Inactive,,*,-1,-1
2024-11-07T11:58:52.803-05:00,IdeState,Inactive,,*,-1,-1
2024-11-07T11:58:53.816-05:00,IdeState,Active,Project,*,0,0
2024-11-07T11:58:54.821-05:00,IdeState,Active,Project,*,0,0
2024-11-07T11:58:55.824-05:00,IdeState,Active,Project,*,0,0
2024-11-07T11:58:56.840-05:00,IdeState,Active,Project,*,0,0
2024-11-07T11:58:57.854-05:00,IdeState,Active,Project,*,0,0
2024-11-07T11:58:58.868-05:00,IdeState,Active,Project,*,0,0
2024-11-07T11:58:59.882-05:00,IdeState,Active,Popup,*,0,0
2024-11-07T11:59:00.896-05:00,IdeState,Active,Popup,*,0,0
2024-11-07T11:59:01.939-05:00,IdeState,Active,Dialog,*,0,0
2024-11-07T11:59:02.951-05:00,IdeState,Active,Dialog,*,0,0
2024-11-07T11:59:03.987-05:00,IdeState,Active,Popup,*,-1,-1
2024-11-07T11:59:05.012-05:00,IdeState,Active,Project,*,-1,-1
2024-11-07T11:59:06.025-05:00,IdeState,Active,Project,*,-1,-1
2024-11-07T11:59:07.037-05:00,IdeState,Active,Project,*,-1,-1
2024-11-07T11:59:07.429-05:00,Action,SettingsEntryPoint,Project,*,-1,-1
2024-11-07T11:59:08.045-05:00,IdeState,Active,Project,*,-1,-1
2024-11-07T11:59:08.953-05:00,Action,WelcomeScreen.Plugins,,*,-1,-1
2024-11-07T11:59:10.242-05:00,IdeState,Active,Dialog,*,-1,-1
2024-11-07T11:59:11.268-05:00,IdeState,Active,Dialog,*,-1,-1
2024-11-07T11:59:12.271-05:00,IdeState,Inactive,,*,-1,-1
2024-11-07T11:59:13.330-05:00,IdeState,Active,Dialog,*,-1,-1
2024-11-07T11:59:14.343-05:00,IdeState,Active,Dialog,*,-1,-1
2024-11-07T11:59:15.351-05:00,IdeState,Active,Dialog,*,-1,-1
2024-11-07T11:59:16.359-05:00,IdeState,Active,Dialog,*,-1,-1
2024-11-07T11:59:17.360-05:00,IdeState,Active,Dialog,*,-1,-1
2024-11-07T11:59:18.375-05:00,IdeState,Active,Dialog,*,-1,-1
2024-11-07T11:59:19.380-05:00,IdeState,Active,Dialog,*,-1,-1
2024-11-07T11:59:20.389-05:00,IdeState,Active,Dialog,*,-1,-1
2024-11-07T11:59:21.435-05:00,IdeState,Active,Dialog,*,-1,-1
2024-11-07T11:59:22.851-05:00,IdeState,Active,Project,*,-1,-1
2024-11-07T11:59:23.866-05:00,IdeState,Active,Project,*,-1,-1
2024-11-07T11:59:24.868-05:00,IdeState,Active,Project,*,-1,-1
2024-11-07T11:59:25.869-05:00,IdeState,Active,Project,*,-1,-1
2024-11-07T11:59:26.872-05:00,IdeState,Active,Project,*,-1,-1
2024-11-07T11:59:27.872-05:00,IdeState,Inactive,,*,-1,-1
2024-11-07T11:59:28.874-05:00,IdeState,Active,Project,*,-1,-1
2024-11-07T11:59:33.014-05:00,IdeState,Inactive,,*,-1,-1
2024-11-07T11:59:34.053-05:00,IdeState,Active,Popup,*,-1,-1
2024-11-07T11:59:36.218-05:00,IdeState,Active,Popup,*,-1,-1
2024-11-07T11:59:37.743-05:00,IdeState,Active,Project,*,-1,-1
2024-11-07T11:59:38.838-05:00,IdeState,Active,Project,*,-1,-1
2024-11-07T11:59:39.978-05:00,IdeState,Active,Project,*,-1,-1
2024-11-07T11:59:41.745-05:00,IdeState,Active,Project,*,-1,-1
2024-11-07T11:59:43.087-05:00,IdeState,Active,Project,*,-1,-1
2024-11-07T11:59:44.457-05:00,IdeState,Active,Project,*,-1,-1
2024-11-07T11:59:45.472-05:00,IdeState,Active,Project,*,-1,-1
2024-11-07T11:59:46.483-05:00,IdeState,Active,Project,*,-1,-1
2024-11-07T11:59:47.501-05:00,IdeState,Active,Project,*,-1,-1
2024-11-07T11:59:48.595-05:00,IdeState,Active,Project,*,-1,-1
2024-11-07T11:59:49.635-05:00,IdeState,Active,Project,*,-1,-1
2024-11-07T11:59:50.741-05:00,IdeState,Active,Project,*,-1,-1
2024-11-07T11:59:51.790-05:00,IdeState,Active,Project,*,-1,-1
2024-11-07T11:59:52.807-05:00,IdeState,Active,Project,*,-1,-1
2024-11-07T11:59:53.811-05:00,IdeState,Active,Project,*,-1,-1
2024-11-07T11:59:54.820-05:00,IdeState,Active,Project,*,-1,-1
2024-11-07T11:59:55.834-05:00,IdeState,Active,Project,*,-1,-1
2024-11-07T11:59:56.841-05:00,IdeState,Active,Project,*,-1,-1
2024-11-07T11:59:57.856-05:00,IdeState,Active,Project,*,-1,-1
2024-11-07T11:59:58.897-05:00,IdeState,Active,Project,*,-1,-1
2024-11-07T11:59:59.909-05:00,IdeState,Active,Project,*,-1,-1
2024-11-07T12:00:00.919-05:00,IdeState,Active,Project,*,-1,-1
2024-11-07T12:00:01.933-05:00,IdeState,Active,Project,*,-1,-1
2024-11-07T12:00:02.947-05:00,IdeState,Active,Project,*,-1,-1
2024-11-07T12:00:03.954-05:00,IdeState,Active,Project,*,-1,-1
2024-11-07T12:00:04.963-05:00,IdeState,Active,Project,*,-1,-1
2024-11-07T12:00:05.977-05:00,IdeState,Active,Project,*,-1,-1
2024-11-07T12:00:06.989-05:00,IdeState,Active,Project,*,-1,-1
2024-11-07T12:00:08.005-05:00,IdeState,Active,Project,*,-1,-1
2024-11-07T12:00:09.015-05:00,IdeState,Active,Project,*,-1,-1
2024-11-07T12:00:10.029-05:00,IdeState,Active,Project,*,-1,-1
2024-11-07T12:00:11.041-05:00,IdeState,Active,Project,*,-1,-1
2024-11-07T12:00:12.056-05:00,IdeState,Active,Project,*,-1,-1
2024-11-07T12:00:13.071-05:00,IdeState,Active,Project,*,-1,-1
2024-11-07T12:00:14.079-05:00,IdeState,Active,Project,*,-1,-1
2024-11-07T12:00:15.096-05:00,IdeState,Active,Project,*,-1,-1
2024-11-07T12:00:16.108-05:00,IdeState,Active,Project,*,-1,-1
2024-11-07T12:00:17.121-05:00,IdeState,Active,Project,*,-1,-1
2024-11-07T12:00:18.134-05:00,IdeState,Active,Project,*,-1,-1
2024-11-07T12:00:19.151-05:00,IdeState,Active,Project,*,-1,-1
2024-11-07T12:00:20.164-05:00,IdeState,Active,Project,*,-1,-1
2024-11-07T12:00:21.227-05:00,IdeState,Active,Project,*,-1,-1
2024-11-07T12:00:22.239-05:00,IdeState,Active,Project,*,-1,-1
2024-11-07T12:00:23.256-05:00,IdeState,Active,Project,*,-1,-1
2024-11-07T12:00:24.280-05:00,IdeState,Active,Project,*,-1,-1
2024-11-07T12:00:25.296-05:00,IdeState,Active,Project,*,-1,-1
2024-11-07T12:00:26.302-05:00,IdeState,Active,Project,*,-1,-1
2024-11-07T12:00:27.318-05:00,IdeState,Active,Project,*,-1,-1
2024-11-07T12:00:28.335-05:00,IdeState,Active,Project,*,-1,-1
2024-11-07T12:00:29.352-05:00,IdeState,Active,Project,*,-1,-1
2024-11-07T12:00:30.369-05:00,IdeState,Active,Project,*,-1,-1
2024-11-07T12:00:31.373-05:00,IdeState,Active,Project,*,-1,-1
2024-11-07T12:00:32.391-05:00,IdeState,Active,Project,*,-1,-1
2024-11-07T12:00:33.404-05:00,IdeState,Active,Project,*,-1,-1
2024-11-07T12:00:34.416-05:00,IdeState,Active,Project,*,-1,-1
2024-11-07T12:00:35.429-05:00,IdeState,Active,Project,*,-1,-1
2024-11-07T12:00:36.441-05:00,IdeState,Active,Project,*,-1,-1
2024-11-07T12:00:37.457-05:00,IdeState,Active,Project,*,-1,-1
2024-11-07T12:00:38.470-05:00,IdeState,Active,Project,*,-1,-1
2024-11-07T12:00:40.023-05:00,IdeState,Active,Project,*,-1,-1
2024-11-07T12:00:41.045-05:00,IdeState,Active,Project,*,-1,-1
2024-11-07T12:00:42.047-05:00,IdeState,Active,Project,*,-1,-1
2024-11-07T12:00:43.057-05:00,IdeState,Active,Project,*,-1,-1
2024-11-07T12:00:44.068-05:00,IdeState,Active,Project,*,-1,-1
2024-11-07T12:00:45.069-05:00,IdeState,Active,Project,*,-1,-1
2024-11-07T12:00:46.079-05:00,IdeState,Active,Project,*,-1,-1
2024-11-07T12:00:47.096-05:00,IdeState,Active,Project,*,-1,-1
2024-11-07T12:00:48.107-05:00,IdeState,Active,Project,*,-1,-1
2024-11-07T12:00:49.119-05:00,IdeState,Active,Project,*,-1,-1
2024-11-07T12:00:50.131-05:00,IdeState,Active,Project,*,-1,-1
2024-11-07T12:00:51.135-05:00,IdeState,Active,Project,*,-1,-1
2024-11-07T12:00:52.208-05:00,IdeState,Active,Project,*,-1,-1
2024-11-07T12:00:53.219-05:00,IdeState,Active,Project,*,-1,-1
2024-11-07T12:00:54.230-05:00,IdeState,Active,Project,*,-1,-1
2024-11-07T12:00:55.244-05:00,IdeState,Active,Project,*,-1,-1
2024-11-07T12:00:56.251-05:00,IdeState,Active,Project,*,-1,-1
2024-11-07T12:00:57.265-05:00,IdeState,Active,Project,*,-1,-1
2024-11-07T12:00:58.280-05:00,IdeState,Active,Project,*,-1,-1
2024-11-07T12:00:59.324-05:00,IdeState,Active,Project,*,-1,-1
2024-11-07T12:01:00.331-05:00,IdeState,Active,Project,*,-1,-1
2024-11-07T12:01:01.345-05:00,IdeState,Active,Project,*,-1,-1
2024-11-07T12:01:02.363-05:00,IdeState,Active,Project,*,-1,-1
2024-11-07T12:01:03.377-05:00,IdeState,Active,Project,*,-1,-1
2024-11-07T12:01:04.389-05:00,IdeState,Active,Project,*,-1,-1
2024-11-07T12:01:05.391-05:00,IdeState,Active,Project,*,-1,-1
2024-11-07T12:01:06.401-05:00,IdeState,Active,Project,*,-1,-1
2024-11-07T12:01:07.408-05:00,IdeState,Active,Project,*,-1,-1
2024-11-07T12:01:08.423-05:00,IdeState,Active,tasktracker,*,-1,-1
2024-11-07T12:01:09.431-05:00,IdeState,Active,tasktracker,*,-1,-1
2024-11-07T12:01:10.432-05:00,IdeState,Active,tasktracker,*,-1,-1
2024-11-07T12:01:11.434-05:00,IdeState,Active,tasktracker,*,-1,-1
2024-11-07T12:01:12.434-05:00,IdeState,Inactive,,*,-1,-1
2024-11-07T12:01:49.394-05:00,IdeState,NoProject,,*,-1,-1
2024-11-07T12:01:51.083-05:00,IdeState,Active,Popup,*,-1,-1
2024-11-07T12:01:52.234-05:00,IdeState,Active,Project,*,-1,-1
2024-11-07T12:01:53.236-05:00,IdeState,Active,Project,*,-1,-1
2024-11-07T12:01:54.237-05:00,IdeState,Active,Project,*,-1,-1
2024-11-07T12:01:55.239-05:00,IdeState,Active,tasktracker,*,-1,-1
2024-11-07T12:01:56.242-05:00,IdeState,Active,tasktracker,*,-1,-1
2024-11-07T12:01:57.249-05:00,IdeState,Active,tasktracker,*,-1,-1
2024-11-07T12:01:58.251-05:00,IdeState,Active,tasktracker,*,-1,-1
2024-11-07T12:01:59.264-05:00,IdeState,Active,tasktracker,*,-1,-1
2024-11-07T12:02:00.281-05:00,IdeState,Active,tasktracker,*,-1,-1
2024-11-07T12:02:01.298-05:00,IdeState,Active,tasktracker,*,-1,-1
2024-11-07T12:02:02.299-05:00,IdeState,Active,tasktracker,*,-1,-1
2024-11-07T12:02:03.302-05:00,IdeState,Active,tasktracker,*,-1,-1
2024-11-07T12:02:04.303-05:00,IdeState,Active,tasktracker,*,-1,-1
2024-11-07T12:02:05.725-05:00,IdeState,Active,Project,*,-1,-1
2024-11-07T12:02:06.758-05:00,IdeState,Active,Project,*,-1,-1
2024-11-07T12:02:07.759-05:00,IdeState,Active,Project,*,-1,-1
2024-11-07T12:02:08.761-05:00,IdeState,Active,Project,*,-1,-1
2024-11-07T12:02:09.763-05:00,IdeState,Inactive,,*,-1,-1
2024-11-07T12:02:10.769-05:00,IdeState,Inactive,,*,-1,-1
2024-11-07T12:02:11.771-05:00,IdeState,Inactive,,*,-1,-1
2024-11-07T12:02:12.772-05:00,IdeState,Inactive,,*,-1,-1
2024-11-07T12:02:13.773-05:00,IdeState,Inactive,,*,-1,-1
2024-11-07T12:02:14.775-05:00,IdeState,Active,Project,*,-1,-1
2024-11-07T12:02:15.777-05:00,IdeState,Active,Project,*,-1,-1
2024-11-07T12:02:16.778-05:00,IdeState,Inactive,,*,-1,-1
2024-11-07T12:02:17.780-05:00,IdeState,Inactive,,*,-1,-1
2024-11-07T12:02:18.782-05:00,IdeState,Inactive,,*,-1,-1
2024-11-07T12:02:19.784-05:00,IdeState,Inactive,,*,-1,-1
2024-11-07T12:02:20.785-05:00,IdeState,Inactive,,*,-1,-1
2024-11-07T12:02:21.785-05:00,IdeState,Inactive,,*,-1,-1
2024-11-07T12:02:22.789-05:00,IdeState,Inactive,,*,-1,-1
2024-11-07T12:02:23.798-05:00,IdeState,Inactive,,*,-1,-1
2024-11-07T12:02:24.809-05:00,IdeState,Inactive,,*,-1,-1
2024-11-07T12:02:25.822-05:00,IdeState,Inactive,,*,-1,-1
2024-11-07T12:02:26.837-05:00,IdeState,Inactive,,*,-1,-1
2024-11-07T12:02:27.849-05:00,IdeState,Inactive,,*,-1,-1
2024-11-07T12:02:28.857-05:00,IdeState,Inactive,,*,-1,-1
2024-11-07T12:02:29.867-05:00,IdeState,Inactive,,*,-1,-1
2024-11-07T12:02:30.881-05:00,IdeState,Inactive,,*,-1,-1
2024-11-07T12:02:31.894-05:00,IdeState,Inactive,,*,-1,-1
2024-11-07T12:02:32.899-05:00,IdeState,Inactive,,*,-1,-1
2024-11-07T12:02:33.925-05:00,IdeState,Inactive,,*,-1,-1
2024-11-07T12:02:34.932-05:00,IdeState,Inactive,,*,-1,-1
2024-11-07T12:02:35.937-05:00,IdeState,Inactive,,*,-1,-1
2024-11-07T12:02:36.947-05:00,IdeState,Inactive,,*,-1,-1
2024-11-07T12:02:37.947-05:00,IdeState,Inactive,,*,-1,-1
2024-11-07T12:02:38.955-05:00,IdeState,Inactive,,*,-1,-1
2024-11-07T12:02:39.968-05:00,IdeState,Inactive,,*,-1,-1
2024-11-07T12:02:40.979-05:00,IdeState,Inactive,,*,-1,-1
2024-11-07T12:02:41.990-05:00,IdeState,Inactive,,*,-1,-1
2024-11-07T12:02:42.998-05:00,IdeState,Inactive,,*,-1,-1
2024-11-07T12:02:44.011-05:00,IdeState,Active,Project,*,-1,-1
2024-11-07T12:02:45.020-05:00,IdeState,Inactive,,*,-1,-1
2024-11-07T12:02:46.037-05:00,IdeState,Inactive,,*,-1,-1
2024-11-07T12:02:47.048-05:00,IdeState,Inactive,,*,-1,-1
2024-11-07T12:02:48.059-05:00,IdeState,Inactive,,*,-1,-1
2024-11-07T12:02:49.061-05:00,IdeState,Inactive,,*,-1,-1
2024-11-07T12:02:50.063-05:00,IdeState,Inactive,,*,-1,-1
2024-11-07T12:02:51.075-05:00,IdeState,Inactive,,*,-1,-1
2024-11-07T12:02:52.086-05:00,IdeState,Inactive,,*,-1,-1
2024-11-07T12:02:53.103-05:00,IdeState,Inactive,,*,-1,-1
2024-11-07T12:02:54.116-05:00,IdeState,Inactive,,*,-1,-1
2024-11-07T12:02:55.131-05:00,IdeState,Inactive,,*,-1,-1
2024-11-07T12:02:56.142-05:00,IdeState,Inactive,,*,-1,-1
2024-11-07T12:02:57.154-05:00,IdeState,Inactive,,*,-1,-1
2024-11-07T12:02:58.166-05:00,IdeState,Inactive,,*,-1,-1
2024-11-07T12:02:59.172-05:00,IdeState,Inactive,,*,-1,-1
2024-11-07T12:03:00.181-05:00,IdeState,Inactive,,*,-1,-1
2024-11-07T12:03:01.194-05:00,IdeState,Inactive,,*,-1,-1
2024-11-07T12:03:02.198-05:00,IdeState,Inactive,,*,-1,-1
2024-11-07T12:03:03.200-05:00,IdeState,Active,Project,*,-1,-1
2024-11-07T12:03:04.208-05:00,IdeState,Active,Project,*,-1,-1
2024-11-07T12:03:05.261-05:00,IdeState,Inactive,,*,-1,-1
2024-11-07T12:03:06.275-05:00,IdeState,Inactive,,*,-1,-1
2024-11-07T12:03:07.287-05:00,IdeState,Inactive,,*,-1,-1
2024-11-07T12:03:08.302-05:00,IdeState,Inactive,,*,-1,-1
2024-11-07T12:03:09.316-05:00,IdeState,Inactive,,*,-1,-1
2024-11-07T12:03:10.328-05:00,IdeState,Inactive,,*,-1,-1
2024-11-07T12:03:11.328-05:00,IdeState,Inactive,,*,-1,-1
2024-11-07T12:03:12.335-05:00,IdeState,Inactive,,*,-1,-1
2024-11-07T12:03:13.338-05:00,IdeState,Inactive,,*,-1,-1
2024-11-07T12:03:14.352-05:00,IdeState,Inactive,,*,-1,-1
2024-11-07T12:03:15.356-05:00,IdeState,Inactive,,*,-1,-1
2024-11-07T12:03:16.368-05:00,IdeState,Inactive,,*,-1,-1
2024-11-07T12:03:17.380-05:00,IdeState,Inactive,,*,-1,-1
2024-11-07T12:03:18.384-05:00,IdeState,Inactive,,*,-1,-1
2024-11-07T12:03:19.392-05:00,IdeState,Inactive,,*,-1,-1
2024-11-07T12:03:20.403-05:00,IdeState,Inactive,,*,-1,-1
2024-11-07T12:03:21.407-05:00,IdeState,Inactive,,*,-1,-1
2024-11-07T12:03:22.415-05:00,IdeState,Inactive,,*,-1,-1
2024-11-07T12:03:23.430-05:00,IdeState,Inactive,,*,-1,-1
2024-11-07T12:03:24.437-05:00,IdeState,Inactive,,*,-1,-1
2024-11-07T12:03:25.448-05:00,IdeState,Inactive,,*,-1,-1
2024-11-07T12:03:26.454-05:00,IdeState,Inactive,,*,-1,-1
2024-11-07T12:03:27.474-05:00,IdeState,Inactive,,*,-1,-1
2024-11-07T12:03:28.487-05:00,IdeState,Inactive,,*,-1,-1
2024-11-07T12:03:29.500-05:00,IdeState,Inactive,,*,-1,-1
2024-11-07T12:03:30.508-05:00,IdeState,Inactive,,*,-1,-1
2024-11-07T12:03:31.524-05:00,IdeState,Inactive,,*,-1,-1
2024-11-07T12:03:32.536-05:00,IdeState,Inactive,,*,-1,-1
2024-11-07T12:03:33.550-05:00,IdeState,Inactive,,*,-1,-1
2024-11-07T12:03:34.559-05:00,IdeState,Inactive,,*,-1,-1
2024-11-07T12:03:35.572-05:00,IdeState,Inactive,,*,-1,-1
2024-11-07T12:03:36.587-05:00,IdeState,Inactive,,*,-1,-1
2024-11-07T12:03:37.597-05:00,IdeState,Inactive,,*,-1,-1
2024-11-07T12:03:38.599-05:00,IdeState,Inactive,,*,-1,-1
2024-11-07T12:03:39.611-05:00,IdeState,Inactive,,*,-1,-1
2024-11-07T12:03:40.627-05:00,IdeState,Inactive,,*,-1,-1
2024-11-07T12:03:41.638-05:00,IdeState,Inactive,,*,-1,-1
2024-11-07T12:03:42.649-05:00,IdeState,Inactive,,*,-1,-1
2024-11-07T12:03:43.658-05:00,IdeState,Inactive,,*,-1,-1
2024-11-07T12:03:44.660-05:00,IdeState,Inactive,,*,-1,-1
2024-11-07T12:03:45.673-05:00,IdeState,Inactive,,*,-1,-1
2024-11-07T12:03:46.677-05:00,IdeState,Inactive,,*,-1,-1
2024-11-07T12:03:47.683-05:00,IdeState,Inactive,,*,-1,-1
2024-11-07T12:03:48.699-05:00,IdeState,Inactive,,*,-1,-1
2024-11-07T12:03:49.710-05:00,IdeState,Inactive,,*,-1,-1
2024-11-07T12:03:50.722-05:00,IdeState,Inactive,,*,-1,-1
2024-11-07T12:03:51.732-05:00,IdeState,Inactive,,*,-1,-1
2024-11-07T12:03:52.740-05:00,IdeState,Inactive,,*,-1,-1
2024-11-07T12:03:53.755-05:00,IdeState,Inactive,,*,-1,-1
2024-11-07T12:03:54.773-05:00,IdeState,Inactive,,*,-1,-1
2024-11-07T12:03:55.780-05:00,IdeState,Inactive,,*,-1,-1
2024-11-07T12:03:56.787-05:00,IdeState,Inactive,,*,-1,-1
2024-11-07T12:03:57.796-05:00,IdeState,Inactive,,*,-1,-1
2024-11-07T12:03:58.798-05:00,IdeState,Inactive,,*,-1,-1
2024-11-07T12:03:59.809-05:00,IdeState,Inactive,,*,-1,-1
2024-11-07T12:04:00.812-05:00,IdeState,Inactive,,*,-1,-1
2024-11-07T12:04:01.873-05:00,IdeState,Inactive,,*,-1,-1
2024-11-07T12:04:02.884-05:00,IdeState,Inactive,,*,-1,-1
2024-11-07T12:04:03.898-05:00,IdeState,Inactive,,*,-1,-1
2024-11-07T12:04:04.912-05:00,IdeState,Inactive,,*,-1,-1
2024-11-07T12:04:05.927-05:00,IdeState,Inactive,,*,-1,-1
2024-11-07T12:04:06.935-05:00,IdeState,Inactive,,*,-1,-1
2024-11-07T12:04:07.949-05:00,IdeState,Inactive,,*,-1,-1
2024-11-07T12:04:08.950-05:00,IdeState,Inactive,,*,-1,-1
2024-11-07T12:04:09.961-05:00,IdeState,Inactive,,*,-1,-1
2024-11-07T12:04:10.971-05:00,IdeState,Inactive,,*,-1,-1
2024-11-07T12:04:11.973-05:00,IdeState,Active,Project,*,-1,-1
2024-11-07T12:04:12.977-05:00,IdeState,Active,Project,*,-1,-1
2024-11-07T12:04:13.991-05:00,IdeState,Active,Project,*,-1,-1
2024-11-07T12:04:15.001-05:00,IdeState,Inactive,,*,-1,-1
2024-11-07T12:04:16.013-05:00,IdeState,Inactive,,*,-1,-1
2024-11-07T12:04:17.024-05:00,IdeState,Inactive,,*,-1,-1
2024-11-07T12:04:18.035-05:00,IdeState,Inactive,,*,-1,-1
2024-11-07T12:04:19.051-05:00,IdeState,Inactive,,*,-1,-1
2024-11-07T12:04:20.056-05:00,IdeState,Inactive,,*,-1,-1
2024-11-07T12:04:21.067-05:00,IdeState,Inactive,,*,-1,-1
2024-11-07T12:04:22.080-05:00,IdeState,Inactive,,*,-1,-1
2024-11-07T12:04:23.094-05:00,IdeState,Inactive,,*,-1,-1
2024-11-07T12:04:24.101-05:00,IdeState,Inactive,,*,-1,-1
2024-11-07T12:04:25.108-05:00,IdeState,Inactive,,*,-1,-1
2024-11-07T12:04:26.120-05:00,IdeState,Inactive,,*,-1,-1
2024-11-07T12:04:27.127-05:00,IdeState,Inactive,,*,-1,-1
2024-11-07T12:04:28.138-05:00,IdeState,Inactive,,*,-1,-1
2024-11-07T12:04:29.144-05:00,IdeState,Inactive,,*,-1,-1
2024-11-07T12:04:30.157-05:00,IdeState,Inactive,,*,-1,-1
2024-11-07T12:04:31.169-05:00,IdeState,Inactive,,*,-1,-1
2024-11-07T12:04:32.180-05:00,IdeState,Inactive,,*,-1,-1
2024-11-07T12:04:33.188-05:00,IdeState,Inactive,,*,-1,-1
2024-11-07T12:04:34.192-05:00,IdeState,Inactive,,*,-1,-1
2024-11-07T12:04:35.205-05:00,IdeState,Inactive,,*,-1,-1
2024-11-07T12:04:36.214-05:00,IdeState,Inactive,,*,-1,-1
2024-11-07T12:04:37.229-05:00,IdeState,Inactive,,*,-1,-1
2024-11-07T12:04:38.237-05:00,IdeState,Inactive,,*,-1,-1
2024-11-07T12:04:39.244-05:00,IdeState,Inactive,,*,-1,-1
2024-11-07T12:04:40.252-05:00,IdeState,Inactive,,*,-1,-1
2024-11-07T12:04:41.267-05:00,IdeState,Inactive,,*,-1,-1
2024-11-07T12:04:42.323-05:00,IdeState,Inactive,,*,-1,-1
2024-11-07T12:04:43.328-05:00,IdeState,Inactive,,*,-1,-1
2024-11-07T12:04:44.338-05:00,IdeState,Inactive,,*,-1,-1
2024-11-07T12:04:45.351-05:00,IdeState,Inactive,,*,-1,-1
2024-11-07T12:04:46.364-05:00,IdeState,Inactive,,*,-1,-1
2024-11-07T12:04:47.368-05:00,IdeState,Inactive,,*,-1,-1
2024-11-07T12:04:48.378-05:00,IdeState,Inactive,,*,-1,-1
2024-11-07T12:04:49.392-05:00,IdeState,Inactive,,*,-1,-1
2024-11-07T12:04:50.399-05:00,IdeState,Inactive,,*,-1,-1
2024-11-07T12:04:51.434-05:00,IdeState,Inactive,,*,-1,-1
2024-11-07T12:04:52.444-05:00,IdeState,Inactive,,*,-1,-1
2024-11-07T12:04:53.457-05:00,IdeState,Inactive,,*,-1,-1
2024-11-07T12:04:54.679-05:00,IdeState,Inactive,,*,-1,-1
2024-11-07T12:04:55.695-05:00,IdeState,Inactive,,*,-1,-1
2024-11-07T12:04:56.709-05:00,IdeState,Inactive,,*,-1,-1
2024-11-07T12:04:57.722-05:00,IdeState,Inactive,,*,-1,-1
2024-11-07T12:04:58.728-05:00,IdeState,Inactive,,*,-1,-1
2024-11-07T12:04:59.735-05:00,IdeState,Inactive,,*,-1,-1
2024-11-07T12:05:00.743-05:00,IdeState,Inactive,,*,-1,-1
2024-11-07T12:05:01.753-05:00,IdeState,Inactive,,*,-1,-1
2024-11-07T12:05:02.765-05:00,IdeState,Inactive,,*,-1,-1
2024-11-07T12:05:03.782-05:00,IdeState,Inactive,,*,-1,-1
2024-11-07T12:05:04.787-05:00,IdeState,Inactive,,*,-1,-1
2024-11-07T12:05:05.800-05:00,IdeState,Inactive,,*,-1,-1
2024-11-07T12:05:06.815-05:00,IdeState,Inactive,,*,-1,-1
2024-11-07T12:05:07.826-05:00,IdeState,Inactive,,*,-1,-1
2024-11-07T12:05:08.895-05:00,IdeState,Inactive,,*,-1,-1
2024-11-07T12:05:09.908-05:00,IdeState,Inactive,,*,-1,-1
2024-11-07T12:05:10.921-05:00,IdeState,Inactive,,*,-1,-1
2024-11-07T12:05:11.927-05:00,IdeState,Inactive,,*,-1,-1
2024-11-07T12:05:12.936-05:00,IdeState,Inactive,,*,-1,-1
2024-11-07T12:05:13.948-05:00,IdeState,Inactive,,*,-1,-1
2024-11-07T12:05:14.958-05:00,IdeState,Inactive,,*,-1,-1
2024-11-07T12:05:15.969-05:00,IdeState,Inactive,,*,-1,-1
2024-11-07T12:05:16.978-05:00,IdeState,Inactive,,*,-1,-1
2024-11-07T12:05:17.989-05:00,IdeState,Inactive,,*,-1,-1
2024-11-07T12:05:19.001-05:00,IdeState,Inactive,,*,-1,-1
2024-11-07T12:05:20.022-05:00,IdeState,Inactive,,*,-1,-1
2024-11-07T12:05:21.026-05:00,IdeState,Inactive,,*,-1,-1
2024-11-07T12:05:22.057-05:00,IdeState,Inactive,,*,-1,-1
2024-11-07T12:05:23.071-05:00,IdeState,Inactive,,*,-1,-1
2024-11-07T12:05:24.083-05:00,IdeState,Active,Project,*,-1,-1
2024-11-07T12:05:25.094-05:00,IdeState,Inactive,,*,-1,-1
2024-11-07T12:05:26.111-05:00,IdeState,Inactive,,*,-1,-1
2024-11-07T12:05:27.120-05:00,IdeState,Inactive,,*,-1,-1
2024-11-07T12:05:28.131-05:00,IdeState,Inactive,,*,-1,-1
2024-11-07T12:05:29.141-05:00,IdeState,Inactive,,*,-1,-1
2024-11-07T12:05:30.155-05:00,IdeState,Inactive,,*,-1,-1
2024-11-07T12:05:31.160-05:00,IdeState,Inactive,,*,-1,-1
2024-11-07T12:05:32.173-05:00,IdeState,Inactive,,*,-1,-1
2024-11-07T12:05:33.186-05:00,IdeState,Inactive,,*,-1,-1
2024-11-07T12:05:34.197-05:00,IdeState,Inactive,,*,-1,-1
2024-11-07T12:05:35.211-05:00,IdeState,Inactive,,*,-1,-1
2024-11-07T12:05:36.233-05:00,IdeState,Inactive,,*,-1,-1
2024-11-07T12:05:37.239-05:00,IdeState,Inactive,,*,-1,-1
2024-11-07T12:05:38.241-05:00,IdeState,Inactive,,*,-1,-1
2024-11-07T12:05:39.247-05:00,IdeState,Inactive,,*,-1,-1
2024-11-07T12:05:40.263-05:00,IdeState,Inactive,,*,-1,-1
2024-11-07T12:05:41.277-05:00,IdeState,Inactive,,*,-1,-1
2024-11-07T12:05:42.286-05:00,IdeState,Inactive,,*,-1,-1
2024-11-07T12:05:43.294-05:00,IdeState,Inactive,,*,-1,-1
2024-11-07T12:05:44.297-05:00,IdeState,Inactive,,*,-1,-1
2024-11-07T12:05:45.313-05:00,IdeState,Inactive,,*,-1,-1
2024-11-07T12:05:46.322-05:00,IdeState,Inactive,,*,-1,-1
2024-11-07T12:05:47.333-05:00,IdeState,Inactive,,*,-1,-1
2024-11-07T12:05:48.340-05:00,IdeState,Inactive,,*,-1,-1
2024-11-07T12:05:49.348-05:00,IdeState,Inactive,,*,-1,-1
2024-11-07T12:05:50.361-05:00,IdeState,Inactive,,*,-1,-1
2024-11-07T12:05:51.378-05:00,IdeState,Inactive,,*,-1,-1
2024-11-07T12:05:52.391-05:00,IdeState,Inactive,,*,-1,-1
2024-11-07T12:05:53.413-05:00,IdeState,Inactive,,*,-1,-1
2024-11-07T12:05:54.423-05:00,IdeState,Inactive,,*,-1,-1
2024-11-07T12:05:55.435-05:00,IdeState,Inactive,,*,-1,-1
2024-11-07T12:05:56.446-05:00,IdeState,Inactive,,*,-1,-1
2024-11-07T12:05:57.451-05:00,IdeState,Inactive,,*,-1,-1
2024-11-07T12:05:58.460-05:00,IdeState,Inactive,,*,-1,-1
2024-11-07T12:05:59.462-05:00,IdeState,Inactive,,*,-1,-1
2024-11-07T12:06:00.472-05:00,IdeState,Inactive,,*,-1,-1
2024-11-07T12:06:01.484-05:00,IdeState,Inactive,,*,-1,-1
2024-11-07T12:06:02.493-05:00,IdeState,Active,Project,*,-1,-1
2024-11-07T12:06:03.500-05:00,IdeState,Active,Project,*,-1,-1
2024-11-07T12:06:04.514-05:00,IdeState,Inactive,,*,-1,-1
2024-11-07T12:06:05.526-05:00,IdeState,Inactive,,*,-1,-1
2024-11-07T12:06:06.533-05:00,IdeState,Inactive,,*,-1,-1
2024-11-07T12:06:07.572-05:00,IdeState,Inactive,,*,-1,-1
2024-11-07T12:06:08.581-05:00,IdeState,Inactive,,*,-1,-1
2024-11-07T12:06:09.596-05:00,IdeState,Inactive,,*,-1,-1
2024-11-07T12:06:10.628-05:00,IdeState,Inactive,,*,-1,-1
2024-11-07T12:06:11.636-05:00,IdeState,Inactive,,*,-1,-1
2024-11-07T12:06:12.652-05:00,IdeState,Inactive,,*,-1,-1
2024-11-07T12:06:13.661-05:00,IdeState,Inactive,,*,-1,-1
2024-11-07T12:06:14.672-05:00,IdeState,Inactive,,*,-1,-1
2024-11-07T12:06:15.677-05:00,IdeState,Inactive,,*,-1,-1
2024-11-07T12:06:16.689-05:00,IdeState,Inactive,,*,-1,-1
2024-11-07T12:06:17.697-05:00,IdeState,Inactive,,*,-1,-1
2024-11-07T12:06:18.712-05:00,IdeState,Inactive,,*,-1,-1
2024-11-07T12:06:19.725-05:00,IdeState,Inactive,,*,-1,-1
2024-11-07T12:06:20.733-05:00,IdeState,Inactive,,*,-1,-1
2024-11-07T12:06:21.746-05:00,IdeState,Inactive,,*,-1,-1
2024-11-07T12:06:22.763-05:00,IdeState,Inactive,,*,-1,-1
2024-11-07T12:06:23.775-05:00,IdeState,Inactive,,*,-1,-1
2024-11-07T12:06:24.783-05:00,IdeState,Inactive,,*,-1,-1
2024-11-07T12:06:25.792-05:00,IdeState,Inactive,,*,-1,-1
2024-11-07T12:06:26.801-05:00,IdeState,Inactive,,*,-1,-1
2024-11-07T12:06:27.814-05:00,IdeState,Inactive,,*,-1,-1
2024-11-07T12:06:28.821-05:00,IdeState,Inactive,,*,-1,-1
2024-11-07T12:06:29.833-05:00,IdeState,Inactive,,*,-1,-1
2024-11-07T12:06:30.885-05:00,IdeState,Inactive,,*,-1,-1
2024-11-07T12:06:31.900-05:00,IdeState,Active,Project,*,-1,-1
2024-11-07T12:06:32.912-05:00,IdeState,Active,Project,*,-1,-1
2024-11-07T12:06:33.920-05:00,IdeState,Active,Project,*,-1,-1
2024-11-07T12:06:34.966-05:00,IdeState,Active,Project,*,-1,-1
2024-11-07T12:06:35.981-05:00,IdeState,Active,Project,*,-1,-1
2024-11-07T12:06:36.982-05:00,IdeState,Active,Project,*,-1,-1
2024-11-07T12:06:37.983-05:00,IdeState,Active,Project,*,-1,-1
2024-11-07T12:06:38.985-05:00,IdeState,Active,Project,*,-1,-1
2024-11-07T12:06:39.986-05:00,IdeState,Inactive,,*,-1,-1
2024-11-07T12:06:40.988-05:00,IdeState,Inactive,,*,-1,-1
2024-11-07T12:06:41.994-05:00,IdeState,Inactive,,*,-1,-1
2024-11-07T12:06:42.995-05:00,IdeState,Inactive,,*,-1,-1
2024-11-07T12:06:43.997-05:00,IdeState,Inactive,,*,-1,-1
2024-11-07T12:06:45.009-05:00,IdeState,Inactive,,*,-1,-1
2024-11-07T12:06:46.019-05:00,IdeState,Inactive,,*,-1,-1
2024-11-07T12:06:47.031-05:00,IdeState,Inactive,,*,-1,-1
2024-11-07T12:06:48.046-05:00,IdeState,Inactive,,*,-1,-1
2024-11-07T12:06:49.056-05:00,IdeState,Inactive,,*,-1,-1
2024-11-07T12:06:50.068-05:00,IdeState,Inactive,,*,-1,-1
2024-11-07T12:06:51.084-05:00,IdeState,Inactive,,*,-1,-1
2024-11-07T12:06:52.098-05:00,IdeState,Inactive,,*,-1,-1
2024-11-07T12:06:53.159-05:00,IdeState,Inactive,,*,-1,-1
2024-11-07T12:06:54.178-05:00,IdeState,Inactive,,*,-1,-1
2024-11-07T12:06:55.192-05:00,IdeState,Inactive,,*,-1,-1
2024-11-07T12:06:56.206-05:00,IdeState,Inactive,,*,-1,-1
2024-11-07T12:06:57.222-05:00,IdeState,Inactive,,*,-1,-1
2024-11-07T12:06:58.237-05:00,IdeState,Inactive,,*,-1,-1
2024-11-07T12:06:59.252-05:00,IdeState,Inactive,,*,-1,-1
2024-11-07T12:07:00.267-05:00,IdeState,Inactive,,*,-1,-1
2024-11-07T12:07:01.283-05:00,IdeState,Inactive,,*,-1,-1
2024-11-07T12:07:02.294-05:00,IdeState,Inactive,,*,-1,-1
2024-11-07T12:07:03.310-05:00,IdeState,Inactive,,*,-1,-1
2024-11-07T12:07:04.311-05:00,IdeState,Inactive,,*,-1,-1
2024-11-07T12:07:05.328-05:00,IdeState,Inactive,,*,-1,-1
2024-11-07T12:07:06.329-05:00,IdeState,Inactive,,*,-1,-1
2024-11-07T12:07:07.334-05:00,IdeState,Inactive,,*,-1,-1
2024-11-07T12:07:08.349-05:00,IdeState,Inactive,,*,-1,-1
2024-11-07T12:07:09.358-05:00,IdeState,Inactive,,*,-1,-1
2024-11-07T12:07:10.371-05:00,IdeState,Inactive,,*,-1,-1
2024-11-07T12:07:11.379-05:00,IdeState,Inactive,,*,-1,-1
2024-11-07T12:07:12.392-05:00,IdeState,Inactive,,*,-1,-1
2024-11-07T12:07:13.402-05:00,IdeState,Inactive,,*,-1,-1
2024-11-07T12:07:14.419-05:00,IdeState,Inactive,,*,-1,-1
2024-11-07T12:07:15.426-05:00,IdeState,Inactive,,*,-1,-1
2024-11-07T12:07:16.438-05:00,IdeState,Inactive,,*,-1,-1
2024-11-07T12:07:17.451-05:00,IdeState,Inactive,,*,-1,-1
2024-11-07T12:07:18.461-05:00,IdeState,Inactive,,*,-1,-1
2024-11-07T12:07:19.474-05:00,IdeState,Inactive,,*,-1,-1
2024-11-07T12:07:20.483-05:00,IdeState,Inactive,,*,-1,-1
2024-11-07T12:07:21.497-05:00,IdeState,Inactive,,*,-1,-1
2024-11-07T12:07:22.516-05:00,IdeState,Inactive,,*,-1,-1
2024-11-07T12:07:23.525-05:00,IdeState,Inactive,,*,-1,-1
2024-11-07T12:07:24.540-05:00,IdeState,Inactive,,*,-1,-1
2024-11-07T12:07:25.549-05:00,IdeState,Inactive,,*,-1,-1
2024-11-07T12:07:26.561-05:00,IdeState,Inactive,,*,-1,-1
2024-11-07T12:07:27.573-05:00,IdeState,Inactive,,*,-1,-1
2024-11-07T12:07:28.583-05:00,IdeState,Inactive,,*,-1,-1
2024-11-07T12:07:29.593-05:00,IdeState,Inactive,,*,-1,-1
2024-11-07T12:07:30.608-05:00,IdeState,Inactive,,*,-1,-1
2024-11-07T12:07:31.622-05:00,IdeState,Inactive,,*,-1,-1
2024-11-07T12:07:32.640-05:00,IdeState,Inactive,,*,-1,-1
2024-11-07T12:07:33.647-05:00,IdeState,Inactive,,*,-1,-1
2024-11-07T12:07:34.649-05:00,IdeState,Inactive,,*,-1,-1
2024-11-07T12:07:35.663-05:00,IdeState,Inactive,,*,-1,-1
2024-11-07T12:07:36.676-05:00,IdeState,Inactive,,*,-1,-1
2024-11-07T12:07:37.691-05:00,IdeState,Inactive,,*,-1,-1
2024-11-07T12:07:38.706-05:00,IdeState,Inactive,,*,-1,-1
2024-11-07T12:07:39.714-05:00,IdeState,Inactive,,*,-1,-1
2024-11-07T12:07:40.807-05:00,IdeState,Inactive,,*,-1,-1
2024-11-07T12:07:41.818-05:00,IdeState,Inactive,,*,-1,-1
2024-11-07T12:07:42.832-05:00,IdeState,Inactive,,*,-1,-1
2024-11-07T12:07:43.842-05:00,IdeState,Inactive,,*,-1,-1
2024-11-07T12:07:44.852-05:00,IdeState,Inactive,,*,-1,-1
2024-11-07T12:07:45.862-05:00,IdeState,Inactive,,*,-1,-1
2024-11-07T12:07:46.869-05:00,IdeState,Inactive,,*,-1,-1
2024-11-07T12:07:47.888-05:00,IdeState,Inactive,,*,-1,-1
2024-11-07T12:07:48.899-05:00,IdeState,Inactive,,*,-1,-1
2024-11-07T12:07:49.902-05:00,IdeState,Inactive,,*,-1,-1
2024-11-07T12:07:50.916-05:00,IdeState,Inactive,,*,-1,-1
2024-11-07T12:07:51.927-05:00,IdeState,Inactive,,*,-1,-1
2024-11-07T12:07:52.933-05:00,IdeState,Inactive,,*,-1,-1
2024-11-07T12:07:53.949-05:00,IdeState,Inactive,,*,-1,-1
2024-11-07T12:07:54.956-05:00,IdeState,Inactive,,*,-1,-1
2024-11-07T12:07:55.971-05:00,IdeState,Inactive,,*,-1,-1
2024-11-07T12:07:56.981-05:00,IdeState,Inactive,,*,-1,-1
2024-11-07T12:07:57.994-05:00,IdeState,Inactive,,*,-1,-1
2024-11-07T12:07:59.002-05:00,IdeState,Inactive,,*,-1,-1
2024-11-07T12:08:00.012-05:00,IdeState,Inactive,,*,-1,-1
2024-11-07T12:08:01.027-05:00,IdeState,Inactive,,*,-1,-1
2024-11-07T12:08:02.040-05:00,IdeState,Inactive,,*,-1,-1
2024-11-07T12:08:03.050-05:00,IdeState,Inactive,,*,-1,-1
2024-11-07T12:08:04.072-05:00,IdeState,Inactive,,*,-1,-1
2024-11-07T12:08:05.093-05:00,IdeState,Inactive,,*,-1,-1
2024-11-07T12:08:06.108-05:00,IdeState,Inactive,,*,-1,-1
2024-11-07T12:08:07.120-05:00,IdeState,Inactive,,*,-1,-1
2024-11-07T12:08:08.130-05:00,IdeState,Inactive,,*,-1,-1
2024-11-07T12:08:09.136-05:00,IdeState,Inactive,,*,-1,-1
2024-11-07T12:08:10.146-05:00,IdeState,Inactive,,*,-1,-1
2024-11-07T12:08:11.149-05:00,IdeState,Inactive,,*,-1,-1
2024-11-07T12:08:12.164-05:00,IdeState,Inactive,,*,-1,-1
2024-11-07T12:08:13.180-05:00,IdeState,Inactive,,*,-1,-1
2024-11-07T12:08:14.193-05:00,IdeState,Inactive,,*,-1,-1
2024-11-07T12:08:15.205-05:00,IdeState,Inactive,,*,-1,-1
2024-11-07T12:08:16.216-05:00,IdeState,Inactive,,*,-1,-1
2024-11-07T12:08:17.228-05:00,IdeState,Inactive,,*,-1,-1
2024-11-07T12:08:18.243-05:00,IdeState,Inactive,,*,-1,-1
2024-11-07T12:08:19.259-05:00,IdeState,Inactive,,*,-1,-1
2024-11-07T12:08:20.312-05:00,IdeState,Inactive,,*,-1,-1
2024-11-07T12:08:21.364-05:00,IdeState,Inactive,,*,-1,-1
2024-11-07T12:08:22.366-05:00,IdeState,Inactive,,*,-1,-1
2024-11-07T12:08:23.379-05:00,IdeState,Inactive,,*,-1,-1
2024-11-07T12:08:24.393-05:00,IdeState,Inactive,,*,-1,-1
2024-11-07T12:08:25.411-05:00,IdeState,Inactive,,*,-1,-1
2024-11-07T12:08:26.421-05:00,IdeState,Inactive,,*,-1,-1
2024-11-07T12:08:27.438-05:00,IdeState,Inactive,,*,-1,-1
2024-11-07T12:08:28.445-05:00,IdeState,Inactive,,*,-1,-1
2024-11-07T12:08:29.451-05:00,IdeState,Inactive,,*,-1,-1
2024-11-07T12:08:30.460-05:00,IdeState,Inactive,,*,-1,-1
2024-11-07T12:08:31.472-05:00,IdeState,Inactive,,*,-1,-1
2024-11-07T12:08:32.474-05:00,IdeState,Inactive,,*,-1,-1
2024-11-07T12:08:33.488-05:00,IdeState,Inactive,,*,-1,-1
2024-11-07T12:08:34.501-05:00,IdeState,Inactive,,*,-1,-1
2024-11-07T12:08:35.518-05:00,IdeState,Inactive,,*,-1,-1
2024-11-07T12:08:36.530-05:00,IdeState,Inactive,,*,-1,-1
2024-11-07T12:08:37.552-05:00,IdeState,Inactive,,*,-1,-1
2024-11-07T12:08:38.556-05:00,IdeState,Inactive,,*,-1,-1
2024-11-07T12:08:39.574-05:00,IdeState,Inactive,,*,-1,-1
2024-11-07T12:08:40.591-05:00,IdeState,Inactive,,*,-1,-1
2024-11-07T12:08:41.640-05:00,IdeState,Inactive,,*,-1,-1
2024-11-07T12:08:42.722-05:00,IdeState,Inactive,,*,-1,-1
2024-11-07T12:08:43.735-05:00,IdeState,Inactive,,*,-1,-1
2024-11-07T12:08:44.741-05:00,IdeState,Inactive,,*,-1,-1
2024-11-07T12:08:45.758-05:00,IdeState,Inactive,,*,-1,-1
2024-11-07T12:08:46.772-05:00,IdeState,Inactive,,*,-1,-1
2024-11-07T12:08:47.787-05:00,IdeState,Inactive,,*,-1,-1
2024-11-07T12:08:48.802-05:00,IdeState,Inactive,,*,-1,-1
2024-11-07T12:08:49.810-05:00,IdeState,Inactive,,*,-1,-1
2024-11-07T12:08:50.822-05:00,IdeState,Inactive,,*,-1,-1
2024-11-07T12:08:51.839-05:00,IdeState,Inactive,,*,-1,-1
2024-11-07T12:08:52.851-05:00,IdeState,Inactive,,*,-1,-1
2024-11-07T12:08:53.861-05:00,IdeState,Inactive,,*,-1,-1
2024-11-07T12:08:54.876-05:00,IdeState,Inactive,,*,-1,-1
2024-11-07T12:08:55.893-05:00,IdeState,Inactive,,*,-1,-1
2024-11-07T12:08:56.908-05:00,IdeState,Inactive,,*,-1,-1
2024-11-07T12:08:57.945-05:00,IdeState,Inactive,,*,-1,-1
2024-11-07T12:08:58.981-05:00,IdeState,Inactive,,*,-1,-1
2024-11-07T12:08:59.991-05:00,IdeState,Inactive,,*,-1,-1
2024-11-07T12:09:01.002-05:00,IdeState,Inactive,,*,-1,-1
2024-11-07T12:09:02.020-05:00,IdeState,Inactive,,*,-1,-1
2024-11-07T12:09:03.042-05:00,IdeState,Inactive,,*,-1,-1
2024-11-07T12:09:04.058-05:00,IdeState,Inactive,,*,-1,-1
2024-11-07T12:09:05.068-05:00,IdeState,Inactive,,*,-1,-1
2024-11-07T12:09:06.081-05:00,IdeState,Inactive,,*,-1,-1
2024-11-07T12:09:07.095-05:00,IdeState,Inactive,,*,-1,-1
2024-11-07T12:09:08.104-05:00,IdeState,Inactive,,*,-1,-1
2024-11-07T12:09:09.113-05:00,IdeState,Inactive,,*,-1,-1
2024-11-07T12:09:10.123-05:00,IdeState,Inactive,,*,-1,-1
2024-11-07T12:09:11.146-05:00,IdeState,Inactive,,*,-1,-1
2024-11-07T12:09:12.157-05:00,IdeState,Inactive,,*,-1,-1
2024-11-07T12:09:13.171-05:00,IdeState,Inactive,,*,-1,-1
2024-11-07T12:09:14.174-05:00,IdeState,Inactive,,*,-1,-1
2024-11-07T12:09:15.184-05:00,IdeState,Inactive,,*,-1,-1
2024-11-07T12:09:16.217-05:00,IdeState,Inactive,,*,-1,-1
2024-11-07T12:09:17.219-05:00,IdeState,Inactive,,*,-1,-1
2024-11-07T12:09:18.235-05:00,IdeState,Inactive,,*,-1,-1
2024-11-07T12:09:19.249-05:00,IdeState,Inactive,,*,-1,-1
2024-11-07T12:09:20.273-05:00,IdeState,Inactive,,*,-1,-1
2024-11-07T12:09:21.278-05:00,IdeState,Inactive,,*,-1,-1
2024-11-07T12:09:22.292-05:00,IdeState,Inactive,,*,-1,-1
2024-11-07T12:09:23.301-05:00,IdeState,Inactive,,*,-1,-1
2024-11-07T12:09:24.318-05:00,IdeState,Inactive,,*,-1,-1
2024-11-07T12:09:25.334-05:00,IdeState,Inactive,,*,-1,-1
2024-11-07T12:09:26.346-05:00,IdeState,Inactive,,*,-1,-1
2024-11-07T12:09:27.359-05:00,IdeState,Inactive,,*,-1,-1
2024-11-07T12:09:28.369-05:00,IdeState,Inactive,,*,-1,-1
2024-11-07T12:09:29.409-05:00,IdeState,Inactive,,*,-1,-1
2024-11-07T12:09:30.450-05:00,IdeState,Inactive,,*,-1,-1
2024-11-07T12:09:31.525-05:00,IdeState,Inactive,,*,-1,-1
2024-11-07T12:09:32.611-05:00,IdeState,Inactive,,*,-1,-1
2024-11-07T12:09:33.625-05:00,IdeState,Inactive,,*,-1,-1
2024-11-07T12:09:34.628-05:00,IdeState,Inactive,,*,-1,-1
2024-11-07T12:09:35.644-05:00,IdeState,Inactive,,*,-1,-1
2024-11-07T12:09:36.652-05:00,IdeState,Inactive,,*,-1,-1
2024-11-07T12:09:37.665-05:00,IdeState,Inactive,,*,-1,-1
2024-11-07T12:09:38.670-05:00,IdeState,Inactive,,*,-1,-1
2024-11-07T12:09:39.671-05:00,IdeState,Inactive,,*,-1,-1
2024-11-07T12:09:40.682-05:00,IdeState,Inactive,,*,-1,-1
2024-11-07T12:09:41.696-05:00,IdeState,Inactive,,*,-1,-1
2024-11-07T12:09:42.706-05:00,IdeState,Inactive,,*,-1,-1
2024-11-07T12:09:43.717-05:00,IdeState,Inactive,,*,-1,-1
2024-11-07T12:09:44.727-05:00,IdeState,Inactive,,*,-1,-1
2024-11-07T12:09:45.735-05:00,IdeState,Inactive,,*,-1,-1
2024-11-07T12:09:46.746-05:00,IdeState,Inactive,,*,-1,-1
2024-11-07T12:09:47.761-05:00,IdeState,Inactive,,*,-1,-1
2024-11-07T12:09:48.772-05:00,IdeState,Inactive,,*,-1,-1
2024-11-07T12:09:49.781-05:00,IdeState,Inactive,,*,-1,-1
2024-11-07T12:09:50.789-05:00,IdeState,Inactive,,*,-1,-1
2024-11-07T12:09:51.806-05:00,IdeState,Inactive,,*,-1,-1
2024-11-07T12:09:52.820-05:00,IdeState,Inactive,,*,-1,-1
2024-11-07T12:09:53.833-05:00,IdeState,Inactive,,*,-1,-1
2024-11-07T12:09:54.846-05:00,IdeState,Inactive,,*,-1,-1
2024-11-07T12:09:55.859-05:00,IdeState,Inactive,,*,-1,-1
2024-11-07T12:09:56.877-05:00,IdeState,Inactive,,*,-1,-1
2024-11-07T12:09:57.888-05:00,IdeState,Inactive,,*,-1,-1
2024-11-07T12:09:58.901-05:00,IdeState,Inactive,,*,-1,-1
2024-11-07T12:09:59.914-05:00,IdeState,Inactive,,*,-1,-1
2024-11-07T12:10:00.926-05:00,IdeState,Inactive,,*,-1,-1
2024-11-07T12:10:01.940-05:00,IdeState,Inactive,,*,-1,-1
2024-11-07T12:10:02.952-05:00,IdeState,Inactive,,*,-1,-1
2024-11-07T12:10:03.967-05:00,IdeState,Inactive,,*,-1,-1
2024-11-07T12:10:04.981-05:00,IdeState,Inactive,,*,-1,-1
2024-11-07T12:10:05.987-05:00,IdeState,Inactive,,*,-1,-1
2024-11-07T12:10:06.995-05:00,IdeState,Inactive,,*,-1,-1
2024-11-07T12:10:08.009-05:00,IdeState,Inactive,,*,-1,-1
2024-11-07T12:10:09.018-05:00,IdeState,Inactive,,*,-1,-1
2024-11-07T12:10:10.019-05:00,IdeState,Inactive,,*,-1,-1
2024-11-07T12:10:11.035-05:00,IdeState,Inactive,,*,-1,-1
2024-11-07T12:10:12.042-05:00,IdeState,Inactive,,*,-1,-1
2024-11-07T12:10:13.053-05:00,IdeState,Inactive,,*,-1,-1
2024-11-07T12:10:14.063-05:00,IdeState,Inactive,,*,-1,-1
2024-11-07T12:10:15.074-05:00,IdeState,Inactive,,*,-1,-1
2024-11-07T12:10:16.090-05:00,IdeState,Inactive,,*,-1,-1
2024-11-07T12:10:17.100-05:00,IdeState,Inactive,,*,-1,-1
2024-11-07T12:10:18.103-05:00,IdeState,Inactive,,*,-1,-1
2024-11-07T12:10:19.111-05:00,IdeState,Inactive,,*,-1,-1
2024-11-07T12:10:20.124-05:00,IdeState,Inactive,,*,-1,-1
2024-11-07T12:10:21.135-05:00,IdeState,Inactive,,*,-1,-1
2024-11-07T12:10:22.147-05:00,IdeState,Inactive,,*,-1,-1
2024-11-07T12:10:23.165-05:00,IdeState,Inactive,,*,-1,-1
2024-11-07T12:10:24.179-05:00,IdeState,Inactive,,*,-1,-1
2024-11-07T12:10:25.189-05:00,IdeState,Inactive,,*,-1,-1
2024-11-07T12:10:26.199-05:00,IdeState,Inactive,,*,-1,-1
2024-11-07T12:10:27.212-05:00,IdeState,Inactive,,*,-1,-1
2024-11-07T12:10:28.222-05:00,IdeState,Inactive,,*,-1,-1
2024-11-07T12:10:29.234-05:00,IdeState,Inactive,,*,-1,-1
2024-11-07T12:10:30.246-05:00,IdeState,Inactive,,*,-1,-1
2024-11-07T12:10:31.253-05:00,IdeState,Inactive,,*,-1,-1
2024-11-07T12:10:32.266-05:00,IdeState,Inactive,,*,-1,-1
2024-11-07T12:10:33.280-05:00,IdeState,Inactive,,*,-1,-1
2024-11-07T12:10:34.291-05:00,IdeState,Inactive,,*,-1,-1
2024-11-07T12:10:35.294-05:00,IdeState,Inactive,,*,-1,-1
2024-11-07T12:10:36.307-05:00,IdeState,Inactive,,*,-1,-1
2024-11-07T12:10:37.318-05:00,IdeState,Inactive,,*,-1,-1
2024-11-07T12:10:38.332-05:00,IdeState,Inactive,,*,-1,-1
2024-11-07T12:10:39.347-05:00,IdeState,Inactive,,*,-1,-1
2024-11-07T12:10:40.400-05:00,IdeState,Inactive,,*,-1,-1
2024-11-07T12:10:41.413-05:00,IdeState,Inactive,,*,-1,-1
2024-11-07T12:10:42.416-05:00,IdeState,Inactive,,*,-1,-1
2024-11-07T12:10:43.428-05:00,IdeState,Inactive,,*,-1,-1
2024-11-07T12:10:44.443-05:00,IdeState,Inactive,,*,-1,-1
2024-11-07T12:10:45.453-05:00,IdeState,Inactive,,*,-1,-1
2024-11-07T12:10:46.463-05:00,IdeState,Inactive,,*,-1,-1
2024-11-07T12:10:47.476-05:00,IdeState,Inactive,,*,-1,-1
2024-11-07T12:10:48.487-05:00,IdeState,Inactive,,*,-1,-1
2024-11-07T12:10:49.502-05:00,IdeState,Inactive,,*,-1,-1
2024-11-07T12:10:50.518-05:00,IdeState,Inactive,,*,-1,-1
2024-11-07T12:10:51.527-05:00,IdeState,Inactive,,*,-1,-1
2024-11-07T12:10:52.540-05:00,IdeState,Inactive,,*,-1,-1
2024-11-07T12:10:53.550-05:00,IdeState,Inactive,,*,-1,-1
2024-11-07T12:10:54.556-05:00,IdeState,Inactive,,*,-1,-1
2024-11-07T12:10:55.568-05:00,IdeState,Inactive,,*,-1,-1
2024-11-07T12:10:56.578-05:00,IdeState,Inactive,,*,-1,-1
2024-11-07T12:10:57.592-05:00,IdeState,Inactive,,*,-1,-1
2024-11-07T12:10:58.602-05:00,IdeState,Inactive,,*,-1,-1
2024-11-07T12:10:59.614-05:00,IdeState,Inactive,,*,-1,-1
2024-11-07T12:11:00.625-05:00,IdeState,Inactive,,*,-1,-1
2024-11-07T12:11:01.636-05:00,IdeState,Inactive,,*,-1,-1
2024-11-07T12:11:02.651-05:00,IdeState,Inactive,,*,-1,-1
2024-11-07T12:11:03.667-05:00,IdeState,Inactive,,*,-1,-1
2024-11-07T12:11:04.678-05:00,IdeState,Inactive,,*,-1,-1
2024-11-07T12:11:05.688-05:00,IdeState,Inactive,,*,-1,-1
2024-11-07T12:11:06.696-05:00,IdeState,Inactive,,*,-1,-1
2024-11-07T12:11:07.709-05:00,IdeState,Inactive,,*,-1,-1
2024-11-07T12:11:08.722-05:00,IdeState,Inactive,,*,-1,-1
2024-11-07T12:11:09.736-05:00,IdeState,Inactive,,*,-1,-1
2024-11-07T12:11:10.750-05:00,IdeState,Inactive,,*,-1,-1
2024-11-07T12:11:11.762-05:00,IdeState,Inactive,,*,-1,-1
2024-11-07T12:11:12.777-05:00,IdeState,Inactive,,*,-1,-1
2024-11-07T12:11:13.788-05:00,IdeState,Inactive,,*,-1,-1
2024-11-07T12:11:14.797-05:00,IdeState,Inactive,,*,-1,-1
2024-11-07T12:11:15.812-05:00,IdeState,Inactive,,*,-1,-1
2024-11-07T12:11:16.821-05:00,IdeState,Inactive,,*,-1,-1
2024-11-07T12:11:17.827-05:00,IdeState,Inactive,,*,-1,-1
2024-11-07T12:11:18.841-05:00,IdeState,Inactive,,*,-1,-1
2024-11-07T12:11:19.853-05:00,IdeState,Inactive,,*,-1,-1
2024-11-07T12:11:20.855-05:00,IdeState,Inactive,,*,-1,-1
2024-11-07T12:11:21.867-05:00,IdeState,Inactive,,*,-1,-1
2024-11-07T12:11:22.881-05:00,IdeState,Inactive,,*,-1,-1
2024-11-07T12:11:23.894-05:00,IdeState,Inactive,,*,-1,-1
2024-11-07T12:11:24.907-05:00,IdeState,Inactive,,*,-1,-1
2024-11-07T12:11:25.929-05:00,IdeState,Inactive,,*,-1,-1
2024-11-07T12:11:26.941-05:00,IdeState,Inactive,,*,-1,-1
2024-11-07T12:11:27.954-05:00,IdeState,Inactive,,*,-1,-1
2024-11-07T12:11:28.965-05:00,IdeState,Inactive,,*,-1,-1
2024-11-07T12:11:29.971-05:00,IdeState,Inactive,,*,-1,-1
2024-11-07T12:11:30.982-05:00,IdeState,Inactive,,*,-1,-1
2024-11-07T12:11:31.985-05:00,IdeState,Inactive,,*,-1,-1
2024-11-07T12:11:32.999-05:00,IdeState,Inactive,,*,-1,-1
2024-11-07T12:11:34.009-05:00,IdeState,Inactive,,*,-1,-1
2024-11-07T12:11:35.012-05:00,IdeState,Inactive,,*,-1,-1
2024-11-07T12:11:36.022-05:00,IdeState,Inactive,,*,-1,-1
2024-11-07T12:11:37.036-05:00,IdeState,Inactive,,*,-1,-1
2024-11-07T12:11:38.048-05:00,IdeState,Inactive,,*,-1,-1
2024-11-07T12:11:39.056-05:00,IdeState,Inactive,,*,-1,-1
2024-11-07T12:11:40.061-05:00,IdeState,Inactive,,*,-1,-1
2024-11-07T12:11:41.073-05:00,IdeState,Inactive,,*,-1,-1
2024-11-07T12:11:42.086-05:00,IdeState,Inactive,,*,-1,-1
2024-11-07T12:11:43.096-05:00,IdeState,Inactive,,*,-1,-1
2024-11-07T12:11:44.109-05:00,IdeState,Inactive,,*,-1,-1
2024-11-07T12:11:45.122-05:00,IdeState,Inactive,,*,-1,-1
2024-11-07T12:11:46.131-05:00,IdeState,Inactive,,*,-1,-1
2024-11-07T12:11:47.357-05:00,IdeState,Inactive,,*,-1,-1
2024-11-07T12:11:48.379-05:00,IdeState,Inactive,,*,-1,-1
2024-11-07T12:11:49.384-05:00,IdeState,Inactive,,*,-1,-1
2024-11-07T12:11:50.396-05:00,IdeState,Inactive,,*,-1,-1
2024-11-07T12:11:51.419-05:00,IdeState,Inactive,,*,-1,-1
2024-11-07T12:11:52.422-05:00,IdeState,Inactive,,*,-1,-1
2024-11-07T12:11:53.438-05:00,IdeState,Inactive,,*,-1,-1
2024-11-07T12:11:54.448-05:00,IdeState,Inactive,,*,-1,-1
2024-11-07T12:11:55.460-05:00,IdeState,Inactive,,*,-1,-1
2024-11-07T12:11:56.468-05:00,IdeState,Inactive,,*,-1,-1
2024-11-07T12:11:57.478-05:00,IdeState,Inactive,,*,-1,-1
2024-11-07T12:11:58.491-05:00,IdeState,Inactive,,*,-1,-1
2024-11-07T12:11:59.501-05:00,IdeState,Inactive,,*,-1,-1
2024-11-07T12:12:00.515-05:00,IdeState,Inactive,,*,-1,-1
2024-11-07T12:12:01.529-05:00,IdeState,Inactive,,*,-1,-1
2024-11-07T12:12:02.545-05:00,IdeState,Inactive,,*,-1,-1
2024-11-07T12:12:03.557-05:00,IdeState,Inactive,,*,-1,-1
2024-11-07T12:12:04.569-05:00,IdeState,Inactive,,*,-1,-1
2024-11-07T12:12:05.583-05:00,IdeState,Inactive,,*,-1,-1
2024-11-07T12:12:06.591-05:00,IdeState,Inactive,,*,-1,-1
2024-11-07T12:12:07.601-05:00,IdeState,Inactive,,*,-1,-1
2024-11-07T12:12:08.615-05:00,IdeState,Inactive,,*,-1,-1
2024-11-07T12:12:09.622-05:00,IdeState,Inactive,,*,-1,-1
2024-11-07T12:12:10.634-05:00,IdeState,Inactive,,*,-1,-1
2024-11-07T12:12:11.644-05:00,IdeState,Inactive,,*,-1,-1
2024-11-07T12:12:12.647-05:00,IdeState,Inactive,,*,-1,-1
2024-11-07T12:12:13.659-05:00,IdeState,Inactive,,*,-1,-1
2024-11-07T12:12:14.670-05:00,IdeState,Inactive,,*,-1,-1
2024-11-07T12:12:15.675-05:00,IdeState,Inactive,,*,-1,-1
2024-11-07T12:12:16.694-05:00,IdeState,Inactive,,*,-1,-1
2024-11-07T12:12:17.703-05:00,IdeState,Inactive,,*,-1,-1
2024-11-07T12:12:18.705-05:00,IdeState,Inactive,,*,-1,-1
2024-11-07T12:12:19.716-05:00,IdeState,Inactive,,*,-1,-1
2024-11-07T12:12:20.732-05:00,IdeState,Inactive,,*,-1,-1
2024-11-07T12:12:21.742-05:00,IdeState,Inactive,,*,-1,-1
2024-11-07T12:12:22.758-05:00,IdeState,Inactive,,*,-1,-1
2024-11-07T12:12:23.773-05:00,IdeState,Inactive,,*,-1,-1
2024-11-07T12:12:24.787-05:00,IdeState,Inactive,,*,-1,-1
2024-11-07T12:12:25.796-05:00,IdeState,Inactive,,*,-1,-1
2024-11-07T12:12:26.808-05:00,IdeState,Inactive,,*,-1,-1
2024-11-07T12:12:27.820-05:00,IdeState,Inactive,,*,-1,-1
2024-11-07T12:12:28.834-05:00,IdeState,Inactive,,*,-1,-1
2024-11-07T12:12:29.847-05:00,IdeState,Inactive,,*,-1,-1
2024-11-07T12:12:30.860-05:00,IdeState,Inactive,,*,-1,-1
2024-11-07T12:12:31.869-05:00,IdeState,Inactive,,*,-1,-1
2024-11-07T12:12:32.884-05:00,IdeState,Inactive,,*,-1,-1
2024-11-07T12:12:33.896-05:00,IdeState,Inactive,,*,-1,-1
2024-11-07T12:12:34.912-05:00,IdeState,Inactive,,*,-1,-1
2024-11-07T12:12:35.923-05:00,IdeState,Inactive,,*,-1,-1
2024-11-07T12:12:36.939-05:00,IdeState,Inactive,,*,-1,-1
2024-11-07T12:12:37.950-05:00,IdeState,Inactive,,*,-1,-1
2024-11-07T12:12:38.967-05:00,IdeState,Inactive,,*,-1,-1
2024-11-07T12:12:39.980-05:00,IdeState,Inactive,,*,-1,-1
2024-11-07T12:12:40.994-05:00,IdeState,Inactive,,*,-1,-1
2024-11-07T12:12:41.995-05:00,IdeState,Inactive,,*,-1,-1
2024-11-07T12:12:43.003-05:00,IdeState,Inactive,,*,-1,-1
2024-11-07T12:12:44.014-05:00,IdeState,Inactive,,*,-1,-1
2024-11-07T12:12:45.023-05:00,IdeState,Inactive,,*,-1,-1
2024-11-07T12:12:46.034-05:00,IdeState,Inactive,,*,-1,-1
2024-11-07T12:12:47.046-05:00,IdeState,Inactive,,*,-1,-1
2024-11-07T12:12:48.057-05:00,IdeState,Inactive,,*,-1,-1
2024-11-07T12:12:49.091-05:00,IdeState,Inactive,,*,-1,-1
2024-11-07T12:12:50.102-05:00,IdeState,Inactive,,*,-1,-1
2024-11-07T12:12:51.679-05:00,IdeState,Inactive,,*,-1,-1
2024-11-07T12:12:52.681-05:00,IdeState,Inactive,,*,-1,-1
2024-11-07T12:12:53.695-05:00,IdeState,Inactive,,*,-1,-1
2024-11-07T12:12:54.710-05:00,IdeState,Inactive,,*,-1,-1
2024-11-07T12:12:55.719-05:00,IdeState,Inactive,,*,-1,-1
2024-11-07T12:12:56.732-05:00,IdeState,Inactive,,*,-1,-1
2024-11-07T12:12:57.749-05:00,IdeState,Inactive,,*,-1,-1
2024-11-07T12:12:58.761-05:00,IdeState,Inactive,,*,-1,-1
2024-11-07T12:12:59.771-05:00,IdeState,Inactive,,*,-1,-1
2024-11-07T12:13:00.784-05:00,IdeState,Inactive,,*,-1,-1
2024-11-07T12:13:01.800-05:00,IdeState,Inactive,,*,-1,-1
2024-11-07T12:13:02.810-05:00,IdeState,Inactive,,*,-1,-1
2024-11-07T12:13:03.824-05:00,IdeState,Inactive,,*,-1,-1
2024-11-07T12:13:04.836-05:00,IdeState,Inactive,,*,-1,-1
2024-11-07T12:13:05.847-05:00,IdeState,Inactive,,*,-1,-1
2024-11-07T12:13:06.859-05:00,IdeState,Inactive,,*,-1,-1
2024-11-07T12:13:07.868-05:00,IdeState,Inactive,,*,-1,-1
2024-11-07T12:13:08.881-05:00,IdeState,Inactive,,*,-1,-1
2024-11-07T12:13:09.896-05:00,IdeState,Inactive,,*,-1,-1
2024-11-07T12:13:10.905-05:00,IdeState,Inactive,,*,-1,-1
2024-11-07T12:13:11.919-05:00,IdeState,Inactive,,*,-1,-1
2024-11-07T12:13:12.929-05:00,IdeState,Inactive,,*,-1,-1
2024-11-07T12:13:13.936-05:00,IdeState,Inactive,,*,-1,-1
2024-11-07T12:13:14.949-05:00,IdeState,Inactive,,*,-1,-1
2024-11-07T12:13:15.956-05:00,IdeState,Inactive,,*,-1,-1
2024-11-07T12:13:16.967-05:00,IdeState,Inactive,,*,-1,-1
2024-11-07T12:13:17.980-05:00,IdeState,Inactive,,*,-1,-1
2024-11-07T12:13:18.993-05:00,IdeState,Inactive,,*,-1,-1
2024-11-07T12:13:20.002-05:00,IdeState,Inactive,,*,-1,-1
2024-11-07T12:13:21.013-05:00,IdeState,Inactive,,*,-1,-1
2024-11-07T12:13:22.014-05:00,IdeState,Inactive,,*,-1,-1
2024-11-07T12:13:23.030-05:00,IdeState,Inactive,,*,-1,-1
2024-11-07T12:13:24.043-05:00,IdeState,Inactive,,*,-1,-1
2024-11-07T12:13:25.056-05:00,IdeState,Inactive,,*,-1,-1
2024-11-07T12:13:26.069-05:00,IdeState,Inactive,,*,-1,-1
2024-11-07T12:13:27.076-05:00,IdeState,Inactive,,*,-1,-1
2024-11-07T12:13:28.091-05:00,IdeState,Inactive,,*,-1,-1
2024-11-07T12:13:29.103-05:00,IdeState,Inactive,,*,-1,-1
2024-11-07T12:13:30.118-05:00,IdeState,Inactive,,*,-1,-1
2024-11-07T12:13:31.126-05:00,IdeState,Inactive,,*,-1,-1
2024-11-07T12:13:32.142-05:00,IdeState,Inactive,,*,-1,-1
2024-11-07T12:13:33.144-05:00,IdeState,Inactive,,*,-1,-1
2024-11-07T12:13:34.168-05:00,IdeState,Inactive,,*,-1,-1
2024-11-07T12:13:35.184-05:00,IdeState,Inactive,,*,-1,-1
2024-11-07T12:13:36.191-05:00,IdeState,Inactive,,*,-1,-1
2024-11-07T12:13:37.196-05:00,IdeState,Inactive,,*,-1,-1
2024-11-07T12:13:38.205-05:00,IdeState,Inactive,,*,-1,-1
2024-11-07T12:13:39.218-05:00,IdeState,Inactive,,*,-1,-1
2024-11-07T12:13:40.229-05:00,IdeState,Inactive,,*,-1,-1
2024-11-07T12:13:41.230-05:00,IdeState,Inactive,,*,-1,-1
2024-11-07T12:13:42.237-05:00,IdeState,Inactive,,*,-1,-1
2024-11-07T12:13:43.247-05:00,IdeState,Inactive,,*,-1,-1
2024-11-07T12:13:44.262-05:00,IdeState,Inactive,,*,-1,-1
2024-11-07T12:13:45.271-05:00,IdeState,Inactive,,*,-1,-1
2024-11-07T12:13:46.286-05:00,IdeState,Inactive,,*,-1,-1
2024-11-07T12:13:47.298-05:00,IdeState,Inactive,,*,-1,-1
2024-11-07T12:13:48.309-05:00,IdeState,Inactive,,*,-1,-1
2024-11-07T12:13:49.325-05:00,IdeState,Inactive,,*,-1,-1
2024-11-07T12:13:50.336-05:00,IdeState,Inactive,,*,-1,-1
2024-11-07T12:13:51.351-05:00,IdeState,Inactive,,*,-1,-1
2024-11-07T12:13:52.360-05:00,IdeState,Inactive,,*,-1,-1
2024-11-07T12:13:53.363-05:00,IdeState,Inactive,,*,-1,-1
2024-11-07T12:13:54.373-05:00,IdeState,Inactive,,*,-1,-1
2024-11-07T12:13:55.385-05:00,IdeState,Inactive,,*,-1,-1
2024-11-07T12:13:56.387-05:00,IdeState,Inactive,,*,-1,-1
2024-11-07T12:13:57.394-05:00,IdeState,Inactive,,*,-1,-1
2024-11-07T12:13:58.407-05:00,IdeState,Inactive,,*,-1,-1
2024-11-07T12:13:59.419-05:00,IdeState,Inactive,,*,-1,-1
2024-11-07T12:14:00.430-05:00,IdeState,Inactive,,*,-1,-1
2024-11-07T12:14:01.441-05:00,IdeState,Inactive,,*,-1,-1
2024-11-07T12:14:02.457-05:00,IdeState,Inactive,,*,-1,-1
2024-11-07T12:14:03.471-05:00,IdeState,Inactive,,*,-1,-1
2024-11-07T12:14:04.487-05:00,IdeState,Inactive,,*,-1,-1
2024-11-07T12:14:05.501-05:00,IdeState,Inactive,,*,-1,-1
2024-11-07T12:14:06.551-05:00,IdeState,Inactive,,*,-1,-1
2024-11-07T12:14:07.563-05:00,IdeState,Inactive,,*,-1,-1
2024-11-07T12:14:08.569-05:00,IdeState,Inactive,,*,-1,-1
2024-11-07T12:14:09.603-05:00,IdeState,Inactive,,*,-1,-1
2024-11-07T12:14:10.625-05:00,IdeState,Inactive,,*,-1,-1
2024-11-07T12:14:11.638-05:00,IdeState,Inactive,,*,-1,-1
2024-11-07T12:14:12.641-05:00,IdeState,Inactive,,*,-1,-1
2024-11-07T12:14:13.656-05:00,IdeState,Inactive,,*,-1,-1
2024-11-07T12:14:14.737-05:00,IdeState,Inactive,,*,-1,-1
2024-11-07T12:14:15.748-05:00,IdeState,Inactive,,*,-1,-1
2024-11-07T12:14:16.763-05:00,IdeState,Inactive,,*,-1,-1
2024-11-07T12:14:17.775-05:00,IdeState,Inactive,,*,-1,-1
2024-11-07T12:14:18.783-05:00,IdeState,Inactive,,*,-1,-1
2024-11-07T12:14:19.793-05:00,IdeState,Inactive,,*,-1,-1
2024-11-07T12:14:20.805-05:00,IdeState,Inactive,,*,-1,-1
2024-11-07T12:14:21.810-05:00,IdeState,Inactive,,*,-1,-1
2024-11-07T12:14:22.821-05:00,IdeState,Inactive,,*,-1,-1
2024-11-07T12:14:23.838-05:00,IdeState,Inactive,,*,-1,-1
2024-11-07T12:14:24.843-05:00,IdeState,Inactive,,*,-1,-1
2024-11-07T12:14:25.857-05:00,IdeState,Inactive,,*,-1,-1
2024-11-07T12:14:26.870-05:00,IdeState,Inactive,,*,-1,-1
2024-11-07T12:14:27.876-05:00,IdeState,Inactive,,*,-1,-1
2024-11-07T12:14:28.883-05:00,IdeState,Inactive,,*,-1,-1
2024-11-07T12:14:29.892-05:00,IdeState,Inactive,,*,-1,-1
2024-11-07T12:14:30.906-05:00,IdeState,Inactive,,*,-1,-1
2024-11-07T12:14:31.908-05:00,IdeState,Inactive,,*,-1,-1
2024-11-07T12:14:32.924-05:00,IdeState,Inactive,,*,-1,-1
2024-11-07T12:14:33.939-05:00,IdeState,Inactive,,*,-1,-1
2024-11-07T12:14:34.951-05:00,IdeState,Inactive,,*,-1,-1
2024-11-07T12:14:35.958-05:00,IdeState,Inactive,,*,-1,-1
2024-11-07T12:14:36.972-05:00,IdeState,Inactive,,*,-1,-1
2024-11-07T12:14:37.986-05:00,IdeState,Inactive,,*,-1,-1
2024-11-07T12:14:38.997-05:00,IdeState,Inactive,,*,-1,-1
2024-11-07T12:14:40.006-05:00,IdeState,Inactive,,*,-1,-1
2024-11-07T12:14:41.015-05:00,IdeState,Inactive,,*,-1,-1
2024-11-07T12:14:42.027-05:00,IdeState,Inactive,,*,-1,-1
2024-11-07T12:14:43.040-05:00,IdeState,Inactive,,*,-1,-1
2024-11-07T12:14:44.050-05:00,IdeState,Inactive,,*,-1,-1
2024-11-07T12:14:45.060-05:00,IdeState,Inactive,,*,-1,-1
2024-11-07T12:14:46.070-05:00,IdeState,Inactive,,*,-1,-1
2024-11-07T12:14:47.084-05:00,IdeState,Inactive,,*,-1,-1
2024-11-07T12:14:48.092-05:00,IdeState,Inactive,,*,-1,-1
2024-11-07T12:14:49.101-05:00,IdeState,Inactive,,*,-1,-1
2024-11-07T12:14:50.114-05:00,IdeState,Inactive,,*,-1,-1
2024-11-07T12:14:51.131-05:00,IdeState,Inactive,,*,-1,-1
2024-11-07T12:14:52.142-05:00,IdeState,Inactive,,*,-1,-1
2024-11-07T12:14:53.157-05:00,IdeState,Inactive,,*,-1,-1
2024-11-07T12:14:54.169-05:00,IdeState,Inactive,,*,-1,-1
2024-11-07T12:14:55.254-05:00,IdeState,Inactive,,*,-1,-1
2024-11-07T12:14:56.271-05:00,IdeState,Inactive,,*,-1,-1
2024-11-07T12:14:57.284-05:00,IdeState,Inactive,,*,-1,-1
2024-11-07T12:14:58.294-05:00,IdeState,Inactive,,*,-1,-1
2024-11-07T12:14:59.306-05:00,IdeState,Inactive,,*,-1,-1
2024-11-07T12:15:00.323-05:00,IdeState,Inactive,,*,-1,-1
2024-11-07T12:15:01.325-05:00,IdeState,Inactive,,*,-1,-1
2024-11-07T12:15:02.333-05:00,IdeState,Inactive,,*,-1,-1
2024-11-07T12:15:03.350-05:00,IdeState,Inactive,,*,-1,-1
2024-11-07T12:15:04.367-05:00,IdeState,Inactive,,*,-1,-1
2024-11-07T12:15:05.379-05:00,IdeState,Inactive,,*,-1,-1
2024-11-07T12:15:06.410-05:00,IdeState,Inactive,,*,-1,-1
2024-11-07T12:15:07.415-05:00,IdeState,Inactive,,*,-1,-1
2024-11-07T12:15:08.423-05:00,IdeState,Inactive,,*,-1,-1
2024-11-07T12:15:09.437-05:00,IdeState,Inactive,,*,-1,-1
2024-11-07T12:15:10.449-05:00,IdeState,Inactive,,*,-1,-1
2024-11-07T12:15:11.458-05:00,IdeState,Inactive,,*,-1,-1
2024-11-07T12:15:12.472-05:00,IdeState,Inactive,,*,-1,-1
2024-11-07T12:15:13.486-05:00,IdeState,Active,Project,*,-1,-1
2024-11-07T12:15:14.502-05:00,IdeState,Active,Project,*,-1,-1
2024-11-07T12:15:15.568-05:00,IdeState,Inactive,,*,-1,-1
2024-11-07T12:15:16.665-05:00,IdeState,Inactive,,*,-1,-1
2024-11-07T12:15:17.674-05:00,IdeState,Inactive,,*,-1,-1
2024-11-07T12:15:18.678-05:00,IdeState,Inactive,,*,-1,-1
2024-11-07T12:15:19.683-05:00,IdeState,Active,Project,*,-1,-1
2024-11-07T12:15:20.693-05:00,IdeState,Active,Project,*,-1,-1
2024-11-07T12:15:21.710-05:00,IdeState,Active,Project,*,-1,-1
2024-11-07T12:15:22.711-05:00,IdeState,Active,Project,*,-1,-1
2024-11-07T12:15:23.726-05:00,IdeState,Active,Project,*,-1,-1
2024-11-07T12:15:24.728-05:00,IdeState,Inactive,,*,-1,-1
2024-11-07T12:15:25.734-05:00,IdeState,Inactive,,*,-1,-1
2024-11-07T12:15:26.735-05:00,IdeState,Inactive,,*,-1,-1
2024-11-07T12:15:27.737-05:00,IdeState,Inactive,,*,-1,-1
2024-11-07T12:15:28.738-05:00,IdeState,Inactive,,*,-1,-1
2024-11-07T12:15:29.739-05:00,IdeState,Inactive,,*,-1,-1
2024-11-07T12:15:30.741-05:00,IdeState,Inactive,,*,-1,-1
2024-11-07T12:15:31.742-05:00,IdeState,Inactive,,*,-1,-1
2024-11-07T12:15:32.743-05:00,IdeState,Inactive,,*,-1,-1
2024-11-07T12:15:33.744-05:00,IdeState,Inactive,,*,-1,-1
2024-11-07T12:15:34.745-05:00,IdeState,Active,Project,*,-1,-1
2024-11-07T12:15:35.746-05:00,IdeState,Active,Project,*,-1,-1
2024-11-07T12:15:36.749-05:00,IdeState,Active,Project,*,-1,-1
2024-11-07T12:15:37.750-05:00,IdeState,Active,Project,*,-1,-1
2024-11-07T12:15:38.752-05:00,IdeState,Active,Project,*,-1,-1
2024-11-07T12:15:39.768-05:00,IdeState,Inactive,,*,-1,-1
2024-11-07T12:15:40.781-05:00,IdeState,Inactive,,*,-1,-1
2024-11-07T12:15:41.783-05:00,IdeState,Inactive,,*,-1,-1
2024-11-07T12:15:42.786-05:00,IdeState,Inactive,,*,-1,-1
2024-11-07T12:15:43.800-05:00,IdeState,Inactive,,*,-1,-1
2024-11-07T12:15:44.809-05:00,IdeState,Inactive,,*,-1,-1
2024-11-07T12:15:45.815-05:00,IdeState,Inactive,,*,-1,-1
2024-11-07T12:15:46.829-05:00,IdeState,Inactive,,*,-1,-1
2024-11-07T12:15:47.843-05:00,IdeState,Inactive,,*,-1,-1
2024-11-07T12:15:48.895-05:00,IdeState,Inactive,,*,-1,-1
2024-11-07T12:15:49.901-05:00,IdeState,Inactive,,*,-1,-1
2024-11-07T12:15:50.909-05:00,IdeState,Inactive,,*,-1,-1
2024-11-07T12:15:51.929-05:00,IdeState,Inactive,,*,-1,-1
2024-11-07T12:15:52.932-05:00,IdeState,Inactive,,*,-1,-1
2024-11-07T12:15:53.944-05:00,IdeState,Inactive,,*,-1,-1
2024-11-07T12:15:54.946-05:00,IdeState,Inactive,,*,-1,-1
2024-11-07T12:15:55.959-05:00,IdeState,Inactive,,*,-1,-1
2024-11-07T12:15:56.970-05:00,IdeState,Inactive,,*,-1,-1
2024-11-07T12:15:57.982-05:00,IdeState,Inactive,,*,-1,-1
2024-11-07T12:15:58.992-05:00,IdeState,Inactive,,*,-1,-1
2024-11-07T12:16:00.007-05:00,IdeState,Inactive,,*,-1,-1
2024-11-07T12:16:01.023-05:00,IdeState,Inactive,,*,-1,-1
2024-11-07T12:16:02.033-05:00,IdeState,Inactive,,*,-1,-1
2024-11-07T12:16:03.036-05:00,IdeState,Inactive,,*,-1,-1
2024-11-07T12:16:04.044-05:00,IdeState,Inactive,,*,-1,-1
2024-11-07T12:16:05.048-05:00,IdeState,Inactive,,*,-1,-1
2024-11-07T12:16:06.062-05:00,IdeState,Inactive,,*,-1,-1
2024-11-07T12:16:07.077-05:00,IdeState,Inactive,,*,-1,-1
2024-11-07T12:16:08.092-05:00,IdeState,Inactive,,*,-1,-1
2024-11-07T12:16:09.105-05:00,IdeState,Inactive,,*,-1,-1
2024-11-07T12:16:10.117-05:00,IdeState,Inactive,,*,-1,-1
2024-11-07T12:16:11.131-05:00,IdeState,Inactive,,*,-1,-1
2024-11-07T12:16:12.141-05:00,IdeState,Inactive,,*,-1,-1
2024-11-07T12:16:13.143-05:00,IdeState,Inactive,,*,-1,-1
2024-11-07T12:16:14.149-05:00,IdeState,Inactive,,*,-1,-1
2024-11-07T12:16:15.153-05:00,IdeState,Inactive,,*,-1,-1
2024-11-07T12:16:16.163-05:00,IdeState,Inactive,,*,-1,-1
2024-11-07T12:16:17.171-05:00,IdeState,Inactive,,*,-1,-1
2024-11-07T12:16:18.185-05:00,IdeState,Inactive,,*,-1,-1
2024-11-07T12:16:19.197-05:00,IdeState,Inactive,,*,-1,-1
2024-11-07T12:16:20.202-05:00,IdeState,Inactive,,*,-1,-1
2024-11-07T12:16:21.212-05:00,IdeState,Inactive,,*,-1,-1
2024-11-07T12:16:22.224-05:00,IdeState,Inactive,,*,-1,-1
2024-11-07T12:16:23.235-05:00,IdeState,Inactive,,*,-1,-1
2024-11-07T12:16:24.247-05:00,IdeState,Inactive,,*,-1,-1
2024-11-07T12:16:25.250-05:00,IdeState,Inactive,,*,-1,-1
2024-11-07T12:16:26.264-05:00,IdeState,Inactive,,*,-1,-1
2024-11-07T12:16:27.278-05:00,IdeState,Inactive,,*,-1,-1
2024-11-07T12:16:28.291-05:00,IdeState,Inactive,,*,-1,-1
2024-11-07T12:16:29.308-05:00,IdeState,Inactive,,*,-1,-1
2024-11-07T12:16:30.316-05:00,IdeState,Inactive,,*,-1,-1
2024-11-07T12:16:31.324-05:00,IdeState,Inactive,,*,-1,-1
2024-11-07T12:16:32.342-05:00,IdeState,Inactive,,*,-1,-1
2024-11-07T12:16:33.350-05:00,IdeState,Inactive,,*,-1,-1
2024-11-07T12:16:34.351-05:00,IdeState,Inactive,,*,-1,-1
2024-11-07T12:16:35.364-05:00,IdeState,Inactive,,*,-1,-1
2024-11-07T12:16:36.378-05:00,IdeState,Inactive,,*,-1,-1
2024-11-07T12:16:37.393-05:00,IdeState,Inactive,,*,-1,-1
2024-11-07T12:16:38.402-05:00,IdeState,Inactive,,*,-1,-1
2024-11-07T12:16:39.409-05:00,IdeState,Inactive,,*,-1,-1
2024-11-07T12:16:40.423-05:00,IdeState,Inactive,,*,-1,-1
2024-11-07T12:16:41.426-05:00,IdeState,Inactive,,*,-1,-1
2024-11-07T12:16:42.438-05:00,IdeState,Inactive,,*,-1,-1
2024-11-07T12:16:43.451-05:00,IdeState,Inactive,,*,-1,-1
2024-11-07T12:16:44.463-05:00,IdeState,Inactive,,*,-1,-1
2024-11-07T12:16:45.476-05:00,IdeState,Inactive,,*,-1,-1
2024-11-07T12:16:46.484-05:00,IdeState,Inactive,,*,-1,-1
2024-11-07T12:16:47.499-05:00,IdeState,Inactive,,*,-1,-1
2024-11-07T12:16:48.510-05:00,IdeState,Inactive,,*,-1,-1
2024-11-07T12:16:49.513-05:00,IdeState,Inactive,,*,-1,-1
2024-11-07T12:16:50.528-05:00,IdeState,Inactive,,*,-1,-1
2024-11-07T12:16:51.543-05:00,IdeState,Inactive,,*,-1,-1
2024-11-07T12:16:52.551-05:00,IdeState,Inactive,,*,-1,-1
2024-11-07T12:16:53.561-05:00,IdeState,Inactive,,*,-1,-1
2024-11-07T12:16:54.592-05:00,IdeState,Inactive,,*,-1,-1
2024-11-07T12:16:55.602-05:00,IdeState,Inactive,,*,-1,-1
2024-11-07T12:16:56.613-05:00,IdeState,Inactive,,*,-1,-1
2024-11-07T12:16:57.627-05:00,IdeState,Inactive,,*,-1,-1
2024-11-07T12:16:58.629-05:00,IdeState,Inactive,,*,-1,-1
2024-11-07T12:16:59.640-05:00,IdeState,Inactive,,*,-1,-1
2024-11-07T12:17:00.654-05:00,IdeState,Inactive,,*,-1,-1
2024-11-07T12:17:01.670-05:00,IdeState,Inactive,,*,-1,-1
2024-11-07T12:17:02.681-05:00,IdeState,Inactive,,*,-1,-1
2024-11-07T12:17:03.698-05:00,IdeState,Inactive,,*,-1,-1
2024-11-07T12:17:04.710-05:00,IdeState,Inactive,,*,-1,-1
2024-11-07T12:17:05.727-05:00,IdeState,Inactive,,*,-1,-1
2024-11-07T12:17:06.740-05:00,IdeState,Inactive,,*,-1,-1
2024-11-07T12:17:07.752-05:00,IdeState,Inactive,,*,-1,-1
2024-11-07T12:17:08.767-05:00,IdeState,Inactive,,*,-1,-1
2024-11-07T12:17:09.780-05:00,IdeState,Inactive,,*,-1,-1
2024-11-07T12:17:10.792-05:00,IdeState,Inactive,,*,-1,-1
2024-11-07T12:17:11.802-05:00,IdeState,Inactive,,*,-1,-1
2024-11-07T12:17:12.819-05:00,IdeState,Inactive,,*,-1,-1
2024-11-07T12:17:13.829-05:00,IdeState,Inactive,,*,-1,-1
2024-11-07T12:17:14.846-05:00,IdeState,Inactive,,*,-1,-1
2024-11-07T12:17:15.860-05:00,IdeState,Inactive,,*,-1,-1
2024-11-07T12:17:16.868-05:00,IdeState,Inactive,,*,-1,-1
2024-11-07T12:17:17.884-05:00,IdeState,Inactive,,*,-1,-1
2024-11-07T12:17:18.899-05:00,IdeState,Inactive,,*,-1,-1
2024-11-07T12:17:19.913-05:00,IdeState,Inactive,,*,-1,-1
2024-11-07T12:17:20.927-05:00,IdeState,Inactive,,*,-1,-1
2024-11-07T12:17:21.939-05:00,IdeState,Inactive,,*,-1,-1
2024-11-07T12:17:22.942-05:00,IdeState,Inactive,,*,-1,-1
2024-11-07T12:17:23.953-05:00,IdeState,Inactive,,*,-1,-1
2024-11-07T12:17:24.962-05:00,IdeState,Inactive,,*,-1,-1
2024-11-07T12:17:25.967-05:00,IdeState,Inactive,,*,-1,-1
2024-11-07T12:17:26.975-05:00,IdeState,Inactive,,*,-1,-1
2024-11-07T12:17:27.990-05:00,IdeState,Inactive,,*,-1,-1
2024-11-07T12:17:29.003-05:00,IdeState,Inactive,,*,-1,-1
2024-11-07T12:17:30.018-05:00,IdeState,Inactive,,*,-1,-1
2024-11-07T12:17:31.034-05:00,IdeState,Inactive,,*,-1,-1
2024-11-07T12:17:32.045-05:00,IdeState,Inactive,,*,-1,-1
2024-11-07T12:17:33.058-05:00,IdeState,Inactive,,*,-1,-1
2024-11-07T12:17:34.071-05:00,IdeState,Inactive,,*,-1,-1
2024-11-07T12:17:35.089-05:00,IdeState,Inactive,,*,-1,-1
2024-11-07T12:17:36.095-05:00,IdeState,Inactive,,*,-1,-1
2024-11-07T12:17:37.112-05:00,IdeState,Inactive,,*,-1,-1
2024-11-07T12:17:38.119-05:00,IdeState,Inactive,,*,-1,-1
2024-11-07T12:17:39.132-05:00,IdeState,Inactive,,*,-1,-1
2024-11-07T12:17:40.139-05:00,IdeState,Inactive,,*,-1,-1
2024-11-07T12:17:41.141-05:00,IdeState,Inactive,,*,-1,-1
2024-11-07T12:17:42.145-05:00,IdeState,Inactive,,*,-1,-1
2024-11-07T12:17:43.160-05:00,IdeState,Inactive,,*,-1,-1
2024-11-07T12:17:44.188-05:00,IdeState,Inactive,,*,-1,-1
2024-11-07T12:17:45.204-05:00,IdeState,Inactive,,*,-1,-1
2024-11-07T12:17:46.224-05:00,IdeState,Inactive,,*,-1,-1
2024-11-07T12:17:47.235-05:00,IdeState,Inactive,,*,-1,-1
2024-11-07T12:17:48.264-05:00,IdeState,Inactive,,*,-1,-1
2024-11-07T12:17:49.278-05:00,IdeState,Inactive,,*,-1,-1
2024-11-07T12:17:50.290-05:00,IdeState,Inactive,,*,-1,-1
2024-11-07T12:17:51.302-05:00,IdeState,Inactive,,*,-1,-1
2024-11-07T12:17:52.317-05:00,IdeState,Inactive,,*,-1,-1
2024-11-07T12:17:53.331-05:00,IdeState,Inactive,,*,-1,-1
2024-11-07T12:17:54.347-05:00,IdeState,Inactive,,*,-1,-1
2024-11-07T12:17:55.349-05:00,IdeState,Inactive,,*,-1,-1
2024-11-07T12:17:56.350-05:00,IdeState,Inactive,,*,-1,-1
2024-11-07T12:17:57.356-05:00,IdeState,Inactive,,*,-1,-1
2024-11-07T12:17:58.367-05:00,IdeState,Inactive,,*,-1,-1
2024-11-07T12:17:59.382-05:00,IdeState,Inactive,,*,-1,-1
2024-11-07T12:18:00.382-05:00,IdeState,Inactive,,*,-1,-1
2024-11-07T12:18:01.396-05:00,IdeState,Inactive,,*,-1,-1
2024-11-07T12:18:02.412-05:00,IdeState,Inactive,,*,-1,-1
2024-11-07T12:18:03.420-05:00,IdeState,Inactive,,*,-1,-1
2024-11-07T12:18:04.435-05:00,IdeState,Inactive,,*,-1,-1
2024-11-07T12:18:05.448-05:00,IdeState,Inactive,,*,-1,-1
2024-11-07T12:18:06.463-05:00,IdeState,Inactive,,*,-1,-1
2024-11-07T12:18:07.475-05:00,IdeState,Inactive,,*,-1,-1
2024-11-07T12:18:08.490-05:00,IdeState,Inactive,,*,-1,-1
2024-11-07T12:18:09.501-05:00,IdeState,Inactive,,*,-1,-1
2024-11-07T12:18:10.516-05:00,IdeState,Inactive,,*,-1,-1
2024-11-07T12:18:11.525-05:00,IdeState,Inactive,,*,-1,-1
2024-11-07T12:18:12.537-05:00,IdeState,Inactive,,*,-1,-1
2024-11-07T12:18:13.551-05:00,IdeState,Inactive,,*,-1,-1
2024-11-07T12:18:14.566-05:00,IdeState,Inactive,,*,-1,-1
2024-11-07T12:18:15.570-05:00,IdeState,Inactive,,*,-1,-1
2024-11-07T12:18:16.587-05:00,IdeState,Inactive,,*,-1,-1
2024-11-07T12:18:17.600-05:00,IdeState,Inactive,,*,-1,-1
2024-11-07T12:18:18.609-05:00,IdeState,Inactive,,*,-1,-1
2024-11-07T12:18:19.624-05:00,IdeState,Inactive,,*,-1,-1
2024-11-07T12:18:20.632-05:00,IdeState,Inactive,,*,-1,-1
2024-11-07T12:18:21.645-05:00,IdeState,Inactive,,*,-1,-1
2024-11-07T12:18:22.656-05:00,IdeState,Inactive,,*,-1,-1
2024-11-07T12:18:23.670-05:00,IdeState,Inactive,,*,-1,-1
2024-11-07T12:18:24.687-05:00,IdeState,Inactive,,*,-1,-1
2024-11-07T12:18:25.700-05:00,IdeState,Inactive,,*,-1,-1
2024-11-07T12:18:26.713-05:00,IdeState,Inactive,,*,-1,-1
2024-11-07T12:18:27.715-05:00,IdeState,Inactive,,*,-1,-1
2024-11-07T12:18:28.720-05:00,IdeState,Inactive,,*,-1,-1
2024-11-07T12:18:29.733-05:00,IdeState,Inactive,,*,-1,-1
2024-11-07T12:18:30.747-05:00,IdeState,Inactive,,*,-1,-1
2024-11-07T12:18:31.758-05:00,IdeState,Inactive,,*,-1,-1
2024-11-07T12:18:32.771-05:00,IdeState,Inactive,,*,-1,-1
2024-11-07T12:18:33.785-05:00,IdeState,Inactive,,*,-1,-1
2024-11-07T12:18:34.795-05:00,IdeState,Inactive,,*,-1,-1
2024-11-07T12:18:35.809-05:00,IdeState,Inactive,,*,-1,-1
2024-11-07T12:18:36.818-05:00,IdeState,Inactive,,*,-1,-1
2024-11-07T12:18:37.831-05:00,IdeState,Inactive,,*,-1,-1
2024-11-07T12:18:38.851-05:00,IdeState,Inactive,,*,-1,-1
2024-11-07T12:18:39.853-05:00,IdeState,Inactive,,*,-1,-1
2024-11-07T12:18:40.869-05:00,IdeState,Inactive,,*,-1,-1
2024-11-07T12:18:41.885-05:00,IdeState,Inactive,,*,-1,-1
2024-11-07T12:18:42.897-05:00,IdeState,Inactive,,*,-1,-1
2024-11-07T12:18:43.910-05:00,IdeState,Inactive,,*,-1,-1
2024-11-07T12:18:44.914-05:00,IdeState,Inactive,,*,-1,-1
2024-11-07T12:18:45.926-05:00,IdeState,Inactive,,*,-1,-1
2024-11-07T12:18:46.938-05:00,IdeState,Inactive,,*,-1,-1
2024-11-07T12:18:47.946-05:00,IdeState,Inactive,,*,-1,-1
2024-11-07T12:18:48.961-05:00,IdeState,Inactive,,*,-1,-1
2024-11-07T12:18:49.973-05:00,IdeState,Inactive,,*,-1,-1
2024-11-07T12:18:50.989-05:00,IdeState,Inactive,,*,-1,-1
2024-11-07T12:18:52.004-05:00,IdeState,Inactive,,*,-1,-1
2024-11-07T12:18:53.017-05:00,IdeState,Inactive,,*,-1,-1
2024-11-07T12:18:54.026-05:00,IdeState,Inactive,,*,-1,-1
2024-11-07T12:18:55.040-05:00,IdeState,Inactive,,*,-1,-1
2024-11-07T12:18:56.054-05:00,IdeState,Inactive,,*,-1,-1
2024-11-07T12:18:57.056-05:00,IdeState,Inactive,,*,-1,-1
2024-11-07T12:18:58.070-05:00,IdeState,Inactive,,*,-1,-1
2024-11-07T12:18:59.084-05:00,IdeState,Inactive,,*,-1,-1
2024-11-07T12:19:00.099-05:00,IdeState,Inactive,,*,-1,-1
2024-11-07T12:19:01.103-05:00,IdeState,Inactive,,*,-1,-1
2024-11-07T12:19:02.117-05:00,IdeState,Inactive,,*,-1,-1
2024-11-07T12:19:03.132-05:00,IdeState,Inactive,,*,-1,-1
2024-11-07T12:19:04.532-05:00,IdeState,Inactive,,*,-1,-1
2024-11-07T12:19:05.536-05:00,IdeState,Inactive,,*,-1,-1
2024-11-07T12:19:06.550-05:00,IdeState,Inactive,,*,-1,-1
2024-11-07T12:19:07.561-05:00,IdeState,Inactive,,*,-1,-1
2024-11-07T12:19:08.572-05:00,IdeState,Inactive,,*,-1,-1
2024-11-07T12:19:09.573-05:00,IdeState,Inactive,,*,-1,-1
2024-11-07T12:19:10.583-05:00,IdeState,Inactive,,*,-1,-1
2024-11-07T12:19:11.593-05:00,IdeState,Inactive,,*,-1,-1
2024-11-07T12:19:12.604-05:00,IdeState,Inactive,,*,-1,-1
2024-11-07T12:19:13.617-05:00,IdeState,Inactive,,*,-1,-1
2024-11-07T12:19:14.629-05:00,IdeState,Inactive,,*,-1,-1
2024-11-07T12:19:15.769-05:00,IdeState,Inactive,,*,-1,-1
2024-11-07T12:19:16.776-05:00,IdeState,Inactive,,*,-1,-1
2024-11-07T12:19:17.791-05:00,IdeState,Inactive,,*,-1,-1
2024-11-07T12:19:18.805-05:00,IdeState,Inactive,,*,-1,-1
2024-11-07T12:19:19.818-05:00,IdeState,Inactive,,*,-1,-1
2024-11-07T12:19:20.831-05:00,IdeState,Inactive,,*,-1,-1
2024-11-07T12:19:21.862-05:00,IdeState,Inactive,,*,-1,-1
2024-11-07T12:19:22.873-05:00,IdeState,Inactive,,*,-1,-1
2024-11-07T12:19:23.887-05:00,IdeState,Inactive,,*,-1,-1
2024-11-07T12:19:24.902-05:00,IdeState,Inactive,,*,-1,-1
2024-11-07T12:19:25.917-05:00,IdeState,Inactive,,*,-1,-1
2024-11-07T12:19:26.932-05:00,IdeState,Inactive,,*,-1,-1
2024-11-07T12:19:27.934-05:00,IdeState,Inactive,,*,-1,-1
2024-11-07T12:19:28.934-05:00,IdeState,Inactive,,*,-1,-1
2024-11-07T12:19:29.946-05:00,IdeState,Inactive,,*,-1,-1
2024-11-07T12:19:30.962-05:00,IdeState,Inactive,,*,-1,-1
2024-11-07T12:19:31.977-05:00,IdeState,Inactive,,*,-1,-1
2024-11-07T12:19:32.991-05:00,IdeState,Inactive,,*,-1,-1
2024-11-07T12:19:34.004-05:00,IdeState,Inactive,,*,-1,-1
2024-11-07T12:19:35.019-05:00,IdeState,Inactive,,*,-1,-1
2024-11-07T12:19:36.035-05:00,IdeState,Inactive,,*,-1,-1
2024-11-07T12:19:37.044-05:00,IdeState,Inactive,,*,-1,-1
2024-11-07T12:19:38.059-05:00,IdeState,Inactive,,*,-1,-1
2024-11-07T12:19:39.070-05:00,IdeState,Inactive,,*,-1,-1
2024-11-07T12:19:40.084-05:00,IdeState,Inactive,,*,-1,-1
2024-11-07T12:19:41.085-05:00,IdeState,Inactive,,*,-1,-1
2024-11-07T12:19:42.100-05:00,IdeState,Inactive,,*,-1,-1
2024-11-07T12:19:43.102-05:00,IdeState,Inactive,,*,-1,-1
2024-11-07T12:19:44.117-05:00,IdeState,Inactive,,*,-1,-1
2024-11-07T12:19:45.141-05:00,IdeState,Inactive,,*,-1,-1
2024-11-07T12:19:46.149-05:00,IdeState,Inactive,,*,-1,-1
2024-11-07T12:19:47.163-05:00,IdeState,Inactive,,*,-1,-1
2024-11-07T12:19:48.168-05:00,IdeState,Inactive,,*,-1,-1
2024-11-07T12:19:49.171-05:00,IdeState,Inactive,,*,-1,-1
2024-11-07T12:19:50.172-05:00,IdeState,Inactive,,*,-1,-1
2024-11-07T12:19:51.176-05:00,IdeState,Inactive,,*,-1,-1
2024-11-07T12:19:52.188-05:00,IdeState,Inactive,,*,-1,-1
2024-11-07T12:19:53.203-05:00,IdeState,Inactive,,*,-1,-1
2024-11-07T12:19:54.205-05:00,IdeState,Inactive,,*,-1,-1
2024-11-07T12:19:55.219-05:00,IdeState,Inactive,,*,-1,-1
2024-11-07T12:19:56.235-05:00,IdeState,Inactive,,*,-1,-1
2024-11-07T12:19:57.249-05:00,IdeState,Inactive,,*,-1,-1
2024-11-07T12:19:58.264-05:00,IdeState,Inactive,,*,-1,-1
2024-11-07T12:19:59.277-05:00,IdeState,Inactive,,*,-1,-1
2024-11-07T12:20:00.294-05:00,IdeState,Inactive,,*,-1,-1
2024-11-07T12:20:01.310-05:00,IdeState,Inactive,,*,-1,-1
2024-11-07T12:20:02.320-05:00,IdeState,Inactive,,*,-1,-1
2024-11-07T12:20:03.335-05:00,IdeState,Inactive,,*,-1,-1
2024-11-07T12:20:04.348-05:00,IdeState,Inactive,,*,-1,-1
2024-11-07T12:20:05.352-05:00,IdeState,Inactive,,*,-1,-1
2024-11-07T12:20:06.367-05:00,IdeState,Inactive,,*,-1,-1
2024-11-07T12:20:07.380-05:00,IdeState,Inactive,,*,-1,-1
2024-11-07T12:20:08.382-05:00,IdeState,Inactive,,*,-1,-1
2024-11-07T12:20:09.398-05:00,IdeState,Inactive,,*,-1,-1
2024-11-07T12:20:10.417-05:00,IdeState,Inactive,,*,-1,-1
2024-11-07T12:20:11.429-05:00,IdeState,Inactive,,*,-1,-1
2024-11-07T12:20:12.441-05:00,IdeState,Inactive,,*,-1,-1
2024-11-07T12:20:13.454-05:00,IdeState,Inactive,,*,-1,-1
2024-11-07T12:20:14.466-05:00,IdeState,Inactive,,*,-1,-1
2024-11-07T12:20:15.483-05:00,IdeState,Inactive,,*,-1,-1
2024-11-07T12:20:16.493-05:00,IdeState,Inactive,,*,-1,-1
2024-11-07T12:20:17.493-05:00,IdeState,Inactive,,*,-1,-1
2024-11-07T12:20:18.509-05:00,IdeState,Inactive,,*,-1,-1
2024-11-07T12:20:19.510-05:00,IdeState,Inactive,,*,-1,-1
2024-11-07T12:20:20.520-05:00,IdeState,Inactive,,*,-1,-1
2024-11-07T12:20:21.525-05:00,IdeState,Inactive,,*,-1,-1
2024-11-07T12:20:22.539-05:00,IdeState,Inactive,,*,-1,-1
2024-11-07T12:20:23.551-05:00,IdeState,Inactive,,*,-1,-1
2024-11-07T12:20:24.567-05:00,IdeState,Inactive,,*,-1,-1
2024-11-07T12:20:25.570-05:00,IdeState,Inactive,,*,-1,-1
2024-11-07T12:20:26.582-05:00,IdeState,Inactive,,*,-1,-1
2024-11-07T12:20:27.584-05:00,IdeState,Inactive,,*,-1,-1
2024-11-07T12:20:28.598-05:00,IdeState,Inactive,,*,-1,-1
2024-11-07T12:20:29.609-05:00,IdeState,Inactive,,*,-1,-1
2024-11-07T12:20:30.614-05:00,IdeState,Inactive,,*,-1,-1
2024-11-07T12:20:31.618-05:00,IdeState,Inactive,,*,-1,-1
2024-11-07T12:20:32.620-05:00,IdeState,Inactive,,*,-1,-1
2024-11-07T12:20:33.632-05:00,IdeState,Inactive,,*,-1,-1
2024-11-07T12:20:34.635-05:00,IdeState,Inactive,,*,-1,-1
2024-11-07T12:20:35.649-05:00,IdeState,Inactive,,*,-1,-1
2024-11-07T12:20:36.665-05:00,IdeState,Inactive,,*,-1,-1
2024-11-07T12:20:37.676-05:00,IdeState,Inactive,,*,-1,-1
2024-11-07T12:20:38.739-05:00,IdeState,Inactive,,*,-1,-1
2024-11-07T12:20:39.770-05:00,IdeState,Inactive,,*,-1,-1
2024-11-07T12:20:40.784-05:00,IdeState,Inactive,,*,-1,-1
2024-11-07T12:20:41.796-05:00,IdeState,Inactive,,*,-1,-1
2024-11-07T12:20:42.818-05:00,IdeState,Inactive,,*,-1,-1
2024-11-07T12:20:43.831-05:00,IdeState,Inactive,,*,-1,-1
2024-11-07T12:20:44.900-05:00,IdeState,Inactive,,*,-1,-1
2024-11-07T12:26:57.777-05:00,IdeState,Inactive,,*,-1,-1
2024-11-07T12:26:58.784-05:00,IdeState,Inactive,,*,-1,-1
2024-11-07T12:26:59.795-05:00,IdeState,Inactive,,*,-1,-1
2024-11-07T12:27:00.802-05:00,IdeState,Inactive,,*,-1,-1
2024-11-07T12:27:01.809-05:00,IdeState,Inactive,,*,-1,-1
2024-11-07T12:27:02.819-05:00,IdeState,Inactive,,*,-1,-1
2024-11-07T12:27:03.830-05:00,IdeState,Inactive,,*,-1,-1
2024-11-07T12:27:04.845-05:00,IdeState,Inactive,,*,-1,-1
2024-11-07T12:27:05.862-05:00,IdeState,Inactive,,*,-1,-1
2024-11-07T12:27:06.874-05:00,IdeState,Inactive,,*,-1,-1
2024-11-07T12:27:07.960-05:00,IdeState,Inactive,,*,-1,-1
2024-11-07T12:27:08.966-05:00,IdeState,Inactive,,*,-1,-1
2024-11-07T12:27:10.016-05:00,IdeState,Inactive,,*,-1,-1
2024-11-07T12:27:11.040-05:00,IdeState,Inactive,,*,-1,-1
2024-11-07T12:27:12.238-05:00,IdeState,Inactive,,*,-1,-1
2024-11-07T12:27:13.275-05:00,IdeState,Inactive,,*,-1,-1
2024-11-07T12:27:14.296-05:00,IdeState,Inactive,,*,-1,-1
2024-11-07T12:27:15.309-05:00,IdeState,Inactive,,*,-1,-1
2024-11-07T12:27:16.315-05:00,IdeState,Inactive,,*,-1,-1
2024-11-07T12:27:17.321-05:00,IdeState,Inactive,,*,-1,-1
2024-11-07T12:27:18.329-05:00,IdeState,Inactive,,*,-1,-1
2024-11-07T12:27:19.330-05:00,IdeState,Inactive,,*,-1,-1
2024-11-07T12:27:20.339-05:00,IdeState,Inactive,,*,-1,-1
2024-11-07T12:27:21.355-05:00,IdeState,Inactive,,*,-1,-1
2024-11-07T12:27:22.372-05:00,IdeState,Inactive,,*,-1,-1
2024-11-07T12:27:23.380-05:00,IdeState,Inactive,,*,-1,-1
2024-11-07T12:27:24.395-05:00,IdeState,Inactive,,*,-1,-1
2024-11-07T12:27:25.404-05:00,IdeState,Inactive,,*,-1,-1
2024-11-07T12:27:26.418-05:00,IdeState,Inactive,,*,-1,-1
2024-11-07T14:56:21.344-05:00,IdeState,Inactive,,*,-1,-1
2024-11-07T14:56:22.423-05:00,IdeState,Inactive,,*,-1,-1
2024-11-07T14:56:23.745-05:00,IdeState,Inactive,,*,-1,-1
2024-11-07T14:56:24.757-05:00,IdeState,Inactive,,*,-1,-1
2024-11-07T14:56:25.762-05:00,IdeState,Inactive,,*,-1,-1
2024-11-07T14:56:26.773-05:00,IdeState,Inactive,,*,-1,-1
2024-11-07T14:56:27.777-05:00,IdeState,Inactive,,*,-1,-1
2024-11-07T14:56:29.460-05:00,IdeState,NoProject,,*,-1,-1
2024-11-07T14:56:30.463-05:00,IdeState,Active,Popup,*,-1,-1
2024-11-07T14:56:31.824-05:00,IdeState,Active,Popup,*,-1,-1
2024-11-07T14:56:33.572-05:00,IdeState,Active,Popup,*,-1,-1
2024-11-07T14:56:34.628-05:00,IdeState,Active,Project,*,-1,-1
2024-11-07T14:56:35.632-05:00,IdeState,Active,Project,*,-1,-1
2024-11-07T14:56:36.634-05:00,IdeState,Active,Project,*,-1,-1
2024-11-07T14:56:37.635-05:00,IdeState,Active,Project,*,-1,-1
2024-11-07T14:56:38.637-05:00,IdeState,Inactive,,*,-1,-1
2024-11-07T14:56:39.804-05:00,IdeState,Inactive,,*,-1,-1
2024-11-07T14:56:40.835-05:00,IdeState,Inactive,,*,-1,-1
2024-11-08T14:47:58.017-05:00,IdeState,Inactive,,*,-1,-1
2024-11-08T14:47:59.093-05:00,IdeState,Inactive,,*,-1,-1
2024-11-08T14:48:00.099-05:00,IdeState,Inactive,,*,-1,-1
2024-11-08T14:48:01.112-05:00,IdeState,Inactive,,*,-1,-1
2024-11-08T14:48:02.123-05:00,IdeState,Inactive,,*,-1,-1
2024-11-08T14:48:03.716-05:00,IdeState,NoProject,,*,-1,-1
2024-11-08T14:48:04.876-05:00,IdeState,Active,Popup,*,-1,-1
2024-11-08T14:48:05.937-05:00,IdeState,Active,Popup,*,-1,-1
2024-11-08T14:51:00.250-05:00,IdeState,NoProject,,*,-1,-1
2024-11-08T14:51:01.745-05:00,IdeState,Active,Popup,*,-1,-1
2024-11-08T14:51:03.109-05:00,IdeState,Active,Project,*,-1,-1
2024-11-08T14:51:04.111-05:00,IdeState,Active,Project,*,-1,-1
2024-11-08T14:51:05.112-05:00,IdeState,Active,Project,*,-1,-1
2024-11-08T14:51:06.114-05:00,IdeState,Active,Popup,*,-1,-1
2024-11-08T14:51:07.116-05:00,IdeState,Active,Popup,*,-1,-1
2024-11-08T14:51:08.276-05:00,IdeState,Active,Popup,*,-1,-1
2024-11-08T14:51:09.278-05:00,IdeState,Active,Popup,*,-1,-1
2024-11-08T14:51:09.605-05:00,Action,CloseProject,Popup,*,-1,-1
2024-11-08T14:51:10.883-05:00,IdeState,NoProject,,*,-1,-1
2024-11-08T14:51:11.884-05:00,IdeState,NoProject,,*,-1,-1
2024-11-08T14:51:12.886-05:00,IdeState,NoProject,,*,-1,-1
2024-11-08T14:51:13.888-05:00,IdeState,NoProject,,*,-1,-1
2024-11-08T14:51:14.889-05:00,IdeState,NoProject,,*,-1,-1
2024-11-08T14:51:15.890-05:00,IdeState,NoProject,,*,-1,-1
2024-11-08T14:51:16.896-05:00,IdeState,NoProject,,*,-1,-1
2024-11-08T14:51:17.898-05:00,IdeState,NoProject,,*,-1,-1
2024-11-08T14:51:18.899-05:00,IdeState,NoProject,,*,-1,-1
2024-11-08T14:51:19.901-05:00,IdeState,NoProject,,*,-1,-1
2024-11-08T14:51:21.250-05:00,IdeState,NoProject,,*,-1,-1
2024-11-08T14:51:22.250-05:00,IdeState,NoProject,,*,-1,-1
2024-11-08T14:51:23.252-05:00,IdeState,NoProject,,*,-1,-1
2024-11-08T14:51:24.253-05:00,IdeState,NoProject,,*,-1,-1
2024-11-08T14:51:25.253-05:00,IdeState,NoProject,,*,-1,-1
2024-11-08T14:51:26.255-05:00,IdeState,NoProject,,*,-1,-1
2024-11-08T14:51:27.256-05:00,IdeState,NoProject,,*,-1,-1
2024-11-08T14:51:28.259-05:00,IdeState,NoProject,,*,-1,-1
2024-11-08T14:51:29.260-05:00,IdeState,NoProject,,*,-1,-1
2024-11-08T14:51:30.261-05:00,IdeState,NoProject,,*,-1,-1
2024-11-08T14:51:31.262-05:00,IdeState,NoProject,,*,-1,-1
2024-11-08T14:51:32.265-05:00,IdeState,NoProject,,*,-1,-1
2024-11-08T14:51:33.266-05:00,IdeState,NoProject,,*,-1,-1
2024-11-08T14:51:34.267-05:00,IdeState,NoProject,,*,-1,-1
2024-11-08T14:51:35.268-05:00,IdeState,NoProject,,*,-1,-1
2024-11-08T14:51:36.269-05:00,IdeState,NoProject,,*,-1,-1
2024-11-08T14:51:37.375-05:00,IdeState,NoProject,,*,-1,-1
2024-11-08T14:51:38.378-05:00,IdeState,NoProject,,*,-1,-1
2024-11-08T14:51:39.378-05:00,IdeState,NoProject,,*,-1,-1
2024-11-08T14:51:40.379-05:00,IdeState,NoProject,,*,-1,-1
2024-11-08T14:51:41.382-05:00,IdeState,NoProject,,*,-1,-1
2024-11-08T14:51:42.384-05:00,IdeState,Inactive,,*,-1,-1
2024-11-08T14:51:43.385-05:00,IdeState,Inactive,,*,-1,-1
2024-11-08T14:51:44.394-05:00,IdeState,Inactive,,*,-1,-1
2024-11-08T14:51:45.395-05:00,IdeState,Inactive,,*,-1,-1
2024-11-08T14:51:46.396-05:00,IdeState,Inactive,,*,-1,-1
2024-11-08T14:51:47.402-05:00,IdeState,Inactive,,*,-1,-1
2024-11-08T14:51:48.412-05:00,IdeState,Inactive,,*,-1,-1
2024-11-08T14:51:49.420-05:00,IdeState,Inactive,,*,-1,-1
2024-11-08T14:51:50.425-05:00,IdeState,Inactive,,*,-1,-1
2024-11-08T14:51:51.440-05:00,IdeState,Inactive,,*,-1,-1
2024-11-08T14:51:52.454-05:00,IdeState,Inactive,,*,-1,-1
2024-11-08T14:51:53.457-05:00,IdeState,Inactive,,*,-1,-1
2024-11-08T14:51:54.470-05:00,IdeState,Inactive,,*,-1,-1
2024-11-08T14:51:55.473-05:00,IdeState,Inactive,,*,-1,-1
2024-11-08T14:51:56.487-05:00,IdeState,Inactive,,*,-1,-1
2024-11-08T14:51:57.489-05:00,IdeState,Inactive,,*,-1,-1
2024-11-08T14:51:58.502-05:00,IdeState,Inactive,,*,-1,-1
2024-11-08T14:51:59.516-05:00,IdeState,Inactive,,*,-1,-1
2024-11-08T14:52:00.525-05:00,IdeState,Inactive,,*,-1,-1
2024-11-08T14:52:01.536-05:00,IdeState,Inactive,,*,-1,-1
2024-11-08T14:52:02.545-05:00,IdeState,Inactive,,*,-1,-1
2024-11-08T14:52:03.557-05:00,IdeState,Inactive,,*,-1,-1
2024-11-08T14:52:04.569-05:00,IdeState,Inactive,,*,-1,-1
2024-11-08T14:52:05.572-05:00,IdeState,Inactive,,*,-1,-1
2024-11-08T14:52:06.584-05:00,IdeState,Inactive,,*,-1,-1
2024-11-08T14:52:07.595-05:00,IdeState,Inactive,,*,-1,-1
2024-11-08T14:52:08.600-05:00,IdeState,Inactive,,*,-1,-1
2024-11-08T14:52:09.611-05:00,IdeState,Inactive,,*,-1,-1
2024-11-08T14:52:10.621-05:00,IdeState,Inactive,,*,-1,-1
2024-11-08T14:52:11.626-05:00,IdeState,Inactive,,*,-1,-1
2024-11-08T14:52:12.630-05:00,IdeState,Inactive,,*,-1,-1
2024-11-08T14:52:13.638-05:00,IdeState,Inactive,,*,-1,-1
2024-11-08T14:52:14.648-05:00,IdeState,Inactive,,*,-1,-1
2024-11-08T14:52:15.654-05:00,IdeState,Inactive,,*,-1,-1
2024-11-08T14:52:16.667-05:00,IdeState,Inactive,,*,-1,-1
2024-11-08T14:52:17.675-05:00,IdeState,Inactive,,*,-1,-1
2024-11-08T14:52:18.684-05:00,IdeState,Inactive,,*,-1,-1
2024-11-08T14:52:19.689-05:00,IdeState,Inactive,,*,-1,-1
2024-11-08T14:52:20.696-05:00,IdeState,Inactive,,*,-1,-1
2024-11-08T14:52:21.709-05:00,IdeState,Inactive,,*,-1,-1
2024-11-08T14:52:22.714-05:00,IdeState,Inactive,,*,-1,-1
2024-11-08T14:52:23.725-05:00,IdeState,Inactive,,*,-1,-1
2024-11-08T14:52:24.736-05:00,IdeState,Inactive,,*,-1,-1
2024-11-08T14:52:25.743-05:00,IdeState,Inactive,,*,-1,-1
2024-11-08T14:52:26.744-05:00,IdeState,Inactive,,*,-1,-1
2024-11-08T14:52:27.759-05:00,IdeState,Inactive,,*,-1,-1
2024-11-08T14:52:28.766-05:00,IdeState,Inactive,,*,-1,-1
2024-11-08T14:52:29.773-05:00,IdeState,Inactive,,*,-1,-1
2024-11-08T14:52:30.784-05:00,IdeState,Inactive,,*,-1,-1
2024-11-08T14:52:31.790-05:00,IdeState,Inactive,,*,-1,-1
2024-11-08T14:52:32.799-05:00,IdeState,Inactive,,*,-1,-1
2024-11-08T14:52:33.809-05:00,IdeState,Inactive,,*,-1,-1
2024-11-08T14:52:34.820-05:00,IdeState,Inactive,,*,-1,-1
2024-11-08T14:52:35.828-05:00,IdeState,Inactive,,*,-1,-1
2024-11-08T14:52:36.840-05:00,IdeState,Inactive,,*,-1,-1
2024-11-08T14:52:37.850-05:00,IdeState,Inactive,,*,-1,-1
2024-11-08T14:52:38.860-05:00,IdeState,Inactive,,*,-1,-1
2024-11-08T14:52:39.872-05:00,IdeState,Inactive,,*,-1,-1
2024-11-08T14:52:40.884-05:00,IdeState,Inactive,,*,-1,-1
2024-11-08T14:52:41.897-05:00,IdeState,Inactive,,*,-1,-1
2024-11-08T14:52:42.909-05:00,IdeState,Inactive,,*,-1,-1
2024-11-08T14:52:43.921-05:00,IdeState,Inactive,,*,-1,-1
2024-11-08T14:52:44.932-05:00,IdeState,Inactive,,*,-1,-1
2024-11-08T14:52:45.942-05:00,IdeState,Inactive,,*,-1,-1
2024-11-08T14:52:46.954-05:00,IdeState,Inactive,,*,-1,-1
2024-11-08T14:52:47.967-05:00,IdeState,Inactive,,*,-1,-1
2024-11-08T14:52:48.979-05:00,IdeState,Inactive,,*,-1,-1
2024-11-08T14:52:49.989-05:00,IdeState,Inactive,,*,-1,-1
2024-11-08T14:52:50.998-05:00,IdeState,Inactive,,*,-1,-1
2024-11-08T14:52:52.008-05:00,IdeState,Inactive,,*,-1,-1
2024-11-08T14:52:53.022-05:00,IdeState,Inactive,,*,-1,-1
2024-11-08T14:52:54.027-05:00,IdeState,Inactive,,*,-1,-1
2024-11-08T14:52:55.040-05:00,IdeState,Inactive,,*,-1,-1
2024-11-08T14:52:56.051-05:00,IdeState,Inactive,,*,-1,-1
2024-11-08T14:52:57.062-05:00,IdeState,Inactive,,*,-1,-1
2024-11-08T14:52:58.088-05:00,IdeState,Inactive,,*,-1,-1
2024-11-08T14:52:59.096-05:00,IdeState,Inactive,,*,-1,-1
2024-11-08T14:53:00.112-05:00,IdeState,Inactive,,*,-1,-1
2024-11-08T14:53:01.127-05:00,IdeState,Inactive,,*,-1,-1
2024-11-08T14:53:02.136-05:00,IdeState,Inactive,,*,-1,-1
2024-11-08T14:53:03.149-05:00,IdeState,Inactive,,*,-1,-1
2024-11-08T14:53:04.153-05:00,IdeState,Inactive,,*,-1,-1
2024-11-08T14:53:05.163-05:00,IdeState,Inactive,,*,-1,-1
2024-11-08T14:53:06.169-05:00,IdeState,Inactive,,*,-1,-1
2024-11-08T14:53:07.181-05:00,IdeState,Inactive,,*,-1,-1
2024-11-08T14:53:08.186-05:00,IdeState,Inactive,,*,-1,-1
2024-11-08T14:53:09.194-05:00,IdeState,Inactive,,*,-1,-1
2024-11-08T14:53:10.204-05:00,IdeState,Inactive,,*,-1,-1
2024-11-08T14:53:11.208-05:00,IdeState,Inactive,,*,-1,-1
2024-11-08T14:53:12.218-05:00,IdeState,Inactive,,*,-1,-1
2024-11-08T14:53:13.234-05:00,IdeState,Inactive,,*,-1,-1
2024-11-08T14:53:14.243-05:00,IdeState,Inactive,,*,-1,-1
2024-11-08T14:53:15.255-05:00,IdeState,Inactive,,*,-1,-1
2024-11-08T14:53:16.257-05:00,IdeState,Inactive,,*,-1,-1
2024-11-08T14:53:17.266-05:00,IdeState,Inactive,,*,-1,-1
2024-11-08T14:53:18.274-05:00,IdeState,Inactive,,*,-1,-1
2024-11-08T14:53:19.287-05:00,IdeState,Inactive,,*,-1,-1
2024-11-08T14:53:20.298-05:00,IdeState,Inactive,,*,-1,-1
2024-11-08T14:53:21.317-05:00,IdeState,Inactive,,*,-1,-1
2024-11-08T14:53:22.328-05:00,IdeState,Inactive,,*,-1,-1
2024-11-08T14:53:23.344-05:00,IdeState,Inactive,,*,-1,-1
2024-11-08T14:53:24.357-05:00,IdeState,Inactive,,*,-1,-1
2024-11-08T14:53:25.402-05:00,IdeState,Inactive,,*,-1,-1
2024-11-08T14:53:26.416-05:00,IdeState,Inactive,,*,-1,-1
2024-11-08T14:53:27.429-05:00,IdeState,Inactive,,*,-1,-1
2024-11-08T14:53:28.438-05:00,IdeState,Inactive,,*,-1,-1
2024-11-08T14:53:29.448-05:00,IdeState,Inactive,,*,-1,-1
2024-11-08T14:53:30.461-05:00,IdeState,Inactive,,*,-1,-1
2024-11-08T14:53:31.472-05:00,IdeState,Inactive,,*,-1,-1
2024-11-08T14:53:32.487-05:00,IdeState,Inactive,,*,-1,-1
2024-11-08T14:53:33.499-05:00,IdeState,Inactive,,*,-1,-1
2024-11-08T14:53:34.507-05:00,IdeState,Inactive,,*,-1,-1
2024-11-08T14:53:35.518-05:00,IdeState,Inactive,,*,-1,-1
2024-11-08T14:53:36.520-05:00,IdeState,Inactive,,*,-1,-1
2024-11-08T14:53:37.531-05:00,IdeState,Inactive,,*,-1,-1
2024-11-08T14:53:38.545-05:00,IdeState,Inactive,,*,-1,-1
2024-11-08T14:53:39.559-05:00,IdeState,Inactive,,*,-1,-1
2024-11-08T14:53:40.571-05:00,IdeState,Inactive,,*,-1,-1
2024-11-08T14:53:41.585-05:00,IdeState,Inactive,,*,-1,-1
2024-11-08T14:53:42.600-05:00,IdeState,Inactive,,*,-1,-1
2024-11-08T14:53:43.615-05:00,IdeState,Inactive,,*,-1,-1
2024-11-08T14:53:44.626-05:00,IdeState,Inactive,,*,-1,-1
2024-11-08T14:53:45.639-05:00,IdeState,Inactive,,*,-1,-1
2024-11-08T14:53:46.650-05:00,IdeState,Inactive,,*,-1,-1
2024-11-08T14:53:47.652-05:00,IdeState,Inactive,,*,-1,-1
2024-11-08T14:53:48.656-05:00,IdeState,Inactive,,*,-1,-1
2024-11-08T14:53:49.667-05:00,IdeState,Inactive,,*,-1,-1
2024-11-08T14:53:50.679-05:00,IdeState,Inactive,,*,-1,-1
2024-11-08T14:53:51.689-05:00,IdeState,Inactive,,*,-1,-1
2024-11-08T14:53:52.692-05:00,IdeState,Inactive,,*,-1,-1
2024-11-08T14:53:53.704-05:00,IdeState,Inactive,,*,-1,-1
2024-11-08T14:53:54.723-05:00,IdeState,Inactive,,*,-1,-1
2024-11-08T14:53:55.734-05:00,IdeState,Inactive,,*,-1,-1
2024-11-08T14:53:56.744-05:00,IdeState,Inactive,,*,-1,-1
2024-11-08T14:53:57.757-05:00,IdeState,Inactive,,*,-1,-1
2024-11-08T14:53:58.762-05:00,IdeState,Inactive,,*,-1,-1
2024-11-08T14:53:59.771-05:00,IdeState,Inactive,,*,-1,-1
2024-11-08T14:54:00.783-05:00,IdeState,Inactive,,*,-1,-1
2024-11-08T14:54:01.797-05:00,IdeState,Inactive,,*,-1,-1
2024-11-08T14:54:02.812-05:00,IdeState,Inactive,,*,-1,-1
2024-11-08T14:54:03.828-05:00,IdeState,Inactive,,*,-1,-1
2024-11-08T14:54:04.841-05:00,IdeState,Inactive,,*,-1,-1
2024-11-08T14:54:05.852-05:00,IdeState,Inactive,,*,-1,-1
2024-11-08T14:54:06.868-05:00,IdeState,Inactive,,*,-1,-1
2024-11-08T14:54:07.873-05:00,IdeState,Inactive,,*,-1,-1
2024-11-08T14:54:08.875-05:00,IdeState,Inactive,,*,-1,-1
2024-11-08T14:54:09.886-05:00,IdeState,Inactive,,*,-1,-1
2024-11-08T14:54:10.888-05:00,IdeState,Inactive,,*,-1,-1
2024-11-08T14:54:11.936-05:00,IdeState,Inactive,,*,-1,-1
2024-11-08T14:54:12.946-05:00,IdeState,Inactive,,*,-1,-1
2024-11-08T14:54:13.962-05:00,IdeState,Inactive,,*,-1,-1
2024-11-08T14:54:14.974-05:00,IdeState,Inactive,,*,-1,-1
2024-11-08T14:54:15.981-05:00,IdeState,Inactive,,*,-1,-1
2024-11-08T14:54:17.002-05:00,IdeState,Inactive,,*,-1,-1
2024-11-08T14:54:18.010-05:00,IdeState,Inactive,,*,-1,-1
2024-11-08T14:54:19.015-05:00,IdeState,Inactive,,*,-1,-1
2024-11-08T14:54:20.025-05:00,IdeState,Inactive,,*,-1,-1
2024-11-08T14:54:21.061-05:00,IdeState,Inactive,,*,-1,-1
2024-11-08T14:54:22.083-05:00,IdeState,Inactive,,*,-1,-1
2024-11-08T14:54:23.089-05:00,IdeState,Inactive,,*,-1,-1
2024-11-08T14:54:24.104-05:00,IdeState,Inactive,,*,-1,-1
2024-11-08T14:54:25.111-05:00,IdeState,Inactive,,*,-1,-1
2024-11-08T14:54:26.126-05:00,IdeState,Inactive,,*,-1,-1
2024-11-08T14:54:27.131-05:00,IdeState,Inactive,,*,-1,-1
2024-11-08T14:54:28.137-05:00,IdeState,Inactive,,*,-1,-1
2024-11-08T14:54:29.145-05:00,IdeState,Inactive,,*,-1,-1
2024-11-08T14:54:30.155-05:00,IdeState,Inactive,,*,-1,-1
2024-11-08T14:54:31.163-05:00,IdeState,Inactive,,*,-1,-1
2024-11-08T14:54:32.174-05:00,IdeState,Inactive,,*,-1,-1
2024-11-08T14:54:33.178-05:00,IdeState,Inactive,,*,-1,-1
2024-11-08T14:54:34.188-05:00,IdeState,Inactive,,*,-1,-1
2024-11-08T14:54:35.192-05:00,IdeState,Inactive,,*,-1,-1
2024-11-08T14:54:36.203-05:00,IdeState,Inactive,,*,-1,-1
2024-11-08T14:54:37.209-05:00,IdeState,Inactive,,*,-1,-1
2024-11-08T14:54:38.211-05:00,IdeState,Inactive,,*,-1,-1
2024-11-08T14:54:39.226-05:00,IdeState,Inactive,,*,-1,-1
2024-11-08T14:54:40.242-05:00,IdeState,Inactive,,*,-1,-1
2024-11-08T14:54:41.258-05:00,IdeState,Inactive,,*,-1,-1
2024-11-08T14:54:42.272-05:00,IdeState,Inactive,,*,-1,-1
2024-11-08T14:54:43.285-05:00,IdeState,Inactive,,*,-1,-1
2024-11-08T14:54:44.298-05:00,IdeState,Inactive,,*,-1,-1
2024-11-08T14:54:45.298-05:00,IdeState,Inactive,,*,-1,-1
2024-11-08T14:54:46.308-05:00,IdeState,Inactive,,*,-1,-1
2024-11-08T14:54:47.324-05:00,IdeState,Inactive,,*,-1,-1
2024-11-08T14:54:48.331-05:00,IdeState,Inactive,,*,-1,-1
2024-11-08T14:54:49.342-05:00,IdeState,NoProject,,*,-1,-1
2024-11-08T14:54:50.356-05:00,IdeState,NoProject,,*,-1,-1
2024-11-08T14:54:51.368-05:00,IdeState,NoProject,,*,-1,-1
2024-11-08T14:54:52.379-05:00,IdeState,NoProject,,*,-1,-1
2024-11-08T14:54:53.386-05:00,IdeState,NoProject,,*,-1,-1
2024-11-08T14:54:54.388-05:00,IdeState,Inactive,,*,-1,-1
2024-11-08T14:54:55.390-05:00,IdeState,Inactive,,*,-1,-1
2024-11-08T14:54:56.392-05:00,IdeState,Inactive,,*,-1,-1
2024-11-08T14:54:57.394-05:00,IdeState,Inactive,,*,-1,-1
2024-11-08T14:54:58.394-05:00,IdeState,Inactive,,*,-1,-1
2024-11-08T14:54:59.397-05:00,IdeState,Inactive,,*,-1,-1
2024-11-08T14:55:00.403-05:00,IdeState,Inactive,,*,-1,-1
2024-11-08T14:55:01.418-05:00,IdeState,Inactive,,*,-1,-1
2024-11-08T14:55:02.431-05:00,IdeState,Inactive,,*,-1,-1
2024-11-08T14:55:03.441-05:00,IdeState,Inactive,,*,-1,-1
2024-11-08T14:55:04.450-05:00,IdeState,Inactive,,*,-1,-1
2024-11-08T14:55:05.463-05:00,IdeState,Inactive,,*,-1,-1
2024-11-08T14:55:06.473-05:00,IdeState,Inactive,,*,-1,-1
2024-11-08T14:55:07.487-05:00,IdeState,Inactive,,*,-1,-1
2024-11-08T14:55:08.497-05:00,IdeState,Inactive,,*,-1,-1
2024-11-08T14:55:09.510-05:00,IdeState,Inactive,,*,-1,-1
2024-11-08T14:55:10.526-05:00,IdeState,Inactive,,*,-1,-1
2024-11-08T14:55:11.536-05:00,IdeState,Inactive,,*,-1,-1
2024-11-08T14:55:12.537-05:00,IdeState,Inactive,,*,-1,-1
2024-11-08T14:55:13.550-05:00,IdeState,Inactive,,*,-1,-1
2024-11-08T14:55:14.559-05:00,IdeState,Inactive,,*,-1,-1
2024-11-08T14:55:15.566-05:00,IdeState,Inactive,,*,-1,-1
2024-11-08T14:55:16.579-05:00,IdeState,Inactive,,*,-1,-1
2024-11-08T14:55:17.593-05:00,IdeState,Inactive,,*,-1,-1
2024-11-08T14:55:18.597-05:00,IdeState,Inactive,,*,-1,-1
2024-11-08T14:55:19.613-05:00,IdeState,Inactive,,*,-1,-1
2024-11-08T14:55:20.625-05:00,IdeState,Inactive,,*,-1,-1
2024-11-08T14:55:21.641-05:00,IdeState,Inactive,,*,-1,-1
2024-11-08T14:55:22.656-05:00,IdeState,Inactive,,*,-1,-1
2024-11-08T14:55:23.671-05:00,IdeState,Inactive,,*,-1,-1
2024-11-08T14:55:24.685-05:00,IdeState,Inactive,,*,-1,-1
2024-11-08T14:55:25.700-05:00,IdeState,Inactive,,*,-1,-1
2024-11-08T14:55:26.702-05:00,IdeState,Inactive,,*,-1,-1
2024-11-08T14:55:27.715-05:00,IdeState,Inactive,,*,-1,-1
2024-11-08T14:55:28.732-05:00,IdeState,Inactive,,*,-1,-1
2024-11-08T14:55:29.740-05:00,IdeState,Inactive,,*,-1,-1
2024-11-08T14:55:30.752-05:00,IdeState,Inactive,,*,-1,-1
2024-11-08T14:55:31.764-05:00,IdeState,Inactive,,*,-1,-1
2024-11-08T14:55:32.773-05:00,IdeState,Inactive,,*,-1,-1
2024-11-08T14:55:33.775-05:00,IdeState,Inactive,,*,-1,-1
2024-11-08T14:55:34.784-05:00,IdeState,Inactive,,*,-1,-1
2024-11-08T14:55:35.789-05:00,IdeState,Inactive,,*,-1,-1
2024-11-08T14:55:36.798-05:00,IdeState,Inactive,,*,-1,-1
2024-11-08T14:55:37.824-05:00,IdeState,Inactive,,*,-1,-1
2024-11-08T14:55:38.840-05:00,IdeState,Inactive,,*,-1,-1
2024-11-08T14:55:39.855-05:00,IdeState,Inactive,,*,-1,-1
2024-11-08T14:55:40.864-05:00,IdeState,Inactive,,*,-1,-1
2024-11-08T14:55:41.879-05:00,IdeState,Inactive,,*,-1,-1
2024-11-08T14:55:42.893-05:00,IdeState,Inactive,,*,-1,-1
2024-11-08T14:55:43.907-05:00,IdeState,Inactive,,*,-1,-1
2024-11-08T14:55:44.924-05:00,IdeState,Inactive,,*,-1,-1
2024-11-08T14:55:45.935-05:00,IdeState,Inactive,,*,-1,-1
2024-11-08T14:55:46.940-05:00,IdeState,Inactive,,*,-1,-1
2024-11-08T14:55:47.955-05:00,IdeState,Inactive,,*,-1,-1
2024-11-08T14:55:48.959-05:00,IdeState,Inactive,,*,-1,-1
2024-11-08T14:55:49.973-05:00,IdeState,Inactive,,*,-1,-1
2024-11-08T14:55:50.979-05:00,IdeState,Inactive,,*,-1,-1
2024-11-08T14:55:51.999-05:00,IdeState,Inactive,,*,-1,-1
2024-11-08T14:55:53.006-05:00,IdeState,Inactive,,*,-1,-1
2024-11-08T14:55:54.010-05:00,IdeState,Inactive,,*,-1,-1
2024-11-08T14:55:55.015-05:00,IdeState,Inactive,,*,-1,-1
2024-11-08T14:55:56.023-05:00,IdeState,Inactive,,*,-1,-1
2024-11-08T14:55:57.029-05:00,IdeState,Inactive,,*,-1,-1
2024-11-08T14:55:58.044-05:00,IdeState,Inactive,,*,-1,-1
2024-11-08T14:55:59.058-05:00,IdeState,Inactive,,*,-1,-1
2024-11-08T14:56:00.072-05:00,IdeState,Inactive,,*,-1,-1
2024-11-08T14:56:01.079-05:00,IdeState,Inactive,,*,-1,-1
2024-11-08T14:56:02.087-05:00,IdeState,Inactive,,*,-1,-1
2024-11-08T14:56:03.095-05:00,IdeState,Inactive,,*,-1,-1
2024-11-08T14:56:04.111-05:00,IdeState,Inactive,,*,-1,-1
2024-11-08T14:56:05.125-05:00,IdeState,Inactive,,*,-1,-1
2024-11-08T14:56:06.140-05:00,IdeState,Inactive,,*,-1,-1
2024-11-08T14:56:07.153-05:00,IdeState,Inactive,,*,-1,-1
2024-11-08T14:56:08.168-05:00,IdeState,Inactive,,*,-1,-1
2024-11-08T14:56:09.183-05:00,IdeState,Inactive,,*,-1,-1
2024-11-08T14:56:10.194-05:00,IdeState,Inactive,,*,-1,-1
2024-11-08T14:56:11.207-05:00,IdeState,Inactive,,*,-1,-1
2024-11-08T14:56:12.222-05:00,IdeState,Inactive,,*,-1,-1
2024-11-08T14:56:13.239-05:00,IdeState,Inactive,,*,-1,-1
2024-11-08T14:56:14.253-05:00,IdeState,Inactive,,*,-1,-1
2024-11-08T14:56:15.281-05:00,IdeState,Inactive,,*,-1,-1
2024-11-08T14:56:16.294-05:00,IdeState,Inactive,,*,-1,-1
2024-11-08T14:56:17.297-05:00,IdeState,Inactive,,*,-1,-1
2024-11-08T14:56:18.301-05:00,IdeState,Inactive,,*,-1,-1
2024-11-08T14:56:19.314-05:00,IdeState,Inactive,,*,-1,-1
2024-11-08T14:56:20.328-05:00,IdeState,Inactive,,*,-1,-1
2024-11-08T14:56:21.336-05:00,IdeState,Inactive,,*,-1,-1
2024-11-08T14:56:22.346-05:00,IdeState,Inactive,,*,-1,-1
2024-11-08T14:56:23.358-05:00,IdeState,Inactive,,*,-1,-1
2024-11-08T14:56:24.375-05:00,IdeState,Inactive,,*,-1,-1
2024-11-08T14:56:25.388-05:00,IdeState,Inactive,,*,-1,-1
2024-11-08T14:56:26.400-05:00,IdeState,Inactive,,*,-1,-1
2024-11-08T14:56:27.404-05:00,IdeState,Inactive,,*,-1,-1
2024-11-08T14:56:28.413-05:00,IdeState,Inactive,,*,-1,-1
2024-11-08T14:56:29.421-05:00,IdeState,Inactive,,*,-1,-1
2024-11-08T14:56:30.435-05:00,IdeState,Inactive,,*,-1,-1
2024-11-08T14:56:31.438-05:00,IdeState,Inactive,,*,-1,-1
2024-11-08T14:56:32.463-05:00,IdeState,Inactive,,*,-1,-1
2024-11-08T14:56:33.475-05:00,IdeState,Inactive,,*,-1,-1
2024-11-08T14:56:34.481-05:00,IdeState,Inactive,,*,-1,-1
2024-11-08T14:56:35.489-05:00,IdeState,Inactive,,*,-1,-1
2024-11-08T14:56:36.492-05:00,IdeState,Inactive,,*,-1,-1
2024-11-08T14:56:37.503-05:00,IdeState,Inactive,,*,-1,-1
2024-11-08T14:56:38.509-05:00,IdeState,Inactive,,*,-1,-1
2024-11-08T14:56:39.513-05:00,IdeState,Inactive,,*,-1,-1
2024-11-08T14:56:40.517-05:00,IdeState,Inactive,,*,-1,-1
2024-11-08T14:56:41.527-05:00,IdeState,Inactive,,*,-1,-1
2024-11-08T14:56:42.531-05:00,IdeState,Inactive,,*,-1,-1
2024-11-08T14:56:43.545-05:00,IdeState,Inactive,,*,-1,-1
2024-11-08T14:56:44.551-05:00,IdeState,Inactive,,*,-1,-1
2024-11-08T14:56:45.560-05:00,IdeState,Inactive,,*,-1,-1
2024-11-08T14:56:46.570-05:00,IdeState,Inactive,,*,-1,-1
2024-11-08T14:56:47.585-05:00,IdeState,Inactive,,*,-1,-1
2024-11-08T14:56:48.590-05:00,IdeState,Inactive,,*,-1,-1
2024-11-08T14:56:49.600-05:00,IdeState,Inactive,,*,-1,-1
2024-11-08T14:56:50.608-05:00,IdeState,Inactive,,*,-1,-1
2024-11-08T14:56:51.621-05:00,IdeState,Inactive,,*,-1,-1
2024-11-08T14:56:52.637-05:00,IdeState,Inactive,,*,-1,-1
2024-11-08T14:56:53.642-05:00,IdeState,Inactive,,*,-1,-1
2024-11-08T14:56:54.644-05:00,IdeState,Inactive,,*,-1,-1
2024-11-08T14:56:55.651-05:00,IdeState,Inactive,,*,-1,-1
2024-11-08T14:56:56.661-05:00,IdeState,Inactive,,*,-1,-1
2024-11-08T14:56:57.666-05:00,IdeState,Inactive,,*,-1,-1
2024-11-08T14:56:58.669-05:00,IdeState,Inactive,,*,-1,-1
2024-11-08T14:56:59.695-05:00,IdeState,Inactive,,*,-1,-1
2024-11-08T14:57:00.704-05:00,IdeState,Inactive,,*,-1,-1
2024-11-08T14:57:01.718-05:00,IdeState,Inactive,,*,-1,-1
2024-11-08T14:57:02.731-05:00,IdeState,Inactive,,*,-1,-1
2024-11-08T14:57:03.743-05:00,IdeState,Inactive,,*,-1,-1
2024-11-08T14:57:04.749-05:00,IdeState,Inactive,,*,-1,-1
2024-11-08T14:57:05.764-05:00,IdeState,Inactive,,*,-1,-1
2024-11-08T14:57:06.777-05:00,IdeState,Inactive,,*,-1,-1
2024-11-08T14:57:07.779-05:00,IdeState,Inactive,,*,-1,-1
2024-11-08T14:57:08.793-05:00,IdeState,Inactive,,*,-1,-1
2024-11-08T14:57:09.806-05:00,IdeState,Inactive,,*,-1,-1
2024-11-08T14:57:10.816-05:00,IdeState,Inactive,,*,-1,-1
2024-11-08T14:57:11.829-05:00,IdeState,Inactive,,*,-1,-1
2024-11-08T14:57:12.830-05:00,IdeState,Inactive,,*,-1,-1
2024-11-08T14:57:13.841-05:00,IdeState,Inactive,,*,-1,-1
2024-11-08T14:57:14.855-05:00,IdeState,Inactive,,*,-1,-1
2024-11-08T14:57:15.871-05:00,IdeState,Inactive,,*,-1,-1
2024-11-08T14:57:16.883-05:00,IdeState,NoProject,,*,-1,-1
2024-11-08T14:57:17.898-05:00,IdeState,NoProject,,*,-1,-1
2024-11-08T14:57:18.912-05:00,IdeState,NoProject,,*,-1,-1
2024-11-08T14:57:19.927-05:00,IdeState,NoProject,,*,-1,-1
2024-11-08T14:57:20.940-05:00,IdeState,NoProject,,*,-1,-1
2024-11-08T14:57:21.941-05:00,IdeState,NoProject,,*,-1,-1
2024-11-08T14:57:22.943-05:00,IdeState,NoProject,,*,-1,-1
2024-11-08T14:57:23.943-05:00,IdeState,NoProject,,*,-1,-1
2024-11-08T14:57:24.946-05:00,IdeState,NoProject,,*,-1,-1
2024-11-08T14:57:25.948-05:00,IdeState,NoProject,,*,-1,-1
2024-11-08T14:57:26.949-05:00,IdeState,NoProject,,*,-1,-1
2024-11-08T14:57:27.951-05:00,IdeState,NoProject,,*,-1,-1
2024-11-08T14:57:28.955-05:00,IdeState,NoProject,,*,-1,-1
2024-11-08T14:57:29.959-05:00,IdeState,NoProject,,*,-1,-1
2024-11-08T14:57:30.962-05:00,IdeState,NoProject,,*,-1,-1
2024-11-08T14:57:31.963-05:00,IdeState,NoProject,,*,-1,-1
2024-11-08T14:57:32.964-05:00,IdeState,NoProject,,*,-1,-1
2024-11-08T14:57:33.966-05:00,IdeState,NoProject,,*,-1,-1
2024-11-08T14:57:34.967-05:00,IdeState,NoProject,,*,-1,-1
2024-11-08T14:57:35.968-05:00,IdeState,NoProject,,*,-1,-1
2024-11-08T14:57:36.969-05:00,IdeState,NoProject,,*,-1,-1
2024-11-08T14:57:37.970-05:00,IdeState,NoProject,,*,-1,-1
2024-11-08T14:57:38.972-05:00,IdeState,NoProject,,*,-1,-1
2024-11-08T14:57:39.975-05:00,IdeState,NoProject,,*,-1,-1
2024-11-08T14:57:40.975-05:00,IdeState,NoProject,,*,-1,-1
2024-11-08T14:57:41.976-05:00,IdeState,NoProject,,*,-1,-1
2024-11-08T14:57:42.978-05:00,IdeState,NoProject,,*,-1,-1
2024-11-08T14:57:43.979-05:00,IdeState,NoProject,,*,-1,-1
2024-11-08T14:57:44.982-05:00,IdeState,NoProject,,*,-1,-1
2024-11-08T14:57:45.984-05:00,IdeState,NoProject,,*,-1,-1
2024-11-08T14:57:46.985-05:00,IdeState,NoProject,,*,-1,-1
2024-11-08T14:57:47.986-05:00,IdeState,NoProject,,*,-1,-1
2024-11-08T14:57:48.989-05:00,IdeState,NoProject,,*,-1,-1
2024-11-08T14:57:49.991-05:00,IdeState,NoProject,,*,-1,-1
2024-11-08T14:57:50.992-05:00,IdeState,NoProject,,*,-1,-1
2024-11-08T14:57:51.994-05:00,IdeState,Active,Project,*,-1,-1
2024-11-08T14:57:52.995-05:00,IdeState,Active,Project,*,-1,-1
2024-11-08T14:57:53.996-05:00,IdeState,Active,Project,*,-1,-1
2024-11-08T14:57:54.997-05:00,IdeState,Active,Project,*,-1,-1
2024-11-08T14:57:55.998-05:00,IdeState,Active,Project,*,-1,-1
2024-11-08T14:57:57.000-05:00,IdeState,Active,Project,*,-1,-1
2024-11-08T14:57:58.002-05:00,IdeState,Active,Project,*,-1,-1
2024-11-08T14:57:59.019-05:00,IdeState,Active,Project,*,-1,-1
2024-11-08T14:58:00.020-05:00,IdeState,Active,Popup,*,-1,-1
2024-11-08T14:58:01.022-05:00,IdeState,Active,Popup,*,-1,-1
2024-11-08T14:58:02.023-05:00,IdeState,Active,Popup,*,-1,-1
2024-11-08T14:58:03.024-05:00,IdeState,Active,Popup,*,-1,-1
2024-11-08T14:58:04.025-05:00,IdeState,Active,Project,*,-1,-1
2024-11-08T14:58:05.026-05:00,IdeState,Active,Project,*,-1,-1
2024-11-08T14:58:06.028-05:00,IdeState,Active,Project,*,-1,-1
2024-11-08T14:58:07.031-05:00,IdeState,Active,Project,*,-1,-1
2024-11-08T14:58:08.032-05:00,IdeState,Active,Project,*,-1,-1
2024-11-08T14:58:09.067-05:00,IdeState,Active,Dialog,*,-1,-1
2024-11-08T14:58:23.308-05:00,IdeState,NoProject,,*,-1,-1
2024-11-08T14:58:24.349-05:00,IdeState,NoProject,,*,-1,-1
2024-11-08T14:58:25.363-05:00,IdeState,NoProject,,*,-1,-1
2024-11-08T14:58:26.367-05:00,IdeState,NoProject,,*,-1,-1
2024-11-08T14:58:27.373-05:00,IdeState,NoProject,,*,-1,-1
2024-11-08T14:58:28.498-05:00,IdeState,NoProject,,*,-1,-1
2024-11-08T14:58:29.791-05:00,IdeState,Active,Project,*,-1,-1
2024-11-08T14:58:30.802-05:00,IdeState,Active,Project,*,-1,-1
2024-11-08T14:58:31.804-05:00,IdeState,Active,Project,*,-1,-1
2024-11-08T14:58:32.806-05:00,IdeState,Active,Project,*,-1,-1
2024-11-08T14:58:33.883-05:00,IdeState,Active,Project,*,-1,-1
2024-11-08T14:58:35.567-05:00,IdeState,Active,Project,*,-1,-1
2024-11-08T14:58:39.005-05:00,IdeState,Active,Popup,*,29,14
2024-11-08T14:58:40.040-05:00,IdeState,Active,Popup,*,29,14
2024-11-08T14:58:41.045-05:00,IdeState,Active,Popup,*,29,14
2024-11-08T14:58:42.053-05:00,IdeState,Active,Popup,*,29,14
2024-11-08T14:58:43.055-05:00,IdeState,Active,Popup,*,29,14
2024-11-08T14:58:44.056-05:00,IdeState,Active,Editor,*,29,14
2024-11-08T14:58:45.057-05:00,IdeState,Active,Editor,*,29,14
2024-11-08T14:58:46.059-05:00,IdeState,Active,Editor,*,29,14
2024-11-08T14:58:47.061-05:00,IdeState,Active,Editor,*,29,14
2024-11-08T14:58:48.062-05:00,IdeState,Active,Editor,*,29,14
2024-11-08T14:58:49.070-05:00,IdeState,Active,Editor,*,29,14
2024-11-08T14:58:50.079-05:00,IdeState,Active,Editor,*,29,14
2024-11-08T14:58:51.095-05:00,IdeState,Active,Editor,*,29,14
2024-11-08T14:58:52.107-05:00,IdeState,Active,Editor,*,29,14
2024-11-08T14:58:52.534-05:00,Action,NotebookRunCellSelectBelowAction,Editor,*,29,14
2024-11-08T14:58:53.122-05:00,IdeState,Active,Editor,*,31,0
2024-11-08T14:58:54.125-05:00,IdeState,Active,Editor,*,31,0
2024-11-08T14:58:55.126-05:00,IdeState,Active,Editor,*,31,0
2024-11-08T14:58:56.134-05:00,IdeState,Active,Editor,*,31,0
2024-11-08T14:58:57.141-05:00,IdeState,Active,Editor,*,31,0
2024-11-08T14:58:58.148-05:00,IdeState,Active,Editor,*,31,0
2024-11-08T14:58:59.160-05:00,IdeState,Active,Editor,*,31,0
2024-11-08T14:59:00.161-05:00,IdeState,Active,Editor,*,31,0
2024-11-08T14:59:01.173-05:00,IdeState,Active,Editor,*,31,0
2024-11-08T14:59:02.178-05:00,IdeState,Active,Editor,*,31,0
2024-11-08T14:59:03.191-05:00,IdeState,Active,Editor,*,31,0
2024-11-08T14:59:04.203-05:00,IdeState,Active,Editor,*,31,0
2024-11-08T14:59:05.211-05:00,IdeState,Active,Editor,*,31,0
2024-11-08T14:59:06.220-05:00,IdeState,Active,Editor,*,31,0
2024-11-08T14:59:07.223-05:00,IdeState,Active,Editor,*,31,0
2024-11-08T14:59:08.237-05:00,IdeState,Active,Editor,*,20,0
2024-11-08T14:59:09.240-05:00,IdeState,Active,Editor,*,21,8
2024-11-08T14:59:10.284-05:00,Action,EditorEnter,Editor,*,21,8
2024-11-08T14:59:10.688-05:00,IdeState,Active,Editor,*,22,0
2024-11-08T14:59:11.695-05:00,IdeState,Active,Editor,*,22,0
2024-11-08T14:59:12.556-05:00,Action,EditorBackSpace,Editor,*,22,0
2024-11-08T14:59:12.699-05:00,IdeState,Active,Editor,*,21,8
2024-11-08T14:59:13.095-05:00,Action,NotebookRunCellSelectBelowAction,Editor,*,21,8
2024-11-08T14:59:13.714-05:00,IdeState,Active,Editor,*,25,0
2024-11-08T14:59:14.720-05:00,IdeState,Active,Editor,*,25,0
2024-11-08T14:59:15.731-05:00,IdeState,Active,Editor,*,25,0
2024-11-08T14:59:16.691-05:00,Action,NotebookRunCellSelectBelowAction,Editor,*,27,19
2024-11-08T14:59:16.764-05:00,IdeState,Active,Editor,*,31,0
2024-11-08T14:59:17.795-05:00,IdeState,Active,Editor,*,31,0
2024-11-08T14:59:18.804-05:00,IdeState,Active,Editor,*,31,0
2024-11-08T14:59:19.821-05:00,IdeState,Active,Editor,*,31,0
2024-11-08T14:59:20.851-05:00,IdeState,Active,Editor,*,31,0
2024-11-08T14:59:21.855-05:00,IdeState,Active,Editor,*,31,0
2024-11-08T14:59:22.869-05:00,IdeState,Active,Editor,*,31,0
2024-11-08T14:59:23.872-05:00,IdeState,Active,Editor,*,31,0
2024-11-08T14:59:24.887-05:00,IdeState,Active,Editor,*,31,0
2024-11-08T14:59:25.898-05:00,IdeState,Active,Editor,*,31,0
2024-11-08T14:59:26.900-05:00,IdeState,Active,Editor,*,31,0
2024-11-08T14:59:27.916-05:00,IdeState,Active,Editor,*,31,0
2024-11-08T14:59:28.074-05:00,Action,JupyterKernelManagementAction,Editor,*,31,0
2024-11-08T14:59:28.930-05:00,IdeState,Active,Popup,*,31,0
2024-11-08T14:59:29.935-05:00,IdeState,Active,Editor,*,29,14
2024-11-08T14:59:30.673-05:00,Action,JupyterServerChooserAction,Editor,*,29,14
2024-11-08T14:59:30.946-05:00,IdeState,Active,Popup,*,29,14
2024-11-08T14:59:31.947-05:00,IdeState,Active,Popup,*,29,14
2024-11-08T14:59:32.949-05:00,IdeState,Active,Editor,*,29,14
2024-11-08T14:59:33.961-05:00,IdeState,Active,Editor,*,29,14
2024-11-08T14:59:34.973-05:00,IdeState,Active,Editor,*,29,14
2024-11-08T14:59:35.979-05:00,IdeState,Active,Editor,*,29,14
2024-11-08T14:59:36.989-05:00,IdeState,Active,Editor,*,29,14
2024-11-08T14:59:38.003-05:00,IdeState,Active,Editor,*,29,14
2024-11-08T14:59:39.014-05:00,IdeState,Active,Editor,*,29,14
2024-11-08T14:59:40.025-05:00,IdeState,Active,Editor,*,29,14
2024-11-08T14:59:41.038-05:00,IdeState,Active,Editor,*,29,14
2024-11-08T14:59:42.056-05:00,IdeState,Active,Editor,*,29,14
2024-11-08T14:59:43.066-05:00,IdeState,Active,Editor,*,29,14
2024-11-08T14:59:44.083-05:00,IdeState,Active,Editor,*,29,14
2024-11-08T14:59:45.086-05:00,IdeState,Active,Editor,*,29,14
2024-11-08T14:59:46.101-05:00,IdeState,Active,Editor,*,29,14
2024-11-08T14:59:47.112-05:00,IdeState,Active,Editor,*,29,14
2024-11-08T14:59:48.131-05:00,IdeState,Active,Editor,*,29,14
2024-11-08T14:59:49.144-05:00,IdeState,Active,Editor,*,29,14
2024-11-08T14:59:50.158-05:00,IdeState,Active,Editor,*,29,14
2024-11-08T14:59:51.168-05:00,IdeState,Active,Editor,*,29,14
2024-11-08T14:59:52.179-05:00,IdeState,Active,Editor,*,29,14
2024-11-08T14:59:53.189-05:00,IdeState,Active,Editor,*,29,14
2024-11-08T14:59:54.203-05:00,IdeState,Active,Editor,*,29,14
2024-11-08T14:59:55.215-05:00,IdeState,Active,Editor,*,29,14
2024-11-08T14:59:56.226-05:00,IdeState,Active,Editor,*,29,14
2024-11-08T14:59:57.229-05:00,IdeState,Active,Editor,*,29,14
2024-11-08T14:59:58.244-05:00,IdeState,Active,Popup,*,29,14
2024-11-08T14:59:58.519-05:00,Action,OpenFile,Editor,*,29,14
2024-11-08T14:59:59.247-05:00,IdeState,Active,Editor,*,29,14
2024-11-08T15:00:00.249-05:00,IdeState,Active,Editor,*,29,14
2024-11-08T15:00:01.260-05:00,IdeState,Active,Editor,*,29,14
2024-11-08T15:00:02.276-05:00,IdeState,Active,Editor,*,29,14
2024-11-08T15:00:03.285-05:00,IdeState,Active,Editor,*,29,14
2024-11-08T15:00:04.287-05:00,IdeState,Active,Editor,*,29,14
2024-11-08T15:00:05.289-05:00,IdeState,Active,Editor,*,29,14
2024-11-08T15:00:06.302-05:00,IdeState,Active,Editor,*,29,14
2024-11-08T15:00:07.315-05:00,IdeState,Active,Editor,*,29,14
2024-11-08T15:00:08.330-05:00,IdeState,Active,Editor,*,29,14
2024-11-08T15:00:09.344-05:00,IdeState,Active,Editor,*,29,14
2024-11-08T15:00:10.353-05:00,IdeState,Active,Editor,*,29,14
2024-11-08T15:00:11.363-05:00,IdeState,Active,Editor,*,29,14
2024-11-08T15:00:12.375-05:00,IdeState,Active,Editor,*,29,14
2024-11-08T15:00:13.385-05:00,IdeState,Active,Editor,*,29,14
2024-11-08T15:00:14.387-05:00,IdeState,Active,Editor,*,29,14
2024-11-08T15:00:15.402-05:00,IdeState,Active,Editor,*,29,14
2024-11-08T15:00:16.416-05:00,IdeState,Active,Editor,*,29,14
2024-11-08T15:00:17.420-05:00,IdeState,Active,Editor,*,29,14
2024-11-08T15:00:18.430-05:00,IdeState,Active,Editor,*,29,14
2024-11-08T15:00:19.443-05:00,IdeState,Active,Editor,*,29,14
2024-11-08T15:00:20.445-05:00,IdeState,Active,Editor,*,29,14
2024-11-08T15:00:21.460-05:00,IdeState,Active,Editor,*,29,14
2024-11-08T15:00:22.479-05:00,IdeState,Active,Editor,*,29,14
2024-11-08T15:00:23.494-05:00,IdeState,Active,Editor,*,29,14
2024-11-08T15:00:24.509-05:00,IdeState,Active,Editor,*,29,14
2024-11-08T15:00:25.520-05:00,IdeState,Active,Editor,*,29,14
2024-11-08T15:00:26.535-05:00,IdeState,Active,Editor,*,29,14
2024-11-08T15:00:27.549-05:00,IdeState,Active,Editor,*,29,14
2024-11-08T15:00:28.564-05:00,IdeState,Active,Editor,*,29,14
2024-11-08T15:00:29.573-05:00,IdeState,Active,Editor,*,29,14
2024-11-08T15:00:30.594-05:00,IdeState,Active,Editor,*,29,14
2024-11-08T15:00:31.619-05:00,IdeState,Active,Project,*,-1,-1
2024-11-08T15:00:32.627-05:00,IdeState,Active,Project,*,-1,-1
2024-11-08T15:00:33.632-05:00,IdeState,Active,Project,*,-1,-1
2024-11-08T15:00:34.649-05:00,IdeState,Active,Project,*,-1,-1
2024-11-08T15:00:35.662-05:00,IdeState,Active,Project,*,-1,-1
2024-11-08T15:00:36.664-05:00,IdeState,Active,Project,*,-1,-1
2024-11-08T15:00:37.665-05:00,IdeState,Active,Project,*,-1,-1
2024-11-08T15:00:38.697-05:00,IdeState,Active,Editor,*,1,0
2024-11-08T15:00:39.698-05:00,IdeState,Active,Editor,*,1,0
2024-11-08T15:00:40.700-05:00,IdeState,Active,Editor,*,1,0
2024-11-08T15:00:41.716-05:00,IdeState,Active,Dialog,*,1,0
2024-11-08T15:00:42.725-05:00,IdeState,Active,Editor,*,1,0
2024-11-08T15:00:43.736-05:00,IdeState,Active,Editor,*,23,35
2024-11-08T15:00:44.737-05:00,IdeState,Active,Editor,*,23,35
2024-11-08T15:00:45.685-05:00,Action,NotebookRunCellSelectBelowAction,Editor,*,23,35
2024-11-08T15:00:45.775-05:00,IdeState,Active,Editor,*,25,0
2024-11-08T15:00:46.779-05:00,IdeState,Active,Editor,*,25,0
2024-11-08T15:00:47.788-05:00,IdeState,Active,Editor,*,25,0
2024-11-08T15:00:48.804-05:00,IdeState,Active,Editor,*,25,0
2024-11-08T15:00:49.806-05:00,IdeState,Active,Editor,*,25,0
2024-11-08T15:00:50.806-05:00,IdeState,Active,Editor,*,25,0
2024-11-08T15:00:51.819-05:00,IdeState,Active,Editor,*,25,0
2024-11-08T15:00:52.834-05:00,IdeState,Active,Editor,*,25,0
2024-11-08T15:00:53.848-05:00,IdeState,Active,Editor,*,5,0
2024-11-08T15:00:54.852-05:00,IdeState,Active,Editor,*,5,0
2024-11-08T15:00:55.335-05:00,Action,NotebookRunCellSelectBelowAction,Editor,*,5,0
2024-11-08T15:00:55.855-05:00,IdeState,Active,Editor,*,17,0
2024-11-08T15:00:56.871-05:00,IdeState,Active,Editor,*,17,0
2024-11-08T15:00:57.885-05:00,IdeState,Active,Editor,*,17,0
2024-11-08T15:00:58.903-05:00,IdeState,Active,Editor,*,20,0
2024-11-08T15:00:59.907-05:00,IdeState,Active,Editor,*,20,0
2024-11-08T15:01:00.797-05:00,Action,NotebookRunCellSelectBelowAction,Editor,*,28,20
2024-11-08T15:01:00.917-05:00,IdeState,Active,Editor,*,31,0
2024-11-08T15:01:01.921-05:00,IdeState,Active,Editor,*,31,0
2024-11-08T15:01:02.933-05:00,IdeState,Active,Editor,*,31,0
2024-11-08T15:01:03.944-05:00,IdeState,Active,Editor,*,31,0
2024-11-08T15:01:04.959-05:00,IdeState,Active,Editor,*,31,0
2024-11-08T15:01:05.787-05:00,Action,JupyterClearOutputsAction,Editor,*,31,0
2024-11-08T15:01:05.970-05:00,IdeState,Active,Editor,*,31,0
2024-11-08T15:01:06.982-05:00,IdeState,Active,Editor,*,23,35
2024-11-08T15:01:07.979-05:00,Action,NotebookRunCellSelectBelowAction,Editor,*,23,35
2024-11-08T15:01:08.017-05:00,IdeState,Active,Editor,*,25,0
2024-11-08T15:01:09.033-05:00,IdeState,Active,Editor,*,25,0
2024-11-08T15:01:10.043-05:00,IdeState,Active,Editor,*,29,14
2024-11-08T15:01:11.059-05:00,IdeState,Active,Popup,*,29,14
2024-11-08T15:01:12.071-05:00,IdeState,Active,Editor,*,29,14
2024-11-08T15:07:03.031-05:00,IdeState,Inactive,,*,-1,-1
2024-11-08T15:07:04.208-05:00,IdeState,Active,Popup,*,-1,-1
2024-11-08T15:07:06.540-05:00,IdeState,Active,Popup,*,-1,-1
2024-11-08T15:07:08.575-05:00,IdeState,Active,Editor,*,1,0
2024-11-08T15:07:09.612-05:00,IdeState,Active,Editor,*,1,0
2024-11-08T15:07:10.629-05:00,IdeState,Active,Editor,*,1,0
2024-11-08T15:07:12.042-05:00,IdeState,Active,Editor,*,1,0
2024-11-08T15:17:55.837-05:00,IdeState,NoProject,,*,-1,-1
2024-11-08T15:17:58.944-05:00,IdeState,Inactive,,*,-1,-1
2024-11-08T15:18:01.560-05:00,IdeState,Inactive,,*,-1,-1
2024-11-08T15:18:03.667-05:00,IdeState,Inactive,,*,-1,-1
2024-11-08T15:18:05.134-05:00,IdeState,Inactive,,*,-1,-1
2024-11-08T15:18:06.203-05:00,IdeState,Active,Editor,*,1,0
2024-11-08T15:18:07.242-05:00,IdeState,Active,Editor,*,1,0
2024-11-08T15:18:08.247-05:00,IdeState,Active,Editor,*,1,0
2024-11-08T15:18:09.452-05:00,IdeState,Active,Editor,*,1,0
2024-11-08T15:18:10.478-05:00,IdeState,Active,Editor,*,1,0
2024-11-08T15:18:11.480-05:00,IdeState,Active,Editor,*,1,0
2024-11-08T15:18:12.481-05:00,IdeState,Active,Editor,*,1,0
2024-11-08T15:18:13.483-05:00,IdeState,Active,Editor,*,1,0
2024-11-08T15:18:14.483-05:00,IdeState,Active,Editor,*,1,0
2024-11-08T15:18:14.761-05:00,Action,NotebookRunAllAction,Editor,*,1,0
2024-11-08T15:18:15.484-05:00,IdeState,Active,Editor,*,1,0
2024-11-08T15:18:16.486-05:00,IdeState,Active,Editor,*,1,0
2024-11-08T15:18:17.487-05:00,IdeState,Active,Editor,*,1,0
2024-11-08T15:18:18.489-05:00,IdeState,Active,Editor,*,1,0
2024-11-08T15:18:19.491-05:00,IdeState,Active,Editor,*,1,0
2024-11-08T15:18:20.499-05:00,IdeState,Active,Editor,*,1,0
2024-11-08T15:18:21.501-05:00,IdeState,Active,Editor,*,1,0
2024-11-08T15:18:22.501-05:00,IdeState,Active,Editor,*,1,0
2024-11-08T15:18:23.502-05:00,IdeState,Active,Editor,*,1,0
2024-11-08T15:18:24.503-05:00,IdeState,Active,Editor,*,1,0
2024-11-08T15:18:25.508-05:00,IdeState,Active,Editor,*,1,0
2024-11-08T15:18:26.511-05:00,IdeState,Active,Editor,*,1,0
2024-11-08T15:18:26.888-05:00,Action,JupyterServerChooserAction,Editor,*,1,0
2024-11-08T15:18:27.553-05:00,IdeState,Active,Popup,*,1,0
2024-11-08T15:18:28.559-05:00,IdeState,Active,Editor,*,1,0
2024-11-08T15:18:29.562-05:00,IdeState,Active,Editor,*,9,0
2024-11-08T15:18:30.584-05:00,IdeState,Active,Editor,*,9,0
2024-11-08T15:18:31.591-05:00,IdeState,Active,Editor,*,9,0
2024-11-08T15:18:32.622-05:00,IdeState,Active,Editor,*,9,0
2024-11-08T15:18:33.635-05:00,IdeState,Active,Editor,*,9,0
2024-11-08T15:18:34.645-05:00,IdeState,Active,Editor,*,9,0
2024-11-08T15:18:35.656-05:00,IdeState,Active,Editor,*,9,0
2024-11-08T15:18:36.667-05:00,IdeState,Active,Editor,*,9,0
2024-11-08T15:18:37.679-05:00,IdeState,Active,Editor,*,9,0
2024-11-08T15:18:38.694-05:00,IdeState,Active,Editor,*,9,0
2024-11-08T15:18:39.694-05:00,IdeState,Active,Editor,*,9,0
2024-11-08T15:18:40.194-05:00,Action,DS.Chart.Show,Editor,*,19,14
2024-11-08T15:18:40.927-05:00,IdeState,Active,Editor,*,19,14
2024-11-08T15:18:41.946-05:00,IdeState,Active,Editor,*,19,14
2024-11-08T15:18:42.952-05:00,IdeState,Active,Editor,*,19,14
2024-11-08T15:18:43.957-05:00,IdeState,Active,Editor,*,19,14
2024-11-08T15:18:44.963-05:00,IdeState,Active,Editor,*,19,14
2024-11-08T15:18:45.979-05:00,IdeState,Active,Editor,*,19,14
2024-11-08T15:18:46.988-05:00,IdeState,Active,Editor,*,19,14
2024-11-08T15:18:47.997-05:00,IdeState,Active,Editor,*,19,14
2024-11-08T15:18:49.009-05:00,IdeState,Active,Editor,*,19,14
2024-11-08T15:18:49.267-05:00,Action,DS.Table.Show,Editor,*,19,14
2024-11-08T15:18:50.013-05:00,IdeState,Active,Editor,*,19,14
2024-11-08T15:18:51.020-05:00,IdeState,Active,Editor,*,19,14
2024-11-08T15:18:52.030-05:00,IdeState,Active,Editor,*,19,14
2024-11-08T15:18:53.032-05:00,IdeState,Active,Editor,*,19,14
2024-11-08T15:18:54.044-05:00,IdeState,Active,Editor,*,19,14
2024-11-08T15:18:55.060-05:00,IdeState,Active,Editor,*,19,14
2024-11-08T15:18:56.069-05:00,IdeState,Active,Editor,*,19,14
2024-11-08T15:18:57.073-05:00,IdeState,Active,Editor,*,19,14
2024-11-08T15:18:58.101-05:00,IdeState,Inactive,,*,-1,-1
2024-11-08T15:18:59.115-05:00,IdeState,Inactive,,*,-1,-1
2024-11-08T15:19:00.119-05:00,IdeState,Inactive,,*,-1,-1
2024-11-08T15:19:01.130-05:00,IdeState,Inactive,,*,-1,-1
2024-11-08T15:19:02.145-05:00,IdeState,Inactive,,*,-1,-1
2024-11-08T15:19:03.155-05:00,IdeState,Inactive,,*,-1,-1
2024-11-08T15:19:04.156-05:00,IdeState,Inactive,,*,-1,-1
2024-11-08T15:19:05.161-05:00,IdeState,Inactive,,*,-1,-1
2024-11-08T15:19:06.178-05:00,IdeState,Inactive,,*,-1,-1
2024-11-08T15:19:07.181-05:00,IdeState,Inactive,,*,-1,-1
2024-11-08T15:19:08.195-05:00,IdeState,Inactive,,*,-1,-1
2024-11-08T15:19:09.211-05:00,IdeState,Inactive,,*,-1,-1
2024-11-08T15:19:10.217-05:00,IdeState,Inactive,,*,-1,-1
2024-11-08T15:19:11.290-05:00,IdeState,Active,Editor,*,19,14
2024-11-08T15:19:12.314-05:00,IdeState,Active,Editor,*,19,14
2024-11-08T15:19:13.326-05:00,IdeState,Active,Editor,*,19,14
2024-11-08T15:19:14.337-05:00,IdeState,Active,Editor,*,19,14
2024-11-08T22:39:09.016-05:00,IdeState,Inactive,,*,-1,-1
2024-11-08T22:39:10.080-05:00,IdeState,Inactive,,*,-1,-1
2024-11-08T22:39:11.086-05:00,IdeState,Inactive,,*,-1,-1
2024-11-08T22:39:12.088-05:00,IdeState,Inactive,,*,-1,-1
2024-11-08T22:39:13.094-05:00,IdeState,Inactive,,*,-1,-1
2024-11-08T22:39:14.109-05:00,IdeState,Inactive,,*,-1,-1
2024-11-08T22:39:15.861-05:00,IdeState,NoProject,,*,-1,-1
2024-11-08T22:39:17.336-05:00,IdeState,Active,Popup,*,-1,-1
2024-11-08T22:39:20.437-05:00,IdeState,Active,Popup,*,-1,-1
2024-11-08T22:39:27.486-05:00,IdeState,Active,Popup,*,1,0
2024-11-08T22:39:28.937-05:00,IdeState,Active,Editor,*,1,0
2024-11-08T22:39:29.961-05:00,IdeState,Active,Editor,*,1,0
2024-11-08T22:39:31.054-05:00,IdeState,Active,Editor,*,1,0
2024-11-08T22:39:32.293-05:00,IdeState,Active,Editor,*,1,0
2024-11-08T22:39:33.308-05:00,IdeState,Active,Editor,*,1,0
2024-11-08T22:39:34.309-05:00,IdeState,Active,Editor,*,1,0
2024-11-08T22:39:35.312-05:00,IdeState,Active,Editor,*,1,0
2024-11-08T22:39:36.336-05:00,IdeState,Active,Editor,*,1,0
2024-11-08T22:39:37.337-05:00,IdeState,Active,Editor,*,1,0
2024-11-08T22:39:38.338-05:00,IdeState,Active,Editor,*,1,0
2024-11-08T22:39:39.339-05:00,IdeState,Active,Editor,*,1,0
2024-11-08T22:39:40.342-05:00,IdeState,Active,Editor,*,1,0
2024-11-08T22:39:41.344-05:00,IdeState,Active,Editor,*,1,0
2024-11-08T22:39:42.348-05:00,IdeState,Active,Editor,*,1,0
2024-11-08T22:39:43.351-05:00,IdeState,Active,Popup,*,1,0
2024-11-08T22:39:44.352-05:00,IdeState,Active,Popup,*,1,0
2024-11-08T22:39:44.498-05:00,Action,CloseProject,Editor,*,1,0
2024-11-08T22:39:45.855-05:00,IdeState,NoProject,,*,-1,-1
2024-11-08T22:39:46.862-05:00,IdeState,NoProject,,*,-1,-1
2024-11-08T22:39:47.875-05:00,IdeState,NoProject,,*,-1,-1
2024-11-08T22:39:48.878-05:00,IdeState,NoProject,,*,-1,-1
2024-11-08T22:39:49.880-05:00,IdeState,NoProject,,*,-1,-1
2024-11-08T22:39:50.888-05:00,IdeState,NoProject,,*,-1,-1
2024-11-08T22:39:51.900-05:00,IdeState,NoProject,,*,-1,-1
2024-11-08T22:39:52.907-05:00,Action,EditorBackSpace,,*,-1,-1
2024-11-08T22:39:52.921-05:00,IdeState,NoProject,,*,-1,-1
2024-11-08T22:39:53.168-05:00,Action,EditorBackSpace,,*,-1,-1
2024-11-08T22:39:53.341-05:00,Action,EditorBackSpace,,*,-1,-1
2024-11-08T22:39:53.493-05:00,Action,EditorBackSpace,,*,-1,-1
2024-11-08T22:39:53.936-05:00,IdeState,NoProject,,*,-1,-1
2024-11-08T22:39:54.948-05:00,IdeState,NoProject,,*,-1,-1
2024-11-08T22:39:55.960-05:00,IdeState,NoProject,,*,-1,-1
2024-11-08T22:39:56.970-05:00,IdeState,NoProject,,*,-1,-1
2024-11-08T22:39:57.985-05:00,IdeState,NoProject,,*,-1,-1
2024-11-08T22:39:58.988-05:00,IdeState,NoProject,,*,-1,-1
2024-11-08T22:40:00.000-05:00,IdeState,NoProject,,*,-1,-1
2024-11-08T22:40:01.003-05:00,IdeState,NoProject,,*,-1,-1
2024-11-08T22:40:02.014-05:00,IdeState,NoProject,,*,-1,-1
2024-11-08T22:40:03.024-05:00,IdeState,NoProject,,*,-1,-1
2024-11-08T22:40:04.037-05:00,IdeState,NoProject,,*,-1,-1
2024-11-08T22:40:05.052-05:00,IdeState,NoProject,,*,-1,-1
2024-11-08T22:40:06.056-05:00,IdeState,NoProject,,*,-1,-1
2024-11-08T22:40:07.058-05:00,IdeState,NoProject,,*,-1,-1
2024-11-08T22:40:08.069-05:00,IdeState,NoProject,,*,-1,-1
2024-11-08T22:40:09.084-05:00,IdeState,NoProject,,*,-1,-1
2024-11-08T22:40:10.093-05:00,IdeState,NoProject,,*,-1,-1
2024-11-08T22:40:11.107-05:00,IdeState,NoProject,,*,-1,-1
2024-11-08T22:40:12.108-05:00,IdeState,NoProject,,*,-1,-1
2024-11-08T22:40:13.120-05:00,IdeState,Inactive,,*,-1,-1
2024-11-08T22:40:14.137-05:00,IdeState,Inactive,,*,-1,-1
2024-11-08T22:40:15.145-05:00,IdeState,Inactive,,*,-1,-1
2024-11-08T22:40:16.154-05:00,IdeState,Inactive,,*,-1,-1
2024-11-08T22:40:17.163-05:00,IdeState,Inactive,,*,-1,-1
2024-11-08T22:40:18.176-05:00,IdeState,Inactive,,*,-1,-1
2024-11-08T22:40:19.186-05:00,IdeState,Inactive,,*,-1,-1
2024-11-08T22:40:20.200-05:00,IdeState,Inactive,,*,-1,-1
2024-11-08T22:40:21.212-05:00,IdeState,Inactive,,*,-1,-1
2024-11-08T22:40:22.226-05:00,IdeState,Inactive,,*,-1,-1
2024-11-08T22:40:23.237-05:00,IdeState,Inactive,,*,-1,-1
2024-11-08T22:40:24.245-05:00,IdeState,Inactive,,*,-1,-1
2024-11-08T22:40:25.260-05:00,IdeState,Inactive,,*,-1,-1
2024-11-08T22:40:26.272-05:00,IdeState,Inactive,,*,-1,-1
2024-11-08T22:40:27.285-05:00,IdeState,NoProject,,*,-1,-1
2024-11-08T22:40:28.291-05:00,IdeState,NoProject,,*,-1,-1
2024-11-13T09:25:55.024-05:00,IdeState,Inactive,,*,-1,-1
2024-11-13T09:25:56.107-05:00,IdeState,Inactive,,*,-1,-1
2024-11-13T09:25:57.117-05:00,IdeState,Inactive,,*,-1,-1
2024-11-13T09:25:58.119-05:00,IdeState,Inactive,,*,-1,-1
2024-11-13T09:25:59.123-05:00,IdeState,Inactive,,*,-1,-1
2024-11-13T09:26:00.127-05:00,IdeState,Inactive,,*,-1,-1
2024-11-13T09:26:03.552-05:00,IdeState,NoProject,,*,-1,-1
2024-11-13T09:26:04.572-05:00,IdeState,NoProject,,*,-1,-1
2024-11-13T09:26:05.590-05:00,IdeState,NoProject,,*,-1,-1
2024-11-13T09:26:06.866-05:00,IdeState,NoProject,,*,-1,-1
2024-11-13T09:26:07.947-05:00,IdeState,Active,Popup,*,-1,-1
2024-11-13T09:26:09.014-05:00,IdeState,Active,Popup,*,-1,-1
2024-11-13T09:26:10.841-05:00,IdeState,Active,Popup,*,-1,-1
2024-11-13T09:26:11.927-05:00,IdeState,Active,Project,*,-1,-1
2024-11-13T09:26:12.930-05:00,IdeState,Active,Project,*,-1,-1
2024-11-13T09:26:13.931-05:00,IdeState,Active,Project,*,-1,-1
2024-11-13T09:26:14.932-05:00,IdeState,Inactive,,*,-1,-1
2024-11-13T09:26:15.934-05:00,IdeState,Inactive,,*,-1,-1
2024-11-13T09:26:16.939-05:00,IdeState,Inactive,,*,-1,-1
2024-11-13T09:26:17.942-05:00,IdeState,Inactive,,*,-1,-1
2024-11-13T09:26:18.953-05:00,IdeState,Inactive,,*,-1,-1
2024-11-13T09:26:19.955-05:00,IdeState,Inactive,,*,-1,-1
2024-11-13T09:26:20.960-05:00,IdeState,Inactive,,*,-1,-1
2024-11-13T09:26:21.963-05:00,IdeState,Inactive,,*,-1,-1
2024-11-13T09:26:22.968-05:00,IdeState,Inactive,,*,-1,-1
2024-11-13T09:26:23.976-05:00,IdeState,Inactive,,*,-1,-1
2024-11-13T09:26:24.980-05:00,IdeState,Inactive,,*,-1,-1
2024-11-13T09:26:25.987-05:00,IdeState,Inactive,,*,-1,-1
2024-11-13T09:26:26.989-05:00,IdeState,Inactive,,*,-1,-1
2024-11-13T09:26:27.991-05:00,IdeState,Inactive,,*,-1,-1
2024-11-13T09:26:28.993-05:00,IdeState,Inactive,,*,-1,-1
2024-11-13T09:26:32.751-05:00,IdeState,Inactive,,*,-1,-1
2024-11-13T09:26:33.753-05:00,IdeState,Inactive,,*,-1,-1
2024-11-13T09:26:34.754-05:00,IdeState,Inactive,,*,-1,-1
2024-11-13T09:26:35.759-05:00,IdeState,Inactive,,*,-1,-1
2024-11-13T09:26:36.762-05:00,IdeState,Inactive,,*,-1,-1
2024-11-13T09:26:37.766-05:00,IdeState,Inactive,,*,-1,-1
2024-11-13T09:26:38.769-05:00,IdeState,Inactive,,*,-1,-1
2024-11-13T09:26:39.772-05:00,IdeState,Inactive,,*,-1,-1
2024-11-13T09:26:40.781-05:00,IdeState,Inactive,,*,-1,-1
2024-11-13T09:26:41.783-05:00,IdeState,Inactive,,*,-1,-1
2024-11-13T09:26:42.784-05:00,IdeState,Inactive,,*,-1,-1
2024-11-13T09:26:43.789-05:00,IdeState,Inactive,,*,-1,-1
2024-11-13T09:38:32.153-05:00,IdeState,Inactive,,*,-1,-1
2024-11-13T09:38:33.738-05:00,IdeState,Inactive,,*,-1,-1
2024-11-13T09:38:34.886-05:00,IdeState,Inactive,,*,-1,-1
2024-11-13T09:38:35.893-05:00,IdeState,Inactive,,*,-1,-1
2024-11-13T09:38:36.897-05:00,IdeState,Inactive,,*,-1,-1
2024-11-13T09:38:37.908-05:00,IdeState,Inactive,,*,-1,-1
2024-11-13T09:38:38.925-05:00,IdeState,Inactive,,*,-1,-1
2024-11-13T09:38:39.930-05:00,IdeState,Inactive,,*,-1,-1
2024-11-13T09:38:40.941-05:00,IdeState,Inactive,,*,-1,-1
2024-11-13T09:38:41.945-05:00,IdeState,Inactive,,*,-1,-1
2024-11-13T09:38:43.343-05:00,IdeState,NoProject,,*,-1,-1
2024-11-13T09:38:44.354-05:00,IdeState,Active,Popup,*,-1,-1
2024-11-13T09:38:46.354-05:00,IdeState,Active,Popup,*,-1,-1
2024-11-13T09:38:47.427-05:00,IdeState,Active,Popup,*,-1,-1
2024-11-13T09:38:49.929-05:00,IdeState,Active,Popup,*,-1,-1
2024-11-13T09:38:50.978-05:00,IdeState,Active,Project,*,-1,-1
2024-11-13T09:38:52.105-05:00,IdeState,Active,Project,*,-1,-1
2024-11-13T09:38:53.274-05:00,IdeState,Active,Project,*,-1,-1
2024-11-13T09:38:54.346-05:00,IdeState,Active,Project,*,-1,-1
2024-11-13T09:38:55.536-05:00,IdeState,Active,Project,*,-1,-1
2024-11-13T09:38:56.561-05:00,IdeState,Active,Project,*,-1,-1
2024-11-13T09:38:57.620-05:00,IdeState,Active,Project,*,-1,-1
2024-11-13T09:38:58.766-05:00,IdeState,Active,Project,*,-1,-1
2024-11-13T09:39:01.845-05:00,IdeState,Active,Project,*,-1,-1
2024-11-13T09:39:02.952-05:00,IdeState,Active,Project,*,-1,-1
2024-11-13T09:39:03.979-05:00,IdeState,Active,Project,*,-1,-1
2024-11-13T09:39:04.996-05:00,IdeState,Active,Project,*,-1,-1
2024-11-13T09:39:06.019-05:00,IdeState,Active,Project,*,-1,-1
2024-11-13T09:39:07.022-05:00,IdeState,Active,Project,*,-1,-1
2024-11-13T09:39:08.023-05:00,IdeState,Active,Project,*,-1,-1
2024-11-13T09:39:09.024-05:00,IdeState,Active,Project,*,-1,-1
2024-11-13T09:39:10.034-05:00,IdeState,Active,Project,*,-1,-1
2024-11-13T09:39:11.036-05:00,IdeState,Active,Project,*,-1,-1
2024-11-13T09:39:12.038-05:00,IdeState,Active,Project,*,-1,-1
2024-11-13T09:39:13.040-05:00,IdeState,Active,Project,*,-1,-1
2024-11-13T09:39:14.042-05:00,IdeState,Active,Project,*,-1,-1
2024-11-13T09:39:15.045-05:00,IdeState,Active,Project,*,-1,-1
2024-11-13T09:39:16.074-05:00,IdeState,Active,Project,*,-1,-1
2024-11-13T09:39:17.088-05:00,IdeState,Active,Project,*,-1,-1
2024-11-13T09:39:18.091-05:00,IdeState,Active,Project,*,-1,-1
2024-11-13T09:39:19.093-05:00,IdeState,Active,Project,*,-1,-1
2024-11-13T09:39:20.095-05:00,IdeState,Active,Project,*,-1,-1
2024-11-13T09:39:21.097-05:00,IdeState,Active,Project,*,-1,-1
2024-11-13T09:39:22.101-05:00,IdeState,Active,Project,*,-1,-1
2024-11-13T09:39:23.104-05:00,IdeState,Active,Project,*,-1,-1
2024-11-13T09:39:24.106-05:00,IdeState,Active,Project,*,-1,-1
2024-11-13T09:39:25.111-05:00,IdeState,Active,Project,*,-1,-1
2024-11-13T09:39:26.112-05:00,IdeState,Active,Project,*,-1,-1
2024-11-13T09:39:27.114-05:00,IdeState,Active,Project,*,-1,-1
2024-11-13T09:39:28.119-05:00,IdeState,Active,Project,*,-1,-1
2024-11-13T09:39:29.122-05:00,IdeState,Active,Project,*,-1,-1
2024-11-13T09:39:30.125-05:00,IdeState,Active,Project,*,-1,-1
2024-11-13T09:39:31.127-05:00,IdeState,Active,Project,*,-1,-1
2024-11-13T09:39:32.129-05:00,IdeState,Active,Project,*,-1,-1
2024-11-13T09:39:33.131-05:00,IdeState,Active,Project,*,-1,-1
2024-11-13T09:39:34.133-05:00,IdeState,Active,Project,*,-1,-1
2024-11-13T09:39:35.135-05:00,IdeState,Active,Project,*,-1,-1
2024-11-13T09:39:36.138-05:00,IdeState,Active,Project,*,-1,-1
2024-11-13T09:39:37.139-05:00,IdeState,Active,Project,*,-1,-1
2024-11-13T09:39:38.142-05:00,IdeState,Active,Project,*,-1,-1
2024-11-13T09:39:39.150-05:00,IdeState,Active,Project,*,-1,-1
2024-11-13T09:39:40.152-05:00,IdeState,Active,Project,*,-1,-1
2024-11-13T09:39:41.228-05:00,IdeState,Active,Dialog,*,-1,-1
2024-11-13T09:39:53.627-05:00,IdeState,NoProject,,*,-1,-1
2024-11-13T09:39:54.721-05:00,IdeState,Active,Popup,*,-1,-1
2024-11-13T09:39:56.226-05:00,IdeState,Active,Popup,*,-1,-1
2024-11-13T09:39:57.936-05:00,IdeState,Active,Popup,*,-1,-1
2024-11-13T09:39:59.268-05:00,IdeState,Active,Project,*,-1,-1
2024-11-13T09:40:00.270-05:00,IdeState,Active,Project,*,-1,-1
2024-11-13T09:40:01.274-05:00,IdeState,Active,Project,*,-1,-1
2024-11-13T09:40:02.276-05:00,IdeState,Active,Project,*,-1,-1
2024-11-13T09:40:03.278-05:00,IdeState,Active,Project,*,-1,-1
2024-11-13T09:40:04.282-05:00,IdeState,Active,Project,*,-1,-1
2024-11-13T09:40:05.283-05:00,IdeState,Active,tasktracker,*,-1,-1
2024-11-13T09:40:06.285-05:00,IdeState,Active,tasktracker,*,-1,-1
2024-11-13T09:40:07.286-05:00,IdeState,Active,tasktracker,*,-1,-1
2024-11-13T09:40:08.287-05:00,IdeState,Active,tasktracker,*,-1,-1
2024-11-13T09:40:09.289-05:00,IdeState,Active,tasktracker,*,-1,-1
2024-11-13T09:40:10.291-05:00,IdeState,Active,tasktracker,*,-1,-1
2024-11-13T09:40:11.292-05:00,IdeState,Active,tasktracker,*,-1,-1
2024-11-13T09:40:12.294-05:00,IdeState,Active,tasktracker,*,-1,-1
2024-11-13T09:40:13.297-05:00,IdeState,Active,tasktracker,*,-1,-1
2024-11-13T09:40:14.297-05:00,IdeState,Active,tasktracker,*,-1,-1
2024-11-13T09:40:15.300-05:00,IdeState,Active,tasktracker,*,-1,-1
2024-11-13T09:40:16.302-05:00,IdeState,Active,tasktracker,*,-1,-1
2024-11-13T09:40:17.305-05:00,IdeState,Active,tasktracker,*,-1,-1
2024-11-13T09:40:18.677-05:00,IdeState,Active,tasktracker,*,-1,-1
2024-11-13T09:40:19.678-05:00,IdeState,Active,tasktracker,*,-1,-1
2024-11-13T09:40:20.680-05:00,IdeState,Active,tasktracker,*,-1,-1
2024-11-13T09:40:21.682-05:00,IdeState,Active,tasktracker,*,-1,-1
2024-11-13T09:40:22.683-05:00,IdeState,Active,tasktracker,*,-1,-1
2024-11-13T09:40:23.684-05:00,IdeState,Active,tasktracker,*,-1,-1
2024-11-13T09:40:24.685-05:00,IdeState,Active,tasktracker,*,-1,-1
2024-11-13T09:40:25.016-05:00,Action,SettingsEntryPoint,tasktracker,*,-1,-1
2024-11-13T09:40:25.686-05:00,IdeState,Active,tasktracker,*,-1,-1
2024-11-13T09:40:26.401-05:00,Action,WelcomeScreen.Plugins,,*,-1,-1
2024-11-13T09:40:29.745-05:00,IdeState,Active,Dialog,*,-1,-1
2024-11-13T09:40:30.747-05:00,IdeState,Active,Dialog,*,-1,-1
2024-11-13T09:40:32.111-05:00,IdeState,Active,Dialog,*,-1,-1
2024-11-13T09:40:33.112-05:00,IdeState,Active,Dialog,*,-1,-1
2024-11-13T09:40:34.113-05:00,IdeState,Active,Dialog,*,-1,-1
2024-11-13T09:40:35.114-05:00,IdeState,Active,Dialog,*,-1,-1
2024-11-13T09:40:36.116-05:00,IdeState,Inactive,,*,-1,-1
2024-11-13T09:40:37.118-05:00,IdeState,Active,Dialog,*,-1,-1
2024-11-13T09:40:38.120-05:00,IdeState,Active,Dialog,*,-1,-1
2024-11-13T09:40:39.122-05:00,IdeState,Active,Dialog,*,-1,-1
2024-11-13T09:40:40.123-05:00,IdeState,Active,Dialog,*,-1,-1
2024-11-13T09:40:41.125-05:00,IdeState,Active,Dialog,*,-1,-1
2024-11-13T09:40:42.126-05:00,IdeState,Active,Dialog,*,-1,-1
2024-11-13T09:40:43.129-05:00,IdeState,Active,Dialog,*,-1,-1
2024-11-13T09:40:44.131-05:00,IdeState,Inactive,,*,-1,-1
2024-11-13T09:40:45.207-05:00,IdeState,Active,Dialog,*,-1,-1
2024-11-13T09:40:46.208-05:00,IdeState,Active,Dialog,*,-1,-1
2024-11-13T09:40:47.210-05:00,IdeState,Active,Dialog,*,-1,-1
2024-11-13T09:40:48.212-05:00,IdeState,Active,Dialog,*,-1,-1
2024-11-13T09:40:49.213-05:00,IdeState,Active,Dialog,*,-1,-1
2024-11-13T09:40:50.214-05:00,IdeState,Active,Dialog,*,-1,-1
2024-11-13T09:40:51.220-05:00,IdeState,Active,Dialog,*,-1,-1
2024-11-13T09:40:52.221-05:00,IdeState,Active,Dialog,*,-1,-1
2024-11-13T09:40:53.223-05:00,IdeState,Active,Dialog,*,-1,-1
2024-11-13T09:40:54.223-05:00,IdeState,Active,Dialog,*,-1,-1
2024-11-13T09:40:55.225-05:00,IdeState,Active,Dialog,*,-1,-1
2024-11-13T09:40:56.227-05:00,IdeState,Active,Dialog,*,-1,-1
2024-11-13T09:40:57.228-05:00,IdeState,Active,Dialog,*,-1,-1
2024-11-13T09:40:58.234-05:00,IdeState,Active,Dialog,*,-1,-1
2024-11-13T09:40:59.236-05:00,IdeState,Active,Dialog,*,-1,-1
2024-11-13T09:41:00.237-05:00,IdeState,Active,Dialog,*,-1,-1
2024-11-13T09:41:01.246-05:00,IdeState,Active,Dialog,*,-1,-1
2024-11-13T09:41:02.248-05:00,IdeState,Active,Dialog,*,-1,-1
2024-11-13T09:41:03.251-05:00,IdeState,Active,Dialog,*,-1,-1
2024-11-13T09:41:04.252-05:00,IdeState,Active,Dialog,*,-1,-1
2024-11-13T09:41:05.253-05:00,IdeState,Active,Dialog,*,-1,-1
2024-11-13T09:41:06.254-05:00,IdeState,Active,Dialog,*,-1,-1
2024-11-13T09:41:07.255-05:00,IdeState,Active,Dialog,*,-1,-1
2024-11-13T09:41:08.256-05:00,IdeState,Active,Dialog,*,-1,-1
2024-11-13T09:41:09.258-05:00,IdeState,Active,Dialog,*,-1,-1
2024-11-13T09:41:10.261-05:00,IdeState,Active,Dialog,*,-1,-1
2024-11-13T09:41:11.262-05:00,IdeState,Active,Dialog,*,-1,-1
2024-11-13T09:41:12.264-05:00,IdeState,Active,Dialog,*,-1,-1
2024-11-13T09:41:13.265-05:00,IdeState,Active,Dialog,*,-1,-1
2024-11-13T09:41:14.267-05:00,IdeState,Active,Dialog,*,-1,-1
2024-11-13T09:41:15.268-05:00,IdeState,Active,Dialog,*,-1,-1
2024-11-13T09:41:16.270-05:00,IdeState,Active,Dialog,*,-1,-1
2024-11-13T09:41:17.283-05:00,IdeState,Active,Dialog,*,-1,-1
2024-11-13T09:41:18.284-05:00,IdeState,Active,Dialog,*,-1,-1
2024-11-13T09:41:19.285-05:00,IdeState,Active,Dialog,*,-1,-1
2024-11-13T09:41:20.288-05:00,IdeState,Active,Dialog,*,-1,-1
2024-11-13T09:41:21.289-05:00,IdeState,Active,Dialog,*,-1,-1
2024-11-13T09:41:22.290-05:00,IdeState,Active,Dialog,*,-1,-1
2024-11-13T09:41:23.291-05:00,IdeState,Active,Dialog,*,-1,-1
2024-11-13T09:41:24.292-05:00,IdeState,Active,Dialog,*,-1,-1
2024-11-13T09:41:25.294-05:00,IdeState,Active,Dialog,*,-1,-1
2024-11-13T09:41:26.298-05:00,IdeState,Active,Dialog,*,-1,-1
2024-11-13T09:41:27.301-05:00,IdeState,Active,Dialog,*,-1,-1
2024-11-13T09:41:28.308-05:00,IdeState,Active,Dialog,*,-1,-1
2024-11-13T09:41:29.311-05:00,IdeState,Active,Dialog,*,-1,-1
2024-11-13T09:41:30.368-05:00,IdeState,Active,Dialog,*,-1,-1
2024-11-13T09:41:49.415-05:00,IdeState,NoProject,,*,-1,-1
2024-11-13T09:41:50.503-05:00,IdeState,Active,Popup,*,-1,-1
2024-11-13T09:41:51.793-05:00,IdeState,Active,Popup,*,-1,-1
2024-11-13T09:41:53.077-05:00,IdeState,Active,Popup,*,-1,-1
2024-11-13T09:41:53.588-05:00,Action,SettingsEntryPoint,Project,*,-1,-1
2024-11-13T09:41:54.526-05:00,IdeState,Active,Project,*,-1,-1
2024-11-13T09:41:55.606-05:00,IdeState,Active,Project,*,-1,-1
2024-11-13T09:41:56.623-05:00,IdeState,Active,Project,*,-1,-1
2024-11-13T09:41:57.625-05:00,IdeState,Active,Project,*,-1,-1
2024-11-13T09:41:58.186-05:00,Action,SettingsEntryPoint,Project,*,-1,-1
2024-11-13T09:41:58.634-05:00,IdeState,Active,Project,*,-1,-1
2024-11-13T09:41:59.650-05:00,IdeState,Active,Project,*,-1,-1
2024-11-13T09:41:59.825-05:00,Action,WelcomeScreen.Plugins,,*,-1,-1
2024-11-13T09:42:03.115-05:00,IdeState,Active,Dialog,*,-1,-1
2024-11-13T09:42:04.329-05:00,IdeState,Active,Dialog,*,-1,-1
2024-11-13T09:42:05.342-05:00,IdeState,Active,Dialog,*,-1,-1
2024-11-13T09:42:06.343-05:00,IdeState,Active,Dialog,*,-1,-1
2024-11-13T09:42:07.351-05:00,IdeState,Active,Dialog,*,-1,-1
2024-11-13T09:42:08.363-05:00,IdeState,Active,Dialog,*,-1,-1
2024-11-13T09:42:09.368-05:00,IdeState,Inactive,,*,-1,-1
2024-11-13T09:42:10.405-05:00,IdeState,Active,Dialog,*,-1,-1
2024-11-13T09:42:11.412-05:00,IdeState,Active,Dialog,*,-1,-1
2024-11-13T09:42:12.428-05:00,IdeState,Active,Dialog,*,-1,-1
2024-11-13T09:42:13.432-05:00,IdeState,Active,Dialog,*,-1,-1
2024-11-13T09:42:14.442-05:00,IdeState,Active,Dialog,*,-1,-1
2024-11-13T09:42:15.453-05:00,IdeState,Active,Dialog,*,-1,-1
2024-11-13T09:42:16.470-05:00,IdeState,Inactive,,*,-1,-1
2024-11-13T09:42:17.487-05:00,IdeState,Inactive,,*,-1,-1
2024-11-13T09:42:18.491-05:00,IdeState,Inactive,,*,-1,-1
2024-11-13T09:42:19.506-05:00,IdeState,Inactive,,*,-1,-1
2024-11-13T09:42:20.508-05:00,IdeState,Active,Dialog,*,-1,-1
2024-11-13T09:42:21.514-05:00,IdeState,Active,Dialog,*,-1,-1
2024-11-13T09:42:22.519-05:00,IdeState,Active,Dialog,*,-1,-1
2024-11-13T09:42:23.529-05:00,IdeState,Active,Dialog,*,-1,-1
2024-11-13T09:42:24.542-05:00,IdeState,Active,Dialog,*,-1,-1
2024-11-13T09:42:25.816-05:00,IdeState,Active,Dialog,*,-1,-1
2024-11-13T09:42:26.830-05:00,IdeState,Active,Dialog,*,-1,-1
2024-11-13T09:42:27.835-05:00,IdeState,Active,Dialog,*,-1,-1
2024-11-13T09:42:28.849-05:00,IdeState,Active,Dialog,*,-1,-1
2024-11-13T09:42:30.827-05:00,IdeState,Active,Project,*,-1,-1
2024-11-13T09:42:31.839-05:00,IdeState,Active,Project,*,-1,-1
2024-11-13T09:42:32.847-05:00,IdeState,Active,Project,*,-1,-1
2024-11-13T09:42:33.850-05:00,IdeState,Active,Project,*,-1,-1
2024-11-13T09:42:34.852-05:00,IdeState,Active,Project,*,-1,-1
2024-11-13T09:42:35.854-05:00,IdeState,Active,Project,*,-1,-1
2024-11-13T09:42:36.856-05:00,IdeState,Active,Project,*,-1,-1
2024-11-13T09:42:46.135-05:00,IdeState,Active,Popup,*,-1,-1
2024-11-13T09:42:47.423-05:00,IdeState,Inactive,,*,-1,-1
2024-11-13T09:42:49.308-05:00,IdeState,Inactive,,*,-1,-1
2024-11-13T09:42:51.090-05:00,IdeState,Inactive,,*,-1,-1
2024-11-13T09:42:52.092-05:00,IdeState,Inactive,,*,-1,-1
2024-11-13T09:42:53.093-05:00,IdeState,Active,Popup,*,-1,-1
2024-11-13T09:42:54.094-05:00,IdeState,Active,Popup,*,-1,-1
2024-11-13T09:42:55.499-05:00,IdeState,Inactive,,*,-1,-1
2024-11-13T09:42:56.718-05:00,IdeState,Inactive,,*,-1,-1
2024-11-13T09:42:57.764-05:00,IdeState,Inactive,,*,-1,-1
2024-11-13T09:42:58.778-05:00,IdeState,Inactive,,*,-1,-1
2024-11-13T09:42:59.789-05:00,IdeState,Inactive,,*,-1,-1
2024-11-13T09:43:00.914-05:00,IdeState,Inactive,,*,-1,-1
2024-11-13T09:43:02.185-05:00,IdeState,Inactive,,*,-1,-1
2024-11-13T09:43:03.238-05:00,IdeState,Inactive,,*,-1,-1
2024-11-13T09:43:04.250-05:00,IdeState,Inactive,,*,-1,-1
2024-11-13T09:43:05.428-05:00,IdeState,Inactive,,*,-1,-1
2024-11-13T09:43:06.537-05:00,IdeState,Inactive,,*,-1,-1
2024-11-13T09:43:07.558-05:00,IdeState,Inactive,,*,-1,-1
2024-11-13T09:43:08.595-05:00,IdeState,Inactive,,*,-1,-1
2024-11-13T09:43:09.606-05:00,IdeState,Inactive,,*,-1,-1
2024-11-13T09:43:10.623-05:00,IdeState,Inactive,,*,-1,-1
2024-11-13T09:43:11.627-05:00,IdeState,Inactive,,*,-1,-1
2024-11-13T09:43:12.652-05:00,IdeState,Inactive,,*,-1,-1
2024-11-13T09:43:13.657-05:00,IdeState,Inactive,,*,-1,-1
2024-11-13T09:43:14.671-05:00,IdeState,Inactive,,*,-1,-1
2024-11-13T09:43:15.685-05:00,IdeState,Inactive,,*,-1,-1
2024-11-13T09:43:16.694-05:00,IdeState,Inactive,,*,-1,-1
2024-11-13T09:43:17.705-05:00,IdeState,Inactive,,*,-1,-1
2024-11-13T09:43:18.742-05:00,IdeState,Inactive,,*,-1,-1
2024-11-13T09:43:19.744-05:00,IdeState,Inactive,,*,-1,-1
2024-11-13T09:43:20.757-05:00,IdeState,Inactive,,*,-1,-1
2024-11-13T09:43:21.760-05:00,IdeState,Inactive,,*,-1,-1
2024-11-13T09:43:22.793-05:00,IdeState,Inactive,,*,-1,-1
2024-11-13T09:43:23.803-05:00,IdeState,Inactive,,*,-1,-1
2024-11-13T09:43:24.825-05:00,IdeState,Inactive,,*,-1,-1
2024-11-13T09:43:25.841-05:00,IdeState,Inactive,,*,-1,-1
2024-11-13T09:43:26.906-05:00,IdeState,Inactive,,*,-1,-1
2024-11-13T09:43:27.921-05:00,IdeState,Inactive,,*,-1,-1
2024-11-13T09:43:28.931-05:00,IdeState,Inactive,,*,-1,-1
2024-11-13T09:43:29.947-05:00,IdeState,Inactive,,*,-1,-1
2024-11-13T09:43:30.957-05:00,IdeState,Inactive,,*,-1,-1
2024-11-13T09:43:31.969-05:00,IdeState,Inactive,,*,-1,-1
2024-11-13T09:43:32.977-05:00,IdeState,Inactive,,*,-1,-1
2024-11-13T09:43:33.990-05:00,IdeState,Inactive,,*,-1,-1
2024-11-13T09:43:35.001-05:00,IdeState,Inactive,,*,-1,-1
2024-11-13T09:43:36.014-05:00,IdeState,Inactive,,*,-1,-1
2024-11-13T09:43:37.031-05:00,IdeState,Inactive,,*,-1,-1
2024-11-13T09:43:38.041-05:00,IdeState,Inactive,,*,-1,-1
2024-11-13T09:43:39.047-05:00,IdeState,Inactive,,*,-1,-1
2024-11-13T09:43:40.058-05:00,IdeState,Inactive,,*,-1,-1
2024-11-13T09:43:41.071-05:00,IdeState,Inactive,,*,-1,-1
2024-11-13T09:43:42.073-05:00,IdeState,Inactive,,*,-1,-1
2024-11-13T09:43:43.088-05:00,IdeState,Inactive,,*,-1,-1
2024-11-13T09:43:44.097-05:00,IdeState,Inactive,,*,-1,-1
2024-11-13T09:43:45.111-05:00,IdeState,Inactive,,*,-1,-1
2024-11-13T09:43:46.121-05:00,IdeState,Inactive,,*,-1,-1
2024-11-13T09:43:47.134-05:00,IdeState,Inactive,,*,-1,-1
2024-11-13T09:43:48.146-05:00,IdeState,Inactive,,*,-1,-1
2024-11-13T09:43:49.156-05:00,IdeState,Inactive,,*,-1,-1
2024-11-13T09:43:50.170-05:00,IdeState,Inactive,,*,-1,-1
2024-11-13T09:43:51.181-05:00,IdeState,Inactive,,*,-1,-1
2024-11-13T09:43:52.196-05:00,IdeState,Inactive,,*,-1,-1
2024-11-13T09:43:53.210-05:00,IdeState,Inactive,,*,-1,-1
2024-11-13T09:43:54.230-05:00,IdeState,Inactive,,*,-1,-1
2024-11-13T09:43:55.248-05:00,IdeState,Inactive,,*,-1,-1
2024-11-13T09:43:56.365-05:00,IdeState,Inactive,,*,-1,-1
2024-11-13T09:43:57.387-05:00,IdeState,Inactive,,*,-1,-1
2024-11-13T09:43:58.397-05:00,IdeState,Inactive,,*,-1,-1
2024-11-13T09:43:59.418-05:00,IdeState,Inactive,,*,-1,-1
2024-11-13T09:44:00.435-05:00,IdeState,Inactive,,*,-1,-1
2024-11-13T09:44:01.446-05:00,IdeState,Inactive,,*,-1,-1
2024-11-13T09:44:02.462-05:00,IdeState,Inactive,,*,-1,-1
2024-11-13T09:44:03.465-05:00,IdeState,Inactive,,*,-1,-1
2024-11-13T09:44:04.478-05:00,IdeState,Inactive,,*,-1,-1
2024-11-13T09:44:05.505-05:00,IdeState,Inactive,,*,-1,-1
2024-11-13T09:44:06.540-05:00,IdeState,Inactive,,*,-1,-1
2024-11-13T09:44:07.552-05:00,IdeState,Inactive,,*,-1,-1
2024-11-13T09:44:08.563-05:00,IdeState,Inactive,,*,-1,-1
2024-11-13T09:44:09.577-05:00,IdeState,Inactive,,*,-1,-1
2024-11-13T09:44:10.591-05:00,IdeState,Inactive,,*,-1,-1
2024-11-13T09:44:11.601-05:00,IdeState,Inactive,,*,-1,-1
2024-11-13T09:44:12.614-05:00,IdeState,Inactive,,*,-1,-1
2024-11-13T09:44:13.627-05:00,IdeState,Inactive,,*,-1,-1
2024-11-13T09:44:14.635-05:00,IdeState,Inactive,,*,-1,-1
2024-11-13T09:44:15.645-05:00,IdeState,Inactive,,*,-1,-1
2024-11-13T09:44:16.713-05:00,IdeState,Active,Popup,*,-1,-1
2024-11-13T09:44:17.737-05:00,IdeState,Active,Popup,*,-1,-1
2024-11-13T09:44:18.750-05:00,IdeState,Active,Popup,*,-1,-1
2024-11-13T09:44:19.757-05:00,IdeState,Active,Project,*,-1,-1
2024-11-13T09:44:20.592-05:00,Action,$Delete,Project,*,-1,-1
2024-11-13T09:44:20.927-05:00,IdeState,Active,Dialog,*,-1,-1
2024-11-13T09:44:21.931-05:00,IdeState,Active,Dialog,*,-1,-1
2024-11-13T09:44:22.932-05:00,IdeState,Active,Dialog,*,-1,-1
2024-11-13T09:44:23.933-05:00,IdeState,Active,Dialog,*,-1,-1
2024-11-13T09:44:24.936-05:00,IdeState,Active,Dialog,*,-1,-1
2024-11-13T09:44:25.938-05:00,IdeState,Active,Project,*,-1,-1
2024-11-13T09:44:26.941-05:00,IdeState,Active,Project,*,-1,-1
2024-11-13T09:44:27.943-05:00,IdeState,Active,Project,*,-1,-1
2024-11-13T09:44:28.944-05:00,IdeState,Active,Project,*,-1,-1
2024-11-13T09:44:29.946-05:00,IdeState,Active,Project,*,-1,-1
2024-11-13T09:44:30.949-05:00,IdeState,Active,tasktracker,*,-1,-1
2024-11-13T09:44:31.951-05:00,IdeState,Active,tasktracker,*,-1,-1
2024-11-13T09:44:32.952-05:00,IdeState,Active,tasktracker,*,-1,-1
2024-11-13T09:44:33.953-05:00,IdeState,Active,tasktracker,*,-1,-1
2024-11-13T09:44:34.954-05:00,IdeState,Active,tasktracker,*,-1,-1
2024-11-13T09:44:35.955-05:00,IdeState,Active,tasktracker,*,-1,-1
2024-11-13T09:44:36.956-05:00,IdeState,Active,tasktracker,*,-1,-1
2024-11-13T09:44:37.957-05:00,IdeState,Active,tasktracker,*,-1,-1
2024-11-13T09:44:38.958-05:00,IdeState,Active,tasktracker,*,-1,-1
2024-11-13T09:44:39.961-05:00,IdeState,Active,tasktracker,*,-1,-1
2024-11-13T09:44:40.962-05:00,IdeState,Active,tasktracker,*,-1,-1
2024-11-13T09:44:41.964-05:00,IdeState,Active,tasktracker,*,-1,-1
2024-11-13T09:44:42.967-05:00,IdeState,Active,Project,*,-1,-1
2024-11-13T09:44:43.971-05:00,IdeState,Active,Project,*,-1,-1
2024-11-13T09:44:44.973-05:00,IdeState,Active,Project,*,-1,-1
2024-11-13T09:44:45.976-05:00,IdeState,Active,Project,*,-1,-1
2024-11-13T09:44:47.030-05:00,IdeState,Inactive,,*,-1,-1
2024-11-13T09:44:48.035-05:00,IdeState,Inactive,,*,-1,-1
2024-11-13T09:44:49.037-05:00,IdeState,Inactive,,*,-1,-1
2024-11-13T09:44:50.039-05:00,IdeState,Inactive,,*,-1,-1
2024-11-13T09:44:51.041-05:00,IdeState,Inactive,,*,-1,-1
2024-11-13T09:44:52.042-05:00,IdeState,Inactive,,*,-1,-1
2024-11-13T09:44:53.044-05:00,IdeState,Inactive,,*,-1,-1
2024-11-13T09:44:54.046-05:00,IdeState,Inactive,,*,-1,-1
2024-11-13T09:44:55.047-05:00,IdeState,Inactive,,*,-1,-1
2024-11-13T09:44:56.111-05:00,IdeState,Inactive,,*,-1,-1
2024-11-13T09:44:57.127-05:00,IdeState,Inactive,,*,-1,-1
2024-11-13T09:44:58.131-05:00,IdeState,Inactive,,*,-1,-1
2024-11-13T09:44:59.134-05:00,IdeState,Inactive,,*,-1,-1
2024-11-13T09:45:00.135-05:00,IdeState,Inactive,,*,-1,-1
2024-11-13T09:45:01.137-05:00,IdeState,Inactive,,*,-1,-1
2024-11-13T09:45:02.137-05:00,IdeState,Inactive,,*,-1,-1
2024-11-13T09:45:03.141-05:00,IdeState,Inactive,,*,-1,-1
2024-11-13T09:45:04.143-05:00,IdeState,Inactive,,*,-1,-1
2024-11-13T09:45:05.144-05:00,IdeState,Inactive,,*,-1,-1
2024-11-13T09:45:06.145-05:00,IdeState,Inactive,,*,-1,-1
2024-11-13T09:45:07.146-05:00,IdeState,Inactive,,*,-1,-1
2024-11-13T09:45:08.147-05:00,IdeState,Inactive,,*,-1,-1
2024-11-13T09:45:09.150-05:00,IdeState,Inactive,,*,-1,-1
2024-11-13T09:45:10.153-05:00,IdeState,Inactive,,*,-1,-1
2024-11-13T09:45:11.155-05:00,IdeState,Inactive,,*,-1,-1
2024-11-13T09:45:12.157-05:00,IdeState,Inactive,,*,-1,-1
2024-11-13T09:45:13.158-05:00,IdeState,Inactive,,*,-1,-1
2024-11-13T09:45:14.161-05:00,IdeState,Inactive,,*,-1,-1
2024-11-13T09:45:15.162-05:00,IdeState,Active,Project,*,-1,-1
2024-11-13T09:45:16.164-05:00,IdeState,Active,Project,*,-1,-1
2024-11-13T09:45:17.165-05:00,IdeState,Active,Project,*,-1,-1
2024-11-13T09:45:18.167-05:00,IdeState,Active,Project,*,-1,-1
2024-11-13T09:45:19.170-05:00,IdeState,Active,Project,*,-1,-1
2024-11-13T09:45:20.171-05:00,IdeState,Active,Project,*,-1,-1
2024-11-13T09:45:21.174-05:00,IdeState,Active,Project,*,-1,-1
2024-11-13T09:45:22.175-05:00,IdeState,Active,Project,*,-1,-1
2024-11-13T09:45:23.178-05:00,IdeState,Active,Project,*,-1,-1
2024-11-13T09:45:24.179-05:00,IdeState,Active,Project,*,-1,-1
2024-11-13T09:45:25.180-05:00,IdeState,Active,Project,*,-1,-1
2024-11-13T09:45:26.182-05:00,IdeState,Active,Project,*,-1,-1
2024-11-13T09:45:27.184-05:00,IdeState,Active,Project,*,-1,-1
2024-11-13T09:45:28.186-05:00,IdeState,Active,Project,*,-1,-1
2024-11-13T09:45:29.187-05:00,IdeState,Active,Project,*,-1,-1
2024-11-13T09:45:30.189-05:00,IdeState,Active,Project,*,-1,-1
2024-11-13T09:45:31.192-05:00,IdeState,Active,Project,*,-1,-1
2024-11-13T09:45:32.197-05:00,IdeState,Active,Project,*,-1,-1
2024-11-13T09:45:33.197-05:00,IdeState,Active,Project,*,-1,-1
2024-11-13T09:45:34.199-05:00,IdeState,Active,Project,*,-1,-1
2024-11-13T09:45:35.201-05:00,IdeState,Active,Project,*,-1,-1
2024-11-13T09:45:36.202-05:00,IdeState,Active,Project,*,-1,-1
2024-11-13T09:45:37.203-05:00,IdeState,Active,Project,*,-1,-1
2024-11-13T09:45:38.207-05:00,IdeState,Active,Project,*,-1,-1
2024-11-13T09:45:39.208-05:00,IdeState,Active,Project,*,-1,-1
2024-11-13T09:45:40.210-05:00,IdeState,Active,Project,*,-1,-1
2024-11-13T09:45:41.211-05:00,IdeState,Active,Project,*,-1,-1
2024-11-13T09:45:42.213-05:00,IdeState,Active,Project,*,-1,-1
2024-11-13T09:45:43.216-05:00,IdeState,Active,Project,*,-1,-1
2024-11-13T09:45:44.218-05:00,IdeState,Active,Project,*,-1,-1
2024-11-13T09:45:45.220-05:00,IdeState,Active,Project,*,-1,-1
2024-11-13T09:45:46.222-05:00,IdeState,Active,Project,*,-1,-1
2024-11-13T09:45:47.223-05:00,IdeState,Active,Project,*,-1,-1
2024-11-13T09:45:48.225-05:00,IdeState,Active,Project,*,-1,-1
2024-11-13T09:45:49.226-05:00,IdeState,Active,Project,*,-1,-1
2024-11-13T09:45:50.227-05:00,IdeState,Active,Project,*,-1,-1
2024-11-13T09:45:51.234-05:00,IdeState,Active,Project,*,-1,-1
2024-11-13T09:45:52.235-05:00,IdeState,Active,Project,*,-1,-1
2024-11-13T09:45:53.238-05:00,IdeState,Active,Project,*,-1,-1
2024-11-13T09:45:54.239-05:00,IdeState,Active,Project,*,-1,-1
2024-11-13T09:45:55.240-05:00,IdeState,Active,Project,*,-1,-1
2024-11-13T09:45:56.244-05:00,IdeState,Active,Project,*,-1,-1
2024-11-13T09:45:57.245-05:00,IdeState,Active,Project,*,-1,-1
2024-11-13T09:45:58.247-05:00,IdeState,Active,Project,*,-1,-1
2024-11-13T09:46:00.039-05:00,IdeState,Active,Project,*,-1,-1
2024-11-13T09:46:01.092-05:00,IdeState,Active,Editor,voting.py,0,0
2024-11-13T09:46:02.097-05:00,IdeState,Active,Editor,voting.py,2,18
2024-11-13T09:46:03.098-05:00,IdeState,Active,Editor,voting.py,2,18
2024-11-13T09:46:04.101-05:00,IdeState,Inactive,,*,-1,-1
2024-11-13T09:46:05.219-05:00,IdeState,Inactive,,*,-1,-1
2024-11-13T09:46:06.228-05:00,IdeState,Inactive,,*,-1,-1
2024-11-13T09:46:07.230-05:00,IdeState,Active,Editor,voting.py,2,22
2024-11-13T09:46:08.231-05:00,IdeState,Active,Editor,voting.py,2,22
2024-11-13T09:46:09.235-05:00,IdeState,Active,Editor,voting.py,2,22
2024-11-13T09:46:10.239-05:00,IdeState,Active,Editor,voting.py,2,22
2024-11-13T09:46:11.245-05:00,IdeState,Active,Editor,voting.py,2,22
2024-11-13T09:46:11.931-05:00,Action,EditorEnter,Editor,voting.py,2,22
2024-11-13T09:46:12.248-05:00,IdeState,Active,Dialog,voting.py,2,22
2024-11-13T09:46:13.250-05:00,IdeState,Active,Dialog,voting.py,2,22
2024-11-13T09:46:14.277-05:00,IdeState,Active,Editor,voting.py,2,22
2024-11-13T09:46:15.286-05:00,IdeState,Active,Editor,voting.py,2,22
2024-11-13T09:46:15.491-05:00,Action,EditorEnter,Editor,voting.py,2,22
2024-11-13T09:46:16.288-05:00,IdeState,Active,Dialog,voting.py,2,22
2024-11-13T09:46:17.290-05:00,IdeState,Active,Dialog,voting.py,2,22
2024-11-13T09:46:18.291-05:00,IdeState,Active,Dialog,voting.py,2,22
2024-11-13T09:46:19.292-05:00,IdeState,Active,Dialog,voting.py,2,22
2024-11-13T09:46:20.294-05:00,IdeState,Active,Dialog,voting.py,2,22
2024-11-13T09:46:21.295-05:00,IdeState,Active,Dialog,voting.py,2,22
2024-11-13T09:46:22.305-05:00,IdeState,Active,Dialog,voting.py,2,22
2024-11-13T09:46:23.308-05:00,IdeState,Active,Editor,voting.py,2,22
2024-11-13T09:46:24.309-05:00,IdeState,Active,Editor,voting.py,2,22
2024-11-13T09:46:25.313-05:00,IdeState,Active,tasktracker,voting.py,2,22
2024-11-13T09:46:26.314-05:00,IdeState,Active,tasktracker,*,-1,-1
2024-11-13T09:46:27.316-05:00,IdeState,Active,Project,*,-1,-1
2024-11-13T09:46:28.317-05:00,IdeState,Active,Project,*,-1,-1
2024-11-13T09:46:29.318-05:00,IdeState,Active,tasktracker,*,-1,-1
2024-11-13T09:46:30.320-05:00,IdeState,Active,tasktracker,*,-1,-1
2024-11-13T09:46:31.322-05:00,IdeState,Active,tasktracker,*,-1,-1
2024-11-13T09:46:32.323-05:00,IdeState,Active,tasktracker,*,-1,-1
2024-11-13T09:46:33.325-05:00,IdeState,Active,Editor,voting.py,2,22
2024-11-13T09:46:34.328-05:00,IdeState,Active,Editor,voting.py,2,22
2024-11-13T09:46:34.546-05:00,Action,EditorEnter,Editor,voting.py,2,22
2024-11-13T09:46:35.878-05:00,IdeState,Active,Editor,voting.py,3,0
2024-11-13T09:46:36.880-05:00,IdeState,Active,Editor,voting.py,3,0
2024-11-13T09:46:37.888-05:00,IdeState,Active,Editor,voting.py,3,0
2024-11-13T09:46:38.894-05:00,IdeState,Active,Editor,voting.py,3,0
2024-11-13T09:46:39.897-05:00,IdeState,Active,Editor,voting.py,3,0
2024-11-13T09:46:40.900-05:00,IdeState,Active,Editor,voting.py,3,0
2024-11-13T09:46:41.906-05:00,IdeState,Active,Editor,voting.py,3,2
2024-11-13T09:46:42.928-05:00,IdeState,Active,Editor,voting.py,3,6
2024-11-13T09:46:43.931-05:00,IdeState,Active,Editor,voting.py,3,6
2024-11-13T09:46:44.939-05:00,IdeState,Active,Editor,voting.py,3,7
2024-11-13T09:46:45.643-05:00,Action,EditorBackSpace,Editor,voting.py,3,9
2024-11-13T09:46:45.940-05:00,IdeState,Active,Editor,voting.py,3,8
2024-11-13T09:46:46.602-05:00,Action,EditorBackSpace,Editor,voting.py,3,9
2024-11-13T09:46:46.729-05:00,Action,EditorBackSpace,Editor,voting.py,3,8
2024-11-13T09:46:46.941-05:00,IdeState,Active,Editor,voting.py,3,7
2024-11-13T09:46:47.537-05:00,Action,EditorBackSpace,Editor,voting.py,3,11
2024-11-13T09:46:47.697-05:00,Action,EditorBackSpace,Editor,voting.py,3,10
2024-11-13T09:46:47.865-05:00,Action,EditorBackSpace,Editor,voting.py,3,9
2024-11-13T09:46:47.943-05:00,IdeState,Active,Editor,voting.py,3,8
2024-11-13T09:46:48.041-05:00,Action,EditorBackSpace,Editor,voting.py,3,8
2024-11-13T09:46:48.618-05:00,Action,EditorBackSpace,Editor,voting.py,3,7
2024-11-13T09:46:48.778-05:00,Action,EditorBackSpace,Editor,voting.py,3,6
2024-11-13T09:46:48.944-05:00,IdeState,Active,Editor,voting.py,3,5
2024-11-13T09:46:48.953-05:00,Action,EditorBackSpace,Editor,voting.py,3,5
2024-11-13T09:46:49.121-05:00,Action,EditorBackSpace,Editor,voting.py,3,4
2024-11-13T09:46:49.297-05:00,Action,EditorBackSpace,Editor,voting.py,3,3
2024-11-13T09:46:49.473-05:00,Action,EditorBackSpace,Editor,voting.py,3,2
2024-11-13T09:46:49.914-05:00,Action,EditorBackSpace,Editor,voting.py,3,1
2024-11-13T09:46:49.947-05:00,IdeState,Active,Editor,voting.py,3,0
2024-11-13T09:46:50.950-05:00,IdeState,Active,Editor,voting.py,3,0
2024-11-13T09:46:51.952-05:00,IdeState,Active,Editor,voting.py,3,0
2024-11-13T09:46:52.955-05:00,IdeState,Active,Editor,voting.py,3,0
2024-11-13T09:46:53.956-05:00,IdeState,Active,Editor,voting.py,3,0
2024-11-13T09:46:54.957-05:00,IdeState,Active,Editor,voting.py,3,0
2024-11-13T09:46:55.959-05:00,IdeState,Active,Editor,voting.py,3,0
2024-11-13T09:46:56.960-05:00,IdeState,Active,Editor,voting.py,3,0
2024-11-13T09:46:57.964-05:00,IdeState,Inactive,,*,-1,-1
2024-11-13T09:46:58.968-05:00,IdeState,Inactive,,*,-1,-1
2024-11-13T09:46:59.969-05:00,IdeState,Inactive,,*,-1,-1
2024-11-13T09:47:00.973-05:00,IdeState,Inactive,,*,-1,-1
2024-11-13T09:47:01.975-05:00,IdeState,Inactive,,*,-1,-1
2024-11-13T09:47:02.975-05:00,IdeState,Inactive,,*,-1,-1
2024-11-13T09:47:03.977-05:00,IdeState,Inactive,,*,-1,-1
2024-11-13T09:47:04.985-05:00,IdeState,Inactive,,*,-1,-1
2024-11-13T09:47:05.989-05:00,IdeState,Inactive,,*,-1,-1
2024-11-13T09:47:06.991-05:00,IdeState,Inactive,,*,-1,-1
2024-11-13T09:47:07.996-05:00,IdeState,Inactive,,*,-1,-1
2024-11-13T09:47:09.007-05:00,IdeState,Inactive,,*,-1,-1
2024-11-13T09:47:10.013-05:00,IdeState,Inactive,,*,-1,-1
2024-11-13T09:47:11.028-05:00,IdeState,Inactive,,*,-1,-1
2024-11-13T09:47:12.092-05:00,IdeState,Inactive,,*,-1,-1
2024-11-13T09:47:13.283-05:00,IdeState,Inactive,,*,-1,-1
2024-11-13T09:47:14.326-05:00,IdeState,Active,Editor,voting.py,3,0
2024-11-13T09:47:15.327-05:00,IdeState,Active,Editor,voting.py,3,0
2024-11-13T09:47:16.329-05:00,IdeState,Active,Editor,voting.py,3,0
2024-11-13T09:47:17.330-05:00,IdeState,Active,Editor,voting.py,3,0
2024-11-13T09:47:18.335-05:00,IdeState,Active,Editor,voting.py,3,0
2024-11-13T09:47:19.336-05:00,IdeState,Active,Editor,voting.py,3,0
2024-11-13T09:47:20.338-05:00,IdeState,Active,Editor,voting.py,3,0
2024-11-13T09:47:21.340-05:00,IdeState,Active,Editor,voting.py,3,0
2024-11-13T09:47:22.341-05:00,IdeState,Active,Editor,voting.py,3,0
2024-11-13T09:47:23.342-05:00,IdeState,Active,Editor,voting.py,3,0
2024-11-13T09:47:24.343-05:00,IdeState,Active,Editor,voting.py,3,0
2024-11-13T09:47:25.345-05:00,IdeState,Active,Editor,voting.py,3,0
2024-11-13T09:47:26.347-05:00,IdeState,Active,Editor,voting.py,3,0
2024-11-13T09:47:27.349-05:00,IdeState,Active,Editor,voting.py,3,0
2024-11-13T09:47:28.403-05:00,IdeState,Active,Editor,voting.py,3,0
2024-11-13T09:47:29.407-05:00,IdeState,Active,Editor,voting.py,3,0
2024-11-13T09:47:30.410-05:00,IdeState,Active,Editor,voting.py,3,0
2024-11-13T09:47:31.411-05:00,IdeState,Active,Editor,voting.py,3,0
2024-11-13T09:47:32.412-05:00,IdeState,Active,Editor,voting.py,3,0
2024-11-13T09:47:33.413-05:00,IdeState,Active,Editor,voting.py,3,0
2024-11-13T09:47:34.416-05:00,IdeState,Active,Editor,voting.py,3,0
2024-11-13T09:47:35.419-05:00,IdeState,Active,Editor,voting.py,3,0
2024-11-13T09:47:36.420-05:00,IdeState,Active,Editor,voting.py,3,0
2024-11-13T09:47:37.421-05:00,IdeState,Active,Editor,voting.py,3,0
2024-11-13T09:47:38.422-05:00,IdeState,Active,Editor,voting.py,3,0
2024-11-13T09:47:39.423-05:00,IdeState,Active,Editor,voting.py,3,0
2024-11-13T09:47:40.424-05:00,IdeState,Active,Editor,voting.py,3,0
2024-11-13T09:47:41.425-05:00,IdeState,Active,Editor,voting.py,3,0
2024-11-13T09:47:42.257-05:00,Action,EditorBackSpace,Editor,voting.py,3,1
2024-11-13T09:47:42.428-05:00,IdeState,Active,Editor,voting.py,3,0
2024-11-13T09:47:43.437-05:00,IdeState,Active,Editor,voting.py,3,1
2024-11-13T09:47:43.880-05:00,Action,EditorBackSpace,Editor,voting.py,3,1
2024-11-13T09:47:44.439-05:00,IdeState,Active,Editor,voting.py,3,2
2024-11-13T09:47:44.528-05:00,Action,EditorBackSpace,Editor,voting.py,3,2
2024-11-13T09:47:46.195-05:00,IdeState,Active,Editor,voting.py,3,2
2024-11-13T09:47:47.206-05:00,IdeState,Active,Editor,voting.py,3,6
2024-11-13T09:47:48.208-05:00,IdeState,Active,Editor,voting.py,3,9
2024-11-13T09:47:48.840-05:00,Action,EditorEnter,Editor,voting.py,3,9
2024-11-13T09:47:49.210-05:00,IdeState,Active,Editor,voting.py,4,0
2024-11-13T09:47:50.088-05:00,Action,EditorEnter,Editor,voting.py,4,0
2024-11-13T09:47:50.211-05:00,IdeState,Active,Editor,voting.py,5,0
2024-11-13T09:47:51.307-05:00,IdeState,Active,Editor,voting.py,5,2
2024-11-13T09:47:51.592-05:00,Action,EditorBackSpace,Editor,voting.py,5,3
2024-11-13T09:47:52.309-05:00,IdeState,Active,Editor,voting.py,5,4
2024-11-13T09:47:53.310-05:00,IdeState,Active,Editor,voting.py,5,9
2024-11-13T09:47:53.589-05:00,Action,EditorBackSpace,Editor,voting.py,5,9
2024-11-13T09:47:53.720-05:00,Action,EditorBackSpace,Editor,voting.py,5,8
2024-11-13T09:47:54.311-05:00,IdeState,Active,Editor,voting.py,5,9
2024-11-13T09:47:54.404-05:00,Action,EditorRight,Editor,voting.py,5,9
2024-11-13T09:47:55.312-05:00,IdeState,Active,Editor,voting.py,5,11
2024-11-13T09:47:56.313-05:00,IdeState,Active,Editor,voting.py,5,11
2024-11-13T09:47:56.331-05:00,Action,EditorLeft,Editor,voting.py,5,11
2024-11-13T09:47:56.482-05:00,Action,EditorLeft,Editor,voting.py,5,10
2024-11-13T09:47:56.650-05:00,Action,EditorLeft,Editor,voting.py,5,9
2024-11-13T09:47:56.842-05:00,Action,EditorLeft,Editor,voting.py,5,8
2024-11-13T09:47:57.314-05:00,IdeState,Active,Editor,voting.py,5,7
2024-11-13T09:47:58.316-05:00,IdeState,Active,Editor,voting.py,5,8
2024-11-13T09:47:59.317-05:00,IdeState,Active,Editor,voting.py,5,8
2024-11-13T09:48:00.319-05:00,IdeState,Active,Editor,voting.py,5,8
2024-11-13T09:48:00.379-05:00,Action,EditorLeft,Editor,voting.py,5,8
2024-11-13T09:48:00.571-05:00,Action,EditorLeft,Editor,voting.py,5,7
2024-11-13T09:48:00.755-05:00,Action,EditorLeft,Editor,voting.py,5,6
2024-11-13T09:48:00.915-05:00,Action,EditorLeft,Editor,voting.py,5,5
2024-11-13T09:48:01.297-05:00,Action,EditorBackSpace,Editor,voting.py,5,4
2024-11-13T09:48:01.320-05:00,IdeState,Active,Editor,voting.py,5,3
2024-11-13T09:48:01.571-05:00,Action,EditorRight,Editor,voting.py,5,3
2024-11-13T09:48:01.858-05:00,Action,EditorRight,Editor,voting.py,5,4
2024-11-13T09:48:02.036-05:00,Action,EditorRight,Editor,voting.py,5,5
2024-11-13T09:48:02.156-05:00,Action,EditorRight,Editor,voting.py,5,6
2024-11-13T09:48:02.298-05:00,Action,EditorRight,Editor,voting.py,5,7
2024-11-13T09:48:02.321-05:00,IdeState,Active,Editor,voting.py,5,8
2024-11-13T09:48:02.435-05:00,Action,EditorRight,Editor,voting.py,5,8
2024-11-13T09:48:02.602-05:00,Action,EditorRight,Editor,voting.py,5,9
2024-11-13T09:48:02.930-05:00,Action,EditorBackSpace,Editor,voting.py,5,10
2024-11-13T09:48:03.324-05:00,IdeState,Active,Editor,voting.py,5,9
2024-11-13T09:48:03.691-05:00,Action,EditorRight,Editor,voting.py,5,9
2024-11-13T09:48:04.191-05:00,Action,EditorEnter,Editor,voting.py,5,10
2024-11-13T09:48:04.325-05:00,IdeState,Active,Editor,voting.py,6,4
2024-11-13T09:48:05.325-05:00,IdeState,Active,Editor,voting.py,6,4
2024-11-13T09:48:06.326-05:00,IdeState,Active,Editor,voting.py,6,6
2024-11-13T09:48:06.419-05:00,Action,EditorBackSpace,Editor,voting.py,6,6
2024-11-13T09:48:06.570-05:00,Action,EditorBackSpace,Editor,voting.py,6,5
2024-11-13T09:48:07.096-05:00,Action,EditorBackSpace,Editor,voting.py,6,6
2024-11-13T09:48:07.248-05:00,Action,EditorBackSpace,Editor,voting.py,6,5
2024-11-13T09:48:07.327-05:00,IdeState,Active,Editor,voting.py,6,4
2024-11-13T09:48:08.298-05:00,Action,EditorBackSpace,Editor,voting.py,6,9
2024-11-13T09:48:08.328-05:00,IdeState,Active,Editor,voting.py,6,8
2024-11-13T09:48:08.424-05:00,Action,EditorBackSpace,Editor,voting.py,6,8
2024-11-13T09:48:09.330-05:00,IdeState,Active,Editor,voting.py,6,10
2024-11-13T09:48:10.210-05:00,Action,EditorRight,Editor,voting.py,6,14
2024-11-13T09:48:10.331-05:00,IdeState,Active,Editor,voting.py,6,15
2024-11-13T09:48:11.333-05:00,IdeState,Active,Editor,voting.py,6,15
2024-11-13T09:48:11.434-05:00,Action,EditorLeft,Editor,voting.py,6,15
2024-11-13T09:48:11.609-05:00,Action,EditorLeft,Editor,voting.py,6,14
2024-11-13T09:48:12.335-05:00,IdeState,Active,Editor,voting.py,6,13
2024-11-13T09:48:12.778-05:00,Action,EditorDelete,Editor,voting.py,6,13
2024-11-13T09:48:12.968-05:00,Action,EditorBackSpace,Editor,voting.py,6,13
2024-11-13T09:48:13.111-05:00,Action,EditorBackSpace,Editor,voting.py,6,12
2024-11-13T09:48:13.279-05:00,Action,EditorBackSpace,Editor,voting.py,6,11
2024-11-13T09:48:13.335-05:00,IdeState,Active,Editor,voting.py,6,10
2024-11-13T09:48:14.234-05:00,Action,EditorRight,Editor,voting.py,6,15
2024-11-13T09:48:14.336-05:00,IdeState,Active,Editor,voting.py,6,16
2024-11-13T09:48:14.848-05:00,Action,EditorEnter,Editor,voting.py,6,16
2024-11-13T09:48:15.395-05:00,IdeState,Active,Editor,voting.py,7,4
2024-11-13T09:48:16.408-05:00,IdeState,Active,Editor,voting.py,7,5
2024-11-13T09:48:17.411-05:00,IdeState,Active,Editor,voting.py,7,5
2024-11-13T09:48:17.705-05:00,Action,EditorEnter,Editor,voting.py,7,5
2024-11-13T09:48:18.413-05:00,IdeState,Active,Editor,voting.py,8,6
2024-11-13T09:48:19.417-05:00,IdeState,Active,Editor,voting.py,8,14
2024-11-13T09:48:20.004-05:00,Action,EditorBackSpace,Editor,voting.py,8,14
2024-11-13T09:48:20.121-05:00,Action,EditorBackSpace,Editor,voting.py,8,13
2024-11-13T09:48:20.272-05:00,Action,EditorBackSpace,Editor,voting.py,8,12
2024-11-13T09:48:20.418-05:00,IdeState,Active,Editor,voting.py,8,11
2024-11-13T09:48:20.440-05:00,Action,EditorBackSpace,Editor,voting.py,8,11
2024-11-13T09:48:21.420-05:00,IdeState,Active,Editor,voting.py,8,14
2024-11-13T09:48:21.686-05:00,Action,EditorUp,Editor,voting.py,8,14
2024-11-13T09:48:22.422-05:00,IdeState,Active,Editor,voting.py,8,14
2024-11-13T09:48:23.427-05:00,IdeState,Active,Editor,voting.py,8,15
2024-11-13T09:48:24.430-05:00,IdeState,Active,Editor,voting.py,8,15
2024-11-13T09:48:25.431-05:00,IdeState,Active,Editor,voting.py,5,9
2024-11-13T09:48:26.433-05:00,IdeState,Active,Editor,voting.py,8,15
2024-11-13T09:48:27.448-05:00,IdeState,Active,Editor,voting.py,8,15
2024-11-13T09:48:28.449-05:00,IdeState,Active,Editor,voting.py,6,7
2024-11-13T09:48:29.477-05:00,IdeState,Active,Editor,voting.py,8,6
2024-11-13T09:48:30.478-05:00,IdeState,Active,Editor,voting.py,8,5
2024-11-13T09:48:30.834-05:00,Action,Run,Editor,voting.py,8,5
2024-11-13T09:48:31.714-05:00,Execution,"Run:'Python: voting':C:\Users\Daniel\PycharmProjects\pythonProject\.venv\Scripts\python.exe C:\Users\Daniel\PycharmProjects\pythonProject\tasktracker\python\voting.py ",Editor,voting.py,8,5
2024-11-13T09:48:31.759-05:00,IdeState,Active,Editor,voting.py,8,5
2024-11-13T09:48:32.762-05:00,IdeState,Active,Editor,voting.py,8,5
2024-11-13T09:48:33.771-05:00,IdeState,Active,Editor,voting.py,8,5
2024-11-13T09:48:34.773-05:00,IdeState,Active,Editor,voting.py,8,5
2024-11-13T09:48:35.776-05:00,IdeState,Active,Editor,voting.py,7,5
2024-11-13T09:48:36.777-05:00,IdeState,Active,Editor,voting.py,3,0
2024-11-13T09:48:36.901-05:00,Action,EditorCut,Editor,voting.py,3,0
2024-11-13T09:48:37.780-05:00,IdeState,Active,Editor,voting.py,3,0
2024-11-13T09:48:38.781-05:00,IdeState,Active,Editor,voting.py,3,0
2024-11-13T09:48:39.785-05:00,IdeState,Active,Editor,voting.py,3,0
2024-11-13T09:48:40.789-05:00,IdeState,Inactive,,*,-1,-1
2024-11-13T09:48:41.790-05:00,IdeState,Inactive,,*,-1,-1
2024-11-13T09:48:42.901-05:00,IdeState,Inactive,,*,-1,-1
2024-11-13T09:48:43.930-05:00,IdeState,Inactive,,*,-1,-1
2024-11-13T09:48:44.932-05:00,IdeState,Active,Editor,voting.py,3,0
2024-11-13T09:48:45.933-05:00,IdeState,Active,Editor,voting.py,3,0
2024-11-13T09:48:46.682-05:00,Action,EditorPaste,Editor,voting.py,3,0
2024-11-13T09:48:46.933-05:00,IdeState,Active,Editor,voting.py,8,15
2024-11-13T09:48:47.934-05:00,IdeState,Active,Editor,voting.py,8,15
2024-11-13T09:48:48.936-05:00,IdeState,Active,Editor,voting.py,6,15
2024-11-13T09:48:49.937-05:00,IdeState,Active,Editor,voting.py,6,14
2024-11-13T09:48:50.938-05:00,IdeState,Active,Editor,voting.py,6,14
2024-11-13T09:48:51.939-05:00,IdeState,Active,Editor,voting.py,8,11
2024-11-13T09:48:52.048-05:00,Action,RedesignedRunConfigurationSelector,Editor,voting.py,8,11
2024-11-13T09:48:52.406-05:00,Action,Run,Editor,voting.py,8,11
2024-11-13T09:48:52.692-05:00,Execution,"Run:'Python: voting':C:\Users\Daniel\PycharmProjects\pythonProject\.venv\Scripts\python.exe C:\Users\Daniel\PycharmProjects\pythonProject\tasktracker\python\voting.py ",Editor,voting.py,8,11
2024-11-13T09:48:52.940-05:00,IdeState,Active,Editor,voting.py,8,11
2024-11-13T09:48:53.942-05:00,IdeState,Active,Editor,voting.py,8,11
2024-11-13T09:48:54.943-05:00,IdeState,Active,Editor,voting.py,3,9
2024-11-13T09:48:55.943-05:00,IdeState,Active,Editor,voting.py,3,9
2024-11-13T09:48:56.120-05:00,Action,EditorBackSpace,Editor,voting.py,3,9
2024-11-13T09:48:56.944-05:00,IdeState,Active,Editor,voting.py,3,9
2024-11-13T09:48:57.676-05:00,Action,Run,Editor,voting.py,3,9
2024-11-13T09:48:57.923-05:00,Execution,"Run:'Python: voting':C:\Users\Daniel\PycharmProjects\pythonProject\.venv\Scripts\python.exe C:\Users\Daniel\PycharmProjects\pythonProject\tasktracker\python\voting.py ",Editor,voting.py,3,9
2024-11-13T09:48:57.990-05:00,IdeState,Active,Editor,voting.py,3,9
2024-11-13T09:48:58.992-05:00,IdeState,Active,Editor,voting.py,3,9
2024-11-13T09:48:59.287-05:00,Action,EditorBackSpace,Editor,voting.py,3,9
2024-11-13T09:48:59.993-05:00,IdeState,Active,Editor,voting.py,3,9
2024-11-13T09:49:00.994-05:00,IdeState,Active,Editor,voting.py,8,14
2024-11-13T09:49:01.997-05:00,IdeState,Active,Editor,voting.py,8,13
2024-11-13T09:49:02.032-05:00,Action,EditorBackSpace,Editor,voting.py,8,13
2024-11-13T09:49:02.997-05:00,IdeState,Active,Editor,voting.py,8,15
2024-11-13T09:49:03.999-05:00,IdeState,Active,Editor,voting.py,8,15
2024-11-13T09:49:04.999-05:00,IdeState,Active,Editor,voting.py,8,16
2024-11-13T09:49:06.001-05:00,IdeState,Active,Editor,voting.py,8,16
2024-11-13T09:49:07.004-05:00,IdeState,Active,Editor,voting.py,8,16
2024-11-13T09:49:08.005-05:00,IdeState,Active,Editor,voting.py,8,16
2024-11-13T09:49:09.006-05:00,IdeState,Active,Editor,voting.py,8,16
2024-11-13T09:49:10.007-05:00,IdeState,Active,Editor,voting.py,8,16
2024-11-13T09:49:11.009-05:00,IdeState,Inactive,,*,-1,-1
2024-11-13T09:49:12.058-05:00,IdeState,Inactive,,*,-1,-1
2024-11-13T09:49:13.071-05:00,IdeState,Inactive,,*,-1,-1
2024-11-13T09:49:14.095-05:00,IdeState,Inactive,,*,-1,-1
2024-11-13T09:49:15.105-05:00,IdeState,Inactive,,*,-1,-1
