2024-10-13T17:11:41.120-04:00,IdeState,Active,Editor,voting.py,3,18
2024-10-13T17:11:42.134-04:00,IdeState,Active,Project,*,-1,-1
2024-10-13T17:11:43.139-04:00,IdeState,Active,tasktracker,*,-1,-1
2024-10-13T17:11:44.142-04:00,IdeState,Active,Project,*,-1,-1
2024-10-13T17:11:45.144-04:00,IdeState,Active,Project,*,-1,-1
2024-10-13T17:11:46.146-04:00,IdeState,Active,Project,*,-1,-1
2024-10-13T17:11:47.228-04:00,IdeState,Active,Dialog,*,-1,-1
2024-10-13T17:11:48.230-04:00,IdeState,Active,Dialog,*,-1,-1
2024-10-13T17:11:49.232-04:00,IdeState,Active,Dialog,*,-1,-1
2024-10-13T17:11:50.233-04:00,IdeState,Active,Project,*,-1,-1
2024-10-13T17:29:20.524-04:00,IdeState,NoProject,,*,-1,-1
2024-10-13T17:29:21.951-04:00,IdeState,Active,Popup,*,-1,-1
2024-10-13T17:29:23.225-04:00,IdeState,Active,Project,*,-1,-1
2024-10-13T17:29:24.226-04:00,IdeState,Active,Project,*,-1,-1
2024-10-13T17:29:25.231-04:00,IdeState,Active,Popup,*,-1,-1
2024-10-13T17:29:26.235-04:00,IdeState,Active,Popup,*,-1,-1
2024-10-13T17:29:27.237-04:00,IdeState,Active,Popup,*,-1,-1
2024-10-13T17:29:28.247-04:00,IdeState,Active,Popup,*,-1,-1
2024-10-13T17:29:29.250-04:00,IdeState,Active,Popup,*,-1,-1
2024-10-13T17:29:30.251-04:00,IdeState,Active,Popup,*,-1,-1
2024-10-13T17:29:31.253-04:00,IdeState,Active,Popup,*,-1,-1
2024-10-13T17:29:32.256-04:00,IdeState,Active,Popup,*,-1,-1
2024-10-13T17:29:33.258-04:00,IdeState,Active,Popup,*,-1,-1
2024-10-13T17:29:34.260-04:00,IdeState,Active,Popup,*,-1,-1
2024-10-13T17:29:35.261-04:00,IdeState,Active,Popup,*,-1,-1
2024-10-13T17:29:36.263-04:00,IdeState,Active,Popup,*,-1,-1
2024-10-13T17:29:37.266-04:00,IdeState,Active,Popup,*,-1,-1
2024-10-13T17:29:38.267-04:00,IdeState,Active,Popup,*,-1,-1
2024-10-13T17:29:38.503-04:00,Action,OpenFile,Popup,*,-1,-1
2024-10-13T17:29:39.269-04:00,IdeState,Active,Popup,*,-1,-1
2024-10-13T17:29:40.276-04:00,IdeState,Active,Popup,*,-1,-1
2024-10-13T17:29:41.278-04:00,IdeState,Active,Popup,*,-1,-1
2024-10-13T17:29:42.287-04:00,IdeState,Active,Popup,*,-1,-1
2024-10-13T17:29:43.288-04:00,IdeState,Active,Popup,*,-1,-1
2024-10-13T17:29:44.290-04:00,IdeState,Active,Popup,*,-1,-1
2024-10-13T17:29:45.291-04:00,IdeState,Active,Popup,*,-1,-1
2024-10-13T17:29:46.293-04:00,IdeState,Active,Popup,*,-1,-1
2024-10-13T17:29:47.293-04:00,IdeState,Active,Popup,*,-1,-1
2024-10-13T17:29:48.409-04:00,IdeState,Active,Popup,*,-1,-1
2024-10-13T17:29:49.410-04:00,IdeState,NoProject,,*,-1,-1
2024-10-13T17:29:50.742-04:00,IdeState,Active,Project,*,-1,-1
2024-10-13T17:29:51.996-04:00,IdeState,Active,Project,*,-1,-1
2024-10-13T17:29:52.943-04:00,Action,SettingsEntryPoint,Popup,*,0,0
2024-10-13T17:29:53.176-04:00,IdeState,Active,Popup,*,0,0
2024-10-13T17:29:53.963-04:00,Action,WelcomeScreen.Plugins,,*,-1,-1
2024-10-13T17:29:55.213-04:00,IdeState,Active,Dialog,*,0,0
2024-10-13T17:29:56.226-04:00,IdeState,Active,Dialog,*,0,0
2024-10-13T17:29:57.229-04:00,IdeState,Active,Dialog,*,0,0
2024-10-13T17:29:58.231-04:00,IdeState,Active,Dialog,*,0,0
2024-10-13T17:29:59.232-04:00,IdeState,Active,Dialog,*,0,0
2024-10-13T17:30:00.233-04:00,IdeState,Active,Dialog,*,0,0
2024-10-13T17:30:01.236-04:00,IdeState,Active,Dialog,*,0,0
2024-10-13T17:30:02.238-04:00,IdeState,Active,Dialog,*,0,0
2024-10-13T17:30:03.239-04:00,IdeState,Active,Dialog,*,0,0
2024-10-13T17:30:04.240-04:00,IdeState,Active,Dialog,*,0,0
2024-10-13T17:30:05.242-04:00,IdeState,Active,Dialog,*,0,0
2024-10-13T17:30:06.243-04:00,IdeState,Active,Dialog,*,0,0
2024-10-13T17:30:07.245-04:00,IdeState,Active,Dialog,*,0,0
2024-10-13T17:30:08.246-04:00,IdeState,Active,Dialog,*,0,0
2024-10-13T17:30:09.269-04:00,IdeState,Active,Dialog,*,0,0
2024-10-13T17:30:10.270-04:00,IdeState,Active,Dialog,*,0,0
2024-10-13T17:30:11.272-04:00,IdeState,Active,Dialog,*,0,0
2024-10-13T17:30:12.273-04:00,IdeState,Active,Dialog,*,0,0
2024-10-13T17:30:13.274-04:00,IdeState,Active,Dialog,*,0,0
2024-10-13T17:30:14.277-04:00,IdeState,Active,Dialog,*,0,0
2024-10-13T17:30:15.279-04:00,IdeState,Active,Dialog,*,0,0
2024-10-13T17:30:16.281-04:00,IdeState,Active,Dialog,*,0,0
2024-10-13T17:30:17.283-04:00,IdeState,Active,Dialog,*,0,0
2024-10-13T17:30:18.284-04:00,IdeState,Active,Dialog,*,0,0
2024-10-13T17:30:19.286-04:00,IdeState,Active,Dialog,*,0,0
2024-10-13T17:30:20.288-04:00,IdeState,Active,Dialog,*,0,0
2024-10-13T17:30:21.290-04:00,IdeState,Active,Dialog,*,0,0
2024-10-13T17:30:22.291-04:00,IdeState,Active,Dialog,*,0,0
2024-10-13T17:30:23.293-04:00,IdeState,Active,Dialog,*,0,0
2024-10-13T17:30:24.294-04:00,IdeState,Active,Dialog,*,0,0
2024-10-13T17:30:25.303-04:00,IdeState,Active,Dialog,*,0,0
2024-10-13T17:30:26.304-04:00,IdeState,Inactive,,*,-1,-1
2024-10-13T17:30:27.304-04:00,IdeState,Active,Dialog,*,0,0
2024-10-13T17:30:28.305-04:00,IdeState,Active,Dialog,*,0,0
2024-10-13T17:30:29.308-04:00,IdeState,Active,Dialog,*,0,0
2024-10-13T17:30:30.309-04:00,IdeState,Active,Dialog,*,0,0
2024-10-13T17:30:31.311-04:00,IdeState,Active,Dialog,*,0,0
2024-10-13T17:30:32.312-04:00,IdeState,Active,Dialog,*,0,0
2024-10-13T17:30:33.314-04:00,IdeState,Active,Dialog,*,0,0
2024-10-13T17:30:34.316-04:00,IdeState,Active,Dialog,*,0,0
2024-10-13T17:30:35.317-04:00,IdeState,Active,Dialog,*,0,0
2024-10-13T17:30:36.318-04:00,IdeState,Active,Dialog,*,0,0
2024-10-13T17:30:37.320-04:00,IdeState,Active,Dialog,*,0,0
2024-10-13T17:30:38.321-04:00,IdeState,Active,Dialog,*,0,0
2024-10-13T17:30:39.324-04:00,IdeState,Active,Dialog,*,0,0
2024-10-13T17:30:40.324-04:00,IdeState,Active,Dialog,*,0,0
2024-10-13T17:30:41.325-04:00,IdeState,Active,Dialog,*,0,0
2024-10-13T17:30:42.327-04:00,IdeState,Active,Dialog,*,0,0
2024-10-13T17:30:43.329-04:00,IdeState,Active,Dialog,*,0,0
2024-10-13T17:30:44.329-04:00,IdeState,Active,Dialog,*,0,0
2024-10-13T17:30:45.331-04:00,IdeState,Active,Dialog,*,0,0
2024-10-13T17:30:46.332-04:00,IdeState,Active,Dialog,*,0,0
2024-10-13T17:30:47.334-04:00,IdeState,Active,Dialog,*,0,0
2024-10-13T17:30:48.337-04:00,IdeState,Active,Dialog,*,0,0
2024-10-13T17:30:49.344-04:00,IdeState,Active,Dialog,*,0,0
2024-10-13T17:30:50.345-04:00,IdeState,Active,Dialog,*,0,0
2024-10-13T17:30:51.505-04:00,IdeState,Active,Popup,*,0,0
2024-10-13T17:30:52.537-04:00,IdeState,Active,Popup,*,0,0
2024-10-13T17:30:53.539-04:00,IdeState,Inactive,,*,-1,-1
2024-10-13T17:30:54.541-04:00,IdeState,Inactive,,*,-1,-1
2024-10-13T17:30:55.541-04:00,IdeState,Inactive,,*,-1,-1
2024-10-13T17:30:56.542-04:00,IdeState,Inactive,,*,-1,-1
2024-10-13T17:30:57.543-04:00,IdeState,Inactive,,*,-1,-1
2024-10-13T17:30:58.543-04:00,IdeState,Inactive,,*,-1,-1
2024-10-13T17:30:59.545-04:00,IdeState,Inactive,,*,-1,-1
2024-10-13T17:31:00.545-04:00,IdeState,Inactive,,*,-1,-1
2024-10-13T17:31:01.546-04:00,IdeState,Inactive,,*,-1,-1
2024-10-13T17:31:02.547-04:00,IdeState,Inactive,,*,-1,-1
2024-10-13T17:31:03.547-04:00,IdeState,Inactive,,*,-1,-1
2024-10-13T17:31:04.549-04:00,IdeState,Inactive,,*,-1,-1
2024-10-13T17:31:05.549-04:00,IdeState,Inactive,,*,-1,-1
2024-10-13T17:31:06.551-04:00,IdeState,Inactive,,*,-1,-1
2024-10-13T17:31:07.553-04:00,IdeState,Inactive,,*,-1,-1
2024-10-13T17:31:08.554-04:00,IdeState,Inactive,,*,-1,-1
2024-10-13T17:31:09.556-04:00,IdeState,Inactive,,*,-1,-1
2024-10-13T17:31:10.557-04:00,IdeState,Inactive,,*,-1,-1
2024-10-13T17:31:11.602-04:00,IdeState,Inactive,,*,-1,-1
2024-10-13T17:31:12.602-04:00,IdeState,Inactive,,*,-1,-1
2024-10-13T17:31:13.603-04:00,IdeState,Inactive,,*,-1,-1
2024-10-13T17:31:14.606-04:00,IdeState,Inactive,,*,-1,-1
2024-10-13T17:31:15.607-04:00,IdeState,Inactive,,*,-1,-1
2024-10-13T17:31:16.677-04:00,IdeState,Inactive,,*,-1,-1
2024-10-13T17:31:17.697-04:00,IdeState,Inactive,,*,-1,-1
2024-10-13T17:31:18.704-04:00,IdeState,Inactive,,*,-1,-1
2024-10-13T17:31:19.715-04:00,IdeState,Inactive,,*,-1,-1
2024-10-13T17:31:20.745-04:00,IdeState,Inactive,,*,-1,-1
2024-10-13T17:31:21.748-04:00,IdeState,Inactive,,*,-1,-1
2024-10-13T17:31:22.749-04:00,IdeState,Inactive,,*,-1,-1
2024-10-13T17:31:23.750-04:00,IdeState,Inactive,,*,-1,-1
2024-10-13T17:31:24.751-04:00,IdeState,Inactive,,*,-1,-1
2024-10-13T17:31:25.751-04:00,IdeState,Inactive,,*,-1,-1
2024-10-13T17:31:26.752-04:00,IdeState,Inactive,,*,-1,-1
2024-10-13T17:31:27.754-04:00,IdeState,Inactive,,*,-1,-1
2024-10-13T17:31:28.755-04:00,IdeState,Inactive,,*,-1,-1
2024-10-13T17:31:29.756-04:00,IdeState,Inactive,,*,-1,-1
2024-10-13T17:31:30.757-04:00,IdeState,Inactive,,*,-1,-1
2024-10-13T17:31:31.757-04:00,IdeState,Inactive,,*,-1,-1
2024-10-13T17:31:32.759-04:00,IdeState,Inactive,,*,-1,-1
2024-10-13T17:31:33.761-04:00,IdeState,Inactive,,*,-1,-1
2024-10-13T17:31:34.762-04:00,IdeState,Inactive,,*,-1,-1
2024-10-13T17:31:35.763-04:00,IdeState,Inactive,,*,-1,-1
2024-10-13T17:31:36.763-04:00,IdeState,Inactive,,*,-1,-1
2024-10-13T17:31:37.790-04:00,IdeState,Inactive,,*,-1,-1
2024-10-13T17:31:38.804-04:00,IdeState,Inactive,,*,-1,-1
2024-10-13T17:31:39.805-04:00,IdeState,Inactive,,*,-1,-1
2024-10-13T17:31:40.806-04:00,IdeState,Inactive,,*,-1,-1
2024-10-13T17:31:41.807-04:00,IdeState,Inactive,,*,-1,-1
2024-10-13T17:31:42.809-04:00,IdeState,Inactive,,*,-1,-1
2024-10-13T17:31:43.810-04:00,IdeState,Inactive,,*,-1,-1
2024-10-13T17:31:44.812-04:00,IdeState,Inactive,,*,-1,-1
2024-10-13T17:31:45.813-04:00,IdeState,Inactive,,*,-1,-1
2024-10-13T17:31:46.814-04:00,IdeState,Inactive,,*,-1,-1
2024-10-13T17:31:47.815-04:00,IdeState,Inactive,,*,-1,-1
2024-10-13T17:31:48.816-04:00,IdeState,Inactive,,*,-1,-1
2024-10-13T17:31:49.817-04:00,IdeState,Inactive,,*,-1,-1
2024-10-13T17:31:50.818-04:00,IdeState,Inactive,,*,-1,-1
2024-10-13T17:31:51.820-04:00,IdeState,Inactive,,*,-1,-1
2024-10-13T17:31:52.821-04:00,IdeState,Inactive,,*,-1,-1
2024-10-13T17:31:53.821-04:00,IdeState,Inactive,,*,-1,-1
2024-10-13T17:31:54.822-04:00,IdeState,Inactive,,*,-1,-1
2024-10-13T17:31:55.823-04:00,IdeState,Inactive,,*,-1,-1
2024-10-13T17:31:56.825-04:00,IdeState,Inactive,,*,-1,-1
2024-10-13T17:31:57.825-04:00,IdeState,Inactive,,*,-1,-1
2024-10-13T17:31:58.827-04:00,IdeState,Inactive,,*,-1,-1
2024-10-13T17:31:59.829-04:00,IdeState,Inactive,,*,-1,-1
2024-10-13T17:32:00.830-04:00,IdeState,Inactive,,*,-1,-1
2024-10-13T17:32:01.833-04:00,IdeState,Inactive,,*,-1,-1
2024-10-13T17:32:02.834-04:00,IdeState,Inactive,,*,-1,-1
2024-10-13T17:32:03.835-04:00,IdeState,Inactive,,*,-1,-1
2024-10-13T17:32:04.836-04:00,IdeState,Inactive,,*,-1,-1
2024-10-13T17:32:05.837-04:00,IdeState,Inactive,,*,-1,-1
2024-10-13T17:32:06.838-04:00,IdeState,Inactive,,*,-1,-1
2024-10-13T17:32:07.841-04:00,IdeState,Inactive,,*,-1,-1
2024-10-13T17:32:08.843-04:00,IdeState,Inactive,,*,-1,-1
2024-10-13T17:32:09.844-04:00,IdeState,Inactive,,*,-1,-1
2024-10-13T17:32:10.845-04:00,IdeState,Inactive,,*,-1,-1
2024-10-13T17:32:11.846-04:00,IdeState,Inactive,,*,-1,-1
2024-10-13T17:32:12.848-04:00,IdeState,Inactive,,*,-1,-1
2024-10-13T17:32:13.849-04:00,IdeState,Inactive,,*,-1,-1
2024-10-13T17:32:14.851-04:00,IdeState,Inactive,,*,-1,-1
2024-10-13T17:32:15.852-04:00,IdeState,Inactive,,*,-1,-1
2024-10-13T17:32:16.852-04:00,IdeState,Inactive,,*,-1,-1
2024-10-13T17:32:17.855-04:00,IdeState,Inactive,,*,-1,-1
2024-10-13T17:32:18.856-04:00,IdeState,Inactive,,*,-1,-1
2024-10-13T17:32:19.857-04:00,IdeState,Inactive,,*,-1,-1
2024-10-13T17:32:20.857-04:00,IdeState,Inactive,,*,-1,-1
2024-10-13T17:32:21.859-04:00,IdeState,Inactive,,*,-1,-1
2024-10-13T17:32:22.860-04:00,IdeState,Inactive,,*,-1,-1
2024-10-13T17:32:23.861-04:00,IdeState,Inactive,,*,-1,-1
2024-10-13T17:32:24.862-04:00,IdeState,Inactive,,*,-1,-1
2024-10-13T17:32:25.864-04:00,IdeState,Inactive,,*,-1,-1
2024-10-13T17:32:26.865-04:00,IdeState,Inactive,,*,-1,-1
2024-10-13T17:32:27.867-04:00,IdeState,Inactive,,*,-1,-1
2024-10-13T17:32:28.868-04:00,IdeState,Inactive,,*,-1,-1
2024-10-13T17:32:29.870-04:00,IdeState,Inactive,,*,-1,-1
2024-10-13T17:32:30.871-04:00,IdeState,Inactive,,*,-1,-1
2024-10-13T17:32:31.872-04:00,IdeState,Inactive,,*,-1,-1
2024-10-13T17:32:32.873-04:00,IdeState,Inactive,,*,-1,-1
2024-10-13T17:32:33.874-04:00,IdeState,Inactive,,*,-1,-1
2024-10-13T17:32:34.876-04:00,IdeState,Inactive,,*,-1,-1
2024-10-13T17:32:35.877-04:00,IdeState,Inactive,,*,-1,-1
2024-10-13T17:32:36.880-04:00,IdeState,Inactive,,*,-1,-1
2024-10-13T17:32:37.881-04:00,IdeState,Inactive,,*,-1,-1
2024-10-13T17:32:38.883-04:00,IdeState,Inactive,,*,-1,-1
2024-10-13T17:32:39.885-04:00,IdeState,Inactive,,*,-1,-1
2024-10-13T17:32:40.887-04:00,IdeState,Inactive,,*,-1,-1
2024-10-13T17:32:41.887-04:00,IdeState,Inactive,,*,-1,-1
2024-10-13T17:32:42.889-04:00,IdeState,Inactive,,*,-1,-1
2024-10-13T17:32:43.892-04:00,IdeState,Inactive,,*,-1,-1
2024-10-13T17:32:44.892-04:00,IdeState,Inactive,,*,-1,-1
2024-10-13T17:32:45.894-04:00,IdeState,Inactive,,*,-1,-1
2024-10-13T17:32:46.895-04:00,IdeState,Inactive,,*,-1,-1
2024-10-13T17:32:47.897-04:00,IdeState,Inactive,,*,-1,-1
2024-10-13T17:32:48.902-04:00,IdeState,Inactive,,*,-1,-1
2024-10-13T17:32:49.908-04:00,IdeState,Inactive,,*,-1,-1
2024-10-13T17:32:50.909-04:00,IdeState,Inactive,,*,-1,-1
2024-10-13T17:32:51.911-04:00,IdeState,Inactive,,*,-1,-1
2024-10-13T17:32:52.913-04:00,IdeState,Inactive,,*,-1,-1
2024-10-13T17:32:53.913-04:00,IdeState,Inactive,,*,-1,-1
2024-10-13T17:32:54.915-04:00,IdeState,Inactive,,*,-1,-1
2024-10-13T17:32:55.916-04:00,IdeState,Inactive,,*,-1,-1
2024-10-13T17:32:56.919-04:00,IdeState,Inactive,,*,-1,-1
2024-10-13T17:32:57.920-04:00,IdeState,Inactive,,*,-1,-1
2024-10-13T17:32:58.922-04:00,IdeState,Inactive,,*,-1,-1
2024-10-13T17:32:59.924-04:00,IdeState,Inactive,,*,-1,-1
2024-10-13T17:33:00.925-04:00,IdeState,Inactive,,*,-1,-1
2024-10-13T17:33:01.926-04:00,IdeState,Inactive,,*,-1,-1
2024-10-13T17:33:02.927-04:00,IdeState,Inactive,,*,-1,-1
2024-10-13T17:33:03.929-04:00,IdeState,Inactive,,*,-1,-1
2024-10-13T17:33:04.932-04:00,IdeState,Inactive,,*,-1,-1
2024-10-13T17:33:05.933-04:00,IdeState,Inactive,,*,-1,-1
2024-10-13T17:33:06.934-04:00,IdeState,Inactive,,*,-1,-1
2024-10-13T17:33:07.936-04:00,IdeState,Inactive,,*,-1,-1
2024-10-13T17:33:08.938-04:00,IdeState,Inactive,,*,-1,-1
2024-10-13T17:33:09.939-04:00,IdeState,Inactive,,*,-1,-1
2024-10-13T17:33:10.940-04:00,IdeState,Inactive,,*,-1,-1
2024-10-13T17:33:11.942-04:00,IdeState,Inactive,,*,-1,-1
2024-10-13T17:33:12.942-04:00,IdeState,Active,Project,*,-1,-1
2024-10-13T17:33:13.945-04:00,IdeState,Active,Project,*,-1,-1
2024-10-13T17:33:14.580-04:00,Action,FindInPath,Project,*,-1,-1
2024-10-13T17:33:14.952-04:00,IdeState,Active,Dialog,*,-1,-1
2024-10-13T17:33:15.980-04:00,IdeState,Active,Dialog,*,-1,-1
2024-10-13T17:33:16.983-04:00,IdeState,Active,Dialog,*,-1,-1
2024-10-13T17:33:17.983-04:00,IdeState,Active,Dialog,*,-1,-1
2024-10-13T17:33:18.983-04:00,IdeState,Active,Dialog,*,-1,-1
2024-10-13T23:18:38.023-04:00,IdeState,Inactive,,*,-1,-1
2024-10-13T23:18:39.100-04:00,IdeState,Inactive,,*,-1,-1
2024-10-13T23:18:40.104-04:00,IdeState,Inactive,,*,-1,-1
2024-10-13T23:18:41.752-04:00,IdeState,NoProject,,*,-1,-1
2024-10-13T23:18:43.124-04:00,IdeState,Active,Popup,*,-1,-1
2024-10-13T23:18:44.206-04:00,IdeState,Active,Popup,*,-1,-1
2024-10-13T23:18:45.212-04:00,IdeState,Active,Project,*,-1,-1
2024-10-13T23:18:46.214-04:00,IdeState,Active,Project,*,-1,-1
2024-10-13T23:18:47.267-04:00,IdeState,Active,Project,*,-1,-1
2024-10-13T23:18:48.268-04:00,IdeState,Active,Project,*,-1,-1
2024-10-13T23:18:49.270-04:00,IdeState,Active,Project,*,-1,-1
2024-10-13T23:18:50.271-04:00,IdeState,Active,Project,*,-1,-1
2024-10-13T23:18:51.273-04:00,IdeState,Active,Project,*,-1,-1
2024-10-13T23:18:52.275-04:00,IdeState,Active,Project,*,-1,-1
2024-10-13T23:18:53.277-04:00,IdeState,Active,Project,*,-1,-1
2024-10-13T23:18:54.279-04:00,IdeState,Active,Project,*,-1,-1
2024-10-13T23:18:55.280-04:00,IdeState,Active,Project,*,-1,-1
2024-10-13T23:18:56.283-04:00,IdeState,Active,Project,*,-1,-1
2024-10-13T23:18:57.284-04:00,IdeState,Active,Project,*,-1,-1
2024-10-13T23:18:58.286-04:00,IdeState,Active,Project,*,-1,-1
2024-10-13T23:18:59.287-04:00,IdeState,Active,Project,*,-1,-1
2024-10-13T23:19:00.288-04:00,IdeState,Active,Project,*,-1,-1
2024-10-13T23:19:01.289-04:00,IdeState,Active,Project,*,-1,-1
2024-10-13T23:19:02.291-04:00,IdeState,Inactive,,*,-1,-1
2024-10-13T23:19:03.294-04:00,IdeState,Inactive,,*,-1,-1
2024-10-13T23:19:04.296-04:00,IdeState,Inactive,,*,-1,-1
2024-10-13T23:19:05.297-04:00,IdeState,Inactive,,*,-1,-1
2024-10-13T23:19:06.299-04:00,IdeState,Inactive,,*,-1,-1
2024-10-13T23:19:07.310-04:00,IdeState,Inactive,,*,-1,-1
2024-10-13T23:19:08.325-04:00,IdeState,Inactive,,*,-1,-1
2024-10-13T23:19:09.334-04:00,IdeState,Inactive,,*,-1,-1
2024-10-13T23:19:10.350-04:00,IdeState,Inactive,,*,-1,-1
2024-10-13T23:19:11.359-04:00,IdeState,Inactive,,*,-1,-1
2024-10-13T23:19:12.363-04:00,IdeState,Inactive,,*,-1,-1
2024-10-13T23:19:13.373-04:00,IdeState,Inactive,,*,-1,-1
2024-10-13T23:19:14.385-04:00,IdeState,Inactive,,*,-1,-1
2024-10-13T23:19:15.398-04:00,IdeState,Inactive,,*,-1,-1
2024-10-13T23:19:16.404-04:00,IdeState,Inactive,,*,-1,-1
2024-10-13T23:19:17.901-04:00,IdeState,Inactive,,*,-1,-1
2024-10-13T23:19:18.921-04:00,IdeState,Inactive,,*,-1,-1
2024-10-13T23:19:19.933-04:00,IdeState,Inactive,,*,-1,-1
2024-10-13T23:19:20.943-04:00,IdeState,Inactive,,*,-1,-1
2024-10-13T23:19:21.949-04:00,IdeState,Inactive,,*,-1,-1
2024-10-13T23:19:22.963-04:00,IdeState,Inactive,,*,-1,-1
2024-10-13T23:19:23.972-04:00,IdeState,Inactive,,*,-1,-1
2024-10-13T23:19:24.986-04:00,IdeState,Inactive,,*,-1,-1
2024-10-13T23:19:25.995-04:00,IdeState,Inactive,,*,-1,-1
2024-10-13T23:19:27.009-04:00,IdeState,Inactive,,*,-1,-1
2024-10-13T23:19:28.021-04:00,IdeState,Inactive,,*,-1,-1
2024-10-13T23:19:29.031-04:00,IdeState,Inactive,,*,-1,-1
2024-10-13T23:19:30.041-04:00,IdeState,Inactive,,*,-1,-1
2024-10-13T23:19:31.054-04:00,IdeState,Inactive,,*,-1,-1
2024-10-13T23:19:32.067-04:00,IdeState,Inactive,,*,-1,-1
2024-10-13T23:19:33.079-04:00,IdeState,Active,Project,*,-1,-1
2024-10-13T23:19:34.091-04:00,IdeState,Active,Project,*,-1,-1
2024-10-13T23:19:35.097-04:00,IdeState,Inactive,,*,-1,-1
2024-10-13T23:19:36.107-04:00,IdeState,Inactive,,*,-1,-1
2024-10-13T23:19:37.113-04:00,IdeState,Inactive,,*,-1,-1
2024-10-13T23:19:38.114-04:00,IdeState,Inactive,,*,-1,-1
2024-10-13T23:19:39.117-04:00,IdeState,Inactive,,*,-1,-1
2024-10-13T23:19:40.130-04:00,IdeState,Inactive,,*,-1,-1
2024-10-13T23:19:41.131-04:00,IdeState,Inactive,,*,-1,-1
2024-10-13T23:19:42.152-04:00,IdeState,Active,Project,*,-1,-1
2024-10-13T23:19:43.154-04:00,IdeState,Active,Project,*,-1,-1
2024-10-13T23:19:44.156-04:00,IdeState,Inactive,,*,-1,-1
2024-10-13T23:19:45.157-04:00,IdeState,Inactive,,*,-1,-1
2024-10-13T23:19:46.158-04:00,IdeState,Inactive,,*,-1,-1
2024-10-13T23:19:47.160-04:00,IdeState,Inactive,,*,-1,-1
2024-10-13T23:19:48.163-04:00,IdeState,Inactive,,*,-1,-1
2024-10-13T23:19:49.165-04:00,IdeState,Inactive,,*,-1,-1
2024-10-13T23:19:50.166-04:00,IdeState,Inactive,,*,-1,-1
2024-10-13T23:19:51.167-04:00,IdeState,Inactive,,*,-1,-1
2024-10-13T23:19:52.168-04:00,IdeState,Inactive,,*,-1,-1
2024-10-13T23:19:53.170-04:00,IdeState,Inactive,,*,-1,-1
2024-10-13T23:19:54.171-04:00,IdeState,Inactive,,*,-1,-1
2024-10-13T23:19:55.172-04:00,IdeState,Inactive,,*,-1,-1
2024-10-13T23:19:56.175-04:00,IdeState,Inactive,,*,-1,-1
2024-10-13T23:19:57.176-04:00,IdeState,Inactive,,*,-1,-1
2024-10-13T23:19:58.177-04:00,IdeState,Inactive,,*,-1,-1
2024-10-13T23:19:59.178-04:00,IdeState,Inactive,,*,-1,-1
2024-10-13T23:20:00.181-04:00,IdeState,Inactive,,*,-1,-1
2024-10-13T23:20:01.181-04:00,IdeState,Inactive,,*,-1,-1
2024-10-13T23:20:02.184-04:00,IdeState,Inactive,,*,-1,-1
2024-10-13T23:20:03.185-04:00,IdeState,Inactive,,*,-1,-1
2024-10-13T23:20:04.186-04:00,IdeState,Inactive,,*,-1,-1
2024-10-13T23:20:05.188-04:00,IdeState,Inactive,,*,-1,-1
2024-10-13T23:20:06.191-04:00,IdeState,Inactive,,*,-1,-1
2024-10-13T23:20:07.192-04:00,IdeState,Inactive,,*,-1,-1
2024-10-13T23:20:08.193-04:00,IdeState,Inactive,,*,-1,-1
2024-10-13T23:20:09.194-04:00,IdeState,Inactive,,*,-1,-1
2024-10-13T23:20:10.197-04:00,IdeState,Inactive,,*,-1,-1
2024-10-13T23:20:11.199-04:00,IdeState,Inactive,,*,-1,-1
2024-10-13T23:20:12.201-04:00,IdeState,Inactive,,*,-1,-1
2024-10-13T23:20:13.207-04:00,IdeState,Inactive,,*,-1,-1
2024-10-13T23:20:14.210-04:00,IdeState,Inactive,,*,-1,-1
2024-10-13T23:20:15.213-04:00,IdeState,Inactive,,*,-1,-1
2024-10-13T23:20:16.214-04:00,IdeState,Inactive,,*,-1,-1
2024-10-13T23:20:17.215-04:00,IdeState,Inactive,,*,-1,-1
2024-10-13T23:20:18.216-04:00,IdeState,Inactive,,*,-1,-1
2024-10-13T23:20:19.218-04:00,IdeState,Inactive,,*,-1,-1
2024-10-13T23:20:20.221-04:00,IdeState,Inactive,,*,-1,-1
2024-10-13T23:20:21.223-04:00,IdeState,Inactive,,*,-1,-1
2024-10-13T23:20:22.223-04:00,IdeState,Inactive,,*,-1,-1
2024-10-13T23:20:23.225-04:00,IdeState,Inactive,,*,-1,-1
2024-10-13T23:20:24.228-04:00,IdeState,Inactive,,*,-1,-1
2024-10-13T23:20:25.230-04:00,IdeState,Inactive,,*,-1,-1
2024-10-13T23:20:26.231-04:00,IdeState,Inactive,,*,-1,-1
2024-10-13T23:20:27.234-04:00,IdeState,Inactive,,*,-1,-1
2024-10-13T23:20:28.236-04:00,IdeState,Inactive,,*,-1,-1
2024-10-13T23:20:29.237-04:00,IdeState,Inactive,,*,-1,-1
2024-10-13T23:20:30.240-04:00,IdeState,Inactive,,*,-1,-1
2024-10-13T23:20:31.241-04:00,IdeState,Inactive,,*,-1,-1
2024-10-13T23:20:32.243-04:00,IdeState,Inactive,,*,-1,-1
2024-10-13T23:20:33.246-04:00,IdeState,Inactive,,*,-1,-1
2024-10-13T23:20:34.248-04:00,IdeState,Inactive,,*,-1,-1
2024-10-13T23:20:35.250-04:00,IdeState,Inactive,,*,-1,-1
2024-10-13T23:20:36.251-04:00,IdeState,Inactive,,*,-1,-1
2024-10-13T23:20:37.254-04:00,IdeState,Inactive,,*,-1,-1
2024-10-13T23:20:38.254-04:00,IdeState,Inactive,,*,-1,-1
2024-10-13T23:20:39.257-04:00,IdeState,Inactive,,*,-1,-1
2024-10-13T23:20:40.261-04:00,IdeState,Inactive,,*,-1,-1
2024-10-13T23:20:41.262-04:00,IdeState,Inactive,,*,-1,-1
2024-10-13T23:20:42.265-04:00,IdeState,Inactive,,*,-1,-1
2024-10-13T23:20:43.266-04:00,IdeState,Inactive,,*,-1,-1
2024-10-13T23:20:44.268-04:00,IdeState,Inactive,,*,-1,-1
2024-10-13T23:20:45.270-04:00,IdeState,Inactive,,*,-1,-1
2024-10-13T23:20:46.272-04:00,IdeState,Inactive,,*,-1,-1
2024-10-13T23:20:47.274-04:00,IdeState,Inactive,,*,-1,-1
2024-10-13T23:20:48.281-04:00,IdeState,Inactive,,*,-1,-1
2024-10-13T23:20:49.282-04:00,IdeState,Inactive,,*,-1,-1
2024-10-13T23:20:50.290-04:00,IdeState,Inactive,,*,-1,-1
2024-10-13T23:20:51.291-04:00,IdeState,Inactive,,*,-1,-1
2024-10-13T23:20:52.293-04:00,IdeState,Inactive,,*,-1,-1
2024-10-13T23:20:53.296-04:00,IdeState,Inactive,,*,-1,-1
2024-10-13T23:20:54.296-04:00,IdeState,Inactive,,*,-1,-1
2024-10-13T23:20:55.298-04:00,IdeState,Inactive,,*,-1,-1
2024-10-13T23:20:56.298-04:00,IdeState,Inactive,,*,-1,-1
2024-10-13T23:20:57.300-04:00,IdeState,Inactive,,*,-1,-1
2024-10-13T23:20:58.302-04:00,IdeState,Inactive,,*,-1,-1
2024-10-13T23:20:59.302-04:00,IdeState,Inactive,,*,-1,-1
2024-10-13T23:21:00.304-04:00,IdeState,Inactive,,*,-1,-1
2024-10-13T23:21:01.305-04:00,IdeState,Inactive,,*,-1,-1
2024-10-13T23:21:02.307-04:00,IdeState,Inactive,,*,-1,-1
2024-10-13T23:21:03.309-04:00,IdeState,Inactive,,*,-1,-1
2024-10-13T23:21:04.310-04:00,IdeState,Inactive,,*,-1,-1
2024-10-13T23:21:05.313-04:00,IdeState,Inactive,,*,-1,-1
2024-10-13T23:21:06.315-04:00,IdeState,Inactive,,*,-1,-1
2024-10-13T23:21:07.316-04:00,IdeState,Inactive,,*,-1,-1
2024-10-13T23:21:08.317-04:00,IdeState,Inactive,,*,-1,-1
2024-10-13T23:21:09.318-04:00,IdeState,Inactive,,*,-1,-1
2024-10-13T23:21:10.320-04:00,IdeState,Inactive,,*,-1,-1
2024-10-13T23:21:11.322-04:00,IdeState,Inactive,,*,-1,-1
2024-10-13T23:21:12.323-04:00,IdeState,Inactive,,*,-1,-1
2024-10-13T23:21:13.368-04:00,IdeState,Inactive,,*,-1,-1
2024-10-13T23:21:14.396-04:00,IdeState,Inactive,,*,-1,-1
2024-10-13T23:21:15.397-04:00,IdeState,Inactive,,*,-1,-1
2024-10-13T23:21:16.399-04:00,IdeState,Inactive,,*,-1,-1
2024-10-13T23:21:17.400-04:00,IdeState,Inactive,,*,-1,-1
2024-10-13T23:21:18.402-04:00,IdeState,Inactive,,*,-1,-1
2024-10-13T23:21:19.404-04:00,IdeState,Inactive,,*,-1,-1
2024-10-13T23:21:20.406-04:00,IdeState,Inactive,,*,-1,-1
2024-10-13T23:21:21.407-04:00,IdeState,Inactive,,*,-1,-1
2024-10-13T23:21:22.408-04:00,IdeState,Inactive,,*,-1,-1
2024-10-13T23:21:23.410-04:00,IdeState,Inactive,,*,-1,-1
2024-10-13T23:21:24.411-04:00,IdeState,Inactive,,*,-1,-1
2024-10-13T23:21:25.413-04:00,IdeState,Inactive,,*,-1,-1
2024-10-13T23:21:26.413-04:00,IdeState,Inactive,,*,-1,-1
2024-10-13T23:21:27.416-04:00,IdeState,Inactive,,*,-1,-1
2024-10-13T23:21:28.417-04:00,IdeState,Inactive,,*,-1,-1
2024-10-13T23:21:29.417-04:00,IdeState,Inactive,,*,-1,-1
2024-10-13T23:21:30.418-04:00,IdeState,Inactive,,*,-1,-1
2024-10-13T23:21:31.420-04:00,IdeState,Inactive,,*,-1,-1
2024-10-13T23:21:32.422-04:00,IdeState,Inactive,,*,-1,-1
2024-10-13T23:21:33.424-04:00,IdeState,Inactive,,*,-1,-1
2024-10-13T23:21:34.425-04:00,IdeState,Inactive,,*,-1,-1
2024-10-13T23:21:35.428-04:00,IdeState,Inactive,,*,-1,-1
2024-10-13T23:21:36.429-04:00,IdeState,Inactive,,*,-1,-1
2024-10-13T23:21:37.430-04:00,IdeState,Inactive,,*,-1,-1
2024-10-13T23:21:38.433-04:00,IdeState,Inactive,,*,-1,-1
2024-10-13T23:21:39.435-04:00,IdeState,Inactive,,*,-1,-1
2024-10-13T23:21:40.438-04:00,IdeState,Inactive,,*,-1,-1
2024-10-13T23:21:41.440-04:00,IdeState,Inactive,,*,-1,-1
2024-10-13T23:21:42.442-04:00,IdeState,Inactive,,*,-1,-1
2024-10-13T23:21:43.445-04:00,IdeState,Inactive,,*,-1,-1
2024-10-13T23:21:44.447-04:00,IdeState,Inactive,,*,-1,-1
2024-10-13T23:21:45.448-04:00,IdeState,Inactive,,*,-1,-1
2024-10-13T23:21:46.449-04:00,IdeState,Inactive,,*,-1,-1
2024-10-13T23:21:47.450-04:00,IdeState,Inactive,,*,-1,-1
2024-10-13T23:21:48.451-04:00,IdeState,Inactive,,*,-1,-1
2024-10-13T23:21:49.452-04:00,IdeState,Inactive,,*,-1,-1
2024-10-13T23:21:50.452-04:00,IdeState,Inactive,,*,-1,-1
2024-10-13T23:21:51.471-04:00,IdeState,Inactive,,*,-1,-1
2024-10-13T23:21:52.473-04:00,IdeState,Inactive,,*,-1,-1
2024-10-13T23:21:53.476-04:00,IdeState,Inactive,,*,-1,-1
2024-10-13T23:21:54.479-04:00,IdeState,Inactive,,*,-1,-1
2024-10-13T23:21:55.480-04:00,IdeState,Inactive,,*,-1,-1
2024-10-13T23:21:56.482-04:00,IdeState,Inactive,,*,-1,-1
2024-10-13T23:21:57.484-04:00,IdeState,Inactive,,*,-1,-1
2024-10-13T23:21:58.485-04:00,IdeState,Inactive,,*,-1,-1
2024-10-13T23:21:59.487-04:00,IdeState,Inactive,,*,-1,-1
2024-10-13T23:22:00.489-04:00,IdeState,Inactive,,*,-1,-1
2024-10-13T23:22:01.491-04:00,IdeState,Inactive,,*,-1,-1
2024-10-13T23:22:02.492-04:00,IdeState,Inactive,,*,-1,-1
2024-10-13T23:22:03.494-04:00,IdeState,Inactive,,*,-1,-1
2024-10-13T23:22:04.495-04:00,IdeState,Inactive,,*,-1,-1
2024-10-13T23:22:05.497-04:00,IdeState,Inactive,,*,-1,-1
2024-10-13T23:22:06.498-04:00,IdeState,Inactive,,*,-1,-1
2024-10-13T23:22:07.500-04:00,IdeState,Inactive,,*,-1,-1
2024-10-13T23:22:08.502-04:00,IdeState,Inactive,,*,-1,-1
2024-10-13T23:22:09.504-04:00,IdeState,Inactive,,*,-1,-1
2024-10-13T23:22:10.504-04:00,IdeState,Inactive,,*,-1,-1
2024-10-13T23:22:11.505-04:00,IdeState,Inactive,,*,-1,-1
2024-10-13T23:22:12.508-04:00,IdeState,Inactive,,*,-1,-1
2024-10-13T23:22:13.510-04:00,IdeState,Inactive,,*,-1,-1
2024-10-13T23:22:14.512-04:00,IdeState,Inactive,,*,-1,-1
2024-10-13T23:22:15.514-04:00,IdeState,Inactive,,*,-1,-1
2024-10-13T23:22:16.516-04:00,IdeState,Inactive,,*,-1,-1
2024-10-18T15:40:01.017-04:00,IdeState,Inactive,,*,-1,-1
2024-10-18T15:40:02.067-04:00,IdeState,Inactive,,*,-1,-1
2024-10-18T15:40:03.083-04:00,IdeState,Inactive,,*,-1,-1
2024-10-18T15:40:04.242-04:00,IdeState,Active,Popup,*,-1,-1
2024-10-18T15:40:05.859-04:00,IdeState,Active,Popup,*,-1,-1
2024-10-18T15:40:07.211-04:00,IdeState,Active,Popup,*,-1,-1
2024-10-18T15:40:08.213-04:00,IdeState,Active,Project,*,-1,-1
2024-10-18T15:40:09.214-04:00,IdeState,Active,Project,*,-1,-1
2024-10-18T15:40:10.215-04:00,IdeState,Active,Project,*,-1,-1
2024-10-18T15:40:11.217-04:00,IdeState,Active,Project,*,-1,-1
2024-10-18T15:40:12.219-04:00,IdeState,Active,Project,*,-1,-1
2024-10-18T15:40:13.239-04:00,IdeState,Active,Popup,*,-1,-1
2024-10-18T15:40:14.239-04:00,IdeState,Active,Popup,*,-1,-1
2024-10-18T15:40:15.138-04:00,Action,NewPythonFile,Popup,*,-1,-1
2024-10-18T15:40:15.435-04:00,IdeState,Active,Project,*,-1,-1
2024-10-18T15:40:16.436-04:00,IdeState,Active,Project,*,-1,-1
2024-10-18T15:40:17.436-04:00,IdeState,Active,Project,*,-1,-1
2024-10-18T15:40:18.439-04:00,IdeState,Active,Project,*,-1,-1
2024-10-18T15:40:19.441-04:00,IdeState,Active,Project,*,-1,-1
2024-10-18T15:40:20.443-04:00,IdeState,Active,Project,*,-1,-1
2024-10-18T15:40:21.445-04:00,IdeState,Active,Project,*,-1,-1
2024-10-18T15:40:22.446-04:00,IdeState,Active,Project,*,-1,-1
2024-10-18T15:40:23.447-04:00,IdeState,Active,Project,*,-1,-1
2024-10-18T15:40:24.448-04:00,IdeState,Active,Popup,*,-1,-1
2024-10-18T15:40:25.450-04:00,IdeState,Active,Popup,*,-1,-1
2024-10-18T15:40:25.749-04:00,Action,NewPythonFile,Popup,*,-1,-1
2024-10-18T15:40:26.452-04:00,IdeState,Active,Project,*,-1,-1
2024-10-18T15:40:27.453-04:00,IdeState,Active,Project,*,-1,-1
2024-10-18T15:40:28.454-04:00,IdeState,Active,Project,*,-1,-1
2024-10-18T15:40:29.455-04:00,IdeState,Active,Project,*,-1,-1
2024-10-18T15:40:30.163-04:00,Action,EditorBackSpace,Project,*,-1,-1
2024-10-18T15:40:30.457-04:00,IdeState,Active,Project,*,-1,-1
2024-10-18T15:40:31.459-04:00,IdeState,Active,Project,*,-1,-1
2024-10-18T15:40:31.942-04:00,Action,EditorBackSpace,Project,*,-1,-1
2024-10-18T15:40:32.461-04:00,IdeState,Active,Project,*,-1,-1
2024-10-18T15:40:33.463-04:00,IdeState,Active,Project,*,-1,-1
2024-10-18T15:40:34.464-04:00,IdeState,Active,Project,*,-1,-1
2024-10-18T15:40:35.520-04:00,IdeState,Active,Project,*,-1,-1
2024-10-18T15:40:36.520-04:00,IdeState,Active,Editor,*,0,0
2024-10-18T15:40:37.522-04:00,IdeState,Inactive,,*,-1,-1
2024-10-18T15:40:38.523-04:00,IdeState,Inactive,,*,-1,-1
2024-10-18T15:40:39.523-04:00,IdeState,Inactive,,*,-1,-1
2024-10-18T15:40:40.525-04:00,IdeState,Inactive,,*,-1,-1
2024-10-18T15:40:41.527-04:00,IdeState,Inactive,,*,-1,-1
2024-10-18T15:40:42.528-04:00,IdeState,Inactive,,*,-1,-1
2024-10-18T15:40:43.530-04:00,IdeState,Active,Editor,*,0,0
2024-10-18T15:40:44.531-04:00,IdeState,Active,Editor,*,0,0
2024-10-18T15:40:45.531-04:00,IdeState,Active,Editor,*,0,0
2024-10-18T15:40:46.534-04:00,IdeState,Inactive,,*,-1,-1
2024-10-18T15:40:47.538-04:00,IdeState,Active,Editor,*,0,0
2024-10-18T15:40:47.807-04:00,Action,EditorPaste,Editor,*,0,0
2024-10-18T15:40:48.540-04:00,IdeState,Active,Editor,*,24,61
2024-10-18T15:40:49.543-04:00,IdeState,Active,Editor,*,24,61
2024-10-18T15:40:50.545-04:00,IdeState,Active,Popup,*,24,61
2024-10-18T15:40:51.547-04:00,IdeState,Active,Popup,*,24,61
2024-10-18T15:40:52.554-04:00,IdeState,Active,Popup,*,24,61
2024-10-18T15:40:53.558-04:00,IdeState,Active,Popup,*,24,61
2024-10-18T15:40:54.560-04:00,IdeState,Active,Popup,*,24,61
2024-10-18T15:40:55.563-04:00,IdeState,Active,Popup,*,24,61
2024-10-18T15:40:56.027-04:00,Action,Print,Editor,*,24,61
2024-10-18T15:40:56.566-04:00,IdeState,Active,Editor,*,24,61
2024-10-18T15:40:57.584-04:00,IdeState,Active,Editor,*,24,61
2024-10-18T15:40:58.589-04:00,IdeState,Active,Popup,*,24,61
2024-10-18T15:40:59.590-04:00,IdeState,Active,Popup,*,24,61
2024-10-18T15:41:00.590-04:00,IdeState,Active,Popup,*,24,61
2024-10-18T15:41:00.841-04:00,Action,Print,Editor,*,24,61
2024-10-18T15:41:01.591-04:00,IdeState,Active,Editor,*,24,61
2024-10-18T15:41:02.592-04:00,IdeState,Active,Editor,*,24,61
2024-10-18T15:41:03.594-04:00,IdeState,Active,Editor,*,24,61
2024-10-18T15:41:04.595-04:00,IdeState,Active,Editor,*,24,61
2024-10-18T15:41:05.596-04:00,IdeState,Active,Editor,*,24,61
2024-10-18T15:41:06.598-04:00,IdeState,Active,Editor,*,24,61
2024-10-18T15:41:07.600-04:00,IdeState,Active,Editor,*,24,61
2024-10-18T15:41:08.601-04:00,IdeState,Active,Editor,*,24,61
2024-10-18T15:41:09.603-04:00,IdeState,Active,Editor,*,24,61
2024-10-18T15:41:10.605-04:00,IdeState,Active,Editor,*,24,61
2024-10-18T15:41:11.605-04:00,IdeState,Active,Editor,*,24,61
2024-10-18T15:41:12.607-04:00,IdeState,Active,Editor,*,24,61
2024-10-18T15:41:13.608-04:00,IdeState,Active,Editor,*,24,61
2024-10-18T15:41:14.609-04:00,IdeState,Active,Editor,*,24,61
2024-10-18T15:41:15.610-04:00,IdeState,Active,Editor,*,24,61
2024-10-18T15:41:16.611-04:00,IdeState,Active,Editor,*,24,61
2024-10-18T15:41:17.613-04:00,IdeState,Active,Editor,*,24,61
2024-10-18T15:41:18.613-04:00,IdeState,Active,Editor,*,24,61
2024-10-18T15:41:19.614-04:00,IdeState,Active,Editor,*,24,61
2024-10-18T15:41:20.916-04:00,IdeState,Active,Editor,*,24,61
2024-10-18T15:41:21.917-04:00,IdeState,Inactive,,*,-1,-1
2024-10-18T15:41:22.918-04:00,IdeState,Inactive,,*,-1,-1
2024-10-18T15:41:23.922-04:00,IdeState,Inactive,,*,-1,-1
2024-10-18T15:41:24.923-04:00,IdeState,Inactive,,*,-1,-1
2024-10-18T15:41:25.924-04:00,IdeState,Active,Editor,*,24,61
2024-10-18T15:41:26.924-04:00,IdeState,Active,Editor,*,24,61
2024-10-18T15:41:27.926-04:00,IdeState,Inactive,,*,-1,-1
2024-10-18T15:41:28.927-04:00,IdeState,Inactive,,*,-1,-1
2024-10-18T15:41:29.928-04:00,IdeState,Inactive,,*,-1,-1
2024-10-18T15:41:30.930-04:00,IdeState,Inactive,,*,-1,-1
2024-10-18T15:41:31.931-04:00,IdeState,Inactive,,*,-1,-1
2024-10-18T15:41:32.932-04:00,IdeState,Inactive,,*,-1,-1
2024-10-18T15:41:33.933-04:00,IdeState,Inactive,,*,-1,-1
2024-10-18T15:41:34.933-04:00,IdeState,Inactive,,*,-1,-1
2024-10-18T15:41:35.934-04:00,IdeState,Inactive,,*,-1,-1
2024-10-18T15:41:36.937-04:00,IdeState,Inactive,,*,-1,-1
2024-10-18T15:41:37.938-04:00,IdeState,Inactive,,*,-1,-1
2024-10-18T15:41:38.939-04:00,IdeState,Inactive,,*,-1,-1
2024-10-18T15:41:39.955-04:00,IdeState,Inactive,,*,-1,-1
2024-10-18T15:41:40.956-04:00,IdeState,Inactive,,*,-1,-1
2024-10-18T15:41:41.958-04:00,IdeState,Inactive,,*,-1,-1
2024-10-18T15:41:42.959-04:00,IdeState,Inactive,,*,-1,-1
2024-10-18T15:41:43.960-04:00,IdeState,Inactive,,*,-1,-1
2024-10-18T15:41:44.962-04:00,IdeState,Inactive,,*,-1,-1
2024-10-18T15:41:45.963-04:00,IdeState,Inactive,,*,-1,-1
2024-10-18T15:41:46.977-04:00,IdeState,Inactive,,*,-1,-1
2024-10-18T15:41:47.980-04:00,IdeState,Inactive,,*,-1,-1
2024-10-18T15:41:48.981-04:00,IdeState,Inactive,,*,-1,-1
2024-10-18T15:41:49.983-04:00,IdeState,Inactive,,*,-1,-1
2024-10-18T15:41:50.984-04:00,IdeState,Inactive,,*,-1,-1
2024-10-18T15:41:51.986-04:00,IdeState,Inactive,,*,-1,-1
2024-10-18T15:41:52.987-04:00,IdeState,Inactive,,*,-1,-1
2024-10-18T15:41:53.988-04:00,IdeState,Inactive,,*,-1,-1
2024-10-18T15:41:54.990-04:00,IdeState,Active,Editor,*,24,61
2024-10-18T15:41:55.990-04:00,IdeState,Active,Editor,*,24,61
2024-10-18T15:41:56.991-04:00,IdeState,Active,Popup,*,24,61
2024-10-18T15:41:57.993-04:00,IdeState,Active,Popup,*,24,61
2024-10-18T15:41:58.710-04:00,Action,$Delete,Popup,*,24,61
2024-10-18T15:41:58.995-04:00,IdeState,Active,Popup,*,24,61
2024-10-18T15:41:59.996-04:00,IdeState,Active,Popup,*,24,61
2024-10-18T15:42:00.997-04:00,IdeState,Inactive,,*,-1,-1
2024-10-18T15:42:01.998-04:00,IdeState,Inactive,,*,-1,-1
2024-10-18T15:42:03.009-04:00,IdeState,Active,Dialog,*,-1,-1
2024-10-18T15:42:04.010-04:00,IdeState,Inactive,,*,-1,-1
2024-10-18T15:42:05.011-04:00,IdeState,Inactive,,*,-1,-1
2024-10-18T15:42:06.013-04:00,IdeState,Inactive,,*,-1,-1
2024-10-18T15:42:07.014-04:00,IdeState,Inactive,,*,-1,-1
2024-10-18T15:42:08.016-04:00,IdeState,Inactive,,*,-1,-1
2024-10-18T15:42:09.018-04:00,IdeState,Inactive,,*,-1,-1
2024-10-18T15:42:10.020-04:00,IdeState,Inactive,,*,-1,-1
2024-10-18T15:42:11.022-04:00,IdeState,Inactive,,*,-1,-1
2024-10-18T15:42:12.023-04:00,IdeState,Inactive,,*,-1,-1
2024-10-18T15:42:13.024-04:00,IdeState,Inactive,,*,-1,-1
2024-10-18T15:42:14.026-04:00,IdeState,Inactive,,*,-1,-1
2024-10-18T15:42:15.027-04:00,IdeState,Inactive,,*,-1,-1
2024-10-18T15:42:16.029-04:00,IdeState,Inactive,,*,-1,-1
2024-10-18T15:42:17.031-04:00,IdeState,Inactive,,*,-1,-1
2024-10-18T15:42:18.032-04:00,IdeState,Inactive,,*,-1,-1
2024-10-18T15:42:19.033-04:00,IdeState,Inactive,,*,-1,-1
2024-10-18T15:42:20.035-04:00,IdeState,Inactive,,*,-1,-1
2024-10-18T15:42:21.036-04:00,IdeState,Inactive,,*,-1,-1
2024-10-18T15:42:22.038-04:00,IdeState,Inactive,,*,-1,-1
2024-10-18T15:42:23.039-04:00,IdeState,Inactive,,*,-1,-1
2024-10-18T15:42:24.041-04:00,IdeState,Inactive,,*,-1,-1
2024-10-18T15:42:25.043-04:00,IdeState,Inactive,,*,-1,-1
2024-10-18T15:42:26.044-04:00,IdeState,Inactive,,*,-1,-1
2024-10-18T15:42:27.047-04:00,IdeState,Inactive,,*,-1,-1
2024-10-18T15:42:28.048-04:00,IdeState,Inactive,,*,-1,-1
2024-10-18T15:42:29.050-04:00,IdeState,Inactive,,*,-1,-1
2024-10-18T15:42:30.052-04:00,IdeState,Inactive,,*,-1,-1
2024-10-18T15:42:31.053-04:00,IdeState,Inactive,,*,-1,-1
2024-10-18T15:42:32.054-04:00,IdeState,Inactive,,*,-1,-1
2024-10-18T15:42:33.055-04:00,IdeState,Inactive,,*,-1,-1
2024-10-18T15:42:34.056-04:00,IdeState,Inactive,,*,-1,-1
2024-10-18T15:42:35.058-04:00,IdeState,Inactive,,*,-1,-1
2024-10-18T15:42:36.059-04:00,IdeState,Inactive,,*,-1,-1
2024-10-18T15:42:37.062-04:00,IdeState,Inactive,,*,-1,-1
2024-10-18T15:42:38.063-04:00,IdeState,Inactive,,*,-1,-1
2024-10-18T15:42:39.064-04:00,IdeState,Inactive,,*,-1,-1
2024-10-18T15:42:40.067-04:00,IdeState,Inactive,,*,-1,-1
2024-10-18T15:42:41.067-04:00,IdeState,Inactive,,*,-1,-1
2024-10-18T15:42:42.068-04:00,IdeState,Inactive,,*,-1,-1
2024-10-18T15:42:43.071-04:00,IdeState,Inactive,,*,-1,-1
2024-10-18T15:42:44.072-04:00,IdeState,Inactive,,*,-1,-1
2024-10-18T15:42:45.073-04:00,IdeState,Inactive,,*,-1,-1
2024-10-18T15:42:46.075-04:00,IdeState,Inactive,,*,-1,-1
2024-10-18T15:42:47.075-04:00,IdeState,Inactive,,*,-1,-1
2024-10-18T15:42:48.078-04:00,IdeState,Inactive,,*,-1,-1
2024-10-18T15:42:49.079-04:00,IdeState,Inactive,,*,-1,-1
2024-10-18T15:42:50.079-04:00,IdeState,Inactive,,*,-1,-1
2024-10-18T15:42:51.081-04:00,IdeState,Inactive,,*,-1,-1
2024-10-18T15:42:52.082-04:00,IdeState,Inactive,,*,-1,-1
2024-10-18T15:42:53.084-04:00,IdeState,Inactive,,*,-1,-1
2024-10-18T15:42:54.086-04:00,IdeState,Inactive,,*,-1,-1
2024-10-18T15:42:55.088-04:00,IdeState,Inactive,,*,-1,-1
2024-10-18T15:42:56.091-04:00,IdeState,Inactive,,*,-1,-1
2024-10-18T15:42:57.092-04:00,IdeState,Inactive,,*,-1,-1
2024-10-18T15:42:58.092-04:00,IdeState,Inactive,,*,-1,-1
2024-10-18T15:42:59.094-04:00,IdeState,Inactive,,*,-1,-1
2024-10-18T15:43:00.096-04:00,IdeState,Inactive,,*,-1,-1
2024-10-18T15:43:01.098-04:00,IdeState,Inactive,,*,-1,-1
2024-10-18T15:43:02.100-04:00,IdeState,Inactive,,*,-1,-1
2024-10-18T15:43:03.102-04:00,IdeState,Inactive,,*,-1,-1
2024-10-18T15:43:04.105-04:00,IdeState,Inactive,,*,-1,-1
2024-10-18T15:43:05.106-04:00,IdeState,Inactive,,*,-1,-1
2024-10-18T15:43:06.107-04:00,IdeState,Inactive,,*,-1,-1
2024-10-18T15:43:07.109-04:00,IdeState,Inactive,,*,-1,-1
2024-10-18T15:43:08.111-04:00,IdeState,Inactive,,*,-1,-1
2024-10-18T15:43:09.113-04:00,IdeState,Inactive,,*,-1,-1
2024-10-18T15:43:10.114-04:00,IdeState,Inactive,,*,-1,-1
2024-10-18T15:43:11.115-04:00,IdeState,Inactive,,*,-1,-1
2024-10-18T15:43:12.117-04:00,IdeState,Inactive,,*,-1,-1
2024-10-18T15:43:13.120-04:00,IdeState,Inactive,,*,-1,-1
2024-10-18T15:43:14.120-04:00,IdeState,Inactive,,*,-1,-1
2024-10-18T15:43:15.122-04:00,IdeState,Inactive,,*,-1,-1
2024-10-18T15:43:16.124-04:00,IdeState,Inactive,,*,-1,-1
2024-10-18T15:43:17.126-04:00,IdeState,Inactive,,*,-1,-1
2024-10-18T15:43:18.128-04:00,IdeState,Inactive,,*,-1,-1
2024-10-18T15:43:19.128-04:00,IdeState,Inactive,,*,-1,-1
2024-10-18T15:43:20.129-04:00,IdeState,Inactive,,*,-1,-1
2024-10-18T15:43:21.131-04:00,IdeState,Inactive,,*,-1,-1
2024-10-18T15:43:22.132-04:00,IdeState,Inactive,,*,-1,-1
2024-10-18T15:43:23.133-04:00,IdeState,Inactive,,*,-1,-1
2024-10-18T15:43:24.136-04:00,IdeState,Inactive,,*,-1,-1
2024-10-18T15:43:25.137-04:00,IdeState,Inactive,,*,-1,-1
2024-10-18T15:43:26.138-04:00,IdeState,Inactive,,*,-1,-1
2024-10-18T15:43:27.140-04:00,IdeState,Inactive,,*,-1,-1
2024-10-18T15:43:28.142-04:00,IdeState,Inactive,,*,-1,-1
2024-10-18T15:43:29.144-04:00,IdeState,Inactive,,*,-1,-1
2024-10-18T15:43:30.145-04:00,IdeState,Inactive,,*,-1,-1
2024-10-18T15:43:31.147-04:00,IdeState,Inactive,,*,-1,-1
2024-10-18T15:43:32.150-04:00,IdeState,Inactive,,*,-1,-1
2024-10-18T15:43:33.150-04:00,IdeState,Inactive,,*,-1,-1
2024-10-18T15:43:34.152-04:00,IdeState,Inactive,,*,-1,-1
2024-10-18T15:43:35.153-04:00,IdeState,Inactive,,*,-1,-1
2024-10-18T15:43:36.153-04:00,IdeState,Inactive,,*,-1,-1
2024-10-18T15:43:37.154-04:00,IdeState,Inactive,,*,-1,-1
2024-10-18T15:43:38.156-04:00,IdeState,Inactive,,*,-1,-1
2024-10-18T15:43:39.158-04:00,IdeState,Inactive,,*,-1,-1
2024-10-18T15:43:40.159-04:00,IdeState,Inactive,,*,-1,-1
2024-10-18T15:43:41.161-04:00,IdeState,Inactive,,*,-1,-1
2024-10-18T15:43:42.163-04:00,IdeState,Inactive,,*,-1,-1
2024-10-18T15:43:43.163-04:00,IdeState,Inactive,,*,-1,-1
2024-10-18T15:43:44.164-04:00,IdeState,Inactive,,*,-1,-1
2024-10-18T15:43:45.166-04:00,IdeState,Inactive,,*,-1,-1
2024-10-18T15:43:46.168-04:00,IdeState,Inactive,,*,-1,-1
2024-10-18T15:43:47.170-04:00,IdeState,Inactive,,*,-1,-1
2024-10-18T15:43:48.171-04:00,IdeState,Inactive,,*,-1,-1
2024-10-18T15:43:49.174-04:00,IdeState,Inactive,,*,-1,-1
2024-10-18T15:43:50.175-04:00,IdeState,Inactive,,*,-1,-1
2024-10-18T15:43:51.177-04:00,IdeState,Inactive,,*,-1,-1
2024-10-18T15:43:52.179-04:00,IdeState,Inactive,,*,-1,-1
2024-10-18T15:43:53.179-04:00,IdeState,Inactive,,*,-1,-1
2024-10-18T15:43:54.181-04:00,IdeState,Inactive,,*,-1,-1
2024-10-18T15:43:55.182-04:00,IdeState,Inactive,,*,-1,-1
2024-10-18T15:43:56.184-04:00,IdeState,Inactive,,*,-1,-1
2024-10-18T15:43:57.185-04:00,IdeState,Inactive,,*,-1,-1
2024-10-18T15:43:58.187-04:00,IdeState,Inactive,,*,-1,-1
2024-10-18T15:43:59.188-04:00,IdeState,Inactive,,*,-1,-1
2024-10-18T15:44:00.191-04:00,IdeState,Inactive,,*,-1,-1
2024-10-18T15:44:01.193-04:00,IdeState,Inactive,,*,-1,-1
2024-10-18T15:44:02.194-04:00,IdeState,Inactive,,*,-1,-1
2024-10-18T15:44:03.195-04:00,IdeState,Inactive,,*,-1,-1
2024-10-18T15:44:04.196-04:00,IdeState,Inactive,,*,-1,-1
2024-10-18T15:44:05.197-04:00,IdeState,Inactive,,*,-1,-1
2024-10-18T15:44:06.198-04:00,IdeState,Inactive,,*,-1,-1
2024-10-18T15:44:07.200-04:00,IdeState,Inactive,,*,-1,-1
2024-10-18T15:44:08.201-04:00,IdeState,Inactive,,*,-1,-1
2024-10-18T15:44:09.202-04:00,IdeState,Inactive,,*,-1,-1
2024-10-18T15:44:10.205-04:00,IdeState,Inactive,,*,-1,-1
2024-10-29T11:52:17.335-04:00,IdeState,Inactive,,*,-1,-1
2024-10-29T11:52:18.427-04:00,IdeState,Inactive,,*,-1,-1
2024-10-29T11:52:20.016-04:00,IdeState,Inactive,,*,-1,-1
2024-10-29T11:52:21.108-04:00,IdeState,Inactive,,*,-1,-1
2024-10-29T11:52:22.116-04:00,IdeState,Inactive,,*,-1,-1
2024-10-29T11:52:23.366-04:00,IdeState,Inactive,,*,-1,-1
2024-10-29T11:52:24.379-04:00,IdeState,Inactive,,*,-1,-1
2024-10-29T11:52:25.444-04:00,IdeState,Inactive,,*,-1,-1
2024-10-29T11:52:26.458-04:00,IdeState,Inactive,,*,-1,-1
2024-10-29T11:52:27.473-04:00,IdeState,Inactive,,*,-1,-1
2024-10-29T11:52:28.496-04:00,IdeState,Inactive,,*,-1,-1
2024-10-29T11:52:31.122-04:00,IdeState,NoProject,,*,-1,-1
2024-10-29T11:52:32.916-04:00,IdeState,Active,Popup,*,-1,-1
2024-10-29T11:52:34.835-04:00,IdeState,Active,Popup,*,-1,-1
2024-10-29T11:52:36.106-04:00,IdeState,Active,Popup,*,-1,-1
2024-10-29T11:52:37.802-04:00,IdeState,Active,Popup,*,-1,-1
2024-10-29T11:52:39.216-04:00,IdeState,Active,Popup,*,-1,-1
2024-10-29T11:52:40.309-04:00,IdeState,Active,Popup,*,-1,-1
2024-10-29T11:52:44.748-04:00,IdeState,Active,Popup,*,-1,-1
2024-10-29T11:52:46.023-04:00,IdeState,Active,Project,*,-1,-1
2024-10-29T11:52:47.333-04:00,IdeState,Active,Project,*,-1,-1
2024-10-29T11:52:48.411-04:00,IdeState,Active,Project,*,-1,-1
2024-10-29T11:52:49.573-04:00,IdeState,Active,Project,*,-1,-1
2024-10-29T11:52:50.592-04:00,IdeState,Active,Project,*,-1,-1
2024-10-29T11:52:51.608-04:00,IdeState,Active,Project,*,-1,-1
2024-10-29T11:52:52.686-04:00,IdeState,Active,Project,*,-1,-1
2024-10-29T11:52:53.842-04:00,IdeState,Active,Project,*,-1,-1
2024-10-29T11:52:55.390-04:00,IdeState,Active,Project,*,-1,-1
2024-10-29T11:52:56.403-04:00,IdeState,Active,Project,*,-1,-1
2024-10-29T11:52:57.405-04:00,IdeState,Active,Project,*,-1,-1
2024-10-29T11:52:58.406-04:00,IdeState,Active,Project,*,-1,-1
2024-10-29T11:52:59.407-04:00,IdeState,Active,Project,*,-1,-1
2024-10-29T11:53:00.476-04:00,IdeState,Active,Project,*,-1,-1
2024-10-29T11:53:01.482-04:00,IdeState,Active,Project,*,-1,-1
2024-10-29T11:53:02.551-04:00,IdeState,Active,Project,*,-1,-1
2024-10-29T11:53:03.613-04:00,IdeState,Active,Project,*,-1,-1
2024-10-29T11:53:04.653-04:00,IdeState,Active,Project,*,-1,-1
2024-10-29T11:53:05.660-04:00,IdeState,Active,Project,*,-1,-1
2024-10-29T11:53:06.673-04:00,IdeState,Active,Project,*,-1,-1
2024-10-29T11:53:07.689-04:00,IdeState,Active,Project,*,-1,-1
2024-10-29T11:53:08.768-04:00,IdeState,Active,Project,*,-1,-1
2024-10-29T11:53:09.781-04:00,IdeState,Active,Project,*,-1,-1
2024-10-29T11:53:10.782-04:00,IdeState,Active,Project,*,-1,-1
2024-10-29T11:53:11.800-04:00,IdeState,Active,Project,*,-1,-1
2024-10-29T11:53:12.805-04:00,IdeState,Active,Project,*,-1,-1
2024-10-29T11:53:13.816-04:00,IdeState,Active,Project,*,-1,-1
2024-10-29T11:53:14.833-04:00,IdeState,Active,Project,*,-1,-1
2024-10-29T11:53:15.986-04:00,IdeState,Active,Project,*,-1,-1
2024-10-29T11:53:17.193-04:00,IdeState,Active,Project,*,-1,-1
2024-10-29T11:53:18.205-04:00,IdeState,Active,Project,*,-1,-1
2024-10-29T11:53:19.296-04:00,IdeState,Active,Project,*,-1,-1
2024-10-29T11:53:20.306-04:00,IdeState,Active,Project,*,-1,-1
2024-10-29T11:53:21.319-04:00,IdeState,Active,Project,*,-1,-1
2024-10-29T11:53:22.335-04:00,IdeState,Active,Project,*,-1,-1
2024-10-29T11:53:23.344-04:00,IdeState,Active,Project,*,-1,-1
2024-10-29T11:53:24.356-04:00,IdeState,Active,Project,*,-1,-1
2024-10-29T11:53:25.366-04:00,IdeState,Active,Project,*,-1,-1
2024-10-29T11:53:26.376-04:00,IdeState,Active,Project,*,-1,-1
2024-10-29T11:53:27.389-04:00,IdeState,Active,Project,*,-1,-1
2024-10-29T11:53:28.406-04:00,IdeState,Active,Project,*,-1,-1
2024-10-29T11:53:29.416-04:00,IdeState,Active,Project,*,-1,-1
2024-10-29T11:53:30.446-04:00,IdeState,Active,Project,*,-1,-1
2024-10-29T11:53:31.457-04:00,IdeState,Active,Project,*,-1,-1
2024-10-29T11:53:32.466-04:00,IdeState,Active,Project,*,-1,-1
2024-10-29T11:53:33.482-04:00,IdeState,Active,Project,*,-1,-1
2024-10-29T11:53:34.499-04:00,IdeState,Active,Project,*,-1,-1
2024-10-29T11:53:35.508-04:00,IdeState,Active,Project,*,-1,-1
2024-10-29T11:53:36.522-04:00,IdeState,Active,Project,*,-1,-1
2024-10-29T11:53:37.631-04:00,IdeState,Active,Project,*,-1,-1
2024-10-29T11:53:38.644-04:00,IdeState,Active,Project,*,-1,-1
2024-10-29T11:53:39.662-04:00,IdeState,Active,Project,*,-1,-1
2024-10-29T11:53:40.682-04:00,IdeState,Active,Project,*,-1,-1
2024-10-29T11:53:41.780-04:00,IdeState,Active,Project,*,-1,-1
2024-10-29T11:53:42.803-04:00,IdeState,Active,Project,*,-1,-1
2024-10-29T11:53:43.817-04:00,IdeState,Active,Project,*,-1,-1
2024-10-29T11:53:44.824-04:00,IdeState,Active,Project,*,-1,-1
2024-10-29T11:53:45.835-04:00,IdeState,Active,Project,*,-1,-1
2024-10-29T11:53:46.848-04:00,IdeState,Active,Project,*,-1,-1
2024-10-29T11:53:47.863-04:00,IdeState,Active,Project,*,-1,-1
2024-10-29T11:53:48.891-04:00,IdeState,Active,Project,*,-1,-1
2024-10-29T11:53:49.894-04:00,IdeState,Active,Project,*,-1,-1
2024-10-29T11:53:50.905-04:00,IdeState,Active,Project,*,-1,-1
2024-10-29T11:53:51.945-04:00,IdeState,Active,Project,*,-1,-1
2024-10-29T11:53:52.954-04:00,IdeState,Active,Project,*,-1,-1
2024-10-29T11:53:53.968-04:00,IdeState,Active,Project,*,-1,-1
2024-10-29T11:53:54.998-04:00,IdeState,Active,Project,*,-1,-1
2024-10-29T11:53:56.008-04:00,IdeState,Active,Project,*,-1,-1
2024-10-29T11:53:57.031-04:00,IdeState,Active,Project,*,-1,-1
2024-10-29T11:53:58.033-04:00,IdeState,Active,Project,*,-1,-1
2024-10-29T11:53:59.038-04:00,IdeState,Active,Project,*,-1,-1
2024-10-29T11:54:00.050-04:00,IdeState,Active,Project,*,-1,-1
2024-10-29T11:54:01.068-04:00,IdeState,Active,Project,*,-1,-1
2024-10-29T11:54:02.078-04:00,IdeState,Active,Project,*,-1,-1
2024-10-29T11:54:03.091-04:00,IdeState,Active,Project,*,-1,-1
2024-10-29T11:54:04.105-04:00,IdeState,Active,Project,*,-1,-1
2024-10-29T11:54:05.121-04:00,IdeState,Active,Project,*,-1,-1
2024-10-29T11:54:06.131-04:00,IdeState,Active,Project,*,-1,-1
2024-10-29T11:54:07.144-04:00,IdeState,Active,Project,*,-1,-1
2024-10-29T11:54:08.162-04:00,IdeState,Active,Project,*,-1,-1
2024-10-29T11:54:09.171-04:00,IdeState,Active,Project,*,-1,-1
2024-10-29T11:54:10.188-04:00,IdeState,Active,Project,*,-1,-1
2024-10-29T11:54:11.199-04:00,IdeState,Active,Project,*,-1,-1
2024-10-29T11:54:12.214-04:00,IdeState,Active,Project,*,-1,-1
2024-10-29T11:54:13.224-04:00,IdeState,Active,Project,*,-1,-1
2024-10-29T11:54:14.228-04:00,IdeState,Active,Project,*,-1,-1
2024-10-29T11:54:15.237-04:00,IdeState,Active,Project,*,-1,-1
2024-10-29T11:54:16.256-04:00,IdeState,Active,Project,*,-1,-1
2024-10-29T11:54:17.262-04:00,IdeState,Active,Project,*,-1,-1
2024-10-29T11:54:18.280-04:00,IdeState,Active,Project,*,-1,-1
2024-10-29T11:54:19.312-04:00,IdeState,Active,Project,*,-1,-1
2024-10-29T11:54:20.327-04:00,IdeState,Active,Project,*,-1,-1
2024-10-29T11:54:21.341-04:00,IdeState,Active,Project,*,-1,-1
2024-10-29T11:54:22.353-04:00,IdeState,Active,Project,*,-1,-1
2024-10-29T11:54:23.365-04:00,IdeState,Active,Project,*,-1,-1
2024-10-29T11:54:24.377-04:00,IdeState,Active,Project,*,-1,-1
2024-10-29T11:54:25.387-04:00,IdeState,Active,Project,*,-1,-1
2024-10-29T11:54:26.403-04:00,IdeState,Active,Project,*,-1,-1
2024-10-29T11:54:27.413-04:00,IdeState,Active,Project,*,-1,-1
2024-10-29T11:54:28.426-04:00,IdeState,Active,Project,*,-1,-1
2024-10-29T11:54:29.437-04:00,IdeState,Active,Project,*,-1,-1
2024-10-29T11:54:30.447-04:00,IdeState,Active,Project,*,-1,-1
2024-10-29T11:54:31.450-04:00,IdeState,Active,Project,*,-1,-1
2024-10-29T11:54:32.479-04:00,IdeState,Active,Project,*,-1,-1
2024-10-29T11:54:33.497-04:00,IdeState,Active,Project,*,-1,-1
2024-10-29T11:54:34.512-04:00,IdeState,Active,Project,*,-1,-1
2024-10-29T11:54:35.526-04:00,IdeState,Active,Project,*,-1,-1
2024-10-29T11:54:36.541-04:00,IdeState,Active,Project,*,-1,-1
2024-10-29T11:54:37.557-04:00,IdeState,Active,Project,*,-1,-1
2024-10-29T11:54:38.572-04:00,IdeState,Active,Project,*,-1,-1
2024-10-29T11:54:39.687-04:00,IdeState,Active,Project,*,-1,-1
2024-10-29T11:54:40.704-04:00,IdeState,Active,Project,*,-1,-1
2024-10-29T11:54:41.712-04:00,IdeState,Active,Project,*,-1,-1
2024-10-29T11:54:42.715-04:00,IdeState,Active,Project,*,-1,-1
2024-10-29T11:54:43.763-04:00,IdeState,Active,Project,*,-1,-1
2024-10-29T11:54:44.771-04:00,IdeState,Active,Project,*,-1,-1
2024-10-29T11:54:45.872-04:00,IdeState,Active,Project,*,-1,-1
2024-10-29T11:54:46.881-04:00,IdeState,Active,Project,*,-1,-1
2024-10-29T11:54:47.892-04:00,IdeState,Active,Project,*,-1,-1
2024-10-29T11:54:48.924-04:00,IdeState,Active,Project,*,-1,-1
2024-10-29T11:54:49.924-04:00,IdeState,Active,Project,*,-1,-1
2024-10-29T11:54:50.951-04:00,IdeState,Active,Project,*,-1,-1
2024-10-29T11:54:51.955-04:00,IdeState,Active,Project,*,-1,-1
2024-10-29T11:54:52.970-04:00,IdeState,Active,Project,*,-1,-1
2024-10-29T11:54:53.971-04:00,IdeState,Active,Project,*,-1,-1
2024-10-29T11:54:55.013-04:00,IdeState,Active,Project,*,-1,-1
2024-10-29T11:54:56.028-04:00,IdeState,Active,Project,*,-1,-1
2024-10-29T11:54:57.041-04:00,IdeState,Active,Project,*,-1,-1
2024-10-29T11:54:58.044-04:00,IdeState,Active,Project,*,-1,-1
2024-10-29T11:54:59.047-04:00,IdeState,Active,Project,*,-1,-1
2024-10-29T11:55:00.061-04:00,IdeState,Active,Project,*,-1,-1
2024-10-29T11:55:01.070-04:00,IdeState,Active,Project,*,-1,-1
2024-10-29T11:55:02.073-04:00,IdeState,Active,Project,*,-1,-1
2024-10-29T11:55:03.077-04:00,IdeState,Active,Project,*,-1,-1
2024-10-29T11:55:04.109-04:00,IdeState,Active,Project,*,-1,-1
2024-10-29T11:55:05.135-04:00,IdeState,Active,Project,*,-1,-1
2024-10-29T11:55:06.154-04:00,IdeState,Active,Project,*,-1,-1
2024-10-29T11:55:07.165-04:00,IdeState,Active,Project,*,-1,-1
2024-10-29T11:55:08.179-04:00,IdeState,Active,Project,*,-1,-1
2024-10-29T11:55:09.192-04:00,IdeState,Active,Project,*,-1,-1
2024-10-29T11:55:10.208-04:00,IdeState,Active,Project,*,-1,-1
2024-10-29T11:55:11.240-04:00,IdeState,Active,Project,*,-1,-1
2024-10-29T11:55:12.240-04:00,IdeState,Active,Project,*,-1,-1
2024-10-29T11:55:13.244-04:00,IdeState,Active,Project,*,-1,-1
2024-10-29T11:55:14.262-04:00,IdeState,Active,Project,*,-1,-1
2024-10-29T11:55:15.268-04:00,IdeState,Active,Project,*,-1,-1
2024-10-29T11:55:16.278-04:00,IdeState,Active,Project,*,-1,-1
2024-10-29T11:55:17.290-04:00,IdeState,Active,Project,*,-1,-1
2024-10-29T11:55:18.292-04:00,IdeState,Active,Project,*,-1,-1
2024-10-29T11:55:19.306-04:00,IdeState,Active,Project,*,-1,-1
2024-10-29T11:55:20.319-04:00,IdeState,Active,Project,*,-1,-1
2024-10-29T11:55:21.339-04:00,IdeState,Active,Project,*,-1,-1
2024-10-29T11:55:22.351-04:00,IdeState,Active,Project,*,-1,-1
2024-10-29T11:55:23.366-04:00,IdeState,Active,Project,*,-1,-1
2024-10-29T11:55:24.373-04:00,IdeState,Active,Project,*,-1,-1
2024-10-29T11:55:25.388-04:00,IdeState,Active,Project,*,-1,-1
2024-10-29T11:55:26.403-04:00,IdeState,Active,Project,*,-1,-1
2024-10-29T11:55:27.414-04:00,IdeState,Active,Project,*,-1,-1
2024-10-29T11:55:28.428-04:00,IdeState,Active,Project,*,-1,-1
2024-10-29T11:55:29.444-04:00,IdeState,Active,Project,*,-1,-1
2024-10-29T11:55:30.458-04:00,IdeState,Active,Project,*,-1,-1
2024-10-29T11:55:31.469-04:00,IdeState,Active,Project,*,-1,-1
2024-10-29T11:55:32.484-04:00,IdeState,Active,Project,*,-1,-1
2024-10-29T11:55:33.497-04:00,IdeState,Active,Project,*,-1,-1
2024-10-29T11:55:34.498-04:00,IdeState,Active,Project,*,-1,-1
2024-10-29T11:55:35.503-04:00,IdeState,Active,Project,*,-1,-1
2024-10-29T11:55:36.518-04:00,IdeState,Active,Project,*,-1,-1
2024-10-29T11:55:37.529-04:00,IdeState,Active,Project,*,-1,-1
2024-10-29T11:55:38.543-04:00,IdeState,Active,Project,*,-1,-1
2024-10-29T11:55:39.554-04:00,IdeState,Active,Project,*,-1,-1
2024-10-29T11:55:40.563-04:00,IdeState,Active,Project,*,-1,-1
2024-10-29T11:55:41.576-04:00,IdeState,Active,Project,*,-1,-1
2024-10-29T11:55:42.591-04:00,IdeState,Active,Project,*,-1,-1
2024-10-29T11:55:43.614-04:00,IdeState,Active,Project,*,-1,-1
2024-10-29T11:55:44.617-04:00,IdeState,Active,Project,*,-1,-1
2024-10-29T11:55:45.661-04:00,IdeState,Active,Dialog,*,-1,-1
2024-10-29T11:55:46.677-04:00,IdeState,Active,Project,*,-1,-1
2024-10-29T11:55:47.724-04:00,IdeState,Inactive,,*,-1,-1
2024-10-29T11:55:48.837-04:00,IdeState,Inactive,,*,-1,-1
2024-10-29T13:05:38.157-04:00,IdeState,Inactive,,*,-1,-1
2024-10-29T13:05:39.666-04:00,IdeState,Inactive,,*,-1,-1
2024-10-29T13:05:40.774-04:00,IdeState,Inactive,,*,-1,-1
2024-10-29T13:05:42.495-04:00,IdeState,Inactive,,*,-1,-1
2024-10-29T13:05:43.553-04:00,IdeState,Inactive,,*,-1,-1
2024-10-29T13:05:45.126-04:00,IdeState,Inactive,,*,-1,-1
2024-10-29T13:05:46.443-04:00,IdeState,Inactive,,*,-1,-1
2024-10-29T13:05:48.337-04:00,IdeState,Inactive,,*,-1,-1
2024-10-29T13:05:49.346-04:00,IdeState,Inactive,,*,-1,-1
2024-10-29T13:05:50.361-04:00,IdeState,Inactive,,*,-1,-1
2024-10-29T13:05:55.104-04:00,IdeState,NoProject,,*,-1,-1
2024-10-29T13:05:58.910-04:00,IdeState,Active,Popup,*,-1,-1
2024-10-29T13:06:01.067-04:00,IdeState,Active,Popup,*,-1,-1
2024-10-29T13:06:02.478-04:00,IdeState,Active,Popup,*,-1,-1
2024-10-29T13:06:04.235-04:00,IdeState,Active,Popup,*,-1,-1
2024-10-29T13:06:06.505-04:00,IdeState,Active,Popup,*,-1,-1
2024-10-29T13:06:10.005-04:00,IdeState,Active,Popup,*,-1,-1
2024-10-29T13:06:13.212-04:00,IdeState,Active,Popup,*,-1,-1
2024-10-29T13:06:20.370-04:00,IdeState,Active,Popup,*,-1,-1
2024-10-29T13:06:29.653-04:00,IdeState,Active,Project,*,-1,-1
2024-10-29T13:06:42.724-04:00,IdeState,Active,Project,*,-1,-1
2024-10-29T13:06:52.330-04:00,IdeState,Active,Project,*,-1,-1
2024-10-29T13:06:55.093-04:00,IdeState,Active,Project,*,-1,-1
2024-10-29T13:06:56.533-04:00,IdeState,Active,Project,*,-1,-1
2024-10-29T13:06:57.876-04:00,IdeState,Active,Project,*,-1,-1
2024-10-29T13:06:59.984-04:00,IdeState,Active,Project,*,-1,-1
2024-10-29T13:07:01.042-04:00,IdeState,Active,Project,*,-1,-1
2024-10-29T13:07:05.183-04:00,IdeState,Active,Project,*,-1,-1
2024-10-29T13:07:07.147-04:00,IdeState,Active,Project,*,-1,-1
2024-10-29T13:07:08.241-04:00,IdeState,Active,Project,*,-1,-1
2024-10-29T13:07:10.545-04:00,IdeState,Active,Project,*,-1,-1
2024-10-29T13:07:11.558-04:00,IdeState,Active,Project,*,-1,-1
2024-10-29T13:07:12.568-04:00,IdeState,Active,Project,*,-1,-1
2024-10-29T13:07:13.851-04:00,IdeState,Active,Project,*,-1,-1
2024-10-29T13:07:15.002-04:00,IdeState,Active,Project,*,-1,-1
2024-10-29T13:07:16.017-04:00,IdeState,Active,Project,*,-1,-1
2024-10-29T13:07:17.091-04:00,IdeState,Active,Project,*,-1,-1
2024-10-29T13:07:24.187-04:00,IdeState,Active,Project,*,-1,-1
2024-10-29T13:07:25.234-04:00,IdeState,Active,Project,*,-1,-1
2024-10-29T13:07:26.253-04:00,IdeState,Active,Project,*,-1,-1
2024-10-29T13:07:27.295-04:00,IdeState,Active,Project,*,-1,-1
2024-10-29T13:07:28.422-04:00,IdeState,Active,Project,*,-1,-1
2024-10-29T13:07:29.442-04:00,IdeState,Active,Project,*,-1,-1
2024-10-29T13:07:30.585-04:00,IdeState,Active,Project,*,-1,-1
2024-10-29T13:07:32.046-04:00,IdeState,Active,Project,*,-1,-1
2024-10-29T13:07:33.047-04:00,IdeState,Active,Project,*,-1,-1
2024-10-29T13:07:34.292-04:00,IdeState,Active,Project,*,-1,-1
2024-10-29T13:07:35.304-04:00,IdeState,Active,Project,*,-1,-1
2024-10-29T13:07:36.369-04:00,IdeState,Active,Project,*,-1,-1
2024-10-29T13:07:37.444-04:00,IdeState,Active,Project,*,-1,-1
2024-10-29T13:07:38.502-04:00,IdeState,Active,Project,*,-1,-1
2024-10-29T13:07:39.508-04:00,IdeState,Active,Project,*,-1,-1
2024-10-29T13:07:40.544-04:00,IdeState,Active,Project,*,-1,-1
2024-10-29T13:07:41.556-04:00,IdeState,Active,Project,*,-1,-1
2024-10-29T13:07:42.646-04:00,IdeState,Active,Project,*,-1,-1
2024-10-29T13:07:43.663-04:00,IdeState,Active,Project,*,-1,-1
2024-10-29T13:07:44.677-04:00,IdeState,Active,Project,*,-1,-1
2024-10-29T13:07:45.730-04:00,IdeState,Active,Project,*,-1,-1
2024-10-29T13:07:46.917-04:00,IdeState,Active,Project,*,-1,-1
2024-10-29T13:07:47.980-04:00,IdeState,Active,Project,*,-1,-1
2024-10-29T13:07:49.144-04:00,IdeState,Active,Project,*,-1,-1
2024-10-29T13:07:50.418-04:00,IdeState,Active,Project,*,-1,-1
2024-10-29T13:07:51.488-04:00,IdeState,Active,Project,*,-1,-1
2024-10-29T13:07:52.539-04:00,IdeState,Active,Project,*,-1,-1
2024-10-29T13:07:53.590-04:00,IdeState,Active,Project,*,-1,-1
2024-10-29T13:07:54.821-04:00,IdeState,Active,Project,*,-1,-1
2024-10-29T13:07:55.865-04:00,IdeState,Active,Project,*,-1,-1
2024-10-29T13:07:56.917-04:00,IdeState,Active,Project,*,-1,-1
2024-10-29T13:07:57.927-04:00,IdeState,Active,Project,*,-1,-1
2024-10-29T13:07:58.946-04:00,IdeState,Active,Project,*,-1,-1
2024-10-29T13:07:59.961-04:00,IdeState,Active,Project,*,-1,-1
2024-10-29T13:08:00.972-04:00,IdeState,Active,Project,*,-1,-1
2024-10-29T13:08:01.988-04:00,IdeState,Active,Project,*,-1,-1
2024-10-29T13:08:02.992-04:00,IdeState,Active,Project,*,-1,-1
2024-10-29T13:08:04.059-04:00,IdeState,Active,Project,*,-1,-1
2024-10-29T13:08:05.734-04:00,IdeState,Active,Project,*,-1,-1
2024-10-29T13:08:06.741-04:00,IdeState,Active,Project,*,-1,-1
2024-10-29T13:08:07.815-04:00,IdeState,Active,Project,*,-1,-1
2024-10-29T13:08:09.829-04:00,IdeState,Active,Project,*,-1,-1
2024-10-29T13:08:10.853-04:00,IdeState,Active,Project,*,-1,-1
2024-10-29T13:08:11.897-04:00,IdeState,Active,Project,*,-1,-1
2024-10-29T13:08:12.912-04:00,IdeState,Active,Project,*,-1,-1
2024-10-29T13:08:13.941-04:00,IdeState,Active,Project,*,-1,-1
2024-10-29T13:08:14.943-04:00,IdeState,Active,Project,*,-1,-1
2024-10-29T13:08:15.951-04:00,IdeState,Active,Project,*,-1,-1
2024-10-29T13:08:16.960-04:00,IdeState,Active,Project,*,-1,-1
2024-10-29T13:08:17.972-04:00,IdeState,Active,Project,*,-1,-1
2024-10-29T13:08:19.249-04:00,IdeState,Active,Project,*,-1,-1
2024-10-29T13:08:20.264-04:00,IdeState,Active,Project,*,-1,-1
2024-10-29T13:08:21.270-04:00,IdeState,Active,Project,*,-1,-1
2024-10-29T13:08:22.296-04:00,IdeState,Active,Project,*,-1,-1
2024-10-29T13:08:23.404-04:00,IdeState,Active,Project,*,-1,-1
2024-10-29T13:08:24.411-04:00,IdeState,Active,Project,*,-1,-1
2024-10-29T13:08:25.414-04:00,IdeState,Active,Project,*,-1,-1
2024-10-29T13:08:26.430-04:00,IdeState,Active,Project,*,-1,-1
2024-10-29T13:08:27.439-04:00,IdeState,Active,Project,*,-1,-1
2024-10-29T13:08:28.451-04:00,IdeState,Active,Project,*,-1,-1
2024-10-29T13:08:29.460-04:00,IdeState,Active,Project,*,-1,-1
2024-10-29T13:08:30.471-04:00,IdeState,Active,Project,*,-1,-1
2024-10-29T13:08:31.479-04:00,IdeState,Active,Project,*,-1,-1
2024-10-29T13:08:32.488-04:00,IdeState,Active,Project,*,-1,-1
2024-10-29T13:08:33.501-04:00,IdeState,Active,Project,*,-1,-1
2024-10-29T13:08:34.513-04:00,IdeState,Active,Project,*,-1,-1
2024-10-29T13:08:35.645-04:00,IdeState,Active,Project,*,-1,-1
2024-10-29T13:08:36.659-04:00,IdeState,Active,Project,*,-1,-1
2024-10-29T13:08:37.672-04:00,IdeState,Active,Project,*,-1,-1
2024-10-29T13:08:38.689-04:00,IdeState,Active,Project,*,-1,-1
2024-10-29T13:08:39.703-04:00,IdeState,Active,Project,*,-1,-1
2024-10-29T13:08:40.706-04:00,IdeState,Active,Project,*,-1,-1
2024-10-29T13:08:41.721-04:00,IdeState,Active,Project,*,-1,-1
2024-10-29T13:08:42.736-04:00,IdeState,Active,Project,*,-1,-1
2024-10-29T13:08:43.750-04:00,IdeState,Active,Project,*,-1,-1
2024-10-29T13:08:44.763-04:00,IdeState,Active,Project,*,-1,-1
2024-10-29T13:08:45.775-04:00,IdeState,Active,Project,*,-1,-1
2024-10-29T13:08:46.784-04:00,IdeState,Active,Project,*,-1,-1
2024-10-29T13:08:47.795-04:00,IdeState,Active,Project,*,-1,-1
2024-10-29T13:08:48.812-04:00,IdeState,Active,Project,*,-1,-1
2024-10-29T13:08:49.820-04:00,IdeState,Active,Project,*,-1,-1
2024-10-29T13:08:50.834-04:00,IdeState,Active,Project,*,-1,-1
2024-10-29T13:08:51.850-04:00,IdeState,Active,Project,*,-1,-1
2024-10-29T13:08:52.859-04:00,IdeState,Active,Project,*,-1,-1
2024-10-29T13:08:53.873-04:00,IdeState,Active,Project,*,-1,-1
2024-10-29T13:08:54.886-04:00,IdeState,Active,Project,*,-1,-1
2024-10-29T13:08:55.896-04:00,IdeState,Active,Project,*,-1,-1
2024-10-29T13:08:56.908-04:00,IdeState,Active,Project,*,-1,-1
2024-10-29T13:08:57.916-04:00,IdeState,Active,Project,*,-1,-1
2024-10-29T13:08:58.925-04:00,IdeState,Active,Project,*,-1,-1
2024-10-29T13:08:59.938-04:00,IdeState,Active,Project,*,-1,-1
2024-10-29T13:09:00.963-04:00,IdeState,Active,Project,*,-1,-1
2024-10-29T13:09:01.977-04:00,IdeState,Active,Project,*,-1,-1
2024-10-29T13:09:02.992-04:00,IdeState,Active,Project,*,-1,-1
2024-10-29T13:09:04.014-04:00,IdeState,Active,Project,*,-1,-1
2024-10-29T13:09:05.020-04:00,IdeState,Active,Project,*,-1,-1
2024-10-29T13:09:06.038-04:00,IdeState,Active,Project,*,-1,-1
2024-10-29T13:09:07.052-04:00,IdeState,Active,Project,*,-1,-1
2024-10-29T13:09:08.068-04:00,IdeState,Active,Project,*,-1,-1
2024-10-29T13:09:09.080-04:00,IdeState,Active,Project,*,-1,-1
2024-10-29T13:09:10.095-04:00,IdeState,Active,Project,*,-1,-1
2024-10-29T13:09:11.107-04:00,IdeState,Active,Project,*,-1,-1
2024-10-29T13:09:12.122-04:00,IdeState,Active,Project,*,-1,-1
2024-10-29T13:09:13.132-04:00,IdeState,Active,Project,*,-1,-1
2024-10-29T13:09:14.147-04:00,IdeState,Active,Project,*,-1,-1
2024-10-29T13:09:15.163-04:00,IdeState,Active,Project,*,-1,-1
2024-10-29T13:09:16.180-04:00,IdeState,Active,Project,*,-1,-1
2024-10-29T13:09:17.197-04:00,IdeState,Active,Project,*,-1,-1
2024-10-29T13:09:18.215-04:00,IdeState,Active,Project,*,-1,-1
2024-10-29T13:09:19.225-04:00,IdeState,Active,Project,*,-1,-1
2024-10-29T13:09:20.259-04:00,IdeState,Active,Project,*,-1,-1
2024-10-29T13:09:21.263-04:00,IdeState,Active,Project,*,-1,-1
2024-10-29T13:09:22.278-04:00,IdeState,Active,Project,*,-1,-1
2024-10-29T13:09:23.292-04:00,IdeState,Active,Project,*,-1,-1
2024-10-29T13:09:24.294-04:00,IdeState,Active,Project,*,-1,-1
2024-10-29T13:09:25.305-04:00,IdeState,Active,Project,*,-1,-1
2024-10-29T13:09:26.330-04:00,IdeState,Active,Project,*,-1,-1
2024-10-29T13:09:27.345-04:00,IdeState,Active,Project,*,-1,-1
2024-10-29T13:09:28.360-04:00,IdeState,Active,Project,*,-1,-1
2024-10-29T13:09:29.374-04:00,IdeState,Active,Project,*,-1,-1
2024-10-29T13:09:30.386-04:00,IdeState,Active,Project,*,-1,-1
2024-10-29T13:09:31.449-04:00,IdeState,Active,Project,*,-1,-1
2024-10-29T13:09:32.450-04:00,IdeState,Active,Project,*,-1,-1
2024-10-29T13:09:33.461-04:00,IdeState,Active,Project,*,-1,-1
2024-10-29T13:09:34.474-04:00,IdeState,Active,Project,*,-1,-1
2024-10-29T13:09:35.486-04:00,IdeState,Active,Project,*,-1,-1
2024-10-29T13:09:36.502-04:00,IdeState,Active,Project,*,-1,-1
2024-10-29T13:09:37.580-04:00,IdeState,Active,Project,*,-1,-1
2024-10-29T13:09:38.771-04:00,IdeState,Active,Project,*,-1,-1
2024-10-29T13:09:39.797-04:00,IdeState,Active,Project,*,-1,-1
2024-10-29T13:09:40.801-04:00,IdeState,Active,Project,*,-1,-1
2024-10-29T13:09:41.811-04:00,IdeState,Active,Project,*,-1,-1
2024-10-29T13:09:42.820-04:00,IdeState,Active,Project,*,-1,-1
2024-10-29T13:09:43.831-04:00,IdeState,Active,Project,*,-1,-1
2024-10-29T13:09:44.845-04:00,IdeState,Active,Project,*,-1,-1
2024-10-29T13:09:45.855-04:00,IdeState,Active,Project,*,-1,-1
2024-10-29T13:09:46.868-04:00,IdeState,Active,Project,*,-1,-1
2024-10-29T13:09:47.953-04:00,IdeState,Active,Project,*,-1,-1
2024-10-29T13:09:48.962-04:00,IdeState,Active,Project,*,-1,-1
2024-10-29T13:09:49.973-04:00,IdeState,Active,Project,*,-1,-1
2024-10-29T13:09:50.983-04:00,IdeState,Active,Project,*,-1,-1
2024-10-29T13:09:51.995-04:00,IdeState,Active,Project,*,-1,-1
2024-10-29T13:09:53.008-04:00,IdeState,Active,Project,*,-1,-1
2024-10-29T13:09:54.018-04:00,IdeState,Active,Project,*,-1,-1
2024-10-29T13:09:55.027-04:00,IdeState,Active,Project,*,-1,-1
2024-10-29T13:09:56.038-04:00,IdeState,Active,Project,*,-1,-1
2024-10-29T13:09:57.049-04:00,IdeState,Active,Project,*,-1,-1
2024-10-29T13:09:58.060-04:00,IdeState,Active,Project,*,-1,-1
2024-10-29T13:09:59.072-04:00,IdeState,Active,Project,*,-1,-1
2024-10-29T13:10:00.084-04:00,IdeState,Active,Project,*,-1,-1
2024-10-29T13:10:01.098-04:00,IdeState,Active,Project,*,-1,-1
2024-10-29T13:10:02.107-04:00,IdeState,Active,Project,*,-1,-1
2024-10-29T13:10:03.116-04:00,IdeState,Active,Project,*,-1,-1
2024-10-29T13:10:04.130-04:00,IdeState,Active,Project,*,-1,-1
2024-10-29T13:10:05.136-04:00,IdeState,Active,Project,*,-1,-1
2024-10-29T13:10:06.156-04:00,IdeState,Active,Project,*,-1,-1
2024-10-29T13:10:07.226-04:00,IdeState,Active,Project,*,-1,-1
2024-10-29T13:10:08.235-04:00,IdeState,Active,Project,*,-1,-1
2024-10-29T13:10:09.247-04:00,IdeState,Active,Project,*,-1,-1
2024-10-29T13:10:10.328-04:00,IdeState,Active,Project,*,-1,-1
2024-10-29T13:10:11.347-04:00,IdeState,Active,Project,*,-1,-1
2024-10-29T13:10:12.461-04:00,IdeState,Active,Project,*,-1,-1
2024-10-29T13:10:13.477-04:00,IdeState,Active,Project,*,-1,-1
2024-10-29T13:10:14.490-04:00,IdeState,Active,Project,*,-1,-1
2024-10-29T13:10:15.546-04:00,IdeState,Active,Project,*,-1,-1
2024-10-29T13:10:16.565-04:00,IdeState,Active,Project,*,-1,-1
2024-10-29T13:10:17.605-04:00,IdeState,Active,Project,*,-1,-1
2024-10-29T13:10:18.648-04:00,IdeState,Active,Project,*,-1,-1
2024-10-29T13:10:19.656-04:00,IdeState,Active,Project,*,-1,-1
2024-10-29T13:10:20.753-04:00,IdeState,Active,Project,*,-1,-1
2024-10-29T13:10:21.762-04:00,IdeState,Active,Project,*,-1,-1
2024-10-29T13:10:22.775-04:00,IdeState,Active,Project,*,-1,-1
2024-10-29T13:10:23.791-04:00,IdeState,Active,Project,*,-1,-1
2024-10-29T13:10:24.805-04:00,IdeState,Active,Project,*,-1,-1
2024-10-29T13:10:25.814-04:00,IdeState,Active,Project,*,-1,-1
2024-10-29T13:10:26.825-04:00,IdeState,Active,Project,*,-1,-1
2024-10-29T13:10:27.877-04:00,IdeState,Active,Project,*,-1,-1
2024-10-29T13:10:28.955-04:00,IdeState,Active,Project,*,-1,-1
2024-10-29T13:10:29.971-04:00,IdeState,Active,Project,*,-1,-1
2024-10-29T13:10:30.977-04:00,IdeState,Active,Project,*,-1,-1
2024-10-29T13:10:31.992-04:00,IdeState,Active,Project,*,-1,-1
2024-10-29T13:10:33.037-04:00,IdeState,Active,Project,*,-1,-1
2024-10-29T13:10:34.055-04:00,IdeState,Active,Project,*,-1,-1
2024-10-29T13:10:35.064-04:00,IdeState,Active,Project,*,-1,-1
2024-10-29T13:10:36.081-04:00,IdeState,Active,Project,*,-1,-1
2024-10-29T13:10:37.112-04:00,IdeState,Active,Project,*,-1,-1
2024-10-29T13:10:38.134-04:00,IdeState,Active,Project,*,-1,-1
2024-10-29T13:10:39.152-04:00,IdeState,Active,Project,*,-1,-1
2024-10-29T13:10:40.169-04:00,IdeState,Active,Project,*,-1,-1
2024-10-29T13:10:41.195-04:00,IdeState,Active,Project,*,-1,-1
2024-10-29T13:10:42.217-04:00,IdeState,Active,Project,*,-1,-1
2024-10-29T13:10:43.268-04:00,IdeState,Active,Project,*,-1,-1
2024-10-29T13:10:44.278-04:00,IdeState,Active,Project,*,-1,-1
2024-10-29T13:10:45.289-04:00,IdeState,Active,Project,*,-1,-1
2024-10-29T13:10:46.292-04:00,IdeState,Active,Project,*,-1,-1
2024-10-29T13:10:47.355-04:00,IdeState,Active,Project,*,-1,-1
2024-10-29T13:10:48.370-04:00,IdeState,Active,Project,*,-1,-1
2024-10-29T13:10:49.388-04:00,IdeState,Active,Project,*,-1,-1
2024-10-29T13:10:50.402-04:00,IdeState,Active,Project,*,-1,-1
2024-10-29T13:10:51.417-04:00,IdeState,Active,Project,*,-1,-1
2024-10-29T13:10:52.431-04:00,IdeState,Active,Project,*,-1,-1
2024-10-29T13:10:53.446-04:00,IdeState,Active,Project,*,-1,-1
2024-10-29T13:10:54.460-04:00,IdeState,Active,Project,*,-1,-1
2024-10-29T13:10:55.506-04:00,IdeState,Active,Project,*,-1,-1
2024-10-29T13:10:56.508-04:00,IdeState,Active,Project,*,-1,-1
2024-10-29T13:10:57.546-04:00,IdeState,Active,Project,*,-1,-1
2024-10-29T13:10:58.559-04:00,IdeState,Active,Project,*,-1,-1
2024-10-29T13:10:59.569-04:00,IdeState,Active,Project,*,-1,-1
2024-10-29T13:11:00.571-04:00,IdeState,Active,Project,*,-1,-1
2024-10-29T13:11:01.575-04:00,IdeState,Active,Project,*,-1,-1
2024-10-29T13:11:02.591-04:00,IdeState,Active,Project,*,-1,-1
2024-10-29T13:11:03.607-04:00,IdeState,Active,Project,*,-1,-1
2024-10-29T13:11:04.618-04:00,IdeState,Active,Project,*,-1,-1
2024-10-29T13:11:05.646-04:00,IdeState,Active,Project,*,-1,-1
2024-10-29T13:11:06.664-04:00,IdeState,Active,Project,*,-1,-1
2024-10-29T13:11:07.667-04:00,IdeState,Active,Project,*,-1,-1
2024-10-29T13:11:08.691-04:00,IdeState,Active,Project,*,-1,-1
2024-10-29T13:11:09.700-04:00,IdeState,Active,Project,*,-1,-1
2024-10-29T13:11:10.729-04:00,IdeState,Active,Project,*,-1,-1
2024-10-29T13:11:11.750-04:00,IdeState,Active,Project,*,-1,-1
2024-10-29T13:11:12.762-04:00,IdeState,Active,Project,*,-1,-1
2024-10-29T13:11:13.773-04:00,IdeState,Active,Project,*,-1,-1
2024-10-29T13:11:14.827-04:00,IdeState,Active,Project,*,-1,-1
2024-10-29T13:11:15.836-04:00,IdeState,Active,Project,*,-1,-1
2024-10-29T13:11:16.853-04:00,IdeState,Active,Project,*,-1,-1
2024-10-29T13:11:17.868-04:00,IdeState,Active,Project,*,-1,-1
2024-10-29T13:11:18.882-04:00,IdeState,Active,Project,*,-1,-1
2024-10-29T13:11:19.893-04:00,IdeState,Active,Project,*,-1,-1
2024-10-29T13:11:20.900-04:00,IdeState,Active,Project,*,-1,-1
2024-10-29T13:11:21.909-04:00,IdeState,Active,Project,*,-1,-1
2024-10-29T13:11:22.912-04:00,IdeState,Active,Project,*,-1,-1
2024-10-29T13:11:23.963-04:00,IdeState,Active,Project,*,-1,-1
2024-10-29T13:11:24.975-04:00,IdeState,Active,Project,*,-1,-1
2024-10-29T13:11:25.986-04:00,IdeState,Active,Project,*,-1,-1
2024-10-29T13:11:27.008-04:00,IdeState,Active,Project,*,-1,-1
2024-10-29T13:11:28.023-04:00,IdeState,Active,Project,*,-1,-1
2024-10-29T13:11:29.036-04:00,IdeState,Active,Project,*,-1,-1
2024-10-29T13:11:30.039-04:00,IdeState,Active,Project,*,-1,-1
2024-10-29T13:11:31.055-04:00,IdeState,Active,Project,*,-1,-1
2024-10-29T13:11:32.071-04:00,IdeState,Active,Project,*,-1,-1
2024-10-29T13:11:33.086-04:00,IdeState,Active,Project,*,-1,-1
2024-10-29T13:11:34.094-04:00,IdeState,Active,Project,*,-1,-1
2024-10-29T13:11:35.108-04:00,IdeState,Active,Project,*,-1,-1
2024-10-29T13:11:36.124-04:00,IdeState,Active,Project,*,-1,-1
2024-10-29T13:11:37.135-04:00,IdeState,Active,Project,*,-1,-1
2024-10-29T13:11:38.151-04:00,IdeState,Active,Project,*,-1,-1
2024-10-29T13:11:39.165-04:00,IdeState,Active,Project,*,-1,-1
2024-10-29T13:11:40.181-04:00,IdeState,Active,Project,*,-1,-1
2024-10-29T13:11:41.190-04:00,IdeState,Active,Project,*,-1,-1
2024-10-29T13:11:42.195-04:00,IdeState,Active,Project,*,-1,-1
2024-10-29T13:11:43.211-04:00,IdeState,Active,Project,*,-1,-1
2024-10-29T13:11:44.224-04:00,IdeState,Active,Project,*,-1,-1
2024-10-29T13:11:45.227-04:00,IdeState,Active,Project,*,-1,-1
2024-10-29T13:11:46.230-04:00,IdeState,Active,Project,*,-1,-1
2024-10-29T13:11:47.235-04:00,IdeState,Active,Project,*,-1,-1
2024-10-29T13:11:48.245-04:00,IdeState,Active,Project,*,-1,-1
2024-10-29T13:11:49.262-04:00,IdeState,Active,Project,*,-1,-1
2024-10-29T13:11:50.275-04:00,IdeState,Active,Project,*,-1,-1
2024-10-29T13:11:51.283-04:00,IdeState,Active,Project,*,-1,-1
2024-10-29T13:11:52.298-04:00,IdeState,Active,Project,*,-1,-1
2024-10-29T13:11:53.311-04:00,IdeState,Active,Project,*,-1,-1
2024-10-29T13:11:54.333-04:00,IdeState,Active,Project,*,-1,-1
2024-10-29T13:11:55.341-04:00,IdeState,Active,Project,*,-1,-1
2024-10-29T13:11:56.355-04:00,IdeState,Active,Project,*,-1,-1
2024-10-29T13:11:57.367-04:00,IdeState,Active,Project,*,-1,-1
2024-10-29T13:11:58.384-04:00,IdeState,Active,Project,*,-1,-1
2024-10-29T13:11:59.398-04:00,IdeState,Active,Project,*,-1,-1
2024-10-29T13:12:00.412-04:00,IdeState,Active,Project,*,-1,-1
2024-10-29T13:12:01.423-04:00,IdeState,Active,Project,*,-1,-1
2024-10-29T13:12:02.426-04:00,IdeState,Active,Project,*,-1,-1
2024-10-29T13:12:03.427-04:00,IdeState,Active,Project,*,-1,-1
2024-10-29T13:12:04.441-04:00,IdeState,Active,Project,*,-1,-1
2024-10-29T13:12:05.458-04:00,IdeState,Active,Project,*,-1,-1
2024-10-29T13:12:06.471-04:00,IdeState,Active,Project,*,-1,-1
2024-10-29T13:12:07.488-04:00,IdeState,Active,Project,*,-1,-1
2024-10-29T13:12:08.490-04:00,IdeState,Active,Project,*,-1,-1
2024-10-29T13:12:09.501-04:00,IdeState,Active,Project,*,-1,-1
2024-10-29T13:12:10.505-04:00,IdeState,Active,Project,*,-1,-1
2024-10-29T13:12:11.520-04:00,IdeState,Active,Project,*,-1,-1
2024-10-29T13:12:12.522-04:00,IdeState,Active,Project,*,-1,-1
2024-10-29T13:12:13.536-04:00,IdeState,Active,Project,*,-1,-1
2024-10-29T13:12:14.550-04:00,IdeState,Active,Project,*,-1,-1
2024-10-29T13:12:15.597-04:00,IdeState,Active,Project,*,-1,-1
2024-10-29T13:12:16.696-04:00,IdeState,Active,Project,*,-1,-1
2024-10-29T13:12:17.703-04:00,IdeState,Active,Project,*,-1,-1
2024-10-29T13:12:18.822-04:00,IdeState,Active,Project,*,-1,-1
2024-10-29T13:12:19.944-04:00,IdeState,Active,Project,*,-1,-1
2024-10-29T13:12:20.961-04:00,IdeState,Active,Project,*,-1,-1
2024-10-29T13:12:21.970-04:00,IdeState,Active,Project,*,-1,-1
2024-10-29T13:12:22.980-04:00,IdeState,Active,Project,*,-1,-1
2024-10-29T13:12:23.996-04:00,IdeState,Active,Project,*,-1,-1
2024-10-29T13:12:25.013-04:00,IdeState,Active,Project,*,-1,-1
2024-10-29T13:12:26.022-04:00,IdeState,Active,Project,*,-1,-1
2024-10-29T13:12:27.035-04:00,IdeState,Active,Project,*,-1,-1
2024-10-29T13:12:28.051-04:00,IdeState,Active,Project,*,-1,-1
2024-10-29T13:12:29.065-04:00,IdeState,Active,Project,*,-1,-1
2024-10-29T13:12:30.080-04:00,IdeState,Active,Project,*,-1,-1
2024-10-29T13:12:31.091-04:00,IdeState,Active,Project,*,-1,-1
2024-10-29T13:12:32.096-04:00,IdeState,Active,Project,*,-1,-1
2024-10-29T13:12:33.110-04:00,IdeState,Active,Project,*,-1,-1
2024-10-29T13:12:34.122-04:00,IdeState,Active,Project,*,-1,-1
2024-10-29T13:12:35.139-04:00,IdeState,Active,Project,*,-1,-1
2024-10-29T13:12:36.145-04:00,IdeState,Active,Project,*,-1,-1
2024-10-29T13:12:37.154-04:00,IdeState,Active,Project,*,-1,-1
2024-10-29T13:12:38.164-04:00,IdeState,Active,Project,*,-1,-1
2024-10-29T13:12:39.178-04:00,IdeState,Active,Project,*,-1,-1
2024-10-29T13:12:40.189-04:00,IdeState,Active,Project,*,-1,-1
2024-10-29T13:12:41.198-04:00,IdeState,Active,Project,*,-1,-1
2024-10-29T13:12:42.214-04:00,IdeState,Active,Project,*,-1,-1
2024-10-29T13:12:43.227-04:00,IdeState,Active,Project,*,-1,-1
2024-10-29T13:12:44.239-04:00,IdeState,Active,Project,*,-1,-1
2024-10-29T13:12:45.247-04:00,IdeState,Active,Project,*,-1,-1
2024-10-29T13:12:46.258-04:00,IdeState,Active,Project,*,-1,-1
2024-10-29T13:12:47.271-04:00,IdeState,Active,Project,*,-1,-1
2024-10-29T13:12:48.331-04:00,IdeState,Active,Project,*,-1,-1
2024-10-29T13:12:49.373-04:00,IdeState,Active,Project,*,-1,-1
2024-10-29T13:12:50.380-04:00,IdeState,Active,Project,*,-1,-1
2024-10-29T13:12:51.391-04:00,IdeState,Active,Project,*,-1,-1
2024-10-29T13:12:52.407-04:00,IdeState,Active,Project,*,-1,-1
2024-10-29T13:12:53.423-04:00,IdeState,Active,Project,*,-1,-1
2024-10-29T13:12:54.440-04:00,IdeState,Active,Project,*,-1,-1
2024-10-29T13:12:55.451-04:00,IdeState,Active,Project,*,-1,-1
2024-10-29T13:12:56.465-04:00,IdeState,Active,Project,*,-1,-1
2024-10-29T13:12:57.477-04:00,IdeState,Active,Project,*,-1,-1
2024-10-29T13:12:58.488-04:00,IdeState,Active,Project,*,-1,-1
2024-10-29T13:12:59.503-04:00,IdeState,Active,Project,*,-1,-1
2024-10-29T13:13:00.518-04:00,IdeState,Active,Project,*,-1,-1
2024-10-29T13:13:01.530-04:00,IdeState,Active,Project,*,-1,-1
2024-10-29T13:13:02.543-04:00,IdeState,Active,Project,*,-1,-1
2024-10-29T13:13:03.556-04:00,IdeState,Active,Project,*,-1,-1
2024-10-29T13:13:04.587-04:00,IdeState,Active,Project,*,-1,-1
2024-10-29T13:13:05.616-04:00,IdeState,Active,Project,*,-1,-1
2024-10-29T13:13:06.624-04:00,IdeState,Active,Project,*,-1,-1
2024-10-29T13:13:07.634-04:00,IdeState,Active,Project,*,-1,-1
2024-10-29T13:13:08.656-04:00,IdeState,Active,Project,*,-1,-1
2024-10-29T13:13:09.664-04:00,IdeState,Active,Project,*,-1,-1
2024-10-29T13:13:10.676-04:00,IdeState,Active,Project,*,-1,-1
2024-10-29T13:13:11.968-04:00,IdeState,Active,Project,*,-1,-1
2024-10-29T13:13:12.999-04:00,IdeState,Active,Project,*,-1,-1
2024-10-29T13:13:14.009-04:00,IdeState,Active,Project,*,-1,-1
2024-10-29T13:13:15.011-04:00,IdeState,Active,Project,*,-1,-1
2024-10-29T13:13:16.032-04:00,IdeState,Active,Project,*,-1,-1
2024-10-29T13:13:17.049-04:00,IdeState,Active,Project,*,-1,-1
2024-10-29T13:13:18.052-04:00,IdeState,Active,Project,*,-1,-1
2024-10-29T13:13:19.066-04:00,IdeState,Active,Project,*,-1,-1
2024-10-29T13:13:20.068-04:00,IdeState,Active,Project,*,-1,-1
2024-10-29T13:13:21.084-04:00,IdeState,Active,Project,*,-1,-1
2024-10-29T13:13:22.099-04:00,IdeState,Active,Project,*,-1,-1
2024-10-29T13:13:23.167-04:00,IdeState,Active,Project,*,-1,-1
2024-10-29T13:13:24.206-04:00,IdeState,Active,Project,*,-1,-1
2024-10-29T13:13:25.218-04:00,IdeState,Active,Project,*,-1,-1
2024-10-29T13:13:26.228-04:00,IdeState,Active,Project,*,-1,-1
2024-10-29T13:13:27.237-04:00,IdeState,Active,Project,*,-1,-1
2024-10-29T13:13:28.250-04:00,IdeState,Active,Project,*,-1,-1
2024-10-29T13:13:29.268-04:00,IdeState,Active,Project,*,-1,-1
2024-10-29T13:13:30.293-04:00,IdeState,Active,Project,*,-1,-1
2024-10-29T13:13:31.298-04:00,IdeState,Active,Project,*,-1,-1
2024-10-29T13:13:32.302-04:00,IdeState,Active,Project,*,-1,-1
2024-10-29T13:13:33.311-04:00,IdeState,Active,Project,*,-1,-1
2024-10-29T13:13:34.322-04:00,IdeState,Active,Project,*,-1,-1
2024-10-29T13:13:35.328-04:00,IdeState,Active,Project,*,-1,-1
2024-10-29T13:13:36.351-04:00,IdeState,Active,Project,*,-1,-1
2024-10-29T13:13:37.353-04:00,IdeState,Active,Project,*,-1,-1
2024-10-29T13:13:38.367-04:00,IdeState,Active,Project,*,-1,-1
2024-10-29T13:13:39.379-04:00,IdeState,Active,Project,*,-1,-1
2024-10-29T13:13:40.383-04:00,IdeState,Active,Project,*,-1,-1
2024-10-29T13:13:41.395-04:00,IdeState,Active,Project,*,-1,-1
2024-10-29T13:13:42.406-04:00,IdeState,Active,Project,*,-1,-1
2024-10-29T13:13:43.417-04:00,IdeState,Active,Project,*,-1,-1
2024-10-29T13:13:44.428-04:00,IdeState,Active,Project,*,-1,-1
2024-10-29T13:13:45.436-04:00,IdeState,Active,Project,*,-1,-1
2024-10-29T13:13:46.443-04:00,IdeState,Active,Project,*,-1,-1
2024-10-29T13:13:47.455-04:00,IdeState,Active,Project,*,-1,-1
2024-10-29T13:13:48.471-04:00,IdeState,Active,Project,*,-1,-1
2024-10-29T13:13:49.496-04:00,IdeState,Active,Project,*,-1,-1
2024-10-29T13:13:50.501-04:00,IdeState,Active,Project,*,-1,-1
2024-10-29T13:13:51.518-04:00,IdeState,Active,Project,*,-1,-1
2024-10-29T13:13:52.579-04:00,IdeState,Active,Project,*,-1,-1
2024-10-29T13:13:53.596-04:00,IdeState,Active,Project,*,-1,-1
2024-10-29T13:13:54.613-04:00,IdeState,Active,Project,*,-1,-1
2024-10-29T13:13:55.622-04:00,IdeState,Active,Project,*,-1,-1
2024-10-29T13:13:56.632-04:00,IdeState,Active,Project,*,-1,-1
2024-10-29T13:13:57.637-04:00,IdeState,Active,Project,*,-1,-1
2024-10-29T13:13:58.649-04:00,IdeState,Active,Project,*,-1,-1
2024-10-29T13:13:59.670-04:00,IdeState,Active,Project,*,-1,-1
2024-10-29T13:14:00.678-04:00,IdeState,Active,Project,*,-1,-1
2024-10-29T13:14:01.693-04:00,IdeState,Active,Project,*,-1,-1
2024-10-29T13:14:02.695-04:00,IdeState,Active,Project,*,-1,-1
2024-10-29T13:14:03.711-04:00,IdeState,Active,Project,*,-1,-1
2024-10-29T13:14:04.719-04:00,IdeState,Active,Project,*,-1,-1
2024-10-29T13:14:05.728-04:00,IdeState,Active,Project,*,-1,-1
2024-10-29T13:14:06.739-04:00,IdeState,Active,Project,*,-1,-1
2024-10-29T13:14:07.748-04:00,IdeState,Active,Project,*,-1,-1
2024-10-29T13:14:08.750-04:00,IdeState,Active,Project,*,-1,-1
2024-10-29T13:14:09.766-04:00,IdeState,Active,Project,*,-1,-1
2024-10-29T13:14:10.777-04:00,IdeState,Active,Project,*,-1,-1
2024-10-29T13:14:11.786-04:00,IdeState,Active,Project,*,-1,-1
2024-10-29T13:14:12.790-04:00,IdeState,Active,Project,*,-1,-1
2024-10-29T13:14:13.802-04:00,IdeState,Active,Project,*,-1,-1
2024-10-29T13:14:14.813-04:00,IdeState,Active,Project,*,-1,-1
2024-10-29T13:14:15.821-04:00,IdeState,Active,Project,*,-1,-1
2024-10-29T13:14:16.837-04:00,IdeState,Active,Project,*,-1,-1
2024-10-29T13:14:17.849-04:00,IdeState,Active,Project,*,-1,-1
2024-10-29T13:14:18.862-04:00,IdeState,Active,Project,*,-1,-1
2024-10-29T13:14:19.878-04:00,IdeState,Active,Project,*,-1,-1
2024-10-29T13:14:20.883-04:00,IdeState,Active,Project,*,-1,-1
2024-10-29T13:14:21.884-04:00,IdeState,Active,Project,*,-1,-1
2024-10-29T13:14:22.888-04:00,IdeState,Active,Project,*,-1,-1
2024-10-29T13:14:23.900-04:00,IdeState,Active,Project,*,-1,-1
2024-10-29T13:14:25.009-04:00,IdeState,Active,Project,*,-1,-1
2024-10-29T13:14:26.023-04:00,IdeState,Active,Project,*,-1,-1
2024-10-29T13:14:27.032-04:00,IdeState,Active,Project,*,-1,-1
2024-10-29T13:14:28.045-04:00,IdeState,Active,Project,*,-1,-1
2024-10-29T13:14:29.060-04:00,IdeState,Active,Project,*,-1,-1
2024-10-29T13:14:30.070-04:00,IdeState,Active,Project,*,-1,-1
2024-10-29T13:14:31.080-04:00,IdeState,Active,Project,*,-1,-1
2024-10-29T13:14:32.085-04:00,IdeState,Active,Project,*,-1,-1
2024-10-29T13:14:33.098-04:00,IdeState,Active,Project,*,-1,-1
2024-10-29T13:14:34.105-04:00,IdeState,Active,Project,*,-1,-1
2024-10-29T13:14:35.111-04:00,IdeState,Active,Project,*,-1,-1
2024-10-29T13:14:36.122-04:00,IdeState,Active,Project,*,-1,-1
2024-10-29T13:14:37.136-04:00,IdeState,Active,Project,*,-1,-1
2024-10-29T13:14:38.155-04:00,IdeState,Active,Project,*,-1,-1
2024-10-29T13:14:39.166-04:00,IdeState,Active,Project,*,-1,-1
2024-10-29T13:14:40.177-04:00,IdeState,Active,Project,*,-1,-1
2024-10-29T13:14:41.192-04:00,IdeState,Active,Project,*,-1,-1
2024-10-29T13:14:42.200-04:00,IdeState,Active,Project,*,-1,-1
2024-10-29T13:14:43.207-04:00,IdeState,Active,Project,*,-1,-1
2024-10-29T13:14:44.225-04:00,IdeState,Active,Project,*,-1,-1
2024-10-29T13:14:45.230-04:00,IdeState,Active,Project,*,-1,-1
2024-10-29T13:14:46.242-04:00,IdeState,Active,Project,*,-1,-1
2024-10-29T13:14:47.248-04:00,IdeState,Active,Project,*,-1,-1
2024-10-29T13:14:48.255-04:00,IdeState,Active,Project,*,-1,-1
2024-10-29T13:14:49.269-04:00,IdeState,Active,Project,*,-1,-1
2024-10-29T13:14:50.282-04:00,IdeState,Active,Project,*,-1,-1
2024-10-29T13:14:51.292-04:00,IdeState,Active,Project,*,-1,-1
2024-10-29T13:14:52.303-04:00,IdeState,Active,Project,*,-1,-1
2024-10-29T13:14:53.316-04:00,IdeState,Active,Project,*,-1,-1
2024-10-29T13:14:54.329-04:00,IdeState,Active,Project,*,-1,-1
2024-10-29T13:14:55.330-04:00,IdeState,Active,Project,*,-1,-1
2024-10-29T13:14:56.346-04:00,IdeState,Active,Project,*,-1,-1
2024-10-29T13:14:57.360-04:00,IdeState,Active,Project,*,-1,-1
2024-10-29T13:14:58.374-04:00,IdeState,Active,Project,*,-1,-1
2024-10-29T13:14:59.389-04:00,IdeState,Active,Project,*,-1,-1
2024-10-29T13:15:00.391-04:00,IdeState,Active,Project,*,-1,-1
2024-10-29T13:15:01.403-04:00,IdeState,Active,Project,*,-1,-1
2024-10-29T13:15:02.413-04:00,IdeState,Active,Project,*,-1,-1
2024-10-29T13:15:03.425-04:00,IdeState,Active,Project,*,-1,-1
2024-10-29T13:15:04.438-04:00,IdeState,Active,Project,*,-1,-1
2024-10-29T13:15:05.449-04:00,IdeState,Active,Project,*,-1,-1
2024-10-29T13:15:06.460-04:00,IdeState,Active,Project,*,-1,-1
2024-10-29T13:15:07.475-04:00,IdeState,Active,Project,*,-1,-1
2024-10-29T13:15:08.486-04:00,IdeState,Active,Project,*,-1,-1
2024-10-29T13:15:09.501-04:00,IdeState,Active,Project,*,-1,-1
2024-10-29T13:15:10.523-04:00,IdeState,Active,Project,*,-1,-1
2024-10-29T13:15:11.532-04:00,IdeState,Active,Project,*,-1,-1
2024-10-29T13:15:12.548-04:00,IdeState,Active,Project,*,-1,-1
2024-10-29T13:15:13.556-04:00,IdeState,Active,Project,*,-1,-1
2024-10-29T13:15:14.565-04:00,IdeState,Active,Project,*,-1,-1
2024-10-29T13:15:15.580-04:00,IdeState,Active,Project,*,-1,-1
2024-10-29T13:15:16.593-04:00,IdeState,Active,Project,*,-1,-1
2024-10-29T13:15:17.604-04:00,IdeState,Active,Project,*,-1,-1
2024-10-29T13:15:18.615-04:00,IdeState,Active,Project,*,-1,-1
2024-10-29T13:15:19.622-04:00,IdeState,Active,Project,*,-1,-1
2024-10-29T13:15:20.636-04:00,IdeState,Active,Project,*,-1,-1
2024-10-29T13:15:21.651-04:00,IdeState,Active,Project,*,-1,-1
2024-10-29T13:15:22.663-04:00,IdeState,Active,Project,*,-1,-1
2024-10-29T13:15:23.680-04:00,IdeState,Active,Project,*,-1,-1
2024-10-29T13:15:24.689-04:00,IdeState,Active,Project,*,-1,-1
2024-10-29T13:15:25.759-04:00,IdeState,Active,Project,*,-1,-1
2024-10-29T13:15:27.294-04:00,IdeState,Active,Project,*,-1,-1
2024-10-29T13:15:28.306-04:00,IdeState,Active,Project,*,-1,-1
2024-10-29T13:15:29.327-04:00,IdeState,Active,Project,*,-1,-1
2024-10-29T13:15:30.329-04:00,IdeState,Active,Project,*,-1,-1
2024-10-29T13:15:31.369-04:00,IdeState,Active,Project,*,-1,-1
2024-10-29T13:15:32.393-04:00,IdeState,Active,Project,*,-1,-1
2024-10-29T13:15:33.409-04:00,IdeState,Active,Project,*,-1,-1
2024-10-29T13:15:34.422-04:00,IdeState,Active,Project,*,-1,-1
2024-10-29T13:15:35.437-04:00,IdeState,Active,Project,*,-1,-1
2024-10-29T13:15:36.442-04:00,IdeState,Active,Project,*,-1,-1
2024-10-29T13:15:37.454-04:00,IdeState,Active,Project,*,-1,-1
2024-10-29T13:15:38.467-04:00,IdeState,Active,Project,*,-1,-1
2024-10-29T13:15:39.470-04:00,IdeState,Active,Project,*,-1,-1
2024-10-29T13:15:40.487-04:00,IdeState,Active,Project,*,-1,-1
2024-10-29T13:15:41.515-04:00,IdeState,Active,Project,*,-1,-1
2024-10-29T13:15:42.527-04:00,IdeState,Active,Project,*,-1,-1
2024-10-29T13:15:43.542-04:00,IdeState,Active,Project,*,-1,-1
2024-10-29T13:15:44.546-04:00,IdeState,Active,Project,*,-1,-1
2024-10-29T13:15:45.563-04:00,IdeState,Active,Project,*,-1,-1
2024-10-29T13:15:46.576-04:00,IdeState,Active,Project,*,-1,-1
2024-10-29T13:15:47.588-04:00,IdeState,Active,Project,*,-1,-1
2024-10-29T13:15:48.599-04:00,IdeState,Active,Project,*,-1,-1
2024-10-29T13:15:49.603-04:00,IdeState,Active,Project,*,-1,-1
2024-10-29T13:15:50.618-04:00,IdeState,Active,Project,*,-1,-1
2024-10-29T13:15:51.622-04:00,IdeState,Active,Project,*,-1,-1
2024-10-29T13:15:52.630-04:00,IdeState,Active,Project,*,-1,-1
2024-10-29T13:15:53.644-04:00,IdeState,Active,Project,*,-1,-1
2024-10-29T13:15:54.717-04:00,IdeState,Active,Project,*,-1,-1
2024-10-29T13:15:55.735-04:00,IdeState,Active,Project,*,-1,-1
2024-10-29T13:15:56.748-04:00,IdeState,Active,Project,*,-1,-1
2024-10-29T13:15:57.977-04:00,IdeState,Active,Project,*,-1,-1
2024-10-29T13:15:59.031-04:00,IdeState,Active,Project,*,-1,-1
2024-10-29T13:16:00.047-04:00,IdeState,Active,Project,*,-1,-1
2024-10-29T13:16:01.109-04:00,IdeState,Active,Project,*,-1,-1
2024-10-29T13:16:02.114-04:00,IdeState,Active,Project,*,-1,-1
2024-10-29T13:16:03.124-04:00,IdeState,Active,Project,*,-1,-1
2024-10-29T13:16:04.135-04:00,IdeState,Active,Project,*,-1,-1
2024-10-29T13:16:05.144-04:00,IdeState,Active,Project,*,-1,-1
2024-10-29T13:16:06.145-04:00,IdeState,Active,Project,*,-1,-1
2024-10-29T13:16:07.155-04:00,IdeState,Active,Project,*,-1,-1
2024-10-29T13:16:08.309-04:00,IdeState,Active,Project,*,-1,-1
2024-10-29T13:16:09.353-04:00,IdeState,Active,Project,*,-1,-1
2024-10-29T13:16:10.363-04:00,IdeState,Active,Project,*,-1,-1
2024-10-29T13:16:11.377-04:00,IdeState,Active,Project,*,-1,-1
2024-10-29T13:16:12.387-04:00,IdeState,Active,Project,*,-1,-1
2024-10-29T13:16:13.390-04:00,IdeState,Active,Project,*,-1,-1
2024-10-29T13:16:14.402-04:00,IdeState,Active,Project,*,-1,-1
2024-10-29T13:16:15.421-04:00,IdeState,Active,Project,*,-1,-1
2024-10-29T13:16:16.432-04:00,IdeState,Active,Project,*,-1,-1
2024-10-29T13:16:17.448-04:00,IdeState,Active,Project,*,-1,-1
2024-10-29T13:16:18.457-04:00,IdeState,Active,Project,*,-1,-1
2024-10-29T13:16:19.566-04:00,IdeState,Active,Project,*,-1,-1
2024-10-29T13:16:20.568-04:00,IdeState,Active,Project,*,-1,-1
2024-10-29T13:16:21.582-04:00,IdeState,Active,Project,*,-1,-1
2024-10-29T13:16:22.594-04:00,IdeState,Active,Project,*,-1,-1
2024-10-29T13:16:23.740-04:00,IdeState,Active,Project,*,-1,-1
2024-10-29T13:16:24.746-04:00,IdeState,Active,Project,*,-1,-1
2024-10-29T13:16:25.752-04:00,IdeState,Active,Project,*,-1,-1
2024-10-29T13:16:26.763-04:00,IdeState,Active,Project,*,-1,-1
2024-10-29T13:16:27.773-04:00,IdeState,Active,Project,*,-1,-1
2024-10-29T13:16:28.782-04:00,IdeState,Active,Project,*,-1,-1
2024-10-29T13:16:29.798-04:00,IdeState,Active,Project,*,-1,-1
2024-10-29T13:16:30.803-04:00,IdeState,Active,Project,*,-1,-1
2024-10-29T13:16:31.816-04:00,IdeState,Active,Project,*,-1,-1
2024-10-29T13:16:32.817-04:00,IdeState,Active,Project,*,-1,-1
2024-10-29T13:16:33.829-04:00,IdeState,Active,Project,*,-1,-1
2024-10-29T13:16:34.843-04:00,IdeState,Active,Project,*,-1,-1
2024-10-29T13:16:35.920-04:00,IdeState,Active,Project,*,-1,-1
2024-10-29T13:16:36.938-04:00,IdeState,Active,Project,*,-1,-1
2024-10-29T13:16:37.947-04:00,IdeState,Active,Project,*,-1,-1
2024-10-29T13:16:38.960-04:00,IdeState,Active,Project,*,-1,-1
2024-10-29T13:16:39.970-04:00,IdeState,Active,Project,*,-1,-1
2024-10-29T13:16:40.986-04:00,IdeState,Active,Project,*,-1,-1
2024-10-29T13:16:41.993-04:00,IdeState,Active,Project,*,-1,-1
2024-10-29T13:16:43.007-04:00,IdeState,Active,Project,*,-1,-1
2024-10-29T13:16:44.015-04:00,IdeState,Active,Project,*,-1,-1
2024-10-29T13:16:45.033-04:00,IdeState,Active,Project,*,-1,-1
2024-10-29T13:16:46.042-04:00,IdeState,Active,Project,*,-1,-1
2024-10-29T13:16:47.056-04:00,IdeState,Active,Project,*,-1,-1
2024-10-29T13:16:48.068-04:00,IdeState,Active,Project,*,-1,-1
2024-10-29T13:16:49.080-04:00,IdeState,Active,Project,*,-1,-1
2024-10-29T13:16:50.091-04:00,IdeState,Active,Project,*,-1,-1
2024-10-29T13:16:51.099-04:00,IdeState,Active,Project,*,-1,-1
2024-10-29T13:16:52.110-04:00,IdeState,Active,Project,*,-1,-1
2024-10-29T13:16:53.141-04:00,IdeState,Active,Project,*,-1,-1
2024-10-29T13:16:54.150-04:00,IdeState,Active,Project,*,-1,-1
2024-10-29T13:16:55.160-04:00,IdeState,Active,Project,*,-1,-1
2024-10-29T13:16:56.169-04:00,IdeState,Active,Project,*,-1,-1
2024-10-29T13:16:57.181-04:00,IdeState,Active,Project,*,-1,-1
2024-10-29T13:16:58.197-04:00,IdeState,Active,Project,*,-1,-1
2024-10-29T13:16:59.208-04:00,IdeState,Active,Project,*,-1,-1
2024-10-29T13:17:00.216-04:00,IdeState,Active,Project,*,-1,-1
2024-10-29T13:17:01.233-04:00,IdeState,Active,Project,*,-1,-1
2024-10-29T13:17:02.577-04:00,IdeState,Active,Project,*,-1,-1
2024-10-29T13:17:03.590-04:00,IdeState,Active,Project,*,-1,-1
2024-10-29T13:17:04.596-04:00,IdeState,Active,Project,*,-1,-1
2024-10-29T13:17:05.606-04:00,IdeState,Active,Project,*,-1,-1
2024-10-29T13:17:06.613-04:00,IdeState,Active,Project,*,-1,-1
2024-10-29T13:17:07.623-04:00,IdeState,Active,Project,*,-1,-1
2024-10-29T13:17:08.635-04:00,IdeState,Active,Project,*,-1,-1
2024-10-29T13:17:09.646-04:00,IdeState,Active,Project,*,-1,-1
2024-10-29T13:17:10.662-04:00,IdeState,Active,Project,*,-1,-1
2024-10-29T13:17:11.680-04:00,IdeState,Active,Project,*,-1,-1
2024-10-29T13:17:12.690-04:00,IdeState,Active,Project,*,-1,-1
2024-10-29T13:17:13.712-04:00,IdeState,Active,Project,*,-1,-1
2024-10-29T13:17:14.714-04:00,IdeState,Active,Project,*,-1,-1
2024-10-29T13:17:15.729-04:00,IdeState,Active,Project,*,-1,-1
2024-10-29T13:17:16.733-04:00,IdeState,Active,Project,*,-1,-1
2024-10-29T13:17:17.768-04:00,IdeState,Active,Project,*,-1,-1
2024-10-29T13:17:18.774-04:00,IdeState,Active,Project,*,-1,-1
2024-10-29T13:17:19.782-04:00,IdeState,Active,Project,*,-1,-1
2024-10-29T13:17:20.796-04:00,IdeState,Active,Project,*,-1,-1
2024-10-29T13:17:21.813-04:00,IdeState,Active,Project,*,-1,-1
2024-10-29T13:17:23.017-04:00,IdeState,Active,Project,*,-1,-1
2024-10-29T13:17:24.025-04:00,IdeState,Active,Project,*,-1,-1
2024-10-29T13:17:25.037-04:00,IdeState,Active,Project,*,-1,-1
2024-10-29T13:17:26.052-04:00,IdeState,Active,Project,*,-1,-1
2024-10-29T13:17:27.065-04:00,IdeState,Active,Project,*,-1,-1
2024-10-29T13:17:28.079-04:00,IdeState,Active,Project,*,-1,-1
2024-10-29T13:17:29.093-04:00,IdeState,Active,Project,*,-1,-1
2024-10-29T13:17:30.105-04:00,IdeState,Active,Project,*,-1,-1
2024-10-29T13:17:31.119-04:00,IdeState,Active,Project,*,-1,-1
2024-10-29T13:17:32.134-04:00,IdeState,Active,Project,*,-1,-1
2024-10-29T13:17:33.146-04:00,IdeState,Active,Project,*,-1,-1
2024-10-29T13:17:34.159-04:00,IdeState,Active,Project,*,-1,-1
2024-10-29T13:17:35.176-04:00,IdeState,Active,Project,*,-1,-1
2024-10-29T13:17:36.185-04:00,IdeState,Active,Project,*,-1,-1
2024-10-29T13:17:37.200-04:00,IdeState,Active,Project,*,-1,-1
2024-10-29T13:17:38.206-04:00,IdeState,Active,Project,*,-1,-1
2024-10-29T13:17:39.246-04:00,IdeState,Active,Project,*,-1,-1
2024-10-29T13:17:40.260-04:00,IdeState,Active,Project,*,-1,-1
2024-10-29T13:17:41.264-04:00,IdeState,Active,Project,*,-1,-1
2024-10-29T13:17:42.267-04:00,IdeState,Active,Project,*,-1,-1
2024-10-29T13:17:43.274-04:00,IdeState,Active,Project,*,-1,-1
2024-10-29T13:17:44.294-04:00,IdeState,Active,Project,*,-1,-1
2024-10-29T13:17:45.297-04:00,IdeState,Active,Project,*,-1,-1
2024-10-29T13:17:46.304-04:00,IdeState,Active,Project,*,-1,-1
2024-10-29T13:17:47.315-04:00,IdeState,Active,Project,*,-1,-1
2024-10-29T13:17:48.319-04:00,IdeState,Active,Project,*,-1,-1
2024-10-29T13:17:49.329-04:00,IdeState,Active,Project,*,-1,-1
2024-10-29T13:17:50.342-04:00,IdeState,Active,Project,*,-1,-1
2024-10-29T13:17:51.354-04:00,IdeState,Active,Project,*,-1,-1
2024-10-29T13:17:52.362-04:00,IdeState,Active,Project,*,-1,-1
2024-11-01T09:29:25.028-04:00,IdeState,Inactive,,*,-1,-1
2024-11-01T09:29:26.131-04:00,IdeState,Inactive,,*,-1,-1
2024-11-01T09:29:27.158-04:00,IdeState,Inactive,,*,-1,-1
2024-11-01T09:29:28.171-04:00,IdeState,Inactive,,*,-1,-1
2024-11-01T09:29:29.210-04:00,IdeState,Inactive,,*,-1,-1
2024-11-01T09:29:30.215-04:00,IdeState,Inactive,,*,-1,-1
2024-11-01T09:29:31.231-04:00,IdeState,Inactive,,*,-1,-1
2024-11-01T09:29:32.242-04:00,IdeState,Inactive,,*,-1,-1
2024-11-01T09:29:33.566-04:00,IdeState,NoProject,,*,-1,-1
2024-11-01T09:29:34.572-04:00,IdeState,Active,Popup,*,-1,-1
2024-11-01T09:29:36.591-04:00,IdeState,Active,Popup,*,-1,-1
2024-11-01T09:29:38.721-04:00,IdeState,Active,Popup,*,-1,-1
2024-11-01T09:29:39.762-04:00,IdeState,Active,Project,*,-1,-1
2024-11-01T09:29:41.318-04:00,IdeState,Active,Project,*,-1,-1
2024-11-01T09:29:42.462-04:00,IdeState,Active,Project,*,-1,-1
2024-11-01T09:29:43.483-04:00,IdeState,Active,Project,*,-1,-1
2024-11-01T09:29:44.508-04:00,IdeState,Active,Project,*,-1,-1
2024-11-01T09:29:45.523-04:00,IdeState,Active,Project,*,-1,-1
2024-11-01T09:29:46.573-04:00,IdeState,Inactive,,*,-1,-1
2024-11-01T09:29:47.575-04:00,IdeState,Inactive,,*,-1,-1
2024-11-01T09:29:48.577-04:00,IdeState,Inactive,,*,-1,-1
2024-11-01T09:29:49.578-04:00,IdeState,Inactive,,*,-1,-1
2024-11-01T09:29:50.579-04:00,IdeState,Inactive,,*,-1,-1
2024-11-01T09:29:51.585-04:00,IdeState,Inactive,,*,-1,-1
2024-11-01T09:29:52.586-04:00,IdeState,Inactive,,*,-1,-1
2024-11-01T09:29:53.590-04:00,IdeState,Inactive,,*,-1,-1
2024-11-01T09:29:54.597-04:00,IdeState,Inactive,,*,-1,-1
2024-11-01T09:29:55.612-04:00,IdeState,Inactive,,*,-1,-1
2024-11-01T09:29:56.621-04:00,IdeState,Inactive,,*,-1,-1
2024-11-01T09:29:57.631-04:00,IdeState,Inactive,,*,-1,-1
2024-11-01T09:29:58.641-04:00,IdeState,Active,Project,*,-1,-1
2024-11-01T09:29:59.651-04:00,IdeState,Active,Project,*,-1,-1
2024-11-01T09:30:00.665-04:00,IdeState,Active,Project,*,-1,-1
2024-11-01T09:30:01.679-04:00,IdeState,Active,Project,*,-1,-1
2024-11-01T09:30:02.685-04:00,IdeState,Active,Project,*,-1,-1
2024-11-01T09:30:03.698-04:00,IdeState,Inactive,,*,-1,-1
2024-11-01T09:30:04.698-04:00,IdeState,Inactive,,*,-1,-1
2024-11-01T09:30:05.699-04:00,IdeState,Inactive,,*,-1,-1
2024-11-01T09:30:06.702-04:00,IdeState,Inactive,,*,-1,-1
2024-11-01T09:30:07.704-04:00,IdeState,Inactive,,*,-1,-1
2024-11-01T09:30:09.385-04:00,IdeState,Inactive,,*,-1,-1
2024-11-01T09:30:10.443-04:00,IdeState,Inactive,,*,-1,-1
2024-11-01T09:30:11.455-04:00,IdeState,Inactive,,*,-1,-1
2024-11-01T09:30:12.546-04:00,IdeState,Inactive,,*,-1,-1
2024-11-01T09:30:13.549-04:00,IdeState,Inactive,,*,-1,-1
2024-11-01T09:30:14.560-04:00,IdeState,Inactive,,*,-1,-1
2024-11-01T09:30:15.570-04:00,IdeState,Inactive,,*,-1,-1
2024-11-01T09:30:16.583-04:00,IdeState,Inactive,,*,-1,-1
2024-11-01T09:30:17.604-04:00,IdeState,Inactive,,*,-1,-1
2024-11-01T09:30:18.612-04:00,IdeState,Inactive,,*,-1,-1
2024-11-01T09:30:19.618-04:00,IdeState,Inactive,,*,-1,-1
2024-11-01T09:30:20.626-04:00,IdeState,Inactive,,*,-1,-1
2024-11-01T09:30:21.634-04:00,IdeState,Inactive,,*,-1,-1
2024-11-01T09:30:22.646-04:00,IdeState,Inactive,,*,-1,-1
2024-11-01T09:30:23.658-04:00,IdeState,Inactive,,*,-1,-1
2024-11-01T09:30:24.673-04:00,IdeState,Inactive,,*,-1,-1
2024-11-01T09:30:25.686-04:00,IdeState,Inactive,,*,-1,-1
2024-11-01T09:30:26.698-04:00,IdeState,Inactive,,*,-1,-1
2024-11-01T09:30:27.707-04:00,IdeState,Inactive,,*,-1,-1
2024-11-01T09:30:28.727-04:00,IdeState,Inactive,,*,-1,-1
2024-11-01T09:30:29.729-04:00,IdeState,Inactive,,*,-1,-1
2024-11-01T09:30:30.739-04:00,IdeState,Inactive,,*,-1,-1
2024-11-01T09:30:31.744-04:00,IdeState,Inactive,,*,-1,-1
2024-11-01T09:30:32.755-04:00,IdeState,Inactive,,*,-1,-1
2024-11-01T09:30:33.769-04:00,IdeState,Inactive,,*,-1,-1
2024-11-01T09:30:34.775-04:00,IdeState,Inactive,,*,-1,-1
2024-11-01T09:30:35.788-04:00,IdeState,Inactive,,*,-1,-1
2024-11-01T09:30:36.797-04:00,IdeState,Inactive,,*,-1,-1
2024-11-01T09:30:37.800-04:00,IdeState,Inactive,,*,-1,-1
2024-11-01T09:30:38.802-04:00,IdeState,Inactive,,*,-1,-1
2024-11-01T09:30:39.810-04:00,IdeState,Inactive,,*,-1,-1
2024-11-01T09:30:40.825-04:00,IdeState,Inactive,,*,-1,-1
2024-11-01T09:30:41.841-04:00,IdeState,Inactive,,*,-1,-1
2024-11-01T09:30:42.849-04:00,IdeState,Inactive,,*,-1,-1
2024-11-01T09:30:43.863-04:00,IdeState,Inactive,,*,-1,-1
2024-11-01T09:30:44.879-04:00,IdeState,Inactive,,*,-1,-1
2024-11-01T09:30:45.894-04:00,IdeState,Inactive,,*,-1,-1
2024-11-01T09:30:46.906-04:00,IdeState,Inactive,,*,-1,-1
2024-11-01T09:30:47.909-04:00,IdeState,Inactive,,*,-1,-1
2024-11-01T09:30:48.918-04:00,IdeState,Inactive,,*,-1,-1
2024-11-01T09:30:49.933-04:00,IdeState,Inactive,,*,-1,-1
2024-11-01T09:30:50.948-04:00,IdeState,Inactive,,*,-1,-1
2024-11-01T09:30:51.958-04:00,IdeState,Inactive,,*,-1,-1
2024-11-01T09:30:52.963-04:00,IdeState,Inactive,,*,-1,-1
2024-11-01T09:30:53.966-04:00,IdeState,Inactive,,*,-1,-1
2024-11-01T09:31:06.105-04:00,IdeState,Active,Popup,*,-1,-1
2024-11-01T09:31:07.802-04:00,IdeState,Active,Popup,*,-1,-1
2024-11-01T09:31:09.069-04:00,IdeState,Active,Project,*,-1,-1
2024-11-01T09:31:10.070-04:00,IdeState,Active,Project,*,-1,-1
2024-11-01T09:31:11.081-04:00,IdeState,Active,Project,*,-1,-1
2024-11-01T09:31:12.083-04:00,IdeState,Active,Project,*,-1,-1
2024-11-01T09:31:13.085-04:00,IdeState,Active,Project,*,-1,-1
2024-11-01T09:31:14.086-04:00,IdeState,Active,Project,*,-1,-1
2024-11-01T09:31:15.087-04:00,IdeState,Active,Project,*,-1,-1
2024-11-01T09:31:16.090-04:00,IdeState,Active,Project,*,-1,-1
2024-11-01T09:31:17.091-04:00,IdeState,Active,Project,*,-1,-1
2024-11-01T09:31:18.093-04:00,IdeState,Active,Project,*,-1,-1
2024-11-01T09:31:19.095-04:00,IdeState,Active,Project,*,-1,-1
2024-11-01T09:31:20.102-04:00,IdeState,Active,Project,*,-1,-1
2024-11-01T09:31:21.104-04:00,IdeState,Active,Project,*,-1,-1
2024-11-01T09:31:22.107-04:00,IdeState,Active,Project,*,-1,-1
2024-11-01T09:31:23.109-04:00,IdeState,Active,Project,*,-1,-1
2024-11-01T09:31:24.111-04:00,IdeState,Active,Project,*,-1,-1
2024-11-01T09:31:25.113-04:00,IdeState,Active,Project,*,-1,-1
2024-11-01T09:31:25.200-04:00,Action,SettingsEntryPoint,Project,*,-1,-1
2024-11-01T09:31:26.123-04:00,IdeState,Active,Project,*,-1,-1
2024-11-01T09:31:27.127-04:00,IdeState,Active,Project,*,-1,-1
2024-11-01T09:31:28.129-04:00,IdeState,Active,Project,*,-1,-1
2024-11-01T09:31:29.131-04:00,IdeState,Active,Project,*,-1,-1
2024-11-01T09:31:30.132-04:00,IdeState,Active,Project,*,-1,-1
2024-11-01T09:31:31.133-04:00,IdeState,Active,Project,*,-1,-1
2024-11-01T09:31:32.135-04:00,IdeState,Active,tasktracker,*,-1,-1
2024-11-01T09:31:33.135-04:00,IdeState,Active,tasktracker,*,-1,-1
2024-11-01T09:31:34.137-04:00,IdeState,Active,tasktracker,*,-1,-1
2024-11-01T09:31:35.140-04:00,IdeState,Active,tasktracker,*,-1,-1
2024-11-01T09:31:35.590-04:00,Action,SettingsEntryPoint,tasktracker,*,-1,-1
2024-11-01T09:31:36.140-04:00,IdeState,Active,tasktracker,*,-1,-1
2024-11-01T09:31:37.141-04:00,IdeState,Active,tasktracker,*,-1,-1
2024-11-01T09:31:37.506-04:00,Action,WelcomeScreen.Plugins,,*,-1,-1
2024-11-01T09:31:39.292-04:00,IdeState,Active,Dialog,*,-1,-1
2024-11-01T09:31:40.293-04:00,IdeState,Active,Dialog,*,-1,-1
2024-11-01T09:31:41.294-04:00,IdeState,Active,Dialog,*,-1,-1
2024-11-01T09:31:42.296-04:00,IdeState,Inactive,,*,-1,-1
2024-11-01T09:31:43.342-04:00,IdeState,Active,Dialog,*,-1,-1
2024-11-01T09:31:44.345-04:00,IdeState,Active,Dialog,*,-1,-1
2024-11-01T09:31:45.345-04:00,IdeState,Active,Dialog,*,-1,-1
2024-11-01T09:31:47.089-04:00,IdeState,Inactive,,*,-1,-1
2024-11-01T09:31:48.091-04:00,IdeState,Inactive,,*,-1,-1
2024-11-01T09:31:49.121-04:00,IdeState,Active,Dialog,*,-1,-1
2024-11-01T09:31:50.121-04:00,IdeState,Active,Dialog,*,-1,-1
2024-11-01T09:31:51.122-04:00,IdeState,Active,Dialog,*,-1,-1
2024-11-01T09:31:52.124-04:00,IdeState,Active,Dialog,*,-1,-1
2024-11-01T09:31:53.648-04:00,IdeState,Active,Dialog,*,-1,-1
2024-11-01T09:31:54.649-04:00,IdeState,Active,Dialog,*,-1,-1
2024-11-01T09:31:55.650-04:00,IdeState,Active,Dialog,*,-1,-1
2024-11-01T09:31:56.652-04:00,IdeState,Active,Dialog,*,-1,-1
2024-11-01T09:31:57.652-04:00,IdeState,Active,Dialog,*,-1,-1
2024-11-01T09:31:58.654-04:00,IdeState,Active,Dialog,*,-1,-1
2024-11-01T09:31:59.655-04:00,IdeState,Active,Dialog,*,-1,-1
2024-11-01T09:32:00.656-04:00,IdeState,Active,Dialog,*,-1,-1
2024-11-01T09:32:01.657-04:00,IdeState,Active,Dialog,*,-1,-1
2024-11-01T09:32:02.659-04:00,IdeState,Active,Dialog,*,-1,-1
2024-11-01T09:32:03.661-04:00,IdeState,Active,Dialog,*,-1,-1
2024-11-01T09:32:04.662-04:00,IdeState,Active,Dialog,*,-1,-1
2024-11-01T09:32:18.061-04:00,IdeState,Inactive,,*,-1,-1
2024-11-01T09:32:19.271-04:00,IdeState,Active,Popup,*,-1,-1
2024-11-01T09:32:20.904-04:00,IdeState,Active,Popup,*,-1,-1
2024-11-01T09:32:22.132-04:00,IdeState,Active,Project,*,-1,-1
2024-11-01T09:32:23.190-04:00,IdeState,Active,Project,*,-1,-1
2024-11-01T09:32:24.196-04:00,IdeState,Active,Project,*,-1,-1
2024-11-01T09:32:25.197-04:00,IdeState,Active,Project,*,-1,-1
2024-11-01T09:32:26.199-04:00,IdeState,Active,Project,*,-1,-1
2024-11-01T09:32:27.200-04:00,IdeState,Active,Project,*,-1,-1
2024-11-01T09:32:28.203-04:00,IdeState,Active,Project,*,-1,-1
2024-11-01T09:32:29.205-04:00,IdeState,Active,Project,*,-1,-1
2024-11-01T09:32:30.207-04:00,IdeState,Active,Project,*,-1,-1
2024-11-01T09:32:31.209-04:00,IdeState,Active,Project,*,-1,-1
2024-11-01T09:32:32.210-04:00,IdeState,Inactive,,*,-1,-1
2024-11-01T09:32:33.212-04:00,IdeState,Inactive,,*,-1,-1
2024-11-01T09:32:34.214-04:00,IdeState,Inactive,,*,-1,-1
2024-11-01T09:32:35.215-04:00,IdeState,Inactive,,*,-1,-1
2024-11-01T09:32:36.216-04:00,IdeState,Inactive,,*,-1,-1
2024-11-01T09:32:37.230-04:00,IdeState,Inactive,,*,-1,-1
2024-11-01T09:32:38.252-04:00,IdeState,Inactive,,*,-1,-1
2024-11-01T09:32:39.258-04:00,IdeState,Inactive,,*,-1,-1
2024-11-01T09:32:40.273-04:00,IdeState,Inactive,,*,-1,-1
2024-11-01T09:32:41.287-04:00,IdeState,Inactive,,*,-1,-1
2024-11-01T09:32:42.297-04:00,IdeState,Inactive,,*,-1,-1
2024-11-01T09:32:43.312-04:00,IdeState,Inactive,,*,-1,-1
2024-11-01T09:32:44.326-04:00,IdeState,Inactive,,*,-1,-1
2024-11-01T09:32:45.340-04:00,IdeState,Inactive,,*,-1,-1
2024-11-01T09:32:46.351-04:00,IdeState,Inactive,,*,-1,-1
2024-11-01T09:32:47.364-04:00,IdeState,Inactive,,*,-1,-1
2024-11-01T09:32:48.380-04:00,IdeState,Inactive,,*,-1,-1
2024-11-01T09:32:49.382-04:00,IdeState,Inactive,,*,-1,-1
2024-11-01T09:32:50.393-04:00,IdeState,Inactive,,*,-1,-1
2024-11-01T09:32:51.405-04:00,IdeState,Inactive,,*,-1,-1
2024-11-01T09:32:52.419-04:00,IdeState,Inactive,,*,-1,-1
2024-11-01T09:32:53.423-04:00,IdeState,Inactive,,*,-1,-1
2024-11-01T09:32:54.425-04:00,IdeState,Inactive,,*,-1,-1
2024-11-01T09:32:55.435-04:00,IdeState,Inactive,,*,-1,-1
2024-11-01T09:32:56.442-04:00,IdeState,Inactive,,*,-1,-1
2024-11-01T09:32:57.445-04:00,IdeState,Inactive,,*,-1,-1
2024-11-01T09:32:58.448-04:00,IdeState,Inactive,,*,-1,-1
2024-11-01T09:32:59.455-04:00,IdeState,Inactive,,*,-1,-1
2024-11-01T09:33:00.465-04:00,IdeState,Inactive,,*,-1,-1
2024-11-01T09:33:01.466-04:00,IdeState,Inactive,,*,-1,-1
2024-11-01T09:33:02.479-04:00,IdeState,Inactive,,*,-1,-1
2024-11-01T09:33:03.488-04:00,IdeState,Inactive,,*,-1,-1
2024-11-01T09:33:04.505-04:00,IdeState,Inactive,,*,-1,-1
2024-11-01T09:33:05.519-04:00,IdeState,Inactive,,*,-1,-1
2024-11-01T09:33:06.524-04:00,IdeState,Inactive,,*,-1,-1
2024-11-01T09:33:07.536-04:00,IdeState,Inactive,,*,-1,-1
2024-11-01T09:33:08.552-04:00,IdeState,Inactive,,*,-1,-1
2024-11-01T09:33:09.565-04:00,IdeState,Inactive,,*,-1,-1
2024-11-01T09:33:10.566-04:00,IdeState,Inactive,,*,-1,-1
2024-11-01T09:33:11.582-04:00,IdeState,Inactive,,*,-1,-1
2024-11-01T09:33:12.593-04:00,IdeState,Inactive,,*,-1,-1
2024-11-01T09:33:13.596-04:00,IdeState,Inactive,,*,-1,-1
2024-11-01T09:33:14.601-04:00,IdeState,Inactive,,*,-1,-1
2024-11-01T09:33:15.613-04:00,IdeState,Inactive,,*,-1,-1
2024-11-01T09:33:16.623-04:00,IdeState,Inactive,,*,-1,-1
2024-11-01T09:33:17.637-04:00,IdeState,Inactive,,*,-1,-1
2024-11-01T09:33:18.639-04:00,IdeState,Inactive,,*,-1,-1
2024-11-01T09:33:19.653-04:00,IdeState,Inactive,,*,-1,-1
2024-11-01T09:33:20.657-04:00,IdeState,Inactive,,*,-1,-1
2024-11-01T09:33:21.669-04:00,IdeState,Inactive,,*,-1,-1
2024-11-01T09:33:22.688-04:00,IdeState,Inactive,,*,-1,-1
2024-11-01T09:33:23.704-04:00,IdeState,Inactive,,*,-1,-1
2024-11-01T09:33:24.717-04:00,IdeState,Inactive,,*,-1,-1
2024-11-01T09:33:25.732-04:00,IdeState,Inactive,,*,-1,-1
2024-11-01T09:33:26.772-04:00,IdeState,Inactive,,*,-1,-1
2024-11-01T09:33:27.779-04:00,IdeState,Inactive,,*,-1,-1
2024-11-01T09:33:28.781-04:00,IdeState,Inactive,,*,-1,-1
2024-11-01T09:33:29.791-04:00,IdeState,Inactive,,*,-1,-1
2024-11-01T09:33:30.806-04:00,IdeState,Inactive,,*,-1,-1
2024-11-01T09:33:31.816-04:00,IdeState,Inactive,,*,-1,-1
2024-11-01T09:33:32.824-04:00,IdeState,Inactive,,*,-1,-1
2024-11-01T09:33:33.827-04:00,IdeState,Inactive,,*,-1,-1
2024-11-01T09:33:34.828-04:00,IdeState,Inactive,,*,-1,-1
2024-11-01T09:33:35.836-04:00,IdeState,Inactive,,*,-1,-1
2024-11-01T09:33:36.842-04:00,IdeState,Inactive,,*,-1,-1
2024-11-01T09:33:37.854-04:00,IdeState,Inactive,,*,-1,-1
2024-11-01T09:33:38.871-04:00,IdeState,Inactive,,*,-1,-1
2024-11-01T09:33:39.885-04:00,IdeState,Inactive,,*,-1,-1
2024-11-01T09:33:40.896-04:00,IdeState,Inactive,,*,-1,-1
2024-11-01T09:33:41.912-04:00,IdeState,Inactive,,*,-1,-1
2024-11-01T09:33:42.924-04:00,IdeState,Inactive,,*,-1,-1
2024-11-01T09:33:43.930-04:00,IdeState,Inactive,,*,-1,-1
2024-11-01T09:33:44.932-04:00,IdeState,Inactive,,*,-1,-1
2024-11-01T09:33:45.946-04:00,IdeState,Inactive,,*,-1,-1
2024-11-01T09:33:46.952-04:00,IdeState,Inactive,,*,-1,-1
2024-11-01T09:33:47.979-04:00,IdeState,Inactive,,*,-1,-1
2024-11-01T09:33:48.991-04:00,IdeState,Inactive,,*,-1,-1
2024-11-01T09:33:50.004-04:00,IdeState,Inactive,,*,-1,-1
2024-11-01T09:33:51.019-04:00,IdeState,Inactive,,*,-1,-1
2024-11-01T09:33:52.032-04:00,IdeState,Inactive,,*,-1,-1
2024-11-01T09:33:53.047-04:00,IdeState,Inactive,,*,-1,-1
2024-11-01T09:33:54.061-04:00,IdeState,Inactive,,*,-1,-1
2024-11-01T09:33:55.070-04:00,IdeState,Inactive,,*,-1,-1
2024-11-01T09:33:56.086-04:00,IdeState,Inactive,,*,-1,-1
2024-11-01T09:33:57.102-04:00,IdeState,Inactive,,*,-1,-1
2024-11-01T09:33:58.115-04:00,IdeState,Inactive,,*,-1,-1
2024-11-01T09:33:59.124-04:00,IdeState,Inactive,,*,-1,-1
2024-11-01T09:34:00.150-04:00,IdeState,Inactive,,*,-1,-1
2024-11-01T09:34:01.167-04:00,IdeState,Inactive,,*,-1,-1
2024-11-01T09:34:02.172-04:00,IdeState,Inactive,,*,-1,-1
2024-11-01T09:34:03.185-04:00,IdeState,Inactive,,*,-1,-1
2024-11-01T09:34:04.188-04:00,IdeState,Inactive,,*,-1,-1
2024-11-01T09:34:05.195-04:00,IdeState,Inactive,,*,-1,-1
2024-11-01T09:34:06.209-04:00,IdeState,Inactive,,*,-1,-1
2024-11-01T09:34:07.221-04:00,IdeState,Inactive,,*,-1,-1
2024-11-01T09:34:08.234-04:00,IdeState,Inactive,,*,-1,-1
2024-11-01T09:34:09.247-04:00,IdeState,Inactive,,*,-1,-1
2024-11-01T09:34:10.259-04:00,IdeState,Inactive,,*,-1,-1
2024-11-01T09:34:11.268-04:00,IdeState,Inactive,,*,-1,-1
2024-11-01T09:34:12.283-04:00,IdeState,Inactive,,*,-1,-1
2024-11-01T09:34:13.296-04:00,IdeState,Inactive,,*,-1,-1
2024-11-01T09:34:14.310-04:00,IdeState,Inactive,,*,-1,-1
2024-11-01T09:34:15.315-04:00,IdeState,Inactive,,*,-1,-1
2024-11-01T09:34:16.322-04:00,IdeState,Inactive,,*,-1,-1
2024-11-01T09:34:17.338-04:00,IdeState,Inactive,,*,-1,-1
2024-11-01T09:34:18.345-04:00,IdeState,Inactive,,*,-1,-1
2024-11-01T09:34:19.356-04:00,IdeState,Inactive,,*,-1,-1
2024-11-01T09:34:20.371-04:00,IdeState,Inactive,,*,-1,-1
2024-11-01T09:34:21.387-04:00,IdeState,Inactive,,*,-1,-1
2024-11-01T09:34:22.401-04:00,IdeState,Inactive,,*,-1,-1
2024-11-01T09:34:23.415-04:00,IdeState,Inactive,,*,-1,-1
2024-11-01T09:34:24.430-04:00,IdeState,Inactive,,*,-1,-1
2024-11-01T09:34:25.445-04:00,IdeState,Inactive,,*,-1,-1
2024-11-01T09:34:26.463-04:00,IdeState,Inactive,,*,-1,-1
2024-11-01T09:34:27.479-04:00,IdeState,Inactive,,*,-1,-1
2024-11-01T09:34:28.480-04:00,IdeState,Inactive,,*,-1,-1
2024-11-01T09:34:29.493-04:00,IdeState,Inactive,,*,-1,-1
2024-11-01T09:34:30.497-04:00,IdeState,Inactive,,*,-1,-1
2024-11-01T09:34:31.512-04:00,IdeState,Inactive,,*,-1,-1
2024-11-01T09:34:32.522-04:00,IdeState,Inactive,,*,-1,-1
2024-11-01T09:34:33.524-04:00,IdeState,Inactive,,*,-1,-1
2024-11-01T09:34:34.538-04:00,IdeState,Inactive,,*,-1,-1
2024-11-01T09:34:35.548-04:00,IdeState,Inactive,,*,-1,-1
2024-11-01T09:34:36.562-04:00,IdeState,Inactive,,*,-1,-1
2024-11-01T09:34:37.579-04:00,IdeState,Inactive,,*,-1,-1
2024-11-01T09:34:38.582-04:00,IdeState,Inactive,,*,-1,-1
2024-11-01T09:34:39.595-04:00,IdeState,Inactive,,*,-1,-1
2024-11-01T09:34:40.608-04:00,IdeState,Inactive,,*,-1,-1
2024-11-01T09:34:41.619-04:00,IdeState,Inactive,,*,-1,-1
2024-11-01T09:34:42.632-04:00,IdeState,Inactive,,*,-1,-1
2024-11-01T09:34:43.646-04:00,IdeState,Inactive,,*,-1,-1
2024-11-01T09:34:44.662-04:00,IdeState,Inactive,,*,-1,-1
2024-11-01T09:34:45.673-04:00,IdeState,Inactive,,*,-1,-1
2024-11-01T09:34:46.687-04:00,IdeState,Inactive,,*,-1,-1
2024-11-01T09:34:47.708-04:00,IdeState,Inactive,,*,-1,-1
2024-11-01T09:34:48.719-04:00,IdeState,Inactive,,*,-1,-1
2024-11-01T09:34:49.722-04:00,IdeState,Inactive,,*,-1,-1
2024-11-01T09:34:50.732-04:00,IdeState,Inactive,,*,-1,-1
2024-11-01T09:34:51.747-04:00,IdeState,Inactive,,*,-1,-1
2024-11-01T09:34:52.761-04:00,IdeState,Inactive,,*,-1,-1
2024-11-01T09:34:53.775-04:00,IdeState,Inactive,,*,-1,-1
2024-11-01T09:34:54.790-04:00,IdeState,Inactive,,*,-1,-1
2024-11-01T09:34:55.791-04:00,IdeState,Inactive,,*,-1,-1
2024-11-01T09:34:56.806-04:00,IdeState,Inactive,,*,-1,-1
2024-11-01T09:34:57.816-04:00,IdeState,Inactive,,*,-1,-1
2024-11-01T09:34:58.831-04:00,IdeState,Inactive,,*,-1,-1
2024-11-01T09:34:59.842-04:00,IdeState,Inactive,,*,-1,-1
2024-11-01T09:35:00.857-04:00,IdeState,Inactive,,*,-1,-1
2024-11-01T09:35:01.864-04:00,IdeState,Inactive,,*,-1,-1
2024-11-01T09:35:02.878-04:00,IdeState,Inactive,,*,-1,-1
2024-11-01T09:35:03.888-04:00,IdeState,Inactive,,*,-1,-1
2024-11-01T09:35:04.893-04:00,IdeState,Inactive,,*,-1,-1
2024-11-01T09:35:05.894-04:00,IdeState,Inactive,,*,-1,-1
2024-11-01T09:35:06.906-04:00,IdeState,Inactive,,*,-1,-1
2024-11-01T09:35:07.912-04:00,IdeState,Inactive,,*,-1,-1
2024-11-01T09:35:08.919-04:00,IdeState,Inactive,,*,-1,-1
2024-11-01T09:35:09.931-04:00,IdeState,Inactive,,*,-1,-1
2024-11-01T09:35:10.946-04:00,IdeState,Inactive,,*,-1,-1
2024-11-01T09:35:11.954-04:00,IdeState,Inactive,,*,-1,-1
2024-11-01T09:35:12.965-04:00,IdeState,Inactive,,*,-1,-1
2024-11-01T09:35:13.967-04:00,IdeState,Inactive,,*,-1,-1
2024-11-01T09:35:14.980-04:00,IdeState,Inactive,,*,-1,-1
2024-11-01T09:35:15.994-04:00,IdeState,Inactive,,*,-1,-1
2024-11-01T09:35:17.019-04:00,IdeState,Inactive,,*,-1,-1
2024-11-01T09:35:18.029-04:00,IdeState,Inactive,,*,-1,-1
2024-11-01T09:35:19.037-04:00,IdeState,Inactive,,*,-1,-1
2024-11-01T09:35:20.052-04:00,IdeState,Inactive,,*,-1,-1
2024-11-01T09:35:21.064-04:00,IdeState,Inactive,,*,-1,-1
2024-11-01T09:35:22.080-04:00,IdeState,Inactive,,*,-1,-1
2024-11-01T09:35:23.097-04:00,IdeState,Inactive,,*,-1,-1
2024-11-01T09:35:24.104-04:00,IdeState,Inactive,,*,-1,-1
2024-11-01T09:35:25.115-04:00,IdeState,Inactive,,*,-1,-1
2024-11-01T09:35:26.125-04:00,IdeState,Inactive,,*,-1,-1
2024-11-01T09:35:27.140-04:00,IdeState,Inactive,,*,-1,-1
2024-11-01T09:35:28.152-04:00,IdeState,Inactive,,*,-1,-1
2024-11-01T09:35:29.166-04:00,IdeState,Inactive,,*,-1,-1
2024-11-01T09:35:30.180-04:00,IdeState,Inactive,,*,-1,-1
2024-11-01T09:35:31.192-04:00,IdeState,Inactive,,*,-1,-1
2024-11-01T09:35:32.207-04:00,IdeState,Inactive,,*,-1,-1
2024-11-01T09:35:33.219-04:00,IdeState,Inactive,,*,-1,-1
2024-11-01T09:35:34.235-04:00,IdeState,Inactive,,*,-1,-1
2024-11-01T09:35:35.248-04:00,IdeState,Inactive,,*,-1,-1
2024-11-01T09:35:36.260-04:00,IdeState,Inactive,,*,-1,-1
2024-11-01T09:35:37.275-04:00,IdeState,Inactive,,*,-1,-1
2024-11-01T09:35:38.287-04:00,IdeState,Inactive,,*,-1,-1
2024-11-01T09:35:39.300-04:00,IdeState,Inactive,,*,-1,-1
2024-11-01T09:35:40.313-04:00,IdeState,Inactive,,*,-1,-1
2024-11-01T09:35:41.328-04:00,IdeState,Inactive,,*,-1,-1
2024-11-01T09:35:42.344-04:00,IdeState,Inactive,,*,-1,-1
2024-11-01T09:35:43.355-04:00,IdeState,Inactive,,*,-1,-1
2024-11-01T09:35:44.370-04:00,IdeState,Inactive,,*,-1,-1
2024-11-01T09:35:45.385-04:00,IdeState,Inactive,,*,-1,-1
2024-11-01T09:35:46.403-04:00,IdeState,Inactive,,*,-1,-1
2024-11-01T09:35:47.416-04:00,IdeState,Inactive,,*,-1,-1
2024-11-01T09:35:48.431-04:00,IdeState,Inactive,,*,-1,-1
2024-11-01T09:35:49.444-04:00,IdeState,Inactive,,*,-1,-1
2024-11-01T09:35:50.459-04:00,IdeState,Inactive,,*,-1,-1
2024-11-01T09:35:51.461-04:00,IdeState,Inactive,,*,-1,-1
2024-11-01T09:35:52.470-04:00,IdeState,Inactive,,*,-1,-1
2024-11-01T09:35:53.485-04:00,IdeState,Inactive,,*,-1,-1
2024-11-01T09:35:54.487-04:00,IdeState,Inactive,,*,-1,-1
2024-11-01T09:35:55.504-04:00,IdeState,Inactive,,*,-1,-1
2024-11-01T09:35:56.518-04:00,IdeState,Inactive,,*,-1,-1
2024-11-01T09:35:57.531-04:00,IdeState,Inactive,,*,-1,-1
2024-11-01T09:35:58.535-04:00,IdeState,Inactive,,*,-1,-1
2024-11-01T09:35:59.548-04:00,IdeState,Inactive,,*,-1,-1
2024-11-01T09:36:00.563-04:00,IdeState,Inactive,,*,-1,-1
2024-11-01T09:36:01.577-04:00,IdeState,Inactive,,*,-1,-1
2024-11-01T09:36:02.593-04:00,IdeState,Inactive,,*,-1,-1
2024-11-01T09:36:03.611-04:00,IdeState,Inactive,,*,-1,-1
2024-11-01T09:36:04.617-04:00,IdeState,Inactive,,*,-1,-1
2024-11-01T09:36:05.631-04:00,IdeState,Inactive,,*,-1,-1
2024-11-01T09:36:06.645-04:00,IdeState,Inactive,,*,-1,-1
2024-11-01T09:36:07.661-04:00,IdeState,Inactive,,*,-1,-1
2024-11-01T09:36:08.671-04:00,IdeState,Inactive,,*,-1,-1
2024-11-01T09:36:09.684-04:00,IdeState,Inactive,,*,-1,-1
2024-11-01T09:36:10.697-04:00,IdeState,Inactive,,*,-1,-1
2024-11-01T09:36:11.697-04:00,IdeState,Inactive,,*,-1,-1
2024-11-01T09:39:26.431-04:00,IdeState,Inactive,,*,-1,-1
2024-11-01T09:39:27.479-04:00,IdeState,Inactive,,*,-1,-1
2024-11-01T09:39:28.564-04:00,IdeState,Inactive,,*,-1,-1
2024-11-01T11:27:33.794-04:00,IdeState,Inactive,,*,-1,-1
2024-11-01T11:27:34.821-04:00,IdeState,Inactive,,*,-1,-1
2024-11-01T11:27:35.834-04:00,IdeState,Inactive,,*,-1,-1
2024-11-01T11:27:36.843-04:00,IdeState,Inactive,,*,-1,-1
2024-11-01T11:27:37.848-04:00,IdeState,Inactive,,*,-1,-1
2024-11-01T11:27:38.864-04:00,IdeState,Inactive,,*,-1,-1
2024-11-01T11:27:39.873-04:00,IdeState,Inactive,,*,-1,-1
2024-11-01T11:27:40.888-04:00,IdeState,Inactive,,*,-1,-1
2024-11-01T11:27:41.903-04:00,IdeState,Inactive,,*,-1,-1
2024-11-01T11:27:42.915-04:00,IdeState,Inactive,,*,-1,-1
2024-11-01T11:27:43.927-04:00,IdeState,Inactive,,*,-1,-1
2024-11-01T11:27:44.941-04:00,IdeState,Inactive,,*,-1,-1
2024-11-01T11:27:45.981-04:00,IdeState,Inactive,,*,-1,-1
2024-11-01T11:27:46.997-04:00,IdeState,Inactive,,*,-1,-1
2024-11-01T11:27:48.012-04:00,IdeState,Inactive,,*,-1,-1
2024-11-01T11:27:49.120-04:00,IdeState,Inactive,,*,-1,-1
2024-11-01T11:27:50.131-04:00,IdeState,Inactive,,*,-1,-1
2024-11-01T11:27:51.135-04:00,IdeState,Inactive,,*,-1,-1
2024-11-01T11:27:52.148-04:00,IdeState,Inactive,,*,-1,-1
2024-11-01T11:27:53.158-04:00,IdeState,Inactive,,*,-1,-1
2024-11-01T11:27:54.171-04:00,IdeState,Inactive,,*,-1,-1
2024-11-01T11:27:55.185-04:00,IdeState,Inactive,,*,-1,-1
2024-11-01T11:27:56.204-04:00,IdeState,Inactive,,*,-1,-1
2024-11-01T11:27:57.221-04:00,IdeState,Inactive,,*,-1,-1
2024-11-01T11:27:58.247-04:00,IdeState,Inactive,,*,-1,-1
2024-11-01T11:27:59.261-04:00,IdeState,Inactive,,*,-1,-1
2024-11-01T11:28:00.276-04:00,IdeState,Inactive,,*,-1,-1
2024-11-01T11:28:01.280-04:00,IdeState,Inactive,,*,-1,-1
2024-11-01T11:28:02.296-04:00,IdeState,Inactive,,*,-1,-1
2024-11-01T11:28:03.308-04:00,IdeState,Inactive,,*,-1,-1
2024-11-01T11:28:04.321-04:00,IdeState,Inactive,,*,-1,-1
2024-11-01T11:28:05.333-04:00,IdeState,Inactive,,*,-1,-1
2024-11-01T11:28:06.340-04:00,IdeState,Inactive,,*,-1,-1
2024-11-01T11:28:07.341-04:00,IdeState,Inactive,,*,-1,-1
2024-11-01T11:28:08.359-04:00,IdeState,Inactive,,*,-1,-1
2024-11-01T11:28:09.363-04:00,IdeState,Inactive,,*,-1,-1
2024-11-01T11:28:10.365-04:00,IdeState,Inactive,,*,-1,-1
2024-11-01T11:28:11.393-04:00,IdeState,Inactive,,*,-1,-1
2024-11-01T11:28:12.395-04:00,IdeState,Inactive,,*,-1,-1
2024-11-01T11:28:13.398-04:00,IdeState,Inactive,,*,-1,-1
2024-11-01T11:28:14.400-04:00,IdeState,Inactive,,*,-1,-1
2024-11-01T11:28:15.441-04:00,IdeState,Inactive,,*,-1,-1
2024-11-01T11:28:16.448-04:00,IdeState,Inactive,,*,-1,-1
2024-11-01T11:28:17.461-04:00,IdeState,Inactive,,*,-1,-1
2024-11-01T11:28:18.829-04:00,IdeState,Inactive,,*,-1,-1
2024-11-01T11:28:19.843-04:00,IdeState,Inactive,,*,-1,-1
2024-11-01T11:28:20.864-04:00,IdeState,Inactive,,*,-1,-1
2024-11-01T11:28:21.880-04:00,IdeState,Inactive,,*,-1,-1
2024-11-01T11:28:22.888-04:00,IdeState,Inactive,,*,-1,-1
2024-11-01T11:28:23.902-04:00,IdeState,Inactive,,*,-1,-1
2024-11-01T11:28:24.914-04:00,IdeState,Inactive,,*,-1,-1
2024-11-01T11:28:25.923-04:00,IdeState,Inactive,,*,-1,-1
2024-11-01T11:28:26.935-04:00,IdeState,Inactive,,*,-1,-1
2024-11-01T11:28:27.948-04:00,IdeState,Inactive,,*,-1,-1
2024-11-01T11:28:28.961-04:00,IdeState,Inactive,,*,-1,-1
2024-11-01T11:28:29.975-04:00,IdeState,Inactive,,*,-1,-1
2024-11-01T11:28:30.988-04:00,IdeState,Inactive,,*,-1,-1
2024-11-01T11:28:32.003-04:00,IdeState,Inactive,,*,-1,-1
2024-11-01T11:28:33.018-04:00,IdeState,Inactive,,*,-1,-1
2024-11-01T11:28:34.142-04:00,IdeState,Inactive,,*,-1,-1
2024-11-01T11:28:35.914-04:00,IdeState,Inactive,,*,-1,-1
2024-11-01T11:28:37.327-04:00,IdeState,Inactive,,*,-1,-1
2024-11-01T11:28:38.344-04:00,IdeState,Inactive,,*,-1,-1
2024-11-01T11:28:39.392-04:00,IdeState,Inactive,,*,-1,-1
2024-11-01T11:28:40.421-04:00,IdeState,Inactive,,*,-1,-1
2024-11-01T11:28:41.530-04:00,IdeState,Inactive,,*,-1,-1
2024-11-01T11:28:42.595-04:00,IdeState,Inactive,,*,-1,-1
2024-11-01T11:28:43.600-04:00,IdeState,Inactive,,*,-1,-1
2024-11-01T11:28:44.629-04:00,IdeState,Inactive,,*,-1,-1
2024-11-01T11:28:45.639-04:00,IdeState,Inactive,,*,-1,-1
2024-11-01T11:28:46.653-04:00,IdeState,Inactive,,*,-1,-1
2024-11-01T11:28:47.668-04:00,IdeState,Inactive,,*,-1,-1
2024-11-01T11:28:48.683-04:00,IdeState,Inactive,,*,-1,-1
2024-11-01T11:28:49.685-04:00,IdeState,Inactive,,*,-1,-1
2024-11-01T11:28:50.696-04:00,IdeState,Inactive,,*,-1,-1
2024-11-01T11:28:51.710-04:00,IdeState,Inactive,,*,-1,-1
2024-11-01T11:28:52.712-04:00,IdeState,Inactive,,*,-1,-1
2024-11-01T11:28:53.729-04:00,IdeState,Inactive,,*,-1,-1
2024-11-01T11:28:54.744-04:00,IdeState,Inactive,,*,-1,-1
2024-11-01T11:28:55.807-04:00,IdeState,Inactive,,*,-1,-1
2024-11-01T11:28:56.817-04:00,IdeState,Inactive,,*,-1,-1
2024-11-01T11:28:57.901-04:00,IdeState,Inactive,,*,-1,-1
2024-11-01T11:28:58.918-04:00,IdeState,Inactive,,*,-1,-1
2024-11-01T11:28:59.919-04:00,IdeState,Inactive,,*,-1,-1
2024-11-01T11:29:00.928-04:00,IdeState,Inactive,,*,-1,-1
2024-11-01T11:29:01.929-04:00,IdeState,Inactive,,*,-1,-1
2024-11-01T11:29:03.065-04:00,IdeState,Inactive,,*,-1,-1
2024-11-01T11:29:04.079-04:00,IdeState,Inactive,,*,-1,-1
2024-11-01T11:29:05.093-04:00,IdeState,Inactive,,*,-1,-1
2024-11-01T11:29:06.106-04:00,IdeState,Inactive,,*,-1,-1
2024-11-01T11:29:07.184-04:00,IdeState,Inactive,,*,-1,-1
2024-11-01T11:29:08.187-04:00,IdeState,Inactive,,*,-1,-1
2024-11-01T11:29:09.203-04:00,IdeState,Inactive,,*,-1,-1
2024-11-01T11:29:10.207-04:00,IdeState,Inactive,,*,-1,-1
2024-11-01T11:29:11.215-04:00,IdeState,Inactive,,*,-1,-1
2024-11-01T11:29:12.217-04:00,IdeState,Inactive,,*,-1,-1
2024-11-01T11:29:13.233-04:00,IdeState,Inactive,,*,-1,-1
2024-11-01T11:29:14.243-04:00,IdeState,Inactive,,*,-1,-1
2024-11-01T11:29:15.255-04:00,IdeState,Inactive,,*,-1,-1
2024-11-01T11:29:16.266-04:00,IdeState,Inactive,,*,-1,-1
2024-11-01T11:29:17.272-04:00,IdeState,Inactive,,*,-1,-1
2024-11-01T11:29:18.288-04:00,IdeState,Inactive,,*,-1,-1
2024-11-01T11:29:19.301-04:00,IdeState,Inactive,,*,-1,-1
2024-11-01T11:29:20.312-04:00,IdeState,Inactive,,*,-1,-1
2024-11-01T11:29:21.326-04:00,IdeState,Inactive,,*,-1,-1
2024-11-01T11:29:22.342-04:00,IdeState,Inactive,,*,-1,-1
2024-11-01T11:29:23.358-04:00,IdeState,Inactive,,*,-1,-1
2024-11-01T11:29:24.371-04:00,IdeState,Inactive,,*,-1,-1
2024-11-01T11:29:25.373-04:00,IdeState,Inactive,,*,-1,-1
2024-11-01T11:29:26.388-04:00,IdeState,Inactive,,*,-1,-1
2024-11-01T11:29:27.404-04:00,IdeState,Inactive,,*,-1,-1
2024-11-01T11:29:28.420-04:00,IdeState,Inactive,,*,-1,-1
2024-11-01T11:29:29.434-04:00,IdeState,Inactive,,*,-1,-1
2024-11-01T11:29:30.447-04:00,IdeState,Inactive,,*,-1,-1
2024-11-01T11:29:31.450-04:00,IdeState,Inactive,,*,-1,-1
2024-11-01T11:29:32.455-04:00,IdeState,Inactive,,*,-1,-1
2024-11-01T11:29:33.460-04:00,IdeState,Inactive,,*,-1,-1
2024-11-01T11:29:34.475-04:00,IdeState,Inactive,,*,-1,-1
2024-11-01T11:29:35.488-04:00,IdeState,Inactive,,*,-1,-1
2024-11-01T11:29:36.502-04:00,IdeState,Inactive,,*,-1,-1
2024-11-01T11:29:37.504-04:00,IdeState,Inactive,,*,-1,-1
2024-11-01T11:29:38.518-04:00,IdeState,Inactive,,*,-1,-1
2024-11-01T11:29:39.536-04:00,IdeState,Inactive,,*,-1,-1
2024-11-01T11:29:40.547-04:00,IdeState,Inactive,,*,-1,-1
2024-11-01T11:29:41.569-04:00,IdeState,Inactive,,*,-1,-1
2024-11-01T11:29:42.576-04:00,IdeState,Inactive,,*,-1,-1
2024-11-01T11:29:43.594-04:00,IdeState,Inactive,,*,-1,-1
2024-11-01T11:29:44.608-04:00,IdeState,Inactive,,*,-1,-1
2024-11-01T11:29:45.609-04:00,IdeState,Inactive,,*,-1,-1
2024-11-01T11:29:46.612-04:00,IdeState,Inactive,,*,-1,-1
2024-11-01T11:29:47.624-04:00,IdeState,Inactive,,*,-1,-1
2024-11-01T11:29:48.636-04:00,IdeState,Inactive,,*,-1,-1
2024-11-01T11:29:49.651-04:00,IdeState,Inactive,,*,-1,-1
2024-11-01T11:29:50.665-04:00,IdeState,Inactive,,*,-1,-1
2024-11-01T11:29:51.678-04:00,IdeState,Inactive,,*,-1,-1
2024-11-01T11:29:52.693-04:00,IdeState,Inactive,,*,-1,-1
2024-11-01T11:29:53.695-04:00,IdeState,Inactive,,*,-1,-1
2024-11-01T11:29:54.709-04:00,IdeState,Inactive,,*,-1,-1
2024-11-01T11:29:55.726-04:00,IdeState,Inactive,,*,-1,-1
2024-11-01T11:29:56.741-04:00,IdeState,Inactive,,*,-1,-1
2024-11-01T11:29:57.742-04:00,IdeState,Inactive,,*,-1,-1
2024-11-01T11:29:58.755-04:00,IdeState,Inactive,,*,-1,-1
2024-11-01T11:29:59.771-04:00,IdeState,Inactive,,*,-1,-1
2024-11-01T11:30:00.786-04:00,IdeState,Inactive,,*,-1,-1
2024-11-01T11:30:01.799-04:00,IdeState,Inactive,,*,-1,-1
2024-11-01T11:30:02.801-04:00,IdeState,Inactive,,*,-1,-1
2024-11-01T11:30:03.815-04:00,IdeState,Inactive,,*,-1,-1
2024-11-01T11:30:04.827-04:00,IdeState,Inactive,,*,-1,-1
2024-11-01T11:30:05.838-04:00,IdeState,Inactive,,*,-1,-1
2024-11-01T11:30:06.851-04:00,IdeState,Inactive,,*,-1,-1
2024-11-01T11:30:07.864-04:00,IdeState,Inactive,,*,-1,-1
2024-11-01T11:30:08.882-04:00,IdeState,Inactive,,*,-1,-1
2024-11-01T11:30:09.891-04:00,IdeState,Inactive,,*,-1,-1
2024-11-01T11:30:10.903-04:00,IdeState,Inactive,,*,-1,-1
2024-11-01T11:30:11.909-04:00,IdeState,Inactive,,*,-1,-1
2024-11-01T11:30:12.932-04:00,IdeState,Inactive,,*,-1,-1
2024-11-01T11:30:13.937-04:00,IdeState,Inactive,,*,-1,-1
2024-11-01T11:30:14.974-04:00,IdeState,Inactive,,*,-1,-1
2024-11-01T11:30:15.988-04:00,IdeState,Inactive,,*,-1,-1
2024-11-01T11:30:17.000-04:00,IdeState,Inactive,,*,-1,-1
2024-11-01T11:30:18.018-04:00,IdeState,Inactive,,*,-1,-1
2024-11-01T11:30:19.019-04:00,IdeState,Inactive,,*,-1,-1
2024-11-01T11:30:20.028-04:00,IdeState,Inactive,,*,-1,-1
2024-11-01T11:30:21.029-04:00,IdeState,Inactive,,*,-1,-1
2024-11-01T11:30:22.043-04:00,IdeState,Inactive,,*,-1,-1
2024-11-01T11:30:23.060-04:00,IdeState,Inactive,,*,-1,-1
2024-11-01T11:30:24.061-04:00,IdeState,Inactive,,*,-1,-1
2024-11-01T11:30:25.072-04:00,IdeState,Inactive,,*,-1,-1
2024-11-01T11:30:26.085-04:00,IdeState,Inactive,,*,-1,-1
2024-11-01T11:30:27.090-04:00,IdeState,Inactive,,*,-1,-1
2024-11-01T11:30:28.106-04:00,IdeState,Inactive,,*,-1,-1
2024-11-01T11:30:29.117-04:00,IdeState,Inactive,,*,-1,-1
2024-11-01T11:30:30.121-04:00,IdeState,Inactive,,*,-1,-1
2024-11-01T11:30:31.126-04:00,IdeState,Inactive,,*,-1,-1
2024-11-01T11:30:32.137-04:00,IdeState,Inactive,,*,-1,-1
2024-11-01T11:30:33.150-04:00,IdeState,Inactive,,*,-1,-1
2024-11-01T11:30:34.160-04:00,IdeState,Inactive,,*,-1,-1
2024-11-01T11:30:35.169-04:00,IdeState,Inactive,,*,-1,-1
2024-11-01T11:30:36.184-04:00,IdeState,Inactive,,*,-1,-1
2024-11-01T11:30:37.193-04:00,IdeState,Inactive,,*,-1,-1
2024-11-01T11:30:38.208-04:00,IdeState,Inactive,,*,-1,-1
2024-11-01T11:30:39.215-04:00,IdeState,Inactive,,*,-1,-1
2024-11-01T11:30:40.227-04:00,IdeState,Inactive,,*,-1,-1
2024-11-01T11:30:41.240-04:00,IdeState,Inactive,,*,-1,-1
2024-11-01T11:30:42.254-04:00,IdeState,Inactive,,*,-1,-1
2024-11-01T11:30:43.270-04:00,IdeState,Inactive,,*,-1,-1
2024-11-01T11:30:44.287-04:00,IdeState,Inactive,,*,-1,-1
2024-11-01T11:30:45.292-04:00,IdeState,Inactive,,*,-1,-1
2024-11-01T11:30:46.294-04:00,IdeState,Inactive,,*,-1,-1
2024-11-01T11:30:47.305-04:00,IdeState,Inactive,,*,-1,-1
2024-11-01T11:30:48.318-04:00,IdeState,Inactive,,*,-1,-1
2024-11-01T11:30:49.335-04:00,IdeState,Inactive,,*,-1,-1
2024-11-01T11:30:50.342-04:00,IdeState,Inactive,,*,-1,-1
2024-11-01T11:30:51.356-04:00,IdeState,Inactive,,*,-1,-1
2024-11-01T11:30:52.363-04:00,IdeState,Inactive,,*,-1,-1
2024-11-01T11:30:53.380-04:00,IdeState,Inactive,,*,-1,-1
2024-11-01T11:30:54.391-04:00,IdeState,Inactive,,*,-1,-1
2024-11-01T11:30:55.395-04:00,IdeState,Inactive,,*,-1,-1
2024-11-01T11:30:56.417-04:00,IdeState,Inactive,,*,-1,-1
2024-11-01T11:30:57.438-04:00,IdeState,Inactive,,*,-1,-1
2024-11-01T11:30:58.455-04:00,IdeState,Inactive,,*,-1,-1
2024-11-01T11:30:59.469-04:00,IdeState,Inactive,,*,-1,-1
2024-11-01T11:31:00.482-04:00,IdeState,Inactive,,*,-1,-1
2024-11-01T11:31:01.496-04:00,IdeState,Inactive,,*,-1,-1
2024-11-01T11:31:02.501-04:00,IdeState,Inactive,,*,-1,-1
2024-11-01T11:31:03.510-04:00,IdeState,Inactive,,*,-1,-1
2024-11-01T11:31:04.523-04:00,IdeState,Inactive,,*,-1,-1
2024-11-01T11:31:05.535-04:00,IdeState,Inactive,,*,-1,-1
2024-11-01T11:31:06.545-04:00,IdeState,Inactive,,*,-1,-1
2024-11-01T11:31:07.552-04:00,IdeState,Inactive,,*,-1,-1
2024-11-01T11:31:08.563-04:00,IdeState,Inactive,,*,-1,-1
2024-11-01T11:31:09.588-04:00,IdeState,Inactive,,*,-1,-1
2024-11-01T11:31:10.592-04:00,IdeState,Inactive,,*,-1,-1
2024-11-01T11:31:11.606-04:00,IdeState,Inactive,,*,-1,-1
2024-11-01T11:31:12.621-04:00,IdeState,Inactive,,*,-1,-1
2024-11-01T11:31:13.637-04:00,IdeState,Inactive,,*,-1,-1
2024-11-01T11:31:14.648-04:00,IdeState,Inactive,,*,-1,-1
2024-11-01T11:31:15.659-04:00,IdeState,Inactive,,*,-1,-1
2024-11-01T11:31:16.668-04:00,IdeState,Inactive,,*,-1,-1
2024-11-01T11:31:17.676-04:00,IdeState,Inactive,,*,-1,-1
2024-11-01T11:31:18.690-04:00,IdeState,Inactive,,*,-1,-1
2024-11-01T11:31:19.697-04:00,IdeState,Inactive,,*,-1,-1
2024-11-01T11:31:20.699-04:00,IdeState,Inactive,,*,-1,-1
2024-11-01T11:31:21.714-04:00,IdeState,Inactive,,*,-1,-1
2024-11-01T11:31:22.728-04:00,IdeState,Inactive,,*,-1,-1
2024-11-01T11:31:23.728-04:00,IdeState,Inactive,,*,-1,-1
2024-11-01T11:31:24.744-04:00,IdeState,Inactive,,*,-1,-1
2024-11-01T11:31:25.758-04:00,IdeState,Inactive,,*,-1,-1
2024-11-01T11:31:26.773-04:00,IdeState,Inactive,,*,-1,-1
2024-11-01T11:31:27.784-04:00,IdeState,Inactive,,*,-1,-1
2024-11-01T11:31:28.788-04:00,IdeState,Inactive,,*,-1,-1
2024-11-01T11:31:29.796-04:00,IdeState,Inactive,,*,-1,-1
2024-11-01T11:31:30.797-04:00,IdeState,Inactive,,*,-1,-1
2024-11-01T11:31:31.798-04:00,IdeState,Inactive,,*,-1,-1
2024-11-01T11:31:32.814-04:00,IdeState,Inactive,,*,-1,-1
2024-11-01T11:31:33.830-04:00,IdeState,Inactive,,*,-1,-1
2024-11-01T11:31:34.846-04:00,IdeState,Inactive,,*,-1,-1
2024-11-01T11:31:35.859-04:00,IdeState,Inactive,,*,-1,-1
2024-11-01T11:31:36.873-04:00,IdeState,Inactive,,*,-1,-1
2024-11-01T11:31:37.887-04:00,IdeState,Inactive,,*,-1,-1
2024-11-01T11:31:38.901-04:00,IdeState,Inactive,,*,-1,-1
2024-11-01T11:31:39.904-04:00,IdeState,Inactive,,*,-1,-1
2024-11-01T11:31:40.918-04:00,IdeState,Inactive,,*,-1,-1
2024-11-01T11:31:41.934-04:00,IdeState,Inactive,,*,-1,-1
2024-11-01T11:31:42.936-04:00,IdeState,Inactive,,*,-1,-1
2024-11-01T11:31:43.939-04:00,IdeState,Inactive,,*,-1,-1
2024-11-01T11:31:44.954-04:00,IdeState,Inactive,,*,-1,-1
2024-11-01T11:31:45.966-04:00,IdeState,Inactive,,*,-1,-1
2024-11-01T12:53:20.914-04:00,IdeState,Inactive,,*,-1,-1
2024-11-01T12:53:22.578-04:00,IdeState,Inactive,,*,-1,-1
2024-11-01T12:53:23.613-04:00,IdeState,Inactive,,*,-1,-1
2024-11-01T12:53:24.943-04:00,IdeState,Inactive,,*,-1,-1
2024-11-01T12:53:25.975-04:00,IdeState,Inactive,,*,-1,-1
2024-11-01T12:53:27.074-04:00,IdeState,Inactive,,*,-1,-1
2024-11-01T12:53:28.083-04:00,IdeState,Inactive,,*,-1,-1
2024-11-01T12:53:29.357-04:00,IdeState,Inactive,,*,-1,-1
2024-11-01T12:53:30.556-04:00,IdeState,Inactive,,*,-1,-1
2024-11-01T12:53:31.640-04:00,IdeState,Inactive,,*,-1,-1
2024-11-01T12:53:32.651-04:00,IdeState,Inactive,,*,-1,-1
2024-11-01T12:53:33.658-04:00,IdeState,Inactive,,*,-1,-1
2024-11-01T12:53:34.703-04:00,IdeState,Inactive,,*,-1,-1
2024-11-01T12:53:38.161-04:00,IdeState,NoProject,,*,-1,-1
2024-11-01T12:53:39.234-04:00,IdeState,Active,Popup,*,-1,-1
2024-11-01T12:53:43.209-04:00,IdeState,Active,Popup,*,-1,-1
2024-11-01T12:53:45.141-04:00,IdeState,Active,Popup,*,-1,-1
2024-11-01T12:53:48.147-04:00,IdeState,Active,Popup,*,-1,-1
2024-11-01T12:53:50.254-04:00,IdeState,Active,Project,*,-1,-1
2024-11-01T12:53:54.040-04:00,IdeState,Active,Project,*,-1,-1
2024-11-01T12:53:57.733-04:00,IdeState,Active,Project,*,-1,-1
2024-11-01T12:53:58.888-04:00,IdeState,Active,Project,*,-1,-1
2024-11-01T12:54:00.677-04:00,IdeState,Active,Project,*,-1,-1
2024-11-01T12:54:01.716-04:00,IdeState,Active,Project,*,-1,-1
2024-11-01T12:54:04.202-04:00,IdeState,Active,Project,*,-1,-1
2024-11-01T12:54:06.944-04:00,IdeState,Active,Project,*,-1,-1
2024-11-01T12:54:08.037-04:00,IdeState,Active,Project,*,-1,-1
2024-11-01T12:54:09.064-04:00,IdeState,Active,Project,*,-1,-1
2024-11-01T12:54:09.515-04:00,Action,SettingsEntryPoint,Project,*,-1,-1
2024-11-01T12:54:10.066-04:00,IdeState,Active,Project,*,-1,-1
2024-11-01T12:54:11.068-04:00,IdeState,Active,Project,*,-1,-1
2024-11-01T12:54:12.134-04:00,IdeState,Active,Project,*,-1,-1
2024-11-01T12:54:13.142-04:00,IdeState,Active,Popup,*,-1,-1
2024-11-01T12:54:14.146-04:00,IdeState,Active,Popup,*,-1,-1
2024-11-01T12:54:15.149-04:00,IdeState,Active,Popup,*,-1,-1
2024-11-01T12:54:16.151-04:00,IdeState,Active,Popup,*,-1,-1
2024-11-01T12:54:17.154-04:00,IdeState,Active,Popup,*,-1,-1
2024-11-01T12:54:18.155-04:00,IdeState,Active,Popup,*,-1,-1
2024-11-01T12:54:19.158-04:00,IdeState,Inactive,,*,-1,-1
2024-11-01T12:54:20.160-04:00,IdeState,Inactive,,*,-1,-1
2024-11-01T12:54:21.162-04:00,IdeState,Active,Dialog,*,-1,-1
2024-11-01T12:54:22.163-04:00,IdeState,Active,Dialog,*,-1,-1
2024-11-01T12:54:23.165-04:00,IdeState,Active,Dialog,*,-1,-1
2024-11-01T12:54:24.187-04:00,IdeState,Active,Dialog,*,-1,-1
2024-11-01T12:54:25.191-04:00,IdeState,Active,Dialog,*,-1,-1
2024-11-01T12:54:26.192-04:00,IdeState,Active,Dialog,*,-1,-1
2024-11-01T12:54:27.193-04:00,IdeState,Active,Project,*,-1,-1
2024-11-01T12:54:28.195-04:00,IdeState,Active,Project,*,-1,-1
2024-11-01T12:54:29.203-04:00,IdeState,Active,Project,*,-1,-1
2024-11-01T12:54:30.204-04:00,IdeState,Active,Project,*,-1,-1
2024-11-01T12:54:31.207-04:00,IdeState,Active,Project,*,-1,-1
2024-11-01T12:54:32.209-04:00,IdeState,Active,Project,*,-1,-1
2024-11-01T12:54:33.210-04:00,IdeState,Active,Project,*,-1,-1
2024-11-01T12:54:34.211-04:00,IdeState,Active,Project,*,-1,-1
2024-11-01T12:54:35.214-04:00,IdeState,Active,Project,*,-1,-1
2024-11-01T12:54:36.215-04:00,IdeState,Active,Project,*,-1,-1
2024-11-01T12:54:37.216-04:00,IdeState,Active,Project,*,-1,-1
2024-11-01T12:54:38.219-04:00,IdeState,Active,Project,*,-1,-1
2024-11-01T12:54:39.220-04:00,IdeState,Active,Project,*,-1,-1
2024-11-01T12:55:40.422-04:00,IdeState,Inactive,,*,-1,-1
2024-11-01T12:55:41.506-04:00,IdeState,Inactive,,*,-1,-1
2024-11-01T12:55:42.521-04:00,IdeState,Inactive,,*,-1,-1
2024-11-01T12:55:43.537-04:00,IdeState,Inactive,,*,-1,-1
2024-11-01T12:55:44.540-04:00,IdeState,Inactive,,*,-1,-1
2024-11-01T12:55:45.546-04:00,IdeState,Inactive,,*,-1,-1
2024-11-01T12:55:46.588-04:00,IdeState,Inactive,,*,-1,-1
2024-11-01T12:55:47.602-04:00,IdeState,Inactive,,*,-1,-1
2024-11-01T12:55:48.620-04:00,IdeState,Inactive,,*,-1,-1
2024-11-01T12:55:50.460-04:00,IdeState,NoProject,,*,-1,-1
2024-11-01T12:55:51.464-04:00,IdeState,Active,Popup,*,-1,-1
2024-11-01T12:55:52.999-04:00,IdeState,Active,Popup,*,-1,-1
2024-11-01T12:55:54.233-04:00,IdeState,Active,Popup,*,-1,-1
2024-11-01T12:55:55.482-04:00,IdeState,Active,Project,*,-1,-1
2024-11-01T12:55:56.483-04:00,IdeState,Active,Project,*,-1,-1
2024-11-01T12:55:57.637-04:00,IdeState,Active,Project,*,-1,-1
2024-11-01T12:55:58.640-04:00,IdeState,Active,Project,*,-1,-1
2024-11-01T12:55:59.653-04:00,IdeState,Active,Project,*,-1,-1
2024-11-03T16:27:30.262-05:00,IdeState,Inactive,,*,-1,-1
2024-11-03T16:27:31.317-05:00,IdeState,Inactive,,*,-1,-1
2024-11-03T16:27:32.327-05:00,IdeState,Inactive,,*,-1,-1
2024-11-03T16:27:33.328-05:00,IdeState,Inactive,,*,-1,-1
2024-11-03T16:27:34.329-05:00,IdeState,Inactive,,*,-1,-1
2024-11-03T16:27:35.344-05:00,IdeState,Inactive,,*,-1,-1
2024-11-03T16:27:36.714-05:00,IdeState,NoProject,,*,-1,-1
2024-11-03T16:27:37.986-05:00,IdeState,Active,Popup,*,-1,-1
2024-11-03T16:27:39.088-05:00,IdeState,Active,Popup,*,-1,-1
2024-11-03T16:27:40.089-05:00,IdeState,Active,Project,*,-1,-1
2024-11-03T16:27:41.119-05:00,IdeState,Active,Project,*,-1,-1
2024-11-03T16:27:42.119-05:00,IdeState,Active,Project,*,-1,-1
2024-11-03T16:27:43.122-05:00,IdeState,Active,Project,*,-1,-1
2024-11-03T16:27:44.123-05:00,IdeState,Active,Project,*,-1,-1
2024-11-03T16:27:45.125-05:00,IdeState,Active,Project,*,-1,-1
2024-11-03T16:27:46.135-05:00,IdeState,Active,Project,*,-1,-1
2024-11-03T16:27:47.139-05:00,IdeState,Active,Project,*,-1,-1
2024-11-03T16:27:48.179-05:00,IdeState,Active,Project,*,-1,-1
2024-11-03T16:27:49.182-05:00,IdeState,Active,Project,*,-1,-1
2024-11-03T16:27:50.183-05:00,IdeState,Active,Project,*,-1,-1
2024-11-03T16:27:51.185-05:00,IdeState,Active,Project,*,-1,-1
2024-11-03T16:27:52.187-05:00,IdeState,Active,Project,*,-1,-1
2024-11-03T16:27:53.196-05:00,IdeState,Active,Project,*,-1,-1
2024-11-03T16:27:54.199-05:00,IdeState,Active,Project,*,-1,-1
2024-11-03T16:27:55.200-05:00,IdeState,Active,Project,*,-1,-1
2024-11-03T16:27:56.202-05:00,IdeState,Active,Project,*,-1,-1
2024-11-03T16:27:57.204-05:00,IdeState,Active,Project,*,-1,-1
2024-11-03T16:27:58.205-05:00,IdeState,Active,Project,*,-1,-1
2024-11-03T16:27:59.206-05:00,IdeState,Active,Project,*,-1,-1
2024-11-03T16:28:00.208-05:00,IdeState,Active,Project,*,-1,-1
2024-11-03T16:28:01.209-05:00,IdeState,Active,tasktracker,*,-1,-1
2024-11-03T16:28:02.211-05:00,IdeState,Active,tasktracker,*,-1,-1
2024-11-03T16:28:03.428-05:00,IdeState,Active,Editor,pies.py,2,18
2024-11-03T16:28:04.430-05:00,IdeState,Active,Editor,pies.py,2,18
2024-11-03T16:28:05.430-05:00,IdeState,Active,Editor,pies.py,2,22
2024-11-03T16:28:06.020-05:00,Action,EditorEnter,Editor,pies.py,2,22
2024-11-03T16:28:06.556-05:00,IdeState,Active,Editor,pies.py,3,0
2024-11-03T16:28:07.557-05:00,IdeState,Active,Editor,pies.py,3,0
2024-11-03T16:28:08.566-05:00,IdeState,Inactive,,*,-1,-1
2024-11-03T16:28:09.582-05:00,IdeState,Inactive,,*,-1,-1
2024-11-03T16:28:10.584-05:00,IdeState,Inactive,,*,-1,-1
2024-11-03T16:28:11.585-05:00,IdeState,Inactive,,*,-1,-1
2024-11-03T16:28:12.586-05:00,IdeState,Inactive,,*,-1,-1
2024-11-03T16:28:13.588-05:00,IdeState,Inactive,,*,-1,-1
2024-11-03T16:28:14.589-05:00,IdeState,Inactive,,*,-1,-1
2024-11-03T16:28:15.590-05:00,IdeState,Inactive,,*,-1,-1
2024-11-03T16:28:16.591-05:00,IdeState,Inactive,,*,-1,-1
2024-11-03T16:28:17.592-05:00,IdeState,Inactive,,*,-1,-1
2024-11-03T16:28:18.594-05:00,IdeState,Inactive,,*,-1,-1
2024-11-03T16:28:19.594-05:00,IdeState,Active,Editor,pies.py,3,0
2024-11-03T16:28:20.595-05:00,IdeState,Active,Editor,pies.py,3,0
2024-11-03T16:28:21.596-05:00,IdeState,Active,Editor,pies.py,3,0
2024-11-03T16:28:22.597-05:00,IdeState,Inactive,,*,-1,-1
2024-11-03T16:28:23.598-05:00,IdeState,Inactive,,*,-1,-1
2024-11-03T16:28:24.599-05:00,IdeState,Active,Editor,pies.py,3,0
2024-11-03T16:28:25.600-05:00,IdeState,Inactive,,*,-1,-1
2024-11-03T16:28:26.602-05:00,IdeState,Inactive,,*,-1,-1
2024-11-03T16:28:27.603-05:00,IdeState,Inactive,,*,-1,-1
2024-11-03T16:28:28.605-05:00,IdeState,Inactive,,*,-1,-1
2024-11-03T16:28:29.607-05:00,IdeState,Inactive,,*,-1,-1
2024-11-03T16:28:30.609-05:00,IdeState,Inactive,,*,-1,-1
2024-11-03T16:28:31.610-05:00,IdeState,Inactive,,*,-1,-1
2024-11-03T16:28:32.611-05:00,IdeState,Active,Editor,pies.py,3,0
2024-11-03T16:28:33.773-05:00,IdeState,Active,Editor,pies.py,3,1
2024-11-03T16:28:34.578-05:00,Action,EditorBackSpace,Editor,pies.py,3,7
2024-11-03T16:28:34.716-05:00,Action,EditorBackSpace,Editor,pies.py,3,6
2024-11-03T16:28:34.775-05:00,IdeState,Active,Editor,pies.py,3,5
2024-11-03T16:28:34.911-05:00,Action,EditorBackSpace,Editor,pies.py,3,5
2024-11-03T16:28:35.010-05:00,Action,EditorBackSpace,Editor,pies.py,3,4
2024-11-03T16:28:35.163-05:00,Action,EditorBackSpace,Editor,pies.py,3,3
2024-11-03T16:28:35.739-05:00,Action,EditorBackSpace,Editor,pies.py,3,5
2024-11-03T16:28:35.776-05:00,IdeState,Active,Editor,pies.py,3,4
2024-11-03T16:28:35.880-05:00,Action,EditorBackSpace,Editor,pies.py,3,4
2024-11-03T16:28:36.026-05:00,Action,EditorBackSpace,Editor,pies.py,3,3
2024-11-03T16:28:36.185-05:00,Action,EditorBackSpace,Editor,pies.py,3,2
2024-11-03T16:28:36.778-05:00,IdeState,Active,Editor,pies.py,3,4
2024-11-03T16:28:37.780-05:00,IdeState,Active,Editor,pies.py,3,11
2024-11-03T16:28:38.335-05:00,Action,EditorEnter,Editor,pies.py,3,16
2024-11-03T16:28:38.781-05:00,IdeState,Active,Editor,pies.py,4,0
2024-11-03T16:28:39.782-05:00,IdeState,Active,Editor,pies.py,4,0
2024-11-03T16:28:40.784-05:00,IdeState,Active,Editor,pies.py,4,0
2024-11-03T16:28:41.785-05:00,IdeState,Active,Editor,pies.py,4,0
2024-11-03T16:28:42.793-05:00,IdeState,Active,Editor,pies.py,4,1
2024-11-03T16:28:43.795-05:00,IdeState,Active,Editor,pies.py,4,4
2024-11-03T16:28:44.797-05:00,IdeState,Active,Editor,pies.py,4,10
2024-11-03T16:28:45.797-05:00,IdeState,Active,Editor,pies.py,4,14
2024-11-03T16:28:46.799-05:00,IdeState,Active,Editor,pies.py,4,19
2024-11-03T16:28:47.255-05:00,Action,EditorBackSpace,Editor,pies.py,4,19
2024-11-03T16:28:47.800-05:00,IdeState,Active,Editor,pies.py,4,19
2024-11-03T16:28:48.801-05:00,IdeState,Active,Editor,pies.py,4,22
2024-11-03T16:28:49.363-05:00,Action,EditorRight,Editor,pies.py,4,22
2024-11-03T16:28:49.802-05:00,IdeState,Active,Editor,pies.py,4,24
2024-11-03T16:28:50.040-05:00,Action,EditorEnter,Editor,pies.py,4,24
2024-11-03T16:28:50.804-05:00,IdeState,Active,Editor,pies.py,5,4
2024-11-03T16:28:51.812-05:00,IdeState,Active,Editor,pies.py,5,7
2024-11-03T16:28:52.813-05:00,IdeState,Active,Editor,pies.py,5,13
2024-11-03T16:28:53.815-05:00,IdeState,Active,Editor,pies.py,5,15
2024-11-03T16:28:54.816-05:00,IdeState,Active,Editor,pies.py,5,18
2024-11-03T16:28:55.819-05:00,IdeState,Active,Editor,pies.py,5,21
2024-11-03T16:28:56.819-05:00,IdeState,Active,Editor,pies.py,5,23
2024-11-03T16:28:57.820-05:00,IdeState,Active,Editor,pies.py,5,26
2024-11-03T16:28:58.820-05:00,IdeState,Active,Editor,pies.py,5,28
2024-11-03T16:28:59.498-05:00,Action,EditorRight,Editor,pies.py,5,30
2024-11-03T16:28:59.822-05:00,IdeState,Active,Editor,pies.py,5,31
2024-11-03T16:29:00.824-05:00,IdeState,Active,Editor,pies.py,5,32
2024-11-03T16:29:01.826-05:00,IdeState,Active,Editor,pies.py,5,36
2024-11-03T16:29:01.974-05:00,Action,EditorBackSpace,Editor,pies.py,5,36
2024-11-03T16:29:02.826-05:00,IdeState,Active,Editor,pies.py,5,35
2024-11-03T16:29:03.233-05:00,Action,EditorChooseLookupItem,Editor,pies.py,5,35
2024-11-03T16:29:03.745-05:00,Action,EditorEnter,Editor,pies.py,5,35
2024-11-03T16:29:03.828-05:00,IdeState,Active,Editor,pies.py,6,4
2024-11-03T16:29:04.829-05:00,IdeState,Active,Editor,pies.py,6,4
2024-11-03T16:29:05.830-05:00,IdeState,Active,Editor,pies.py,6,4
2024-11-03T16:29:06.830-05:00,IdeState,Active,Editor,pies.py,6,4
2024-11-03T16:29:07.832-05:00,IdeState,Active,Editor,pies.py,6,4
2024-11-03T16:29:08.833-05:00,IdeState,Active,Editor,pies.py,6,4
2024-11-03T16:29:09.834-05:00,IdeState,Active,Editor,pies.py,6,4
2024-11-03T16:29:10.835-05:00,IdeState,Active,Editor,pies.py,6,4
2024-11-03T16:29:11.837-05:00,IdeState,Active,Editor,pies.py,6,4
2024-11-03T16:29:12.355-05:00,Action,EditorEnter,Editor,pies.py,6,4
2024-11-03T16:29:12.839-05:00,IdeState,Active,Editor,pies.py,7,6
2024-11-03T16:29:13.840-05:00,IdeState,Active,Editor,pies.py,7,12
2024-11-03T16:29:14.842-05:00,IdeState,Active,Editor,pies.py,7,13
2024-11-03T16:29:15.843-05:00,IdeState,Active,Editor,pies.py,7,13
2024-11-03T16:29:16.366-05:00,Action,InsertInlineCompletionAction,Editor,pies.py,7,13
2024-11-03T16:29:16.848-05:00,IdeState,Active,Editor,pies.py,7,37
2024-11-03T16:29:17.435-05:00,Action,EditorUp,Editor,pies.py,7,37
2024-11-03T16:29:17.571-05:00,Action,EditorUp,Editor,pies.py,6,4
2024-11-03T16:29:17.849-05:00,IdeState,Active,Editor,pies.py,5,35
2024-11-03T16:29:18.450-05:00,Action,EditorDelete,Editor,pies.py,5,35
2024-11-03T16:29:18.854-05:00,IdeState,Active,Editor,pies.py,5,35
2024-11-03T16:29:19.855-05:00,IdeState,Active,Editor,pies.py,5,35
2024-11-03T16:29:20.857-05:00,IdeState,Active,Editor,pies.py,5,35
2024-11-03T16:29:21.858-05:00,IdeState,Active,Editor,pies.py,6,37
2024-11-03T16:29:22.435-05:00,Action,EditorEnter,Editor,pies.py,6,37
2024-11-03T16:29:22.859-05:00,IdeState,Active,Editor,pies.py,7,5
2024-11-03T16:29:23.860-05:00,IdeState,Active,Editor,pies.py,7,13
2024-11-03T16:29:24.861-05:00,IdeState,Active,Editor,pies.py,7,15
2024-11-03T16:29:25.862-05:00,IdeState,Active,Editor,pies.py,7,21
2024-11-03T16:29:26.863-05:00,IdeState,Active,Editor,pies.py,7,28
2024-11-03T16:29:27.865-05:00,IdeState,Active,Editor,pies.py,7,34
2024-11-03T16:29:28.866-05:00,IdeState,Active,Editor,pies.py,7,39
2024-11-03T16:29:29.096-05:00,Action,EditorEnter,Editor,pies.py,7,39
2024-11-03T16:29:29.868-05:00,IdeState,Active,Editor,pies.py,8,4
2024-11-03T16:29:30.869-05:00,IdeState,Active,Editor,pies.py,8,10
2024-11-03T16:29:30.984-05:00,Action,EditorBackSpace,Editor,pies.py,8,10
2024-11-03T16:29:31.120-05:00,Action,EditorBackSpace,Editor,pies.py,8,9
2024-11-03T16:29:31.287-05:00,Action,EditorBackSpace,Editor,pies.py,8,8
2024-11-03T16:29:31.752-05:00,Action,EditorBackSpace,Editor,pies.py,8,8
2024-11-03T16:29:31.869-05:00,IdeState,Active,Editor,pies.py,8,7
2024-11-03T16:29:31.881-05:00,Action,EditorBackSpace,Editor,pies.py,8,7
2024-11-03T16:29:32.871-05:00,IdeState,Active,Editor,pies.py,8,12
2024-11-03T16:29:33.873-05:00,IdeState,Active,Editor,pies.py,8,19
2024-11-03T16:29:34.159-05:00,Action,EditorBackSpace,Editor,pies.py,8,19
2024-11-03T16:29:34.317-05:00,Action,EditorBackSpace,Editor,pies.py,8,18
2024-11-03T16:29:34.480-05:00,Action,EditorBackSpace,Editor,pies.py,8,17
2024-11-03T16:29:34.875-05:00,IdeState,Active,Editor,pies.py,8,17
2024-11-03T16:29:35.876-05:00,IdeState,Active,Editor,pies.py,8,24
2024-11-03T16:29:36.064-05:00,Action,InsertInlineCompletionAction,Editor,pies.py,8,24
2024-11-03T16:29:36.871-05:00,Action,EditorEnter,Editor,pies.py,8,41
2024-11-03T16:29:36.889-05:00,IdeState,Active,Editor,pies.py,9,0
2024-11-03T16:29:37.040-05:00,Action,EditorEnter,Editor,pies.py,9,0
2024-11-03T16:29:37.891-05:00,IdeState,Active,Editor,pies.py,10,0
2024-11-03T16:29:38.919-05:00,IdeState,Active,Editor,pies.py,10,2
2024-11-03T16:29:39.459-05:00,Action,EditorBackSpace,Editor,pies.py,10,3
2024-11-03T16:29:39.920-05:00,IdeState,Active,Editor,pies.py,10,4
2024-11-03T16:29:40.305-05:00,Action,EditorBackSpace,Editor,pies.py,10,5
2024-11-03T16:29:40.490-05:00,Action,EditorBackSpace,Editor,pies.py,10,4
2024-11-03T16:29:40.922-05:00,IdeState,Active,Editor,pies.py,10,5
2024-11-03T16:29:41.494-05:00,Action,EditorEnter,Editor,pies.py,10,6
2024-11-03T16:29:41.924-05:00,IdeState,Active,Editor,pies.py,11,0
2024-11-03T16:29:42.925-05:00,IdeState,Active,Editor,pies.py,11,5
2024-11-03T16:29:43.410-05:00,Action,EditorEnter,Editor,pies.py,11,6
2024-11-03T16:29:43.927-05:00,IdeState,Active,Editor,pies.py,12,0
2024-11-03T16:29:44.257-05:00,Action,EditorBackSpace,Editor,pies.py,12,1
2024-11-03T16:29:44.928-05:00,IdeState,Active,Editor,pies.py,12,2
2024-11-03T16:29:45.633-05:00,Action,EditorBackSpace,Editor,pies.py,12,4
2024-11-03T16:29:45.809-05:00,Action,EditorBackSpace,Editor,pies.py,12,3
2024-11-03T16:29:45.930-05:00,IdeState,Active,Editor,pies.py,12,2
2024-11-03T16:29:46.932-05:00,IdeState,Active,Editor,pies.py,12,5
2024-11-03T16:29:47.096-05:00,Action,EditorEnter,Editor,pies.py,12,5
2024-11-03T16:29:47.257-05:00,Action,EditorEnter,Editor,pies.py,13,0
2024-11-03T16:29:47.947-05:00,IdeState,Active,Editor,pies.py,14,3
2024-11-03T16:29:48.983-05:00,IdeState,Active,Editor,pies.py,14,10
2024-11-03T16:29:49.241-05:00,Action,EditorBackSpace,Editor,pies.py,14,10
2024-11-03T16:29:49.985-05:00,IdeState,Active,Editor,pies.py,14,14
2024-11-03T16:29:50.987-05:00,IdeState,Active,Editor,pies.py,14,15
2024-11-03T16:29:51.032-05:00,Action,InsertInlineCompletionAction,Editor,pies.py,14,15
2024-11-03T16:29:51.989-05:00,IdeState,Active,Editor,pies.py,14,36
2024-11-03T16:29:52.101-05:00,Action,EditorEnter,Editor,pies.py,14,36
2024-11-03T16:29:52.990-05:00,IdeState,Active,Editor,pies.py,15,1
2024-11-03T16:29:54.021-05:00,IdeState,Active,Editor,pies.py,15,6
2024-11-03T16:29:54.447-05:00,Action,EditorBackSpace,Editor,pies.py,15,6
2024-11-03T16:29:55.022-05:00,IdeState,Active,Editor,pies.py,15,6
2024-11-03T16:29:56.023-05:00,IdeState,Active,Editor,pies.py,15,8
2024-11-03T16:29:56.824-05:00,Action,EditorBackSpace,Editor,pies.py,15,8
2024-11-03T16:29:57.025-05:00,IdeState,Active,Editor,pies.py,15,7
2024-11-03T16:29:58.026-05:00,IdeState,Active,Editor,pies.py,15,8
2024-11-03T16:29:59.027-05:00,IdeState,Active,Editor,pies.py,15,9
2024-11-03T16:29:59.057-05:00,Action,EditorBackSpace,Editor,pies.py,15,9
2024-11-03T16:30:00.028-05:00,IdeState,Active,Editor,pies.py,15,9
2024-11-03T16:30:01.030-05:00,IdeState,Active,Editor,pies.py,15,16
2024-11-03T16:30:01.659-05:00,Action,EditorRight,Editor,pies.py,15,16
2024-11-03T16:30:02.031-05:00,IdeState,Active,Editor,pies.py,15,18
2024-11-03T16:30:03.035-05:00,IdeState,Active,Editor,pies.py,15,22
2024-11-03T16:30:04.037-05:00,IdeState,Active,Editor,pies.py,15,24
2024-11-03T16:30:05.040-05:00,IdeState,Active,Editor,pies.py,15,24
2024-11-03T16:30:06.041-05:00,IdeState,Active,Editor,pies.py,15,24
2024-11-03T16:30:06.578-05:00,Action,Run,Editor,pies.py,15,24
2024-11-03T16:30:07.061-05:00,Execution,"Run:'Python: pies':C:\Python\Python312\python.exe C:\Users\Daniel\PycharmProjects\pythonProject\tasktracker\python\pies.py ",Editor,pies.py,15,24
2024-11-03T16:30:07.102-05:00,IdeState,Active,Editor,pies.py,15,24
2024-11-03T16:30:08.104-05:00,IdeState,Active,Editor,pies.py,15,24
2024-11-03T16:30:09.106-05:00,IdeState,Active,Editor,pies.py,15,24
2024-11-03T16:30:10.107-05:00,IdeState,Active,Editor,pies.py,15,24
2024-11-03T16:30:11.109-05:00,IdeState,Active,Editor,pies.py,15,24
2024-11-03T16:30:12.110-05:00,IdeState,Active,Editor,pies.py,15,24
2024-11-03T16:30:13.111-05:00,IdeState,Active,Editor,pies.py,15,24
2024-11-03T16:30:14.113-05:00,IdeState,Active,Editor,pies.py,15,24
2024-11-03T16:30:15.115-05:00,IdeState,Active,Editor,pies.py,15,24
2024-11-03T16:30:16.116-05:00,IdeState,Active,Editor,pies.py,15,24
2024-11-03T16:30:17.119-05:00,IdeState,Active,Editor,pies.py,15,24
2024-11-03T16:30:18.120-05:00,IdeState,Active,Editor,pies.py,15,24
2024-11-03T16:30:19.122-05:00,IdeState,Active,Editor,pies.py,15,24
2024-11-03T16:30:20.125-05:00,IdeState,Active,Editor,pies.py,8,25
2024-11-03T16:30:21.126-05:00,IdeState,Active,Editor,pies.py,8,25
2024-11-03T16:30:22.127-05:00,IdeState,Active,Editor,pies.py,8,24
2024-11-03T16:30:23.128-05:00,IdeState,Active,Editor,pies.py,8,24
2024-11-03T16:30:24.130-05:00,IdeState,Active,Editor,pies.py,8,24
2024-11-03T16:30:25.131-05:00,IdeState,Active,Editor,pies.py,8,24
2024-11-03T16:30:26.132-05:00,IdeState,Active,Editor,pies.py,15,9
2024-11-03T16:30:27.133-05:00,IdeState,Active,Editor,pies.py,15,9
2024-11-03T16:30:28.134-05:00,IdeState,Active,Editor,pies.py,15,9
2024-11-03T16:30:29.137-05:00,IdeState,Active,Editor,pies.py,6,34
2024-11-03T16:30:30.138-05:00,IdeState,Active,Editor,pies.py,6,34
2024-11-03T16:30:30.445-05:00,Action,Run,Editor,pies.py,6,34
2024-11-03T16:30:30.626-05:00,Execution,"Run:'Python: pies':C:\Python\Python312\python.exe C:\Users\Daniel\PycharmProjects\pythonProject\tasktracker\python\pies.py ",Editor,pies.py,6,34
2024-11-03T16:30:31.139-05:00,IdeState,Active,Editor,pies.py,6,34
2024-11-03T16:30:32.140-05:00,IdeState,Active,Editor,pies.py,6,34
2024-11-03T16:30:33.142-05:00,IdeState,Active,Editor,pies.py,6,34
2024-11-03T16:30:34.147-05:00,IdeState,Active,Editor,pies.py,6,34
2024-11-03T16:30:35.148-05:00,IdeState,Active,Editor,pies.py,6,34
2024-11-03T16:30:36.151-05:00,IdeState,Active,Editor,pies.py,6,34
2024-11-03T16:30:37.152-05:00,IdeState,Active,Editor,pies.py,6,34
2024-11-03T16:30:38.153-05:00,IdeState,Active,Editor,pies.py,10,6
2024-11-03T16:30:38.953-05:00,Action,EditorBackSpace,Editor,pies.py,10,6
2024-11-03T16:30:39.152-05:00,Action,EditorBackSpace,Editor,pies.py,10,5
2024-11-03T16:30:39.158-05:00,IdeState,Active,Editor,pies.py,10,4
2024-11-03T16:30:40.014-05:00,Action,EditorDown,Editor,pies.py,10,5
2024-11-03T16:30:40.162-05:00,IdeState,Active,Editor,pies.py,11,5
2024-11-03T16:30:41.163-05:00,IdeState,Active,Editor,pies.py,11,5
2024-11-03T16:30:41.227-05:00,Action,EditorBackSpace,Editor,pies.py,11,5
2024-11-03T16:30:41.613-05:00,Action,EditorRight,Editor,pies.py,11,4
2024-11-03T16:30:42.165-05:00,IdeState,Active,Editor,pies.py,11,5
2024-11-03T16:30:42.690-05:00,Action,EditorDown,Editor,pies.py,11,6
2024-11-03T16:30:43.036-05:00,Action,EditorBackSpace,Editor,pies.py,12,5
2024-11-03T16:30:43.166-05:00,IdeState,Active,Editor,pies.py,12,5
2024-11-03T16:30:44.169-05:00,IdeState,Active,Editor,pies.py,12,5
2024-11-03T16:30:45.027-05:00,Action,Run,Editor,pies.py,12,5
2024-11-03T16:30:45.145-05:00,Execution,"Run:'Python: pies':C:\Python\Python312\python.exe C:\Users\Daniel\PycharmProjects\pythonProject\tasktracker\python\pies.py ",Editor,pies.py,12,5
2024-11-03T16:30:45.204-05:00,IdeState,Active,Editor,pies.py,12,5
2024-11-03T16:30:46.205-05:00,IdeState,Active,Editor,pies.py,12,5
2024-11-03T16:30:47.207-05:00,IdeState,Active,Editor,pies.py,12,5
2024-11-03T16:30:48.208-05:00,IdeState,Active,Editor,pies.py,12,5
2024-11-03T16:30:49.210-05:00,IdeState,Active,Editor,pies.py,12,5
