2024-11-03T16:51:24.961-05:00,IdeState,Active,Editor,pies.py,15,24
2024-11-03T16:51:25.963-05:00,IdeState,Active,tasktracker,pies.py,15,24
2024-11-03T16:51:26.964-05:00,IdeState,Active,Project,*,-1,-1
2024-11-03T16:51:27.965-05:00,IdeState,Active,Project,*,-1,-1
2024-11-03T16:51:28.968-05:00,IdeState,Active,Project,*,-1,-1
2024-11-03T16:51:29.970-05:00,IdeState,Active,Project,*,-1,-1
2024-11-03T16:51:30.972-05:00,IdeState,Inactive,,*,-1,-1
2024-11-03T16:51:31.973-05:00,IdeState,Inactive,,*,-1,-1
2024-11-03T16:51:32.974-05:00,IdeState,Inactive,,*,-1,-1
2024-11-03T16:51:33.976-05:00,IdeState,Inactive,,*,-1,-1
2024-11-03T16:51:34.979-05:00,IdeState,Inactive,,*,-1,-1
2024-11-03T16:51:35.980-05:00,IdeState,Inactive,,*,-1,-1
2024-11-03T16:51:36.982-05:00,IdeState,Inactive,,*,-1,-1
2024-11-03T16:51:37.983-05:00,IdeState,Inactive,,*,-1,-1
2024-11-03T16:51:38.984-05:00,IdeState,Inactive,,*,-1,-1
2024-11-03T16:51:39.985-05:00,IdeState,Inactive,,*,-1,-1
2024-11-03T16:51:40.987-05:00,IdeState,Inactive,,*,-1,-1
2024-11-03T16:51:41.988-05:00,IdeState,Inactive,,*,-1,-1
2024-11-03T16:51:42.990-05:00,IdeState,Inactive,,*,-1,-1
2024-11-03T16:51:43.991-05:00,IdeState,Inactive,,*,-1,-1
2024-11-03T16:51:44.993-05:00,IdeState,Inactive,,*,-1,-1
2024-11-03T16:51:45.997-05:00,IdeState,Inactive,,*,-1,-1
2024-11-03T16:51:46.998-05:00,IdeState,Inactive,,*,-1,-1
2024-11-03T16:51:48.000-05:00,IdeState,Inactive,,*,-1,-1
2024-11-03T16:51:49.002-05:00,IdeState,Inactive,,*,-1,-1
2024-11-03T16:51:50.003-05:00,IdeState,Inactive,,*,-1,-1
2024-11-03T16:51:51.006-05:00,IdeState,Inactive,,*,-1,-1
2024-11-03T16:51:52.007-05:00,IdeState,Inactive,,*,-1,-1
2024-11-03T16:51:53.008-05:00,IdeState,Inactive,,*,-1,-1
2024-11-03T16:51:54.009-05:00,IdeState,Inactive,,*,-1,-1
2024-11-03T16:51:55.010-05:00,IdeState,Inactive,,*,-1,-1
2024-11-03T16:51:56.011-05:00,IdeState,Inactive,,*,-1,-1
2024-11-03T16:51:57.013-05:00,IdeState,Inactive,,*,-1,-1
2024-11-03T16:51:58.014-05:00,IdeState,Inactive,,*,-1,-1
2024-11-03T16:51:59.015-05:00,IdeState,Inactive,,*,-1,-1
2024-11-03T16:52:00.017-05:00,IdeState,Inactive,,*,-1,-1
2024-11-03T16:52:01.017-05:00,IdeState,Inactive,,*,-1,-1
2024-11-03T16:52:02.018-05:00,IdeState,Inactive,,*,-1,-1
2024-11-03T16:52:03.019-05:00,IdeState,Inactive,,*,-1,-1
2024-11-03T16:52:04.020-05:00,IdeState,Inactive,,*,-1,-1
2024-11-03T16:52:05.022-05:00,IdeState,Inactive,,*,-1,-1
2024-11-03T16:52:06.023-05:00,IdeState,Inactive,,*,-1,-1
2024-11-03T16:52:07.025-05:00,IdeState,Inactive,,*,-1,-1
2024-11-03T16:52:08.027-05:00,IdeState,Inactive,,*,-1,-1
2024-11-03T16:52:09.028-05:00,IdeState,Inactive,,*,-1,-1
2024-11-03T16:52:10.031-05:00,IdeState,Inactive,,*,-1,-1
2024-11-03T16:52:11.034-05:00,IdeState,Inactive,,*,-1,-1
2024-11-03T16:52:12.035-05:00,IdeState,Inactive,,*,-1,-1
2024-11-03T16:52:13.035-05:00,IdeState,Inactive,,*,-1,-1
2024-11-03T16:52:14.036-05:00,IdeState,Inactive,,*,-1,-1
2024-11-03T16:52:15.039-05:00,IdeState,Inactive,,*,-1,-1
2024-11-03T16:52:16.041-05:00,IdeState,Inactive,,*,-1,-1
2024-11-03T16:52:17.043-05:00,IdeState,Inactive,,*,-1,-1
2024-11-03T16:52:18.045-05:00,IdeState,Inactive,,*,-1,-1
2024-11-03T16:52:19.047-05:00,IdeState,Inactive,,*,-1,-1
2024-11-03T16:52:20.048-05:00,IdeState,Inactive,,*,-1,-1
2024-11-03T16:52:21.049-05:00,IdeState,Inactive,,*,-1,-1
2024-11-03T16:52:22.052-05:00,IdeState,Inactive,,*,-1,-1
2024-11-03T16:52:23.054-05:00,IdeState,Inactive,,*,-1,-1
2024-11-03T16:52:24.057-05:00,IdeState,Inactive,,*,-1,-1
2024-11-03T16:52:25.058-05:00,IdeState,Inactive,,*,-1,-1
2024-11-03T16:52:26.060-05:00,IdeState,Inactive,,*,-1,-1
2024-11-03T16:52:27.062-05:00,IdeState,Inactive,,*,-1,-1
2024-11-03T16:52:28.062-05:00,IdeState,Inactive,,*,-1,-1
2024-11-03T16:52:29.064-05:00,IdeState,Inactive,,*,-1,-1
2024-11-03T16:52:30.066-05:00,IdeState,Inactive,,*,-1,-1
2024-11-03T16:52:31.069-05:00,IdeState,Inactive,,*,-1,-1
2024-11-03T16:52:32.069-05:00,IdeState,Inactive,,*,-1,-1
2024-11-03T16:52:33.070-05:00,IdeState,Inactive,,*,-1,-1
2024-11-03T16:52:34.071-05:00,IdeState,Inactive,,*,-1,-1
2024-11-03T16:52:35.072-05:00,IdeState,Inactive,,*,-1,-1
2024-11-03T16:52:36.075-05:00,IdeState,Inactive,,*,-1,-1
2024-11-03T16:52:37.075-05:00,IdeState,Inactive,,*,-1,-1
2024-11-03T16:52:38.079-05:00,IdeState,Inactive,,*,-1,-1
2024-11-03T16:52:39.081-05:00,IdeState,Inactive,,*,-1,-1
2024-11-03T16:52:40.082-05:00,IdeState,Inactive,,*,-1,-1
2024-11-03T16:52:41.084-05:00,IdeState,Inactive,,*,-1,-1
2024-11-03T16:52:42.085-05:00,IdeState,Inactive,,*,-1,-1
2024-11-03T16:52:43.086-05:00,IdeState,Inactive,,*,-1,-1
2024-11-03T16:52:44.088-05:00,IdeState,Inactive,,*,-1,-1
2024-11-03T16:52:45.090-05:00,IdeState,Inactive,,*,-1,-1
2024-11-03T16:52:46.092-05:00,IdeState,Inactive,,*,-1,-1
2024-11-03T16:52:47.094-05:00,IdeState,Inactive,,*,-1,-1
2024-11-03T16:52:48.097-05:00,IdeState,Inactive,,*,-1,-1
2024-11-03T16:52:49.098-05:00,IdeState,Inactive,,*,-1,-1
2024-11-03T16:52:50.100-05:00,IdeState,Inactive,,*,-1,-1
2024-11-03T16:52:51.102-05:00,IdeState,Inactive,,*,-1,-1
2024-11-03T16:52:52.103-05:00,IdeState,Inactive,,*,-1,-1
2024-11-03T16:52:53.105-05:00,IdeState,Inactive,,*,-1,-1
2024-11-03T16:52:54.107-05:00,IdeState,Inactive,,*,-1,-1
2024-11-03T16:52:55.109-05:00,IdeState,Inactive,,*,-1,-1
2024-11-03T16:52:56.112-05:00,IdeState,Inactive,,*,-1,-1
2024-11-03T16:52:57.113-05:00,IdeState,Inactive,,*,-1,-1
2024-11-03T16:52:58.114-05:00,IdeState,Inactive,,*,-1,-1
2024-11-03T16:52:59.115-05:00,IdeState,Inactive,,*,-1,-1
2024-11-03T16:53:00.117-05:00,IdeState,Inactive,,*,-1,-1
2024-11-03T16:53:01.119-05:00,IdeState,Inactive,,*,-1,-1
2024-11-03T16:53:02.121-05:00,IdeState,Inactive,,*,-1,-1
2024-11-03T16:53:03.121-05:00,IdeState,Inactive,,*,-1,-1
2024-11-03T16:53:04.122-05:00,IdeState,Inactive,,*,-1,-1
2024-11-03T16:53:05.124-05:00,IdeState,Inactive,,*,-1,-1
2024-11-03T16:53:06.125-05:00,IdeState,Inactive,,*,-1,-1
2024-11-03T16:53:07.127-05:00,IdeState,Inactive,,*,-1,-1
2024-11-03T16:53:08.129-05:00,IdeState,Inactive,,*,-1,-1
2024-11-03T16:53:09.130-05:00,IdeState,Inactive,,*,-1,-1
2024-11-03T16:53:10.131-05:00,IdeState,Inactive,,*,-1,-1
2024-11-03T16:53:11.132-05:00,IdeState,Inactive,,*,-1,-1
2024-11-03T16:53:12.133-05:00,IdeState,Inactive,,*,-1,-1
2024-11-03T16:53:13.136-05:00,IdeState,Inactive,,*,-1,-1
2024-11-03T16:53:14.137-05:00,IdeState,Inactive,,*,-1,-1
2024-11-03T16:53:15.139-05:00,IdeState,Inactive,,*,-1,-1
2024-11-03T16:53:16.141-05:00,IdeState,Inactive,,*,-1,-1
2024-11-03T16:53:17.143-05:00,IdeState,Inactive,,*,-1,-1
2024-11-03T16:53:18.144-05:00,IdeState,Inactive,,*,-1,-1
2024-11-03T16:53:19.145-05:00,IdeState,Inactive,,*,-1,-1
2024-11-03T16:53:20.147-05:00,IdeState,Inactive,,*,-1,-1
2024-11-03T16:53:21.149-05:00,IdeState,Inactive,,*,-1,-1
2024-11-03T16:53:22.150-05:00,IdeState,Inactive,,*,-1,-1
2024-11-03T16:53:23.152-05:00,IdeState,Inactive,,*,-1,-1
2024-11-03T16:53:24.154-05:00,IdeState,Inactive,,*,-1,-1
2024-11-03T16:53:25.155-05:00,IdeState,Inactive,,*,-1,-1
2024-11-03T16:53:26.157-05:00,IdeState,Inactive,,*,-1,-1
2024-11-03T16:53:27.158-05:00,IdeState,Inactive,,*,-1,-1
2024-11-03T16:53:28.160-05:00,IdeState,Inactive,,*,-1,-1
2024-11-03T16:53:29.164-05:00,IdeState,Inactive,,*,-1,-1
2024-11-03T16:53:30.164-05:00,IdeState,Inactive,,*,-1,-1
2024-11-03T16:53:31.167-05:00,IdeState,Inactive,,*,-1,-1
2024-11-03T16:53:32.168-05:00,IdeState,Inactive,,*,-1,-1
2024-11-03T16:53:33.170-05:00,IdeState,Inactive,,*,-1,-1
2024-11-03T16:53:34.172-05:00,IdeState,Inactive,,*,-1,-1
2024-11-03T16:53:35.173-05:00,IdeState,Inactive,,*,-1,-1
2024-11-03T16:53:36.175-05:00,IdeState,Inactive,,*,-1,-1
2024-11-03T16:53:37.176-05:00,IdeState,Inactive,,*,-1,-1
2024-11-03T16:53:38.177-05:00,IdeState,Inactive,,*,-1,-1
2024-11-03T16:53:39.179-05:00,IdeState,Inactive,,*,-1,-1
2024-11-03T16:53:40.181-05:00,IdeState,Inactive,,*,-1,-1
2024-11-03T16:53:41.183-05:00,IdeState,Inactive,,*,-1,-1
2024-11-03T16:53:42.185-05:00,IdeState,Inactive,,*,-1,-1
2024-11-03T16:53:43.187-05:00,IdeState,Inactive,,*,-1,-1
2024-11-03T16:53:44.188-05:00,IdeState,Inactive,,*,-1,-1
2024-11-03T16:53:45.190-05:00,IdeState,Inactive,,*,-1,-1
2024-11-03T16:53:46.191-05:00,IdeState,Inactive,,*,-1,-1
2024-11-03T16:53:47.192-05:00,IdeState,Inactive,,*,-1,-1
2024-11-03T16:53:48.193-05:00,IdeState,Inactive,,*,-1,-1
2024-11-03T16:53:49.193-05:00,IdeState,Inactive,,*,-1,-1
2024-11-03T16:53:50.197-05:00,IdeState,Inactive,,*,-1,-1
2024-11-03T16:53:51.198-05:00,IdeState,Inactive,,*,-1,-1
2024-11-03T16:53:52.199-05:00,IdeState,Inactive,,*,-1,-1
2024-11-03T16:53:53.201-05:00,IdeState,Inactive,,*,-1,-1
2024-11-03T16:53:54.202-05:00,IdeState,Inactive,,*,-1,-1
2024-11-03T16:53:55.203-05:00,IdeState,Inactive,,*,-1,-1
2024-11-03T16:53:56.204-05:00,IdeState,Inactive,,*,-1,-1
2024-11-03T16:53:57.204-05:00,IdeState,Inactive,,*,-1,-1
2024-11-03T16:53:58.206-05:00,IdeState,Inactive,,*,-1,-1
2024-11-03T16:53:59.208-05:00,IdeState,Inactive,,*,-1,-1
2024-11-03T16:54:00.210-05:00,IdeState,Inactive,,*,-1,-1
2024-11-03T16:54:01.211-05:00,IdeState,Inactive,,*,-1,-1
2024-11-03T16:54:02.212-05:00,IdeState,Inactive,,*,-1,-1
2024-11-03T16:54:03.214-05:00,IdeState,Inactive,,*,-1,-1
2024-11-03T16:54:04.214-05:00,IdeState,Inactive,,*,-1,-1
2024-11-03T16:54:05.216-05:00,IdeState,Inactive,,*,-1,-1
2024-11-03T16:54:06.217-05:00,IdeState,Inactive,,*,-1,-1
2024-11-03T16:54:07.218-05:00,IdeState,Inactive,,*,-1,-1
2024-11-03T16:54:08.220-05:00,IdeState,Inactive,,*,-1,-1
2024-11-03T16:54:09.221-05:00,IdeState,Inactive,,*,-1,-1
2024-11-03T16:54:10.221-05:00,IdeState,Inactive,,*,-1,-1
2024-11-03T16:54:11.224-05:00,IdeState,Inactive,,*,-1,-1
2024-11-03T16:54:12.225-05:00,IdeState,Inactive,,*,-1,-1
2024-11-03T16:54:13.227-05:00,IdeState,Inactive,,*,-1,-1
2024-11-03T16:54:14.228-05:00,IdeState,Inactive,,*,-1,-1
2024-11-03T16:54:15.229-05:00,IdeState,Inactive,,*,-1,-1
2024-11-03T16:54:16.233-05:00,IdeState,Inactive,,*,-1,-1
2024-11-03T16:54:17.234-05:00,IdeState,Inactive,,*,-1,-1
2024-11-03T16:54:18.237-05:00,IdeState,Inactive,,*,-1,-1
2024-11-03T16:54:19.239-05:00,IdeState,Inactive,,*,-1,-1
2024-11-03T16:54:20.241-05:00,IdeState,Inactive,,*,-1,-1
2024-11-03T16:54:21.242-05:00,IdeState,Inactive,,*,-1,-1
2024-11-03T16:54:22.244-05:00,IdeState,Inactive,,*,-1,-1
2024-11-03T16:54:23.248-05:00,IdeState,Inactive,,*,-1,-1
2024-11-03T16:54:24.249-05:00,IdeState,Inactive,,*,-1,-1
2024-11-03T16:54:25.249-05:00,IdeState,Inactive,,*,-1,-1
2024-11-03T16:54:26.250-05:00,IdeState,Inactive,,*,-1,-1
2024-11-03T16:54:27.252-05:00,IdeState,Inactive,,*,-1,-1
2024-11-03T16:54:28.255-05:00,IdeState,Inactive,,*,-1,-1
2024-11-03T16:54:29.257-05:00,IdeState,Inactive,,*,-1,-1
2024-11-03T16:54:30.259-05:00,IdeState,Inactive,,*,-1,-1
2024-11-03T16:54:31.259-05:00,IdeState,Inactive,,*,-1,-1
2024-11-03T16:54:32.260-05:00,IdeState,Inactive,,*,-1,-1
2024-11-03T16:54:33.262-05:00,IdeState,Inactive,,*,-1,-1
2024-11-03T16:54:34.262-05:00,IdeState,Inactive,,*,-1,-1
2024-11-03T16:54:35.263-05:00,IdeState,Inactive,,*,-1,-1
2024-11-03T16:54:36.264-05:00,IdeState,Inactive,,*,-1,-1
2024-11-03T16:54:37.266-05:00,IdeState,Inactive,,*,-1,-1
2024-11-03T16:54:38.268-05:00,IdeState,Inactive,,*,-1,-1
2024-11-03T16:54:39.269-05:00,IdeState,Inactive,,*,-1,-1
2024-11-03T16:54:40.270-05:00,IdeState,Inactive,,*,-1,-1
2024-11-03T16:54:41.272-05:00,IdeState,Inactive,,*,-1,-1
2024-11-03T16:54:42.274-05:00,IdeState,Inactive,,*,-1,-1
2024-11-03T16:54:43.276-05:00,IdeState,Inactive,,*,-1,-1
2024-11-03T16:54:44.277-05:00,IdeState,Inactive,,*,-1,-1
2024-11-03T16:54:45.278-05:00,IdeState,Inactive,,*,-1,-1
2024-11-03T16:54:46.278-05:00,IdeState,Inactive,,*,-1,-1
2024-11-03T16:54:47.279-05:00,IdeState,Inactive,,*,-1,-1
2024-11-03T16:54:48.280-05:00,IdeState,Inactive,,*,-1,-1
2024-11-03T16:54:49.281-05:00,IdeState,Inactive,,*,-1,-1
2024-11-03T16:54:50.283-05:00,IdeState,Inactive,,*,-1,-1
2024-11-03T16:54:51.285-05:00,IdeState,Inactive,,*,-1,-1
2024-11-03T16:54:52.287-05:00,IdeState,Inactive,,*,-1,-1
2024-11-03T16:54:53.288-05:00,IdeState,Inactive,,*,-1,-1
2024-11-03T16:54:54.289-05:00,IdeState,Inactive,,*,-1,-1
2024-11-03T16:54:55.290-05:00,IdeState,Inactive,,*,-1,-1
2024-11-03T16:54:56.290-05:00,IdeState,Inactive,,*,-1,-1
2024-11-03T16:54:57.292-05:00,IdeState,Inactive,,*,-1,-1
2024-11-03T16:54:58.293-05:00,IdeState,Inactive,,*,-1,-1
2024-11-03T16:54:59.294-05:00,IdeState,Inactive,,*,-1,-1
2024-11-03T16:55:00.296-05:00,IdeState,Inactive,,*,-1,-1
2024-11-03T16:55:01.297-05:00,IdeState,Inactive,,*,-1,-1
2024-11-03T16:55:02.299-05:00,IdeState,Inactive,,*,-1,-1
2024-11-03T16:55:03.300-05:00,IdeState,Inactive,,*,-1,-1
2024-11-03T16:55:04.301-05:00,IdeState,Inactive,,*,-1,-1
2024-11-03T16:55:05.303-05:00,IdeState,Inactive,,*,-1,-1
2024-11-03T16:55:06.303-05:00,IdeState,Inactive,,*,-1,-1
2024-11-03T16:55:07.305-05:00,IdeState,Inactive,,*,-1,-1
2024-11-03T16:55:08.307-05:00,IdeState,Inactive,,*,-1,-1
2024-11-03T16:55:09.308-05:00,IdeState,Inactive,,*,-1,-1
2024-11-03T16:55:10.309-05:00,IdeState,Inactive,,*,-1,-1
2024-11-03T16:55:11.312-05:00,IdeState,Inactive,,*,-1,-1
2024-11-03T16:55:12.313-05:00,IdeState,Inactive,,*,-1,-1
2024-11-03T16:55:13.315-05:00,IdeState,Inactive,,*,-1,-1
2024-11-03T16:55:14.317-05:00,IdeState,Inactive,,*,-1,-1
2024-11-03T16:55:15.318-05:00,IdeState,Inactive,,*,-1,-1
2024-11-03T16:55:16.320-05:00,IdeState,Inactive,,*,-1,-1
2024-11-03T16:55:17.323-05:00,IdeState,Inactive,,*,-1,-1
2024-11-03T16:55:18.324-05:00,IdeState,Inactive,,*,-1,-1
2024-11-03T16:55:19.325-05:00,IdeState,Inactive,,*,-1,-1
2024-11-03T16:55:20.327-05:00,IdeState,Inactive,,*,-1,-1
2024-11-03T16:55:21.328-05:00,IdeState,Inactive,,*,-1,-1
2024-11-03T16:55:22.330-05:00,IdeState,Inactive,,*,-1,-1
2024-11-03T16:55:23.331-05:00,IdeState,Inactive,,*,-1,-1
2024-11-03T16:55:24.332-05:00,IdeState,Inactive,,*,-1,-1
2024-11-03T16:55:25.333-05:00,IdeState,Inactive,,*,-1,-1
2024-11-03T16:55:26.334-05:00,IdeState,Inactive,,*,-1,-1
2024-11-03T16:55:27.336-05:00,IdeState,Inactive,,*,-1,-1
2024-11-03T16:55:28.337-05:00,IdeState,Inactive,,*,-1,-1
2024-11-03T16:55:29.338-05:00,IdeState,Inactive,,*,-1,-1
2024-11-03T16:55:30.338-05:00,IdeState,Inactive,,*,-1,-1
2024-11-03T16:55:31.339-05:00,IdeState,Inactive,,*,-1,-1
2024-11-03T16:55:32.340-05:00,IdeState,Inactive,,*,-1,-1
2024-11-03T16:55:33.341-05:00,IdeState,Inactive,,*,-1,-1
2024-11-03T16:55:34.342-05:00,IdeState,Inactive,,*,-1,-1
2024-11-03T16:55:35.343-05:00,IdeState,Inactive,,*,-1,-1
2024-11-03T16:55:36.345-05:00,IdeState,Inactive,,*,-1,-1
2024-11-03T16:55:37.347-05:00,IdeState,Inactive,,*,-1,-1
2024-11-03T16:55:38.349-05:00,IdeState,Inactive,,*,-1,-1
2024-11-03T16:55:39.350-05:00,IdeState,Inactive,,*,-1,-1
2024-11-03T16:55:40.351-05:00,IdeState,Inactive,,*,-1,-1
2024-11-03T16:55:41.353-05:00,IdeState,Inactive,,*,-1,-1
2024-11-03T16:55:42.354-05:00,IdeState,Inactive,,*,-1,-1
2024-11-03T16:55:43.356-05:00,IdeState,Inactive,,*,-1,-1
2024-11-03T16:55:44.357-05:00,IdeState,Inactive,,*,-1,-1
2024-11-03T16:55:45.357-05:00,IdeState,Inactive,,*,-1,-1
2024-11-03T16:55:46.358-05:00,IdeState,Inactive,,*,-1,-1
2024-11-03T16:55:47.359-05:00,IdeState,Inactive,,*,-1,-1
2024-11-03T16:55:48.361-05:00,IdeState,Inactive,,*,-1,-1
2024-11-03T16:55:49.363-05:00,IdeState,Inactive,,*,-1,-1
2024-11-03T16:55:50.364-05:00,IdeState,Inactive,,*,-1,-1
2024-11-03T16:55:51.365-05:00,IdeState,Inactive,,*,-1,-1
2024-11-03T16:55:52.367-05:00,IdeState,Inactive,,*,-1,-1
2024-11-03T16:55:53.368-05:00,IdeState,Inactive,,*,-1,-1
2024-11-03T16:55:54.369-05:00,IdeState,Inactive,,*,-1,-1
2024-11-03T16:55:55.371-05:00,IdeState,Inactive,,*,-1,-1
2024-11-03T16:55:56.373-05:00,IdeState,Inactive,,*,-1,-1
2024-11-03T16:55:57.375-05:00,IdeState,Inactive,,*,-1,-1
2024-11-03T16:55:58.377-05:00,IdeState,Inactive,,*,-1,-1
2024-11-03T16:55:59.378-05:00,IdeState,Inactive,,*,-1,-1
2024-11-03T16:56:00.380-05:00,IdeState,Inactive,,*,-1,-1
2024-11-03T16:56:01.382-05:00,IdeState,Inactive,,*,-1,-1
2024-11-03T16:56:02.383-05:00,IdeState,Inactive,,*,-1,-1
2024-11-03T16:56:03.384-05:00,IdeState,Inactive,,*,-1,-1
2024-11-03T16:56:04.385-05:00,IdeState,Inactive,,*,-1,-1
2024-11-03T16:56:05.387-05:00,IdeState,Inactive,,*,-1,-1
2024-11-03T16:56:06.388-05:00,IdeState,Inactive,,*,-1,-1
2024-11-03T16:56:07.389-05:00,IdeState,Inactive,,*,-1,-1
2024-11-03T16:56:08.390-05:00,IdeState,Inactive,,*,-1,-1
2024-11-03T16:56:09.391-05:00,IdeState,Inactive,,*,-1,-1
2024-11-03T16:56:10.392-05:00,IdeState,Inactive,,*,-1,-1
2024-11-03T16:56:11.393-05:00,IdeState,Inactive,,*,-1,-1
2024-11-03T16:56:12.394-05:00,IdeState,Inactive,,*,-1,-1
2024-11-03T16:56:13.396-05:00,IdeState,Inactive,,*,-1,-1
2024-11-03T16:56:14.398-05:00,IdeState,Inactive,,*,-1,-1
2024-11-03T16:56:15.399-05:00,IdeState,Inactive,,*,-1,-1
2024-11-03T16:56:16.400-05:00,IdeState,Inactive,,*,-1,-1
2024-11-03T16:56:17.402-05:00,IdeState,Inactive,,*,-1,-1
2024-11-03T16:56:18.404-05:00,IdeState,Inactive,,*,-1,-1
2024-11-03T16:56:19.406-05:00,IdeState,Inactive,,*,-1,-1
2024-11-03T16:56:20.407-05:00,IdeState,Inactive,,*,-1,-1
2024-11-03T16:56:21.408-05:00,IdeState,Inactive,,*,-1,-1
2024-11-03T16:56:22.411-05:00,IdeState,Inactive,,*,-1,-1
2024-11-03T16:56:23.413-05:00,IdeState,Inactive,,*,-1,-1
2024-11-03T16:56:24.414-05:00,IdeState,Inactive,,*,-1,-1
2024-11-03T16:56:25.415-05:00,IdeState,Inactive,,*,-1,-1
2024-11-03T16:56:26.416-05:00,IdeState,Inactive,,*,-1,-1
2024-11-03T16:56:27.418-05:00,IdeState,Inactive,,*,-1,-1
2024-11-03T16:56:28.419-05:00,IdeState,Inactive,,*,-1,-1
2024-11-03T16:56:29.420-05:00,IdeState,Inactive,,*,-1,-1
2024-11-03T16:56:30.424-05:00,IdeState,Inactive,,*,-1,-1
2024-11-03T16:56:31.426-05:00,IdeState,Inactive,,*,-1,-1
2024-11-03T16:56:32.427-05:00,IdeState,Inactive,,*,-1,-1
2024-11-03T16:56:33.428-05:00,IdeState,Inactive,,*,-1,-1
2024-11-03T16:56:34.429-05:00,IdeState,Inactive,,*,-1,-1
2024-11-03T16:56:35.430-05:00,IdeState,Inactive,,*,-1,-1
2024-11-03T16:56:36.432-05:00,IdeState,Inactive,,*,-1,-1
2024-11-03T16:56:37.434-05:00,IdeState,Inactive,,*,-1,-1
2024-11-03T16:56:38.435-05:00,IdeState,Inactive,,*,-1,-1
2024-11-03T16:56:39.436-05:00,IdeState,Inactive,,*,-1,-1
2024-11-03T16:56:40.436-05:00,IdeState,Inactive,,*,-1,-1
2024-11-03T16:56:41.438-05:00,IdeState,Inactive,,*,-1,-1
2024-11-03T16:56:42.439-05:00,IdeState,Inactive,,*,-1,-1
2024-11-03T16:56:43.440-05:00,IdeState,Inactive,,*,-1,-1
2024-11-03T16:56:44.440-05:00,IdeState,Inactive,,*,-1,-1
2024-11-03T16:56:45.442-05:00,IdeState,Inactive,,*,-1,-1
2024-11-03T16:56:46.443-05:00,IdeState,Inactive,,*,-1,-1
2024-11-03T16:56:47.445-05:00,IdeState,Inactive,,*,-1,-1
2024-11-03T16:56:48.447-05:00,IdeState,Inactive,,*,-1,-1
2024-11-03T16:56:49.448-05:00,IdeState,Inactive,,*,-1,-1
2024-11-03T16:56:50.448-05:00,IdeState,Inactive,,*,-1,-1
2024-11-03T16:56:51.450-05:00,IdeState,Inactive,,*,-1,-1
2024-11-03T16:56:52.452-05:00,IdeState,Inactive,,*,-1,-1
2024-11-03T16:56:53.454-05:00,IdeState,Inactive,,*,-1,-1
2024-11-03T16:56:54.454-05:00,IdeState,Inactive,,*,-1,-1
2024-11-03T16:56:55.455-05:00,IdeState,Inactive,,*,-1,-1
2024-11-03T16:56:56.456-05:00,IdeState,Inactive,,*,-1,-1
2024-11-03T16:56:57.458-05:00,IdeState,Inactive,,*,-1,-1
2024-11-03T16:56:58.459-05:00,IdeState,Inactive,,*,-1,-1
2024-11-03T16:56:59.460-05:00,IdeState,Inactive,,*,-1,-1
2024-11-03T16:57:00.461-05:00,IdeState,Inactive,,*,-1,-1
2024-11-03T16:57:01.461-05:00,IdeState,Inactive,,*,-1,-1
2024-11-03T16:57:02.462-05:00,IdeState,Inactive,,*,-1,-1
2024-11-03T16:57:03.464-05:00,IdeState,Inactive,,*,-1,-1
2024-11-03T16:57:04.465-05:00,IdeState,Inactive,,*,-1,-1
2024-11-03T16:57:05.467-05:00,IdeState,Inactive,,*,-1,-1
2024-11-03T16:57:06.468-05:00,IdeState,Inactive,,*,-1,-1
2024-11-03T16:57:07.469-05:00,IdeState,Inactive,,*,-1,-1
2024-11-03T16:57:08.470-05:00,IdeState,Inactive,,*,-1,-1
2024-11-03T16:57:09.471-05:00,IdeState,Inactive,,*,-1,-1
2024-11-03T16:57:10.473-05:00,IdeState,Inactive,,*,-1,-1
2024-11-03T16:57:11.474-05:00,IdeState,Inactive,,*,-1,-1
2024-11-03T16:57:12.475-05:00,IdeState,Inactive,,*,-1,-1
2024-11-03T16:57:13.477-05:00,IdeState,Inactive,,*,-1,-1
2024-11-03T16:57:14.478-05:00,IdeState,Inactive,,*,-1,-1
2024-11-03T16:57:15.480-05:00,IdeState,Inactive,,*,-1,-1
2024-11-03T16:57:16.483-05:00,IdeState,Inactive,,*,-1,-1
2024-11-03T16:57:17.484-05:00,IdeState,Inactive,,*,-1,-1
2024-11-03T16:57:18.485-05:00,IdeState,Inactive,,*,-1,-1
2024-11-03T16:57:19.486-05:00,IdeState,Inactive,,*,-1,-1
2024-11-03T16:57:20.486-05:00,IdeState,Inactive,,*,-1,-1
2024-11-03T16:57:21.487-05:00,IdeState,Inactive,,*,-1,-1
2024-11-03T16:57:22.488-05:00,IdeState,Inactive,,*,-1,-1
2024-11-03T16:57:23.490-05:00,IdeState,Inactive,,*,-1,-1
2024-11-03T16:57:24.491-05:00,IdeState,Inactive,,*,-1,-1
2024-11-03T16:57:25.492-05:00,IdeState,Inactive,,*,-1,-1
2024-11-03T16:57:26.494-05:00,IdeState,Inactive,,*,-1,-1
2024-11-03T16:57:27.495-05:00,IdeState,Inactive,,*,-1,-1
2024-11-03T16:57:28.496-05:00,IdeState,Inactive,,*,-1,-1
2024-11-03T16:57:29.498-05:00,IdeState,Inactive,,*,-1,-1
2024-11-03T16:57:30.499-05:00,IdeState,Inactive,,*,-1,-1
2024-11-03T16:57:31.501-05:00,IdeState,Inactive,,*,-1,-1
2024-11-03T16:57:32.502-05:00,IdeState,Inactive,,*,-1,-1
2024-11-03T16:57:33.504-05:00,IdeState,Inactive,,*,-1,-1
2024-11-03T16:57:34.505-05:00,IdeState,Inactive,,*,-1,-1
2024-11-03T16:57:35.506-05:00,IdeState,Inactive,,*,-1,-1
2024-11-03T16:57:36.507-05:00,IdeState,Inactive,,*,-1,-1
2024-11-03T16:57:37.508-05:00,IdeState,Inactive,,*,-1,-1
2024-11-03T16:57:38.509-05:00,IdeState,Inactive,,*,-1,-1
2024-11-03T16:57:39.510-05:00,IdeState,Inactive,,*,-1,-1
2024-11-03T16:57:40.512-05:00,IdeState,Inactive,,*,-1,-1
2024-11-03T16:57:41.514-05:00,IdeState,Inactive,,*,-1,-1
2024-11-03T16:57:42.516-05:00,IdeState,Inactive,,*,-1,-1
2024-11-03T16:57:43.517-05:00,IdeState,Inactive,,*,-1,-1
2024-11-03T16:57:44.518-05:00,IdeState,Inactive,,*,-1,-1
2024-11-03T16:57:45.519-05:00,IdeState,Inactive,,*,-1,-1
2024-11-03T16:57:46.521-05:00,IdeState,Inactive,,*,-1,-1
2024-11-03T16:57:47.523-05:00,IdeState,Inactive,,*,-1,-1
2024-11-03T16:57:48.524-05:00,IdeState,Inactive,,*,-1,-1
2024-11-03T16:57:49.527-05:00,IdeState,Inactive,,*,-1,-1
2024-11-03T16:57:50.527-05:00,IdeState,Inactive,,*,-1,-1
2024-11-03T16:57:51.528-05:00,IdeState,Inactive,,*,-1,-1
2024-11-03T16:57:52.529-05:00,IdeState,Inactive,,*,-1,-1
2024-11-03T16:57:53.530-05:00,IdeState,Inactive,,*,-1,-1
2024-11-03T16:57:54.530-05:00,IdeState,Inactive,,*,-1,-1
2024-11-03T16:57:55.533-05:00,IdeState,Inactive,,*,-1,-1
2024-11-03T16:57:56.534-05:00,IdeState,Inactive,,*,-1,-1
2024-11-03T16:57:57.535-05:00,IdeState,Inactive,,*,-1,-1
2024-11-03T16:57:58.535-05:00,IdeState,Inactive,,*,-1,-1
2024-11-03T16:57:59.537-05:00,IdeState,Inactive,,*,-1,-1
2024-11-03T16:58:00.538-05:00,IdeState,Inactive,,*,-1,-1
2024-11-03T16:58:01.540-05:00,IdeState,Inactive,,*,-1,-1
2024-11-03T16:58:02.541-05:00,IdeState,Inactive,,*,-1,-1
2024-11-03T16:58:03.542-05:00,IdeState,Inactive,,*,-1,-1
2024-11-03T16:58:04.543-05:00,IdeState,Inactive,,*,-1,-1
2024-11-03T16:58:05.545-05:00,IdeState,Inactive,,*,-1,-1
2024-11-03T16:58:06.546-05:00,IdeState,Inactive,,*,-1,-1
2024-11-03T16:58:07.547-05:00,IdeState,Inactive,,*,-1,-1
2024-11-03T16:58:08.548-05:00,IdeState,Inactive,,*,-1,-1
2024-11-03T16:58:09.550-05:00,IdeState,Inactive,,*,-1,-1
2024-11-03T16:58:10.550-05:00,IdeState,Inactive,,*,-1,-1
2024-11-03T16:58:11.551-05:00,IdeState,Inactive,,*,-1,-1
2024-11-03T16:58:12.552-05:00,IdeState,Inactive,,*,-1,-1
2024-11-03T16:58:13.553-05:00,IdeState,Inactive,,*,-1,-1
2024-11-03T16:58:14.554-05:00,IdeState,Inactive,,*,-1,-1
2024-11-03T16:58:15.555-05:00,IdeState,Inactive,,*,-1,-1
2024-11-03T16:58:16.557-05:00,IdeState,Inactive,,*,-1,-1
2024-11-03T16:58:17.559-05:00,IdeState,Inactive,,*,-1,-1
2024-11-03T16:58:18.561-05:00,IdeState,Inactive,,*,-1,-1
2024-11-03T16:58:19.562-05:00,IdeState,Inactive,,*,-1,-1
2024-11-03T16:58:20.563-05:00,IdeState,Inactive,,*,-1,-1
2024-11-03T16:58:21.563-05:00,IdeState,Inactive,,*,-1,-1
2024-11-03T16:58:22.565-05:00,IdeState,Inactive,,*,-1,-1
2024-11-03T16:58:23.566-05:00,IdeState,Inactive,,*,-1,-1
2024-11-03T16:58:24.567-05:00,IdeState,Inactive,,*,-1,-1
2024-11-03T16:58:25.569-05:00,IdeState,Inactive,,*,-1,-1
2024-11-03T16:58:26.569-05:00,IdeState,Inactive,,*,-1,-1
2024-11-03T16:58:27.570-05:00,IdeState,Inactive,,*,-1,-1
2024-11-03T16:58:28.572-05:00,IdeState,Inactive,,*,-1,-1
2024-11-03T16:58:29.573-05:00,IdeState,Inactive,,*,-1,-1
2024-11-03T16:58:30.575-05:00,IdeState,Inactive,,*,-1,-1
2024-11-03T16:58:31.576-05:00,IdeState,Inactive,,*,-1,-1
2024-11-03T16:58:32.577-05:00,IdeState,Inactive,,*,-1,-1
2024-11-03T16:58:33.579-05:00,IdeState,Inactive,,*,-1,-1
2024-11-03T16:58:34.581-05:00,IdeState,Inactive,,*,-1,-1
2024-11-03T16:58:35.582-05:00,IdeState,Inactive,,*,-1,-1
2024-11-03T16:58:36.583-05:00,IdeState,Inactive,,*,-1,-1
2024-11-03T16:58:37.584-05:00,IdeState,Inactive,,*,-1,-1
2024-11-03T16:58:38.585-05:00,IdeState,Inactive,,*,-1,-1
2024-11-03T16:58:39.587-05:00,IdeState,Inactive,,*,-1,-1
2024-11-03T16:58:40.588-05:00,IdeState,Inactive,,*,-1,-1
2024-11-03T16:58:41.589-05:00,IdeState,Inactive,,*,-1,-1
2024-11-03T16:58:42.590-05:00,IdeState,Inactive,,*,-1,-1
2024-11-03T16:58:43.592-05:00,IdeState,Inactive,,*,-1,-1
2024-11-03T16:58:44.592-05:00,IdeState,Inactive,,*,-1,-1
2024-11-03T16:58:45.596-05:00,IdeState,Inactive,,*,-1,-1
2024-11-03T16:58:46.596-05:00,IdeState,Inactive,,*,-1,-1
2024-11-03T16:58:47.597-05:00,IdeState,Inactive,,*,-1,-1
2024-11-03T16:58:48.599-05:00,IdeState,Inactive,,*,-1,-1
2024-11-03T16:58:49.601-05:00,IdeState,Inactive,,*,-1,-1
2024-11-03T16:58:50.601-05:00,IdeState,Inactive,,*,-1,-1
2024-11-03T16:58:51.602-05:00,IdeState,Inactive,,*,-1,-1
2024-11-03T16:58:52.603-05:00,IdeState,Inactive,,*,-1,-1
2024-11-03T16:58:53.604-05:00,IdeState,Inactive,,*,-1,-1
2024-11-03T16:58:54.606-05:00,IdeState,Inactive,,*,-1,-1
2024-11-03T16:58:55.608-05:00,IdeState,Inactive,,*,-1,-1
2024-11-03T16:58:56.609-05:00,IdeState,Inactive,,*,-1,-1
2024-11-03T16:58:57.610-05:00,IdeState,Inactive,,*,-1,-1
2024-11-03T16:58:58.613-05:00,IdeState,Inactive,,*,-1,-1
2024-11-03T16:58:59.614-05:00,IdeState,Inactive,,*,-1,-1
2024-11-03T16:59:00.616-05:00,IdeState,Inactive,,*,-1,-1
2024-11-03T16:59:01.618-05:00,IdeState,Inactive,,*,-1,-1
2024-11-03T16:59:02.620-05:00,IdeState,Inactive,,*,-1,-1
2024-11-03T16:59:03.622-05:00,IdeState,Inactive,,*,-1,-1
2024-11-03T16:59:04.623-05:00,IdeState,Inactive,,*,-1,-1
2024-11-03T16:59:05.625-05:00,IdeState,Inactive,,*,-1,-1
2024-11-03T16:59:06.626-05:00,IdeState,Inactive,,*,-1,-1
2024-11-03T16:59:07.629-05:00,IdeState,Inactive,,*,-1,-1
2024-11-03T16:59:08.629-05:00,IdeState,Inactive,,*,-1,-1
2024-11-03T16:59:09.631-05:00,IdeState,Inactive,,*,-1,-1
2024-11-03T16:59:10.631-05:00,IdeState,Inactive,,*,-1,-1
2024-11-03T16:59:11.634-05:00,IdeState,Inactive,,*,-1,-1
2024-11-03T16:59:12.636-05:00,IdeState,Inactive,,*,-1,-1
2024-11-03T16:59:13.638-05:00,IdeState,Inactive,,*,-1,-1
2024-11-03T16:59:14.639-05:00,IdeState,Inactive,,*,-1,-1
2024-11-03T16:59:15.640-05:00,IdeState,Inactive,,*,-1,-1
2024-11-03T16:59:16.642-05:00,IdeState,Inactive,,*,-1,-1
2024-11-03T16:59:17.643-05:00,IdeState,Inactive,,*,-1,-1
2024-11-03T16:59:18.643-05:00,IdeState,Inactive,,*,-1,-1
2024-11-03T16:59:19.644-05:00,IdeState,Inactive,,*,-1,-1
2024-11-03T16:59:20.645-05:00,IdeState,Inactive,,*,-1,-1
2024-11-03T16:59:21.647-05:00,IdeState,Inactive,,*,-1,-1
2024-11-03T16:59:22.648-05:00,IdeState,Inactive,,*,-1,-1
2024-11-03T16:59:23.649-05:00,IdeState,Inactive,,*,-1,-1
2024-11-03T16:59:24.649-05:00,IdeState,Inactive,,*,-1,-1
2024-11-03T16:59:25.651-05:00,IdeState,Inactive,,*,-1,-1
2024-11-03T16:59:26.652-05:00,IdeState,Inactive,,*,-1,-1
2024-11-03T16:59:27.653-05:00,IdeState,Inactive,,*,-1,-1
2024-11-03T16:59:28.654-05:00,IdeState,Inactive,,*,-1,-1
2024-11-03T16:59:29.657-05:00,IdeState,Inactive,,*,-1,-1
2024-11-03T16:59:30.661-05:00,IdeState,Inactive,,*,-1,-1
2024-11-03T16:59:31.662-05:00,IdeState,Inactive,,*,-1,-1
2024-11-03T16:59:32.663-05:00,IdeState,Inactive,,*,-1,-1
2024-11-03T16:59:33.663-05:00,IdeState,Inactive,,*,-1,-1
2024-11-03T16:59:34.664-05:00,IdeState,Inactive,,*,-1,-1
2024-11-03T16:59:35.665-05:00,IdeState,Inactive,,*,-1,-1
2024-11-03T16:59:36.667-05:00,IdeState,Inactive,,*,-1,-1
2024-11-03T16:59:37.668-05:00,IdeState,Inactive,,*,-1,-1
2024-11-03T16:59:38.671-05:00,IdeState,Inactive,,*,-1,-1
2024-11-03T16:59:39.673-05:00,IdeState,Inactive,,*,-1,-1
2024-11-03T16:59:40.676-05:00,IdeState,Inactive,,*,-1,-1
2024-11-03T16:59:41.677-05:00,IdeState,Inactive,,*,-1,-1
2024-11-03T16:59:42.678-05:00,IdeState,Inactive,,*,-1,-1
2024-11-03T16:59:43.680-05:00,IdeState,Inactive,,*,-1,-1
2024-11-03T16:59:44.681-05:00,IdeState,Inactive,,*,-1,-1
2024-11-03T16:59:45.682-05:00,IdeState,Inactive,,*,-1,-1
2024-11-03T16:59:46.683-05:00,IdeState,Inactive,,*,-1,-1
2024-11-03T16:59:47.684-05:00,IdeState,Inactive,,*,-1,-1
2024-11-03T16:59:48.686-05:00,IdeState,Inactive,,*,-1,-1
2024-11-03T16:59:49.687-05:00,IdeState,Inactive,,*,-1,-1
2024-11-03T16:59:50.687-05:00,IdeState,Inactive,,*,-1,-1
2024-11-03T16:59:51.689-05:00,IdeState,Inactive,,*,-1,-1
2024-11-03T16:59:52.689-05:00,IdeState,Inactive,,*,-1,-1
2024-11-03T16:59:53.690-05:00,IdeState,Inactive,,*,-1,-1
2024-11-03T16:59:54.692-05:00,IdeState,Inactive,,*,-1,-1
2024-11-03T16:59:55.693-05:00,IdeState,Inactive,,*,-1,-1
2024-11-03T16:59:56.695-05:00,IdeState,Inactive,,*,-1,-1
2024-11-03T16:59:57.696-05:00,IdeState,Inactive,,*,-1,-1
2024-11-03T16:59:58.698-05:00,IdeState,Inactive,,*,-1,-1
2024-11-03T16:59:59.700-05:00,IdeState,Inactive,,*,-1,-1
2024-11-03T17:00:00.701-05:00,IdeState,Inactive,,*,-1,-1
2024-11-03T17:00:01.703-05:00,IdeState,Inactive,,*,-1,-1
2024-11-03T17:00:02.703-05:00,IdeState,Inactive,,*,-1,-1
2024-11-03T17:00:03.706-05:00,IdeState,Inactive,,*,-1,-1
2024-11-03T17:00:04.708-05:00,IdeState,Inactive,,*,-1,-1
2024-11-03T17:00:05.709-05:00,IdeState,Inactive,,*,-1,-1
2024-11-03T17:00:06.710-05:00,IdeState,Inactive,,*,-1,-1
2024-11-03T17:00:07.712-05:00,IdeState,Inactive,,*,-1,-1
2024-11-03T17:00:08.712-05:00,IdeState,Inactive,,*,-1,-1
2024-11-03T17:00:09.713-05:00,IdeState,Inactive,,*,-1,-1
2024-11-03T17:00:10.713-05:00,IdeState,Inactive,,*,-1,-1
2024-11-03T17:00:11.717-05:00,IdeState,Inactive,,*,-1,-1
2024-11-03T17:00:12.719-05:00,IdeState,Inactive,,*,-1,-1
2024-11-03T17:00:13.720-05:00,IdeState,Inactive,,*,-1,-1
2024-11-03T17:00:14.722-05:00,IdeState,Inactive,,*,-1,-1
2024-11-03T17:00:15.724-05:00,IdeState,Inactive,,*,-1,-1
2024-11-03T17:00:16.725-05:00,IdeState,Inactive,,*,-1,-1
2024-11-03T17:00:17.726-05:00,IdeState,Inactive,,*,-1,-1
2024-11-03T17:00:18.728-05:00,IdeState,Inactive,,*,-1,-1
2024-11-03T17:00:19.731-05:00,IdeState,Inactive,,*,-1,-1
2024-11-03T17:00:20.731-05:00,IdeState,Inactive,,*,-1,-1
2024-11-03T17:00:21.732-05:00,IdeState,Inactive,,*,-1,-1
2024-11-03T17:00:22.733-05:00,IdeState,Inactive,,*,-1,-1
2024-11-03T17:00:23.734-05:00,IdeState,Inactive,,*,-1,-1
2024-11-03T17:00:24.735-05:00,IdeState,Inactive,,*,-1,-1
2024-11-03T17:00:25.737-05:00,IdeState,Inactive,,*,-1,-1
2024-11-03T17:00:26.739-05:00,IdeState,Inactive,,*,-1,-1
2024-11-03T17:00:27.741-05:00,IdeState,Inactive,,*,-1,-1
2024-11-03T17:00:28.743-05:00,IdeState,Inactive,,*,-1,-1
2024-11-03T17:00:29.744-05:00,IdeState,Inactive,,*,-1,-1
2024-11-03T17:00:30.745-05:00,IdeState,Inactive,,*,-1,-1
2024-11-03T17:00:31.746-05:00,IdeState,Inactive,,*,-1,-1
2024-11-03T17:00:32.748-05:00,IdeState,Inactive,,*,-1,-1
2024-11-03T17:00:33.748-05:00,IdeState,Inactive,,*,-1,-1
2024-11-03T17:00:34.750-05:00,IdeState,Inactive,,*,-1,-1
2024-11-03T17:00:35.750-05:00,IdeState,Inactive,,*,-1,-1
2024-11-03T17:00:36.752-05:00,IdeState,Inactive,,*,-1,-1
2024-11-03T17:00:37.752-05:00,IdeState,Inactive,,*,-1,-1
2024-11-03T17:00:38.754-05:00,IdeState,Inactive,,*,-1,-1
2024-11-03T17:00:39.755-05:00,IdeState,Inactive,,*,-1,-1
2024-11-03T17:00:40.758-05:00,IdeState,Inactive,,*,-1,-1
2024-11-03T17:00:41.760-05:00,IdeState,Inactive,,*,-1,-1
2024-11-03T17:00:42.761-05:00,IdeState,Inactive,,*,-1,-1
2024-11-03T17:00:43.763-05:00,IdeState,Inactive,,*,-1,-1
2024-11-03T17:00:44.763-05:00,IdeState,Inactive,,*,-1,-1
2024-11-03T17:00:45.764-05:00,IdeState,Inactive,,*,-1,-1
2024-11-03T17:00:46.765-05:00,IdeState,Inactive,,*,-1,-1
2024-11-03T17:00:47.766-05:00,IdeState,Inactive,,*,-1,-1
2024-11-03T17:00:48.767-05:00,IdeState,Inactive,,*,-1,-1
2024-11-03T17:00:49.769-05:00,IdeState,Inactive,,*,-1,-1
2024-11-03T17:00:50.771-05:00,IdeState,Inactive,,*,-1,-1
2024-11-03T17:00:51.772-05:00,IdeState,Inactive,,*,-1,-1
2024-11-03T17:00:52.773-05:00,IdeState,Inactive,,*,-1,-1
2024-11-03T17:00:53.774-05:00,IdeState,Inactive,,*,-1,-1
2024-11-03T17:00:54.774-05:00,IdeState,Inactive,,*,-1,-1
2024-11-03T17:00:55.777-05:00,IdeState,Inactive,,*,-1,-1
2024-11-03T17:00:56.778-05:00,IdeState,Inactive,,*,-1,-1
2024-11-03T17:00:57.779-05:00,IdeState,Inactive,,*,-1,-1
2024-11-03T17:00:58.780-05:00,IdeState,Inactive,,*,-1,-1
2024-11-03T17:00:59.781-05:00,IdeState,Inactive,,*,-1,-1
2024-11-03T17:01:00.783-05:00,IdeState,Inactive,,*,-1,-1
2024-11-03T17:01:01.785-05:00,IdeState,Inactive,,*,-1,-1
2024-11-03T17:01:02.786-05:00,IdeState,Inactive,,*,-1,-1
2024-11-03T17:01:03.788-05:00,IdeState,Inactive,,*,-1,-1
2024-11-03T17:01:04.790-05:00,IdeState,Inactive,,*,-1,-1
2024-11-03T17:01:05.790-05:00,IdeState,Inactive,,*,-1,-1
2024-11-03T17:01:06.791-05:00,IdeState,Inactive,,*,-1,-1
2024-11-03T17:01:07.792-05:00,IdeState,Inactive,,*,-1,-1
2024-11-03T17:01:08.793-05:00,IdeState,Inactive,,*,-1,-1
2024-11-03T17:01:09.795-05:00,IdeState,Inactive,,*,-1,-1
2024-11-03T17:01:10.796-05:00,IdeState,Inactive,,*,-1,-1
2024-11-03T17:01:11.798-05:00,IdeState,Inactive,,*,-1,-1
2024-11-03T17:01:12.800-05:00,IdeState,Inactive,,*,-1,-1
2024-11-03T17:01:13.802-05:00,IdeState,Inactive,,*,-1,-1
2024-11-03T17:01:14.804-05:00,IdeState,Inactive,,*,-1,-1
2024-11-03T17:01:15.805-05:00,IdeState,Inactive,,*,-1,-1
2024-11-03T17:01:16.807-05:00,IdeState,Inactive,,*,-1,-1
2024-11-03T17:01:17.807-05:00,IdeState,Inactive,,*,-1,-1
2024-11-03T17:01:18.808-05:00,IdeState,Inactive,,*,-1,-1
2024-11-03T17:01:19.809-05:00,IdeState,Inactive,,*,-1,-1
2024-11-03T17:01:20.810-05:00,IdeState,Inactive,,*,-1,-1
2024-11-03T17:01:21.813-05:00,IdeState,Inactive,,*,-1,-1
2024-11-03T17:01:22.815-05:00,IdeState,Inactive,,*,-1,-1
2024-11-03T17:01:23.817-05:00,IdeState,Inactive,,*,-1,-1
2024-11-03T17:01:24.818-05:00,IdeState,Inactive,,*,-1,-1
2024-11-03T17:01:25.819-05:00,IdeState,Inactive,,*,-1,-1
2024-11-03T17:01:26.821-05:00,IdeState,Inactive,,*,-1,-1
2024-11-03T17:01:27.823-05:00,IdeState,Inactive,,*,-1,-1
2024-11-03T17:01:28.825-05:00,IdeState,Inactive,,*,-1,-1
2024-11-03T17:01:29.826-05:00,IdeState,Inactive,,*,-1,-1
2024-11-03T17:01:30.828-05:00,IdeState,Inactive,,*,-1,-1
2024-11-03T17:01:31.831-05:00,IdeState,Inactive,,*,-1,-1
2024-11-03T17:01:32.832-05:00,IdeState,Inactive,,*,-1,-1
2024-11-03T17:01:33.833-05:00,IdeState,Inactive,,*,-1,-1
2024-11-03T17:01:34.835-05:00,IdeState,Inactive,,*,-1,-1
2024-11-03T17:01:35.837-05:00,IdeState,Inactive,,*,-1,-1
2024-11-03T17:01:36.837-05:00,IdeState,Inactive,,*,-1,-1
2024-11-03T17:01:37.838-05:00,IdeState,Inactive,,*,-1,-1
2024-11-03T17:01:38.839-05:00,IdeState,Inactive,,*,-1,-1
2024-11-03T17:01:39.842-05:00,IdeState,Inactive,,*,-1,-1
2024-11-03T17:01:40.845-05:00,IdeState,Inactive,,*,-1,-1
2024-11-03T17:01:41.847-05:00,IdeState,Inactive,,*,-1,-1
2024-11-03T17:01:42.848-05:00,IdeState,Inactive,,*,-1,-1
2024-11-03T17:01:43.849-05:00,IdeState,Inactive,,*,-1,-1
2024-11-03T17:01:44.850-05:00,IdeState,Inactive,,*,-1,-1
2024-11-03T17:01:45.852-05:00,IdeState,Inactive,,*,-1,-1
2024-11-03T17:01:46.854-05:00,IdeState,Inactive,,*,-1,-1
2024-11-03T17:01:47.857-05:00,IdeState,Inactive,,*,-1,-1
2024-11-03T17:01:48.857-05:00,IdeState,Inactive,,*,-1,-1
2024-11-03T17:01:49.858-05:00,IdeState,Inactive,,*,-1,-1
2024-11-03T17:01:50.859-05:00,IdeState,Inactive,,*,-1,-1
2024-11-03T17:01:51.860-05:00,IdeState,Inactive,,*,-1,-1
2024-11-03T17:01:52.861-05:00,IdeState,Inactive,,*,-1,-1
2024-11-03T17:01:53.863-05:00,IdeState,Inactive,,*,-1,-1
2024-11-03T17:01:54.864-05:00,IdeState,Inactive,,*,-1,-1
2024-11-03T17:01:55.866-05:00,IdeState,Inactive,,*,-1,-1
2024-11-03T17:01:56.867-05:00,IdeState,Inactive,,*,-1,-1
2024-11-03T17:01:57.868-05:00,IdeState,Inactive,,*,-1,-1
2024-11-03T17:01:58.870-05:00,IdeState,Inactive,,*,-1,-1
2024-11-03T17:01:59.872-05:00,IdeState,Inactive,,*,-1,-1
2024-11-03T17:02:00.873-05:00,IdeState,Inactive,,*,-1,-1
2024-11-03T17:02:01.874-05:00,IdeState,Inactive,,*,-1,-1
2024-11-03T17:02:02.876-05:00,IdeState,Inactive,,*,-1,-1
2024-11-03T17:02:03.877-05:00,IdeState,Inactive,,*,-1,-1
2024-11-03T17:02:04.878-05:00,IdeState,Inactive,,*,-1,-1
2024-11-03T17:02:05.879-05:00,IdeState,Inactive,,*,-1,-1
2024-11-03T17:02:06.880-05:00,IdeState,Inactive,,*,-1,-1
2024-11-03T17:02:07.881-05:00,IdeState,Inactive,,*,-1,-1
2024-11-03T17:02:08.882-05:00,IdeState,Inactive,,*,-1,-1
2024-11-03T17:02:09.884-05:00,IdeState,Inactive,,*,-1,-1
2024-11-03T17:02:10.887-05:00,IdeState,Inactive,,*,-1,-1
2024-11-03T17:02:11.889-05:00,IdeState,Inactive,,*,-1,-1
2024-11-03T17:02:12.890-05:00,IdeState,Inactive,,*,-1,-1
2024-11-03T17:02:13.891-05:00,IdeState,Inactive,,*,-1,-1
2024-11-03T17:02:14.893-05:00,IdeState,Inactive,,*,-1,-1
2024-11-03T17:02:15.895-05:00,IdeState,Inactive,,*,-1,-1
2024-11-03T17:02:16.896-05:00,IdeState,Inactive,,*,-1,-1
2024-11-03T17:02:17.897-05:00,IdeState,Inactive,,*,-1,-1
2024-11-03T17:02:18.898-05:00,IdeState,Inactive,,*,-1,-1
2024-11-03T17:02:19.900-05:00,IdeState,Inactive,,*,-1,-1
2024-11-03T17:02:20.901-05:00,IdeState,Inactive,,*,-1,-1
2024-11-03T17:02:21.901-05:00,IdeState,Inactive,,*,-1,-1
2024-11-03T17:02:22.903-05:00,IdeState,Inactive,,*,-1,-1
2024-11-03T17:02:23.903-05:00,IdeState,Inactive,,*,-1,-1
2024-11-03T17:02:24.905-05:00,IdeState,Inactive,,*,-1,-1
2024-11-03T17:02:25.906-05:00,IdeState,Inactive,,*,-1,-1
2024-11-03T17:02:26.907-05:00,IdeState,Inactive,,*,-1,-1
2024-11-03T17:02:27.907-05:00,IdeState,Inactive,,*,-1,-1
2024-11-03T17:02:28.910-05:00,IdeState,Inactive,,*,-1,-1
2024-11-03T17:02:29.912-05:00,IdeState,Inactive,,*,-1,-1
2024-11-03T17:02:30.913-05:00,IdeState,Inactive,,*,-1,-1
2024-11-03T17:02:31.915-05:00,IdeState,Inactive,,*,-1,-1
2024-11-03T17:02:32.916-05:00,IdeState,Inactive,,*,-1,-1
2024-11-03T17:02:33.918-05:00,IdeState,Inactive,,*,-1,-1
2024-11-03T17:02:34.919-05:00,IdeState,Inactive,,*,-1,-1
2024-11-03T17:02:35.921-05:00,IdeState,Inactive,,*,-1,-1
2024-11-03T17:02:36.922-05:00,IdeState,Inactive,,*,-1,-1
2024-11-03T17:02:37.924-05:00,IdeState,Inactive,,*,-1,-1
2024-11-03T17:02:38.926-05:00,IdeState,Inactive,,*,-1,-1
2024-11-03T17:02:39.927-05:00,IdeState,Inactive,,*,-1,-1
2024-11-03T17:02:40.927-05:00,IdeState,Inactive,,*,-1,-1
2024-11-03T17:02:41.928-05:00,IdeState,Inactive,,*,-1,-1
2024-11-03T17:02:42.930-05:00,IdeState,Inactive,,*,-1,-1
2024-11-03T17:02:43.931-05:00,IdeState,Inactive,,*,-1,-1
2024-11-03T17:02:44.932-05:00,IdeState,Inactive,,*,-1,-1
2024-11-03T17:02:45.934-05:00,IdeState,Inactive,,*,-1,-1
2024-11-03T17:02:46.935-05:00,IdeState,Inactive,,*,-1,-1
2024-11-03T17:02:47.935-05:00,IdeState,Inactive,,*,-1,-1
2024-11-03T17:02:48.937-05:00,IdeState,Inactive,,*,-1,-1
2024-11-03T17:02:49.937-05:00,IdeState,Inactive,,*,-1,-1
2024-11-03T17:02:50.939-05:00,IdeState,Inactive,,*,-1,-1
2024-11-03T17:02:51.940-05:00,IdeState,Inactive,,*,-1,-1
2024-11-03T17:02:52.941-05:00,IdeState,Inactive,,*,-1,-1
2024-11-03T17:02:53.942-05:00,IdeState,Inactive,,*,-1,-1
2024-11-03T17:02:54.944-05:00,IdeState,Inactive,,*,-1,-1
2024-11-03T17:02:55.945-05:00,IdeState,Inactive,,*,-1,-1
2024-11-03T17:02:56.947-05:00,IdeState,Inactive,,*,-1,-1
2024-11-03T17:02:57.948-05:00,IdeState,Inactive,,*,-1,-1
2024-11-03T17:02:58.950-05:00,IdeState,Inactive,,*,-1,-1
2024-11-03T17:02:59.951-05:00,IdeState,Inactive,,*,-1,-1
2024-11-03T17:03:00.952-05:00,IdeState,Inactive,,*,-1,-1
2024-11-03T17:03:01.954-05:00,IdeState,Inactive,,*,-1,-1
2024-11-03T17:03:02.957-05:00,IdeState,Inactive,,*,-1,-1
2024-11-03T17:03:03.957-05:00,IdeState,Inactive,,*,-1,-1
2024-11-03T17:03:04.958-05:00,IdeState,Inactive,,*,-1,-1
2024-11-03T17:03:05.960-05:00,IdeState,Inactive,,*,-1,-1
2024-11-03T17:03:06.962-05:00,IdeState,Inactive,,*,-1,-1
2024-11-03T17:03:07.963-05:00,IdeState,Inactive,,*,-1,-1
2024-11-03T17:03:08.964-05:00,IdeState,Inactive,,*,-1,-1
2024-11-03T17:03:09.967-05:00,IdeState,Inactive,,*,-1,-1
2024-11-03T17:03:10.968-05:00,IdeState,Inactive,,*,-1,-1
2024-11-03T17:03:11.969-05:00,IdeState,Inactive,,*,-1,-1
2024-11-03T17:03:12.970-05:00,IdeState,Inactive,,*,-1,-1
2024-11-03T17:03:13.971-05:00,IdeState,Inactive,,*,-1,-1
2024-11-03T17:03:14.973-05:00,IdeState,Inactive,,*,-1,-1
2024-11-03T17:03:15.977-05:00,IdeState,Inactive,,*,-1,-1
2024-11-03T17:03:16.978-05:00,IdeState,Inactive,,*,-1,-1
2024-11-03T17:03:17.979-05:00,IdeState,Inactive,,*,-1,-1
2024-11-03T17:03:18.980-05:00,IdeState,Inactive,,*,-1,-1
2024-11-03T17:03:19.982-05:00,IdeState,Inactive,,*,-1,-1
2024-11-03T17:03:20.983-05:00,IdeState,Inactive,,*,-1,-1
2024-11-03T17:03:21.985-05:00,IdeState,Inactive,,*,-1,-1
2024-11-03T17:03:22.986-05:00,IdeState,Inactive,,*,-1,-1
2024-11-03T17:03:23.987-05:00,IdeState,Inactive,,*,-1,-1
2024-11-03T17:03:24.988-05:00,IdeState,Inactive,,*,-1,-1
2024-11-03T17:03:25.991-05:00,IdeState,Inactive,,*,-1,-1
2024-11-03T17:03:26.992-05:00,IdeState,Inactive,,*,-1,-1
2024-11-03T17:03:27.995-05:00,IdeState,Inactive,,*,-1,-1
2024-11-03T17:03:28.995-05:00,IdeState,Inactive,,*,-1,-1
2024-11-03T17:03:29.996-05:00,IdeState,Inactive,,*,-1,-1
2024-11-03T17:03:30.998-05:00,IdeState,Inactive,,*,-1,-1
2024-11-03T17:03:31.999-05:00,IdeState,Inactive,,*,-1,-1
2024-11-03T17:03:32.999-05:00,IdeState,Inactive,,*,-1,-1
2024-11-03T17:03:34.000-05:00,IdeState,Inactive,,*,-1,-1
2024-11-03T17:03:35.002-05:00,IdeState,Inactive,,*,-1,-1
2024-11-03T17:03:36.003-05:00,IdeState,Inactive,,*,-1,-1
2024-11-03T17:03:37.005-05:00,IdeState,Inactive,,*,-1,-1
2024-11-03T17:03:38.006-05:00,IdeState,Inactive,,*,-1,-1
2024-11-03T17:03:39.008-05:00,IdeState,Inactive,,*,-1,-1
2024-11-03T17:03:40.010-05:00,IdeState,Inactive,,*,-1,-1
2024-11-03T17:03:41.010-05:00,IdeState,Inactive,,*,-1,-1
2024-11-03T17:03:42.011-05:00,IdeState,Inactive,,*,-1,-1
2024-11-03T17:03:43.012-05:00,IdeState,Inactive,,*,-1,-1
2024-11-03T17:03:44.013-05:00,IdeState,Inactive,,*,-1,-1
2024-11-03T17:03:45.014-05:00,IdeState,Inactive,,*,-1,-1
2024-11-03T17:03:46.015-05:00,IdeState,Inactive,,*,-1,-1
2024-11-03T17:03:47.016-05:00,IdeState,Inactive,,*,-1,-1
2024-11-03T17:03:48.018-05:00,IdeState,Inactive,,*,-1,-1
2024-11-03T17:03:49.019-05:00,IdeState,Inactive,,*,-1,-1
2024-11-03T17:03:50.020-05:00,IdeState,Inactive,,*,-1,-1
2024-11-03T17:03:51.021-05:00,IdeState,Inactive,,*,-1,-1
2024-11-03T17:03:52.022-05:00,IdeState,Inactive,,*,-1,-1
2024-11-03T17:03:53.023-05:00,IdeState,Inactive,,*,-1,-1
2024-11-03T17:03:54.024-05:00,IdeState,Inactive,,*,-1,-1
2024-11-03T17:03:55.025-05:00,IdeState,Inactive,,*,-1,-1
2024-11-03T17:03:56.025-05:00,IdeState,Inactive,,*,-1,-1
2024-11-03T17:03:57.028-05:00,IdeState,Inactive,,*,-1,-1
2024-11-03T17:03:58.029-05:00,IdeState,Inactive,,*,-1,-1
2024-11-03T17:03:59.030-05:00,IdeState,Inactive,,*,-1,-1
2024-11-03T17:04:00.031-05:00,IdeState,Inactive,,*,-1,-1
2024-11-03T17:04:01.034-05:00,IdeState,Inactive,,*,-1,-1
2024-11-03T17:04:02.034-05:00,IdeState,Inactive,,*,-1,-1
2024-11-03T17:04:03.035-05:00,IdeState,Inactive,,*,-1,-1
2024-11-03T17:04:04.036-05:00,IdeState,Inactive,,*,-1,-1
2024-11-03T17:04:05.037-05:00,IdeState,Inactive,,*,-1,-1
2024-11-03T17:04:06.039-05:00,IdeState,Inactive,,*,-1,-1
2024-11-03T17:04:07.041-05:00,IdeState,Inactive,,*,-1,-1
2024-11-03T17:04:08.043-05:00,IdeState,Inactive,,*,-1,-1
2024-11-03T17:04:09.044-05:00,IdeState,Inactive,,*,-1,-1
2024-11-03T17:04:10.045-05:00,IdeState,Inactive,,*,-1,-1
2024-11-03T17:04:11.046-05:00,IdeState,Inactive,,*,-1,-1
2024-11-03T17:04:12.047-05:00,IdeState,Inactive,,*,-1,-1
2024-11-03T17:04:13.048-05:00,IdeState,Inactive,,*,-1,-1
2024-11-03T17:04:14.049-05:00,IdeState,Inactive,,*,-1,-1
2024-11-03T17:04:15.050-05:00,IdeState,Inactive,,*,-1,-1
2024-11-03T17:04:16.052-05:00,IdeState,Inactive,,*,-1,-1
2024-11-03T17:04:17.053-05:00,IdeState,Inactive,,*,-1,-1
2024-11-03T17:04:18.055-05:00,IdeState,Inactive,,*,-1,-1
2024-11-03T17:04:19.056-05:00,IdeState,Inactive,,*,-1,-1
2024-11-03T17:04:20.057-05:00,IdeState,Inactive,,*,-1,-1
2024-11-03T17:04:21.058-05:00,IdeState,Inactive,,*,-1,-1
2024-11-03T17:04:22.060-05:00,IdeState,Inactive,,*,-1,-1
2024-11-03T17:04:23.062-05:00,IdeState,Inactive,,*,-1,-1
2024-11-03T17:04:24.063-05:00,IdeState,Inactive,,*,-1,-1
2024-11-03T17:04:25.064-05:00,IdeState,Inactive,,*,-1,-1
2024-11-03T17:04:26.066-05:00,IdeState,Inactive,,*,-1,-1
2024-11-03T17:04:27.067-05:00,IdeState,Inactive,,*,-1,-1
2024-11-03T17:04:28.068-05:00,IdeState,Inactive,,*,-1,-1
2024-11-03T17:04:29.069-05:00,IdeState,Inactive,,*,-1,-1
2024-11-03T17:04:30.070-05:00,IdeState,Inactive,,*,-1,-1
2024-11-03T17:04:31.072-05:00,IdeState,Inactive,,*,-1,-1
2024-11-03T17:04:32.073-05:00,IdeState,Inactive,,*,-1,-1
2024-11-03T17:04:33.075-05:00,IdeState,Inactive,,*,-1,-1
2024-11-03T17:04:34.076-05:00,IdeState,Inactive,,*,-1,-1
2024-11-03T17:04:35.077-05:00,IdeState,Inactive,,*,-1,-1
2024-11-03T17:04:36.078-05:00,IdeState,Inactive,,*,-1,-1
2024-11-03T17:04:37.080-05:00,IdeState,Inactive,,*,-1,-1
2024-11-03T17:04:38.082-05:00,IdeState,Inactive,,*,-1,-1
2024-11-03T17:04:39.084-05:00,IdeState,Inactive,,*,-1,-1
2024-11-03T17:04:40.085-05:00,IdeState,Inactive,,*,-1,-1
2024-11-03T17:04:41.086-05:00,IdeState,Inactive,,*,-1,-1
2024-11-03T17:04:42.088-05:00,IdeState,Inactive,,*,-1,-1
2024-11-03T17:04:43.089-05:00,IdeState,Inactive,,*,-1,-1
2024-11-03T17:04:44.090-05:00,IdeState,Inactive,,*,-1,-1
2024-11-03T17:04:45.091-05:00,IdeState,Inactive,,*,-1,-1
2024-11-03T17:04:46.092-05:00,IdeState,Inactive,,*,-1,-1
2024-11-03T17:04:47.093-05:00,IdeState,Inactive,,*,-1,-1
2024-11-03T17:04:48.096-05:00,IdeState,Inactive,,*,-1,-1
2024-11-03T17:04:49.097-05:00,IdeState,Inactive,,*,-1,-1
2024-11-03T17:04:50.098-05:00,IdeState,Inactive,,*,-1,-1
2024-11-03T17:04:51.099-05:00,IdeState,Inactive,,*,-1,-1
2024-11-03T17:04:52.101-05:00,IdeState,Inactive,,*,-1,-1
2024-11-03T17:04:53.102-05:00,IdeState,Inactive,,*,-1,-1
2024-11-03T17:04:54.102-05:00,IdeState,Inactive,,*,-1,-1
2024-11-03T17:04:55.103-05:00,IdeState,Inactive,,*,-1,-1
2024-11-03T17:04:56.103-05:00,IdeState,Inactive,,*,-1,-1
2024-11-03T17:04:57.104-05:00,IdeState,Inactive,,*,-1,-1
2024-11-03T17:04:58.105-05:00,IdeState,Inactive,,*,-1,-1
2024-11-03T17:04:59.106-05:00,IdeState,Inactive,,*,-1,-1
2024-11-03T17:05:00.108-05:00,IdeState,Inactive,,*,-1,-1
2024-11-03T17:05:01.109-05:00,IdeState,Inactive,,*,-1,-1
2024-11-03T17:05:02.110-05:00,IdeState,Inactive,,*,-1,-1
2024-11-03T17:05:03.111-05:00,IdeState,Inactive,,*,-1,-1
2024-11-03T17:05:04.113-05:00,IdeState,Inactive,,*,-1,-1
2024-11-03T17:05:05.114-05:00,IdeState,Inactive,,*,-1,-1
2024-11-03T17:05:06.117-05:00,IdeState,Inactive,,*,-1,-1
2024-11-03T17:05:07.119-05:00,IdeState,Inactive,,*,-1,-1
2024-11-03T17:05:08.120-05:00,IdeState,Inactive,,*,-1,-1
2024-11-03T17:05:09.122-05:00,IdeState,Inactive,,*,-1,-1
2024-11-03T17:05:10.124-05:00,IdeState,Inactive,,*,-1,-1
2024-11-03T17:05:11.125-05:00,IdeState,Inactive,,*,-1,-1
2024-11-03T17:05:12.126-05:00,IdeState,Inactive,,*,-1,-1
2024-11-03T17:05:13.128-05:00,IdeState,Inactive,,*,-1,-1
2024-11-03T17:05:14.129-05:00,IdeState,Inactive,,*,-1,-1
2024-11-03T17:05:15.131-05:00,IdeState,Inactive,,*,-1,-1
2024-11-03T17:05:16.132-05:00,IdeState,Inactive,,*,-1,-1
2024-11-03T17:05:17.133-05:00,IdeState,Inactive,,*,-1,-1
2024-11-03T17:05:18.134-05:00,IdeState,Inactive,,*,-1,-1
2024-11-03T17:05:19.135-05:00,IdeState,Inactive,,*,-1,-1
2024-11-03T17:05:20.136-05:00,IdeState,Inactive,,*,-1,-1
2024-11-03T17:05:21.138-05:00,IdeState,Inactive,,*,-1,-1
2024-11-03T17:05:22.141-05:00,IdeState,Inactive,,*,-1,-1
2024-11-03T17:05:23.142-05:00,IdeState,Inactive,,*,-1,-1
2024-11-03T17:05:24.143-05:00,IdeState,Inactive,,*,-1,-1
2024-11-03T17:05:25.144-05:00,IdeState,Inactive,,*,-1,-1
2024-11-03T17:05:26.146-05:00,IdeState,Inactive,,*,-1,-1
2024-11-03T17:05:27.147-05:00,IdeState,Inactive,,*,-1,-1
2024-11-03T17:05:28.148-05:00,IdeState,Inactive,,*,-1,-1
2024-11-03T17:05:29.149-05:00,IdeState,Inactive,,*,-1,-1
2024-11-03T17:05:30.150-05:00,IdeState,Inactive,,*,-1,-1
2024-11-03T17:05:31.151-05:00,IdeState,Inactive,,*,-1,-1
2024-11-03T17:05:32.152-05:00,IdeState,Inactive,,*,-1,-1
2024-11-03T17:05:33.153-05:00,IdeState,Inactive,,*,-1,-1
2024-11-03T17:05:34.154-05:00,IdeState,Inactive,,*,-1,-1
2024-11-03T17:05:35.155-05:00,IdeState,Inactive,,*,-1,-1
2024-11-03T17:05:36.156-05:00,IdeState,Inactive,,*,-1,-1
2024-11-03T17:05:37.158-05:00,IdeState,Inactive,,*,-1,-1
2024-11-03T17:05:38.159-05:00,IdeState,Inactive,,*,-1,-1
2024-11-03T17:05:39.159-05:00,IdeState,Inactive,,*,-1,-1
2024-11-03T17:05:40.160-05:00,IdeState,Inactive,,*,-1,-1
2024-11-03T17:05:41.160-05:00,IdeState,Inactive,,*,-1,-1
2024-11-03T17:05:42.161-05:00,IdeState,Inactive,,*,-1,-1
2024-11-03T17:05:43.162-05:00,IdeState,Inactive,,*,-1,-1
2024-11-03T17:05:44.163-05:00,IdeState,Inactive,,*,-1,-1
2024-11-03T17:05:45.164-05:00,IdeState,Inactive,,*,-1,-1
2024-11-03T17:05:46.167-05:00,IdeState,Inactive,,*,-1,-1
2024-11-03T17:05:47.168-05:00,IdeState,Inactive,,*,-1,-1
2024-11-03T17:05:48.169-05:00,IdeState,Inactive,,*,-1,-1
2024-11-03T17:05:49.171-05:00,IdeState,Inactive,,*,-1,-1
2024-11-03T17:05:50.172-05:00,IdeState,Inactive,,*,-1,-1
2024-11-03T17:05:51.173-05:00,IdeState,Inactive,,*,-1,-1
2024-11-03T17:05:52.174-05:00,IdeState,Inactive,,*,-1,-1
2024-11-03T17:05:53.176-05:00,IdeState,Inactive,,*,-1,-1
2024-11-03T17:05:54.178-05:00,IdeState,Inactive,,*,-1,-1
2024-11-03T17:05:55.179-05:00,IdeState,Inactive,,*,-1,-1
2024-11-03T17:05:56.182-05:00,IdeState,Inactive,,*,-1,-1
2024-11-03T17:05:57.184-05:00,IdeState,Inactive,,*,-1,-1
2024-11-03T17:05:58.185-05:00,IdeState,Inactive,,*,-1,-1
2024-11-03T17:05:59.187-05:00,IdeState,Inactive,,*,-1,-1
2024-11-03T17:06:00.188-05:00,IdeState,Inactive,,*,-1,-1
2024-11-03T17:06:01.189-05:00,IdeState,Inactive,,*,-1,-1
2024-11-03T17:06:02.190-05:00,IdeState,Inactive,,*,-1,-1
2024-11-03T17:06:03.192-05:00,IdeState,Inactive,,*,-1,-1
2024-11-03T17:06:04.196-05:00,IdeState,Inactive,,*,-1,-1
2024-11-03T17:06:05.197-05:00,IdeState,Inactive,,*,-1,-1
2024-11-03T17:06:06.199-05:00,IdeState,Inactive,,*,-1,-1
2024-11-03T17:06:07.201-05:00,IdeState,Inactive,,*,-1,-1
2024-11-03T17:06:08.201-05:00,IdeState,Inactive,,*,-1,-1
2024-11-03T17:06:09.202-05:00,IdeState,Inactive,,*,-1,-1
2024-11-03T17:06:10.203-05:00,IdeState,Inactive,,*,-1,-1
2024-11-03T17:06:11.205-05:00,IdeState,Inactive,,*,-1,-1
2024-11-03T17:06:12.207-05:00,IdeState,Inactive,,*,-1,-1
2024-11-03T17:06:13.208-05:00,IdeState,Inactive,,*,-1,-1
2024-11-03T17:06:14.210-05:00,IdeState,Active,Project,*,-1,-1
2024-11-03T17:06:15.213-05:00,IdeState,Inactive,,*,-1,-1
2024-11-03T17:06:16.215-05:00,IdeState,Inactive,,*,-1,-1
2024-11-03T17:06:17.216-05:00,IdeState,Inactive,,*,-1,-1
2024-11-03T17:06:18.216-05:00,IdeState,Inactive,,*,-1,-1
2024-11-03T17:06:19.217-05:00,IdeState,Inactive,,*,-1,-1
2024-11-03T17:06:20.217-05:00,IdeState,Inactive,,*,-1,-1
2024-11-03T17:06:21.219-05:00,IdeState,Inactive,,*,-1,-1
2024-11-03T17:06:22.220-05:00,IdeState,Inactive,,*,-1,-1
2024-11-03T17:06:23.221-05:00,IdeState,Inactive,,*,-1,-1
2024-11-03T17:06:24.222-05:00,IdeState,Inactive,,*,-1,-1
2024-11-03T17:06:25.224-05:00,IdeState,Inactive,,*,-1,-1
2024-11-03T17:06:26.226-05:00,IdeState,Inactive,,*,-1,-1
2024-11-03T17:06:27.227-05:00,IdeState,Inactive,,*,-1,-1
2024-11-03T17:06:28.229-05:00,IdeState,Inactive,,*,-1,-1
2024-11-03T17:06:29.231-05:00,IdeState,Inactive,,*,-1,-1
2024-11-03T17:06:30.232-05:00,IdeState,Inactive,,*,-1,-1
2024-11-03T17:06:31.233-05:00,IdeState,Inactive,,*,-1,-1
2024-11-03T17:06:32.234-05:00,IdeState,Inactive,,*,-1,-1
2024-11-03T17:06:33.235-05:00,IdeState,Inactive,,*,-1,-1
2024-11-03T17:06:34.237-05:00,IdeState,Inactive,,*,-1,-1
2024-11-03T17:06:35.238-05:00,IdeState,Inactive,,*,-1,-1
2024-11-03T17:06:36.239-05:00,IdeState,Inactive,,*,-1,-1
2024-11-03T17:06:37.240-05:00,IdeState,Inactive,,*,-1,-1
2024-11-03T17:06:38.241-05:00,IdeState,Inactive,,*,-1,-1
2024-11-03T17:06:39.242-05:00,IdeState,Inactive,,*,-1,-1
2024-11-03T17:06:40.244-05:00,IdeState,Inactive,,*,-1,-1
2024-11-03T17:06:41.245-05:00,IdeState,Inactive,,*,-1,-1
2024-11-03T17:06:42.245-05:00,IdeState,Inactive,,*,-1,-1
2024-11-03T17:06:43.246-05:00,IdeState,Inactive,,*,-1,-1
2024-11-03T17:06:44.248-05:00,IdeState,Inactive,,*,-1,-1
2024-11-03T17:06:45.250-05:00,IdeState,Inactive,,*,-1,-1
2024-11-03T17:06:46.252-05:00,IdeState,Inactive,,*,-1,-1
2024-11-03T17:06:47.253-05:00,IdeState,Inactive,,*,-1,-1
2024-11-03T17:06:48.255-05:00,IdeState,Inactive,,*,-1,-1
2024-11-03T17:06:49.257-05:00,IdeState,Inactive,,*,-1,-1
2024-11-03T17:06:50.258-05:00,IdeState,Inactive,,*,-1,-1
2024-11-03T17:06:51.258-05:00,IdeState,Inactive,,*,-1,-1
2024-11-03T17:06:52.260-05:00,IdeState,Inactive,,*,-1,-1
2024-11-03T17:06:53.261-05:00,IdeState,Inactive,,*,-1,-1
2024-11-03T17:06:54.263-05:00,IdeState,Inactive,,*,-1,-1
2024-11-03T17:06:55.268-05:00,IdeState,Inactive,,*,-1,-1
2024-11-03T17:06:56.270-05:00,IdeState,Inactive,,*,-1,-1
2024-11-03T17:06:57.270-05:00,IdeState,Inactive,,*,-1,-1
2024-11-03T17:06:58.271-05:00,IdeState,Inactive,,*,-1,-1
2024-11-03T17:06:59.272-05:00,IdeState,Active,Project,*,-1,-1
2024-11-03T17:07:00.273-05:00,IdeState,Inactive,,*,-1,-1
2024-11-03T17:07:01.275-05:00,IdeState,Active,Project,*,-1,-1
2024-11-03T17:07:02.276-05:00,IdeState,Active,Dialog,*,-1,-1
2024-11-03T17:07:03.277-05:00,IdeState,Active,Dialog,*,-1,-1
2024-11-03T17:07:04.278-05:00,IdeState,Inactive,,*,-1,-1
2024-11-03T17:07:14.643-05:00,IdeState,NoProject,,*,-1,-1
2024-11-03T17:07:15.962-05:00,IdeState,Active,Popup,*,-1,-1
2024-11-03T17:07:17.021-05:00,IdeState,Active,Project,*,-1,-1
2024-11-03T17:07:18.063-05:00,IdeState,Active,Project,*,-1,-1
2024-11-03T17:07:19.067-05:00,IdeState,Active,Project,*,-1,-1
2024-11-03T17:07:20.068-05:00,IdeState,Active,Project,*,-1,-1
2024-11-03T17:07:21.070-05:00,IdeState,Active,Project,*,-1,-1
2024-11-03T17:07:22.072-05:00,IdeState,Active,Project,*,-1,-1
2024-11-03T17:07:23.073-05:00,IdeState,Active,Project,*,-1,-1
2024-11-03T17:08:18.023-05:00,IdeState,Inactive,,*,-1,-1
2024-11-03T17:08:19.340-05:00,IdeState,Active,Popup,*,-1,-1
2024-11-03T17:08:21.064-05:00,IdeState,Active,Popup,*,-1,-1
2024-11-03T17:08:22.167-05:00,IdeState,Active,Project,*,-1,-1
2024-11-03T17:08:23.281-05:00,IdeState,Inactive,,*,-1,-1
2024-11-03T17:08:24.301-05:00,IdeState,Inactive,,*,-1,-1
2024-11-03T17:08:25.316-05:00,IdeState,Inactive,,*,-1,-1
2024-11-03T17:08:26.317-05:00,IdeState,Active,Dialog,*,-1,-1
2024-11-03T17:08:27.320-05:00,IdeState,Inactive,,*,-1,-1
2024-11-03T17:08:31.556-05:00,IdeState,NoProject,,*,-1,-1
2024-11-03T17:08:33.007-05:00,IdeState,Active,Popup,*,-1,-1
2024-11-03T17:08:34.278-05:00,IdeState,Active,Project,*,-1,-1
2024-11-03T17:08:35.302-05:00,IdeState,Active,Project,*,-1,-1
2024-11-03T17:08:36.303-05:00,IdeState,Active,Project,*,-1,-1
2024-11-03T17:08:37.305-05:00,IdeState,Active,Project,*,-1,-1
2024-11-03T17:08:38.307-05:00,IdeState,Active,Project,*,-1,-1
2024-11-03T17:08:39.308-05:00,IdeState,Active,Project,*,-1,-1
2024-11-03T17:08:40.309-05:00,IdeState,Active,Project,*,-1,-1
2024-11-03T17:08:41.310-05:00,IdeState,Active,Project,*,-1,-1
2024-11-03T17:08:42.310-05:00,IdeState,Active,Project,*,-1,-1
2024-11-03T17:08:43.313-05:00,IdeState,Active,Project,*,-1,-1
2024-11-03T17:08:44.315-05:00,IdeState,Active,Project,*,-1,-1
2024-11-03T17:08:45.315-05:00,IdeState,Active,Project,*,-1,-1
2024-11-03T17:08:46.317-05:00,IdeState,Active,Project,*,-1,-1
2024-11-03T17:08:47.318-05:00,IdeState,Active,Project,*,-1,-1
2024-11-03T17:08:48.320-05:00,IdeState,Active,Project,*,-1,-1
2024-11-03T17:08:49.322-05:00,IdeState,Active,Project,*,-1,-1
2024-11-03T17:08:50.325-05:00,IdeState,Active,Project,*,-1,-1
2024-11-03T17:08:51.327-05:00,IdeState,Active,Project,*,-1,-1
2024-11-03T17:08:52.330-05:00,IdeState,Active,Project,*,-1,-1
2024-11-03T17:08:53.331-05:00,IdeState,Active,Project,*,-1,-1
2024-11-03T17:08:54.333-05:00,IdeState,Active,Project,*,-1,-1
2024-11-03T17:08:55.334-05:00,IdeState,Active,Project,*,-1,-1
2024-11-03T17:08:56.359-05:00,IdeState,Active,Project,*,-1,-1
2024-11-03T17:08:57.360-05:00,IdeState,Active,Project,*,-1,-1
2024-11-03T17:08:58.361-05:00,IdeState,Active,Project,*,-1,-1
2024-11-03T17:08:59.362-05:00,IdeState,Active,Project,*,-1,-1
2024-11-03T17:09:00.364-05:00,IdeState,Active,Project,*,-1,-1
2024-11-03T17:09:01.367-05:00,IdeState,Active,Project,*,-1,-1
2024-11-03T17:09:02.368-05:00,IdeState,Active,Project,*,-1,-1
2024-11-03T17:09:02.399-05:00,Action,SettingsEntryPoint,Project,*,-1,-1
2024-11-03T17:09:03.328-05:00,Action,WelcomeScreen.Plugins,,*,-1,-1
2024-11-03T17:09:04.656-05:00,IdeState,Active,Dialog,*,-1,-1
2024-11-03T17:09:05.658-05:00,IdeState,Active,Dialog,*,-1,-1
2024-11-03T17:09:06.660-05:00,IdeState,Active,Dialog,*,-1,-1
2024-11-03T17:09:07.662-05:00,IdeState,Active,Dialog,*,-1,-1
2024-11-03T17:09:08.663-05:00,IdeState,Active,Dialog,*,-1,-1
2024-11-03T17:09:09.664-05:00,IdeState,Inactive,,*,-1,-1
2024-11-03T17:09:22.094-05:00,IdeState,Inactive,,*,-1,-1
2024-11-03T17:09:23.365-05:00,IdeState,Active,Popup,*,-1,-1
2024-11-03T17:09:24.846-05:00,IdeState,Active,Popup,*,-1,-1
2024-11-03T17:09:25.937-05:00,IdeState,Active,Project,*,-1,-1
2024-11-03T17:09:26.962-05:00,IdeState,Active,Project,*,-1,-1
2024-11-03T17:09:27.978-05:00,IdeState,Active,Project,*,-1,-1
2024-11-03T17:09:28.989-05:00,IdeState,Active,Project,*,-1,-1
2024-11-03T17:09:30.011-05:00,IdeState,Active,Project,*,-1,-1
2024-11-03T17:09:31.090-05:00,IdeState,Active,Dialog,*,-1,-1
2024-11-03T17:09:32.092-05:00,IdeState,Active,Project,*,-1,-1
2024-11-03T17:09:33.094-05:00,IdeState,Inactive,,*,-1,-1
2024-11-03T17:09:34.096-05:00,IdeState,Inactive,,*,-1,-1
2024-11-03T17:09:35.097-05:00,IdeState,Inactive,,*,-1,-1
2024-11-03T17:09:36.098-05:00,IdeState,Inactive,,*,-1,-1
2024-11-03T17:09:36.519-05:00,Action,SettingsEntryPoint,Project,*,-1,-1
2024-11-03T17:09:37.105-05:00,IdeState,Active,Project,*,-1,-1
2024-11-03T17:09:37.589-05:00,Action,WelcomeScreen.Plugins,,*,-1,-1
2024-11-03T17:09:38.823-05:00,IdeState,Active,Dialog,*,-1,-1
2024-11-03T17:09:39.837-05:00,IdeState,Active,Dialog,*,-1,-1
2024-11-03T17:09:40.841-05:00,IdeState,Inactive,,*,-1,-1
2024-11-03T17:09:41.857-05:00,IdeState,Active,Dialog,*,-1,-1
2024-11-03T17:09:42.869-05:00,IdeState,Active,Dialog,*,-1,-1
2024-11-03T17:09:43.879-05:00,IdeState,Active,Dialog,*,-1,-1
2024-11-03T17:09:44.886-05:00,IdeState,Active,Dialog,*,-1,-1
2024-11-03T17:09:45.898-05:00,IdeState,Active,Dialog,*,-1,-1
2024-11-03T17:09:47.042-05:00,IdeState,Active,Project,*,-1,-1
2024-11-03T17:09:48.046-05:00,IdeState,Active,Project,*,-1,-1
2024-11-03T17:09:49.047-05:00,IdeState,Active,Project,*,-1,-1
2024-11-03T17:09:50.049-05:00,IdeState,Active,Project,*,-1,-1
2024-11-03T17:09:51.051-05:00,IdeState,Active,Project,*,-1,-1
2024-11-03T17:09:52.052-05:00,IdeState,Active,Project,*,-1,-1
2024-11-03T17:09:53.054-05:00,IdeState,Active,Project,*,-1,-1
2024-11-03T17:09:54.056-05:00,IdeState,Active,Project,*,-1,-1
2024-11-03T17:09:55.058-05:00,IdeState,Active,Project,*,-1,-1
2024-11-03T17:09:56.059-05:00,IdeState,Active,Project,*,-1,-1
2024-11-03T17:09:57.060-05:00,IdeState,Active,Project,*,-1,-1
2024-11-03T17:09:58.061-05:00,IdeState,Active,Project,*,-1,-1
2024-11-03T17:09:59.062-05:00,IdeState,Active,Project,*,-1,-1
2024-11-03T17:10:00.063-05:00,IdeState,Active,Project,*,-1,-1
2024-11-03T17:10:01.065-05:00,IdeState,Active,Project,*,-1,-1
2024-11-03T17:20:42.136-05:00,IdeState,Inactive,,*,-1,-1
2024-11-03T17:20:44.036-05:00,IdeState,NoProject,,*,-1,-1
2024-11-03T17:20:45.044-05:00,IdeState,NoProject,,*,-1,-1
2024-11-03T17:20:46.057-05:00,IdeState,Inactive,,*,-1,-1
2024-11-03T17:20:47.069-05:00,IdeState,Inactive,,*,-1,-1
2024-11-03T17:20:48.080-05:00,IdeState,Inactive,,*,-1,-1
2024-11-03T17:20:49.091-05:00,IdeState,Inactive,,*,-1,-1
2024-11-03T17:20:50.103-05:00,IdeState,Inactive,,*,-1,-1
2024-11-03T17:20:51.111-05:00,IdeState,Inactive,,*,-1,-1
2024-11-03T17:20:52.124-05:00,IdeState,Inactive,,*,-1,-1
2024-11-03T17:20:53.128-05:00,IdeState,Inactive,,*,-1,-1
2024-11-03T17:20:54.138-05:00,IdeState,NoProject,,*,-1,-1
2024-11-03T17:20:55.147-05:00,IdeState,NoProject,,*,-1,-1
2024-11-03T17:20:55.479-05:00,Action,WelcomeScreen.RemoveSelected,,*,-1,-1
2024-11-03T17:20:56.157-05:00,IdeState,NoProject,,*,-1,-1
2024-11-03T17:20:57.161-05:00,IdeState,NoProject,,*,-1,-1
2024-11-03T17:20:58.172-05:00,IdeState,NoProject,,*,-1,-1
2024-11-03T17:20:59.191-05:00,IdeState,NoProject,,*,-1,-1
2024-11-03T17:21:00.197-05:00,IdeState,NoProject,,*,-1,-1
2024-11-03T17:21:01.203-05:00,IdeState,NoProject,,*,-1,-1
2024-11-03T17:21:02.208-05:00,IdeState,NoProject,,*,-1,-1
2024-11-03T17:21:02.239-05:00,Action,WelcomeScreen.RemoveSelected,,*,-1,-1
2024-11-03T17:21:03.217-05:00,IdeState,NoProject,,*,-1,-1
2024-11-03T17:21:04.235-05:00,IdeState,NoProject,,*,-1,-1
2024-11-03T17:21:05.239-05:00,IdeState,NoProject,,*,-1,-1
2024-11-03T17:21:06.247-05:00,IdeState,NoProject,,*,-1,-1
2024-11-03T17:21:07.260-05:00,IdeState,NoProject,,*,-1,-1
2024-11-03T17:21:08.270-05:00,IdeState,NoProject,,*,-1,-1
2024-11-03T17:21:09.279-05:00,IdeState,NoProject,,*,-1,-1
2024-11-03T17:21:10.289-05:00,IdeState,NoProject,,*,-1,-1
2024-11-03T17:21:11.299-05:00,IdeState,NoProject,,*,-1,-1
2024-11-03T17:21:12.332-05:00,IdeState,NoProject,,*,-1,-1
2024-11-03T17:21:13.520-05:00,IdeState,NoProject,,*,-1,-1
2024-11-03T17:21:14.522-05:00,IdeState,NoProject,,*,-1,-1
2024-11-03T17:21:15.530-05:00,IdeState,NoProject,,*,-1,-1
2024-11-03T17:21:16.542-05:00,IdeState,NoProject,,*,-1,-1
2024-11-03T17:21:17.625-05:00,IdeState,Inactive,,*,-1,-1
2024-11-03T17:21:18.629-05:00,IdeState,Inactive,,*,-1,-1
2024-11-03T17:21:19.637-05:00,IdeState,Inactive,,*,-1,-1
2024-11-03T17:21:20.651-05:00,IdeState,Inactive,,*,-1,-1
2024-11-03T17:21:21.664-05:00,IdeState,Inactive,,*,-1,-1
2024-11-03T17:21:22.674-05:00,IdeState,Inactive,,*,-1,-1
2024-11-03T17:21:23.787-05:00,IdeState,Inactive,,*,-1,-1
2024-11-03T17:21:24.789-05:00,IdeState,Inactive,,*,-1,-1
2024-11-03T17:21:25.790-05:00,IdeState,Inactive,,*,-1,-1
2024-11-03T17:21:26.802-05:00,IdeState,Inactive,,*,-1,-1
2024-11-03T17:21:29.192-05:00,IdeState,Inactive,,*,-1,-1
2024-11-03T17:21:30.447-05:00,IdeState,Inactive,,*,-1,-1
2024-11-03T17:21:31.469-05:00,IdeState,Inactive,,*,-1,-1
2024-11-03T17:21:32.471-05:00,IdeState,Inactive,,*,-1,-1
2024-11-03T17:21:33.472-05:00,IdeState,Inactive,,*,-1,-1
2024-11-03T17:21:34.486-05:00,IdeState,Inactive,,*,-1,-1
2024-11-03T17:21:35.500-05:00,IdeState,Inactive,,*,-1,-1
2024-11-03T17:21:36.510-05:00,IdeState,Inactive,,*,-1,-1
2024-11-03T17:21:37.523-05:00,IdeState,Inactive,,*,-1,-1
2024-11-03T17:21:38.531-05:00,IdeState,Inactive,,*,-1,-1
2024-11-03T17:21:39.543-05:00,IdeState,Inactive,,*,-1,-1
2024-11-03T17:21:40.553-05:00,IdeState,Inactive,,*,-1,-1
2024-11-03T17:21:41.557-05:00,IdeState,Inactive,,*,-1,-1
2024-11-03T17:21:42.566-05:00,IdeState,Inactive,,*,-1,-1
2024-11-03T17:21:43.577-05:00,IdeState,Active,Popup,*,-1,-1
2024-11-03T17:21:44.588-05:00,IdeState,Active,Popup,*,-1,-1
2024-11-03T17:21:45.599-05:00,IdeState,Active,Popup,*,-1,-1
2024-11-03T17:21:46.660-05:00,IdeState,Active,tasktracker,*,-1,-1
2024-11-03T17:21:47.671-05:00,IdeState,Active,tasktracker,*,-1,-1
2024-11-03T17:21:48.701-05:00,IdeState,Active,tasktracker,*,-1,-1
2024-11-03T17:21:49.703-05:00,IdeState,Active,tasktracker,*,-1,-1
2024-11-03T17:21:50.704-05:00,IdeState,Active,tasktracker,*,-1,-1
2024-11-03T17:21:51.705-05:00,IdeState,Active,tasktracker,*,-1,-1
2024-11-03T17:21:56.179-05:00,IdeState,Active,Popup,*,-1,-1
2024-11-03T17:21:58.037-05:00,IdeState,Active,Popup,*,-1,-1
2024-11-03T17:21:59.056-05:00,IdeState,Active,Project,*,-1,-1
2024-11-03T17:22:00.058-05:00,IdeState,Active,Project,*,-1,-1
2024-11-03T17:22:01.060-05:00,IdeState,Active,Project,*,-1,-1
2024-11-03T17:22:02.061-05:00,IdeState,Active,Project,*,-1,-1
2024-11-03T17:22:03.062-05:00,IdeState,Active,Project,*,-1,-1
2024-11-03T17:22:04.075-05:00,IdeState,Active,Project,*,-1,-1
2024-11-03T17:22:05.076-05:00,IdeState,Active,Project,*,-1,-1
2024-11-03T17:22:06.077-05:00,IdeState,Active,Project,*,-1,-1
2024-11-03T17:22:07.079-05:00,IdeState,Active,Project,*,-1,-1
2024-11-03T17:22:08.081-05:00,IdeState,Active,Project,*,-1,-1
2024-11-03T17:22:09.083-05:00,IdeState,Active,Project,*,-1,-1
2024-11-03T17:22:10.085-05:00,IdeState,Active,Project,*,-1,-1
2024-11-03T17:22:11.087-05:00,IdeState,Active,Project,*,-1,-1
2024-11-03T17:22:12.089-05:00,IdeState,Active,Project,*,-1,-1
2024-11-03T17:22:13.090-05:00,IdeState,Active,Project,*,-1,-1
2024-11-03T17:22:14.091-05:00,IdeState,Active,Project,*,-1,-1
2024-11-03T17:22:15.093-05:00,IdeState,Active,Project,*,-1,-1
2024-11-03T17:22:16.095-05:00,IdeState,Active,Project,*,-1,-1
2024-11-03T17:22:17.097-05:00,IdeState,Active,Project,*,-1,-1
2024-11-03T17:22:18.099-05:00,IdeState,Active,Project,*,-1,-1
2024-11-03T17:22:19.100-05:00,IdeState,Active,Project,*,-1,-1
2024-11-03T17:22:20.102-05:00,IdeState,Active,Project,*,-1,-1
2024-11-03T17:22:21.104-05:00,IdeState,Active,Project,*,-1,-1
2024-11-03T17:22:22.104-05:00,IdeState,Active,Project,*,-1,-1
2024-11-03T17:22:23.106-05:00,IdeState,Active,Project,*,-1,-1
2024-11-03T17:22:24.108-05:00,IdeState,Active,Project,*,-1,-1
2024-11-03T17:22:25.110-05:00,IdeState,Active,Project,*,-1,-1
2024-11-03T17:22:26.112-05:00,IdeState,Active,Project,*,-1,-1
2024-11-03T17:22:27.114-05:00,IdeState,Active,Project,*,-1,-1
2024-11-03T17:22:28.116-05:00,IdeState,Active,Project,*,-1,-1
2024-11-03T17:22:29.118-05:00,IdeState,Active,Project,*,-1,-1
2024-11-03T17:22:30.121-05:00,IdeState,Active,Project,*,-1,-1
2024-11-03T17:22:31.122-05:00,IdeState,Active,Project,*,-1,-1
2024-11-03T17:22:32.124-05:00,IdeState,Active,Project,*,-1,-1
2024-11-03T17:22:33.128-05:00,IdeState,Active,Project,*,-1,-1
2024-11-03T17:22:34.130-05:00,IdeState,Active,Project,*,-1,-1
2024-11-03T17:22:35.131-05:00,IdeState,Active,Project,*,-1,-1
2024-11-03T17:22:36.133-05:00,IdeState,Active,Project,*,-1,-1
2024-11-03T17:22:37.135-05:00,IdeState,Active,Project,*,-1,-1
2024-11-03T17:22:38.137-05:00,IdeState,Active,Project,*,-1,-1
2024-11-03T17:22:39.139-05:00,IdeState,Active,Project,*,-1,-1
2024-11-03T17:22:40.143-05:00,IdeState,Active,Project,*,-1,-1
2024-11-03T17:22:41.144-05:00,IdeState,Active,Project,*,-1,-1
2024-11-03T17:22:42.146-05:00,IdeState,Active,Project,*,-1,-1
2024-11-03T17:22:43.148-05:00,IdeState,Active,Project,*,-1,-1
2024-11-03T17:22:44.149-05:00,IdeState,Active,Project,*,-1,-1
2024-11-03T17:22:45.151-05:00,IdeState,Active,Project,*,-1,-1
2024-11-03T17:22:46.153-05:00,IdeState,Active,Project,*,-1,-1
2024-11-03T17:22:47.155-05:00,IdeState,Active,Project,*,-1,-1
2024-11-03T17:22:48.158-05:00,IdeState,Active,Project,*,-1,-1
2024-11-03T17:22:49.159-05:00,IdeState,Active,Project,*,-1,-1
2024-11-03T17:22:50.161-05:00,IdeState,Active,Project,*,-1,-1
2024-11-03T17:22:51.162-05:00,IdeState,Active,Project,*,-1,-1
2024-11-03T17:22:52.164-05:00,IdeState,Active,Project,*,-1,-1
2024-11-03T17:22:53.165-05:00,IdeState,Active,Project,*,-1,-1
2024-11-03T17:22:54.167-05:00,IdeState,Active,Project,*,-1,-1
2024-11-03T17:22:55.169-05:00,IdeState,Active,Project,*,-1,-1
2024-11-03T17:22:56.170-05:00,IdeState,Active,Project,*,-1,-1
2024-11-03T17:22:57.171-05:00,IdeState,Active,Project,*,-1,-1
2024-11-03T17:22:58.174-05:00,IdeState,Active,Project,*,-1,-1
2024-11-03T17:22:59.177-05:00,IdeState,Active,Project,*,-1,-1
2024-11-03T17:23:00.178-05:00,IdeState,Active,Project,*,-1,-1
2024-11-03T17:23:01.179-05:00,IdeState,Active,Project,*,-1,-1
2024-11-03T17:23:02.180-05:00,IdeState,Active,Project,*,-1,-1
2024-11-03T17:23:03.182-05:00,IdeState,Active,Project,*,-1,-1
2024-11-03T17:23:04.183-05:00,IdeState,Active,Project,*,-1,-1
2024-11-03T17:23:05.187-05:00,IdeState,Active,Project,*,-1,-1
2024-11-03T17:23:06.188-05:00,IdeState,Active,Project,*,-1,-1
2024-11-03T17:23:07.192-05:00,IdeState,Active,Project,*,-1,-1
2024-11-03T17:23:08.195-05:00,IdeState,Active,Project,*,-1,-1
2024-11-03T17:23:09.197-05:00,IdeState,Active,Project,*,-1,-1
2024-11-03T17:23:10.199-05:00,IdeState,Active,Project,*,-1,-1
2024-11-03T17:23:11.200-05:00,IdeState,Active,Project,*,-1,-1
2024-11-03T17:23:12.202-05:00,IdeState,Active,Project,*,-1,-1
2024-11-03T17:23:13.204-05:00,IdeState,Active,Project,*,-1,-1
2024-11-03T17:23:14.206-05:00,IdeState,Active,Project,*,-1,-1
2024-11-03T17:23:15.208-05:00,IdeState,Active,Project,*,-1,-1
2024-11-03T17:23:16.211-05:00,IdeState,Active,Project,*,-1,-1
2024-11-03T17:23:17.212-05:00,IdeState,Active,Project,*,-1,-1
2024-11-03T17:23:18.215-05:00,IdeState,Active,Project,*,-1,-1
2024-11-03T17:23:19.217-05:00,IdeState,Active,Project,*,-1,-1
2024-11-03T17:23:20.218-05:00,IdeState,Inactive,,*,-1,-1
2024-11-03T17:23:21.219-05:00,IdeState,Inactive,,*,-1,-1
2024-11-03T17:23:22.221-05:00,IdeState,Active,Project,*,-1,-1
2024-11-03T17:23:23.224-05:00,IdeState,Active,Project,*,-1,-1
2024-11-03T17:23:24.226-05:00,IdeState,Active,tasktracker,*,-1,-1
2024-11-03T17:23:25.229-05:00,IdeState,Active,tasktracker,*,-1,-1
2024-11-03T17:23:26.230-05:00,IdeState,Active,tasktracker,*,-1,-1
2024-11-03T17:23:27.232-05:00,IdeState,Active,tasktracker,*,-1,-1
2024-11-03T17:23:28.234-05:00,IdeState,Active,tasktracker,*,-1,-1
2024-11-03T17:23:29.235-05:00,IdeState,Active,tasktracker,*,-1,-1
2024-11-03T17:23:30.237-05:00,IdeState,Active,tasktracker,*,-1,-1
2024-11-03T17:23:31.238-05:00,IdeState,Active,tasktracker,*,-1,-1
2024-11-03T17:23:32.240-05:00,IdeState,Active,tasktracker,*,-1,-1
2024-11-03T17:23:33.241-05:00,IdeState,Active,tasktracker,*,-1,-1
2024-11-03T17:23:34.242-05:00,IdeState,Active,tasktracker,*,-1,-1
2024-11-03T17:23:35.244-05:00,IdeState,Active,tasktracker,*,-1,-1
2024-11-03T17:23:36.247-05:00,IdeState,Active,tasktracker,*,-1,-1
2024-11-03T17:23:37.247-05:00,IdeState,Active,tasktracker,*,-1,-1
2024-11-03T17:23:38.248-05:00,IdeState,Active,tasktracker,*,-1,-1
2024-11-03T17:23:39.250-05:00,IdeState,Active,tasktracker,*,-1,-1
2024-11-03T17:23:40.252-05:00,IdeState,Active,tasktracker,*,-1,-1
2024-11-03T17:23:41.253-05:00,IdeState,Active,tasktracker,*,-1,-1
2024-11-03T17:23:42.257-05:00,IdeState,Active,tasktracker,*,-1,-1
2024-11-03T17:23:43.259-05:00,IdeState,Active,tasktracker,*,-1,-1
2024-11-03T17:23:44.260-05:00,IdeState,Active,tasktracker,*,-1,-1
2024-11-03T17:23:45.261-05:00,IdeState,Active,tasktracker,*,-1,-1
2024-11-03T17:23:46.263-05:00,IdeState,Active,tasktracker,*,-1,-1
2024-11-03T17:23:47.265-05:00,IdeState,Active,tasktracker,*,-1,-1
2024-11-03T17:23:48.269-05:00,IdeState,Inactive,,*,-1,-1
2024-11-03T17:23:49.271-05:00,IdeState,Inactive,,*,-1,-1
2024-11-03T17:23:50.272-05:00,IdeState,Inactive,,*,-1,-1
2024-11-03T17:23:51.274-05:00,IdeState,Inactive,,*,-1,-1
2024-11-03T17:23:52.276-05:00,IdeState,Inactive,,*,-1,-1
2024-11-03T17:23:53.279-05:00,IdeState,Inactive,,*,-1,-1
2024-11-03T17:23:54.281-05:00,IdeState,Inactive,,*,-1,-1
2024-11-03T17:23:55.282-05:00,IdeState,Inactive,,*,-1,-1
2024-11-03T17:23:56.283-05:00,IdeState,Inactive,,*,-1,-1
2024-11-03T17:23:57.285-05:00,IdeState,Inactive,,*,-1,-1
2024-11-03T17:23:58.287-05:00,IdeState,Inactive,,*,-1,-1
2024-11-03T17:23:59.288-05:00,IdeState,Inactive,,*,-1,-1
2024-11-03T17:24:00.290-05:00,IdeState,Inactive,,*,-1,-1
2024-11-03T17:24:01.293-05:00,IdeState,Inactive,,*,-1,-1
2024-11-03T17:24:02.297-05:00,IdeState,Inactive,,*,-1,-1
2024-11-03T17:24:03.298-05:00,IdeState,Inactive,,*,-1,-1
2024-11-03T17:24:04.300-05:00,IdeState,Inactive,,*,-1,-1
2024-11-03T17:24:05.302-05:00,IdeState,Inactive,,*,-1,-1
2024-11-03T17:24:06.304-05:00,IdeState,Inactive,,*,-1,-1
2024-11-03T17:24:07.305-05:00,IdeState,Inactive,,*,-1,-1
2024-11-03T17:24:08.307-05:00,IdeState,Inactive,,*,-1,-1
2024-11-03T17:24:09.307-05:00,IdeState,Inactive,,*,-1,-1
2024-11-03T17:24:10.309-05:00,IdeState,Inactive,,*,-1,-1
2024-11-03T17:24:11.310-05:00,IdeState,Inactive,,*,-1,-1
2024-11-03T17:24:12.314-05:00,IdeState,Inactive,,*,-1,-1
2024-11-03T17:24:13.315-05:00,IdeState,Inactive,,*,-1,-1
2024-11-03T17:24:14.316-05:00,IdeState,Inactive,,*,-1,-1
2024-11-03T17:24:15.317-05:00,IdeState,Inactive,,*,-1,-1
2024-11-03T17:24:16.318-05:00,IdeState,Inactive,,*,-1,-1
2024-11-03T17:24:17.319-05:00,IdeState,Inactive,,*,-1,-1
2024-11-03T17:24:18.321-05:00,IdeState,Inactive,,*,-1,-1
2024-11-03T17:24:19.323-05:00,IdeState,Inactive,,*,-1,-1
2024-11-03T17:24:20.325-05:00,IdeState,Inactive,,*,-1,-1
2024-11-03T17:24:21.327-05:00,IdeState,Inactive,,*,-1,-1
2024-11-03T17:24:22.329-05:00,IdeState,Inactive,,*,-1,-1
2024-11-03T17:24:23.331-05:00,IdeState,Inactive,,*,-1,-1
2024-11-03T17:24:24.333-05:00,IdeState,Inactive,,*,-1,-1
2024-11-03T17:24:25.333-05:00,IdeState,Inactive,,*,-1,-1
2024-11-03T17:24:26.334-05:00,IdeState,Inactive,,*,-1,-1
2024-11-03T17:24:27.336-05:00,IdeState,Inactive,,*,-1,-1
2024-11-03T17:24:28.337-05:00,IdeState,Inactive,,*,-1,-1
2024-11-03T17:24:29.339-05:00,IdeState,Inactive,,*,-1,-1
2024-11-03T17:24:30.342-05:00,IdeState,Inactive,,*,-1,-1
2024-11-03T17:24:31.344-05:00,IdeState,Inactive,,*,-1,-1
2024-11-03T17:24:32.344-05:00,IdeState,Inactive,,*,-1,-1
2024-11-03T17:24:33.347-05:00,IdeState,Inactive,,*,-1,-1
2024-11-03T17:24:34.348-05:00,IdeState,Inactive,,*,-1,-1
2024-11-03T17:24:35.350-05:00,IdeState,Inactive,,*,-1,-1
2024-11-03T17:24:36.351-05:00,IdeState,Inactive,,*,-1,-1
2024-11-03T17:24:37.354-05:00,IdeState,Inactive,,*,-1,-1
2024-11-03T17:24:38.355-05:00,IdeState,Inactive,,*,-1,-1
2024-11-03T17:24:39.357-05:00,IdeState,Inactive,,*,-1,-1
2024-11-03T17:24:40.358-05:00,IdeState,Inactive,,*,-1,-1
2024-11-03T17:24:41.360-05:00,IdeState,Inactive,,*,-1,-1
2024-11-03T17:24:42.361-05:00,IdeState,Inactive,,*,-1,-1
2024-11-03T17:24:43.362-05:00,IdeState,Inactive,,*,-1,-1
2024-11-03T17:24:44.364-05:00,IdeState,Inactive,,*,-1,-1
2024-11-03T17:24:45.367-05:00,IdeState,Inactive,,*,-1,-1
2024-11-03T17:24:46.369-05:00,IdeState,Inactive,,*,-1,-1
2024-11-03T17:24:47.371-05:00,IdeState,Inactive,,*,-1,-1
2024-11-03T17:24:48.373-05:00,IdeState,Inactive,,*,-1,-1
2024-11-03T17:24:49.375-05:00,IdeState,Inactive,,*,-1,-1
2024-11-03T17:24:50.377-05:00,IdeState,Inactive,,*,-1,-1
2024-11-03T17:24:51.378-05:00,IdeState,Inactive,,*,-1,-1
2024-11-03T17:24:52.380-05:00,IdeState,Inactive,,*,-1,-1
2024-11-03T17:24:53.381-05:00,IdeState,Inactive,,*,-1,-1
2024-11-03T17:24:54.383-05:00,IdeState,Inactive,,*,-1,-1
2024-11-03T17:24:55.383-05:00,IdeState,Inactive,,*,-1,-1
2024-11-03T17:24:56.385-05:00,IdeState,Inactive,,*,-1,-1
2024-11-03T17:24:57.386-05:00,IdeState,Inactive,,*,-1,-1
2024-11-03T17:24:58.389-05:00,IdeState,Inactive,,*,-1,-1
2024-11-03T17:24:59.391-05:00,IdeState,Inactive,,*,-1,-1
2024-11-03T17:25:00.393-05:00,IdeState,Inactive,,*,-1,-1
2024-11-03T17:25:01.395-05:00,IdeState,Inactive,,*,-1,-1
2024-11-03T17:25:02.397-05:00,IdeState,Inactive,,*,-1,-1
2024-11-03T17:25:03.398-05:00,IdeState,Inactive,,*,-1,-1
2024-11-03T17:25:04.402-05:00,IdeState,Inactive,,*,-1,-1
2024-11-03T17:25:05.405-05:00,IdeState,Inactive,,*,-1,-1
2024-11-03T17:25:06.407-05:00,IdeState,Inactive,,*,-1,-1
2024-11-03T17:25:07.409-05:00,IdeState,Inactive,,*,-1,-1
2024-11-03T17:25:08.410-05:00,IdeState,Inactive,,*,-1,-1
2024-11-03T17:25:09.411-05:00,IdeState,Inactive,,*,-1,-1
2024-11-03T17:25:10.412-05:00,IdeState,Inactive,,*,-1,-1
2024-11-03T17:25:11.414-05:00,IdeState,Inactive,,*,-1,-1
2024-11-03T17:25:12.417-05:00,IdeState,Inactive,,*,-1,-1
2024-11-03T17:25:13.418-05:00,IdeState,Inactive,,*,-1,-1
2024-11-03T17:25:14.419-05:00,IdeState,Inactive,,*,-1,-1
2024-11-03T17:25:15.422-05:00,IdeState,Inactive,,*,-1,-1
2024-11-03T17:25:16.424-05:00,IdeState,Inactive,,*,-1,-1
2024-11-03T17:25:17.426-05:00,IdeState,Inactive,,*,-1,-1
2024-11-03T17:25:18.429-05:00,IdeState,Inactive,,*,-1,-1
2024-11-03T17:25:19.429-05:00,IdeState,Inactive,,*,-1,-1
2024-11-03T17:25:20.432-05:00,IdeState,Inactive,,*,-1,-1
2024-11-03T17:25:21.435-05:00,IdeState,Inactive,,*,-1,-1
2024-11-03T17:25:22.435-05:00,IdeState,Inactive,,*,-1,-1
2024-11-03T17:25:23.437-05:00,IdeState,Inactive,,*,-1,-1
2024-11-03T17:25:24.439-05:00,IdeState,Inactive,,*,-1,-1
2024-11-03T17:25:25.440-05:00,IdeState,Inactive,,*,-1,-1
2024-11-03T17:25:26.441-05:00,IdeState,Inactive,,*,-1,-1
2024-11-03T17:25:27.443-05:00,IdeState,Inactive,,*,-1,-1
2024-11-03T17:25:28.445-05:00,IdeState,Inactive,,*,-1,-1
2024-11-03T17:25:29.448-05:00,IdeState,Inactive,,*,-1,-1
2024-11-03T17:25:30.450-05:00,IdeState,Inactive,,*,-1,-1
2024-11-03T17:25:31.450-05:00,IdeState,Inactive,,*,-1,-1
2024-11-03T17:25:32.452-05:00,IdeState,Inactive,,*,-1,-1
2024-11-03T17:25:33.453-05:00,IdeState,Inactive,,*,-1,-1
2024-11-03T17:25:34.455-05:00,IdeState,Inactive,,*,-1,-1
2024-11-03T17:25:35.457-05:00,IdeState,Inactive,,*,-1,-1
2024-11-03T17:25:36.460-05:00,IdeState,Inactive,,*,-1,-1
2024-11-03T17:25:37.461-05:00,IdeState,Inactive,,*,-1,-1
2024-11-03T17:25:38.462-05:00,IdeState,Inactive,,*,-1,-1
2024-11-03T17:25:39.465-05:00,IdeState,Inactive,,*,-1,-1
2024-11-03T17:25:40.467-05:00,IdeState,Inactive,,*,-1,-1
2024-11-03T17:25:41.469-05:00,IdeState,Inactive,,*,-1,-1
2024-11-03T17:25:42.469-05:00,IdeState,Inactive,,*,-1,-1
2024-11-03T17:25:43.470-05:00,IdeState,Inactive,,*,-1,-1
2024-11-03T17:25:44.473-05:00,IdeState,Inactive,,*,-1,-1
2024-11-03T17:25:45.474-05:00,IdeState,Inactive,,*,-1,-1
2024-11-03T17:25:46.476-05:00,IdeState,Inactive,,*,-1,-1
2024-11-03T17:25:47.478-05:00,IdeState,Inactive,,*,-1,-1
2024-11-03T17:25:48.479-05:00,IdeState,Inactive,,*,-1,-1
2024-11-03T17:25:49.479-05:00,IdeState,Inactive,,*,-1,-1
2024-11-03T17:25:50.481-05:00,IdeState,Active,tasktracker,*,-1,-1
2024-11-03T17:25:51.482-05:00,IdeState,Active,tasktracker,*,-1,-1
2024-11-03T17:25:52.483-05:00,IdeState,Active,tasktracker,*,-1,-1
2024-11-03T17:25:53.485-05:00,IdeState,Active,tasktracker,*,-1,-1
2024-11-03T17:25:54.486-05:00,IdeState,Active,Dialog,*,-1,-1
2024-11-04T12:00:52.105-05:00,IdeState,Inactive,,*,-1,-1
2024-11-04T12:00:53.226-05:00,IdeState,Inactive,,*,-1,-1
2024-11-04T12:00:54.353-05:00,IdeState,Inactive,,*,-1,-1
2024-11-04T12:00:55.436-05:00,IdeState,Inactive,,*,-1,-1
2024-11-04T12:00:56.476-05:00,IdeState,Inactive,,*,-1,-1
2024-11-04T12:00:57.507-05:00,IdeState,Inactive,,*,-1,-1
2024-11-04T12:00:58.561-05:00,IdeState,Inactive,,*,-1,-1
2024-11-04T12:00:59.566-05:00,IdeState,Inactive,,*,-1,-1
2024-11-04T12:01:00.591-05:00,IdeState,Inactive,,*,-1,-1
2024-11-04T12:01:01.657-05:00,IdeState,Inactive,,*,-1,-1
2024-11-04T12:01:02.708-05:00,IdeState,Inactive,,*,-1,-1
2024-11-04T12:01:03.727-05:00,IdeState,Inactive,,*,-1,-1
2024-11-04T12:01:05.998-05:00,IdeState,NoProject,,*,-1,-1
2024-11-04T12:01:07.037-05:00,IdeState,Active,Popup,*,-1,-1
2024-11-04T12:01:10.005-05:00,IdeState,Active,Popup,*,-1,-1
2024-11-04T12:01:11.032-05:00,IdeState,Active,Popup,*,-1,-1
2024-11-04T12:01:13.448-05:00,IdeState,Active,Popup,*,-1,-1
2024-11-04T12:01:14.726-05:00,IdeState,Active,Project,*,-1,-1
2024-11-04T12:01:15.852-05:00,IdeState,Active,Project,*,-1,-1
2024-11-04T12:01:16.855-05:00,IdeState,Active,Project,*,-1,-1
2024-11-04T12:01:17.859-05:00,IdeState,Active,Project,*,-1,-1
2024-11-04T12:01:18.862-05:00,IdeState,Active,Project,*,-1,-1
2024-11-04T12:01:19.888-05:00,IdeState,Active,Project,*,-1,-1
2024-11-04T12:01:20.966-05:00,IdeState,Active,Project,*,-1,-1
2024-11-04T12:01:21.969-05:00,IdeState,Active,Project,*,-1,-1
2024-11-04T12:01:22.971-05:00,IdeState,Active,Project,*,-1,-1
2024-11-04T12:01:23.972-05:00,IdeState,Active,Project,*,-1,-1
2024-11-04T12:01:24.974-05:00,IdeState,Active,Project,*,-1,-1
2024-11-04T12:01:25.978-05:00,IdeState,Active,Project,*,-1,-1
2024-11-04T12:01:26.984-05:00,IdeState,Active,Project,*,-1,-1
2024-11-04T12:01:27.986-05:00,IdeState,Active,Project,*,-1,-1
2024-11-04T12:01:28.988-05:00,IdeState,Active,Project,*,-1,-1
2024-11-04T12:01:29.991-05:00,IdeState,Active,Project,*,-1,-1
2024-11-04T12:01:30.995-05:00,IdeState,Active,Project,*,-1,-1
2024-11-04T12:01:31.996-05:00,IdeState,Active,Project,*,-1,-1
2024-11-04T12:01:33.006-05:00,IdeState,Active,Project,*,-1,-1
2024-11-04T12:01:34.008-05:00,IdeState,Active,Project,*,-1,-1
2024-11-04T12:01:35.012-05:00,IdeState,Active,Project,*,-1,-1
2024-11-04T12:01:36.014-05:00,IdeState,Active,Project,*,-1,-1
2024-11-04T12:01:37.063-05:00,IdeState,Active,Project,*,-1,-1
2024-11-04T12:01:38.073-05:00,IdeState,Active,Project,*,-1,-1
2024-11-04T12:01:39.100-05:00,IdeState,Active,Project,*,-1,-1
2024-11-04T12:01:40.179-05:00,IdeState,Active,Project,*,-1,-1
2024-11-04T12:01:41.185-05:00,IdeState,Active,Project,*,-1,-1
2024-11-04T12:01:42.190-05:00,IdeState,Active,Project,*,-1,-1
2024-11-04T12:01:43.192-05:00,IdeState,Active,Project,*,-1,-1
2024-11-04T12:01:44.193-05:00,IdeState,Active,Project,*,-1,-1
2024-11-04T12:01:45.195-05:00,IdeState,Active,Project,*,-1,-1
2024-11-04T12:01:46.196-05:00,IdeState,Active,Project,*,-1,-1
2024-11-04T12:01:47.203-05:00,IdeState,Active,Project,*,-1,-1
2024-11-04T12:01:48.207-05:00,IdeState,Active,Project,*,-1,-1
2024-11-04T12:01:49.212-05:00,IdeState,Active,Project,*,-1,-1
2024-11-04T12:01:50.214-05:00,IdeState,Active,Project,*,-1,-1
2024-11-04T12:01:51.216-05:00,IdeState,Active,Project,*,-1,-1
2024-11-04T12:01:52.218-05:00,IdeState,Active,Project,*,-1,-1
2024-11-04T12:01:53.220-05:00,IdeState,Active,Project,*,-1,-1
2024-11-04T12:01:54.222-05:00,IdeState,Active,Project,*,-1,-1
2024-11-04T12:01:55.225-05:00,IdeState,Active,Project,*,-1,-1
2024-11-04T12:01:56.226-05:00,IdeState,Active,Project,*,-1,-1
2024-11-04T12:01:57.227-05:00,IdeState,Active,Project,*,-1,-1
2024-11-04T12:01:58.229-05:00,IdeState,Active,Project,*,-1,-1
2024-11-04T12:01:59.233-05:00,IdeState,Active,Project,*,-1,-1
2024-11-04T12:02:00.236-05:00,IdeState,Active,Project,*,-1,-1
2024-11-04T12:02:01.237-05:00,IdeState,Active,Project,*,-1,-1
2024-11-04T12:02:02.240-05:00,IdeState,Active,Project,*,-1,-1
2024-11-04T12:02:03.243-05:00,IdeState,Active,Project,*,-1,-1
2024-11-04T12:02:04.244-05:00,IdeState,Active,Project,*,-1,-1
2024-11-04T12:02:05.247-05:00,IdeState,Active,Project,*,-1,-1
2024-11-04T12:02:06.249-05:00,IdeState,Active,Project,*,-1,-1
2024-11-04T12:02:07.257-05:00,IdeState,Active,Project,*,-1,-1
2024-11-04T12:02:08.258-05:00,IdeState,Active,Project,*,-1,-1
2024-11-04T12:02:09.262-05:00,IdeState,Active,Project,*,-1,-1
2024-11-04T12:02:10.265-05:00,IdeState,Active,Project,*,-1,-1
2024-11-04T12:02:11.268-05:00,IdeState,Active,Project,*,-1,-1
2024-11-04T12:02:12.271-05:00,IdeState,Active,Project,*,-1,-1
2024-11-04T12:02:13.273-05:00,IdeState,Active,Project,*,-1,-1
2024-11-04T12:02:14.283-05:00,IdeState,Active,Project,*,-1,-1
2024-11-04T12:02:15.285-05:00,IdeState,Active,Project,*,-1,-1
2024-11-04T12:02:16.288-05:00,IdeState,Active,Project,*,-1,-1
2024-11-04T12:02:17.289-05:00,IdeState,Active,Project,*,-1,-1
2024-11-04T12:02:18.292-05:00,IdeState,Active,Project,*,-1,-1
2024-11-04T12:02:19.295-05:00,IdeState,Active,Project,*,-1,-1
2024-11-04T12:02:20.297-05:00,IdeState,Active,Project,*,-1,-1
2024-11-04T12:02:21.300-05:00,IdeState,Active,Project,*,-1,-1
2024-11-04T12:02:22.305-05:00,IdeState,Active,Project,*,-1,-1
2024-11-04T12:02:23.307-05:00,IdeState,Active,Project,*,-1,-1
2024-11-04T12:02:24.310-05:00,IdeState,Active,Project,*,-1,-1
2024-11-04T12:02:25.312-05:00,IdeState,Active,Project,*,-1,-1
2024-11-04T12:02:26.314-05:00,IdeState,Active,Project,*,-1,-1
2024-11-04T12:02:27.321-05:00,IdeState,Active,Project,*,-1,-1
2024-11-04T12:02:28.326-05:00,IdeState,Active,Project,*,-1,-1
2024-11-04T12:02:29.328-05:00,IdeState,Active,Project,*,-1,-1
2024-11-04T12:02:30.329-05:00,IdeState,Active,Project,*,-1,-1
2024-11-04T12:02:31.331-05:00,IdeState,Active,Project,*,-1,-1
2024-11-04T12:02:32.335-05:00,IdeState,Active,Project,*,-1,-1
2024-11-04T12:02:33.336-05:00,IdeState,Active,Project,*,-1,-1
2024-11-04T12:02:34.338-05:00,IdeState,Active,Project,*,-1,-1
2024-11-04T12:02:35.340-05:00,IdeState,Active,Project,*,-1,-1
2024-11-04T12:02:36.342-05:00,IdeState,Active,Project,*,-1,-1
2024-11-04T12:02:37.343-05:00,IdeState,Active,Project,*,-1,-1
2024-11-04T12:02:38.346-05:00,IdeState,Active,Project,*,-1,-1
2024-11-04T12:02:39.347-05:00,IdeState,Active,Project,*,-1,-1
2024-11-04T12:02:40.351-05:00,IdeState,Active,Project,*,-1,-1
2024-11-04T12:02:41.352-05:00,IdeState,Active,Project,*,-1,-1
2024-11-04T12:02:42.353-05:00,IdeState,Active,Project,*,-1,-1
2024-11-04T12:02:43.355-05:00,IdeState,Active,Project,*,-1,-1
2024-11-04T12:02:44.360-05:00,IdeState,Active,Project,*,-1,-1
2024-11-04T12:02:45.361-05:00,IdeState,Active,Project,*,-1,-1
2024-11-04T12:02:46.363-05:00,IdeState,Active,Project,*,-1,-1
2024-11-04T12:02:47.368-05:00,IdeState,Active,Project,*,-1,-1
2024-11-04T12:02:48.369-05:00,IdeState,Active,Project,*,-1,-1
2024-11-04T12:02:49.371-05:00,IdeState,Active,Project,*,-1,-1
2024-11-04T12:02:50.373-05:00,IdeState,Active,Project,*,-1,-1
2024-11-04T12:02:51.430-05:00,IdeState,Active,Project,*,-1,-1
2024-11-04T12:02:52.432-05:00,IdeState,Active,Project,*,-1,-1
2024-11-04T12:02:53.435-05:00,IdeState,Active,Project,*,-1,-1
2024-11-04T12:02:54.437-05:00,IdeState,Active,Project,*,-1,-1
2024-11-04T12:02:55.439-05:00,IdeState,Active,Project,*,-1,-1
2024-11-04T12:02:56.440-05:00,IdeState,Active,Project,*,-1,-1
2024-11-04T12:02:57.442-05:00,IdeState,Active,Project,*,-1,-1
2024-11-04T12:02:58.443-05:00,IdeState,Active,Project,*,-1,-1
2024-11-04T12:02:59.447-05:00,IdeState,Active,Project,*,-1,-1
2024-11-04T12:03:00.448-05:00,IdeState,Active,Project,*,-1,-1
2024-11-04T12:03:01.450-05:00,IdeState,Active,Project,*,-1,-1
2024-11-04T12:03:02.451-05:00,IdeState,Active,Project,*,-1,-1
2024-11-04T12:03:03.453-05:00,IdeState,Active,Project,*,-1,-1
2024-11-04T12:03:04.496-05:00,IdeState,Active,Project,*,-1,-1
2024-11-04T12:03:05.502-05:00,IdeState,Active,Project,*,-1,-1
2024-11-04T12:03:06.504-05:00,IdeState,Active,Project,*,-1,-1
2024-11-04T12:03:07.505-05:00,IdeState,Active,Project,*,-1,-1
2024-11-04T12:03:08.509-05:00,IdeState,Active,Project,*,-1,-1
2024-11-04T12:03:09.519-05:00,IdeState,Active,Project,*,-1,-1
2024-11-04T12:03:10.522-05:00,IdeState,Active,Project,*,-1,-1
2024-11-04T12:03:11.526-05:00,IdeState,Active,Project,*,-1,-1
2024-11-04T12:03:12.530-05:00,IdeState,Active,Project,*,-1,-1
2024-11-04T12:03:13.533-05:00,IdeState,Active,Project,*,-1,-1
2024-11-04T12:03:14.541-05:00,IdeState,Active,Project,*,-1,-1
2024-11-04T12:03:15.543-05:00,IdeState,Active,Project,*,-1,-1
2024-11-04T12:03:16.546-05:00,IdeState,Active,Project,*,-1,-1
2024-11-04T12:03:17.548-05:00,IdeState,Active,Project,*,-1,-1
2024-11-04T12:03:18.550-05:00,IdeState,Active,Project,*,-1,-1
2024-11-04T12:03:19.553-05:00,IdeState,Active,Project,*,-1,-1
2024-11-04T12:03:20.554-05:00,IdeState,Active,Project,*,-1,-1
2024-11-04T12:03:21.557-05:00,IdeState,Active,Project,*,-1,-1
2024-11-04T12:03:22.558-05:00,IdeState,Active,Project,*,-1,-1
2024-11-04T12:03:23.560-05:00,IdeState,Active,Project,*,-1,-1
2024-11-04T12:03:24.562-05:00,IdeState,Active,Project,*,-1,-1
2024-11-04T12:03:25.568-05:00,IdeState,Active,Project,*,-1,-1
2024-11-04T12:03:26.573-05:00,IdeState,Active,Project,*,-1,-1
2024-11-04T12:03:27.574-05:00,IdeState,Active,Project,*,-1,-1
2024-11-04T12:03:28.576-05:00,IdeState,Active,Project,*,-1,-1
2024-11-04T12:03:29.578-05:00,IdeState,Active,Project,*,-1,-1
2024-11-04T12:03:30.579-05:00,IdeState,Active,Project,*,-1,-1
2024-11-04T12:03:31.580-05:00,IdeState,Active,Project,*,-1,-1
2024-11-04T12:03:32.582-05:00,IdeState,Active,Project,*,-1,-1
2024-11-04T12:03:33.584-05:00,IdeState,Active,Project,*,-1,-1
2024-11-04T12:03:34.586-05:00,IdeState,Active,Project,*,-1,-1
2024-11-04T12:03:35.592-05:00,IdeState,Active,Project,*,-1,-1
2024-11-04T12:03:36.594-05:00,IdeState,Active,Project,*,-1,-1
2024-11-04T12:03:37.596-05:00,IdeState,Active,Project,*,-1,-1
2024-11-04T12:03:38.598-05:00,IdeState,Active,Project,*,-1,-1
2024-11-04T12:03:39.602-05:00,IdeState,Active,Project,*,-1,-1
2024-11-04T12:03:40.603-05:00,IdeState,Active,Project,*,-1,-1
2024-11-04T12:03:41.607-05:00,IdeState,Active,Project,*,-1,-1
2024-11-04T12:03:42.609-05:00,IdeState,Active,Project,*,-1,-1
2024-11-04T12:03:43.612-05:00,IdeState,Active,Project,*,-1,-1
2024-11-04T12:03:44.623-05:00,IdeState,Active,Project,*,-1,-1
2024-11-04T12:03:45.624-05:00,IdeState,Active,Project,*,-1,-1
2024-11-04T12:03:46.626-05:00,IdeState,Active,Project,*,-1,-1
2024-11-04T12:03:47.627-05:00,IdeState,Active,Project,*,-1,-1
2024-11-04T12:03:48.629-05:00,IdeState,Active,Project,*,-1,-1
2024-11-04T12:03:49.631-05:00,IdeState,Active,Project,*,-1,-1
2024-11-04T12:03:50.633-05:00,IdeState,Active,Project,*,-1,-1
2024-11-04T12:03:51.635-05:00,IdeState,Active,Project,*,-1,-1
2024-11-04T12:03:52.636-05:00,IdeState,Active,Project,*,-1,-1
2024-11-04T12:03:53.639-05:00,IdeState,Active,Project,*,-1,-1
2024-11-04T12:03:54.643-05:00,IdeState,Active,Project,*,-1,-1
2024-11-04T12:03:55.644-05:00,IdeState,Active,Project,*,-1,-1
2024-11-04T12:03:56.648-05:00,IdeState,Active,Project,*,-1,-1
2024-11-04T12:03:57.651-05:00,IdeState,Active,Project,*,-1,-1
2024-11-04T12:03:58.696-05:00,IdeState,Active,Project,*,-1,-1
2024-11-04T12:03:59.708-05:00,IdeState,Active,Project,*,-1,-1
2024-11-04T12:04:00.719-05:00,IdeState,Active,Project,*,-1,-1
2024-11-04T12:04:01.720-05:00,IdeState,Active,Project,*,-1,-1
2024-11-04T12:04:02.723-05:00,IdeState,Active,Project,*,-1,-1
2024-11-04T12:04:03.724-05:00,IdeState,Active,Project,*,-1,-1
2024-11-04T12:04:04.726-05:00,IdeState,Active,Project,*,-1,-1
2024-11-04T12:04:05.729-05:00,IdeState,Active,Project,*,-1,-1
2024-11-04T12:04:06.733-05:00,IdeState,Active,Project,*,-1,-1
2024-11-04T12:04:07.738-05:00,IdeState,Active,Project,*,-1,-1
2024-11-04T12:04:08.742-05:00,IdeState,Active,Project,*,-1,-1
2024-11-04T12:04:09.749-05:00,IdeState,Active,Project,*,-1,-1
2024-11-04T12:04:10.751-05:00,IdeState,Active,Project,*,-1,-1
2024-11-04T12:04:11.753-05:00,IdeState,Active,Project,*,-1,-1
2024-11-04T12:04:12.754-05:00,IdeState,Active,Project,*,-1,-1
2024-11-04T12:04:13.757-05:00,IdeState,Active,Project,*,-1,-1
2024-11-04T12:04:14.759-05:00,IdeState,Active,Project,*,-1,-1
2024-11-04T12:04:15.762-05:00,IdeState,Active,Project,*,-1,-1
2024-11-04T12:04:16.765-05:00,IdeState,Active,Project,*,-1,-1
2024-11-04T12:04:17.767-05:00,IdeState,Active,Project,*,-1,-1
2024-11-04T12:04:18.774-05:00,IdeState,Active,Project,*,-1,-1
2024-11-04T12:04:19.777-05:00,IdeState,Active,Project,*,-1,-1
2024-11-04T12:04:20.779-05:00,IdeState,Active,Project,*,-1,-1
2024-11-04T12:04:21.783-05:00,IdeState,Active,Project,*,-1,-1
2024-11-04T12:04:22.788-05:00,IdeState,Active,Project,*,-1,-1
2024-11-04T12:04:23.789-05:00,IdeState,Active,Project,*,-1,-1
2024-11-04T12:04:24.792-05:00,IdeState,Active,Project,*,-1,-1
2024-11-04T12:04:25.793-05:00,IdeState,Active,Project,*,-1,-1
2024-11-04T12:04:26.794-05:00,IdeState,Active,Project,*,-1,-1
2024-11-04T12:04:27.795-05:00,IdeState,Active,Project,*,-1,-1
2024-11-04T12:04:28.812-05:00,IdeState,Active,Project,*,-1,-1
2024-11-04T12:04:29.818-05:00,IdeState,Active,Project,*,-1,-1
2024-11-04T12:04:30.823-05:00,IdeState,Active,Project,*,-1,-1
2024-11-04T12:04:31.824-05:00,IdeState,Active,Project,*,-1,-1
2024-11-04T12:04:32.825-05:00,IdeState,Active,Project,*,-1,-1
2024-11-04T12:04:33.826-05:00,IdeState,Active,Project,*,-1,-1
2024-11-04T12:04:34.828-05:00,IdeState,Active,Project,*,-1,-1
2024-11-04T12:04:35.831-05:00,IdeState,Active,Project,*,-1,-1
2024-11-04T12:04:36.832-05:00,IdeState,Active,Project,*,-1,-1
2024-11-04T12:04:37.837-05:00,IdeState,Active,Project,*,-1,-1
2024-11-04T12:04:38.840-05:00,IdeState,Active,Project,*,-1,-1
2024-11-04T12:04:39.840-05:00,IdeState,Active,Project,*,-1,-1
2024-11-04T12:04:40.841-05:00,IdeState,Active,Project,*,-1,-1
2024-11-04T12:04:41.843-05:00,IdeState,Active,Project,*,-1,-1
2024-11-04T12:04:42.845-05:00,IdeState,Active,Project,*,-1,-1
2024-11-04T12:04:43.854-05:00,IdeState,Active,Project,*,-1,-1
2024-11-04T12:04:44.857-05:00,IdeState,Active,Project,*,-1,-1
2024-11-04T12:04:45.858-05:00,IdeState,Active,Project,*,-1,-1
2024-11-04T12:04:46.862-05:00,IdeState,Active,Project,*,-1,-1
2024-11-04T12:04:47.863-05:00,IdeState,Active,Project,*,-1,-1
2024-11-04T12:04:48.869-05:00,IdeState,Active,Project,*,-1,-1
2024-11-04T12:04:49.871-05:00,IdeState,Active,Project,*,-1,-1
2024-11-04T12:04:50.872-05:00,IdeState,Active,Project,*,-1,-1
2024-11-04T12:04:51.874-05:00,IdeState,Active,Project,*,-1,-1
2024-11-04T12:04:52.875-05:00,IdeState,Active,Project,*,-1,-1
2024-11-04T12:04:53.877-05:00,IdeState,Active,Project,*,-1,-1
2024-11-04T12:04:54.878-05:00,IdeState,Active,Project,*,-1,-1
2024-11-04T12:04:55.882-05:00,IdeState,Active,Project,*,-1,-1
2024-11-04T12:04:56.885-05:00,IdeState,Active,Project,*,-1,-1
2024-11-04T12:04:57.887-05:00,IdeState,Active,Project,*,-1,-1
2024-11-04T12:04:58.890-05:00,IdeState,Active,Project,*,-1,-1
2024-11-04T12:04:59.902-05:00,IdeState,Active,Project,*,-1,-1
2024-11-04T12:05:00.904-05:00,IdeState,Active,Project,*,-1,-1
2024-11-04T12:05:01.906-05:00,IdeState,Active,Project,*,-1,-1
2024-11-04T12:05:02.910-05:00,IdeState,Active,Project,*,-1,-1
2024-11-04T12:05:03.912-05:00,IdeState,Active,Project,*,-1,-1
2024-11-04T12:05:04.913-05:00,IdeState,Active,Project,*,-1,-1
2024-11-04T12:05:05.918-05:00,IdeState,Active,Project,*,-1,-1
2024-11-04T12:05:06.919-05:00,IdeState,Active,Project,*,-1,-1
2024-11-04T12:05:07.922-05:00,IdeState,Active,Project,*,-1,-1
2024-11-04T12:05:08.924-05:00,IdeState,Active,Project,*,-1,-1
2024-11-04T12:05:09.925-05:00,IdeState,Active,Project,*,-1,-1
2024-11-04T12:05:10.927-05:00,IdeState,Active,Project,*,-1,-1
2024-11-04T12:05:11.929-05:00,IdeState,Active,Project,*,-1,-1
2024-11-04T12:05:12.939-05:00,IdeState,Active,Project,*,-1,-1
2024-11-04T12:05:13.943-05:00,IdeState,Active,Project,*,-1,-1
2024-11-04T12:05:14.944-05:00,IdeState,Active,Project,*,-1,-1
2024-11-04T12:05:15.946-05:00,IdeState,Active,Project,*,-1,-1
2024-11-04T12:05:16.953-05:00,IdeState,Active,Project,*,-1,-1
2024-11-04T12:05:17.954-05:00,IdeState,Active,Project,*,-1,-1
2024-11-04T12:05:18.957-05:00,IdeState,Active,Project,*,-1,-1
2024-11-04T12:05:19.980-05:00,IdeState,Active,Project,*,-1,-1
2024-11-04T12:05:20.983-05:00,IdeState,Active,Project,*,-1,-1
2024-11-04T12:05:21.986-05:00,IdeState,Active,Project,*,-1,-1
2024-11-04T12:05:22.991-05:00,IdeState,Active,Project,*,-1,-1
2024-11-04T12:05:23.995-05:00,IdeState,Active,Project,*,-1,-1
2024-11-04T12:05:24.997-05:00,IdeState,Active,Project,*,-1,-1
2024-11-04T12:05:26.003-05:00,IdeState,Active,Project,*,-1,-1
2024-11-04T12:05:27.004-05:00,IdeState,Active,Project,*,-1,-1
2024-11-04T12:05:28.006-05:00,IdeState,Active,Project,*,-1,-1
2024-11-04T12:05:29.008-05:00,IdeState,Active,Project,*,-1,-1
2024-11-04T12:05:30.010-05:00,IdeState,Active,Project,*,-1,-1
2024-11-04T12:05:31.011-05:00,IdeState,Active,Project,*,-1,-1
2024-11-04T12:05:32.013-05:00,IdeState,Active,Project,*,-1,-1
2024-11-04T12:05:33.023-05:00,IdeState,Active,Project,*,-1,-1
2024-11-04T12:05:34.024-05:00,IdeState,Active,Project,*,-1,-1
2024-11-04T12:05:35.030-05:00,IdeState,Active,Project,*,-1,-1
2024-11-04T12:05:36.032-05:00,IdeState,Active,Project,*,-1,-1
2024-11-04T12:05:37.040-05:00,IdeState,Active,Project,*,-1,-1
2024-11-04T12:05:38.042-05:00,IdeState,Active,Project,*,-1,-1
2024-11-04T12:05:39.043-05:00,IdeState,Active,Project,*,-1,-1
2024-11-04T12:05:40.054-05:00,IdeState,Active,Project,*,-1,-1
2024-11-04T12:05:41.055-05:00,IdeState,Active,Project,*,-1,-1
2024-11-04T12:05:42.057-05:00,IdeState,Active,Project,*,-1,-1
2024-11-04T12:05:43.058-05:00,IdeState,Active,Project,*,-1,-1
2024-11-04T12:05:44.060-05:00,IdeState,Active,Project,*,-1,-1
2024-11-04T12:05:45.062-05:00,IdeState,Active,Project,*,-1,-1
2024-11-04T12:05:46.064-05:00,IdeState,Active,Project,*,-1,-1
2024-11-04T12:05:47.065-05:00,IdeState,Active,Project,*,-1,-1
2024-11-04T12:05:48.070-05:00,IdeState,Active,Project,*,-1,-1
2024-11-04T12:05:49.073-05:00,IdeState,Active,Project,*,-1,-1
2024-11-04T12:05:50.076-05:00,IdeState,Active,Project,*,-1,-1
2024-11-04T12:05:51.078-05:00,IdeState,Active,Project,*,-1,-1
2024-11-04T12:05:52.079-05:00,IdeState,Active,Project,*,-1,-1
2024-11-04T12:05:53.080-05:00,IdeState,Active,Project,*,-1,-1
2024-11-04T12:05:54.083-05:00,IdeState,Active,Project,*,-1,-1
2024-11-04T12:05:55.083-05:00,IdeState,Active,Project,*,-1,-1
2024-11-04T12:05:56.088-05:00,IdeState,Active,Project,*,-1,-1
2024-11-04T12:05:57.092-05:00,IdeState,Active,Project,*,-1,-1
2024-11-04T12:05:58.094-05:00,IdeState,Active,Project,*,-1,-1
2024-11-04T12:05:59.095-05:00,IdeState,Active,Project,*,-1,-1
2024-11-04T12:06:00.107-05:00,IdeState,Active,Project,*,-1,-1
2024-11-04T12:06:01.109-05:00,IdeState,Active,Project,*,-1,-1
2024-11-04T12:06:02.110-05:00,IdeState,Active,Project,*,-1,-1
2024-11-04T12:06:03.112-05:00,IdeState,Active,Project,*,-1,-1
2024-11-04T12:06:04.114-05:00,IdeState,Active,Project,*,-1,-1
2024-11-04T12:06:05.123-05:00,IdeState,Active,Project,*,-1,-1
2024-11-04T12:06:06.125-05:00,IdeState,Active,Project,*,-1,-1
2024-11-04T12:06:07.126-05:00,IdeState,Active,Project,*,-1,-1
2024-11-04T12:06:08.129-05:00,IdeState,Active,Project,*,-1,-1
2024-11-04T12:06:09.131-05:00,IdeState,Active,Project,*,-1,-1
2024-11-04T12:06:10.133-05:00,IdeState,Active,Project,*,-1,-1
2024-11-04T12:06:11.135-05:00,IdeState,Active,Project,*,-1,-1
2024-11-04T12:06:12.136-05:00,IdeState,Active,Project,*,-1,-1
2024-11-04T12:06:13.144-05:00,IdeState,Active,Project,*,-1,-1
2024-11-04T12:06:14.145-05:00,IdeState,Active,Project,*,-1,-1
2024-11-04T12:06:15.147-05:00,IdeState,Active,Project,*,-1,-1
2024-11-04T12:06:16.149-05:00,IdeState,Active,Project,*,-1,-1
2024-11-04T12:06:17.150-05:00,IdeState,Active,Project,*,-1,-1
2024-11-04T12:06:18.153-05:00,IdeState,Active,Project,*,-1,-1
2024-11-04T12:06:19.154-05:00,IdeState,Active,Project,*,-1,-1
2024-11-04T12:06:20.156-05:00,IdeState,Active,Project,*,-1,-1
2024-11-04T12:06:21.157-05:00,IdeState,Active,Project,*,-1,-1
2024-11-04T12:06:22.159-05:00,IdeState,Active,Project,*,-1,-1
2024-11-04T12:06:23.162-05:00,IdeState,Active,Project,*,-1,-1
2024-11-04T12:06:24.163-05:00,IdeState,Active,Project,*,-1,-1
2024-11-04T12:06:25.168-05:00,IdeState,Active,Project,*,-1,-1
2024-11-04T12:06:26.182-05:00,IdeState,Active,Project,*,-1,-1
2024-11-04T12:06:27.185-05:00,IdeState,Active,Project,*,-1,-1
2024-11-04T12:06:28.189-05:00,IdeState,Active,Project,*,-1,-1
2024-11-04T12:06:29.192-05:00,IdeState,Active,Project,*,-1,-1
2024-11-04T12:06:30.194-05:00,IdeState,Active,Project,*,-1,-1
2024-11-04T12:06:31.204-05:00,IdeState,Active,Project,*,-1,-1
2024-11-04T13:04:53.341-05:00,IdeState,Inactive,,*,-1,-1
2024-11-04T13:04:54.423-05:00,IdeState,Inactive,,*,-1,-1
2024-11-04T13:04:55.440-05:00,IdeState,Inactive,,*,-1,-1
2024-11-04T13:04:56.449-05:00,IdeState,Inactive,,*,-1,-1
2024-11-04T13:04:57.459-05:00,IdeState,Inactive,,*,-1,-1
2024-11-04T13:04:58.474-05:00,IdeState,Inactive,,*,-1,-1
2024-11-04T13:04:59.490-05:00,IdeState,Inactive,,*,-1,-1
2024-11-04T13:05:00.506-05:00,IdeState,Inactive,,*,-1,-1
2024-11-04T13:05:02.424-05:00,IdeState,NoProject,,*,-1,-1
2024-11-04T13:05:03.434-05:00,IdeState,Active,Popup,*,-1,-1
2024-11-04T13:05:05.091-05:00,IdeState,Active,Popup,*,-1,-1
2024-11-04T13:05:06.110-05:00,IdeState,Active,Popup,*,-1,-1
2024-11-04T13:05:07.596-05:00,IdeState,Active,Popup,*,-1,-1
2024-11-04T13:05:08.725-05:00,IdeState,Active,Project,*,-1,-1
2024-11-04T13:05:10.944-05:00,IdeState,Active,Project,*,-1,-1
2024-11-04T13:05:11.947-05:00,IdeState,Active,Project,*,-1,-1
2024-11-04T13:05:12.950-05:00,IdeState,Active,Project,*,-1,-1
2024-11-04T13:05:13.964-05:00,IdeState,Active,Project,*,-1,-1
2024-11-04T13:05:14.966-05:00,IdeState,Active,Project,*,-1,-1
2024-11-04T13:05:15.969-05:00,IdeState,Active,Project,*,-1,-1
2024-11-04T13:05:16.970-05:00,IdeState,Active,Project,*,-1,-1
2024-11-04T13:05:17.989-05:00,IdeState,Active,Project,*,-1,-1
2024-11-04T13:05:18.990-05:00,IdeState,Active,Project,*,-1,-1
2024-11-04T13:05:19.991-05:00,IdeState,Active,Project,*,-1,-1
2024-11-04T13:05:20.994-05:00,IdeState,Active,Project,*,-1,-1
2024-11-04T13:05:21.995-05:00,IdeState,Active,Project,*,-1,-1
2024-11-04T13:05:22.996-05:00,IdeState,Active,Project,*,-1,-1
2024-11-04T13:05:23.998-05:00,IdeState,Active,Project,*,-1,-1
2024-11-04T13:05:25.000-05:00,IdeState,Active,Project,*,-1,-1
2024-11-04T13:05:26.001-05:00,IdeState,Active,Project,*,-1,-1
2024-11-04T13:05:27.002-05:00,IdeState,Active,Project,*,-1,-1
2024-11-04T13:05:28.004-05:00,IdeState,Active,Project,*,-1,-1
2024-11-04T13:05:29.005-05:00,IdeState,Active,Project,*,-1,-1
2024-11-04T13:05:30.007-05:00,IdeState,Active,Project,*,-1,-1
2024-11-04T13:05:31.030-05:00,IdeState,Active,Dialog,*,-1,-1
2024-11-04T13:05:32.176-05:00,IdeState,Inactive,,*,-1,-1
2024-11-04T15:32:17.027-05:00,IdeState,Inactive,,*,-1,-1
2024-11-04T15:32:18.189-05:00,IdeState,Inactive,,*,-1,-1
2024-11-04T15:32:19.207-05:00,IdeState,Inactive,,*,-1,-1
2024-11-04T15:32:20.243-05:00,IdeState,Inactive,,*,-1,-1
2024-11-04T15:32:21.263-05:00,IdeState,Inactive,,*,-1,-1
2024-11-04T15:32:22.271-05:00,IdeState,Inactive,,*,-1,-1
2024-11-04T15:32:23.439-05:00,IdeState,Inactive,,*,-1,-1
2024-11-04T15:32:24.549-05:00,IdeState,Inactive,,*,-1,-1
2024-11-04T15:32:25.591-05:00,IdeState,Inactive,,*,-1,-1
2024-11-04T15:32:27.051-05:00,IdeState,NoProject,,*,-1,-1
2024-11-04T15:32:28.055-05:00,IdeState,Active,Popup,*,-1,-1
2024-11-04T15:32:29.418-05:00,IdeState,Active,Popup,*,-1,-1
2024-11-04T15:32:30.445-05:00,IdeState,Active,Popup,*,-1,-1
2024-11-04T15:32:31.474-05:00,IdeState,Active,Popup,*,-1,-1
2024-11-04T15:32:32.632-05:00,IdeState,Active,Project,*,-1,-1
2024-11-04T15:32:33.648-05:00,IdeState,Active,Project,*,-1,-1
2024-11-04T15:32:34.653-05:00,IdeState,Active,Project,*,-1,-1
2024-11-04T15:32:35.653-05:00,IdeState,Active,Project,*,-1,-1
2024-11-04T15:32:36.655-05:00,IdeState,Active,Project,*,-1,-1
2024-11-04T15:32:37.710-05:00,IdeState,Active,Project,*,-1,-1
2024-11-04T15:32:38.711-05:00,IdeState,Active,Project,*,-1,-1
2024-11-04T15:32:39.712-05:00,IdeState,Active,Project,*,-1,-1
2024-11-04T15:32:40.714-05:00,IdeState,Active,Project,*,-1,-1
2024-11-04T15:32:41.718-05:00,IdeState,Active,Project,*,-1,-1
2024-11-04T15:32:42.719-05:00,IdeState,Active,Project,*,-1,-1
2024-11-04T15:32:43.721-05:00,IdeState,Active,Project,*,-1,-1
2024-11-04T15:32:44.722-05:00,IdeState,Active,Project,*,-1,-1
2024-11-04T15:32:45.724-05:00,IdeState,Active,Project,*,-1,-1
2024-11-04T15:32:46.726-05:00,IdeState,Active,Project,*,-1,-1
2024-11-04T15:32:47.727-05:00,IdeState,Active,Project,*,-1,-1
2024-11-04T15:32:48.728-05:00,IdeState,Active,Project,*,-1,-1
2024-11-04T15:32:49.730-05:00,IdeState,Active,Project,*,-1,-1
2024-11-04T15:32:50.732-05:00,IdeState,Active,Project,*,-1,-1
2024-11-04T15:32:51.734-05:00,IdeState,Active,Project,*,-1,-1
2024-11-04T15:32:52.736-05:00,IdeState,Active,Project,*,-1,-1
2024-11-04T15:32:53.736-05:00,IdeState,Active,Project,*,-1,-1
2024-11-04T15:32:54.737-05:00,IdeState,Active,Project,*,-1,-1
2024-11-04T15:32:55.739-05:00,IdeState,Active,Project,*,-1,-1
2024-11-04T15:32:56.740-05:00,IdeState,Active,Project,*,-1,-1
2024-11-04T15:32:57.744-05:00,IdeState,Active,Project,*,-1,-1
2024-11-04T15:32:58.744-05:00,IdeState,Active,Project,*,-1,-1
2024-11-04T15:32:59.747-05:00,IdeState,Active,Project,*,-1,-1
2024-11-04T15:33:00.749-05:00,IdeState,Active,Project,*,-1,-1
2024-11-04T15:33:01.750-05:00,IdeState,Active,Project,*,-1,-1
2024-11-04T15:33:02.753-05:00,IdeState,Active,Project,*,-1,-1
2024-11-04T15:33:03.754-05:00,IdeState,Active,Project,*,-1,-1
2024-11-04T15:33:04.758-05:00,IdeState,Active,Project,*,-1,-1
2024-11-04T15:33:05.759-05:00,IdeState,Active,Project,*,-1,-1
2024-11-04T15:50:33.281-05:00,IdeState,NoProject,,*,-1,-1
2024-11-04T15:50:34.430-05:00,IdeState,Active,Popup,*,-1,-1
2024-11-04T15:50:35.776-05:00,IdeState,Active,Popup,*,-1,-1
2024-11-04T15:50:36.915-05:00,IdeState,Active,Project,*,-1,-1
2024-11-04T15:50:37.916-05:00,IdeState,Active,Project,*,-1,-1
2024-11-04T15:50:38.918-05:00,IdeState,Active,Project,*,-1,-1
2024-11-04T15:50:39.920-05:00,IdeState,Active,Project,*,-1,-1
2024-11-04T15:50:40.923-05:00,IdeState,Active,Project,*,-1,-1
2024-11-04T15:50:41.925-05:00,IdeState,Active,Project,*,-1,-1
2024-11-04T15:50:42.926-05:00,IdeState,Active,Project,*,-1,-1
2024-11-04T15:50:43.927-05:00,IdeState,Active,Project,*,-1,-1
2024-11-04T15:50:44.928-05:00,IdeState,Active,Project,*,-1,-1
2024-11-04T15:50:45.929-05:00,IdeState,Active,Project,*,-1,-1
2024-11-04T15:50:46.930-05:00,IdeState,Active,Project,*,-1,-1
2024-11-04T15:50:47.932-05:00,IdeState,Active,Project,*,-1,-1
2024-11-04T15:50:48.933-05:00,IdeState,Active,Project,*,-1,-1
2024-11-04T15:50:49.936-05:00,IdeState,Active,Project,*,-1,-1
2024-11-04T15:50:50.938-05:00,IdeState,Active,Project,*,-1,-1
2024-11-04T15:50:51.939-05:00,IdeState,Active,Project,*,-1,-1
2024-11-04T16:04:23.101-05:00,IdeState,Inactive,,*,-1,-1
2024-11-04T16:04:24.158-05:00,IdeState,Inactive,,*,-1,-1
2024-11-04T16:04:25.170-05:00,IdeState,Inactive,,*,-1,-1
2024-11-04T16:04:26.173-05:00,IdeState,Inactive,,*,-1,-1
2024-11-04T16:04:27.189-05:00,IdeState,Inactive,,*,-1,-1
2024-11-04T16:04:28.202-05:00,IdeState,Inactive,,*,-1,-1
2024-11-04T16:04:29.529-05:00,IdeState,NoProject,,*,-1,-1
2024-11-04T16:04:30.572-05:00,IdeState,Active,Popup,*,-1,-1
2024-11-04T16:04:32.291-05:00,IdeState,Active,Popup,*,-1,-1
2024-11-04T16:04:33.715-05:00,IdeState,Active,Project,*,-1,-1
2024-11-04T16:04:35.189-05:00,IdeState,Active,Project,*,-1,-1
2024-11-04T16:04:36.500-05:00,IdeState,Active,Project,*,-1,-1
2024-11-04T16:04:37.508-05:00,IdeState,Active,Project,*,-1,-1
2024-11-04T16:04:38.509-05:00,IdeState,Active,Project,*,-1,-1
2024-11-04T16:04:39.510-05:00,IdeState,Active,Project,*,-1,-1
2024-11-04T16:04:40.512-05:00,IdeState,Active,Project,*,-1,-1
2024-11-04T16:04:41.514-05:00,IdeState,Active,Project,*,-1,-1
2024-11-04T16:04:42.515-05:00,IdeState,Active,Project,*,-1,-1
2024-11-04T16:04:43.518-05:00,IdeState,Active,Project,*,-1,-1
2024-11-04T16:04:44.520-05:00,IdeState,Active,Project,*,-1,-1
2024-11-04T16:04:45.524-05:00,IdeState,Active,Project,*,-1,-1
2024-11-04T16:04:46.526-05:00,IdeState,Active,Project,*,-1,-1
2024-11-04T16:04:47.530-05:00,IdeState,Active,Project,*,-1,-1
2024-11-04T16:04:48.532-05:00,IdeState,Active,Project,*,-1,-1
2024-11-04T16:04:49.534-05:00,IdeState,Active,Project,*,-1,-1
2024-11-04T16:04:50.536-05:00,IdeState,Active,Project,*,-1,-1
2024-11-04T16:04:51.538-05:00,IdeState,Active,Project,*,-1,-1
2024-11-04T16:04:52.539-05:00,IdeState,Active,Project,*,-1,-1
2024-11-04T16:04:53.541-05:00,IdeState,Active,Project,*,-1,-1
2024-11-04T16:04:54.544-05:00,IdeState,Active,Project,*,-1,-1
2024-11-04T16:04:55.545-05:00,IdeState,Active,Project,*,-1,-1
2024-11-04T16:04:56.548-05:00,IdeState,Active,Project,*,-1,-1
2024-11-04T16:04:57.549-05:00,IdeState,Active,Project,*,-1,-1
2024-11-04T16:04:58.551-05:00,IdeState,Active,Project,*,-1,-1
2024-11-04T16:04:59.552-05:00,IdeState,Active,Project,*,-1,-1
2024-11-04T16:05:00.554-05:00,IdeState,Active,Project,*,-1,-1
2024-11-04T16:05:01.557-05:00,IdeState,Active,Project,*,-1,-1
2024-11-04T16:05:02.559-05:00,IdeState,Active,Project,*,-1,-1
2024-11-04T16:05:03.562-05:00,IdeState,Active,Project,*,-1,-1
2024-11-04T16:05:04.564-05:00,IdeState,Active,Project,*,-1,-1
2024-11-04T16:05:05.566-05:00,IdeState,Active,Project,*,-1,-1
2024-11-04T16:05:06.570-05:00,IdeState,Active,Project,*,-1,-1
2024-11-04T16:05:07.571-05:00,IdeState,Active,Project,*,-1,-1
2024-11-04T16:05:08.573-05:00,IdeState,Active,Project,*,-1,-1
2024-11-04T16:05:09.574-05:00,IdeState,Active,Project,*,-1,-1
2024-11-04T16:05:10.578-05:00,IdeState,Active,Project,*,-1,-1
2024-11-04T16:05:11.581-05:00,IdeState,Active,Project,*,-1,-1
2024-11-04T16:05:12.582-05:00,IdeState,Active,Project,*,-1,-1
2024-11-04T16:05:13.585-05:00,IdeState,Active,Project,*,-1,-1
2024-11-04T16:05:14.586-05:00,IdeState,Active,Project,*,-1,-1
2024-11-04T16:05:15.588-05:00,IdeState,Active,Project,*,-1,-1
2024-11-04T16:05:16.589-05:00,IdeState,Active,Project,*,-1,-1
2024-11-04T16:05:17.592-05:00,IdeState,Active,Project,*,-1,-1
2024-11-04T16:05:18.594-05:00,IdeState,Active,Project,*,-1,-1
2024-11-04T16:05:19.596-05:00,IdeState,Active,Project,*,-1,-1
2024-11-04T16:05:20.598-05:00,IdeState,Active,Project,*,-1,-1
2024-11-04T16:05:21.599-05:00,IdeState,Active,Project,*,-1,-1
2024-11-04T16:05:22.600-05:00,IdeState,Active,Project,*,-1,-1
2024-11-04T16:05:23.602-05:00,IdeState,Active,Project,*,-1,-1
2024-11-04T16:05:24.603-05:00,IdeState,Active,Project,*,-1,-1
2024-11-04T16:05:25.604-05:00,IdeState,Active,Project,*,-1,-1
2024-11-04T16:05:26.605-05:00,IdeState,Active,Project,*,-1,-1
2024-11-04T16:05:27.608-05:00,IdeState,Active,Project,*,-1,-1
2024-11-04T16:05:28.610-05:00,IdeState,Active,Project,*,-1,-1
2024-11-04T16:05:29.611-05:00,IdeState,Active,Project,*,-1,-1
2024-11-04T16:05:30.614-05:00,IdeState,Active,Project,*,-1,-1
2024-11-04T16:05:31.615-05:00,IdeState,Active,Project,*,-1,-1
2024-11-04T16:05:32.619-05:00,IdeState,Active,Project,*,-1,-1
2024-11-04T16:05:33.621-05:00,IdeState,Active,Project,*,-1,-1
2024-11-04T16:05:34.623-05:00,IdeState,Active,Project,*,-1,-1
2024-11-04T16:05:35.625-05:00,IdeState,Active,Project,*,-1,-1
2024-11-04T16:05:36.627-05:00,IdeState,Active,Project,*,-1,-1
2024-11-04T16:05:37.630-05:00,IdeState,Active,Project,*,-1,-1
2024-11-04T16:05:38.632-05:00,IdeState,Active,Project,*,-1,-1
2024-11-04T16:05:39.634-05:00,IdeState,Active,Project,*,-1,-1
2024-11-04T16:05:40.636-05:00,IdeState,Active,Project,*,-1,-1
2024-11-04T16:05:41.640-05:00,IdeState,Active,Project,*,-1,-1
2024-11-04T16:05:42.641-05:00,IdeState,Active,Project,*,-1,-1
2024-11-04T16:05:43.644-05:00,IdeState,Active,Project,*,-1,-1
2024-11-04T16:05:44.648-05:00,IdeState,Active,Project,*,-1,-1
2024-11-04T16:05:45.650-05:00,IdeState,Active,Project,*,-1,-1
2024-11-04T16:05:46.651-05:00,IdeState,Active,Project,*,-1,-1
2024-11-04T16:05:47.652-05:00,IdeState,Active,Project,*,-1,-1
2024-11-04T16:05:48.653-05:00,IdeState,Active,Project,*,-1,-1
2024-11-04T16:05:49.656-05:00,IdeState,Active,Project,*,-1,-1
2024-11-04T16:05:50.659-05:00,IdeState,Active,Project,*,-1,-1
2024-11-04T16:05:51.661-05:00,IdeState,Active,Project,*,-1,-1
2024-11-04T16:05:52.662-05:00,IdeState,Active,Project,*,-1,-1
2024-11-04T16:05:53.663-05:00,IdeState,Active,Project,*,-1,-1
2024-11-04T16:05:54.665-05:00,IdeState,Active,Project,*,-1,-1
2024-11-04T16:05:55.668-05:00,IdeState,Active,Project,*,-1,-1
2024-11-04T16:05:56.670-05:00,IdeState,Active,Project,*,-1,-1
2024-11-04T16:05:57.671-05:00,IdeState,Active,Project,*,-1,-1
2024-11-04T16:05:58.673-05:00,IdeState,Active,Project,*,-1,-1
2024-11-04T16:05:59.675-05:00,IdeState,Active,Project,*,-1,-1
2024-11-04T16:06:00.678-05:00,IdeState,Active,Project,*,-1,-1
2024-11-04T16:06:01.679-05:00,IdeState,Active,Project,*,-1,-1
2024-11-04T16:06:02.680-05:00,IdeState,Active,Project,*,-1,-1
2024-11-04T16:06:03.681-05:00,IdeState,Active,Project,*,-1,-1
2024-11-04T16:06:04.683-05:00,IdeState,Active,Project,*,-1,-1
2024-11-04T16:06:05.686-05:00,IdeState,Active,Project,*,-1,-1
2024-11-04T16:06:06.688-05:00,IdeState,Active,Project,*,-1,-1
2024-11-04T16:06:07.689-05:00,IdeState,Active,Project,*,-1,-1
2024-11-04T16:06:08.692-05:00,IdeState,Active,Project,*,-1,-1
2024-11-04T16:06:09.694-05:00,IdeState,Active,Project,*,-1,-1
2024-11-04T16:06:10.696-05:00,IdeState,Active,Project,*,-1,-1
2024-11-04T16:06:11.698-05:00,IdeState,Active,Project,*,-1,-1
2024-11-04T16:06:12.700-05:00,IdeState,Active,Project,*,-1,-1
2024-11-04T16:06:13.701-05:00,IdeState,Active,Project,*,-1,-1
2024-11-04T16:06:14.702-05:00,IdeState,Active,Project,*,-1,-1
2024-11-04T16:06:15.705-05:00,IdeState,Active,Project,*,-1,-1
2024-11-04T16:06:16.706-05:00,IdeState,Active,Project,*,-1,-1
2024-11-04T16:06:17.708-05:00,IdeState,Active,Project,*,-1,-1
2024-11-04T16:06:18.709-05:00,IdeState,Active,Project,*,-1,-1
2024-11-04T16:06:19.711-05:00,IdeState,Active,Project,*,-1,-1
2024-11-04T16:06:20.713-05:00,IdeState,Active,Project,*,-1,-1
2024-11-04T16:06:21.715-05:00,IdeState,Active,Project,*,-1,-1
2024-11-04T16:06:22.716-05:00,IdeState,Active,Project,*,-1,-1
2024-11-04T16:06:23.717-05:00,IdeState,Active,Project,*,-1,-1
2024-11-04T16:06:24.719-05:00,IdeState,Active,Project,*,-1,-1
2024-11-04T16:06:25.722-05:00,IdeState,Active,Project,*,-1,-1
2024-11-04T16:06:26.725-05:00,IdeState,Active,Project,*,-1,-1
2024-11-04T16:06:27.727-05:00,IdeState,Active,Project,*,-1,-1
2024-11-04T16:06:28.729-05:00,IdeState,Active,Project,*,-1,-1
2024-11-04T16:06:29.731-05:00,IdeState,Active,Project,*,-1,-1
2024-11-04T16:06:30.732-05:00,IdeState,Active,Project,*,-1,-1
2024-11-04T16:06:31.734-05:00,IdeState,Active,Project,*,-1,-1
2024-11-04T16:06:32.738-05:00,IdeState,Active,Project,*,-1,-1
2024-11-04T16:06:33.740-05:00,IdeState,Active,Project,*,-1,-1
2024-11-04T16:06:34.741-05:00,IdeState,Active,Project,*,-1,-1
2024-11-04T16:06:35.743-05:00,IdeState,Active,Project,*,-1,-1
2024-11-04T16:06:36.746-05:00,IdeState,Active,Project,*,-1,-1
2024-11-04T16:06:37.749-05:00,IdeState,Active,Project,*,-1,-1
2024-11-04T16:06:38.752-05:00,IdeState,Active,Project,*,-1,-1
2024-11-04T16:06:39.753-05:00,IdeState,Active,Project,*,-1,-1
2024-11-04T16:06:40.755-05:00,IdeState,Active,Project,*,-1,-1
2024-11-04T16:06:41.757-05:00,IdeState,Active,Project,*,-1,-1
2024-11-04T16:06:42.760-05:00,IdeState,Active,Project,*,-1,-1
2024-11-04T16:06:43.761-05:00,IdeState,Active,Project,*,-1,-1
2024-11-04T16:06:44.762-05:00,IdeState,Active,Project,*,-1,-1
2024-11-04T16:06:45.764-05:00,IdeState,Active,Project,*,-1,-1
2024-11-04T16:06:46.768-05:00,IdeState,Active,Project,*,-1,-1
2024-11-04T16:06:47.770-05:00,IdeState,Active,Project,*,-1,-1
2024-11-04T16:06:48.772-05:00,IdeState,Active,Project,*,-1,-1
2024-11-04T16:06:49.774-05:00,IdeState,Active,Project,*,-1,-1
2024-11-04T16:06:50.775-05:00,IdeState,Active,Project,*,-1,-1
2024-11-04T16:06:51.777-05:00,IdeState,Active,Project,*,-1,-1
2024-11-04T16:06:52.780-05:00,IdeState,Active,Project,*,-1,-1
2024-11-04T16:06:53.781-05:00,IdeState,Active,Project,*,-1,-1
2024-11-04T16:06:54.782-05:00,IdeState,Active,Project,*,-1,-1
2024-11-04T16:06:55.785-05:00,IdeState,Active,Project,*,-1,-1
2024-11-04T16:06:56.786-05:00,IdeState,Active,Project,*,-1,-1
2024-11-04T16:06:57.788-05:00,IdeState,Active,Project,*,-1,-1
2024-11-04T16:06:58.790-05:00,IdeState,Active,Project,*,-1,-1
2024-11-04T16:06:59.792-05:00,IdeState,Active,Project,*,-1,-1
2024-11-04T16:07:00.794-05:00,IdeState,Active,Project,*,-1,-1
2024-11-04T16:07:01.795-05:00,IdeState,Active,Project,*,-1,-1
2024-11-04T16:07:02.798-05:00,IdeState,Active,Project,*,-1,-1
2024-11-04T16:07:03.799-05:00,IdeState,Active,Project,*,-1,-1
2024-11-04T16:07:04.800-05:00,IdeState,Active,Project,*,-1,-1
2024-11-04T16:07:05.802-05:00,IdeState,Active,Project,*,-1,-1
2024-11-04T16:07:06.805-05:00,IdeState,Active,Project,*,-1,-1
2024-11-04T16:07:07.807-05:00,IdeState,Active,Project,*,-1,-1
2024-11-04T16:07:08.808-05:00,IdeState,Active,Project,*,-1,-1
2024-11-04T16:07:09.810-05:00,IdeState,Active,Project,*,-1,-1
2024-11-04T16:07:10.812-05:00,IdeState,Active,Project,*,-1,-1
2024-11-04T16:07:11.814-05:00,IdeState,Active,Project,*,-1,-1
2024-11-04T16:07:12.814-05:00,IdeState,Active,Project,*,-1,-1
2024-11-04T16:07:13.817-05:00,IdeState,Active,Project,*,-1,-1
2024-11-04T16:07:14.820-05:00,IdeState,Active,Project,*,-1,-1
2024-11-04T16:07:15.822-05:00,IdeState,Active,Project,*,-1,-1
2024-11-04T16:07:16.824-05:00,IdeState,Active,Project,*,-1,-1
2024-11-04T16:07:17.825-05:00,IdeState,Active,Project,*,-1,-1
2024-11-04T16:07:18.827-05:00,IdeState,Active,Project,*,-1,-1
2024-11-04T16:07:19.830-05:00,IdeState,Active,Project,*,-1,-1
2024-11-04T16:07:20.831-05:00,IdeState,Active,Project,*,-1,-1
2024-11-04T16:07:21.832-05:00,IdeState,Active,Project,*,-1,-1
2024-11-04T16:07:22.833-05:00,IdeState,Active,Project,*,-1,-1
2024-11-04T16:07:23.834-05:00,IdeState,Active,Project,*,-1,-1
2024-11-04T16:07:24.836-05:00,IdeState,Active,Project,*,-1,-1
2024-11-04T16:07:25.838-05:00,IdeState,Active,Project,*,-1,-1
2024-11-04T16:07:26.840-05:00,IdeState,Active,Project,*,-1,-1
2024-11-04T16:07:27.842-05:00,IdeState,Active,Project,*,-1,-1
2024-11-04T16:07:28.845-05:00,IdeState,Active,Project,*,-1,-1
2024-11-04T16:07:29.846-05:00,IdeState,Active,Project,*,-1,-1
2024-11-04T16:07:30.849-05:00,IdeState,Active,Project,*,-1,-1
2024-11-04T16:07:31.853-05:00,IdeState,Active,Project,*,-1,-1
2024-11-04T16:07:32.857-05:00,IdeState,Active,Project,*,-1,-1
2024-11-04T16:07:33.858-05:00,IdeState,Active,Project,*,-1,-1
2024-11-04T16:07:34.861-05:00,IdeState,Active,Project,*,-1,-1
2024-11-04T16:07:35.863-05:00,IdeState,Active,Project,*,-1,-1
2024-11-04T16:07:36.867-05:00,IdeState,Active,Project,*,-1,-1
2024-11-04T16:07:37.870-05:00,IdeState,Active,Project,*,-1,-1
2024-11-04T16:07:38.871-05:00,IdeState,Active,Project,*,-1,-1
2024-11-04T16:07:39.874-05:00,IdeState,Active,Project,*,-1,-1
2024-11-04T16:07:40.875-05:00,IdeState,Active,Project,*,-1,-1
2024-11-04T16:07:41.877-05:00,IdeState,Active,Project,*,-1,-1
2024-11-04T16:07:42.880-05:00,IdeState,Active,Project,*,-1,-1
2024-11-04T16:07:43.883-05:00,IdeState,Active,Project,*,-1,-1
2024-11-04T16:07:44.885-05:00,IdeState,Active,Project,*,-1,-1
2024-11-04T16:07:45.886-05:00,IdeState,Active,Project,*,-1,-1
2024-11-04T16:07:46.888-05:00,IdeState,Active,Project,*,-1,-1
2024-11-04T16:07:47.889-05:00,IdeState,Active,Project,*,-1,-1
2024-11-04T16:07:48.890-05:00,IdeState,Active,Project,*,-1,-1
2024-11-04T16:07:49.892-05:00,IdeState,Active,Project,*,-1,-1
2024-11-04T16:07:50.894-05:00,IdeState,Active,Project,*,-1,-1
2024-11-04T16:07:51.895-05:00,IdeState,Active,Project,*,-1,-1
2024-11-04T16:07:52.896-05:00,IdeState,Active,Project,*,-1,-1
2024-11-04T16:07:53.898-05:00,IdeState,Active,Project,*,-1,-1
2024-11-04T16:07:54.900-05:00,IdeState,Active,Project,*,-1,-1
2024-11-04T16:07:55.903-05:00,IdeState,Active,Project,*,-1,-1
2024-11-04T16:07:56.904-05:00,IdeState,Active,Project,*,-1,-1
2024-11-04T16:07:57.906-05:00,IdeState,Active,Project,*,-1,-1
2024-11-04T16:07:58.908-05:00,IdeState,Active,Project,*,-1,-1
2024-11-04T16:07:59.910-05:00,IdeState,Active,Project,*,-1,-1
2024-11-04T16:08:00.911-05:00,IdeState,Active,Project,*,-1,-1
2024-11-04T16:08:01.913-05:00,IdeState,Active,Project,*,-1,-1
2024-11-04T16:08:02.916-05:00,IdeState,Active,Project,*,-1,-1
2024-11-04T16:08:03.919-05:00,IdeState,Active,Project,*,-1,-1
2024-11-04T16:08:04.922-05:00,IdeState,Active,Project,*,-1,-1
2024-11-04T16:08:05.923-05:00,IdeState,Active,Project,*,-1,-1
2024-11-04T16:08:06.924-05:00,IdeState,Active,Project,*,-1,-1
2024-11-04T16:08:07.925-05:00,IdeState,Active,Project,*,-1,-1
2024-11-04T16:08:08.928-05:00,IdeState,Active,Project,*,-1,-1
2024-11-04T16:08:09.930-05:00,IdeState,Active,Project,*,-1,-1
2024-11-04T16:08:10.931-05:00,IdeState,Active,Project,*,-1,-1
2024-11-04T16:08:11.932-05:00,IdeState,Active,Project,*,-1,-1
2024-11-04T16:08:12.933-05:00,IdeState,Active,Project,*,-1,-1
2024-11-04T16:08:13.935-05:00,IdeState,Active,Project,*,-1,-1
2024-11-04T16:08:14.939-05:00,IdeState,Active,Project,*,-1,-1
2024-11-04T16:08:15.940-05:00,IdeState,Active,Project,*,-1,-1
2024-11-04T16:08:16.941-05:00,IdeState,Active,Project,*,-1,-1
2024-11-04T16:08:17.944-05:00,IdeState,Active,Project,*,-1,-1
2024-11-04T16:08:18.945-05:00,IdeState,Active,Project,*,-1,-1
2024-11-04T16:08:19.946-05:00,IdeState,Active,Project,*,-1,-1
2024-11-04T16:08:20.948-05:00,IdeState,Active,Project,*,-1,-1
2024-11-04T16:08:21.949-05:00,IdeState,Active,Project,*,-1,-1
2024-11-04T16:08:22.953-05:00,IdeState,Active,Project,*,-1,-1
2024-11-04T16:08:23.953-05:00,IdeState,Active,Project,*,-1,-1
2024-11-04T16:08:24.955-05:00,IdeState,Active,Project,*,-1,-1
2024-11-04T16:08:25.956-05:00,IdeState,Active,Project,*,-1,-1
2024-11-04T16:08:26.958-05:00,IdeState,Active,Project,*,-1,-1
2024-11-04T16:08:27.961-05:00,IdeState,Active,Project,*,-1,-1
2024-11-04T16:08:28.962-05:00,IdeState,Active,Project,*,-1,-1
2024-11-04T16:08:29.964-05:00,IdeState,Active,Project,*,-1,-1
2024-11-04T16:08:30.965-05:00,IdeState,Active,Project,*,-1,-1
2024-11-04T16:08:31.968-05:00,IdeState,Active,Project,*,-1,-1
2024-11-04T16:08:32.970-05:00,IdeState,Active,Project,*,-1,-1
2024-11-04T16:08:33.972-05:00,IdeState,Active,Project,*,-1,-1
2024-11-04T16:08:34.973-05:00,IdeState,Active,Project,*,-1,-1
2024-11-04T16:08:35.975-05:00,IdeState,Active,Project,*,-1,-1
2024-11-04T16:08:36.977-05:00,IdeState,Active,Project,*,-1,-1
2024-11-04T16:08:37.980-05:00,IdeState,Active,Project,*,-1,-1
2024-11-04T16:08:38.982-05:00,IdeState,Active,Project,*,-1,-1
2024-11-04T16:08:39.982-05:00,IdeState,Active,Project,*,-1,-1
2024-11-04T16:08:40.984-05:00,IdeState,Active,Project,*,-1,-1
2024-11-04T16:08:41.986-05:00,IdeState,Active,Project,*,-1,-1
2024-11-04T16:08:42.988-05:00,IdeState,Active,Project,*,-1,-1
2024-11-04T16:08:43.989-05:00,IdeState,Active,Project,*,-1,-1
2024-11-04T16:08:44.990-05:00,IdeState,Active,Project,*,-1,-1
2024-11-04T16:08:45.992-05:00,IdeState,Active,Project,*,-1,-1
2024-11-04T16:08:46.994-05:00,IdeState,Active,Project,*,-1,-1
2024-11-04T16:08:47.995-05:00,IdeState,Active,Project,*,-1,-1
2024-11-04T16:08:48.997-05:00,IdeState,Active,Project,*,-1,-1
2024-11-04T16:08:49.999-05:00,IdeState,Active,Project,*,-1,-1
2024-11-04T16:08:51.002-05:00,IdeState,Active,Project,*,-1,-1
2024-11-04T16:08:52.004-05:00,IdeState,Active,Project,*,-1,-1
2024-11-04T16:08:53.006-05:00,IdeState,Active,Project,*,-1,-1
2024-11-04T16:08:54.007-05:00,IdeState,Active,Project,*,-1,-1
2024-11-04T16:08:55.009-05:00,IdeState,Active,Project,*,-1,-1
2024-11-04T16:08:56.010-05:00,IdeState,Active,Project,*,-1,-1
2024-11-04T16:08:57.012-05:00,IdeState,Active,Project,*,-1,-1
2024-11-04T16:08:58.013-05:00,IdeState,Active,Project,*,-1,-1
2024-11-04T16:08:59.015-05:00,IdeState,Active,Project,*,-1,-1
2024-11-04T16:09:00.016-05:00,IdeState,Active,Project,*,-1,-1
2024-11-04T16:09:01.019-05:00,IdeState,Active,Project,*,-1,-1
2024-11-04T16:09:02.021-05:00,IdeState,Active,Project,*,-1,-1
2024-11-04T16:09:03.025-05:00,IdeState,Active,Project,*,-1,-1
2024-11-04T16:09:04.025-05:00,IdeState,Active,Project,*,-1,-1
2024-11-04T16:09:05.027-05:00,IdeState,Active,Project,*,-1,-1
2024-11-04T16:09:06.028-05:00,IdeState,Active,Project,*,-1,-1
2024-11-04T16:09:07.030-05:00,IdeState,Active,Project,*,-1,-1
2024-11-04T16:09:08.032-05:00,IdeState,Active,Project,*,-1,-1
2024-11-04T16:09:09.034-05:00,IdeState,Active,Project,*,-1,-1
2024-11-04T16:09:10.036-05:00,IdeState,Active,Project,*,-1,-1
2024-11-04T16:09:11.038-05:00,IdeState,Active,Project,*,-1,-1
2024-11-04T16:09:12.039-05:00,IdeState,Active,Project,*,-1,-1
2024-11-04T16:09:13.042-05:00,IdeState,Active,Project,*,-1,-1
2024-11-04T16:09:14.045-05:00,IdeState,Active,Project,*,-1,-1
2024-11-04T16:09:15.048-05:00,IdeState,Active,Project,*,-1,-1
2024-11-04T16:09:16.050-05:00,IdeState,Active,Project,*,-1,-1
2024-11-04T16:09:17.052-05:00,IdeState,Active,Project,*,-1,-1
2024-11-04T16:09:18.054-05:00,IdeState,Active,Project,*,-1,-1
2024-11-04T16:09:19.055-05:00,IdeState,Active,Project,*,-1,-1
2024-11-04T16:09:20.057-05:00,IdeState,Active,Project,*,-1,-1
2024-11-04T16:09:21.060-05:00,IdeState,Active,Project,*,-1,-1
2024-11-04T16:09:22.061-05:00,IdeState,Active,Project,*,-1,-1
2024-11-04T16:09:23.064-05:00,IdeState,Active,Project,*,-1,-1
2024-11-04T16:09:24.065-05:00,IdeState,Active,Project,*,-1,-1
2024-11-04T16:09:25.066-05:00,IdeState,Active,Project,*,-1,-1
2024-11-04T16:09:26.070-05:00,IdeState,Active,Project,*,-1,-1
2024-11-04T16:09:27.071-05:00,IdeState,Active,Project,*,-1,-1
2024-11-04T16:09:28.073-05:00,IdeState,Active,Project,*,-1,-1
2024-11-04T16:09:29.074-05:00,IdeState,Active,Project,*,-1,-1
2024-11-04T16:09:30.076-05:00,IdeState,Active,Project,*,-1,-1
2024-11-04T16:09:31.078-05:00,IdeState,Active,Project,*,-1,-1
2024-11-04T16:09:32.079-05:00,IdeState,Active,Project,*,-1,-1
2024-11-04T16:09:33.080-05:00,IdeState,Active,Project,*,-1,-1
2024-11-04T16:09:34.082-05:00,IdeState,Active,Project,*,-1,-1
2024-11-04T16:09:35.083-05:00,IdeState,Active,Project,*,-1,-1
2024-11-04T16:09:36.084-05:00,IdeState,Active,Project,*,-1,-1
2024-11-04T16:09:37.086-05:00,IdeState,Active,Project,*,-1,-1
2024-11-04T16:09:38.088-05:00,IdeState,Active,Project,*,-1,-1
2024-11-04T16:09:39.090-05:00,IdeState,Active,Project,*,-1,-1
2024-11-04T16:09:40.093-05:00,IdeState,Active,Project,*,-1,-1
2024-11-04T16:09:41.094-05:00,IdeState,Active,Project,*,-1,-1
2024-11-04T16:09:42.096-05:00,IdeState,Active,Project,*,-1,-1
2024-11-04T16:09:43.098-05:00,IdeState,Active,Project,*,-1,-1
2024-11-04T16:09:44.099-05:00,IdeState,Active,Project,*,-1,-1
2024-11-04T16:09:45.101-05:00,IdeState,Active,Project,*,-1,-1
2024-11-04T16:09:46.103-05:00,IdeState,Active,Project,*,-1,-1
2024-11-04T16:09:47.106-05:00,IdeState,Active,Project,*,-1,-1
2024-11-04T16:09:48.106-05:00,IdeState,Active,Project,*,-1,-1
2024-11-04T16:09:49.109-05:00,IdeState,Active,Project,*,-1,-1
2024-11-04T16:09:50.111-05:00,IdeState,Active,Project,*,-1,-1
2024-11-04T16:09:51.112-05:00,IdeState,Active,Project,*,-1,-1
2024-11-04T16:09:52.113-05:00,IdeState,Active,Project,*,-1,-1
2024-11-04T16:09:53.114-05:00,IdeState,Active,Project,*,-1,-1
2024-11-04T16:09:54.117-05:00,IdeState,Active,Project,*,-1,-1
2024-11-04T16:09:55.119-05:00,IdeState,Active,Project,*,-1,-1
2024-11-04T16:09:56.120-05:00,IdeState,Active,Project,*,-1,-1
2024-11-04T16:09:57.122-05:00,IdeState,Active,Project,*,-1,-1
2024-11-04T16:09:58.125-05:00,IdeState,Active,Project,*,-1,-1
2024-11-04T16:09:59.127-05:00,IdeState,Active,Project,*,-1,-1
2024-11-04T16:10:00.129-05:00,IdeState,Active,Project,*,-1,-1
2024-11-04T16:10:01.131-05:00,IdeState,Active,Project,*,-1,-1
2024-11-04T16:10:02.132-05:00,IdeState,Active,Project,*,-1,-1
2024-11-04T16:10:03.134-05:00,IdeState,Active,Project,*,-1,-1
2024-11-04T16:10:04.137-05:00,IdeState,Active,Project,*,-1,-1
2024-11-04T16:10:05.138-05:00,IdeState,Active,Project,*,-1,-1
2024-11-04T16:10:06.139-05:00,IdeState,Active,Project,*,-1,-1
2024-11-04T16:10:07.140-05:00,IdeState,Active,Project,*,-1,-1
2024-11-04T16:10:08.143-05:00,IdeState,Active,Project,*,-1,-1
2024-11-04T16:10:09.145-05:00,IdeState,Active,Project,*,-1,-1
2024-11-04T16:10:10.148-05:00,IdeState,Active,Project,*,-1,-1
2024-11-04T16:10:11.149-05:00,IdeState,Active,Project,*,-1,-1
2024-11-04T16:10:12.150-05:00,IdeState,Active,Project,*,-1,-1
2024-11-04T16:10:13.153-05:00,IdeState,Active,Project,*,-1,-1
2024-11-04T16:10:14.155-05:00,IdeState,Active,Project,*,-1,-1
2024-11-04T16:10:15.157-05:00,IdeState,Active,Project,*,-1,-1
2024-11-04T16:10:16.159-05:00,IdeState,Active,Project,*,-1,-1
2024-11-04T16:10:17.160-05:00,IdeState,Active,Project,*,-1,-1
2024-11-04T16:10:18.162-05:00,IdeState,Active,Project,*,-1,-1
2024-11-04T16:10:19.163-05:00,IdeState,Active,Project,*,-1,-1
2024-11-04T16:10:20.165-05:00,IdeState,Active,Project,*,-1,-1
2024-11-04T16:10:21.166-05:00,IdeState,Active,Project,*,-1,-1
2024-11-04T16:10:22.168-05:00,IdeState,Active,Project,*,-1,-1
2024-11-04T16:10:23.169-05:00,IdeState,Active,Project,*,-1,-1
2024-11-04T16:10:24.171-05:00,IdeState,Active,Project,*,-1,-1
2024-11-04T16:10:25.172-05:00,IdeState,Active,Project,*,-1,-1
2024-11-04T16:10:26.174-05:00,IdeState,Active,Project,*,-1,-1
2024-11-04T16:10:27.176-05:00,IdeState,Active,Project,*,-1,-1
2024-11-04T16:10:28.177-05:00,IdeState,Active,Project,*,-1,-1
2024-11-04T16:10:29.179-05:00,IdeState,Active,Project,*,-1,-1
2024-11-04T16:10:30.180-05:00,IdeState,Active,Project,*,-1,-1
2024-11-04T16:10:31.181-05:00,IdeState,Active,Project,*,-1,-1
2024-11-04T16:10:32.182-05:00,IdeState,Active,Project,*,-1,-1
2024-11-04T16:10:33.184-05:00,IdeState,Active,Project,*,-1,-1
2024-11-04T16:10:34.184-05:00,IdeState,Active,Project,*,-1,-1
2024-11-04T16:10:35.186-05:00,IdeState,Active,Project,*,-1,-1
2024-11-04T16:10:36.187-05:00,IdeState,Active,Project,*,-1,-1
2024-11-04T16:10:37.189-05:00,IdeState,Active,Project,*,-1,-1
2024-11-04T16:10:38.190-05:00,IdeState,Active,Project,*,-1,-1
2024-11-04T16:10:39.191-05:00,IdeState,Active,Project,*,-1,-1
2024-11-04T16:10:40.192-05:00,IdeState,Active,Project,*,-1,-1
2024-11-04T16:10:41.193-05:00,IdeState,Active,Project,*,-1,-1
2024-11-04T16:10:42.194-05:00,IdeState,Active,Project,*,-1,-1
2024-11-04T16:10:43.195-05:00,IdeState,Active,Project,*,-1,-1
2024-11-04T16:10:44.197-05:00,IdeState,Active,Project,*,-1,-1
2024-11-04T16:10:45.198-05:00,IdeState,Active,Project,*,-1,-1
2024-11-04T16:10:46.199-05:00,IdeState,Active,Project,*,-1,-1
2024-11-04T16:10:47.201-05:00,IdeState,Active,Project,*,-1,-1
2024-11-04T16:10:48.204-05:00,IdeState,Active,Project,*,-1,-1
2024-11-04T16:10:49.205-05:00,IdeState,Active,Project,*,-1,-1
2024-11-04T16:10:50.208-05:00,IdeState,Active,Project,*,-1,-1
2024-11-04T16:10:51.209-05:00,IdeState,Active,Project,*,-1,-1
2024-11-04T16:10:52.210-05:00,IdeState,Active,Project,*,-1,-1
2024-11-04T16:10:53.211-05:00,IdeState,Active,Project,*,-1,-1
2024-11-04T16:10:54.213-05:00,IdeState,Active,Project,*,-1,-1
2024-11-04T16:10:55.215-05:00,IdeState,Active,Project,*,-1,-1
2024-11-04T16:10:56.216-05:00,IdeState,Active,Project,*,-1,-1
2024-11-04T16:10:57.218-05:00,IdeState,Active,Project,*,-1,-1
2024-11-04T16:10:58.220-05:00,IdeState,Active,Project,*,-1,-1
2024-11-04T16:10:59.221-05:00,IdeState,Active,Project,*,-1,-1
2024-11-04T16:11:00.224-05:00,IdeState,Active,Project,*,-1,-1
2024-11-04T16:11:01.225-05:00,IdeState,Active,Project,*,-1,-1
2024-11-04T16:11:02.227-05:00,IdeState,Active,Project,*,-1,-1
2024-11-04T16:11:03.228-05:00,IdeState,Active,Project,*,-1,-1
2024-11-04T16:11:04.231-05:00,IdeState,Active,Project,*,-1,-1
2024-11-04T16:11:05.232-05:00,IdeState,Active,Project,*,-1,-1
2024-11-04T16:11:06.232-05:00,IdeState,Active,Project,*,-1,-1
2024-11-04T16:11:07.233-05:00,IdeState,Active,Project,*,-1,-1
2024-11-04T16:11:08.236-05:00,IdeState,Active,Project,*,-1,-1
2024-11-04T16:11:09.237-05:00,IdeState,Active,Project,*,-1,-1
2024-11-04T16:11:10.239-05:00,IdeState,Active,Project,*,-1,-1
2024-11-04T16:11:11.242-05:00,IdeState,Active,Project,*,-1,-1
2024-11-04T16:11:12.243-05:00,IdeState,Active,Project,*,-1,-1
2024-11-04T16:11:13.245-05:00,IdeState,Active,Project,*,-1,-1
2024-11-04T16:11:14.246-05:00,IdeState,Active,Project,*,-1,-1
2024-11-04T16:11:15.248-05:00,IdeState,Active,Project,*,-1,-1
2024-11-04T16:11:16.249-05:00,IdeState,Active,Project,*,-1,-1
2024-11-04T16:11:17.250-05:00,IdeState,Active,Project,*,-1,-1
2024-11-04T16:11:18.251-05:00,IdeState,Active,Project,*,-1,-1
2024-11-04T16:11:19.254-05:00,IdeState,Active,Project,*,-1,-1
2024-11-04T16:11:20.256-05:00,IdeState,Active,Project,*,-1,-1
2024-11-04T16:11:21.257-05:00,IdeState,Active,Project,*,-1,-1
2024-11-04T16:11:22.259-05:00,IdeState,Active,Project,*,-1,-1
2024-11-04T16:11:23.260-05:00,IdeState,Active,Project,*,-1,-1
2024-11-04T16:11:24.262-05:00,IdeState,Active,Project,*,-1,-1
2024-11-04T16:11:25.263-05:00,IdeState,Active,Project,*,-1,-1
2024-11-04T16:11:26.265-05:00,IdeState,Active,Project,*,-1,-1
2024-11-04T16:11:27.266-05:00,IdeState,Active,Project,*,-1,-1
2024-11-04T16:11:28.267-05:00,IdeState,Active,Project,*,-1,-1
2024-11-04T16:11:29.268-05:00,IdeState,Active,Project,*,-1,-1
2024-11-04T16:11:30.269-05:00,IdeState,Active,Project,*,-1,-1
2024-11-04T16:11:31.271-05:00,IdeState,Active,Project,*,-1,-1
2024-11-04T16:11:32.272-05:00,IdeState,Active,Project,*,-1,-1
2024-11-04T16:11:33.273-05:00,IdeState,Active,Project,*,-1,-1
2024-11-04T16:11:34.275-05:00,IdeState,Active,Project,*,-1,-1
2024-11-04T16:11:35.276-05:00,IdeState,Active,Project,*,-1,-1
2024-11-04T16:11:36.277-05:00,IdeState,Active,Project,*,-1,-1
2024-11-04T16:11:37.279-05:00,IdeState,Active,Project,*,-1,-1
2024-11-04T16:11:38.280-05:00,IdeState,Active,Project,*,-1,-1
2024-11-04T16:11:39.281-05:00,IdeState,Active,Project,*,-1,-1
2024-11-04T16:11:40.283-05:00,IdeState,Active,Project,*,-1,-1
2024-11-04T16:11:41.286-05:00,IdeState,Active,Project,*,-1,-1
2024-11-04T16:11:42.288-05:00,IdeState,Active,Project,*,-1,-1
2024-11-04T16:11:43.289-05:00,IdeState,Active,Project,*,-1,-1
2024-11-04T16:11:44.292-05:00,IdeState,Active,Project,*,-1,-1
2024-11-04T16:11:45.294-05:00,IdeState,Active,Project,*,-1,-1
2024-11-04T16:11:46.295-05:00,IdeState,Active,Project,*,-1,-1
2024-11-04T16:11:47.296-05:00,IdeState,Active,Project,*,-1,-1
2024-11-04T16:11:48.297-05:00,IdeState,Active,Project,*,-1,-1
2024-11-04T16:11:49.299-05:00,IdeState,Active,Project,*,-1,-1
2024-11-04T16:11:50.300-05:00,IdeState,Active,Project,*,-1,-1
2024-11-04T16:11:51.302-05:00,IdeState,Active,Project,*,-1,-1
2024-11-04T16:11:52.303-05:00,IdeState,Active,Project,*,-1,-1
2024-11-04T16:11:53.304-05:00,IdeState,Active,Project,*,-1,-1
2024-11-04T16:11:54.306-05:00,IdeState,Active,Project,*,-1,-1
2024-11-04T16:11:55.308-05:00,IdeState,Active,Project,*,-1,-1
2024-11-04T16:11:56.309-05:00,IdeState,Active,Project,*,-1,-1
2024-11-04T16:11:57.310-05:00,IdeState,Active,Project,*,-1,-1
2024-11-04T16:11:58.312-05:00,IdeState,Active,Project,*,-1,-1
2024-11-04T16:11:59.312-05:00,IdeState,Active,Project,*,-1,-1
2024-11-04T16:12:00.313-05:00,IdeState,Active,Project,*,-1,-1
2024-11-04T16:12:01.314-05:00,IdeState,Active,Project,*,-1,-1
2024-11-04T16:12:02.316-05:00,IdeState,Active,Project,*,-1,-1
2024-11-04T16:12:03.318-05:00,IdeState,Active,Project,*,-1,-1
2024-11-04T16:12:04.320-05:00,IdeState,Active,Project,*,-1,-1
2024-11-04T16:12:05.322-05:00,IdeState,Active,Project,*,-1,-1
2024-11-04T16:12:06.323-05:00,IdeState,Active,Project,*,-1,-1
2024-11-04T16:12:07.325-05:00,IdeState,Active,Project,*,-1,-1
2024-11-04T16:12:08.330-05:00,IdeState,Active,Project,*,-1,-1
2024-11-04T16:12:09.330-05:00,IdeState,Active,Project,*,-1,-1
2024-11-04T16:12:10.332-05:00,IdeState,Active,Project,*,-1,-1
2024-11-04T16:12:11.333-05:00,IdeState,Active,Project,*,-1,-1
2024-11-04T16:12:12.336-05:00,IdeState,Active,Project,*,-1,-1
2024-11-04T16:12:13.339-05:00,IdeState,Active,Project,*,-1,-1
2024-11-04T16:12:14.341-05:00,IdeState,Active,Project,*,-1,-1
2024-11-04T16:12:15.342-05:00,IdeState,Active,Project,*,-1,-1
2024-11-04T16:12:16.343-05:00,IdeState,Active,Project,*,-1,-1
2024-11-04T16:12:17.345-05:00,IdeState,Active,Project,*,-1,-1
2024-11-04T16:12:18.346-05:00,IdeState,Active,Project,*,-1,-1
2024-11-04T16:12:19.348-05:00,IdeState,Active,Project,*,-1,-1
2024-11-04T16:12:20.350-05:00,IdeState,Active,Project,*,-1,-1
2024-11-04T16:12:21.351-05:00,IdeState,Active,Project,*,-1,-1
2024-11-04T16:12:22.355-05:00,IdeState,Active,Project,*,-1,-1
2024-11-04T16:12:42.195-05:00,IdeState,NoProject,,*,-1,-1
2024-11-04T16:12:43.468-05:00,IdeState,Active,Popup,*,-1,-1
2024-11-04T16:12:44.904-05:00,IdeState,Active,Project,*,-1,-1
2024-11-04T16:12:45.826-05:00,Action,SettingsEntryPoint,Project,*,-1,-1
2024-11-04T16:12:46.082-05:00,IdeState,Active,Project,*,-1,-1
2024-11-04T16:12:46.933-05:00,Action,WelcomeScreen.Plugins,,*,-1,-1
2024-11-04T16:12:48.200-05:00,IdeState,Active,Dialog,*,-1,-1
2024-11-04T16:12:49.219-05:00,IdeState,Active,Dialog,*,-1,-1
2024-11-04T16:12:50.222-05:00,IdeState,Inactive,,*,-1,-1
2024-11-04T16:12:51.222-05:00,IdeState,Active,Dialog,*,-1,-1
2024-11-04T16:12:52.224-05:00,IdeState,Active,Dialog,*,-1,-1
2024-11-04T16:12:53.225-05:00,IdeState,Active,Dialog,*,-1,-1
2024-11-04T16:12:54.443-05:00,IdeState,Inactive,,*,-1,-1
2024-11-04T16:12:55.455-05:00,IdeState,Inactive,,*,-1,-1
2024-11-04T16:12:56.457-05:00,IdeState,Inactive,,*,-1,-1
2024-11-04T16:12:57.458-05:00,IdeState,Inactive,,*,-1,-1
2024-11-04T16:12:58.458-05:00,IdeState,Inactive,,*,-1,-1
2024-11-04T16:12:59.460-05:00,IdeState,Inactive,,*,-1,-1
2024-11-04T16:13:00.461-05:00,IdeState,Inactive,,*,-1,-1
2024-11-04T16:13:01.464-05:00,IdeState,Inactive,,*,-1,-1
2024-11-04T16:13:02.464-05:00,IdeState,Inactive,,*,-1,-1
2024-11-04T16:13:03.467-05:00,IdeState,Inactive,,*,-1,-1
2024-11-04T16:13:04.468-05:00,IdeState,Inactive,,*,-1,-1
2024-11-04T16:13:05.470-05:00,IdeState,Inactive,,*,-1,-1
2024-11-04T16:13:06.471-05:00,IdeState,Inactive,,*,-1,-1
2024-11-04T16:13:07.473-05:00,IdeState,Inactive,,*,-1,-1
2024-11-04T16:13:08.474-05:00,IdeState,Inactive,,*,-1,-1
2024-11-04T16:13:09.475-05:00,IdeState,Inactive,,*,-1,-1
2024-11-04T16:13:10.476-05:00,IdeState,Inactive,,*,-1,-1
2024-11-04T16:13:11.479-05:00,IdeState,Inactive,,*,-1,-1
2024-11-04T16:13:12.480-05:00,IdeState,Inactive,,*,-1,-1
2024-11-04T16:13:13.481-05:00,IdeState,Inactive,,*,-1,-1
2024-11-04T16:13:14.483-05:00,IdeState,Inactive,,*,-1,-1
2024-11-04T16:13:15.486-05:00,IdeState,Inactive,,*,-1,-1
2024-11-04T16:13:16.488-05:00,IdeState,Inactive,,*,-1,-1
2024-11-04T16:13:17.489-05:00,IdeState,Inactive,,*,-1,-1
2024-11-04T16:13:18.490-05:00,IdeState,Inactive,,*,-1,-1
2024-11-04T16:13:19.498-05:00,IdeState,Inactive,,*,-1,-1
2024-11-04T16:13:20.502-05:00,IdeState,Inactive,,*,-1,-1
2024-11-04T16:13:21.503-05:00,IdeState,Inactive,,*,-1,-1
2024-11-04T16:13:22.506-05:00,IdeState,Inactive,,*,-1,-1
2024-11-04T16:13:23.508-05:00,IdeState,Inactive,,*,-1,-1
2024-11-04T16:13:24.509-05:00,IdeState,Inactive,,*,-1,-1
2024-11-04T16:13:25.510-05:00,IdeState,Inactive,,*,-1,-1
2024-11-04T16:13:26.512-05:00,IdeState,Inactive,,*,-1,-1
2024-11-04T16:13:27.513-05:00,IdeState,Inactive,,*,-1,-1
2024-11-04T16:13:28.516-05:00,IdeState,Inactive,,*,-1,-1
2024-11-04T16:13:29.516-05:00,IdeState,Inactive,,*,-1,-1
2024-11-04T16:13:30.518-05:00,IdeState,Inactive,,*,-1,-1
2024-11-04T16:13:31.520-05:00,IdeState,Inactive,,*,-1,-1
2024-11-04T16:13:32.521-05:00,IdeState,Inactive,,*,-1,-1
2024-11-04T16:13:33.523-05:00,IdeState,Inactive,,*,-1,-1
2024-11-04T16:13:34.524-05:00,IdeState,Inactive,,*,-1,-1
2024-11-04T16:13:35.526-05:00,IdeState,Inactive,,*,-1,-1
2024-11-04T16:13:36.527-05:00,IdeState,Inactive,,*,-1,-1
2024-11-04T16:13:37.528-05:00,IdeState,Inactive,,*,-1,-1
2024-11-04T16:13:38.530-05:00,IdeState,Inactive,,*,-1,-1
2024-11-04T16:13:39.532-05:00,IdeState,Inactive,,*,-1,-1
2024-11-04T16:13:40.534-05:00,IdeState,Inactive,,*,-1,-1
2024-11-04T16:13:41.536-05:00,IdeState,Inactive,,*,-1,-1
2024-11-04T16:13:42.538-05:00,IdeState,Inactive,,*,-1,-1
2024-11-04T16:13:43.541-05:00,IdeState,Inactive,,*,-1,-1
2024-11-04T16:13:44.542-05:00,IdeState,Inactive,,*,-1,-1
2024-11-04T16:13:45.544-05:00,IdeState,Inactive,,*,-1,-1
2024-11-04T16:13:46.548-05:00,IdeState,Inactive,,*,-1,-1
2024-11-04T16:13:47.550-05:00,IdeState,Inactive,,*,-1,-1
2024-11-04T16:13:48.551-05:00,IdeState,Inactive,,*,-1,-1
2024-11-04T16:13:49.553-05:00,IdeState,Inactive,,*,-1,-1
2024-11-04T16:13:50.554-05:00,IdeState,Inactive,,*,-1,-1
2024-11-04T16:13:51.557-05:00,IdeState,Inactive,,*,-1,-1
2024-11-04T16:13:52.560-05:00,IdeState,Inactive,,*,-1,-1
2024-11-04T16:13:53.561-05:00,IdeState,Inactive,,*,-1,-1
2024-11-04T16:13:54.565-05:00,IdeState,Inactive,,*,-1,-1
2024-11-04T16:13:55.566-05:00,IdeState,Inactive,,*,-1,-1
2024-11-04T16:13:56.568-05:00,IdeState,Inactive,,*,-1,-1
2024-11-04T16:13:57.569-05:00,IdeState,Active,Dialog,*,-1,-1
2024-11-04T16:13:58.572-05:00,IdeState,Active,Dialog,*,-1,-1
2024-11-04T16:13:59.574-05:00,IdeState,Active,Dialog,*,-1,-1
2024-11-04T16:14:00.575-05:00,IdeState,Active,Dialog,*,-1,-1
2024-11-04T16:14:08.016-05:00,IdeState,Inactive,,*,-1,-1
2024-11-04T16:14:09.336-05:00,IdeState,Active,Popup,*,-1,-1
2024-11-04T16:14:11.135-05:00,IdeState,Active,Popup,*,-1,-1
2024-11-04T16:14:12.377-05:00,IdeState,Active,Project,*,-1,-1
2024-11-04T16:14:13.378-05:00,IdeState,Active,Project,*,-1,-1
2024-11-04T16:14:14.381-05:00,IdeState,Active,Project,*,-1,-1
2024-11-04T16:14:15.383-05:00,IdeState,Active,Project,*,-1,-1
2024-11-04T16:14:16.384-05:00,IdeState,Active,Project,*,-1,-1
2024-11-04T16:14:17.390-05:00,IdeState,Active,Project,*,-1,-1
2024-11-04T16:14:18.392-05:00,IdeState,Active,Project,*,-1,-1
2024-11-04T16:14:19.398-05:00,IdeState,Active,Project,*,-1,-1
2024-11-04T16:14:20.404-05:00,IdeState,Inactive,,*,-1,-1
2024-11-04T16:14:21.406-05:00,IdeState,Inactive,,*,-1,-1
2024-11-04T16:14:22.409-05:00,IdeState,Inactive,,*,-1,-1
2024-11-04T16:14:23.409-05:00,IdeState,Inactive,,*,-1,-1
2024-11-04T16:14:24.411-05:00,IdeState,Inactive,,*,-1,-1
2024-11-04T16:14:25.412-05:00,IdeState,Inactive,,*,-1,-1
2024-11-04T16:14:26.414-05:00,IdeState,Active,Project,*,-1,-1
2024-11-04T16:14:27.415-05:00,IdeState,Active,Project,*,-1,-1
2024-11-05T09:52:11.632-05:00,IdeState,Inactive,,*,-1,-1
2024-11-05T09:52:12.881-05:00,IdeState,Inactive,,*,-1,-1
2024-11-05T09:52:13.913-05:00,IdeState,Inactive,,*,-1,-1
2024-11-05T09:52:14.929-05:00,IdeState,Inactive,,*,-1,-1
2024-11-05T09:52:16.011-05:00,IdeState,Inactive,,*,-1,-1
2024-11-05T09:52:17.017-05:00,IdeState,Inactive,,*,-1,-1
2024-11-05T09:52:18.019-05:00,IdeState,Inactive,,*,-1,-1
2024-11-05T09:52:19.650-05:00,IdeState,Inactive,,*,-1,-1
2024-11-05T09:52:20.705-05:00,IdeState,Inactive,,*,-1,-1
2024-11-05T09:52:21.707-05:00,IdeState,Inactive,,*,-1,-1
2024-11-05T09:52:22.728-05:00,IdeState,Inactive,,*,-1,-1
2024-11-05T09:52:23.741-05:00,IdeState,Inactive,,*,-1,-1
2024-11-05T09:52:28.361-05:00,IdeState,NoProject,,*,-1,-1
2024-11-05T09:52:30.709-05:00,IdeState,Active,Popup,*,-1,-1
2024-11-05T09:52:32.713-05:00,IdeState,Active,Popup,*,-1,-1
2024-11-05T09:52:34.077-05:00,IdeState,Active,Popup,*,-1,-1
2024-11-05T09:52:35.869-05:00,IdeState,Active,Popup,*,-1,-1
2024-11-05T09:52:37.135-05:00,IdeState,Active,Popup,*,-1,-1
2024-11-05T09:52:39.454-05:00,IdeState,Active,Popup,*,-1,-1
2024-11-05T09:52:40.607-05:00,IdeState,Active,Project,*,-1,-1
2024-11-05T09:52:42.178-05:00,IdeState,Active,Project,*,-1,-1
2024-11-05T09:52:43.310-05:00,IdeState,Active,Project,*,-1,-1
2024-11-05T09:52:44.347-05:00,IdeState,Active,Project,*,-1,-1
2024-11-05T09:52:45.366-05:00,IdeState,Active,Project,*,-1,-1
2024-11-05T09:52:46.432-05:00,IdeState,Active,Project,*,-1,-1
2024-11-05T09:52:48.440-05:00,IdeState,Active,Project,*,-1,-1
2024-11-05T09:52:49.527-05:00,IdeState,Active,Project,*,-1,-1
2024-11-05T09:52:50.529-05:00,IdeState,Active,Project,*,-1,-1
2024-11-05T09:52:51.529-05:00,IdeState,Active,Project,*,-1,-1
2024-11-05T09:52:52.530-05:00,IdeState,Active,Project,*,-1,-1
2024-11-05T09:52:53.531-05:00,IdeState,Active,Project,*,-1,-1
2024-11-05T09:52:54.575-05:00,IdeState,Active,Project,*,-1,-1
2024-11-05T09:52:55.587-05:00,IdeState,Active,Project,*,-1,-1
2024-11-05T09:52:56.691-05:00,IdeState,Active,Project,*,-1,-1
2024-11-05T09:52:57.716-05:00,IdeState,Active,Project,*,-1,-1
2024-11-05T09:52:58.725-05:00,IdeState,Active,Project,*,-1,-1
2024-11-05T09:52:59.739-05:00,IdeState,Active,Project,*,-1,-1
2024-11-05T09:53:00.801-05:00,IdeState,Active,Project,*,-1,-1
2024-11-05T09:53:01.830-05:00,IdeState,Active,Project,*,-1,-1
2024-11-05T09:53:02.852-05:00,IdeState,Active,Project,*,-1,-1
2024-11-05T09:53:03.866-05:00,IdeState,Active,Project,*,-1,-1
2024-11-05T09:53:04.881-05:00,IdeState,Active,Project,*,-1,-1
2024-11-05T09:53:05.891-05:00,IdeState,Active,Project,*,-1,-1
2024-11-05T09:53:06.908-05:00,IdeState,Active,Project,*,-1,-1
2024-11-05T09:53:07.922-05:00,IdeState,Active,Project,*,-1,-1
2024-11-05T09:53:08.930-05:00,IdeState,Active,Project,*,-1,-1
2024-11-05T09:53:09.937-05:00,IdeState,Active,Project,*,-1,-1
2024-11-05T09:53:10.953-05:00,IdeState,Active,Project,*,-1,-1
2024-11-05T09:53:11.963-05:00,IdeState,Active,Project,*,-1,-1
2024-11-05T09:53:12.975-05:00,IdeState,Active,Project,*,-1,-1
2024-11-05T09:53:13.987-05:00,IdeState,Active,Project,*,-1,-1
2024-11-05T09:53:15.005-05:00,IdeState,Active,Project,*,-1,-1
2024-11-05T09:53:16.012-05:00,IdeState,Active,Project,*,-1,-1
2024-11-05T09:53:17.026-05:00,IdeState,Active,Project,*,-1,-1
2024-11-05T09:53:18.034-05:00,IdeState,Active,Project,*,-1,-1
2024-11-05T09:53:19.050-05:00,IdeState,Active,Project,*,-1,-1
2024-11-05T09:53:20.061-05:00,IdeState,Active,Project,*,-1,-1
2024-11-05T09:53:21.075-05:00,IdeState,Active,Project,*,-1,-1
2024-11-05T09:53:22.084-05:00,IdeState,Active,Project,*,-1,-1
2024-11-05T09:53:23.090-05:00,IdeState,Active,Project,*,-1,-1
2024-11-05T09:53:24.100-05:00,IdeState,Active,Project,*,-1,-1
2024-11-05T09:53:25.112-05:00,IdeState,Active,Project,*,-1,-1
2024-11-05T09:53:26.114-05:00,IdeState,Active,Project,*,-1,-1
2024-11-05T09:53:27.122-05:00,IdeState,Active,Project,*,-1,-1
2024-11-05T09:53:28.137-05:00,IdeState,Active,Project,*,-1,-1
2024-11-05T09:53:29.145-05:00,IdeState,Active,Project,*,-1,-1
2024-11-05T09:53:30.160-05:00,IdeState,Active,Project,*,-1,-1
2024-11-05T09:53:31.167-05:00,IdeState,Active,Project,*,-1,-1
2024-11-05T09:53:32.179-05:00,IdeState,Active,Project,*,-1,-1
2024-11-05T09:53:33.185-05:00,IdeState,Active,Project,*,-1,-1
2024-11-05T09:53:34.202-05:00,IdeState,Active,Project,*,-1,-1
2024-11-05T09:53:35.214-05:00,IdeState,Active,Project,*,-1,-1
2024-11-05T09:53:36.225-05:00,IdeState,Active,Project,*,-1,-1
2024-11-05T09:53:37.236-05:00,IdeState,Active,Project,*,-1,-1
2024-11-05T09:53:38.248-05:00,IdeState,Active,Project,*,-1,-1
2024-11-05T09:53:39.265-05:00,IdeState,Active,Project,*,-1,-1
2024-11-05T09:53:40.279-05:00,IdeState,Active,Project,*,-1,-1
2024-11-05T09:53:41.291-05:00,IdeState,Active,Project,*,-1,-1
2024-11-05T09:53:42.327-05:00,IdeState,Active,Project,*,-1,-1
2024-11-05T09:53:43.331-05:00,IdeState,Active,Project,*,-1,-1
2024-11-05T09:53:44.337-05:00,IdeState,Active,Project,*,-1,-1
2024-11-05T09:53:45.353-05:00,IdeState,Active,Project,*,-1,-1
2024-11-05T09:53:46.366-05:00,IdeState,Active,Project,*,-1,-1
2024-11-05T09:53:47.375-05:00,IdeState,Active,Project,*,-1,-1
2024-11-05T09:53:48.445-05:00,IdeState,Active,Project,*,-1,-1
2024-11-05T09:53:49.450-05:00,IdeState,Active,Project,*,-1,-1
2024-11-05T09:53:50.457-05:00,IdeState,Active,Project,*,-1,-1
2024-11-05T09:53:51.474-05:00,IdeState,Active,Project,*,-1,-1
2024-11-05T09:53:52.487-05:00,IdeState,Active,Project,*,-1,-1
2024-11-05T09:53:53.543-05:00,IdeState,Active,Project,*,-1,-1
2024-11-05T09:53:54.559-05:00,IdeState,Active,Project,*,-1,-1
2024-11-05T09:53:55.566-05:00,IdeState,Active,Project,*,-1,-1
2024-11-05T09:53:56.607-05:00,IdeState,Active,Project,*,-1,-1
2024-11-05T09:53:57.613-05:00,IdeState,Active,Project,*,-1,-1
2024-11-05T09:53:58.625-05:00,IdeState,Active,Project,*,-1,-1
2024-11-05T09:53:59.634-05:00,IdeState,Active,Project,*,-1,-1
2024-11-05T09:54:00.642-05:00,IdeState,Active,Project,*,-1,-1
2024-11-05T09:54:01.655-05:00,IdeState,Active,Project,*,-1,-1
2024-11-05T09:54:02.661-05:00,IdeState,Active,Project,*,-1,-1
2024-11-05T09:54:03.676-05:00,IdeState,Active,Project,*,-1,-1
2024-11-05T09:54:04.689-05:00,IdeState,Active,Project,*,-1,-1
2024-11-05T09:54:05.702-05:00,IdeState,Active,Project,*,-1,-1
2024-11-05T09:54:06.716-05:00,IdeState,Active,Project,*,-1,-1
2024-11-05T09:54:07.726-05:00,IdeState,Active,Project,*,-1,-1
2024-11-05T09:54:08.736-05:00,IdeState,Active,Project,*,-1,-1
2024-11-05T09:54:09.745-05:00,IdeState,Active,Project,*,-1,-1
2024-11-05T09:54:10.757-05:00,IdeState,Active,Project,*,-1,-1
2024-11-05T09:54:11.769-05:00,IdeState,Active,Project,*,-1,-1
2024-11-05T09:54:12.779-05:00,IdeState,Active,Project,*,-1,-1
2024-11-05T09:54:13.796-05:00,IdeState,Active,Project,*,-1,-1
2024-11-05T09:54:14.811-05:00,IdeState,Active,Project,*,-1,-1
2024-11-05T09:54:15.813-05:00,IdeState,Active,Project,*,-1,-1
2024-11-05T09:54:16.825-05:00,IdeState,Active,Project,*,-1,-1
2024-11-05T09:54:17.834-05:00,IdeState,Active,Project,*,-1,-1
2024-11-05T09:54:18.865-05:00,IdeState,Active,Project,*,-1,-1
2024-11-05T09:54:19.890-05:00,IdeState,Active,Project,*,-1,-1
2024-11-05T09:54:21.039-05:00,IdeState,Active,Project,*,-1,-1
2024-11-05T09:54:22.044-05:00,IdeState,Active,Project,*,-1,-1
2024-11-05T09:54:23.060-05:00,IdeState,Active,Project,*,-1,-1
2024-11-05T09:54:24.087-05:00,IdeState,Active,Project,*,-1,-1
2024-11-05T09:54:25.099-05:00,IdeState,Active,Project,*,-1,-1
2024-11-05T09:54:26.111-05:00,IdeState,Active,Project,*,-1,-1
2024-11-05T09:54:27.123-05:00,IdeState,Active,Project,*,-1,-1
2024-11-05T09:54:28.134-05:00,IdeState,Active,Project,*,-1,-1
2024-11-05T09:54:29.143-05:00,IdeState,Active,Project,*,-1,-1
2024-11-05T09:54:30.159-05:00,IdeState,Active,Project,*,-1,-1
2024-11-05T09:54:31.171-05:00,IdeState,Active,Project,*,-1,-1
2024-11-05T09:54:32.187-05:00,IdeState,Active,Project,*,-1,-1
2024-11-05T09:54:33.199-05:00,IdeState,Active,Project,*,-1,-1
2024-11-05T09:54:34.204-05:00,IdeState,Active,Project,*,-1,-1
2024-11-05T09:54:35.217-05:00,IdeState,Active,Project,*,-1,-1
2024-11-05T09:54:36.223-05:00,IdeState,Active,Project,*,-1,-1
2024-11-05T09:54:37.237-05:00,IdeState,Active,Project,*,-1,-1
2024-11-05T09:54:38.249-05:00,IdeState,Active,Project,*,-1,-1
2024-11-05T09:54:39.260-05:00,IdeState,Active,Project,*,-1,-1
2024-11-05T09:54:40.271-05:00,IdeState,Active,Project,*,-1,-1
2024-11-05T09:54:41.278-05:00,IdeState,Active,Project,*,-1,-1
2024-11-05T09:54:42.283-05:00,IdeState,Active,Project,*,-1,-1
2024-11-05T09:54:43.307-05:00,IdeState,Active,Project,*,-1,-1
2024-11-05T09:54:44.332-05:00,IdeState,Active,Project,*,-1,-1
2024-11-05T09:54:45.345-05:00,IdeState,Active,Project,*,-1,-1
2024-11-05T09:54:46.363-05:00,IdeState,Active,Project,*,-1,-1
2024-11-05T09:54:47.368-05:00,IdeState,Active,Project,*,-1,-1
2024-11-05T09:54:48.386-05:00,IdeState,Active,Project,*,-1,-1
2024-11-05T09:54:49.402-05:00,IdeState,Active,Project,*,-1,-1
2024-11-05T09:54:50.411-05:00,IdeState,Active,Project,*,-1,-1
2024-11-05T09:54:51.426-05:00,IdeState,Active,Project,*,-1,-1
2024-11-05T09:54:52.444-05:00,IdeState,Active,Project,*,-1,-1
2024-11-05T09:54:53.460-05:00,IdeState,Active,Project,*,-1,-1
2024-11-05T09:54:54.476-05:00,IdeState,Active,Project,*,-1,-1
2024-11-05T09:54:55.478-05:00,IdeState,Active,Project,*,-1,-1
2024-11-05T09:54:56.503-05:00,IdeState,Active,Project,*,-1,-1
2024-11-05T09:54:57.510-05:00,IdeState,Active,Project,*,-1,-1
2024-11-05T09:54:58.525-05:00,IdeState,Active,Project,*,-1,-1
2024-11-05T09:54:59.541-05:00,IdeState,Active,Project,*,-1,-1
2024-11-05T09:55:00.553-05:00,IdeState,Active,Project,*,-1,-1
2024-11-05T09:55:01.575-05:00,IdeState,Active,Project,*,-1,-1
2024-11-05T09:55:02.589-05:00,IdeState,Active,Project,*,-1,-1
2024-11-05T09:55:03.605-05:00,IdeState,Active,Project,*,-1,-1
2024-11-05T09:55:04.645-05:00,IdeState,Active,Project,*,-1,-1
2024-11-05T09:55:05.667-05:00,IdeState,Active,Project,*,-1,-1
2024-11-05T09:55:06.682-05:00,IdeState,Active,Project,*,-1,-1
2024-11-05T09:55:07.691-05:00,IdeState,Active,Project,*,-1,-1
2024-11-05T09:55:08.728-05:00,IdeState,Active,Project,*,-1,-1
2024-11-05T09:55:09.740-05:00,IdeState,Active,Project,*,-1,-1
2024-11-05T09:55:10.745-05:00,IdeState,Active,Project,*,-1,-1
2024-11-05T09:55:11.755-05:00,IdeState,Active,Project,*,-1,-1
2024-11-05T09:55:12.762-05:00,IdeState,Active,Project,*,-1,-1
2024-11-05T09:55:13.776-05:00,IdeState,Active,Project,*,-1,-1
2024-11-05T09:55:14.780-05:00,IdeState,Active,Project,*,-1,-1
2024-11-05T09:55:15.792-05:00,IdeState,Active,Project,*,-1,-1
2024-11-05T09:55:16.795-05:00,IdeState,Active,Project,*,-1,-1
2024-11-05T09:55:17.814-05:00,IdeState,Active,Project,*,-1,-1
2024-11-05T09:55:18.824-05:00,IdeState,Active,Project,*,-1,-1
2024-11-05T09:55:19.828-05:00,IdeState,Active,Project,*,-1,-1
2024-11-05T09:55:20.837-05:00,IdeState,Active,Project,*,-1,-1
2024-11-05T09:55:21.852-05:00,IdeState,Active,Project,*,-1,-1
2024-11-05T09:55:22.865-05:00,IdeState,Active,Project,*,-1,-1
2024-11-05T09:55:23.880-05:00,IdeState,Active,Project,*,-1,-1
2024-11-05T09:55:24.925-05:00,IdeState,Active,Project,*,-1,-1
2024-11-05T09:55:25.935-05:00,IdeState,Active,Project,*,-1,-1
2024-11-05T09:55:26.948-05:00,IdeState,Active,Project,*,-1,-1
2024-11-05T09:55:27.960-05:00,IdeState,Active,Project,*,-1,-1
2024-11-05T09:55:28.974-05:00,IdeState,Active,Project,*,-1,-1
2024-11-05T09:55:29.984-05:00,IdeState,Active,Project,*,-1,-1
2024-11-05T09:55:30.994-05:00,IdeState,Active,Project,*,-1,-1
2024-11-05T09:55:32.011-05:00,IdeState,Active,Project,*,-1,-1
2024-11-05T09:55:33.017-05:00,IdeState,Active,Project,*,-1,-1
2024-11-05T09:55:34.023-05:00,IdeState,Active,Project,*,-1,-1
2024-11-05T09:55:35.031-05:00,IdeState,Active,Project,*,-1,-1
2024-11-05T09:55:36.043-05:00,IdeState,Active,Project,*,-1,-1
2024-11-05T09:55:37.052-05:00,IdeState,Active,Project,*,-1,-1
2024-11-05T09:55:38.054-05:00,IdeState,Active,Project,*,-1,-1
2024-11-05T09:55:39.060-05:00,IdeState,Active,Project,*,-1,-1
2024-11-05T09:55:40.069-05:00,IdeState,Active,Project,*,-1,-1
2024-11-05T09:55:41.071-05:00,IdeState,Active,Project,*,-1,-1
2024-11-05T09:55:42.087-05:00,IdeState,Active,Project,*,-1,-1
2024-11-05T09:55:43.097-05:00,IdeState,Active,Project,*,-1,-1
2024-11-05T09:55:44.109-05:00,IdeState,Active,Project,*,-1,-1
2024-11-05T09:55:45.154-05:00,IdeState,Active,Project,*,-1,-1
2024-11-05T09:55:46.170-05:00,IdeState,Active,Project,*,-1,-1
2024-11-05T09:55:47.183-05:00,IdeState,Active,Project,*,-1,-1
2024-11-05T09:55:48.192-05:00,IdeState,Active,Project,*,-1,-1
2024-11-05T09:55:49.226-05:00,IdeState,Active,Project,*,-1,-1
2024-11-05T09:55:50.229-05:00,IdeState,Active,Project,*,-1,-1
2024-11-05T09:55:51.241-05:00,IdeState,Active,Project,*,-1,-1
2024-11-05T09:55:52.256-05:00,IdeState,Active,Project,*,-1,-1
2024-11-05T09:55:53.269-05:00,IdeState,Active,Project,*,-1,-1
2024-11-05T09:55:54.283-05:00,IdeState,Active,Project,*,-1,-1
2024-11-05T09:55:55.295-05:00,IdeState,Active,Project,*,-1,-1
2024-11-05T09:55:56.307-05:00,IdeState,Active,Project,*,-1,-1
2024-11-05T09:55:57.317-05:00,IdeState,Active,Project,*,-1,-1
2024-11-05T09:55:58.333-05:00,IdeState,Active,Project,*,-1,-1
2024-11-05T09:55:59.346-05:00,IdeState,Active,Project,*,-1,-1
2024-11-05T09:56:00.362-05:00,IdeState,Active,Project,*,-1,-1
2024-11-05T09:56:01.369-05:00,IdeState,Active,Project,*,-1,-1
2024-11-05T09:56:02.381-05:00,IdeState,Active,Project,*,-1,-1
2024-11-05T09:56:03.394-05:00,IdeState,Active,Project,*,-1,-1
2024-11-05T09:56:04.404-05:00,IdeState,Active,Project,*,-1,-1
2024-11-05T09:56:05.418-05:00,IdeState,Active,Project,*,-1,-1
2024-11-05T09:56:06.426-05:00,IdeState,Active,Project,*,-1,-1
2024-11-05T09:56:07.437-05:00,IdeState,Active,Project,*,-1,-1
2024-11-05T09:56:08.451-05:00,IdeState,Active,Project,*,-1,-1
2024-11-05T09:56:09.465-05:00,IdeState,Active,Project,*,-1,-1
2024-11-05T09:56:10.480-05:00,IdeState,Active,Project,*,-1,-1
2024-11-05T09:56:11.493-05:00,IdeState,Active,Project,*,-1,-1
2024-11-05T09:56:12.500-05:00,IdeState,Active,Project,*,-1,-1
2024-11-05T09:56:13.508-05:00,IdeState,Active,Project,*,-1,-1
2024-11-05T09:56:14.524-05:00,IdeState,Active,Project,*,-1,-1
2024-11-05T09:56:15.541-05:00,IdeState,Active,Project,*,-1,-1
2024-11-05T09:56:16.552-05:00,IdeState,Active,Project,*,-1,-1
2024-11-05T09:56:17.559-05:00,IdeState,Active,Project,*,-1,-1
2024-11-05T09:56:18.578-05:00,IdeState,Active,Project,*,-1,-1
2024-11-05T09:56:19.643-05:00,IdeState,Active,Project,*,-1,-1
2024-11-05T09:56:20.645-05:00,IdeState,Active,Project,*,-1,-1
2024-11-05T09:56:21.654-05:00,IdeState,Active,Project,*,-1,-1
2024-11-05T09:56:22.693-05:00,IdeState,Active,Project,*,-1,-1
2024-11-05T09:56:23.705-05:00,IdeState,Active,Project,*,-1,-1
2024-11-05T09:56:24.743-05:00,IdeState,Active,Project,*,-1,-1
2024-11-05T09:56:25.761-05:00,IdeState,Active,Project,*,-1,-1
2024-11-05T09:56:26.775-05:00,IdeState,Active,Project,*,-1,-1
2024-11-05T09:56:27.789-05:00,IdeState,Active,Project,*,-1,-1
2024-11-05T09:56:28.803-05:00,IdeState,Active,Project,*,-1,-1
2024-11-05T09:56:29.813-05:00,IdeState,Active,Project,*,-1,-1
2024-11-05T09:56:30.829-05:00,IdeState,Active,Project,*,-1,-1
2024-11-05T09:56:31.835-05:00,IdeState,Active,Project,*,-1,-1
2024-11-05T09:56:32.843-05:00,IdeState,Active,Project,*,-1,-1
2024-11-05T09:56:33.866-05:00,IdeState,Active,Project,*,-1,-1
2024-11-05T09:56:34.868-05:00,IdeState,Active,Project,*,-1,-1
2024-11-05T09:56:35.878-05:00,IdeState,Active,Project,*,-1,-1
2024-11-05T09:56:36.893-05:00,IdeState,Active,Project,*,-1,-1
2024-11-05T09:56:37.906-05:00,IdeState,Active,Project,*,-1,-1
2024-11-05T09:56:38.921-05:00,IdeState,Active,Project,*,-1,-1
2024-11-05T09:56:39.926-05:00,IdeState,Active,Project,*,-1,-1
2024-11-05T09:56:40.936-05:00,IdeState,Active,Project,*,-1,-1
2024-11-05T09:56:41.959-05:00,IdeState,Active,Project,*,-1,-1
2024-11-05T09:56:42.969-05:00,IdeState,Active,Project,*,-1,-1
2024-11-05T09:56:43.978-05:00,IdeState,Active,Project,*,-1,-1
2024-11-05T09:56:44.986-05:00,IdeState,Active,Project,*,-1,-1
2024-11-05T09:56:45.994-05:00,IdeState,Active,Project,*,-1,-1
2024-11-05T09:56:47.004-05:00,IdeState,Active,Project,*,-1,-1
2024-11-05T09:56:48.016-05:00,IdeState,Active,Project,*,-1,-1
2024-11-05T09:56:49.021-05:00,IdeState,Active,Project,*,-1,-1
2024-11-05T09:56:50.034-05:00,IdeState,Active,Project,*,-1,-1
2024-11-05T09:56:51.044-05:00,IdeState,Active,Project,*,-1,-1
2024-11-05T09:56:52.053-05:00,IdeState,Active,Project,*,-1,-1
2024-11-05T09:56:53.072-05:00,IdeState,Active,Project,*,-1,-1
2024-11-05T09:56:54.086-05:00,IdeState,Active,Project,*,-1,-1
2024-11-05T09:56:55.096-05:00,IdeState,Active,Project,*,-1,-1
2024-11-05T09:56:56.104-05:00,IdeState,Active,Project,*,-1,-1
2024-11-05T09:56:57.117-05:00,IdeState,Active,Project,*,-1,-1
2024-11-05T09:56:58.131-05:00,IdeState,Active,Project,*,-1,-1
2024-11-05T09:56:59.141-05:00,IdeState,Active,Project,*,-1,-1
2024-11-05T09:57:00.160-05:00,IdeState,Active,Project,*,-1,-1
2024-11-05T09:57:01.171-05:00,IdeState,Active,Project,*,-1,-1
2024-11-05T09:57:02.188-05:00,IdeState,Active,Project,*,-1,-1
2024-11-05T09:57:03.189-05:00,IdeState,Active,Project,*,-1,-1
2024-11-05T09:57:04.203-05:00,IdeState,Active,Project,*,-1,-1
2024-11-05T09:57:05.217-05:00,IdeState,Active,Project,*,-1,-1
2024-11-05T09:57:06.231-05:00,IdeState,Active,Project,*,-1,-1
2024-11-05T09:57:07.232-05:00,IdeState,Active,Project,*,-1,-1
2024-11-05T09:57:08.248-05:00,IdeState,Active,Project,*,-1,-1
2024-11-05T09:57:09.258-05:00,IdeState,Active,Project,*,-1,-1
2024-11-05T09:57:10.276-05:00,IdeState,Active,Project,*,-1,-1
2024-11-05T09:57:11.285-05:00,IdeState,Active,Project,*,-1,-1
2024-11-05T09:57:12.298-05:00,IdeState,Active,Project,*,-1,-1
2024-11-05T09:57:13.324-05:00,IdeState,Active,Project,*,-1,-1
2024-11-05T09:57:14.327-05:00,IdeState,Active,Project,*,-1,-1
2024-11-05T09:57:15.350-05:00,IdeState,Active,Project,*,-1,-1
2024-11-05T09:57:16.361-05:00,IdeState,Active,Project,*,-1,-1
2024-11-05T09:57:17.367-05:00,IdeState,Active,Project,*,-1,-1
2024-11-05T09:57:18.383-05:00,IdeState,Active,Project,*,-1,-1
2024-11-05T09:57:19.397-05:00,IdeState,Active,Project,*,-1,-1
2024-11-05T09:57:20.405-05:00,IdeState,Active,Project,*,-1,-1
2024-11-05T09:57:21.417-05:00,IdeState,Active,Project,*,-1,-1
2024-11-05T09:57:22.428-05:00,IdeState,Active,Project,*,-1,-1
2024-11-05T09:57:23.450-05:00,IdeState,Active,Project,*,-1,-1
2024-11-05T09:57:24.461-05:00,IdeState,Active,Project,*,-1,-1
2024-11-05T09:57:25.485-05:00,IdeState,Active,Project,*,-1,-1
2024-11-05T09:57:26.500-05:00,IdeState,Active,Project,*,-1,-1
2024-11-05T09:57:27.514-05:00,IdeState,Active,Project,*,-1,-1
2024-11-05T09:57:28.527-05:00,IdeState,Active,Project,*,-1,-1
2024-11-05T09:57:29.539-05:00,IdeState,Active,Project,*,-1,-1
2024-11-05T09:57:30.553-05:00,IdeState,Active,Project,*,-1,-1
2024-11-05T09:57:31.557-05:00,IdeState,Active,Project,*,-1,-1
2024-11-05T09:57:32.572-05:00,IdeState,Active,Project,*,-1,-1
2024-11-05T09:57:33.582-05:00,IdeState,Active,Project,*,-1,-1
2024-11-05T09:57:34.593-05:00,IdeState,Active,Project,*,-1,-1
2024-11-05T09:57:35.608-05:00,IdeState,Active,Project,*,-1,-1
2024-11-05T09:57:36.620-05:00,IdeState,Active,Project,*,-1,-1
2024-11-05T09:57:37.625-05:00,IdeState,Active,Project,*,-1,-1
2024-11-05T09:57:38.626-05:00,IdeState,Active,Project,*,-1,-1
2024-11-05T09:57:39.640-05:00,IdeState,Active,Project,*,-1,-1
2024-11-05T09:57:40.707-05:00,IdeState,Active,Project,*,-1,-1
2024-11-05T09:57:41.725-05:00,IdeState,Active,Project,*,-1,-1
2024-11-05T09:57:42.737-05:00,IdeState,Active,Project,*,-1,-1
2024-11-05T09:57:43.741-05:00,IdeState,Active,Project,*,-1,-1
2024-11-05T09:57:44.743-05:00,IdeState,Active,Project,*,-1,-1
2024-11-05T09:57:45.755-05:00,IdeState,Active,Project,*,-1,-1
2024-11-05T09:57:46.784-05:00,IdeState,Active,Project,*,-1,-1
2024-11-05T09:57:47.800-05:00,IdeState,Active,Project,*,-1,-1
2024-11-05T09:57:48.816-05:00,IdeState,Active,Project,*,-1,-1
2024-11-05T09:57:49.831-05:00,IdeState,Active,Project,*,-1,-1
2024-11-05T09:57:50.855-05:00,IdeState,Active,Project,*,-1,-1
2024-11-05T09:57:51.857-05:00,IdeState,Active,Project,*,-1,-1
2024-11-05T09:57:52.875-05:00,IdeState,Active,Project,*,-1,-1
2024-11-05T09:57:53.885-05:00,IdeState,Active,Project,*,-1,-1
2024-11-05T09:57:54.900-05:00,IdeState,Active,Project,*,-1,-1
2024-11-05T09:57:55.912-05:00,IdeState,Active,Project,*,-1,-1
2024-11-05T09:57:56.922-05:00,IdeState,Active,Project,*,-1,-1
2024-11-05T09:57:57.937-05:00,IdeState,Active,Project,*,-1,-1
2024-11-05T09:57:58.947-05:00,IdeState,Active,Project,*,-1,-1
2024-11-05T09:57:59.957-05:00,IdeState,Active,Project,*,-1,-1
2024-11-05T09:58:00.970-05:00,IdeState,Active,Project,*,-1,-1
2024-11-05T10:48:46.145-05:00,IdeState,Inactive,,*,-1,-1
2024-11-05T10:48:47.874-05:00,IdeState,Inactive,,*,-1,-1
2024-11-05T10:48:49.429-05:00,IdeState,Inactive,,*,-1,-1
2024-11-05T10:48:50.999-05:00,IdeState,Inactive,,*,-1,-1
2024-11-05T10:48:52.400-05:00,IdeState,Inactive,,*,-1,-1
2024-11-05T10:48:53.639-05:00,IdeState,Inactive,,*,-1,-1
2024-11-05T10:48:55.671-05:00,IdeState,Inactive,,*,-1,-1
2024-11-05T10:48:56.711-05:00,IdeState,Inactive,,*,-1,-1
2024-11-05T10:48:57.725-05:00,IdeState,Inactive,,*,-1,-1
2024-11-05T10:48:58.739-05:00,IdeState,Inactive,,*,-1,-1
2024-11-05T10:48:59.742-05:00,IdeState,Inactive,,*,-1,-1
2024-11-05T10:49:00.757-05:00,IdeState,Inactive,,*,-1,-1
2024-11-05T10:49:01.764-05:00,IdeState,Inactive,,*,-1,-1
2024-11-05T10:49:02.815-05:00,IdeState,Inactive,,*,-1,-1
2024-11-05T10:49:05.709-05:00,IdeState,NoProject,,*,-1,-1
2024-11-05T10:49:06.730-05:00,IdeState,Active,Popup,*,-1,-1
2024-11-05T10:49:10.176-05:00,IdeState,Active,Popup,*,-1,-1
2024-11-05T10:49:11.212-05:00,IdeState,Active,Popup,*,-1,-1
2024-11-05T10:49:12.470-05:00,IdeState,Active,Popup,*,-1,-1
2024-11-05T10:49:13.785-05:00,IdeState,Active,Project,*,-1,-1
2024-11-05T10:49:14.868-05:00,IdeState,Active,Project,*,-1,-1
2024-11-06T21:02:14.014-05:00,IdeState,Inactive,,*,-1,-1
2024-11-06T21:02:15.064-05:00,IdeState,Inactive,,*,-1,-1
2024-11-06T21:02:16.079-05:00,IdeState,Inactive,,*,-1,-1
2024-11-06T21:02:17.079-05:00,IdeState,Inactive,,*,-1,-1
2024-11-06T21:02:18.090-05:00,IdeState,Inactive,,*,-1,-1
2024-11-06T21:02:19.092-05:00,IdeState,Inactive,,*,-1,-1
2024-11-06T21:02:20.168-05:00,IdeState,Active,Popup,*,-1,-1
2024-11-06T21:02:21.451-05:00,IdeState,Active,Popup,*,-1,-1
2024-11-06T21:02:22.521-05:00,IdeState,Active,Popup,*,-1,-1
2024-11-06T21:02:23.563-05:00,IdeState,Active,Project,*,-1,-1
2024-11-06T21:02:24.575-05:00,IdeState,Active,Project,*,-1,-1
2024-11-06T21:02:25.577-05:00,IdeState,Active,Project,*,-1,-1
2024-11-06T21:02:26.579-05:00,IdeState,Active,Project,*,-1,-1
2024-11-06T21:02:27.582-05:00,IdeState,Active,Project,*,-1,-1
2024-11-06T21:02:28.586-05:00,IdeState,Inactive,,*,-1,-1
2024-11-06T21:02:29.587-05:00,IdeState,Inactive,,*,-1,-1
2024-11-06T21:02:30.588-05:00,IdeState,Inactive,,*,-1,-1
2024-11-06T21:02:31.590-05:00,IdeState,Inactive,,*,-1,-1
2024-11-06T21:02:32.593-05:00,IdeState,Inactive,,*,-1,-1
2024-11-06T21:02:33.595-05:00,IdeState,Inactive,,*,-1,-1
2024-11-06T21:02:34.596-05:00,IdeState,Inactive,,*,-1,-1
2024-11-06T21:02:35.598-05:00,IdeState,Inactive,,*,-1,-1
2024-11-06T21:02:36.599-05:00,IdeState,Inactive,,*,-1,-1
2024-11-06T21:02:37.600-05:00,IdeState,Inactive,,*,-1,-1
2024-11-06T21:02:38.603-05:00,IdeState,Inactive,,*,-1,-1
2024-11-06T21:02:39.604-05:00,IdeState,Inactive,,*,-1,-1
2024-11-06T21:02:40.606-05:00,IdeState,Inactive,,*,-1,-1
2024-11-06T21:02:41.607-05:00,IdeState,Inactive,,*,-1,-1
2024-11-06T21:02:42.608-05:00,IdeState,Inactive,,*,-1,-1
2024-11-06T21:02:43.610-05:00,IdeState,Inactive,,*,-1,-1
2024-11-06T21:02:44.613-05:00,IdeState,Inactive,,*,-1,-1
2024-11-06T21:02:45.614-05:00,IdeState,Inactive,,*,-1,-1
2024-11-06T21:02:46.617-05:00,IdeState,Inactive,,*,-1,-1
2024-11-06T21:02:47.619-05:00,IdeState,Inactive,,*,-1,-1
2024-11-06T21:02:48.620-05:00,IdeState,Inactive,,*,-1,-1
2024-11-06T21:02:49.621-05:00,IdeState,Inactive,,*,-1,-1
2024-11-06T21:02:50.623-05:00,IdeState,Inactive,,*,-1,-1
2024-11-06T21:02:51.625-05:00,IdeState,Inactive,,*,-1,-1
2024-11-06T21:02:52.626-05:00,IdeState,Inactive,,*,-1,-1
2024-11-06T21:02:53.628-05:00,IdeState,Inactive,,*,-1,-1
2024-11-06T21:04:49.026-05:00,IdeState,Inactive,,*,-1,-1
2024-11-06T21:04:50.332-05:00,IdeState,Active,Popup,*,-1,-1
2024-11-06T21:04:51.963-05:00,IdeState,Active,Popup,*,-1,-1
2024-11-06T21:04:53.255-05:00,IdeState,Active,Project,*,-1,-1
2024-11-06T21:04:54.258-05:00,IdeState,Active,Project,*,-1,-1
2024-11-06T21:04:55.260-05:00,IdeState,Active,Project,*,-1,-1
2024-11-06T21:04:56.262-05:00,IdeState,Active,Project,*,-1,-1
2024-11-06T21:04:57.264-05:00,IdeState,Active,Project,*,-1,-1
2024-11-06T21:04:58.264-05:00,IdeState,Active,Project,*,-1,-1
2024-11-06T21:04:59.266-05:00,IdeState,Active,Project,*,-1,-1
2024-11-06T21:05:00.267-05:00,IdeState,Inactive,,*,-1,-1
2024-11-06T21:05:01.270-05:00,IdeState,Inactive,,*,-1,-1
2024-11-06T21:05:02.273-05:00,IdeState,Inactive,,*,-1,-1
2024-11-06T21:05:03.274-05:00,IdeState,Inactive,,*,-1,-1
2024-11-06T21:05:04.277-05:00,IdeState,Inactive,,*,-1,-1
2024-11-06T21:05:05.279-05:00,IdeState,Inactive,,*,-1,-1
2024-11-06T21:05:06.281-05:00,IdeState,Inactive,,*,-1,-1
2024-11-06T21:05:07.284-05:00,IdeState,Inactive,,*,-1,-1
2024-11-06T21:05:08.289-05:00,IdeState,Inactive,,*,-1,-1
2024-11-06T21:05:09.291-05:00,IdeState,Inactive,,*,-1,-1
2024-11-06T21:05:10.293-05:00,IdeState,Inactive,,*,-1,-1
2024-11-06T21:05:11.295-05:00,IdeState,Inactive,,*,-1,-1
2024-11-06T21:05:12.296-05:00,IdeState,Inactive,,*,-1,-1
2024-11-06T21:05:13.299-05:00,IdeState,Inactive,,*,-1,-1
2024-11-06T21:05:14.301-05:00,IdeState,Inactive,,*,-1,-1
2024-11-06T21:05:15.303-05:00,IdeState,Inactive,,*,-1,-1
2024-11-06T21:05:16.305-05:00,IdeState,Inactive,,*,-1,-1
2024-11-06T21:05:17.310-05:00,IdeState,Inactive,,*,-1,-1
2024-11-06T21:05:18.311-05:00,IdeState,Inactive,,*,-1,-1
2024-11-06T21:05:19.312-05:00,IdeState,Inactive,,*,-1,-1
2024-11-06T21:05:20.313-05:00,IdeState,Inactive,,*,-1,-1
2024-11-06T21:05:21.315-05:00,IdeState,Inactive,,*,-1,-1
2024-11-06T21:05:22.316-05:00,IdeState,Inactive,,*,-1,-1
2024-11-06T21:05:23.318-05:00,IdeState,Inactive,,*,-1,-1
2024-11-06T21:05:24.320-05:00,IdeState,Inactive,,*,-1,-1
2024-11-06T21:05:25.321-05:00,IdeState,Inactive,,*,-1,-1
2024-11-06T21:05:26.322-05:00,IdeState,Inactive,,*,-1,-1
2024-11-06T21:05:27.324-05:00,IdeState,Inactive,,*,-1,-1
2024-11-06T21:05:28.325-05:00,IdeState,Active,Project,*,-1,-1
2024-11-06T21:05:29.327-05:00,IdeState,Active,Popup,*,-1,-1
2024-11-06T21:05:30.352-05:00,IdeState,Active,Popup,*,-1,-1
2024-11-06T21:05:31.353-05:00,IdeState,Active,Popup,*,-1,-1
2024-11-06T21:05:32.353-05:00,IdeState,Active,Popup,*,-1,-1
2024-11-06T21:05:33.460-05:00,IdeState,Active,Dialog,*,-1,-1
2024-11-06T21:05:34.462-05:00,IdeState,Active,Dialog,*,-1,-1
2024-11-06T21:05:35.464-05:00,IdeState,Active,Dialog,*,-1,-1
2024-11-06T21:05:36.477-05:00,IdeState,Active,Popup,*,-1,-1
2024-11-06T21:05:37.843-05:00,IdeState,Active,Editor,*,42,23
2024-11-06T21:05:39.407-05:00,IdeState,Active,Editor,*,42,23
2024-11-06T21:05:40.411-05:00,IdeState,Active,Editor,*,42,23
2024-11-06T21:05:41.457-05:00,IdeState,Active,Editor,*,42,23
2024-11-06T21:05:42.459-05:00,IdeState,Active,Editor,*,42,23
2024-11-06T21:05:43.460-05:00,IdeState,Active,Editor,*,42,23
2024-11-06T21:05:44.502-05:00,IdeState,Active,Editor,*,0,0
2024-11-06T21:05:46.225-05:00,IdeState,Active,Popup,*,0,0
2024-11-06T21:05:47.227-05:00,IdeState,Active,Popup,*,0,0
2024-11-06T21:05:48.229-05:00,IdeState,Active,Popup,*,0,0
2024-11-06T21:05:49.234-05:00,IdeState,Active,Popup,*,0,0
2024-11-06T21:05:50.240-05:00,IdeState,Active,Popup,*,0,0
2024-11-06T21:05:51.244-05:00,IdeState,Active,Popup,*,0,0
2024-11-06T21:05:52.246-05:00,IdeState,Active,Popup,*,0,0
2024-11-06T21:05:53.257-05:00,IdeState,Active,Popup,*,0,0
2024-11-06T21:05:54.258-05:00,IdeState,Active,Popup,*,0,0
2024-11-06T21:05:55.260-05:00,IdeState,Active,Popup,*,0,0
2024-11-06T21:05:56.273-05:00,IdeState,Active,Popup,*,0,0
2024-11-06T21:05:57.277-05:00,IdeState,Active,Popup,*,0,0
2024-11-06T21:05:58.286-05:00,IdeState,Active,Popup,*,0,0
2024-11-06T21:05:59.288-05:00,IdeState,Active,Popup,*,0,0
2024-11-06T21:06:00.296-05:00,IdeState,Active,Popup,*,0,0
2024-11-06T21:06:01.301-05:00,IdeState,Active,Popup,*,0,0
2024-11-06T21:06:02.303-05:00,IdeState,Active,Popup,*,0,0
2024-11-06T21:06:03.304-05:00,IdeState,Active,Popup,*,0,0
2024-11-06T21:06:04.305-05:00,IdeState,Active,Popup,*,0,0
2024-11-06T21:06:05.307-05:00,IdeState,Active,Popup,*,0,0
2024-11-06T21:06:06.308-05:00,IdeState,Active,Popup,*,0,0
2024-11-06T21:06:07.309-05:00,IdeState,Active,Popup,*,0,0
2024-11-06T21:06:08.311-05:00,IdeState,Active,Popup,*,0,0
2024-11-06T21:06:09.313-05:00,IdeState,Active,Popup,*,0,0
2024-11-06T21:06:10.313-05:00,IdeState,Active,Popup,*,0,0
2024-11-06T21:06:11.315-05:00,IdeState,Active,Popup,*,0,0
2024-11-06T21:06:12.316-05:00,IdeState,Active,Popup,*,0,0
2024-11-06T21:06:13.318-05:00,IdeState,Active,Popup,*,0,0
2024-11-06T21:06:14.319-05:00,IdeState,Inactive,,*,-1,-1
2024-11-06T21:06:15.321-05:00,IdeState,Inactive,,*,-1,-1
2024-11-06T21:06:16.326-05:00,IdeState,Inactive,,*,-1,-1
2024-11-06T21:06:17.356-05:00,IdeState,Inactive,,*,-1,-1
2024-11-06T21:06:18.358-05:00,IdeState,Inactive,,*,-1,-1
2024-11-06T21:06:19.361-05:00,IdeState,Inactive,,*,-1,-1
2024-11-06T21:06:20.377-05:00,IdeState,Inactive,,*,-1,-1
2024-11-06T21:06:21.381-05:00,IdeState,Inactive,,*,-1,-1
2024-11-06T21:06:22.391-05:00,IdeState,Inactive,,*,-1,-1
2024-11-06T21:06:23.396-05:00,IdeState,Inactive,,*,-1,-1
2024-11-06T21:06:24.397-05:00,IdeState,Inactive,,*,-1,-1
2024-11-06T21:06:25.398-05:00,IdeState,Inactive,,*,-1,-1
2024-11-06T21:06:26.399-05:00,IdeState,Inactive,,*,-1,-1
2024-11-06T21:06:27.400-05:00,IdeState,Inactive,,*,-1,-1
2024-11-06T21:06:28.403-05:00,IdeState,Inactive,,*,-1,-1
2024-11-06T21:06:29.408-05:00,IdeState,Inactive,,*,-1,-1
2024-11-06T21:06:30.411-05:00,IdeState,Inactive,,*,-1,-1
2024-11-06T21:06:31.413-05:00,IdeState,Inactive,,*,-1,-1
2024-11-06T21:06:32.414-05:00,IdeState,Inactive,,*,-1,-1
2024-11-06T21:06:33.415-05:00,IdeState,Inactive,,*,-1,-1
2024-11-06T21:06:34.418-05:00,IdeState,Inactive,,*,-1,-1
2024-11-06T21:06:35.418-05:00,IdeState,Inactive,,*,-1,-1
2024-11-06T21:06:36.420-05:00,IdeState,Inactive,,*,-1,-1
2024-11-06T21:06:37.421-05:00,IdeState,Inactive,,*,-1,-1
2024-11-06T21:06:38.423-05:00,IdeState,Inactive,,*,-1,-1
2024-11-06T21:06:39.425-05:00,IdeState,Inactive,,*,-1,-1
2024-11-06T21:06:40.427-05:00,IdeState,Inactive,,*,-1,-1
2024-11-06T21:06:41.429-05:00,IdeState,Inactive,,*,-1,-1
2024-11-06T21:06:42.430-05:00,IdeState,Inactive,,*,-1,-1
2024-11-06T21:06:43.431-05:00,IdeState,Inactive,,*,-1,-1
2024-11-06T21:06:44.432-05:00,IdeState,Inactive,,*,-1,-1
2024-11-06T21:06:45.437-05:00,IdeState,Inactive,,*,-1,-1
2024-11-06T21:06:46.440-05:00,IdeState,Inactive,,*,-1,-1
2024-11-06T21:06:47.441-05:00,IdeState,Inactive,,*,-1,-1
2024-11-06T21:06:48.441-05:00,IdeState,Inactive,,*,-1,-1
2024-11-06T21:06:49.442-05:00,IdeState,Inactive,,*,-1,-1
2024-11-06T21:06:50.443-05:00,IdeState,Inactive,,*,-1,-1
2024-11-06T21:06:51.444-05:00,IdeState,Inactive,,*,-1,-1
2024-11-06T21:06:52.445-05:00,IdeState,Inactive,,*,-1,-1
2024-11-06T21:06:53.446-05:00,IdeState,Inactive,,*,-1,-1
2024-11-06T21:06:54.448-05:00,IdeState,Inactive,,*,-1,-1
2024-11-06T21:06:55.449-05:00,IdeState,Inactive,,*,-1,-1
2024-11-06T21:06:56.453-05:00,IdeState,Inactive,,*,-1,-1
2024-11-06T21:06:57.453-05:00,IdeState,Inactive,,*,-1,-1
2024-11-06T21:06:58.455-05:00,IdeState,Inactive,,*,-1,-1
2024-11-06T21:06:59.457-05:00,IdeState,Inactive,,*,-1,-1
2024-11-06T21:07:00.459-05:00,IdeState,Inactive,,*,-1,-1
2024-11-06T21:07:01.461-05:00,IdeState,Inactive,,*,-1,-1
2024-11-06T21:07:02.462-05:00,IdeState,Inactive,,*,-1,-1
2024-11-06T21:07:03.463-05:00,IdeState,Inactive,,*,-1,-1
2024-11-06T21:07:04.464-05:00,IdeState,Inactive,,*,-1,-1
2024-11-06T21:07:05.467-05:00,IdeState,Inactive,,*,-1,-1
2024-11-06T21:07:06.468-05:00,IdeState,Inactive,,*,-1,-1
2024-11-06T21:07:07.469-05:00,IdeState,Inactive,,*,-1,-1
2024-11-06T21:07:08.472-05:00,IdeState,Inactive,,*,-1,-1
2024-11-06T21:07:09.474-05:00,IdeState,Inactive,,*,-1,-1
2024-11-06T21:07:10.477-05:00,IdeState,Inactive,,*,-1,-1
2024-11-06T21:07:11.477-05:00,IdeState,Inactive,,*,-1,-1
2024-11-06T21:07:12.478-05:00,IdeState,Inactive,,*,-1,-1
2024-11-06T21:07:13.480-05:00,IdeState,Inactive,,*,-1,-1
2024-11-06T21:07:14.482-05:00,IdeState,Inactive,,*,-1,-1
2024-11-06T21:07:15.483-05:00,IdeState,Inactive,,*,-1,-1
2024-11-06T21:07:16.486-05:00,IdeState,Inactive,,*,-1,-1
2024-11-06T21:07:17.487-05:00,IdeState,Inactive,,*,-1,-1
2024-11-06T21:07:18.488-05:00,IdeState,Inactive,,*,-1,-1
2024-11-06T21:07:19.490-05:00,IdeState,Inactive,,*,-1,-1
2024-11-06T21:07:20.492-05:00,IdeState,Inactive,,*,-1,-1
2024-11-06T21:07:21.493-05:00,IdeState,Inactive,,*,-1,-1
2024-11-06T21:07:22.494-05:00,IdeState,Inactive,,*,-1,-1
2024-11-06T21:07:23.496-05:00,IdeState,Inactive,,*,-1,-1
2024-11-06T21:07:24.498-05:00,IdeState,Inactive,,*,-1,-1
2024-11-06T21:07:25.499-05:00,IdeState,Inactive,,*,-1,-1
2024-11-06T21:07:26.499-05:00,IdeState,Inactive,,*,-1,-1
2024-11-06T21:07:27.500-05:00,IdeState,Inactive,,*,-1,-1
2024-11-06T21:07:28.502-05:00,IdeState,Inactive,,*,-1,-1
2024-11-06T21:07:29.504-05:00,IdeState,Inactive,,*,-1,-1
2024-11-06T21:07:30.505-05:00,IdeState,Inactive,,*,-1,-1
2024-11-06T21:07:31.508-05:00,IdeState,Inactive,,*,-1,-1
2024-11-06T21:07:32.510-05:00,IdeState,Inactive,,*,-1,-1
2024-11-06T21:07:33.511-05:00,IdeState,Inactive,,*,-1,-1
2024-11-06T21:07:34.512-05:00,IdeState,Inactive,,*,-1,-1
2024-11-06T21:07:35.513-05:00,IdeState,Inactive,,*,-1,-1
2024-11-06T21:07:36.515-05:00,IdeState,Inactive,,*,-1,-1
2024-11-06T21:07:37.515-05:00,IdeState,Inactive,,*,-1,-1
2024-11-06T21:07:38.516-05:00,IdeState,Inactive,,*,-1,-1
2024-11-06T21:07:39.518-05:00,IdeState,Inactive,,*,-1,-1
2024-11-06T21:07:40.520-05:00,IdeState,Inactive,,*,-1,-1
2024-11-06T21:07:41.523-05:00,IdeState,Inactive,,*,-1,-1
2024-11-06T21:07:42.524-05:00,IdeState,Inactive,,*,-1,-1
2024-11-06T21:07:43.525-05:00,IdeState,Inactive,,*,-1,-1
2024-11-06T21:07:44.526-05:00,IdeState,Inactive,,*,-1,-1
2024-11-06T21:07:45.528-05:00,IdeState,Inactive,,*,-1,-1
2024-11-06T21:07:46.529-05:00,IdeState,Inactive,,*,-1,-1
2024-11-06T21:07:47.531-05:00,IdeState,Inactive,,*,-1,-1
2024-11-06T21:07:48.533-05:00,IdeState,Inactive,,*,-1,-1
2024-11-06T21:07:49.535-05:00,IdeState,Inactive,,*,-1,-1
2024-11-06T21:07:50.538-05:00,IdeState,Inactive,,*,-1,-1
2024-11-06T21:07:51.540-05:00,IdeState,Inactive,,*,-1,-1
2024-11-06T21:07:52.542-05:00,IdeState,Inactive,,*,-1,-1
2024-11-06T21:07:53.542-05:00,IdeState,Inactive,,*,-1,-1
2024-11-06T21:07:54.544-05:00,IdeState,Inactive,,*,-1,-1
2024-11-06T21:07:55.545-05:00,IdeState,Inactive,,*,-1,-1
2024-11-06T21:07:56.546-05:00,IdeState,Inactive,,*,-1,-1
2024-11-06T21:07:57.547-05:00,IdeState,Inactive,,*,-1,-1
2024-11-06T21:07:58.549-05:00,IdeState,Inactive,,*,-1,-1
2024-11-06T21:07:59.549-05:00,IdeState,Inactive,,*,-1,-1
2024-11-06T21:08:00.561-05:00,IdeState,Active,Popup,*,0,0
2024-11-06T21:08:01.253-05:00,Action,SettingsEntryPoint,Popup,*,0,0
2024-11-06T21:08:01.563-05:00,IdeState,Active,Popup,*,0,0
2024-11-06T21:08:02.289-05:00,Action,WelcomeScreen.Plugins,,*,-1,-1
2024-11-06T21:08:03.836-05:00,IdeState,Active,Dialog,*,0,0
2024-11-06T21:08:04.836-05:00,IdeState,Active,Dialog,*,0,0
2024-11-06T21:08:05.838-05:00,IdeState,Inactive,,*,-1,-1
2024-11-06T21:08:06.839-05:00,IdeState,Active,Dialog,*,0,0
2024-11-06T21:08:07.859-05:00,IdeState,Active,Dialog,*,0,0
2024-11-06T21:08:08.860-05:00,IdeState,Active,Dialog,*,0,0
2024-11-06T21:08:09.862-05:00,IdeState,Active,Dialog,*,0,0
2024-11-06T21:08:10.863-05:00,IdeState,Active,Dialog,*,0,0
2024-11-06T21:08:11.864-05:00,IdeState,Active,Dialog,*,0,0
2024-11-06T21:08:12.865-05:00,IdeState,Active,Dialog,*,0,0
2024-11-06T21:08:13.868-05:00,IdeState,Active,Dialog,*,0,0
2024-11-06T21:08:14.869-05:00,IdeState,Active,Dialog,*,0,0
2024-11-06T21:08:15.870-05:00,IdeState,Active,Dialog,*,0,0
2024-11-06T21:08:16.872-05:00,IdeState,Active,Dialog,*,0,0
2024-11-06T21:08:17.873-05:00,IdeState,Active,Dialog,*,0,0
2024-11-06T21:08:18.875-05:00,IdeState,Active,Dialog,*,0,0
2024-11-06T21:08:19.877-05:00,IdeState,Active,Dialog,*,0,0
2024-11-06T21:08:20.878-05:00,IdeState,Active,Dialog,*,0,0
2024-11-06T21:08:21.879-05:00,IdeState,Active,Dialog,*,0,0
2024-11-06T21:08:22.880-05:00,IdeState,Active,Dialog,*,0,0
2024-11-06T21:08:23.880-05:00,IdeState,Active,Dialog,*,0,0
2024-11-06T21:08:24.883-05:00,IdeState,Active,Dialog,*,0,0
2024-11-06T21:08:25.884-05:00,IdeState,Active,Dialog,*,0,0
2024-11-06T21:08:26.886-05:00,IdeState,Active,Dialog,*,0,0
2024-11-06T21:08:27.888-05:00,IdeState,Active,Dialog,*,0,0
2024-11-06T21:08:28.890-05:00,IdeState,Active,Dialog,*,0,0
2024-11-06T21:08:29.891-05:00,IdeState,Active,Dialog,*,0,0
2024-11-06T21:08:30.893-05:00,IdeState,Active,Dialog,*,0,0
2024-11-06T21:08:31.894-05:00,IdeState,Active,Dialog,*,0,0
2024-11-06T21:08:32.895-05:00,IdeState,Active,Dialog,*,0,0
2024-11-06T21:08:33.896-05:00,IdeState,Active,Dialog,*,0,0
2024-11-06T21:08:34.897-05:00,IdeState,Active,Dialog,*,0,0
2024-11-06T21:08:35.899-05:00,IdeState,Active,Dialog,*,0,0
2024-11-06T21:08:36.901-05:00,IdeState,Active,Dialog,*,0,0
2024-11-06T21:08:37.904-05:00,IdeState,Active,Dialog,*,0,0
2024-11-06T21:08:38.905-05:00,IdeState,Active,Dialog,*,0,0
2024-11-06T21:08:39.908-05:00,IdeState,Inactive,,*,-1,-1
2024-11-06T21:08:40.909-05:00,IdeState,Inactive,,*,-1,-1
2024-11-06T21:08:41.910-05:00,IdeState,Inactive,,*,-1,-1
2024-11-06T21:08:42.912-05:00,IdeState,Inactive,,*,-1,-1
2024-11-06T21:08:43.915-05:00,IdeState,Inactive,,*,-1,-1
2024-11-06T21:08:44.917-05:00,IdeState,Inactive,,*,-1,-1
2024-11-06T21:08:45.918-05:00,IdeState,Inactive,,*,-1,-1
2024-11-06T21:08:46.919-05:00,IdeState,Inactive,,*,-1,-1
2024-11-06T21:08:47.920-05:00,IdeState,Inactive,,*,-1,-1
2024-11-06T21:08:48.922-05:00,IdeState,Inactive,,*,-1,-1
2024-11-06T21:08:59.621-05:00,IdeState,NoProject,,*,-1,-1
2024-11-06T21:09:01.164-05:00,IdeState,Active,Popup,*,-1,-1
2024-11-06T21:09:02.640-05:00,IdeState,Active,Popup,*,-1,-1
2024-11-06T21:09:03.801-05:00,IdeState,Active,Popup,*,0,0
2024-11-06T21:09:04.810-05:00,IdeState,Active,Popup,*,0,0
2024-11-06T21:09:05.815-05:00,IdeState,Active,Popup,*,0,0
2024-11-06T21:09:06.822-05:00,IdeState,Active,tasktracker,*,0,0
2024-11-06T21:09:07.824-05:00,IdeState,Active,tasktracker,*,0,0
2024-11-06T21:09:08.825-05:00,IdeState,Active,tasktracker,*,0,0
2024-11-06T21:09:09.828-05:00,IdeState,Active,tasktracker,*,0,0
2024-11-06T21:09:10.831-05:00,IdeState,Active,tasktracker,*,0,0
2024-11-06T21:09:11.833-05:00,IdeState,Active,tasktracker,*,0,0
2024-11-06T21:09:12.834-05:00,IdeState,Active,tasktracker,*,0,0
2024-11-06T21:09:13.835-05:00,IdeState,Active,tasktracker,*,0,0
2024-11-06T21:09:14.838-05:00,IdeState,Active,tasktracker,*,0,0
2024-11-06T21:09:15.840-05:00,IdeState,Active,Popup,*,0,0
2024-11-06T21:09:16.843-05:00,IdeState,Active,Popup,*,0,0
2024-11-06T21:09:17.190-05:00,Action,InvalidateCaches,Popup,*,0,0
2024-11-06T21:09:17.844-05:00,IdeState,Active,Popup,*,0,0
2024-11-06T21:09:22.341-05:00,IdeState,NoProject,,*,-1,-1
2024-11-06T21:09:23.813-05:00,IdeState,Active,Popup,*,-1,-1
2024-11-06T21:09:25.108-05:00,IdeState,Active,Popup,*,-1,-1
2024-11-06T21:09:26.276-05:00,IdeState,Active,Popup,*,0,0
2024-11-06T21:09:27.278-05:00,IdeState,Active,Popup,*,0,0
2024-11-06T21:09:28.281-05:00,IdeState,Active,Popup,*,0,0
2024-11-06T21:09:29.298-05:00,IdeState,Active,tasktracker,*,0,0
2024-11-06T21:09:30.301-05:00,IdeState,Active,tasktracker,*,0,0
2024-11-06T21:09:31.309-05:00,IdeState,Active,tasktracker,*,0,0
2024-11-06T21:09:32.313-05:00,IdeState,Active,tasktracker,*,0,0
2024-11-06T21:09:33.314-05:00,IdeState,Active,tasktracker,*,0,0
2024-11-06T21:09:34.316-05:00,IdeState,Active,tasktracker,*,0,0
2024-11-06T21:09:35.318-05:00,IdeState,Active,tasktracker,*,0,0
2024-11-06T21:09:36.318-05:00,IdeState,Active,tasktracker,*,0,0
2024-11-06T21:09:37.366-05:00,IdeState,Active,Project,*,0,0
2024-11-06T21:09:38.368-05:00,IdeState,Active,Project,*,0,0
2024-11-06T21:09:39.369-05:00,IdeState,Active,Project,*,0,0
2024-11-06T21:09:40.371-05:00,IdeState,Active,Project,*,0,0
2024-11-06T21:09:41.373-05:00,IdeState,Active,tasktracker,*,0,0
2024-11-06T21:09:42.374-05:00,IdeState,Active,tasktracker,*,0,0
2024-11-06T21:09:43.376-05:00,IdeState,Active,tasktracker,*,0,0
2024-11-06T21:09:44.377-05:00,IdeState,Active,tasktracker,*,0,0
2024-11-06T21:09:45.378-05:00,IdeState,Active,tasktracker,*,0,0
2024-11-06T21:09:46.380-05:00,IdeState,Active,tasktracker,*,0,0
2024-11-06T21:09:47.426-05:00,IdeState,Active,Editor,max_3.py,0,0
2024-11-06T21:09:48.429-05:00,IdeState,Active,Editor,max_3.py,2,22
2024-11-06T21:09:49.431-05:00,IdeState,Active,Editor,max_3.py,2,22
2024-11-06T21:09:50.435-05:00,IdeState,Active,Project,max_3.py,2,22
2024-11-06T21:09:51.442-05:00,IdeState,Active,tasktracker,max_3.py,2,22
2024-11-06T21:09:52.444-05:00,IdeState,Active,tasktracker,max_3.py,2,22
2024-11-06T21:09:53.485-05:00,IdeState,Active,Project,*,-1,-1
2024-11-06T21:09:54.486-05:00,IdeState,Active,Editor,pies.py,2,22
2024-11-06T21:09:55.487-05:00,IdeState,Active,Editor,pies.py,2,22
2024-11-06T21:09:56.489-05:00,IdeState,Active,Editor,pies.py,2,22
2024-11-06T21:09:57.491-05:00,IdeState,Active,Project,pies.py,2,22
2024-11-06T21:09:58.493-05:00,IdeState,Active,tasktracker,pies.py,2,22
2024-11-06T21:09:59.495-05:00,IdeState,Active,tasktracker,pies.py,2,22
2024-11-06T21:10:00.496-05:00,IdeState,Active,tasktracker,pies.py,2,22
2024-11-06T21:10:01.499-05:00,IdeState,Active,Editor,is_zero.py,0,0
2024-11-06T21:10:02.500-05:00,IdeState,Active,Editor,is_zero.py,2,22
2024-11-06T21:10:02.737-05:00,Action,EditorEnter,Editor,is_zero.py,2,22
2024-11-06T21:10:03.503-05:00,IdeState,Active,Editor,is_zero.py,3,0
2024-11-06T21:10:04.505-05:00,IdeState,Active,Editor,is_zero.py,3,0
2024-11-06T21:10:05.507-05:00,IdeState,Active,Editor,is_zero.py,3,0
2024-11-06T21:10:06.511-05:00,IdeState,Active,Editor,is_zero.py,3,0
2024-11-06T21:10:07.511-05:00,IdeState,Active,Editor,is_zero.py,3,0
2024-11-06T21:10:08.513-05:00,IdeState,Active,Editor,is_zero.py,3,0
2024-11-06T21:10:09.515-05:00,IdeState,Active,Editor,is_zero.py,3,0
2024-11-06T21:10:10.517-05:00,IdeState,Active,Editor,is_zero.py,3,0
2024-11-06T21:10:11.519-05:00,IdeState,Active,Editor,is_zero.py,3,0
2024-11-06T21:10:12.521-05:00,IdeState,Active,Editor,is_zero.py,3,0
2024-11-06T21:10:13.523-05:00,IdeState,Active,Editor,is_zero.py,3,0
2024-11-06T21:10:14.525-05:00,IdeState,Active,Editor,is_zero.py,3,0
2024-11-06T21:10:15.526-05:00,IdeState,Active,Editor,is_zero.py,3,2
2024-11-06T21:10:16.529-05:00,IdeState,Active,Editor,is_zero.py,3,6
2024-11-06T21:10:17.343-05:00,Action,EditorEnter,Editor,is_zero.py,3,9
2024-11-06T21:10:17.530-05:00,IdeState,Active,Editor,is_zero.py,4,0
2024-11-06T21:10:18.533-05:00,IdeState,Active,Editor,is_zero.py,4,0
2024-11-06T21:10:19.534-05:00,IdeState,Active,Editor,is_zero.py,4,0
2024-11-06T21:10:19.689-05:00,Action,EditorBackSpace,Editor,is_zero.py,4,0
2024-11-06T21:10:20.536-05:00,IdeState,Active,Editor,is_zero.py,3,9
2024-11-06T21:10:20.543-05:00,Action,EditorBackSpace,Editor,is_zero.py,3,9
2024-11-06T21:10:20.712-05:00,Action,EditorBackSpace,Editor,is_zero.py,3,8
2024-11-06T21:10:21.492-05:00,Action,EditorBackSpace,Editor,is_zero.py,3,8
2024-11-06T21:10:21.538-05:00,IdeState,Active,Editor,is_zero.py,3,7
2024-11-06T21:10:22.006-05:00,Action,EditorEnter,Editor,is_zero.py,3,9
2024-11-06T21:10:22.151-05:00,Action,EditorEnter,Editor,is_zero.py,4,0
2024-11-06T21:10:22.646-05:00,IdeState,Active,Editor,is_zero.py,5,1
2024-11-06T21:10:23.658-05:00,IdeState,Active,Editor,is_zero.py,5,4
2024-11-06T21:10:24.659-05:00,IdeState,Active,Editor,is_zero.py,5,6
2024-11-06T21:10:25.659-05:00,IdeState,Active,Editor,is_zero.py,5,6
2024-11-06T21:10:26.661-05:00,IdeState,Active,Editor,is_zero.py,5,8
2024-11-06T21:10:27.663-05:00,IdeState,Active,Editor,is_zero.py,5,9
2024-11-06T21:10:28.073-05:00,Action,EditorUp,Editor,is_zero.py,5,9
2024-11-06T21:10:28.665-05:00,Action,EditorDown,Editor,is_zero.py,4,0
2024-11-06T21:10:28.671-05:00,IdeState,Active,Editor,is_zero.py,5,9
2024-11-06T21:10:29.673-05:00,IdeState,Active,Editor,is_zero.py,5,9
2024-11-06T21:10:29.779-05:00,Action,EditorRight,Editor,is_zero.py,5,9
2024-11-06T21:10:30.607-05:00,Action,EditorEnter,Editor,is_zero.py,5,11
2024-11-06T21:10:30.676-05:00,IdeState,Active,Editor,is_zero.py,6,4
2024-11-06T21:10:31.679-05:00,Action,EditorBackSpace,Editor,is_zero.py,6,5
2024-11-06T21:10:31.702-05:00,IdeState,Active,Editor,is_zero.py,6,4
2024-11-06T21:10:32.715-05:00,IdeState,Active,Editor,is_zero.py,6,7
2024-11-06T21:10:32.996-05:00,Action,EditorBackSpace,Editor,is_zero.py,6,7
2024-11-06T21:10:33.149-05:00,Action,EditorBackSpace,Editor,is_zero.py,6,6
2024-11-06T21:10:33.285-05:00,Action,EditorBackSpace,Editor,is_zero.py,6,5
2024-11-06T21:10:33.719-05:00,IdeState,Active,Editor,is_zero.py,6,9
2024-11-06T21:10:34.720-05:00,IdeState,Active,Editor,is_zero.py,6,12
2024-11-06T21:10:35.720-05:00,IdeState,Active,Editor,is_zero.py,6,16
2024-11-06T21:10:36.016-05:00,Action,EditorRight,Editor,is_zero.py,6,16
2024-11-06T21:10:36.723-05:00,IdeState,Active,Editor,is_zero.py,6,17
2024-11-06T21:10:36.841-05:00,Action,EditorLeft,Editor,is_zero.py,6,17
2024-11-06T21:10:37.725-05:00,IdeState,Active,Editor,is_zero.py,6,17
2024-11-06T21:10:38.726-05:00,IdeState,Active,Editor,is_zero.py,6,22
2024-11-06T21:10:39.726-05:00,IdeState,Active,Editor,is_zero.py,6,22
2024-11-06T21:10:39.746-05:00,Action,EditorLeft,Editor,is_zero.py,6,22
2024-11-06T21:10:40.258-05:00,Action,EditorLeft,Editor,is_zero.py,6,21
2024-11-06T21:10:40.294-05:00,Action,EditorLeft,Editor,is_zero.py,6,20
2024-11-06T21:10:40.319-05:00,Action,EditorLeft,Editor,is_zero.py,6,19
2024-11-06T21:10:40.354-05:00,Action,EditorLeft,Editor,is_zero.py,6,18
2024-11-06T21:10:40.381-05:00,Action,EditorLeft,Editor,is_zero.py,6,17
2024-11-06T21:10:40.410-05:00,Action,EditorLeft,Editor,is_zero.py,6,16
2024-11-06T21:10:40.440-05:00,Action,EditorLeft,Editor,is_zero.py,6,15
2024-11-06T21:10:40.485-05:00,Action,EditorLeft,Editor,is_zero.py,6,14
2024-11-06T21:10:40.518-05:00,Action,EditorLeft,Editor,is_zero.py,6,13
2024-11-06T21:10:40.729-05:00,IdeState,Active,Editor,is_zero.py,6,12
2024-11-06T21:10:40.841-05:00,Action,EditorRight,Editor,is_zero.py,6,12
2024-11-06T21:10:41.352-05:00,Action,EditorRight,Editor,is_zero.py,6,13
2024-11-06T21:10:41.378-05:00,Action,EditorRight,Editor,is_zero.py,6,14
2024-11-06T21:10:41.406-05:00,Action,EditorRight,Editor,is_zero.py,6,15
2024-11-06T21:10:41.445-05:00,Action,EditorRight,Editor,is_zero.py,6,16
2024-11-06T21:10:41.489-05:00,Action,EditorRight,Editor,is_zero.py,6,17
2024-11-06T21:10:41.517-05:00,Action,EditorRight,Editor,is_zero.py,6,18
2024-11-06T21:10:41.547-05:00,Action,EditorRight,Editor,is_zero.py,6,19
2024-11-06T21:10:41.730-05:00,IdeState,Active,Editor,is_zero.py,6,20
2024-11-06T21:10:41.787-05:00,Action,EditorRight,Editor,is_zero.py,6,20
2024-11-06T21:10:41.955-05:00,Action,EditorRight,Editor,is_zero.py,6,21
2024-11-06T21:10:42.149-05:00,Action,EditorRight,Editor,is_zero.py,6,22
2024-11-06T21:10:42.349-05:00,Action,EditorRight,Editor,is_zero.py,6,23
2024-11-06T21:10:42.733-05:00,IdeState,Active,Editor,is_zero.py,6,24
2024-11-06T21:10:43.624-05:00,Action,EditorEnter,Editor,is_zero.py,6,24
2024-11-06T21:10:43.734-05:00,IdeState,Active,Editor,is_zero.py,7,4
2024-11-06T21:10:44.481-05:00,Action,EditorEnter,Editor,is_zero.py,7,4
2024-11-06T21:10:44.735-05:00,IdeState,Active,Editor,is_zero.py,8,4
2024-11-06T21:10:45.737-05:00,IdeState,Active,Editor,is_zero.py,8,4
2024-11-06T21:10:46.328-05:00,Action,EditorBackSpace,Editor,is_zero.py,8,4
2024-11-06T21:10:46.738-05:00,IdeState,Active,Editor,is_zero.py,8,0
2024-11-06T21:10:47.640-05:00,Action,EditorBackSpace,Editor,is_zero.py,8,0
2024-11-06T21:10:47.739-05:00,IdeState,Active,Editor,is_zero.py,7,4
2024-11-06T21:10:48.424-05:00,Action,EditorBackSpace,Editor,is_zero.py,7,4
2024-11-06T21:10:48.741-05:00,IdeState,Active,Editor,is_zero.py,7,1
2024-11-06T21:10:49.742-05:00,IdeState,Active,Editor,is_zero.py,7,5
2024-11-06T21:10:49.902-05:00,Action,EditorEnter,Editor,is_zero.py,7,5
2024-11-06T21:10:50.746-05:00,IdeState,Active,Editor,is_zero.py,8,4
2024-11-06T21:10:51.747-05:00,IdeState,Active,Editor,is_zero.py,8,4
2024-11-06T21:10:52.742-05:00,Action,EditorBackSpace,Editor,is_zero.py,8,6
2024-11-06T21:10:52.756-05:00,IdeState,Active,Editor,is_zero.py,8,5
2024-11-06T21:10:52.883-05:00,Action,EditorBackSpace,Editor,is_zero.py,8,5
2024-11-06T21:10:53.756-05:00,IdeState,Active,Editor,is_zero.py,8,4
2024-11-06T21:10:54.757-05:00,IdeState,Active,Editor,is_zero.py,8,11
2024-11-06T21:10:55.083-05:00,Action,EditorBackSpace,Editor,is_zero.py,8,12
2024-11-06T21:10:55.235-05:00,Action,EditorBackSpace,Editor,is_zero.py,8,11
2024-11-06T21:10:55.388-05:00,Action,EditorBackSpace,Editor,is_zero.py,8,10
2024-11-06T21:10:55.683-05:00,Action,EditorBackSpace,Editor,is_zero.py,8,10
2024-11-06T21:10:55.760-05:00,IdeState,Active,Editor,is_zero.py,8,9
2024-11-06T21:10:55.941-05:00,Action,EditorBackSpace,Editor,is_zero.py,8,12
2024-11-06T21:10:56.243-05:00,Action,EditorBackSpace,Editor,is_zero.py,8,12
2024-11-06T21:10:56.492-05:00,Action,EditorBackSpace,Editor,is_zero.py,8,12
2024-11-06T21:10:56.747-05:00,Action,EditorBackSpace,Editor,is_zero.py,8,13
2024-11-06T21:10:56.765-05:00,IdeState,Active,Editor,is_zero.py,8,12
2024-11-06T21:10:56.976-05:00,Action,EditorBackSpace,Editor,is_zero.py,8,13
2024-11-06T21:10:57.196-05:00,Action,EditorBackSpace,Editor,is_zero.py,8,13
2024-11-06T21:10:57.460-05:00,Action,EditorBackSpace,Editor,is_zero.py,8,13
2024-11-06T21:10:57.619-05:00,Action,EditorBackSpace,Editor,is_zero.py,8,12
2024-11-06T21:10:57.766-05:00,IdeState,Active,Editor,is_zero.py,8,11
2024-11-06T21:10:57.790-05:00,Action,EditorBackSpace,Editor,is_zero.py,8,11
2024-11-06T21:10:57.974-05:00,Action,EditorBackSpace,Editor,is_zero.py,8,10
2024-11-06T21:10:58.558-05:00,Action,EditorEnter,Editor,is_zero.py,8,9
2024-11-06T21:10:58.769-05:00,IdeState,Active,Editor,is_zero.py,9,4
2024-11-06T21:10:59.075-05:00,Action,EditorChooseLookupItem,Editor,is_zero.py,9,5
2024-11-06T21:10:59.769-05:00,IdeState,Active,Editor,is_zero.py,9,6
2024-11-06T21:10:59.795-05:00,Action,EditorChooseLookupItem,Editor,is_zero.py,9,6
2024-11-06T21:11:00.771-05:00,IdeState,Active,Editor,is_zero.py,10,14
2024-11-06T21:11:01.773-05:00,IdeState,Active,Editor,is_zero.py,10,14
2024-11-06T21:11:02.789-05:00,IdeState,Inactive,,*,-1,-1
2024-11-06T21:11:03.791-05:00,IdeState,Inactive,,*,-1,-1
2024-11-06T21:11:04.791-05:00,IdeState,Inactive,,*,-1,-1
2024-11-06T21:11:05.793-05:00,IdeState,Active,Editor,is_zero.py,10,14
2024-11-06T21:11:06.794-05:00,IdeState,Active,Editor,is_zero.py,10,14
2024-11-06T21:11:07.795-05:00,IdeState,Inactive,,*,-1,-1
2024-11-06T21:11:08.796-05:00,IdeState,Inactive,,*,-1,-1
2024-11-06T21:11:09.797-05:00,IdeState,Inactive,,*,-1,-1
2024-11-06T21:11:10.798-05:00,IdeState,Inactive,,*,-1,-1
2024-11-06T21:11:11.801-05:00,IdeState,Inactive,,*,-1,-1
2024-11-06T21:11:12.803-05:00,IdeState,Inactive,,*,-1,-1
2024-11-06T21:11:13.804-05:00,IdeState,Active,Editor,is_zero.py,10,15
2024-11-06T21:11:14.791-05:00,Action,EditorBackSpace,Editor,is_zero.py,9,9
2024-11-06T21:11:14.826-05:00,IdeState,Active,Editor,is_zero.py,9,9
2024-11-06T21:11:15.827-05:00,IdeState,Active,Editor,is_zero.py,9,9
2024-11-06T21:11:15.895-05:00,Action,EditorBackSpace,Editor,is_zero.py,9,9
2024-11-06T21:11:16.053-05:00,Action,EditorBackSpace,Editor,is_zero.py,9,8
2024-11-06T21:11:16.213-05:00,Action,EditorBackSpace,Editor,is_zero.py,9,7
2024-11-06T21:11:16.393-05:00,Action,EditorBackSpace,Editor,is_zero.py,9,6
2024-11-06T21:11:16.563-05:00,Action,EditorBackSpace,Editor,is_zero.py,9,5
2024-11-06T21:11:16.829-05:00,IdeState,Active,Editor,is_zero.py,9,4
2024-11-06T21:11:17.830-05:00,IdeState,Active,Editor,is_zero.py,9,4
2024-11-06T21:11:18.833-05:00,IdeState,Active,Editor,is_zero.py,9,4
2024-11-06T21:11:19.834-05:00,IdeState,Active,Editor,is_zero.py,9,9
2024-11-06T21:11:20.836-05:00,IdeState,Active,Editor,is_zero.py,9,12
2024-11-06T21:11:20.900-05:00,Action,EditorBackSpace,Editor,is_zero.py,9,12
2024-11-06T21:11:21.838-05:00,IdeState,Active,Editor,is_zero.py,9,20
2024-11-06T21:11:22.127-05:00,Action,EditorBackSpace,Editor,is_zero.py,9,21
2024-11-06T21:11:22.281-05:00,Action,EditorBackSpace,Editor,is_zero.py,9,20
2024-11-06T21:11:22.419-05:00,Action,EditorBackSpace,Editor,is_zero.py,9,19
2024-11-06T21:11:22.573-05:00,Action,EditorBackSpace,Editor,is_zero.py,9,18
2024-11-06T21:11:22.743-05:00,Action,EditorBackSpace,Editor,is_zero.py,9,17
2024-11-06T21:11:22.839-05:00,IdeState,Active,Editor,is_zero.py,9,16
2024-11-06T21:11:22.950-05:00,Action,EditorBackSpace,Editor,is_zero.py,9,16
2024-11-06T21:11:23.243-05:00,Action,EditorBackSpace,Editor,is_zero.py,9,15
2024-11-06T21:11:23.841-05:00,IdeState,Active,Editor,is_zero.py,9,14
2024-11-06T21:11:24.842-05:00,IdeState,Active,Editor,is_zero.py,9,21
2024-11-06T21:11:25.843-05:00,IdeState,Active,Editor,is_zero.py,9,25
2024-11-06T21:11:26.434-05:00,Action,EditorUp,Editor,is_zero.py,9,25
2024-11-06T21:11:26.606-05:00,Action,EditorUp,Editor,is_zero.py,8,5
2024-11-06T21:11:26.818-05:00,Action,EditorUp,Editor,is_zero.py,7,24
2024-11-06T21:11:26.845-05:00,IdeState,Active,Editor,is_zero.py,6,11
2024-11-06T21:11:27.095-05:00,Action,EditorLeft,Editor,is_zero.py,6,11
2024-11-06T21:11:27.281-05:00,Action,EditorLeft,Editor,is_zero.py,6,10
2024-11-06T21:11:27.451-05:00,Action,EditorLeft,Editor,is_zero.py,6,9
2024-11-06T21:11:27.628-05:00,Action,EditorLeft,Editor,is_zero.py,6,8
2024-11-06T21:11:27.847-05:00,IdeState,Active,Editor,is_zero.py,6,7
2024-11-06T21:11:28.849-05:00,IdeState,Active,Editor,is_zero.py,6,8
2024-11-06T21:11:29.102-05:00,Action,EditorUp,Editor,is_zero.py,6,8
2024-11-06T21:11:29.270-05:00,Action,EditorUp,Editor,is_zero.py,5,0
2024-11-06T21:11:29.850-05:00,IdeState,Active,Editor,is_zero.py,4,8
2024-11-06T21:11:30.095-05:00,Action,EditorDown,Editor,is_zero.py,4,8
2024-11-06T21:11:30.286-05:00,Action,EditorDown,Editor,is_zero.py,5,0
2024-11-06T21:11:30.457-05:00,Action,EditorDown,Editor,is_zero.py,6,8
2024-11-06T21:11:30.851-05:00,IdeState,Active,Editor,is_zero.py,7,8
2024-11-06T21:11:30.865-05:00,Action,EditorUp,Editor,is_zero.py,7,8
2024-11-06T21:11:31.089-05:00,Action,EditorRight,Editor,is_zero.py,6,8
2024-11-06T21:11:31.237-05:00,Action,EditorRight,Editor,is_zero.py,6,9
2024-11-06T21:11:31.854-05:00,IdeState,Active,Editor,is_zero.py,6,10
2024-11-06T21:11:31.960-05:00,Action,EditorBackSpace,Editor,is_zero.py,6,10
2024-11-06T21:11:32.595-05:00,Action,EditorBackSpace,Editor,is_zero.py,6,10
2024-11-06T21:11:32.857-05:00,IdeState,Active,Editor,is_zero.py,6,10
2024-11-06T21:11:33.859-05:00,IdeState,Active,Editor,is_zero.py,6,10
2024-11-06T21:11:34.208-05:00,Action,Run,Editor,is_zero.py,6,10
2024-11-06T21:11:34.634-05:00,Execution,"Run:'Python: is_zero':C:\Python\Python312\python.exe ""C:\Users\Daniel\Documents\Ontario Tech\Computer Science Thesis Project\task-tracker-post-processing\tasktracker\python\is_zero.py"" ",Editor,is_zero.py,6,10
2024-11-06T21:11:34.860-05:00,IdeState,Active,Editor,is_zero.py,6,10
2024-11-06T21:11:35.860-05:00,IdeState,Active,Editor,is_zero.py,6,10
2024-11-06T21:11:36.863-05:00,IdeState,Active,Editor,is_zero.py,6,10
2024-11-06T21:11:37.863-05:00,IdeState,Active,Editor,is_zero.py,6,10
2024-11-06T21:11:38.865-05:00,IdeState,Inactive,,*,-1,-1
2024-11-06T21:11:39.866-05:00,IdeState,Inactive,,*,-1,-1
2024-11-06T21:11:40.868-05:00,IdeState,Inactive,,*,-1,-1
2024-11-06T21:11:41.869-05:00,IdeState,Inactive,,*,-1,-1
2024-11-06T21:11:42.871-05:00,IdeState,Inactive,,*,-1,-1
2024-11-06T21:11:43.873-05:00,IdeState,Inactive,,*,-1,-1
2024-11-06T21:11:44.874-05:00,IdeState,Inactive,,*,-1,-1
2024-11-06T21:11:45.877-05:00,IdeState,Inactive,,*,-1,-1
2024-11-06T21:11:46.878-05:00,IdeState,Active,Editor,is_zero.py,6,10
2024-11-06T21:11:47.637-05:00,Action,EditorBackSpace,Editor,is_zero.py,6,10
2024-11-06T21:11:47.879-05:00,IdeState,Active,Editor,is_zero.py,6,10
2024-11-06T21:11:48.883-05:00,IdeState,Active,Editor,is_zero.py,6,10
2024-11-06T21:11:49.613-05:00,Action,Run,Editor,is_zero.py,6,10
2024-11-06T21:11:49.783-05:00,Execution,"Run:'Python: is_zero':C:\Python\Python312\python.exe ""C:\Users\Daniel\Documents\Ontario Tech\Computer Science Thesis Project\task-tracker-post-processing\tasktracker\python\is_zero.py"" ",Editor,is_zero.py,6,10
2024-11-06T21:11:49.885-05:00,IdeState,Active,Editor,is_zero.py,6,10
2024-11-06T21:11:50.887-05:00,IdeState,Active,Editor,is_zero.py,6,10
2024-11-06T21:11:51.890-05:00,IdeState,Active,Editor,is_zero.py,6,10
2024-11-06T21:11:52.891-05:00,IdeState,Active,Editor,is_zero.py,6,10
2024-11-06T21:11:53.892-05:00,IdeState,Active,Editor,is_zero.py,6,10
2024-11-06T21:11:54.893-05:00,IdeState,Active,Editor,is_zero.py,6,10
2024-11-06T21:11:55.895-05:00,IdeState,Active,Editor,is_zero.py,6,10
2024-11-06T21:11:56.923-05:00,IdeState,Inactive,,*,-1,-1
2024-11-06T21:11:57.925-05:00,IdeState,Inactive,,*,-1,-1
2024-11-06T21:11:58.928-05:00,IdeState,Inactive,,*,-1,-1
2024-11-06T21:11:59.929-05:00,IdeState,Inactive,,*,-1,-1
2024-11-06T21:12:00.933-05:00,IdeState,Inactive,,*,-1,-1
2024-11-06T21:12:01.935-05:00,IdeState,Inactive,,*,-1,-1
2024-11-06T21:12:02.938-05:00,IdeState,Inactive,,*,-1,-1
2024-11-06T21:12:03.940-05:00,IdeState,Active,Editor,is_zero.py,6,10
2024-11-06T21:12:04.944-05:00,IdeState,Active,Editor,is_zero.py,9,26
2024-11-06T21:12:05.945-05:00,IdeState,Active,Editor,is_zero.py,9,26
2024-11-06T21:12:06.946-05:00,IdeState,Active,Editor,is_zero.py,9,26
2024-11-06T21:12:07.947-05:00,IdeState,Active,Editor,is_zero.py,9,26
2024-11-06T21:12:08.973-05:00,IdeState,Inactive,,*,-1,-1
2024-11-06T21:12:09.975-05:00,IdeState,Active,Editor,is_zero.py,9,26
2024-11-06T21:12:10.978-05:00,IdeState,Active,Editor,is_zero.py,9,26
2024-11-06T21:12:11.078-05:00,Action,EditorEnter,Editor,is_zero.py,9,26
2024-11-06T21:12:11.225-05:00,Action,EditorEnter,Editor,is_zero.py,10,4
2024-11-06T21:12:11.926-05:00,Action,EditorBackSpace,Editor,is_zero.py,11,4
2024-11-06T21:12:11.979-05:00,IdeState,Active,Editor,is_zero.py,11,0
2024-11-06T21:12:12.551-05:00,Action,EditorPaste,Editor,is_zero.py,11,0
2024-11-06T21:12:12.980-05:00,IdeState,Active,Editor,is_zero.py,29,0
2024-11-06T21:12:13.982-05:00,IdeState,Active,Editor,is_zero.py,29,0
2024-11-06T21:12:14.982-05:00,IdeState,Active,Editor,is_zero.py,4,0
2024-11-06T21:12:15.973-05:00,Action,EditorCopy,Editor,is_zero.py,4,0
2024-11-06T21:12:15.983-05:00,IdeState,Active,Editor,is_zero.py,4,0
2024-11-06T21:12:16.984-05:00,IdeState,Active,Editor,is_zero.py,4,0
2024-11-06T21:12:17.237-05:00,Action,CollapseSelection,Editor,is_zero.py,4,0
2024-11-06T21:12:17.765-05:00,Action,$Undo,Editor,is_zero.py,4,3
2024-11-06T21:12:17.986-05:00,IdeState,Active,Editor,is_zero.py,29,0
2024-11-06T21:12:18.849-05:00,Action,ToggleLineBreakpoint,Editor,is_zero.py,29,0
2024-11-06T21:12:18.988-05:00,IdeState,Active,Editor,is_zero.py,29,0
2024-11-06T21:12:19.991-05:00,IdeState,Active,Editor,is_zero.py,29,0
2024-11-06T21:12:20.992-05:00,IdeState,Active,Editor,is_zero.py,29,0
2024-11-06T21:12:21.994-05:00,IdeState,Active,Editor,is_zero.py,4,0
2024-11-06T21:12:22.533-05:00,Action,CommentByLineComment,Editor,is_zero.py,4,0
2024-11-06T21:12:22.996-05:00,IdeState,Active,Editor,is_zero.py,4,0
2024-11-06T21:12:23.997-05:00,IdeState,Active,Editor,is_zero.py,4,0
2024-11-06T21:12:24.999-05:00,IdeState,Active,Editor,is_zero.py,4,0
2024-11-06T21:12:26.001-05:00,IdeState,Active,Editor,is_zero.py,15,14
2024-11-06T21:12:27.003-05:00,IdeState,Active,Editor,is_zero.py,15,14
2024-11-06T21:12:28.005-05:00,IdeState,Active,Editor,is_zero.py,4,0
2024-11-06T21:12:29.006-05:00,IdeState,Active,Editor,is_zero.py,4,0
2024-11-06T21:12:29.152-05:00,Action,CommentByLineComment,Editor,is_zero.py,4,0
2024-11-06T21:12:30.008-05:00,IdeState,Active,Editor,is_zero.py,4,0
2024-11-06T21:12:30.855-05:00,Action,CommentByLineComment,Editor,is_zero.py,4,0
2024-11-06T21:12:31.010-05:00,IdeState,Active,Editor,is_zero.py,4,0
2024-11-06T21:12:31.613-05:00,Action,CommentByLineComment,Editor,is_zero.py,4,0
2024-11-06T21:12:32.022-05:00,IdeState,Active,Editor,is_zero.py,4,0
2024-11-06T21:12:32.031-05:00,Action,CommentByLineComment,Editor,is_zero.py,4,0
2024-11-06T21:12:32.360-05:00,Action,CommentByLineComment,Editor,is_zero.py,4,0
2024-11-06T21:12:32.648-05:00,Action,CommentByLineComment,Editor,is_zero.py,4,0
2024-11-06T21:12:33.030-05:00,IdeState,Active,Editor,is_zero.py,4,0
2024-11-06T21:12:33.047-05:00,Action,CommentByLineComment,Editor,is_zero.py,4,0
2024-11-06T21:12:33.293-05:00,Action,CommentByLineComment,Editor,is_zero.py,4,0
2024-11-06T21:12:34.033-05:00,IdeState,Active,Editor,is_zero.py,4,0
2024-11-06T21:12:35.035-05:00,IdeState,Active,Editor,is_zero.py,4,0
2024-11-06T21:12:35.205-05:00,Action,CommentByLineComment,Editor,is_zero.py,4,0
2024-11-06T21:12:36.036-05:00,IdeState,Active,Editor,is_zero.py,4,0
2024-11-06T21:12:36.107-05:00,Action,CommentByLineComment,Editor,is_zero.py,4,0
2024-11-06T21:12:36.534-05:00,Action,CommentByLineComment,Editor,is_zero.py,4,0
2024-11-06T21:12:37.038-05:00,IdeState,Active,Editor,is_zero.py,4,0
2024-11-06T21:12:37.324-05:00,Action,CommentByLineComment,Editor,is_zero.py,4,0
2024-11-06T21:12:38.039-05:00,IdeState,Active,Editor,is_zero.py,4,0
2024-11-06T21:12:39.040-05:00,IdeState,Active,Editor,is_zero.py,4,0
2024-11-06T21:12:40.041-05:00,IdeState,Active,Editor,is_zero.py,4,0
2024-11-06T21:12:41.046-05:00,IdeState,Active,Editor,is_zero.py,4,0
2024-11-06T21:12:42.048-05:00,IdeState,Active,Editor,is_zero.py,4,0
2024-11-06T21:12:43.055-05:00,IdeState,Inactive,,*,-1,-1
2024-11-06T21:12:44.058-05:00,IdeState,Inactive,,*,-1,-1
2024-11-06T21:12:45.061-05:00,IdeState,Inactive,,*,-1,-1
2024-11-06T21:12:46.062-05:00,IdeState,Inactive,,*,-1,-1
2024-11-06T21:12:47.063-05:00,IdeState,Inactive,,*,-1,-1
2024-11-06T21:12:48.064-05:00,IdeState,Inactive,,*,-1,-1
2024-11-06T21:12:49.065-05:00,IdeState,Inactive,,*,-1,-1
2024-11-06T21:12:50.066-05:00,IdeState,Inactive,,*,-1,-1
2024-11-06T21:12:51.071-05:00,IdeState,Inactive,,*,-1,-1
2024-11-06T21:12:52.072-05:00,IdeState,Inactive,,*,-1,-1
2024-11-06T21:12:53.073-05:00,IdeState,Inactive,,*,-1,-1
2024-11-06T21:12:54.074-05:00,IdeState,Inactive,,*,-1,-1
2024-11-06T21:12:55.075-05:00,IdeState,Inactive,,*,-1,-1
2024-11-06T21:12:56.076-05:00,IdeState,Inactive,,*,-1,-1
2024-11-06T21:12:57.078-05:00,IdeState,Inactive,,*,-1,-1
2024-11-06T21:12:58.078-05:00,IdeState,Inactive,,*,-1,-1
2024-11-06T21:12:59.080-05:00,IdeState,Inactive,,*,-1,-1
2024-11-06T21:13:00.081-05:00,IdeState,Inactive,,*,-1,-1
2024-11-06T21:13:01.083-05:00,IdeState,Inactive,,*,-1,-1
2024-11-06T21:13:02.085-05:00,IdeState,Inactive,,*,-1,-1
2024-11-06T21:13:03.087-05:00,IdeState,Active,Editor,is_zero.py,15,18
2024-11-06T21:13:04.088-05:00,IdeState,Active,Editor,is_zero.py,15,18
2024-11-06T21:13:05.090-05:00,IdeState,Active,Editor,is_zero.py,15,18
2024-11-06T21:13:06.094-05:00,IdeState,Active,Editor,is_zero.py,15,18
2024-11-06T21:13:07.095-05:00,IdeState,Active,Editor,is_zero.py,15,18
2024-11-06T21:13:07.568-05:00,Action,Run,Editor,is_zero.py,15,18
2024-11-06T21:13:07.692-05:00,Execution,"Run:'Python: is_zero':C:\Python\Python312\python.exe ""C:\Users\Daniel\Documents\Ontario Tech\Computer Science Thesis Project\task-tracker-post-processing\tasktracker\python\is_zero.py"" ",Editor,is_zero.py,15,18
2024-11-06T21:13:08.096-05:00,IdeState,Active,Editor,is_zero.py,15,18
2024-11-06T21:13:09.097-05:00,IdeState,Active,Editor,is_zero.py,15,18
2024-11-06T21:13:10.099-05:00,IdeState,Active,Editor,is_zero.py,15,18
2024-11-06T21:13:11.100-05:00,IdeState,Active,Editor,is_zero.py,15,18
2024-11-06T21:13:12.103-05:00,IdeState,Active,Editor,is_zero.py,15,18
2024-11-06T21:13:13.103-05:00,IdeState,Active,Editor,is_zero.py,15,18
2024-11-06T21:13:14.106-05:00,IdeState,Active,Editor,is_zero.py,15,18
2024-11-06T21:13:14.423-05:00,Action,EditorEnter,Editor,is_zero.py,15,18
2024-11-06T21:13:15.108-05:00,IdeState,Active,Editor,is_zero.py,15,18
2024-11-06T21:13:16.110-05:00,IdeState,Active,Editor,is_zero.py,15,18
2024-11-06T21:13:17.110-05:00,IdeState,Active,Editor,is_zero.py,15,18
2024-11-06T21:13:18.111-05:00,IdeState,Active,Editor,is_zero.py,15,18
2024-11-06T21:13:18.185-05:00,Action,EditorEnter,Editor,is_zero.py,15,18
2024-11-06T21:13:18.852-05:00,Action,EditorEnter,Editor,is_zero.py,15,18
2024-11-06T21:13:19.113-05:00,IdeState,Active,Editor,is_zero.py,15,18
2024-11-06T21:13:19.247-05:00,Action,EditorEnter,Editor,is_zero.py,15,18
2024-11-06T21:13:19.542-05:00,Action,EditorEnter,Editor,is_zero.py,15,18
2024-11-06T21:13:20.047-05:00,Action,EditorEnter,Editor,is_zero.py,15,18
2024-11-06T21:13:20.116-05:00,IdeState,Active,Editor,is_zero.py,15,18
2024-11-06T21:13:20.343-05:00,Action,EditorEnter,Editor,is_zero.py,15,18
2024-11-06T21:13:20.703-05:00,Action,EditorEnter,Editor,is_zero.py,15,18
2024-11-06T21:13:21.118-05:00,IdeState,Active,Editor,is_zero.py,15,18
2024-11-06T21:13:22.118-05:00,IdeState,Active,Editor,is_zero.py,15,18
2024-11-06T21:13:23.119-05:00,IdeState,Active,Editor,is_zero.py,15,18
2024-11-06T21:13:24.121-05:00,IdeState,Active,Editor,is_zero.py,15,18
2024-11-06T21:13:25.123-05:00,IdeState,Active,Editor,is_zero.py,15,18
2024-11-06T21:13:26.123-05:00,IdeState,Active,Editor,is_zero.py,15,18
2024-11-06T21:13:27.126-05:00,IdeState,Active,Editor,is_zero.py,15,18
2024-11-06T21:13:28.127-05:00,IdeState,Active,Editor,is_zero.py,15,18
2024-11-06T21:13:29.129-05:00,IdeState,Active,Editor,is_zero.py,15,18
2024-11-06T21:13:30.129-05:00,IdeState,Active,Editor,is_zero.py,15,18
2024-11-06T21:13:31.131-05:00,IdeState,Active,Editor,is_zero.py,15,18
2024-11-06T21:13:32.133-05:00,IdeState,Active,Editor,is_zero.py,15,18
2024-11-06T21:13:33.134-05:00,IdeState,Active,Editor,is_zero.py,15,18
2024-11-06T21:13:33.874-05:00,Action,Run,Editor,is_zero.py,15,18
2024-11-06T21:13:34.026-05:00,Execution,"Run:'Python: is_zero':C:\Python\Python312\python.exe ""C:\Users\Daniel\Documents\Ontario Tech\Computer Science Thesis Project\task-tracker-post-processing\tasktracker\python\is_zero.py"" ",Editor,is_zero.py,15,18
2024-11-06T21:13:34.135-05:00,IdeState,Active,Editor,is_zero.py,15,18
2024-11-06T21:13:35.136-05:00,IdeState,Active,Editor,is_zero.py,15,18
2024-11-06T21:13:36.137-05:00,IdeState,Active,Editor,is_zero.py,15,18
2024-11-06T21:13:37.139-05:00,IdeState,Active,Editor,is_zero.py,15,18
2024-11-06T21:13:37.439-05:00,Action,EditorEnter,Editor,is_zero.py,15,18
2024-11-06T21:13:38.139-05:00,IdeState,Active,Editor,is_zero.py,15,18
2024-11-06T21:13:38.591-05:00,Action,EditorEnter,Editor,is_zero.py,15,18
2024-11-06T21:13:39.141-05:00,IdeState,Active,Editor,is_zero.py,15,18
2024-11-06T21:13:39.505-05:00,Action,EditorEnter,Editor,is_zero.py,15,18
2024-11-06T21:13:40.143-05:00,IdeState,Active,Editor,is_zero.py,15,18
2024-11-06T21:13:40.270-05:00,Action,EditorEnter,Editor,is_zero.py,15,18
2024-11-06T21:13:40.949-05:00,Action,EditorEnter,Editor,is_zero.py,15,18
2024-11-06T21:13:41.145-05:00,IdeState,Active,Editor,is_zero.py,15,18
2024-11-06T21:13:41.309-05:00,Action,EditorEnter,Editor,is_zero.py,15,18
2024-11-06T21:13:41.638-05:00,Action,EditorEnter,Editor,is_zero.py,15,18
2024-11-06T21:13:41.975-05:00,Action,EditorEnter,Editor,is_zero.py,15,18
2024-11-06T21:13:42.146-05:00,IdeState,Active,Editor,is_zero.py,15,18
2024-11-06T21:13:42.309-05:00,Action,EditorEnter,Editor,is_zero.py,15,18
2024-11-06T21:13:42.575-05:00,Action,EditorEnter,Editor,is_zero.py,15,18
2024-11-06T21:13:42.929-05:00,Action,EditorEnter,Editor,is_zero.py,15,18
2024-11-06T21:13:43.146-05:00,IdeState,Active,Editor,is_zero.py,15,18
2024-11-06T21:13:43.239-05:00,Action,EditorEnter,Editor,is_zero.py,15,18
2024-11-06T21:13:43.601-05:00,Action,EditorEnter,Editor,is_zero.py,15,18
2024-11-06T21:13:43.935-05:00,Action,EditorEnter,Editor,is_zero.py,15,18
2024-11-06T21:13:44.147-05:00,IdeState,Active,Editor,is_zero.py,15,18
2024-11-06T21:13:44.229-05:00,Action,EditorEnter,Editor,is_zero.py,15,18
2024-11-06T21:13:44.668-05:00,Action,EditorEnter,Editor,is_zero.py,15,18
2024-11-06T21:13:45.149-05:00,IdeState,Active,Editor,is_zero.py,15,18
2024-11-06T21:13:45.177-05:00,Action,EditorEnter,Editor,is_zero.py,15,18
2024-11-06T21:13:45.473-05:00,Action,EditorEnter,Editor,is_zero.py,15,18
2024-11-06T21:13:45.800-05:00,Action,EditorEnter,Editor,is_zero.py,15,18
2024-11-06T21:13:46.102-05:00,Action,EditorEnter,Editor,is_zero.py,15,18
2024-11-06T21:13:46.151-05:00,IdeState,Active,Editor,is_zero.py,15,18
2024-11-06T21:13:46.439-05:00,Action,EditorEnter,Editor,is_zero.py,15,18
2024-11-06T21:13:46.823-05:00,Action,EditorEnter,Editor,is_zero.py,15,18
2024-11-06T21:13:47.152-05:00,IdeState,Active,Editor,is_zero.py,15,18
2024-11-06T21:13:48.154-05:00,IdeState,Active,Editor,is_zero.py,15,18
2024-11-06T21:13:49.156-05:00,IdeState,Active,Editor,is_zero.py,15,18
2024-11-06T21:13:50.157-05:00,IdeState,Active,Editor,is_zero.py,28,15
2024-11-06T21:13:51.158-05:00,IdeState,Active,Editor,is_zero.py,28,15
