2024-10-11T08:31:02.792-04:00,Action,EditorBackSpace,Editor,is_zero.py,3,14
2024-10-11T08:31:02.856-04:00,IdeState,Active,Editor,is_zero.py,3,13
2024-10-11T08:31:02.930-04:00,Action,EditorBackSpace,Editor,is_zero.py,3,13
2024-10-11T08:31:03.856-04:00,IdeState,Active,Editor,is_zero.py,3,18
2024-10-11T08:31:04.858-04:00,IdeState,Active,Editor,is_zero.py,3,18
2024-10-11T08:31:05.860-04:00,IdeState,Active,Project,*,-1,-1
2024-10-11T08:31:06.860-04:00,IdeState,Active,Project,*,-1,-1
2024-10-11T08:31:07.871-04:00,IdeState,Active,Dialog,*,-1,-1
2024-10-11T08:31:08.878-04:00,IdeState,Active,Dialog,*,-1,-1
2024-10-11T08:31:09.882-04:00,IdeState,Active,Dialog,*,-1,-1
2024-10-11T08:31:10.883-04:00,IdeState,Active,Dialog,*,-1,-1
2024-10-11T08:31:11.885-04:00,IdeState,Active,Dialog,*,-1,-1
2024-10-11T08:31:12.887-04:00,IdeState,Active,Dialog,*,-1,-1
2024-10-11T08:31:13.888-04:00,IdeState,Active,Dialog,*,-1,-1
2024-10-11T08:31:14.895-04:00,IdeState,Active,Dialog,*,-1,-1
2024-10-11T08:31:15.897-04:00,IdeState,Active,Dialog,*,-1,-1
2024-10-11T08:31:16.937-04:00,IdeState,Active,Dialog,*,-1,-1
2024-10-11T08:31:17.939-04:00,IdeState,Active,Dialog,*,-1,-1
2024-10-11T08:31:18.941-04:00,IdeState,Active,Dialog,*,-1,-1
2024-10-11T08:31:19.945-04:00,IdeState,Active,Dialog,*,-1,-1
2024-10-11T08:31:20.945-04:00,IdeState,Active,Dialog,*,-1,-1
2024-10-11T08:31:21.949-04:00,IdeState,Active,Dialog,*,-1,-1
2024-10-11T08:31:22.951-04:00,IdeState,Active,Dialog,*,-1,-1
2024-10-11T08:31:23.952-04:00,IdeState,Active,Dialog,*,-1,-1
2024-10-11T08:31:24.953-04:00,IdeState,Active,Dialog,*,-1,-1
2024-10-11T08:31:25.955-04:00,IdeState,Active,Dialog,*,-1,-1
2024-10-11T08:31:26.957-04:00,IdeState,Active,Dialog,*,-1,-1
2024-10-11T08:31:27.983-04:00,IdeState,Active,Dialog,*,-1,-1
2024-10-11T08:31:28.985-04:00,IdeState,Active,Dialog,*,-1,-1
2024-10-11T08:31:29.987-04:00,IdeState,Active,Dialog,*,-1,-1
2024-10-11T08:31:30.989-04:00,IdeState,Active,Dialog,*,-1,-1
2024-10-11T08:31:31.992-04:00,IdeState,Active,Dialog,*,-1,-1
2024-10-11T08:31:32.995-04:00,IdeState,Active,Dialog,*,-1,-1
2024-10-11T08:31:33.997-04:00,IdeState,Active,Dialog,*,-1,-1
2024-10-11T08:31:35.001-04:00,IdeState,Active,Dialog,*,-1,-1
2024-10-11T08:31:36.002-04:00,IdeState,Active,Dialog,*,-1,-1
2024-10-11T08:31:37.004-04:00,IdeState,Active,Dialog,*,-1,-1
2024-10-11T08:31:38.005-04:00,IdeState,Active,Dialog,*,-1,-1
2024-10-11T08:31:39.007-04:00,IdeState,Active,Dialog,*,-1,-1
2024-10-11T08:31:40.011-04:00,IdeState,Active,Dialog,*,-1,-1
2024-10-11T08:31:41.015-04:00,IdeState,Active,Dialog,*,-1,-1
2024-10-11T08:31:42.019-04:00,IdeState,Active,Dialog,*,-1,-1
2024-10-11T08:31:43.020-04:00,IdeState,Active,Dialog,*,-1,-1
2024-10-11T08:31:44.022-04:00,IdeState,Active,Dialog,*,-1,-1
2024-10-11T08:31:45.023-04:00,IdeState,Active,Dialog,*,-1,-1
2024-10-11T08:31:46.026-04:00,IdeState,Active,Dialog,*,-1,-1
2024-10-11T08:31:47.026-04:00,IdeState,Active,Dialog,*,-1,-1
2024-10-11T08:31:48.030-04:00,IdeState,Active,Dialog,*,-1,-1
2024-10-11T08:31:49.031-04:00,IdeState,Active,Dialog,*,-1,-1
2024-10-11T08:31:50.033-04:00,IdeState,Active,Dialog,*,-1,-1
2024-10-11T08:31:51.034-04:00,IdeState,Active,Dialog,*,-1,-1
2024-10-11T08:31:52.036-04:00,IdeState,Active,Dialog,*,-1,-1
2024-10-11T08:31:53.038-04:00,IdeState,Active,Dialog,*,-1,-1
2024-10-11T08:31:54.045-04:00,IdeState,Active,Dialog,*,-1,-1
2024-10-11T08:31:55.048-04:00,IdeState,Active,Dialog,*,-1,-1
2024-10-11T08:31:56.052-04:00,IdeState,Active,Dialog,*,-1,-1
2024-10-11T08:31:57.053-04:00,IdeState,Active,Dialog,*,-1,-1
2024-10-11T08:31:58.077-04:00,IdeState,Active,Dialog,*,-1,-1
2024-10-11T08:31:59.079-04:00,IdeState,Active,Dialog,*,-1,-1
2024-10-11T08:32:00.081-04:00,IdeState,Active,Dialog,*,-1,-1
2024-10-11T08:32:01.082-04:00,IdeState,Active,Dialog,*,-1,-1
2024-10-11T08:32:02.085-04:00,IdeState,Active,Dialog,*,-1,-1
2024-10-11T08:32:03.087-04:00,IdeState,Active,Dialog,*,-1,-1
2024-10-11T08:32:04.088-04:00,IdeState,Active,Dialog,*,-1,-1
2024-10-11T08:32:05.090-04:00,IdeState,Active,Dialog,*,-1,-1
2024-10-11T08:32:06.097-04:00,IdeState,Active,Dialog,*,-1,-1
2024-10-11T08:32:07.101-04:00,IdeState,Active,Dialog,*,-1,-1
2024-10-11T08:32:08.102-04:00,IdeState,Active,Dialog,*,-1,-1
2024-10-11T08:32:09.103-04:00,IdeState,Active,Dialog,*,-1,-1
2024-10-11T08:32:10.115-04:00,IdeState,Active,Dialog,*,-1,-1
2024-10-11T08:32:11.121-04:00,IdeState,Active,Dialog,*,-1,-1
2024-10-11T08:32:12.123-04:00,IdeState,Active,Dialog,*,-1,-1
2024-10-11T08:32:13.124-04:00,IdeState,Active,Dialog,*,-1,-1
2024-10-11T08:32:14.124-04:00,IdeState,Active,Dialog,*,-1,-1
2024-10-11T08:32:15.128-04:00,IdeState,Active,Dialog,*,-1,-1
2024-10-11T08:32:16.132-04:00,IdeState,Active,Dialog,*,-1,-1
2024-10-11T08:32:17.133-04:00,IdeState,Active,Dialog,*,-1,-1
2024-10-11T08:32:18.134-04:00,IdeState,Active,Dialog,*,-1,-1
2024-10-11T08:32:19.137-04:00,IdeState,Active,Dialog,*,-1,-1
2024-10-11T08:32:20.138-04:00,IdeState,Active,Dialog,*,-1,-1
2024-10-11T08:32:21.140-04:00,IdeState,Active,Dialog,*,-1,-1
2024-10-11T08:32:22.146-04:00,IdeState,Active,Dialog,*,-1,-1
2024-10-11T08:32:23.169-04:00,IdeState,Active,Dialog,*,-1,-1
2024-10-11T08:32:24.171-04:00,IdeState,Active,Dialog,*,-1,-1
2024-10-11T08:32:25.172-04:00,IdeState,Active,Dialog,*,-1,-1
2024-10-11T08:32:26.173-04:00,IdeState,Active,Dialog,*,-1,-1
2024-10-11T08:32:27.175-04:00,IdeState,Active,Dialog,*,-1,-1
2024-10-11T08:32:28.182-04:00,IdeState,Active,Dialog,*,-1,-1
2024-10-11T08:32:29.183-04:00,IdeState,Active,Dialog,*,-1,-1
2024-10-11T08:32:30.184-04:00,IdeState,Active,Dialog,*,-1,-1
2024-10-11T08:32:31.186-04:00,IdeState,Active,Dialog,*,-1,-1
2024-10-11T08:32:32.187-04:00,IdeState,Active,Dialog,*,-1,-1
2024-10-11T08:32:33.189-04:00,IdeState,Active,Dialog,*,-1,-1
2024-10-11T08:32:34.196-04:00,IdeState,Active,Dialog,*,-1,-1
2024-10-11T08:32:35.197-04:00,IdeState,Active,Dialog,*,-1,-1
2024-10-11T08:32:36.199-04:00,IdeState,Active,Dialog,*,-1,-1
2024-10-11T08:32:37.202-04:00,IdeState,Active,Dialog,*,-1,-1
2024-10-11T08:32:38.203-04:00,IdeState,Active,Dialog,*,-1,-1
2024-10-11T08:32:39.205-04:00,IdeState,Active,Dialog,*,-1,-1
2024-10-11T08:32:40.206-04:00,IdeState,Active,Dialog,*,-1,-1
2024-10-11T08:32:41.280-04:00,IdeState,Active,Dialog,*,-1,-1
2024-10-11T08:41:01.010-04:00,IdeState,Inactive,,*,-1,-1
2024-10-11T08:41:02.129-04:00,IdeState,Active,Popup,*,-1,-1
2024-10-11T08:41:03.657-04:00,IdeState,Active,Popup,*,-1,-1
2024-10-11T08:41:05.053-04:00,IdeState,Active,Project,*,-1,-1
2024-10-11T08:41:06.086-04:00,IdeState,Active,Project,*,-1,-1
2024-10-11T08:41:07.087-04:00,IdeState,Active,Project,*,-1,-1
2024-10-11T08:41:08.088-04:00,IdeState,Active,Project,*,-1,-1
2024-10-11T08:41:09.105-04:00,IdeState,Active,Project,*,-1,-1
2024-10-11T08:41:10.112-04:00,IdeState,Active,Project,*,-1,-1
2024-10-11T08:41:11.113-04:00,IdeState,Active,Project,*,-1,-1
2024-10-11T08:41:12.114-04:00,IdeState,Active,Project,*,-1,-1
2024-10-11T08:41:13.115-04:00,IdeState,Active,Project,*,-1,-1
2024-10-11T08:41:14.116-04:00,IdeState,Active,Project,*,-1,-1
2024-10-11T08:41:15.117-04:00,IdeState,Active,Project,*,-1,-1
2024-10-11T08:41:16.118-04:00,IdeState,Active,Project,*,-1,-1
2024-10-11T08:41:17.119-04:00,IdeState,Active,Project,*,-1,-1
2024-10-11T08:41:18.122-04:00,IdeState,Active,Project,*,-1,-1
2024-10-11T08:41:19.125-04:00,IdeState,Active,Project,*,-1,-1
2024-10-11T08:41:20.127-04:00,IdeState,Active,Project,*,-1,-1
2024-10-11T08:41:21.128-04:00,IdeState,Active,Project,*,-1,-1
2024-10-11T08:41:22.130-04:00,IdeState,Active,Project,*,-1,-1
2024-10-11T08:41:23.131-04:00,IdeState,Active,Project,*,-1,-1
2024-10-11T08:41:24.133-04:00,IdeState,Active,Project,*,-1,-1
2024-10-11T08:41:25.133-04:00,IdeState,Active,Project,*,-1,-1
2024-10-11T08:41:26.134-04:00,IdeState,Active,Project,*,-1,-1
2024-10-11T08:41:27.138-04:00,IdeState,Active,Project,*,-1,-1
2024-10-11T08:41:28.140-04:00,IdeState,Active,Project,*,-1,-1
2024-10-11T08:41:29.141-04:00,IdeState,Active,Project,*,-1,-1
2024-10-11T08:41:30.145-04:00,IdeState,Active,Project,*,-1,-1
2024-10-11T08:41:31.146-04:00,IdeState,Active,Project,*,-1,-1
2024-10-11T08:41:32.148-04:00,IdeState,Active,Project,*,-1,-1
2024-10-11T08:41:33.151-04:00,IdeState,Active,Project,*,-1,-1
2024-10-11T08:41:34.153-04:00,IdeState,Active,Project,*,-1,-1
2024-10-11T08:41:35.155-04:00,IdeState,Inactive,,*,-1,-1
2024-10-11T08:41:36.157-04:00,IdeState,Inactive,,*,-1,-1
2024-10-11T08:41:37.159-04:00,IdeState,Inactive,,*,-1,-1
2024-10-11T08:41:38.161-04:00,IdeState,Inactive,,*,-1,-1
2024-10-11T08:41:39.162-04:00,IdeState,Inactive,,*,-1,-1
2024-10-11T08:41:40.167-04:00,IdeState,Inactive,,*,-1,-1
2024-10-11T08:41:41.168-04:00,IdeState,Inactive,,*,-1,-1
2024-10-11T08:41:42.170-04:00,IdeState,Inactive,,*,-1,-1
2024-10-11T08:41:43.171-04:00,IdeState,Inactive,,*,-1,-1
2024-10-11T08:41:44.174-04:00,IdeState,Inactive,,*,-1,-1
2024-10-11T08:41:45.176-04:00,IdeState,Inactive,,*,-1,-1
2024-10-11T08:41:46.179-04:00,IdeState,Inactive,,*,-1,-1
2024-10-11T08:41:47.180-04:00,IdeState,Inactive,,*,-1,-1
2024-10-11T08:41:48.181-04:00,IdeState,Inactive,,*,-1,-1
2024-10-11T08:41:49.182-04:00,IdeState,Inactive,,*,-1,-1
2024-10-11T08:41:50.185-04:00,IdeState,Inactive,,*,-1,-1
2024-10-11T08:41:51.186-04:00,IdeState,Inactive,,*,-1,-1
2024-10-11T08:41:52.188-04:00,IdeState,Inactive,,*,-1,-1
2024-10-11T08:41:53.191-04:00,IdeState,Inactive,,*,-1,-1
2024-10-11T08:41:54.193-04:00,IdeState,Inactive,,*,-1,-1
2024-10-11T08:41:55.194-04:00,IdeState,Inactive,,*,-1,-1
2024-10-11T08:41:56.196-04:00,IdeState,Inactive,,*,-1,-1
2024-10-11T08:41:57.198-04:00,IdeState,Inactive,,*,-1,-1
2024-10-11T08:41:58.200-04:00,IdeState,Inactive,,*,-1,-1
2024-10-11T08:41:59.202-04:00,IdeState,Inactive,,*,-1,-1
2024-10-11T08:42:00.204-04:00,IdeState,Inactive,,*,-1,-1
2024-10-11T08:42:01.206-04:00,IdeState,Inactive,,*,-1,-1
2024-10-11T08:42:02.208-04:00,IdeState,Inactive,,*,-1,-1
2024-10-11T08:42:03.210-04:00,IdeState,Inactive,,*,-1,-1
2024-10-11T08:42:04.213-04:00,IdeState,Inactive,,*,-1,-1
2024-10-11T08:42:05.214-04:00,IdeState,Inactive,,*,-1,-1
2024-10-11T08:42:06.217-04:00,IdeState,Inactive,,*,-1,-1
2024-10-11T08:42:07.218-04:00,IdeState,Inactive,,*,-1,-1
2024-10-11T08:42:08.220-04:00,IdeState,Inactive,,*,-1,-1
2024-10-11T08:42:09.221-04:00,IdeState,Inactive,,*,-1,-1
2024-10-11T08:42:10.223-04:00,IdeState,Inactive,,*,-1,-1
2024-10-11T08:42:11.225-04:00,IdeState,Inactive,,*,-1,-1
2024-10-11T08:42:12.227-04:00,IdeState,Inactive,,*,-1,-1
2024-10-11T08:42:13.228-04:00,IdeState,Inactive,,*,-1,-1
2024-10-11T08:42:14.229-04:00,IdeState,Inactive,,*,-1,-1
2024-10-11T08:42:15.232-04:00,IdeState,Inactive,,*,-1,-1
2024-10-11T08:42:16.237-04:00,IdeState,Inactive,,*,-1,-1
2024-10-11T08:42:17.239-04:00,IdeState,Inactive,,*,-1,-1
2024-10-11T08:42:18.241-04:00,IdeState,Inactive,,*,-1,-1
2024-10-11T08:42:19.243-04:00,IdeState,Inactive,,*,-1,-1
2024-10-11T08:42:20.244-04:00,IdeState,Inactive,,*,-1,-1
2024-10-11T08:42:21.246-04:00,IdeState,Inactive,,*,-1,-1
2024-10-11T08:42:22.256-04:00,IdeState,Inactive,,*,-1,-1
2024-10-11T08:42:23.259-04:00,IdeState,Inactive,,*,-1,-1
2024-10-11T08:42:24.260-04:00,IdeState,Inactive,,*,-1,-1
2024-10-11T08:42:25.263-04:00,IdeState,Inactive,,*,-1,-1
2024-10-11T08:42:26.264-04:00,IdeState,Inactive,,*,-1,-1
2024-10-11T08:42:27.266-04:00,IdeState,Inactive,,*,-1,-1
2024-10-11T08:42:28.268-04:00,IdeState,Inactive,,*,-1,-1
2024-10-11T08:42:29.268-04:00,IdeState,Inactive,,*,-1,-1
2024-10-11T08:42:30.270-04:00,IdeState,Inactive,,*,-1,-1
2024-10-11T08:42:31.272-04:00,IdeState,Inactive,,*,-1,-1
2024-10-11T08:42:32.273-04:00,IdeState,Inactive,,*,-1,-1
2024-10-11T08:42:33.274-04:00,IdeState,Inactive,,*,-1,-1
2024-10-11T08:42:34.275-04:00,IdeState,Inactive,,*,-1,-1
2024-10-11T08:42:35.276-04:00,IdeState,Inactive,,*,-1,-1
2024-10-11T08:42:36.278-04:00,IdeState,Inactive,,*,-1,-1
2024-10-11T08:42:37.280-04:00,IdeState,Inactive,,*,-1,-1
2024-10-11T08:42:38.283-04:00,IdeState,Inactive,,*,-1,-1
2024-10-11T08:42:39.286-04:00,IdeState,Inactive,,*,-1,-1
2024-10-11T08:42:40.287-04:00,IdeState,Inactive,,*,-1,-1
2024-10-11T08:42:41.289-04:00,IdeState,Inactive,,*,-1,-1
2024-10-11T08:42:42.291-04:00,IdeState,Inactive,,*,-1,-1
2024-10-11T08:42:43.294-04:00,IdeState,Inactive,,*,-1,-1
2024-10-11T08:42:44.294-04:00,IdeState,Inactive,,*,-1,-1
2024-10-11T08:42:45.296-04:00,IdeState,Inactive,,*,-1,-1
2024-10-11T08:42:46.298-04:00,IdeState,Inactive,,*,-1,-1
2024-10-11T08:42:47.299-04:00,IdeState,Inactive,,*,-1,-1
2024-10-11T08:42:48.301-04:00,IdeState,Inactive,,*,-1,-1
2024-10-11T08:42:49.304-04:00,IdeState,Inactive,,*,-1,-1
2024-10-11T08:42:50.306-04:00,IdeState,Inactive,,*,-1,-1
2024-10-11T08:42:51.307-04:00,IdeState,Inactive,,*,-1,-1
2024-10-11T08:42:52.309-04:00,IdeState,Inactive,,*,-1,-1
2024-10-11T08:42:53.311-04:00,IdeState,Inactive,,*,-1,-1
2024-10-11T08:42:54.313-04:00,IdeState,Inactive,,*,-1,-1
2024-10-11T08:42:55.316-04:00,IdeState,Inactive,,*,-1,-1
2024-10-11T08:42:56.318-04:00,IdeState,Inactive,,*,-1,-1
2024-10-11T08:42:57.320-04:00,IdeState,Inactive,,*,-1,-1
2024-10-11T08:42:58.322-04:00,IdeState,Inactive,,*,-1,-1
2024-10-11T08:42:59.325-04:00,IdeState,Inactive,,*,-1,-1
2024-10-11T08:43:00.327-04:00,IdeState,Inactive,,*,-1,-1
2024-10-11T08:43:01.328-04:00,IdeState,Inactive,,*,-1,-1
2024-10-11T08:43:02.331-04:00,IdeState,Inactive,,*,-1,-1
2024-10-11T08:43:03.333-04:00,IdeState,Inactive,,*,-1,-1
2024-10-11T08:43:04.334-04:00,IdeState,Inactive,,*,-1,-1
2024-10-11T08:43:05.337-04:00,IdeState,Inactive,,*,-1,-1
2024-10-11T08:43:06.338-04:00,IdeState,Inactive,,*,-1,-1
2024-10-11T08:43:07.340-04:00,IdeState,Inactive,,*,-1,-1
2024-10-11T08:43:08.341-04:00,IdeState,Inactive,,*,-1,-1
2024-10-11T08:43:09.343-04:00,IdeState,Inactive,,*,-1,-1
2024-10-11T08:43:10.344-04:00,IdeState,Inactive,,*,-1,-1
2024-10-11T08:43:11.346-04:00,IdeState,Inactive,,*,-1,-1
2024-10-11T08:43:12.348-04:00,IdeState,Inactive,,*,-1,-1
2024-10-11T08:43:13.348-04:00,IdeState,Inactive,,*,-1,-1
2024-10-11T08:43:14.351-04:00,IdeState,Inactive,,*,-1,-1
2024-10-11T08:43:15.353-04:00,IdeState,Inactive,,*,-1,-1
2024-10-11T08:43:16.353-04:00,IdeState,Inactive,,*,-1,-1
2024-10-11T08:43:17.354-04:00,IdeState,Inactive,,*,-1,-1
2024-10-11T08:43:18.356-04:00,IdeState,Inactive,,*,-1,-1
2024-10-11T08:43:19.357-04:00,IdeState,Inactive,,*,-1,-1
2024-10-11T08:43:20.358-04:00,IdeState,Inactive,,*,-1,-1
2024-10-11T08:43:21.359-04:00,IdeState,Inactive,,*,-1,-1
2024-10-11T08:43:22.361-04:00,IdeState,Inactive,,*,-1,-1
2024-10-11T08:43:23.362-04:00,IdeState,Inactive,,*,-1,-1
2024-10-11T08:43:24.364-04:00,IdeState,Inactive,,*,-1,-1
2024-10-11T08:43:25.368-04:00,IdeState,Inactive,,*,-1,-1
2024-10-11T08:43:26.369-04:00,IdeState,Inactive,,*,-1,-1
2024-10-11T08:43:27.371-04:00,IdeState,Inactive,,*,-1,-1
2024-10-11T08:43:28.372-04:00,IdeState,Inactive,,*,-1,-1
2024-10-11T08:43:29.373-04:00,IdeState,Inactive,,*,-1,-1
2024-10-11T08:43:30.374-04:00,IdeState,Inactive,,*,-1,-1
2024-10-11T08:43:31.377-04:00,IdeState,Inactive,,*,-1,-1
2024-10-11T08:43:32.378-04:00,IdeState,Inactive,,*,-1,-1
2024-10-11T08:43:33.379-04:00,IdeState,Inactive,,*,-1,-1
2024-10-11T08:43:34.380-04:00,IdeState,Inactive,,*,-1,-1
2024-10-11T08:43:35.383-04:00,IdeState,Inactive,,*,-1,-1
2024-10-11T08:43:36.385-04:00,IdeState,Inactive,,*,-1,-1
2024-10-11T08:43:37.387-04:00,IdeState,Inactive,,*,-1,-1
2024-10-11T08:43:38.387-04:00,IdeState,Inactive,,*,-1,-1
2024-10-11T08:43:39.389-04:00,IdeState,Inactive,,*,-1,-1
2024-10-11T08:43:40.391-04:00,IdeState,Inactive,,*,-1,-1
2024-10-11T08:43:41.393-04:00,IdeState,Inactive,,*,-1,-1
2024-10-11T08:43:42.394-04:00,IdeState,Inactive,,*,-1,-1
2024-10-11T08:43:43.397-04:00,IdeState,Inactive,,*,-1,-1
2024-10-11T08:43:44.399-04:00,IdeState,Inactive,,*,-1,-1
2024-10-11T08:43:45.400-04:00,IdeState,Inactive,,*,-1,-1
2024-10-11T08:43:46.402-04:00,IdeState,Inactive,,*,-1,-1
2024-10-11T08:43:47.403-04:00,IdeState,Inactive,,*,-1,-1
2024-10-11T08:43:48.405-04:00,IdeState,Inactive,,*,-1,-1
2024-10-11T08:43:49.406-04:00,IdeState,Inactive,,*,-1,-1
2024-10-11T08:43:50.409-04:00,IdeState,Inactive,,*,-1,-1
2024-10-11T08:43:51.411-04:00,IdeState,Inactive,,*,-1,-1
2024-10-11T08:43:52.414-04:00,IdeState,Inactive,,*,-1,-1
2024-10-11T08:43:53.416-04:00,IdeState,Inactive,,*,-1,-1
2024-10-11T08:43:54.416-04:00,IdeState,Inactive,,*,-1,-1
2024-10-11T08:43:55.417-04:00,IdeState,Inactive,,*,-1,-1
2024-10-11T08:43:56.420-04:00,IdeState,Inactive,,*,-1,-1
2024-10-11T08:43:57.422-04:00,IdeState,Inactive,,*,-1,-1
2024-10-11T08:43:58.425-04:00,IdeState,Inactive,,*,-1,-1
2024-10-11T08:43:59.426-04:00,IdeState,Inactive,,*,-1,-1
2024-10-11T08:44:00.428-04:00,IdeState,Inactive,,*,-1,-1
2024-10-11T08:44:01.429-04:00,IdeState,Inactive,,*,-1,-1
2024-10-11T08:44:02.430-04:00,IdeState,Inactive,,*,-1,-1
2024-10-11T08:44:03.432-04:00,IdeState,Inactive,,*,-1,-1
2024-10-11T08:44:04.434-04:00,IdeState,Inactive,,*,-1,-1
2024-10-11T08:44:05.435-04:00,IdeState,Inactive,,*,-1,-1
2024-10-11T08:44:06.437-04:00,IdeState,Inactive,,*,-1,-1
2024-10-11T08:44:07.438-04:00,IdeState,Inactive,,*,-1,-1
2024-10-11T08:44:08.438-04:00,IdeState,Inactive,,*,-1,-1
2024-10-11T08:44:09.441-04:00,IdeState,Inactive,,*,-1,-1
2024-10-11T08:44:10.442-04:00,IdeState,Inactive,,*,-1,-1
2024-10-11T08:44:11.443-04:00,IdeState,Inactive,,*,-1,-1
2024-10-11T08:44:12.444-04:00,IdeState,Inactive,,*,-1,-1
2024-10-11T08:44:13.446-04:00,IdeState,Inactive,,*,-1,-1
2024-10-11T08:44:14.448-04:00,IdeState,Inactive,,*,-1,-1
2024-10-11T08:44:15.451-04:00,IdeState,Inactive,,*,-1,-1
2024-10-11T08:44:16.453-04:00,IdeState,Inactive,,*,-1,-1
2024-10-11T08:44:17.456-04:00,IdeState,Inactive,,*,-1,-1
2024-10-11T08:44:18.458-04:00,IdeState,Inactive,,*,-1,-1
2024-10-11T08:44:19.459-04:00,IdeState,Inactive,,*,-1,-1
2024-10-11T08:44:20.460-04:00,IdeState,Inactive,,*,-1,-1
2024-10-11T08:44:21.463-04:00,IdeState,Inactive,,*,-1,-1
2024-10-11T08:44:22.463-04:00,IdeState,Inactive,,*,-1,-1
2024-10-11T08:44:23.466-04:00,IdeState,Inactive,,*,-1,-1
2024-10-11T08:44:24.467-04:00,IdeState,Inactive,,*,-1,-1
2024-10-11T08:44:25.470-04:00,IdeState,Inactive,,*,-1,-1
2024-10-11T08:44:26.473-04:00,IdeState,Inactive,,*,-1,-1
2024-10-11T08:44:27.474-04:00,IdeState,Inactive,,*,-1,-1
2024-10-11T08:44:28.476-04:00,IdeState,Inactive,,*,-1,-1
2024-10-11T08:44:29.478-04:00,IdeState,Inactive,,*,-1,-1
2024-10-11T08:44:30.480-04:00,IdeState,Inactive,,*,-1,-1
2024-10-11T08:44:31.482-04:00,IdeState,Inactive,,*,-1,-1
2024-10-11T08:44:32.484-04:00,IdeState,Inactive,,*,-1,-1
2024-10-11T08:44:33.487-04:00,IdeState,Inactive,,*,-1,-1
2024-10-11T08:44:34.491-04:00,IdeState,Inactive,,*,-1,-1
2024-10-11T08:44:35.492-04:00,IdeState,Inactive,,*,-1,-1
2024-10-11T08:44:36.496-04:00,IdeState,Inactive,,*,-1,-1
2024-10-11T08:44:37.498-04:00,IdeState,Inactive,,*,-1,-1
2024-10-11T08:44:38.500-04:00,IdeState,Inactive,,*,-1,-1
2024-10-11T08:44:39.502-04:00,IdeState,Inactive,,*,-1,-1
2024-10-11T08:44:40.503-04:00,IdeState,Inactive,,*,-1,-1
2024-10-11T08:44:41.504-04:00,IdeState,Inactive,,*,-1,-1
2024-10-11T08:44:42.506-04:00,IdeState,Inactive,,*,-1,-1
2024-10-11T08:44:43.507-04:00,IdeState,Inactive,,*,-1,-1
2024-10-11T08:44:44.508-04:00,IdeState,Inactive,,*,-1,-1
2024-10-11T08:44:45.510-04:00,IdeState,Inactive,,*,-1,-1
2024-10-11T08:44:46.513-04:00,IdeState,Inactive,,*,-1,-1
2024-10-11T08:44:47.514-04:00,IdeState,Inactive,,*,-1,-1
2024-10-11T08:44:48.516-04:00,IdeState,Inactive,,*,-1,-1
2024-10-11T08:44:49.519-04:00,IdeState,Inactive,,*,-1,-1
2024-10-11T08:44:50.521-04:00,IdeState,Inactive,,*,-1,-1
2024-10-11T08:44:51.523-04:00,IdeState,Inactive,,*,-1,-1
2024-10-11T08:44:52.524-04:00,IdeState,Inactive,,*,-1,-1
2024-10-11T08:44:53.526-04:00,IdeState,Inactive,,*,-1,-1
2024-10-11T08:44:54.529-04:00,IdeState,Inactive,,*,-1,-1
2024-10-11T08:44:55.531-04:00,IdeState,Inactive,,*,-1,-1
2024-10-11T08:44:56.534-04:00,IdeState,Inactive,,*,-1,-1
2024-10-11T08:44:57.536-04:00,IdeState,Inactive,,*,-1,-1
2024-10-11T08:44:58.539-04:00,IdeState,Inactive,,*,-1,-1
2024-10-11T08:44:59.540-04:00,IdeState,Inactive,,*,-1,-1
2024-10-11T08:45:00.542-04:00,IdeState,Inactive,,*,-1,-1
2024-10-11T08:45:01.544-04:00,IdeState,Inactive,,*,-1,-1
2024-10-11T08:45:02.544-04:00,IdeState,Inactive,,*,-1,-1
2024-10-11T08:45:03.547-04:00,IdeState,Inactive,,*,-1,-1
2024-10-11T08:45:04.548-04:00,IdeState,Inactive,,*,-1,-1
2024-10-11T08:45:05.550-04:00,IdeState,Inactive,,*,-1,-1
2024-10-11T08:45:06.552-04:00,IdeState,Inactive,,*,-1,-1
2024-10-11T08:45:07.554-04:00,IdeState,Inactive,,*,-1,-1
2024-10-11T08:45:08.557-04:00,IdeState,Inactive,,*,-1,-1
2024-10-11T08:45:09.558-04:00,IdeState,Inactive,,*,-1,-1
2024-10-11T08:45:10.561-04:00,IdeState,Inactive,,*,-1,-1
2024-10-11T08:45:11.564-04:00,IdeState,Inactive,,*,-1,-1
2024-10-11T08:45:12.565-04:00,IdeState,Inactive,,*,-1,-1
2024-10-11T08:45:13.567-04:00,IdeState,Inactive,,*,-1,-1
2024-10-11T08:45:14.568-04:00,IdeState,Inactive,,*,-1,-1
2024-10-11T08:45:15.569-04:00,IdeState,Inactive,,*,-1,-1
2024-10-11T08:45:16.572-04:00,IdeState,Inactive,,*,-1,-1
2024-10-11T08:45:17.574-04:00,IdeState,Inactive,,*,-1,-1
2024-10-11T08:45:18.576-04:00,IdeState,Inactive,,*,-1,-1
2024-10-11T08:45:19.578-04:00,IdeState,Inactive,,*,-1,-1
2024-10-11T08:45:20.580-04:00,IdeState,Inactive,,*,-1,-1
2024-10-11T08:45:21.581-04:00,IdeState,Inactive,,*,-1,-1
2024-10-11T08:45:22.582-04:00,IdeState,Inactive,,*,-1,-1
2024-10-11T08:45:23.584-04:00,IdeState,Inactive,,*,-1,-1
2024-10-11T08:45:24.586-04:00,IdeState,Inactive,,*,-1,-1
2024-10-11T08:45:25.589-04:00,IdeState,Inactive,,*,-1,-1
2024-10-11T08:45:26.591-04:00,IdeState,Inactive,,*,-1,-1
2024-10-11T08:45:27.592-04:00,IdeState,Inactive,,*,-1,-1
2024-10-11T08:45:28.594-04:00,IdeState,Inactive,,*,-1,-1
2024-10-11T08:45:29.595-04:00,IdeState,Inactive,,*,-1,-1
2024-10-11T08:45:30.597-04:00,IdeState,Inactive,,*,-1,-1
2024-10-11T08:45:31.599-04:00,IdeState,Inactive,,*,-1,-1
2024-10-11T08:45:32.601-04:00,IdeState,Inactive,,*,-1,-1
2024-10-11T08:45:33.604-04:00,IdeState,Inactive,,*,-1,-1
2024-10-11T08:45:34.606-04:00,IdeState,Inactive,,*,-1,-1
2024-10-11T08:45:35.608-04:00,IdeState,Inactive,,*,-1,-1
2024-10-11T08:45:36.610-04:00,IdeState,Inactive,,*,-1,-1
2024-10-11T08:45:37.612-04:00,IdeState,Inactive,,*,-1,-1
2024-10-11T08:45:38.613-04:00,IdeState,Inactive,,*,-1,-1
2024-10-11T08:45:39.614-04:00,IdeState,Inactive,,*,-1,-1
2024-10-11T08:45:40.616-04:00,IdeState,Inactive,,*,-1,-1
2024-10-11T08:45:41.618-04:00,IdeState,Inactive,,*,-1,-1
2024-10-11T08:45:42.619-04:00,IdeState,Inactive,,*,-1,-1
2024-10-11T08:45:43.621-04:00,IdeState,Inactive,,*,-1,-1
2024-10-11T08:45:44.622-04:00,IdeState,Inactive,,*,-1,-1
2024-10-11T08:45:45.624-04:00,IdeState,Inactive,,*,-1,-1
2024-10-11T08:45:46.625-04:00,IdeState,Inactive,,*,-1,-1
2024-10-11T08:45:47.626-04:00,IdeState,Inactive,,*,-1,-1
2024-10-11T08:45:48.628-04:00,IdeState,Inactive,,*,-1,-1
2024-10-11T08:45:49.630-04:00,IdeState,Inactive,,*,-1,-1
2024-10-11T08:45:50.631-04:00,IdeState,Inactive,,*,-1,-1
2024-10-11T08:45:51.633-04:00,IdeState,Inactive,,*,-1,-1
2024-10-11T08:45:52.635-04:00,IdeState,Inactive,,*,-1,-1
2024-10-11T08:45:53.636-04:00,IdeState,Inactive,,*,-1,-1
2024-10-11T08:45:54.638-04:00,IdeState,Inactive,,*,-1,-1
2024-10-11T08:45:55.640-04:00,IdeState,Inactive,,*,-1,-1
2024-10-11T08:45:56.642-04:00,IdeState,Inactive,,*,-1,-1
2024-10-11T08:45:57.645-04:00,IdeState,Inactive,,*,-1,-1
2024-10-11T08:45:58.646-04:00,IdeState,Inactive,,*,-1,-1
2024-10-11T08:45:59.647-04:00,IdeState,Inactive,,*,-1,-1
2024-10-11T08:46:00.648-04:00,IdeState,Inactive,,*,-1,-1
2024-10-11T08:46:01.650-04:00,IdeState,Inactive,,*,-1,-1
2024-10-11T08:46:02.651-04:00,IdeState,Inactive,,*,-1,-1
2024-10-11T08:46:03.653-04:00,IdeState,Inactive,,*,-1,-1
2024-10-11T08:46:04.656-04:00,IdeState,Inactive,,*,-1,-1
2024-10-11T08:46:05.659-04:00,IdeState,Inactive,,*,-1,-1
2024-10-11T08:46:06.660-04:00,IdeState,Inactive,,*,-1,-1
2024-10-11T08:46:07.660-04:00,IdeState,Inactive,,*,-1,-1
2024-10-11T08:46:08.663-04:00,IdeState,Inactive,,*,-1,-1
2024-10-11T08:46:09.665-04:00,IdeState,Inactive,,*,-1,-1
2024-10-11T08:46:10.667-04:00,IdeState,Inactive,,*,-1,-1
2024-10-11T08:46:11.669-04:00,IdeState,Inactive,,*,-1,-1
2024-10-11T08:46:12.672-04:00,IdeState,Inactive,,*,-1,-1
2024-10-11T08:46:13.675-04:00,IdeState,Inactive,,*,-1,-1
2024-10-11T08:46:14.678-04:00,IdeState,Inactive,,*,-1,-1
2024-10-11T08:46:15.680-04:00,IdeState,Inactive,,*,-1,-1
2024-10-11T08:46:16.681-04:00,IdeState,Inactive,,*,-1,-1
2024-10-11T08:46:17.683-04:00,IdeState,Inactive,,*,-1,-1
2024-10-11T08:46:18.684-04:00,IdeState,Inactive,,*,-1,-1
2024-10-11T08:46:19.685-04:00,IdeState,Inactive,,*,-1,-1
2024-10-11T08:46:20.687-04:00,IdeState,Inactive,,*,-1,-1
2024-10-11T08:46:21.688-04:00,IdeState,Inactive,,*,-1,-1
2024-10-11T08:46:22.690-04:00,IdeState,Inactive,,*,-1,-1
2024-10-11T08:46:23.692-04:00,IdeState,Inactive,,*,-1,-1
2024-10-11T08:46:24.693-04:00,IdeState,Inactive,,*,-1,-1
2024-10-11T08:46:25.695-04:00,IdeState,Inactive,,*,-1,-1
2024-10-11T08:46:26.696-04:00,IdeState,Inactive,,*,-1,-1
2024-10-11T08:46:27.698-04:00,IdeState,Inactive,,*,-1,-1
2024-10-11T08:46:28.699-04:00,IdeState,Inactive,,*,-1,-1
2024-10-11T08:46:29.701-04:00,IdeState,Inactive,,*,-1,-1
2024-10-11T08:46:30.703-04:00,IdeState,Inactive,,*,-1,-1
2024-10-11T08:46:31.705-04:00,IdeState,Inactive,,*,-1,-1
2024-10-11T08:46:32.706-04:00,IdeState,Inactive,,*,-1,-1
2024-10-11T08:46:33.707-04:00,IdeState,Inactive,,*,-1,-1
2024-10-11T08:46:34.708-04:00,IdeState,Inactive,,*,-1,-1
2024-10-11T08:46:35.711-04:00,IdeState,Inactive,,*,-1,-1
2024-10-11T08:46:36.712-04:00,IdeState,Inactive,,*,-1,-1
2024-10-11T08:46:37.714-04:00,IdeState,Inactive,,*,-1,-1
2024-10-11T08:46:38.717-04:00,IdeState,Inactive,,*,-1,-1
2024-10-11T08:46:39.719-04:00,IdeState,Inactive,,*,-1,-1
2024-10-11T08:46:40.721-04:00,IdeState,Inactive,,*,-1,-1
2024-10-11T08:46:41.722-04:00,IdeState,Inactive,,*,-1,-1
2024-10-11T08:46:42.723-04:00,IdeState,Inactive,,*,-1,-1
2024-10-11T08:46:43.725-04:00,IdeState,Inactive,,*,-1,-1
2024-10-11T08:46:44.726-04:00,IdeState,Inactive,,*,-1,-1
2024-10-11T08:46:45.727-04:00,IdeState,Inactive,,*,-1,-1
2024-10-11T08:46:46.729-04:00,IdeState,Inactive,,*,-1,-1
2024-10-11T08:46:47.730-04:00,IdeState,Inactive,,*,-1,-1
2024-10-11T08:46:48.732-04:00,IdeState,Inactive,,*,-1,-1
2024-10-11T08:46:49.735-04:00,IdeState,Inactive,,*,-1,-1
2024-10-11T08:46:50.737-04:00,IdeState,Inactive,,*,-1,-1
2024-10-11T08:46:51.739-04:00,IdeState,Inactive,,*,-1,-1
2024-10-11T08:46:52.741-04:00,IdeState,Inactive,,*,-1,-1
2024-10-11T08:46:53.742-04:00,IdeState,Inactive,,*,-1,-1
2024-10-11T08:46:54.743-04:00,IdeState,Inactive,,*,-1,-1
2024-10-11T08:46:55.745-04:00,IdeState,Inactive,,*,-1,-1
2024-10-11T08:46:56.746-04:00,IdeState,Inactive,,*,-1,-1
2024-10-11T08:46:57.747-04:00,IdeState,Inactive,,*,-1,-1
2024-10-11T08:46:58.751-04:00,IdeState,Inactive,,*,-1,-1
2024-10-11T08:46:59.753-04:00,IdeState,Inactive,,*,-1,-1
2024-10-11T08:47:00.754-04:00,IdeState,Inactive,,*,-1,-1
2024-10-11T08:47:01.757-04:00,IdeState,Inactive,,*,-1,-1
2024-10-11T08:47:02.758-04:00,IdeState,Inactive,,*,-1,-1
2024-10-11T08:47:03.761-04:00,IdeState,Inactive,,*,-1,-1
2024-10-11T08:47:04.763-04:00,IdeState,Inactive,,*,-1,-1
2024-10-11T08:47:05.764-04:00,IdeState,Inactive,,*,-1,-1
2024-10-11T08:47:06.765-04:00,IdeState,Inactive,,*,-1,-1
2024-10-11T08:47:07.766-04:00,IdeState,Inactive,,*,-1,-1
2024-10-11T08:47:08.768-04:00,IdeState,Inactive,,*,-1,-1
2024-10-11T08:47:09.769-04:00,IdeState,Inactive,,*,-1,-1
2024-10-11T08:47:10.771-04:00,IdeState,Inactive,,*,-1,-1
2024-10-11T08:47:11.772-04:00,IdeState,Inactive,,*,-1,-1
2024-10-11T08:47:12.774-04:00,IdeState,Inactive,,*,-1,-1
2024-10-11T08:47:13.776-04:00,IdeState,Inactive,,*,-1,-1
2024-10-11T08:47:14.778-04:00,IdeState,Inactive,,*,-1,-1
2024-10-11T08:47:15.778-04:00,IdeState,Inactive,,*,-1,-1
2024-10-11T08:47:16.780-04:00,IdeState,Inactive,,*,-1,-1
2024-10-11T08:47:17.782-04:00,IdeState,Inactive,,*,-1,-1
2024-10-11T08:47:18.784-04:00,IdeState,Inactive,,*,-1,-1
2024-10-11T08:47:19.785-04:00,IdeState,Inactive,,*,-1,-1
2024-10-11T08:47:20.788-04:00,IdeState,Inactive,,*,-1,-1
2024-10-11T08:47:21.790-04:00,IdeState,Inactive,,*,-1,-1
2024-10-11T08:47:22.791-04:00,IdeState,Inactive,,*,-1,-1
2024-10-11T08:47:23.792-04:00,IdeState,Inactive,,*,-1,-1
2024-10-11T08:47:24.794-04:00,IdeState,Inactive,,*,-1,-1
2024-10-11T08:47:25.798-04:00,IdeState,Inactive,,*,-1,-1
2024-10-11T08:47:26.799-04:00,IdeState,Inactive,,*,-1,-1
2024-10-11T08:47:27.801-04:00,IdeState,Inactive,,*,-1,-1
2024-10-11T08:47:28.802-04:00,IdeState,Inactive,,*,-1,-1
2024-10-11T08:47:29.803-04:00,IdeState,Inactive,,*,-1,-1
2024-10-11T08:47:30.804-04:00,IdeState,Inactive,,*,-1,-1
2024-10-11T08:47:31.807-04:00,IdeState,Inactive,,*,-1,-1
2024-10-11T08:47:32.809-04:00,IdeState,Inactive,,*,-1,-1
2024-10-11T08:47:33.811-04:00,IdeState,Inactive,,*,-1,-1
2024-10-11T08:47:34.813-04:00,IdeState,Inactive,,*,-1,-1
2024-10-11T08:47:35.815-04:00,IdeState,Inactive,,*,-1,-1
2024-10-11T08:47:36.817-04:00,IdeState,Inactive,,*,-1,-1
2024-10-11T08:47:37.818-04:00,IdeState,Inactive,,*,-1,-1
2024-10-11T08:47:38.820-04:00,IdeState,Inactive,,*,-1,-1
2024-10-11T08:47:39.821-04:00,IdeState,Inactive,,*,-1,-1
2024-10-11T08:47:40.823-04:00,IdeState,Inactive,,*,-1,-1
2024-10-11T08:47:41.825-04:00,IdeState,Inactive,,*,-1,-1
2024-10-11T08:47:42.827-04:00,IdeState,Inactive,,*,-1,-1
2024-10-11T08:47:43.828-04:00,IdeState,Inactive,,*,-1,-1
2024-10-11T08:47:44.831-04:00,IdeState,Inactive,,*,-1,-1
2024-10-11T08:47:45.832-04:00,IdeState,Inactive,,*,-1,-1
2024-10-11T08:47:46.835-04:00,IdeState,Inactive,,*,-1,-1
2024-10-11T08:47:47.836-04:00,IdeState,Inactive,,*,-1,-1
2024-10-11T08:47:48.837-04:00,IdeState,Inactive,,*,-1,-1
2024-10-11T08:47:49.839-04:00,IdeState,Inactive,,*,-1,-1
2024-10-11T08:47:50.840-04:00,IdeState,Inactive,,*,-1,-1
2024-10-11T08:47:51.841-04:00,IdeState,Inactive,,*,-1,-1
2024-10-11T08:47:52.843-04:00,IdeState,Inactive,,*,-1,-1
2024-10-11T08:47:53.845-04:00,IdeState,Inactive,,*,-1,-1
2024-10-11T08:47:54.847-04:00,IdeState,Inactive,,*,-1,-1
2024-10-11T08:47:55.849-04:00,IdeState,Inactive,,*,-1,-1
2024-10-11T08:47:56.850-04:00,IdeState,Inactive,,*,-1,-1
2024-10-11T08:47:57.853-04:00,IdeState,Inactive,,*,-1,-1
2024-10-11T08:47:58.854-04:00,IdeState,Inactive,,*,-1,-1
2024-10-11T08:47:59.856-04:00,IdeState,Inactive,,*,-1,-1
2024-10-11T08:48:00.860-04:00,IdeState,Inactive,,*,-1,-1
2024-10-11T08:48:01.862-04:00,IdeState,Inactive,,*,-1,-1
2024-10-11T08:48:02.863-04:00,IdeState,Inactive,,*,-1,-1
2024-10-11T08:48:03.864-04:00,IdeState,Inactive,,*,-1,-1
2024-10-11T08:48:04.866-04:00,IdeState,Inactive,,*,-1,-1
2024-10-11T08:48:05.868-04:00,IdeState,Inactive,,*,-1,-1
2024-10-11T08:48:06.870-04:00,IdeState,Inactive,,*,-1,-1
2024-10-11T08:48:07.872-04:00,IdeState,Inactive,,*,-1,-1
2024-10-11T08:48:08.874-04:00,IdeState,Inactive,,*,-1,-1
2024-10-11T08:48:09.876-04:00,IdeState,Inactive,,*,-1,-1
2024-10-11T08:48:10.878-04:00,IdeState,Inactive,,*,-1,-1
2024-10-11T08:48:11.879-04:00,IdeState,Inactive,,*,-1,-1
2024-10-11T08:48:12.881-04:00,IdeState,Inactive,,*,-1,-1
2024-10-11T08:48:13.882-04:00,IdeState,Inactive,,*,-1,-1
2024-10-11T08:48:14.884-04:00,IdeState,Inactive,,*,-1,-1
2024-10-11T08:48:15.886-04:00,IdeState,Inactive,,*,-1,-1
2024-10-11T08:48:16.887-04:00,IdeState,Inactive,,*,-1,-1
2024-10-11T08:48:17.888-04:00,IdeState,Inactive,,*,-1,-1
2024-10-11T08:48:18.890-04:00,IdeState,Inactive,,*,-1,-1
2024-10-11T08:48:19.892-04:00,IdeState,Inactive,,*,-1,-1
2024-10-11T08:48:20.894-04:00,IdeState,Inactive,,*,-1,-1
2024-10-11T08:48:21.896-04:00,IdeState,Inactive,,*,-1,-1
2024-10-11T08:48:22.898-04:00,IdeState,Inactive,,*,-1,-1
2024-10-11T08:48:23.900-04:00,IdeState,Inactive,,*,-1,-1
2024-10-11T08:48:24.902-04:00,IdeState,Inactive,,*,-1,-1
2024-10-11T08:48:25.904-04:00,IdeState,Inactive,,*,-1,-1
2024-10-11T08:48:26.905-04:00,IdeState,Inactive,,*,-1,-1
2024-10-11T08:48:27.906-04:00,IdeState,Inactive,,*,-1,-1
2024-10-11T08:48:28.908-04:00,IdeState,Inactive,,*,-1,-1
2024-10-11T08:48:29.909-04:00,IdeState,Inactive,,*,-1,-1
2024-10-11T08:48:30.910-04:00,IdeState,Inactive,,*,-1,-1
2024-10-11T08:48:31.912-04:00,IdeState,Inactive,,*,-1,-1
2024-10-11T08:48:32.914-04:00,IdeState,Inactive,,*,-1,-1
2024-10-11T08:48:33.917-04:00,IdeState,Inactive,,*,-1,-1
2024-10-11T08:48:34.918-04:00,IdeState,Inactive,,*,-1,-1
2024-10-11T08:48:35.919-04:00,IdeState,Inactive,,*,-1,-1
2024-10-11T08:48:36.922-04:00,IdeState,Inactive,,*,-1,-1
2024-10-11T08:48:37.924-04:00,IdeState,Inactive,,*,-1,-1
2024-10-11T08:48:38.925-04:00,IdeState,Inactive,,*,-1,-1
2024-10-11T08:48:39.926-04:00,IdeState,Inactive,,*,-1,-1
2024-10-11T08:48:40.928-04:00,IdeState,Inactive,,*,-1,-1
2024-10-11T08:48:41.929-04:00,IdeState,Inactive,,*,-1,-1
2024-10-11T08:48:42.932-04:00,IdeState,Inactive,,*,-1,-1
2024-10-11T08:48:43.933-04:00,IdeState,Inactive,,*,-1,-1
2024-10-11T08:48:44.934-04:00,IdeState,Inactive,,*,-1,-1
2024-10-11T08:48:45.936-04:00,IdeState,Inactive,,*,-1,-1
2024-10-11T08:48:46.936-04:00,IdeState,Inactive,,*,-1,-1
2024-10-11T08:48:47.937-04:00,IdeState,Inactive,,*,-1,-1
2024-10-11T08:48:48.938-04:00,IdeState,Inactive,,*,-1,-1
2024-10-11T08:48:49.939-04:00,IdeState,Inactive,,*,-1,-1
2024-10-11T08:48:50.942-04:00,IdeState,Inactive,,*,-1,-1
2024-10-11T08:48:51.945-04:00,IdeState,Inactive,,*,-1,-1
2024-10-11T08:48:52.947-04:00,IdeState,Inactive,,*,-1,-1
2024-10-11T08:48:53.950-04:00,IdeState,Inactive,,*,-1,-1
2024-10-11T08:48:54.951-04:00,IdeState,Inactive,,*,-1,-1
2024-10-11T08:48:55.952-04:00,IdeState,Inactive,,*,-1,-1
2024-10-11T08:48:56.953-04:00,IdeState,Inactive,,*,-1,-1
2024-10-11T08:48:57.954-04:00,IdeState,Inactive,,*,-1,-1
2024-10-11T08:48:58.956-04:00,IdeState,Inactive,,*,-1,-1
2024-10-11T08:48:59.958-04:00,IdeState,Inactive,,*,-1,-1
2024-10-11T08:49:00.960-04:00,IdeState,Inactive,,*,-1,-1
2024-10-11T08:49:01.961-04:00,IdeState,Inactive,,*,-1,-1
2024-10-11T08:49:02.963-04:00,IdeState,Inactive,,*,-1,-1
2024-10-11T08:49:03.964-04:00,IdeState,Inactive,,*,-1,-1
2024-10-11T08:49:04.967-04:00,IdeState,Inactive,,*,-1,-1
2024-10-11T08:49:05.968-04:00,IdeState,Inactive,,*,-1,-1
2024-10-11T08:49:06.968-04:00,IdeState,Inactive,,*,-1,-1
2024-10-11T08:49:07.970-04:00,IdeState,Inactive,,*,-1,-1
2024-10-11T08:49:08.972-04:00,IdeState,Inactive,,*,-1,-1
2024-10-11T08:49:09.974-04:00,IdeState,Inactive,,*,-1,-1
2024-10-11T08:49:10.977-04:00,IdeState,Inactive,,*,-1,-1
2024-10-11T08:49:11.978-04:00,IdeState,Inactive,,*,-1,-1
2024-10-11T08:49:12.980-04:00,IdeState,Inactive,,*,-1,-1
2024-10-11T08:49:13.982-04:00,IdeState,Inactive,,*,-1,-1
2024-10-11T08:49:14.984-04:00,IdeState,Inactive,,*,-1,-1
2024-10-11T08:49:15.985-04:00,IdeState,Inactive,,*,-1,-1
2024-10-11T08:49:16.987-04:00,IdeState,Inactive,,*,-1,-1
2024-10-11T08:49:17.988-04:00,IdeState,Inactive,,*,-1,-1
2024-10-11T08:49:18.991-04:00,IdeState,Inactive,,*,-1,-1
2024-10-11T08:49:19.993-04:00,IdeState,Inactive,,*,-1,-1
2024-10-11T08:49:20.994-04:00,IdeState,Inactive,,*,-1,-1
2024-10-11T08:49:21.995-04:00,IdeState,Inactive,,*,-1,-1
2024-10-11T08:49:22.997-04:00,IdeState,Inactive,,*,-1,-1
2024-10-11T08:49:23.998-04:00,IdeState,Inactive,,*,-1,-1
2024-10-11T08:49:25.001-04:00,IdeState,Inactive,,*,-1,-1
2024-10-11T08:49:26.002-04:00,IdeState,Inactive,,*,-1,-1
2024-10-11T08:49:27.005-04:00,IdeState,Inactive,,*,-1,-1
2024-10-11T08:49:28.006-04:00,IdeState,Inactive,,*,-1,-1
2024-10-11T08:49:29.007-04:00,IdeState,Inactive,,*,-1,-1
2024-10-11T08:49:30.008-04:00,IdeState,Inactive,,*,-1,-1
2024-10-11T08:49:31.009-04:00,IdeState,Inactive,,*,-1,-1
2024-10-11T08:49:32.011-04:00,IdeState,Inactive,,*,-1,-1
2024-10-11T08:49:33.012-04:00,IdeState,Inactive,,*,-1,-1
2024-10-11T08:49:34.013-04:00,IdeState,Inactive,,*,-1,-1
2024-10-11T08:49:35.016-04:00,IdeState,Inactive,,*,-1,-1
2024-10-11T08:49:36.019-04:00,IdeState,Inactive,,*,-1,-1
2024-10-11T08:49:37.020-04:00,IdeState,Inactive,,*,-1,-1
2024-10-11T08:49:38.022-04:00,IdeState,Inactive,,*,-1,-1
2024-10-11T08:49:39.024-04:00,IdeState,Inactive,,*,-1,-1
2024-10-11T08:49:40.026-04:00,IdeState,Inactive,,*,-1,-1
2024-10-11T08:49:41.027-04:00,IdeState,Inactive,,*,-1,-1
2024-10-11T08:49:42.029-04:00,IdeState,Inactive,,*,-1,-1
2024-10-11T08:49:43.030-04:00,IdeState,Inactive,,*,-1,-1
2024-10-11T08:49:44.031-04:00,IdeState,Inactive,,*,-1,-1
2024-10-11T08:49:45.032-04:00,IdeState,Inactive,,*,-1,-1
2024-10-11T08:49:46.033-04:00,IdeState,Inactive,,*,-1,-1
2024-10-11T08:49:47.035-04:00,IdeState,Inactive,,*,-1,-1
2024-10-11T08:49:48.035-04:00,IdeState,Inactive,,*,-1,-1
2024-10-11T08:49:49.036-04:00,IdeState,Inactive,,*,-1,-1
2024-10-11T08:49:50.039-04:00,IdeState,Inactive,,*,-1,-1
2024-10-11T08:49:51.041-04:00,IdeState,Inactive,,*,-1,-1
2024-10-11T08:49:52.042-04:00,IdeState,Inactive,,*,-1,-1
2024-10-11T08:49:53.045-04:00,IdeState,Inactive,,*,-1,-1
2024-10-11T08:49:54.046-04:00,IdeState,Inactive,,*,-1,-1
2024-10-11T08:49:55.047-04:00,IdeState,Inactive,,*,-1,-1
2024-10-11T08:49:56.049-04:00,IdeState,Inactive,,*,-1,-1
2024-10-11T08:49:57.051-04:00,IdeState,Inactive,,*,-1,-1
2024-10-11T08:49:58.053-04:00,IdeState,Inactive,,*,-1,-1
2024-10-11T08:49:59.054-04:00,IdeState,Inactive,,*,-1,-1
2024-10-11T08:50:00.056-04:00,IdeState,Inactive,,*,-1,-1
2024-10-11T08:50:01.058-04:00,IdeState,Inactive,,*,-1,-1
2024-10-11T08:50:02.060-04:00,IdeState,Inactive,,*,-1,-1
2024-10-11T08:50:03.062-04:00,IdeState,Inactive,,*,-1,-1
2024-10-11T08:50:04.064-04:00,IdeState,Inactive,,*,-1,-1
2024-10-11T08:50:05.065-04:00,IdeState,Inactive,,*,-1,-1
2024-10-11T08:50:06.066-04:00,IdeState,Inactive,,*,-1,-1
2024-10-11T08:50:07.068-04:00,IdeState,Inactive,,*,-1,-1
2024-10-11T08:50:08.069-04:00,IdeState,Inactive,,*,-1,-1
2024-10-11T08:50:09.070-04:00,IdeState,Inactive,,*,-1,-1
2024-10-11T08:50:10.072-04:00,IdeState,Inactive,,*,-1,-1
2024-10-11T08:50:11.073-04:00,IdeState,Inactive,,*,-1,-1
2024-10-11T08:50:12.076-04:00,IdeState,Inactive,,*,-1,-1
2024-10-11T08:50:13.077-04:00,IdeState,Inactive,,*,-1,-1
2024-10-11T08:50:14.078-04:00,IdeState,Inactive,,*,-1,-1
2024-10-11T08:50:15.079-04:00,IdeState,Inactive,,*,-1,-1
2024-10-11T08:50:16.082-04:00,IdeState,Inactive,,*,-1,-1
2024-10-11T08:50:17.084-04:00,IdeState,Inactive,,*,-1,-1
2024-10-11T08:50:18.086-04:00,IdeState,Inactive,,*,-1,-1
2024-10-11T08:50:19.087-04:00,IdeState,Inactive,,*,-1,-1
2024-10-11T08:50:20.090-04:00,IdeState,Inactive,,*,-1,-1
2024-10-11T08:50:21.091-04:00,IdeState,Inactive,,*,-1,-1
2024-10-11T08:50:22.092-04:00,IdeState,Inactive,,*,-1,-1
2024-10-11T08:50:23.093-04:00,IdeState,Inactive,,*,-1,-1
2024-10-11T08:50:24.096-04:00,IdeState,Inactive,,*,-1,-1
2024-10-11T08:50:25.097-04:00,IdeState,Inactive,,*,-1,-1
2024-10-11T08:50:26.098-04:00,IdeState,Inactive,,*,-1,-1
2024-10-11T08:50:27.100-04:00,IdeState,Inactive,,*,-1,-1
2024-10-11T08:50:28.101-04:00,IdeState,Inactive,,*,-1,-1
2024-10-11T08:50:29.103-04:00,IdeState,Inactive,,*,-1,-1
2024-10-11T08:50:30.104-04:00,IdeState,Inactive,,*,-1,-1
2024-10-11T08:50:31.104-04:00,IdeState,Inactive,,*,-1,-1
2024-10-11T08:50:32.107-04:00,IdeState,Inactive,,*,-1,-1
2024-10-11T08:50:33.108-04:00,IdeState,Inactive,,*,-1,-1
2024-10-11T08:50:34.110-04:00,IdeState,Inactive,,*,-1,-1
2024-10-11T08:50:35.112-04:00,IdeState,Inactive,,*,-1,-1
2024-10-11T08:50:36.114-04:00,IdeState,Inactive,,*,-1,-1
2024-10-11T08:50:37.114-04:00,IdeState,Inactive,,*,-1,-1
2024-10-11T08:50:38.116-04:00,IdeState,Inactive,,*,-1,-1
2024-10-11T08:50:39.118-04:00,IdeState,Inactive,,*,-1,-1
2024-10-11T08:50:40.119-04:00,IdeState,Inactive,,*,-1,-1
2024-10-11T08:50:41.120-04:00,IdeState,Inactive,,*,-1,-1
2024-10-11T08:50:42.121-04:00,IdeState,Inactive,,*,-1,-1
2024-10-11T08:50:43.123-04:00,IdeState,Inactive,,*,-1,-1
2024-10-11T08:50:44.126-04:00,IdeState,Inactive,,*,-1,-1
2024-10-11T08:50:45.127-04:00,IdeState,Inactive,,*,-1,-1
2024-10-11T08:50:46.129-04:00,IdeState,Inactive,,*,-1,-1
2024-10-11T08:50:47.130-04:00,IdeState,Inactive,,*,-1,-1
2024-10-11T08:50:48.131-04:00,IdeState,Inactive,,*,-1,-1
2024-10-11T08:50:49.134-04:00,IdeState,Inactive,,*,-1,-1
2024-10-11T08:50:50.136-04:00,IdeState,Inactive,,*,-1,-1
2024-10-11T08:50:51.138-04:00,IdeState,Inactive,,*,-1,-1
2024-10-11T08:50:52.139-04:00,IdeState,Inactive,,*,-1,-1
2024-10-11T08:50:53.141-04:00,IdeState,Inactive,,*,-1,-1
2024-10-11T08:50:54.142-04:00,IdeState,Inactive,,*,-1,-1
2024-10-11T08:50:55.143-04:00,IdeState,Inactive,,*,-1,-1
2024-10-11T08:50:56.145-04:00,IdeState,Inactive,,*,-1,-1
2024-10-11T08:50:57.147-04:00,IdeState,Inactive,,*,-1,-1
2024-10-11T08:50:58.149-04:00,IdeState,Inactive,,*,-1,-1
2024-10-11T08:50:59.151-04:00,IdeState,Inactive,,*,-1,-1
2024-10-11T08:51:00.153-04:00,IdeState,Inactive,,*,-1,-1
2024-10-11T08:51:01.153-04:00,IdeState,Inactive,,*,-1,-1
2024-10-11T08:51:02.154-04:00,IdeState,Inactive,,*,-1,-1
2024-10-11T08:51:03.155-04:00,IdeState,Inactive,,*,-1,-1
2024-10-11T08:51:04.157-04:00,IdeState,Inactive,,*,-1,-1
2024-10-11T08:51:05.158-04:00,IdeState,Inactive,,*,-1,-1
2024-10-11T08:51:06.159-04:00,IdeState,Inactive,,*,-1,-1
2024-10-11T08:51:07.161-04:00,IdeState,Inactive,,*,-1,-1
2024-10-11T08:51:08.162-04:00,IdeState,Inactive,,*,-1,-1
2024-10-11T08:51:09.164-04:00,IdeState,Inactive,,*,-1,-1
2024-10-11T08:51:10.165-04:00,IdeState,Inactive,,*,-1,-1
2024-10-11T08:51:11.166-04:00,IdeState,Inactive,,*,-1,-1
2024-10-11T08:51:12.167-04:00,IdeState,Inactive,,*,-1,-1
2024-10-11T08:51:13.169-04:00,IdeState,Inactive,,*,-1,-1
2024-10-11T08:51:14.170-04:00,IdeState,Inactive,,*,-1,-1
2024-10-11T08:51:15.172-04:00,IdeState,Inactive,,*,-1,-1
2024-10-11T08:51:16.173-04:00,IdeState,Inactive,,*,-1,-1
2024-10-11T08:51:17.176-04:00,IdeState,Inactive,,*,-1,-1
2024-10-11T08:51:18.177-04:00,IdeState,Inactive,,*,-1,-1
2024-10-11T08:51:19.179-04:00,IdeState,Inactive,,*,-1,-1
2024-10-11T08:51:20.180-04:00,IdeState,Inactive,,*,-1,-1
2024-10-11T08:51:21.183-04:00,IdeState,Inactive,,*,-1,-1
2024-10-11T08:51:22.184-04:00,IdeState,Inactive,,*,-1,-1
2024-10-11T08:51:23.184-04:00,IdeState,Inactive,,*,-1,-1
2024-10-11T08:51:24.187-04:00,IdeState,Inactive,,*,-1,-1
2024-10-11T08:51:25.189-04:00,IdeState,Inactive,,*,-1,-1
2024-10-11T08:51:26.192-04:00,IdeState,Inactive,,*,-1,-1
2024-10-11T08:51:27.194-04:00,IdeState,Inactive,,*,-1,-1
2024-10-11T08:51:28.195-04:00,IdeState,Inactive,,*,-1,-1
2024-10-11T08:51:29.197-04:00,IdeState,Inactive,,*,-1,-1
2024-10-11T08:51:30.199-04:00,IdeState,Inactive,,*,-1,-1
2024-10-11T08:51:31.201-04:00,IdeState,Inactive,,*,-1,-1
2024-10-11T08:51:32.204-04:00,IdeState,Inactive,,*,-1,-1
2024-10-11T08:51:33.205-04:00,IdeState,Inactive,,*,-1,-1
2024-10-11T08:51:34.205-04:00,IdeState,Inactive,,*,-1,-1
2024-10-11T08:51:35.207-04:00,IdeState,Inactive,,*,-1,-1
2024-10-11T08:51:36.209-04:00,IdeState,Inactive,,*,-1,-1
2024-10-11T08:51:37.211-04:00,IdeState,Inactive,,*,-1,-1
2024-10-11T08:51:38.212-04:00,IdeState,Inactive,,*,-1,-1
2024-10-11T08:51:39.213-04:00,IdeState,Inactive,,*,-1,-1
2024-10-11T08:51:40.215-04:00,IdeState,Inactive,,*,-1,-1
2024-10-11T08:51:41.216-04:00,IdeState,Inactive,,*,-1,-1
2024-10-11T08:51:42.218-04:00,IdeState,Inactive,,*,-1,-1
2024-10-11T08:51:43.219-04:00,IdeState,Inactive,,*,-1,-1
2024-10-11T08:51:44.221-04:00,IdeState,Inactive,,*,-1,-1
2024-10-11T08:51:45.223-04:00,IdeState,Inactive,,*,-1,-1
2024-10-11T08:51:46.225-04:00,IdeState,Inactive,,*,-1,-1
2024-10-11T08:51:47.226-04:00,IdeState,Inactive,,*,-1,-1
2024-10-11T08:51:48.228-04:00,IdeState,Inactive,,*,-1,-1
2024-10-11T08:51:49.229-04:00,IdeState,Inactive,,*,-1,-1
2024-10-11T08:51:50.231-04:00,IdeState,Inactive,,*,-1,-1
2024-10-11T08:51:51.233-04:00,IdeState,Inactive,,*,-1,-1
2024-10-11T08:51:52.234-04:00,IdeState,Inactive,,*,-1,-1
2024-10-11T08:51:53.235-04:00,IdeState,Inactive,,*,-1,-1
2024-10-11T08:51:54.236-04:00,IdeState,Inactive,,*,-1,-1
2024-10-11T08:51:55.237-04:00,IdeState,Inactive,,*,-1,-1
2024-10-11T08:51:56.239-04:00,IdeState,Inactive,,*,-1,-1
2024-10-11T08:51:57.241-04:00,IdeState,Inactive,,*,-1,-1
2024-10-11T08:51:58.242-04:00,IdeState,Inactive,,*,-1,-1
2024-10-11T08:51:59.245-04:00,IdeState,Inactive,,*,-1,-1
2024-10-11T08:52:00.245-04:00,IdeState,Inactive,,*,-1,-1
2024-10-11T08:52:01.246-04:00,IdeState,Inactive,,*,-1,-1
2024-10-11T08:52:02.247-04:00,IdeState,Inactive,,*,-1,-1
2024-10-11T08:52:03.248-04:00,IdeState,Inactive,,*,-1,-1
2024-10-11T08:52:04.249-04:00,IdeState,Inactive,,*,-1,-1
2024-10-11T08:52:05.251-04:00,IdeState,Inactive,,*,-1,-1
2024-10-11T08:52:06.252-04:00,IdeState,Inactive,,*,-1,-1
2024-10-11T08:52:07.253-04:00,IdeState,Inactive,,*,-1,-1
2024-10-11T08:52:08.254-04:00,IdeState,Inactive,,*,-1,-1
2024-10-11T08:52:09.257-04:00,IdeState,Inactive,,*,-1,-1
2024-10-11T08:52:10.258-04:00,IdeState,Inactive,,*,-1,-1
2024-10-11T08:52:11.261-04:00,IdeState,Inactive,,*,-1,-1
2024-10-11T08:52:12.263-04:00,IdeState,Inactive,,*,-1,-1
2024-10-11T08:52:13.264-04:00,IdeState,Inactive,,*,-1,-1
2024-10-11T08:52:14.266-04:00,IdeState,Inactive,,*,-1,-1
2024-10-11T08:52:15.267-04:00,IdeState,Inactive,,*,-1,-1
2024-10-11T08:52:16.269-04:00,IdeState,Inactive,,*,-1,-1
2024-10-11T08:52:17.270-04:00,IdeState,Inactive,,*,-1,-1
2024-10-11T08:52:18.271-04:00,IdeState,Inactive,,*,-1,-1
2024-10-11T08:52:19.273-04:00,IdeState,Inactive,,*,-1,-1
2024-10-11T08:52:20.275-04:00,IdeState,Inactive,,*,-1,-1
2024-10-11T08:52:21.277-04:00,IdeState,Inactive,,*,-1,-1
2024-10-11T08:52:22.278-04:00,IdeState,Inactive,,*,-1,-1
2024-10-11T08:52:23.279-04:00,IdeState,Inactive,,*,-1,-1
2024-10-11T08:52:24.282-04:00,IdeState,Inactive,,*,-1,-1
2024-10-11T08:52:25.283-04:00,IdeState,Inactive,,*,-1,-1
2024-10-11T08:52:26.284-04:00,IdeState,Inactive,,*,-1,-1
2024-10-11T08:52:27.286-04:00,IdeState,Inactive,,*,-1,-1
2024-10-11T08:52:28.287-04:00,IdeState,Inactive,,*,-1,-1
2024-10-11T08:52:29.289-04:00,IdeState,Inactive,,*,-1,-1
2024-10-11T08:52:30.289-04:00,IdeState,Inactive,,*,-1,-1
2024-10-11T08:52:31.291-04:00,IdeState,Inactive,,*,-1,-1
2024-10-11T08:52:32.294-04:00,IdeState,Inactive,,*,-1,-1
2024-10-11T08:52:33.294-04:00,IdeState,Inactive,,*,-1,-1
2024-10-11T08:52:34.295-04:00,IdeState,Inactive,,*,-1,-1
2024-10-11T08:52:35.297-04:00,IdeState,Inactive,,*,-1,-1
2024-10-11T08:52:36.299-04:00,IdeState,Inactive,,*,-1,-1
2024-10-11T08:52:37.300-04:00,IdeState,Inactive,,*,-1,-1
2024-10-11T08:52:38.301-04:00,IdeState,Inactive,,*,-1,-1
2024-10-11T08:52:39.303-04:00,IdeState,Inactive,,*,-1,-1
2024-10-11T08:52:40.304-04:00,IdeState,Inactive,,*,-1,-1
2024-10-11T08:52:41.305-04:00,IdeState,Inactive,,*,-1,-1
2024-10-11T08:52:42.306-04:00,IdeState,Inactive,,*,-1,-1
2024-10-11T08:52:43.307-04:00,IdeState,Inactive,,*,-1,-1
2024-10-11T08:52:44.309-04:00,IdeState,Inactive,,*,-1,-1
2024-10-11T08:52:45.310-04:00,IdeState,Inactive,,*,-1,-1
2024-10-11T08:52:46.313-04:00,IdeState,Inactive,,*,-1,-1
2024-10-11T08:52:47.313-04:00,IdeState,Inactive,,*,-1,-1
2024-10-11T08:52:48.314-04:00,IdeState,Inactive,,*,-1,-1
2024-10-11T08:52:49.316-04:00,IdeState,Inactive,,*,-1,-1
2024-10-11T08:52:50.319-04:00,IdeState,Inactive,,*,-1,-1
2024-10-11T08:52:51.319-04:00,IdeState,Inactive,,*,-1,-1
2024-10-11T08:52:52.322-04:00,IdeState,Inactive,,*,-1,-1
2024-10-11T08:52:53.322-04:00,IdeState,Inactive,,*,-1,-1
2024-10-11T08:52:54.324-04:00,IdeState,Inactive,,*,-1,-1
2024-10-11T08:52:55.327-04:00,IdeState,Inactive,,*,-1,-1
2024-10-11T08:52:56.328-04:00,IdeState,Inactive,,*,-1,-1
2024-10-11T08:52:57.329-04:00,IdeState,Inactive,,*,-1,-1
2024-10-11T08:52:58.330-04:00,IdeState,Inactive,,*,-1,-1
2024-10-11T08:52:59.331-04:00,IdeState,Inactive,,*,-1,-1
2024-10-11T08:53:00.333-04:00,IdeState,Inactive,,*,-1,-1
2024-10-11T08:53:01.334-04:00,IdeState,Inactive,,*,-1,-1
2024-10-11T08:53:02.337-04:00,IdeState,Inactive,,*,-1,-1
2024-10-11T08:53:03.339-04:00,IdeState,Inactive,,*,-1,-1
2024-10-11T08:53:04.342-04:00,IdeState,Inactive,,*,-1,-1
2024-10-11T08:53:05.343-04:00,IdeState,Inactive,,*,-1,-1
2024-10-11T08:53:06.344-04:00,IdeState,Inactive,,*,-1,-1
2024-10-11T08:53:07.347-04:00,IdeState,Inactive,,*,-1,-1
2024-10-11T08:53:08.347-04:00,IdeState,Inactive,,*,-1,-1
2024-10-11T08:53:09.349-04:00,IdeState,Inactive,,*,-1,-1
2024-10-11T08:53:10.351-04:00,IdeState,Inactive,,*,-1,-1
2024-10-11T08:53:11.353-04:00,IdeState,Inactive,,*,-1,-1
2024-10-11T08:53:12.353-04:00,IdeState,Inactive,,*,-1,-1
2024-10-11T08:53:13.354-04:00,IdeState,Inactive,,*,-1,-1
2024-10-11T08:53:14.356-04:00,IdeState,Inactive,,*,-1,-1
2024-10-11T08:53:15.357-04:00,IdeState,Inactive,,*,-1,-1
2024-10-11T08:53:16.359-04:00,IdeState,Inactive,,*,-1,-1
2024-10-11T08:53:17.360-04:00,IdeState,Inactive,,*,-1,-1
2024-10-11T08:53:18.362-04:00,IdeState,Inactive,,*,-1,-1
2024-10-11T08:53:19.363-04:00,IdeState,Inactive,,*,-1,-1
2024-10-11T08:53:20.364-04:00,IdeState,Inactive,,*,-1,-1
2024-10-11T08:53:21.365-04:00,IdeState,Inactive,,*,-1,-1
2024-10-11T08:53:22.366-04:00,IdeState,Inactive,,*,-1,-1
2024-10-11T08:53:23.368-04:00,IdeState,Inactive,,*,-1,-1
2024-10-11T08:53:24.369-04:00,IdeState,Inactive,,*,-1,-1
2024-10-11T08:53:25.371-04:00,IdeState,Inactive,,*,-1,-1
2024-10-11T08:53:26.373-04:00,IdeState,Inactive,,*,-1,-1
2024-10-11T08:53:27.375-04:00,IdeState,Inactive,,*,-1,-1
2024-10-11T08:53:28.376-04:00,IdeState,Inactive,,*,-1,-1
2024-10-11T08:53:29.378-04:00,IdeState,Inactive,,*,-1,-1
2024-10-11T08:53:30.380-04:00,IdeState,Inactive,,*,-1,-1
2024-10-11T08:53:31.381-04:00,IdeState,Inactive,,*,-1,-1
2024-10-11T08:53:32.381-04:00,IdeState,Inactive,,*,-1,-1
2024-10-11T08:53:33.382-04:00,IdeState,Inactive,,*,-1,-1
2024-10-11T08:53:34.384-04:00,IdeState,Inactive,,*,-1,-1
2024-10-11T08:53:35.385-04:00,IdeState,Inactive,,*,-1,-1
2024-10-11T08:53:36.387-04:00,IdeState,Inactive,,*,-1,-1
2024-10-11T08:53:37.388-04:00,IdeState,Inactive,,*,-1,-1
2024-10-11T08:53:38.389-04:00,IdeState,Inactive,,*,-1,-1
2024-10-11T08:53:39.392-04:00,IdeState,Inactive,,*,-1,-1
2024-10-11T08:53:40.393-04:00,IdeState,Inactive,,*,-1,-1
2024-10-11T08:53:41.395-04:00,IdeState,Inactive,,*,-1,-1
2024-10-11T08:53:42.396-04:00,IdeState,Inactive,,*,-1,-1
2024-10-11T08:53:43.398-04:00,IdeState,Inactive,,*,-1,-1
2024-10-11T08:53:44.399-04:00,IdeState,Inactive,,*,-1,-1
2024-10-11T08:53:45.402-04:00,IdeState,Inactive,,*,-1,-1
2024-10-11T08:53:46.402-04:00,IdeState,Inactive,,*,-1,-1
2024-10-11T08:53:47.404-04:00,IdeState,Inactive,,*,-1,-1
2024-10-11T08:53:48.406-04:00,IdeState,Inactive,,*,-1,-1
2024-10-11T08:53:49.408-04:00,IdeState,Inactive,,*,-1,-1
2024-10-11T08:53:50.410-04:00,IdeState,Inactive,,*,-1,-1
2024-10-11T08:53:51.411-04:00,IdeState,Inactive,,*,-1,-1
2024-10-11T08:53:52.414-04:00,IdeState,Inactive,,*,-1,-1
2024-10-11T08:53:53.415-04:00,IdeState,Inactive,,*,-1,-1
2024-10-11T08:53:54.417-04:00,IdeState,Inactive,,*,-1,-1
2024-10-11T08:53:55.419-04:00,IdeState,Inactive,,*,-1,-1
2024-10-11T08:53:56.420-04:00,IdeState,Inactive,,*,-1,-1
2024-10-11T08:53:57.423-04:00,IdeState,Inactive,,*,-1,-1
2024-10-11T08:53:58.425-04:00,IdeState,Inactive,,*,-1,-1
2024-10-11T08:53:59.425-04:00,IdeState,Inactive,,*,-1,-1
2024-10-11T08:54:00.426-04:00,IdeState,Inactive,,*,-1,-1
2024-10-11T08:54:01.427-04:00,IdeState,Inactive,,*,-1,-1
2024-10-11T08:54:02.428-04:00,IdeState,Inactive,,*,-1,-1
2024-10-11T08:54:03.429-04:00,IdeState,Inactive,,*,-1,-1
2024-10-11T08:54:04.430-04:00,IdeState,Inactive,,*,-1,-1
2024-10-11T08:54:05.433-04:00,IdeState,Inactive,,*,-1,-1
2024-10-11T08:54:06.434-04:00,IdeState,Inactive,,*,-1,-1
2024-10-11T08:54:07.435-04:00,IdeState,Inactive,,*,-1,-1
2024-10-11T08:54:08.436-04:00,IdeState,Inactive,,*,-1,-1
2024-10-11T08:54:09.438-04:00,IdeState,Inactive,,*,-1,-1
2024-10-11T08:54:10.439-04:00,IdeState,Inactive,,*,-1,-1
2024-10-11T08:54:11.441-04:00,IdeState,Inactive,,*,-1,-1
2024-10-11T08:54:12.443-04:00,IdeState,Inactive,,*,-1,-1
2024-10-11T08:54:13.445-04:00,IdeState,Inactive,,*,-1,-1
2024-10-11T08:54:14.446-04:00,IdeState,Inactive,,*,-1,-1
2024-10-11T08:54:15.448-04:00,IdeState,Inactive,,*,-1,-1
2024-10-11T08:54:16.450-04:00,IdeState,Inactive,,*,-1,-1
2024-10-11T08:54:17.452-04:00,IdeState,Inactive,,*,-1,-1
2024-10-11T08:54:18.453-04:00,IdeState,Inactive,,*,-1,-1
2024-10-11T08:54:19.454-04:00,IdeState,Inactive,,*,-1,-1
2024-10-11T08:54:20.455-04:00,IdeState,Inactive,,*,-1,-1
2024-10-11T08:54:21.458-04:00,IdeState,Inactive,,*,-1,-1
2024-10-11T08:54:22.460-04:00,IdeState,Inactive,,*,-1,-1
2024-10-11T08:54:23.460-04:00,IdeState,Inactive,,*,-1,-1
2024-10-11T08:54:24.461-04:00,IdeState,Inactive,,*,-1,-1
2024-10-11T08:54:25.463-04:00,IdeState,Inactive,,*,-1,-1
2024-10-11T08:54:26.464-04:00,IdeState,Inactive,,*,-1,-1
2024-10-11T08:54:27.466-04:00,IdeState,Inactive,,*,-1,-1
2024-10-11T08:54:28.468-04:00,IdeState,Inactive,,*,-1,-1
2024-10-11T08:54:29.470-04:00,IdeState,Inactive,,*,-1,-1
2024-10-11T08:54:30.471-04:00,IdeState,Inactive,,*,-1,-1
2024-10-11T08:54:31.472-04:00,IdeState,Inactive,,*,-1,-1
2024-10-11T08:54:32.474-04:00,IdeState,Inactive,,*,-1,-1
2024-10-11T08:54:33.475-04:00,IdeState,Inactive,,*,-1,-1
2024-10-11T08:54:34.476-04:00,IdeState,Inactive,,*,-1,-1
2024-10-11T08:54:35.477-04:00,IdeState,Inactive,,*,-1,-1
2024-10-11T08:54:36.479-04:00,IdeState,Inactive,,*,-1,-1
2024-10-11T08:54:37.481-04:00,IdeState,Inactive,,*,-1,-1
2024-10-11T08:54:38.483-04:00,IdeState,Inactive,,*,-1,-1
2024-10-11T08:54:39.485-04:00,IdeState,Inactive,,*,-1,-1
2024-10-11T08:54:40.486-04:00,IdeState,Inactive,,*,-1,-1
2024-10-11T08:54:41.487-04:00,IdeState,Inactive,,*,-1,-1
2024-10-11T08:54:42.488-04:00,IdeState,Inactive,,*,-1,-1
2024-10-11T08:54:43.490-04:00,IdeState,Inactive,,*,-1,-1
2024-10-11T08:54:44.490-04:00,IdeState,Inactive,,*,-1,-1
2024-10-11T08:54:45.492-04:00,IdeState,Inactive,,*,-1,-1
2024-10-11T08:54:46.494-04:00,IdeState,Inactive,,*,-1,-1
2024-10-11T08:54:47.497-04:00,IdeState,Inactive,,*,-1,-1
2024-10-11T08:54:48.498-04:00,IdeState,Inactive,,*,-1,-1
2024-10-11T08:54:49.499-04:00,IdeState,Inactive,,*,-1,-1
2024-10-11T08:54:50.499-04:00,IdeState,Inactive,,*,-1,-1
2024-10-11T08:54:51.502-04:00,IdeState,Inactive,,*,-1,-1
2024-10-11T08:54:52.503-04:00,IdeState,Inactive,,*,-1,-1
2024-10-11T08:54:53.504-04:00,IdeState,Inactive,,*,-1,-1
2024-10-11T08:54:54.504-04:00,IdeState,Inactive,,*,-1,-1
2024-10-11T08:54:55.506-04:00,IdeState,Inactive,,*,-1,-1
2024-10-11T08:54:56.508-04:00,IdeState,Inactive,,*,-1,-1
2024-10-11T08:54:57.510-04:00,IdeState,Inactive,,*,-1,-1
2024-10-11T08:54:58.511-04:00,IdeState,Inactive,,*,-1,-1
2024-10-11T08:54:59.513-04:00,IdeState,Inactive,,*,-1,-1
2024-10-11T08:55:00.513-04:00,IdeState,Inactive,,*,-1,-1
2024-10-11T08:55:01.516-04:00,IdeState,Inactive,,*,-1,-1
2024-10-11T08:55:02.518-04:00,IdeState,Inactive,,*,-1,-1
2024-10-11T08:55:03.521-04:00,IdeState,Inactive,,*,-1,-1
2024-10-11T08:55:04.523-04:00,IdeState,Inactive,,*,-1,-1
2024-10-11T08:55:05.525-04:00,IdeState,Inactive,,*,-1,-1
2024-10-11T08:55:06.526-04:00,IdeState,Inactive,,*,-1,-1
2024-10-11T08:55:07.528-04:00,IdeState,Inactive,,*,-1,-1
2024-10-11T08:55:08.528-04:00,IdeState,Inactive,,*,-1,-1
2024-10-11T08:55:09.531-04:00,IdeState,Inactive,,*,-1,-1
2024-10-11T08:55:10.532-04:00,IdeState,Inactive,,*,-1,-1
2024-10-11T08:55:11.533-04:00,IdeState,Inactive,,*,-1,-1
2024-10-11T08:55:12.538-04:00,IdeState,Inactive,,*,-1,-1
2024-10-11T08:55:13.540-04:00,IdeState,Inactive,,*,-1,-1
2024-10-11T08:55:14.543-04:00,IdeState,Inactive,,*,-1,-1
2024-10-11T08:55:15.543-04:00,IdeState,Inactive,,*,-1,-1
2024-10-11T08:55:16.547-04:00,IdeState,Inactive,,*,-1,-1
2024-10-11T08:55:17.548-04:00,IdeState,Inactive,,*,-1,-1
2024-10-11T08:55:18.549-04:00,IdeState,Inactive,,*,-1,-1
2024-10-11T08:55:19.551-04:00,IdeState,Inactive,,*,-1,-1
2024-10-11T08:55:20.553-04:00,IdeState,Inactive,,*,-1,-1
2024-10-11T08:55:21.554-04:00,IdeState,Inactive,,*,-1,-1
2024-10-11T08:55:22.556-04:00,IdeState,Inactive,,*,-1,-1
2024-10-11T08:55:23.557-04:00,IdeState,Inactive,,*,-1,-1
2024-10-11T08:55:24.559-04:00,IdeState,Inactive,,*,-1,-1
2024-10-11T08:55:25.560-04:00,IdeState,Inactive,,*,-1,-1
2024-10-11T08:55:26.561-04:00,IdeState,Inactive,,*,-1,-1
2024-10-11T08:55:27.562-04:00,IdeState,Inactive,,*,-1,-1
2024-10-11T08:55:28.563-04:00,IdeState,Inactive,,*,-1,-1
2024-10-11T08:55:29.565-04:00,IdeState,Inactive,,*,-1,-1
2024-10-11T08:55:30.565-04:00,IdeState,Inactive,,*,-1,-1
2024-10-11T08:55:31.567-04:00,IdeState,Inactive,,*,-1,-1
2024-10-11T08:55:32.569-04:00,IdeState,Inactive,,*,-1,-1
2024-10-11T08:55:33.571-04:00,IdeState,Inactive,,*,-1,-1
2024-10-11T08:55:34.572-04:00,IdeState,Inactive,,*,-1,-1
2024-10-11T08:55:35.574-04:00,IdeState,Inactive,,*,-1,-1
2024-10-11T08:55:36.576-04:00,IdeState,Inactive,,*,-1,-1
2024-10-11T08:55:37.578-04:00,IdeState,Inactive,,*,-1,-1
2024-10-11T08:55:38.578-04:00,IdeState,Inactive,,*,-1,-1
2024-10-11T08:55:39.581-04:00,IdeState,Inactive,,*,-1,-1
2024-10-11T08:55:40.581-04:00,IdeState,Inactive,,*,-1,-1
2024-10-11T08:55:41.583-04:00,IdeState,Inactive,,*,-1,-1
2024-10-11T08:55:42.584-04:00,IdeState,Inactive,,*,-1,-1
2024-10-11T08:55:43.586-04:00,IdeState,Inactive,,*,-1,-1
2024-10-11T08:55:44.587-04:00,IdeState,Inactive,,*,-1,-1
2024-10-11T08:55:45.589-04:00,IdeState,Inactive,,*,-1,-1
2024-10-11T08:55:46.590-04:00,IdeState,Inactive,,*,-1,-1
2024-10-11T08:55:47.592-04:00,IdeState,Inactive,,*,-1,-1
2024-10-11T08:55:48.592-04:00,IdeState,Inactive,,*,-1,-1
2024-10-11T08:55:49.593-04:00,IdeState,Inactive,,*,-1,-1
2024-10-11T08:55:50.594-04:00,IdeState,Inactive,,*,-1,-1
2024-10-11T08:55:51.595-04:00,IdeState,Inactive,,*,-1,-1
2024-10-11T08:55:52.596-04:00,IdeState,Inactive,,*,-1,-1
2024-10-11T08:55:53.597-04:00,IdeState,Inactive,,*,-1,-1
2024-10-11T08:55:54.598-04:00,IdeState,Inactive,,*,-1,-1
2024-10-11T08:55:55.599-04:00,IdeState,Inactive,,*,-1,-1
2024-10-11T08:55:56.600-04:00,IdeState,Inactive,,*,-1,-1
2024-10-11T08:55:57.601-04:00,IdeState,Inactive,,*,-1,-1
2024-10-11T08:55:58.602-04:00,IdeState,Inactive,,*,-1,-1
2024-10-11T08:55:59.604-04:00,IdeState,Inactive,,*,-1,-1
2024-10-11T08:56:00.606-04:00,IdeState,Inactive,,*,-1,-1
2024-10-11T08:56:01.607-04:00,IdeState,Inactive,,*,-1,-1
2024-10-11T08:56:02.609-04:00,IdeState,Inactive,,*,-1,-1
2024-10-11T08:56:03.611-04:00,IdeState,Inactive,,*,-1,-1
2024-10-11T08:56:04.612-04:00,IdeState,Inactive,,*,-1,-1
2024-10-11T08:56:05.614-04:00,IdeState,Inactive,,*,-1,-1
2024-10-11T08:56:06.617-04:00,IdeState,Inactive,,*,-1,-1
2024-10-11T08:56:07.618-04:00,IdeState,Inactive,,*,-1,-1
2024-10-11T08:56:08.621-04:00,IdeState,Inactive,,*,-1,-1
2024-10-11T08:56:09.623-04:00,IdeState,Inactive,,*,-1,-1
2024-10-11T08:56:10.624-04:00,IdeState,Inactive,,*,-1,-1
2024-10-11T08:56:11.626-04:00,IdeState,Inactive,,*,-1,-1
2024-10-11T08:56:12.631-04:00,IdeState,Inactive,,*,-1,-1
2024-10-11T08:56:13.632-04:00,IdeState,Inactive,,*,-1,-1
2024-10-11T08:56:14.632-04:00,IdeState,Inactive,,*,-1,-1
2024-10-11T08:56:15.633-04:00,IdeState,Inactive,,*,-1,-1
2024-10-11T08:56:16.635-04:00,IdeState,Inactive,,*,-1,-1
2024-10-11T08:56:17.636-04:00,IdeState,Inactive,,*,-1,-1
2024-10-11T08:56:18.638-04:00,IdeState,Inactive,,*,-1,-1
2024-10-11T08:56:19.641-04:00,IdeState,Inactive,,*,-1,-1
2024-10-11T08:56:20.642-04:00,IdeState,Inactive,,*,-1,-1
2024-10-11T08:56:21.644-04:00,IdeState,Inactive,,*,-1,-1
2024-10-11T08:56:22.645-04:00,IdeState,Inactive,,*,-1,-1
2024-10-11T08:56:23.647-04:00,IdeState,Inactive,,*,-1,-1
2024-10-11T08:56:24.648-04:00,IdeState,Inactive,,*,-1,-1
2024-10-11T08:56:25.650-04:00,IdeState,Inactive,,*,-1,-1
2024-10-11T08:56:26.652-04:00,IdeState,Inactive,,*,-1,-1
2024-10-11T08:56:27.652-04:00,IdeState,Inactive,,*,-1,-1
2024-10-11T08:56:28.654-04:00,IdeState,Inactive,,*,-1,-1
2024-10-11T08:56:29.656-04:00,IdeState,Inactive,,*,-1,-1
2024-10-11T08:56:30.659-04:00,IdeState,Inactive,,*,-1,-1
2024-10-11T08:56:31.660-04:00,IdeState,Inactive,,*,-1,-1
2024-10-11T08:56:32.661-04:00,IdeState,Inactive,,*,-1,-1
2024-10-11T08:56:33.663-04:00,IdeState,Inactive,,*,-1,-1
2024-10-11T08:56:34.663-04:00,IdeState,Inactive,,*,-1,-1
2024-10-11T08:56:35.664-04:00,IdeState,Inactive,,*,-1,-1
2024-10-11T08:56:36.665-04:00,IdeState,Inactive,,*,-1,-1
2024-10-11T08:56:37.667-04:00,IdeState,Inactive,,*,-1,-1
2024-10-11T08:56:38.668-04:00,IdeState,Inactive,,*,-1,-1
2024-10-11T08:56:39.670-04:00,IdeState,Inactive,,*,-1,-1
2024-10-11T08:56:40.672-04:00,IdeState,Inactive,,*,-1,-1
2024-10-11T08:56:41.673-04:00,IdeState,Inactive,,*,-1,-1
2024-10-11T08:56:42.674-04:00,IdeState,Inactive,,*,-1,-1
2024-10-11T08:56:43.675-04:00,IdeState,Inactive,,*,-1,-1
2024-10-11T08:56:44.676-04:00,IdeState,Inactive,,*,-1,-1
2024-10-11T08:56:45.678-04:00,IdeState,Inactive,,*,-1,-1
2024-10-11T08:56:46.679-04:00,IdeState,Inactive,,*,-1,-1
2024-10-11T08:56:47.680-04:00,IdeState,Inactive,,*,-1,-1
2024-10-11T08:56:48.681-04:00,IdeState,Inactive,,*,-1,-1
2024-10-11T08:56:49.682-04:00,IdeState,Inactive,,*,-1,-1
2024-10-11T08:56:50.684-04:00,IdeState,Inactive,,*,-1,-1
2024-10-11T09:11:42.416-04:00,IdeState,Inactive,,*,-1,-1
2024-10-11T09:11:43.921-04:00,IdeState,Inactive,,*,-1,-1
2024-10-11T09:11:45.101-04:00,IdeState,Inactive,,*,-1,-1
2024-10-11T09:11:46.126-04:00,IdeState,Inactive,,*,-1,-1
2024-10-11T09:11:48.881-04:00,IdeState,NoProject,,*,-1,-1
2024-10-11T09:11:50.002-04:00,IdeState,Active,Popup,*,-1,-1
2024-10-11T09:11:52.071-04:00,IdeState,Active,Popup,*,-1,-1
2024-10-11T09:11:53.856-04:00,IdeState,Active,Popup,*,-1,-1
2024-10-11T09:11:55.148-04:00,IdeState,Active,Project,*,-1,-1
2024-10-11T09:11:56.332-04:00,IdeState,Active,Project,*,-1,-1
2024-10-11T09:11:57.349-04:00,IdeState,Active,Project,*,-1,-1
2024-10-11T09:11:58.358-04:00,IdeState,Active,Project,*,-1,-1
2024-10-11T09:11:59.680-04:00,IdeState,Active,Project,*,-1,-1
2024-10-11T09:12:02.246-04:00,IdeState,Active,Project,*,-1,-1
2024-10-11T09:12:05.879-04:00,IdeState,Active,Project,*,-1,-1
2024-10-11T09:12:07.047-04:00,IdeState,Active,Project,*,-1,-1
2024-10-11T09:12:09.070-04:00,IdeState,Active,Project,*,-1,-1
2024-10-11T09:12:10.153-04:00,IdeState,Active,Project,*,-1,-1
2024-10-11T09:12:11.302-04:00,IdeState,Active,Project,*,-1,-1
2024-10-11T09:12:12.329-04:00,IdeState,Active,Project,*,-1,-1
2024-10-11T09:12:13.342-04:00,IdeState,Active,Project,*,-1,-1
2024-10-11T09:12:14.355-04:00,IdeState,Active,Project,*,-1,-1
2024-10-11T09:12:15.359-04:00,IdeState,Active,Project,*,-1,-1
2024-10-11T09:12:16.362-04:00,IdeState,Active,Project,*,-1,-1
2024-10-11T09:12:17.373-04:00,IdeState,Active,Project,*,-1,-1
2024-10-11T09:12:18.388-04:00,IdeState,Active,Project,*,-1,-1
2024-10-11T09:12:19.402-04:00,IdeState,Active,Project,*,-1,-1
2024-10-11T09:12:20.408-04:00,IdeState,Active,Project,*,-1,-1
2024-10-11T09:12:21.414-04:00,IdeState,Active,Project,*,-1,-1
2024-10-11T09:12:22.419-04:00,IdeState,Active,Project,*,-1,-1
2024-10-11T09:12:23.427-04:00,IdeState,Active,Project,*,-1,-1
2024-10-11T09:12:24.430-04:00,IdeState,Active,Project,*,-1,-1
2024-10-11T09:12:25.441-04:00,IdeState,Active,Project,*,-1,-1
2024-10-11T09:12:26.450-04:00,IdeState,Active,Project,*,-1,-1
2024-10-11T09:12:27.463-04:00,IdeState,Active,Project,*,-1,-1
2024-10-11T09:12:28.476-04:00,IdeState,Active,Project,*,-1,-1
2024-10-11T09:12:29.478-04:00,IdeState,Active,Project,*,-1,-1
2024-10-11T09:12:30.491-04:00,IdeState,Active,Project,*,-1,-1
2024-10-11T09:12:31.492-04:00,IdeState,Active,Project,*,-1,-1
2024-10-11T09:12:32.507-04:00,IdeState,Active,Project,*,-1,-1
2024-10-11T09:12:33.513-04:00,IdeState,Active,Project,*,-1,-1
2024-10-11T09:12:34.526-04:00,IdeState,Active,Project,*,-1,-1
2024-10-11T09:12:35.527-04:00,IdeState,Active,Project,*,-1,-1
2024-10-11T09:12:36.538-04:00,IdeState,Active,Project,*,-1,-1
2024-10-11T09:12:37.541-04:00,IdeState,Active,Project,*,-1,-1
2024-10-11T09:12:38.553-04:00,IdeState,Active,Project,*,-1,-1
2024-10-11T09:12:39.565-04:00,IdeState,Active,Project,*,-1,-1
2024-10-11T09:12:40.582-04:00,IdeState,Active,Project,*,-1,-1
2024-10-11T09:12:41.586-04:00,IdeState,Active,Project,*,-1,-1
2024-10-11T09:12:42.598-04:00,IdeState,Active,Project,*,-1,-1
2024-10-11T09:12:43.602-04:00,IdeState,Active,Project,*,-1,-1
2024-10-11T09:12:44.634-04:00,IdeState,Active,Project,*,-1,-1
2024-10-11T09:12:45.703-04:00,IdeState,Active,Project,*,-1,-1
2024-10-11T09:12:46.729-04:00,IdeState,Active,Project,*,-1,-1
2024-10-11T09:12:47.749-04:00,IdeState,Active,Project,*,-1,-1
2024-10-11T09:12:48.754-04:00,IdeState,Active,Project,*,-1,-1
2024-10-11T09:12:49.765-04:00,IdeState,Active,Project,*,-1,-1
2024-10-11T09:12:50.779-04:00,IdeState,Active,Project,*,-1,-1
2024-10-11T09:12:51.782-04:00,IdeState,Active,Project,*,-1,-1
2024-10-11T09:12:52.799-04:00,IdeState,Active,Project,*,-1,-1
2024-10-11T09:12:53.801-04:00,IdeState,Active,Project,*,-1,-1
2024-10-11T09:12:54.811-04:00,IdeState,Active,Project,*,-1,-1
2024-10-11T09:12:55.820-04:00,IdeState,Active,Project,*,-1,-1
2024-10-11T09:12:56.834-04:00,IdeState,Active,Project,*,-1,-1
2024-10-11T09:12:57.852-04:00,IdeState,Active,Project,*,-1,-1
2024-10-11T09:12:58.857-04:00,IdeState,Active,Project,*,-1,-1
2024-10-11T09:12:59.874-04:00,IdeState,Active,Project,*,-1,-1
2024-10-11T09:13:00.881-04:00,IdeState,Active,Project,*,-1,-1
2024-10-11T09:13:01.887-04:00,IdeState,Active,Project,*,-1,-1
2024-10-11T09:13:02.913-04:00,IdeState,Active,Project,*,-1,-1
2024-10-11T09:13:03.923-04:00,IdeState,Active,Project,*,-1,-1
2024-10-11T09:13:04.933-04:00,IdeState,Active,Project,*,-1,-1
2024-10-11T09:13:05.950-04:00,IdeState,Active,Project,*,-1,-1
2024-10-11T09:13:06.957-04:00,IdeState,Active,Project,*,-1,-1
2024-10-11T09:13:07.964-04:00,IdeState,Active,Project,*,-1,-1
2024-10-11T09:13:08.979-04:00,IdeState,Active,Project,*,-1,-1
2024-10-11T09:13:09.996-04:00,IdeState,Active,Project,*,-1,-1
2024-10-11T09:13:11.003-04:00,IdeState,Active,Project,*,-1,-1
2024-10-11T09:13:12.009-04:00,IdeState,Active,Project,*,-1,-1
2024-10-11T09:13:13.017-04:00,IdeState,Active,Project,*,-1,-1
2024-10-11T09:13:14.019-04:00,IdeState,Active,Project,*,-1,-1
2024-10-11T09:13:15.036-04:00,IdeState,Active,Project,*,-1,-1
2024-10-11T09:13:16.046-04:00,IdeState,Active,Project,*,-1,-1
2024-10-11T09:13:17.058-04:00,IdeState,Active,Project,*,-1,-1
2024-10-11T09:13:18.074-04:00,IdeState,Active,Project,*,-1,-1
2024-10-11T09:13:19.087-04:00,IdeState,Active,Project,*,-1,-1
2024-10-11T09:13:20.088-04:00,IdeState,Active,Project,*,-1,-1
2024-10-11T09:13:21.092-04:00,IdeState,Active,Project,*,-1,-1
2024-10-11T09:13:22.104-04:00,IdeState,Active,Project,*,-1,-1
2024-10-11T09:13:23.111-04:00,IdeState,Active,Project,*,-1,-1
2024-10-11T09:13:24.118-04:00,IdeState,Active,Project,*,-1,-1
2024-10-11T09:13:25.122-04:00,IdeState,Active,Project,*,-1,-1
2024-10-11T09:13:26.123-04:00,IdeState,Active,Project,*,-1,-1
2024-10-11T09:13:27.137-04:00,IdeState,Active,Project,*,-1,-1
2024-10-11T09:13:28.139-04:00,IdeState,Active,Project,*,-1,-1
2024-10-11T09:13:29.144-04:00,IdeState,Active,Project,*,-1,-1
2024-10-11T09:13:30.149-04:00,IdeState,Active,Project,*,-1,-1
2024-10-11T09:13:31.161-04:00,IdeState,Active,Project,*,-1,-1
2024-10-11T09:13:37.514-04:00,IdeState,NoProject,,*,-1,-1
2024-10-11T09:13:38.580-04:00,IdeState,Active,Popup,*,-1,-1
2024-10-11T09:13:40.068-04:00,IdeState,Active,Popup,*,-1,-1
2024-10-11T09:13:41.213-04:00,IdeState,Active,Project,*,-1,-1
2024-10-11T09:13:42.215-04:00,IdeState,Active,Project,*,-1,-1
2024-10-11T09:13:43.420-04:00,IdeState,Active,Project,*,-1,-1
2024-10-11T09:13:44.550-04:00,IdeState,Active,Project,*,-1,-1
2024-10-11T09:13:45.604-04:00,IdeState,Active,Project,*,-1,-1
2024-10-11T09:13:54.201-04:00,IdeState,NoProject,,*,-1,-1
2024-10-11T09:13:55.736-04:00,IdeState,Active,Popup,*,-1,-1
2024-10-11T09:13:56.938-04:00,IdeState,Active,Project,*,-1,-1
2024-10-11T09:13:57.947-04:00,IdeState,Active,Project,*,-1,-1
2024-10-11T09:13:58.948-04:00,IdeState,Active,Project,*,-1,-1
2024-10-11T09:13:59.950-04:00,IdeState,Active,Project,*,-1,-1
2024-10-11T09:14:00.952-04:00,IdeState,Active,Project,*,-1,-1
2024-10-11T09:14:01.957-04:00,IdeState,Active,Project,*,-1,-1
2024-10-11T09:14:02.958-04:00,IdeState,Active,Project,*,-1,-1
2024-10-11T09:14:03.959-04:00,IdeState,Active,Project,*,-1,-1
2024-10-11T09:14:04.966-04:00,IdeState,Active,Project,*,-1,-1
2024-10-11T09:14:05.968-04:00,IdeState,Active,Project,*,-1,-1
2024-10-11T09:14:06.969-04:00,IdeState,Active,Project,*,-1,-1
2024-10-11T09:14:07.970-04:00,IdeState,Active,Project,*,-1,-1
2024-10-11T09:14:08.973-04:00,IdeState,Active,tasktracker,*,-1,-1
2024-10-11T09:14:09.983-04:00,IdeState,Active,tasktracker,*,-1,-1
2024-10-11T09:14:10.985-04:00,IdeState,Active,tasktracker,*,-1,-1
2024-10-11T09:14:11.987-04:00,IdeState,Active,tasktracker,*,-1,-1
2024-10-11T09:14:12.988-04:00,IdeState,Active,tasktracker,*,-1,-1
2024-10-11T09:14:13.989-04:00,IdeState,Active,tasktracker,*,-1,-1
2024-10-11T09:14:14.992-04:00,IdeState,Active,tasktracker,*,-1,-1
2024-10-11T09:14:15.993-04:00,IdeState,Active,tasktracker,*,-1,-1
2024-10-11T09:14:16.995-04:00,IdeState,Active,tasktracker,*,-1,-1
2024-10-11T09:14:17.998-04:00,IdeState,Active,tasktracker,*,-1,-1
2024-10-11T09:14:19.001-04:00,IdeState,Active,tasktracker,*,-1,-1
2024-10-11T09:14:20.003-04:00,IdeState,Active,tasktracker,*,-1,-1
2024-10-11T09:14:21.004-04:00,IdeState,Active,tasktracker,*,-1,-1
2024-10-11T09:14:22.007-04:00,IdeState,Active,tasktracker,*,-1,-1
2024-10-11T09:14:23.008-04:00,IdeState,Active,tasktracker,*,-1,-1
2024-10-11T09:14:24.010-04:00,IdeState,Active,tasktracker,*,-1,-1
2024-10-11T09:14:25.011-04:00,IdeState,Active,tasktracker,*,-1,-1
2024-10-11T09:14:26.014-04:00,IdeState,Active,tasktracker,*,-1,-1
2024-10-11T09:14:27.015-04:00,IdeState,Active,tasktracker,*,-1,-1
2024-10-11T09:14:28.016-04:00,IdeState,Active,tasktracker,*,-1,-1
2024-10-11T09:14:29.018-04:00,IdeState,Active,tasktracker,*,-1,-1
2024-10-11T09:14:30.020-04:00,IdeState,Active,tasktracker,*,-1,-1
2024-10-11T09:14:31.021-04:00,IdeState,Active,tasktracker,*,-1,-1
2024-10-11T09:14:32.022-04:00,IdeState,Active,tasktracker,*,-1,-1
2024-10-11T09:14:33.025-04:00,IdeState,Active,tasktracker,*,-1,-1
2024-10-11T09:14:34.032-04:00,IdeState,Inactive,,*,-1,-1
2024-10-11T09:14:35.038-04:00,IdeState,Inactive,,*,-1,-1
2024-10-11T09:14:36.041-04:00,IdeState,Inactive,,*,-1,-1
2024-10-11T09:14:37.041-04:00,IdeState,Inactive,,*,-1,-1
2024-10-11T09:14:38.043-04:00,IdeState,Inactive,,*,-1,-1
2024-10-11T09:14:39.051-04:00,IdeState,Inactive,,*,-1,-1
2024-10-11T09:14:40.052-04:00,IdeState,Inactive,,*,-1,-1
2024-10-11T09:14:41.060-04:00,IdeState,Inactive,,*,-1,-1
2024-10-11T09:14:42.066-04:00,IdeState,Inactive,,*,-1,-1
2024-10-11T09:14:43.074-04:00,IdeState,Inactive,,*,-1,-1
2024-10-11T09:14:44.083-04:00,IdeState,Inactive,,*,-1,-1
2024-10-11T09:14:45.096-04:00,IdeState,Inactive,,*,-1,-1
2024-10-11T09:14:46.109-04:00,IdeState,Inactive,,*,-1,-1
2024-10-11T09:14:47.124-04:00,IdeState,Inactive,,*,-1,-1
2024-10-11T09:14:48.134-04:00,IdeState,Inactive,,*,-1,-1
2024-10-11T09:14:49.140-04:00,IdeState,Inactive,,*,-1,-1
2024-10-11T09:14:50.152-04:00,IdeState,Inactive,,*,-1,-1
2024-10-11T09:14:51.164-04:00,IdeState,Active,tasktracker,*,-1,-1
2024-10-11T09:14:52.175-04:00,IdeState,Active,tasktracker,*,-1,-1
2024-10-11T09:14:53.189-04:00,IdeState,Active,tasktracker,*,-1,-1
2024-10-11T09:14:54.196-04:00,IdeState,Active,tasktracker,*,-1,-1
2024-10-11T09:14:55.205-04:00,IdeState,Active,tasktracker,*,-1,-1
2024-10-11T09:14:56.206-04:00,IdeState,Inactive,,*,-1,-1
2024-10-11T09:14:57.207-04:00,IdeState,Inactive,,*,-1,-1
2024-10-11T09:14:58.209-04:00,IdeState,Inactive,,*,-1,-1
2024-10-11T09:14:59.209-04:00,IdeState,Inactive,,*,-1,-1
2024-10-11T09:15:00.211-04:00,IdeState,Inactive,,*,-1,-1
2024-10-11T09:15:01.213-04:00,IdeState,Inactive,,*,-1,-1
2024-10-11T09:15:02.220-04:00,IdeState,Inactive,,*,-1,-1
2024-10-11T09:15:03.230-04:00,IdeState,Inactive,,*,-1,-1
2024-10-11T09:15:04.245-04:00,IdeState,Inactive,,*,-1,-1
2024-10-11T09:15:05.255-04:00,IdeState,Inactive,,*,-1,-1
2024-10-11T09:15:06.267-04:00,IdeState,Inactive,,*,-1,-1
2024-10-11T09:15:07.279-04:00,IdeState,Inactive,,*,-1,-1
2024-10-11T09:15:08.283-04:00,IdeState,Inactive,,*,-1,-1
2024-10-11T09:15:09.286-04:00,IdeState,Inactive,,*,-1,-1
2024-10-11T09:15:10.295-04:00,IdeState,Inactive,,*,-1,-1
2024-10-11T11:21:07.606-04:00,IdeState,Inactive,,*,-1,-1
2024-10-11T11:21:08.733-04:00,IdeState,Inactive,,*,-1,-1
2024-10-12T17:49:49.345-04:00,IdeState,Inactive,,*,-1,-1
2024-10-12T17:49:50.421-04:00,IdeState,Inactive,,*,-1,-1
2024-10-12T17:49:51.424-04:00,IdeState,Inactive,,*,-1,-1
2024-10-12T17:49:52.433-04:00,IdeState,Inactive,,*,-1,-1
2024-10-12T17:49:54.331-04:00,IdeState,NoProject,,*,-1,-1
2024-10-12T17:49:55.344-04:00,IdeState,Active,Popup,*,-1,-1
2024-10-12T17:49:56.703-04:00,IdeState,Active,Popup,*,-1,-1
2024-10-12T17:49:58.209-04:00,IdeState,Active,Popup,*,-1,-1
2024-10-12T17:49:59.435-04:00,IdeState,Active,Project,*,-1,-1
2024-10-12T17:50:00.438-04:00,IdeState,Active,Project,*,-1,-1
2024-10-12T17:50:01.442-04:00,IdeState,Active,Project,*,-1,-1
2024-10-12T17:50:02.445-04:00,IdeState,Active,Project,*,-1,-1
2024-10-12T17:50:03.448-04:00,IdeState,Inactive,,*,-1,-1
2024-10-12T17:50:04.461-04:00,IdeState,Inactive,,*,-1,-1
2024-10-12T17:50:05.549-04:00,IdeState,Inactive,,*,-1,-1
2024-10-12T17:50:06.551-04:00,IdeState,Inactive,,*,-1,-1
2024-10-12T17:50:07.552-04:00,IdeState,Inactive,,*,-1,-1
2024-10-12T17:50:08.554-04:00,IdeState,Inactive,,*,-1,-1
2024-10-12T17:50:09.575-04:00,IdeState,Inactive,,*,-1,-1
2024-10-12T17:50:10.577-04:00,IdeState,Inactive,,*,-1,-1
2024-10-12T17:50:11.591-04:00,IdeState,Inactive,,*,-1,-1
2024-10-12T17:50:12.591-04:00,IdeState,Inactive,,*,-1,-1
2024-10-12T17:50:13.597-04:00,IdeState,Inactive,,*,-1,-1
2024-10-12T17:50:14.599-04:00,IdeState,Inactive,,*,-1,-1
2024-10-12T17:50:15.601-04:00,IdeState,Inactive,,*,-1,-1
2024-10-12T17:50:16.601-04:00,IdeState,Inactive,,*,-1,-1
2024-10-12T17:50:17.602-04:00,IdeState,Inactive,,*,-1,-1
2024-10-12T17:50:18.604-04:00,IdeState,Inactive,,*,-1,-1
2024-10-12T17:50:19.605-04:00,IdeState,Inactive,,*,-1,-1
2024-10-12T17:50:20.608-04:00,IdeState,Inactive,,*,-1,-1
2024-10-12T17:50:21.609-04:00,IdeState,Inactive,,*,-1,-1
2024-10-12T17:50:22.622-04:00,IdeState,Inactive,,*,-1,-1
2024-10-12T17:50:23.628-04:00,IdeState,Inactive,,*,-1,-1
2024-10-12T17:50:24.630-04:00,IdeState,Inactive,,*,-1,-1
2024-10-12T17:50:25.632-04:00,IdeState,Inactive,,*,-1,-1
2024-10-12T17:50:26.634-04:00,IdeState,Inactive,,*,-1,-1
2024-10-12T17:50:27.635-04:00,IdeState,Inactive,,*,-1,-1
2024-10-12T17:50:28.639-04:00,IdeState,Inactive,,*,-1,-1
2024-10-12T17:50:29.643-04:00,IdeState,Inactive,,*,-1,-1
2024-10-12T17:50:30.645-04:00,IdeState,Inactive,,*,-1,-1
2024-10-12T17:50:31.648-04:00,IdeState,Inactive,,*,-1,-1
2024-10-12T17:50:32.651-04:00,IdeState,Inactive,,*,-1,-1
2024-10-12T17:50:33.658-04:00,IdeState,Inactive,,*,-1,-1
2024-10-12T17:50:34.659-04:00,IdeState,Inactive,,*,-1,-1
2024-10-12T17:50:35.663-04:00,IdeState,Inactive,,*,-1,-1
2024-10-12T17:50:36.665-04:00,IdeState,Inactive,,*,-1,-1
2024-10-12T17:50:37.666-04:00,IdeState,Inactive,,*,-1,-1
2024-10-12T17:50:38.678-04:00,IdeState,Inactive,,*,-1,-1
2024-10-12T17:50:39.679-04:00,IdeState,Inactive,,*,-1,-1
2024-10-12T17:50:40.682-04:00,IdeState,Inactive,,*,-1,-1
2024-10-12T17:50:41.684-04:00,IdeState,Inactive,,*,-1,-1
2024-10-12T17:50:42.685-04:00,IdeState,Inactive,,*,-1,-1
2024-10-12T17:50:43.686-04:00,IdeState,Inactive,,*,-1,-1
2024-10-12T17:50:44.688-04:00,IdeState,Inactive,,*,-1,-1
2024-10-12T17:50:45.690-04:00,IdeState,Inactive,,*,-1,-1
2024-10-12T17:50:46.692-04:00,IdeState,Inactive,,*,-1,-1
2024-10-12T17:50:47.694-04:00,IdeState,Inactive,,*,-1,-1
2024-10-12T17:50:48.696-04:00,IdeState,Inactive,,*,-1,-1
2024-10-12T17:50:49.701-04:00,IdeState,Inactive,,*,-1,-1
2024-10-12T17:50:50.702-04:00,IdeState,Inactive,,*,-1,-1
2024-10-12T17:50:51.704-04:00,IdeState,Inactive,,*,-1,-1
2024-10-12T17:50:52.704-04:00,IdeState,Inactive,,*,-1,-1
2024-10-12T17:50:53.707-04:00,IdeState,Inactive,,*,-1,-1
2024-10-12T17:50:54.708-04:00,IdeState,Inactive,,*,-1,-1
2024-10-12T17:50:55.709-04:00,IdeState,Inactive,,*,-1,-1
2024-10-12T17:50:56.712-04:00,IdeState,Inactive,,*,-1,-1
2024-10-12T17:50:57.715-04:00,IdeState,Inactive,,*,-1,-1
2024-10-12T17:50:58.716-04:00,IdeState,Inactive,,*,-1,-1
2024-10-12T17:50:59.718-04:00,IdeState,Active,Project,*,-1,-1
2024-10-12T17:51:00.370-04:00,Action,FindInPath,Project,*,-1,-1
2024-10-12T17:51:01.051-04:00,IdeState,Active,Dialog,*,-1,-1
2024-10-12T17:51:02.054-04:00,IdeState,Active,Dialog,*,-1,-1
2024-10-12T17:51:03.055-04:00,IdeState,Active,Dialog,*,-1,-1
2024-10-12T17:51:04.055-04:00,IdeState,Active,Project,*,-1,-1
2024-10-12T17:51:05.057-04:00,IdeState,Active,Project,*,-1,-1
2024-10-12T17:51:06.059-04:00,IdeState,Active,Project,*,-1,-1
2024-10-12T17:51:07.062-04:00,IdeState,Active,Project,*,-1,-1
2024-10-12T17:51:08.063-04:00,IdeState,Active,Project,*,-1,-1
2024-10-12T17:51:09.065-04:00,IdeState,Active,Project,*,-1,-1
2024-10-12T17:51:10.072-04:00,IdeState,Active,Project,*,-1,-1
2024-10-12T17:51:11.075-04:00,IdeState,Active,Project,*,-1,-1
2024-10-12T17:51:12.076-04:00,IdeState,Active,Project,*,-1,-1
2024-10-12T17:51:13.078-04:00,IdeState,Inactive,,*,-1,-1
2024-10-12T17:51:14.086-04:00,IdeState,Inactive,,*,-1,-1
2024-10-12T17:51:15.087-04:00,IdeState,Inactive,,*,-1,-1
2024-10-12T17:51:16.088-04:00,IdeState,Inactive,,*,-1,-1
2024-10-12T17:51:17.099-04:00,IdeState,Inactive,,*,-1,-1
2024-10-12T17:51:18.141-04:00,IdeState,Inactive,,*,-1,-1
2024-10-12T17:51:19.145-04:00,IdeState,Inactive,,*,-1,-1
2024-10-12T17:51:20.146-04:00,IdeState,Inactive,,*,-1,-1
2024-10-12T17:51:21.147-04:00,IdeState,Inactive,,*,-1,-1
2024-10-12T17:51:22.359-04:00,IdeState,Inactive,,*,-1,-1
2024-10-12T17:51:23.369-04:00,IdeState,Inactive,,*,-1,-1
2024-10-12T17:51:24.409-04:00,IdeState,Inactive,,*,-1,-1
2024-10-12T17:51:25.411-04:00,IdeState,Inactive,,*,-1,-1
2024-10-12T17:51:26.412-04:00,IdeState,Inactive,,*,-1,-1
2024-10-12T17:51:27.413-04:00,IdeState,Inactive,,*,-1,-1
2024-10-12T17:51:28.415-04:00,IdeState,Inactive,,*,-1,-1
2024-10-12T17:51:29.416-04:00,IdeState,Inactive,,*,-1,-1
2024-10-12T17:51:30.443-04:00,IdeState,Inactive,,*,-1,-1
2024-10-12T17:51:31.444-04:00,IdeState,Inactive,,*,-1,-1
2024-10-12T17:51:32.449-04:00,IdeState,Inactive,,*,-1,-1
2024-10-12T17:51:33.467-04:00,IdeState,Inactive,,*,-1,-1
2024-10-12T17:51:34.504-04:00,IdeState,Inactive,,*,-1,-1
2024-10-12T17:51:35.510-04:00,IdeState,Inactive,,*,-1,-1
2024-10-12T17:51:36.519-04:00,IdeState,Inactive,,*,-1,-1
2024-10-12T17:51:37.543-04:00,IdeState,Inactive,,*,-1,-1
2024-10-12T17:51:38.547-04:00,IdeState,Inactive,,*,-1,-1
2024-10-12T17:51:39.549-04:00,IdeState,Inactive,,*,-1,-1
2024-10-12T17:51:40.551-04:00,IdeState,Inactive,,*,-1,-1
2024-10-12T17:51:41.553-04:00,IdeState,Inactive,,*,-1,-1
2024-10-12T17:51:42.556-04:00,IdeState,Inactive,,*,-1,-1
2024-10-12T17:51:43.567-04:00,IdeState,Inactive,,*,-1,-1
2024-10-12T17:51:44.570-04:00,IdeState,Inactive,,*,-1,-1
2024-10-12T17:51:45.571-04:00,IdeState,Inactive,,*,-1,-1
2024-10-12T17:51:46.573-04:00,IdeState,Inactive,,*,-1,-1
2024-10-12T17:51:47.575-04:00,IdeState,Inactive,,*,-1,-1
2024-10-12T17:51:48.577-04:00,IdeState,Active,Project,*,-1,-1
2024-10-12T17:51:49.598-04:00,IdeState,Inactive,,*,-1,-1
2024-10-12T17:51:50.625-04:00,IdeState,Inactive,,*,-1,-1
2024-10-12T17:51:51.631-04:00,IdeState,Inactive,,*,-1,-1
2024-10-12T17:51:52.632-04:00,IdeState,Inactive,,*,-1,-1
2024-10-12T17:51:53.645-04:00,IdeState,Inactive,,*,-1,-1
2024-10-12T17:51:54.654-04:00,IdeState,Inactive,,*,-1,-1
2024-10-12T17:51:55.663-04:00,IdeState,Inactive,,*,-1,-1
2024-10-12T17:51:56.677-04:00,IdeState,Inactive,,*,-1,-1
2024-10-12T17:51:57.699-04:00,IdeState,Inactive,,*,-1,-1
2024-10-12T17:51:58.705-04:00,IdeState,Inactive,,*,-1,-1
2024-10-12T17:51:59.721-04:00,IdeState,Inactive,,*,-1,-1
2024-10-12T17:52:00.731-04:00,IdeState,Inactive,,*,-1,-1
2024-10-12T17:52:01.744-04:00,IdeState,Inactive,,*,-1,-1
2024-10-12T17:52:02.757-04:00,IdeState,Inactive,,*,-1,-1
2024-10-12T17:52:03.769-04:00,IdeState,Inactive,,*,-1,-1
2024-10-12T17:52:04.781-04:00,IdeState,Inactive,,*,-1,-1
2024-10-12T17:52:05.793-04:00,IdeState,Inactive,,*,-1,-1
2024-10-12T17:52:06.801-04:00,IdeState,Inactive,,*,-1,-1
2024-10-12T17:52:07.825-04:00,IdeState,Inactive,,*,-1,-1
2024-10-12T17:52:08.826-04:00,IdeState,Inactive,,*,-1,-1
2024-10-12T17:52:09.831-04:00,IdeState,Inactive,,*,-1,-1
2024-10-12T17:52:10.837-04:00,IdeState,Inactive,,*,-1,-1
2024-10-12T17:52:11.840-04:00,IdeState,Inactive,,*,-1,-1
2024-10-12T17:52:12.866-04:00,IdeState,Inactive,,*,-1,-1
2024-10-12T17:52:13.874-04:00,IdeState,Inactive,,*,-1,-1
2024-10-12T17:52:14.888-04:00,IdeState,Inactive,,*,-1,-1
2024-10-12T17:52:15.908-04:00,IdeState,Inactive,,*,-1,-1
2024-10-12T17:52:16.916-04:00,IdeState,Inactive,,*,-1,-1
2024-10-12T17:52:17.932-04:00,IdeState,Inactive,,*,-1,-1
2024-10-12T17:52:18.944-04:00,IdeState,Inactive,,*,-1,-1
2024-10-12T17:52:19.948-04:00,IdeState,Inactive,,*,-1,-1
2024-10-12T17:52:20.959-04:00,IdeState,Inactive,,*,-1,-1
2024-10-12T17:52:22.001-04:00,IdeState,Inactive,,*,-1,-1
2024-10-12T17:52:23.009-04:00,IdeState,Inactive,,*,-1,-1
2024-10-12T17:52:24.023-04:00,IdeState,Inactive,,*,-1,-1
2024-10-12T17:52:25.048-04:00,IdeState,Inactive,,*,-1,-1
2024-10-12T17:52:26.049-04:00,IdeState,Inactive,,*,-1,-1
2024-10-12T17:52:27.052-04:00,IdeState,Inactive,,*,-1,-1
2024-10-12T17:52:28.058-04:00,IdeState,Inactive,,*,-1,-1
2024-10-12T17:52:29.065-04:00,IdeState,Inactive,,*,-1,-1
2024-10-12T17:52:30.079-04:00,IdeState,Inactive,,*,-1,-1
2024-10-12T17:52:31.091-04:00,IdeState,Inactive,,*,-1,-1
2024-10-12T17:52:32.104-04:00,IdeState,Inactive,,*,-1,-1
2024-10-12T17:52:33.109-04:00,IdeState,Inactive,,*,-1,-1
2024-10-12T17:52:34.115-04:00,IdeState,Inactive,,*,-1,-1
2024-10-12T17:52:35.124-04:00,IdeState,Inactive,,*,-1,-1
2024-10-12T17:52:36.139-04:00,IdeState,Inactive,,*,-1,-1
2024-10-12T17:52:37.147-04:00,IdeState,Inactive,,*,-1,-1
2024-10-12T17:52:38.153-04:00,IdeState,Inactive,,*,-1,-1
2024-10-12T17:52:39.171-04:00,IdeState,Inactive,,*,-1,-1
2024-10-12T17:52:40.191-04:00,IdeState,Inactive,,*,-1,-1
2024-10-12T17:52:41.192-04:00,IdeState,Inactive,,*,-1,-1
2024-10-12T17:52:42.215-04:00,IdeState,Inactive,,*,-1,-1
2024-10-12T17:52:43.237-04:00,IdeState,Inactive,,*,-1,-1
2024-10-12T17:52:44.295-04:00,IdeState,Inactive,,*,-1,-1
2024-10-12T17:52:45.312-04:00,IdeState,Inactive,,*,-1,-1
2024-10-12T17:52:46.328-04:00,IdeState,Inactive,,*,-1,-1
2024-10-12T17:52:47.328-04:00,IdeState,Inactive,,*,-1,-1
2024-10-12T17:52:48.336-04:00,IdeState,Inactive,,*,-1,-1
2024-10-12T17:52:49.346-04:00,IdeState,Inactive,,*,-1,-1
2024-10-12T17:52:50.357-04:00,IdeState,Inactive,,*,-1,-1
2024-10-12T17:52:51.365-04:00,IdeState,Inactive,,*,-1,-1
2024-10-12T17:52:52.385-04:00,IdeState,Inactive,,*,-1,-1
2024-10-12T17:52:53.401-04:00,IdeState,Inactive,,*,-1,-1
2024-10-12T17:52:54.405-04:00,IdeState,Inactive,,*,-1,-1
2024-10-12T17:52:55.413-04:00,IdeState,Inactive,,*,-1,-1
2024-10-12T17:52:56.417-04:00,IdeState,Inactive,,*,-1,-1
2024-10-12T17:52:57.420-04:00,IdeState,Inactive,,*,-1,-1
2024-10-12T17:52:58.443-04:00,IdeState,Inactive,,*,-1,-1
2024-10-12T17:52:59.501-04:00,IdeState,Inactive,,*,-1,-1
2024-10-12T17:53:00.521-04:00,IdeState,Inactive,,*,-1,-1
2024-10-12T17:53:01.533-04:00,IdeState,Inactive,,*,-1,-1
2024-10-12T17:53:02.546-04:00,IdeState,Inactive,,*,-1,-1
2024-10-12T17:53:03.551-04:00,IdeState,Inactive,,*,-1,-1
2024-10-12T17:53:04.577-04:00,IdeState,Inactive,,*,-1,-1
2024-10-12T17:53:05.587-04:00,IdeState,Inactive,,*,-1,-1
2024-10-12T17:53:06.596-04:00,IdeState,Inactive,,*,-1,-1
2024-10-12T17:53:07.613-04:00,IdeState,Inactive,,*,-1,-1
2024-10-12T17:53:08.620-04:00,IdeState,Inactive,,*,-1,-1
2024-10-12T17:53:09.631-04:00,IdeState,Inactive,,*,-1,-1
2024-10-12T17:53:10.647-04:00,IdeState,Inactive,,*,-1,-1
2024-10-12T17:53:11.658-04:00,IdeState,Inactive,,*,-1,-1
2024-10-12T17:53:12.662-04:00,IdeState,Inactive,,*,-1,-1
2024-10-12T17:53:13.673-04:00,IdeState,Inactive,,*,-1,-1
2024-10-12T17:53:14.683-04:00,IdeState,Inactive,,*,-1,-1
2024-10-12T17:53:15.692-04:00,IdeState,Inactive,,*,-1,-1
2024-10-12T17:53:16.706-04:00,IdeState,Inactive,,*,-1,-1
2024-10-12T17:53:17.745-04:00,IdeState,Inactive,,*,-1,-1
2024-10-12T17:53:18.768-04:00,IdeState,Inactive,,*,-1,-1
2024-10-12T17:53:19.775-04:00,IdeState,Inactive,,*,-1,-1
2024-10-12T17:53:20.790-04:00,IdeState,Inactive,,*,-1,-1
2024-10-12T17:53:21.825-04:00,IdeState,Inactive,,*,-1,-1
2024-10-12T17:53:22.866-04:00,IdeState,Inactive,,*,-1,-1
2024-10-12T17:53:23.876-04:00,IdeState,Inactive,,*,-1,-1
2024-10-12T17:53:24.892-04:00,IdeState,Inactive,,*,-1,-1
2024-10-12T17:53:25.897-04:00,IdeState,Inactive,,*,-1,-1
2024-10-12T17:53:26.901-04:00,IdeState,Inactive,,*,-1,-1
2024-10-12T17:53:27.905-04:00,IdeState,Inactive,,*,-1,-1
2024-10-12T17:53:28.920-04:00,IdeState,Inactive,,*,-1,-1
2024-10-12T17:53:29.944-04:00,IdeState,Inactive,,*,-1,-1
2024-10-12T17:53:30.961-04:00,IdeState,Inactive,,*,-1,-1
2024-10-12T17:53:31.975-04:00,IdeState,Inactive,,*,-1,-1
2024-10-12T17:53:33.084-04:00,IdeState,Inactive,,*,-1,-1
2024-10-12T17:53:34.095-04:00,IdeState,Inactive,,*,-1,-1
2024-10-12T17:53:35.116-04:00,IdeState,Inactive,,*,-1,-1
2024-10-12T17:53:36.174-04:00,IdeState,Inactive,,*,-1,-1
2024-10-12T17:53:37.224-04:00,IdeState,Inactive,,*,-1,-1
2024-10-12T17:53:38.265-04:00,IdeState,Inactive,,*,-1,-1
2024-10-12T17:53:39.281-04:00,IdeState,Inactive,,*,-1,-1
2024-10-12T17:53:40.310-04:00,IdeState,Inactive,,*,-1,-1
2024-10-12T17:53:41.321-04:00,IdeState,Inactive,,*,-1,-1
2024-10-12T17:53:42.330-04:00,IdeState,Inactive,,*,-1,-1
2024-10-12T17:53:43.342-04:00,IdeState,Inactive,,*,-1,-1
2024-10-12T17:53:44.361-04:00,IdeState,Inactive,,*,-1,-1
2024-10-12T17:53:45.370-04:00,IdeState,Inactive,,*,-1,-1
2024-10-12T17:53:46.375-04:00,IdeState,Inactive,,*,-1,-1
2024-10-12T17:53:47.387-04:00,IdeState,Inactive,,*,-1,-1
2024-10-12T17:53:48.404-04:00,IdeState,Inactive,,*,-1,-1
2024-10-12T17:53:49.415-04:00,IdeState,Inactive,,*,-1,-1
2024-10-12T17:53:50.429-04:00,IdeState,Inactive,,*,-1,-1
2024-10-12T17:53:51.435-04:00,IdeState,Inactive,,*,-1,-1
2024-10-12T17:53:52.447-04:00,IdeState,Inactive,,*,-1,-1
2024-10-12T17:53:53.458-04:00,IdeState,Inactive,,*,-1,-1
2024-10-12T17:53:54.473-04:00,IdeState,Inactive,,*,-1,-1
2024-10-12T17:53:55.487-04:00,IdeState,Inactive,,*,-1,-1
2024-10-12T17:53:56.504-04:00,IdeState,Inactive,,*,-1,-1
2024-10-12T17:53:57.522-04:00,IdeState,Inactive,,*,-1,-1
2024-10-12T17:53:58.529-04:00,IdeState,Inactive,,*,-1,-1
2024-10-12T17:53:59.537-04:00,IdeState,Inactive,,*,-1,-1
2024-10-12T17:54:00.544-04:00,IdeState,Inactive,,*,-1,-1
2024-10-12T17:54:01.561-04:00,IdeState,Inactive,,*,-1,-1
2024-10-12T17:54:02.573-04:00,IdeState,Inactive,,*,-1,-1
2024-10-12T17:54:03.587-04:00,IdeState,Inactive,,*,-1,-1
2024-10-12T17:54:04.594-04:00,IdeState,Inactive,,*,-1,-1
2024-10-12T17:54:05.612-04:00,IdeState,Inactive,,*,-1,-1
2024-10-12T17:54:06.630-04:00,IdeState,Inactive,,*,-1,-1
2024-10-12T17:54:07.635-04:00,IdeState,Inactive,,*,-1,-1
2024-10-12T17:54:08.649-04:00,IdeState,Inactive,,*,-1,-1
2024-10-12T17:54:09.665-04:00,IdeState,Inactive,,*,-1,-1
2024-10-12T17:54:10.707-04:00,IdeState,Inactive,,*,-1,-1
2024-10-12T17:54:11.714-04:00,IdeState,Inactive,,*,-1,-1
2024-10-12T17:54:12.721-04:00,IdeState,Inactive,,*,-1,-1
2024-10-12T17:54:13.735-04:00,IdeState,Inactive,,*,-1,-1
2024-10-12T17:54:14.767-04:00,IdeState,Inactive,,*,-1,-1
2024-10-12T17:54:15.842-04:00,IdeState,Inactive,,*,-1,-1
2024-10-12T17:54:16.850-04:00,IdeState,Inactive,,*,-1,-1
2024-10-12T17:54:17.875-04:00,IdeState,Inactive,,*,-1,-1
2024-10-12T17:54:18.890-04:00,IdeState,Inactive,,*,-1,-1
2024-10-12T17:54:19.906-04:00,IdeState,Inactive,,*,-1,-1
2024-10-12T17:54:20.906-04:00,IdeState,Inactive,,*,-1,-1
2024-10-12T17:54:21.911-04:00,IdeState,Inactive,,*,-1,-1
2024-10-12T17:54:22.925-04:00,IdeState,Inactive,,*,-1,-1
2024-10-12T17:54:23.934-04:00,IdeState,Inactive,,*,-1,-1
2024-10-12T17:54:24.939-04:00,IdeState,Inactive,,*,-1,-1
2024-10-12T17:54:25.945-04:00,IdeState,Inactive,,*,-1,-1
2024-10-12T17:54:26.969-04:00,IdeState,Inactive,,*,-1,-1
2024-10-12T17:54:27.986-04:00,IdeState,Inactive,,*,-1,-1
2024-10-12T17:54:28.994-04:00,IdeState,Inactive,,*,-1,-1
2024-10-12T17:54:29.997-04:00,IdeState,Inactive,,*,-1,-1
2024-10-12T17:54:31.016-04:00,IdeState,Inactive,,*,-1,-1
2024-10-12T17:54:32.174-04:00,IdeState,Inactive,,*,-1,-1
2024-10-12T17:54:33.181-04:00,IdeState,Inactive,,*,-1,-1
2024-10-12T17:54:34.188-04:00,IdeState,Inactive,,*,-1,-1
2024-10-12T17:54:35.202-04:00,IdeState,Inactive,,*,-1,-1
2024-10-12T17:54:36.210-04:00,IdeState,Inactive,,*,-1,-1
2024-10-12T17:54:37.293-04:00,IdeState,Inactive,,*,-1,-1
2024-10-12T17:54:38.304-04:00,IdeState,Inactive,,*,-1,-1
2024-10-12T17:54:39.314-04:00,IdeState,Inactive,,*,-1,-1
2024-10-12T17:54:40.327-04:00,IdeState,Inactive,,*,-1,-1
2024-10-12T17:54:41.335-04:00,IdeState,Inactive,,*,-1,-1
2024-10-12T17:54:42.340-04:00,IdeState,Inactive,,*,-1,-1
2024-10-12T17:54:43.353-04:00,IdeState,Inactive,,*,-1,-1
2024-10-12T17:54:44.359-04:00,IdeState,Inactive,,*,-1,-1
2024-10-12T17:54:45.383-04:00,IdeState,Inactive,,*,-1,-1
2024-10-12T17:54:46.475-04:00,IdeState,Inactive,,*,-1,-1
2024-10-12T17:54:47.505-04:00,IdeState,Inactive,,*,-1,-1
2024-10-12T17:54:48.591-04:00,IdeState,Inactive,,*,-1,-1
2024-10-12T17:54:49.622-04:00,IdeState,Inactive,,*,-1,-1
2024-10-12T17:54:50.630-04:00,IdeState,Inactive,,*,-1,-1
2024-10-12T17:54:53.505-04:00,IdeState,Inactive,,*,-1,-1
2024-10-12T17:54:54.594-04:00,IdeState,Inactive,,*,-1,-1
2024-10-12T17:54:55.701-04:00,IdeState,Inactive,,*,-1,-1
2024-10-12T17:54:56.708-04:00,IdeState,Inactive,,*,-1,-1
2024-10-12T17:54:57.719-04:00,IdeState,Inactive,,*,-1,-1
2024-10-12T17:54:58.729-04:00,IdeState,Inactive,,*,-1,-1
2024-10-12T17:54:59.744-04:00,IdeState,Inactive,,*,-1,-1
2024-10-12T17:55:00.800-04:00,IdeState,Inactive,,*,-1,-1
2024-10-12T17:55:01.815-04:00,IdeState,Inactive,,*,-1,-1
2024-10-12T17:55:02.830-04:00,IdeState,Inactive,,*,-1,-1
2024-10-12T17:55:03.844-04:00,IdeState,Inactive,,*,-1,-1
2024-10-12T17:55:04.854-04:00,IdeState,Inactive,,*,-1,-1
2024-10-12T17:55:05.856-04:00,IdeState,Inactive,,*,-1,-1
2024-10-12T17:55:06.869-04:00,IdeState,Inactive,,*,-1,-1
2024-10-12T17:55:07.879-04:00,IdeState,Inactive,,*,-1,-1
2024-10-12T17:55:08.892-04:00,IdeState,Inactive,,*,-1,-1
2024-10-12T17:55:09.903-04:00,IdeState,Inactive,,*,-1,-1
2024-10-12T17:55:10.930-04:00,IdeState,Inactive,,*,-1,-1
2024-10-12T17:55:11.995-04:00,IdeState,Inactive,,*,-1,-1
2024-10-12T17:55:13.012-04:00,IdeState,Inactive,,*,-1,-1
2024-10-12T17:55:14.018-04:00,IdeState,Inactive,,*,-1,-1
2024-10-12T17:55:15.030-04:00,IdeState,Inactive,,*,-1,-1
2024-10-12T17:55:16.031-04:00,IdeState,Inactive,,*,-1,-1
2024-10-12T17:55:17.049-04:00,IdeState,Inactive,,*,-1,-1
2024-10-12T17:55:18.060-04:00,IdeState,Inactive,,*,-1,-1
2024-10-12T17:55:19.070-04:00,IdeState,Inactive,,*,-1,-1
2024-10-12T17:55:20.081-04:00,IdeState,Inactive,,*,-1,-1
2024-10-12T17:55:21.095-04:00,IdeState,Inactive,,*,-1,-1
2024-10-12T17:55:22.132-04:00,IdeState,Inactive,,*,-1,-1
2024-10-12T17:55:23.148-04:00,IdeState,Inactive,,*,-1,-1
2024-10-12T17:55:24.165-04:00,IdeState,Inactive,,*,-1,-1
2024-10-12T17:55:25.176-04:00,IdeState,Inactive,,*,-1,-1
2024-10-12T17:55:26.178-04:00,IdeState,Inactive,,*,-1,-1
2024-10-12T17:55:27.193-04:00,IdeState,Inactive,,*,-1,-1
2024-10-12T17:55:28.210-04:00,IdeState,Inactive,,*,-1,-1
2024-10-12T17:55:29.226-04:00,IdeState,Inactive,,*,-1,-1
2024-10-12T17:55:30.229-04:00,IdeState,Inactive,,*,-1,-1
2024-10-12T17:55:31.235-04:00,IdeState,Inactive,,*,-1,-1
2024-10-12T17:55:32.245-04:00,IdeState,Inactive,,*,-1,-1
2024-10-12T17:55:33.251-04:00,IdeState,Inactive,,*,-1,-1
2024-10-12T17:55:34.257-04:00,IdeState,Inactive,,*,-1,-1
2024-10-12T17:55:35.271-04:00,IdeState,Inactive,,*,-1,-1
2024-10-12T17:55:36.284-04:00,IdeState,Inactive,,*,-1,-1
2024-10-12T17:55:37.296-04:00,IdeState,Inactive,,*,-1,-1
2024-10-12T17:55:38.311-04:00,IdeState,Inactive,,*,-1,-1
2024-10-12T17:55:39.318-04:00,IdeState,Inactive,,*,-1,-1
2024-10-12T17:55:40.326-04:00,IdeState,Inactive,,*,-1,-1
2024-10-12T17:55:41.336-04:00,IdeState,Inactive,,*,-1,-1
2024-10-12T17:55:42.353-04:00,IdeState,Inactive,,*,-1,-1
2024-10-12T17:55:43.362-04:00,IdeState,Inactive,,*,-1,-1
2024-10-12T17:55:44.372-04:00,IdeState,Inactive,,*,-1,-1
2024-10-12T17:55:45.405-04:00,IdeState,Inactive,,*,-1,-1
2024-10-12T17:55:46.414-04:00,IdeState,Inactive,,*,-1,-1
2024-10-12T17:55:47.427-04:00,IdeState,Inactive,,*,-1,-1
2024-10-12T17:55:48.436-04:00,IdeState,Inactive,,*,-1,-1
2024-10-12T17:55:49.450-04:00,IdeState,Inactive,,*,-1,-1
2024-10-12T17:55:50.465-04:00,IdeState,Inactive,,*,-1,-1
2024-10-12T17:55:51.476-04:00,IdeState,Inactive,,*,-1,-1
2024-10-12T17:55:52.490-04:00,IdeState,Inactive,,*,-1,-1
2024-10-12T17:55:53.510-04:00,IdeState,Inactive,,*,-1,-1
2024-10-12T17:55:54.519-04:00,IdeState,Inactive,,*,-1,-1
2024-10-12T17:55:55.522-04:00,IdeState,Inactive,,*,-1,-1
2024-10-12T17:55:56.530-04:00,IdeState,Inactive,,*,-1,-1
2024-10-12T17:55:57.545-04:00,IdeState,Inactive,,*,-1,-1
2024-10-12T17:55:58.562-04:00,IdeState,Inactive,,*,-1,-1
2024-10-12T17:55:59.854-04:00,IdeState,Inactive,,*,-1,-1
2024-10-12T17:56:00.920-04:00,IdeState,Inactive,,*,-1,-1
2024-10-12T17:56:01.938-04:00,IdeState,Inactive,,*,-1,-1
2024-10-12T17:56:02.945-04:00,IdeState,Inactive,,*,-1,-1
2024-10-12T17:56:03.948-04:00,IdeState,Inactive,,*,-1,-1
2024-10-12T17:56:04.949-04:00,IdeState,Inactive,,*,-1,-1
2024-10-12T17:56:05.949-04:00,IdeState,Active,Project,*,-1,-1
2024-10-12T17:56:06.558-04:00,Action,SettingsEntryPoint,Project,*,-1,-1
2024-10-12T17:56:06.953-04:00,IdeState,Active,Project,*,-1,-1
2024-10-12T17:56:07.556-04:00,Action,WelcomeScreen.Plugins,,*,-1,-1
2024-10-12T17:56:08.769-04:00,IdeState,Active,Dialog,*,-1,-1
2024-10-12T17:56:09.772-04:00,IdeState,Active,Dialog,*,-1,-1
2024-10-12T17:56:10.774-04:00,IdeState,Inactive,,*,-1,-1
2024-10-12T17:56:11.774-04:00,IdeState,Active,Dialog,*,-1,-1
2024-10-12T17:56:12.775-04:00,IdeState,Active,Dialog,*,-1,-1
2024-10-12T17:56:13.776-04:00,IdeState,Active,Dialog,*,-1,-1
2024-10-12T17:56:14.777-04:00,IdeState,Active,Dialog,*,-1,-1
2024-10-12T17:56:15.778-04:00,IdeState,Active,Dialog,*,-1,-1
2024-10-12T17:56:16.779-04:00,IdeState,Active,Dialog,*,-1,-1
2024-10-12T17:56:17.780-04:00,IdeState,Active,Dialog,*,-1,-1
2024-10-12T17:56:18.782-04:00,IdeState,Active,Dialog,*,-1,-1
2024-10-12T17:56:19.784-04:00,IdeState,Active,Dialog,*,-1,-1
2024-10-12T17:56:27.708-04:00,IdeState,NoProject,,*,-1,-1
2024-10-12T17:56:29.600-04:00,IdeState,Active,Popup,*,-1,-1
2024-10-12T17:56:30.752-04:00,IdeState,Active,Popup,*,-1,-1
2024-10-12T17:56:32.251-04:00,IdeState,Active,Project,*,-1,-1
2024-10-12T17:56:33.269-04:00,IdeState,Active,Project,*,-1,-1
2024-10-12T17:56:34.272-04:00,IdeState,Active,Project,*,-1,-1
2024-10-12T17:56:35.274-04:00,IdeState,Active,Project,*,-1,-1
2024-10-12T17:56:36.309-04:00,IdeState,Active,Project,*,-1,-1
2024-10-12T17:56:37.338-04:00,IdeState,Active,Project,*,-1,-1
2024-10-12T17:56:38.340-04:00,IdeState,Active,Project,*,-1,-1
2024-10-12T17:56:39.341-04:00,IdeState,Active,Project,*,-1,-1
2024-10-12T17:56:40.344-04:00,IdeState,Active,Project,*,-1,-1
2024-10-12T17:56:41.347-04:00,IdeState,Active,Project,*,-1,-1
2024-10-12T17:56:42.348-04:00,IdeState,Active,Project,*,-1,-1
2024-10-12T17:56:43.351-04:00,IdeState,Active,Project,*,-1,-1
2024-10-12T17:56:44.352-04:00,IdeState,Active,Project,*,-1,-1
2024-10-12T17:56:45.353-04:00,IdeState,Active,Project,*,-1,-1
2024-10-12T17:56:46.357-04:00,IdeState,Active,Project,*,-1,-1
2024-10-12T17:56:47.361-04:00,IdeState,Active,Project,*,-1,-1
2024-10-12T17:56:48.364-04:00,IdeState,Active,Project,*,-1,-1
2024-10-12T17:56:49.367-04:00,IdeState,Active,Project,*,-1,-1
2024-10-12T17:56:50.371-04:00,IdeState,Active,Project,*,-1,-1
2024-10-12T17:56:51.377-04:00,IdeState,Active,Project,*,-1,-1
2024-10-12T17:56:52.378-04:00,IdeState,Inactive,,*,-1,-1
2024-10-12T17:56:53.380-04:00,IdeState,Inactive,,*,-1,-1
2024-10-12T17:56:54.382-04:00,IdeState,Active,Project,*,-1,-1
2024-10-12T17:56:55.383-04:00,IdeState,Active,Project,*,-1,-1
2024-10-12T17:56:56.385-04:00,IdeState,Inactive,,*,-1,-1
2024-10-12T17:56:57.386-04:00,IdeState,Inactive,,*,-1,-1
2024-10-12T17:56:58.389-04:00,IdeState,Inactive,,*,-1,-1
2024-10-12T17:56:59.407-04:00,IdeState,Inactive,,*,-1,-1
2024-10-12T17:57:00.420-04:00,IdeState,Inactive,,*,-1,-1
2024-10-12T17:57:01.432-04:00,IdeState,Inactive,,*,-1,-1
2024-10-12T17:57:02.446-04:00,IdeState,Inactive,,*,-1,-1
2024-10-12T17:57:03.470-04:00,IdeState,Inactive,,*,-1,-1
2024-10-12T17:57:04.486-04:00,IdeState,Active,Project,*,-1,-1
2024-10-12T17:57:04.675-04:00,Action,SettingsEntryPoint,Project,*,-1,-1
2024-10-12T17:57:05.491-04:00,IdeState,Active,Project,*,-1,-1
2024-10-12T17:57:05.759-04:00,Action,WelcomeScreen.Plugins,,*,-1,-1
2024-10-12T17:57:07.188-04:00,IdeState,Active,Dialog,*,-1,-1
2024-10-12T17:57:08.191-04:00,IdeState,Active,Dialog,*,-1,-1
2024-10-12T17:57:09.192-04:00,IdeState,Active,Dialog,*,-1,-1
2024-10-12T17:57:10.194-04:00,IdeState,Inactive,,*,-1,-1
2024-10-12T17:57:11.195-04:00,IdeState,Active,Dialog,*,-1,-1
2024-10-12T17:57:12.198-04:00,IdeState,Active,Dialog,*,-1,-1
2024-10-12T17:57:13.201-04:00,IdeState,Active,Dialog,*,-1,-1
2024-10-12T17:57:14.202-04:00,IdeState,Active,Dialog,*,-1,-1
2024-10-12T17:57:15.203-04:00,IdeState,Active,Dialog,*,-1,-1
2024-10-12T17:57:16.204-04:00,IdeState,Active,Dialog,*,-1,-1
2024-10-13T10:29:01.021-04:00,IdeState,Inactive,,*,-1,-1
2024-10-13T10:29:02.259-04:00,IdeState,Active,Popup,*,-1,-1
2024-10-13T10:29:03.413-04:00,IdeState,Inactive,,*,-1,-1
2024-10-13T10:29:04.722-04:00,IdeState,Inactive,,*,-1,-1
2024-10-13T10:29:06.166-04:00,IdeState,Active,Popup,*,-1,-1
2024-10-13T10:29:07.200-04:00,IdeState,Active,Popup,*,-1,-1
2024-10-13T10:29:08.202-04:00,IdeState,Active,Popup,*,-1,-1
2024-10-13T10:29:09.204-04:00,IdeState,Active,Popup,*,-1,-1
2024-10-13T10:29:10.206-04:00,IdeState,Active,Popup,*,-1,-1
2024-10-13T10:38:17.700-04:00,IdeState,NoProject,,*,-1,-1
2024-10-13T10:38:18.811-04:00,IdeState,Active,Popup,*,-1,-1
2024-10-13T10:38:19.871-04:00,IdeState,Active,Popup,*,-1,-1
2024-10-13T10:38:21.209-04:00,IdeState,Active,Project,*,-1,-1
2024-10-13T10:38:22.241-04:00,IdeState,Active,Project,*,-1,-1
2024-10-13T10:38:23.256-04:00,IdeState,Active,Project,*,-1,-1
2024-10-13T10:38:24.257-04:00,IdeState,Active,Project,*,-1,-1
2024-10-13T10:38:25.258-04:00,IdeState,Active,Dialog,*,-1,-1
2024-10-13T10:38:26.337-04:00,IdeState,Inactive,,*,-1,-1
2024-10-13T10:46:12.308-04:00,IdeState,NoProject,,*,-1,-1
2024-10-13T10:46:13.755-04:00,IdeState,Active,Popup,*,-1,-1
2024-10-13T10:46:15.048-04:00,IdeState,Active,Project,*,-1,-1
2024-10-13T10:46:16.052-04:00,IdeState,Active,Project,*,-1,-1
2024-10-13T10:46:17.053-04:00,IdeState,Active,Project,*,-1,-1
2024-10-13T10:46:18.095-04:00,IdeState,Active,Project,*,-1,-1
2024-10-13T10:46:19.096-04:00,IdeState,Active,Project,*,-1,-1
2024-10-13T10:46:20.098-04:00,IdeState,Active,Project,*,-1,-1
2024-10-13T10:46:21.100-04:00,IdeState,Active,Project,*,-1,-1
2024-10-13T10:54:43.184-04:00,IdeState,Active,Popup,*,-1,-1
2024-10-13T10:54:44.495-04:00,IdeState,Active,Popup,*,-1,-1
2024-10-13T10:54:45.785-04:00,IdeState,Active,Project,*,-1,-1
2024-10-13T10:54:46.787-04:00,IdeState,Active,Project,*,-1,-1
2024-10-13T10:54:47.788-04:00,IdeState,Active,Project,*,-1,-1
2024-10-13T10:54:48.790-04:00,IdeState,Active,Project,*,-1,-1
2024-10-13T10:54:49.799-04:00,IdeState,Active,Project,*,-1,-1
2024-10-13T10:54:50.975-04:00,IdeState,Active,Project,*,-1,-1
2024-10-13T10:54:51.976-04:00,IdeState,Active,Project,*,-1,-1
2024-10-13T11:02:12.078-04:00,IdeState,Inactive,,*,-1,-1
2024-10-13T11:02:13.382-04:00,IdeState,Active,Popup,*,-1,-1
2024-10-13T11:02:14.671-04:00,IdeState,Active,Popup,*,-1,-1
2024-10-13T11:02:16.247-04:00,IdeState,Active,Project,*,-1,-1
2024-10-13T11:02:17.280-04:00,IdeState,Active,Project,*,-1,-1
2024-10-13T11:02:18.281-04:00,IdeState,Active,Project,*,-1,-1
2024-10-13T11:02:19.283-04:00,IdeState,Active,Dialog,*,-1,-1
2024-10-13T11:02:20.285-04:00,IdeState,Active,Dialog,*,-1,-1
2024-10-13T11:02:21.286-04:00,IdeState,Active,Dialog,*,-1,-1
2024-10-13T13:53:52.023-04:00,IdeState,Inactive,,*,-1,-1
2024-10-13T13:53:53.086-04:00,IdeState,Inactive,,*,-1,-1
2024-10-13T13:53:54.087-04:00,IdeState,Inactive,,*,-1,-1
2024-10-13T13:53:55.637-04:00,IdeState,NoProject,,*,-1,-1
2024-10-13T13:53:57.134-04:00,IdeState,Active,Popup,*,-1,-1
2024-10-13T13:53:58.438-04:00,IdeState,Active,Project,*,-1,-1
2024-10-13T13:53:59.455-04:00,IdeState,Active,Project,*,-1,-1
2024-10-13T13:54:00.456-04:00,IdeState,Active,Project,*,-1,-1
2024-10-13T13:54:01.467-04:00,IdeState,Active,Project,*,-1,-1
2024-10-13T13:54:02.480-04:00,IdeState,Active,Project,*,-1,-1
2024-10-13T13:54:03.492-04:00,IdeState,Active,Project,*,-1,-1
2024-10-13T13:54:04.495-04:00,IdeState,Active,Project,*,-1,-1
2024-10-13T13:54:05.497-04:00,IdeState,Active,Project,*,-1,-1
2024-10-13T13:54:06.499-04:00,IdeState,Active,Project,*,-1,-1
2024-10-13T13:54:07.501-04:00,IdeState,Active,Project,*,-1,-1
2024-10-13T13:54:08.502-04:00,IdeState,Active,Dialog,*,-1,-1
2024-10-13T13:54:09.505-04:00,IdeState,Active,Dialog,*,-1,-1
2024-10-13T13:54:10.507-04:00,IdeState,Active,Project,*,-1,-1
2024-10-13T13:54:11.509-04:00,IdeState,Inactive,,*,-1,-1
2024-10-13T13:54:12.511-04:00,IdeState,Inactive,,*,-1,-1
2024-10-13T13:54:13.512-04:00,IdeState,Inactive,,*,-1,-1
2024-10-13T13:54:14.514-04:00,IdeState,Inactive,,*,-1,-1
2024-10-13T13:54:15.516-04:00,IdeState,Inactive,,*,-1,-1
2024-10-13T13:54:16.519-04:00,IdeState,Inactive,,*,-1,-1
2024-10-13T13:54:17.521-04:00,IdeState,Inactive,,*,-1,-1
2024-10-13T13:54:18.523-04:00,IdeState,Inactive,,*,-1,-1
2024-10-13T13:54:19.525-04:00,IdeState,Inactive,,*,-1,-1
2024-10-13T13:54:20.526-04:00,IdeState,Inactive,,*,-1,-1
2024-10-13T13:54:21.528-04:00,IdeState,Inactive,,*,-1,-1
2024-10-13T13:54:22.530-04:00,IdeState,Inactive,,*,-1,-1
2024-10-13T13:54:23.532-04:00,IdeState,Inactive,,*,-1,-1
2024-10-13T13:54:24.533-04:00,IdeState,Inactive,,*,-1,-1
2024-10-13T13:54:25.535-04:00,IdeState,Inactive,,*,-1,-1
2024-10-13T13:54:26.536-04:00,IdeState,Inactive,,*,-1,-1
2024-10-13T13:54:27.538-04:00,IdeState,Inactive,,*,-1,-1
2024-10-13T13:54:28.540-04:00,IdeState,Inactive,,*,-1,-1
2024-10-13T13:54:29.542-04:00,IdeState,Inactive,,*,-1,-1
2024-10-13T13:54:30.544-04:00,IdeState,Inactive,,*,-1,-1
2024-10-13T13:54:31.544-04:00,IdeState,Inactive,,*,-1,-1
2024-10-13T13:54:32.546-04:00,IdeState,Inactive,,*,-1,-1
2024-10-13T13:54:33.550-04:00,IdeState,Inactive,,*,-1,-1
2024-10-13T13:54:34.551-04:00,IdeState,Inactive,,*,-1,-1
2024-10-13T13:54:35.553-04:00,IdeState,Inactive,,*,-1,-1
2024-10-13T13:54:36.554-04:00,IdeState,Inactive,,*,-1,-1
2024-10-13T13:54:37.558-04:00,IdeState,Inactive,,*,-1,-1
2024-10-13T13:54:38.560-04:00,IdeState,Inactive,,*,-1,-1
2024-10-13T13:54:39.561-04:00,IdeState,Inactive,,*,-1,-1
2024-10-13T13:54:40.563-04:00,IdeState,Inactive,,*,-1,-1
2024-10-13T13:54:41.565-04:00,IdeState,Inactive,,*,-1,-1
2024-10-13T13:54:42.566-04:00,IdeState,Inactive,,*,-1,-1
2024-10-13T13:54:43.569-04:00,IdeState,Inactive,,*,-1,-1
2024-10-13T13:54:44.570-04:00,IdeState,Inactive,,*,-1,-1
2024-10-13T13:54:45.572-04:00,IdeState,Inactive,,*,-1,-1
2024-10-13T13:54:46.574-04:00,IdeState,Inactive,,*,-1,-1
2024-10-13T13:54:47.574-04:00,IdeState,Inactive,,*,-1,-1
2024-10-13T13:54:48.576-04:00,IdeState,Inactive,,*,-1,-1
2024-10-13T13:54:49.577-04:00,IdeState,Inactive,,*,-1,-1
2024-10-13T13:54:50.579-04:00,IdeState,Active,Notifications,*,-1,-1
2024-10-13T13:54:51.581-04:00,IdeState,Active,Project,*,-1,-1
2024-10-13T13:54:52.582-04:00,IdeState,Active,tasktracker,*,-1,-1
2024-10-13T13:54:53.583-04:00,IdeState,Active,tasktracker,*,-1,-1
2024-10-13T13:54:54.584-04:00,IdeState,Active,tasktracker,*,-1,-1
2024-10-13T13:54:55.586-04:00,IdeState,Active,tasktracker,*,-1,-1
2024-10-13T13:54:56.586-04:00,IdeState,Active,tasktracker,*,-1,-1
2024-10-13T13:54:57.589-04:00,IdeState,Inactive,,*,-1,-1
2024-10-13T13:54:58.591-04:00,IdeState,Inactive,,*,-1,-1
2024-10-13T13:54:59.592-04:00,IdeState,Inactive,,*,-1,-1
2024-10-13T13:55:00.594-04:00,IdeState,Inactive,,*,-1,-1
2024-10-13T13:55:01.596-04:00,IdeState,Inactive,,*,-1,-1
2024-10-13T13:55:02.597-04:00,IdeState,Inactive,,*,-1,-1
2024-10-13T13:55:03.598-04:00,IdeState,Inactive,,*,-1,-1
2024-10-13T13:55:04.600-04:00,IdeState,Inactive,,*,-1,-1
2024-10-13T13:55:05.603-04:00,IdeState,Inactive,,*,-1,-1
2024-10-13T13:55:06.603-04:00,IdeState,Inactive,,*,-1,-1
2024-10-13T13:55:07.606-04:00,IdeState,Inactive,,*,-1,-1
2024-10-13T13:55:08.609-04:00,IdeState,Inactive,,*,-1,-1
2024-10-13T13:55:09.612-04:00,IdeState,Inactive,,*,-1,-1
2024-10-13T13:55:10.613-04:00,IdeState,Inactive,,*,-1,-1
2024-10-13T13:55:11.615-04:00,IdeState,Inactive,,*,-1,-1
2024-10-13T13:55:12.617-04:00,IdeState,Inactive,,*,-1,-1
2024-10-13T13:55:13.619-04:00,IdeState,Inactive,,*,-1,-1
2024-10-13T13:55:14.620-04:00,IdeState,Inactive,,*,-1,-1
2024-10-13T13:55:15.621-04:00,IdeState,Inactive,,*,-1,-1
2024-10-13T13:55:16.622-04:00,IdeState,Inactive,,*,-1,-1
2024-10-13T13:55:17.623-04:00,IdeState,Inactive,,*,-1,-1
2024-10-13T13:55:18.624-04:00,IdeState,Inactive,,*,-1,-1
2024-10-13T13:55:19.626-04:00,IdeState,Inactive,,*,-1,-1
2024-10-13T13:55:20.627-04:00,IdeState,Inactive,,*,-1,-1
2024-10-13T13:55:21.629-04:00,IdeState,Inactive,,*,-1,-1
2024-10-13T13:55:22.631-04:00,IdeState,Inactive,,*,-1,-1
2024-10-13T13:55:23.634-04:00,IdeState,Inactive,,*,-1,-1
2024-10-13T13:55:24.635-04:00,IdeState,Inactive,,*,-1,-1
2024-10-13T13:55:25.638-04:00,IdeState,Inactive,,*,-1,-1
2024-10-13T13:55:26.639-04:00,IdeState,Inactive,,*,-1,-1
2024-10-13T13:55:27.640-04:00,IdeState,Inactive,,*,-1,-1
2024-10-13T13:55:28.641-04:00,IdeState,Inactive,,*,-1,-1
2024-10-13T13:55:29.642-04:00,IdeState,Inactive,,*,-1,-1
2024-10-13T13:55:30.643-04:00,IdeState,Inactive,,*,-1,-1
2024-10-13T13:55:31.644-04:00,IdeState,Inactive,,*,-1,-1
2024-10-13T13:55:32.647-04:00,IdeState,Inactive,,*,-1,-1
2024-10-13T13:55:33.649-04:00,IdeState,Inactive,,*,-1,-1
2024-10-13T13:55:34.652-04:00,IdeState,Inactive,,*,-1,-1
2024-10-13T13:55:35.654-04:00,IdeState,Inactive,,*,-1,-1
2024-10-13T13:55:36.656-04:00,IdeState,Inactive,,*,-1,-1
2024-10-13T13:55:37.657-04:00,IdeState,Inactive,,*,-1,-1
2024-10-13T13:55:38.658-04:00,IdeState,Inactive,,*,-1,-1
2024-10-13T13:55:39.659-04:00,IdeState,Inactive,,*,-1,-1
2024-10-13T13:55:40.662-04:00,IdeState,Inactive,,*,-1,-1
2024-10-13T13:55:41.663-04:00,IdeState,Inactive,,*,-1,-1
2024-10-13T13:55:42.665-04:00,IdeState,Inactive,,*,-1,-1
2024-10-13T13:55:43.666-04:00,IdeState,Inactive,,*,-1,-1
2024-10-13T13:55:44.667-04:00,IdeState,Inactive,,*,-1,-1
2024-10-13T13:55:45.668-04:00,IdeState,Inactive,,*,-1,-1
2024-10-13T13:55:46.670-04:00,IdeState,Inactive,,*,-1,-1
2024-10-13T13:55:47.671-04:00,IdeState,Inactive,,*,-1,-1
2024-10-13T13:55:48.672-04:00,IdeState,Inactive,,*,-1,-1
2024-10-13T13:55:49.675-04:00,IdeState,Inactive,,*,-1,-1
2024-10-13T13:55:50.676-04:00,IdeState,Inactive,,*,-1,-1
2024-10-13T13:55:51.677-04:00,IdeState,Inactive,,*,-1,-1
2024-10-13T13:55:52.677-04:00,IdeState,Inactive,,*,-1,-1
2024-10-13T13:55:53.680-04:00,IdeState,Inactive,,*,-1,-1
2024-10-13T13:55:54.681-04:00,IdeState,Inactive,,*,-1,-1
2024-10-13T13:55:55.682-04:00,IdeState,Inactive,,*,-1,-1
2024-10-13T13:55:56.686-04:00,IdeState,Active,tasktracker,*,-1,-1
2024-10-13T13:55:57.686-04:00,IdeState,Inactive,,*,-1,-1
2024-10-13T13:55:58.687-04:00,IdeState,Inactive,,*,-1,-1
2024-10-13T13:55:59.688-04:00,IdeState,Inactive,,*,-1,-1
2024-10-13T13:56:00.690-04:00,IdeState,Inactive,,*,-1,-1
2024-10-13T13:56:01.692-04:00,IdeState,Inactive,,*,-1,-1
2024-10-13T13:56:02.693-04:00,IdeState,Inactive,,*,-1,-1
2024-10-13T13:56:03.696-04:00,IdeState,Inactive,,*,-1,-1
2024-10-13T13:56:04.697-04:00,IdeState,Inactive,,*,-1,-1
2024-10-13T13:56:05.699-04:00,IdeState,Inactive,,*,-1,-1
2024-10-13T13:56:06.700-04:00,IdeState,Inactive,,*,-1,-1
2024-10-13T13:56:07.701-04:00,IdeState,Inactive,,*,-1,-1
2024-10-13T13:56:08.702-04:00,IdeState,Inactive,,*,-1,-1
2024-10-13T13:56:09.703-04:00,IdeState,Inactive,,*,-1,-1
2024-10-13T13:56:10.705-04:00,IdeState,Inactive,,*,-1,-1
2024-10-13T13:56:11.707-04:00,IdeState,Inactive,,*,-1,-1
2024-10-13T13:56:12.708-04:00,IdeState,Inactive,,*,-1,-1
2024-10-13T13:56:13.709-04:00,IdeState,Inactive,,*,-1,-1
2024-10-13T13:56:14.711-04:00,IdeState,Inactive,,*,-1,-1
2024-10-13T13:56:15.713-04:00,IdeState,Inactive,,*,-1,-1
2024-10-13T13:56:16.715-04:00,IdeState,Inactive,,*,-1,-1
2024-10-13T13:56:17.716-04:00,IdeState,Inactive,,*,-1,-1
2024-10-13T13:56:18.718-04:00,IdeState,Inactive,,*,-1,-1
2024-10-13T13:56:19.720-04:00,IdeState,Inactive,,*,-1,-1
2024-10-13T13:56:20.721-04:00,IdeState,Inactive,,*,-1,-1
2024-10-13T13:56:21.722-04:00,IdeState,Inactive,,*,-1,-1
2024-10-13T13:56:22.724-04:00,IdeState,Inactive,,*,-1,-1
2024-10-13T13:56:23.726-04:00,IdeState,Inactive,,*,-1,-1
2024-10-13T13:56:24.729-04:00,IdeState,Inactive,,*,-1,-1
2024-10-13T13:56:25.732-04:00,IdeState,Inactive,,*,-1,-1
2024-10-13T13:56:26.733-04:00,IdeState,Inactive,,*,-1,-1
2024-10-13T13:56:27.734-04:00,IdeState,Inactive,,*,-1,-1
2024-10-13T13:56:28.736-04:00,IdeState,Inactive,,*,-1,-1
2024-10-13T13:56:29.737-04:00,IdeState,Inactive,,*,-1,-1
2024-10-13T13:56:30.738-04:00,IdeState,Inactive,,*,-1,-1
2024-10-13T13:56:31.740-04:00,IdeState,Inactive,,*,-1,-1
2024-10-13T13:56:32.741-04:00,IdeState,Inactive,,*,-1,-1
2024-10-13T13:56:33.742-04:00,IdeState,Inactive,,*,-1,-1
2024-10-13T13:56:34.744-04:00,IdeState,Inactive,,*,-1,-1
2024-10-13T13:56:35.744-04:00,IdeState,Inactive,,*,-1,-1
2024-10-13T13:56:36.747-04:00,IdeState,Inactive,,*,-1,-1
2024-10-13T13:56:37.748-04:00,IdeState,Inactive,,*,-1,-1
2024-10-13T13:56:38.750-04:00,IdeState,Inactive,,*,-1,-1
2024-10-13T13:56:39.752-04:00,IdeState,Inactive,,*,-1,-1
2024-10-13T13:56:40.753-04:00,IdeState,Inactive,,*,-1,-1
2024-10-13T13:56:41.755-04:00,IdeState,Inactive,,*,-1,-1
2024-10-13T13:56:42.756-04:00,IdeState,Inactive,,*,-1,-1
2024-10-13T13:56:43.759-04:00,IdeState,Inactive,,*,-1,-1
2024-10-13T13:56:44.761-04:00,IdeState,Inactive,,*,-1,-1
2024-10-13T13:56:45.762-04:00,IdeState,Inactive,,*,-1,-1
2024-10-13T13:56:46.764-04:00,IdeState,Inactive,,*,-1,-1
2024-10-13T13:56:47.764-04:00,IdeState,Inactive,,*,-1,-1
2024-10-13T13:56:48.765-04:00,IdeState,Inactive,,*,-1,-1
2024-10-13T13:56:49.767-04:00,IdeState,Inactive,,*,-1,-1
2024-10-13T13:56:50.768-04:00,IdeState,Inactive,,*,-1,-1
2024-10-13T13:56:51.770-04:00,IdeState,Inactive,,*,-1,-1
2024-10-13T13:56:52.771-04:00,IdeState,Inactive,,*,-1,-1
2024-10-13T13:56:53.773-04:00,IdeState,Inactive,,*,-1,-1
2024-10-13T13:56:54.775-04:00,IdeState,Inactive,,*,-1,-1
2024-10-13T13:56:55.776-04:00,IdeState,Inactive,,*,-1,-1
2024-10-13T13:56:56.777-04:00,IdeState,Inactive,,*,-1,-1
2024-10-13T13:56:57.780-04:00,IdeState,Inactive,,*,-1,-1
2024-10-13T13:56:58.782-04:00,IdeState,Inactive,,*,-1,-1
2024-10-13T13:56:59.784-04:00,IdeState,Inactive,,*,-1,-1
2024-10-13T13:57:00.785-04:00,IdeState,Inactive,,*,-1,-1
2024-10-13T13:57:01.786-04:00,IdeState,Inactive,,*,-1,-1
2024-10-13T13:57:02.788-04:00,IdeState,Inactive,,*,-1,-1
2024-10-13T13:57:03.789-04:00,IdeState,Inactive,,*,-1,-1
2024-10-13T13:57:04.790-04:00,IdeState,Inactive,,*,-1,-1
2024-10-13T13:57:05.792-04:00,IdeState,Inactive,,*,-1,-1
2024-10-13T13:57:06.793-04:00,IdeState,Inactive,,*,-1,-1
2024-10-13T13:57:07.794-04:00,IdeState,Inactive,,*,-1,-1
2024-10-13T13:57:08.796-04:00,IdeState,Inactive,,*,-1,-1
2024-10-13T13:57:09.796-04:00,IdeState,Inactive,,*,-1,-1
2024-10-13T13:57:10.798-04:00,IdeState,Inactive,,*,-1,-1
2024-10-13T13:57:11.799-04:00,IdeState,Inactive,,*,-1,-1
2024-10-13T13:57:12.800-04:00,IdeState,Inactive,,*,-1,-1
2024-10-13T13:57:13.800-04:00,IdeState,Inactive,,*,-1,-1
2024-10-13T13:57:14.802-04:00,IdeState,Inactive,,*,-1,-1
2024-10-13T13:57:15.803-04:00,IdeState,Inactive,,*,-1,-1
2024-10-13T13:57:16.805-04:00,IdeState,Inactive,,*,-1,-1
2024-10-13T13:57:17.806-04:00,IdeState,Inactive,,*,-1,-1
2024-10-13T13:57:18.808-04:00,IdeState,Inactive,,*,-1,-1
2024-10-13T13:57:19.809-04:00,IdeState,Inactive,,*,-1,-1
2024-10-13T13:57:20.811-04:00,IdeState,Inactive,,*,-1,-1
2024-10-13T13:57:21.813-04:00,IdeState,Inactive,,*,-1,-1
2024-10-13T13:57:22.813-04:00,IdeState,Inactive,,*,-1,-1
2024-10-13T13:57:23.815-04:00,IdeState,Inactive,,*,-1,-1
2024-10-13T13:57:24.818-04:00,IdeState,Inactive,,*,-1,-1
2024-10-13T13:57:25.819-04:00,IdeState,Inactive,,*,-1,-1
2024-10-13T13:57:26.821-04:00,IdeState,Inactive,,*,-1,-1
2024-10-13T13:57:27.822-04:00,IdeState,Inactive,,*,-1,-1
2024-10-13T13:57:28.824-04:00,IdeState,Inactive,,*,-1,-1
2024-10-13T13:57:29.825-04:00,IdeState,Inactive,,*,-1,-1
2024-10-13T13:57:30.826-04:00,IdeState,Inactive,,*,-1,-1
2024-10-13T13:57:31.828-04:00,IdeState,Inactive,,*,-1,-1
2024-10-13T13:57:32.829-04:00,IdeState,Inactive,,*,-1,-1
2024-10-13T13:57:33.831-04:00,IdeState,Inactive,,*,-1,-1
2024-10-13T13:57:34.831-04:00,IdeState,Inactive,,*,-1,-1
2024-10-13T13:57:35.832-04:00,IdeState,Inactive,,*,-1,-1
2024-10-13T13:57:36.834-04:00,IdeState,Inactive,,*,-1,-1
2024-10-13T13:57:37.835-04:00,IdeState,Inactive,,*,-1,-1
2024-10-13T13:57:38.837-04:00,IdeState,Inactive,,*,-1,-1
2024-10-13T13:57:39.839-04:00,IdeState,Inactive,,*,-1,-1
2024-10-13T13:57:40.840-04:00,IdeState,Inactive,,*,-1,-1
2024-10-13T13:57:41.841-04:00,IdeState,Inactive,,*,-1,-1
2024-10-13T13:57:42.843-04:00,IdeState,Inactive,,*,-1,-1
2024-10-13T13:57:43.844-04:00,IdeState,Inactive,,*,-1,-1
2024-10-13T13:57:44.846-04:00,IdeState,Inactive,,*,-1,-1
2024-10-13T13:57:45.848-04:00,IdeState,Inactive,,*,-1,-1
2024-10-13T13:57:46.850-04:00,IdeState,Inactive,,*,-1,-1
2024-10-13T13:57:47.853-04:00,IdeState,Inactive,,*,-1,-1
2024-10-13T13:57:48.854-04:00,IdeState,Inactive,,*,-1,-1
2024-10-13T13:57:49.856-04:00,IdeState,Inactive,,*,-1,-1
2024-10-13T13:57:50.857-04:00,IdeState,Inactive,,*,-1,-1
2024-10-13T13:57:51.859-04:00,IdeState,Inactive,,*,-1,-1
2024-10-13T13:57:52.861-04:00,IdeState,Inactive,,*,-1,-1
2024-10-13T13:57:53.862-04:00,IdeState,Inactive,,*,-1,-1
2024-10-13T13:57:54.864-04:00,IdeState,Inactive,,*,-1,-1
2024-10-13T13:57:55.866-04:00,IdeState,Inactive,,*,-1,-1
2024-10-13T13:57:56.867-04:00,IdeState,Inactive,,*,-1,-1
2024-10-13T13:57:57.868-04:00,IdeState,Inactive,,*,-1,-1
2024-10-13T13:57:58.868-04:00,IdeState,Inactive,,*,-1,-1
2024-10-13T13:57:59.871-04:00,IdeState,Inactive,,*,-1,-1
2024-10-13T13:58:00.872-04:00,IdeState,Inactive,,*,-1,-1
2024-10-13T13:58:01.873-04:00,IdeState,Inactive,,*,-1,-1
2024-10-13T13:58:02.878-04:00,IdeState,Inactive,,*,-1,-1
2024-10-13T13:58:03.880-04:00,IdeState,Inactive,,*,-1,-1
2024-10-13T13:58:04.882-04:00,IdeState,Inactive,,*,-1,-1
2024-10-13T13:58:05.883-04:00,IdeState,Inactive,,*,-1,-1
2024-10-13T13:58:06.885-04:00,IdeState,Inactive,,*,-1,-1
2024-10-13T13:58:07.886-04:00,IdeState,Inactive,,*,-1,-1
2024-10-13T13:58:08.887-04:00,IdeState,Inactive,,*,-1,-1
2024-10-13T13:58:09.888-04:00,IdeState,Inactive,,*,-1,-1
2024-10-13T13:58:10.889-04:00,IdeState,Inactive,,*,-1,-1
2024-10-13T13:58:19.347-04:00,IdeState,NoProject,,*,-1,-1
2024-10-13T13:58:21.051-04:00,IdeState,Active,Popup,*,-1,-1
2024-10-13T13:58:22.176-04:00,IdeState,Active,Project,*,-1,-1
2024-10-13T13:58:23.180-04:00,IdeState,Active,Project,*,-1,-1
2024-10-13T13:58:24.182-04:00,IdeState,Active,Dialog,*,-1,-1
2024-10-13T13:58:25.184-04:00,IdeState,Active,Dialog,*,-1,-1
2024-10-13T13:58:26.186-04:00,IdeState,Active,Dialog,*,-1,-1
2024-10-13T13:58:27.189-04:00,IdeState,Active,Dialog,*,-1,-1
2024-10-13T13:58:28.192-04:00,IdeState,Active,Dialog,*,-1,-1
2024-10-13T13:58:29.193-04:00,IdeState,Active,Dialog,*,-1,-1
2024-10-13T13:58:30.196-04:00,IdeState,Active,Dialog,*,-1,-1
2024-10-13T13:58:31.197-04:00,IdeState,Active,Dialog,*,-1,-1
2024-10-13T13:58:32.199-04:00,IdeState,Active,Dialog,*,-1,-1
2024-10-13T13:58:33.201-04:00,IdeState,Inactive,,*,-1,-1
2024-10-13T13:58:34.205-04:00,IdeState,Inactive,,*,-1,-1
2024-10-13T13:58:35.208-04:00,IdeState,Inactive,,*,-1,-1
2024-10-13T13:58:36.208-04:00,IdeState,Inactive,,*,-1,-1
2024-10-13T13:58:37.213-04:00,IdeState,Inactive,,*,-1,-1
2024-10-13T13:58:38.216-04:00,IdeState,Inactive,,*,-1,-1
2024-10-13T13:58:39.217-04:00,IdeState,Inactive,,*,-1,-1
2024-10-13T13:58:40.220-04:00,IdeState,Inactive,,*,-1,-1
2024-10-13T13:58:41.223-04:00,IdeState,Inactive,,*,-1,-1
2024-10-13T13:58:42.225-04:00,IdeState,Inactive,,*,-1,-1
2024-10-13T13:58:43.229-04:00,IdeState,Inactive,,*,-1,-1
2024-10-13T13:58:44.231-04:00,IdeState,Inactive,,*,-1,-1
2024-10-13T13:58:45.234-04:00,IdeState,Inactive,,*,-1,-1
2024-10-13T13:58:46.236-04:00,IdeState,Inactive,,*,-1,-1
2024-10-13T13:58:47.237-04:00,IdeState,Inactive,,*,-1,-1
2024-10-13T13:58:48.239-04:00,IdeState,Inactive,,*,-1,-1
2024-10-13T13:58:49.240-04:00,IdeState,Inactive,,*,-1,-1
2024-10-13T13:58:50.242-04:00,IdeState,Inactive,,*,-1,-1
2024-10-13T13:58:51.244-04:00,IdeState,Inactive,,*,-1,-1
2024-10-13T13:58:52.245-04:00,IdeState,Inactive,,*,-1,-1
2024-10-13T13:58:53.248-04:00,IdeState,Inactive,,*,-1,-1
2024-10-13T13:58:54.250-04:00,IdeState,Inactive,,*,-1,-1
2024-10-13T13:58:55.252-04:00,IdeState,Inactive,,*,-1,-1
2024-10-13T13:58:56.253-04:00,IdeState,Inactive,,*,-1,-1
2024-10-13T13:58:57.254-04:00,IdeState,Inactive,,*,-1,-1
2024-10-13T13:58:58.256-04:00,IdeState,Inactive,,*,-1,-1
2024-10-13T13:58:59.258-04:00,IdeState,Inactive,,*,-1,-1
2024-10-13T13:59:00.260-04:00,IdeState,Inactive,,*,-1,-1
2024-10-13T13:59:01.263-04:00,IdeState,Inactive,,*,-1,-1
2024-10-13T13:59:02.264-04:00,IdeState,Inactive,,*,-1,-1
2024-10-13T13:59:03.265-04:00,IdeState,Inactive,,*,-1,-1
2024-10-13T13:59:04.267-04:00,IdeState,Inactive,,*,-1,-1
2024-10-13T13:59:05.268-04:00,IdeState,Inactive,,*,-1,-1
2024-10-13T13:59:06.274-04:00,IdeState,Inactive,,*,-1,-1
2024-10-13T13:59:07.275-04:00,IdeState,Inactive,,*,-1,-1
2024-10-13T13:59:08.276-04:00,IdeState,Inactive,,*,-1,-1
2024-10-13T13:59:09.278-04:00,IdeState,Inactive,,*,-1,-1
2024-10-13T13:59:10.279-04:00,IdeState,Inactive,,*,-1,-1
2024-10-13T13:59:11.281-04:00,IdeState,Inactive,,*,-1,-1
2024-10-13T13:59:12.282-04:00,IdeState,Inactive,,*,-1,-1
2024-10-13T13:59:13.284-04:00,IdeState,Inactive,,*,-1,-1
2024-10-13T13:59:14.286-04:00,IdeState,Inactive,,*,-1,-1
2024-10-13T13:59:15.287-04:00,IdeState,Inactive,,*,-1,-1
2024-10-13T13:59:16.290-04:00,IdeState,Inactive,,*,-1,-1
2024-10-13T13:59:17.294-04:00,IdeState,Inactive,,*,-1,-1
2024-10-13T13:59:18.295-04:00,IdeState,Inactive,,*,-1,-1
2024-10-13T13:59:19.296-04:00,IdeState,Inactive,,*,-1,-1
2024-10-13T13:59:20.298-04:00,IdeState,Inactive,,*,-1,-1
2024-10-13T13:59:21.300-04:00,IdeState,Inactive,,*,-1,-1
2024-10-13T13:59:22.302-04:00,IdeState,Inactive,,*,-1,-1
2024-10-13T13:59:23.305-04:00,IdeState,Inactive,,*,-1,-1
2024-10-13T13:59:24.307-04:00,IdeState,Inactive,,*,-1,-1
2024-10-13T13:59:25.309-04:00,IdeState,Inactive,,*,-1,-1
2024-10-13T13:59:26.311-04:00,IdeState,Inactive,,*,-1,-1
2024-10-13T13:59:27.313-04:00,IdeState,Inactive,,*,-1,-1
2024-10-13T13:59:28.315-04:00,IdeState,Inactive,,*,-1,-1
2024-10-13T13:59:29.316-04:00,IdeState,Inactive,,*,-1,-1
2024-10-13T13:59:30.317-04:00,IdeState,Inactive,,*,-1,-1
2024-10-13T13:59:31.320-04:00,IdeState,Inactive,,*,-1,-1
2024-10-13T13:59:32.323-04:00,IdeState,Inactive,,*,-1,-1
2024-10-13T13:59:33.324-04:00,IdeState,Inactive,,*,-1,-1
2024-10-13T13:59:34.325-04:00,IdeState,Inactive,,*,-1,-1
2024-10-13T13:59:35.326-04:00,IdeState,Inactive,,*,-1,-1
2024-10-13T13:59:36.329-04:00,IdeState,Inactive,,*,-1,-1
2024-10-13T13:59:37.331-04:00,IdeState,Inactive,,*,-1,-1
2024-10-13T13:59:38.332-04:00,IdeState,Inactive,,*,-1,-1
2024-10-13T13:59:39.333-04:00,IdeState,Inactive,,*,-1,-1
2024-10-13T13:59:40.335-04:00,IdeState,Inactive,,*,-1,-1
2024-10-13T13:59:41.337-04:00,IdeState,Inactive,,*,-1,-1
2024-10-13T13:59:42.338-04:00,IdeState,Inactive,,*,-1,-1
2024-10-13T13:59:43.341-04:00,IdeState,Inactive,,*,-1,-1
2024-10-13T13:59:44.342-04:00,IdeState,Inactive,,*,-1,-1
2024-10-13T13:59:45.343-04:00,IdeState,Inactive,,*,-1,-1
2024-10-13T13:59:46.346-04:00,IdeState,Inactive,,*,-1,-1
2024-10-13T13:59:47.348-04:00,IdeState,Inactive,,*,-1,-1
2024-10-13T13:59:48.350-04:00,IdeState,Inactive,,*,-1,-1
2024-10-13T13:59:49.351-04:00,IdeState,Inactive,,*,-1,-1
2024-10-13T13:59:50.352-04:00,IdeState,Inactive,,*,-1,-1
2024-10-13T13:59:51.354-04:00,IdeState,Inactive,,*,-1,-1
2024-10-13T13:59:52.356-04:00,IdeState,Inactive,,*,-1,-1
2024-10-13T13:59:53.357-04:00,IdeState,Inactive,,*,-1,-1
2024-10-13T13:59:54.359-04:00,IdeState,Inactive,,*,-1,-1
2024-10-13T13:59:55.361-04:00,IdeState,Inactive,,*,-1,-1
2024-10-13T13:59:56.363-04:00,IdeState,Inactive,,*,-1,-1
2024-10-13T13:59:57.365-04:00,IdeState,Inactive,,*,-1,-1
2024-10-13T13:59:58.367-04:00,IdeState,Inactive,,*,-1,-1
2024-10-13T13:59:59.370-04:00,IdeState,Inactive,,*,-1,-1
2024-10-13T14:00:00.372-04:00,IdeState,Inactive,,*,-1,-1
2024-10-13T14:00:01.373-04:00,IdeState,Inactive,,*,-1,-1
2024-10-13T14:00:02.374-04:00,IdeState,Inactive,,*,-1,-1
2024-10-13T14:00:03.376-04:00,IdeState,Active,Project,*,-1,-1
2024-10-13T14:00:04.378-04:00,IdeState,Inactive,,*,-1,-1
2024-10-13T14:00:05.379-04:00,IdeState,Inactive,,*,-1,-1
2024-10-13T14:00:06.382-04:00,IdeState,Inactive,,*,-1,-1
2024-10-13T14:00:07.384-04:00,IdeState,Inactive,,*,-1,-1
2024-10-13T14:00:08.385-04:00,IdeState,Inactive,,*,-1,-1
2024-10-13T14:00:09.387-04:00,IdeState,Inactive,,*,-1,-1
2024-10-13T14:00:10.389-04:00,IdeState,Inactive,,*,-1,-1
2024-10-13T14:00:11.390-04:00,IdeState,Inactive,,*,-1,-1
2024-10-13T14:00:12.392-04:00,IdeState,Inactive,,*,-1,-1
2024-10-13T14:00:13.394-04:00,IdeState,Inactive,,*,-1,-1
2024-10-13T14:00:14.395-04:00,IdeState,Inactive,,*,-1,-1
2024-10-13T14:00:15.397-04:00,IdeState,Inactive,,*,-1,-1
2024-10-13T14:00:16.398-04:00,IdeState,Inactive,,*,-1,-1
2024-10-13T14:00:17.400-04:00,IdeState,Inactive,,*,-1,-1
2024-10-13T14:00:18.408-04:00,IdeState,Inactive,,*,-1,-1
2024-10-13T14:00:19.412-04:00,IdeState,Inactive,,*,-1,-1
2024-10-13T14:00:20.414-04:00,IdeState,Inactive,,*,-1,-1
2024-10-13T14:00:21.414-04:00,IdeState,Inactive,,*,-1,-1
2024-10-13T14:00:22.416-04:00,IdeState,Inactive,,*,-1,-1
2024-10-13T14:00:23.417-04:00,IdeState,Inactive,,*,-1,-1
2024-10-13T14:00:24.419-04:00,IdeState,Inactive,,*,-1,-1
2024-10-13T14:00:25.420-04:00,IdeState,Inactive,,*,-1,-1
2024-10-13T14:00:26.423-04:00,IdeState,Inactive,,*,-1,-1
2024-10-13T14:00:27.425-04:00,IdeState,Inactive,,*,-1,-1
2024-10-13T14:00:28.427-04:00,IdeState,Inactive,,*,-1,-1
2024-10-13T14:00:29.428-04:00,IdeState,Inactive,,*,-1,-1
2024-10-13T14:00:30.429-04:00,IdeState,Inactive,,*,-1,-1
2024-10-13T14:00:31.431-04:00,IdeState,Inactive,,*,-1,-1
2024-10-13T14:00:32.433-04:00,IdeState,Inactive,,*,-1,-1
2024-10-13T14:00:33.434-04:00,IdeState,Inactive,,*,-1,-1
2024-10-13T14:00:34.439-04:00,IdeState,Inactive,,*,-1,-1
2024-10-13T14:00:35.441-04:00,IdeState,Inactive,,*,-1,-1
2024-10-13T14:00:36.443-04:00,IdeState,Inactive,,*,-1,-1
2024-10-13T14:00:37.443-04:00,IdeState,Inactive,,*,-1,-1
2024-10-13T14:00:38.445-04:00,IdeState,Inactive,,*,-1,-1
2024-10-13T14:00:39.446-04:00,IdeState,Inactive,,*,-1,-1
2024-10-13T14:00:40.449-04:00,IdeState,Inactive,,*,-1,-1
2024-10-13T14:00:41.450-04:00,IdeState,Inactive,,*,-1,-1
2024-10-13T14:00:42.451-04:00,IdeState,Inactive,,*,-1,-1
2024-10-13T14:00:43.454-04:00,IdeState,Inactive,,*,-1,-1
2024-10-13T14:00:44.456-04:00,IdeState,Inactive,,*,-1,-1
2024-10-13T14:00:45.459-04:00,IdeState,Inactive,,*,-1,-1
2024-10-13T14:00:46.461-04:00,IdeState,Inactive,,*,-1,-1
2024-10-13T14:00:47.463-04:00,IdeState,Inactive,,*,-1,-1
2024-10-13T14:00:48.464-04:00,IdeState,Inactive,,*,-1,-1
2024-10-13T14:00:49.465-04:00,IdeState,Inactive,,*,-1,-1
2024-10-13T14:00:50.466-04:00,IdeState,Inactive,,*,-1,-1
2024-10-13T14:00:51.467-04:00,IdeState,Inactive,,*,-1,-1
2024-10-13T14:00:52.470-04:00,IdeState,Inactive,,*,-1,-1
2024-10-13T14:00:53.471-04:00,IdeState,Inactive,,*,-1,-1
2024-10-13T14:00:54.473-04:00,IdeState,Inactive,,*,-1,-1
2024-10-13T14:00:55.475-04:00,IdeState,Inactive,,*,-1,-1
2024-10-13T14:00:56.476-04:00,IdeState,Inactive,,*,-1,-1
2024-10-13T14:00:57.479-04:00,IdeState,Inactive,,*,-1,-1
2024-10-13T14:00:58.480-04:00,IdeState,Inactive,,*,-1,-1
2024-10-13T14:00:59.483-04:00,IdeState,Inactive,,*,-1,-1
2024-10-13T14:01:00.484-04:00,IdeState,Inactive,,*,-1,-1
2024-10-13T14:01:01.486-04:00,IdeState,Inactive,,*,-1,-1
2024-10-13T14:01:02.488-04:00,IdeState,Inactive,,*,-1,-1
2024-10-13T14:01:03.490-04:00,IdeState,Inactive,,*,-1,-1
2024-10-13T14:01:04.492-04:00,IdeState,Inactive,,*,-1,-1
2024-10-13T14:01:05.493-04:00,IdeState,Inactive,,*,-1,-1
2024-10-13T14:01:06.495-04:00,IdeState,Inactive,,*,-1,-1
2024-10-13T14:01:07.498-04:00,IdeState,Inactive,,*,-1,-1
2024-10-13T14:01:08.500-04:00,IdeState,Inactive,,*,-1,-1
2024-10-13T14:01:09.501-04:00,IdeState,Inactive,,*,-1,-1
2024-10-13T14:01:10.502-04:00,IdeState,Inactive,,*,-1,-1
2024-10-13T14:01:11.503-04:00,IdeState,Inactive,,*,-1,-1
2024-10-13T14:01:12.505-04:00,IdeState,Inactive,,*,-1,-1
2024-10-13T14:01:13.508-04:00,IdeState,Inactive,,*,-1,-1
2024-10-13T14:01:14.509-04:00,IdeState,Inactive,,*,-1,-1
2024-10-13T14:01:15.512-04:00,IdeState,Inactive,,*,-1,-1
2024-10-13T14:01:16.514-04:00,IdeState,Inactive,,*,-1,-1
2024-10-13T14:01:17.516-04:00,IdeState,Inactive,,*,-1,-1
2024-10-13T14:01:18.518-04:00,IdeState,Inactive,,*,-1,-1
2024-10-13T14:01:19.519-04:00,IdeState,Inactive,,*,-1,-1
2024-10-13T14:01:20.522-04:00,IdeState,Inactive,,*,-1,-1
2024-10-13T14:01:21.524-04:00,IdeState,Inactive,,*,-1,-1
2024-10-13T14:01:22.525-04:00,IdeState,Inactive,,*,-1,-1
2024-10-13T14:01:23.528-04:00,IdeState,Inactive,,*,-1,-1
2024-10-13T14:01:24.529-04:00,IdeState,Inactive,,*,-1,-1
2024-10-13T14:01:25.530-04:00,IdeState,Inactive,,*,-1,-1
2024-10-13T14:01:26.532-04:00,IdeState,Inactive,,*,-1,-1
2024-10-13T14:01:27.535-04:00,IdeState,Inactive,,*,-1,-1
2024-10-13T14:01:28.536-04:00,IdeState,Inactive,,*,-1,-1
2024-10-13T14:01:29.538-04:00,IdeState,Inactive,,*,-1,-1
2024-10-13T14:01:30.539-04:00,IdeState,Inactive,,*,-1,-1
2024-10-13T14:01:31.541-04:00,IdeState,Inactive,,*,-1,-1
2024-10-13T14:01:32.543-04:00,IdeState,Inactive,,*,-1,-1
2024-10-13T14:01:33.544-04:00,IdeState,Inactive,,*,-1,-1
2024-10-13T14:01:34.546-04:00,IdeState,Inactive,,*,-1,-1
2024-10-13T14:01:35.548-04:00,IdeState,Inactive,,*,-1,-1
2024-10-13T14:01:36.549-04:00,IdeState,Inactive,,*,-1,-1
2024-10-13T14:01:37.550-04:00,IdeState,Inactive,,*,-1,-1
2024-10-13T14:01:38.552-04:00,IdeState,Inactive,,*,-1,-1
2024-10-13T14:01:39.554-04:00,IdeState,Inactive,,*,-1,-1
2024-10-13T14:01:40.555-04:00,IdeState,Inactive,,*,-1,-1
2024-10-13T14:01:41.561-04:00,IdeState,Inactive,,*,-1,-1
2024-10-13T14:01:42.563-04:00,IdeState,Inactive,,*,-1,-1
2024-10-13T14:01:43.563-04:00,IdeState,Inactive,,*,-1,-1
2024-10-13T14:01:44.565-04:00,IdeState,Inactive,,*,-1,-1
2024-10-13T14:01:45.567-04:00,IdeState,Inactive,,*,-1,-1
2024-10-13T14:01:46.569-04:00,IdeState,Inactive,,*,-1,-1
2024-10-13T14:01:47.570-04:00,IdeState,Inactive,,*,-1,-1
2024-10-13T14:01:48.572-04:00,IdeState,Inactive,,*,-1,-1
2024-10-13T14:01:49.574-04:00,IdeState,Inactive,,*,-1,-1
2024-10-13T14:01:50.575-04:00,IdeState,Inactive,,*,-1,-1
2024-10-13T14:01:51.577-04:00,IdeState,Inactive,,*,-1,-1
2024-10-13T14:01:52.578-04:00,IdeState,Inactive,,*,-1,-1
2024-10-13T14:01:53.579-04:00,IdeState,Inactive,,*,-1,-1
2024-10-13T14:01:54.582-04:00,IdeState,Inactive,,*,-1,-1
2024-10-13T14:01:55.582-04:00,IdeState,Inactive,,*,-1,-1
2024-10-13T14:01:56.585-04:00,IdeState,Inactive,,*,-1,-1
2024-10-13T14:01:57.586-04:00,IdeState,Inactive,,*,-1,-1
2024-10-13T14:01:58.587-04:00,IdeState,Inactive,,*,-1,-1
2024-10-13T14:01:59.589-04:00,IdeState,Inactive,,*,-1,-1
2024-10-13T14:02:00.592-04:00,IdeState,Inactive,,*,-1,-1
2024-10-13T14:02:01.594-04:00,IdeState,Inactive,,*,-1,-1
2024-10-13T14:02:02.595-04:00,IdeState,Inactive,,*,-1,-1
2024-10-13T14:02:03.596-04:00,IdeState,Inactive,,*,-1,-1
2024-10-13T14:02:04.598-04:00,IdeState,Inactive,,*,-1,-1
2024-10-13T14:02:05.600-04:00,IdeState,Inactive,,*,-1,-1
2024-10-13T14:02:06.602-04:00,IdeState,Inactive,,*,-1,-1
2024-10-13T14:02:07.603-04:00,IdeState,Inactive,,*,-1,-1
2024-10-13T14:02:08.605-04:00,IdeState,Inactive,,*,-1,-1
2024-10-13T14:02:09.608-04:00,IdeState,Inactive,,*,-1,-1
2024-10-13T14:02:10.611-04:00,IdeState,Inactive,,*,-1,-1
2024-10-13T14:02:11.613-04:00,IdeState,Inactive,,*,-1,-1
2024-10-13T14:02:12.614-04:00,IdeState,Inactive,,*,-1,-1
2024-10-13T14:02:13.617-04:00,IdeState,Inactive,,*,-1,-1
2024-10-13T14:02:14.618-04:00,IdeState,Inactive,,*,-1,-1
2024-10-13T14:02:15.620-04:00,IdeState,Inactive,,*,-1,-1
2024-10-13T14:02:16.621-04:00,IdeState,Inactive,,*,-1,-1
2024-10-13T14:02:17.622-04:00,IdeState,Active,Project,*,-1,-1
2024-10-13T14:02:45.845-04:00,IdeState,NoProject,,*,-1,-1
2024-10-13T14:02:47.312-04:00,IdeState,Active,Popup,*,-1,-1
2024-10-13T14:02:48.581-04:00,IdeState,Active,Popup,*,-1,-1
2024-10-13T14:02:50.228-04:00,IdeState,Active,Popup,*,-1,-1
2024-10-13T14:02:51.713-04:00,IdeState,Active,Project,*,-1,-1
2024-10-13T14:02:53.691-04:00,IdeState,Active,Project,*,-1,-1
2024-10-13T14:02:54.693-04:00,IdeState,Active,Project,*,-1,-1
2024-10-13T14:02:55.694-04:00,IdeState,Active,Project,*,-1,-1
2024-10-13T14:02:56.106-04:00,Action,SettingsEntryPoint,Project,*,-1,-1
2024-10-13T14:02:56.761-04:00,IdeState,Active,Project,*,-1,-1
2024-10-13T14:02:57.993-04:00,IdeState,Active,Dialog,*,-1,-1
2024-10-13T14:02:58.995-04:00,IdeState,Active,Dialog,*,-1,-1
2024-10-13T14:02:59.995-04:00,IdeState,Active,Dialog,*,-1,-1
2024-10-13T14:03:00.996-04:00,IdeState,Inactive,,*,-1,-1
2024-10-13T14:03:01.998-04:00,IdeState,Inactive,,*,-1,-1
2024-10-13T14:03:02.999-04:00,IdeState,Inactive,,*,-1,-1
2024-10-13T14:03:04.000-04:00,IdeState,Inactive,,*,-1,-1
2024-10-13T14:03:05.004-04:00,IdeState,Active,Dialog,*,-1,-1
2024-10-13T14:03:06.007-04:00,IdeState,Active,Dialog,*,-1,-1
2024-10-13T14:03:06.677-04:00,Action,EditorCopy,Dialog,*,-1,-1
2024-10-13T14:03:07.007-04:00,IdeState,Active,Dialog,*,-1,-1
2024-10-13T14:03:08.009-04:00,IdeState,Active,Project,*,-1,-1
2024-10-13T14:03:09.010-04:00,IdeState,Inactive,,*,-1,-1
2024-10-13T14:03:10.013-04:00,IdeState,Inactive,,*,-1,-1
2024-10-13T14:03:11.015-04:00,IdeState,Inactive,,*,-1,-1
2024-10-13T14:03:12.016-04:00,IdeState,Inactive,,*,-1,-1
2024-10-13T14:03:13.017-04:00,IdeState,Inactive,,*,-1,-1
2024-10-13T14:03:14.019-04:00,IdeState,Inactive,,*,-1,-1
2024-10-13T14:03:15.020-04:00,IdeState,Inactive,,*,-1,-1
2024-10-13T14:03:16.021-04:00,IdeState,Inactive,,*,-1,-1
2024-10-13T14:03:17.024-04:00,IdeState,Inactive,,*,-1,-1
2024-10-13T14:03:18.025-04:00,IdeState,Inactive,,*,-1,-1
2024-10-13T14:03:19.027-04:00,IdeState,Inactive,,*,-1,-1
2024-10-13T14:03:20.029-04:00,IdeState,Inactive,,*,-1,-1
2024-10-13T14:03:21.032-04:00,IdeState,Inactive,,*,-1,-1
2024-10-13T14:03:22.036-04:00,IdeState,Inactive,,*,-1,-1
2024-10-13T14:03:23.037-04:00,IdeState,Inactive,,*,-1,-1
2024-10-13T14:03:24.038-04:00,IdeState,Inactive,,*,-1,-1
2024-10-13T14:03:25.039-04:00,IdeState,Inactive,,*,-1,-1
2024-10-13T14:03:26.040-04:00,IdeState,Inactive,,*,-1,-1
2024-10-13T14:03:27.042-04:00,IdeState,Inactive,,*,-1,-1
2024-10-13T14:03:28.044-04:00,IdeState,Inactive,,*,-1,-1
2024-10-13T14:03:29.046-04:00,IdeState,Inactive,,*,-1,-1
2024-10-13T14:03:30.047-04:00,IdeState,Inactive,,*,-1,-1
2024-10-13T14:03:31.050-04:00,IdeState,Inactive,,*,-1,-1
2024-10-13T14:03:32.051-04:00,IdeState,Inactive,,*,-1,-1
2024-10-13T14:03:33.053-04:00,IdeState,Inactive,,*,-1,-1
2024-10-13T14:03:34.055-04:00,IdeState,Inactive,,*,-1,-1
2024-10-13T14:03:35.056-04:00,IdeState,Inactive,,*,-1,-1
2024-10-13T14:03:36.058-04:00,IdeState,Inactive,,*,-1,-1
2024-10-13T14:03:37.060-04:00,IdeState,Inactive,,*,-1,-1
2024-10-13T14:03:38.063-04:00,IdeState,Inactive,,*,-1,-1
2024-10-13T14:03:39.064-04:00,IdeState,Inactive,,*,-1,-1
2024-10-13T14:03:40.065-04:00,IdeState,Inactive,,*,-1,-1
2024-10-13T14:03:41.066-04:00,IdeState,Inactive,,*,-1,-1
2024-10-13T14:03:42.068-04:00,IdeState,Inactive,,*,-1,-1
2024-10-13T14:03:43.070-04:00,IdeState,Inactive,,*,-1,-1
2024-10-13T14:03:44.071-04:00,IdeState,Inactive,,*,-1,-1
2024-10-13T14:03:45.072-04:00,IdeState,Inactive,,*,-1,-1
2024-10-13T14:03:46.074-04:00,IdeState,Inactive,,*,-1,-1
2024-10-13T14:03:47.076-04:00,IdeState,Inactive,,*,-1,-1
2024-10-13T14:03:48.078-04:00,IdeState,Inactive,,*,-1,-1
2024-10-13T14:03:49.080-04:00,IdeState,Inactive,,*,-1,-1
2024-10-13T14:03:50.083-04:00,IdeState,Inactive,,*,-1,-1
2024-10-13T14:03:51.084-04:00,IdeState,Inactive,,*,-1,-1
2024-10-13T14:03:52.086-04:00,IdeState,Inactive,,*,-1,-1
2024-10-13T14:03:53.087-04:00,IdeState,Inactive,,*,-1,-1
2024-10-13T14:03:54.089-04:00,IdeState,Inactive,,*,-1,-1
2024-10-13T14:03:55.090-04:00,IdeState,Inactive,,*,-1,-1
2024-10-13T14:03:56.091-04:00,IdeState,Inactive,,*,-1,-1
2024-10-13T14:03:57.093-04:00,IdeState,Inactive,,*,-1,-1
2024-10-13T14:03:58.115-04:00,IdeState,Inactive,,*,-1,-1
2024-10-13T14:03:59.115-04:00,IdeState,Inactive,,*,-1,-1
2024-10-13T14:04:00.117-04:00,IdeState,Inactive,,*,-1,-1
2024-10-13T14:04:01.120-04:00,IdeState,Inactive,,*,-1,-1
2024-10-13T14:04:02.123-04:00,IdeState,Inactive,,*,-1,-1
2024-10-13T14:04:03.126-04:00,IdeState,Inactive,,*,-1,-1
2024-10-13T14:04:04.126-04:00,IdeState,Inactive,,*,-1,-1
2024-10-13T14:04:05.127-04:00,IdeState,Inactive,,*,-1,-1
2024-10-13T14:04:06.130-04:00,IdeState,Inactive,,*,-1,-1
2024-10-13T14:04:07.131-04:00,IdeState,Inactive,,*,-1,-1
2024-10-13T14:04:08.132-04:00,IdeState,Inactive,,*,-1,-1
2024-10-13T14:04:09.133-04:00,IdeState,Inactive,,*,-1,-1
2024-10-13T14:04:10.135-04:00,IdeState,Inactive,,*,-1,-1
2024-10-13T14:04:11.136-04:00,IdeState,Inactive,,*,-1,-1
2024-10-13T14:04:12.139-04:00,IdeState,Inactive,,*,-1,-1
2024-10-13T14:04:13.139-04:00,IdeState,Inactive,,*,-1,-1
2024-10-13T14:04:14.140-04:00,IdeState,Inactive,,*,-1,-1
2024-10-13T14:04:15.142-04:00,IdeState,Inactive,,*,-1,-1
2024-10-13T14:04:16.144-04:00,IdeState,Inactive,,*,-1,-1
2024-10-13T14:04:17.145-04:00,IdeState,Inactive,,*,-1,-1
2024-10-13T14:04:18.146-04:00,IdeState,Inactive,,*,-1,-1
2024-10-13T14:04:19.147-04:00,IdeState,Inactive,,*,-1,-1
2024-10-13T14:04:20.152-04:00,IdeState,Inactive,,*,-1,-1
2024-10-13T14:04:21.157-04:00,IdeState,Inactive,,*,-1,-1
2024-10-13T14:04:22.159-04:00,IdeState,Inactive,,*,-1,-1
2024-10-13T14:04:23.161-04:00,IdeState,Inactive,,*,-1,-1
2024-10-13T14:04:24.164-04:00,IdeState,Inactive,,*,-1,-1
2024-10-13T14:04:25.166-04:00,IdeState,Inactive,,*,-1,-1
2024-10-13T14:04:26.168-04:00,IdeState,Inactive,,*,-1,-1
2024-10-13T14:04:27.170-04:00,IdeState,Inactive,,*,-1,-1
2024-10-13T14:04:28.171-04:00,IdeState,Inactive,,*,-1,-1
2024-10-13T14:04:29.172-04:00,IdeState,Inactive,,*,-1,-1
2024-10-13T14:04:30.173-04:00,IdeState,Inactive,,*,-1,-1
2024-10-13T14:04:31.174-04:00,IdeState,Inactive,,*,-1,-1
2024-10-13T14:04:32.177-04:00,IdeState,Inactive,,*,-1,-1
2024-10-13T14:04:33.179-04:00,IdeState,Inactive,,*,-1,-1
2024-10-13T14:04:34.181-04:00,IdeState,Inactive,,*,-1,-1
2024-10-13T14:04:35.183-04:00,IdeState,Inactive,,*,-1,-1
2024-10-13T14:04:36.185-04:00,IdeState,Inactive,,*,-1,-1
2024-10-13T14:04:37.187-04:00,IdeState,Inactive,,*,-1,-1
2024-10-13T14:04:38.188-04:00,IdeState,Inactive,,*,-1,-1
2024-10-13T14:04:39.190-04:00,IdeState,Inactive,,*,-1,-1
2024-10-13T14:04:40.192-04:00,IdeState,Inactive,,*,-1,-1
2024-10-13T14:04:41.193-04:00,IdeState,Inactive,,*,-1,-1
2024-10-13T14:04:42.195-04:00,IdeState,Inactive,,*,-1,-1
2024-10-13T14:04:43.197-04:00,IdeState,Inactive,,*,-1,-1
2024-10-13T14:04:44.198-04:00,IdeState,Inactive,,*,-1,-1
2024-10-13T14:04:45.202-04:00,IdeState,Inactive,,*,-1,-1
2024-10-13T14:04:46.204-04:00,IdeState,Inactive,,*,-1,-1
2024-10-13T14:04:47.207-04:00,IdeState,Inactive,,*,-1,-1
2024-10-13T14:04:48.209-04:00,IdeState,Inactive,,*,-1,-1
2024-10-13T14:04:49.209-04:00,IdeState,Inactive,,*,-1,-1
2024-10-13T14:04:50.211-04:00,IdeState,Inactive,,*,-1,-1
2024-10-13T14:04:51.217-04:00,IdeState,Inactive,,*,-1,-1
2024-10-13T14:04:52.218-04:00,IdeState,Inactive,,*,-1,-1
2024-10-13T14:04:53.221-04:00,IdeState,Inactive,,*,-1,-1
2024-10-13T14:04:54.222-04:00,IdeState,Inactive,,*,-1,-1
2024-10-13T14:04:55.223-04:00,IdeState,Inactive,,*,-1,-1
2024-10-13T14:04:56.225-04:00,IdeState,Inactive,,*,-1,-1
2024-10-13T14:04:57.227-04:00,IdeState,Inactive,,*,-1,-1
2024-10-13T14:04:58.230-04:00,IdeState,Inactive,,*,-1,-1
2024-10-13T14:04:59.233-04:00,IdeState,Inactive,,*,-1,-1
2024-10-13T14:05:00.234-04:00,IdeState,Inactive,,*,-1,-1
2024-10-13T14:05:01.236-04:00,IdeState,Inactive,,*,-1,-1
2024-10-13T14:05:02.239-04:00,IdeState,Inactive,,*,-1,-1
2024-10-13T14:05:03.241-04:00,IdeState,Inactive,,*,-1,-1
2024-10-13T14:05:04.242-04:00,IdeState,Inactive,,*,-1,-1
2024-10-13T14:05:05.243-04:00,IdeState,Inactive,,*,-1,-1
2024-10-13T14:05:06.244-04:00,IdeState,Inactive,,*,-1,-1
2024-10-13T14:05:07.245-04:00,IdeState,Inactive,,*,-1,-1
2024-10-13T14:05:08.246-04:00,IdeState,Inactive,,*,-1,-1
2024-10-13T14:05:09.248-04:00,IdeState,Inactive,,*,-1,-1
2024-10-13T14:05:10.249-04:00,IdeState,Inactive,,*,-1,-1
2024-10-13T14:05:11.252-04:00,IdeState,Inactive,,*,-1,-1
2024-10-13T14:05:12.254-04:00,IdeState,Inactive,,*,-1,-1
2024-10-13T14:05:13.257-04:00,IdeState,Inactive,,*,-1,-1
2024-10-13T14:05:14.259-04:00,IdeState,Inactive,,*,-1,-1
2024-10-13T14:05:15.260-04:00,IdeState,Inactive,,*,-1,-1
2024-10-13T14:05:16.261-04:00,IdeState,Inactive,,*,-1,-1
2024-10-13T14:05:17.261-04:00,IdeState,Inactive,,*,-1,-1
2024-10-13T14:05:18.262-04:00,IdeState,Inactive,,*,-1,-1
2024-10-13T14:05:19.263-04:00,IdeState,Inactive,,*,-1,-1
2024-10-13T14:05:20.265-04:00,IdeState,Inactive,,*,-1,-1
2024-10-13T14:05:21.267-04:00,IdeState,Inactive,,*,-1,-1
2024-10-13T14:05:22.268-04:00,IdeState,Inactive,,*,-1,-1
2024-10-13T14:05:23.270-04:00,IdeState,Inactive,,*,-1,-1
2024-10-13T14:05:24.271-04:00,IdeState,Inactive,,*,-1,-1
2024-10-13T14:05:25.273-04:00,IdeState,Inactive,,*,-1,-1
2024-10-13T14:05:26.273-04:00,IdeState,Inactive,,*,-1,-1
2024-10-13T14:05:27.275-04:00,IdeState,Inactive,,*,-1,-1
2024-10-13T14:05:28.277-04:00,IdeState,Inactive,,*,-1,-1
2024-10-13T14:05:29.278-04:00,IdeState,Inactive,,*,-1,-1
2024-10-13T14:05:30.280-04:00,IdeState,Inactive,,*,-1,-1
2024-10-13T14:05:31.280-04:00,IdeState,Inactive,,*,-1,-1
2024-10-13T14:05:32.284-04:00,IdeState,Inactive,,*,-1,-1
2024-10-13T14:05:33.285-04:00,IdeState,Inactive,,*,-1,-1
2024-10-13T14:05:34.287-04:00,IdeState,Inactive,,*,-1,-1
2024-10-13T14:05:35.289-04:00,IdeState,Inactive,,*,-1,-1
2024-10-13T14:05:36.290-04:00,IdeState,Inactive,,*,-1,-1
2024-10-13T14:05:37.291-04:00,IdeState,Inactive,,*,-1,-1
2024-10-13T14:05:38.293-04:00,IdeState,Inactive,,*,-1,-1
2024-10-13T14:05:39.295-04:00,IdeState,Inactive,,*,-1,-1
2024-10-13T14:05:40.297-04:00,IdeState,Inactive,,*,-1,-1
2024-10-13T14:05:41.299-04:00,IdeState,Inactive,,*,-1,-1
2024-10-13T14:05:42.300-04:00,IdeState,Inactive,,*,-1,-1
2024-10-13T14:05:43.304-04:00,IdeState,Inactive,,*,-1,-1
2024-10-13T14:05:44.306-04:00,IdeState,Inactive,,*,-1,-1
2024-10-13T14:05:45.307-04:00,IdeState,Inactive,,*,-1,-1
2024-10-13T14:05:46.309-04:00,IdeState,Inactive,,*,-1,-1
2024-10-13T14:05:47.310-04:00,IdeState,Inactive,,*,-1,-1
2024-10-13T14:05:48.312-04:00,IdeState,Inactive,,*,-1,-1
2024-10-13T14:05:49.314-04:00,IdeState,Inactive,,*,-1,-1
2024-10-13T14:05:50.315-04:00,IdeState,Inactive,,*,-1,-1
2024-10-13T14:05:51.316-04:00,IdeState,Inactive,,*,-1,-1
2024-10-13T14:05:52.318-04:00,IdeState,Inactive,,*,-1,-1
2024-10-13T14:05:53.319-04:00,IdeState,Inactive,,*,-1,-1
2024-10-13T14:05:54.321-04:00,IdeState,Inactive,,*,-1,-1
2024-10-13T14:05:55.324-04:00,IdeState,Inactive,,*,-1,-1
2024-10-13T14:05:56.327-04:00,IdeState,Inactive,,*,-1,-1
2024-10-13T14:05:57.329-04:00,IdeState,Inactive,,*,-1,-1
2024-10-13T14:05:58.331-04:00,IdeState,Inactive,,*,-1,-1
2024-10-13T14:05:59.334-04:00,IdeState,Inactive,,*,-1,-1
2024-10-13T14:06:00.334-04:00,IdeState,Inactive,,*,-1,-1
2024-10-13T14:06:01.336-04:00,IdeState,Inactive,,*,-1,-1
2024-10-13T14:06:02.336-04:00,IdeState,Inactive,,*,-1,-1
2024-10-13T14:06:03.339-04:00,IdeState,Inactive,,*,-1,-1
2024-10-13T14:06:04.341-04:00,IdeState,Inactive,,*,-1,-1
2024-10-13T14:06:05.343-04:00,IdeState,Inactive,,*,-1,-1
2024-10-13T14:06:06.345-04:00,IdeState,Inactive,,*,-1,-1
2024-10-13T14:06:07.346-04:00,IdeState,Inactive,,*,-1,-1
2024-10-13T14:06:08.348-04:00,IdeState,Inactive,,*,-1,-1
2024-10-13T14:06:09.349-04:00,IdeState,Inactive,,*,-1,-1
2024-10-13T14:06:10.351-04:00,IdeState,Inactive,,*,-1,-1
2024-10-13T14:06:11.353-04:00,IdeState,Inactive,,*,-1,-1
2024-10-13T14:06:12.357-04:00,IdeState,Inactive,,*,-1,-1
2024-10-13T14:06:13.359-04:00,IdeState,Inactive,,*,-1,-1
2024-10-13T14:06:14.360-04:00,IdeState,Inactive,,*,-1,-1
2024-10-13T14:06:15.361-04:00,IdeState,Inactive,,*,-1,-1
2024-10-13T14:06:16.362-04:00,IdeState,Inactive,,*,-1,-1
2024-10-13T14:06:17.364-04:00,IdeState,Inactive,,*,-1,-1
2024-10-13T14:06:18.366-04:00,IdeState,Inactive,,*,-1,-1
2024-10-13T14:06:19.367-04:00,IdeState,Inactive,,*,-1,-1
2024-10-13T14:06:20.369-04:00,IdeState,Inactive,,*,-1,-1
2024-10-13T14:06:21.370-04:00,IdeState,Inactive,,*,-1,-1
2024-10-13T14:06:22.372-04:00,IdeState,Inactive,,*,-1,-1
2024-10-13T14:06:23.374-04:00,IdeState,Inactive,,*,-1,-1
2024-10-13T14:06:24.376-04:00,IdeState,Inactive,,*,-1,-1
2024-10-13T14:06:25.376-04:00,IdeState,Inactive,,*,-1,-1
2024-10-13T14:06:26.380-04:00,IdeState,Inactive,,*,-1,-1
2024-10-13T14:06:27.381-04:00,IdeState,Inactive,,*,-1,-1
2024-10-13T14:06:28.382-04:00,IdeState,Inactive,,*,-1,-1
2024-10-13T14:06:29.384-04:00,IdeState,Inactive,,*,-1,-1
2024-10-13T14:06:30.386-04:00,IdeState,Inactive,,*,-1,-1
2024-10-13T14:06:31.387-04:00,IdeState,Inactive,,*,-1,-1
2024-10-13T14:06:32.389-04:00,IdeState,Inactive,,*,-1,-1
2024-10-13T14:06:33.392-04:00,IdeState,Inactive,,*,-1,-1
2024-10-13T14:06:34.393-04:00,IdeState,Inactive,,*,-1,-1
2024-10-13T14:06:35.395-04:00,IdeState,Inactive,,*,-1,-1
2024-10-13T14:06:36.397-04:00,IdeState,Inactive,,*,-1,-1
2024-10-13T14:06:37.399-04:00,IdeState,Inactive,,*,-1,-1
2024-10-13T14:06:38.401-04:00,IdeState,Inactive,,*,-1,-1
2024-10-13T14:06:39.402-04:00,IdeState,Inactive,,*,-1,-1
2024-10-13T14:06:40.404-04:00,IdeState,Inactive,,*,-1,-1
2024-10-13T14:06:41.406-04:00,IdeState,Inactive,,*,-1,-1
2024-10-13T14:06:42.409-04:00,IdeState,Inactive,,*,-1,-1
2024-10-13T14:06:43.411-04:00,IdeState,Inactive,,*,-1,-1
2024-10-13T14:06:44.414-04:00,IdeState,Inactive,,*,-1,-1
2024-10-13T14:06:45.415-04:00,IdeState,Inactive,,*,-1,-1
2024-10-13T14:06:46.417-04:00,IdeState,Inactive,,*,-1,-1
2024-10-13T14:06:47.419-04:00,IdeState,Inactive,,*,-1,-1
2024-10-13T14:06:48.420-04:00,IdeState,Inactive,,*,-1,-1
2024-10-13T14:06:49.422-04:00,IdeState,Inactive,,*,-1,-1
2024-10-13T14:06:50.424-04:00,IdeState,Inactive,,*,-1,-1
2024-10-13T14:06:51.426-04:00,IdeState,Inactive,,*,-1,-1
2024-10-13T14:06:52.427-04:00,IdeState,Inactive,,*,-1,-1
2024-10-13T14:06:53.429-04:00,IdeState,Inactive,,*,-1,-1
2024-10-13T14:06:54.431-04:00,IdeState,Inactive,,*,-1,-1
2024-10-13T14:06:55.433-04:00,IdeState,Inactive,,*,-1,-1
2024-10-13T14:06:56.435-04:00,IdeState,Inactive,,*,-1,-1
2024-10-13T14:06:57.437-04:00,IdeState,Inactive,,*,-1,-1
2024-10-13T14:06:58.439-04:00,IdeState,Inactive,,*,-1,-1
2024-10-13T14:06:59.442-04:00,IdeState,Inactive,,*,-1,-1
2024-10-13T14:07:00.443-04:00,IdeState,Inactive,,*,-1,-1
2024-10-13T14:07:01.446-04:00,IdeState,Inactive,,*,-1,-1
2024-10-13T14:07:02.449-04:00,IdeState,Inactive,,*,-1,-1
2024-10-13T14:07:03.455-04:00,IdeState,Inactive,,*,-1,-1
2024-10-13T14:07:04.457-04:00,IdeState,Inactive,,*,-1,-1
2024-10-13T14:07:05.458-04:00,IdeState,Inactive,,*,-1,-1
2024-10-13T14:07:06.460-04:00,IdeState,Inactive,,*,-1,-1
2024-10-13T14:07:07.461-04:00,IdeState,Inactive,,*,-1,-1
2024-10-13T14:07:08.464-04:00,IdeState,Inactive,,*,-1,-1
2024-10-13T14:07:09.465-04:00,IdeState,Inactive,,*,-1,-1
2024-10-13T14:07:10.468-04:00,IdeState,Inactive,,*,-1,-1
2024-10-13T14:07:11.470-04:00,IdeState,Inactive,,*,-1,-1
2024-10-13T14:07:12.472-04:00,IdeState,Inactive,,*,-1,-1
2024-10-13T14:07:13.473-04:00,IdeState,Inactive,,*,-1,-1
2024-10-13T14:07:14.474-04:00,IdeState,Inactive,,*,-1,-1
2024-10-13T14:07:15.476-04:00,IdeState,Inactive,,*,-1,-1
2024-10-13T14:07:16.482-04:00,IdeState,Inactive,,*,-1,-1
2024-10-13T14:07:17.484-04:00,IdeState,Inactive,,*,-1,-1
2024-10-13T14:07:18.485-04:00,IdeState,Inactive,,*,-1,-1
2024-10-13T14:07:19.488-04:00,IdeState,Inactive,,*,-1,-1
2024-10-13T14:07:20.489-04:00,IdeState,Inactive,,*,-1,-1
2024-10-13T14:07:21.491-04:00,IdeState,Inactive,,*,-1,-1
2024-10-13T14:07:22.492-04:00,IdeState,Inactive,,*,-1,-1
2024-10-13T14:07:23.494-04:00,IdeState,Inactive,,*,-1,-1
2024-10-13T14:07:24.496-04:00,IdeState,Inactive,,*,-1,-1
2024-10-13T14:07:25.498-04:00,IdeState,Inactive,,*,-1,-1
2024-10-13T14:07:26.501-04:00,IdeState,Inactive,,*,-1,-1
2024-10-13T14:07:27.504-04:00,IdeState,Inactive,,*,-1,-1
2024-10-13T14:07:28.505-04:00,IdeState,Inactive,,*,-1,-1
2024-10-13T14:07:29.507-04:00,IdeState,Inactive,,*,-1,-1
2024-10-13T14:07:30.508-04:00,IdeState,Inactive,,*,-1,-1
2024-10-13T14:07:31.509-04:00,IdeState,Inactive,,*,-1,-1
2024-10-13T14:07:32.511-04:00,IdeState,Inactive,,*,-1,-1
2024-10-13T14:07:33.513-04:00,IdeState,Inactive,,*,-1,-1
2024-10-13T14:07:34.516-04:00,IdeState,Inactive,,*,-1,-1
2024-10-13T14:07:35.517-04:00,IdeState,Inactive,,*,-1,-1
2024-10-13T14:07:36.519-04:00,IdeState,Inactive,,*,-1,-1
2024-10-13T14:07:37.521-04:00,IdeState,Inactive,,*,-1,-1
2024-10-13T14:07:38.522-04:00,IdeState,Inactive,,*,-1,-1
2024-10-13T14:07:39.524-04:00,IdeState,Inactive,,*,-1,-1
2024-10-13T14:07:40.525-04:00,IdeState,Inactive,,*,-1,-1
2024-10-13T14:07:41.526-04:00,IdeState,Inactive,,*,-1,-1
2024-10-13T14:07:42.527-04:00,IdeState,Inactive,,*,-1,-1
2024-10-13T14:07:43.529-04:00,IdeState,Inactive,,*,-1,-1
2024-10-13T14:07:44.529-04:00,IdeState,Inactive,,*,-1,-1
2024-10-13T14:07:45.532-04:00,IdeState,Inactive,,*,-1,-1
2024-10-13T14:07:46.533-04:00,IdeState,Inactive,,*,-1,-1
2024-10-13T14:07:47.534-04:00,IdeState,Inactive,,*,-1,-1
2024-10-13T14:07:48.536-04:00,IdeState,Inactive,,*,-1,-1
2024-10-13T14:07:49.538-04:00,IdeState,Inactive,,*,-1,-1
2024-10-13T14:07:50.539-04:00,IdeState,Inactive,,*,-1,-1
2024-10-13T14:07:51.542-04:00,IdeState,Inactive,,*,-1,-1
2024-10-13T14:07:52.543-04:00,IdeState,Inactive,,*,-1,-1
2024-10-13T14:07:53.544-04:00,IdeState,Inactive,,*,-1,-1
2024-10-13T14:07:54.547-04:00,IdeState,Inactive,,*,-1,-1
2024-10-13T14:16:15.570-04:00,IdeState,NoProject,,*,-1,-1
2024-10-13T14:16:17.424-04:00,IdeState,Active,Popup,*,-1,-1
2024-10-13T14:16:18.550-04:00,IdeState,Active,Project,*,-1,-1
2024-10-13T14:16:19.551-04:00,IdeState,Active,Project,*,-1,-1
2024-10-13T14:16:20.552-04:00,IdeState,Active,Project,*,-1,-1
2024-10-13T14:16:21.556-04:00,IdeState,Active,Project,*,-1,-1
2024-10-13T14:16:22.557-04:00,IdeState,Active,Project,*,-1,-1
2024-10-13T14:16:23.559-04:00,IdeState,Active,Project,*,-1,-1
2024-10-13T14:16:24.573-04:00,IdeState,Inactive,,*,-1,-1
2024-10-13T14:16:25.575-04:00,IdeState,Inactive,,*,-1,-1
2024-10-13T14:16:26.578-04:00,IdeState,Inactive,,*,-1,-1
2024-10-13T14:16:27.580-04:00,IdeState,Inactive,,*,-1,-1
2024-10-13T14:16:28.584-04:00,IdeState,Inactive,,*,-1,-1
2024-10-13T14:16:29.585-04:00,IdeState,Active,Project,*,-1,-1
2024-10-13T14:16:30.586-04:00,IdeState,Inactive,,*,-1,-1
2024-10-13T14:16:31.588-04:00,IdeState,Inactive,,*,-1,-1
2024-10-13T14:16:32.589-04:00,IdeState,Inactive,,*,-1,-1
2024-10-13T14:16:33.593-04:00,IdeState,Inactive,,*,-1,-1
2024-10-13T14:16:34.594-04:00,IdeState,Inactive,,*,-1,-1
2024-10-13T14:16:35.595-04:00,IdeState,Inactive,,*,-1,-1
2024-10-13T14:16:36.596-04:00,IdeState,Inactive,,*,-1,-1
2024-10-13T14:16:37.598-04:00,IdeState,Active,Project,*,-1,-1
2024-10-13T14:16:38.600-04:00,IdeState,Active,Project,*,-1,-1
2024-10-13T14:16:39.603-04:00,IdeState,Active,Project,*,-1,-1
2024-10-13T14:16:40.604-04:00,IdeState,Inactive,,*,-1,-1
2024-10-13T14:16:41.605-04:00,IdeState,Inactive,,*,-1,-1
2024-10-13T14:16:42.608-04:00,IdeState,Inactive,,*,-1,-1
2024-10-13T14:16:43.610-04:00,IdeState,Inactive,,*,-1,-1
2024-10-13T14:16:44.612-04:00,IdeState,Inactive,,*,-1,-1
2024-10-13T14:16:45.614-04:00,IdeState,Inactive,,*,-1,-1
2024-10-13T14:16:46.615-04:00,IdeState,Inactive,,*,-1,-1
2024-10-13T14:16:47.617-04:00,IdeState,Inactive,,*,-1,-1
2024-10-13T14:16:48.619-04:00,IdeState,Inactive,,*,-1,-1
2024-10-13T14:16:49.620-04:00,IdeState,Inactive,,*,-1,-1
2024-10-13T14:16:50.623-04:00,IdeState,Inactive,,*,-1,-1
2024-10-13T14:16:51.624-04:00,IdeState,Inactive,,*,-1,-1
2024-10-13T14:16:52.626-04:00,IdeState,Inactive,,*,-1,-1
2024-10-13T14:16:53.628-04:00,IdeState,Inactive,,*,-1,-1
2024-10-13T14:16:54.629-04:00,IdeState,Inactive,,*,-1,-1
2024-10-13T14:16:55.630-04:00,IdeState,Inactive,,*,-1,-1
2024-10-13T14:16:56.633-04:00,IdeState,Active,Project,*,-1,-1
2024-10-13T14:16:57.634-04:00,IdeState,Active,Dialog,*,-1,-1
2024-10-13T14:16:58.650-04:00,IdeState,Active,Project,*,-1,-1
2024-10-13T14:16:59.651-04:00,IdeState,Active,tasktracker,*,-1,-1
2024-10-13T14:17:00.652-04:00,IdeState,Active,tasktracker,*,-1,-1
2024-10-13T14:17:01.654-04:00,IdeState,Active,tasktracker,*,-1,-1
2024-10-13T14:17:02.657-04:00,IdeState,Active,tasktracker,*,-1,-1
2024-10-13T14:17:03.659-04:00,IdeState,Active,tasktracker,*,-1,-1
2024-10-13T14:17:04.662-04:00,IdeState,Active,tasktracker,*,-1,-1
2024-10-13T14:17:05.663-04:00,IdeState,Active,tasktracker,*,-1,-1
2024-10-13T14:17:06.665-04:00,IdeState,Active,tasktracker,*,-1,-1
2024-10-13T14:17:07.667-04:00,IdeState,Active,tasktracker,*,-1,-1
2024-10-13T14:17:08.668-04:00,IdeState,Active,tasktracker,*,-1,-1
2024-10-13T14:17:09.670-04:00,IdeState,Inactive,,*,-1,-1
2024-10-13T14:17:10.670-04:00,IdeState,Inactive,,*,-1,-1
2024-10-13T14:17:11.673-04:00,IdeState,Inactive,,*,-1,-1
2024-10-13T14:17:12.675-04:00,IdeState,Inactive,,*,-1,-1
2024-10-13T14:17:13.679-04:00,IdeState,Inactive,,*,-1,-1
2024-10-13T14:17:14.682-04:00,IdeState,Inactive,,*,-1,-1
2024-10-13T14:17:15.683-04:00,IdeState,Inactive,,*,-1,-1
2024-10-13T14:17:16.686-04:00,IdeState,Inactive,,*,-1,-1
2024-10-13T14:17:17.688-04:00,IdeState,Inactive,,*,-1,-1
2024-10-13T14:17:18.689-04:00,IdeState,Inactive,,*,-1,-1
2024-10-13T14:17:19.691-04:00,IdeState,Inactive,,*,-1,-1
2024-10-13T14:17:20.694-04:00,IdeState,Inactive,,*,-1,-1
2024-10-13T14:17:21.696-04:00,IdeState,Inactive,,*,-1,-1
2024-10-13T14:17:22.698-04:00,IdeState,Inactive,,*,-1,-1
2024-10-13T14:17:23.706-04:00,IdeState,Active,tasktracker,*,-1,-1
2024-10-13T14:17:24.707-04:00,IdeState,Active,tasktracker,*,-1,-1
2024-10-13T14:17:25.708-04:00,IdeState,Active,tasktracker,*,-1,-1
2024-10-13T14:17:26.712-04:00,IdeState,Inactive,,*,-1,-1
2024-10-13T14:17:27.713-04:00,IdeState,Inactive,,*,-1,-1
2024-10-13T14:17:28.715-04:00,IdeState,Inactive,,*,-1,-1
2024-10-13T14:17:29.717-04:00,IdeState,Inactive,,*,-1,-1
2024-10-13T14:17:30.719-04:00,IdeState,Inactive,,*,-1,-1
2024-10-13T14:17:31.720-04:00,IdeState,Inactive,,*,-1,-1
2024-10-13T14:17:32.722-04:00,IdeState,Inactive,,*,-1,-1
2024-10-13T14:17:33.725-04:00,IdeState,Inactive,,*,-1,-1
2024-10-13T14:17:34.725-04:00,IdeState,Inactive,,*,-1,-1
2024-10-13T14:17:35.727-04:00,IdeState,Inactive,,*,-1,-1
2024-10-13T14:17:36.728-04:00,IdeState,Inactive,,*,-1,-1
2024-10-13T14:17:37.730-04:00,IdeState,Inactive,,*,-1,-1
2024-10-13T14:17:38.732-04:00,IdeState,Inactive,,*,-1,-1
2024-10-13T14:17:39.735-04:00,IdeState,Inactive,,*,-1,-1
2024-10-13T14:17:40.735-04:00,IdeState,Inactive,,*,-1,-1
2024-10-13T14:17:41.736-04:00,IdeState,Inactive,,*,-1,-1
2024-10-13T14:17:42.737-04:00,IdeState,Inactive,,*,-1,-1
2024-10-13T14:17:43.739-04:00,IdeState,Inactive,,*,-1,-1
2024-10-13T14:17:44.742-04:00,IdeState,Inactive,,*,-1,-1
2024-10-13T14:17:45.743-04:00,IdeState,Inactive,,*,-1,-1
2024-10-13T14:17:46.744-04:00,IdeState,Inactive,,*,-1,-1
2024-10-13T14:17:47.745-04:00,IdeState,Inactive,,*,-1,-1
2024-10-13T14:17:48.747-04:00,IdeState,Inactive,,*,-1,-1
2024-10-13T14:17:49.750-04:00,IdeState,Inactive,,*,-1,-1
2024-10-13T14:17:50.752-04:00,IdeState,Inactive,,*,-1,-1
2024-10-13T14:17:51.753-04:00,IdeState,Inactive,,*,-1,-1
2024-10-13T14:17:52.755-04:00,IdeState,Inactive,,*,-1,-1
2024-10-13T14:17:53.756-04:00,IdeState,Inactive,,*,-1,-1
2024-10-13T14:17:54.760-04:00,IdeState,Inactive,,*,-1,-1
2024-10-13T14:17:55.761-04:00,IdeState,Inactive,,*,-1,-1
2024-10-13T14:17:56.763-04:00,IdeState,Inactive,,*,-1,-1
2024-10-13T14:17:57.764-04:00,IdeState,Inactive,,*,-1,-1
2024-10-13T14:17:58.765-04:00,IdeState,Inactive,,*,-1,-1
2024-10-13T14:17:59.768-04:00,IdeState,Inactive,,*,-1,-1
2024-10-13T14:18:00.769-04:00,IdeState,Inactive,,*,-1,-1
2024-10-13T14:18:01.770-04:00,IdeState,Inactive,,*,-1,-1
2024-10-13T14:18:02.773-04:00,IdeState,Inactive,,*,-1,-1
2024-10-13T14:18:03.774-04:00,IdeState,Inactive,,*,-1,-1
2024-10-13T14:18:54.019-04:00,IdeState,Inactive,,*,-1,-1
2024-10-13T14:18:55.091-04:00,IdeState,Active,Popup,*,-1,-1
2024-10-13T14:18:56.687-04:00,IdeState,Active,Popup,*,-1,-1
2024-10-13T14:18:58.140-04:00,IdeState,Active,Project,*,-1,-1
2024-10-13T14:18:59.141-04:00,IdeState,Active,Project,*,-1,-1
2024-10-13T14:19:00.455-04:00,IdeState,Active,Dialog,*,-1,-1
2024-10-13T14:19:01.455-04:00,IdeState,Active,Dialog,*,-1,-1
2024-10-13T14:19:02.494-04:00,IdeState,Active,Dialog,*,-1,-1
2024-10-13T14:19:03.496-04:00,IdeState,Active,Dialog,*,-1,-1
2024-10-13T14:19:04.532-04:00,IdeState,Inactive,,*,-1,-1
2024-10-13T14:19:05.535-04:00,IdeState,Inactive,,*,-1,-1
2024-10-13T14:19:06.536-04:00,IdeState,Inactive,,*,-1,-1
2024-10-13T14:19:07.537-04:00,IdeState,Inactive,,*,-1,-1
2024-10-13T14:19:08.538-04:00,IdeState,Inactive,,*,-1,-1
2024-10-13T14:19:09.539-04:00,IdeState,Inactive,,*,-1,-1
2024-10-13T14:19:10.541-04:00,IdeState,Inactive,,*,-1,-1
2024-10-13T14:19:11.543-04:00,IdeState,Inactive,,*,-1,-1
2024-10-13T14:19:12.545-04:00,IdeState,Inactive,,*,-1,-1
2024-10-13T14:19:13.545-04:00,IdeState,Inactive,,*,-1,-1
2024-10-13T14:19:14.547-04:00,IdeState,Inactive,,*,-1,-1
2024-10-13T14:19:15.550-04:00,IdeState,Inactive,,*,-1,-1
2024-10-13T14:19:16.552-04:00,IdeState,Inactive,,*,-1,-1
2024-10-13T14:19:17.553-04:00,IdeState,Inactive,,*,-1,-1
2024-10-13T14:19:18.558-04:00,IdeState,Inactive,,*,-1,-1
2024-10-13T14:19:19.559-04:00,IdeState,Inactive,,*,-1,-1
2024-10-13T14:19:20.561-04:00,IdeState,Inactive,,*,-1,-1
2024-10-13T14:19:21.563-04:00,IdeState,Inactive,,*,-1,-1
2024-10-13T14:19:22.567-04:00,IdeState,Inactive,,*,-1,-1
2024-10-13T14:19:23.568-04:00,IdeState,Inactive,,*,-1,-1
2024-10-13T14:19:24.571-04:00,IdeState,Inactive,,*,-1,-1
2024-10-13T14:19:25.572-04:00,IdeState,Inactive,,*,-1,-1
2024-10-13T14:19:26.574-04:00,IdeState,Inactive,,*,-1,-1
2024-10-13T14:19:27.577-04:00,IdeState,Inactive,,*,-1,-1
2024-10-13T14:19:28.580-04:00,IdeState,Inactive,,*,-1,-1
2024-10-13T14:19:29.581-04:00,IdeState,Inactive,,*,-1,-1
2024-10-13T14:19:30.586-04:00,IdeState,Inactive,,*,-1,-1
2024-10-13T14:19:31.588-04:00,IdeState,Inactive,,*,-1,-1
2024-10-13T14:19:32.590-04:00,IdeState,Inactive,,*,-1,-1
2024-10-13T14:19:33.592-04:00,IdeState,Inactive,,*,-1,-1
2024-10-13T14:19:34.595-04:00,IdeState,Inactive,,*,-1,-1
2024-10-13T14:19:35.596-04:00,IdeState,Inactive,,*,-1,-1
2024-10-13T14:19:36.598-04:00,IdeState,Inactive,,*,-1,-1
2024-10-13T14:19:37.599-04:00,IdeState,Inactive,,*,-1,-1
2024-10-13T14:19:38.601-04:00,IdeState,Inactive,,*,-1,-1
2024-10-13T14:19:39.603-04:00,IdeState,Inactive,,*,-1,-1
2024-10-13T14:19:40.605-04:00,IdeState,Inactive,,*,-1,-1
2024-10-13T14:19:41.606-04:00,IdeState,Inactive,,*,-1,-1
2024-10-13T14:19:42.608-04:00,IdeState,Inactive,,*,-1,-1
2024-10-13T14:19:43.611-04:00,IdeState,Inactive,,*,-1,-1
2024-10-13T14:19:44.612-04:00,IdeState,Inactive,,*,-1,-1
2024-10-13T14:19:45.613-04:00,IdeState,Inactive,,*,-1,-1
2024-10-13T14:19:46.616-04:00,IdeState,Inactive,,*,-1,-1
2024-10-13T14:19:47.618-04:00,IdeState,Inactive,,*,-1,-1
2024-10-13T14:19:48.619-04:00,IdeState,Inactive,,*,-1,-1
2024-10-13T14:19:49.622-04:00,IdeState,Inactive,,*,-1,-1
2024-10-13T14:19:50.624-04:00,IdeState,Inactive,,*,-1,-1
2024-10-13T14:19:51.626-04:00,IdeState,Inactive,,*,-1,-1
2024-10-13T14:19:52.627-04:00,IdeState,Inactive,,*,-1,-1
2024-10-13T14:19:53.628-04:00,IdeState,Inactive,,*,-1,-1
2024-10-13T14:19:54.629-04:00,IdeState,Inactive,,*,-1,-1
2024-10-13T14:19:55.631-04:00,IdeState,Inactive,,*,-1,-1
2024-10-13T14:19:56.633-04:00,IdeState,Inactive,,*,-1,-1
2024-10-13T14:19:57.635-04:00,IdeState,Inactive,,*,-1,-1
2024-10-13T14:19:58.635-04:00,IdeState,Inactive,,*,-1,-1
2024-10-13T14:19:59.637-04:00,IdeState,Inactive,,*,-1,-1
2024-10-13T14:20:00.639-04:00,IdeState,Inactive,,*,-1,-1
2024-10-13T14:20:01.643-04:00,IdeState,Inactive,,*,-1,-1
2024-10-13T14:20:02.645-04:00,IdeState,Inactive,,*,-1,-1
2024-10-13T14:20:03.646-04:00,IdeState,Inactive,,*,-1,-1
2024-10-13T14:20:04.647-04:00,IdeState,Inactive,,*,-1,-1
2024-10-13T14:20:05.649-04:00,IdeState,Inactive,,*,-1,-1
2024-10-13T14:20:06.650-04:00,IdeState,Inactive,,*,-1,-1
2024-10-13T14:20:07.652-04:00,IdeState,Inactive,,*,-1,-1
2024-10-13T14:20:08.654-04:00,IdeState,Inactive,,*,-1,-1
2024-10-13T14:20:09.657-04:00,IdeState,Inactive,,*,-1,-1
2024-10-13T14:20:10.658-04:00,IdeState,Inactive,,*,-1,-1
2024-10-13T14:20:11.662-04:00,IdeState,Inactive,,*,-1,-1
2024-10-13T14:20:12.664-04:00,IdeState,Inactive,,*,-1,-1
2024-10-13T14:20:13.667-04:00,IdeState,Inactive,,*,-1,-1
2024-10-13T16:49:30.031-04:00,IdeState,Inactive,,*,-1,-1
2024-10-13T16:49:31.114-04:00,IdeState,Inactive,,*,-1,-1
2024-10-13T16:49:32.122-04:00,IdeState,Inactive,,*,-1,-1
2024-10-13T16:49:33.133-04:00,IdeState,Inactive,,*,-1,-1
2024-10-13T16:49:34.364-04:00,IdeState,Active,Popup,*,-1,-1
2024-10-13T16:49:35.663-04:00,IdeState,Active,Popup,*,-1,-1
2024-10-13T16:49:36.719-04:00,IdeState,Active,Popup,*,-1,-1
2024-10-13T16:49:38.152-04:00,IdeState,Active,Project,*,-1,-1
2024-10-13T16:49:39.057-04:00,Action,SettingsEntryPoint,Project,*,-1,-1
2024-10-13T16:49:39.410-04:00,IdeState,Active,Project,*,-1,-1
2024-10-13T16:49:40.411-04:00,IdeState,Active,Project,*,-1,-1
2024-10-13T16:49:41.218-04:00,Action,WelcomeScreen.Plugins,,*,-1,-1
2024-10-13T16:49:42.318-04:00,IdeState,Active,Dialog,*,-1,-1
2024-10-13T16:49:43.319-04:00,IdeState,Active,Dialog,*,-1,-1
2024-10-13T16:49:44.320-04:00,IdeState,Active,Dialog,*,-1,-1
2024-10-13T16:49:45.320-04:00,IdeState,Inactive,,*,-1,-1
2024-10-13T16:49:46.340-04:00,IdeState,Active,Dialog,*,-1,-1
2024-10-13T16:49:47.341-04:00,IdeState,Active,Dialog,*,-1,-1
2024-10-13T16:49:48.343-04:00,IdeState,Active,Dialog,*,-1,-1
2024-10-13T16:49:49.345-04:00,IdeState,Active,Dialog,*,-1,-1
2024-10-13T16:49:50.348-04:00,IdeState,Active,Dialog,*,-1,-1
2024-10-13T16:49:51.349-04:00,IdeState,Active,Dialog,*,-1,-1
2024-10-13T16:49:52.351-04:00,IdeState,Active,Dialog,*,-1,-1
2024-10-13T16:49:53.352-04:00,IdeState,Active,Dialog,*,-1,-1
2024-10-13T16:49:54.354-04:00,IdeState,Active,Dialog,*,-1,-1
2024-10-13T16:49:55.356-04:00,IdeState,Active,Dialog,*,-1,-1
2024-10-13T16:49:56.357-04:00,IdeState,Active,Dialog,*,-1,-1
2024-10-13T16:49:57.360-04:00,IdeState,Active,Dialog,*,-1,-1
2024-10-13T16:49:58.360-04:00,IdeState,Active,Dialog,*,-1,-1
2024-10-13T16:49:59.362-04:00,IdeState,Active,Dialog,*,-1,-1
2024-10-13T16:50:07.131-04:00,IdeState,Inactive,,*,-1,-1
2024-10-13T16:50:08.401-04:00,IdeState,Active,Popup,*,-1,-1
2024-10-13T16:50:09.921-04:00,IdeState,Active,Popup,*,-1,-1
2024-10-13T16:50:11.150-04:00,IdeState,Active,Project,*,-1,-1
2024-10-13T16:50:12.151-04:00,IdeState,Active,Project,*,-1,-1
2024-10-13T16:50:13.153-04:00,IdeState,Active,Project,*,-1,-1
2024-10-13T16:50:14.158-04:00,IdeState,Active,Project,*,-1,-1
2024-10-13T16:50:15.178-04:00,IdeState,Active,tasktracker,*,-1,-1
2024-10-13T16:50:16.179-04:00,IdeState,Active,tasktracker,*,-1,-1
2024-10-13T16:50:17.180-04:00,IdeState,Active,tasktracker,*,-1,-1
2024-10-13T16:50:18.183-04:00,IdeState,Active,tasktracker,*,-1,-1
2024-10-13T16:50:19.185-04:00,IdeState,Active,tasktracker,*,-1,-1
2024-10-13T16:50:20.188-04:00,IdeState,Active,tasktracker,*,-1,-1
2024-10-13T16:50:21.189-04:00,IdeState,Active,tasktracker,*,-1,-1
2024-10-13T16:50:22.191-04:00,IdeState,Active,tasktracker,*,-1,-1
2024-10-13T16:50:23.194-04:00,IdeState,Active,tasktracker,*,-1,-1
2024-10-13T16:50:24.197-04:00,IdeState,Active,tasktracker,*,-1,-1
2024-10-13T16:50:25.198-04:00,IdeState,Active,tasktracker,*,-1,-1
2024-10-13T16:50:26.200-04:00,IdeState,Active,tasktracker,*,-1,-1
2024-10-13T16:50:27.203-04:00,IdeState,Active,tasktracker,*,-1,-1
2024-10-13T16:50:28.205-04:00,IdeState,Active,tasktracker,*,-1,-1
2024-10-13T16:50:29.208-04:00,IdeState,Active,tasktracker,*,-1,-1
2024-10-13T16:50:30.208-04:00,IdeState,Active,tasktracker,*,-1,-1
2024-10-13T16:50:31.209-04:00,IdeState,Inactive,,*,-1,-1
2024-10-13T16:50:32.212-04:00,IdeState,Inactive,,*,-1,-1
2024-10-13T16:50:33.214-04:00,IdeState,Inactive,,*,-1,-1
2024-10-13T16:50:34.216-04:00,IdeState,Inactive,,*,-1,-1
2024-10-13T16:50:35.217-04:00,IdeState,Inactive,,*,-1,-1
2024-10-13T16:50:36.231-04:00,IdeState,Inactive,,*,-1,-1
2024-10-13T16:50:37.244-04:00,IdeState,Inactive,,*,-1,-1
2024-10-13T16:50:38.254-04:00,IdeState,Inactive,,*,-1,-1
2024-10-13T16:50:39.266-04:00,IdeState,Inactive,,*,-1,-1
2024-10-13T16:50:40.274-04:00,IdeState,Inactive,,*,-1,-1
2024-10-13T16:50:41.281-04:00,IdeState,Inactive,,*,-1,-1
2024-10-13T16:50:42.296-04:00,IdeState,Inactive,,*,-1,-1
2024-10-13T16:50:43.307-04:00,IdeState,Inactive,,*,-1,-1
2024-10-13T16:50:44.317-04:00,IdeState,Inactive,,*,-1,-1
2024-10-13T16:50:45.330-04:00,IdeState,Inactive,,*,-1,-1
2024-10-13T16:50:46.347-04:00,IdeState,Inactive,,*,-1,-1
2024-10-13T16:50:47.366-04:00,IdeState,Inactive,,*,-1,-1
2024-10-13T16:50:48.379-04:00,IdeState,Inactive,,*,-1,-1
2024-10-13T16:50:49.385-04:00,IdeState,Inactive,,*,-1,-1
2024-10-13T16:50:50.397-04:00,IdeState,Inactive,,*,-1,-1
2024-10-13T16:50:51.413-04:00,IdeState,Inactive,,*,-1,-1
2024-10-13T16:50:52.428-04:00,IdeState,Inactive,,*,-1,-1
2024-10-13T16:50:53.440-04:00,IdeState,Inactive,,*,-1,-1
2024-10-13T16:50:54.448-04:00,IdeState,Inactive,,*,-1,-1
2024-10-13T16:50:55.454-04:00,IdeState,Inactive,,*,-1,-1
2024-10-13T16:50:56.469-04:00,IdeState,Inactive,,*,-1,-1
2024-10-13T16:50:57.472-04:00,IdeState,Inactive,,*,-1,-1
2024-10-13T16:50:58.479-04:00,IdeState,Inactive,,*,-1,-1
2024-10-13T16:50:59.491-04:00,IdeState,Inactive,,*,-1,-1
2024-10-13T16:51:00.504-04:00,IdeState,Inactive,,*,-1,-1
2024-10-13T16:51:01.517-04:00,IdeState,Inactive,,*,-1,-1
2024-10-13T16:51:02.527-04:00,IdeState,Inactive,,*,-1,-1
2024-10-13T16:51:03.538-04:00,IdeState,Inactive,,*,-1,-1
2024-10-13T16:51:04.545-04:00,IdeState,Inactive,,*,-1,-1
2024-10-13T16:51:05.561-04:00,IdeState,Inactive,,*,-1,-1
2024-10-13T16:51:06.575-04:00,IdeState,Inactive,,*,-1,-1
2024-10-13T16:51:07.580-04:00,IdeState,Inactive,,*,-1,-1
2024-10-13T16:51:08.583-04:00,IdeState,Inactive,,*,-1,-1
2024-10-13T16:51:09.596-04:00,IdeState,Inactive,,*,-1,-1
2024-10-13T16:51:10.608-04:00,IdeState,Inactive,,*,-1,-1
2024-10-13T16:51:11.623-04:00,IdeState,Inactive,,*,-1,-1
2024-10-13T16:51:12.631-04:00,IdeState,Inactive,,*,-1,-1
2024-10-13T16:51:13.637-04:00,IdeState,Inactive,,*,-1,-1
2024-10-13T16:51:14.638-04:00,IdeState,Inactive,,*,-1,-1
2024-10-13T16:51:15.645-04:00,IdeState,Inactive,,*,-1,-1
2024-10-13T16:51:16.656-04:00,IdeState,Inactive,,*,-1,-1
2024-10-13T16:51:17.669-04:00,IdeState,Inactive,,*,-1,-1
2024-10-13T16:51:18.680-04:00,IdeState,Inactive,,*,-1,-1
2024-10-13T16:51:19.695-04:00,IdeState,Inactive,,*,-1,-1
2024-10-13T16:51:20.704-04:00,IdeState,Inactive,,*,-1,-1
2024-10-13T16:51:21.720-04:00,IdeState,Inactive,,*,-1,-1
2024-10-13T16:51:22.734-04:00,IdeState,Inactive,,*,-1,-1
2024-10-13T16:51:23.744-04:00,IdeState,Inactive,,*,-1,-1
2024-10-13T16:51:24.748-04:00,IdeState,Inactive,,*,-1,-1
2024-10-13T16:51:25.758-04:00,IdeState,Inactive,,*,-1,-1
2024-10-13T16:51:26.760-04:00,IdeState,Inactive,,*,-1,-1
2024-10-13T16:51:27.764-04:00,IdeState,Inactive,,*,-1,-1
2024-10-13T16:51:28.775-04:00,IdeState,Inactive,,*,-1,-1
2024-10-13T16:51:29.783-04:00,IdeState,Inactive,,*,-1,-1
2024-10-13T16:51:30.797-04:00,IdeState,Inactive,,*,-1,-1
2024-10-13T16:51:31.809-04:00,IdeState,Inactive,,*,-1,-1
2024-10-13T16:51:32.822-04:00,IdeState,Inactive,,*,-1,-1
2024-10-13T16:51:33.837-04:00,IdeState,Inactive,,*,-1,-1
2024-10-13T16:51:34.847-04:00,IdeState,Inactive,,*,-1,-1
2024-10-13T16:51:35.858-04:00,IdeState,Inactive,,*,-1,-1
2024-10-13T16:51:36.867-04:00,IdeState,Inactive,,*,-1,-1
2024-10-13T16:51:37.870-04:00,IdeState,Inactive,,*,-1,-1
2024-10-13T16:51:38.880-04:00,IdeState,Inactive,,*,-1,-1
2024-10-13T16:51:39.896-04:00,IdeState,Inactive,,*,-1,-1
2024-10-13T16:51:40.909-04:00,IdeState,Inactive,,*,-1,-1
2024-10-13T16:51:41.915-04:00,IdeState,Inactive,,*,-1,-1
2024-10-13T16:51:42.928-04:00,IdeState,Inactive,,*,-1,-1
2024-10-13T16:51:43.935-04:00,IdeState,Inactive,,*,-1,-1
2024-10-13T16:51:44.945-04:00,IdeState,Inactive,,*,-1,-1
2024-10-13T16:51:45.956-04:00,IdeState,Inactive,,*,-1,-1
2024-10-13T16:51:46.971-04:00,IdeState,Inactive,,*,-1,-1
2024-10-13T16:51:47.971-04:00,IdeState,Inactive,,*,-1,-1
2024-10-13T16:51:48.973-04:00,IdeState,Inactive,,*,-1,-1
2024-10-13T16:51:49.984-04:00,IdeState,Inactive,,*,-1,-1
2024-10-13T16:51:50.994-04:00,IdeState,Inactive,,*,-1,-1
2024-10-13T16:51:51.997-04:00,IdeState,Inactive,,*,-1,-1
2024-10-13T16:51:53.007-04:00,IdeState,Inactive,,*,-1,-1
2024-10-13T16:51:54.013-04:00,IdeState,Inactive,,*,-1,-1
2024-10-13T16:51:55.014-04:00,IdeState,Inactive,,*,-1,-1
2024-10-13T16:51:56.021-04:00,IdeState,Inactive,,*,-1,-1
2024-10-13T16:51:57.031-04:00,IdeState,Inactive,,*,-1,-1
2024-10-13T16:51:58.034-04:00,IdeState,Inactive,,*,-1,-1
2024-10-13T16:51:59.035-04:00,IdeState,Inactive,,*,-1,-1
2024-10-13T16:52:00.052-04:00,IdeState,Inactive,,*,-1,-1
2024-10-13T16:52:01.053-04:00,IdeState,Inactive,,*,-1,-1
2024-10-13T16:52:02.064-04:00,IdeState,Inactive,,*,-1,-1
2024-10-13T16:52:03.066-04:00,IdeState,Inactive,,*,-1,-1
2024-10-13T16:52:04.076-04:00,IdeState,Inactive,,*,-1,-1
2024-10-13T16:52:05.087-04:00,IdeState,Inactive,,*,-1,-1
2024-10-13T16:52:06.102-04:00,IdeState,Inactive,,*,-1,-1
2024-10-13T16:52:07.116-04:00,IdeState,Inactive,,*,-1,-1
2024-10-13T16:52:08.133-04:00,IdeState,Inactive,,*,-1,-1
2024-10-13T16:52:09.134-04:00,IdeState,Inactive,,*,-1,-1
2024-10-13T16:52:10.142-04:00,IdeState,Inactive,,*,-1,-1
2024-10-13T16:52:11.156-04:00,IdeState,Inactive,,*,-1,-1
2024-10-13T16:52:12.164-04:00,IdeState,Inactive,,*,-1,-1
2024-10-13T16:52:13.181-04:00,IdeState,Inactive,,*,-1,-1
2024-10-13T16:52:14.193-04:00,IdeState,Inactive,,*,-1,-1
2024-10-13T16:52:15.206-04:00,IdeState,Inactive,,*,-1,-1
2024-10-13T16:52:16.211-04:00,IdeState,Inactive,,*,-1,-1
2024-10-13T16:52:17.226-04:00,IdeState,Inactive,,*,-1,-1
2024-10-13T16:52:18.236-04:00,IdeState,Inactive,,*,-1,-1
2024-10-13T16:52:19.250-04:00,IdeState,Inactive,,*,-1,-1
2024-10-13T16:52:20.262-04:00,IdeState,Inactive,,*,-1,-1
2024-10-13T16:52:21.270-04:00,IdeState,Inactive,,*,-1,-1
2024-10-13T16:52:22.279-04:00,IdeState,Inactive,,*,-1,-1
2024-10-13T16:52:23.288-04:00,IdeState,Inactive,,*,-1,-1
2024-10-13T16:52:24.299-04:00,IdeState,Inactive,,*,-1,-1
2024-10-13T16:52:25.310-04:00,IdeState,Inactive,,*,-1,-1
2024-10-13T16:52:26.323-04:00,IdeState,Inactive,,*,-1,-1
2024-10-13T16:52:27.338-04:00,IdeState,Inactive,,*,-1,-1
2024-10-13T16:52:28.350-04:00,IdeState,Inactive,,*,-1,-1
2024-10-13T16:52:29.361-04:00,IdeState,Inactive,,*,-1,-1
2024-10-13T16:52:30.371-04:00,IdeState,Inactive,,*,-1,-1
2024-10-13T16:52:31.380-04:00,IdeState,Inactive,,*,-1,-1
2024-10-13T16:52:32.392-04:00,IdeState,Inactive,,*,-1,-1
2024-10-13T16:52:33.399-04:00,IdeState,Inactive,,*,-1,-1
2024-10-13T16:52:34.411-04:00,IdeState,Inactive,,*,-1,-1
2024-10-13T16:52:35.421-04:00,IdeState,Inactive,,*,-1,-1
2024-10-13T16:52:36.434-04:00,IdeState,Inactive,,*,-1,-1
2024-10-13T16:52:37.449-04:00,IdeState,Inactive,,*,-1,-1
2024-10-13T16:52:38.460-04:00,IdeState,Inactive,,*,-1,-1
2024-10-13T16:52:39.473-04:00,IdeState,Inactive,,*,-1,-1
2024-10-13T16:52:40.478-04:00,IdeState,Inactive,,*,-1,-1
2024-10-13T16:52:41.492-04:00,IdeState,Inactive,,*,-1,-1
2024-10-13T16:52:42.501-04:00,IdeState,Inactive,,*,-1,-1
2024-10-13T16:52:43.514-04:00,IdeState,Inactive,,*,-1,-1
2024-10-13T16:52:44.523-04:00,IdeState,Inactive,,*,-1,-1
2024-10-13T16:52:45.538-04:00,IdeState,Inactive,,*,-1,-1
2024-10-13T16:52:46.549-04:00,IdeState,Inactive,,*,-1,-1
2024-10-13T16:52:47.556-04:00,IdeState,Inactive,,*,-1,-1
2024-10-13T16:52:48.563-04:00,IdeState,Inactive,,*,-1,-1
2024-10-13T16:52:49.579-04:00,IdeState,Inactive,,*,-1,-1
2024-10-13T16:52:50.592-04:00,IdeState,Inactive,,*,-1,-1
2024-10-13T16:52:51.602-04:00,IdeState,Inactive,,*,-1,-1
2024-10-13T16:52:52.615-04:00,IdeState,Inactive,,*,-1,-1
2024-10-13T16:52:53.628-04:00,IdeState,Inactive,,*,-1,-1
2024-10-13T16:52:54.643-04:00,IdeState,Inactive,,*,-1,-1
2024-10-13T16:52:55.654-04:00,IdeState,Inactive,,*,-1,-1
2024-10-13T16:52:56.657-04:00,IdeState,Inactive,,*,-1,-1
2024-10-13T16:52:57.669-04:00,IdeState,Inactive,,*,-1,-1
2024-10-13T16:52:58.679-04:00,IdeState,Inactive,,*,-1,-1
2024-10-13T16:52:59.682-04:00,IdeState,Inactive,,*,-1,-1
2024-10-13T16:53:00.695-04:00,IdeState,Inactive,,*,-1,-1
2024-10-13T16:53:01.707-04:00,IdeState,Inactive,,*,-1,-1
2024-10-13T16:53:02.718-04:00,IdeState,Inactive,,*,-1,-1
2024-10-13T16:53:03.725-04:00,IdeState,Inactive,,*,-1,-1
2024-10-13T16:53:04.739-04:00,IdeState,Inactive,,*,-1,-1
2024-10-13T16:53:05.742-04:00,IdeState,Inactive,,*,-1,-1
2024-10-13T16:53:06.756-04:00,IdeState,Inactive,,*,-1,-1
2024-10-13T16:53:07.759-04:00,IdeState,Inactive,,*,-1,-1
2024-10-13T16:53:08.765-04:00,IdeState,Inactive,,*,-1,-1
2024-10-13T16:53:09.780-04:00,IdeState,Inactive,,*,-1,-1
2024-10-13T16:53:10.790-04:00,IdeState,Inactive,,*,-1,-1
2024-10-13T16:53:11.799-04:00,IdeState,Inactive,,*,-1,-1
2024-10-13T16:53:12.808-04:00,IdeState,Inactive,,*,-1,-1
2024-10-13T16:53:13.823-04:00,IdeState,Inactive,,*,-1,-1
2024-10-13T16:53:14.835-04:00,IdeState,Inactive,,*,-1,-1
2024-10-13T16:53:15.847-04:00,IdeState,Inactive,,*,-1,-1
2024-10-13T16:53:16.851-04:00,IdeState,Inactive,,*,-1,-1
2024-10-13T16:53:17.863-04:00,IdeState,Inactive,,*,-1,-1
2024-10-13T16:53:18.870-04:00,IdeState,Inactive,,*,-1,-1
2024-10-13T16:53:19.882-04:00,IdeState,Inactive,,*,-1,-1
2024-10-13T16:53:20.895-04:00,IdeState,Inactive,,*,-1,-1
2024-10-13T16:53:21.903-04:00,IdeState,Inactive,,*,-1,-1
2024-10-13T16:53:22.913-04:00,IdeState,Inactive,,*,-1,-1
2024-10-13T16:53:23.922-04:00,IdeState,Inactive,,*,-1,-1
2024-10-13T16:53:24.930-04:00,IdeState,Inactive,,*,-1,-1
2024-10-13T16:53:25.940-04:00,IdeState,Inactive,,*,-1,-1
2024-10-13T16:53:26.956-04:00,IdeState,Inactive,,*,-1,-1
2024-10-13T16:53:27.966-04:00,IdeState,Inactive,,*,-1,-1
2024-10-13T16:53:28.977-04:00,IdeState,Inactive,,*,-1,-1
2024-10-13T16:53:29.981-04:00,IdeState,Inactive,,*,-1,-1
2024-10-13T16:53:30.986-04:00,IdeState,Inactive,,*,-1,-1
2024-10-13T16:53:31.997-04:00,IdeState,Inactive,,*,-1,-1
2024-10-13T16:53:33.006-04:00,IdeState,Inactive,,*,-1,-1
2024-10-13T16:53:34.019-04:00,IdeState,Inactive,,*,-1,-1
2024-10-13T16:53:35.031-04:00,IdeState,Inactive,,*,-1,-1
2024-10-13T16:53:36.042-04:00,IdeState,Inactive,,*,-1,-1
2024-10-13T16:53:37.057-04:00,IdeState,Inactive,,*,-1,-1
2024-10-13T16:53:38.074-04:00,IdeState,Inactive,,*,-1,-1
2024-10-13T16:53:39.085-04:00,IdeState,Inactive,,*,-1,-1
2024-10-13T16:53:40.087-04:00,IdeState,Inactive,,*,-1,-1
2024-10-13T16:53:41.097-04:00,IdeState,Inactive,,*,-1,-1
2024-10-13T16:53:42.114-04:00,IdeState,Inactive,,*,-1,-1
2024-10-13T16:53:43.120-04:00,IdeState,Inactive,,*,-1,-1
2024-10-13T16:53:44.133-04:00,IdeState,Inactive,,*,-1,-1
2024-10-13T16:53:45.144-04:00,IdeState,Inactive,,*,-1,-1
2024-10-13T16:53:46.155-04:00,IdeState,Inactive,,*,-1,-1
2024-10-13T16:53:47.166-04:00,IdeState,Inactive,,*,-1,-1
2024-10-13T16:53:48.171-04:00,IdeState,Inactive,,*,-1,-1
2024-10-13T16:53:49.185-04:00,IdeState,Inactive,,*,-1,-1
2024-10-13T16:53:50.197-04:00,IdeState,Inactive,,*,-1,-1
2024-10-13T16:53:51.201-04:00,IdeState,Inactive,,*,-1,-1
2024-10-13T16:53:52.217-04:00,IdeState,Inactive,,*,-1,-1
2024-10-13T16:53:53.226-04:00,IdeState,Inactive,,*,-1,-1
2024-10-13T16:53:54.239-04:00,IdeState,Inactive,,*,-1,-1
2024-10-13T16:53:55.250-04:00,IdeState,Inactive,,*,-1,-1
2024-10-13T16:53:56.264-04:00,IdeState,Inactive,,*,-1,-1
2024-10-13T16:53:57.265-04:00,IdeState,Inactive,,*,-1,-1
2024-10-13T16:53:58.277-04:00,IdeState,Inactive,,*,-1,-1
2024-10-13T16:53:59.283-04:00,IdeState,Inactive,,*,-1,-1
2024-10-13T16:54:00.284-04:00,IdeState,Inactive,,*,-1,-1
2024-10-13T16:54:01.299-04:00,IdeState,Inactive,,*,-1,-1
2024-10-13T16:54:02.306-04:00,IdeState,Inactive,,*,-1,-1
2024-10-13T16:54:03.322-04:00,IdeState,Inactive,,*,-1,-1
2024-10-13T16:54:04.325-04:00,IdeState,Inactive,,*,-1,-1
2024-10-13T16:54:05.334-04:00,IdeState,Inactive,,*,-1,-1
2024-10-13T16:54:06.349-04:00,IdeState,Inactive,,*,-1,-1
2024-10-13T16:54:07.357-04:00,IdeState,Inactive,,*,-1,-1
2024-10-13T16:54:08.369-04:00,IdeState,Inactive,,*,-1,-1
2024-10-13T16:54:09.382-04:00,IdeState,Inactive,,*,-1,-1
2024-10-13T16:54:10.396-04:00,IdeState,Inactive,,*,-1,-1
2024-10-13T16:54:11.400-04:00,IdeState,Inactive,,*,-1,-1
2024-10-13T16:54:12.414-04:00,IdeState,Inactive,,*,-1,-1
2024-10-13T16:54:13.426-04:00,IdeState,Inactive,,*,-1,-1
2024-10-13T16:54:14.436-04:00,IdeState,Inactive,,*,-1,-1
2024-10-13T16:54:15.450-04:00,IdeState,Inactive,,*,-1,-1
2024-10-13T16:54:16.461-04:00,IdeState,Inactive,,*,-1,-1
2024-10-13T16:54:17.470-04:00,IdeState,Inactive,,*,-1,-1
2024-10-13T16:54:18.482-04:00,IdeState,Inactive,,*,-1,-1
2024-10-13T16:54:19.494-04:00,IdeState,Inactive,,*,-1,-1
2024-10-13T16:54:20.503-04:00,IdeState,Inactive,,*,-1,-1
2024-10-13T16:54:21.509-04:00,IdeState,Inactive,,*,-1,-1
2024-10-13T16:54:22.524-04:00,IdeState,Inactive,,*,-1,-1
2024-10-13T16:54:23.535-04:00,IdeState,Inactive,,*,-1,-1
2024-10-13T16:54:24.549-04:00,IdeState,Inactive,,*,-1,-1
2024-10-13T16:54:25.558-04:00,IdeState,Inactive,,*,-1,-1
2024-10-13T16:54:26.568-04:00,IdeState,Inactive,,*,-1,-1
2024-10-13T16:54:27.587-04:00,IdeState,Inactive,,*,-1,-1
2024-10-13T16:54:28.593-04:00,IdeState,Inactive,,*,-1,-1
2024-10-13T16:54:29.596-04:00,IdeState,Inactive,,*,-1,-1
2024-10-13T16:54:30.602-04:00,IdeState,Inactive,,*,-1,-1
2024-10-13T16:54:31.611-04:00,IdeState,Inactive,,*,-1,-1
2024-10-13T16:54:32.624-04:00,IdeState,Inactive,,*,-1,-1
2024-10-13T16:54:33.635-04:00,IdeState,Inactive,,*,-1,-1
2024-10-13T16:54:34.645-04:00,IdeState,Inactive,,*,-1,-1
2024-10-13T16:54:35.653-04:00,IdeState,Inactive,,*,-1,-1
2024-10-13T16:54:36.668-04:00,IdeState,Inactive,,*,-1,-1
2024-10-13T16:54:37.684-04:00,IdeState,Inactive,,*,-1,-1
2024-10-13T16:54:38.699-04:00,IdeState,Inactive,,*,-1,-1
2024-10-13T16:54:39.713-04:00,IdeState,Inactive,,*,-1,-1
2024-10-13T16:54:40.724-04:00,IdeState,Inactive,,*,-1,-1
2024-10-13T16:54:41.739-04:00,IdeState,Inactive,,*,-1,-1
2024-10-13T16:54:42.751-04:00,IdeState,Inactive,,*,-1,-1
2024-10-13T16:54:43.761-04:00,IdeState,Inactive,,*,-1,-1
2024-10-13T16:54:44.772-04:00,IdeState,Inactive,,*,-1,-1
2024-10-13T16:54:45.783-04:00,IdeState,Inactive,,*,-1,-1
2024-10-13T16:54:46.794-04:00,IdeState,Inactive,,*,-1,-1
2024-10-13T16:54:47.807-04:00,IdeState,Inactive,,*,-1,-1
2024-10-13T16:54:48.818-04:00,IdeState,Inactive,,*,-1,-1
2024-10-13T16:54:49.828-04:00,IdeState,Inactive,,*,-1,-1
2024-10-13T16:54:50.842-04:00,IdeState,Inactive,,*,-1,-1
2024-10-13T16:54:51.855-04:00,IdeState,Inactive,,*,-1,-1
2024-10-13T16:54:52.863-04:00,IdeState,Inactive,,*,-1,-1
2024-10-13T16:54:53.869-04:00,IdeState,Inactive,,*,-1,-1
2024-10-13T16:54:54.885-04:00,IdeState,Inactive,,*,-1,-1
2024-10-13T16:54:55.895-04:00,IdeState,Inactive,,*,-1,-1
2024-10-13T16:54:56.910-04:00,IdeState,Inactive,,*,-1,-1
2024-10-13T16:54:57.915-04:00,IdeState,Inactive,,*,-1,-1
2024-10-13T16:54:58.922-04:00,IdeState,Inactive,,*,-1,-1
2024-10-13T16:54:59.935-04:00,IdeState,Inactive,,*,-1,-1
2024-10-13T16:55:00.949-04:00,IdeState,Inactive,,*,-1,-1
2024-10-13T16:55:01.959-04:00,IdeState,Inactive,,*,-1,-1
2024-10-13T16:55:02.973-04:00,IdeState,Inactive,,*,-1,-1
2024-10-13T16:55:03.984-04:00,IdeState,Inactive,,*,-1,-1
2024-10-13T16:55:04.993-04:00,IdeState,Inactive,,*,-1,-1
2024-10-13T16:55:06.004-04:00,IdeState,Inactive,,*,-1,-1
2024-10-13T16:55:07.020-04:00,IdeState,Inactive,,*,-1,-1
2024-10-13T16:55:08.033-04:00,IdeState,Inactive,,*,-1,-1
2024-10-13T16:55:09.037-04:00,IdeState,Inactive,,*,-1,-1
2024-10-13T16:55:10.040-04:00,IdeState,Inactive,,*,-1,-1
2024-10-13T16:55:11.042-04:00,IdeState,Inactive,,*,-1,-1
2024-10-13T16:55:12.055-04:00,IdeState,Inactive,,*,-1,-1
2024-10-13T16:55:13.066-04:00,IdeState,Inactive,,*,-1,-1
2024-10-13T16:55:14.079-04:00,IdeState,Inactive,,*,-1,-1
2024-10-13T16:55:15.086-04:00,IdeState,Inactive,,*,-1,-1
2024-10-13T16:55:16.102-04:00,IdeState,Inactive,,*,-1,-1
2024-10-13T16:55:17.110-04:00,IdeState,Inactive,,*,-1,-1
2024-10-13T16:55:18.111-04:00,IdeState,Inactive,,*,-1,-1
2024-10-13T16:55:19.127-04:00,IdeState,Inactive,,*,-1,-1
2024-10-13T16:55:20.136-04:00,IdeState,Inactive,,*,-1,-1
2024-10-13T16:55:21.151-04:00,IdeState,Inactive,,*,-1,-1
2024-10-13T16:55:22.164-04:00,IdeState,Inactive,,*,-1,-1
2024-10-13T16:55:23.174-04:00,IdeState,Inactive,,*,-1,-1
2024-10-13T16:55:24.188-04:00,IdeState,Inactive,,*,-1,-1
2024-10-13T16:55:25.198-04:00,IdeState,Inactive,,*,-1,-1
2024-10-13T16:55:26.214-04:00,IdeState,Inactive,,*,-1,-1
2024-10-13T16:55:27.226-04:00,IdeState,Inactive,,*,-1,-1
2024-10-13T16:55:28.236-04:00,IdeState,Inactive,,*,-1,-1
2024-10-13T16:55:29.244-04:00,IdeState,Inactive,,*,-1,-1
2024-10-13T16:55:30.252-04:00,IdeState,Inactive,,*,-1,-1
2024-10-13T16:55:31.254-04:00,IdeState,Inactive,,*,-1,-1
2024-10-13T16:55:32.262-04:00,IdeState,Inactive,,*,-1,-1
2024-10-13T16:55:33.273-04:00,IdeState,Inactive,,*,-1,-1
2024-10-13T16:55:34.282-04:00,IdeState,Inactive,,*,-1,-1
2024-10-13T16:55:35.293-04:00,IdeState,Inactive,,*,-1,-1
2024-10-13T16:55:36.305-04:00,IdeState,Inactive,,*,-1,-1
2024-10-13T16:55:37.314-04:00,IdeState,Inactive,,*,-1,-1
2024-10-13T16:55:38.331-04:00,IdeState,Inactive,,*,-1,-1
2024-10-13T16:55:39.346-04:00,IdeState,Inactive,,*,-1,-1
2024-10-13T16:55:40.357-04:00,IdeState,Inactive,,*,-1,-1
2024-10-13T16:55:41.370-04:00,IdeState,Inactive,,*,-1,-1
2024-10-13T16:55:42.380-04:00,IdeState,Inactive,,*,-1,-1
2024-10-13T16:55:43.387-04:00,IdeState,Inactive,,*,-1,-1
2024-10-13T16:55:44.404-04:00,IdeState,Inactive,,*,-1,-1
2024-10-13T16:55:45.410-04:00,IdeState,Inactive,,*,-1,-1
2024-10-13T16:55:46.420-04:00,IdeState,Inactive,,*,-1,-1
2024-10-13T16:55:47.434-04:00,IdeState,Inactive,,*,-1,-1
2024-10-13T16:55:48.437-04:00,IdeState,Inactive,,*,-1,-1
2024-10-13T16:55:49.449-04:00,IdeState,Inactive,,*,-1,-1
2024-10-13T16:55:50.467-04:00,IdeState,Inactive,,*,-1,-1
2024-10-13T16:55:51.472-04:00,IdeState,Inactive,,*,-1,-1
2024-10-13T16:55:52.494-04:00,IdeState,Inactive,,*,-1,-1
2024-10-13T16:55:53.509-04:00,IdeState,Inactive,,*,-1,-1
2024-10-13T16:55:54.520-04:00,IdeState,Inactive,,*,-1,-1
2024-10-13T16:55:55.533-04:00,IdeState,Inactive,,*,-1,-1
2024-10-13T16:55:56.545-04:00,IdeState,Inactive,,*,-1,-1
2024-10-13T16:55:57.547-04:00,IdeState,Inactive,,*,-1,-1
2024-10-13T16:55:58.563-04:00,IdeState,Inactive,,*,-1,-1
2024-10-13T16:55:59.565-04:00,IdeState,Inactive,,*,-1,-1
2024-10-13T16:56:00.579-04:00,IdeState,Inactive,,*,-1,-1
2024-10-13T16:56:01.592-04:00,IdeState,Inactive,,*,-1,-1
2024-10-13T16:56:02.600-04:00,IdeState,Inactive,,*,-1,-1
2024-10-13T16:56:03.612-04:00,IdeState,Inactive,,*,-1,-1
2024-10-13T16:56:04.619-04:00,IdeState,Inactive,,*,-1,-1
2024-10-13T16:56:05.632-04:00,IdeState,Inactive,,*,-1,-1
2024-10-13T16:56:06.634-04:00,IdeState,Inactive,,*,-1,-1
2024-10-13T16:56:07.647-04:00,IdeState,Inactive,,*,-1,-1
2024-10-13T16:56:08.658-04:00,IdeState,Inactive,,*,-1,-1
2024-10-13T16:56:09.673-04:00,IdeState,Inactive,,*,-1,-1
2024-10-13T16:56:10.683-04:00,IdeState,Inactive,,*,-1,-1
2024-10-13T16:56:11.696-04:00,IdeState,Inactive,,*,-1,-1
2024-10-13T16:56:12.700-04:00,IdeState,Inactive,,*,-1,-1
2024-10-13T16:56:13.715-04:00,IdeState,Inactive,,*,-1,-1
2024-10-13T16:56:14.737-04:00,IdeState,Inactive,,*,-1,-1
2024-10-13T16:56:15.750-04:00,IdeState,Inactive,,*,-1,-1
2024-10-13T16:56:16.764-04:00,IdeState,Inactive,,*,-1,-1
2024-10-13T16:56:17.779-04:00,IdeState,Inactive,,*,-1,-1
2024-10-13T16:56:18.789-04:00,IdeState,Inactive,,*,-1,-1
2024-10-13T16:56:19.802-04:00,IdeState,Inactive,,*,-1,-1
2024-10-13T16:56:20.815-04:00,IdeState,Inactive,,*,-1,-1
2024-10-13T16:56:21.822-04:00,IdeState,Inactive,,*,-1,-1
2024-10-13T16:56:22.831-04:00,IdeState,Inactive,,*,-1,-1
2024-10-13T16:56:23.845-04:00,IdeState,Inactive,,*,-1,-1
2024-10-13T16:56:24.858-04:00,IdeState,Inactive,,*,-1,-1
2024-10-13T16:56:25.870-04:00,IdeState,Inactive,,*,-1,-1
2024-10-13T16:56:26.880-04:00,IdeState,Inactive,,*,-1,-1
2024-10-13T16:56:27.893-04:00,IdeState,Inactive,,*,-1,-1
2024-10-13T16:56:28.911-04:00,IdeState,Inactive,,*,-1,-1
2024-10-13T16:56:29.920-04:00,IdeState,Inactive,,*,-1,-1
2024-10-13T16:56:30.934-04:00,IdeState,Inactive,,*,-1,-1
2024-10-13T16:56:31.946-04:00,IdeState,Inactive,,*,-1,-1
2024-10-13T16:56:32.959-04:00,IdeState,Inactive,,*,-1,-1
2024-10-13T16:56:33.969-04:00,IdeState,Inactive,,*,-1,-1
2024-10-13T16:56:34.972-04:00,IdeState,Inactive,,*,-1,-1
2024-10-13T16:56:35.979-04:00,IdeState,Inactive,,*,-1,-1
2024-10-13T16:56:36.985-04:00,IdeState,Inactive,,*,-1,-1
2024-10-13T16:56:37.986-04:00,IdeState,Inactive,,*,-1,-1
2024-10-13T16:56:38.992-04:00,IdeState,Inactive,,*,-1,-1
2024-10-13T16:56:40.004-04:00,IdeState,Inactive,,*,-1,-1
2024-10-13T16:56:41.008-04:00,IdeState,Inactive,,*,-1,-1
2024-10-13T16:56:42.021-04:00,IdeState,Inactive,,*,-1,-1
2024-10-13T16:56:43.034-04:00,IdeState,Inactive,,*,-1,-1
2024-10-13T16:56:44.050-04:00,IdeState,Inactive,,*,-1,-1
2024-10-13T16:56:45.057-04:00,IdeState,Inactive,,*,-1,-1
2024-10-13T16:56:46.058-04:00,IdeState,Inactive,,*,-1,-1
2024-10-13T16:56:47.065-04:00,IdeState,Inactive,,*,-1,-1
2024-10-13T16:56:48.077-04:00,IdeState,Inactive,,*,-1,-1
2024-10-13T16:56:49.085-04:00,IdeState,Inactive,,*,-1,-1
2024-10-13T16:56:50.101-04:00,IdeState,Inactive,,*,-1,-1
2024-10-13T16:56:51.103-04:00,IdeState,Inactive,,*,-1,-1
2024-10-13T16:56:52.111-04:00,IdeState,Inactive,,*,-1,-1
2024-10-13T16:56:53.125-04:00,IdeState,Inactive,,*,-1,-1
2024-10-13T16:56:54.132-04:00,IdeState,Inactive,,*,-1,-1
2024-10-13T16:56:55.148-04:00,IdeState,Inactive,,*,-1,-1
2024-10-13T16:56:56.155-04:00,IdeState,Inactive,,*,-1,-1
2024-10-13T16:56:57.169-04:00,IdeState,Inactive,,*,-1,-1
2024-10-13T16:56:58.180-04:00,IdeState,Inactive,,*,-1,-1
2024-10-13T16:56:59.184-04:00,IdeState,Inactive,,*,-1,-1
2024-10-13T16:57:00.191-04:00,IdeState,Inactive,,*,-1,-1
2024-10-13T16:57:01.206-04:00,IdeState,Inactive,,*,-1,-1
2024-10-13T16:57:02.219-04:00,IdeState,Inactive,,*,-1,-1
2024-10-13T16:57:03.221-04:00,IdeState,Inactive,,*,-1,-1
2024-10-13T16:57:04.229-04:00,IdeState,Inactive,,*,-1,-1
2024-10-13T16:57:05.238-04:00,IdeState,Inactive,,*,-1,-1
2024-10-13T16:57:06.254-04:00,IdeState,Inactive,,*,-1,-1
2024-10-13T16:57:07.257-04:00,IdeState,Inactive,,*,-1,-1
2024-10-13T16:57:08.274-04:00,IdeState,Inactive,,*,-1,-1
2024-10-13T16:57:09.289-04:00,IdeState,Inactive,,*,-1,-1
2024-10-13T16:57:10.303-04:00,IdeState,Inactive,,*,-1,-1
2024-10-13T16:57:11.315-04:00,IdeState,Inactive,,*,-1,-1
2024-10-13T16:57:12.329-04:00,IdeState,Inactive,,*,-1,-1
2024-10-13T16:57:13.344-04:00,IdeState,Inactive,,*,-1,-1
2024-10-13T16:57:14.353-04:00,IdeState,Inactive,,*,-1,-1
2024-10-13T16:57:15.364-04:00,IdeState,Inactive,,*,-1,-1
2024-10-13T16:57:16.375-04:00,IdeState,Inactive,,*,-1,-1
2024-10-13T16:57:17.382-04:00,IdeState,Inactive,,*,-1,-1
2024-10-13T16:57:18.392-04:00,IdeState,Inactive,,*,-1,-1
2024-10-13T16:57:19.405-04:00,IdeState,Inactive,,*,-1,-1
2024-10-13T16:57:20.418-04:00,IdeState,Inactive,,*,-1,-1
2024-10-13T16:57:21.431-04:00,IdeState,Inactive,,*,-1,-1
2024-10-13T16:57:22.443-04:00,IdeState,Inactive,,*,-1,-1
2024-10-13T16:57:23.455-04:00,IdeState,Inactive,,*,-1,-1
2024-10-13T16:57:24.467-04:00,IdeState,Inactive,,*,-1,-1
2024-10-13T16:57:25.476-04:00,IdeState,Inactive,,*,-1,-1
2024-10-13T16:57:26.487-04:00,IdeState,Inactive,,*,-1,-1
2024-10-13T16:57:27.500-04:00,IdeState,Inactive,,*,-1,-1
2024-10-13T16:57:28.512-04:00,IdeState,Inactive,,*,-1,-1
2024-10-13T16:57:29.528-04:00,IdeState,Inactive,,*,-1,-1
2024-10-13T16:57:30.540-04:00,IdeState,Inactive,,*,-1,-1
2024-10-13T16:57:31.542-04:00,IdeState,Inactive,,*,-1,-1
2024-10-13T16:57:32.552-04:00,IdeState,Inactive,,*,-1,-1
2024-10-13T16:57:33.565-04:00,IdeState,Inactive,,*,-1,-1
2024-10-13T16:57:34.578-04:00,IdeState,Inactive,,*,-1,-1
2024-10-13T16:57:35.592-04:00,IdeState,Inactive,,*,-1,-1
2024-10-13T16:57:36.601-04:00,IdeState,Inactive,,*,-1,-1
2024-10-13T16:57:37.616-04:00,IdeState,Inactive,,*,-1,-1
2024-10-13T16:57:38.631-04:00,IdeState,Inactive,,*,-1,-1
2024-10-13T16:57:39.643-04:00,IdeState,Inactive,,*,-1,-1
2024-10-13T16:57:40.658-04:00,IdeState,Inactive,,*,-1,-1
2024-10-13T16:57:41.672-04:00,IdeState,Inactive,,*,-1,-1
2024-10-13T16:57:42.680-04:00,IdeState,Inactive,,*,-1,-1
2024-10-13T16:57:43.697-04:00,IdeState,Inactive,,*,-1,-1
2024-10-13T16:57:44.711-04:00,IdeState,Inactive,,*,-1,-1
2024-10-13T16:57:45.721-04:00,IdeState,Inactive,,*,-1,-1
2024-10-13T16:57:46.737-04:00,IdeState,Inactive,,*,-1,-1
2024-10-13T16:57:47.749-04:00,IdeState,Inactive,,*,-1,-1
2024-10-13T16:57:48.756-04:00,IdeState,Inactive,,*,-1,-1
2024-10-13T16:57:49.767-04:00,IdeState,Inactive,,*,-1,-1
2024-10-13T16:57:50.780-04:00,IdeState,Inactive,,*,-1,-1
2024-10-13T16:57:51.790-04:00,IdeState,Inactive,,*,-1,-1
2024-10-13T16:57:52.806-04:00,IdeState,Inactive,,*,-1,-1
2024-10-13T16:57:53.813-04:00,IdeState,Inactive,,*,-1,-1
2024-10-13T16:57:54.825-04:00,IdeState,Inactive,,*,-1,-1
2024-10-13T16:57:55.832-04:00,IdeState,Inactive,,*,-1,-1
2024-10-13T16:57:56.839-04:00,IdeState,Inactive,,*,-1,-1
2024-10-13T16:57:57.845-04:00,IdeState,Inactive,,*,-1,-1
2024-10-13T16:57:58.859-04:00,IdeState,Inactive,,*,-1,-1
2024-10-13T16:57:59.868-04:00,IdeState,Inactive,,*,-1,-1
2024-10-13T16:58:00.880-04:00,IdeState,Inactive,,*,-1,-1
2024-10-13T16:58:01.892-04:00,IdeState,Inactive,,*,-1,-1
2024-10-13T16:58:02.900-04:00,IdeState,Inactive,,*,-1,-1
2024-10-13T16:58:03.908-04:00,IdeState,Inactive,,*,-1,-1
2024-10-13T16:58:04.920-04:00,IdeState,Inactive,,*,-1,-1
2024-10-13T16:58:05.929-04:00,IdeState,Inactive,,*,-1,-1
2024-10-13T16:58:06.942-04:00,IdeState,Inactive,,*,-1,-1
2024-10-13T16:58:07.951-04:00,IdeState,Inactive,,*,-1,-1
2024-10-13T16:58:08.958-04:00,IdeState,Inactive,,*,-1,-1
2024-10-13T16:58:09.972-04:00,IdeState,Inactive,,*,-1,-1
2024-10-13T16:58:10.984-04:00,IdeState,Inactive,,*,-1,-1
2024-10-13T16:58:11.995-04:00,IdeState,Inactive,,*,-1,-1
2024-10-13T16:58:13.006-04:00,IdeState,Inactive,,*,-1,-1
2024-10-13T16:58:14.018-04:00,IdeState,Inactive,,*,-1,-1
2024-10-13T16:58:15.028-04:00,IdeState,Inactive,,*,-1,-1
2024-10-13T16:58:16.043-04:00,IdeState,Inactive,,*,-1,-1
2024-10-13T16:58:17.055-04:00,IdeState,Inactive,,*,-1,-1
2024-10-13T16:58:18.072-04:00,IdeState,Inactive,,*,-1,-1
2024-10-13T16:58:19.082-04:00,IdeState,Inactive,,*,-1,-1
2024-10-13T16:58:20.097-04:00,IdeState,Inactive,,*,-1,-1
2024-10-13T16:58:21.111-04:00,IdeState,Inactive,,*,-1,-1
2024-10-13T16:58:22.124-04:00,IdeState,Inactive,,*,-1,-1
2024-10-13T16:58:23.135-04:00,IdeState,Inactive,,*,-1,-1
2024-10-13T16:58:24.148-04:00,IdeState,Inactive,,*,-1,-1
2024-10-13T16:58:25.161-04:00,IdeState,Inactive,,*,-1,-1
2024-10-13T16:58:26.170-04:00,IdeState,Inactive,,*,-1,-1
2024-10-13T16:58:27.185-04:00,IdeState,Inactive,,*,-1,-1
2024-10-13T16:58:28.194-04:00,IdeState,Inactive,,*,-1,-1
2024-10-13T16:58:29.195-04:00,IdeState,Inactive,,*,-1,-1
2024-10-13T16:58:30.203-04:00,IdeState,Inactive,,*,-1,-1
2024-10-13T16:58:31.211-04:00,IdeState,Inactive,,*,-1,-1
2024-10-13T16:58:32.224-04:00,IdeState,Inactive,,*,-1,-1
2024-10-13T16:58:33.235-04:00,IdeState,Inactive,,*,-1,-1
2024-10-13T16:58:34.247-04:00,IdeState,Inactive,,*,-1,-1
2024-10-13T16:58:35.262-04:00,IdeState,Inactive,,*,-1,-1
2024-10-13T16:58:36.269-04:00,IdeState,Inactive,,*,-1,-1
2024-10-13T16:58:37.279-04:00,IdeState,Inactive,,*,-1,-1
2024-10-13T16:58:38.294-04:00,IdeState,Inactive,,*,-1,-1
2024-10-13T16:58:39.308-04:00,IdeState,Inactive,,*,-1,-1
2024-10-13T16:58:40.321-04:00,IdeState,Active,tasktracker,*,-1,-1
2024-10-13T16:58:41.325-04:00,IdeState,Inactive,,*,-1,-1
2024-10-13T16:58:42.327-04:00,IdeState,Inactive,,*,-1,-1
2024-10-13T16:58:43.341-04:00,IdeState,Inactive,,*,-1,-1
2024-10-13T16:58:44.356-04:00,IdeState,Inactive,,*,-1,-1
2024-10-13T16:58:45.370-04:00,IdeState,Inactive,,*,-1,-1
2024-10-13T16:58:46.372-04:00,IdeState,Inactive,,*,-1,-1
2024-10-13T16:58:47.374-04:00,IdeState,Inactive,,*,-1,-1
2024-10-13T16:58:48.375-04:00,IdeState,Inactive,,*,-1,-1
2024-10-13T16:58:49.377-04:00,IdeState,Inactive,,*,-1,-1
2024-10-13T16:58:50.380-04:00,IdeState,Inactive,,*,-1,-1
2024-10-13T16:58:51.382-04:00,IdeState,Inactive,,*,-1,-1
2024-10-13T16:58:52.383-04:00,IdeState,Inactive,,*,-1,-1
2024-10-13T16:58:53.386-04:00,IdeState,Inactive,,*,-1,-1
2024-10-13T16:58:54.387-04:00,IdeState,Inactive,,*,-1,-1
2024-10-13T16:58:55.392-04:00,IdeState,Inactive,,*,-1,-1
2024-10-13T16:58:56.394-04:00,IdeState,Inactive,,*,-1,-1
2024-10-13T16:58:57.395-04:00,IdeState,Inactive,,*,-1,-1
2024-10-13T16:58:58.397-04:00,IdeState,Inactive,,*,-1,-1
2024-10-13T16:58:59.399-04:00,IdeState,Inactive,,*,-1,-1
2024-10-13T16:59:00.401-04:00,IdeState,Inactive,,*,-1,-1
2024-10-13T16:59:01.403-04:00,IdeState,Active,tasktracker,*,-1,-1
2024-10-13T16:59:02.405-04:00,IdeState,Inactive,,*,-1,-1
2024-10-13T16:59:03.406-04:00,IdeState,Active,tasktracker,*,-1,-1
2024-10-13T16:59:04.407-04:00,IdeState,Active,tasktracker,*,-1,-1
2024-10-13T16:59:05.408-04:00,IdeState,Inactive,,*,-1,-1
2024-10-13T16:59:06.410-04:00,IdeState,Inactive,,*,-1,-1
2024-10-13T16:59:07.411-04:00,IdeState,Inactive,,*,-1,-1
2024-10-13T16:59:08.413-04:00,IdeState,Inactive,,*,-1,-1
2024-10-13T16:59:09.414-04:00,IdeState,Inactive,,*,-1,-1
2024-10-13T16:59:10.417-04:00,IdeState,Inactive,,*,-1,-1
2024-10-13T16:59:11.420-04:00,IdeState,Inactive,,*,-1,-1
2024-10-13T16:59:12.422-04:00,IdeState,Inactive,,*,-1,-1
2024-10-13T16:59:13.425-04:00,IdeState,Inactive,,*,-1,-1
2024-10-13T16:59:14.426-04:00,IdeState,Inactive,,*,-1,-1
2024-10-13T16:59:15.427-04:00,IdeState,Inactive,,*,-1,-1
2024-10-13T16:59:16.428-04:00,IdeState,Inactive,,*,-1,-1
2024-10-13T16:59:17.430-04:00,IdeState,Inactive,,*,-1,-1
2024-10-13T16:59:18.431-04:00,IdeState,Inactive,,*,-1,-1
2024-10-13T16:59:19.432-04:00,IdeState,Inactive,,*,-1,-1
2024-10-13T16:59:20.434-04:00,IdeState,Inactive,,*,-1,-1
2024-10-13T16:59:21.435-04:00,IdeState,Inactive,,*,-1,-1
2024-10-13T16:59:22.438-04:00,IdeState,Inactive,,*,-1,-1
2024-10-13T16:59:23.440-04:00,IdeState,Inactive,,*,-1,-1
2024-10-13T16:59:24.442-04:00,IdeState,Inactive,,*,-1,-1
2024-10-13T16:59:25.443-04:00,IdeState,Inactive,,*,-1,-1
2024-10-13T16:59:26.445-04:00,IdeState,Inactive,,*,-1,-1
2024-10-13T16:59:27.447-04:00,IdeState,Inactive,,*,-1,-1
2024-10-13T16:59:28.450-04:00,IdeState,Inactive,,*,-1,-1
2024-10-13T16:59:29.452-04:00,IdeState,Inactive,,*,-1,-1
2024-10-13T16:59:30.453-04:00,IdeState,Inactive,,*,-1,-1
2024-10-13T16:59:31.454-04:00,IdeState,Inactive,,*,-1,-1
2024-10-13T16:59:32.455-04:00,IdeState,Inactive,,*,-1,-1
2024-10-13T16:59:33.456-04:00,IdeState,Inactive,,*,-1,-1
2024-10-13T16:59:34.458-04:00,IdeState,Inactive,,*,-1,-1
2024-10-13T16:59:35.459-04:00,IdeState,Inactive,,*,-1,-1
2024-10-13T16:59:36.461-04:00,IdeState,Inactive,,*,-1,-1
2024-10-13T16:59:37.462-04:00,IdeState,Inactive,,*,-1,-1
2024-10-13T16:59:38.463-04:00,IdeState,Inactive,,*,-1,-1
2024-10-13T16:59:39.464-04:00,IdeState,Inactive,,*,-1,-1
2024-10-13T16:59:40.466-04:00,IdeState,Inactive,,*,-1,-1
2024-10-13T16:59:41.467-04:00,IdeState,Inactive,,*,-1,-1
2024-10-13T16:59:42.468-04:00,IdeState,Inactive,,*,-1,-1
2024-10-13T16:59:43.469-04:00,IdeState,Inactive,,*,-1,-1
2024-10-13T16:59:44.471-04:00,IdeState,Inactive,,*,-1,-1
2024-10-13T16:59:45.472-04:00,IdeState,Inactive,,*,-1,-1
2024-10-13T16:59:46.475-04:00,IdeState,Inactive,,*,-1,-1
2024-10-13T16:59:47.476-04:00,IdeState,Inactive,,*,-1,-1
2024-10-13T16:59:48.478-04:00,IdeState,Inactive,,*,-1,-1
2024-10-13T16:59:49.480-04:00,IdeState,Inactive,,*,-1,-1
2024-10-13T16:59:50.481-04:00,IdeState,Inactive,,*,-1,-1
2024-10-13T16:59:51.482-04:00,IdeState,Inactive,,*,-1,-1
2024-10-13T16:59:52.484-04:00,IdeState,Inactive,,*,-1,-1
2024-10-13T16:59:53.486-04:00,IdeState,Inactive,,*,-1,-1
2024-10-13T16:59:54.487-04:00,IdeState,Inactive,,*,-1,-1
2024-10-13T16:59:55.492-04:00,IdeState,Inactive,,*,-1,-1
2024-10-13T16:59:56.494-04:00,IdeState,Inactive,,*,-1,-1
2024-10-13T16:59:57.495-04:00,IdeState,Inactive,,*,-1,-1
2024-10-13T16:59:58.496-04:00,IdeState,Inactive,,*,-1,-1
2024-10-13T16:59:59.498-04:00,IdeState,Inactive,,*,-1,-1
2024-10-13T17:00:00.500-04:00,IdeState,Inactive,,*,-1,-1
2024-10-13T17:00:01.501-04:00,IdeState,Inactive,,*,-1,-1
2024-10-13T17:00:02.502-04:00,IdeState,Inactive,,*,-1,-1
2024-10-13T17:00:03.503-04:00,IdeState,Inactive,,*,-1,-1
2024-10-13T17:00:04.506-04:00,IdeState,Inactive,,*,-1,-1
2024-10-13T17:00:05.507-04:00,IdeState,Inactive,,*,-1,-1
2024-10-13T17:00:06.508-04:00,IdeState,Inactive,,*,-1,-1
2024-10-13T17:00:07.508-04:00,IdeState,Inactive,,*,-1,-1
2024-10-13T17:00:08.511-04:00,IdeState,Inactive,,*,-1,-1
2024-10-13T17:00:09.512-04:00,IdeState,Inactive,,*,-1,-1
2024-10-13T17:00:10.513-04:00,IdeState,Inactive,,*,-1,-1
2024-10-13T17:00:11.514-04:00,IdeState,Inactive,,*,-1,-1
2024-10-13T17:00:12.516-04:00,IdeState,Inactive,,*,-1,-1
2024-10-13T17:00:13.518-04:00,IdeState,Inactive,,*,-1,-1
2024-10-13T17:00:14.519-04:00,IdeState,Inactive,,*,-1,-1
2024-10-13T17:00:15.519-04:00,IdeState,Inactive,,*,-1,-1
2024-10-13T17:00:16.520-04:00,IdeState,Inactive,,*,-1,-1
2024-10-13T17:00:17.521-04:00,IdeState,Inactive,,*,-1,-1
2024-10-13T17:00:18.522-04:00,IdeState,Inactive,,*,-1,-1
2024-10-13T17:00:19.523-04:00,IdeState,Inactive,,*,-1,-1
2024-10-13T17:00:20.523-04:00,IdeState,Inactive,,*,-1,-1
2024-10-13T17:00:21.526-04:00,IdeState,Inactive,,*,-1,-1
2024-10-13T17:00:22.528-04:00,IdeState,Inactive,,*,-1,-1
2024-10-13T17:00:23.528-04:00,IdeState,Inactive,,*,-1,-1
2024-10-13T17:00:24.530-04:00,IdeState,Inactive,,*,-1,-1
2024-10-13T17:00:25.532-04:00,IdeState,Inactive,,*,-1,-1
2024-10-13T17:00:26.533-04:00,IdeState,Inactive,,*,-1,-1
2024-10-13T17:00:27.535-04:00,IdeState,Inactive,,*,-1,-1
2024-10-13T17:00:28.536-04:00,IdeState,Inactive,,*,-1,-1
2024-10-13T17:00:29.537-04:00,IdeState,Inactive,,*,-1,-1
2024-10-13T17:00:30.537-04:00,IdeState,Inactive,,*,-1,-1
2024-10-13T17:00:31.538-04:00,IdeState,Inactive,,*,-1,-1
2024-10-13T17:00:32.540-04:00,IdeState,Inactive,,*,-1,-1
2024-10-13T17:00:33.541-04:00,IdeState,Inactive,,*,-1,-1
2024-10-13T17:00:34.542-04:00,IdeState,Inactive,,*,-1,-1
2024-10-13T17:00:35.544-04:00,IdeState,Inactive,,*,-1,-1
2024-10-13T17:00:36.545-04:00,IdeState,Inactive,,*,-1,-1
2024-10-13T17:00:37.546-04:00,IdeState,Inactive,,*,-1,-1
2024-10-13T17:00:38.547-04:00,IdeState,Inactive,,*,-1,-1
2024-10-13T17:00:39.548-04:00,IdeState,Inactive,,*,-1,-1
2024-10-13T17:00:40.549-04:00,IdeState,Inactive,,*,-1,-1
2024-10-13T17:00:41.550-04:00,IdeState,Inactive,,*,-1,-1
2024-10-13T17:00:42.550-04:00,IdeState,Inactive,,*,-1,-1
2024-10-13T17:00:43.551-04:00,IdeState,Inactive,,*,-1,-1
2024-10-13T17:00:44.553-04:00,IdeState,Inactive,,*,-1,-1
2024-10-13T17:00:45.554-04:00,IdeState,Inactive,,*,-1,-1
2024-10-13T17:00:46.557-04:00,IdeState,Inactive,,*,-1,-1
2024-10-13T17:00:47.558-04:00,IdeState,Inactive,,*,-1,-1
2024-10-13T17:00:48.560-04:00,IdeState,Inactive,,*,-1,-1
2024-10-13T17:00:49.560-04:00,IdeState,Inactive,,*,-1,-1
2024-10-13T17:00:50.562-04:00,IdeState,Inactive,,*,-1,-1
2024-10-13T17:00:51.564-04:00,IdeState,Inactive,,*,-1,-1
2024-10-13T17:00:52.565-04:00,IdeState,Inactive,,*,-1,-1
2024-10-13T17:00:53.566-04:00,IdeState,Inactive,,*,-1,-1
2024-10-13T17:00:54.568-04:00,IdeState,Inactive,,*,-1,-1
2024-10-13T17:00:55.571-04:00,IdeState,Inactive,,*,-1,-1
2024-10-13T17:00:56.571-04:00,IdeState,Inactive,,*,-1,-1
2024-10-13T17:00:57.574-04:00,IdeState,Inactive,,*,-1,-1
2024-10-13T17:00:58.575-04:00,IdeState,Inactive,,*,-1,-1
2024-10-13T17:00:59.577-04:00,IdeState,Inactive,,*,-1,-1
2024-10-13T17:01:00.578-04:00,IdeState,Inactive,,*,-1,-1
2024-10-13T17:01:01.579-04:00,IdeState,Inactive,,*,-1,-1
2024-10-13T17:01:02.580-04:00,IdeState,Inactive,,*,-1,-1
2024-10-13T17:01:03.581-04:00,IdeState,Inactive,,*,-1,-1
2024-10-13T17:01:04.582-04:00,IdeState,Inactive,,*,-1,-1
2024-10-13T17:01:05.583-04:00,IdeState,Inactive,,*,-1,-1
2024-10-13T17:01:06.585-04:00,IdeState,Inactive,,*,-1,-1
2024-10-13T17:01:07.585-04:00,IdeState,Inactive,,*,-1,-1
2024-10-13T17:01:08.587-04:00,IdeState,Inactive,,*,-1,-1
2024-10-13T17:01:09.587-04:00,IdeState,Inactive,,*,-1,-1
2024-10-13T17:01:10.589-04:00,IdeState,Inactive,,*,-1,-1
2024-10-13T17:01:11.590-04:00,IdeState,Inactive,,*,-1,-1
2024-10-13T17:01:12.591-04:00,IdeState,Inactive,,*,-1,-1
2024-10-13T17:01:13.592-04:00,IdeState,Inactive,,*,-1,-1
2024-10-13T17:01:14.593-04:00,IdeState,Inactive,,*,-1,-1
2024-10-13T17:01:15.594-04:00,IdeState,Inactive,,*,-1,-1
2024-10-13T17:01:16.596-04:00,IdeState,Inactive,,*,-1,-1
2024-10-13T17:01:17.596-04:00,IdeState,Inactive,,*,-1,-1
2024-10-13T17:01:18.597-04:00,IdeState,Inactive,,*,-1,-1
2024-10-13T17:01:19.598-04:00,IdeState,Inactive,,*,-1,-1
2024-10-13T17:01:20.600-04:00,IdeState,Inactive,,*,-1,-1
2024-10-13T17:01:21.601-04:00,IdeState,Inactive,,*,-1,-1
2024-10-13T17:01:22.603-04:00,IdeState,Inactive,,*,-1,-1
2024-10-13T17:01:23.604-04:00,IdeState,Inactive,,*,-1,-1
2024-10-13T17:01:24.606-04:00,IdeState,Inactive,,*,-1,-1
2024-10-13T17:01:25.608-04:00,IdeState,Inactive,,*,-1,-1
2024-10-13T17:01:26.610-04:00,IdeState,Inactive,,*,-1,-1
2024-10-13T17:01:27.611-04:00,IdeState,Inactive,,*,-1,-1
2024-10-13T17:01:28.612-04:00,IdeState,Inactive,,*,-1,-1
2024-10-13T17:01:29.612-04:00,IdeState,Inactive,,*,-1,-1
2024-10-13T17:01:30.615-04:00,IdeState,Inactive,,*,-1,-1
2024-10-13T17:01:31.617-04:00,IdeState,Inactive,,*,-1,-1
2024-10-13T17:01:32.618-04:00,IdeState,Inactive,,*,-1,-1
2024-10-13T17:01:33.619-04:00,IdeState,Inactive,,*,-1,-1
2024-10-13T17:01:34.620-04:00,IdeState,Inactive,,*,-1,-1
2024-10-13T17:01:35.622-04:00,IdeState,Inactive,,*,-1,-1
2024-10-13T17:01:36.625-04:00,IdeState,Inactive,,*,-1,-1
2024-10-13T17:01:37.625-04:00,IdeState,Inactive,,*,-1,-1
2024-10-13T17:01:38.627-04:00,IdeState,Inactive,,*,-1,-1
2024-10-13T17:01:39.628-04:00,IdeState,Inactive,,*,-1,-1
2024-10-13T17:01:40.629-04:00,IdeState,Inactive,,*,-1,-1
2024-10-13T17:01:41.633-04:00,IdeState,Inactive,,*,-1,-1
2024-10-13T17:01:42.633-04:00,IdeState,Inactive,,*,-1,-1
2024-10-13T17:01:43.636-04:00,IdeState,Inactive,,*,-1,-1
2024-10-13T17:01:44.638-04:00,IdeState,Inactive,,*,-1,-1
2024-10-13T17:01:45.640-04:00,IdeState,Inactive,,*,-1,-1
2024-10-13T17:01:46.642-04:00,IdeState,Inactive,,*,-1,-1
2024-10-13T17:01:47.643-04:00,IdeState,Inactive,,*,-1,-1
2024-10-13T17:01:48.645-04:00,IdeState,Inactive,,*,-1,-1
2024-10-13T17:01:49.645-04:00,IdeState,Inactive,,*,-1,-1
2024-10-13T17:01:50.647-04:00,IdeState,Inactive,,*,-1,-1
2024-10-13T17:01:51.647-04:00,IdeState,Inactive,,*,-1,-1
2024-10-13T17:01:52.648-04:00,IdeState,Inactive,,*,-1,-1
2024-10-13T17:01:53.650-04:00,IdeState,Inactive,,*,-1,-1
2024-10-13T17:01:54.651-04:00,IdeState,Inactive,,*,-1,-1
2024-10-13T17:01:55.652-04:00,IdeState,Inactive,,*,-1,-1
2024-10-13T17:01:56.653-04:00,IdeState,Inactive,,*,-1,-1
2024-10-13T17:01:57.654-04:00,IdeState,Inactive,,*,-1,-1
2024-10-13T17:01:58.655-04:00,IdeState,Inactive,,*,-1,-1
2024-10-13T17:01:59.656-04:00,IdeState,Inactive,,*,-1,-1
2024-10-13T17:02:00.658-04:00,IdeState,Inactive,,*,-1,-1
2024-10-13T17:02:01.659-04:00,IdeState,Inactive,,*,-1,-1
2024-10-13T17:02:02.661-04:00,IdeState,Inactive,,*,-1,-1
2024-10-13T17:02:03.663-04:00,IdeState,Inactive,,*,-1,-1
2024-10-13T17:02:04.664-04:00,IdeState,Inactive,,*,-1,-1
2024-10-13T17:02:05.665-04:00,IdeState,Inactive,,*,-1,-1
2024-10-13T17:02:06.666-04:00,IdeState,Inactive,,*,-1,-1
2024-10-13T17:02:07.667-04:00,IdeState,Inactive,,*,-1,-1
2024-10-13T17:02:08.667-04:00,IdeState,Inactive,,*,-1,-1
2024-10-13T17:02:09.668-04:00,IdeState,Inactive,,*,-1,-1
2024-10-13T17:02:10.670-04:00,IdeState,Inactive,,*,-1,-1
2024-10-13T17:02:11.670-04:00,IdeState,Inactive,,*,-1,-1
2024-10-13T17:02:12.670-04:00,IdeState,Inactive,,*,-1,-1
2024-10-13T17:02:13.672-04:00,IdeState,Inactive,,*,-1,-1
2024-10-13T17:02:14.674-04:00,IdeState,Inactive,,*,-1,-1
2024-10-13T17:02:15.675-04:00,IdeState,Inactive,,*,-1,-1
2024-10-13T17:02:16.676-04:00,IdeState,Inactive,,*,-1,-1
2024-10-13T17:02:17.678-04:00,IdeState,Inactive,,*,-1,-1
2024-10-13T17:02:18.680-04:00,IdeState,Inactive,,*,-1,-1
2024-10-13T17:02:19.681-04:00,IdeState,Inactive,,*,-1,-1
2024-10-13T17:02:20.682-04:00,IdeState,Inactive,,*,-1,-1
2024-10-13T17:02:21.683-04:00,IdeState,Inactive,,*,-1,-1
2024-10-13T17:02:22.684-04:00,IdeState,Inactive,,*,-1,-1
2024-10-13T17:02:23.685-04:00,IdeState,Inactive,,*,-1,-1
2024-10-13T17:02:24.686-04:00,IdeState,Inactive,,*,-1,-1
2024-10-13T17:02:25.687-04:00,IdeState,Inactive,,*,-1,-1
2024-10-13T17:02:26.690-04:00,IdeState,Inactive,,*,-1,-1
2024-10-13T17:02:27.690-04:00,IdeState,Inactive,,*,-1,-1
2024-10-13T17:02:28.691-04:00,IdeState,Inactive,,*,-1,-1
2024-10-13T17:02:29.694-04:00,IdeState,Inactive,,*,-1,-1
2024-10-13T17:02:30.695-04:00,IdeState,Inactive,,*,-1,-1
2024-10-13T17:02:31.697-04:00,IdeState,Inactive,,*,-1,-1
2024-10-13T17:02:32.699-04:00,IdeState,Inactive,,*,-1,-1
2024-10-13T17:02:33.700-04:00,IdeState,Inactive,,*,-1,-1
2024-10-13T17:02:34.702-04:00,IdeState,Inactive,,*,-1,-1
2024-10-13T17:02:35.702-04:00,IdeState,Inactive,,*,-1,-1
2024-10-13T17:02:36.704-04:00,IdeState,Inactive,,*,-1,-1
2024-10-13T17:02:37.706-04:00,IdeState,Inactive,,*,-1,-1
2024-10-13T17:02:38.707-04:00,IdeState,Inactive,,*,-1,-1
2024-10-13T17:02:39.709-04:00,IdeState,Inactive,,*,-1,-1
2024-10-13T17:02:40.710-04:00,IdeState,Inactive,,*,-1,-1
2024-10-13T17:02:41.712-04:00,IdeState,Inactive,,*,-1,-1
2024-10-13T17:02:42.713-04:00,IdeState,Inactive,,*,-1,-1
2024-10-13T17:02:43.715-04:00,IdeState,Inactive,,*,-1,-1
2024-10-13T17:02:44.716-04:00,IdeState,Inactive,,*,-1,-1
2024-10-13T17:02:45.717-04:00,IdeState,Inactive,,*,-1,-1
2024-10-13T17:02:46.718-04:00,IdeState,Inactive,,*,-1,-1
2024-10-13T17:02:47.719-04:00,IdeState,Inactive,,*,-1,-1
2024-10-13T17:02:48.720-04:00,IdeState,Inactive,,*,-1,-1
2024-10-13T17:02:49.721-04:00,IdeState,Inactive,,*,-1,-1
2024-10-13T17:02:50.722-04:00,IdeState,Inactive,,*,-1,-1
2024-10-13T17:02:51.724-04:00,IdeState,Inactive,,*,-1,-1
2024-10-13T17:02:52.724-04:00,IdeState,Inactive,,*,-1,-1
2024-10-13T17:02:53.726-04:00,IdeState,Inactive,,*,-1,-1
2024-10-13T17:02:54.728-04:00,IdeState,Inactive,,*,-1,-1
2024-10-13T17:02:55.730-04:00,IdeState,Inactive,,*,-1,-1
2024-10-13T17:02:56.731-04:00,IdeState,Inactive,,*,-1,-1
2024-10-13T17:02:57.732-04:00,IdeState,Inactive,,*,-1,-1
2024-10-13T17:02:58.734-04:00,IdeState,Inactive,,*,-1,-1
2024-10-13T17:02:59.735-04:00,IdeState,Inactive,,*,-1,-1
2024-10-13T17:03:00.736-04:00,IdeState,Inactive,,*,-1,-1
2024-10-13T17:03:01.739-04:00,IdeState,Inactive,,*,-1,-1
2024-10-13T17:03:02.739-04:00,IdeState,Inactive,,*,-1,-1
2024-10-13T17:03:03.740-04:00,IdeState,Inactive,,*,-1,-1
2024-10-13T17:03:04.742-04:00,IdeState,Inactive,,*,-1,-1
2024-10-13T17:03:05.743-04:00,IdeState,Inactive,,*,-1,-1
2024-10-13T17:03:06.744-04:00,IdeState,Inactive,,*,-1,-1
2024-10-13T17:03:07.744-04:00,IdeState,Inactive,,*,-1,-1
2024-10-13T17:03:08.745-04:00,IdeState,Inactive,,*,-1,-1
2024-10-13T17:03:09.748-04:00,IdeState,Inactive,,*,-1,-1
2024-10-13T17:03:10.749-04:00,IdeState,Inactive,,*,-1,-1
2024-10-13T17:03:11.750-04:00,IdeState,Inactive,,*,-1,-1
2024-10-13T17:03:12.752-04:00,IdeState,Inactive,,*,-1,-1
2024-10-13T17:03:13.753-04:00,IdeState,Inactive,,*,-1,-1
2024-10-13T17:03:14.755-04:00,IdeState,Inactive,,*,-1,-1
2024-10-13T17:03:15.756-04:00,IdeState,Inactive,,*,-1,-1
2024-10-13T17:03:16.758-04:00,IdeState,Inactive,,*,-1,-1
2024-10-13T17:03:17.759-04:00,IdeState,Inactive,,*,-1,-1
2024-10-13T17:03:18.760-04:00,IdeState,Inactive,,*,-1,-1
2024-10-13T17:03:19.761-04:00,IdeState,Inactive,,*,-1,-1
2024-10-13T17:03:20.761-04:00,IdeState,Inactive,,*,-1,-1
2024-10-13T17:03:21.763-04:00,IdeState,Inactive,,*,-1,-1
2024-10-13T17:03:22.766-04:00,IdeState,Inactive,,*,-1,-1
2024-10-13T17:03:23.766-04:00,IdeState,Inactive,,*,-1,-1
2024-10-13T17:03:24.768-04:00,IdeState,Inactive,,*,-1,-1
2024-10-13T17:03:25.770-04:00,IdeState,Inactive,,*,-1,-1
2024-10-13T17:03:26.771-04:00,IdeState,Inactive,,*,-1,-1
2024-10-13T17:03:27.771-04:00,IdeState,Inactive,,*,-1,-1
2024-10-13T17:03:28.773-04:00,IdeState,Inactive,,*,-1,-1
2024-10-13T17:03:29.774-04:00,IdeState,Inactive,,*,-1,-1
2024-10-13T17:03:30.776-04:00,IdeState,Inactive,,*,-1,-1
2024-10-13T17:03:31.777-04:00,IdeState,Inactive,,*,-1,-1
2024-10-13T17:03:32.778-04:00,IdeState,Inactive,,*,-1,-1
2024-10-13T17:03:33.779-04:00,IdeState,Inactive,,*,-1,-1
2024-10-13T17:03:34.780-04:00,IdeState,Inactive,,*,-1,-1
2024-10-13T17:03:35.782-04:00,IdeState,Inactive,,*,-1,-1
2024-10-13T17:03:36.783-04:00,IdeState,Inactive,,*,-1,-1
2024-10-13T17:03:37.785-04:00,IdeState,Inactive,,*,-1,-1
2024-10-13T17:03:38.787-04:00,IdeState,Inactive,,*,-1,-1
2024-10-13T17:03:39.788-04:00,IdeState,Inactive,,*,-1,-1
2024-10-13T17:03:40.790-04:00,IdeState,Inactive,,*,-1,-1
2024-10-13T17:03:41.792-04:00,IdeState,Inactive,,*,-1,-1
2024-10-13T17:03:42.794-04:00,IdeState,Inactive,,*,-1,-1
2024-10-13T17:03:43.795-04:00,IdeState,Inactive,,*,-1,-1
2024-10-13T17:03:44.798-04:00,IdeState,Inactive,,*,-1,-1
2024-10-13T17:03:45.799-04:00,IdeState,Inactive,,*,-1,-1
2024-10-13T17:03:46.801-04:00,IdeState,Inactive,,*,-1,-1
2024-10-13T17:03:47.802-04:00,IdeState,Inactive,,*,-1,-1
2024-10-13T17:03:48.804-04:00,IdeState,Inactive,,*,-1,-1
2024-10-13T17:03:49.806-04:00,IdeState,Inactive,,*,-1,-1
2024-10-13T17:03:50.807-04:00,IdeState,Inactive,,*,-1,-1
2024-10-13T17:03:51.808-04:00,IdeState,Inactive,,*,-1,-1
2024-10-13T17:03:52.809-04:00,IdeState,Inactive,,*,-1,-1
2024-10-13T17:03:53.811-04:00,IdeState,Inactive,,*,-1,-1
2024-10-13T17:03:54.812-04:00,IdeState,Inactive,,*,-1,-1
2024-10-13T17:03:55.814-04:00,IdeState,Inactive,,*,-1,-1
2024-10-13T17:03:56.815-04:00,IdeState,Inactive,,*,-1,-1
2024-10-13T17:03:57.817-04:00,IdeState,Inactive,,*,-1,-1
2024-10-13T17:03:58.818-04:00,IdeState,Inactive,,*,-1,-1
2024-10-13T17:03:59.819-04:00,IdeState,Inactive,,*,-1,-1
2024-10-13T17:04:00.820-04:00,IdeState,Inactive,,*,-1,-1
2024-10-13T17:04:01.821-04:00,IdeState,Inactive,,*,-1,-1
2024-10-13T17:04:02.823-04:00,IdeState,Inactive,,*,-1,-1
2024-10-13T17:04:03.823-04:00,IdeState,Inactive,,*,-1,-1
2024-10-13T17:04:04.824-04:00,IdeState,Inactive,,*,-1,-1
2024-10-13T17:04:05.826-04:00,IdeState,Inactive,,*,-1,-1
2024-10-13T17:04:06.827-04:00,IdeState,Inactive,,*,-1,-1
2024-10-13T17:04:07.828-04:00,IdeState,Inactive,,*,-1,-1
2024-10-13T17:04:08.829-04:00,IdeState,Inactive,,*,-1,-1
2024-10-13T17:04:09.831-04:00,IdeState,Inactive,,*,-1,-1
2024-10-13T17:04:10.833-04:00,IdeState,Inactive,,*,-1,-1
2024-10-13T17:04:11.834-04:00,IdeState,Inactive,,*,-1,-1
2024-10-13T17:04:12.836-04:00,IdeState,Inactive,,*,-1,-1
2024-10-13T17:04:13.837-04:00,IdeState,Inactive,,*,-1,-1
2024-10-13T17:04:14.838-04:00,IdeState,Inactive,,*,-1,-1
2024-10-13T17:04:15.839-04:00,IdeState,Inactive,,*,-1,-1
2024-10-13T17:04:16.840-04:00,IdeState,Inactive,,*,-1,-1
2024-10-13T17:04:17.841-04:00,IdeState,Inactive,,*,-1,-1
2024-10-13T17:04:18.844-04:00,IdeState,Inactive,,*,-1,-1
2024-10-13T17:04:19.846-04:00,IdeState,Inactive,,*,-1,-1
2024-10-13T17:04:20.847-04:00,IdeState,Inactive,,*,-1,-1
2024-10-13T17:04:21.849-04:00,IdeState,Inactive,,*,-1,-1
2024-10-13T17:04:22.851-04:00,IdeState,Inactive,,*,-1,-1
2024-10-13T17:04:23.853-04:00,IdeState,Inactive,,*,-1,-1
2024-10-13T17:04:24.855-04:00,IdeState,Inactive,,*,-1,-1
2024-10-13T17:04:25.856-04:00,IdeState,Inactive,,*,-1,-1
2024-10-13T17:04:26.856-04:00,IdeState,Inactive,,*,-1,-1
2024-10-13T17:04:27.858-04:00,IdeState,Inactive,,*,-1,-1
2024-10-13T17:04:28.861-04:00,IdeState,Inactive,,*,-1,-1
2024-10-13T17:04:29.863-04:00,IdeState,Inactive,,*,-1,-1
2024-10-13T17:04:30.865-04:00,IdeState,Inactive,,*,-1,-1
2024-10-13T17:04:31.866-04:00,IdeState,Inactive,,*,-1,-1
2024-10-13T17:04:32.867-04:00,IdeState,Inactive,,*,-1,-1
2024-10-13T17:04:33.868-04:00,IdeState,Inactive,,*,-1,-1
2024-10-13T17:04:34.870-04:00,IdeState,Inactive,,*,-1,-1
2024-10-13T17:04:35.878-04:00,IdeState,Inactive,,*,-1,-1
2024-10-13T17:04:36.878-04:00,IdeState,Inactive,,*,-1,-1
2024-10-13T17:04:37.881-04:00,IdeState,Inactive,,*,-1,-1
2024-10-13T17:04:38.881-04:00,IdeState,Inactive,,*,-1,-1
2024-10-13T17:04:39.883-04:00,IdeState,Inactive,,*,-1,-1
2024-10-13T17:04:40.883-04:00,IdeState,Inactive,,*,-1,-1
2024-10-13T17:04:41.886-04:00,IdeState,Inactive,,*,-1,-1
2024-10-13T17:04:42.887-04:00,IdeState,Inactive,,*,-1,-1
2024-10-13T17:04:43.890-04:00,IdeState,Inactive,,*,-1,-1
2024-10-13T17:04:44.891-04:00,IdeState,Inactive,,*,-1,-1
2024-10-13T17:04:45.894-04:00,IdeState,Inactive,,*,-1,-1
2024-10-13T17:04:46.895-04:00,IdeState,Inactive,,*,-1,-1
2024-10-13T17:04:47.896-04:00,IdeState,Inactive,,*,-1,-1
2024-10-13T17:04:48.898-04:00,IdeState,Inactive,,*,-1,-1
2024-10-13T17:04:49.899-04:00,IdeState,Inactive,,*,-1,-1
2024-10-13T17:04:50.901-04:00,IdeState,Inactive,,*,-1,-1
2024-10-13T17:04:51.901-04:00,IdeState,Inactive,,*,-1,-1
2024-10-13T17:04:52.903-04:00,IdeState,Inactive,,*,-1,-1
2024-10-13T17:04:53.905-04:00,IdeState,Inactive,,*,-1,-1
2024-10-13T17:04:54.907-04:00,IdeState,Inactive,,*,-1,-1
2024-10-13T17:04:55.907-04:00,IdeState,Inactive,,*,-1,-1
2024-10-13T17:04:56.908-04:00,IdeState,Inactive,,*,-1,-1
2024-10-13T17:04:57.909-04:00,IdeState,Inactive,,*,-1,-1
2024-10-13T17:04:58.911-04:00,IdeState,Inactive,,*,-1,-1
2024-10-13T17:04:59.911-04:00,IdeState,Inactive,,*,-1,-1
2024-10-13T17:05:00.913-04:00,IdeState,Inactive,,*,-1,-1
2024-10-13T17:05:01.913-04:00,IdeState,Inactive,,*,-1,-1
2024-10-13T17:05:02.914-04:00,IdeState,Inactive,,*,-1,-1
2024-10-13T17:05:03.916-04:00,IdeState,Inactive,,*,-1,-1
2024-10-13T17:05:04.918-04:00,IdeState,Inactive,,*,-1,-1
2024-10-13T17:05:05.919-04:00,IdeState,Inactive,,*,-1,-1
2024-10-13T17:05:06.920-04:00,IdeState,Inactive,,*,-1,-1
2024-10-13T17:05:07.922-04:00,IdeState,Inactive,,*,-1,-1
2024-10-13T17:05:08.924-04:00,IdeState,Inactive,,*,-1,-1
2024-10-13T17:05:09.925-04:00,IdeState,Inactive,,*,-1,-1
2024-10-13T17:05:10.926-04:00,IdeState,Inactive,,*,-1,-1
2024-10-13T17:05:11.927-04:00,IdeState,Inactive,,*,-1,-1
2024-10-13T17:05:12.930-04:00,IdeState,Inactive,,*,-1,-1
2024-10-13T17:05:13.931-04:00,IdeState,Inactive,,*,-1,-1
2024-10-13T17:05:14.932-04:00,IdeState,Inactive,,*,-1,-1
2024-10-13T17:05:15.934-04:00,IdeState,Inactive,,*,-1,-1
2024-10-13T17:05:16.934-04:00,IdeState,Inactive,,*,-1,-1
2024-10-13T17:05:17.937-04:00,IdeState,Inactive,,*,-1,-1
2024-10-13T17:05:18.938-04:00,IdeState,Inactive,,*,-1,-1
2024-10-13T17:05:19.939-04:00,IdeState,Inactive,,*,-1,-1
2024-10-13T17:05:20.940-04:00,IdeState,Inactive,,*,-1,-1
2024-10-13T17:05:21.941-04:00,IdeState,Inactive,,*,-1,-1
2024-10-13T17:05:22.942-04:00,IdeState,Inactive,,*,-1,-1
2024-10-13T17:05:23.943-04:00,IdeState,Inactive,,*,-1,-1
2024-10-13T17:05:24.944-04:00,IdeState,Inactive,,*,-1,-1
2024-10-13T17:05:25.945-04:00,IdeState,Inactive,,*,-1,-1
2024-10-13T17:05:26.947-04:00,IdeState,Inactive,,*,-1,-1
2024-10-13T17:05:27.949-04:00,IdeState,Inactive,,*,-1,-1
2024-10-13T17:05:28.951-04:00,IdeState,Inactive,,*,-1,-1
2024-10-13T17:05:29.953-04:00,IdeState,Inactive,,*,-1,-1
2024-10-13T17:05:30.955-04:00,IdeState,Inactive,,*,-1,-1
2024-10-13T17:05:31.957-04:00,IdeState,Inactive,,*,-1,-1
2024-10-13T17:05:32.958-04:00,IdeState,Inactive,,*,-1,-1
2024-10-13T17:05:33.961-04:00,IdeState,Inactive,,*,-1,-1
2024-10-13T17:05:34.961-04:00,IdeState,Inactive,,*,-1,-1
2024-10-13T17:05:35.964-04:00,IdeState,Inactive,,*,-1,-1
2024-10-13T17:05:36.971-04:00,IdeState,Inactive,,*,-1,-1
2024-10-13T17:05:37.972-04:00,IdeState,Inactive,,*,-1,-1
2024-10-13T17:05:38.973-04:00,IdeState,Inactive,,*,-1,-1
2024-10-13T17:05:39.974-04:00,IdeState,Inactive,,*,-1,-1
2024-10-13T17:05:40.976-04:00,IdeState,Inactive,,*,-1,-1
2024-10-13T17:05:41.977-04:00,IdeState,Inactive,,*,-1,-1
2024-10-13T17:05:42.978-04:00,IdeState,Inactive,,*,-1,-1
2024-10-13T17:05:43.979-04:00,IdeState,Inactive,,*,-1,-1
2024-10-13T17:05:44.993-04:00,IdeState,Inactive,,*,-1,-1
2024-10-13T17:05:45.994-04:00,IdeState,Inactive,,*,-1,-1
2024-10-13T17:05:46.995-04:00,IdeState,Inactive,,*,-1,-1
2024-10-13T17:05:47.996-04:00,IdeState,Inactive,,*,-1,-1
2024-10-13T17:05:48.996-04:00,IdeState,Inactive,,*,-1,-1
2024-10-13T17:05:49.998-04:00,IdeState,Inactive,,*,-1,-1
2024-10-13T17:05:51.000-04:00,IdeState,Inactive,,*,-1,-1
2024-10-13T17:05:52.002-04:00,IdeState,Inactive,,*,-1,-1
2024-10-13T17:05:53.004-04:00,IdeState,Inactive,,*,-1,-1
2024-10-13T17:05:54.006-04:00,IdeState,Inactive,,*,-1,-1
2024-10-13T17:05:55.007-04:00,IdeState,Inactive,,*,-1,-1
2024-10-13T17:05:56.009-04:00,IdeState,Inactive,,*,-1,-1
2024-10-13T17:05:57.012-04:00,IdeState,Inactive,,*,-1,-1
2024-10-13T17:05:58.012-04:00,IdeState,Inactive,,*,-1,-1
2024-10-13T17:05:59.014-04:00,IdeState,Inactive,,*,-1,-1
2024-10-13T17:06:00.015-04:00,IdeState,Inactive,,*,-1,-1
2024-10-13T17:06:01.016-04:00,IdeState,Inactive,,*,-1,-1
2024-10-13T17:06:02.018-04:00,IdeState,Inactive,,*,-1,-1
2024-10-13T17:06:03.019-04:00,IdeState,Inactive,,*,-1,-1
2024-10-13T17:06:04.020-04:00,IdeState,Inactive,,*,-1,-1
2024-10-13T17:06:05.022-04:00,IdeState,Inactive,,*,-1,-1
2024-10-13T17:06:06.024-04:00,IdeState,Inactive,,*,-1,-1
2024-10-13T17:06:07.026-04:00,IdeState,Inactive,,*,-1,-1
2024-10-13T17:06:08.027-04:00,IdeState,Inactive,,*,-1,-1
2024-10-13T17:06:09.030-04:00,IdeState,Inactive,,*,-1,-1
2024-10-13T17:06:10.030-04:00,IdeState,Inactive,,*,-1,-1
2024-10-13T17:06:11.033-04:00,IdeState,Inactive,,*,-1,-1
2024-10-13T17:06:12.034-04:00,IdeState,Inactive,,*,-1,-1
2024-10-13T17:06:13.035-04:00,IdeState,Inactive,,*,-1,-1
2024-10-13T17:06:14.037-04:00,IdeState,Inactive,,*,-1,-1
2024-10-13T17:06:15.038-04:00,IdeState,Inactive,,*,-1,-1
2024-10-13T17:06:16.039-04:00,IdeState,Inactive,,*,-1,-1
2024-10-13T17:06:17.041-04:00,IdeState,Inactive,,*,-1,-1
2024-10-13T17:06:18.042-04:00,IdeState,Inactive,,*,-1,-1
2024-10-13T17:06:19.042-04:00,IdeState,Inactive,,*,-1,-1
2024-10-13T17:06:20.044-04:00,IdeState,Inactive,,*,-1,-1
2024-10-13T17:06:21.046-04:00,IdeState,Inactive,,*,-1,-1
2024-10-13T17:06:22.048-04:00,IdeState,Inactive,,*,-1,-1
2024-10-13T17:06:23.049-04:00,IdeState,Inactive,,*,-1,-1
2024-10-13T17:06:24.051-04:00,IdeState,Inactive,,*,-1,-1
2024-10-13T17:06:25.053-04:00,IdeState,Inactive,,*,-1,-1
2024-10-13T17:06:26.057-04:00,IdeState,Inactive,,*,-1,-1
2024-10-13T17:06:27.059-04:00,IdeState,Inactive,,*,-1,-1
2024-10-13T17:06:28.060-04:00,IdeState,Inactive,,*,-1,-1
2024-10-13T17:06:29.061-04:00,IdeState,Inactive,,*,-1,-1
2024-10-13T17:06:30.063-04:00,IdeState,Inactive,,*,-1,-1
2024-10-13T17:06:31.064-04:00,IdeState,Inactive,,*,-1,-1
2024-10-13T17:06:32.065-04:00,IdeState,Inactive,,*,-1,-1
2024-10-13T17:06:33.065-04:00,IdeState,Inactive,,*,-1,-1
2024-10-13T17:06:34.067-04:00,IdeState,Inactive,,*,-1,-1
2024-10-13T17:06:35.067-04:00,IdeState,Inactive,,*,-1,-1
2024-10-13T17:06:36.069-04:00,IdeState,Inactive,,*,-1,-1
2024-10-13T17:06:37.069-04:00,IdeState,Inactive,,*,-1,-1
2024-10-13T17:06:38.072-04:00,IdeState,Inactive,,*,-1,-1
2024-10-13T17:06:39.073-04:00,IdeState,Inactive,,*,-1,-1
2024-10-13T17:06:40.074-04:00,IdeState,Inactive,,*,-1,-1
2024-10-13T17:06:41.076-04:00,IdeState,Inactive,,*,-1,-1
2024-10-13T17:06:42.076-04:00,IdeState,Inactive,,*,-1,-1
2024-10-13T17:06:43.078-04:00,IdeState,Inactive,,*,-1,-1
2024-10-13T17:06:44.079-04:00,IdeState,Inactive,,*,-1,-1
2024-10-13T17:06:45.130-04:00,IdeState,Inactive,,*,-1,-1
2024-10-13T17:06:46.132-04:00,IdeState,Inactive,,*,-1,-1
2024-10-13T17:06:47.133-04:00,IdeState,Inactive,,*,-1,-1
2024-10-13T17:06:48.133-04:00,IdeState,Inactive,,*,-1,-1
2024-10-13T17:06:49.134-04:00,IdeState,Inactive,,*,-1,-1
2024-10-13T17:06:50.137-04:00,IdeState,Inactive,,*,-1,-1
2024-10-13T17:06:51.140-04:00,IdeState,Inactive,,*,-1,-1
2024-10-13T17:06:52.141-04:00,IdeState,Inactive,,*,-1,-1
2024-10-13T17:06:53.142-04:00,IdeState,Inactive,,*,-1,-1
2024-10-13T17:06:54.143-04:00,IdeState,Inactive,,*,-1,-1
2024-10-13T17:06:55.145-04:00,IdeState,Inactive,,*,-1,-1
2024-10-13T17:06:56.146-04:00,IdeState,Inactive,,*,-1,-1
2024-10-13T17:06:57.147-04:00,IdeState,Inactive,,*,-1,-1
2024-10-13T17:06:58.149-04:00,IdeState,Inactive,,*,-1,-1
2024-10-13T17:06:59.149-04:00,IdeState,Inactive,,*,-1,-1
2024-10-13T17:07:00.151-04:00,IdeState,Inactive,,*,-1,-1
2024-10-13T17:07:01.151-04:00,IdeState,Inactive,,*,-1,-1
2024-10-13T17:07:02.152-04:00,IdeState,Inactive,,*,-1,-1
2024-10-13T17:07:03.153-04:00,IdeState,Inactive,,*,-1,-1
2024-10-13T17:07:04.154-04:00,IdeState,Inactive,,*,-1,-1
2024-10-13T17:07:05.156-04:00,IdeState,Inactive,,*,-1,-1
2024-10-13T17:07:06.157-04:00,IdeState,Inactive,,*,-1,-1
2024-10-13T17:07:07.159-04:00,IdeState,Inactive,,*,-1,-1
2024-10-13T17:07:08.160-04:00,IdeState,Inactive,,*,-1,-1
2024-10-13T17:07:09.162-04:00,IdeState,Inactive,,*,-1,-1
2024-10-13T17:07:10.164-04:00,IdeState,Inactive,,*,-1,-1
2024-10-13T17:07:11.165-04:00,IdeState,Inactive,,*,-1,-1
2024-10-13T17:07:12.167-04:00,IdeState,Inactive,,*,-1,-1
2024-10-13T17:07:13.169-04:00,IdeState,Inactive,,*,-1,-1
2024-10-13T17:07:14.171-04:00,IdeState,Inactive,,*,-1,-1
2024-10-13T17:07:15.172-04:00,IdeState,Inactive,,*,-1,-1
2024-10-13T17:07:16.173-04:00,IdeState,Inactive,,*,-1,-1
2024-10-13T17:07:17.175-04:00,IdeState,Inactive,,*,-1,-1
2024-10-13T17:07:18.177-04:00,IdeState,Inactive,,*,-1,-1
2024-10-13T17:07:19.177-04:00,IdeState,Inactive,,*,-1,-1
2024-10-13T17:07:20.180-04:00,IdeState,Inactive,,*,-1,-1
2024-10-13T17:07:21.181-04:00,IdeState,Inactive,,*,-1,-1
2024-10-13T17:07:22.182-04:00,IdeState,Inactive,,*,-1,-1
2024-10-13T17:07:23.183-04:00,IdeState,Inactive,,*,-1,-1
2024-10-13T17:07:24.187-04:00,IdeState,Inactive,,*,-1,-1
2024-10-13T17:07:25.188-04:00,IdeState,Inactive,,*,-1,-1
2024-10-13T17:07:26.191-04:00,IdeState,Inactive,,*,-1,-1
2024-10-13T17:07:27.191-04:00,IdeState,Inactive,,*,-1,-1
2024-10-13T17:07:28.192-04:00,IdeState,Inactive,,*,-1,-1
2024-10-13T17:07:29.194-04:00,IdeState,Inactive,,*,-1,-1
2024-10-13T17:07:30.195-04:00,IdeState,Inactive,,*,-1,-1
2024-10-13T17:07:31.198-04:00,IdeState,Inactive,,*,-1,-1
2024-10-13T17:07:32.199-04:00,IdeState,Inactive,,*,-1,-1
2024-10-13T17:07:33.200-04:00,IdeState,Inactive,,*,-1,-1
2024-10-13T17:07:34.202-04:00,IdeState,Inactive,,*,-1,-1
2024-10-13T17:07:35.203-04:00,IdeState,Inactive,,*,-1,-1
2024-10-13T17:07:36.205-04:00,IdeState,Inactive,,*,-1,-1
2024-10-13T17:07:37.207-04:00,IdeState,Inactive,,*,-1,-1
2024-10-13T17:07:38.208-04:00,IdeState,Inactive,,*,-1,-1
2024-10-13T17:07:39.210-04:00,IdeState,Inactive,,*,-1,-1
2024-10-13T17:07:40.211-04:00,IdeState,Inactive,,*,-1,-1
2024-10-13T17:07:41.212-04:00,IdeState,Inactive,,*,-1,-1
2024-10-13T17:07:42.213-04:00,IdeState,Inactive,,*,-1,-1
2024-10-13T17:07:43.214-04:00,IdeState,Inactive,,*,-1,-1
2024-10-13T17:07:44.216-04:00,IdeState,Inactive,,*,-1,-1
2024-10-13T17:07:45.218-04:00,IdeState,Inactive,,*,-1,-1
2024-10-13T17:07:46.222-04:00,IdeState,Inactive,,*,-1,-1
2024-10-13T17:07:47.223-04:00,IdeState,Inactive,,*,-1,-1
2024-10-13T17:07:48.224-04:00,IdeState,Inactive,,*,-1,-1
2024-10-13T17:07:49.227-04:00,IdeState,Inactive,,*,-1,-1
2024-10-13T17:07:50.228-04:00,IdeState,Inactive,,*,-1,-1
2024-10-13T17:07:51.230-04:00,IdeState,Inactive,,*,-1,-1
2024-10-13T17:07:52.231-04:00,IdeState,Inactive,,*,-1,-1
2024-10-13T17:07:53.232-04:00,IdeState,Inactive,,*,-1,-1
2024-10-13T17:07:54.234-04:00,IdeState,Inactive,,*,-1,-1
2024-10-13T17:07:55.235-04:00,IdeState,Inactive,,*,-1,-1
2024-10-13T17:07:56.256-04:00,IdeState,Inactive,,*,-1,-1
2024-10-13T17:07:57.268-04:00,IdeState,Inactive,,*,-1,-1
2024-10-13T17:07:58.271-04:00,IdeState,Inactive,,*,-1,-1
2024-10-13T17:07:59.273-04:00,IdeState,Inactive,,*,-1,-1
2024-10-13T17:08:00.274-04:00,IdeState,Inactive,,*,-1,-1
2024-10-13T17:08:01.276-04:00,IdeState,Inactive,,*,-1,-1
2024-10-13T17:08:02.277-04:00,IdeState,Inactive,,*,-1,-1
2024-10-13T17:08:03.278-04:00,IdeState,Inactive,,*,-1,-1
2024-10-13T17:08:04.280-04:00,IdeState,Inactive,,*,-1,-1
2024-10-13T17:08:05.282-04:00,IdeState,Inactive,,*,-1,-1
2024-10-13T17:08:06.283-04:00,IdeState,Inactive,,*,-1,-1
2024-10-13T17:08:07.287-04:00,IdeState,Inactive,,*,-1,-1
2024-10-13T17:09:41.438-04:00,IdeState,NoProject,,*,-1,-1
2024-10-13T17:09:42.785-04:00,IdeState,Active,Popup,*,-1,-1
2024-10-13T17:09:43.880-04:00,IdeState,Active,Project,*,-1,-1
2024-10-13T17:09:44.894-04:00,IdeState,Active,Project,*,-1,-1
2024-10-13T17:09:45.896-04:00,IdeState,Active,Project,*,-1,-1
2024-10-13T17:09:46.898-04:00,IdeState,Active,Project,*,-1,-1
2024-10-13T17:09:47.899-04:00,IdeState,Active,tasktracker,*,-1,-1
2024-10-13T17:09:48.902-04:00,IdeState,Active,tasktracker,*,-1,-1
2024-10-13T17:09:49.904-04:00,IdeState,Active,tasktracker,*,-1,-1
2024-10-13T17:09:50.907-04:00,IdeState,Active,tasktracker,*,-1,-1
2024-10-13T17:09:51.908-04:00,IdeState,Active,tasktracker,*,-1,-1
2024-10-13T17:09:52.911-04:00,IdeState,Active,tasktracker,*,-1,-1
2024-10-13T17:09:53.913-04:00,IdeState,Active,tasktracker,*,-1,-1
2024-10-13T17:09:54.915-04:00,IdeState,Active,tasktracker,*,-1,-1
2024-10-13T17:09:55.918-04:00,IdeState,Active,Project,*,-1,-1
2024-10-13T17:09:56.919-04:00,IdeState,Active,Project,*,-1,-1
2024-10-13T17:09:57.920-04:00,IdeState,Active,Project,*,-1,-1
2024-10-13T17:09:58.922-04:00,IdeState,Active,Project,*,-1,-1
2024-10-13T17:09:59.927-04:00,IdeState,Active,tasktracker,*,-1,-1
2024-10-13T17:10:00.929-04:00,IdeState,Active,tasktracker,*,-1,-1
2024-10-13T17:10:02.166-04:00,IdeState,Active,Editor,pies.py,0,0
2024-10-13T17:10:03.168-04:00,IdeState,Active,Editor,pies.py,2,2
2024-10-13T17:10:04.169-04:00,IdeState,Active,Editor,pies.py,2,22
2024-10-13T17:10:05.173-04:00,IdeState,Active,Editor,pies.py,2,22
2024-10-13T17:10:06.173-04:00,IdeState,Active,Editor,pies.py,2,22
2024-10-13T17:10:07.176-04:00,IdeState,Active,Editor,pies.py,2,22
2024-10-13T17:10:08.200-04:00,IdeState,Active,Popup,pies.py,2,22
2024-10-13T17:10:09.261-04:00,IdeState,Active,Editor,pies.py,2,22
2024-10-13T17:10:10.263-04:00,IdeState,Active,Editor,pies.py,2,22
