2025-03-10T13:21:08.692-04:00,IdeState,Active,Editor,*,3,6
2025-03-10T13:21:09.697-04:00,IdeState,Active,Editor,*,3,14
2025-03-10T13:21:10.702-04:00,IdeState,Active,Editor,*,3,18
2025-03-10T13:21:11.703-04:00,IdeState,Active,Editor,*,3,18
2025-03-10T13:21:12.715-04:00,IdeState,Active,Project,*,-1,-1
2025-03-10T13:21:13.716-04:00,IdeState,Active,Project,*,-1,-1
2025-03-10T13:21:14.718-04:00,IdeState,Active,Project,*,-1,-1
2025-03-10T13:21:15.719-04:00,IdeState,Active,Dialog,*,-1,-1
2025-03-10T13:21:16.721-04:00,IdeState,Inactive,,*,-1,-1
2025-03-10T13:21:17.722-04:00,IdeState,Inactive,,*,-1,-1
2025-03-10T13:21:18.722-04:00,IdeState,Inactive,,*,-1,-1
2025-03-10T13:21:19.724-04:00,IdeState,Active,Dialog,*,-1,-1
2025-03-10T13:21:20.726-04:00,IdeState,Active,Dialog,*,-1,-1
2025-03-10T13:21:21.728-04:00,IdeState,Active,Dialog,*,-1,-1
2025-03-10T13:21:22.729-04:00,IdeState,Active,Dialog,*,-1,-1
2025-03-10T13:21:23.731-04:00,IdeState,Active,Dialog,*,-1,-1
2025-03-10T13:21:25.097-04:00,IdeState,Active,Project,*,-1,-1
2025-03-10T13:21:26.098-04:00,IdeState,Active,Project,*,-1,-1
2025-03-10T13:21:27.099-04:00,IdeState,Active,Project,*,-1,-1
2025-03-10T13:21:28.100-04:00,IdeState,Inactive,,*,-1,-1
2025-03-10T13:21:29.101-04:00,IdeState,Inactive,,*,-1,-1
2025-03-10T13:21:30.103-04:00,IdeState,Inactive,,*,-1,-1
2025-03-10T13:21:31.104-04:00,IdeState,Inactive,,*,-1,-1
2025-03-10T13:21:32.106-04:00,IdeState,Inactive,,*,-1,-1
2025-03-10T13:21:33.108-04:00,IdeState,Inactive,,*,-1,-1
2025-03-10T13:21:34.110-04:00,IdeState,Inactive,,*,-1,-1
2025-03-10T13:21:35.111-04:00,IdeState,Inactive,,*,-1,-1
2025-03-10T13:21:36.113-04:00,IdeState,Inactive,,*,-1,-1
2025-03-10T13:21:37.114-04:00,IdeState,Inactive,,*,-1,-1
2025-03-10T13:21:38.116-04:00,IdeState,Inactive,,*,-1,-1
2025-03-10T13:21:39.117-04:00,IdeState,Inactive,,*,-1,-1
2025-03-10T13:21:40.118-04:00,IdeState,Inactive,,*,-1,-1
2025-03-10T13:21:41.122-04:00,IdeState,Inactive,,*,-1,-1
2025-03-10T13:21:42.124-04:00,IdeState,Inactive,,*,-1,-1
2025-03-10T13:21:43.126-04:00,IdeState,Inactive,,*,-1,-1
2025-03-10T13:21:44.129-04:00,IdeState,Inactive,,*,-1,-1
2025-03-10T13:21:45.129-04:00,IdeState,Inactive,,*,-1,-1
2025-03-10T13:21:46.131-04:00,IdeState,Inactive,,*,-1,-1
2025-03-10T13:21:47.132-04:00,IdeState,Inactive,,*,-1,-1
2025-03-10T13:21:48.133-04:00,IdeState,Inactive,,*,-1,-1
2025-03-10T13:21:49.133-04:00,IdeState,Inactive,,*,-1,-1
2025-03-10T13:21:50.134-04:00,IdeState,Inactive,,*,-1,-1
2025-03-10T13:21:51.136-04:00,IdeState,Inactive,,*,-1,-1
2025-03-10T13:21:52.137-04:00,IdeState,Inactive,,*,-1,-1
2025-03-10T13:21:53.138-04:00,IdeState,Inactive,,*,-1,-1
2025-03-10T13:21:54.139-04:00,IdeState,Inactive,,*,-1,-1
2025-03-10T13:21:55.140-04:00,IdeState,Inactive,,*,-1,-1
2025-03-10T13:21:56.141-04:00,IdeState,Inactive,,*,-1,-1
2025-03-10T13:21:57.142-04:00,IdeState,Inactive,,*,-1,-1
2025-03-10T13:21:58.143-04:00,IdeState,Inactive,,*,-1,-1
2025-03-10T13:21:59.144-04:00,IdeState,Inactive,,*,-1,-1
2025-03-10T13:22:00.145-04:00,IdeState,Inactive,,*,-1,-1
2025-03-10T13:22:01.146-04:00,IdeState,Inactive,,*,-1,-1
2025-03-10T13:22:02.146-04:00,IdeState,Inactive,,*,-1,-1
2025-03-10T13:22:03.148-04:00,IdeState,Inactive,,*,-1,-1
2025-03-10T13:22:04.150-04:00,IdeState,Inactive,,*,-1,-1
2025-03-10T13:22:05.151-04:00,IdeState,Inactive,,*,-1,-1
2025-03-10T13:22:06.152-04:00,IdeState,Inactive,,*,-1,-1
2025-03-10T13:22:07.155-04:00,IdeState,Inactive,,*,-1,-1
2025-03-10T13:22:08.155-04:00,IdeState,Inactive,,*,-1,-1
2025-03-10T13:22:09.156-04:00,IdeState,Inactive,,*,-1,-1
2025-03-10T13:22:10.156-04:00,IdeState,Inactive,,*,-1,-1
2025-03-10T13:22:11.157-04:00,IdeState,Inactive,,*,-1,-1
2025-03-10T13:22:12.159-04:00,IdeState,Inactive,,*,-1,-1
2025-03-10T13:22:13.161-04:00,IdeState,Inactive,,*,-1,-1
2025-03-10T13:22:14.162-04:00,IdeState,Inactive,,*,-1,-1
2025-03-10T13:22:15.163-04:00,IdeState,Inactive,,*,-1,-1
2025-03-10T13:22:16.164-04:00,IdeState,Inactive,,*,-1,-1
2025-03-10T13:22:17.166-04:00,IdeState,Inactive,,*,-1,-1
2025-03-10T13:22:18.167-04:00,IdeState,Inactive,,*,-1,-1
2025-03-10T13:22:19.168-04:00,IdeState,Inactive,,*,-1,-1
2025-03-10T13:22:20.169-04:00,IdeState,Inactive,,*,-1,-1
2025-03-10T13:22:21.171-04:00,IdeState,Inactive,,*,-1,-1
2025-03-10T13:22:22.174-04:00,IdeState,Inactive,,*,-1,-1
2025-03-10T13:22:23.175-04:00,IdeState,Inactive,,*,-1,-1
2025-03-10T13:22:24.176-04:00,IdeState,Inactive,,*,-1,-1
2025-03-10T13:22:25.178-04:00,IdeState,Inactive,,*,-1,-1
2025-03-10T13:22:26.178-04:00,IdeState,Inactive,,*,-1,-1
2025-03-10T13:22:27.179-04:00,IdeState,Inactive,,*,-1,-1
2025-03-10T13:22:28.181-04:00,IdeState,Inactive,,*,-1,-1
2025-03-10T13:22:29.181-04:00,IdeState,Inactive,,*,-1,-1
2025-03-10T13:22:30.184-04:00,IdeState,Inactive,,*,-1,-1
2025-03-10T13:22:31.185-04:00,IdeState,Inactive,,*,-1,-1
2025-03-10T13:22:32.186-04:00,IdeState,Inactive,,*,-1,-1
2025-03-10T13:22:33.187-04:00,IdeState,Inactive,,*,-1,-1
2025-03-10T13:22:34.188-04:00,IdeState,Inactive,,*,-1,-1
2025-03-10T13:22:35.190-04:00,IdeState,Inactive,,*,-1,-1
2025-03-10T13:22:36.191-04:00,IdeState,Inactive,,*,-1,-1
2025-03-10T13:22:37.192-04:00,IdeState,Inactive,,*,-1,-1
2025-03-10T13:22:38.193-04:00,IdeState,Inactive,,*,-1,-1
2025-03-10T13:22:39.195-04:00,IdeState,Inactive,,*,-1,-1
2025-03-10T13:22:40.197-04:00,IdeState,Inactive,,*,-1,-1
2025-03-10T13:22:41.198-04:00,IdeState,Inactive,,*,-1,-1
2025-03-10T13:22:42.200-04:00,IdeState,Inactive,,*,-1,-1
2025-03-10T13:22:43.203-04:00,IdeState,Inactive,,*,-1,-1
2025-03-10T13:22:44.205-04:00,IdeState,Inactive,,*,-1,-1
2025-03-10T13:22:45.205-04:00,IdeState,Inactive,,*,-1,-1
2025-03-10T13:22:46.207-04:00,IdeState,Inactive,,*,-1,-1
2025-03-10T13:22:47.207-04:00,IdeState,Inactive,,*,-1,-1
2025-03-10T13:22:48.209-04:00,IdeState,Inactive,,*,-1,-1
2025-03-10T13:22:49.211-04:00,IdeState,Inactive,,*,-1,-1
2025-03-10T13:22:50.211-04:00,IdeState,Inactive,,*,-1,-1
2025-03-10T13:22:51.212-04:00,IdeState,Inactive,,*,-1,-1
2025-03-10T13:22:52.213-04:00,IdeState,Inactive,,*,-1,-1
2025-03-10T13:22:53.218-04:00,IdeState,Inactive,,*,-1,-1
2025-03-10T13:22:54.219-04:00,IdeState,Inactive,,*,-1,-1
2025-03-10T13:22:55.221-04:00,IdeState,Inactive,,*,-1,-1
2025-03-10T13:22:56.221-04:00,IdeState,Inactive,,*,-1,-1
2025-03-10T13:22:57.223-04:00,IdeState,Inactive,,*,-1,-1
2025-03-10T13:22:58.224-04:00,IdeState,Inactive,,*,-1,-1
2025-03-10T13:22:59.227-04:00,IdeState,Inactive,,*,-1,-1
2025-03-10T13:23:00.227-04:00,IdeState,Inactive,,*,-1,-1
2025-03-10T13:23:01.228-04:00,IdeState,Inactive,,*,-1,-1
2025-03-10T13:23:02.229-04:00,IdeState,Inactive,,*,-1,-1
2025-03-10T13:23:03.231-04:00,IdeState,Inactive,,*,-1,-1
2025-03-10T13:23:04.233-04:00,IdeState,Inactive,,*,-1,-1
2025-03-10T13:23:05.235-04:00,IdeState,Inactive,,*,-1,-1
2025-03-10T13:23:06.237-04:00,IdeState,Inactive,,*,-1,-1
2025-03-10T13:23:07.239-04:00,IdeState,Inactive,,*,-1,-1
2025-03-10T13:23:08.241-04:00,IdeState,Inactive,,*,-1,-1
2025-03-10T13:23:09.242-04:00,IdeState,Inactive,,*,-1,-1
2025-03-10T13:23:10.243-04:00,IdeState,Inactive,,*,-1,-1
2025-03-10T13:23:11.244-04:00,IdeState,Inactive,,*,-1,-1
2025-03-10T13:23:12.246-04:00,IdeState,Inactive,,*,-1,-1
2025-03-10T13:23:13.247-04:00,IdeState,Inactive,,*,-1,-1
2025-03-10T13:23:14.248-04:00,IdeState,Inactive,,*,-1,-1
2025-03-10T13:23:15.250-04:00,IdeState,Inactive,,*,-1,-1
2025-03-10T13:23:16.251-04:00,IdeState,Inactive,,*,-1,-1
2025-03-10T13:23:17.252-04:00,IdeState,Inactive,,*,-1,-1
2025-03-10T13:23:18.252-04:00,IdeState,Inactive,,*,-1,-1
2025-03-10T13:23:19.253-04:00,IdeState,Inactive,,*,-1,-1
2025-03-10T13:23:20.254-04:00,IdeState,Inactive,,*,-1,-1
2025-03-10T13:23:21.256-04:00,IdeState,Inactive,,*,-1,-1
2025-03-10T13:23:22.257-04:00,IdeState,Inactive,,*,-1,-1
2025-03-10T13:23:23.259-04:00,IdeState,Inactive,,*,-1,-1
2025-03-10T13:23:24.261-04:00,IdeState,Inactive,,*,-1,-1
2025-03-10T13:23:25.262-04:00,IdeState,Inactive,,*,-1,-1
2025-03-10T13:23:26.263-04:00,IdeState,Inactive,,*,-1,-1
2025-03-10T13:23:27.263-04:00,IdeState,Inactive,,*,-1,-1
2025-03-10T13:23:28.265-04:00,IdeState,Inactive,,*,-1,-1
2025-03-10T13:23:29.265-04:00,IdeState,Inactive,,*,-1,-1
2025-03-10T13:23:30.266-04:00,IdeState,Inactive,,*,-1,-1
2025-03-10T13:23:31.268-04:00,IdeState,Inactive,,*,-1,-1
2025-03-10T13:23:32.269-04:00,IdeState,Inactive,,*,-1,-1
2025-03-10T13:23:33.271-04:00,IdeState,Inactive,,*,-1,-1
2025-03-10T13:23:34.272-04:00,IdeState,Inactive,,*,-1,-1
2025-03-10T13:23:35.274-04:00,IdeState,Inactive,,*,-1,-1
2025-03-10T13:23:36.275-04:00,IdeState,Inactive,,*,-1,-1
2025-03-10T13:23:37.276-04:00,IdeState,Inactive,,*,-1,-1
2025-03-10T13:23:38.276-04:00,IdeState,Inactive,,*,-1,-1
2025-03-10T13:23:39.277-04:00,IdeState,Inactive,,*,-1,-1
2025-03-10T13:23:40.279-04:00,IdeState,Inactive,,*,-1,-1
2025-03-10T13:23:41.280-04:00,IdeState,Inactive,,*,-1,-1
2025-03-10T13:23:42.280-04:00,IdeState,Inactive,,*,-1,-1
2025-03-10T13:23:43.282-04:00,IdeState,Inactive,,*,-1,-1
2025-03-10T13:23:44.284-04:00,IdeState,Inactive,,*,-1,-1
2025-03-10T13:23:45.285-04:00,IdeState,Inactive,,*,-1,-1
2025-03-10T13:23:46.287-04:00,IdeState,Inactive,,*,-1,-1
2025-03-10T13:23:47.288-04:00,IdeState,Inactive,,*,-1,-1
2025-03-10T13:23:48.290-04:00,IdeState,Inactive,,*,-1,-1
2025-03-10T13:23:49.292-04:00,IdeState,Inactive,,*,-1,-1
2025-03-10T13:23:50.293-04:00,IdeState,Inactive,,*,-1,-1
2025-03-10T13:23:51.294-04:00,IdeState,Inactive,,*,-1,-1
2025-03-10T13:23:52.296-04:00,IdeState,Inactive,,*,-1,-1
2025-03-10T13:23:53.298-04:00,IdeState,Inactive,,*,-1,-1
2025-03-10T13:23:54.299-04:00,IdeState,Inactive,,*,-1,-1
2025-03-10T13:23:55.300-04:00,IdeState,Inactive,,*,-1,-1
2025-03-10T13:23:56.303-04:00,IdeState,Inactive,,*,-1,-1
2025-03-10T13:23:57.304-04:00,IdeState,Inactive,,*,-1,-1
2025-03-10T13:23:58.305-04:00,IdeState,Inactive,,*,-1,-1
2025-03-10T13:23:59.306-04:00,IdeState,Inactive,,*,-1,-1
2025-03-10T13:24:00.306-04:00,IdeState,Inactive,,*,-1,-1
2025-03-10T13:24:01.308-04:00,IdeState,Inactive,,*,-1,-1
2025-03-10T13:24:02.310-04:00,IdeState,Inactive,,*,-1,-1
2025-03-10T13:24:03.312-04:00,IdeState,Inactive,,*,-1,-1
2025-03-10T13:24:04.314-04:00,IdeState,Inactive,,*,-1,-1
2025-03-10T13:24:05.317-04:00,IdeState,Inactive,,*,-1,-1
2025-03-10T13:24:06.318-04:00,IdeState,Inactive,,*,-1,-1
2025-03-10T13:24:07.319-04:00,IdeState,Inactive,,*,-1,-1
2025-03-10T13:24:08.321-04:00,IdeState,Inactive,,*,-1,-1
2025-03-10T13:24:09.322-04:00,IdeState,Inactive,,*,-1,-1
2025-03-10T13:24:10.324-04:00,IdeState,Inactive,,*,-1,-1
2025-03-10T13:24:11.326-04:00,IdeState,Inactive,,*,-1,-1
2025-03-10T13:24:12.329-04:00,IdeState,Inactive,,*,-1,-1
2025-03-10T13:24:13.330-04:00,IdeState,Inactive,,*,-1,-1
2025-03-10T13:24:14.333-04:00,IdeState,Inactive,,*,-1,-1
2025-03-10T13:24:15.334-04:00,IdeState,Inactive,,*,-1,-1
2025-03-10T13:24:16.336-04:00,IdeState,Inactive,,*,-1,-1
2025-03-10T13:24:17.338-04:00,IdeState,Inactive,,*,-1,-1
2025-03-10T13:24:18.340-04:00,IdeState,Inactive,,*,-1,-1
2025-03-10T13:24:19.341-04:00,IdeState,Inactive,,*,-1,-1
2025-03-10T13:24:20.342-04:00,IdeState,Inactive,,*,-1,-1
2025-03-10T13:24:21.344-04:00,IdeState,Inactive,,*,-1,-1
2025-03-10T13:24:22.345-04:00,IdeState,Inactive,,*,-1,-1
2025-03-10T13:24:23.347-04:00,IdeState,Inactive,,*,-1,-1
2025-03-10T13:24:24.348-04:00,IdeState,Inactive,,*,-1,-1
2025-03-10T13:24:25.350-04:00,IdeState,Inactive,,*,-1,-1
2025-03-10T13:24:26.351-04:00,IdeState,Inactive,,*,-1,-1
2025-03-10T13:24:27.352-04:00,IdeState,Inactive,,*,-1,-1
2025-03-10T13:24:28.353-04:00,IdeState,Inactive,,*,-1,-1
2025-03-10T13:24:29.355-04:00,IdeState,Inactive,,*,-1,-1
2025-03-10T13:24:30.357-04:00,IdeState,Inactive,,*,-1,-1
2025-03-10T13:24:31.358-04:00,IdeState,Inactive,,*,-1,-1
2025-03-10T13:24:32.359-04:00,IdeState,Inactive,,*,-1,-1
2025-03-10T13:24:33.362-04:00,IdeState,Inactive,,*,-1,-1
2025-03-10T13:24:34.363-04:00,IdeState,Inactive,,*,-1,-1
2025-03-10T13:24:35.364-04:00,IdeState,Inactive,,*,-1,-1
2025-03-10T13:24:36.367-04:00,IdeState,Inactive,,*,-1,-1
2025-03-10T13:24:37.368-04:00,IdeState,Inactive,,*,-1,-1
2025-03-10T13:24:38.371-04:00,IdeState,Inactive,,*,-1,-1
2025-03-10T13:24:39.373-04:00,IdeState,Inactive,,*,-1,-1
2025-03-10T13:24:40.373-04:00,IdeState,Inactive,,*,-1,-1
2025-03-10T13:24:41.374-04:00,IdeState,Inactive,,*,-1,-1
2025-03-10T13:24:42.375-04:00,IdeState,Inactive,,*,-1,-1
2025-03-10T13:24:43.376-04:00,IdeState,Inactive,,*,-1,-1
2025-03-10T13:24:44.377-04:00,IdeState,Inactive,,*,-1,-1
2025-03-10T13:24:45.379-04:00,IdeState,Inactive,,*,-1,-1
2025-03-10T13:24:46.381-04:00,IdeState,Inactive,,*,-1,-1
2025-03-10T13:24:47.382-04:00,IdeState,Inactive,,*,-1,-1
2025-03-10T13:24:48.383-04:00,IdeState,Inactive,,*,-1,-1
2025-03-10T13:24:49.384-04:00,IdeState,Inactive,,*,-1,-1
2025-03-10T13:24:50.386-04:00,IdeState,Inactive,,*,-1,-1
2025-03-10T13:24:51.388-04:00,IdeState,Inactive,,*,-1,-1
2025-03-10T13:24:52.388-04:00,IdeState,Inactive,,*,-1,-1
2025-03-10T13:24:53.389-04:00,IdeState,Inactive,,*,-1,-1
2025-03-10T13:24:54.390-04:00,IdeState,Inactive,,*,-1,-1
2025-03-10T13:24:55.391-04:00,IdeState,Inactive,,*,-1,-1
2025-03-10T13:24:56.392-04:00,IdeState,Inactive,,*,-1,-1
2025-03-10T13:24:57.394-04:00,IdeState,Inactive,,*,-1,-1
2025-03-10T13:24:58.395-04:00,IdeState,Inactive,,*,-1,-1
2025-03-10T13:24:59.397-04:00,IdeState,Inactive,,*,-1,-1
2025-03-10T13:25:00.401-04:00,IdeState,Inactive,,*,-1,-1
2025-03-10T13:25:01.402-04:00,IdeState,Inactive,,*,-1,-1
2025-03-10T13:25:02.404-04:00,IdeState,Inactive,,*,-1,-1
2025-03-10T13:25:03.405-04:00,IdeState,Inactive,,*,-1,-1
2025-03-10T13:25:04.406-04:00,IdeState,Inactive,,*,-1,-1
2025-03-10T13:25:05.409-04:00,IdeState,Inactive,,*,-1,-1
2025-03-10T13:25:06.411-04:00,IdeState,Inactive,,*,-1,-1
2025-03-10T13:25:07.412-04:00,IdeState,Inactive,,*,-1,-1
2025-03-10T13:25:08.414-04:00,IdeState,Inactive,,*,-1,-1
2025-03-10T13:25:09.415-04:00,IdeState,Inactive,,*,-1,-1
2025-03-10T13:25:10.417-04:00,IdeState,Inactive,,*,-1,-1
2025-03-10T13:25:11.419-04:00,IdeState,Inactive,,*,-1,-1
2025-03-10T13:25:12.419-04:00,IdeState,Inactive,,*,-1,-1
2025-03-10T13:25:13.421-04:00,IdeState,Inactive,,*,-1,-1
2025-03-10T13:25:14.423-04:00,IdeState,Inactive,,*,-1,-1
2025-03-10T13:25:15.423-04:00,IdeState,Inactive,,*,-1,-1
2025-03-10T13:25:16.424-04:00,IdeState,Inactive,,*,-1,-1
2025-03-10T13:25:17.426-04:00,IdeState,Inactive,,*,-1,-1
2025-03-10T13:25:18.427-04:00,IdeState,Inactive,,*,-1,-1
2025-03-10T13:25:19.429-04:00,IdeState,Inactive,,*,-1,-1
2025-03-10T13:25:20.432-04:00,IdeState,Inactive,,*,-1,-1
2025-03-10T13:25:21.432-04:00,IdeState,Inactive,,*,-1,-1
2025-03-10T13:25:22.435-04:00,IdeState,Inactive,,*,-1,-1
2025-03-10T13:25:23.438-04:00,IdeState,Inactive,,*,-1,-1
2025-03-10T13:25:24.438-04:00,IdeState,Inactive,,*,-1,-1
2025-03-10T13:25:25.439-04:00,IdeState,Inactive,,*,-1,-1
2025-03-10T13:25:26.441-04:00,IdeState,Inactive,,*,-1,-1
2025-03-10T13:25:27.443-04:00,IdeState,Inactive,,*,-1,-1
2025-03-10T13:25:28.444-04:00,IdeState,Inactive,,*,-1,-1
2025-03-10T13:25:29.445-04:00,IdeState,Inactive,,*,-1,-1
2025-03-10T13:25:30.446-04:00,IdeState,Inactive,,*,-1,-1
2025-03-10T13:25:31.448-04:00,IdeState,Inactive,,*,-1,-1
2025-03-10T13:25:32.450-04:00,IdeState,Inactive,,*,-1,-1
2025-03-10T13:25:33.452-04:00,IdeState,Inactive,,*,-1,-1
2025-03-10T13:25:34.454-04:00,IdeState,Inactive,,*,-1,-1
2025-03-10T13:25:35.455-04:00,IdeState,Inactive,,*,-1,-1
2025-03-10T13:25:36.455-04:00,IdeState,Inactive,,*,-1,-1
2025-03-10T13:25:37.457-04:00,IdeState,Inactive,,*,-1,-1
2025-03-10T13:25:38.458-04:00,IdeState,Inactive,,*,-1,-1
2025-03-10T13:25:39.460-04:00,IdeState,Inactive,,*,-1,-1
2025-03-10T13:25:40.461-04:00,IdeState,Inactive,,*,-1,-1
2025-03-10T13:25:41.463-04:00,IdeState,Inactive,,*,-1,-1
2025-03-10T13:25:42.463-04:00,IdeState,Inactive,,*,-1,-1
2025-03-10T13:25:43.464-04:00,IdeState,Inactive,,*,-1,-1
2025-03-10T13:25:44.466-04:00,IdeState,Inactive,,*,-1,-1
2025-03-10T13:25:45.469-04:00,IdeState,Inactive,,*,-1,-1
2025-03-10T13:25:46.471-04:00,IdeState,Inactive,,*,-1,-1
2025-03-10T13:25:47.472-04:00,IdeState,Inactive,,*,-1,-1
2025-03-10T13:25:48.473-04:00,IdeState,Inactive,,*,-1,-1
2025-03-10T13:25:49.476-04:00,IdeState,Inactive,,*,-1,-1
2025-03-10T13:25:50.478-04:00,IdeState,Inactive,,*,-1,-1
2025-03-10T13:25:51.479-04:00,IdeState,Inactive,,*,-1,-1
2025-03-10T13:25:52.481-04:00,IdeState,Inactive,,*,-1,-1
2025-03-10T13:25:53.483-04:00,IdeState,Inactive,,*,-1,-1
2025-03-10T13:25:54.486-04:00,IdeState,Inactive,,*,-1,-1
2025-03-10T13:25:55.487-04:00,IdeState,Inactive,,*,-1,-1
2025-03-10T13:25:56.489-04:00,IdeState,Inactive,,*,-1,-1
2025-03-10T13:25:57.490-04:00,IdeState,Inactive,,*,-1,-1
2025-03-10T13:25:58.492-04:00,IdeState,Inactive,,*,-1,-1
2025-03-10T13:25:59.492-04:00,IdeState,Inactive,,*,-1,-1
2025-03-10T13:26:00.494-04:00,IdeState,Inactive,,*,-1,-1
2025-03-10T13:26:01.495-04:00,IdeState,Inactive,,*,-1,-1
2025-03-10T13:26:02.497-04:00,IdeState,Inactive,,*,-1,-1
2025-03-10T13:26:03.498-04:00,IdeState,Inactive,,*,-1,-1
2025-03-10T13:26:04.501-04:00,IdeState,Inactive,,*,-1,-1
2025-03-10T13:26:05.501-04:00,IdeState,Inactive,,*,-1,-1
2025-03-10T13:26:06.502-04:00,IdeState,Inactive,,*,-1,-1
2025-03-10T13:26:07.503-04:00,IdeState,Inactive,,*,-1,-1
2025-03-10T13:26:08.504-04:00,IdeState,Inactive,,*,-1,-1
2025-03-10T13:26:09.505-04:00,IdeState,Inactive,,*,-1,-1
2025-03-10T13:26:10.505-04:00,IdeState,Inactive,,*,-1,-1
2025-03-10T13:26:11.508-04:00,IdeState,Inactive,,*,-1,-1
2025-03-10T13:26:12.509-04:00,IdeState,Inactive,,*,-1,-1
2025-03-10T13:26:13.510-04:00,IdeState,Inactive,,*,-1,-1
2025-03-10T13:26:14.512-04:00,IdeState,Inactive,,*,-1,-1
2025-03-10T13:26:15.513-04:00,IdeState,Inactive,,*,-1,-1
2025-03-10T13:26:16.515-04:00,IdeState,Inactive,,*,-1,-1
2025-03-10T13:26:17.517-04:00,IdeState,Inactive,,*,-1,-1
2025-03-10T13:26:18.518-04:00,IdeState,Inactive,,*,-1,-1
2025-03-10T13:26:19.519-04:00,IdeState,Inactive,,*,-1,-1
2025-03-10T13:26:20.520-04:00,IdeState,Inactive,,*,-1,-1
2025-03-10T13:26:21.522-04:00,IdeState,Inactive,,*,-1,-1
2025-03-10T13:26:22.523-04:00,IdeState,Inactive,,*,-1,-1
2025-03-10T13:26:23.525-04:00,IdeState,Inactive,,*,-1,-1
2025-03-10T13:26:24.527-04:00,IdeState,Inactive,,*,-1,-1
2025-03-10T13:26:25.528-04:00,IdeState,Inactive,,*,-1,-1
2025-03-10T13:26:26.530-04:00,IdeState,Inactive,,*,-1,-1
2025-03-10T13:26:27.532-04:00,IdeState,Inactive,,*,-1,-1
2025-03-10T13:26:28.534-04:00,IdeState,Inactive,,*,-1,-1
2025-03-10T13:26:29.536-04:00,IdeState,Inactive,,*,-1,-1
2025-03-10T13:26:30.537-04:00,IdeState,Inactive,,*,-1,-1
2025-03-10T13:26:31.539-04:00,IdeState,Inactive,,*,-1,-1
2025-03-10T13:26:32.539-04:00,IdeState,Inactive,,*,-1,-1
2025-03-10T13:26:33.543-04:00,IdeState,Inactive,,*,-1,-1
2025-03-10T13:26:34.543-04:00,IdeState,Inactive,,*,-1,-1
2025-03-10T13:26:35.545-04:00,IdeState,Inactive,,*,-1,-1
2025-03-10T13:26:36.546-04:00,IdeState,Inactive,,*,-1,-1
2025-03-10T13:26:37.547-04:00,IdeState,Inactive,,*,-1,-1
2025-03-10T13:26:38.549-04:00,IdeState,Inactive,,*,-1,-1
2025-03-10T13:26:39.551-04:00,IdeState,Inactive,,*,-1,-1
2025-03-10T13:26:40.553-04:00,IdeState,Inactive,,*,-1,-1
2025-03-10T13:26:41.554-04:00,IdeState,Inactive,,*,-1,-1
2025-03-10T13:26:42.556-04:00,IdeState,Inactive,,*,-1,-1
2025-03-10T13:26:43.559-04:00,IdeState,Inactive,,*,-1,-1
2025-03-10T13:26:44.560-04:00,IdeState,Inactive,,*,-1,-1
2025-03-10T13:26:45.562-04:00,IdeState,Inactive,,*,-1,-1
2025-03-10T13:26:46.563-04:00,IdeState,Inactive,,*,-1,-1
2025-03-10T13:26:47.564-04:00,IdeState,Inactive,,*,-1,-1
2025-03-10T13:26:48.566-04:00,IdeState,Inactive,,*,-1,-1
2025-03-10T13:26:49.568-04:00,IdeState,Inactive,,*,-1,-1
2025-03-10T13:26:50.570-04:00,IdeState,Inactive,,*,-1,-1
2025-03-10T13:26:51.572-04:00,IdeState,Inactive,,*,-1,-1
2025-03-10T13:26:52.574-04:00,IdeState,Inactive,,*,-1,-1
2025-03-10T13:26:53.576-04:00,IdeState,Inactive,,*,-1,-1
2025-03-10T13:26:54.576-04:00,IdeState,Inactive,,*,-1,-1
2025-03-10T13:26:55.579-04:00,IdeState,Inactive,,*,-1,-1
2025-03-10T13:26:56.581-04:00,IdeState,Inactive,,*,-1,-1
2025-03-10T13:26:57.583-04:00,IdeState,Inactive,,*,-1,-1
2025-03-10T13:26:58.584-04:00,IdeState,Inactive,,*,-1,-1
2025-03-10T13:26:59.586-04:00,IdeState,Inactive,,*,-1,-1
2025-03-10T13:27:00.589-04:00,IdeState,Inactive,,*,-1,-1
2025-03-10T13:27:01.591-04:00,IdeState,Inactive,,*,-1,-1
2025-03-10T13:27:02.592-04:00,IdeState,Inactive,,*,-1,-1
2025-03-10T13:27:03.594-04:00,IdeState,Inactive,,*,-1,-1
2025-03-10T13:27:04.597-04:00,IdeState,Inactive,,*,-1,-1
2025-03-10T13:27:05.598-04:00,IdeState,Inactive,,*,-1,-1
2025-03-10T13:27:06.600-04:00,IdeState,Inactive,,*,-1,-1
2025-03-10T13:27:07.602-04:00,IdeState,Inactive,,*,-1,-1
2025-03-10T13:27:08.604-04:00,IdeState,Inactive,,*,-1,-1
2025-03-10T13:27:09.608-04:00,IdeState,Inactive,,*,-1,-1
2025-03-10T13:27:10.608-04:00,IdeState,Inactive,,*,-1,-1
2025-03-10T13:27:11.610-04:00,IdeState,Inactive,,*,-1,-1
2025-03-10T13:27:12.612-04:00,IdeState,Inactive,,*,-1,-1
2025-03-10T13:27:13.613-04:00,IdeState,Inactive,,*,-1,-1
2025-03-10T13:27:14.615-04:00,IdeState,Inactive,,*,-1,-1
2025-03-10T13:27:15.616-04:00,IdeState,Inactive,,*,-1,-1
2025-03-10T13:27:16.618-04:00,IdeState,Inactive,,*,-1,-1
2025-03-10T13:27:17.620-04:00,IdeState,Inactive,,*,-1,-1
2025-03-10T13:27:18.620-04:00,IdeState,Inactive,,*,-1,-1
2025-03-10T13:27:19.621-04:00,IdeState,Inactive,,*,-1,-1
2025-03-10T13:27:20.622-04:00,IdeState,Inactive,,*,-1,-1
2025-03-10T13:27:21.625-04:00,IdeState,Inactive,,*,-1,-1
2025-03-10T13:27:22.626-04:00,IdeState,Inactive,,*,-1,-1
2025-03-10T13:27:23.630-04:00,IdeState,Inactive,,*,-1,-1
2025-03-10T13:27:24.631-04:00,IdeState,Inactive,,*,-1,-1
2025-03-10T13:27:25.633-04:00,IdeState,Inactive,,*,-1,-1
2025-03-10T13:27:26.634-04:00,IdeState,Inactive,,*,-1,-1
2025-03-10T13:27:27.636-04:00,IdeState,Inactive,,*,-1,-1
2025-03-10T13:27:28.637-04:00,IdeState,Inactive,,*,-1,-1
2025-03-10T13:27:29.638-04:00,IdeState,Inactive,,*,-1,-1
2025-03-10T13:27:30.641-04:00,IdeState,Inactive,,*,-1,-1
2025-03-10T13:27:31.642-04:00,IdeState,Inactive,,*,-1,-1
2025-03-10T13:27:32.644-04:00,IdeState,Inactive,,*,-1,-1
2025-03-10T13:27:33.646-04:00,IdeState,Inactive,,*,-1,-1
2025-03-10T13:27:34.646-04:00,IdeState,Inactive,,*,-1,-1
2025-03-10T13:27:35.648-04:00,IdeState,Inactive,,*,-1,-1
2025-03-10T13:27:36.651-04:00,IdeState,Inactive,,*,-1,-1
2025-03-10T13:27:37.653-04:00,IdeState,Inactive,,*,-1,-1
2025-03-10T13:27:38.655-04:00,IdeState,Inactive,,*,-1,-1
2025-03-10T13:27:39.656-04:00,IdeState,Inactive,,*,-1,-1
2025-03-10T13:27:40.659-04:00,IdeState,Inactive,,*,-1,-1
2025-03-10T13:27:41.661-04:00,IdeState,Inactive,,*,-1,-1
2025-03-10T13:27:42.665-04:00,IdeState,Inactive,,*,-1,-1
2025-03-10T13:27:43.666-04:00,IdeState,Inactive,,*,-1,-1
2025-03-10T13:27:44.667-04:00,IdeState,Inactive,,*,-1,-1
2025-03-10T13:27:45.668-04:00,IdeState,Inactive,,*,-1,-1
2025-03-10T13:27:46.669-04:00,IdeState,Inactive,,*,-1,-1
2025-03-10T13:27:47.671-04:00,IdeState,Inactive,,*,-1,-1
2025-03-10T13:27:48.672-04:00,IdeState,Inactive,,*,-1,-1
2025-03-10T13:27:49.673-04:00,IdeState,Inactive,,*,-1,-1
2025-03-10T13:27:50.674-04:00,IdeState,Inactive,,*,-1,-1
2025-03-10T13:27:51.676-04:00,IdeState,Inactive,,*,-1,-1
2025-03-10T13:27:52.681-04:00,IdeState,Inactive,,*,-1,-1
2025-03-10T13:27:53.684-04:00,IdeState,Inactive,,*,-1,-1
2025-03-10T13:27:54.686-04:00,IdeState,Inactive,,*,-1,-1
2025-03-10T13:27:55.689-04:00,IdeState,Inactive,,*,-1,-1
2025-03-10T13:27:56.690-04:00,IdeState,Inactive,,*,-1,-1
2025-03-10T13:27:57.692-04:00,IdeState,Inactive,,*,-1,-1
2025-03-10T13:27:58.694-04:00,IdeState,Inactive,,*,-1,-1
2025-03-10T13:27:59.696-04:00,IdeState,Inactive,,*,-1,-1
2025-03-10T13:28:00.698-04:00,IdeState,Inactive,,*,-1,-1
2025-03-10T13:28:01.699-04:00,IdeState,Inactive,,*,-1,-1
2025-03-10T13:28:02.702-04:00,IdeState,Inactive,,*,-1,-1
2025-03-10T13:28:03.704-04:00,IdeState,Inactive,,*,-1,-1
2025-03-10T13:28:04.705-04:00,IdeState,Inactive,,*,-1,-1
2025-03-10T13:28:05.707-04:00,IdeState,Inactive,,*,-1,-1
2025-03-10T13:28:06.708-04:00,IdeState,Inactive,,*,-1,-1
2025-03-10T13:28:07.709-04:00,IdeState,Inactive,,*,-1,-1
2025-03-10T13:28:08.710-04:00,IdeState,Inactive,,*,-1,-1
2025-03-10T13:28:09.712-04:00,IdeState,Inactive,,*,-1,-1
2025-03-10T13:28:10.713-04:00,IdeState,Inactive,,*,-1,-1
2025-03-10T13:28:11.716-04:00,IdeState,Inactive,,*,-1,-1
2025-03-10T13:28:12.717-04:00,IdeState,Inactive,,*,-1,-1
2025-03-10T13:28:13.719-04:00,IdeState,Inactive,,*,-1,-1
2025-03-10T13:28:14.722-04:00,IdeState,Inactive,,*,-1,-1
2025-03-10T13:28:15.723-04:00,IdeState,Inactive,,*,-1,-1
2025-03-10T13:28:16.725-04:00,IdeState,Inactive,,*,-1,-1
2025-03-10T13:28:17.727-04:00,IdeState,Inactive,,*,-1,-1
2025-03-10T13:28:18.728-04:00,IdeState,Inactive,,*,-1,-1
2025-03-10T13:28:19.729-04:00,IdeState,Inactive,,*,-1,-1
2025-03-10T13:28:20.730-04:00,IdeState,Inactive,,*,-1,-1
2025-03-10T13:28:21.731-04:00,IdeState,Inactive,,*,-1,-1
2025-03-10T13:28:22.734-04:00,IdeState,Inactive,,*,-1,-1
2025-03-10T13:28:23.736-04:00,IdeState,Inactive,,*,-1,-1
2025-03-10T13:28:24.737-04:00,IdeState,Inactive,,*,-1,-1
2025-03-10T13:28:25.739-04:00,IdeState,Inactive,,*,-1,-1
2025-03-10T13:28:26.739-04:00,IdeState,Inactive,,*,-1,-1
2025-03-10T13:28:27.741-04:00,IdeState,Inactive,,*,-1,-1
2025-03-10T13:28:28.742-04:00,IdeState,Inactive,,*,-1,-1
2025-03-10T13:28:29.743-04:00,IdeState,Inactive,,*,-1,-1
2025-03-10T13:28:30.745-04:00,IdeState,Inactive,,*,-1,-1
2025-03-10T13:28:31.746-04:00,IdeState,Inactive,,*,-1,-1
2025-03-10T13:28:32.748-04:00,IdeState,Inactive,,*,-1,-1
2025-03-10T13:28:33.751-04:00,IdeState,Inactive,,*,-1,-1
2025-03-10T13:28:34.751-04:00,IdeState,Inactive,,*,-1,-1
2025-03-10T13:28:35.753-04:00,IdeState,Inactive,,*,-1,-1
2025-03-10T13:28:36.754-04:00,IdeState,Inactive,,*,-1,-1
2025-03-10T13:28:37.754-04:00,IdeState,Inactive,,*,-1,-1
2025-03-10T13:28:38.755-04:00,IdeState,Inactive,,*,-1,-1
2025-03-10T13:28:39.757-04:00,IdeState,Inactive,,*,-1,-1
2025-03-10T13:28:40.759-04:00,IdeState,Inactive,,*,-1,-1
2025-03-10T13:28:41.759-04:00,IdeState,Inactive,,*,-1,-1
2025-03-10T13:28:42.761-04:00,IdeState,Inactive,,*,-1,-1
2025-03-10T13:28:43.762-04:00,IdeState,Inactive,,*,-1,-1
2025-03-10T13:28:44.763-04:00,IdeState,Inactive,,*,-1,-1
2025-03-10T13:28:45.764-04:00,IdeState,Inactive,,*,-1,-1
2025-03-10T13:28:46.766-04:00,IdeState,Inactive,,*,-1,-1
2025-03-10T13:28:47.768-04:00,IdeState,Inactive,,*,-1,-1
2025-03-10T13:28:48.769-04:00,IdeState,Inactive,,*,-1,-1
2025-03-10T13:28:49.771-04:00,IdeState,Inactive,,*,-1,-1
2025-03-10T13:28:50.772-04:00,IdeState,Inactive,,*,-1,-1
2025-03-10T13:28:51.773-04:00,IdeState,Inactive,,*,-1,-1
2025-03-10T13:28:52.774-04:00,IdeState,Inactive,,*,-1,-1
2025-03-10T13:28:53.775-04:00,IdeState,Inactive,,*,-1,-1
2025-03-10T13:28:54.778-04:00,IdeState,Inactive,,*,-1,-1
2025-03-10T13:28:55.779-04:00,IdeState,Inactive,,*,-1,-1
2025-03-10T13:28:56.779-04:00,IdeState,Inactive,,*,-1,-1
2025-03-10T13:28:57.781-04:00,IdeState,Inactive,,*,-1,-1
2025-03-10T13:28:58.782-04:00,IdeState,Inactive,,*,-1,-1
2025-03-10T13:28:59.784-04:00,IdeState,Inactive,,*,-1,-1
2025-03-10T13:29:00.786-04:00,IdeState,Inactive,,*,-1,-1
2025-03-10T13:29:01.788-04:00,IdeState,Inactive,,*,-1,-1
2025-03-10T13:29:02.791-04:00,IdeState,Inactive,,*,-1,-1
2025-03-10T13:29:03.792-04:00,IdeState,Inactive,,*,-1,-1
2025-03-10T13:29:04.793-04:00,IdeState,Inactive,,*,-1,-1
2025-03-10T13:29:05.794-04:00,IdeState,Inactive,,*,-1,-1
2025-03-10T13:29:06.795-04:00,IdeState,Inactive,,*,-1,-1
2025-03-10T13:29:07.796-04:00,IdeState,Inactive,,*,-1,-1
2025-03-10T13:29:08.798-04:00,IdeState,Inactive,,*,-1,-1
2025-03-10T13:29:09.801-04:00,IdeState,Inactive,,*,-1,-1
2025-03-10T13:29:10.802-04:00,IdeState,Inactive,,*,-1,-1
2025-03-10T13:29:11.804-04:00,IdeState,Inactive,,*,-1,-1
2025-03-10T13:29:12.806-04:00,IdeState,Inactive,,*,-1,-1
2025-03-10T13:29:13.808-04:00,IdeState,Inactive,,*,-1,-1
2025-03-10T13:29:14.811-04:00,IdeState,Inactive,,*,-1,-1
2025-03-10T13:29:15.812-04:00,IdeState,Inactive,,*,-1,-1
2025-03-10T13:29:16.815-04:00,IdeState,Inactive,,*,-1,-1
2025-03-10T13:29:17.815-04:00,IdeState,Inactive,,*,-1,-1
2025-03-10T13:29:18.816-04:00,IdeState,Inactive,,*,-1,-1
2025-03-10T13:29:19.817-04:00,IdeState,Inactive,,*,-1,-1
2025-03-10T13:29:20.818-04:00,IdeState,Inactive,,*,-1,-1
2025-03-10T13:29:21.820-04:00,IdeState,Inactive,,*,-1,-1
2025-03-10T13:29:22.821-04:00,IdeState,Inactive,,*,-1,-1
2025-03-10T13:29:23.822-04:00,IdeState,Inactive,,*,-1,-1
2025-03-10T13:29:24.823-04:00,IdeState,Inactive,,*,-1,-1
2025-03-10T13:29:25.824-04:00,IdeState,Inactive,,*,-1,-1
2025-03-10T13:29:26.825-04:00,IdeState,Inactive,,*,-1,-1
2025-03-10T13:29:27.826-04:00,IdeState,Inactive,,*,-1,-1
2025-03-10T13:29:28.826-04:00,IdeState,Inactive,,*,-1,-1
2025-03-10T13:29:29.828-04:00,IdeState,Inactive,,*,-1,-1
2025-03-10T13:29:30.829-04:00,IdeState,Inactive,,*,-1,-1
2025-03-10T13:29:31.830-04:00,IdeState,Inactive,,*,-1,-1
2025-03-10T13:29:32.832-04:00,IdeState,Inactive,,*,-1,-1
2025-03-10T13:29:33.833-04:00,IdeState,Inactive,,*,-1,-1
2025-03-10T13:29:34.834-04:00,IdeState,Inactive,,*,-1,-1
2025-03-10T13:29:35.835-04:00,IdeState,Inactive,,*,-1,-1
2025-03-10T13:29:36.837-04:00,IdeState,Inactive,,*,-1,-1
2025-03-10T13:29:37.838-04:00,IdeState,Inactive,,*,-1,-1
2025-03-10T13:29:38.839-04:00,IdeState,Inactive,,*,-1,-1
2025-03-10T13:29:39.840-04:00,IdeState,Inactive,,*,-1,-1
2025-03-10T13:29:40.841-04:00,IdeState,Inactive,,*,-1,-1
2025-03-10T13:29:41.842-04:00,IdeState,Inactive,,*,-1,-1
2025-03-10T13:29:42.844-04:00,IdeState,Inactive,,*,-1,-1
2025-03-10T13:29:43.846-04:00,IdeState,Inactive,,*,-1,-1
2025-03-10T13:29:44.846-04:00,IdeState,Inactive,,*,-1,-1
2025-03-10T13:29:45.847-04:00,IdeState,Inactive,,*,-1,-1
2025-03-10T13:29:46.849-04:00,IdeState,Inactive,,*,-1,-1
2025-03-10T13:29:47.850-04:00,IdeState,Inactive,,*,-1,-1
2025-03-10T13:29:48.852-04:00,IdeState,Inactive,,*,-1,-1
2025-03-10T13:29:49.854-04:00,IdeState,Inactive,,*,-1,-1
2025-03-10T13:29:50.854-04:00,IdeState,Inactive,,*,-1,-1
2025-03-10T13:29:51.855-04:00,IdeState,Inactive,,*,-1,-1
2025-03-10T13:29:52.857-04:00,IdeState,Inactive,,*,-1,-1
2025-03-10T13:29:53.857-04:00,IdeState,Inactive,,*,-1,-1
2025-03-10T13:29:54.858-04:00,IdeState,Inactive,,*,-1,-1
2025-03-10T13:29:55.860-04:00,IdeState,Inactive,,*,-1,-1
2025-03-10T13:29:56.862-04:00,IdeState,Inactive,,*,-1,-1
2025-03-10T13:29:57.864-04:00,IdeState,Inactive,,*,-1,-1
2025-03-10T13:29:58.865-04:00,IdeState,Inactive,,*,-1,-1
2025-03-10T13:29:59.866-04:00,IdeState,Inactive,,*,-1,-1
2025-03-10T13:30:00.868-04:00,IdeState,Inactive,,*,-1,-1
2025-03-10T13:30:01.869-04:00,IdeState,Inactive,,*,-1,-1
2025-03-10T13:30:02.870-04:00,IdeState,Inactive,,*,-1,-1
2025-03-10T13:30:03.871-04:00,IdeState,Inactive,,*,-1,-1
2025-03-10T13:30:04.873-04:00,IdeState,Inactive,,*,-1,-1
2025-03-10T13:30:05.873-04:00,IdeState,Inactive,,*,-1,-1
2025-03-10T13:30:06.873-04:00,IdeState,Inactive,,*,-1,-1
2025-03-10T13:30:07.875-04:00,IdeState,Inactive,,*,-1,-1
2025-03-10T13:30:08.876-04:00,IdeState,Inactive,,*,-1,-1
2025-03-10T13:30:09.877-04:00,IdeState,Inactive,,*,-1,-1
2025-03-10T13:30:10.879-04:00,IdeState,Inactive,,*,-1,-1
2025-03-10T13:30:11.880-04:00,IdeState,Inactive,,*,-1,-1
2025-03-10T13:30:12.881-04:00,IdeState,Inactive,,*,-1,-1
2025-03-10T13:30:13.882-04:00,IdeState,Inactive,,*,-1,-1
2025-03-10T13:30:14.884-04:00,IdeState,Inactive,,*,-1,-1
2025-03-10T13:30:15.885-04:00,IdeState,Inactive,,*,-1,-1
2025-03-10T13:30:16.885-04:00,IdeState,Inactive,,*,-1,-1
2025-03-10T13:30:17.887-04:00,IdeState,Inactive,,*,-1,-1
2025-03-10T13:30:18.888-04:00,IdeState,Inactive,,*,-1,-1
2025-03-10T13:30:19.889-04:00,IdeState,Inactive,,*,-1,-1
2025-03-10T13:30:20.890-04:00,IdeState,Inactive,,*,-1,-1
2025-03-10T13:30:21.891-04:00,IdeState,Inactive,,*,-1,-1
2025-03-10T13:30:22.892-04:00,IdeState,Inactive,,*,-1,-1
2025-03-10T13:30:23.893-04:00,IdeState,Inactive,,*,-1,-1
2025-03-10T13:30:24.893-04:00,IdeState,Inactive,,*,-1,-1
2025-03-10T13:30:25.894-04:00,IdeState,Inactive,,*,-1,-1
2025-03-10T13:30:26.895-04:00,IdeState,Inactive,,*,-1,-1
2025-03-10T13:30:27.896-04:00,IdeState,Inactive,,*,-1,-1
2025-03-10T13:30:28.896-04:00,IdeState,Inactive,,*,-1,-1
2025-03-10T13:30:29.898-04:00,IdeState,Inactive,,*,-1,-1
2025-03-10T13:30:30.899-04:00,IdeState,Inactive,,*,-1,-1
2025-03-10T13:30:31.900-04:00,IdeState,Inactive,,*,-1,-1
2025-03-10T13:30:32.902-04:00,IdeState,Inactive,,*,-1,-1
2025-03-10T13:30:33.903-04:00,IdeState,Inactive,,*,-1,-1
2025-03-10T13:30:34.904-04:00,IdeState,Inactive,,*,-1,-1
2025-03-10T13:30:35.906-04:00,IdeState,Inactive,,*,-1,-1
2025-03-10T13:30:36.907-04:00,IdeState,Inactive,,*,-1,-1
2025-03-10T13:30:37.918-04:00,IdeState,Inactive,,*,-1,-1
2025-03-10T13:30:38.923-04:00,IdeState,Inactive,,*,-1,-1
2025-03-10T13:30:39.925-04:00,IdeState,Inactive,,*,-1,-1
2025-03-10T13:30:40.927-04:00,IdeState,Inactive,,*,-1,-1
2025-03-10T13:30:41.928-04:00,IdeState,Inactive,,*,-1,-1
2025-03-10T13:30:42.929-04:00,IdeState,Inactive,,*,-1,-1
2025-03-10T13:30:43.932-04:00,IdeState,Inactive,,*,-1,-1
2025-03-10T13:30:44.934-04:00,IdeState,Inactive,,*,-1,-1
2025-03-10T13:30:45.934-04:00,IdeState,Inactive,,*,-1,-1
2025-03-10T13:30:46.936-04:00,IdeState,Inactive,,*,-1,-1
2025-03-10T13:30:47.936-04:00,IdeState,Inactive,,*,-1,-1
2025-03-10T13:30:48.938-04:00,IdeState,Inactive,,*,-1,-1
2025-03-10T13:30:49.941-04:00,IdeState,Inactive,,*,-1,-1
2025-03-10T13:30:50.942-04:00,IdeState,Inactive,,*,-1,-1
2025-03-10T13:30:51.944-04:00,IdeState,Inactive,,*,-1,-1
2025-03-10T13:30:52.946-04:00,IdeState,Inactive,,*,-1,-1
2025-03-10T13:30:53.947-04:00,IdeState,Inactive,,*,-1,-1
2025-03-10T13:30:54.948-04:00,IdeState,Inactive,,*,-1,-1
2025-03-10T13:30:55.951-04:00,IdeState,Inactive,,*,-1,-1
2025-03-10T13:30:56.952-04:00,IdeState,Inactive,,*,-1,-1
2025-03-10T13:30:57.953-04:00,IdeState,Inactive,,*,-1,-1
2025-03-10T13:30:58.955-04:00,IdeState,Inactive,,*,-1,-1
2025-03-10T13:30:59.956-04:00,IdeState,Inactive,,*,-1,-1
2025-03-10T13:31:00.959-04:00,IdeState,Inactive,,*,-1,-1
2025-03-10T13:31:01.961-04:00,IdeState,Inactive,,*,-1,-1
2025-03-10T13:31:02.963-04:00,IdeState,Inactive,,*,-1,-1
2025-03-10T13:31:03.965-04:00,IdeState,Inactive,,*,-1,-1
2025-03-10T13:31:04.966-04:00,IdeState,Inactive,,*,-1,-1
2025-03-10T13:31:05.967-04:00,IdeState,Inactive,,*,-1,-1
2025-03-10T13:31:06.968-04:00,IdeState,Inactive,,*,-1,-1
2025-03-10T13:31:07.969-04:00,IdeState,Inactive,,*,-1,-1
2025-03-10T13:31:08.970-04:00,IdeState,Inactive,,*,-1,-1
2025-03-10T13:31:09.972-04:00,IdeState,Inactive,,*,-1,-1
2025-03-10T13:31:10.974-04:00,IdeState,Inactive,,*,-1,-1
2025-03-10T13:31:11.975-04:00,IdeState,Inactive,,*,-1,-1
2025-03-10T13:31:12.976-04:00,IdeState,Inactive,,*,-1,-1
2025-03-10T13:31:13.977-04:00,IdeState,Inactive,,*,-1,-1
2025-03-10T13:31:14.979-04:00,IdeState,Inactive,,*,-1,-1
2025-03-10T13:31:15.982-04:00,IdeState,Inactive,,*,-1,-1
2025-03-10T13:31:16.983-04:00,IdeState,Inactive,,*,-1,-1
2025-03-10T13:31:17.985-04:00,IdeState,Inactive,,*,-1,-1
2025-03-10T13:31:18.987-04:00,IdeState,Inactive,,*,-1,-1
2025-03-10T13:31:19.988-04:00,IdeState,Inactive,,*,-1,-1
2025-03-10T13:31:20.989-04:00,IdeState,Inactive,,*,-1,-1
2025-03-10T13:31:21.991-04:00,IdeState,Inactive,,*,-1,-1
2025-03-10T13:31:22.992-04:00,IdeState,Inactive,,*,-1,-1
2025-03-10T13:31:23.992-04:00,IdeState,Inactive,,*,-1,-1
2025-03-10T13:31:24.995-04:00,IdeState,Inactive,,*,-1,-1
2025-03-10T13:31:25.996-04:00,IdeState,Inactive,,*,-1,-1
2025-03-10T13:31:26.998-04:00,IdeState,Inactive,,*,-1,-1
2025-03-10T13:31:27.999-04:00,IdeState,Inactive,,*,-1,-1
2025-03-10T13:31:29.000-04:00,IdeState,Inactive,,*,-1,-1
2025-03-10T13:31:30.002-04:00,IdeState,Inactive,,*,-1,-1
2025-03-10T13:31:31.004-04:00,IdeState,Inactive,,*,-1,-1
2025-03-10T13:31:32.005-04:00,IdeState,Inactive,,*,-1,-1
2025-03-10T13:31:33.007-04:00,IdeState,Inactive,,*,-1,-1
2025-03-10T13:31:34.008-04:00,IdeState,Inactive,,*,-1,-1
2025-03-10T13:31:35.010-04:00,IdeState,Inactive,,*,-1,-1
2025-03-10T13:31:36.010-04:00,IdeState,Inactive,,*,-1,-1
2025-03-10T13:31:37.012-04:00,IdeState,Inactive,,*,-1,-1
2025-03-10T13:31:38.013-04:00,IdeState,Inactive,,*,-1,-1
2025-03-10T13:31:39.014-04:00,IdeState,Inactive,,*,-1,-1
2025-03-10T13:31:40.014-04:00,IdeState,Inactive,,*,-1,-1
2025-03-10T13:31:41.016-04:00,IdeState,Inactive,,*,-1,-1
2025-03-10T13:31:42.017-04:00,IdeState,Inactive,,*,-1,-1
2025-03-10T13:31:43.019-04:00,IdeState,Inactive,,*,-1,-1
2025-03-10T13:31:44.020-04:00,IdeState,Inactive,,*,-1,-1
2025-03-10T13:31:45.020-04:00,IdeState,Inactive,,*,-1,-1
2025-03-10T13:31:46.021-04:00,IdeState,Inactive,,*,-1,-1
2025-03-10T13:31:47.023-04:00,IdeState,Inactive,,*,-1,-1
2025-03-10T13:31:48.024-04:00,IdeState,Inactive,,*,-1,-1
2025-03-10T13:31:49.025-04:00,IdeState,Inactive,,*,-1,-1
2025-03-10T13:31:50.026-04:00,IdeState,Inactive,,*,-1,-1
2025-03-10T13:31:51.027-04:00,IdeState,Inactive,,*,-1,-1
2025-03-10T13:31:52.028-04:00,IdeState,Inactive,,*,-1,-1
2025-03-10T13:31:53.029-04:00,IdeState,Inactive,,*,-1,-1
2025-03-10T13:31:54.032-04:00,IdeState,Inactive,,*,-1,-1
2025-03-10T13:31:55.033-04:00,IdeState,Inactive,,*,-1,-1
2025-03-10T13:31:56.035-04:00,IdeState,Inactive,,*,-1,-1
2025-03-10T13:31:57.036-04:00,IdeState,Inactive,,*,-1,-1
2025-03-10T13:31:58.037-04:00,IdeState,Inactive,,*,-1,-1
2025-03-10T13:31:59.039-04:00,IdeState,Inactive,,*,-1,-1
2025-03-10T13:32:00.040-04:00,IdeState,Inactive,,*,-1,-1
2025-03-10T13:32:01.043-04:00,IdeState,Inactive,,*,-1,-1
2025-03-10T13:32:02.044-04:00,IdeState,Inactive,,*,-1,-1
2025-03-10T13:32:03.045-04:00,IdeState,Inactive,,*,-1,-1
2025-03-10T13:32:04.046-04:00,IdeState,Inactive,,*,-1,-1
2025-03-10T13:32:05.048-04:00,IdeState,Inactive,,*,-1,-1
2025-03-10T13:32:06.048-04:00,IdeState,Inactive,,*,-1,-1
2025-03-10T13:32:07.049-04:00,IdeState,Inactive,,*,-1,-1
2025-03-10T13:32:08.051-04:00,IdeState,Inactive,,*,-1,-1
2025-03-10T13:32:09.053-04:00,IdeState,Inactive,,*,-1,-1
2025-03-10T13:32:10.055-04:00,IdeState,Inactive,,*,-1,-1
2025-03-10T13:32:11.056-04:00,IdeState,Inactive,,*,-1,-1
2025-03-10T13:32:12.057-04:00,IdeState,Inactive,,*,-1,-1
2025-03-10T13:32:13.058-04:00,IdeState,Inactive,,*,-1,-1
2025-03-10T13:32:14.059-04:00,IdeState,Inactive,,*,-1,-1
2025-03-10T13:32:15.060-04:00,IdeState,Inactive,,*,-1,-1
2025-03-10T13:32:16.061-04:00,IdeState,Inactive,,*,-1,-1
2025-03-10T13:32:17.062-04:00,IdeState,Inactive,,*,-1,-1
2025-03-10T13:32:18.063-04:00,IdeState,Inactive,,*,-1,-1
2025-03-10T13:32:19.065-04:00,IdeState,Inactive,,*,-1,-1
2025-03-10T13:32:20.066-04:00,IdeState,Inactive,,*,-1,-1
2025-03-10T13:32:21.068-04:00,IdeState,Inactive,,*,-1,-1
2025-03-10T13:32:22.070-04:00,IdeState,Inactive,,*,-1,-1
2025-03-10T13:32:23.072-04:00,IdeState,Inactive,,*,-1,-1
2025-03-10T13:32:24.073-04:00,IdeState,Inactive,,*,-1,-1
2025-03-10T13:32:25.075-04:00,IdeState,Inactive,,*,-1,-1
2025-03-10T13:32:26.077-04:00,IdeState,Inactive,,*,-1,-1
2025-03-10T13:32:27.079-04:00,IdeState,Inactive,,*,-1,-1
2025-03-10T13:32:28.080-04:00,IdeState,Inactive,,*,-1,-1
2025-03-10T13:32:29.082-04:00,IdeState,Inactive,,*,-1,-1
2025-03-10T13:32:30.083-04:00,IdeState,Inactive,,*,-1,-1
2025-03-10T13:32:31.084-04:00,IdeState,Inactive,,*,-1,-1
2025-03-10T13:32:32.086-04:00,IdeState,Inactive,,*,-1,-1
2025-03-10T13:32:33.087-04:00,IdeState,Inactive,,*,-1,-1
2025-03-10T13:32:34.089-04:00,IdeState,Inactive,,*,-1,-1
2025-03-10T13:32:35.090-04:00,IdeState,Inactive,,*,-1,-1
2025-03-10T13:32:36.090-04:00,IdeState,Inactive,,*,-1,-1
2025-03-10T13:32:37.091-04:00,IdeState,Inactive,,*,-1,-1
2025-03-10T13:32:38.091-04:00,IdeState,Inactive,,*,-1,-1
2025-03-10T13:32:39.094-04:00,IdeState,Inactive,,*,-1,-1
2025-03-10T13:32:40.096-04:00,IdeState,Inactive,,*,-1,-1
2025-03-10T13:32:41.097-04:00,IdeState,Inactive,,*,-1,-1
2025-03-10T13:32:42.098-04:00,IdeState,Inactive,,*,-1,-1
2025-03-10T13:32:43.099-04:00,IdeState,Inactive,,*,-1,-1
2025-03-10T13:32:44.100-04:00,IdeState,Inactive,,*,-1,-1
2025-03-10T13:32:45.101-04:00,IdeState,Inactive,,*,-1,-1
2025-03-10T13:32:46.102-04:00,IdeState,Inactive,,*,-1,-1
2025-03-10T13:32:47.104-04:00,IdeState,Inactive,,*,-1,-1
2025-03-10T13:32:48.105-04:00,IdeState,Inactive,,*,-1,-1
2025-03-10T13:32:49.106-04:00,IdeState,Inactive,,*,-1,-1
2025-03-10T13:32:50.108-04:00,IdeState,Inactive,,*,-1,-1
2025-03-10T13:32:51.109-04:00,IdeState,Inactive,,*,-1,-1
2025-03-10T13:32:52.110-04:00,IdeState,Inactive,,*,-1,-1
2025-03-10T13:32:53.111-04:00,IdeState,Inactive,,*,-1,-1
2025-03-10T13:32:54.112-04:00,IdeState,Inactive,,*,-1,-1
2025-03-10T13:32:55.114-04:00,IdeState,Inactive,,*,-1,-1
2025-03-10T13:32:56.116-04:00,IdeState,Inactive,,*,-1,-1
2025-03-10T13:32:57.117-04:00,IdeState,Inactive,,*,-1,-1
2025-03-10T13:32:58.119-04:00,IdeState,Inactive,,*,-1,-1
2025-03-10T13:32:59.121-04:00,IdeState,Inactive,,*,-1,-1
2025-03-10T13:33:00.122-04:00,IdeState,Inactive,,*,-1,-1
2025-03-10T13:33:01.123-04:00,IdeState,Inactive,,*,-1,-1
2025-03-10T13:33:02.125-04:00,IdeState,Inactive,,*,-1,-1
2025-03-10T13:33:03.125-04:00,IdeState,Inactive,,*,-1,-1
2025-03-10T13:33:04.128-04:00,IdeState,Inactive,,*,-1,-1
2025-03-10T13:33:05.130-04:00,IdeState,Inactive,,*,-1,-1
2025-03-10T13:33:06.132-04:00,IdeState,Inactive,,*,-1,-1
2025-03-10T13:33:07.133-04:00,IdeState,Inactive,,*,-1,-1
2025-03-10T13:33:08.134-04:00,IdeState,Inactive,,*,-1,-1
2025-03-10T13:33:09.135-04:00,IdeState,Inactive,,*,-1,-1
2025-03-10T13:33:10.137-04:00,IdeState,Inactive,,*,-1,-1
2025-03-10T13:33:11.137-04:00,IdeState,Inactive,,*,-1,-1
2025-03-10T13:33:12.138-04:00,IdeState,Inactive,,*,-1,-1
2025-03-10T13:33:13.140-04:00,IdeState,Inactive,,*,-1,-1
2025-03-10T13:33:14.142-04:00,IdeState,Inactive,,*,-1,-1
2025-03-10T13:33:15.144-04:00,IdeState,Inactive,,*,-1,-1
2025-03-10T13:33:16.146-04:00,IdeState,Inactive,,*,-1,-1
2025-03-10T13:33:17.147-04:00,IdeState,Inactive,,*,-1,-1
2025-03-10T13:33:18.148-04:00,IdeState,Inactive,,*,-1,-1
2025-03-10T13:33:19.149-04:00,IdeState,Inactive,,*,-1,-1
2025-03-10T13:33:20.150-04:00,IdeState,Inactive,,*,-1,-1
2025-03-10T13:33:21.151-04:00,IdeState,Inactive,,*,-1,-1
2025-03-10T13:33:22.153-04:00,IdeState,Inactive,,*,-1,-1
2025-03-10T13:33:23.154-04:00,IdeState,Inactive,,*,-1,-1
2025-03-10T13:33:24.156-04:00,IdeState,Inactive,,*,-1,-1
2025-03-10T13:33:25.157-04:00,IdeState,Inactive,,*,-1,-1
2025-03-10T13:33:26.159-04:00,IdeState,Inactive,,*,-1,-1
2025-03-10T13:33:27.160-04:00,IdeState,Inactive,,*,-1,-1
2025-03-10T13:33:28.160-04:00,IdeState,Inactive,,*,-1,-1
2025-03-10T13:33:29.161-04:00,IdeState,Inactive,,*,-1,-1
2025-03-10T13:33:30.164-04:00,IdeState,Inactive,,*,-1,-1
2025-03-10T13:33:31.165-04:00,IdeState,Inactive,,*,-1,-1
2025-03-10T13:33:32.166-04:00,IdeState,Inactive,,*,-1,-1
2025-03-10T13:33:33.166-04:00,IdeState,Inactive,,*,-1,-1
2025-03-10T13:33:34.168-04:00,IdeState,Inactive,,*,-1,-1
2025-03-10T13:33:35.169-04:00,IdeState,Inactive,,*,-1,-1
2025-03-10T13:33:36.171-04:00,IdeState,Inactive,,*,-1,-1
2025-03-10T13:33:37.174-04:00,IdeState,Inactive,,*,-1,-1
2025-03-10T13:33:38.176-04:00,IdeState,Inactive,,*,-1,-1
2025-03-10T13:33:39.176-04:00,IdeState,Inactive,,*,-1,-1
2025-03-10T13:33:40.177-04:00,IdeState,Inactive,,*,-1,-1
2025-03-10T13:33:41.178-04:00,IdeState,Inactive,,*,-1,-1
2025-03-10T13:33:42.180-04:00,IdeState,Inactive,,*,-1,-1
2025-03-10T13:33:43.182-04:00,IdeState,Inactive,,*,-1,-1
2025-03-10T13:33:44.184-04:00,IdeState,Inactive,,*,-1,-1
2025-03-10T13:33:45.184-04:00,IdeState,Inactive,,*,-1,-1
2025-03-10T13:33:46.185-04:00,IdeState,Inactive,,*,-1,-1
2025-03-10T13:33:47.186-04:00,IdeState,Inactive,,*,-1,-1
2025-03-10T13:33:48.187-04:00,IdeState,Inactive,,*,-1,-1
2025-03-10T13:33:49.188-04:00,IdeState,Inactive,,*,-1,-1
2025-03-10T13:33:50.190-04:00,IdeState,Inactive,,*,-1,-1
2025-03-10T13:33:51.190-04:00,IdeState,Inactive,,*,-1,-1
2025-03-10T13:33:52.191-04:00,IdeState,Inactive,,*,-1,-1
2025-03-10T13:33:53.193-04:00,IdeState,Inactive,,*,-1,-1
2025-03-10T13:33:54.194-04:00,IdeState,Inactive,,*,-1,-1
2025-03-10T13:33:55.195-04:00,IdeState,Inactive,,*,-1,-1
2025-03-10T13:33:56.198-04:00,IdeState,Inactive,,*,-1,-1
2025-03-10T13:33:57.198-04:00,IdeState,Inactive,,*,-1,-1
2025-03-10T13:33:58.201-04:00,IdeState,Inactive,,*,-1,-1
2025-03-10T13:33:59.202-04:00,IdeState,Inactive,,*,-1,-1
2025-03-10T13:34:00.203-04:00,IdeState,Inactive,,*,-1,-1
2025-03-10T13:34:01.204-04:00,IdeState,Inactive,,*,-1,-1
2025-03-10T13:34:02.206-04:00,IdeState,Inactive,,*,-1,-1
2025-03-10T13:34:03.207-04:00,IdeState,Inactive,,*,-1,-1
2025-03-10T13:34:04.209-04:00,IdeState,Inactive,,*,-1,-1
2025-03-10T13:34:05.209-04:00,IdeState,Inactive,,*,-1,-1
2025-03-10T13:34:06.210-04:00,IdeState,Inactive,,*,-1,-1
2025-03-10T13:34:07.212-04:00,IdeState,Inactive,,*,-1,-1
2025-03-10T13:34:08.213-04:00,IdeState,Inactive,,*,-1,-1
2025-03-10T13:34:09.214-04:00,IdeState,Inactive,,*,-1,-1
2025-03-10T13:34:10.216-04:00,IdeState,Inactive,,*,-1,-1
2025-03-10T13:34:11.217-04:00,IdeState,Inactive,,*,-1,-1
2025-03-10T13:34:12.218-04:00,IdeState,Inactive,,*,-1,-1
2025-03-10T13:34:13.219-04:00,IdeState,Inactive,,*,-1,-1
2025-03-10T13:34:14.220-04:00,IdeState,Inactive,,*,-1,-1
2025-03-10T13:34:15.221-04:00,IdeState,Inactive,,*,-1,-1
2025-03-10T13:34:16.222-04:00,IdeState,Inactive,,*,-1,-1
2025-03-10T13:34:17.223-04:00,IdeState,Inactive,,*,-1,-1
2025-03-10T13:34:18.224-04:00,IdeState,Inactive,,*,-1,-1
2025-03-10T13:34:19.227-04:00,IdeState,Inactive,,*,-1,-1
2025-03-10T13:34:20.228-04:00,IdeState,Inactive,,*,-1,-1
2025-03-10T13:34:21.230-04:00,IdeState,Inactive,,*,-1,-1
2025-03-10T13:34:22.231-04:00,IdeState,Inactive,,*,-1,-1
2025-03-10T13:34:23.232-04:00,IdeState,Inactive,,*,-1,-1
2025-03-10T13:34:24.234-04:00,IdeState,Inactive,,*,-1,-1
2025-03-10T13:34:25.235-04:00,IdeState,Inactive,,*,-1,-1
2025-03-10T13:34:26.236-04:00,IdeState,Inactive,,*,-1,-1
2025-03-10T13:34:27.237-04:00,IdeState,Inactive,,*,-1,-1
2025-03-10T13:34:28.238-04:00,IdeState,Inactive,,*,-1,-1
2025-03-10T13:34:29.239-04:00,IdeState,Inactive,,*,-1,-1
2025-03-10T13:34:30.240-04:00,IdeState,Inactive,,*,-1,-1
2025-03-10T13:34:31.241-04:00,IdeState,Inactive,,*,-1,-1
2025-03-10T13:34:32.242-04:00,IdeState,Inactive,,*,-1,-1
2025-03-10T13:34:33.244-04:00,IdeState,Inactive,,*,-1,-1
2025-03-10T13:34:34.244-04:00,IdeState,Inactive,,*,-1,-1
2025-03-10T13:34:35.246-04:00,IdeState,Inactive,,*,-1,-1
2025-03-10T13:34:36.247-04:00,IdeState,Inactive,,*,-1,-1
2025-03-10T13:34:37.249-04:00,IdeState,Inactive,,*,-1,-1
2025-03-10T13:34:38.250-04:00,IdeState,Inactive,,*,-1,-1
2025-03-10T13:34:39.252-04:00,IdeState,Inactive,,*,-1,-1
2025-03-10T13:34:40.255-04:00,IdeState,Inactive,,*,-1,-1
2025-03-10T13:34:41.256-04:00,IdeState,Inactive,,*,-1,-1
2025-03-10T13:34:42.256-04:00,IdeState,Inactive,,*,-1,-1
2025-03-10T13:34:43.257-04:00,IdeState,Inactive,,*,-1,-1
2025-03-10T13:34:44.259-04:00,IdeState,Inactive,,*,-1,-1
2025-03-10T13:34:45.261-04:00,IdeState,Inactive,,*,-1,-1
2025-03-10T13:34:46.262-04:00,IdeState,Inactive,,*,-1,-1
2025-03-10T13:34:47.264-04:00,IdeState,Inactive,,*,-1,-1
2025-03-10T13:34:48.265-04:00,IdeState,Inactive,,*,-1,-1
2025-03-10T13:34:49.266-04:00,IdeState,Inactive,,*,-1,-1
2025-03-10T13:34:50.267-04:00,IdeState,Inactive,,*,-1,-1
2025-03-10T13:34:51.268-04:00,IdeState,Inactive,,*,-1,-1
2025-03-10T13:34:52.269-04:00,IdeState,Inactive,,*,-1,-1
2025-03-10T13:34:53.270-04:00,IdeState,Inactive,,*,-1,-1
2025-03-10T13:34:54.272-04:00,IdeState,Inactive,,*,-1,-1
2025-03-10T13:34:55.273-04:00,IdeState,Inactive,,*,-1,-1
2025-03-10T13:34:56.274-04:00,IdeState,Inactive,,*,-1,-1
2025-03-10T13:34:57.274-04:00,IdeState,Inactive,,*,-1,-1
2025-03-10T13:34:58.275-04:00,IdeState,Inactive,,*,-1,-1
2025-03-10T13:34:59.276-04:00,IdeState,Inactive,,*,-1,-1
2025-03-10T13:35:00.279-04:00,IdeState,Inactive,,*,-1,-1
2025-03-10T13:35:01.280-04:00,IdeState,Inactive,,*,-1,-1
2025-03-10T13:35:02.281-04:00,IdeState,Inactive,,*,-1,-1
2025-03-10T13:35:03.282-04:00,IdeState,Inactive,,*,-1,-1
2025-03-10T13:35:04.283-04:00,IdeState,Inactive,,*,-1,-1
2025-03-10T13:35:05.283-04:00,IdeState,Inactive,,*,-1,-1
2025-03-10T13:35:06.284-04:00,IdeState,Inactive,,*,-1,-1
2025-03-10T13:35:07.287-04:00,IdeState,Inactive,,*,-1,-1
2025-03-10T13:35:08.287-04:00,IdeState,Inactive,,*,-1,-1
2025-03-10T13:35:09.289-04:00,IdeState,Inactive,,*,-1,-1
2025-03-10T13:35:10.290-04:00,IdeState,Inactive,,*,-1,-1
2025-03-10T13:35:11.291-04:00,IdeState,Inactive,,*,-1,-1
2025-03-10T13:35:12.292-04:00,IdeState,Inactive,,*,-1,-1
2025-03-10T13:35:13.295-04:00,IdeState,Inactive,,*,-1,-1
2025-03-10T13:35:14.297-04:00,IdeState,Inactive,,*,-1,-1
2025-03-10T13:35:15.299-04:00,IdeState,Inactive,,*,-1,-1
2025-03-10T13:35:16.301-04:00,IdeState,Inactive,,*,-1,-1
2025-03-10T13:35:17.302-04:00,IdeState,Inactive,,*,-1,-1
2025-03-10T13:35:18.304-04:00,IdeState,Inactive,,*,-1,-1
2025-03-10T13:35:19.305-04:00,IdeState,Inactive,,*,-1,-1
2025-03-10T13:35:20.307-04:00,IdeState,Inactive,,*,-1,-1
2025-03-10T13:35:21.310-04:00,IdeState,Inactive,,*,-1,-1
2025-03-10T13:35:22.311-04:00,IdeState,Inactive,,*,-1,-1
2025-03-10T13:35:23.312-04:00,IdeState,Inactive,,*,-1,-1
2025-03-10T13:35:24.313-04:00,IdeState,Inactive,,*,-1,-1
2025-03-10T13:35:25.314-04:00,IdeState,Inactive,,*,-1,-1
2025-03-10T13:35:26.315-04:00,IdeState,Inactive,,*,-1,-1
2025-03-10T13:35:27.316-04:00,IdeState,Inactive,,*,-1,-1
2025-03-10T13:35:28.316-04:00,IdeState,Inactive,,*,-1,-1
2025-03-10T13:35:29.319-04:00,IdeState,Inactive,,*,-1,-1
2025-03-10T13:35:30.319-04:00,IdeState,Inactive,,*,-1,-1
2025-03-10T13:35:31.320-04:00,IdeState,Inactive,,*,-1,-1
2025-03-10T13:35:32.322-04:00,IdeState,Inactive,,*,-1,-1
2025-03-10T13:35:33.322-04:00,IdeState,Inactive,,*,-1,-1
2025-03-10T13:35:34.324-04:00,IdeState,Inactive,,*,-1,-1
2025-03-10T13:35:35.324-04:00,IdeState,Inactive,,*,-1,-1
2025-03-10T13:35:36.325-04:00,IdeState,Inactive,,*,-1,-1
2025-03-10T13:35:37.325-04:00,IdeState,Inactive,,*,-1,-1
2025-03-10T13:35:38.326-04:00,IdeState,Inactive,,*,-1,-1
2025-03-10T13:35:39.327-04:00,IdeState,Inactive,,*,-1,-1
2025-03-10T13:35:40.328-04:00,IdeState,Inactive,,*,-1,-1
2025-03-10T13:35:41.329-04:00,IdeState,Inactive,,*,-1,-1
2025-03-10T13:35:42.330-04:00,IdeState,Inactive,,*,-1,-1
2025-03-10T13:35:43.331-04:00,IdeState,Inactive,,*,-1,-1
2025-03-10T13:35:44.331-04:00,IdeState,Inactive,,*,-1,-1
2025-03-10T13:35:45.333-04:00,IdeState,Inactive,,*,-1,-1
2025-03-10T13:35:46.334-04:00,IdeState,Inactive,,*,-1,-1
2025-03-10T13:35:47.335-04:00,IdeState,Inactive,,*,-1,-1
2025-03-10T13:35:48.336-04:00,IdeState,Inactive,,*,-1,-1
2025-03-10T13:35:49.339-04:00,IdeState,Inactive,,*,-1,-1
2025-03-10T13:35:50.340-04:00,IdeState,Inactive,,*,-1,-1
2025-03-10T13:35:51.341-04:00,IdeState,Inactive,,*,-1,-1
2025-03-10T13:35:52.343-04:00,IdeState,Inactive,,*,-1,-1
2025-03-10T13:35:53.344-04:00,IdeState,Inactive,,*,-1,-1
2025-03-10T13:35:54.346-04:00,IdeState,Inactive,,*,-1,-1
2025-03-10T13:35:55.346-04:00,IdeState,Inactive,,*,-1,-1
2025-03-10T13:35:56.348-04:00,IdeState,Inactive,,*,-1,-1
2025-03-10T13:35:57.350-04:00,IdeState,Inactive,,*,-1,-1
2025-03-10T13:35:58.352-04:00,IdeState,Inactive,,*,-1,-1
2025-03-10T13:35:59.353-04:00,IdeState,Inactive,,*,-1,-1
2025-03-10T13:36:00.355-04:00,IdeState,Inactive,,*,-1,-1
2025-03-10T13:36:01.356-04:00,IdeState,Inactive,,*,-1,-1
2025-03-10T13:36:02.357-04:00,IdeState,Inactive,,*,-1,-1
2025-03-10T13:36:03.358-04:00,IdeState,Inactive,,*,-1,-1
2025-03-10T13:36:04.359-04:00,IdeState,Inactive,,*,-1,-1
2025-03-10T13:36:05.360-04:00,IdeState,Inactive,,*,-1,-1
2025-03-10T13:36:06.361-04:00,IdeState,Inactive,,*,-1,-1
2025-03-10T13:36:07.363-04:00,IdeState,Inactive,,*,-1,-1
2025-03-10T13:36:08.365-04:00,IdeState,Inactive,,*,-1,-1
2025-03-10T13:36:09.366-04:00,IdeState,Inactive,,*,-1,-1
2025-03-10T13:36:10.367-04:00,IdeState,Inactive,,*,-1,-1
2025-03-10T13:36:11.367-04:00,IdeState,Inactive,,*,-1,-1
2025-03-10T13:36:12.369-04:00,IdeState,Inactive,,*,-1,-1
2025-03-10T13:36:13.370-04:00,IdeState,Inactive,,*,-1,-1
2025-03-10T13:36:14.371-04:00,IdeState,Inactive,,*,-1,-1
2025-03-10T13:36:15.373-04:00,IdeState,Inactive,,*,-1,-1
2025-03-10T13:36:16.374-04:00,IdeState,Inactive,,*,-1,-1
2025-03-10T13:36:17.376-04:00,IdeState,Inactive,,*,-1,-1
2025-03-10T13:36:18.378-04:00,IdeState,Inactive,,*,-1,-1
2025-03-10T13:36:19.380-04:00,IdeState,Inactive,,*,-1,-1
2025-03-10T13:36:20.382-04:00,IdeState,Inactive,,*,-1,-1
2025-03-10T13:36:21.383-04:00,IdeState,Inactive,,*,-1,-1
2025-03-10T13:36:22.385-04:00,IdeState,Inactive,,*,-1,-1
2025-03-10T13:36:23.387-04:00,IdeState,Inactive,,*,-1,-1
2025-03-10T13:36:24.388-04:00,IdeState,Inactive,,*,-1,-1
2025-03-10T13:36:25.390-04:00,IdeState,Inactive,,*,-1,-1
2025-03-10T13:36:26.391-04:00,IdeState,Inactive,,*,-1,-1
2025-03-10T13:36:27.392-04:00,IdeState,Inactive,,*,-1,-1
2025-03-10T13:36:28.393-04:00,IdeState,Inactive,,*,-1,-1
2025-03-10T13:36:29.394-04:00,IdeState,Inactive,,*,-1,-1
2025-03-10T13:36:30.395-04:00,IdeState,Inactive,,*,-1,-1
2025-03-10T13:36:31.396-04:00,IdeState,Inactive,,*,-1,-1
2025-03-10T13:36:32.397-04:00,IdeState,Inactive,,*,-1,-1
2025-03-10T13:36:33.399-04:00,IdeState,Inactive,,*,-1,-1
2025-03-10T13:36:34.400-04:00,IdeState,Inactive,,*,-1,-1
2025-03-10T13:36:35.402-04:00,IdeState,Inactive,,*,-1,-1
2025-03-10T13:36:36.403-04:00,IdeState,Inactive,,*,-1,-1
2025-03-10T13:36:37.403-04:00,IdeState,Inactive,,*,-1,-1
2025-03-10T13:36:38.404-04:00,IdeState,Inactive,,*,-1,-1
2025-03-10T13:36:39.406-04:00,IdeState,Inactive,,*,-1,-1
2025-03-10T13:36:40.408-04:00,IdeState,Inactive,,*,-1,-1
2025-03-10T13:36:41.410-04:00,IdeState,Inactive,,*,-1,-1
2025-03-10T13:36:42.412-04:00,IdeState,Inactive,,*,-1,-1
2025-03-10T13:36:43.413-04:00,IdeState,Inactive,,*,-1,-1
2025-03-10T13:36:44.414-04:00,IdeState,Inactive,,*,-1,-1
2025-03-10T13:36:45.414-04:00,IdeState,Inactive,,*,-1,-1
2025-03-10T13:36:46.416-04:00,IdeState,Inactive,,*,-1,-1
2025-03-10T13:36:47.417-04:00,IdeState,Inactive,,*,-1,-1
2025-03-10T13:36:48.418-04:00,IdeState,Inactive,,*,-1,-1
2025-03-10T13:36:49.419-04:00,IdeState,Inactive,,*,-1,-1
2025-03-10T13:36:50.420-04:00,IdeState,Inactive,,*,-1,-1
2025-03-10T13:36:51.422-04:00,IdeState,Inactive,,*,-1,-1
2025-03-10T13:36:52.422-04:00,IdeState,Inactive,,*,-1,-1
2025-03-10T13:36:53.424-04:00,IdeState,Inactive,,*,-1,-1
2025-03-10T13:36:54.425-04:00,IdeState,Inactive,,*,-1,-1
2025-03-10T13:36:55.427-04:00,IdeState,Inactive,,*,-1,-1
2025-03-10T13:36:56.428-04:00,IdeState,Inactive,,*,-1,-1
2025-03-10T13:36:57.430-04:00,IdeState,Inactive,,*,-1,-1
2025-03-10T13:36:58.431-04:00,IdeState,Inactive,,*,-1,-1
2025-03-10T13:36:59.433-04:00,IdeState,Inactive,,*,-1,-1
2025-03-10T13:37:00.434-04:00,IdeState,Inactive,,*,-1,-1
2025-03-10T13:37:01.436-04:00,IdeState,Inactive,,*,-1,-1
2025-03-10T13:37:02.437-04:00,IdeState,Inactive,,*,-1,-1
2025-03-10T13:37:03.439-04:00,IdeState,Inactive,,*,-1,-1
2025-03-10T13:37:04.440-04:00,IdeState,Inactive,,*,-1,-1
2025-03-10T13:37:05.441-04:00,IdeState,Inactive,,*,-1,-1
2025-03-10T13:37:06.443-04:00,IdeState,Inactive,,*,-1,-1
2025-03-10T13:37:07.445-04:00,IdeState,Inactive,,*,-1,-1
2025-03-10T13:37:08.448-04:00,IdeState,Inactive,,*,-1,-1
2025-03-10T13:37:09.451-04:00,IdeState,Inactive,,*,-1,-1
2025-03-10T13:37:10.452-04:00,IdeState,Inactive,,*,-1,-1
2025-03-10T13:37:11.454-04:00,IdeState,Inactive,,*,-1,-1
2025-03-10T13:37:12.456-04:00,IdeState,Inactive,,*,-1,-1
2025-03-10T13:37:13.457-04:00,IdeState,Inactive,,*,-1,-1
2025-03-10T13:37:14.459-04:00,IdeState,Inactive,,*,-1,-1
2025-03-10T13:37:15.462-04:00,IdeState,Inactive,,*,-1,-1
2025-03-10T13:37:16.464-04:00,IdeState,Inactive,,*,-1,-1
2025-03-10T13:37:17.465-04:00,IdeState,Inactive,,*,-1,-1
2025-03-10T13:37:18.468-04:00,IdeState,Inactive,,*,-1,-1
2025-03-10T13:37:19.469-04:00,IdeState,Inactive,,*,-1,-1
2025-03-10T13:37:20.470-04:00,IdeState,Inactive,,*,-1,-1
2025-03-10T13:37:21.471-04:00,IdeState,Inactive,,*,-1,-1
2025-03-10T13:37:22.475-04:00,IdeState,Inactive,,*,-1,-1
2025-03-10T13:37:23.477-04:00,IdeState,Inactive,,*,-1,-1
2025-03-10T13:37:24.479-04:00,IdeState,Inactive,,*,-1,-1
2025-03-10T13:37:25.481-04:00,IdeState,Inactive,,*,-1,-1
2025-03-10T13:37:26.483-04:00,IdeState,Inactive,,*,-1,-1
2025-03-10T13:37:27.484-04:00,IdeState,Inactive,,*,-1,-1
2025-03-10T13:37:28.486-04:00,IdeState,Inactive,,*,-1,-1
2025-03-10T13:37:29.487-04:00,IdeState,Inactive,,*,-1,-1
2025-03-10T13:37:30.488-04:00,IdeState,Inactive,,*,-1,-1
2025-03-10T13:37:31.489-04:00,IdeState,Inactive,,*,-1,-1
2025-03-10T13:37:32.490-04:00,IdeState,Inactive,,*,-1,-1
2025-03-10T13:37:33.491-04:00,IdeState,Inactive,,*,-1,-1
2025-03-10T13:37:34.492-04:00,IdeState,Inactive,,*,-1,-1
2025-03-10T13:37:35.494-04:00,IdeState,Inactive,,*,-1,-1
2025-03-10T13:37:36.494-04:00,IdeState,Inactive,,*,-1,-1
2025-03-10T13:37:37.496-04:00,IdeState,Inactive,,*,-1,-1
2025-03-10T13:37:38.497-04:00,IdeState,Inactive,,*,-1,-1
2025-03-10T13:37:39.498-04:00,IdeState,Inactive,,*,-1,-1
2025-03-10T13:37:40.498-04:00,IdeState,Inactive,,*,-1,-1
2025-03-10T13:37:41.501-04:00,IdeState,Inactive,,*,-1,-1
2025-03-10T13:37:42.502-04:00,IdeState,Inactive,,*,-1,-1
2025-03-10T13:37:43.503-04:00,IdeState,Inactive,,*,-1,-1
2025-03-10T13:37:44.504-04:00,IdeState,Inactive,,*,-1,-1
2025-03-10T13:37:45.505-04:00,IdeState,Inactive,,*,-1,-1
2025-03-10T13:37:46.506-04:00,IdeState,Inactive,,*,-1,-1
2025-03-10T13:37:47.506-04:00,IdeState,Inactive,,*,-1,-1
2025-03-10T13:37:48.508-04:00,IdeState,Inactive,,*,-1,-1
2025-03-10T13:37:49.509-04:00,IdeState,Inactive,,*,-1,-1
2025-03-10T13:37:50.511-04:00,IdeState,Inactive,,*,-1,-1
2025-03-10T13:37:51.512-04:00,IdeState,Inactive,,*,-1,-1
2025-03-10T13:37:52.513-04:00,IdeState,Inactive,,*,-1,-1
2025-03-10T13:37:53.514-04:00,IdeState,Inactive,,*,-1,-1
2025-03-10T13:37:54.516-04:00,IdeState,Inactive,,*,-1,-1
2025-03-10T13:37:55.517-04:00,IdeState,Inactive,,*,-1,-1
2025-03-10T13:37:56.519-04:00,IdeState,Inactive,,*,-1,-1
2025-03-10T13:37:57.520-04:00,IdeState,Inactive,,*,-1,-1
2025-03-10T13:37:58.521-04:00,IdeState,Inactive,,*,-1,-1
2025-03-10T13:37:59.522-04:00,IdeState,Inactive,,*,-1,-1
2025-03-10T13:38:00.523-04:00,IdeState,Inactive,,*,-1,-1
2025-03-10T13:38:01.524-04:00,IdeState,Inactive,,*,-1,-1
2025-03-10T13:38:02.526-04:00,IdeState,Inactive,,*,-1,-1
2025-03-10T13:38:03.533-04:00,IdeState,Inactive,,*,-1,-1
2025-03-10T13:38:04.534-04:00,IdeState,Inactive,,*,-1,-1
2025-03-10T13:38:05.535-04:00,IdeState,Inactive,,*,-1,-1
2025-03-10T13:38:06.536-04:00,IdeState,Inactive,,*,-1,-1
2025-03-10T13:38:07.537-04:00,IdeState,Inactive,,*,-1,-1
2025-03-10T13:38:08.538-04:00,IdeState,Inactive,,*,-1,-1
2025-03-10T13:38:09.540-04:00,IdeState,Inactive,,*,-1,-1
2025-03-10T13:38:10.541-04:00,IdeState,Inactive,,*,-1,-1
2025-03-10T13:38:11.543-04:00,IdeState,Inactive,,*,-1,-1
2025-03-10T13:38:12.544-04:00,IdeState,Inactive,,*,-1,-1
2025-03-10T13:38:13.546-04:00,IdeState,Inactive,,*,-1,-1
2025-03-10T13:38:14.547-04:00,IdeState,Inactive,,*,-1,-1
2025-03-10T13:38:15.548-04:00,IdeState,Inactive,,*,-1,-1
2025-03-10T13:38:16.550-04:00,IdeState,Inactive,,*,-1,-1
2025-03-10T13:38:17.551-04:00,IdeState,Inactive,,*,-1,-1
2025-03-10T13:38:18.554-04:00,IdeState,Inactive,,*,-1,-1
2025-03-10T13:38:19.555-04:00,IdeState,Inactive,,*,-1,-1
2025-03-10T13:38:20.557-04:00,IdeState,Inactive,,*,-1,-1
2025-03-10T13:38:21.558-04:00,IdeState,Inactive,,*,-1,-1
2025-03-10T13:38:22.559-04:00,IdeState,Inactive,,*,-1,-1
2025-03-10T13:38:23.560-04:00,IdeState,Inactive,,*,-1,-1
2025-03-10T13:38:24.562-04:00,IdeState,Inactive,,*,-1,-1
2025-03-10T13:38:25.562-04:00,IdeState,Inactive,,*,-1,-1
2025-03-10T13:38:26.564-04:00,IdeState,Inactive,,*,-1,-1
2025-03-10T13:38:27.566-04:00,IdeState,Inactive,,*,-1,-1
2025-03-10T13:38:28.567-04:00,IdeState,Inactive,,*,-1,-1
2025-03-10T13:38:29.567-04:00,IdeState,Inactive,,*,-1,-1
2025-03-10T13:38:30.569-04:00,IdeState,Inactive,,*,-1,-1
2025-03-10T13:38:31.570-04:00,IdeState,Inactive,,*,-1,-1
2025-03-10T13:38:32.571-04:00,IdeState,Inactive,,*,-1,-1
2025-03-10T13:38:33.572-04:00,IdeState,Inactive,,*,-1,-1
2025-03-10T13:38:34.573-04:00,IdeState,Inactive,,*,-1,-1
2025-03-10T13:38:35.574-04:00,IdeState,Inactive,,*,-1,-1
2025-03-10T13:38:36.576-04:00,IdeState,Inactive,,*,-1,-1
2025-03-10T13:38:37.579-04:00,IdeState,Inactive,,*,-1,-1
2025-03-10T13:38:38.581-04:00,IdeState,Inactive,,*,-1,-1
2025-03-10T13:38:39.584-04:00,IdeState,Inactive,,*,-1,-1
2025-03-10T13:38:40.584-04:00,IdeState,Inactive,,*,-1,-1
2025-03-10T13:38:41.586-04:00,IdeState,Inactive,,*,-1,-1
2025-03-10T13:38:42.588-04:00,IdeState,Inactive,,*,-1,-1
2025-03-10T13:38:43.589-04:00,IdeState,Inactive,,*,-1,-1
2025-03-10T13:38:44.591-04:00,IdeState,Inactive,,*,-1,-1
2025-03-10T13:38:45.594-04:00,IdeState,Inactive,,*,-1,-1
2025-03-10T13:38:46.596-04:00,IdeState,Inactive,,*,-1,-1
2025-03-10T13:38:47.597-04:00,IdeState,Inactive,,*,-1,-1
2025-03-10T13:38:48.598-04:00,IdeState,Inactive,,*,-1,-1
2025-03-10T13:38:49.600-04:00,IdeState,Inactive,,*,-1,-1
2025-03-10T13:38:50.603-04:00,IdeState,Inactive,,*,-1,-1
2025-03-10T13:38:51.604-04:00,IdeState,Inactive,,*,-1,-1
2025-03-10T13:38:52.605-04:00,IdeState,Inactive,,*,-1,-1
2025-03-10T13:38:53.606-04:00,IdeState,Inactive,,*,-1,-1
2025-03-10T13:38:54.607-04:00,IdeState,Inactive,,*,-1,-1
2025-03-10T13:38:55.608-04:00,IdeState,Inactive,,*,-1,-1
2025-03-10T13:38:56.610-04:00,IdeState,Inactive,,*,-1,-1
2025-03-10T13:38:57.610-04:00,IdeState,Inactive,,*,-1,-1
2025-03-10T13:38:58.611-04:00,IdeState,Inactive,,*,-1,-1
2025-03-10T13:38:59.612-04:00,IdeState,Inactive,,*,-1,-1
2025-03-10T13:39:00.613-04:00,IdeState,Inactive,,*,-1,-1
2025-03-10T13:39:01.614-04:00,IdeState,Inactive,,*,-1,-1
2025-03-10T13:39:02.615-04:00,IdeState,Inactive,,*,-1,-1
2025-03-10T13:39:03.618-04:00,IdeState,Inactive,,*,-1,-1
2025-03-10T13:39:04.619-04:00,IdeState,Inactive,,*,-1,-1
2025-03-10T13:39:05.620-04:00,IdeState,Inactive,,*,-1,-1
2025-03-10T13:39:06.621-04:00,IdeState,Inactive,,*,-1,-1
2025-03-10T13:39:07.622-04:00,IdeState,Inactive,,*,-1,-1
2025-03-10T13:39:08.623-04:00,IdeState,Inactive,,*,-1,-1
2025-03-10T13:39:09.626-04:00,IdeState,Inactive,,*,-1,-1
2025-03-10T13:39:10.628-04:00,IdeState,Inactive,,*,-1,-1
2025-03-10T13:39:11.629-04:00,IdeState,Inactive,,*,-1,-1
2025-03-10T13:39:12.630-04:00,IdeState,Inactive,,*,-1,-1
2025-03-10T13:39:13.631-04:00,IdeState,Inactive,,*,-1,-1
2025-03-10T13:39:14.632-04:00,IdeState,Inactive,,*,-1,-1
2025-03-10T13:39:15.632-04:00,IdeState,Inactive,,*,-1,-1
2025-03-10T13:39:16.634-04:00,IdeState,Inactive,,*,-1,-1
2025-03-10T13:39:17.635-04:00,IdeState,Inactive,,*,-1,-1
2025-03-10T13:39:18.636-04:00,IdeState,Inactive,,*,-1,-1
2025-03-10T13:39:19.638-04:00,IdeState,Inactive,,*,-1,-1
2025-03-10T13:39:20.639-04:00,IdeState,Inactive,,*,-1,-1
2025-03-10T13:39:21.640-04:00,IdeState,Inactive,,*,-1,-1
2025-03-10T13:39:22.640-04:00,IdeState,Inactive,,*,-1,-1
2025-03-10T13:39:23.643-04:00,IdeState,Inactive,,*,-1,-1
2025-03-10T13:39:24.645-04:00,IdeState,Inactive,,*,-1,-1
2025-03-10T13:39:25.646-04:00,IdeState,Inactive,,*,-1,-1
2025-03-10T13:39:26.647-04:00,IdeState,Inactive,,*,-1,-1
2025-03-10T13:39:27.648-04:00,IdeState,Inactive,,*,-1,-1
2025-03-10T13:39:28.649-04:00,IdeState,Inactive,,*,-1,-1
2025-03-10T13:39:29.651-04:00,IdeState,Inactive,,*,-1,-1
2025-03-10T13:39:30.651-04:00,IdeState,Inactive,,*,-1,-1
2025-03-10T13:39:31.652-04:00,IdeState,Inactive,,*,-1,-1
2025-03-10T13:39:32.654-04:00,IdeState,Inactive,,*,-1,-1
2025-03-10T13:39:33.656-04:00,IdeState,Inactive,,*,-1,-1
2025-03-10T13:39:34.657-04:00,IdeState,Inactive,,*,-1,-1
2025-03-10T13:39:35.658-04:00,IdeState,Inactive,,*,-1,-1
2025-03-10T13:39:36.658-04:00,IdeState,Inactive,,*,-1,-1
2025-03-10T13:39:37.660-04:00,IdeState,Inactive,,*,-1,-1
2025-03-10T13:39:38.661-04:00,IdeState,Inactive,,*,-1,-1
2025-03-10T13:39:39.662-04:00,IdeState,Inactive,,*,-1,-1
2025-03-10T13:39:40.664-04:00,IdeState,Inactive,,*,-1,-1
2025-03-10T13:39:41.666-04:00,IdeState,Inactive,,*,-1,-1
2025-03-10T13:39:42.667-04:00,IdeState,Inactive,,*,-1,-1
2025-03-10T13:39:43.668-04:00,IdeState,Inactive,,*,-1,-1
2025-03-10T13:39:44.671-04:00,IdeState,Inactive,,*,-1,-1
2025-03-10T13:39:45.672-04:00,IdeState,Inactive,,*,-1,-1
2025-03-10T13:39:46.673-04:00,IdeState,Inactive,,*,-1,-1
2025-03-10T13:39:47.675-04:00,IdeState,Inactive,,*,-1,-1
2025-03-10T13:39:48.676-04:00,IdeState,Inactive,,*,-1,-1
2025-03-10T13:39:49.677-04:00,IdeState,Inactive,,*,-1,-1
2025-03-10T13:39:50.678-04:00,IdeState,Inactive,,*,-1,-1
2025-03-10T13:39:51.680-04:00,IdeState,Inactive,,*,-1,-1
2025-03-10T13:39:52.681-04:00,IdeState,Inactive,,*,-1,-1
2025-03-10T13:39:53.684-04:00,IdeState,Inactive,,*,-1,-1
2025-03-10T13:39:54.685-04:00,IdeState,Inactive,,*,-1,-1
2025-03-10T13:39:55.686-04:00,IdeState,Inactive,,*,-1,-1
2025-03-10T13:39:56.688-04:00,IdeState,Inactive,,*,-1,-1
2025-03-10T13:39:57.689-04:00,IdeState,Inactive,,*,-1,-1
2025-03-10T13:39:58.690-04:00,IdeState,Inactive,,*,-1,-1
2025-03-10T13:39:59.691-04:00,IdeState,Inactive,,*,-1,-1
2025-03-10T13:40:00.693-04:00,IdeState,Inactive,,*,-1,-1
2025-03-10T13:40:01.695-04:00,IdeState,Inactive,,*,-1,-1
2025-03-10T13:40:02.696-04:00,IdeState,Inactive,,*,-1,-1
2025-03-10T13:40:03.698-04:00,IdeState,Inactive,,*,-1,-1
2025-03-10T13:40:04.699-04:00,IdeState,Inactive,,*,-1,-1
2025-03-10T13:40:05.699-04:00,IdeState,Inactive,,*,-1,-1
2025-03-10T13:40:06.702-04:00,IdeState,Inactive,,*,-1,-1
2025-03-10T13:40:07.703-04:00,IdeState,Inactive,,*,-1,-1
2025-03-10T13:40:08.704-04:00,IdeState,Inactive,,*,-1,-1
2025-03-10T13:40:09.705-04:00,IdeState,Inactive,,*,-1,-1
2025-03-10T13:40:10.707-04:00,IdeState,Inactive,,*,-1,-1
2025-03-10T13:40:11.708-04:00,IdeState,Inactive,,*,-1,-1
2025-03-10T13:40:12.710-04:00,IdeState,Inactive,,*,-1,-1
2025-03-10T13:40:13.710-04:00,IdeState,Inactive,,*,-1,-1
2025-03-10T13:40:14.713-04:00,IdeState,Inactive,,*,-1,-1
2025-03-10T13:40:15.714-04:00,IdeState,Inactive,,*,-1,-1
2025-03-10T13:40:16.716-04:00,IdeState,Inactive,,*,-1,-1
2025-03-10T13:40:17.718-04:00,IdeState,Inactive,,*,-1,-1
2025-03-10T13:40:18.721-04:00,IdeState,Inactive,,*,-1,-1
2025-03-10T13:40:19.723-04:00,IdeState,Inactive,,*,-1,-1
2025-03-10T13:40:20.724-04:00,IdeState,Inactive,,*,-1,-1
2025-03-10T13:40:21.724-04:00,IdeState,Inactive,,*,-1,-1
2025-03-10T13:40:22.725-04:00,IdeState,Inactive,,*,-1,-1
2025-03-10T13:40:23.727-04:00,IdeState,Inactive,,*,-1,-1
2025-03-10T13:40:24.728-04:00,IdeState,Inactive,,*,-1,-1
2025-03-10T13:40:25.730-04:00,IdeState,Inactive,,*,-1,-1
2025-03-10T13:40:26.733-04:00,IdeState,Inactive,,*,-1,-1
2025-03-10T13:40:27.735-04:00,IdeState,Inactive,,*,-1,-1
2025-03-10T13:40:28.736-04:00,IdeState,Inactive,,*,-1,-1
2025-03-10T13:40:29.737-04:00,IdeState,Inactive,,*,-1,-1
2025-03-10T13:40:30.738-04:00,IdeState,Inactive,,*,-1,-1
2025-03-10T13:40:31.740-04:00,IdeState,Inactive,,*,-1,-1
2025-03-10T13:40:32.741-04:00,IdeState,Inactive,,*,-1,-1
2025-03-10T13:40:33.742-04:00,IdeState,Inactive,,*,-1,-1
2025-03-10T13:40:34.743-04:00,IdeState,Inactive,,*,-1,-1
2025-03-10T13:40:35.744-04:00,IdeState,Inactive,,*,-1,-1
2025-03-10T13:40:36.746-04:00,IdeState,Inactive,,*,-1,-1
2025-03-10T13:40:37.748-04:00,IdeState,Inactive,,*,-1,-1
2025-03-10T13:40:38.751-04:00,IdeState,Inactive,,*,-1,-1
2025-03-10T13:40:39.752-04:00,IdeState,Inactive,,*,-1,-1
2025-03-10T13:40:40.752-04:00,IdeState,Inactive,,*,-1,-1
2025-03-10T13:40:41.754-04:00,IdeState,Inactive,,*,-1,-1
2025-03-10T13:40:42.755-04:00,IdeState,Inactive,,*,-1,-1
2025-03-10T13:40:43.756-04:00,IdeState,Inactive,,*,-1,-1
2025-03-10T13:40:44.758-04:00,IdeState,Inactive,,*,-1,-1
2025-03-10T13:40:45.762-04:00,IdeState,Inactive,,*,-1,-1
2025-03-10T13:40:46.764-04:00,IdeState,Inactive,,*,-1,-1
2025-03-10T13:40:47.765-04:00,IdeState,Inactive,,*,-1,-1
2025-03-10T13:40:48.767-04:00,IdeState,Inactive,,*,-1,-1
2025-03-10T13:40:49.769-04:00,IdeState,Inactive,,*,-1,-1
2025-03-10T13:40:50.771-04:00,IdeState,Inactive,,*,-1,-1
2025-03-10T13:40:51.773-04:00,IdeState,Inactive,,*,-1,-1
2025-03-10T13:40:52.773-04:00,IdeState,Inactive,,*,-1,-1
2025-03-10T13:40:53.775-04:00,IdeState,Inactive,,*,-1,-1
2025-03-10T13:40:54.775-04:00,IdeState,Inactive,,*,-1,-1
2025-03-10T13:40:55.776-04:00,IdeState,Inactive,,*,-1,-1
2025-03-10T13:40:56.777-04:00,IdeState,Inactive,,*,-1,-1
2025-03-10T13:40:57.779-04:00,IdeState,Inactive,,*,-1,-1
2025-03-10T13:40:58.780-04:00,IdeState,Inactive,,*,-1,-1
2025-03-10T13:40:59.784-04:00,IdeState,Inactive,,*,-1,-1
2025-03-10T13:41:00.785-04:00,IdeState,Inactive,,*,-1,-1
2025-03-10T13:41:01.786-04:00,IdeState,Inactive,,*,-1,-1
2025-03-10T13:41:02.787-04:00,IdeState,Inactive,,*,-1,-1
2025-03-10T13:41:03.790-04:00,IdeState,Inactive,,*,-1,-1
2025-03-10T13:41:04.791-04:00,IdeState,Inactive,,*,-1,-1
2025-03-10T13:41:05.794-04:00,IdeState,Inactive,,*,-1,-1
2025-03-10T13:41:06.796-04:00,IdeState,Inactive,,*,-1,-1
2025-03-10T13:41:07.797-04:00,IdeState,Inactive,,*,-1,-1
2025-03-10T13:41:08.799-04:00,IdeState,Inactive,,*,-1,-1
2025-03-10T13:41:09.799-04:00,IdeState,Inactive,,*,-1,-1
2025-03-10T13:41:10.800-04:00,IdeState,Inactive,,*,-1,-1
2025-03-10T13:41:11.801-04:00,IdeState,Inactive,,*,-1,-1
2025-03-10T13:41:12.803-04:00,IdeState,Inactive,,*,-1,-1
2025-03-10T13:41:13.803-04:00,IdeState,Inactive,,*,-1,-1
2025-03-10T13:41:14.805-04:00,IdeState,Inactive,,*,-1,-1
2025-03-10T13:41:15.808-04:00,IdeState,Inactive,,*,-1,-1
2025-03-10T13:41:16.809-04:00,IdeState,Inactive,,*,-1,-1
2025-03-10T13:41:17.810-04:00,IdeState,Inactive,,*,-1,-1
2025-03-10T13:41:18.812-04:00,IdeState,Inactive,,*,-1,-1
2025-03-10T13:41:19.815-04:00,IdeState,Inactive,,*,-1,-1
2025-03-10T13:41:20.817-04:00,IdeState,Inactive,,*,-1,-1
2025-03-10T13:41:21.818-04:00,IdeState,Inactive,,*,-1,-1
2025-03-10T13:41:22.820-04:00,IdeState,Inactive,,*,-1,-1
2025-03-10T13:41:23.820-04:00,IdeState,Inactive,,*,-1,-1
2025-03-10T13:41:24.821-04:00,IdeState,Inactive,,*,-1,-1
2025-03-10T13:41:25.822-04:00,IdeState,Inactive,,*,-1,-1
2025-03-10T13:41:26.825-04:00,IdeState,Inactive,,*,-1,-1
2025-03-10T13:41:27.828-04:00,IdeState,Inactive,,*,-1,-1
2025-03-10T13:41:28.829-04:00,IdeState,Inactive,,*,-1,-1
2025-03-10T13:41:29.831-04:00,IdeState,Inactive,,*,-1,-1
2025-03-10T13:41:30.833-04:00,IdeState,Inactive,,*,-1,-1
2025-03-10T13:41:31.833-04:00,IdeState,Inactive,,*,-1,-1
2025-03-10T13:41:32.834-04:00,IdeState,Inactive,,*,-1,-1
2025-03-10T13:41:33.836-04:00,IdeState,Inactive,,*,-1,-1
2025-03-10T13:41:34.837-04:00,IdeState,Inactive,,*,-1,-1
2025-03-10T13:41:35.840-04:00,IdeState,Inactive,,*,-1,-1
2025-03-10T13:41:36.842-04:00,IdeState,Inactive,,*,-1,-1
2025-03-10T13:41:37.843-04:00,IdeState,Inactive,,*,-1,-1
2025-03-10T13:41:38.844-04:00,IdeState,Inactive,,*,-1,-1
2025-03-10T13:41:39.844-04:00,IdeState,Inactive,,*,-1,-1
2025-03-10T13:41:40.846-04:00,IdeState,Inactive,,*,-1,-1
2025-03-10T13:41:41.847-04:00,IdeState,Inactive,,*,-1,-1
2025-03-10T13:41:42.849-04:00,IdeState,Inactive,,*,-1,-1
2025-03-10T13:41:43.850-04:00,IdeState,Inactive,,*,-1,-1
2025-03-10T13:41:44.851-04:00,IdeState,Inactive,,*,-1,-1
2025-03-10T13:41:45.852-04:00,IdeState,Inactive,,*,-1,-1
2025-03-10T13:41:46.852-04:00,IdeState,Inactive,,*,-1,-1
2025-03-10T13:41:47.855-04:00,IdeState,Inactive,,*,-1,-1
2025-03-10T13:41:48.856-04:00,IdeState,Inactive,,*,-1,-1
2025-03-10T13:41:49.858-04:00,IdeState,Inactive,,*,-1,-1
2025-03-10T13:41:50.858-04:00,IdeState,Inactive,,*,-1,-1
2025-03-10T13:41:51.859-04:00,IdeState,Inactive,,*,-1,-1
2025-03-10T13:41:52.860-04:00,IdeState,Inactive,,*,-1,-1
2025-03-10T13:41:53.861-04:00,IdeState,Inactive,,*,-1,-1
2025-03-10T13:41:54.862-04:00,IdeState,Inactive,,*,-1,-1
2025-03-10T13:41:55.864-04:00,IdeState,Inactive,,*,-1,-1
2025-03-10T13:41:56.866-04:00,IdeState,Inactive,,*,-1,-1
2025-03-10T13:41:57.869-04:00,IdeState,Inactive,,*,-1,-1
2025-03-10T13:41:58.869-04:00,IdeState,Inactive,,*,-1,-1
2025-03-10T13:41:59.870-04:00,IdeState,Inactive,,*,-1,-1
2025-03-10T13:42:00.871-04:00,IdeState,Inactive,,*,-1,-1
2025-03-10T13:42:01.872-04:00,IdeState,Inactive,,*,-1,-1
2025-03-10T13:42:02.873-04:00,IdeState,Inactive,,*,-1,-1
2025-03-10T13:42:03.875-04:00,IdeState,Inactive,,*,-1,-1
2025-03-10T13:42:04.876-04:00,IdeState,Inactive,,*,-1,-1
2025-03-10T13:42:05.876-04:00,IdeState,Inactive,,*,-1,-1
2025-03-10T13:42:06.878-04:00,IdeState,Inactive,,*,-1,-1
2025-03-10T13:42:07.879-04:00,IdeState,Inactive,,*,-1,-1
2025-03-10T13:42:08.881-04:00,IdeState,Inactive,,*,-1,-1
2025-03-10T13:42:09.884-04:00,IdeState,Inactive,,*,-1,-1
2025-03-10T13:42:10.886-04:00,IdeState,Inactive,,*,-1,-1
2025-03-10T13:42:11.887-04:00,IdeState,Inactive,,*,-1,-1
2025-03-10T13:42:12.888-04:00,IdeState,Inactive,,*,-1,-1
2025-03-10T13:42:13.889-04:00,IdeState,Inactive,,*,-1,-1
2025-03-10T13:42:14.890-04:00,IdeState,Inactive,,*,-1,-1
2025-03-10T13:42:15.892-04:00,IdeState,Inactive,,*,-1,-1
2025-03-10T13:42:16.895-04:00,IdeState,Inactive,,*,-1,-1
2025-03-10T13:42:17.897-04:00,IdeState,Inactive,,*,-1,-1
2025-03-10T13:42:18.899-04:00,IdeState,Inactive,,*,-1,-1
2025-03-10T13:42:19.900-04:00,IdeState,Inactive,,*,-1,-1
2025-03-10T13:42:20.901-04:00,IdeState,Inactive,,*,-1,-1
2025-03-10T13:42:21.903-04:00,IdeState,Inactive,,*,-1,-1
2025-03-10T13:42:22.903-04:00,IdeState,Inactive,,*,-1,-1
2025-03-10T13:42:23.905-04:00,IdeState,Inactive,,*,-1,-1
2025-03-10T13:42:24.906-04:00,IdeState,Inactive,,*,-1,-1
2025-03-10T13:42:25.907-04:00,IdeState,Inactive,,*,-1,-1
2025-03-10T13:42:26.909-04:00,IdeState,Inactive,,*,-1,-1
2025-03-10T13:42:27.911-04:00,IdeState,Inactive,,*,-1,-1
2025-03-10T13:42:28.912-04:00,IdeState,Inactive,,*,-1,-1
2025-03-10T13:42:29.913-04:00,IdeState,Inactive,,*,-1,-1
2025-03-10T13:42:30.914-04:00,IdeState,Inactive,,*,-1,-1
2025-03-10T13:42:31.916-04:00,IdeState,Inactive,,*,-1,-1
2025-03-10T13:42:32.917-04:00,IdeState,Inactive,,*,-1,-1
2025-03-10T13:42:33.919-04:00,IdeState,Inactive,,*,-1,-1
2025-03-10T13:42:34.921-04:00,IdeState,Inactive,,*,-1,-1
2025-03-10T13:42:35.923-04:00,IdeState,Inactive,,*,-1,-1
2025-03-10T13:42:36.924-04:00,IdeState,Inactive,,*,-1,-1
2025-03-10T13:42:37.924-04:00,IdeState,Inactive,,*,-1,-1
2025-03-10T13:42:38.925-04:00,IdeState,Inactive,,*,-1,-1
2025-03-10T13:42:39.926-04:00,IdeState,Inactive,,*,-1,-1
2025-03-10T13:42:40.927-04:00,IdeState,Inactive,,*,-1,-1
2025-03-10T13:42:41.928-04:00,IdeState,Inactive,,*,-1,-1
2025-03-10T13:42:42.930-04:00,IdeState,Inactive,,*,-1,-1
2025-03-10T13:42:43.932-04:00,IdeState,Inactive,,*,-1,-1
2025-03-10T13:42:44.933-04:00,IdeState,Inactive,,*,-1,-1
2025-03-10T13:42:45.934-04:00,IdeState,Inactive,,*,-1,-1
2025-03-10T13:42:46.936-04:00,IdeState,Inactive,,*,-1,-1
2025-03-10T13:42:47.937-04:00,IdeState,Inactive,,*,-1,-1
2025-03-10T13:42:48.939-04:00,IdeState,Inactive,,*,-1,-1
2025-03-10T13:42:49.941-04:00,IdeState,Inactive,,*,-1,-1
2025-03-10T13:42:50.943-04:00,IdeState,Inactive,,*,-1,-1
2025-03-10T13:42:51.945-04:00,IdeState,Inactive,,*,-1,-1
2025-03-10T13:42:52.946-04:00,IdeState,Inactive,,*,-1,-1
2025-03-10T13:42:53.947-04:00,IdeState,Inactive,,*,-1,-1
2025-03-10T13:42:54.948-04:00,IdeState,Inactive,,*,-1,-1
2025-03-10T13:42:55.949-04:00,IdeState,Inactive,,*,-1,-1
2025-03-10T13:42:56.951-04:00,IdeState,Inactive,,*,-1,-1
2025-03-10T13:42:57.951-04:00,IdeState,Inactive,,*,-1,-1
2025-03-10T13:42:58.953-04:00,IdeState,Inactive,,*,-1,-1
2025-03-10T13:42:59.955-04:00,IdeState,Inactive,,*,-1,-1
2025-03-10T13:43:00.956-04:00,IdeState,Inactive,,*,-1,-1
2025-03-10T13:43:01.958-04:00,IdeState,Inactive,,*,-1,-1
2025-03-10T13:43:02.959-04:00,IdeState,Inactive,,*,-1,-1
2025-03-10T13:43:03.960-04:00,IdeState,Inactive,,*,-1,-1
2025-03-10T13:43:04.963-04:00,IdeState,Inactive,,*,-1,-1
2025-03-10T13:43:05.964-04:00,IdeState,Inactive,,*,-1,-1
2025-03-10T13:43:06.967-04:00,IdeState,Inactive,,*,-1,-1
2025-03-10T13:43:07.968-04:00,IdeState,Inactive,,*,-1,-1
2025-03-10T13:43:08.969-04:00,IdeState,Inactive,,*,-1,-1
2025-03-10T13:43:09.970-04:00,IdeState,Inactive,,*,-1,-1
2025-03-10T13:43:10.971-04:00,IdeState,Inactive,,*,-1,-1
2025-03-10T13:43:11.973-04:00,IdeState,Inactive,,*,-1,-1
2025-03-10T13:43:12.975-04:00,IdeState,Inactive,,*,-1,-1
2025-03-10T13:43:13.977-04:00,IdeState,Inactive,,*,-1,-1
2025-03-10T13:43:14.979-04:00,IdeState,Inactive,,*,-1,-1
2025-03-10T13:43:15.983-04:00,IdeState,Inactive,,*,-1,-1
2025-03-10T13:43:16.984-04:00,IdeState,Inactive,,*,-1,-1
2025-03-10T13:43:17.984-04:00,IdeState,Inactive,,*,-1,-1
2025-03-10T13:43:18.985-04:00,IdeState,Inactive,,*,-1,-1
2025-03-10T13:43:19.987-04:00,IdeState,Inactive,,*,-1,-1
2025-03-10T13:43:20.989-04:00,IdeState,Inactive,,*,-1,-1
2025-03-10T13:43:21.989-04:00,IdeState,Inactive,,*,-1,-1
2025-03-10T13:43:22.990-04:00,IdeState,Inactive,,*,-1,-1
2025-03-10T13:43:23.992-04:00,IdeState,Inactive,,*,-1,-1
2025-03-10T13:43:24.994-04:00,IdeState,Inactive,,*,-1,-1
2025-03-10T13:43:25.996-04:00,IdeState,Inactive,,*,-1,-1
2025-03-10T13:43:26.997-04:00,IdeState,Inactive,,*,-1,-1
2025-03-10T13:43:27.999-04:00,IdeState,Inactive,,*,-1,-1
2025-03-10T13:43:29.000-04:00,IdeState,Inactive,,*,-1,-1
2025-03-10T13:43:30.001-04:00,IdeState,Inactive,,*,-1,-1
2025-03-10T13:43:31.002-04:00,IdeState,Inactive,,*,-1,-1
2025-03-10T13:43:32.003-04:00,IdeState,Inactive,,*,-1,-1
2025-03-10T13:43:33.004-04:00,IdeState,Inactive,,*,-1,-1
2025-03-10T13:43:34.005-04:00,IdeState,Inactive,,*,-1,-1
2025-03-10T13:43:35.007-04:00,IdeState,Inactive,,*,-1,-1
2025-03-10T13:43:36.009-04:00,IdeState,Inactive,,*,-1,-1
2025-03-10T13:43:37.010-04:00,IdeState,Inactive,,*,-1,-1
2025-03-10T13:43:38.011-04:00,IdeState,Inactive,,*,-1,-1
2025-03-10T13:43:39.012-04:00,IdeState,Inactive,,*,-1,-1
2025-03-10T13:43:40.013-04:00,IdeState,Inactive,,*,-1,-1
2025-03-10T13:43:41.014-04:00,IdeState,Inactive,,*,-1,-1
2025-03-10T13:43:42.016-04:00,IdeState,Inactive,,*,-1,-1
2025-03-10T13:43:43.018-04:00,IdeState,Inactive,,*,-1,-1
2025-03-10T13:43:44.018-04:00,IdeState,Inactive,,*,-1,-1
2025-03-10T13:43:45.020-04:00,IdeState,Inactive,,*,-1,-1
2025-03-10T13:43:46.021-04:00,IdeState,Inactive,,*,-1,-1
2025-03-10T13:43:47.024-04:00,IdeState,Inactive,,*,-1,-1
2025-03-10T13:43:48.024-04:00,IdeState,Inactive,,*,-1,-1
2025-03-10T13:43:49.026-04:00,IdeState,Inactive,,*,-1,-1
2025-03-10T13:43:50.027-04:00,IdeState,Inactive,,*,-1,-1
2025-03-10T13:43:51.028-04:00,IdeState,Inactive,,*,-1,-1
2025-03-10T13:43:52.030-04:00,IdeState,Inactive,,*,-1,-1
2025-03-10T13:43:53.031-04:00,IdeState,Inactive,,*,-1,-1
2025-03-10T13:43:54.032-04:00,IdeState,Inactive,,*,-1,-1
2025-03-10T13:43:55.034-04:00,IdeState,Inactive,,*,-1,-1
2025-03-10T13:43:56.036-04:00,IdeState,Inactive,,*,-1,-1
2025-03-10T13:43:57.037-04:00,IdeState,Inactive,,*,-1,-1
2025-03-10T13:43:58.038-04:00,IdeState,Inactive,,*,-1,-1
2025-03-10T13:43:59.038-04:00,IdeState,Inactive,,*,-1,-1
2025-03-10T13:44:00.039-04:00,IdeState,Inactive,,*,-1,-1
2025-03-10T13:44:01.042-04:00,IdeState,Inactive,,*,-1,-1
2025-03-10T13:44:02.042-04:00,IdeState,Inactive,,*,-1,-1
2025-03-10T13:44:03.043-04:00,IdeState,Inactive,,*,-1,-1
2025-03-10T13:44:04.043-04:00,IdeState,Inactive,,*,-1,-1
2025-03-10T13:44:05.045-04:00,IdeState,Inactive,,*,-1,-1
2025-03-10T13:44:06.046-04:00,IdeState,Inactive,,*,-1,-1
2025-03-10T13:44:07.047-04:00,IdeState,Inactive,,*,-1,-1
2025-03-10T13:44:08.048-04:00,IdeState,Inactive,,*,-1,-1
2025-03-10T13:44:09.051-04:00,IdeState,Inactive,,*,-1,-1
2025-03-10T13:44:10.053-04:00,IdeState,Inactive,,*,-1,-1
2025-03-10T13:44:11.054-04:00,IdeState,Inactive,,*,-1,-1
2025-03-10T13:44:12.055-04:00,IdeState,Inactive,,*,-1,-1
2025-03-10T13:44:13.056-04:00,IdeState,Inactive,,*,-1,-1
2025-03-10T13:44:14.059-04:00,IdeState,Inactive,,*,-1,-1
2025-03-10T13:44:15.061-04:00,IdeState,Inactive,,*,-1,-1
2025-03-10T13:44:16.061-04:00,IdeState,Inactive,,*,-1,-1
2025-03-10T13:44:17.062-04:00,IdeState,Inactive,,*,-1,-1
2025-03-10T13:44:18.064-04:00,IdeState,Inactive,,*,-1,-1
2025-03-10T13:44:19.065-04:00,IdeState,Inactive,,*,-1,-1
2025-03-10T13:44:20.067-04:00,IdeState,Inactive,,*,-1,-1
2025-03-10T13:44:21.069-04:00,IdeState,Inactive,,*,-1,-1
2025-03-10T13:44:22.069-04:00,IdeState,Inactive,,*,-1,-1
2025-03-10T13:44:23.070-04:00,IdeState,Inactive,,*,-1,-1
2025-03-10T13:44:24.071-04:00,IdeState,Inactive,,*,-1,-1
2025-03-10T13:44:25.073-04:00,IdeState,Inactive,,*,-1,-1
2025-03-10T13:44:26.074-04:00,IdeState,Inactive,,*,-1,-1
2025-03-10T13:44:27.075-04:00,IdeState,Inactive,,*,-1,-1
2025-03-10T13:44:28.076-04:00,IdeState,Inactive,,*,-1,-1
2025-03-10T13:44:29.077-04:00,IdeState,Inactive,,*,-1,-1
2025-03-10T13:44:30.078-04:00,IdeState,Inactive,,*,-1,-1
2025-03-10T13:44:31.079-04:00,IdeState,Inactive,,*,-1,-1
2025-03-10T13:44:32.080-04:00,IdeState,Inactive,,*,-1,-1
2025-03-10T13:44:33.081-04:00,IdeState,Inactive,,*,-1,-1
2025-03-10T13:44:34.083-04:00,IdeState,Inactive,,*,-1,-1
2025-03-10T13:44:35.083-04:00,IdeState,Inactive,,*,-1,-1
2025-03-10T13:44:36.086-04:00,IdeState,Inactive,,*,-1,-1
2025-03-10T13:44:37.087-04:00,IdeState,Inactive,,*,-1,-1
2025-03-10T13:44:38.088-04:00,IdeState,Inactive,,*,-1,-1
2025-03-10T13:44:39.089-04:00,IdeState,Inactive,,*,-1,-1
2025-03-10T13:44:40.091-04:00,IdeState,Inactive,,*,-1,-1
2025-03-10T13:44:41.091-04:00,IdeState,Inactive,,*,-1,-1
2025-03-10T13:44:42.093-04:00,IdeState,Inactive,,*,-1,-1
2025-03-10T13:44:43.094-04:00,IdeState,Inactive,,*,-1,-1
2025-03-10T13:44:44.095-04:00,IdeState,Inactive,,*,-1,-1
2025-03-10T13:44:45.097-04:00,IdeState,Inactive,,*,-1,-1
2025-03-10T13:44:46.098-04:00,IdeState,Inactive,,*,-1,-1
2025-03-10T13:44:47.099-04:00,IdeState,Inactive,,*,-1,-1
2025-03-10T13:44:48.101-04:00,IdeState,Inactive,,*,-1,-1
2025-03-10T13:44:49.103-04:00,IdeState,Inactive,,*,-1,-1
2025-03-10T13:44:50.105-04:00,IdeState,Inactive,,*,-1,-1
2025-03-10T13:44:51.107-04:00,IdeState,Inactive,,*,-1,-1
2025-03-10T13:44:52.107-04:00,IdeState,Inactive,,*,-1,-1
2025-03-10T13:44:53.108-04:00,IdeState,Inactive,,*,-1,-1
2025-03-10T13:44:54.111-04:00,IdeState,Inactive,,*,-1,-1
2025-03-10T13:44:55.112-04:00,IdeState,Inactive,,*,-1,-1
2025-03-10T13:44:56.114-04:00,IdeState,Inactive,,*,-1,-1
2025-03-10T13:44:57.116-04:00,IdeState,Inactive,,*,-1,-1
2025-03-10T13:44:58.117-04:00,IdeState,Inactive,,*,-1,-1
2025-03-10T13:44:59.118-04:00,IdeState,Inactive,,*,-1,-1
2025-03-10T13:45:00.119-04:00,IdeState,Inactive,,*,-1,-1
2025-03-10T13:45:01.119-04:00,IdeState,Inactive,,*,-1,-1
2025-03-10T13:45:02.120-04:00,IdeState,Inactive,,*,-1,-1
2025-03-10T13:45:03.121-04:00,IdeState,Inactive,,*,-1,-1
2025-03-10T13:45:04.122-04:00,IdeState,Inactive,,*,-1,-1
2025-03-10T13:45:05.123-04:00,IdeState,Inactive,,*,-1,-1
2025-03-10T13:45:06.124-04:00,IdeState,Inactive,,*,-1,-1
2025-03-10T13:45:07.124-04:00,IdeState,Inactive,,*,-1,-1
2025-03-10T13:45:08.126-04:00,IdeState,Inactive,,*,-1,-1
2025-03-10T13:45:09.126-04:00,IdeState,Inactive,,*,-1,-1
2025-03-10T13:45:10.128-04:00,IdeState,Inactive,,*,-1,-1
2025-03-10T13:45:11.128-04:00,IdeState,Inactive,,*,-1,-1
2025-03-10T13:45:12.130-04:00,IdeState,Inactive,,*,-1,-1
2025-03-10T13:45:13.132-04:00,IdeState,Inactive,,*,-1,-1
2025-03-10T13:45:14.135-04:00,IdeState,Inactive,,*,-1,-1
2025-03-10T13:45:15.137-04:00,IdeState,Inactive,,*,-1,-1
2025-03-10T13:45:16.138-04:00,IdeState,Inactive,,*,-1,-1
2025-03-10T13:45:17.138-04:00,IdeState,Inactive,,*,-1,-1
2025-03-10T13:45:18.139-04:00,IdeState,Inactive,,*,-1,-1
2025-03-10T13:45:19.140-04:00,IdeState,Inactive,,*,-1,-1
2025-03-10T13:45:20.141-04:00,IdeState,Inactive,,*,-1,-1
2025-03-10T13:45:21.143-04:00,IdeState,Inactive,,*,-1,-1
2025-03-10T13:45:22.143-04:00,IdeState,Inactive,,*,-1,-1
2025-03-10T13:45:23.144-04:00,IdeState,Inactive,,*,-1,-1
2025-03-10T13:45:24.145-04:00,IdeState,Inactive,,*,-1,-1
2025-03-10T13:45:25.147-04:00,IdeState,Inactive,,*,-1,-1
2025-03-10T13:45:26.149-04:00,IdeState,Inactive,,*,-1,-1
2025-03-10T13:45:27.151-04:00,IdeState,Inactive,,*,-1,-1
2025-03-10T13:45:28.152-04:00,IdeState,Inactive,,*,-1,-1
2025-03-10T13:45:29.153-04:00,IdeState,Inactive,,*,-1,-1
2025-03-10T13:45:30.156-04:00,IdeState,Inactive,,*,-1,-1
2025-03-10T13:45:31.156-04:00,IdeState,Inactive,,*,-1,-1
2025-03-10T13:45:32.159-04:00,IdeState,Inactive,,*,-1,-1
2025-03-10T13:45:33.160-04:00,IdeState,Inactive,,*,-1,-1
2025-03-10T13:45:34.161-04:00,IdeState,Inactive,,*,-1,-1
2025-03-10T13:45:35.162-04:00,IdeState,Inactive,,*,-1,-1
2025-03-10T13:45:36.165-04:00,IdeState,Inactive,,*,-1,-1
2025-03-10T13:45:37.165-04:00,IdeState,Inactive,,*,-1,-1
2025-03-10T13:45:38.166-04:00,IdeState,Inactive,,*,-1,-1
2025-03-10T13:45:39.167-04:00,IdeState,Inactive,,*,-1,-1
2025-03-10T13:45:40.168-04:00,IdeState,Inactive,,*,-1,-1
2025-03-10T13:45:41.169-04:00,IdeState,Inactive,,*,-1,-1
2025-03-10T13:45:42.170-04:00,IdeState,Inactive,,*,-1,-1
2025-03-10T13:45:43.170-04:00,IdeState,Inactive,,*,-1,-1
2025-03-10T13:45:44.172-04:00,IdeState,Inactive,,*,-1,-1
2025-03-10T13:45:45.174-04:00,IdeState,Inactive,,*,-1,-1
2025-03-10T13:45:46.176-04:00,IdeState,Inactive,,*,-1,-1
2025-03-10T13:45:47.177-04:00,IdeState,Inactive,,*,-1,-1
2025-03-10T13:45:48.178-04:00,IdeState,Inactive,,*,-1,-1
2025-03-10T13:45:49.180-04:00,IdeState,Inactive,,*,-1,-1
2025-03-10T13:45:50.182-04:00,IdeState,Inactive,,*,-1,-1
2025-03-10T13:45:51.184-04:00,IdeState,Inactive,,*,-1,-1
2025-03-10T13:45:52.185-04:00,IdeState,Inactive,,*,-1,-1
2025-03-10T13:45:53.187-04:00,IdeState,Inactive,,*,-1,-1
2025-03-10T13:45:54.189-04:00,IdeState,Inactive,,*,-1,-1
2025-03-10T13:45:55.191-04:00,IdeState,Inactive,,*,-1,-1
2025-03-10T13:45:56.193-04:00,IdeState,Inactive,,*,-1,-1
2025-03-10T13:45:57.195-04:00,IdeState,Inactive,,*,-1,-1
2025-03-10T13:45:58.196-04:00,IdeState,Inactive,,*,-1,-1
2025-03-10T13:45:59.198-04:00,IdeState,Inactive,,*,-1,-1
2025-03-10T13:46:00.199-04:00,IdeState,Inactive,,*,-1,-1
2025-03-10T13:46:01.201-04:00,IdeState,Inactive,,*,-1,-1
2025-03-10T13:46:02.202-04:00,IdeState,Inactive,,*,-1,-1
2025-03-10T13:46:03.204-04:00,IdeState,Inactive,,*,-1,-1
2025-03-10T13:46:04.205-04:00,IdeState,Inactive,,*,-1,-1
2025-03-10T13:46:05.207-04:00,IdeState,Inactive,,*,-1,-1
2025-03-10T13:46:06.208-04:00,IdeState,Inactive,,*,-1,-1
2025-03-10T13:46:07.208-04:00,IdeState,Inactive,,*,-1,-1
2025-03-10T13:46:08.209-04:00,IdeState,Inactive,,*,-1,-1
2025-03-10T13:46:09.209-04:00,IdeState,Inactive,,*,-1,-1
2025-03-10T13:46:10.210-04:00,IdeState,Inactive,,*,-1,-1
2025-03-10T13:46:11.211-04:00,IdeState,Inactive,,*,-1,-1
2025-03-10T13:46:12.212-04:00,IdeState,Inactive,,*,-1,-1
2025-03-10T13:46:13.213-04:00,IdeState,Inactive,,*,-1,-1
2025-03-10T13:46:14.214-04:00,IdeState,Inactive,,*,-1,-1
2025-03-10T13:46:15.217-04:00,IdeState,Inactive,,*,-1,-1
2025-03-10T13:46:16.219-04:00,IdeState,Inactive,,*,-1,-1
2025-03-10T13:46:17.221-04:00,IdeState,Inactive,,*,-1,-1
2025-03-10T13:46:18.222-04:00,IdeState,Inactive,,*,-1,-1
2025-03-10T13:46:19.224-04:00,IdeState,Inactive,,*,-1,-1
2025-03-10T13:46:20.226-04:00,IdeState,Inactive,,*,-1,-1
2025-03-10T13:46:21.229-04:00,IdeState,Inactive,,*,-1,-1
2025-03-10T13:46:22.229-04:00,IdeState,Inactive,,*,-1,-1
2025-03-10T13:46:23.230-04:00,IdeState,Inactive,,*,-1,-1
2025-03-10T13:46:24.230-04:00,IdeState,Inactive,,*,-1,-1
2025-03-10T13:46:25.232-04:00,IdeState,Inactive,,*,-1,-1
2025-03-10T13:46:26.232-04:00,IdeState,Inactive,,*,-1,-1
2025-03-10T13:46:27.238-04:00,IdeState,Inactive,,*,-1,-1
2025-03-10T13:46:28.239-04:00,IdeState,Inactive,,*,-1,-1
2025-03-10T13:46:29.240-04:00,IdeState,Inactive,,*,-1,-1
2025-03-10T13:46:30.243-04:00,IdeState,Inactive,,*,-1,-1
2025-03-10T13:46:31.246-04:00,IdeState,Inactive,,*,-1,-1
2025-03-10T13:46:32.247-04:00,IdeState,Inactive,,*,-1,-1
2025-03-10T13:46:33.248-04:00,IdeState,Inactive,,*,-1,-1
2025-03-10T13:46:34.249-04:00,IdeState,Inactive,,*,-1,-1
2025-03-10T13:46:35.249-04:00,IdeState,Inactive,,*,-1,-1
2025-03-10T13:46:36.251-04:00,IdeState,Inactive,,*,-1,-1
2025-03-10T13:46:37.252-04:00,IdeState,Inactive,,*,-1,-1
2025-03-10T13:46:38.253-04:00,IdeState,Inactive,,*,-1,-1
2025-03-10T13:46:39.254-04:00,IdeState,Inactive,,*,-1,-1
2025-03-10T13:46:40.255-04:00,IdeState,Inactive,,*,-1,-1
2025-03-10T13:46:41.257-04:00,IdeState,Inactive,,*,-1,-1
2025-03-10T13:46:42.258-04:00,IdeState,Inactive,,*,-1,-1
2025-03-10T13:46:43.259-04:00,IdeState,Inactive,,*,-1,-1
2025-03-10T13:46:44.261-04:00,IdeState,Inactive,,*,-1,-1
2025-03-10T13:46:45.264-04:00,IdeState,Inactive,,*,-1,-1
2025-03-10T13:46:46.266-04:00,IdeState,Inactive,,*,-1,-1
2025-03-10T13:46:47.267-04:00,IdeState,Inactive,,*,-1,-1
2025-03-10T13:46:48.267-04:00,IdeState,Inactive,,*,-1,-1
2025-03-10T13:46:49.268-04:00,IdeState,Inactive,,*,-1,-1
2025-03-10T13:46:50.270-04:00,IdeState,Inactive,,*,-1,-1
2025-03-10T13:46:51.272-04:00,IdeState,Inactive,,*,-1,-1
2025-03-10T13:46:52.275-04:00,IdeState,Inactive,,*,-1,-1
2025-03-10T13:46:53.276-04:00,IdeState,Inactive,,*,-1,-1
2025-03-10T13:46:54.278-04:00,IdeState,Inactive,,*,-1,-1
2025-03-10T13:46:55.279-04:00,IdeState,Inactive,,*,-1,-1
2025-03-10T13:46:56.282-04:00,IdeState,Inactive,,*,-1,-1
2025-03-10T13:46:57.282-04:00,IdeState,Inactive,,*,-1,-1
2025-03-10T13:46:58.283-04:00,IdeState,Inactive,,*,-1,-1
2025-03-10T13:46:59.286-04:00,IdeState,Inactive,,*,-1,-1
2025-03-10T13:47:00.288-04:00,IdeState,Inactive,,*,-1,-1
2025-03-10T13:47:01.288-04:00,IdeState,Inactive,,*,-1,-1
2025-03-10T13:47:02.289-04:00,IdeState,Inactive,,*,-1,-1
2025-03-10T13:47:03.291-04:00,IdeState,Inactive,,*,-1,-1
2025-03-10T13:47:04.293-04:00,IdeState,Inactive,,*,-1,-1
2025-03-10T13:47:05.295-04:00,IdeState,Inactive,,*,-1,-1
2025-03-10T13:47:06.297-04:00,IdeState,Inactive,,*,-1,-1
2025-03-10T13:47:07.298-04:00,IdeState,Inactive,,*,-1,-1
2025-03-10T13:47:08.299-04:00,IdeState,Inactive,,*,-1,-1
2025-03-10T13:47:09.300-04:00,IdeState,Inactive,,*,-1,-1
2025-03-10T13:47:10.302-04:00,IdeState,Inactive,,*,-1,-1
2025-03-10T13:47:11.303-04:00,IdeState,Inactive,,*,-1,-1
2025-03-10T13:47:12.304-04:00,IdeState,Inactive,,*,-1,-1
2025-03-10T13:47:13.305-04:00,IdeState,Inactive,,*,-1,-1
2025-03-10T13:47:14.306-04:00,IdeState,Inactive,,*,-1,-1
2025-03-10T13:47:15.307-04:00,IdeState,Inactive,,*,-1,-1
2025-03-10T13:47:16.308-04:00,IdeState,Inactive,,*,-1,-1
2025-03-10T13:47:17.309-04:00,IdeState,Inactive,,*,-1,-1
2025-03-10T13:47:18.309-04:00,IdeState,Inactive,,*,-1,-1
2025-03-10T13:47:19.310-04:00,IdeState,Inactive,,*,-1,-1
2025-03-10T13:47:20.312-04:00,IdeState,Inactive,,*,-1,-1
2025-03-10T13:47:21.313-04:00,IdeState,Inactive,,*,-1,-1
2025-03-10T13:47:22.314-04:00,IdeState,Inactive,,*,-1,-1
2025-03-10T13:47:23.316-04:00,IdeState,Inactive,,*,-1,-1
2025-03-10T13:47:24.321-04:00,IdeState,Inactive,,*,-1,-1
2025-03-10T13:47:25.322-04:00,IdeState,Inactive,,*,-1,-1
2025-03-10T13:47:26.324-04:00,IdeState,Inactive,,*,-1,-1
2025-03-10T13:47:27.325-04:00,IdeState,Inactive,,*,-1,-1
2025-03-10T13:47:28.326-04:00,IdeState,Inactive,,*,-1,-1
2025-03-10T13:47:29.327-04:00,IdeState,Inactive,,*,-1,-1
2025-03-10T13:47:30.328-04:00,IdeState,Inactive,,*,-1,-1
2025-03-10T13:47:31.329-04:00,IdeState,Inactive,,*,-1,-1
2025-03-10T13:47:32.330-04:00,IdeState,Inactive,,*,-1,-1
2025-03-10T13:47:33.331-04:00,IdeState,Inactive,,*,-1,-1
2025-03-10T13:47:34.332-04:00,IdeState,Inactive,,*,-1,-1
2025-03-10T13:47:35.333-04:00,IdeState,Inactive,,*,-1,-1
2025-03-10T13:47:36.334-04:00,IdeState,Inactive,,*,-1,-1
2025-03-10T13:47:37.336-04:00,IdeState,Inactive,,*,-1,-1
2025-03-10T13:47:38.338-04:00,IdeState,Inactive,,*,-1,-1
2025-03-10T13:47:39.339-04:00,IdeState,Inactive,,*,-1,-1
2025-03-10T13:47:40.341-04:00,IdeState,Inactive,,*,-1,-1
2025-03-10T13:47:41.342-04:00,IdeState,Inactive,,*,-1,-1
2025-03-10T13:47:42.344-04:00,IdeState,Inactive,,*,-1,-1
2025-03-10T13:47:43.346-04:00,IdeState,Inactive,,*,-1,-1
2025-03-10T13:47:44.347-04:00,IdeState,Inactive,,*,-1,-1
2025-03-10T13:47:45.348-04:00,IdeState,Inactive,,*,-1,-1
2025-03-10T13:47:46.349-04:00,IdeState,Inactive,,*,-1,-1
2025-03-10T13:47:47.349-04:00,IdeState,Inactive,,*,-1,-1
2025-03-10T13:47:48.351-04:00,IdeState,Inactive,,*,-1,-1
2025-03-10T13:47:49.352-04:00,IdeState,Inactive,,*,-1,-1
2025-03-10T13:47:50.354-04:00,IdeState,Inactive,,*,-1,-1
2025-03-10T13:47:51.356-04:00,IdeState,Inactive,,*,-1,-1
2025-03-10T13:47:52.357-04:00,IdeState,Inactive,,*,-1,-1
2025-03-10T13:47:53.358-04:00,IdeState,Inactive,,*,-1,-1
2025-03-10T13:47:54.358-04:00,IdeState,Inactive,,*,-1,-1
2025-03-10T13:47:55.359-04:00,IdeState,Inactive,,*,-1,-1
2025-03-10T13:47:56.360-04:00,IdeState,Inactive,,*,-1,-1
2025-03-10T13:47:57.362-04:00,IdeState,Inactive,,*,-1,-1
2025-03-10T13:47:58.364-04:00,IdeState,Inactive,,*,-1,-1
2025-03-10T13:47:59.365-04:00,IdeState,Inactive,,*,-1,-1
2025-03-10T13:48:00.366-04:00,IdeState,Inactive,,*,-1,-1
2025-03-10T13:48:01.368-04:00,IdeState,Inactive,,*,-1,-1
2025-03-10T13:48:02.370-04:00,IdeState,Inactive,,*,-1,-1
2025-03-10T13:48:03.372-04:00,IdeState,Inactive,,*,-1,-1
2025-03-10T13:48:04.374-04:00,IdeState,Inactive,,*,-1,-1
2025-03-10T13:48:05.375-04:00,IdeState,Inactive,,*,-1,-1
2025-03-10T13:48:06.377-04:00,IdeState,Inactive,,*,-1,-1
2025-03-10T13:48:07.378-04:00,IdeState,Inactive,,*,-1,-1
2025-03-10T13:48:08.378-04:00,IdeState,Inactive,,*,-1,-1
2025-03-10T13:48:09.379-04:00,IdeState,Inactive,,*,-1,-1
2025-03-10T13:48:10.381-04:00,IdeState,Inactive,,*,-1,-1
2025-03-10T13:48:11.383-04:00,IdeState,Inactive,,*,-1,-1
2025-03-10T13:48:12.385-04:00,IdeState,Inactive,,*,-1,-1
2025-03-10T13:48:13.387-04:00,IdeState,Inactive,,*,-1,-1
2025-03-10T13:48:14.388-04:00,IdeState,Inactive,,*,-1,-1
2025-03-10T13:48:15.389-04:00,IdeState,Inactive,,*,-1,-1
2025-03-10T13:48:16.390-04:00,IdeState,Inactive,,*,-1,-1
2025-03-10T13:48:17.390-04:00,IdeState,Inactive,,*,-1,-1
2025-03-10T13:48:18.393-04:00,IdeState,Inactive,,*,-1,-1
2025-03-10T13:48:19.395-04:00,IdeState,Inactive,,*,-1,-1
2025-03-10T13:48:20.396-04:00,IdeState,Inactive,,*,-1,-1
2025-03-10T13:48:21.397-04:00,IdeState,Inactive,,*,-1,-1
2025-03-10T13:48:22.398-04:00,IdeState,Inactive,,*,-1,-1
2025-03-10T13:48:23.398-04:00,IdeState,Inactive,,*,-1,-1
2025-03-10T13:48:24.400-04:00,IdeState,Inactive,,*,-1,-1
2025-03-10T13:48:25.400-04:00,IdeState,Inactive,,*,-1,-1
2025-03-10T13:48:26.401-04:00,IdeState,Inactive,,*,-1,-1
2025-03-10T13:48:27.403-04:00,IdeState,Inactive,,*,-1,-1
2025-03-10T13:48:28.405-04:00,IdeState,Inactive,,*,-1,-1
2025-03-10T13:48:29.406-04:00,IdeState,Inactive,,*,-1,-1
2025-03-10T13:48:30.411-04:00,IdeState,Inactive,,*,-1,-1
2025-03-10T13:48:31.412-04:00,IdeState,Inactive,,*,-1,-1
2025-03-10T13:48:32.414-04:00,IdeState,Inactive,,*,-1,-1
2025-03-10T13:48:33.416-04:00,IdeState,Inactive,,*,-1,-1
2025-03-10T13:48:34.417-04:00,IdeState,Inactive,,*,-1,-1
2025-03-10T13:48:35.418-04:00,IdeState,Inactive,,*,-1,-1
2025-03-10T13:48:36.420-04:00,IdeState,Inactive,,*,-1,-1
2025-03-10T13:48:37.421-04:00,IdeState,Inactive,,*,-1,-1
2025-03-10T13:48:38.423-04:00,IdeState,Inactive,,*,-1,-1
2025-03-10T13:48:39.424-04:00,IdeState,Inactive,,*,-1,-1
2025-03-10T13:48:40.427-04:00,IdeState,Inactive,,*,-1,-1
2025-03-10T13:48:41.428-04:00,IdeState,Inactive,,*,-1,-1
2025-03-10T13:48:42.430-04:00,IdeState,Inactive,,*,-1,-1
2025-03-10T13:48:43.432-04:00,IdeState,Inactive,,*,-1,-1
2025-03-10T13:48:44.435-04:00,IdeState,Inactive,,*,-1,-1
2025-03-10T13:48:45.436-04:00,IdeState,Inactive,,*,-1,-1
2025-03-10T13:48:46.439-04:00,IdeState,Inactive,,*,-1,-1
2025-03-10T13:48:47.440-04:00,IdeState,Inactive,,*,-1,-1
2025-03-10T13:48:48.441-04:00,IdeState,Inactive,,*,-1,-1
2025-03-10T13:48:49.442-04:00,IdeState,Inactive,,*,-1,-1
2025-03-10T13:48:50.443-04:00,IdeState,Inactive,,*,-1,-1
2025-03-10T13:48:51.445-04:00,IdeState,Inactive,,*,-1,-1
2025-03-10T13:48:52.446-04:00,IdeState,Inactive,,*,-1,-1
2025-03-10T13:48:53.448-04:00,IdeState,Inactive,,*,-1,-1
2025-03-10T13:48:54.449-04:00,IdeState,Inactive,,*,-1,-1
2025-03-10T13:48:55.452-04:00,IdeState,Inactive,,*,-1,-1
2025-03-10T13:48:56.452-04:00,IdeState,Inactive,,*,-1,-1
2025-03-10T13:48:57.453-04:00,IdeState,Inactive,,*,-1,-1
2025-03-10T13:48:58.454-04:00,IdeState,Inactive,,*,-1,-1
2025-03-10T13:48:59.454-04:00,IdeState,Inactive,,*,-1,-1
2025-03-10T13:49:00.455-04:00,IdeState,Inactive,,*,-1,-1
2025-03-10T13:49:01.457-04:00,IdeState,Inactive,,*,-1,-1
2025-03-10T13:49:02.458-04:00,IdeState,Inactive,,*,-1,-1
2025-03-10T13:49:03.458-04:00,IdeState,Inactive,,*,-1,-1
2025-03-10T13:49:04.459-04:00,IdeState,Inactive,,*,-1,-1
2025-03-10T13:49:05.461-04:00,IdeState,Inactive,,*,-1,-1
2025-03-10T13:49:06.462-04:00,IdeState,Inactive,,*,-1,-1
2025-03-10T13:49:07.464-04:00,IdeState,Inactive,,*,-1,-1
2025-03-10T13:49:08.465-04:00,IdeState,Inactive,,*,-1,-1
2025-03-10T13:49:09.465-04:00,IdeState,Inactive,,*,-1,-1
2025-03-10T13:49:10.468-04:00,IdeState,Inactive,,*,-1,-1
2025-03-10T13:49:11.470-04:00,IdeState,Inactive,,*,-1,-1
2025-03-10T13:49:12.471-04:00,IdeState,Inactive,,*,-1,-1
2025-03-10T13:49:13.472-04:00,IdeState,Inactive,,*,-1,-1
2025-03-10T13:49:14.473-04:00,IdeState,Inactive,,*,-1,-1
2025-03-10T13:49:15.474-04:00,IdeState,Inactive,,*,-1,-1
2025-03-10T13:49:16.475-04:00,IdeState,Inactive,,*,-1,-1
2025-03-10T13:49:17.477-04:00,IdeState,Inactive,,*,-1,-1
2025-03-10T13:49:18.478-04:00,IdeState,Inactive,,*,-1,-1
2025-03-10T13:49:19.479-04:00,IdeState,Inactive,,*,-1,-1
2025-03-10T13:49:20.480-04:00,IdeState,Inactive,,*,-1,-1
2025-03-10T13:49:21.481-04:00,IdeState,Inactive,,*,-1,-1
2025-03-10T13:49:22.482-04:00,IdeState,Inactive,,*,-1,-1
2025-03-10T13:49:23.484-04:00,IdeState,Inactive,,*,-1,-1
2025-03-10T13:49:24.485-04:00,IdeState,Inactive,,*,-1,-1
2025-03-10T13:49:25.486-04:00,IdeState,Inactive,,*,-1,-1
2025-03-10T13:49:26.487-04:00,IdeState,Inactive,,*,-1,-1
2025-03-10T13:49:27.488-04:00,IdeState,Inactive,,*,-1,-1
2025-03-10T13:49:28.490-04:00,IdeState,Inactive,,*,-1,-1
2025-03-10T13:49:29.490-04:00,IdeState,Inactive,,*,-1,-1
2025-03-10T13:49:30.492-04:00,IdeState,Inactive,,*,-1,-1
2025-03-10T13:49:31.493-04:00,IdeState,Inactive,,*,-1,-1
2025-03-10T13:49:32.494-04:00,IdeState,Inactive,,*,-1,-1
2025-03-10T13:49:33.495-04:00,IdeState,Inactive,,*,-1,-1
2025-03-10T13:49:34.496-04:00,IdeState,Inactive,,*,-1,-1
2025-03-10T13:49:35.498-04:00,IdeState,Inactive,,*,-1,-1
2025-03-10T13:49:36.500-04:00,IdeState,Inactive,,*,-1,-1
2025-03-10T13:49:37.501-04:00,IdeState,Inactive,,*,-1,-1
2025-03-10T13:49:38.501-04:00,IdeState,Inactive,,*,-1,-1
2025-03-10T13:49:39.502-04:00,IdeState,Inactive,,*,-1,-1
2025-03-10T13:49:40.504-04:00,IdeState,Inactive,,*,-1,-1
2025-03-10T13:49:41.505-04:00,IdeState,Inactive,,*,-1,-1
2025-03-10T13:49:42.507-04:00,IdeState,Inactive,,*,-1,-1
2025-03-10T13:49:43.508-04:00,IdeState,Inactive,,*,-1,-1
2025-03-10T13:49:44.510-04:00,IdeState,Inactive,,*,-1,-1
2025-03-10T13:49:45.511-04:00,IdeState,Inactive,,*,-1,-1
2025-03-10T13:49:46.514-04:00,IdeState,Inactive,,*,-1,-1
2025-03-10T13:49:47.516-04:00,IdeState,Inactive,,*,-1,-1
2025-03-10T13:49:48.518-04:00,IdeState,Inactive,,*,-1,-1
2025-03-10T13:49:49.518-04:00,IdeState,Inactive,,*,-1,-1
2025-03-10T13:49:50.519-04:00,IdeState,Inactive,,*,-1,-1
2025-03-10T13:49:51.520-04:00,IdeState,Inactive,,*,-1,-1
2025-03-10T13:49:52.521-04:00,IdeState,Inactive,,*,-1,-1
2025-03-10T13:49:53.525-04:00,IdeState,Inactive,,*,-1,-1
2025-03-10T13:49:54.526-04:00,IdeState,Inactive,,*,-1,-1
2025-03-10T13:49:55.528-04:00,IdeState,Inactive,,*,-1,-1
2025-03-10T13:49:56.530-04:00,IdeState,Inactive,,*,-1,-1
2025-03-10T13:49:57.531-04:00,IdeState,Inactive,,*,-1,-1
2025-03-10T13:49:58.533-04:00,IdeState,Inactive,,*,-1,-1
2025-03-10T13:49:59.535-04:00,IdeState,Inactive,,*,-1,-1
2025-03-10T13:50:00.536-04:00,IdeState,Inactive,,*,-1,-1
2025-03-10T13:50:01.537-04:00,IdeState,Inactive,,*,-1,-1
2025-03-10T13:50:02.538-04:00,IdeState,Inactive,,*,-1,-1
2025-03-10T13:50:03.539-04:00,IdeState,Inactive,,*,-1,-1
2025-03-10T13:50:04.540-04:00,IdeState,Inactive,,*,-1,-1
2025-03-10T13:50:05.541-04:00,IdeState,Inactive,,*,-1,-1
2025-03-10T13:50:06.543-04:00,IdeState,Inactive,,*,-1,-1
2025-03-10T13:50:07.544-04:00,IdeState,Inactive,,*,-1,-1
2025-03-10T13:50:08.545-04:00,IdeState,Inactive,,*,-1,-1
2025-03-10T13:50:09.547-04:00,IdeState,Inactive,,*,-1,-1
2025-03-10T13:50:10.548-04:00,IdeState,Inactive,,*,-1,-1
2025-03-10T13:50:11.550-04:00,IdeState,Inactive,,*,-1,-1
2025-03-10T13:50:12.552-04:00,IdeState,Inactive,,*,-1,-1
2025-03-10T13:50:13.555-04:00,IdeState,Inactive,,*,-1,-1
2025-03-10T13:50:14.556-04:00,IdeState,Inactive,,*,-1,-1
2025-03-10T13:50:15.556-04:00,IdeState,Inactive,,*,-1,-1
2025-03-10T13:50:16.558-04:00,IdeState,Inactive,,*,-1,-1
2025-03-10T13:50:17.559-04:00,IdeState,Inactive,,*,-1,-1
2025-03-10T13:50:18.560-04:00,IdeState,Inactive,,*,-1,-1
2025-03-10T13:50:19.561-04:00,IdeState,Inactive,,*,-1,-1
2025-03-10T13:50:20.562-04:00,IdeState,Inactive,,*,-1,-1
2025-03-10T13:50:21.563-04:00,IdeState,Inactive,,*,-1,-1
2025-03-10T13:50:22.564-04:00,IdeState,Inactive,,*,-1,-1
2025-03-10T13:50:23.565-04:00,IdeState,Inactive,,*,-1,-1
2025-03-10T13:50:24.566-04:00,IdeState,Inactive,,*,-1,-1
2025-03-10T13:50:25.567-04:00,IdeState,Inactive,,*,-1,-1
2025-03-10T13:50:26.569-04:00,IdeState,Inactive,,*,-1,-1
2025-03-10T13:50:27.570-04:00,IdeState,Inactive,,*,-1,-1
2025-03-10T13:50:28.572-04:00,IdeState,Inactive,,*,-1,-1
2025-03-10T13:50:29.574-04:00,IdeState,Inactive,,*,-1,-1
2025-03-10T13:50:30.575-04:00,IdeState,Inactive,,*,-1,-1
2025-03-10T13:50:31.576-04:00,IdeState,Inactive,,*,-1,-1
2025-03-10T13:50:32.578-04:00,IdeState,Inactive,,*,-1,-1
2025-03-10T13:50:33.579-04:00,IdeState,Inactive,,*,-1,-1
2025-03-10T13:50:34.579-04:00,IdeState,Inactive,,*,-1,-1
2025-03-10T13:50:35.581-04:00,IdeState,Inactive,,*,-1,-1
2025-03-10T13:50:36.582-04:00,IdeState,Inactive,,*,-1,-1
2025-03-10T13:50:37.583-04:00,IdeState,Inactive,,*,-1,-1
2025-03-10T13:50:38.584-04:00,IdeState,Inactive,,*,-1,-1
2025-03-10T13:50:39.585-04:00,IdeState,Inactive,,*,-1,-1
2025-03-10T13:50:40.586-04:00,IdeState,Inactive,,*,-1,-1
2025-03-10T13:50:41.588-04:00,IdeState,Inactive,,*,-1,-1
2025-03-10T13:50:42.589-04:00,IdeState,Inactive,,*,-1,-1
2025-03-10T13:50:43.592-04:00,IdeState,Inactive,,*,-1,-1
2025-03-10T13:50:44.594-04:00,IdeState,Inactive,,*,-1,-1
2025-03-10T13:50:45.595-04:00,IdeState,Inactive,,*,-1,-1
2025-03-10T13:50:46.596-04:00,IdeState,Inactive,,*,-1,-1
2025-03-10T13:50:47.598-04:00,IdeState,Inactive,,*,-1,-1
2025-03-10T13:50:48.599-04:00,IdeState,Inactive,,*,-1,-1
2025-03-10T13:50:49.600-04:00,IdeState,Inactive,,*,-1,-1
2025-03-10T13:50:50.600-04:00,IdeState,Inactive,,*,-1,-1
2025-03-10T13:50:51.603-04:00,IdeState,Inactive,,*,-1,-1
2025-03-10T13:50:52.605-04:00,IdeState,Inactive,,*,-1,-1
2025-03-10T13:50:53.607-04:00,IdeState,Inactive,,*,-1,-1
2025-03-10T13:50:54.609-04:00,IdeState,Inactive,,*,-1,-1
2025-03-10T13:50:55.610-04:00,IdeState,Inactive,,*,-1,-1
2025-03-10T13:50:56.611-04:00,IdeState,Inactive,,*,-1,-1
2025-03-10T13:50:57.612-04:00,IdeState,Inactive,,*,-1,-1
2025-03-10T13:50:58.614-04:00,IdeState,Inactive,,*,-1,-1
2025-03-10T13:50:59.615-04:00,IdeState,Inactive,,*,-1,-1
2025-03-10T13:51:00.617-04:00,IdeState,Inactive,,*,-1,-1
2025-03-10T13:51:01.618-04:00,IdeState,Inactive,,*,-1,-1
2025-03-10T13:51:02.618-04:00,IdeState,Inactive,,*,-1,-1
2025-03-10T13:51:03.621-04:00,IdeState,Inactive,,*,-1,-1
2025-03-10T13:51:04.621-04:00,IdeState,Inactive,,*,-1,-1
2025-03-10T13:51:05.623-04:00,IdeState,Inactive,,*,-1,-1
2025-03-10T14:05:03.605-04:00,IdeState,Inactive,,*,-1,-1
2025-03-10T14:05:04.796-04:00,IdeState,Inactive,,*,-1,-1
2025-03-10T14:05:05.818-04:00,IdeState,Inactive,,*,-1,-1
2025-03-10T14:05:06.819-04:00,IdeState,Inactive,,*,-1,-1
2025-03-10T14:05:07.820-04:00,IdeState,Inactive,,*,-1,-1
2025-03-10T14:05:08.822-04:00,IdeState,Inactive,,*,-1,-1
2025-03-10T14:05:09.830-04:00,IdeState,Inactive,,*,-1,-1
2025-03-10T14:05:10.895-04:00,IdeState,Inactive,,*,-1,-1
2025-03-10T14:05:12.357-04:00,IdeState,Inactive,,*,-1,-1
2025-03-10T14:05:13.375-04:00,IdeState,Inactive,,*,-1,-1
2025-03-10T14:05:14.387-04:00,IdeState,Inactive,,*,-1,-1
2025-03-10T14:05:15.389-04:00,IdeState,Inactive,,*,-1,-1
2025-03-10T14:05:16.397-04:00,IdeState,Inactive,,*,-1,-1
2025-03-10T14:05:17.405-04:00,IdeState,Inactive,,*,-1,-1
2025-03-10T14:05:18.458-04:00,IdeState,Inactive,,*,-1,-1
2025-03-10T14:05:19.467-04:00,IdeState,Inactive,,*,-1,-1
2025-03-10T14:05:20.488-04:00,IdeState,Inactive,,*,-1,-1
2025-03-10T14:05:21.505-04:00,IdeState,Inactive,,*,-1,-1
2025-03-10T14:05:22.515-04:00,IdeState,Inactive,,*,-1,-1
2025-03-10T14:05:23.553-04:00,IdeState,Inactive,,*,-1,-1
2025-03-10T14:05:24.563-04:00,IdeState,Inactive,,*,-1,-1
2025-03-10T14:05:25.570-04:00,IdeState,Inactive,,*,-1,-1
2025-03-10T14:05:26.656-04:00,IdeState,Inactive,,*,-1,-1
2025-03-10T14:05:27.679-04:00,IdeState,Inactive,,*,-1,-1
2025-03-10T14:05:28.691-04:00,IdeState,Inactive,,*,-1,-1
2025-03-10T14:05:29.809-04:00,IdeState,Inactive,,*,-1,-1
2025-03-10T14:05:30.813-04:00,IdeState,Inactive,,*,-1,-1
2025-03-10T14:05:31.921-04:00,IdeState,Inactive,,*,-1,-1
2025-03-10T14:05:32.937-04:00,IdeState,Inactive,,*,-1,-1
2025-03-10T14:05:33.942-04:00,IdeState,Inactive,,*,-1,-1
2025-03-10T14:05:34.988-04:00,IdeState,Inactive,,*,-1,-1
2025-03-10T14:05:35.998-04:00,IdeState,Inactive,,*,-1,-1
2025-03-10T14:05:37.000-04:00,IdeState,Inactive,,*,-1,-1
2025-03-10T14:05:38.002-04:00,IdeState,Inactive,,*,-1,-1
2025-03-10T14:05:39.004-04:00,IdeState,Inactive,,*,-1,-1
2025-03-10T14:05:40.011-04:00,IdeState,Inactive,,*,-1,-1
2025-03-10T14:05:41.014-04:00,IdeState,Inactive,,*,-1,-1
2025-03-10T14:05:42.028-04:00,IdeState,Inactive,,*,-1,-1
2025-03-10T14:05:43.064-04:00,IdeState,Inactive,,*,-1,-1
2025-03-10T14:05:44.073-04:00,IdeState,Inactive,,*,-1,-1
2025-03-10T14:05:45.089-04:00,IdeState,Inactive,,*,-1,-1
2025-03-10T14:05:46.093-04:00,IdeState,Inactive,,*,-1,-1
2025-03-10T14:05:47.103-04:00,IdeState,Inactive,,*,-1,-1
2025-03-10T14:05:48.121-04:00,IdeState,Inactive,,*,-1,-1
2025-03-10T14:05:49.183-04:00,IdeState,Inactive,,*,-1,-1
2025-03-10T14:05:50.198-04:00,IdeState,Inactive,,*,-1,-1
2025-03-10T14:05:51.212-04:00,IdeState,Inactive,,*,-1,-1
2025-03-10T14:05:52.229-04:00,IdeState,Inactive,,*,-1,-1
2025-03-10T14:05:53.269-04:00,IdeState,Inactive,,*,-1,-1
2025-03-10T14:05:54.286-04:00,IdeState,Inactive,,*,-1,-1
2025-03-10T14:05:55.303-04:00,IdeState,Inactive,,*,-1,-1
2025-03-10T14:05:56.317-04:00,IdeState,Inactive,,*,-1,-1
2025-03-10T14:05:57.330-04:00,IdeState,Inactive,,*,-1,-1
2025-03-10T14:05:58.342-04:00,IdeState,Inactive,,*,-1,-1
2025-03-10T14:05:59.354-04:00,IdeState,Inactive,,*,-1,-1
2025-03-10T14:06:00.369-04:00,IdeState,Inactive,,*,-1,-1
2025-03-10T14:06:01.381-04:00,IdeState,Inactive,,*,-1,-1
2025-03-10T14:06:02.762-04:00,IdeState,Inactive,,*,-1,-1
2025-03-10T14:06:03.857-04:00,IdeState,Inactive,,*,-1,-1
2025-03-10T14:06:04.935-04:00,IdeState,Inactive,,*,-1,-1
2025-03-10T14:06:05.941-04:00,IdeState,Inactive,,*,-1,-1
2025-03-10T14:06:06.950-04:00,IdeState,Inactive,,*,-1,-1
2025-03-10T14:06:07.965-04:00,IdeState,Inactive,,*,-1,-1
2025-03-10T14:06:08.976-04:00,IdeState,Inactive,,*,-1,-1
2025-03-10T14:06:09.979-04:00,IdeState,Inactive,,*,-1,-1
2025-03-10T14:06:10.993-04:00,IdeState,Inactive,,*,-1,-1
2025-03-10T14:06:12.014-04:00,IdeState,Inactive,,*,-1,-1
2025-03-10T14:06:13.025-04:00,IdeState,Inactive,,*,-1,-1
2025-03-10T14:06:14.036-04:00,IdeState,Inactive,,*,-1,-1
2025-03-10T14:06:15.051-04:00,IdeState,Inactive,,*,-1,-1
2025-03-10T14:06:16.066-04:00,IdeState,Inactive,,*,-1,-1
2025-03-10T14:06:17.078-04:00,IdeState,Inactive,,*,-1,-1
2025-03-10T14:06:18.096-04:00,IdeState,Inactive,,*,-1,-1
2025-03-10T14:06:19.108-04:00,IdeState,Inactive,,*,-1,-1
2025-03-10T14:06:20.122-04:00,IdeState,Inactive,,*,-1,-1
2025-03-10T14:06:21.133-04:00,IdeState,Inactive,,*,-1,-1
2025-03-10T14:06:22.152-04:00,IdeState,Inactive,,*,-1,-1
2025-03-10T14:06:23.164-04:00,IdeState,Inactive,,*,-1,-1
2025-03-10T14:06:24.181-04:00,IdeState,Inactive,,*,-1,-1
2025-03-10T14:06:25.294-04:00,IdeState,Inactive,,*,-1,-1
2025-03-10T14:06:26.306-04:00,IdeState,Inactive,,*,-1,-1
2025-03-10T14:06:27.320-04:00,IdeState,Inactive,,*,-1,-1
2025-03-10T14:06:28.321-04:00,IdeState,Inactive,,*,-1,-1
2025-03-10T14:06:29.324-04:00,IdeState,Inactive,,*,-1,-1
2025-03-10T14:06:30.340-04:00,IdeState,Inactive,,*,-1,-1
2025-03-10T14:06:31.354-04:00,IdeState,Inactive,,*,-1,-1
2025-03-10T14:06:32.369-04:00,IdeState,Inactive,,*,-1,-1
2025-03-10T14:06:33.382-04:00,IdeState,Inactive,,*,-1,-1
2025-03-10T14:06:34.414-04:00,IdeState,Inactive,,*,-1,-1
2025-03-10T14:06:35.425-04:00,IdeState,Inactive,,*,-1,-1
2025-03-10T14:06:36.439-04:00,IdeState,Inactive,,*,-1,-1
2025-03-10T14:06:37.452-04:00,IdeState,Inactive,,*,-1,-1
2025-03-10T14:06:38.467-04:00,IdeState,Inactive,,*,-1,-1
2025-03-10T14:06:39.481-04:00,IdeState,Inactive,,*,-1,-1
2025-03-10T14:06:40.496-04:00,IdeState,Inactive,,*,-1,-1
2025-03-10T14:06:41.504-04:00,IdeState,Inactive,,*,-1,-1
2025-03-10T14:06:42.529-04:00,IdeState,Inactive,,*,-1,-1
2025-03-10T14:06:43.537-04:00,IdeState,Inactive,,*,-1,-1
2025-03-10T14:06:44.558-04:00,IdeState,Inactive,,*,-1,-1
2025-03-10T14:06:45.565-04:00,IdeState,Inactive,,*,-1,-1
2025-03-10T14:06:46.580-04:00,IdeState,Inactive,,*,-1,-1
2025-03-10T14:06:47.593-04:00,IdeState,Inactive,,*,-1,-1
2025-03-10T14:06:48.607-04:00,IdeState,Inactive,,*,-1,-1
2025-03-10T14:06:49.624-04:00,IdeState,Inactive,,*,-1,-1
2025-03-10T14:06:50.637-04:00,IdeState,Inactive,,*,-1,-1
2025-03-10T14:06:51.652-04:00,IdeState,Inactive,,*,-1,-1
2025-03-10T14:06:52.670-04:00,IdeState,Inactive,,*,-1,-1
2025-03-10T14:06:53.679-04:00,IdeState,Inactive,,*,-1,-1
2025-03-10T14:06:54.693-04:00,IdeState,Inactive,,*,-1,-1
2025-03-10T14:06:55.705-04:00,IdeState,Inactive,,*,-1,-1
2025-03-10T14:06:56.720-04:00,IdeState,Inactive,,*,-1,-1
2025-03-10T14:06:57.738-04:00,IdeState,Inactive,,*,-1,-1
2025-03-10T14:06:58.740-04:00,IdeState,Inactive,,*,-1,-1
2025-03-10T14:06:59.771-04:00,IdeState,Inactive,,*,-1,-1
2025-03-10T14:07:00.789-04:00,IdeState,Inactive,,*,-1,-1
2025-03-10T14:07:01.812-04:00,IdeState,Inactive,,*,-1,-1
2025-03-10T14:07:02.828-04:00,IdeState,Inactive,,*,-1,-1
2025-03-10T14:07:03.836-04:00,IdeState,Inactive,,*,-1,-1
2025-03-10T14:07:04.840-04:00,IdeState,Inactive,,*,-1,-1
2025-03-10T14:07:05.854-04:00,IdeState,Inactive,,*,-1,-1
2025-03-10T14:07:06.861-04:00,IdeState,Inactive,,*,-1,-1
2025-03-10T14:07:07.875-04:00,IdeState,Inactive,,*,-1,-1
2025-03-10T14:07:08.891-04:00,IdeState,Inactive,,*,-1,-1
2025-03-10T14:07:09.905-04:00,IdeState,Inactive,,*,-1,-1
2025-03-10T14:07:10.915-04:00,IdeState,Inactive,,*,-1,-1
2025-03-10T14:07:11.927-04:00,IdeState,Inactive,,*,-1,-1
2025-03-10T14:07:12.945-04:00,IdeState,Inactive,,*,-1,-1
2025-03-10T14:07:13.973-04:00,IdeState,Inactive,,*,-1,-1
2025-03-10T14:07:14.988-04:00,IdeState,Inactive,,*,-1,-1
2025-03-10T14:07:16.024-04:00,IdeState,Inactive,,*,-1,-1
2025-03-10T14:07:17.037-04:00,IdeState,Inactive,,*,-1,-1
2025-03-10T14:07:18.048-04:00,IdeState,Inactive,,*,-1,-1
2025-03-10T14:07:19.063-04:00,IdeState,Inactive,,*,-1,-1
2025-03-10T14:07:20.075-04:00,IdeState,Inactive,,*,-1,-1
2025-03-10T14:07:21.093-04:00,IdeState,Inactive,,*,-1,-1
2025-03-10T14:07:22.106-04:00,IdeState,Inactive,,*,-1,-1
2025-03-10T14:07:23.132-04:00,IdeState,Inactive,,*,-1,-1
2025-03-10T14:07:24.244-04:00,IdeState,Inactive,,*,-1,-1
2025-03-10T14:07:25.257-04:00,IdeState,Inactive,,*,-1,-1
2025-03-10T14:07:26.273-04:00,IdeState,Inactive,,*,-1,-1
2025-03-10T14:07:27.286-04:00,IdeState,Inactive,,*,-1,-1
2025-03-10T14:07:28.288-04:00,IdeState,Inactive,,*,-1,-1
2025-03-10T14:07:29.300-04:00,IdeState,Inactive,,*,-1,-1
2025-03-10T14:07:30.309-04:00,IdeState,Inactive,,*,-1,-1
2025-03-10T14:07:31.316-04:00,IdeState,Inactive,,*,-1,-1
2025-03-10T14:07:32.320-04:00,IdeState,Inactive,,*,-1,-1
2025-03-10T14:07:33.503-04:00,IdeState,Inactive,,*,-1,-1
2025-03-10T14:07:34.521-04:00,IdeState,Inactive,,*,-1,-1
2025-03-10T14:07:35.534-04:00,IdeState,Inactive,,*,-1,-1
2025-03-10T14:07:36.546-04:00,IdeState,Inactive,,*,-1,-1
2025-03-10T14:07:37.563-04:00,IdeState,Inactive,,*,-1,-1
2025-03-10T14:07:38.573-04:00,IdeState,Inactive,,*,-1,-1
2025-03-10T14:07:39.589-04:00,IdeState,Inactive,,*,-1,-1
2025-03-10T14:07:40.597-04:00,IdeState,Inactive,,*,-1,-1
2025-03-10T14:07:41.612-04:00,IdeState,Inactive,,*,-1,-1
2025-03-10T14:07:42.627-04:00,IdeState,Inactive,,*,-1,-1
2025-03-10T14:07:43.640-04:00,IdeState,Inactive,,*,-1,-1
2025-03-10T14:07:44.650-04:00,IdeState,Inactive,,*,-1,-1
2025-03-10T14:07:45.652-04:00,IdeState,Inactive,,*,-1,-1
2025-03-10T14:07:46.666-04:00,IdeState,Inactive,,*,-1,-1
2025-03-10T14:07:47.682-04:00,IdeState,Inactive,,*,-1,-1
2025-03-10T14:07:48.713-04:00,IdeState,Inactive,,*,-1,-1
2025-03-10T14:07:49.720-04:00,IdeState,Inactive,,*,-1,-1
2025-03-10T14:07:50.725-04:00,IdeState,Inactive,,*,-1,-1
2025-03-10T14:07:51.739-04:00,IdeState,Inactive,,*,-1,-1
2025-03-10T14:07:52.778-04:00,IdeState,Inactive,,*,-1,-1
2025-03-10T14:07:53.784-04:00,IdeState,Inactive,,*,-1,-1
2025-03-10T14:07:54.797-04:00,IdeState,Inactive,,*,-1,-1
2025-03-10T14:07:55.814-04:00,IdeState,Inactive,,*,-1,-1
2025-03-10T14:07:56.824-04:00,IdeState,Inactive,,*,-1,-1
2025-03-10T14:07:57.833-04:00,IdeState,Inactive,,*,-1,-1
2025-03-10T14:07:58.850-04:00,IdeState,Inactive,,*,-1,-1
2025-03-10T14:07:59.858-04:00,IdeState,Inactive,,*,-1,-1
2025-03-10T14:08:00.876-04:00,IdeState,Inactive,,*,-1,-1
2025-03-10T14:08:01.886-04:00,IdeState,Inactive,,*,-1,-1
2025-03-10T14:08:02.898-04:00,IdeState,Inactive,,*,-1,-1
2025-03-10T14:08:03.904-04:00,IdeState,Inactive,,*,-1,-1
2025-03-10T14:08:04.914-04:00,IdeState,Inactive,,*,-1,-1
2025-03-10T14:08:05.923-04:00,IdeState,Inactive,,*,-1,-1
2025-03-10T14:08:06.932-04:00,IdeState,Inactive,,*,-1,-1
2025-03-10T14:08:07.945-04:00,IdeState,Inactive,,*,-1,-1
2025-03-10T14:08:08.954-04:00,IdeState,Inactive,,*,-1,-1
2025-03-10T14:08:10.060-04:00,IdeState,Inactive,,*,-1,-1
2025-03-10T14:08:11.114-04:00,IdeState,Inactive,,*,-1,-1
2025-03-10T14:08:12.158-04:00,IdeState,Inactive,,*,-1,-1
2025-03-10T14:08:13.162-04:00,IdeState,Inactive,,*,-1,-1
2025-03-10T14:08:14.186-04:00,IdeState,Inactive,,*,-1,-1
2025-03-10T14:08:15.260-04:00,IdeState,Inactive,,*,-1,-1
2025-03-10T14:08:16.269-04:00,IdeState,Inactive,,*,-1,-1
2025-03-10T14:08:17.282-04:00,IdeState,Inactive,,*,-1,-1
2025-03-10T14:08:18.296-04:00,IdeState,Inactive,,*,-1,-1
2025-03-10T14:08:19.301-04:00,IdeState,Inactive,,*,-1,-1
2025-03-10T14:08:20.327-04:00,IdeState,Inactive,,*,-1,-1
2025-03-10T14:08:21.487-04:00,IdeState,Inactive,,*,-1,-1
2025-03-10T14:08:22.501-04:00,IdeState,Inactive,,*,-1,-1
2025-03-10T14:08:23.515-04:00,IdeState,Inactive,,*,-1,-1
2025-03-10T14:08:24.531-04:00,IdeState,Inactive,,*,-1,-1
2025-03-10T14:08:25.545-04:00,IdeState,Inactive,,*,-1,-1
2025-03-10T14:08:26.557-04:00,IdeState,Inactive,,*,-1,-1
2025-03-10T14:08:27.574-04:00,IdeState,Inactive,,*,-1,-1
2025-03-10T14:08:28.582-04:00,IdeState,Inactive,,*,-1,-1
2025-03-10T14:08:29.596-04:00,IdeState,Inactive,,*,-1,-1
2025-03-10T14:08:30.611-04:00,IdeState,Inactive,,*,-1,-1
2025-03-10T14:08:31.631-04:00,IdeState,Inactive,,*,-1,-1
2025-03-10T14:08:32.636-04:00,IdeState,Inactive,,*,-1,-1
2025-03-10T14:08:33.652-04:00,IdeState,Inactive,,*,-1,-1
2025-03-10T14:08:34.665-04:00,IdeState,Inactive,,*,-1,-1
2025-03-10T14:08:35.678-04:00,IdeState,Inactive,,*,-1,-1
2025-03-10T14:08:36.768-04:00,IdeState,Inactive,,*,-1,-1
2025-03-10T14:08:37.781-04:00,IdeState,Inactive,,*,-1,-1
2025-03-10T14:08:38.799-04:00,IdeState,Inactive,,*,-1,-1
2025-03-10T14:08:39.811-04:00,IdeState,Inactive,,*,-1,-1
2025-03-10T14:08:40.869-04:00,IdeState,Inactive,,*,-1,-1
2025-03-10T14:08:42.248-04:00,IdeState,Inactive,,*,-1,-1
2025-03-10T14:08:43.304-04:00,IdeState,Inactive,,*,-1,-1
2025-03-10T14:08:44.312-04:00,IdeState,Inactive,,*,-1,-1
2025-03-10T14:08:45.381-04:00,IdeState,Inactive,,*,-1,-1
2025-03-10T14:08:46.399-04:00,IdeState,Inactive,,*,-1,-1
2025-03-10T14:08:47.414-04:00,IdeState,Inactive,,*,-1,-1
2025-03-10T14:08:48.416-04:00,IdeState,Inactive,,*,-1,-1
2025-03-10T14:08:49.431-04:00,IdeState,Inactive,,*,-1,-1
2025-03-10T14:08:50.446-04:00,IdeState,Inactive,,*,-1,-1
2025-03-10T14:08:51.470-04:00,IdeState,Inactive,,*,-1,-1
2025-03-10T14:08:52.472-04:00,IdeState,Inactive,,*,-1,-1
2025-03-10T14:08:53.631-04:00,IdeState,Inactive,,*,-1,-1
2025-03-10T14:08:54.743-04:00,IdeState,Inactive,,*,-1,-1
2025-03-10T14:08:55.756-04:00,IdeState,Inactive,,*,-1,-1
2025-03-10T14:08:56.770-04:00,IdeState,Inactive,,*,-1,-1
2025-03-10T14:08:57.784-04:00,IdeState,Inactive,,*,-1,-1
2025-03-10T14:08:58.800-04:00,IdeState,Inactive,,*,-1,-1
2025-03-10T14:08:59.812-04:00,IdeState,Inactive,,*,-1,-1
2025-03-10T14:09:00.831-04:00,IdeState,Inactive,,*,-1,-1
2025-03-10T14:09:02.026-04:00,IdeState,Inactive,,*,-1,-1
2025-03-10T14:09:03.029-04:00,IdeState,Inactive,,*,-1,-1
2025-03-10T14:09:04.044-04:00,IdeState,Inactive,,*,-1,-1
2025-03-10T14:09:05.055-04:00,IdeState,Inactive,,*,-1,-1
2025-03-10T14:09:07.273-04:00,IdeState,Inactive,,*,-1,-1
2025-03-10T14:09:08.473-04:00,IdeState,Inactive,,*,-1,-1
2025-03-10T14:09:09.485-04:00,IdeState,Inactive,,*,-1,-1
2025-03-10T14:09:10.497-04:00,IdeState,Inactive,,*,-1,-1
2025-03-10T14:09:11.554-04:00,IdeState,Inactive,,*,-1,-1
2025-03-10T14:09:12.558-04:00,IdeState,Inactive,,*,-1,-1
2025-03-10T14:09:13.566-04:00,IdeState,Inactive,,*,-1,-1
2025-03-10T14:09:14.586-04:00,IdeState,Inactive,,*,-1,-1
2025-03-10T14:09:15.602-04:00,IdeState,Inactive,,*,-1,-1
2025-03-10T14:09:16.618-04:00,IdeState,Inactive,,*,-1,-1
2025-03-10T14:09:17.631-04:00,IdeState,Inactive,,*,-1,-1
2025-03-10T14:09:18.645-04:00,IdeState,Inactive,,*,-1,-1
2025-03-10T14:09:19.660-04:00,IdeState,Inactive,,*,-1,-1
2025-03-10T14:09:20.664-04:00,IdeState,Inactive,,*,-1,-1
2025-03-10T14:09:21.679-04:00,IdeState,Inactive,,*,-1,-1
2025-03-10T14:09:22.693-04:00,IdeState,Inactive,,*,-1,-1
2025-03-10T14:09:23.707-04:00,IdeState,Inactive,,*,-1,-1
2025-03-10T14:09:24.725-04:00,IdeState,Inactive,,*,-1,-1
2025-03-10T14:09:25.726-04:00,IdeState,Inactive,,*,-1,-1
2025-03-10T14:09:26.730-04:00,IdeState,Inactive,,*,-1,-1
2025-03-10T14:09:27.740-04:00,IdeState,Inactive,,*,-1,-1
2025-03-10T14:09:28.752-04:00,IdeState,Inactive,,*,-1,-1
2025-03-10T14:09:29.766-04:00,IdeState,Inactive,,*,-1,-1
2025-03-10T14:09:30.782-04:00,IdeState,Inactive,,*,-1,-1
2025-03-10T14:09:31.791-04:00,IdeState,Inactive,,*,-1,-1
2025-03-10T14:09:32.807-04:00,IdeState,Inactive,,*,-1,-1
2025-03-10T14:09:33.809-04:00,IdeState,Inactive,,*,-1,-1
2025-03-10T14:09:34.823-04:00,IdeState,Inactive,,*,-1,-1
2025-03-10T14:09:35.836-04:00,IdeState,Inactive,,*,-1,-1
2025-03-10T14:09:36.881-04:00,IdeState,Inactive,,*,-1,-1
2025-03-10T14:09:37.882-04:00,IdeState,Inactive,,*,-1,-1
2025-03-10T14:09:38.902-04:00,IdeState,Inactive,,*,-1,-1
2025-03-10T14:09:39.918-04:00,IdeState,Inactive,,*,-1,-1
2025-03-10T14:09:40.928-04:00,IdeState,Inactive,,*,-1,-1
2025-03-10T14:09:41.941-04:00,IdeState,Inactive,,*,-1,-1
2025-03-10T14:09:42.956-04:00,IdeState,Inactive,,*,-1,-1
2025-03-10T14:09:43.957-04:00,IdeState,Inactive,,*,-1,-1
2025-03-10T14:09:44.969-04:00,IdeState,Inactive,,*,-1,-1
2025-03-10T14:09:45.985-04:00,IdeState,Inactive,,*,-1,-1
2025-03-10T14:09:47.008-04:00,IdeState,Inactive,,*,-1,-1
2025-03-10T14:09:48.019-04:00,IdeState,Inactive,,*,-1,-1
2025-03-10T14:09:49.037-04:00,IdeState,Inactive,,*,-1,-1
2025-03-10T14:09:50.046-04:00,IdeState,Inactive,,*,-1,-1
2025-03-10T14:09:51.060-04:00,IdeState,Inactive,,*,-1,-1
2025-03-10T14:09:52.077-04:00,IdeState,Inactive,,*,-1,-1
2025-03-10T14:09:53.092-04:00,IdeState,Inactive,,*,-1,-1
2025-03-10T14:09:54.109-04:00,IdeState,Inactive,,*,-1,-1
2025-03-10T14:09:55.193-04:00,IdeState,Inactive,,*,-1,-1
2025-03-10T14:09:56.205-04:00,IdeState,Inactive,,*,-1,-1
2025-03-10T14:09:57.220-04:00,IdeState,Inactive,,*,-1,-1
2025-03-10T14:09:58.224-04:00,IdeState,Inactive,,*,-1,-1
2025-03-10T14:09:59.230-04:00,IdeState,Inactive,,*,-1,-1
2025-03-10T14:10:00.244-04:00,IdeState,Inactive,,*,-1,-1
2025-03-10T14:10:01.259-04:00,IdeState,Inactive,,*,-1,-1
2025-03-10T14:10:02.260-04:00,IdeState,Inactive,,*,-1,-1
2025-03-10T14:10:03.271-04:00,IdeState,Inactive,,*,-1,-1
2025-03-10T14:10:04.329-04:00,IdeState,Inactive,,*,-1,-1
2025-03-10T14:10:05.485-04:00,IdeState,Inactive,,*,-1,-1
2025-03-10T14:10:06.513-04:00,IdeState,Inactive,,*,-1,-1
2025-03-10T14:10:07.518-04:00,IdeState,Inactive,,*,-1,-1
2025-03-10T14:10:08.546-04:00,IdeState,Inactive,,*,-1,-1
2025-03-10T14:10:09.555-04:00,IdeState,Inactive,,*,-1,-1
2025-03-10T14:10:10.642-04:00,IdeState,Inactive,,*,-1,-1
2025-03-10T14:10:11.655-04:00,IdeState,Inactive,,*,-1,-1
2025-03-10T14:10:12.667-04:00,IdeState,Inactive,,*,-1,-1
2025-03-10T14:10:13.734-04:00,IdeState,Inactive,,*,-1,-1
2025-03-10T14:10:14.743-04:00,IdeState,Inactive,,*,-1,-1
2025-03-10T14:10:15.773-04:00,IdeState,Inactive,,*,-1,-1
2025-03-10T14:10:16.788-04:00,IdeState,Inactive,,*,-1,-1
2025-03-10T14:10:17.802-04:00,IdeState,Inactive,,*,-1,-1
2025-03-10T14:10:18.818-04:00,IdeState,Inactive,,*,-1,-1
2025-03-10T14:10:19.832-04:00,IdeState,Inactive,,*,-1,-1
2025-03-10T14:10:20.854-04:00,IdeState,Inactive,,*,-1,-1
2025-03-10T14:10:21.862-04:00,IdeState,Inactive,,*,-1,-1
2025-03-10T14:10:22.876-04:00,IdeState,Inactive,,*,-1,-1
2025-03-10T14:10:23.883-04:00,IdeState,Inactive,,*,-1,-1
2025-03-10T14:10:24.894-04:00,IdeState,Inactive,,*,-1,-1
2025-03-10T14:10:25.911-04:00,IdeState,Inactive,,*,-1,-1
2025-03-10T14:10:26.925-04:00,IdeState,Inactive,,*,-1,-1
2025-03-10T14:10:27.935-04:00,IdeState,Inactive,,*,-1,-1
2025-03-10T14:10:28.937-04:00,IdeState,Inactive,,*,-1,-1
2025-03-10T14:10:29.951-04:00,IdeState,Inactive,,*,-1,-1
2025-03-10T14:10:30.955-04:00,IdeState,Inactive,,*,-1,-1
2025-03-10T14:10:31.961-04:00,IdeState,Inactive,,*,-1,-1
2025-03-10T14:10:32.966-04:00,IdeState,Inactive,,*,-1,-1
2025-03-10T14:10:33.976-04:00,IdeState,Inactive,,*,-1,-1
2025-03-10T14:10:34.991-04:00,IdeState,Inactive,,*,-1,-1
2025-03-10T14:10:36.007-04:00,IdeState,Inactive,,*,-1,-1
2025-03-10T14:10:37.015-04:00,IdeState,Inactive,,*,-1,-1
2025-03-10T14:10:38.023-04:00,IdeState,Inactive,,*,-1,-1
2025-03-10T14:10:39.039-04:00,IdeState,Inactive,,*,-1,-1
2025-03-10T14:10:40.045-04:00,IdeState,Inactive,,*,-1,-1
2025-03-10T14:10:41.057-04:00,IdeState,Inactive,,*,-1,-1
2025-03-10T14:10:42.069-04:00,IdeState,Inactive,,*,-1,-1
2025-03-10T14:10:43.085-04:00,IdeState,Inactive,,*,-1,-1
2025-03-10T14:10:44.093-04:00,IdeState,Inactive,,*,-1,-1
2025-03-10T14:10:45.109-04:00,IdeState,Inactive,,*,-1,-1
2025-03-10T14:10:46.123-04:00,IdeState,Inactive,,*,-1,-1
2025-03-10T14:10:47.137-04:00,IdeState,Inactive,,*,-1,-1
2025-03-10T14:10:48.144-04:00,IdeState,Inactive,,*,-1,-1
2025-03-10T14:10:49.153-04:00,IdeState,Inactive,,*,-1,-1
2025-03-10T14:10:50.160-04:00,IdeState,Inactive,,*,-1,-1
2025-03-10T14:10:51.166-04:00,IdeState,Inactive,,*,-1,-1
2025-03-10T14:10:52.182-04:00,IdeState,Inactive,,*,-1,-1
2025-03-10T14:10:53.206-04:00,IdeState,Inactive,,*,-1,-1
2025-03-10T14:10:54.232-04:00,IdeState,Inactive,,*,-1,-1
2025-03-10T14:10:55.250-04:00,IdeState,Inactive,,*,-1,-1
2025-03-10T14:10:56.262-04:00,IdeState,Inactive,,*,-1,-1
2025-03-10T14:10:57.278-04:00,IdeState,Inactive,,*,-1,-1
2025-03-10T14:10:58.289-04:00,IdeState,Inactive,,*,-1,-1
2025-03-10T14:10:59.291-04:00,IdeState,Inactive,,*,-1,-1
2025-03-10T14:11:00.305-04:00,IdeState,Inactive,,*,-1,-1
2025-03-10T14:11:01.319-04:00,IdeState,Inactive,,*,-1,-1
2025-03-10T14:11:02.332-04:00,IdeState,Inactive,,*,-1,-1
2025-03-10T14:11:03.349-04:00,IdeState,Inactive,,*,-1,-1
2025-03-10T14:11:04.362-04:00,IdeState,Inactive,,*,-1,-1
2025-03-10T14:11:05.366-04:00,IdeState,Inactive,,*,-1,-1
2025-03-10T14:11:06.378-04:00,IdeState,Inactive,,*,-1,-1
2025-03-10T14:11:07.391-04:00,IdeState,Inactive,,*,-1,-1
2025-03-10T14:11:08.392-04:00,IdeState,Inactive,,*,-1,-1
2025-03-10T14:11:09.395-04:00,IdeState,Inactive,,*,-1,-1
2025-03-10T14:11:10.405-04:00,IdeState,Inactive,,*,-1,-1
2025-03-10T14:11:11.419-04:00,IdeState,Inactive,,*,-1,-1
2025-03-10T14:11:12.427-04:00,IdeState,Inactive,,*,-1,-1
2025-03-10T14:11:13.431-04:00,IdeState,Inactive,,*,-1,-1
2025-03-10T14:11:14.445-04:00,IdeState,Inactive,,*,-1,-1
2025-03-10T14:11:15.458-04:00,IdeState,Inactive,,*,-1,-1
2025-03-10T14:11:16.474-04:00,IdeState,Inactive,,*,-1,-1
2025-03-10T14:11:17.490-04:00,IdeState,Inactive,,*,-1,-1
2025-03-10T14:11:18.508-04:00,IdeState,Inactive,,*,-1,-1
2025-03-10T14:11:19.517-04:00,IdeState,Inactive,,*,-1,-1
2025-03-10T14:11:20.532-04:00,IdeState,Inactive,,*,-1,-1
2025-03-10T14:11:21.546-04:00,IdeState,Inactive,,*,-1,-1
2025-03-10T14:11:22.578-04:00,IdeState,Inactive,,*,-1,-1
2025-03-10T14:11:23.589-04:00,IdeState,Inactive,,*,-1,-1
2025-03-10T14:11:24.592-04:00,IdeState,Inactive,,*,-1,-1
2025-03-10T14:11:25.606-04:00,IdeState,Inactive,,*,-1,-1
2025-03-10T14:11:26.619-04:00,IdeState,Inactive,,*,-1,-1
2025-03-10T14:11:27.635-04:00,IdeState,Inactive,,*,-1,-1
2025-03-10T14:11:28.645-04:00,IdeState,Inactive,,*,-1,-1
2025-03-10T14:11:29.660-04:00,IdeState,Inactive,,*,-1,-1
2025-03-10T14:11:30.674-04:00,IdeState,Inactive,,*,-1,-1
2025-03-10T14:11:31.691-04:00,IdeState,Inactive,,*,-1,-1
2025-03-10T14:11:32.707-04:00,IdeState,Inactive,,*,-1,-1
2025-03-10T14:11:33.727-04:00,IdeState,Inactive,,*,-1,-1
2025-03-10T14:11:34.744-04:00,IdeState,Inactive,,*,-1,-1
2025-03-10T14:11:35.757-04:00,IdeState,Inactive,,*,-1,-1
2025-03-10T14:11:36.771-04:00,IdeState,Inactive,,*,-1,-1
2025-03-10T14:11:37.787-04:00,IdeState,Inactive,,*,-1,-1
2025-03-10T14:11:38.808-04:00,IdeState,Inactive,,*,-1,-1
2025-03-10T14:11:39.816-04:00,IdeState,Inactive,,*,-1,-1
2025-03-10T14:11:40.831-04:00,IdeState,Inactive,,*,-1,-1
2025-03-10T14:11:41.832-04:00,IdeState,Inactive,,*,-1,-1
2025-03-10T14:11:42.837-04:00,IdeState,Inactive,,*,-1,-1
2025-03-10T14:11:43.854-04:00,IdeState,Inactive,,*,-1,-1
2025-03-10T14:11:44.866-04:00,IdeState,Inactive,,*,-1,-1
2025-03-10T14:11:45.890-04:00,IdeState,Inactive,,*,-1,-1
2025-03-10T14:11:46.917-04:00,IdeState,Inactive,,*,-1,-1
2025-03-10T14:11:47.924-04:00,IdeState,Inactive,,*,-1,-1
2025-03-10T14:11:48.927-04:00,IdeState,Inactive,,*,-1,-1
2025-03-10T14:11:49.943-04:00,IdeState,Inactive,,*,-1,-1
2025-03-10T14:11:50.957-04:00,IdeState,Inactive,,*,-1,-1
2025-03-10T14:11:51.976-04:00,IdeState,Inactive,,*,-1,-1
2025-03-10T14:11:52.984-04:00,IdeState,Inactive,,*,-1,-1
2025-03-10T14:11:53.998-04:00,IdeState,Inactive,,*,-1,-1
2025-03-10T14:11:55.016-04:00,IdeState,Inactive,,*,-1,-1
2025-03-10T14:11:56.032-04:00,IdeState,Inactive,,*,-1,-1
2025-03-10T14:11:57.042-04:00,IdeState,Inactive,,*,-1,-1
2025-03-10T14:11:58.056-04:00,IdeState,Inactive,,*,-1,-1
2025-03-10T14:11:59.071-04:00,IdeState,Inactive,,*,-1,-1
2025-03-10T14:12:00.091-04:00,IdeState,Inactive,,*,-1,-1
2025-03-10T14:12:01.102-04:00,IdeState,Inactive,,*,-1,-1
2025-03-10T14:12:02.105-04:00,IdeState,Inactive,,*,-1,-1
2025-03-10T14:12:03.116-04:00,IdeState,Inactive,,*,-1,-1
2025-03-10T14:12:04.132-04:00,IdeState,Inactive,,*,-1,-1
2025-03-10T14:12:05.146-04:00,IdeState,Inactive,,*,-1,-1
2025-03-10T14:12:06.150-04:00,IdeState,Inactive,,*,-1,-1
2025-03-10T14:12:07.154-04:00,IdeState,Inactive,,*,-1,-1
2025-03-10T14:12:08.159-04:00,IdeState,Inactive,,*,-1,-1
2025-03-10T14:12:09.167-04:00,IdeState,Inactive,,*,-1,-1
2025-03-10T14:12:10.185-04:00,IdeState,Inactive,,*,-1,-1
2025-03-10T14:12:11.198-04:00,IdeState,Inactive,,*,-1,-1
2025-03-10T14:12:12.215-04:00,IdeState,Inactive,,*,-1,-1
2025-03-10T14:12:13.226-04:00,IdeState,Inactive,,*,-1,-1
2025-03-10T14:12:14.243-04:00,IdeState,Inactive,,*,-1,-1
2025-03-10T14:12:15.259-04:00,IdeState,Inactive,,*,-1,-1
2025-03-10T14:12:16.271-04:00,IdeState,Inactive,,*,-1,-1
2025-03-10T14:12:17.285-04:00,IdeState,Inactive,,*,-1,-1
2025-03-10T14:12:18.294-04:00,IdeState,Inactive,,*,-1,-1
2025-03-10T14:12:19.303-04:00,IdeState,Inactive,,*,-1,-1
2025-03-10T14:12:20.317-04:00,IdeState,Inactive,,*,-1,-1
2025-03-10T14:12:21.326-04:00,IdeState,Inactive,,*,-1,-1
2025-03-10T14:12:22.339-04:00,IdeState,Inactive,,*,-1,-1
2025-03-10T14:12:23.350-04:00,IdeState,Inactive,,*,-1,-1
2025-03-10T14:12:24.365-04:00,IdeState,Inactive,,*,-1,-1
2025-03-10T14:12:25.372-04:00,IdeState,Inactive,,*,-1,-1
2025-03-10T14:12:26.407-04:00,IdeState,Inactive,,*,-1,-1
2025-03-10T14:12:27.418-04:00,IdeState,Inactive,,*,-1,-1
2025-03-10T14:12:28.427-04:00,IdeState,Inactive,,*,-1,-1
2025-03-10T14:12:29.440-04:00,IdeState,Inactive,,*,-1,-1
2025-03-10T14:12:30.454-04:00,IdeState,Inactive,,*,-1,-1
2025-03-10T14:12:31.475-04:00,IdeState,Inactive,,*,-1,-1
2025-03-10T14:12:32.509-04:00,IdeState,Inactive,,*,-1,-1
2025-03-10T14:12:33.641-04:00,IdeState,Inactive,,*,-1,-1
2025-03-10T14:12:34.685-04:00,IdeState,Inactive,,*,-1,-1
2025-03-10T14:12:35.698-04:00,IdeState,Inactive,,*,-1,-1
2025-03-10T14:12:36.788-04:00,IdeState,Inactive,,*,-1,-1
2025-03-10T14:12:37.811-04:00,IdeState,Inactive,,*,-1,-1
2025-03-10T14:12:38.825-04:00,IdeState,Inactive,,*,-1,-1
2025-03-10T14:12:39.843-04:00,IdeState,Inactive,,*,-1,-1
2025-03-10T14:12:40.854-04:00,IdeState,Inactive,,*,-1,-1
2025-03-10T14:12:41.868-04:00,IdeState,Inactive,,*,-1,-1
2025-03-10T14:12:42.876-04:00,IdeState,Inactive,,*,-1,-1
2025-03-10T14:12:43.887-04:00,IdeState,Inactive,,*,-1,-1
2025-03-10T14:12:44.890-04:00,IdeState,Inactive,,*,-1,-1
2025-03-10T14:12:45.907-04:00,IdeState,Inactive,,*,-1,-1
2025-03-10T14:12:46.921-04:00,IdeState,Inactive,,*,-1,-1
2025-03-10T14:12:47.935-04:00,IdeState,Inactive,,*,-1,-1
2025-03-10T14:12:48.949-04:00,IdeState,Inactive,,*,-1,-1
2025-03-10T14:12:49.966-04:00,IdeState,Inactive,,*,-1,-1
2025-03-10T14:12:51.008-04:00,IdeState,Inactive,,*,-1,-1
2025-03-10T14:12:52.021-04:00,IdeState,Inactive,,*,-1,-1
2025-03-10T14:12:53.035-04:00,IdeState,Inactive,,*,-1,-1
2025-03-10T14:15:26.084-04:00,IdeState,Inactive,,*,-1,-1
2025-03-10T14:15:27.096-04:00,IdeState,Inactive,,*,-1,-1
2025-03-10T14:15:28.108-04:00,IdeState,Inactive,,*,-1,-1
2025-03-10T14:15:29.123-04:00,IdeState,Inactive,,*,-1,-1
2025-03-10T14:15:30.129-04:00,IdeState,Inactive,,*,-1,-1
2025-03-10T14:15:31.134-04:00,IdeState,Inactive,,*,-1,-1
2025-03-10T14:15:32.145-04:00,IdeState,Inactive,,*,-1,-1
2025-03-10T14:15:33.369-04:00,IdeState,Inactive,,*,-1,-1
2025-03-10T14:15:35.105-04:00,IdeState,Inactive,,*,-1,-1
2025-03-10T14:15:36.500-04:00,IdeState,Inactive,,*,-1,-1
2025-03-10T14:15:37.670-04:00,IdeState,Inactive,,*,-1,-1
2025-03-10T14:15:38.674-04:00,IdeState,Inactive,,*,-1,-1
2025-03-10T14:15:39.686-04:00,IdeState,Inactive,,*,-1,-1
2025-03-10T14:15:40.696-04:00,IdeState,Inactive,,*,-1,-1
2025-03-10T14:15:41.741-04:00,IdeState,Inactive,,*,-1,-1
2025-03-10T14:15:42.751-04:00,IdeState,Inactive,,*,-1,-1
2025-03-10T14:15:43.764-04:00,IdeState,Inactive,,*,-1,-1
2025-03-10T14:15:44.770-04:00,IdeState,Inactive,,*,-1,-1
2025-03-10T14:15:45.793-04:00,IdeState,Inactive,,*,-1,-1
2025-03-10T14:15:46.808-04:00,IdeState,Inactive,,*,-1,-1
2025-03-10T14:15:47.818-04:00,IdeState,Inactive,,*,-1,-1
2025-03-10T14:15:48.825-04:00,IdeState,Inactive,,*,-1,-1
2025-03-10T14:15:49.831-04:00,IdeState,Inactive,,*,-1,-1
2025-03-10T14:15:50.835-04:00,IdeState,Inactive,,*,-1,-1
2025-03-10T14:15:51.843-04:00,IdeState,Inactive,,*,-1,-1
2025-03-10T14:15:52.846-04:00,IdeState,Inactive,,*,-1,-1
2025-03-10T14:15:53.855-04:00,IdeState,Inactive,,*,-1,-1
2025-03-10T14:15:54.869-04:00,IdeState,Inactive,,*,-1,-1
2025-03-10T14:15:55.871-04:00,IdeState,Inactive,,*,-1,-1
2025-03-10T14:15:56.887-04:00,IdeState,Inactive,,*,-1,-1
2025-03-10T14:15:57.903-04:00,IdeState,Inactive,,*,-1,-1
2025-03-10T14:15:58.918-04:00,IdeState,Inactive,,*,-1,-1
2025-03-10T14:15:59.930-04:00,IdeState,Inactive,,*,-1,-1
2025-03-10T14:16:00.932-04:00,IdeState,Inactive,,*,-1,-1
2025-03-10T14:16:01.946-04:00,IdeState,Inactive,,*,-1,-1
2025-03-10T14:16:02.963-04:00,IdeState,Inactive,,*,-1,-1
2025-03-10T14:16:03.970-04:00,IdeState,Inactive,,*,-1,-1
2025-03-10T14:16:04.986-04:00,IdeState,Inactive,,*,-1,-1
2025-03-10T14:16:05.995-04:00,IdeState,Inactive,,*,-1,-1
2025-03-10T14:16:06.998-04:00,IdeState,Inactive,,*,-1,-1
2025-03-10T14:16:08.010-04:00,IdeState,Inactive,,*,-1,-1
2025-03-10T14:16:09.019-04:00,IdeState,Inactive,,*,-1,-1
2025-03-10T14:16:10.149-04:00,IdeState,Inactive,,*,-1,-1
2025-03-10T14:16:11.170-04:00,IdeState,Inactive,,*,-1,-1
2025-03-10T14:16:12.176-04:00,IdeState,Inactive,,*,-1,-1
2025-03-10T14:16:13.191-04:00,IdeState,Inactive,,*,-1,-1
2025-03-10T14:16:14.192-04:00,IdeState,Inactive,,*,-1,-1
2025-03-10T14:16:15.204-04:00,IdeState,Inactive,,*,-1,-1
2025-03-10T14:16:16.207-04:00,IdeState,Inactive,,*,-1,-1
2025-03-10T14:16:17.219-04:00,IdeState,Inactive,,*,-1,-1
2025-03-10T14:16:18.276-04:00,IdeState,Inactive,,*,-1,-1
2025-03-10T14:16:19.282-04:00,IdeState,Inactive,,*,-1,-1
2025-03-10T14:16:20.292-04:00,IdeState,Inactive,,*,-1,-1
2025-03-10T14:16:21.298-04:00,IdeState,Inactive,,*,-1,-1
2025-03-10T14:16:22.312-04:00,IdeState,Inactive,,*,-1,-1
2025-03-10T14:16:23.327-04:00,IdeState,Inactive,,*,-1,-1
2025-03-10T14:16:24.344-04:00,IdeState,Inactive,,*,-1,-1
2025-03-10T14:16:25.346-04:00,IdeState,Inactive,,*,-1,-1
2025-03-10T14:16:26.360-04:00,IdeState,Inactive,,*,-1,-1
2025-03-10T14:16:27.411-04:00,IdeState,Inactive,,*,-1,-1
2025-03-10T14:16:28.422-04:00,IdeState,Inactive,,*,-1,-1
2025-03-10T14:16:29.423-04:00,IdeState,Inactive,,*,-1,-1
2025-03-10T14:16:30.441-04:00,IdeState,Inactive,,*,-1,-1
2025-03-10T14:16:31.459-04:00,IdeState,Inactive,,*,-1,-1
2025-03-10T14:16:32.471-04:00,IdeState,Inactive,,*,-1,-1
2025-03-10T14:16:33.474-04:00,IdeState,Inactive,,*,-1,-1
2025-03-10T14:16:34.478-04:00,IdeState,Inactive,,*,-1,-1
2025-03-10T14:16:35.491-04:00,IdeState,Inactive,,*,-1,-1
2025-03-10T14:16:36.497-04:00,IdeState,Inactive,,*,-1,-1
2025-03-10T14:16:37.508-04:00,IdeState,Inactive,,*,-1,-1
2025-03-10T14:16:38.555-04:00,IdeState,Inactive,,*,-1,-1
2025-03-10T14:16:39.614-04:00,IdeState,Inactive,,*,-1,-1
2025-03-10T14:16:40.628-04:00,IdeState,Inactive,,*,-1,-1
2025-03-10T14:16:41.647-04:00,IdeState,Inactive,,*,-1,-1
2025-03-10T14:16:42.653-04:00,IdeState,Inactive,,*,-1,-1
2025-03-10T14:16:43.661-04:00,IdeState,Inactive,,*,-1,-1
2025-03-10T14:16:44.677-04:00,IdeState,Inactive,,*,-1,-1
2025-03-10T14:16:45.693-04:00,IdeState,Inactive,,*,-1,-1
2025-03-10T14:16:46.695-04:00,IdeState,Inactive,,*,-1,-1
2025-03-10T14:16:47.708-04:00,IdeState,Inactive,,*,-1,-1
2025-03-10T14:16:48.793-04:00,IdeState,Inactive,,*,-1,-1
2025-03-10T14:16:50.476-04:00,IdeState,Inactive,,*,-1,-1
2025-03-10T14:16:51.492-04:00,IdeState,Inactive,,*,-1,-1
2025-03-10T14:16:52.509-04:00,IdeState,Inactive,,*,-1,-1
2025-03-10T14:16:53.525-04:00,IdeState,Inactive,,*,-1,-1
2025-03-10T14:16:54.537-04:00,IdeState,Inactive,,*,-1,-1
2025-03-10T14:16:55.554-04:00,IdeState,Inactive,,*,-1,-1
2025-03-10T14:16:56.565-04:00,IdeState,Inactive,,*,-1,-1
2025-03-10T14:16:57.568-04:00,IdeState,Inactive,,*,-1,-1
2025-03-10T14:16:58.581-04:00,IdeState,Inactive,,*,-1,-1
2025-03-10T14:16:59.582-04:00,IdeState,Inactive,,*,-1,-1
2025-03-10T14:17:00.596-04:00,IdeState,Inactive,,*,-1,-1
2025-03-10T14:17:01.610-04:00,IdeState,Inactive,,*,-1,-1
2025-03-10T14:17:02.623-04:00,IdeState,Inactive,,*,-1,-1
2025-03-10T14:17:03.633-04:00,IdeState,Inactive,,*,-1,-1
2025-03-10T14:17:04.647-04:00,IdeState,Inactive,,*,-1,-1
2025-03-10T14:17:05.661-04:00,IdeState,Inactive,,*,-1,-1
2025-03-10T14:17:06.664-04:00,IdeState,Inactive,,*,-1,-1
2025-03-10T14:17:07.680-04:00,IdeState,Inactive,,*,-1,-1
2025-03-10T14:17:08.693-04:00,IdeState,Inactive,,*,-1,-1
2025-03-10T14:17:09.708-04:00,IdeState,Inactive,,*,-1,-1
2025-03-10T14:17:10.723-04:00,IdeState,Inactive,,*,-1,-1
2025-03-10T14:17:11.737-04:00,IdeState,Inactive,,*,-1,-1
2025-03-10T14:17:12.754-04:00,IdeState,Inactive,,*,-1,-1
2025-03-10T14:17:13.766-04:00,IdeState,Inactive,,*,-1,-1
2025-03-10T14:17:14.777-04:00,IdeState,Inactive,,*,-1,-1
2025-03-10T14:17:15.779-04:00,IdeState,Inactive,,*,-1,-1
2025-03-10T14:17:16.792-04:00,IdeState,Inactive,,*,-1,-1
2025-03-10T14:17:17.807-04:00,IdeState,Inactive,,*,-1,-1
2025-03-10T14:17:18.824-04:00,IdeState,Inactive,,*,-1,-1
2025-03-10T14:17:19.839-04:00,IdeState,Inactive,,*,-1,-1
2025-03-10T14:17:20.844-04:00,IdeState,Inactive,,*,-1,-1
2025-03-10T14:17:21.859-04:00,IdeState,Inactive,,*,-1,-1
2025-03-10T14:17:22.862-04:00,IdeState,Inactive,,*,-1,-1
2025-03-10T14:17:23.878-04:00,IdeState,Inactive,,*,-1,-1
2025-03-10T14:17:24.881-04:00,IdeState,Inactive,,*,-1,-1
2025-03-10T14:17:25.883-04:00,IdeState,Inactive,,*,-1,-1
2025-03-10T14:17:26.894-04:00,IdeState,Inactive,,*,-1,-1
2025-03-10T14:17:27.895-04:00,IdeState,Inactive,,*,-1,-1
2025-03-10T14:17:28.910-04:00,IdeState,Inactive,,*,-1,-1
2025-03-10T14:17:29.925-04:00,IdeState,Inactive,,*,-1,-1
2025-03-10T14:17:30.929-04:00,IdeState,Inactive,,*,-1,-1
2025-03-10T14:17:31.944-04:00,IdeState,Inactive,,*,-1,-1
2025-03-10T14:17:32.957-04:00,IdeState,Inactive,,*,-1,-1
2025-03-10T14:17:33.969-04:00,IdeState,Inactive,,*,-1,-1
2025-03-10T14:17:34.987-04:00,IdeState,Inactive,,*,-1,-1
2025-03-10T14:17:35.999-04:00,IdeState,Inactive,,*,-1,-1
2025-03-10T14:17:37.012-04:00,IdeState,Inactive,,*,-1,-1
2025-03-10T14:17:38.029-04:00,IdeState,Inactive,,*,-1,-1
2025-03-10T14:17:39.030-04:00,IdeState,Inactive,,*,-1,-1
2025-03-10T14:17:40.052-04:00,IdeState,Inactive,,*,-1,-1
2025-03-10T14:17:41.070-04:00,IdeState,Inactive,,*,-1,-1
2025-03-10T14:17:42.086-04:00,IdeState,Inactive,,*,-1,-1
2025-03-10T14:17:43.099-04:00,IdeState,Inactive,,*,-1,-1
2025-03-10T14:17:44.114-04:00,IdeState,Inactive,,*,-1,-1
2025-03-10T14:17:45.115-04:00,IdeState,Inactive,,*,-1,-1
2025-03-10T14:17:46.125-04:00,IdeState,Inactive,,*,-1,-1
2025-03-10T14:17:47.157-04:00,IdeState,Inactive,,*,-1,-1
2025-03-10T14:17:48.178-04:00,IdeState,Inactive,,*,-1,-1
2025-03-10T14:17:49.196-04:00,IdeState,Inactive,,*,-1,-1
2025-03-10T14:17:50.218-04:00,IdeState,Inactive,,*,-1,-1
2025-03-10T14:17:51.236-04:00,IdeState,Inactive,,*,-1,-1
2025-03-10T14:17:52.245-04:00,IdeState,Inactive,,*,-1,-1
2025-03-10T14:17:53.259-04:00,IdeState,Inactive,,*,-1,-1
2025-03-10T14:17:54.263-04:00,IdeState,Inactive,,*,-1,-1
2025-03-10T14:17:55.290-04:00,IdeState,Inactive,,*,-1,-1
2025-03-10T14:17:56.293-04:00,IdeState,Inactive,,*,-1,-1
2025-03-10T14:17:57.309-04:00,IdeState,Inactive,,*,-1,-1
2025-03-10T14:17:58.323-04:00,IdeState,Inactive,,*,-1,-1
2025-03-10T14:17:59.339-04:00,IdeState,Inactive,,*,-1,-1
2025-03-10T14:18:00.354-04:00,IdeState,Inactive,,*,-1,-1
2025-03-10T14:18:01.362-04:00,IdeState,Inactive,,*,-1,-1
2025-03-10T14:18:02.376-04:00,IdeState,Inactive,,*,-1,-1
2025-03-10T14:18:03.387-04:00,IdeState,Inactive,,*,-1,-1
2025-03-10T14:18:04.402-04:00,IdeState,Inactive,,*,-1,-1
2025-03-10T14:18:05.415-04:00,IdeState,Inactive,,*,-1,-1
2025-03-10T14:18:06.419-04:00,IdeState,Inactive,,*,-1,-1
2025-03-10T14:18:07.431-04:00,IdeState,Inactive,,*,-1,-1
2025-03-10T14:18:08.499-04:00,IdeState,Inactive,,*,-1,-1
2025-03-10T14:18:09.507-04:00,IdeState,Inactive,,*,-1,-1
2025-03-10T14:18:10.513-04:00,IdeState,Inactive,,*,-1,-1
2025-03-10T14:18:11.522-04:00,IdeState,Inactive,,*,-1,-1
2025-03-10T14:18:12.536-04:00,IdeState,Inactive,,*,-1,-1
2025-03-10T14:18:13.549-04:00,IdeState,Inactive,,*,-1,-1
2025-03-10T14:18:14.550-04:00,IdeState,Inactive,,*,-1,-1
2025-03-10T14:18:15.552-04:00,IdeState,Inactive,,*,-1,-1
2025-03-10T14:18:16.563-04:00,IdeState,Inactive,,*,-1,-1
2025-03-10T14:18:17.565-04:00,IdeState,Inactive,,*,-1,-1
2025-03-10T14:18:18.577-04:00,IdeState,Inactive,,*,-1,-1
2025-03-10T14:18:19.596-04:00,IdeState,Inactive,,*,-1,-1
2025-03-10T14:18:20.602-04:00,IdeState,Inactive,,*,-1,-1
2025-03-10T14:18:21.616-04:00,IdeState,Inactive,,*,-1,-1
2025-03-10T14:18:22.627-04:00,IdeState,Inactive,,*,-1,-1
2025-03-10T14:18:23.638-04:00,IdeState,Inactive,,*,-1,-1
2025-03-10T14:18:24.652-04:00,IdeState,Inactive,,*,-1,-1
2025-03-10T14:18:25.654-04:00,IdeState,Inactive,,*,-1,-1
2025-03-10T14:18:26.659-04:00,IdeState,Inactive,,*,-1,-1
2025-03-10T14:18:27.665-04:00,IdeState,Inactive,,*,-1,-1
2025-03-10T14:18:28.679-04:00,IdeState,Inactive,,*,-1,-1
2025-03-10T14:18:29.707-04:00,IdeState,Inactive,,*,-1,-1
2025-03-10T14:18:30.724-04:00,IdeState,Inactive,,*,-1,-1
2025-03-10T14:18:31.725-04:00,IdeState,Inactive,,*,-1,-1
2025-03-10T14:18:32.743-04:00,IdeState,Inactive,,*,-1,-1
2025-03-10T14:18:33.761-04:00,IdeState,Inactive,,*,-1,-1
2025-03-10T14:18:34.765-04:00,IdeState,Inactive,,*,-1,-1
2025-03-10T14:18:35.780-04:00,IdeState,Inactive,,*,-1,-1
2025-03-10T14:18:36.797-04:00,IdeState,Inactive,,*,-1,-1
2025-03-10T14:18:37.809-04:00,IdeState,Inactive,,*,-1,-1
2025-03-10T14:18:38.824-04:00,IdeState,Inactive,,*,-1,-1
2025-03-10T14:18:39.838-04:00,IdeState,Inactive,,*,-1,-1
2025-03-10T14:18:40.851-04:00,IdeState,Inactive,,*,-1,-1
2025-03-10T14:18:41.853-04:00,IdeState,Inactive,,*,-1,-1
2025-03-10T14:18:42.864-04:00,IdeState,Inactive,,*,-1,-1
2025-03-10T14:18:43.871-04:00,IdeState,Inactive,,*,-1,-1
2025-03-10T14:18:44.884-04:00,IdeState,Inactive,,*,-1,-1
2025-03-10T14:18:45.897-04:00,IdeState,Inactive,,*,-1,-1
2025-03-10T14:18:46.906-04:00,IdeState,Inactive,,*,-1,-1
2025-03-10T14:18:47.908-04:00,IdeState,Inactive,,*,-1,-1
2025-03-10T14:18:48.924-04:00,IdeState,Inactive,,*,-1,-1
2025-03-10T14:18:50.028-04:00,IdeState,Inactive,,*,-1,-1
2025-03-10T14:18:51.129-04:00,IdeState,Inactive,,*,-1,-1
2025-03-10T14:18:52.152-04:00,IdeState,Inactive,,*,-1,-1
2025-03-10T14:18:53.157-04:00,IdeState,Inactive,,*,-1,-1
2025-03-10T14:18:54.172-04:00,IdeState,Inactive,,*,-1,-1
2025-03-10T14:18:55.188-04:00,IdeState,Inactive,,*,-1,-1
2025-03-10T14:18:56.197-04:00,IdeState,Inactive,,*,-1,-1
2025-03-10T14:18:57.209-04:00,IdeState,Inactive,,*,-1,-1
2025-03-10T14:18:58.218-04:00,IdeState,Inactive,,*,-1,-1
2025-03-10T14:18:59.228-04:00,IdeState,Inactive,,*,-1,-1
2025-03-10T14:19:00.311-04:00,IdeState,Inactive,,*,-1,-1
2025-03-10T14:19:01.316-04:00,IdeState,Inactive,,*,-1,-1
2025-03-10T14:19:02.333-04:00,IdeState,Inactive,,*,-1,-1
2025-03-10T14:19:03.336-04:00,IdeState,Inactive,,*,-1,-1
2025-03-10T14:19:04.340-04:00,IdeState,Inactive,,*,-1,-1
2025-03-10T14:19:05.351-04:00,IdeState,Inactive,,*,-1,-1
2025-03-10T14:19:06.365-04:00,IdeState,Inactive,,*,-1,-1
2025-03-10T14:19:07.375-04:00,IdeState,Inactive,,*,-1,-1
2025-03-10T14:19:08.391-04:00,IdeState,Inactive,,*,-1,-1
2025-03-10T14:19:09.404-04:00,IdeState,Inactive,,*,-1,-1
2025-03-10T15:24:40.508-04:00,IdeState,Inactive,,*,-1,-1
2025-03-10T15:24:41.524-04:00,IdeState,Inactive,,*,-1,-1
2025-03-10T15:24:42.547-04:00,IdeState,Inactive,,*,-1,-1
2025-03-10T15:24:43.554-04:00,IdeState,Inactive,,*,-1,-1
2025-03-10T15:24:44.565-04:00,IdeState,Inactive,,*,-1,-1
2025-03-10T15:24:45.585-04:00,IdeState,Inactive,,*,-1,-1
2025-03-10T15:24:46.601-04:00,IdeState,Inactive,,*,-1,-1
2025-03-10T15:24:47.602-04:00,IdeState,Inactive,,*,-1,-1
2025-03-10T15:24:48.608-04:00,IdeState,Inactive,,*,-1,-1
2025-03-10T15:24:49.623-04:00,IdeState,Inactive,,*,-1,-1
2025-03-10T15:24:50.632-04:00,IdeState,Inactive,,*,-1,-1
2025-03-10T15:24:51.685-04:00,IdeState,Inactive,,*,-1,-1
2025-03-10T15:24:52.695-04:00,IdeState,Inactive,,*,-1,-1
2025-03-10T15:24:53.771-04:00,IdeState,Inactive,,*,-1,-1
2025-03-10T15:24:54.920-04:00,IdeState,Inactive,,*,-1,-1
2025-03-10T15:24:56.189-04:00,IdeState,Inactive,,*,-1,-1
2025-03-10T15:24:57.333-04:00,IdeState,Inactive,,*,-1,-1
2025-03-10T15:24:59.173-04:00,IdeState,Inactive,,*,-1,-1
2025-03-10T15:25:00.376-04:00,IdeState,Inactive,,*,-1,-1
2025-03-10T15:25:01.402-04:00,IdeState,Inactive,,*,-1,-1
2025-03-10T15:25:02.435-04:00,IdeState,Inactive,,*,-1,-1
2025-03-10T15:25:03.445-04:00,IdeState,Inactive,,*,-1,-1
2025-03-10T15:25:04.452-04:00,IdeState,Inactive,,*,-1,-1
2025-03-10T15:25:05.466-04:00,IdeState,Inactive,,*,-1,-1
2025-03-10T15:25:06.526-04:00,IdeState,Inactive,,*,-1,-1
2025-03-10T15:25:07.543-04:00,IdeState,Inactive,,*,-1,-1
2025-03-10T15:25:08.611-04:00,IdeState,Inactive,,*,-1,-1
2025-03-10T15:25:09.709-04:00,IdeState,Inactive,,*,-1,-1
2025-03-10T15:25:10.906-04:00,IdeState,Inactive,,*,-1,-1
2025-03-10T15:25:12.234-04:00,IdeState,Inactive,,*,-1,-1
2025-03-10T15:25:13.472-04:00,IdeState,Inactive,,*,-1,-1
2025-03-10T15:25:14.610-04:00,IdeState,Inactive,,*,-1,-1
2025-03-10T15:25:16.289-04:00,IdeState,Inactive,,*,-1,-1
2025-03-10T15:25:18.597-04:00,IdeState,Inactive,,*,-1,-1
2025-03-10T15:25:19.723-04:00,IdeState,Inactive,,*,-1,-1
2025-03-10T15:25:20.731-04:00,IdeState,Inactive,,*,-1,-1
2025-03-10T15:25:21.772-04:00,IdeState,Inactive,,*,-1,-1
2025-03-10T15:25:23.007-04:00,IdeState,Inactive,,*,-1,-1
2025-03-10T15:25:24.201-04:00,IdeState,Inactive,,*,-1,-1
2025-03-10T15:25:25.301-04:00,IdeState,Inactive,,*,-1,-1
2025-03-10T15:25:26.317-04:00,IdeState,Inactive,,*,-1,-1
2025-03-10T15:25:27.343-04:00,IdeState,Inactive,,*,-1,-1
2025-03-10T15:25:28.420-04:00,IdeState,Inactive,,*,-1,-1
2025-03-10T15:25:29.518-04:00,IdeState,Inactive,,*,-1,-1
2025-03-10T15:25:30.573-04:00,IdeState,Inactive,,*,-1,-1
2025-03-10T15:25:31.590-04:00,IdeState,Inactive,,*,-1,-1
2025-03-10T15:25:32.608-04:00,IdeState,Inactive,,*,-1,-1
2025-03-10T15:25:33.653-04:00,IdeState,Inactive,,*,-1,-1
2025-03-10T15:25:34.664-04:00,IdeState,Inactive,,*,-1,-1
2025-03-10T15:25:35.674-04:00,IdeState,Inactive,,*,-1,-1
2025-03-10T15:25:36.689-04:00,IdeState,Inactive,,*,-1,-1
2025-03-10T15:25:37.703-04:00,IdeState,Inactive,,*,-1,-1
2025-03-10T15:25:38.765-04:00,IdeState,Inactive,,*,-1,-1
2025-03-10T15:25:39.903-04:00,IdeState,Inactive,,*,-1,-1
2025-03-10T15:25:41.060-04:00,IdeState,Inactive,,*,-1,-1
2025-03-10T15:25:42.070-04:00,IdeState,Inactive,,*,-1,-1
2025-03-10T15:25:43.108-04:00,IdeState,Inactive,,*,-1,-1
2025-03-10T15:25:44.140-04:00,IdeState,Inactive,,*,-1,-1
2025-03-10T15:25:45.189-04:00,IdeState,Inactive,,*,-1,-1
2025-03-10T15:25:46.200-04:00,IdeState,Inactive,,*,-1,-1
2025-03-10T15:25:47.251-04:00,IdeState,Inactive,,*,-1,-1
2025-03-10T15:25:48.256-04:00,IdeState,Inactive,,*,-1,-1
2025-03-10T15:25:49.261-04:00,IdeState,Inactive,,*,-1,-1
2025-03-10T15:25:50.263-04:00,IdeState,Inactive,,*,-1,-1
2025-03-10T15:25:51.281-04:00,IdeState,Inactive,,*,-1,-1
2025-03-10T15:25:52.429-04:00,IdeState,Inactive,,*,-1,-1
2025-03-10T15:25:53.455-04:00,IdeState,Inactive,,*,-1,-1
2025-03-10T15:25:54.501-04:00,IdeState,Inactive,,*,-1,-1
2025-03-10T15:25:55.573-04:00,IdeState,Inactive,,*,-1,-1
2025-03-10T15:25:56.656-04:00,IdeState,Inactive,,*,-1,-1
2025-03-10T15:25:58.485-04:00,IdeState,Inactive,,*,-1,-1
2025-03-10T15:25:59.490-04:00,IdeState,Inactive,,*,-1,-1
2025-03-10T15:26:00.507-04:00,IdeState,Inactive,,*,-1,-1
2025-03-10T15:26:01.564-04:00,IdeState,Inactive,,*,-1,-1
2025-03-10T15:26:02.625-04:00,IdeState,Inactive,,*,-1,-1
2025-03-10T15:26:03.638-04:00,IdeState,Inactive,,*,-1,-1
2025-03-10T15:26:04.656-04:00,IdeState,Inactive,,*,-1,-1
2025-03-10T15:26:05.902-04:00,IdeState,Inactive,,*,-1,-1
2025-03-10T15:26:06.953-04:00,IdeState,Inactive,,*,-1,-1
2025-03-10T15:26:07.958-04:00,IdeState,Inactive,,*,-1,-1
2025-03-10T15:26:08.970-04:00,IdeState,Inactive,,*,-1,-1
2025-03-10T15:26:09.971-04:00,IdeState,Inactive,,*,-1,-1
2025-03-10T15:26:11.002-04:00,IdeState,Inactive,,*,-1,-1
2025-03-10T15:26:12.017-04:00,IdeState,Inactive,,*,-1,-1
2025-03-10T15:26:13.019-04:00,IdeState,Inactive,,*,-1,-1
2025-03-10T15:26:14.034-04:00,IdeState,Inactive,,*,-1,-1
2025-03-10T15:26:15.163-04:00,IdeState,Inactive,,*,-1,-1
2025-03-10T15:26:16.172-04:00,IdeState,Inactive,,*,-1,-1
2025-03-10T15:26:17.183-04:00,IdeState,Inactive,,*,-1,-1
2025-03-10T15:26:18.264-04:00,IdeState,Inactive,,*,-1,-1
2025-03-10T15:26:19.285-04:00,IdeState,Inactive,,*,-1,-1
2025-03-10T15:26:20.297-04:00,IdeState,Inactive,,*,-1,-1
2025-03-10T15:26:21.304-04:00,IdeState,Inactive,,*,-1,-1
2025-03-10T15:26:22.349-04:00,IdeState,Inactive,,*,-1,-1
2025-03-10T15:26:23.713-04:00,IdeState,Inactive,,*,-1,-1
2025-03-10T15:26:24.715-04:00,IdeState,Inactive,,*,-1,-1
2025-03-10T15:26:25.728-04:00,IdeState,Inactive,,*,-1,-1
2025-03-10T15:26:26.743-04:00,IdeState,Inactive,,*,-1,-1
2025-03-10T15:26:27.834-04:00,IdeState,Inactive,,*,-1,-1
2025-03-10T15:26:28.845-04:00,IdeState,Inactive,,*,-1,-1
2025-03-10T15:26:29.863-04:00,IdeState,Inactive,,*,-1,-1
2025-03-10T15:26:30.876-04:00,IdeState,Inactive,,*,-1,-1
2025-03-10T15:26:31.894-04:00,IdeState,Inactive,,*,-1,-1
2025-03-10T15:26:32.917-04:00,IdeState,Inactive,,*,-1,-1
2025-03-10T15:26:33.941-04:00,IdeState,Inactive,,*,-1,-1
2025-03-10T15:26:35.149-04:00,IdeState,Inactive,,*,-1,-1
2025-03-10T15:26:36.161-04:00,IdeState,Inactive,,*,-1,-1
2025-03-10T15:26:37.180-04:00,IdeState,Inactive,,*,-1,-1
2025-03-10T15:26:38.208-04:00,IdeState,Inactive,,*,-1,-1
2025-03-10T15:26:39.221-04:00,IdeState,Inactive,,*,-1,-1
2025-03-10T15:26:40.245-04:00,IdeState,Inactive,,*,-1,-1
2025-03-10T15:26:41.252-04:00,IdeState,Inactive,,*,-1,-1
2025-03-10T15:26:42.269-04:00,IdeState,Inactive,,*,-1,-1
2025-03-10T15:26:43.284-04:00,IdeState,Inactive,,*,-1,-1
2025-03-10T15:26:44.287-04:00,IdeState,Inactive,,*,-1,-1
2025-03-10T15:26:45.302-04:00,IdeState,Inactive,,*,-1,-1
2025-03-10T15:26:46.314-04:00,IdeState,Inactive,,*,-1,-1
2025-03-10T15:26:47.335-04:00,IdeState,Inactive,,*,-1,-1
2025-03-10T15:26:48.342-04:00,IdeState,Inactive,,*,-1,-1
2025-03-10T15:26:49.356-04:00,IdeState,Inactive,,*,-1,-1
2025-03-10T15:26:50.370-04:00,IdeState,Inactive,,*,-1,-1
2025-03-10T15:26:51.372-04:00,IdeState,Inactive,,*,-1,-1
2025-03-10T15:26:52.387-04:00,IdeState,Inactive,,*,-1,-1
2025-03-10T15:26:53.409-04:00,IdeState,Inactive,,*,-1,-1
2025-03-10T15:26:54.430-04:00,IdeState,Inactive,,*,-1,-1
2025-03-10T15:26:55.435-04:00,IdeState,Inactive,,*,-1,-1
2025-03-10T15:26:56.450-04:00,IdeState,Inactive,,*,-1,-1
2025-03-10T15:26:57.456-04:00,IdeState,Inactive,,*,-1,-1
2025-03-10T15:26:58.470-04:00,IdeState,Inactive,,*,-1,-1
2025-03-10T15:26:59.481-04:00,IdeState,Inactive,,*,-1,-1
2025-03-10T15:27:00.486-04:00,IdeState,Inactive,,*,-1,-1
2025-03-10T15:27:01.500-04:00,IdeState,Inactive,,*,-1,-1
2025-03-10T15:27:02.503-04:00,IdeState,Inactive,,*,-1,-1
2025-03-10T15:27:03.515-04:00,IdeState,Inactive,,*,-1,-1
2025-03-10T15:27:04.522-04:00,IdeState,Inactive,,*,-1,-1
2025-03-10T15:27:05.539-04:00,IdeState,Inactive,,*,-1,-1
2025-03-10T15:27:06.554-04:00,IdeState,Inactive,,*,-1,-1
2025-03-10T15:27:07.558-04:00,IdeState,Inactive,,*,-1,-1
2025-03-10T15:27:08.573-04:00,IdeState,Inactive,,*,-1,-1
2025-03-10T15:27:09.583-04:00,IdeState,Inactive,,*,-1,-1
2025-03-10T15:27:10.595-04:00,IdeState,Inactive,,*,-1,-1
2025-03-10T15:27:11.609-04:00,IdeState,Inactive,,*,-1,-1
2025-03-10T15:27:12.626-04:00,IdeState,Inactive,,*,-1,-1
2025-03-10T15:27:13.634-04:00,IdeState,Inactive,,*,-1,-1
2025-03-10T15:27:14.638-04:00,IdeState,Inactive,,*,-1,-1
2025-03-10T15:27:15.657-04:00,IdeState,Inactive,,*,-1,-1
2025-03-10T15:27:16.669-04:00,IdeState,Inactive,,*,-1,-1
2025-03-10T15:27:17.673-04:00,IdeState,Inactive,,*,-1,-1
2025-03-10T15:27:18.678-04:00,IdeState,Inactive,,*,-1,-1
2025-03-10T15:27:19.694-04:00,IdeState,Inactive,,*,-1,-1
2025-03-10T15:27:20.711-04:00,IdeState,Inactive,,*,-1,-1
2025-03-10T15:27:21.721-04:00,IdeState,Inactive,,*,-1,-1
2025-03-10T15:27:22.744-04:00,IdeState,Inactive,,*,-1,-1
2025-03-10T15:27:23.749-04:00,IdeState,Inactive,,*,-1,-1
2025-03-10T15:27:24.762-04:00,IdeState,Inactive,,*,-1,-1
2025-03-10T15:27:25.776-04:00,IdeState,Inactive,,*,-1,-1
2025-03-10T15:27:26.790-04:00,IdeState,Inactive,,*,-1,-1
2025-03-10T15:27:27.791-04:00,IdeState,Inactive,,*,-1,-1
2025-03-10T15:27:28.805-04:00,IdeState,Inactive,,*,-1,-1
2025-03-10T15:27:29.834-04:00,IdeState,Inactive,,*,-1,-1
2025-03-10T15:27:30.844-04:00,IdeState,Inactive,,*,-1,-1
2025-03-10T15:27:31.924-04:00,IdeState,Inactive,,*,-1,-1
2025-03-10T15:27:32.933-04:00,IdeState,Inactive,,*,-1,-1
2025-03-10T15:27:33.935-04:00,IdeState,Inactive,,*,-1,-1
2025-03-10T15:27:34.950-04:00,IdeState,Inactive,,*,-1,-1
2025-03-10T15:27:35.962-04:00,IdeState,Inactive,,*,-1,-1
2025-03-10T15:27:36.975-04:00,IdeState,Inactive,,*,-1,-1
2025-03-10T15:27:37.976-04:00,IdeState,Inactive,,*,-1,-1
2025-03-10T15:27:38.992-04:00,IdeState,Inactive,,*,-1,-1
2025-03-10T15:27:40.008-04:00,IdeState,Inactive,,*,-1,-1
2025-03-10T15:27:41.021-04:00,IdeState,Inactive,,*,-1,-1
2025-03-10T15:27:42.106-04:00,IdeState,Inactive,,*,-1,-1
2025-03-10T15:27:43.113-04:00,IdeState,Inactive,,*,-1,-1
2025-03-10T15:27:44.123-04:00,IdeState,Inactive,,*,-1,-1
2025-03-10T15:27:45.134-04:00,IdeState,Inactive,,*,-1,-1
2025-03-10T15:27:46.147-04:00,IdeState,Inactive,,*,-1,-1
2025-03-10T15:27:47.158-04:00,IdeState,Inactive,,*,-1,-1
2025-03-10T15:27:48.174-04:00,IdeState,Inactive,,*,-1,-1
2025-03-10T15:27:49.188-04:00,IdeState,Inactive,,*,-1,-1
2025-03-10T15:27:50.203-04:00,IdeState,Inactive,,*,-1,-1
2025-03-10T15:27:51.285-04:00,IdeState,Inactive,,*,-1,-1
2025-03-10T15:27:52.301-04:00,IdeState,Inactive,,*,-1,-1
2025-03-10T15:27:53.307-04:00,IdeState,Inactive,,*,-1,-1
2025-03-10T15:27:54.324-04:00,IdeState,Inactive,,*,-1,-1
2025-03-10T15:27:55.335-04:00,IdeState,Inactive,,*,-1,-1
2025-03-10T15:27:56.347-04:00,IdeState,Inactive,,*,-1,-1
2025-03-10T15:27:57.361-04:00,IdeState,Inactive,,*,-1,-1
2025-03-10T15:27:58.363-04:00,IdeState,Inactive,,*,-1,-1
2025-03-10T15:27:59.367-04:00,IdeState,Inactive,,*,-1,-1
2025-03-10T15:28:00.371-04:00,IdeState,Inactive,,*,-1,-1
2025-03-10T15:28:01.380-04:00,IdeState,Inactive,,*,-1,-1
2025-03-10T15:28:02.413-04:00,IdeState,Inactive,,*,-1,-1
2025-03-10T15:28:03.428-04:00,IdeState,Inactive,,*,-1,-1
2025-03-10T15:28:04.442-04:00,IdeState,Inactive,,*,-1,-1
2025-03-10T15:28:05.443-04:00,IdeState,Inactive,,*,-1,-1
2025-03-10T15:28:06.454-04:00,IdeState,Inactive,,*,-1,-1
2025-03-10T15:28:07.467-04:00,IdeState,Inactive,,*,-1,-1
2025-03-10T15:28:08.470-04:00,IdeState,Inactive,,*,-1,-1
2025-03-10T15:28:09.485-04:00,IdeState,Inactive,,*,-1,-1
2025-03-10T15:28:10.500-04:00,IdeState,Inactive,,*,-1,-1
2025-03-10T15:28:11.514-04:00,IdeState,Inactive,,*,-1,-1
2025-03-10T15:28:12.529-04:00,IdeState,Inactive,,*,-1,-1
2025-03-10T15:28:13.532-04:00,IdeState,Inactive,,*,-1,-1
2025-03-10T15:28:14.534-04:00,IdeState,Inactive,,*,-1,-1
2025-03-10T15:28:15.558-04:00,IdeState,Inactive,,*,-1,-1
2025-03-10T15:28:16.570-04:00,IdeState,Inactive,,*,-1,-1
2025-03-10T15:28:17.586-04:00,IdeState,Inactive,,*,-1,-1
2025-03-10T15:28:18.600-04:00,IdeState,Inactive,,*,-1,-1
2025-03-10T15:28:19.609-04:00,IdeState,Inactive,,*,-1,-1
2025-03-10T15:28:20.623-04:00,IdeState,Inactive,,*,-1,-1
2025-03-10T15:28:21.635-04:00,IdeState,Inactive,,*,-1,-1
2025-03-10T15:28:22.636-04:00,IdeState,Inactive,,*,-1,-1
2025-03-10T15:28:23.648-04:00,IdeState,Inactive,,*,-1,-1
2025-03-10T15:28:24.660-04:00,IdeState,Inactive,,*,-1,-1
2025-03-10T15:28:25.672-04:00,IdeState,Inactive,,*,-1,-1
2025-03-10T15:28:26.702-04:00,IdeState,Inactive,,*,-1,-1
2025-03-10T15:28:27.708-04:00,IdeState,Inactive,,*,-1,-1
2025-03-10T15:28:28.750-04:00,IdeState,Inactive,,*,-1,-1
2025-03-10T15:28:29.766-04:00,IdeState,Inactive,,*,-1,-1
2025-03-10T15:28:30.778-04:00,IdeState,Inactive,,*,-1,-1
2025-03-10T15:28:31.793-04:00,IdeState,Inactive,,*,-1,-1
2025-03-10T15:28:32.808-04:00,IdeState,Inactive,,*,-1,-1
2025-03-10T15:28:33.811-04:00,IdeState,Inactive,,*,-1,-1
2025-03-10T15:28:34.826-04:00,IdeState,Inactive,,*,-1,-1
2025-03-10T15:28:35.831-04:00,IdeState,Inactive,,*,-1,-1
2025-03-10T15:28:36.833-04:00,IdeState,Inactive,,*,-1,-1
2025-03-10T15:28:37.845-04:00,IdeState,Inactive,,*,-1,-1
2025-03-10T15:28:38.859-04:00,IdeState,Inactive,,*,-1,-1
2025-03-10T15:28:39.874-04:00,IdeState,Inactive,,*,-1,-1
2025-03-10T15:28:40.889-04:00,IdeState,Inactive,,*,-1,-1
2025-03-10T15:28:41.904-04:00,IdeState,Inactive,,*,-1,-1
2025-03-10T15:28:42.909-04:00,IdeState,Inactive,,*,-1,-1
2025-03-10T15:28:43.923-04:00,IdeState,Inactive,,*,-1,-1
2025-03-10T15:28:44.938-04:00,IdeState,Inactive,,*,-1,-1
2025-03-10T15:28:45.943-04:00,IdeState,Inactive,,*,-1,-1
2025-03-10T15:28:46.960-04:00,IdeState,Inactive,,*,-1,-1
2025-03-10T15:28:47.965-04:00,IdeState,Inactive,,*,-1,-1
2025-03-10T15:28:48.967-04:00,IdeState,Inactive,,*,-1,-1
2025-03-10T15:28:49.980-04:00,IdeState,Inactive,,*,-1,-1
2025-03-10T15:28:50.996-04:00,IdeState,Inactive,,*,-1,-1
2025-03-10T15:28:52.012-04:00,IdeState,Inactive,,*,-1,-1
2025-03-10T15:28:53.028-04:00,IdeState,Inactive,,*,-1,-1
2025-03-10T15:28:55.037-04:00,IdeState,Inactive,,*,-1,-1
2025-03-10T15:28:56.053-04:00,IdeState,Inactive,,*,-1,-1
2025-03-10T15:28:57.057-04:00,IdeState,Inactive,,*,-1,-1
2025-03-10T15:28:58.067-04:00,IdeState,Inactive,,*,-1,-1
2025-03-10T15:28:59.083-04:00,IdeState,Inactive,,*,-1,-1
2025-03-10T15:29:00.085-04:00,IdeState,Inactive,,*,-1,-1
2025-03-10T15:29:01.093-04:00,IdeState,Inactive,,*,-1,-1
2025-03-10T15:29:02.099-04:00,IdeState,Inactive,,*,-1,-1
2025-03-10T15:29:03.102-04:00,IdeState,Inactive,,*,-1,-1
2025-03-10T15:29:04.115-04:00,IdeState,Inactive,,*,-1,-1
2025-03-10T15:29:05.119-04:00,IdeState,Inactive,,*,-1,-1
2025-03-10T15:29:06.120-04:00,IdeState,Inactive,,*,-1,-1
2025-03-10T15:29:07.135-04:00,IdeState,Inactive,,*,-1,-1
2025-03-10T15:29:08.148-04:00,IdeState,Inactive,,*,-1,-1
2025-03-10T15:29:09.154-04:00,IdeState,Inactive,,*,-1,-1
2025-03-10T15:29:10.158-04:00,IdeState,Inactive,,*,-1,-1
2025-03-10T15:29:11.170-04:00,IdeState,Inactive,,*,-1,-1
2025-03-10T15:29:12.178-04:00,IdeState,Inactive,,*,-1,-1
2025-03-10T15:29:13.197-04:00,IdeState,Inactive,,*,-1,-1
2025-03-10T15:29:14.211-04:00,IdeState,Inactive,,*,-1,-1
2025-03-10T15:29:15.250-04:00,IdeState,Inactive,,*,-1,-1
2025-03-10T15:29:16.265-04:00,IdeState,Inactive,,*,-1,-1
2025-03-10T15:29:17.282-04:00,IdeState,Inactive,,*,-1,-1
2025-03-10T15:29:18.293-04:00,IdeState,Inactive,,*,-1,-1
2025-03-10T15:29:19.308-04:00,IdeState,Inactive,,*,-1,-1
2025-03-10T15:29:20.323-04:00,IdeState,Inactive,,*,-1,-1
2025-03-10T15:29:21.336-04:00,IdeState,Inactive,,*,-1,-1
2025-03-10T15:29:22.350-04:00,IdeState,Inactive,,*,-1,-1
2025-03-10T15:29:23.365-04:00,IdeState,Inactive,,*,-1,-1
2025-03-10T15:29:24.378-04:00,IdeState,Inactive,,*,-1,-1
2025-03-10T15:29:25.394-04:00,IdeState,Inactive,,*,-1,-1
2025-03-10T15:29:26.408-04:00,IdeState,Inactive,,*,-1,-1
2025-03-10T15:29:27.420-04:00,IdeState,Inactive,,*,-1,-1
2025-03-10T15:29:28.434-04:00,IdeState,Inactive,,*,-1,-1
2025-03-10T15:29:29.448-04:00,IdeState,Inactive,,*,-1,-1
2025-03-10T15:29:30.462-04:00,IdeState,Inactive,,*,-1,-1
2025-03-10T15:29:31.479-04:00,IdeState,Inactive,,*,-1,-1
2025-03-10T15:29:32.497-04:00,IdeState,Inactive,,*,-1,-1
2025-03-10T15:29:33.499-04:00,IdeState,Inactive,,*,-1,-1
2025-03-10T15:29:34.548-04:00,IdeState,Inactive,,*,-1,-1
2025-03-10T15:29:35.560-04:00,IdeState,Inactive,,*,-1,-1
2025-03-10T15:29:36.577-04:00,IdeState,Inactive,,*,-1,-1
2025-03-10T15:29:37.585-04:00,IdeState,Inactive,,*,-1,-1
2025-03-10T15:29:38.590-04:00,IdeState,Inactive,,*,-1,-1
2025-03-10T15:29:39.594-04:00,IdeState,Inactive,,*,-1,-1
2025-03-10T15:29:40.661-04:00,IdeState,Inactive,,*,-1,-1
2025-03-10T15:29:41.672-04:00,IdeState,Inactive,,*,-1,-1
2025-03-10T15:29:42.693-04:00,IdeState,Inactive,,*,-1,-1
2025-03-10T15:29:43.721-04:00,IdeState,Inactive,,*,-1,-1
2025-03-10T15:29:44.727-04:00,IdeState,Inactive,,*,-1,-1
2025-03-10T15:29:45.741-04:00,IdeState,Inactive,,*,-1,-1
2025-03-10T15:29:46.743-04:00,IdeState,Inactive,,*,-1,-1
2025-03-10T15:29:47.758-04:00,IdeState,Inactive,,*,-1,-1
2025-03-10T15:29:48.760-04:00,IdeState,Inactive,,*,-1,-1
2025-03-10T15:29:49.777-04:00,IdeState,Inactive,,*,-1,-1
2025-03-10T15:29:50.783-04:00,IdeState,Inactive,,*,-1,-1
2025-03-10T15:29:51.792-04:00,IdeState,Inactive,,*,-1,-1
2025-03-10T15:29:52.826-04:00,IdeState,Inactive,,*,-1,-1
2025-03-10T15:29:53.841-04:00,IdeState,Inactive,,*,-1,-1
2025-03-10T15:29:54.852-04:00,IdeState,Inactive,,*,-1,-1
2025-03-10T15:29:55.877-04:00,IdeState,Inactive,,*,-1,-1
2025-03-10T15:29:56.884-04:00,IdeState,Inactive,,*,-1,-1
2025-03-10T15:29:57.897-04:00,IdeState,Inactive,,*,-1,-1
2025-03-10T15:29:58.913-04:00,IdeState,Inactive,,*,-1,-1
2025-03-10T15:29:59.926-04:00,IdeState,Inactive,,*,-1,-1
2025-03-10T15:30:00.942-04:00,IdeState,Inactive,,*,-1,-1
2025-03-10T15:30:01.957-04:00,IdeState,Inactive,,*,-1,-1
2025-03-10T15:30:02.965-04:00,IdeState,Inactive,,*,-1,-1
2025-03-10T15:30:03.975-04:00,IdeState,Inactive,,*,-1,-1
2025-03-10T15:30:04.988-04:00,IdeState,Inactive,,*,-1,-1
2025-03-10T15:30:06.002-04:00,IdeState,Inactive,,*,-1,-1
2025-03-10T15:30:07.003-04:00,IdeState,Inactive,,*,-1,-1
2025-03-10T15:30:08.016-04:00,IdeState,Inactive,,*,-1,-1
2025-03-10T15:30:09.028-04:00,IdeState,Inactive,,*,-1,-1
2025-03-10T15:30:10.044-04:00,IdeState,Inactive,,*,-1,-1
2025-03-10T15:30:11.058-04:00,IdeState,Inactive,,*,-1,-1
2025-03-10T15:30:12.070-04:00,IdeState,Inactive,,*,-1,-1
2025-03-10T15:30:13.090-04:00,IdeState,Inactive,,*,-1,-1
2025-03-10T15:30:14.099-04:00,IdeState,Inactive,,*,-1,-1
2025-03-10T15:30:15.115-04:00,IdeState,Inactive,,*,-1,-1
2025-03-10T15:30:16.128-04:00,IdeState,Inactive,,*,-1,-1
2025-03-10T15:30:17.134-04:00,IdeState,Inactive,,*,-1,-1
2025-03-10T15:30:18.136-04:00,IdeState,Inactive,,*,-1,-1
2025-03-10T15:30:19.151-04:00,IdeState,Inactive,,*,-1,-1
2025-03-10T15:30:20.166-04:00,IdeState,Inactive,,*,-1,-1
2025-03-10T15:30:21.179-04:00,IdeState,Inactive,,*,-1,-1
2025-03-10T15:30:22.181-04:00,IdeState,Inactive,,*,-1,-1
2025-03-10T15:30:23.200-04:00,IdeState,Inactive,,*,-1,-1
2025-03-10T15:30:24.216-04:00,IdeState,Inactive,,*,-1,-1
2025-03-10T15:30:25.240-04:00,IdeState,Inactive,,*,-1,-1
2025-03-10T15:30:26.246-04:00,IdeState,Inactive,,*,-1,-1
2025-03-10T15:30:27.260-04:00,IdeState,Inactive,,*,-1,-1
2025-03-10T15:30:28.275-04:00,IdeState,Inactive,,*,-1,-1
2025-03-10T15:30:29.285-04:00,IdeState,Inactive,,*,-1,-1
2025-03-10T15:30:30.299-04:00,IdeState,Inactive,,*,-1,-1
2025-03-10T15:30:31.314-04:00,IdeState,Inactive,,*,-1,-1
2025-03-10T15:30:32.327-04:00,IdeState,Inactive,,*,-1,-1
2025-03-10T15:30:33.342-04:00,IdeState,Inactive,,*,-1,-1
2025-03-10T15:30:34.357-04:00,IdeState,Inactive,,*,-1,-1
2025-03-10T15:30:35.362-04:00,IdeState,Inactive,,*,-1,-1
2025-03-10T15:30:36.375-04:00,IdeState,Inactive,,*,-1,-1
2025-03-10T15:30:37.386-04:00,IdeState,Inactive,,*,-1,-1
2025-03-10T15:30:38.403-04:00,IdeState,Inactive,,*,-1,-1
2025-03-10T15:30:39.417-04:00,IdeState,Inactive,,*,-1,-1
2025-03-10T15:30:40.430-04:00,IdeState,Inactive,,*,-1,-1
2025-03-10T15:30:41.443-04:00,IdeState,Inactive,,*,-1,-1
2025-03-10T15:30:42.458-04:00,IdeState,Inactive,,*,-1,-1
2025-03-10T15:30:43.462-04:00,IdeState,Inactive,,*,-1,-1
2025-03-10T15:30:44.468-04:00,IdeState,Inactive,,*,-1,-1
2025-03-10T15:30:45.485-04:00,IdeState,Inactive,,*,-1,-1
2025-03-10T15:30:46.500-04:00,IdeState,Inactive,,*,-1,-1
2025-03-10T15:30:47.517-04:00,IdeState,Inactive,,*,-1,-1
2025-03-10T15:30:48.535-04:00,IdeState,Inactive,,*,-1,-1
2025-03-10T15:30:49.548-04:00,IdeState,Inactive,,*,-1,-1
2025-03-10T15:30:50.623-04:00,IdeState,Inactive,,*,-1,-1
2025-03-10T15:30:51.632-04:00,IdeState,Inactive,,*,-1,-1
2025-03-10T15:30:52.757-04:00,IdeState,Inactive,,*,-1,-1
2025-03-10T15:30:53.774-04:00,IdeState,Inactive,,*,-1,-1
2025-03-10T15:30:54.784-04:00,IdeState,Inactive,,*,-1,-1
2025-03-10T15:30:55.808-04:00,IdeState,Inactive,,*,-1,-1
2025-03-10T15:30:56.824-04:00,IdeState,Inactive,,*,-1,-1
2025-03-10T15:30:57.839-04:00,IdeState,Inactive,,*,-1,-1
2025-03-10T15:30:58.855-04:00,IdeState,Inactive,,*,-1,-1
2025-03-10T15:30:59.864-04:00,IdeState,Inactive,,*,-1,-1
2025-03-10T15:31:00.880-04:00,IdeState,Inactive,,*,-1,-1
2025-03-10T15:31:01.891-04:00,IdeState,Inactive,,*,-1,-1
2025-03-10T15:31:02.911-04:00,IdeState,Inactive,,*,-1,-1
2025-03-10T15:31:03.922-04:00,IdeState,Inactive,,*,-1,-1
2025-03-10T15:31:04.938-04:00,IdeState,Inactive,,*,-1,-1
2025-03-10T15:31:05.953-04:00,IdeState,Inactive,,*,-1,-1
2025-03-10T15:31:06.954-04:00,IdeState,Inactive,,*,-1,-1
2025-03-10T15:31:07.970-04:00,IdeState,Inactive,,*,-1,-1
2025-03-10T15:31:08.983-04:00,IdeState,Inactive,,*,-1,-1
2025-03-10T15:31:10.040-04:00,IdeState,Inactive,,*,-1,-1
2025-03-10T15:31:11.059-04:00,IdeState,Inactive,,*,-1,-1
2025-03-10T15:31:12.073-04:00,IdeState,Inactive,,*,-1,-1
2025-03-10T15:31:13.084-04:00,IdeState,Inactive,,*,-1,-1
2025-03-10T15:31:14.098-04:00,IdeState,Inactive,,*,-1,-1
2025-03-10T15:31:15.109-04:00,IdeState,Inactive,,*,-1,-1
2025-03-10T15:31:16.126-04:00,IdeState,Inactive,,*,-1,-1
2025-03-10T15:31:17.140-04:00,IdeState,Inactive,,*,-1,-1
2025-03-10T15:31:18.142-04:00,IdeState,Inactive,,*,-1,-1
2025-03-10T15:31:19.144-04:00,IdeState,Inactive,,*,-1,-1
2025-03-10T15:31:20.153-04:00,IdeState,Inactive,,*,-1,-1
2025-03-10T15:31:21.155-04:00,IdeState,Inactive,,*,-1,-1
2025-03-10T15:31:22.167-04:00,IdeState,Inactive,,*,-1,-1
2025-03-10T15:31:23.174-04:00,IdeState,Inactive,,*,-1,-1
2025-03-10T15:31:24.186-04:00,IdeState,Inactive,,*,-1,-1
2025-03-10T15:31:25.198-04:00,IdeState,Inactive,,*,-1,-1
2025-03-10T15:31:26.212-04:00,IdeState,Inactive,,*,-1,-1
2025-03-10T15:31:27.241-04:00,IdeState,Inactive,,*,-1,-1
2025-03-10T15:31:28.244-04:00,IdeState,Inactive,,*,-1,-1
2025-03-10T15:31:29.245-04:00,IdeState,Inactive,,*,-1,-1
2025-03-10T15:31:30.259-04:00,IdeState,Inactive,,*,-1,-1
2025-03-10T15:31:31.273-04:00,IdeState,Inactive,,*,-1,-1
2025-03-10T15:31:32.288-04:00,IdeState,Inactive,,*,-1,-1
2025-03-10T15:31:33.293-04:00,IdeState,Inactive,,*,-1,-1
2025-03-10T15:31:34.306-04:00,IdeState,Inactive,,*,-1,-1
2025-03-10T15:31:35.309-04:00,IdeState,Inactive,,*,-1,-1
2025-03-10T15:31:36.312-04:00,IdeState,Inactive,,*,-1,-1
2025-03-10T15:31:37.326-04:00,IdeState,Inactive,,*,-1,-1
2025-03-10T15:31:38.339-04:00,IdeState,Inactive,,*,-1,-1
2025-03-10T15:31:39.354-04:00,IdeState,Inactive,,*,-1,-1
2025-03-10T15:31:40.369-04:00,IdeState,Inactive,,*,-1,-1
2025-03-10T15:31:41.383-04:00,IdeState,Inactive,,*,-1,-1
2025-03-10T15:31:42.385-04:00,IdeState,Inactive,,*,-1,-1
2025-03-10T15:31:43.397-04:00,IdeState,Inactive,,*,-1,-1
2025-03-10T15:31:44.400-04:00,IdeState,Inactive,,*,-1,-1
2025-03-10T15:31:45.414-04:00,IdeState,Inactive,,*,-1,-1
2025-03-10T15:31:46.426-04:00,IdeState,Inactive,,*,-1,-1
2025-03-10T15:31:47.447-04:00,IdeState,Inactive,,*,-1,-1
2025-03-10T15:31:48.454-04:00,IdeState,Inactive,,*,-1,-1
2025-03-10T15:31:49.457-04:00,IdeState,Inactive,,*,-1,-1
2025-03-10T15:31:50.471-04:00,IdeState,Inactive,,*,-1,-1
2025-03-10T15:31:51.485-04:00,IdeState,Inactive,,*,-1,-1
2025-03-10T15:31:52.501-04:00,IdeState,Inactive,,*,-1,-1
2025-03-10T15:31:53.516-04:00,IdeState,Inactive,,*,-1,-1
2025-03-10T15:31:54.529-04:00,IdeState,Inactive,,*,-1,-1
2025-03-10T15:31:55.545-04:00,IdeState,Inactive,,*,-1,-1
2025-03-10T15:31:56.559-04:00,IdeState,Inactive,,*,-1,-1
2025-03-10T15:31:57.563-04:00,IdeState,Inactive,,*,-1,-1
2025-03-10T15:31:58.578-04:00,IdeState,Inactive,,*,-1,-1
2025-03-10T15:31:59.580-04:00,IdeState,Inactive,,*,-1,-1
2025-03-10T15:32:00.590-04:00,IdeState,Inactive,,*,-1,-1
2025-03-10T15:32:01.604-04:00,IdeState,Inactive,,*,-1,-1
2025-03-10T15:32:02.621-04:00,IdeState,Inactive,,*,-1,-1
2025-03-10T15:32:03.623-04:00,IdeState,Inactive,,*,-1,-1
2025-03-10T15:32:04.638-04:00,IdeState,Inactive,,*,-1,-1
2025-03-10T15:32:05.646-04:00,IdeState,Inactive,,*,-1,-1
2025-03-10T15:32:06.664-04:00,IdeState,Inactive,,*,-1,-1
2025-03-10T15:32:07.678-04:00,IdeState,Inactive,,*,-1,-1
2025-03-10T15:32:08.681-04:00,IdeState,Inactive,,*,-1,-1
2025-03-10T15:32:09.683-04:00,IdeState,Inactive,,*,-1,-1
2025-03-10T15:32:10.700-04:00,IdeState,Inactive,,*,-1,-1
2025-03-10T15:32:11.726-04:00,IdeState,Inactive,,*,-1,-1
2025-03-10T15:32:12.731-04:00,IdeState,Inactive,,*,-1,-1
2025-03-10T15:32:13.744-04:00,IdeState,Inactive,,*,-1,-1
2025-03-10T15:32:14.760-04:00,IdeState,Inactive,,*,-1,-1
2025-03-10T15:32:15.776-04:00,IdeState,Inactive,,*,-1,-1
2025-03-10T15:32:16.786-04:00,IdeState,Inactive,,*,-1,-1
2025-03-10T15:32:17.790-04:00,IdeState,Inactive,,*,-1,-1
2025-03-10T15:32:18.799-04:00,IdeState,Inactive,,*,-1,-1
2025-03-10T15:32:19.805-04:00,IdeState,Inactive,,*,-1,-1
2025-03-10T15:32:20.819-04:00,IdeState,Inactive,,*,-1,-1
2025-03-10T15:32:21.832-04:00,IdeState,Inactive,,*,-1,-1
2025-03-10T15:32:22.849-04:00,IdeState,Inactive,,*,-1,-1
2025-03-10T15:32:23.861-04:00,IdeState,Inactive,,*,-1,-1
2025-03-10T15:32:24.872-04:00,IdeState,Inactive,,*,-1,-1
2025-03-10T15:32:25.873-04:00,IdeState,Inactive,,*,-1,-1
2025-03-10T15:32:26.875-04:00,IdeState,Inactive,,*,-1,-1
2025-03-10T15:32:27.883-04:00,IdeState,Inactive,,*,-1,-1
2025-03-10T15:32:28.889-04:00,IdeState,Inactive,,*,-1,-1
2025-03-10T15:32:29.895-04:00,IdeState,Inactive,,*,-1,-1
2025-03-10T15:32:30.900-04:00,IdeState,Inactive,,*,-1,-1
2025-03-10T15:32:31.930-04:00,IdeState,Inactive,,*,-1,-1
2025-03-10T15:32:33.078-04:00,IdeState,Inactive,,*,-1,-1
2025-03-10T15:32:34.092-04:00,IdeState,Inactive,,*,-1,-1
2025-03-10T15:32:35.160-04:00,IdeState,Inactive,,*,-1,-1
2025-03-10T15:32:36.164-04:00,IdeState,Inactive,,*,-1,-1
2025-03-10T15:32:37.187-04:00,IdeState,Inactive,,*,-1,-1
2025-03-10T15:32:38.202-04:00,IdeState,Inactive,,*,-1,-1
2025-03-10T15:32:39.206-04:00,IdeState,Inactive,,*,-1,-1
2025-03-10T15:32:40.225-04:00,IdeState,Inactive,,*,-1,-1
2025-03-10T15:32:41.304-04:00,IdeState,Inactive,,*,-1,-1
2025-03-10T15:32:42.308-04:00,IdeState,Inactive,,*,-1,-1
2025-03-10T15:32:43.315-04:00,IdeState,Inactive,,*,-1,-1
2025-03-10T15:32:44.329-04:00,IdeState,Inactive,,*,-1,-1
2025-03-10T15:32:45.339-04:00,IdeState,Inactive,,*,-1,-1
2025-03-10T15:32:46.352-04:00,IdeState,Inactive,,*,-1,-1
2025-03-10T15:32:47.364-04:00,IdeState,Inactive,,*,-1,-1
2025-03-10T15:32:48.376-04:00,IdeState,Inactive,,*,-1,-1
2025-03-10T15:32:49.390-04:00,IdeState,Inactive,,*,-1,-1
2025-03-10T15:32:50.403-04:00,IdeState,Inactive,,*,-1,-1
2025-03-10T15:32:51.419-04:00,IdeState,Inactive,,*,-1,-1
2025-03-10T15:32:52.429-04:00,IdeState,Inactive,,*,-1,-1
2025-03-10T15:32:53.448-04:00,IdeState,Inactive,,*,-1,-1
2025-03-10T15:32:54.456-04:00,IdeState,Inactive,,*,-1,-1
2025-03-10T15:32:55.474-04:00,IdeState,Inactive,,*,-1,-1
2025-03-10T15:32:56.481-04:00,IdeState,Inactive,,*,-1,-1
2025-03-10T15:38:23.580-04:00,IdeState,Inactive,,*,-1,-1
2025-03-10T15:38:24.594-04:00,IdeState,Inactive,,*,-1,-1
2025-03-10T15:38:25.608-04:00,IdeState,Inactive,,*,-1,-1
2025-03-10T15:38:26.622-04:00,IdeState,Inactive,,*,-1,-1
2025-03-10T15:38:27.633-04:00,IdeState,Inactive,,*,-1,-1
2025-03-10T15:38:28.652-04:00,IdeState,Inactive,,*,-1,-1
2025-03-10T15:38:29.658-04:00,IdeState,Inactive,,*,-1,-1
2025-03-10T15:38:30.730-04:00,IdeState,Inactive,,*,-1,-1
2025-03-10T15:38:32.250-04:00,IdeState,Inactive,,*,-1,-1
2025-03-10T15:38:33.296-04:00,IdeState,Inactive,,*,-1,-1
2025-03-10T15:38:34.698-04:00,IdeState,Inactive,,*,-1,-1
2025-03-10T15:38:36.156-04:00,IdeState,Inactive,,*,-1,-1
2025-03-10T15:38:37.206-04:00,IdeState,Inactive,,*,-1,-1
2025-03-10T15:38:38.217-04:00,IdeState,Inactive,,*,-1,-1
2025-03-10T15:38:39.370-04:00,IdeState,Inactive,,*,-1,-1
2025-03-10T15:38:40.378-04:00,IdeState,Inactive,,*,-1,-1
2025-03-10T15:38:41.679-04:00,IdeState,Inactive,,*,-1,-1
2025-03-10T15:38:42.691-04:00,IdeState,Inactive,,*,-1,-1
2025-03-10T15:38:43.738-04:00,IdeState,Inactive,,*,-1,-1
2025-03-10T15:38:44.817-04:00,IdeState,Inactive,,*,-1,-1
2025-03-10T15:38:45.835-04:00,IdeState,Inactive,,*,-1,-1
2025-03-10T15:38:46.848-04:00,IdeState,Inactive,,*,-1,-1
2025-03-10T15:38:47.863-04:00,IdeState,Inactive,,*,-1,-1
2025-03-10T15:38:48.901-04:00,IdeState,Inactive,,*,-1,-1
2025-03-10T15:38:49.915-04:00,IdeState,Inactive,,*,-1,-1
2025-03-10T15:38:50.930-04:00,IdeState,Inactive,,*,-1,-1
2025-03-10T15:38:52.041-04:00,IdeState,Inactive,,*,-1,-1
2025-03-10T15:38:53.161-04:00,IdeState,Inactive,,*,-1,-1
2025-03-10T15:38:54.174-04:00,IdeState,Inactive,,*,-1,-1
2025-03-10T15:38:55.201-04:00,IdeState,Inactive,,*,-1,-1
2025-03-10T15:38:56.226-04:00,IdeState,Inactive,,*,-1,-1
2025-03-10T15:38:57.236-04:00,IdeState,Inactive,,*,-1,-1
2025-03-10T15:38:58.284-04:00,IdeState,Inactive,,*,-1,-1
2025-03-10T15:38:59.286-04:00,IdeState,Inactive,,*,-1,-1
2025-03-10T15:39:00.290-04:00,IdeState,Inactive,,*,-1,-1
2025-03-10T15:39:01.292-04:00,IdeState,Inactive,,*,-1,-1
2025-03-10T15:39:02.307-04:00,IdeState,Inactive,,*,-1,-1
2025-03-10T15:39:03.325-04:00,IdeState,Inactive,,*,-1,-1
2025-03-10T15:39:04.327-04:00,IdeState,Inactive,,*,-1,-1
2025-03-10T15:39:05.339-04:00,IdeState,Inactive,,*,-1,-1
2025-03-10T15:39:06.354-04:00,IdeState,Inactive,,*,-1,-1
2025-03-10T15:39:07.368-04:00,IdeState,Inactive,,*,-1,-1
2025-03-10T15:39:08.382-04:00,IdeState,Inactive,,*,-1,-1
2025-03-10T15:39:09.398-04:00,IdeState,Inactive,,*,-1,-1
2025-03-10T15:39:10.400-04:00,IdeState,Inactive,,*,-1,-1
2025-03-10T15:39:11.415-04:00,IdeState,Inactive,,*,-1,-1
2025-03-10T15:39:12.427-04:00,IdeState,Inactive,,*,-1,-1
2025-03-10T15:39:13.441-04:00,IdeState,Inactive,,*,-1,-1
2025-03-10T15:39:14.457-04:00,IdeState,Inactive,,*,-1,-1
2025-03-10T15:39:15.474-04:00,IdeState,Inactive,,*,-1,-1
2025-03-10T15:39:16.491-04:00,IdeState,Inactive,,*,-1,-1
2025-03-10T15:39:17.519-04:00,IdeState,Inactive,,*,-1,-1
2025-03-10T15:39:18.535-04:00,IdeState,Inactive,,*,-1,-1
2025-03-10T15:39:19.545-04:00,IdeState,Inactive,,*,-1,-1
2025-03-10T15:39:20.558-04:00,IdeState,Inactive,,*,-1,-1
2025-03-10T15:39:21.567-04:00,IdeState,Inactive,,*,-1,-1
2025-03-10T15:39:22.568-04:00,IdeState,Inactive,,*,-1,-1
2025-03-10T15:39:23.583-04:00,IdeState,Inactive,,*,-1,-1
2025-03-10T15:39:24.602-04:00,IdeState,Inactive,,*,-1,-1
2025-03-10T15:39:25.607-04:00,IdeState,Inactive,,*,-1,-1
2025-03-10T15:39:26.621-04:00,IdeState,Inactive,,*,-1,-1
2025-03-10T15:39:27.623-04:00,IdeState,Inactive,,*,-1,-1
2025-03-10T15:39:28.635-04:00,IdeState,Inactive,,*,-1,-1
2025-03-10T15:39:29.647-04:00,IdeState,Inactive,,*,-1,-1
2025-03-10T15:39:30.677-04:00,IdeState,Inactive,,*,-1,-1
2025-03-10T15:39:31.706-04:00,IdeState,Inactive,,*,-1,-1
2025-03-10T15:39:32.729-04:00,IdeState,Inactive,,*,-1,-1
2025-03-10T15:39:33.734-04:00,IdeState,Inactive,,*,-1,-1
2025-03-10T15:39:34.747-04:00,IdeState,Inactive,,*,-1,-1
2025-03-10T15:39:35.759-04:00,IdeState,Inactive,,*,-1,-1
2025-03-10T15:39:36.761-04:00,IdeState,Inactive,,*,-1,-1
2025-03-10T15:39:37.778-04:00,IdeState,Inactive,,*,-1,-1
2025-03-10T15:39:38.792-04:00,IdeState,Inactive,,*,-1,-1
2025-03-10T15:39:39.803-04:00,IdeState,Inactive,,*,-1,-1
2025-03-10T15:39:40.818-04:00,IdeState,Inactive,,*,-1,-1
2025-03-10T15:39:41.836-04:00,IdeState,Inactive,,*,-1,-1
2025-03-10T15:39:42.842-04:00,IdeState,Inactive,,*,-1,-1
2025-03-10T15:39:43.845-04:00,IdeState,Inactive,,*,-1,-1
2025-03-10T15:39:44.854-04:00,IdeState,Inactive,,*,-1,-1
2025-03-10T15:39:45.863-04:00,IdeState,Inactive,,*,-1,-1
2025-03-10T15:39:46.874-04:00,IdeState,Inactive,,*,-1,-1
2025-03-10T15:39:47.888-04:00,IdeState,Inactive,,*,-1,-1
2025-03-10T15:39:48.900-04:00,IdeState,Inactive,,*,-1,-1
2025-03-10T15:39:49.903-04:00,IdeState,Inactive,,*,-1,-1
2025-03-10T15:39:50.923-04:00,IdeState,Inactive,,*,-1,-1
2025-03-10T15:39:51.949-04:00,IdeState,Inactive,,*,-1,-1
2025-03-10T15:39:52.964-04:00,IdeState,Inactive,,*,-1,-1
2025-03-10T15:39:53.977-04:00,IdeState,Inactive,,*,-1,-1
2025-03-10T15:39:54.999-04:00,IdeState,Inactive,,*,-1,-1
2025-03-10T15:39:56.005-04:00,IdeState,Inactive,,*,-1,-1
2025-03-10T15:39:57.021-04:00,IdeState,Inactive,,*,-1,-1
2025-03-10T15:39:58.036-04:00,IdeState,Inactive,,*,-1,-1
2025-03-10T15:39:59.060-04:00,IdeState,Inactive,,*,-1,-1
2025-03-10T15:40:00.073-04:00,IdeState,Inactive,,*,-1,-1
2025-03-10T15:40:01.080-04:00,IdeState,Inactive,,*,-1,-1
2025-03-10T15:40:02.102-04:00,IdeState,Inactive,,*,-1,-1
2025-03-10T15:40:03.108-04:00,IdeState,Inactive,,*,-1,-1
2025-03-10T15:40:04.119-04:00,IdeState,Inactive,,*,-1,-1
2025-03-10T15:40:05.132-04:00,IdeState,Inactive,,*,-1,-1
2025-03-10T15:40:06.147-04:00,IdeState,Inactive,,*,-1,-1
2025-03-10T15:40:07.173-04:00,IdeState,Inactive,,*,-1,-1
2025-03-10T15:40:08.207-04:00,IdeState,Inactive,,*,-1,-1
2025-03-10T15:40:09.222-04:00,IdeState,Inactive,,*,-1,-1
2025-03-10T15:40:10.234-04:00,IdeState,Inactive,,*,-1,-1
2025-03-10T15:40:11.252-04:00,IdeState,Inactive,,*,-1,-1
2025-03-10T15:40:12.264-04:00,IdeState,Inactive,,*,-1,-1
2025-03-10T15:40:13.279-04:00,IdeState,Inactive,,*,-1,-1
2025-03-10T15:40:14.293-04:00,IdeState,Inactive,,*,-1,-1
2025-03-10T15:40:15.326-04:00,IdeState,Inactive,,*,-1,-1
2025-03-10T15:40:16.333-04:00,IdeState,Inactive,,*,-1,-1
2025-03-10T15:40:17.352-04:00,IdeState,Inactive,,*,-1,-1
2025-03-10T15:40:18.357-04:00,IdeState,Inactive,,*,-1,-1
2025-03-10T15:40:19.366-04:00,IdeState,Inactive,,*,-1,-1
2025-03-10T15:40:20.377-04:00,IdeState,Inactive,,*,-1,-1
2025-03-10T15:40:21.394-04:00,IdeState,Inactive,,*,-1,-1
2025-03-10T15:40:22.398-04:00,IdeState,Inactive,,*,-1,-1
2025-03-10T15:40:23.412-04:00,IdeState,Inactive,,*,-1,-1
2025-03-10T15:40:24.427-04:00,IdeState,Inactive,,*,-1,-1
2025-03-10T15:40:25.451-04:00,IdeState,Inactive,,*,-1,-1
2025-03-10T15:40:26.457-04:00,IdeState,Inactive,,*,-1,-1
2025-03-10T15:40:27.459-04:00,IdeState,Inactive,,*,-1,-1
2025-03-10T15:40:28.475-04:00,IdeState,Inactive,,*,-1,-1
2025-03-10T15:40:29.488-04:00,IdeState,Inactive,,*,-1,-1
2025-03-10T15:40:30.501-04:00,IdeState,Inactive,,*,-1,-1
2025-03-10T15:40:31.515-04:00,IdeState,Inactive,,*,-1,-1
2025-03-10T15:40:32.609-04:00,IdeState,Inactive,,*,-1,-1
2025-03-10T15:40:33.623-04:00,IdeState,Inactive,,*,-1,-1
2025-03-10T15:40:34.635-04:00,IdeState,Inactive,,*,-1,-1
2025-03-10T15:40:35.649-04:00,IdeState,Inactive,,*,-1,-1
2025-03-10T15:40:36.657-04:00,IdeState,Inactive,,*,-1,-1
2025-03-10T15:40:37.659-04:00,IdeState,Inactive,,*,-1,-1
2025-03-10T15:40:38.673-04:00,IdeState,Inactive,,*,-1,-1
2025-03-10T15:40:39.688-04:00,IdeState,Inactive,,*,-1,-1
2025-03-10T15:40:40.700-04:00,IdeState,Inactive,,*,-1,-1
2025-03-10T15:40:41.701-04:00,IdeState,Inactive,,*,-1,-1
2025-03-10T15:40:42.716-04:00,IdeState,Inactive,,*,-1,-1
2025-03-10T15:40:43.730-04:00,IdeState,Inactive,,*,-1,-1
2025-03-10T15:40:44.744-04:00,IdeState,Inactive,,*,-1,-1
2025-03-10T15:40:45.760-04:00,IdeState,Inactive,,*,-1,-1
2025-03-10T15:40:46.775-04:00,IdeState,Inactive,,*,-1,-1
2025-03-10T15:40:47.787-04:00,IdeState,Inactive,,*,-1,-1
2025-03-10T15:40:48.788-04:00,IdeState,Inactive,,*,-1,-1
2025-03-10T15:40:49.798-04:00,IdeState,Inactive,,*,-1,-1
2025-03-10T15:40:50.813-04:00,IdeState,Inactive,,*,-1,-1
2025-03-10T15:40:51.829-04:00,IdeState,Inactive,,*,-1,-1
2025-03-10T15:40:52.842-04:00,IdeState,Inactive,,*,-1,-1
2025-03-10T15:40:53.845-04:00,IdeState,Inactive,,*,-1,-1
2025-03-10T15:40:54.859-04:00,IdeState,Inactive,,*,-1,-1
2025-03-10T15:40:55.862-04:00,IdeState,Inactive,,*,-1,-1
2025-03-10T15:40:56.873-04:00,IdeState,Inactive,,*,-1,-1
2025-03-10T15:40:57.888-04:00,IdeState,Inactive,,*,-1,-1
2025-03-10T15:40:58.903-04:00,IdeState,Inactive,,*,-1,-1
2025-03-10T15:40:59.922-04:00,IdeState,Inactive,,*,-1,-1
2025-03-10T15:41:00.942-04:00,IdeState,Inactive,,*,-1,-1
2025-03-10T15:41:01.956-04:00,IdeState,Inactive,,*,-1,-1
2025-03-10T15:41:02.970-04:00,IdeState,Inactive,,*,-1,-1
2025-03-10T15:41:03.973-04:00,IdeState,Inactive,,*,-1,-1
2025-03-10T15:41:04.986-04:00,IdeState,Inactive,,*,-1,-1
2025-03-10T15:41:05.995-04:00,IdeState,Inactive,,*,-1,-1
2025-03-10T15:41:07.008-04:00,IdeState,Inactive,,*,-1,-1
2025-03-10T15:41:08.010-04:00,IdeState,Inactive,,*,-1,-1
2025-03-10T15:41:09.017-04:00,IdeState,Inactive,,*,-1,-1
2025-03-10T15:41:10.029-04:00,IdeState,Inactive,,*,-1,-1
2025-03-10T15:41:11.032-04:00,IdeState,Inactive,,*,-1,-1
2025-03-10T15:41:12.034-04:00,IdeState,Inactive,,*,-1,-1
2025-03-10T15:41:13.048-04:00,IdeState,Inactive,,*,-1,-1
2025-03-10T15:41:14.053-04:00,IdeState,Inactive,,*,-1,-1
2025-03-10T15:41:15.151-04:00,IdeState,Inactive,,*,-1,-1
2025-03-10T15:41:16.166-04:00,IdeState,Inactive,,*,-1,-1
2025-03-10T15:41:17.174-04:00,IdeState,Inactive,,*,-1,-1
2025-03-10T15:41:18.197-04:00,IdeState,Inactive,,*,-1,-1
2025-03-10T15:41:19.228-04:00,IdeState,Inactive,,*,-1,-1
2025-03-10T15:41:20.237-04:00,IdeState,Inactive,,*,-1,-1
2025-03-10T15:41:21.247-04:00,IdeState,Inactive,,*,-1,-1
2025-03-10T15:41:22.265-04:00,IdeState,Inactive,,*,-1,-1
2025-03-10T15:41:23.280-04:00,IdeState,Inactive,,*,-1,-1
2025-03-10T15:41:24.281-04:00,IdeState,Inactive,,*,-1,-1
2025-03-10T15:41:25.371-04:00,IdeState,Inactive,,*,-1,-1
2025-03-10T15:41:26.399-04:00,IdeState,Inactive,,*,-1,-1
2025-03-10T15:41:27.414-04:00,IdeState,Inactive,,*,-1,-1
2025-03-10T15:41:28.426-04:00,IdeState,Inactive,,*,-1,-1
2025-03-10T15:41:29.440-04:00,IdeState,Inactive,,*,-1,-1
2025-03-10T15:41:30.454-04:00,IdeState,Inactive,,*,-1,-1
2025-03-10T15:41:31.469-04:00,IdeState,Inactive,,*,-1,-1
2025-03-10T15:41:32.483-04:00,IdeState,Inactive,,*,-1,-1
2025-03-10T15:41:33.500-04:00,IdeState,Inactive,,*,-1,-1
2025-03-10T15:41:34.514-04:00,IdeState,Inactive,,*,-1,-1
2025-03-10T15:41:35.527-04:00,IdeState,Inactive,,*,-1,-1
2025-03-10T15:41:36.530-04:00,IdeState,Inactive,,*,-1,-1
2025-03-10T15:41:37.546-04:00,IdeState,Inactive,,*,-1,-1
2025-03-10T15:41:38.556-04:00,IdeState,Inactive,,*,-1,-1
2025-03-10T15:41:39.569-04:00,IdeState,Inactive,,*,-1,-1
2025-03-10T15:41:40.585-04:00,IdeState,Inactive,,*,-1,-1
2025-03-10T15:41:41.596-04:00,IdeState,Inactive,,*,-1,-1
2025-03-10T15:41:42.610-04:00,IdeState,Inactive,,*,-1,-1
2025-03-10T15:41:43.627-04:00,IdeState,Inactive,,*,-1,-1
2025-03-10T15:41:44.644-04:00,IdeState,Inactive,,*,-1,-1
2025-03-10T15:41:45.660-04:00,IdeState,Inactive,,*,-1,-1
2025-03-10T15:41:46.674-04:00,IdeState,Inactive,,*,-1,-1
2025-03-10T15:41:47.690-04:00,IdeState,Inactive,,*,-1,-1
2025-03-10T15:41:48.703-04:00,IdeState,Inactive,,*,-1,-1
2025-03-10T15:41:49.717-04:00,IdeState,Inactive,,*,-1,-1
2025-03-10T15:41:50.728-04:00,IdeState,Inactive,,*,-1,-1
2025-03-10T15:41:51.753-04:00,IdeState,Inactive,,*,-1,-1
2025-03-10T15:41:52.766-04:00,IdeState,Inactive,,*,-1,-1
2025-03-10T15:41:53.778-04:00,IdeState,Inactive,,*,-1,-1
2025-03-10T15:41:54.807-04:00,IdeState,Inactive,,*,-1,-1
2025-03-10T15:41:55.812-04:00,IdeState,Inactive,,*,-1,-1
2025-03-10T15:41:56.818-04:00,IdeState,Inactive,,*,-1,-1
2025-03-10T15:41:57.838-04:00,IdeState,Inactive,,*,-1,-1
2025-03-10T15:41:58.844-04:00,IdeState,Inactive,,*,-1,-1
2025-03-10T15:41:59.860-04:00,IdeState,Inactive,,*,-1,-1
2025-03-10T15:42:00.874-04:00,IdeState,Inactive,,*,-1,-1
2025-03-10T15:42:01.888-04:00,IdeState,Inactive,,*,-1,-1
2025-03-10T15:42:02.897-04:00,IdeState,Inactive,,*,-1,-1
2025-03-10T15:42:03.898-04:00,IdeState,Inactive,,*,-1,-1
2025-03-10T15:42:04.915-04:00,IdeState,Inactive,,*,-1,-1
2025-03-10T15:42:05.928-04:00,IdeState,Inactive,,*,-1,-1
2025-03-10T15:42:06.984-04:00,IdeState,Inactive,,*,-1,-1
2025-03-10T15:42:08.658-04:00,IdeState,Inactive,,*,-1,-1
2025-03-10T15:42:09.671-04:00,IdeState,Inactive,,*,-1,-1
2025-03-10T15:42:10.688-04:00,IdeState,Inactive,,*,-1,-1
2025-03-10T15:42:11.705-04:00,IdeState,Inactive,,*,-1,-1
2025-03-10T15:42:12.706-04:00,IdeState,Inactive,,*,-1,-1
2025-03-10T15:42:13.709-04:00,IdeState,Inactive,,*,-1,-1
2025-03-10T15:42:14.721-04:00,IdeState,Inactive,,*,-1,-1
2025-03-10T15:42:15.734-04:00,IdeState,Inactive,,*,-1,-1
2025-03-10T15:42:16.751-04:00,IdeState,Inactive,,*,-1,-1
2025-03-10T15:42:17.762-04:00,IdeState,Inactive,,*,-1,-1
2025-03-10T15:42:18.775-04:00,IdeState,Inactive,,*,-1,-1
2025-03-10T15:42:19.789-04:00,IdeState,Inactive,,*,-1,-1
2025-03-10T15:42:20.799-04:00,IdeState,Inactive,,*,-1,-1
2025-03-10T15:42:21.814-04:00,IdeState,Inactive,,*,-1,-1
2025-03-10T15:42:22.829-04:00,IdeState,Inactive,,*,-1,-1
2025-03-10T15:42:23.841-04:00,IdeState,Inactive,,*,-1,-1
2025-03-10T15:42:24.856-04:00,IdeState,Inactive,,*,-1,-1
2025-03-10T15:42:25.870-04:00,IdeState,Inactive,,*,-1,-1
2025-03-10T15:42:26.884-04:00,IdeState,Inactive,,*,-1,-1
2025-03-10T15:42:27.898-04:00,IdeState,Inactive,,*,-1,-1
2025-03-10T15:42:28.913-04:00,IdeState,Inactive,,*,-1,-1
2025-03-10T15:42:29.919-04:00,IdeState,Inactive,,*,-1,-1
2025-03-10T15:42:30.927-04:00,IdeState,Inactive,,*,-1,-1
2025-03-10T15:42:31.938-04:00,IdeState,Inactive,,*,-1,-1
2025-03-10T15:42:32.944-04:00,IdeState,Inactive,,*,-1,-1
2025-03-10T15:42:33.953-04:00,IdeState,Inactive,,*,-1,-1
2025-03-10T15:42:34.970-04:00,IdeState,Inactive,,*,-1,-1
2025-03-10T15:42:36.097-04:00,IdeState,Inactive,,*,-1,-1
2025-03-10T15:42:37.110-04:00,IdeState,Inactive,,*,-1,-1
2025-03-10T15:42:38.127-04:00,IdeState,Inactive,,*,-1,-1
2025-03-10T15:42:39.135-04:00,IdeState,Inactive,,*,-1,-1
2025-03-10T15:42:40.141-04:00,IdeState,Inactive,,*,-1,-1
2025-03-10T15:42:41.160-04:00,IdeState,Inactive,,*,-1,-1
2025-03-10T15:42:42.174-04:00,IdeState,Inactive,,*,-1,-1
2025-03-10T15:42:43.190-04:00,IdeState,Inactive,,*,-1,-1
2025-03-10T15:42:44.202-04:00,IdeState,Inactive,,*,-1,-1
2025-03-10T15:42:45.218-04:00,IdeState,Inactive,,*,-1,-1
2025-03-10T15:42:46.234-04:00,IdeState,Inactive,,*,-1,-1
2025-03-10T15:42:47.248-04:00,IdeState,Inactive,,*,-1,-1
2025-03-10T15:42:48.260-04:00,IdeState,Inactive,,*,-1,-1
2025-03-10T15:42:49.291-04:00,IdeState,Inactive,,*,-1,-1
2025-03-10T15:42:50.305-04:00,IdeState,Inactive,,*,-1,-1
2025-03-10T15:42:51.318-04:00,IdeState,Inactive,,*,-1,-1
2025-03-10T15:42:52.334-04:00,IdeState,Inactive,,*,-1,-1
2025-03-10T15:42:53.339-04:00,IdeState,Inactive,,*,-1,-1
2025-03-10T15:42:54.354-04:00,IdeState,Inactive,,*,-1,-1
2025-03-10T15:42:55.406-04:00,IdeState,Inactive,,*,-1,-1
2025-03-10T15:42:56.409-04:00,IdeState,Inactive,,*,-1,-1
2025-03-10T15:42:57.411-04:00,IdeState,Inactive,,*,-1,-1
2025-03-10T15:42:58.424-04:00,IdeState,Inactive,,*,-1,-1
2025-03-10T15:42:59.438-04:00,IdeState,Inactive,,*,-1,-1
2025-03-10T15:43:00.448-04:00,IdeState,Inactive,,*,-1,-1
2025-03-10T15:43:01.462-04:00,IdeState,Inactive,,*,-1,-1
2025-03-10T15:43:02.484-04:00,IdeState,Inactive,,*,-1,-1
2025-03-10T15:43:03.491-04:00,IdeState,Inactive,,*,-1,-1
2025-03-10T15:43:04.505-04:00,IdeState,Inactive,,*,-1,-1
2025-03-10T15:43:05.518-04:00,IdeState,Inactive,,*,-1,-1
2025-03-10T15:43:06.535-04:00,IdeState,Inactive,,*,-1,-1
2025-03-10T15:43:07.764-04:00,IdeState,Inactive,,*,-1,-1
2025-03-10T15:43:08.771-04:00,IdeState,Inactive,,*,-1,-1
2025-03-10T15:43:09.784-04:00,IdeState,Inactive,,*,-1,-1
2025-03-10T15:43:10.802-04:00,IdeState,Inactive,,*,-1,-1
2025-03-10T15:43:11.810-04:00,IdeState,Inactive,,*,-1,-1
2025-03-10T15:43:12.826-04:00,IdeState,Inactive,,*,-1,-1
2025-03-10T15:43:13.829-04:00,IdeState,Inactive,,*,-1,-1
2025-03-10T15:43:14.840-04:00,IdeState,Inactive,,*,-1,-1
2025-03-10T15:43:15.842-04:00,IdeState,Inactive,,*,-1,-1
2025-03-10T15:43:16.851-04:00,IdeState,Inactive,,*,-1,-1
2025-03-10T15:43:17.863-04:00,IdeState,Inactive,,*,-1,-1
2025-03-10T15:43:18.876-04:00,IdeState,Inactive,,*,-1,-1
2025-03-10T15:43:19.886-04:00,IdeState,Inactive,,*,-1,-1
2025-03-10T15:43:20.889-04:00,IdeState,Inactive,,*,-1,-1
2025-03-10T15:43:21.892-04:00,IdeState,Inactive,,*,-1,-1
2025-03-10T15:43:22.917-04:00,IdeState,Inactive,,*,-1,-1
2025-03-10T15:43:23.924-04:00,IdeState,Inactive,,*,-1,-1
2025-03-10T15:43:24.926-04:00,IdeState,Inactive,,*,-1,-1
2025-03-10T15:43:25.983-04:00,IdeState,Inactive,,*,-1,-1
2025-03-10T15:43:27.029-04:00,IdeState,Inactive,,*,-1,-1
2025-03-10T15:43:28.039-04:00,IdeState,Inactive,,*,-1,-1
2025-03-10T15:43:29.126-04:00,IdeState,Inactive,,*,-1,-1
2025-03-10T15:43:30.134-04:00,IdeState,Inactive,,*,-1,-1
2025-03-10T15:43:31.149-04:00,IdeState,Inactive,,*,-1,-1
2025-03-10T15:43:32.162-04:00,IdeState,Inactive,,*,-1,-1
2025-03-10T15:43:33.165-04:00,IdeState,Inactive,,*,-1,-1
2025-03-10T15:43:34.179-04:00,IdeState,Inactive,,*,-1,-1
2025-03-10T15:43:35.185-04:00,IdeState,Inactive,,*,-1,-1
2025-03-10T15:43:36.200-04:00,IdeState,Inactive,,*,-1,-1
2025-03-10T15:43:37.203-04:00,IdeState,Inactive,,*,-1,-1
2025-03-10T15:43:38.266-04:00,IdeState,Inactive,,*,-1,-1
2025-03-10T15:43:39.277-04:00,IdeState,Inactive,,*,-1,-1
2025-03-10T15:43:40.292-04:00,IdeState,Inactive,,*,-1,-1
2025-03-10T15:43:41.307-04:00,IdeState,Inactive,,*,-1,-1
2025-03-10T15:43:42.320-04:00,IdeState,Inactive,,*,-1,-1
2025-03-10T15:43:43.326-04:00,IdeState,Inactive,,*,-1,-1
2025-03-10T15:43:44.339-04:00,IdeState,Inactive,,*,-1,-1
2025-03-10T15:43:45.341-04:00,IdeState,Inactive,,*,-1,-1
2025-03-10T15:43:46.354-04:00,IdeState,Inactive,,*,-1,-1
2025-03-10T15:43:47.367-04:00,IdeState,Inactive,,*,-1,-1
2025-03-10T15:43:48.378-04:00,IdeState,Inactive,,*,-1,-1
2025-03-10T15:43:49.391-04:00,IdeState,Inactive,,*,-1,-1
2025-03-10T15:43:50.392-04:00,IdeState,Inactive,,*,-1,-1
2025-03-10T15:43:51.406-04:00,IdeState,Inactive,,*,-1,-1
2025-03-10T15:43:52.410-04:00,IdeState,Inactive,,*,-1,-1
2025-03-10T15:43:53.447-04:00,IdeState,Inactive,,*,-1,-1
2025-03-10T15:43:54.455-04:00,IdeState,Inactive,,*,-1,-1
2025-03-10T15:43:55.460-04:00,IdeState,Inactive,,*,-1,-1
2025-03-10T15:43:56.471-04:00,IdeState,Inactive,,*,-1,-1
2025-03-10T15:43:57.484-04:00,IdeState,Inactive,,*,-1,-1
2025-03-10T15:43:58.489-04:00,IdeState,Inactive,,*,-1,-1
2025-03-10T15:43:59.505-04:00,IdeState,Inactive,,*,-1,-1
2025-03-10T15:44:00.600-04:00,IdeState,Inactive,,*,-1,-1
2025-03-10T15:44:01.608-04:00,IdeState,Inactive,,*,-1,-1
2025-03-10T15:44:02.715-04:00,IdeState,Inactive,,*,-1,-1
2025-03-10T15:44:03.747-04:00,IdeState,Inactive,,*,-1,-1
2025-03-10T15:44:04.765-04:00,IdeState,Inactive,,*,-1,-1
2025-03-10T15:44:05.779-04:00,IdeState,Inactive,,*,-1,-1
2025-03-10T15:44:06.793-04:00,IdeState,Inactive,,*,-1,-1
2025-03-10T15:44:07.809-04:00,IdeState,Inactive,,*,-1,-1
2025-03-10T15:44:08.822-04:00,IdeState,Inactive,,*,-1,-1
2025-03-10T15:44:09.835-04:00,IdeState,Inactive,,*,-1,-1
2025-03-10T15:44:10.838-04:00,IdeState,Inactive,,*,-1,-1
2025-03-10T15:44:11.853-04:00,IdeState,Inactive,,*,-1,-1
2025-03-10T15:44:12.864-04:00,IdeState,Inactive,,*,-1,-1
2025-03-10T15:44:13.876-04:00,IdeState,Inactive,,*,-1,-1
2025-03-10T15:44:14.891-04:00,IdeState,Inactive,,*,-1,-1
2025-03-10T15:44:15.904-04:00,IdeState,Inactive,,*,-1,-1
2025-03-10T15:44:16.919-04:00,IdeState,Inactive,,*,-1,-1
2025-03-10T15:44:17.922-04:00,IdeState,Inactive,,*,-1,-1
2025-03-10T15:44:18.936-04:00,IdeState,Inactive,,*,-1,-1
2025-03-10T15:44:19.950-04:00,IdeState,Inactive,,*,-1,-1
2025-03-10T15:44:20.964-04:00,IdeState,Inactive,,*,-1,-1
2025-03-10T15:44:21.980-04:00,IdeState,Inactive,,*,-1,-1
2025-03-10T15:44:23.006-04:00,IdeState,Inactive,,*,-1,-1
2025-03-10T15:44:24.017-04:00,IdeState,Inactive,,*,-1,-1
2025-03-10T15:44:25.021-04:00,IdeState,Inactive,,*,-1,-1
2025-03-10T15:44:26.041-04:00,IdeState,Inactive,,*,-1,-1
2025-03-10T15:44:27.052-04:00,IdeState,Inactive,,*,-1,-1
2025-03-10T15:44:28.058-04:00,IdeState,Inactive,,*,-1,-1
2025-03-10T15:44:29.071-04:00,IdeState,Inactive,,*,-1,-1
2025-03-10T15:44:30.086-04:00,IdeState,Inactive,,*,-1,-1
2025-03-10T15:44:31.087-04:00,IdeState,Inactive,,*,-1,-1
2025-03-10T15:44:32.100-04:00,IdeState,Inactive,,*,-1,-1
2025-03-10T15:44:33.198-04:00,IdeState,Inactive,,*,-1,-1
2025-03-10T15:44:34.208-04:00,IdeState,Inactive,,*,-1,-1
2025-03-10T15:44:35.218-04:00,IdeState,Inactive,,*,-1,-1
2025-03-10T15:44:36.233-04:00,IdeState,Inactive,,*,-1,-1
2025-03-10T15:44:37.244-04:00,IdeState,Inactive,,*,-1,-1
2025-03-10T15:44:38.258-04:00,IdeState,Inactive,,*,-1,-1
2025-03-10T15:44:39.274-04:00,IdeState,Inactive,,*,-1,-1
2025-03-10T15:44:40.304-04:00,IdeState,Inactive,,*,-1,-1
2025-03-10T15:44:41.316-04:00,IdeState,Inactive,,*,-1,-1
2025-03-10T15:44:42.327-04:00,IdeState,Inactive,,*,-1,-1
2025-03-10T15:44:43.333-04:00,IdeState,Inactive,,*,-1,-1
2025-03-10T15:44:44.348-04:00,IdeState,Inactive,,*,-1,-1
2025-03-10T15:44:45.367-04:00,IdeState,Inactive,,*,-1,-1
2025-03-10T15:44:46.369-04:00,IdeState,Inactive,,*,-1,-1
2025-03-10T15:44:47.381-04:00,IdeState,Inactive,,*,-1,-1
2025-03-10T15:44:48.386-04:00,IdeState,Inactive,,*,-1,-1
2025-03-10T15:44:49.402-04:00,IdeState,Inactive,,*,-1,-1
2025-03-10T15:44:50.415-04:00,IdeState,Inactive,,*,-1,-1
2025-03-10T15:44:51.427-04:00,IdeState,Inactive,,*,-1,-1
2025-03-10T15:44:52.449-04:00,IdeState,Inactive,,*,-1,-1
2025-03-10T15:44:53.460-04:00,IdeState,Inactive,,*,-1,-1
2025-03-10T15:44:54.470-04:00,IdeState,Inactive,,*,-1,-1
2025-03-10T15:44:55.489-04:00,IdeState,Inactive,,*,-1,-1
2025-03-10T15:44:56.505-04:00,IdeState,Inactive,,*,-1,-1
2025-03-10T15:44:57.517-04:00,IdeState,Inactive,,*,-1,-1
2025-03-10T15:44:58.679-04:00,IdeState,Inactive,,*,-1,-1
2025-03-10T15:44:59.799-04:00,IdeState,Inactive,,*,-1,-1
2025-03-10T15:45:00.813-04:00,IdeState,Inactive,,*,-1,-1
2025-03-10T15:45:01.823-04:00,IdeState,Inactive,,*,-1,-1
2025-03-10T15:45:02.834-04:00,IdeState,Inactive,,*,-1,-1
2025-03-10T15:45:03.848-04:00,IdeState,Inactive,,*,-1,-1
2025-03-10T15:45:04.864-04:00,IdeState,Inactive,,*,-1,-1
2025-03-10T15:45:05.879-04:00,IdeState,Inactive,,*,-1,-1
2025-03-10T15:45:06.887-04:00,IdeState,Inactive,,*,-1,-1
2025-03-10T15:45:07.900-04:00,IdeState,Inactive,,*,-1,-1
2025-03-10T15:45:08.904-04:00,IdeState,Inactive,,*,-1,-1
2025-03-10T15:45:09.911-04:00,IdeState,Inactive,,*,-1,-1
2025-03-10T15:45:10.914-04:00,IdeState,Inactive,,*,-1,-1
2025-03-10T15:45:11.929-04:00,IdeState,Inactive,,*,-1,-1
2025-03-10T15:45:12.944-04:00,IdeState,Inactive,,*,-1,-1
2025-03-10T15:45:13.945-04:00,IdeState,Inactive,,*,-1,-1
2025-03-10T15:45:14.964-04:00,IdeState,Inactive,,*,-1,-1
2025-03-10T15:45:15.977-04:00,IdeState,Inactive,,*,-1,-1
2025-03-10T15:45:17.002-04:00,IdeState,Inactive,,*,-1,-1
2025-03-10T15:45:18.111-04:00,IdeState,Inactive,,*,-1,-1
2025-03-10T15:45:19.114-04:00,IdeState,Inactive,,*,-1,-1
2025-03-10T15:45:20.129-04:00,IdeState,Inactive,,*,-1,-1
2025-03-10T15:45:21.158-04:00,IdeState,Inactive,,*,-1,-1
2025-03-10T15:45:22.172-04:00,IdeState,Inactive,,*,-1,-1
2025-03-10T15:45:23.187-04:00,IdeState,Inactive,,*,-1,-1
2025-03-10T15:45:24.197-04:00,IdeState,Inactive,,*,-1,-1
2025-03-10T15:45:25.210-04:00,IdeState,Inactive,,*,-1,-1
2025-03-10T15:45:26.226-04:00,IdeState,Inactive,,*,-1,-1
2025-03-10T15:45:27.238-04:00,IdeState,Inactive,,*,-1,-1
2025-03-10T15:45:28.254-04:00,IdeState,Inactive,,*,-1,-1
2025-03-10T15:45:29.270-04:00,IdeState,Inactive,,*,-1,-1
2025-03-10T15:45:30.271-04:00,IdeState,Inactive,,*,-1,-1
2025-03-10T15:45:31.282-04:00,IdeState,Inactive,,*,-1,-1
2025-03-10T15:45:32.294-04:00,IdeState,Inactive,,*,-1,-1
2025-03-10T15:45:33.305-04:00,IdeState,Inactive,,*,-1,-1
2025-03-10T15:45:34.308-04:00,IdeState,Inactive,,*,-1,-1
2025-03-10T15:45:35.320-04:00,IdeState,Inactive,,*,-1,-1
2025-03-10T15:45:36.322-04:00,IdeState,Inactive,,*,-1,-1
2025-03-10T15:45:37.337-04:00,IdeState,Inactive,,*,-1,-1
2025-03-10T15:45:38.353-04:00,IdeState,Inactive,,*,-1,-1
2025-03-10T15:45:39.413-04:00,IdeState,Inactive,,*,-1,-1
2025-03-10T15:45:40.425-04:00,IdeState,Inactive,,*,-1,-1
2025-03-10T15:45:41.437-04:00,IdeState,Inactive,,*,-1,-1
2025-03-10T15:45:42.451-04:00,IdeState,Inactive,,*,-1,-1
2025-03-10T15:45:43.464-04:00,IdeState,Inactive,,*,-1,-1
2025-03-10T15:45:44.478-04:00,IdeState,Inactive,,*,-1,-1
2025-03-10T15:45:45.498-04:00,IdeState,Inactive,,*,-1,-1
2025-03-10T15:45:46.504-04:00,IdeState,Inactive,,*,-1,-1
2025-03-10T15:45:47.509-04:00,IdeState,Inactive,,*,-1,-1
2025-03-10T15:45:48.524-04:00,IdeState,Inactive,,*,-1,-1
2025-03-10T15:45:49.535-04:00,IdeState,Inactive,,*,-1,-1
2025-03-10T15:45:50.549-04:00,IdeState,Inactive,,*,-1,-1
2025-03-10T15:45:51.584-04:00,IdeState,Inactive,,*,-1,-1
2025-03-10T15:45:52.592-04:00,IdeState,Inactive,,*,-1,-1
2025-03-10T15:45:53.608-04:00,IdeState,Inactive,,*,-1,-1
2025-03-10T15:45:54.624-04:00,IdeState,Inactive,,*,-1,-1
2025-03-10T15:45:55.638-04:00,IdeState,Inactive,,*,-1,-1
2025-03-10T15:45:56.657-04:00,IdeState,Inactive,,*,-1,-1
2025-03-10T15:45:57.665-04:00,IdeState,Inactive,,*,-1,-1
2025-03-10T15:45:58.667-04:00,IdeState,Inactive,,*,-1,-1
2025-03-10T15:45:59.691-04:00,IdeState,Inactive,,*,-1,-1
2025-03-10T15:46:00.695-04:00,IdeState,Inactive,,*,-1,-1
2025-03-10T15:46:01.706-04:00,IdeState,Inactive,,*,-1,-1
2025-03-10T15:46:02.717-04:00,IdeState,Inactive,,*,-1,-1
2025-03-10T15:46:03.719-04:00,IdeState,Inactive,,*,-1,-1
2025-03-10T15:46:04.735-04:00,IdeState,Inactive,,*,-1,-1
2025-03-10T15:46:05.764-04:00,IdeState,Inactive,,*,-1,-1
2025-03-10T15:46:06.777-04:00,IdeState,Inactive,,*,-1,-1
2025-03-10T15:46:07.792-04:00,IdeState,Inactive,,*,-1,-1
2025-03-10T15:46:08.806-04:00,IdeState,Inactive,,*,-1,-1
2025-03-10T15:46:09.820-04:00,IdeState,Inactive,,*,-1,-1
2025-03-10T15:46:10.823-04:00,IdeState,Inactive,,*,-1,-1
2025-03-10T15:46:11.839-04:00,IdeState,Inactive,,*,-1,-1
2025-03-10T15:46:12.854-04:00,IdeState,Inactive,,*,-1,-1
2025-03-10T15:46:13.867-04:00,IdeState,Inactive,,*,-1,-1
2025-03-10T15:46:14.882-04:00,IdeState,Inactive,,*,-1,-1
2025-03-10T15:46:15.884-04:00,IdeState,Inactive,,*,-1,-1
2025-03-10T15:46:16.898-04:00,IdeState,Inactive,,*,-1,-1
2025-03-10T15:46:17.912-04:00,IdeState,Inactive,,*,-1,-1
2025-03-10T15:46:18.925-04:00,IdeState,Inactive,,*,-1,-1
2025-03-10T15:46:19.934-04:00,IdeState,Inactive,,*,-1,-1
2025-03-10T15:46:20.938-04:00,IdeState,Inactive,,*,-1,-1
2025-03-10T15:46:21.941-04:00,IdeState,Inactive,,*,-1,-1
2025-03-10T15:46:22.955-04:00,IdeState,Inactive,,*,-1,-1
2025-03-10T15:46:23.969-04:00,IdeState,Inactive,,*,-1,-1
2025-03-10T15:46:24.969-04:00,IdeState,Inactive,,*,-1,-1
2025-03-10T15:46:25.985-04:00,IdeState,Inactive,,*,-1,-1
2025-03-10T15:46:26.999-04:00,IdeState,Inactive,,*,-1,-1
2025-03-10T15:46:28.004-04:00,IdeState,Inactive,,*,-1,-1
2025-03-10T15:46:29.015-04:00,IdeState,Inactive,,*,-1,-1
2025-03-10T15:46:30.026-04:00,IdeState,Inactive,,*,-1,-1
2025-03-10T15:46:31.043-04:00,IdeState,Inactive,,*,-1,-1
2025-03-10T15:46:32.056-04:00,IdeState,Inactive,,*,-1,-1
2025-03-10T15:46:33.090-04:00,IdeState,Inactive,,*,-1,-1
2025-03-10T15:46:34.104-04:00,IdeState,Inactive,,*,-1,-1
2025-03-10T15:46:35.126-04:00,IdeState,Inactive,,*,-1,-1
2025-03-10T15:46:36.139-04:00,IdeState,Inactive,,*,-1,-1
2025-03-10T15:46:37.164-04:00,IdeState,Inactive,,*,-1,-1
2025-03-10T15:46:38.171-04:00,IdeState,Inactive,,*,-1,-1
2025-03-10T15:46:39.185-04:00,IdeState,Inactive,,*,-1,-1
2025-03-10T15:46:40.198-04:00,IdeState,Inactive,,*,-1,-1
2025-03-10T15:46:41.207-04:00,IdeState,Inactive,,*,-1,-1
2025-03-10T15:46:42.211-04:00,IdeState,Inactive,,*,-1,-1
2025-03-10T15:46:43.227-04:00,IdeState,Inactive,,*,-1,-1
2025-03-10T15:46:44.238-04:00,IdeState,Inactive,,*,-1,-1
2025-03-10T15:46:45.244-04:00,IdeState,Inactive,,*,-1,-1
2025-03-10T15:46:46.263-04:00,IdeState,Inactive,,*,-1,-1
2025-03-10T15:46:47.275-04:00,IdeState,Inactive,,*,-1,-1
2025-03-10T15:46:48.289-04:00,IdeState,Inactive,,*,-1,-1
2025-03-10T15:46:49.290-04:00,IdeState,Inactive,,*,-1,-1
2025-03-10T15:46:50.291-04:00,IdeState,Inactive,,*,-1,-1
2025-03-10T15:46:51.293-04:00,IdeState,Inactive,,*,-1,-1
2025-03-10T15:46:52.322-04:00,IdeState,Inactive,,*,-1,-1
2025-03-10T15:46:53.351-04:00,IdeState,Inactive,,*,-1,-1
2025-03-10T15:46:54.359-04:00,IdeState,Inactive,,*,-1,-1
2025-03-10T15:46:55.376-04:00,IdeState,Inactive,,*,-1,-1
2025-03-10T15:46:56.388-04:00,IdeState,Inactive,,*,-1,-1
2025-03-10T15:46:57.391-04:00,IdeState,Inactive,,*,-1,-1
2025-03-10T15:46:58.400-04:00,IdeState,Inactive,,*,-1,-1
2025-03-10T15:46:59.411-04:00,IdeState,Inactive,,*,-1,-1
2025-03-10T15:47:00.422-04:00,IdeState,Inactive,,*,-1,-1
2025-03-10T15:47:01.434-04:00,IdeState,Inactive,,*,-1,-1
2025-03-10T15:47:02.448-04:00,IdeState,Inactive,,*,-1,-1
2025-03-10T15:47:03.454-04:00,IdeState,Inactive,,*,-1,-1
2025-03-10T15:47:04.472-04:00,IdeState,Inactive,,*,-1,-1
2025-03-10T15:47:05.486-04:00,IdeState,Inactive,,*,-1,-1
2025-03-10T15:47:06.499-04:00,IdeState,Inactive,,*,-1,-1
2025-03-10T15:47:07.513-04:00,IdeState,Inactive,,*,-1,-1
2025-03-10T15:47:08.528-04:00,IdeState,Inactive,,*,-1,-1
2025-03-10T15:47:09.543-04:00,IdeState,Inactive,,*,-1,-1
2025-03-10T15:47:10.552-04:00,IdeState,Inactive,,*,-1,-1
2025-03-10T15:47:11.567-04:00,IdeState,Inactive,,*,-1,-1
2025-03-10T15:47:12.584-04:00,IdeState,Inactive,,*,-1,-1
2025-03-10T15:47:13.600-04:00,IdeState,Inactive,,*,-1,-1
2025-03-10T15:47:14.618-04:00,IdeState,Inactive,,*,-1,-1
2025-03-10T15:47:15.631-04:00,IdeState,Inactive,,*,-1,-1
2025-03-10T15:47:16.650-04:00,IdeState,Inactive,,*,-1,-1
2025-03-10T15:47:17.661-04:00,IdeState,Inactive,,*,-1,-1
2025-03-10T15:47:18.673-04:00,IdeState,Inactive,,*,-1,-1
2025-03-10T15:47:19.680-04:00,IdeState,Inactive,,*,-1,-1
2025-03-10T15:47:20.689-04:00,IdeState,Inactive,,*,-1,-1
2025-03-10T15:47:21.694-04:00,IdeState,Inactive,,*,-1,-1
2025-03-10T15:47:22.724-04:00,IdeState,Inactive,,*,-1,-1
2025-03-10T15:47:23.743-04:00,IdeState,Inactive,,*,-1,-1
2025-03-10T15:47:24.758-04:00,IdeState,Inactive,,*,-1,-1
2025-03-10T15:47:25.763-04:00,IdeState,Inactive,,*,-1,-1
2025-03-10T15:47:26.776-04:00,IdeState,Inactive,,*,-1,-1
2025-03-10T15:47:27.793-04:00,IdeState,Inactive,,*,-1,-1
2025-03-10T15:47:28.808-04:00,IdeState,Inactive,,*,-1,-1
2025-03-10T15:47:29.813-04:00,IdeState,Inactive,,*,-1,-1
2025-03-10T15:47:30.817-04:00,IdeState,Inactive,,*,-1,-1
2025-03-10T15:47:31.835-04:00,IdeState,Inactive,,*,-1,-1
2025-03-10T15:47:32.852-04:00,IdeState,Inactive,,*,-1,-1
2025-03-10T15:47:33.868-04:00,IdeState,Inactive,,*,-1,-1
2025-03-10T15:47:34.879-04:00,IdeState,Inactive,,*,-1,-1
2025-03-10T15:47:35.880-04:00,IdeState,Inactive,,*,-1,-1
2025-03-10T15:47:36.892-04:00,IdeState,Inactive,,*,-1,-1
2025-03-10T15:47:37.896-04:00,IdeState,Inactive,,*,-1,-1
2025-03-10T15:47:38.904-04:00,IdeState,Inactive,,*,-1,-1
2025-03-10T15:47:39.920-04:00,IdeState,Inactive,,*,-1,-1
2025-03-10T15:47:40.934-04:00,IdeState,Inactive,,*,-1,-1
2025-03-10T15:47:41.948-04:00,IdeState,Inactive,,*,-1,-1
2025-03-10T15:47:42.968-04:00,IdeState,Inactive,,*,-1,-1
2025-03-10T15:47:44.003-04:00,IdeState,Inactive,,*,-1,-1
2025-03-10T15:47:45.017-04:00,IdeState,Inactive,,*,-1,-1
2025-03-10T15:47:46.031-04:00,IdeState,Inactive,,*,-1,-1
2025-03-10T15:47:47.043-04:00,IdeState,Inactive,,*,-1,-1
2025-03-10T15:47:48.061-04:00,IdeState,Inactive,,*,-1,-1
2025-03-10T15:47:49.074-04:00,IdeState,Inactive,,*,-1,-1
2025-03-10T15:47:50.088-04:00,IdeState,Inactive,,*,-1,-1
2025-03-10T15:47:51.090-04:00,IdeState,Inactive,,*,-1,-1
2025-03-10T15:47:52.107-04:00,IdeState,Inactive,,*,-1,-1
2025-03-10T15:47:53.121-04:00,IdeState,Inactive,,*,-1,-1
2025-03-10T15:47:54.123-04:00,IdeState,Inactive,,*,-1,-1
2025-03-10T15:47:55.135-04:00,IdeState,Inactive,,*,-1,-1
2025-03-10T15:47:56.137-04:00,IdeState,Inactive,,*,-1,-1
2025-03-10T15:47:57.159-04:00,IdeState,Inactive,,*,-1,-1
2025-03-10T15:47:58.166-04:00,IdeState,Inactive,,*,-1,-1
2025-03-10T15:47:59.172-04:00,IdeState,Inactive,,*,-1,-1
2025-03-10T15:48:00.186-04:00,IdeState,Inactive,,*,-1,-1
2025-03-10T15:48:01.201-04:00,IdeState,Inactive,,*,-1,-1
2025-03-10T15:48:02.204-04:00,IdeState,Inactive,,*,-1,-1
2025-03-10T15:48:03.660-04:00,IdeState,Inactive,,*,-1,-1
2025-03-10T15:48:04.673-04:00,IdeState,Inactive,,*,-1,-1
2025-03-10T15:48:05.683-04:00,IdeState,Inactive,,*,-1,-1
2025-03-10T15:48:06.698-04:00,IdeState,Inactive,,*,-1,-1
2025-03-10T15:48:07.711-04:00,IdeState,Inactive,,*,-1,-1
2025-03-10T15:48:08.727-04:00,IdeState,Inactive,,*,-1,-1
2025-03-10T15:48:09.742-04:00,IdeState,Inactive,,*,-1,-1
2025-03-10T15:48:10.746-04:00,IdeState,Inactive,,*,-1,-1
2025-03-10T15:48:11.757-04:00,IdeState,Inactive,,*,-1,-1
2025-03-10T15:48:12.771-04:00,IdeState,Inactive,,*,-1,-1
2025-03-10T15:48:13.802-04:00,IdeState,Inactive,,*,-1,-1
2025-03-10T15:48:14.813-04:00,IdeState,Inactive,,*,-1,-1
2025-03-10T15:48:15.826-04:00,IdeState,Inactive,,*,-1,-1
2025-03-10T15:48:16.896-04:00,IdeState,Inactive,,*,-1,-1
2025-03-10T15:48:17.906-04:00,IdeState,Inactive,,*,-1,-1
2025-03-10T15:48:18.919-04:00,IdeState,Inactive,,*,-1,-1
2025-03-10T15:48:19.937-04:00,IdeState,Inactive,,*,-1,-1
2025-03-10T15:48:20.950-04:00,IdeState,Inactive,,*,-1,-1
2025-03-10T15:48:21.964-04:00,IdeState,Inactive,,*,-1,-1
2025-03-10T15:48:22.970-04:00,IdeState,Inactive,,*,-1,-1
2025-03-10T15:48:23.973-04:00,IdeState,Inactive,,*,-1,-1
2025-03-10T15:48:24.984-04:00,IdeState,Inactive,,*,-1,-1
2025-03-10T15:48:25.994-04:00,IdeState,Inactive,,*,-1,-1
2025-03-10T15:48:27.006-04:00,IdeState,Inactive,,*,-1,-1
2025-03-10T15:48:28.022-04:00,IdeState,Inactive,,*,-1,-1
2025-03-10T15:48:29.038-04:00,IdeState,Inactive,,*,-1,-1
2025-03-10T15:48:30.052-04:00,IdeState,Inactive,,*,-1,-1
2025-03-10T15:48:31.505-04:00,IdeState,Inactive,,*,-1,-1
2025-03-10T15:48:32.546-04:00,IdeState,Inactive,,*,-1,-1
2025-03-10T15:48:33.559-04:00,IdeState,Inactive,,*,-1,-1
2025-03-10T15:48:34.568-04:00,IdeState,Inactive,,*,-1,-1
2025-03-10T15:48:35.585-04:00,IdeState,Inactive,,*,-1,-1
2025-03-10T15:48:36.594-04:00,IdeState,Inactive,,*,-1,-1
2025-03-10T15:48:37.605-04:00,IdeState,Inactive,,*,-1,-1
2025-03-10T15:48:38.608-04:00,IdeState,Inactive,,*,-1,-1
2025-03-10T15:48:39.621-04:00,IdeState,Inactive,,*,-1,-1
2025-03-10T15:48:40.627-04:00,IdeState,Inactive,,*,-1,-1
2025-03-10T15:48:41.643-04:00,IdeState,Inactive,,*,-1,-1
2025-03-10T15:48:42.659-04:00,IdeState,Inactive,,*,-1,-1
2025-03-10T15:48:43.662-04:00,IdeState,Inactive,,*,-1,-1
2025-03-10T15:48:44.673-04:00,IdeState,Inactive,,*,-1,-1
2025-03-10T15:48:45.686-04:00,IdeState,Inactive,,*,-1,-1
2025-03-10T15:48:46.701-04:00,IdeState,Inactive,,*,-1,-1
2025-03-10T15:48:47.702-04:00,IdeState,Inactive,,*,-1,-1
2025-03-10T15:48:48.715-04:00,IdeState,Inactive,,*,-1,-1
2025-03-10T15:48:49.730-04:00,IdeState,Inactive,,*,-1,-1
2025-03-10T15:48:50.745-04:00,IdeState,Inactive,,*,-1,-1
2025-03-10T15:48:51.761-04:00,IdeState,Inactive,,*,-1,-1
2025-03-10T15:48:52.771-04:00,IdeState,Inactive,,*,-1,-1
2025-03-10T15:48:53.784-04:00,IdeState,Inactive,,*,-1,-1
2025-03-10T15:48:54.797-04:00,IdeState,Inactive,,*,-1,-1
2025-03-10T15:48:55.801-04:00,IdeState,Inactive,,*,-1,-1
2025-03-10T15:48:56.817-04:00,IdeState,Inactive,,*,-1,-1
2025-03-10T15:48:57.999-04:00,IdeState,Inactive,,*,-1,-1
2025-03-10T15:48:59.014-04:00,IdeState,Inactive,,*,-1,-1
2025-03-10T15:49:00.074-04:00,IdeState,Inactive,,*,-1,-1
2025-03-10T15:49:01.110-04:00,IdeState,Inactive,,*,-1,-1
2025-03-10T15:49:02.134-04:00,IdeState,Inactive,,*,-1,-1
2025-03-10T15:49:03.169-04:00,IdeState,Inactive,,*,-1,-1
2025-03-10T15:49:04.182-04:00,IdeState,Inactive,,*,-1,-1
2025-03-10T15:49:05.253-04:00,IdeState,Inactive,,*,-1,-1
2025-03-10T15:49:06.267-04:00,IdeState,Inactive,,*,-1,-1
2025-03-10T15:49:07.277-04:00,IdeState,Inactive,,*,-1,-1
2025-03-10T15:49:08.493-04:00,IdeState,Inactive,,*,-1,-1
2025-03-10T15:49:09.529-04:00,IdeState,Inactive,,*,-1,-1
2025-03-10T15:49:10.569-04:00,IdeState,Inactive,,*,-1,-1
2025-03-10T15:49:11.576-04:00,IdeState,Inactive,,*,-1,-1
2025-03-10T15:49:12.592-04:00,IdeState,Inactive,,*,-1,-1
2025-03-10T15:49:13.605-04:00,IdeState,Inactive,,*,-1,-1
2025-03-10T15:49:14.622-04:00,IdeState,Inactive,,*,-1,-1
2025-03-10T15:49:15.629-04:00,IdeState,Inactive,,*,-1,-1
2025-03-10T15:49:16.645-04:00,IdeState,Inactive,,*,-1,-1
2025-03-10T15:49:17.654-04:00,IdeState,Inactive,,*,-1,-1
2025-03-10T15:49:18.658-04:00,IdeState,Inactive,,*,-1,-1
2025-03-10T15:49:19.669-04:00,IdeState,Inactive,,*,-1,-1
2025-03-10T15:49:20.685-04:00,IdeState,Inactive,,*,-1,-1
2025-03-10T15:49:21.698-04:00,IdeState,Inactive,,*,-1,-1
2025-03-10T15:49:22.712-04:00,IdeState,Inactive,,*,-1,-1
2025-03-10T15:49:23.728-04:00,IdeState,Inactive,,*,-1,-1
2025-03-10T15:49:24.740-04:00,IdeState,Inactive,,*,-1,-1
2025-03-10T15:50:20.874-04:00,IdeState,Inactive,,*,-1,-1
2025-03-10T15:50:21.881-04:00,IdeState,Inactive,,*,-1,-1
2025-03-10T15:50:23.190-04:00,IdeState,Inactive,,*,-1,-1
2025-03-10T15:50:24.195-04:00,IdeState,Inactive,,*,-1,-1
2025-03-10T15:50:25.203-04:00,IdeState,Inactive,,*,-1,-1
2025-03-10T15:50:26.409-04:00,IdeState,Inactive,,*,-1,-1
2025-03-10T15:50:27.429-04:00,IdeState,Inactive,,*,-1,-1
2025-03-10T15:50:28.473-04:00,IdeState,Inactive,,*,-1,-1
2025-03-10T15:50:29.498-04:00,IdeState,Inactive,,*,-1,-1
2025-03-10T15:50:31.496-04:00,IdeState,Inactive,,*,-1,-1
2025-03-10T15:50:32.923-04:00,IdeState,Inactive,,*,-1,-1
2025-03-10T15:50:33.925-04:00,IdeState,Inactive,,*,-1,-1
2025-03-10T15:50:34.926-04:00,IdeState,Inactive,,*,-1,-1
2025-03-10T15:50:35.926-04:00,IdeState,Inactive,,*,-1,-1
2025-03-10T15:50:36.928-04:00,IdeState,Inactive,,*,-1,-1
2025-03-10T15:50:37.928-04:00,IdeState,Inactive,,*,-1,-1
2025-03-10T15:50:38.930-04:00,IdeState,Inactive,,*,-1,-1
2025-03-10T15:50:39.932-04:00,IdeState,Inactive,,*,-1,-1
2025-03-10T15:50:40.934-04:00,IdeState,Inactive,,*,-1,-1
2025-03-10T15:50:41.935-04:00,IdeState,Inactive,,*,-1,-1
2025-03-10T15:50:42.937-04:00,IdeState,Inactive,,*,-1,-1
2025-03-10T15:50:43.938-04:00,IdeState,Inactive,,*,-1,-1
2025-03-10T15:50:44.940-04:00,IdeState,Inactive,,*,-1,-1
2025-03-10T15:50:45.941-04:00,IdeState,Inactive,,*,-1,-1
2025-03-10T15:50:46.943-04:00,IdeState,Inactive,,*,-1,-1
2025-03-10T15:50:47.943-04:00,IdeState,Inactive,,*,-1,-1
2025-03-10T15:50:48.944-04:00,IdeState,Inactive,,*,-1,-1
2025-03-10T15:50:49.945-04:00,IdeState,Inactive,,*,-1,-1
2025-03-10T15:50:50.946-04:00,IdeState,Inactive,,*,-1,-1
2025-03-10T15:50:51.948-04:00,IdeState,Inactive,,*,-1,-1
2025-03-10T15:50:52.949-04:00,IdeState,Inactive,,*,-1,-1
2025-03-10T15:50:53.951-04:00,IdeState,Inactive,,*,-1,-1
2025-03-10T15:50:54.952-04:00,IdeState,Inactive,,*,-1,-1
2025-03-10T15:50:55.953-04:00,IdeState,Inactive,,*,-1,-1
2025-03-10T15:50:56.956-04:00,IdeState,Inactive,,*,-1,-1
2025-03-10T15:50:57.957-04:00,IdeState,Inactive,,*,-1,-1
2025-03-10T15:50:58.976-04:00,IdeState,Inactive,,*,-1,-1
2025-03-10T15:50:59.978-04:00,IdeState,Inactive,,*,-1,-1
2025-03-10T15:51:00.980-04:00,IdeState,Inactive,,*,-1,-1
2025-03-10T15:51:01.981-04:00,IdeState,Inactive,,*,-1,-1
2025-03-10T15:51:02.982-04:00,IdeState,Inactive,,*,-1,-1
2025-03-10T15:51:03.985-04:00,IdeState,Inactive,,*,-1,-1
2025-03-10T15:51:04.986-04:00,IdeState,Inactive,,*,-1,-1
2025-03-10T15:51:05.987-04:00,IdeState,Inactive,,*,-1,-1
2025-03-10T15:51:06.989-04:00,IdeState,Inactive,,*,-1,-1
2025-03-10T15:51:07.990-04:00,IdeState,Inactive,,*,-1,-1
2025-03-10T15:51:08.991-04:00,IdeState,Inactive,,*,-1,-1
2025-03-10T15:51:09.992-04:00,IdeState,Inactive,,*,-1,-1
2025-03-10T15:51:10.995-04:00,IdeState,Inactive,,*,-1,-1
2025-03-10T15:51:11.997-04:00,IdeState,Inactive,,*,-1,-1
2025-03-10T15:51:12.998-04:00,IdeState,Inactive,,*,-1,-1
2025-03-10T15:51:14.000-04:00,IdeState,Inactive,,*,-1,-1
2025-03-10T15:51:15.003-04:00,IdeState,Inactive,,*,-1,-1
2025-03-10T15:51:16.003-04:00,IdeState,Inactive,,*,-1,-1
2025-03-10T15:51:17.004-04:00,IdeState,Inactive,,*,-1,-1
2025-03-10T15:51:18.005-04:00,IdeState,Inactive,,*,-1,-1
2025-03-10T15:51:19.006-04:00,IdeState,Inactive,,*,-1,-1
2025-03-10T15:51:20.008-04:00,IdeState,Inactive,,*,-1,-1
2025-03-10T15:51:21.011-04:00,IdeState,Inactive,,*,-1,-1
2025-03-10T15:51:22.015-04:00,IdeState,Inactive,,*,-1,-1
2025-03-10T15:51:23.016-04:00,IdeState,Inactive,,*,-1,-1
2025-03-10T15:51:24.017-04:00,IdeState,Inactive,,*,-1,-1
2025-03-10T15:51:25.017-04:00,IdeState,Inactive,,*,-1,-1
2025-03-10T15:51:26.020-04:00,IdeState,Inactive,,*,-1,-1
2025-03-10T15:51:27.021-04:00,IdeState,Inactive,,*,-1,-1
2025-03-10T15:51:28.022-04:00,IdeState,Inactive,,*,-1,-1
2025-03-10T15:51:29.023-04:00,IdeState,Inactive,,*,-1,-1
2025-03-10T15:51:30.025-04:00,IdeState,Inactive,,*,-1,-1
2025-03-10T15:51:31.025-04:00,IdeState,Inactive,,*,-1,-1
2025-03-10T15:51:32.026-04:00,IdeState,Inactive,,*,-1,-1
2025-03-10T15:51:33.030-04:00,IdeState,Inactive,,*,-1,-1
2025-03-10T15:51:34.031-04:00,IdeState,Inactive,,*,-1,-1
2025-03-10T15:51:35.032-04:00,IdeState,Inactive,,*,-1,-1
2025-03-10T15:51:36.034-04:00,IdeState,Inactive,,*,-1,-1
2025-03-10T15:51:37.036-04:00,IdeState,Inactive,,*,-1,-1
2025-03-10T15:51:38.037-04:00,IdeState,Inactive,,*,-1,-1
2025-03-10T15:51:39.039-04:00,IdeState,Inactive,,*,-1,-1
2025-03-10T15:51:40.041-04:00,IdeState,Inactive,,*,-1,-1
2025-03-10T15:51:41.042-04:00,IdeState,Inactive,,*,-1,-1
2025-03-10T15:51:42.042-04:00,IdeState,Inactive,,*,-1,-1
2025-03-10T15:51:43.044-04:00,IdeState,Inactive,,*,-1,-1
2025-03-10T15:51:44.044-04:00,IdeState,Inactive,,*,-1,-1
2025-03-10T15:51:45.045-04:00,IdeState,Inactive,,*,-1,-1
2025-03-10T15:51:46.046-04:00,IdeState,Inactive,,*,-1,-1
2025-03-10T15:51:47.046-04:00,IdeState,Inactive,,*,-1,-1
2025-03-10T15:51:48.048-04:00,IdeState,Inactive,,*,-1,-1
2025-03-10T15:51:49.049-04:00,IdeState,Inactive,,*,-1,-1
2025-03-10T15:51:50.050-04:00,IdeState,Inactive,,*,-1,-1
2025-03-10T15:51:51.051-04:00,IdeState,Inactive,,*,-1,-1
2025-03-10T15:51:52.053-04:00,IdeState,Inactive,,*,-1,-1
2025-03-10T15:51:53.053-04:00,IdeState,Inactive,,*,-1,-1
2025-03-10T15:51:54.054-04:00,IdeState,Inactive,,*,-1,-1
2025-03-10T15:51:55.055-04:00,IdeState,Inactive,,*,-1,-1
2025-03-10T15:51:56.056-04:00,IdeState,Inactive,,*,-1,-1
2025-03-10T15:51:57.056-04:00,IdeState,Inactive,,*,-1,-1
2025-03-10T15:51:58.057-04:00,IdeState,Inactive,,*,-1,-1
2025-03-10T15:51:59.059-04:00,IdeState,Inactive,,*,-1,-1
2025-03-10T15:52:00.060-04:00,IdeState,Inactive,,*,-1,-1
2025-03-10T15:52:01.060-04:00,IdeState,Inactive,,*,-1,-1
2025-03-10T15:52:02.061-04:00,IdeState,Inactive,,*,-1,-1
2025-03-10T15:52:03.063-04:00,IdeState,Inactive,,*,-1,-1
2025-03-10T15:52:04.064-04:00,IdeState,Inactive,,*,-1,-1
2025-03-10T15:52:05.064-04:00,IdeState,Inactive,,*,-1,-1
2025-03-10T15:52:06.081-04:00,IdeState,Inactive,,*,-1,-1
2025-03-10T15:52:07.082-04:00,IdeState,Inactive,,*,-1,-1
2025-03-10T15:52:08.091-04:00,IdeState,Inactive,,*,-1,-1
2025-03-10T15:52:09.092-04:00,IdeState,Inactive,,*,-1,-1
2025-03-10T15:52:10.094-04:00,IdeState,Inactive,,*,-1,-1
2025-03-10T15:52:11.096-04:00,IdeState,Inactive,,*,-1,-1
2025-03-10T15:52:12.098-04:00,IdeState,Inactive,,*,-1,-1
2025-03-10T15:52:13.099-04:00,IdeState,Inactive,,*,-1,-1
2025-03-10T15:52:14.101-04:00,IdeState,Inactive,,*,-1,-1
2025-03-10T15:52:15.103-04:00,IdeState,Inactive,,*,-1,-1
2025-03-10T15:52:16.105-04:00,IdeState,Inactive,,*,-1,-1
2025-03-10T15:52:17.108-04:00,IdeState,Inactive,,*,-1,-1
2025-03-10T15:52:18.108-04:00,IdeState,Inactive,,*,-1,-1
2025-03-10T15:52:19.110-04:00,IdeState,Inactive,,*,-1,-1
2025-03-10T15:52:20.114-04:00,IdeState,Inactive,,*,-1,-1
2025-03-10T15:52:21.117-04:00,IdeState,Inactive,,*,-1,-1
2025-03-10T15:52:22.120-04:00,IdeState,Inactive,,*,-1,-1
2025-03-10T15:52:23.120-04:00,IdeState,Inactive,,*,-1,-1
2025-03-10T15:52:24.121-04:00,IdeState,Inactive,,*,-1,-1
2025-03-10T15:52:25.123-04:00,IdeState,Inactive,,*,-1,-1
2025-03-10T15:52:26.124-04:00,IdeState,Inactive,,*,-1,-1
2025-03-10T15:52:27.126-04:00,IdeState,Inactive,,*,-1,-1
2025-03-10T15:52:28.134-04:00,IdeState,Inactive,,*,-1,-1
2025-03-10T15:52:29.135-04:00,IdeState,Inactive,,*,-1,-1
2025-03-10T15:52:30.139-04:00,IdeState,Inactive,,*,-1,-1
2025-03-10T15:52:31.142-04:00,IdeState,Inactive,,*,-1,-1
2025-03-10T15:52:32.151-04:00,IdeState,Inactive,,*,-1,-1
2025-03-10T15:52:33.152-04:00,IdeState,Inactive,,*,-1,-1
2025-03-10T15:52:34.154-04:00,IdeState,Inactive,,*,-1,-1
2025-03-10T15:52:35.155-04:00,IdeState,Inactive,,*,-1,-1
2025-03-10T15:52:36.158-04:00,IdeState,Inactive,,*,-1,-1
2025-03-10T15:52:37.161-04:00,IdeState,Inactive,,*,-1,-1
2025-03-10T15:52:38.163-04:00,IdeState,Inactive,,*,-1,-1
2025-03-10T15:52:39.165-04:00,IdeState,Inactive,,*,-1,-1
2025-03-10T15:52:40.166-04:00,IdeState,Inactive,,*,-1,-1
2025-03-10T15:52:41.168-04:00,IdeState,Inactive,,*,-1,-1
2025-03-10T15:52:42.169-04:00,IdeState,Inactive,,*,-1,-1
2025-03-10T15:52:43.170-04:00,IdeState,Inactive,,*,-1,-1
2025-03-10T15:52:44.172-04:00,IdeState,Inactive,,*,-1,-1
2025-03-10T15:52:45.174-04:00,IdeState,Inactive,,*,-1,-1
2025-03-10T15:52:46.175-04:00,IdeState,Inactive,,*,-1,-1
2025-03-10T15:52:47.179-04:00,IdeState,Inactive,,*,-1,-1
2025-03-10T15:52:48.181-04:00,IdeState,Inactive,,*,-1,-1
2025-03-10T15:52:49.182-04:00,IdeState,Inactive,,*,-1,-1
2025-03-10T15:52:50.183-04:00,IdeState,Inactive,,*,-1,-1
2025-03-10T15:52:51.201-04:00,IdeState,Inactive,,*,-1,-1
2025-03-10T15:52:52.204-04:00,IdeState,Inactive,,*,-1,-1
2025-03-10T15:52:53.206-04:00,IdeState,Inactive,,*,-1,-1
2025-03-10T15:52:54.207-04:00,IdeState,Inactive,,*,-1,-1
2025-03-10T15:52:55.209-04:00,IdeState,Inactive,,*,-1,-1
2025-03-10T15:52:56.211-04:00,IdeState,Inactive,,*,-1,-1
2025-03-10T15:52:57.213-04:00,IdeState,Inactive,,*,-1,-1
2025-03-10T15:52:58.215-04:00,IdeState,Inactive,,*,-1,-1
2025-03-10T15:52:59.216-04:00,IdeState,Inactive,,*,-1,-1
2025-03-10T15:53:00.219-04:00,IdeState,Inactive,,*,-1,-1
2025-03-10T15:53:01.220-04:00,IdeState,Inactive,,*,-1,-1
2025-03-10T15:53:02.223-04:00,IdeState,Inactive,,*,-1,-1
2025-03-10T15:53:03.225-04:00,IdeState,Inactive,,*,-1,-1
2025-03-10T15:53:04.226-04:00,IdeState,Inactive,,*,-1,-1
2025-03-10T15:53:05.227-04:00,IdeState,Inactive,,*,-1,-1
2025-03-10T15:53:06.229-04:00,IdeState,Inactive,,*,-1,-1
2025-03-10T15:53:07.230-04:00,IdeState,Inactive,,*,-1,-1
2025-03-10T15:53:08.231-04:00,IdeState,Inactive,,*,-1,-1
2025-03-10T15:53:09.232-04:00,IdeState,Inactive,,*,-1,-1
2025-03-10T15:53:10.234-04:00,IdeState,Inactive,,*,-1,-1
2025-03-10T15:53:11.237-04:00,IdeState,Inactive,,*,-1,-1
2025-03-10T15:53:12.239-04:00,IdeState,Inactive,,*,-1,-1
2025-03-10T15:53:13.240-04:00,IdeState,Inactive,,*,-1,-1
2025-03-10T15:53:14.241-04:00,IdeState,Inactive,,*,-1,-1
2025-03-10T15:53:15.243-04:00,IdeState,Inactive,,*,-1,-1
2025-03-10T15:53:16.244-04:00,IdeState,Inactive,,*,-1,-1
2025-03-10T15:53:17.246-04:00,IdeState,Inactive,,*,-1,-1
2025-03-10T15:53:18.248-04:00,IdeState,Inactive,,*,-1,-1
2025-03-10T15:53:19.249-04:00,IdeState,Inactive,,*,-1,-1
2025-03-10T15:53:20.250-04:00,IdeState,Inactive,,*,-1,-1
2025-03-10T15:53:21.255-04:00,IdeState,Inactive,,*,-1,-1
2025-03-10T15:53:22.255-04:00,IdeState,Inactive,,*,-1,-1
2025-03-10T15:53:23.257-04:00,IdeState,Inactive,,*,-1,-1
2025-03-10T15:53:24.257-04:00,IdeState,Inactive,,*,-1,-1
2025-03-10T15:53:25.258-04:00,IdeState,Inactive,,*,-1,-1
2025-03-10T15:53:26.260-04:00,IdeState,Inactive,,*,-1,-1
2025-03-10T15:53:27.261-04:00,IdeState,Inactive,,*,-1,-1
2025-03-10T15:53:28.262-04:00,IdeState,Inactive,,*,-1,-1
2025-03-10T15:53:29.263-04:00,IdeState,Inactive,,*,-1,-1
2025-03-10T15:53:30.266-04:00,IdeState,Inactive,,*,-1,-1
2025-03-10T15:53:31.268-04:00,IdeState,Inactive,,*,-1,-1
2025-03-10T15:53:32.269-04:00,IdeState,Inactive,,*,-1,-1
2025-03-10T15:53:33.270-04:00,IdeState,Inactive,,*,-1,-1
2025-03-10T15:53:34.273-04:00,IdeState,Inactive,,*,-1,-1
2025-03-10T15:53:35.274-04:00,IdeState,Inactive,,*,-1,-1
2025-03-10T15:53:36.275-04:00,IdeState,Inactive,,*,-1,-1
2025-03-10T15:53:37.278-04:00,IdeState,Inactive,,*,-1,-1
2025-03-10T15:53:38.279-04:00,IdeState,Inactive,,*,-1,-1
2025-03-10T15:53:39.280-04:00,IdeState,Inactive,,*,-1,-1
2025-03-10T15:53:40.281-04:00,IdeState,Inactive,,*,-1,-1
2025-03-10T15:53:41.289-04:00,IdeState,Inactive,,*,-1,-1
2025-03-10T15:53:42.291-04:00,IdeState,Inactive,,*,-1,-1
2025-03-10T15:53:43.292-04:00,IdeState,Inactive,,*,-1,-1
2025-03-10T15:53:44.293-04:00,IdeState,Inactive,,*,-1,-1
2025-03-10T15:53:45.295-04:00,IdeState,Inactive,,*,-1,-1
2025-03-10T15:53:46.296-04:00,IdeState,Inactive,,*,-1,-1
2025-03-10T15:53:47.296-04:00,IdeState,Inactive,,*,-1,-1
2025-03-10T15:53:48.298-04:00,IdeState,Inactive,,*,-1,-1
2025-03-10T15:53:49.307-04:00,IdeState,Inactive,,*,-1,-1
2025-03-10T15:53:50.309-04:00,IdeState,Inactive,,*,-1,-1
2025-03-10T15:53:51.312-04:00,IdeState,Inactive,,*,-1,-1
2025-03-10T15:53:52.313-04:00,IdeState,Inactive,,*,-1,-1
2025-03-10T15:53:53.321-04:00,IdeState,Inactive,,*,-1,-1
2025-03-10T15:53:54.322-04:00,IdeState,Inactive,,*,-1,-1
2025-03-10T15:53:55.325-04:00,IdeState,Inactive,,*,-1,-1
2025-03-10T15:53:56.333-04:00,IdeState,Inactive,,*,-1,-1
2025-03-10T15:53:57.336-04:00,IdeState,Inactive,,*,-1,-1
2025-03-10T15:53:58.339-04:00,IdeState,Inactive,,*,-1,-1
2025-03-10T15:53:59.339-04:00,IdeState,Inactive,,*,-1,-1
2025-03-10T15:54:00.345-04:00,IdeState,Inactive,,*,-1,-1
2025-03-10T15:54:01.346-04:00,IdeState,Inactive,,*,-1,-1
2025-03-10T15:54:02.347-04:00,IdeState,Inactive,,*,-1,-1
2025-03-10T15:54:03.349-04:00,IdeState,Inactive,,*,-1,-1
2025-03-10T15:54:04.353-04:00,IdeState,Inactive,,*,-1,-1
2025-03-10T15:54:05.355-04:00,IdeState,Inactive,,*,-1,-1
2025-03-10T15:54:06.356-04:00,IdeState,Inactive,,*,-1,-1
2025-03-10T15:54:07.358-04:00,IdeState,Inactive,,*,-1,-1
2025-03-10T15:54:08.359-04:00,IdeState,Inactive,,*,-1,-1
2025-03-10T15:54:09.361-04:00,IdeState,Inactive,,*,-1,-1
2025-03-10T15:54:10.365-04:00,IdeState,Inactive,,*,-1,-1
2025-03-10T15:54:11.366-04:00,IdeState,Inactive,,*,-1,-1
2025-03-10T15:54:12.368-04:00,IdeState,Inactive,,*,-1,-1
2025-03-10T15:54:13.371-04:00,IdeState,Inactive,,*,-1,-1
2025-03-10T15:54:14.371-04:00,IdeState,Inactive,,*,-1,-1
2025-03-10T15:54:15.373-04:00,IdeState,Inactive,,*,-1,-1
2025-03-10T15:54:16.378-04:00,IdeState,Inactive,,*,-1,-1
2025-03-10T15:54:17.384-04:00,IdeState,Inactive,,*,-1,-1
2025-03-10T15:54:18.386-04:00,IdeState,Inactive,,*,-1,-1
2025-03-10T15:54:19.387-04:00,IdeState,Inactive,,*,-1,-1
2025-03-10T15:54:20.388-04:00,IdeState,Inactive,,*,-1,-1
2025-03-10T15:54:21.389-04:00,IdeState,Inactive,,*,-1,-1
2025-03-10T15:54:22.391-04:00,IdeState,Inactive,,*,-1,-1
2025-03-10T15:54:23.392-04:00,IdeState,Inactive,,*,-1,-1
2025-03-10T15:54:24.394-04:00,IdeState,Inactive,,*,-1,-1
2025-03-10T15:54:25.397-04:00,IdeState,Inactive,,*,-1,-1
2025-03-10T15:54:26.398-04:00,IdeState,Inactive,,*,-1,-1
2025-03-10T15:54:27.400-04:00,IdeState,Inactive,,*,-1,-1
2025-03-10T15:54:28.402-04:00,IdeState,Inactive,,*,-1,-1
2025-03-10T15:54:29.406-04:00,IdeState,Inactive,,*,-1,-1
2025-03-10T15:54:30.407-04:00,IdeState,Inactive,,*,-1,-1
2025-03-10T15:54:31.408-04:00,IdeState,Inactive,,*,-1,-1
2025-03-10T15:54:32.409-04:00,IdeState,Inactive,,*,-1,-1
2025-03-10T15:54:33.411-04:00,IdeState,Inactive,,*,-1,-1
2025-03-10T15:54:34.412-04:00,IdeState,Inactive,,*,-1,-1
2025-03-10T15:54:35.413-04:00,IdeState,Inactive,,*,-1,-1
2025-03-10T15:54:36.415-04:00,IdeState,Inactive,,*,-1,-1
2025-03-10T15:54:37.416-04:00,IdeState,Inactive,,*,-1,-1
2025-03-10T15:54:38.420-04:00,IdeState,Inactive,,*,-1,-1
2025-03-10T15:54:39.421-04:00,IdeState,Inactive,,*,-1,-1
2025-03-10T15:54:40.422-04:00,IdeState,Inactive,,*,-1,-1
2025-03-10T15:54:41.423-04:00,IdeState,Inactive,,*,-1,-1
2025-03-10T15:54:42.425-04:00,IdeState,Inactive,,*,-1,-1
2025-03-10T15:54:43.427-04:00,IdeState,Inactive,,*,-1,-1
2025-03-10T15:54:44.429-04:00,IdeState,Inactive,,*,-1,-1
2025-03-10T15:54:45.432-04:00,IdeState,Inactive,,*,-1,-1
2025-03-10T15:54:46.434-04:00,IdeState,Inactive,,*,-1,-1
2025-03-10T15:54:47.436-04:00,IdeState,Inactive,,*,-1,-1
2025-03-10T15:54:48.436-04:00,IdeState,Inactive,,*,-1,-1
2025-03-10T15:54:49.439-04:00,IdeState,Inactive,,*,-1,-1
2025-03-10T15:54:50.440-04:00,IdeState,Inactive,,*,-1,-1
2025-03-10T15:54:51.442-04:00,IdeState,Inactive,,*,-1,-1
2025-03-10T15:54:52.443-04:00,IdeState,Inactive,,*,-1,-1
2025-03-10T15:54:53.444-04:00,IdeState,Inactive,,*,-1,-1
2025-03-10T15:54:54.446-04:00,IdeState,Inactive,,*,-1,-1
2025-03-10T15:54:55.449-04:00,IdeState,Inactive,,*,-1,-1
2025-03-10T15:54:56.449-04:00,IdeState,Inactive,,*,-1,-1
2025-03-10T15:54:57.452-04:00,IdeState,Inactive,,*,-1,-1
2025-03-10T15:54:58.460-04:00,IdeState,Inactive,,*,-1,-1
2025-03-10T15:54:59.465-04:00,IdeState,Inactive,,*,-1,-1
2025-03-10T15:55:00.466-04:00,IdeState,Inactive,,*,-1,-1
2025-03-10T15:55:01.470-04:00,IdeState,Inactive,,*,-1,-1
2025-03-10T15:55:02.472-04:00,IdeState,Inactive,,*,-1,-1
2025-03-10T15:55:03.474-04:00,IdeState,Inactive,,*,-1,-1
2025-03-10T15:55:04.485-04:00,IdeState,Inactive,,*,-1,-1
2025-03-10T15:55:05.487-04:00,IdeState,Inactive,,*,-1,-1
2025-03-10T15:55:06.488-04:00,IdeState,Inactive,,*,-1,-1
2025-03-10T15:55:07.488-04:00,IdeState,Inactive,,*,-1,-1
2025-03-10T15:55:08.490-04:00,IdeState,Inactive,,*,-1,-1
2025-03-10T15:55:09.491-04:00,IdeState,Inactive,,*,-1,-1
2025-03-10T15:55:10.492-04:00,IdeState,Inactive,,*,-1,-1
2025-03-10T15:55:11.493-04:00,IdeState,Inactive,,*,-1,-1
2025-03-10T15:55:12.495-04:00,IdeState,Inactive,,*,-1,-1
2025-03-10T15:55:13.497-04:00,IdeState,Inactive,,*,-1,-1
2025-03-10T15:55:14.498-04:00,IdeState,Inactive,,*,-1,-1
2025-03-10T15:55:15.500-04:00,IdeState,Inactive,,*,-1,-1
2025-03-10T15:55:16.502-04:00,IdeState,Inactive,,*,-1,-1
2025-03-10T15:55:17.503-04:00,IdeState,Inactive,,*,-1,-1
2025-03-10T15:55:18.504-04:00,IdeState,Inactive,,*,-1,-1
2025-03-10T15:55:19.532-04:00,IdeState,Inactive,,*,-1,-1
2025-03-10T15:55:20.541-04:00,IdeState,Inactive,,*,-1,-1
2025-03-10T15:55:21.553-04:00,IdeState,Inactive,,*,-1,-1
2025-03-10T15:55:22.555-04:00,IdeState,Inactive,,*,-1,-1
2025-03-10T15:55:23.556-04:00,IdeState,Inactive,,*,-1,-1
2025-03-10T15:55:24.558-04:00,IdeState,Inactive,,*,-1,-1
2025-03-10T15:55:25.558-04:00,IdeState,Inactive,,*,-1,-1
2025-03-10T15:55:26.560-04:00,IdeState,Inactive,,*,-1,-1
2025-03-10T15:55:27.561-04:00,IdeState,Inactive,,*,-1,-1
2025-03-10T15:55:28.563-04:00,IdeState,Inactive,,*,-1,-1
2025-03-10T15:55:29.584-04:00,IdeState,Inactive,,*,-1,-1
2025-03-10T15:55:30.586-04:00,IdeState,Inactive,,*,-1,-1
2025-03-10T15:55:31.588-04:00,IdeState,Inactive,,*,-1,-1
2025-03-10T15:55:32.590-04:00,IdeState,Inactive,,*,-1,-1
2025-03-10T15:55:33.591-04:00,IdeState,Inactive,,*,-1,-1
2025-03-10T15:55:34.592-04:00,IdeState,Inactive,,*,-1,-1
2025-03-10T15:55:35.593-04:00,IdeState,Inactive,,*,-1,-1
2025-03-10T15:55:36.594-04:00,IdeState,Inactive,,*,-1,-1
2025-03-10T15:55:37.596-04:00,IdeState,Inactive,,*,-1,-1
2025-03-10T15:55:38.597-04:00,IdeState,Inactive,,*,-1,-1
2025-03-10T15:55:39.598-04:00,IdeState,Inactive,,*,-1,-1
2025-03-10T15:55:40.600-04:00,IdeState,Inactive,,*,-1,-1
2025-03-10T15:55:41.608-04:00,IdeState,Inactive,,*,-1,-1
2025-03-10T15:55:42.610-04:00,IdeState,Inactive,,*,-1,-1
2025-03-10T15:55:43.612-04:00,IdeState,Inactive,,*,-1,-1
2025-03-10T15:55:44.613-04:00,IdeState,Inactive,,*,-1,-1
2025-03-10T15:55:45.615-04:00,IdeState,Inactive,,*,-1,-1
2025-03-10T15:55:46.616-04:00,IdeState,Inactive,,*,-1,-1
2025-03-10T15:55:47.618-04:00,IdeState,Inactive,,*,-1,-1
2025-03-10T15:55:48.623-04:00,IdeState,Inactive,,*,-1,-1
2025-03-10T15:55:49.625-04:00,IdeState,Inactive,,*,-1,-1
2025-03-10T15:55:50.627-04:00,IdeState,Inactive,,*,-1,-1
2025-03-10T15:55:51.628-04:00,IdeState,Inactive,,*,-1,-1
2025-03-10T15:55:52.629-04:00,IdeState,Inactive,,*,-1,-1
2025-03-10T15:55:53.630-04:00,IdeState,Inactive,,*,-1,-1
2025-03-10T15:55:54.631-04:00,IdeState,Inactive,,*,-1,-1
2025-03-10T15:55:55.634-04:00,IdeState,Inactive,,*,-1,-1
2025-03-10T15:55:56.636-04:00,IdeState,Inactive,,*,-1,-1
2025-03-10T15:55:57.638-04:00,IdeState,Inactive,,*,-1,-1
2025-03-10T15:55:58.639-04:00,IdeState,Inactive,,*,-1,-1
2025-03-10T15:55:59.640-04:00,IdeState,Inactive,,*,-1,-1
2025-03-10T15:56:00.643-04:00,IdeState,Inactive,,*,-1,-1
2025-03-10T15:56:01.645-04:00,IdeState,Inactive,,*,-1,-1
2025-03-10T15:56:02.646-04:00,IdeState,Inactive,,*,-1,-1
2025-03-10T15:56:03.663-04:00,IdeState,Inactive,,*,-1,-1
2025-03-10T15:56:04.664-04:00,IdeState,Inactive,,*,-1,-1
2025-03-10T15:56:05.741-04:00,IdeState,Inactive,,*,-1,-1
2025-03-10T15:56:06.742-04:00,IdeState,Inactive,,*,-1,-1
2025-03-10T15:56:07.744-04:00,IdeState,Inactive,,*,-1,-1
2025-03-10T15:56:08.745-04:00,IdeState,Inactive,,*,-1,-1
2025-03-10T15:56:09.747-04:00,IdeState,Inactive,,*,-1,-1
2025-03-10T15:56:10.749-04:00,IdeState,Inactive,,*,-1,-1
2025-03-10T15:56:11.750-04:00,IdeState,Inactive,,*,-1,-1
2025-03-10T15:56:12.752-04:00,IdeState,Inactive,,*,-1,-1
2025-03-10T15:56:13.754-04:00,IdeState,Inactive,,*,-1,-1
2025-03-10T15:56:14.756-04:00,IdeState,Inactive,,*,-1,-1
2025-03-10T15:56:15.757-04:00,IdeState,Inactive,,*,-1,-1
2025-03-10T15:56:16.759-04:00,IdeState,Inactive,,*,-1,-1
2025-03-10T15:56:17.760-04:00,IdeState,Inactive,,*,-1,-1
2025-03-10T15:56:18.762-04:00,IdeState,Inactive,,*,-1,-1
2025-03-10T15:56:19.763-04:00,IdeState,Inactive,,*,-1,-1
2025-03-10T15:56:20.765-04:00,IdeState,Inactive,,*,-1,-1
2025-03-10T15:56:21.778-04:00,IdeState,Inactive,,*,-1,-1
2025-03-10T15:56:22.782-04:00,IdeState,Inactive,,*,-1,-1
2025-03-10T15:56:23.786-04:00,IdeState,Inactive,,*,-1,-1
2025-03-10T15:56:24.786-04:00,IdeState,Inactive,,*,-1,-1
2025-03-10T15:56:25.788-04:00,IdeState,Inactive,,*,-1,-1
2025-03-10T15:56:26.790-04:00,IdeState,Inactive,,*,-1,-1
2025-03-10T15:56:27.791-04:00,IdeState,Inactive,,*,-1,-1
2025-03-10T15:56:28.792-04:00,IdeState,Inactive,,*,-1,-1
2025-03-10T15:56:29.793-04:00,IdeState,Inactive,,*,-1,-1
2025-03-10T15:56:30.796-04:00,IdeState,Inactive,,*,-1,-1
2025-03-10T15:56:31.796-04:00,IdeState,Inactive,,*,-1,-1
2025-03-10T15:56:32.798-04:00,IdeState,Inactive,,*,-1,-1
2025-03-10T15:56:33.800-04:00,IdeState,Inactive,,*,-1,-1
2025-03-10T15:56:34.800-04:00,IdeState,Inactive,,*,-1,-1
2025-03-10T15:56:35.802-04:00,IdeState,Inactive,,*,-1,-1
2025-03-10T15:56:36.804-04:00,IdeState,Inactive,,*,-1,-1
2025-03-10T15:56:37.805-04:00,IdeState,Inactive,,*,-1,-1
2025-03-10T15:56:38.806-04:00,IdeState,Inactive,,*,-1,-1
2025-03-10T15:56:39.807-04:00,IdeState,Inactive,,*,-1,-1
2025-03-10T15:56:40.809-04:00,IdeState,Inactive,,*,-1,-1
2025-03-10T15:56:41.811-04:00,IdeState,Inactive,,*,-1,-1
2025-03-10T15:56:42.814-04:00,IdeState,Inactive,,*,-1,-1
2025-03-10T15:56:43.815-04:00,IdeState,Inactive,,*,-1,-1
2025-03-10T15:56:44.816-04:00,IdeState,Inactive,,*,-1,-1
2025-03-10T15:56:45.820-04:00,IdeState,Inactive,,*,-1,-1
2025-03-10T15:56:46.820-04:00,IdeState,Inactive,,*,-1,-1
2025-03-10T15:56:47.821-04:00,IdeState,Inactive,,*,-1,-1
2025-03-10T15:56:48.823-04:00,IdeState,Inactive,,*,-1,-1
2025-03-10T15:56:49.824-04:00,IdeState,Inactive,,*,-1,-1
2025-03-10T15:56:50.825-04:00,IdeState,Inactive,,*,-1,-1
2025-03-10T15:56:51.826-04:00,IdeState,Inactive,,*,-1,-1
2025-03-10T15:56:52.828-04:00,IdeState,Inactive,,*,-1,-1
2025-03-10T15:56:53.829-04:00,IdeState,Inactive,,*,-1,-1
2025-03-10T15:56:54.830-04:00,IdeState,Inactive,,*,-1,-1
2025-03-10T15:56:55.836-04:00,IdeState,Inactive,,*,-1,-1
2025-03-10T15:56:56.837-04:00,IdeState,Inactive,,*,-1,-1
2025-03-10T15:56:57.839-04:00,IdeState,Inactive,,*,-1,-1
2025-03-10T15:56:58.842-04:00,IdeState,Inactive,,*,-1,-1
2025-03-10T15:56:59.844-04:00,IdeState,Inactive,,*,-1,-1
2025-03-10T15:57:00.847-04:00,IdeState,Inactive,,*,-1,-1
2025-03-10T15:57:01.849-04:00,IdeState,Inactive,,*,-1,-1
2025-03-10T15:57:02.850-04:00,IdeState,Inactive,,*,-1,-1
2025-03-10T15:57:03.853-04:00,IdeState,Inactive,,*,-1,-1
2025-03-10T15:57:04.855-04:00,IdeState,Inactive,,*,-1,-1
2025-03-10T15:57:05.858-04:00,IdeState,Inactive,,*,-1,-1
2025-03-10T15:57:06.861-04:00,IdeState,Inactive,,*,-1,-1
2025-03-10T15:57:07.861-04:00,IdeState,Inactive,,*,-1,-1
2025-03-10T15:57:08.863-04:00,IdeState,Inactive,,*,-1,-1
2025-03-10T15:57:09.865-04:00,IdeState,Inactive,,*,-1,-1
2025-03-10T15:57:10.867-04:00,IdeState,Inactive,,*,-1,-1
2025-03-10T15:57:11.869-04:00,IdeState,Inactive,,*,-1,-1
2025-03-10T15:57:12.871-04:00,IdeState,Inactive,,*,-1,-1
2025-03-10T15:57:13.872-04:00,IdeState,Inactive,,*,-1,-1
2025-03-10T15:57:14.873-04:00,IdeState,Inactive,,*,-1,-1
2025-03-10T15:57:15.876-04:00,IdeState,Inactive,,*,-1,-1
2025-03-10T15:57:16.878-04:00,IdeState,Inactive,,*,-1,-1
2025-03-10T15:57:17.878-04:00,IdeState,Inactive,,*,-1,-1
2025-03-10T15:57:18.881-04:00,IdeState,Inactive,,*,-1,-1
2025-03-10T15:57:19.883-04:00,IdeState,Inactive,,*,-1,-1
2025-03-10T15:57:20.884-04:00,IdeState,Inactive,,*,-1,-1
2025-03-10T15:57:21.886-04:00,IdeState,Inactive,,*,-1,-1
2025-03-10T15:57:22.886-04:00,IdeState,Inactive,,*,-1,-1
2025-03-10T15:57:23.888-04:00,IdeState,Inactive,,*,-1,-1
2025-03-10T15:57:24.890-04:00,IdeState,Inactive,,*,-1,-1
2025-03-10T15:57:25.892-04:00,IdeState,Inactive,,*,-1,-1
2025-03-10T15:57:26.898-04:00,IdeState,Inactive,,*,-1,-1
2025-03-10T15:57:27.901-04:00,IdeState,Inactive,,*,-1,-1
2025-03-10T15:57:28.902-04:00,IdeState,Inactive,,*,-1,-1
2025-03-10T15:57:29.903-04:00,IdeState,Inactive,,*,-1,-1
2025-03-10T15:57:30.904-04:00,IdeState,Inactive,,*,-1,-1
2025-03-10T15:57:31.905-04:00,IdeState,Inactive,,*,-1,-1
2025-03-10T15:57:32.907-04:00,IdeState,Inactive,,*,-1,-1
2025-03-10T15:57:33.908-04:00,IdeState,Inactive,,*,-1,-1
2025-03-10T15:57:34.909-04:00,IdeState,Inactive,,*,-1,-1
2025-03-10T15:57:35.911-04:00,IdeState,Inactive,,*,-1,-1
2025-03-10T15:57:36.914-04:00,IdeState,Inactive,,*,-1,-1
2025-03-10T15:57:37.917-04:00,IdeState,Inactive,,*,-1,-1
2025-03-10T15:57:38.921-04:00,IdeState,Inactive,,*,-1,-1
2025-03-10T15:57:39.922-04:00,IdeState,Inactive,,*,-1,-1
2025-03-10T15:57:40.924-04:00,IdeState,Inactive,,*,-1,-1
2025-03-10T15:57:41.926-04:00,IdeState,Inactive,,*,-1,-1
2025-03-10T15:57:42.928-04:00,IdeState,Inactive,,*,-1,-1
2025-03-10T15:57:43.930-04:00,IdeState,Inactive,,*,-1,-1
2025-03-10T15:57:44.933-04:00,IdeState,Inactive,,*,-1,-1
2025-03-10T15:57:45.934-04:00,IdeState,Inactive,,*,-1,-1
2025-03-10T15:57:46.935-04:00,IdeState,Inactive,,*,-1,-1
2025-03-10T15:57:47.937-04:00,IdeState,Inactive,,*,-1,-1
2025-03-10T15:57:48.938-04:00,IdeState,Inactive,,*,-1,-1
2025-03-10T15:57:49.945-04:00,IdeState,Inactive,,*,-1,-1
2025-03-10T15:57:50.945-04:00,IdeState,Inactive,,*,-1,-1
2025-03-10T15:57:51.947-04:00,IdeState,Inactive,,*,-1,-1
2025-03-10T15:57:52.949-04:00,IdeState,Inactive,,*,-1,-1
2025-03-10T15:57:53.960-04:00,IdeState,Inactive,,*,-1,-1
2025-03-10T15:57:54.962-04:00,IdeState,Inactive,,*,-1,-1
2025-03-10T15:57:55.964-04:00,IdeState,Inactive,,*,-1,-1
2025-03-10T15:57:56.966-04:00,IdeState,Inactive,,*,-1,-1
2025-03-10T15:57:57.967-04:00,IdeState,Inactive,,*,-1,-1
2025-03-10T15:57:58.969-04:00,IdeState,Inactive,,*,-1,-1
2025-03-10T15:57:59.972-04:00,IdeState,Inactive,,*,-1,-1
2025-03-10T15:58:00.974-04:00,IdeState,Inactive,,*,-1,-1
2025-03-10T15:58:01.976-04:00,IdeState,Inactive,,*,-1,-1
2025-03-10T15:58:02.977-04:00,IdeState,Inactive,,*,-1,-1
2025-03-10T15:58:03.978-04:00,IdeState,Inactive,,*,-1,-1
2025-03-10T15:58:04.980-04:00,IdeState,Inactive,,*,-1,-1
2025-03-10T15:58:05.982-04:00,IdeState,Inactive,,*,-1,-1
2025-03-10T15:58:06.989-04:00,IdeState,Inactive,,*,-1,-1
2025-03-10T15:58:07.991-04:00,IdeState,Inactive,,*,-1,-1
2025-03-10T15:58:08.992-04:00,IdeState,Inactive,,*,-1,-1
2025-03-10T15:58:09.994-04:00,IdeState,Inactive,,*,-1,-1
2025-03-10T15:58:11.022-04:00,IdeState,Inactive,,*,-1,-1
2025-03-10T15:58:12.030-04:00,IdeState,Inactive,,*,-1,-1
2025-03-10T15:58:13.032-04:00,IdeState,Inactive,,*,-1,-1
2025-03-10T15:58:14.034-04:00,IdeState,Inactive,,*,-1,-1
2025-03-10T15:58:15.037-04:00,IdeState,Inactive,,*,-1,-1
2025-03-10T15:58:16.039-04:00,IdeState,Inactive,,*,-1,-1
2025-03-10T15:58:17.040-04:00,IdeState,Inactive,,*,-1,-1
2025-03-10T15:58:18.042-04:00,IdeState,Inactive,,*,-1,-1
2025-03-10T15:58:19.044-04:00,IdeState,Inactive,,*,-1,-1
2025-03-10T15:58:20.045-04:00,IdeState,Inactive,,*,-1,-1
2025-03-10T15:58:21.046-04:00,IdeState,Inactive,,*,-1,-1
2025-03-10T15:58:22.048-04:00,IdeState,Inactive,,*,-1,-1
2025-03-10T15:58:23.051-04:00,IdeState,Inactive,,*,-1,-1
2025-03-10T15:58:24.052-04:00,IdeState,Inactive,,*,-1,-1
2025-03-10T15:58:25.052-04:00,IdeState,Inactive,,*,-1,-1
2025-03-10T15:58:26.055-04:00,IdeState,Inactive,,*,-1,-1
2025-03-10T15:58:27.056-04:00,IdeState,Inactive,,*,-1,-1
2025-03-10T15:58:28.059-04:00,IdeState,Inactive,,*,-1,-1
2025-03-10T15:58:29.061-04:00,IdeState,Inactive,,*,-1,-1
2025-03-10T15:58:30.062-04:00,IdeState,Inactive,,*,-1,-1
2025-03-10T15:58:31.063-04:00,IdeState,Inactive,,*,-1,-1
2025-03-10T15:58:32.064-04:00,IdeState,Inactive,,*,-1,-1
2025-03-10T15:58:33.073-04:00,IdeState,Inactive,,*,-1,-1
2025-03-10T15:58:34.075-04:00,IdeState,Inactive,,*,-1,-1
2025-03-10T15:58:35.077-04:00,IdeState,Inactive,,*,-1,-1
2025-03-10T15:58:36.078-04:00,IdeState,Inactive,,*,-1,-1
2025-03-10T15:58:37.089-04:00,IdeState,Inactive,,*,-1,-1
2025-03-10T15:58:38.090-04:00,IdeState,Inactive,,*,-1,-1
2025-03-10T15:58:39.092-04:00,IdeState,Inactive,,*,-1,-1
2025-03-10T15:58:40.093-04:00,IdeState,Inactive,,*,-1,-1
2025-03-10T15:58:41.095-04:00,IdeState,Inactive,,*,-1,-1
2025-03-10T15:58:42.098-04:00,IdeState,Inactive,,*,-1,-1
2025-03-10T15:58:43.100-04:00,IdeState,Inactive,,*,-1,-1
2025-03-10T15:58:44.103-04:00,IdeState,Inactive,,*,-1,-1
2025-03-10T15:58:45.107-04:00,IdeState,Inactive,,*,-1,-1
2025-03-10T15:58:46.109-04:00,IdeState,Inactive,,*,-1,-1
2025-03-10T15:58:47.110-04:00,IdeState,Inactive,,*,-1,-1
2025-03-10T15:58:48.111-04:00,IdeState,Inactive,,*,-1,-1
2025-03-10T15:58:49.113-04:00,IdeState,Inactive,,*,-1,-1
2025-03-10T15:58:50.115-04:00,IdeState,Inactive,,*,-1,-1
2025-03-10T15:58:51.115-04:00,IdeState,Inactive,,*,-1,-1
2025-03-10T15:58:52.138-04:00,IdeState,Inactive,,*,-1,-1
2025-03-10T15:58:53.142-04:00,IdeState,Inactive,,*,-1,-1
2025-03-10T15:58:54.142-04:00,IdeState,Inactive,,*,-1,-1
2025-03-10T15:58:55.143-04:00,IdeState,Inactive,,*,-1,-1
2025-03-10T15:58:56.145-04:00,IdeState,Inactive,,*,-1,-1
2025-03-10T15:58:57.146-04:00,IdeState,Inactive,,*,-1,-1
2025-03-10T15:58:58.147-04:00,IdeState,Inactive,,*,-1,-1
2025-03-10T15:58:59.148-04:00,IdeState,Inactive,,*,-1,-1
2025-03-10T15:59:00.149-04:00,IdeState,Inactive,,*,-1,-1
2025-03-10T15:59:01.151-04:00,IdeState,Inactive,,*,-1,-1
2025-03-10T15:59:02.153-04:00,IdeState,Inactive,,*,-1,-1
2025-03-10T15:59:03.155-04:00,IdeState,Inactive,,*,-1,-1
2025-03-10T15:59:04.157-04:00,IdeState,Inactive,,*,-1,-1
2025-03-10T15:59:05.161-04:00,IdeState,Inactive,,*,-1,-1
2025-03-10T15:59:06.162-04:00,IdeState,Inactive,,*,-1,-1
2025-03-10T15:59:07.165-04:00,IdeState,Inactive,,*,-1,-1
2025-03-10T15:59:08.168-04:00,IdeState,Inactive,,*,-1,-1
2025-03-10T15:59:09.170-04:00,IdeState,Inactive,,*,-1,-1
2025-03-10T15:59:10.171-04:00,IdeState,Inactive,,*,-1,-1
2025-03-10T15:59:11.172-04:00,IdeState,Inactive,,*,-1,-1
2025-03-10T15:59:12.203-04:00,IdeState,Inactive,,*,-1,-1
2025-03-10T15:59:13.203-04:00,IdeState,Inactive,,*,-1,-1
2025-03-10T15:59:14.207-04:00,IdeState,Inactive,,*,-1,-1
2025-03-10T15:59:15.209-04:00,IdeState,Inactive,,*,-1,-1
2025-03-10T15:59:16.210-04:00,IdeState,Inactive,,*,-1,-1
2025-03-10T15:59:17.211-04:00,IdeState,Inactive,,*,-1,-1
2025-03-10T15:59:18.213-04:00,IdeState,Inactive,,*,-1,-1
2025-03-10T15:59:19.215-04:00,IdeState,Inactive,,*,-1,-1
2025-03-10T15:59:20.216-04:00,IdeState,Inactive,,*,-1,-1
2025-03-10T15:59:21.217-04:00,IdeState,Inactive,,*,-1,-1
2025-03-10T15:59:22.222-04:00,IdeState,Inactive,,*,-1,-1
2025-03-10T15:59:23.223-04:00,IdeState,Inactive,,*,-1,-1
2025-03-10T15:59:24.225-04:00,IdeState,Inactive,,*,-1,-1
2025-03-10T15:59:25.226-04:00,IdeState,Inactive,,*,-1,-1
2025-03-10T15:59:26.229-04:00,IdeState,Inactive,,*,-1,-1
2025-03-10T15:59:27.231-04:00,IdeState,Inactive,,*,-1,-1
2025-03-10T15:59:28.232-04:00,IdeState,Inactive,,*,-1,-1
2025-03-10T15:59:29.234-04:00,IdeState,Inactive,,*,-1,-1
2025-03-10T15:59:30.235-04:00,IdeState,Inactive,,*,-1,-1
2025-03-10T15:59:31.237-04:00,IdeState,Inactive,,*,-1,-1
2025-03-10T15:59:32.238-04:00,IdeState,Inactive,,*,-1,-1
2025-03-10T15:59:33.241-04:00,IdeState,Inactive,,*,-1,-1
2025-03-10T15:59:34.243-04:00,IdeState,Inactive,,*,-1,-1
2025-03-10T15:59:35.244-04:00,IdeState,Inactive,,*,-1,-1
2025-03-10T15:59:36.246-04:00,IdeState,Inactive,,*,-1,-1
2025-03-10T15:59:37.248-04:00,IdeState,Inactive,,*,-1,-1
2025-03-10T15:59:38.251-04:00,IdeState,Inactive,,*,-1,-1
2025-03-10T15:59:39.254-04:00,IdeState,Inactive,,*,-1,-1
2025-03-10T15:59:40.256-04:00,IdeState,Inactive,,*,-1,-1
2025-03-10T15:59:41.257-04:00,IdeState,Inactive,,*,-1,-1
2025-03-10T15:59:42.261-04:00,IdeState,Inactive,,*,-1,-1
2025-03-10T15:59:43.262-04:00,IdeState,Inactive,,*,-1,-1
2025-03-10T15:59:44.265-04:00,IdeState,Inactive,,*,-1,-1
2025-03-10T15:59:45.266-04:00,IdeState,Inactive,,*,-1,-1
2025-03-10T15:59:46.270-04:00,IdeState,Inactive,,*,-1,-1
2025-03-10T15:59:47.273-04:00,IdeState,Inactive,,*,-1,-1
2025-03-10T15:59:48.275-04:00,IdeState,Inactive,,*,-1,-1
2025-03-10T15:59:49.277-04:00,IdeState,Inactive,,*,-1,-1
2025-03-10T15:59:50.278-04:00,IdeState,Inactive,,*,-1,-1
2025-03-10T15:59:51.280-04:00,IdeState,Inactive,,*,-1,-1
2025-03-10T15:59:52.282-04:00,IdeState,Inactive,,*,-1,-1
2025-03-10T15:59:53.284-04:00,IdeState,Inactive,,*,-1,-1
2025-03-10T15:59:54.287-04:00,IdeState,Inactive,,*,-1,-1
2025-03-10T15:59:55.289-04:00,IdeState,Inactive,,*,-1,-1
2025-03-10T15:59:56.291-04:00,IdeState,Inactive,,*,-1,-1
2025-03-10T15:59:57.292-04:00,IdeState,Inactive,,*,-1,-1
2025-03-10T15:59:58.294-04:00,IdeState,Inactive,,*,-1,-1
2025-03-10T15:59:59.295-04:00,IdeState,Inactive,,*,-1,-1
2025-03-10T16:00:00.296-04:00,IdeState,Inactive,,*,-1,-1
2025-03-10T16:00:01.298-04:00,IdeState,Inactive,,*,-1,-1
2025-03-10T16:00:02.302-04:00,IdeState,Inactive,,*,-1,-1
2025-03-10T16:00:03.303-04:00,IdeState,Inactive,,*,-1,-1
2025-03-10T16:00:04.350-04:00,IdeState,Inactive,,*,-1,-1
2025-03-10T16:00:05.353-04:00,IdeState,Inactive,,*,-1,-1
2025-03-10T16:00:06.354-04:00,IdeState,Inactive,,*,-1,-1
2025-03-10T16:00:07.357-04:00,IdeState,Inactive,,*,-1,-1
2025-03-10T16:00:08.360-04:00,IdeState,Inactive,,*,-1,-1
2025-03-10T16:00:09.361-04:00,IdeState,Inactive,,*,-1,-1
2025-03-10T16:00:10.362-04:00,IdeState,Inactive,,*,-1,-1
2025-03-10T16:00:11.363-04:00,IdeState,Inactive,,*,-1,-1
2025-03-10T16:00:12.368-04:00,IdeState,Inactive,,*,-1,-1
2025-03-10T16:00:13.372-04:00,IdeState,Inactive,,*,-1,-1
2025-03-10T16:00:14.374-04:00,IdeState,Inactive,,*,-1,-1
2025-03-10T16:00:15.375-04:00,IdeState,Inactive,,*,-1,-1
2025-03-10T16:00:16.376-04:00,IdeState,Inactive,,*,-1,-1
2025-03-10T16:00:17.377-04:00,IdeState,Inactive,,*,-1,-1
2025-03-10T16:00:18.379-04:00,IdeState,Inactive,,*,-1,-1
2025-03-10T16:00:19.414-04:00,IdeState,Inactive,,*,-1,-1
2025-03-10T16:00:20.427-04:00,IdeState,Inactive,,*,-1,-1
2025-03-10T16:00:21.430-04:00,IdeState,Inactive,,*,-1,-1
2025-03-10T16:00:22.431-04:00,IdeState,Inactive,,*,-1,-1
2025-03-10T16:00:23.434-04:00,IdeState,Inactive,,*,-1,-1
2025-03-10T16:00:24.436-04:00,IdeState,Inactive,,*,-1,-1
2025-03-10T16:00:25.436-04:00,IdeState,Inactive,,*,-1,-1
2025-03-10T16:00:26.439-04:00,IdeState,Inactive,,*,-1,-1
2025-03-10T16:00:27.441-04:00,IdeState,Inactive,,*,-1,-1
2025-03-10T16:00:28.442-04:00,IdeState,Inactive,,*,-1,-1
2025-03-10T16:00:29.444-04:00,IdeState,Inactive,,*,-1,-1
2025-03-10T16:00:30.445-04:00,IdeState,Inactive,,*,-1,-1
2025-03-10T16:00:31.446-04:00,IdeState,Inactive,,*,-1,-1
2025-03-10T16:00:32.454-04:00,IdeState,Inactive,,*,-1,-1
2025-03-10T16:00:33.455-04:00,IdeState,Inactive,,*,-1,-1
2025-03-10T16:00:34.458-04:00,IdeState,Inactive,,*,-1,-1
2025-03-10T16:00:35.460-04:00,IdeState,Inactive,,*,-1,-1
2025-03-10T16:00:36.461-04:00,IdeState,Inactive,,*,-1,-1
2025-03-10T16:00:37.462-04:00,IdeState,Inactive,,*,-1,-1
2025-03-10T16:00:38.464-04:00,IdeState,Inactive,,*,-1,-1
2025-03-10T16:00:39.465-04:00,IdeState,Inactive,,*,-1,-1
2025-03-10T16:00:40.469-04:00,IdeState,Inactive,,*,-1,-1
2025-03-10T16:00:41.470-04:00,IdeState,Inactive,,*,-1,-1
2025-03-10T16:00:42.471-04:00,IdeState,Inactive,,*,-1,-1
2025-03-10T16:00:43.472-04:00,IdeState,Inactive,,*,-1,-1
2025-03-10T16:00:44.473-04:00,IdeState,Inactive,,*,-1,-1
2025-03-10T16:00:45.475-04:00,IdeState,Inactive,,*,-1,-1
2025-03-10T16:00:46.476-04:00,IdeState,Inactive,,*,-1,-1
2025-03-10T16:00:47.478-04:00,IdeState,Inactive,,*,-1,-1
2025-03-10T16:00:48.481-04:00,IdeState,Inactive,,*,-1,-1
2025-03-10T16:00:49.483-04:00,IdeState,Inactive,,*,-1,-1
2025-03-10T16:00:50.542-04:00,IdeState,Inactive,,*,-1,-1
2025-03-10T16:00:51.543-04:00,IdeState,Inactive,,*,-1,-1
2025-03-10T16:00:52.545-04:00,IdeState,Inactive,,*,-1,-1
2025-03-10T16:00:53.547-04:00,IdeState,Inactive,,*,-1,-1
2025-03-10T16:00:54.549-04:00,IdeState,Inactive,,*,-1,-1
2025-03-10T16:00:55.557-04:00,IdeState,Inactive,,*,-1,-1
2025-03-10T16:00:56.558-04:00,IdeState,Inactive,,*,-1,-1
2025-03-10T16:00:57.560-04:00,IdeState,Inactive,,*,-1,-1
2025-03-10T16:00:58.562-04:00,IdeState,Inactive,,*,-1,-1
2025-03-10T16:00:59.563-04:00,IdeState,Inactive,,*,-1,-1
2025-03-10T16:01:00.565-04:00,IdeState,Inactive,,*,-1,-1
2025-03-10T16:01:01.572-04:00,IdeState,Inactive,,*,-1,-1
2025-03-10T16:01:02.573-04:00,IdeState,Inactive,,*,-1,-1
2025-03-10T16:01:03.576-04:00,IdeState,Inactive,,*,-1,-1
2025-03-10T16:01:04.578-04:00,IdeState,Inactive,,*,-1,-1
2025-03-10T16:01:05.579-04:00,IdeState,Inactive,,*,-1,-1
2025-03-10T16:01:06.580-04:00,IdeState,Inactive,,*,-1,-1
2025-03-10T16:01:07.583-04:00,IdeState,Inactive,,*,-1,-1
2025-03-10T16:01:08.584-04:00,IdeState,Inactive,,*,-1,-1
2025-03-10T16:01:09.586-04:00,IdeState,Inactive,,*,-1,-1
2025-03-10T16:01:10.588-04:00,IdeState,Inactive,,*,-1,-1
2025-03-10T16:01:11.595-04:00,IdeState,Inactive,,*,-1,-1
2025-03-10T16:01:12.596-04:00,IdeState,Inactive,,*,-1,-1
2025-03-10T16:01:13.598-04:00,IdeState,Inactive,,*,-1,-1
2025-03-10T16:01:14.601-04:00,IdeState,Inactive,,*,-1,-1
2025-03-10T16:01:15.605-04:00,IdeState,Inactive,,*,-1,-1
2025-03-10T16:01:16.605-04:00,IdeState,Inactive,,*,-1,-1
2025-03-10T16:01:17.607-04:00,IdeState,Inactive,,*,-1,-1
2025-03-10T16:01:18.607-04:00,IdeState,Inactive,,*,-1,-1
2025-03-10T16:01:19.609-04:00,IdeState,Inactive,,*,-1,-1
2025-03-10T16:01:20.610-04:00,IdeState,Inactive,,*,-1,-1
2025-03-10T16:01:21.612-04:00,IdeState,Inactive,,*,-1,-1
2025-03-10T16:01:22.612-04:00,IdeState,Inactive,,*,-1,-1
2025-03-10T16:01:23.615-04:00,IdeState,Inactive,,*,-1,-1
2025-03-10T16:01:24.618-04:00,IdeState,Inactive,,*,-1,-1
2025-03-10T16:01:25.620-04:00,IdeState,Inactive,,*,-1,-1
2025-03-10T16:01:26.622-04:00,IdeState,Inactive,,*,-1,-1
2025-03-10T16:01:27.624-04:00,IdeState,Inactive,,*,-1,-1
2025-03-10T16:01:28.626-04:00,IdeState,Inactive,,*,-1,-1
2025-03-10T16:01:29.627-04:00,IdeState,Inactive,,*,-1,-1
2025-03-10T16:01:30.630-04:00,IdeState,Inactive,,*,-1,-1
2025-03-10T16:01:31.631-04:00,IdeState,Inactive,,*,-1,-1
2025-03-10T16:01:32.632-04:00,IdeState,Inactive,,*,-1,-1
2025-03-10T16:01:33.634-04:00,IdeState,Inactive,,*,-1,-1
2025-03-10T16:01:34.635-04:00,IdeState,Inactive,,*,-1,-1
2025-03-10T16:01:35.636-04:00,IdeState,Inactive,,*,-1,-1
2025-03-10T16:01:36.637-04:00,IdeState,Inactive,,*,-1,-1
2025-03-10T16:01:37.639-04:00,IdeState,Inactive,,*,-1,-1
2025-03-10T16:01:38.641-04:00,IdeState,Inactive,,*,-1,-1
2025-03-10T16:01:39.642-04:00,IdeState,Inactive,,*,-1,-1
2025-03-10T16:01:40.644-04:00,IdeState,Inactive,,*,-1,-1
2025-03-10T16:01:41.646-04:00,IdeState,Inactive,,*,-1,-1
2025-03-10T16:01:42.646-04:00,IdeState,Inactive,,*,-1,-1
2025-03-10T16:01:43.647-04:00,IdeState,Inactive,,*,-1,-1
2025-03-10T16:01:44.649-04:00,IdeState,Inactive,,*,-1,-1
2025-03-10T16:01:45.650-04:00,IdeState,Inactive,,*,-1,-1
2025-03-10T16:01:46.651-04:00,IdeState,Inactive,,*,-1,-1
2025-03-10T16:01:47.653-04:00,IdeState,Inactive,,*,-1,-1
2025-03-10T16:01:48.654-04:00,IdeState,Inactive,,*,-1,-1
2025-03-10T16:01:49.656-04:00,IdeState,Inactive,,*,-1,-1
2025-03-10T16:01:50.658-04:00,IdeState,Inactive,,*,-1,-1
2025-03-10T16:01:51.660-04:00,IdeState,Inactive,,*,-1,-1
2025-03-10T16:01:52.662-04:00,IdeState,Inactive,,*,-1,-1
2025-03-10T16:01:53.663-04:00,IdeState,Inactive,,*,-1,-1
2025-03-10T16:01:54.663-04:00,IdeState,Inactive,,*,-1,-1
2025-03-10T16:01:55.665-04:00,IdeState,Inactive,,*,-1,-1
2025-03-10T16:01:56.666-04:00,IdeState,Inactive,,*,-1,-1
2025-03-10T16:01:57.667-04:00,IdeState,Inactive,,*,-1,-1
2025-03-10T16:01:58.669-04:00,IdeState,Inactive,,*,-1,-1
2025-03-10T16:01:59.670-04:00,IdeState,Inactive,,*,-1,-1
2025-03-10T16:02:00.671-04:00,IdeState,Inactive,,*,-1,-1
2025-03-10T16:02:01.673-04:00,IdeState,Inactive,,*,-1,-1
2025-03-10T16:02:02.675-04:00,IdeState,Inactive,,*,-1,-1
2025-03-10T16:02:03.676-04:00,IdeState,Inactive,,*,-1,-1
2025-03-10T16:02:04.677-04:00,IdeState,Inactive,,*,-1,-1
2025-03-10T16:02:05.680-04:00,IdeState,Inactive,,*,-1,-1
2025-03-10T16:02:06.681-04:00,IdeState,Inactive,,*,-1,-1
2025-03-10T16:02:07.681-04:00,IdeState,Inactive,,*,-1,-1
2025-03-10T16:02:08.684-04:00,IdeState,Inactive,,*,-1,-1
2025-03-10T16:02:09.686-04:00,IdeState,Inactive,,*,-1,-1
2025-03-10T16:02:10.693-04:00,IdeState,Inactive,,*,-1,-1
2025-03-10T16:02:11.696-04:00,IdeState,Inactive,,*,-1,-1
2025-03-10T16:02:12.699-04:00,IdeState,Inactive,,*,-1,-1
2025-03-10T16:02:13.703-04:00,IdeState,Inactive,,*,-1,-1
2025-03-10T16:02:14.703-04:00,IdeState,Inactive,,*,-1,-1
2025-03-10T16:02:15.705-04:00,IdeState,Inactive,,*,-1,-1
2025-03-10T16:02:16.707-04:00,IdeState,Inactive,,*,-1,-1
2025-03-10T16:02:17.709-04:00,IdeState,Inactive,,*,-1,-1
2025-03-10T16:02:18.710-04:00,IdeState,Inactive,,*,-1,-1
2025-03-10T16:02:19.711-04:00,IdeState,Inactive,,*,-1,-1
2025-03-10T16:02:20.712-04:00,IdeState,Inactive,,*,-1,-1
2025-03-10T16:02:21.714-04:00,IdeState,Inactive,,*,-1,-1
2025-03-10T16:02:22.715-04:00,IdeState,Inactive,,*,-1,-1
2025-03-10T16:02:23.716-04:00,IdeState,Inactive,,*,-1,-1
2025-03-10T16:02:24.719-04:00,IdeState,Inactive,,*,-1,-1
2025-03-10T16:02:25.721-04:00,IdeState,Inactive,,*,-1,-1
2025-03-10T16:02:26.723-04:00,IdeState,Inactive,,*,-1,-1
2025-03-10T16:02:27.723-04:00,IdeState,Inactive,,*,-1,-1
2025-03-10T16:02:28.726-04:00,IdeState,Inactive,,*,-1,-1
2025-03-10T16:02:29.727-04:00,IdeState,Inactive,,*,-1,-1
2025-03-10T16:02:30.729-04:00,IdeState,Inactive,,*,-1,-1
2025-03-10T16:02:31.732-04:00,IdeState,Inactive,,*,-1,-1
2025-03-10T16:02:32.734-04:00,IdeState,Inactive,,*,-1,-1
2025-03-10T16:02:33.735-04:00,IdeState,Inactive,,*,-1,-1
2025-03-10T16:02:34.747-04:00,IdeState,Inactive,,*,-1,-1
2025-03-10T16:02:35.756-04:00,IdeState,Inactive,,*,-1,-1
2025-03-10T16:02:36.758-04:00,IdeState,Inactive,,*,-1,-1
2025-03-10T16:02:37.758-04:00,IdeState,Inactive,,*,-1,-1
2025-03-10T16:02:38.759-04:00,IdeState,Inactive,,*,-1,-1
2025-03-10T16:02:39.762-04:00,IdeState,Inactive,,*,-1,-1
2025-03-10T16:02:40.763-04:00,IdeState,Inactive,,*,-1,-1
2025-03-10T16:02:41.766-04:00,IdeState,Inactive,,*,-1,-1
2025-03-10T16:02:42.769-04:00,IdeState,Inactive,,*,-1,-1
2025-03-10T16:02:43.775-04:00,IdeState,Inactive,,*,-1,-1
2025-03-10T16:02:44.777-04:00,IdeState,Inactive,,*,-1,-1
2025-03-10T16:02:45.778-04:00,IdeState,Inactive,,*,-1,-1
2025-03-10T16:02:46.779-04:00,IdeState,Inactive,,*,-1,-1
2025-03-10T16:02:47.780-04:00,IdeState,Inactive,,*,-1,-1
2025-03-10T16:02:48.782-04:00,IdeState,Inactive,,*,-1,-1
2025-03-10T16:02:49.785-04:00,IdeState,Inactive,,*,-1,-1
2025-03-10T16:02:50.786-04:00,IdeState,Inactive,,*,-1,-1
2025-03-10T16:02:51.787-04:00,IdeState,Inactive,,*,-1,-1
2025-03-10T16:02:52.789-04:00,IdeState,Inactive,,*,-1,-1
2025-03-10T16:02:53.791-04:00,IdeState,Inactive,,*,-1,-1
2025-03-10T16:02:54.792-04:00,IdeState,Inactive,,*,-1,-1
2025-03-10T16:02:55.794-04:00,IdeState,Inactive,,*,-1,-1
2025-03-10T16:02:56.795-04:00,IdeState,Inactive,,*,-1,-1
2025-03-10T16:02:57.797-04:00,IdeState,Inactive,,*,-1,-1
2025-03-10T16:02:58.798-04:00,IdeState,Inactive,,*,-1,-1
2025-03-10T16:02:59.803-04:00,IdeState,Inactive,,*,-1,-1
2025-03-10T16:03:00.806-04:00,IdeState,Inactive,,*,-1,-1
2025-03-10T16:03:01.806-04:00,IdeState,Inactive,,*,-1,-1
2025-03-10T16:03:02.809-04:00,IdeState,Inactive,,*,-1,-1
2025-03-10T16:03:03.810-04:00,IdeState,Inactive,,*,-1,-1
2025-03-10T16:03:04.812-04:00,IdeState,Inactive,,*,-1,-1
2025-03-10T16:03:05.813-04:00,IdeState,Inactive,,*,-1,-1
2025-03-10T16:03:06.815-04:00,IdeState,Inactive,,*,-1,-1
2025-03-10T16:03:07.818-04:00,IdeState,Inactive,,*,-1,-1
2025-03-10T16:03:08.820-04:00,IdeState,Inactive,,*,-1,-1
2025-03-10T16:03:09.823-04:00,IdeState,Inactive,,*,-1,-1
2025-03-10T16:03:10.824-04:00,IdeState,Inactive,,*,-1,-1
2025-03-10T16:03:11.826-04:00,IdeState,Inactive,,*,-1,-1
2025-03-10T16:03:12.828-04:00,IdeState,Inactive,,*,-1,-1
2025-03-10T16:03:13.828-04:00,IdeState,Inactive,,*,-1,-1
2025-03-10T16:03:14.830-04:00,IdeState,Inactive,,*,-1,-1
2025-03-10T16:03:15.832-04:00,IdeState,Inactive,,*,-1,-1
2025-03-10T16:03:16.833-04:00,IdeState,Inactive,,*,-1,-1
2025-03-10T16:03:17.836-04:00,IdeState,Inactive,,*,-1,-1
2025-03-10T16:03:18.837-04:00,IdeState,Inactive,,*,-1,-1
2025-03-10T16:03:19.841-04:00,IdeState,Inactive,,*,-1,-1
2025-03-10T16:03:20.842-04:00,IdeState,Inactive,,*,-1,-1
2025-03-10T16:03:21.843-04:00,IdeState,Inactive,,*,-1,-1
2025-03-10T16:03:22.846-04:00,IdeState,Inactive,,*,-1,-1
2025-03-10T16:03:23.848-04:00,IdeState,Inactive,,*,-1,-1
2025-03-10T16:03:24.848-04:00,IdeState,Inactive,,*,-1,-1
2025-03-10T16:03:25.849-04:00,IdeState,Inactive,,*,-1,-1
2025-03-10T16:03:26.851-04:00,IdeState,Inactive,,*,-1,-1
2025-03-10T16:03:27.852-04:00,IdeState,Inactive,,*,-1,-1
2025-03-10T16:03:28.853-04:00,IdeState,Inactive,,*,-1,-1
2025-03-10T16:03:29.886-04:00,IdeState,Inactive,,*,-1,-1
2025-03-10T16:03:30.891-04:00,IdeState,Inactive,,*,-1,-1
2025-03-10T16:03:31.893-04:00,IdeState,Inactive,,*,-1,-1
2025-03-10T16:03:32.894-04:00,IdeState,Inactive,,*,-1,-1
2025-03-10T16:03:33.896-04:00,IdeState,Inactive,,*,-1,-1
2025-03-10T16:03:34.897-04:00,IdeState,Inactive,,*,-1,-1
2025-03-10T16:03:35.899-04:00,IdeState,Inactive,,*,-1,-1
2025-03-10T16:03:36.901-04:00,IdeState,Inactive,,*,-1,-1
2025-03-10T16:03:37.904-04:00,IdeState,Inactive,,*,-1,-1
2025-03-10T16:03:38.905-04:00,IdeState,Inactive,,*,-1,-1
2025-03-10T16:03:39.907-04:00,IdeState,Inactive,,*,-1,-1
2025-03-10T16:03:40.910-04:00,IdeState,Inactive,,*,-1,-1
2025-03-10T16:03:41.914-04:00,IdeState,Inactive,,*,-1,-1
2025-03-10T16:03:42.916-04:00,IdeState,Inactive,,*,-1,-1
2025-03-10T16:03:43.917-04:00,IdeState,Inactive,,*,-1,-1
2025-03-10T16:03:44.919-04:00,IdeState,Inactive,,*,-1,-1
2025-03-10T16:03:45.922-04:00,IdeState,Inactive,,*,-1,-1
2025-03-10T16:03:46.923-04:00,IdeState,Inactive,,*,-1,-1
2025-03-10T16:03:47.925-04:00,IdeState,Inactive,,*,-1,-1
2025-03-10T16:03:48.927-04:00,IdeState,Inactive,,*,-1,-1
2025-03-10T16:03:49.952-04:00,IdeState,Inactive,,*,-1,-1
2025-03-10T16:03:50.956-04:00,IdeState,Inactive,,*,-1,-1
2025-03-10T16:03:51.957-04:00,IdeState,Inactive,,*,-1,-1
2025-03-10T16:03:52.961-04:00,IdeState,Inactive,,*,-1,-1
2025-03-10T16:03:53.963-04:00,IdeState,Inactive,,*,-1,-1
2025-03-10T16:03:54.965-04:00,IdeState,Inactive,,*,-1,-1
2025-03-10T16:03:55.966-04:00,IdeState,Inactive,,*,-1,-1
2025-03-10T16:03:56.968-04:00,IdeState,Inactive,,*,-1,-1
2025-03-10T16:03:57.969-04:00,IdeState,Inactive,,*,-1,-1
2025-03-10T16:03:58.971-04:00,IdeState,Inactive,,*,-1,-1
2025-03-10T16:03:59.973-04:00,IdeState,Inactive,,*,-1,-1
2025-03-10T16:04:00.974-04:00,IdeState,Inactive,,*,-1,-1
2025-03-10T16:04:01.977-04:00,IdeState,Inactive,,*,-1,-1
2025-03-10T16:04:02.978-04:00,IdeState,Inactive,,*,-1,-1
2025-03-10T16:04:03.981-04:00,IdeState,Inactive,,*,-1,-1
2025-03-10T16:04:04.990-04:00,IdeState,Inactive,,*,-1,-1
2025-03-10T16:04:05.991-04:00,IdeState,Inactive,,*,-1,-1
2025-03-10T16:04:06.992-04:00,IdeState,Inactive,,*,-1,-1
2025-03-10T16:04:07.995-04:00,IdeState,Inactive,,*,-1,-1
2025-03-10T16:04:08.996-04:00,IdeState,Inactive,,*,-1,-1
2025-03-10T16:04:09.998-04:00,IdeState,Inactive,,*,-1,-1
2025-03-10T16:04:11.000-04:00,IdeState,Inactive,,*,-1,-1
2025-03-10T16:04:12.003-04:00,IdeState,Inactive,,*,-1,-1
2025-03-10T16:04:13.009-04:00,IdeState,Inactive,,*,-1,-1
2025-03-10T16:04:14.010-04:00,IdeState,Inactive,,*,-1,-1
2025-03-10T16:04:15.012-04:00,IdeState,Inactive,,*,-1,-1
2025-03-10T16:04:16.013-04:00,IdeState,Inactive,,*,-1,-1
2025-03-10T16:04:17.014-04:00,IdeState,Inactive,,*,-1,-1
2025-03-10T16:04:18.016-04:00,IdeState,Inactive,,*,-1,-1
2025-03-10T16:04:19.020-04:00,IdeState,Inactive,,*,-1,-1
2025-03-10T16:04:20.020-04:00,IdeState,Inactive,,*,-1,-1
2025-03-10T16:04:21.022-04:00,IdeState,Inactive,,*,-1,-1
2025-03-10T16:04:22.025-04:00,IdeState,Inactive,,*,-1,-1
2025-03-10T16:04:23.028-04:00,IdeState,Inactive,,*,-1,-1
2025-03-10T16:04:24.033-04:00,IdeState,Inactive,,*,-1,-1
2025-03-10T16:04:25.035-04:00,IdeState,Inactive,,*,-1,-1
2025-03-10T16:04:26.036-04:00,IdeState,Inactive,,*,-1,-1
2025-03-10T16:04:27.037-04:00,IdeState,Inactive,,*,-1,-1
2025-03-10T16:04:28.038-04:00,IdeState,Inactive,,*,-1,-1
2025-03-10T16:04:29.040-04:00,IdeState,Inactive,,*,-1,-1
2025-03-10T16:04:30.043-04:00,IdeState,Inactive,,*,-1,-1
2025-03-10T16:04:31.044-04:00,IdeState,Inactive,,*,-1,-1
2025-03-10T16:04:32.045-04:00,IdeState,Inactive,,*,-1,-1
2025-03-10T16:04:33.045-04:00,IdeState,Inactive,,*,-1,-1
2025-03-10T16:04:34.048-04:00,IdeState,Inactive,,*,-1,-1
2025-03-10T16:04:35.050-04:00,IdeState,Inactive,,*,-1,-1
2025-03-10T16:04:36.053-04:00,IdeState,Inactive,,*,-1,-1
2025-03-10T16:04:37.054-04:00,IdeState,Inactive,,*,-1,-1
2025-03-10T16:04:38.057-04:00,IdeState,Inactive,,*,-1,-1
2025-03-10T16:04:39.059-04:00,IdeState,Inactive,,*,-1,-1
2025-03-10T16:04:40.061-04:00,IdeState,Inactive,,*,-1,-1
2025-03-10T16:04:41.063-04:00,IdeState,Inactive,,*,-1,-1
2025-03-10T16:04:42.066-04:00,IdeState,Inactive,,*,-1,-1
2025-03-10T16:04:43.068-04:00,IdeState,Inactive,,*,-1,-1
2025-03-10T16:04:44.073-04:00,IdeState,Inactive,,*,-1,-1
2025-03-10T16:04:45.074-04:00,IdeState,Inactive,,*,-1,-1
2025-03-10T16:04:46.076-04:00,IdeState,Inactive,,*,-1,-1
2025-03-10T16:04:47.077-04:00,IdeState,Inactive,,*,-1,-1
2025-03-10T16:04:48.080-04:00,IdeState,Inactive,,*,-1,-1
2025-03-10T16:04:49.082-04:00,IdeState,Inactive,,*,-1,-1
2025-03-10T16:04:50.085-04:00,IdeState,Inactive,,*,-1,-1
2025-03-10T16:04:51.087-04:00,IdeState,Inactive,,*,-1,-1
2025-03-10T16:04:52.089-04:00,IdeState,Inactive,,*,-1,-1
2025-03-10T16:04:53.091-04:00,IdeState,Inactive,,*,-1,-1
2025-03-10T16:04:54.093-04:00,IdeState,Inactive,,*,-1,-1
2025-03-10T16:04:55.094-04:00,IdeState,Inactive,,*,-1,-1
2025-03-10T16:04:56.105-04:00,IdeState,Inactive,,*,-1,-1
2025-03-10T16:04:57.107-04:00,IdeState,Inactive,,*,-1,-1
2025-03-10T16:04:58.110-04:00,IdeState,Inactive,,*,-1,-1
2025-03-10T16:04:59.132-04:00,IdeState,Inactive,,*,-1,-1
2025-03-10T16:05:00.135-04:00,IdeState,Inactive,,*,-1,-1
2025-03-10T16:05:01.137-04:00,IdeState,Inactive,,*,-1,-1
2025-03-10T16:05:02.138-04:00,IdeState,Inactive,,*,-1,-1
2025-03-10T16:05:03.139-04:00,IdeState,Inactive,,*,-1,-1
2025-03-10T16:05:04.141-04:00,IdeState,Inactive,,*,-1,-1
2025-03-10T16:05:05.143-04:00,IdeState,Inactive,,*,-1,-1
2025-03-10T16:05:06.145-04:00,IdeState,Inactive,,*,-1,-1
2025-03-10T16:05:07.153-04:00,IdeState,Inactive,,*,-1,-1
2025-03-10T16:05:08.155-04:00,IdeState,Inactive,,*,-1,-1
2025-03-10T16:05:09.157-04:00,IdeState,Inactive,,*,-1,-1
2025-03-10T16:05:10.158-04:00,IdeState,Inactive,,*,-1,-1
2025-03-10T16:05:11.174-04:00,IdeState,Inactive,,*,-1,-1
2025-03-10T16:05:12.178-04:00,IdeState,Inactive,,*,-1,-1
2025-03-10T16:05:13.179-04:00,IdeState,Inactive,,*,-1,-1
2025-03-10T16:05:14.182-04:00,IdeState,Inactive,,*,-1,-1
2025-03-10T16:05:15.183-04:00,IdeState,Inactive,,*,-1,-1
2025-03-10T16:05:16.184-04:00,IdeState,Inactive,,*,-1,-1
2025-03-10T16:05:17.187-04:00,IdeState,Inactive,,*,-1,-1
2025-03-10T16:05:18.194-04:00,IdeState,Inactive,,*,-1,-1
2025-03-10T16:05:19.197-04:00,IdeState,Inactive,,*,-1,-1
2025-03-10T16:05:20.198-04:00,IdeState,Inactive,,*,-1,-1
2025-03-10T16:05:21.199-04:00,IdeState,Inactive,,*,-1,-1
2025-03-10T16:05:22.201-04:00,IdeState,Inactive,,*,-1,-1
2025-03-10T16:05:23.202-04:00,IdeState,Inactive,,*,-1,-1
2025-03-10T16:05:24.203-04:00,IdeState,Inactive,,*,-1,-1
2025-03-10T16:05:25.205-04:00,IdeState,Inactive,,*,-1,-1
2025-03-10T16:05:26.207-04:00,IdeState,Inactive,,*,-1,-1
2025-03-10T16:05:27.208-04:00,IdeState,Inactive,,*,-1,-1
2025-03-10T16:05:28.210-04:00,IdeState,Inactive,,*,-1,-1
2025-03-10T16:05:29.212-04:00,IdeState,Inactive,,*,-1,-1
2025-03-10T16:05:30.214-04:00,IdeState,Inactive,,*,-1,-1
2025-03-10T16:05:31.217-04:00,IdeState,Inactive,,*,-1,-1
2025-03-10T16:05:32.218-04:00,IdeState,Inactive,,*,-1,-1
2025-03-10T16:05:33.220-04:00,IdeState,Inactive,,*,-1,-1
2025-03-10T16:05:34.222-04:00,IdeState,Inactive,,*,-1,-1
2025-03-10T16:05:35.224-04:00,IdeState,Inactive,,*,-1,-1
2025-03-10T16:05:36.226-04:00,IdeState,Inactive,,*,-1,-1
2025-03-10T16:05:37.227-04:00,IdeState,Inactive,,*,-1,-1
2025-03-10T16:05:38.229-04:00,IdeState,Inactive,,*,-1,-1
2025-03-10T16:05:39.231-04:00,IdeState,Inactive,,*,-1,-1
2025-03-10T16:05:40.231-04:00,IdeState,Inactive,,*,-1,-1
2025-03-10T16:05:41.233-04:00,IdeState,Inactive,,*,-1,-1
2025-03-10T16:05:42.238-04:00,IdeState,Inactive,,*,-1,-1
2025-03-10T16:05:43.241-04:00,IdeState,Inactive,,*,-1,-1
2025-03-10T16:05:44.242-04:00,IdeState,Inactive,,*,-1,-1
2025-03-10T16:05:45.244-04:00,IdeState,Inactive,,*,-1,-1
2025-03-10T16:05:46.289-04:00,IdeState,Inactive,,*,-1,-1
2025-03-10T16:05:47.303-04:00,IdeState,Inactive,,*,-1,-1
2025-03-10T16:05:48.306-04:00,IdeState,Inactive,,*,-1,-1
2025-03-10T16:05:49.307-04:00,IdeState,Inactive,,*,-1,-1
2025-03-10T16:05:50.309-04:00,IdeState,Inactive,,*,-1,-1
2025-03-10T16:05:51.310-04:00,IdeState,Inactive,,*,-1,-1
2025-03-10T16:05:52.311-04:00,IdeState,Inactive,,*,-1,-1
2025-03-10T16:05:53.313-04:00,IdeState,Inactive,,*,-1,-1
2025-03-10T16:05:54.314-04:00,IdeState,Inactive,,*,-1,-1
2025-03-10T16:05:55.315-04:00,IdeState,Inactive,,*,-1,-1
2025-03-10T16:05:56.316-04:00,IdeState,Inactive,,*,-1,-1
2025-03-10T16:05:57.318-04:00,IdeState,Inactive,,*,-1,-1
2025-03-10T16:05:58.322-04:00,IdeState,Inactive,,*,-1,-1
2025-03-10T16:05:59.325-04:00,IdeState,Inactive,,*,-1,-1
2025-03-10T16:06:00.326-04:00,IdeState,Inactive,,*,-1,-1
2025-03-10T16:06:01.330-04:00,IdeState,Inactive,,*,-1,-1
2025-03-10T16:06:02.333-04:00,IdeState,Inactive,,*,-1,-1
2025-03-10T16:06:03.335-04:00,IdeState,Inactive,,*,-1,-1
2025-03-10T16:06:04.337-04:00,IdeState,Inactive,,*,-1,-1
2025-03-10T16:06:05.338-04:00,IdeState,Inactive,,*,-1,-1
2025-03-10T16:06:06.340-04:00,IdeState,Inactive,,*,-1,-1
2025-03-10T16:06:07.341-04:00,IdeState,Inactive,,*,-1,-1
2025-03-10T16:06:08.344-04:00,IdeState,Inactive,,*,-1,-1
2025-03-10T16:06:09.345-04:00,IdeState,Inactive,,*,-1,-1
2025-03-10T16:06:10.347-04:00,IdeState,Inactive,,*,-1,-1
2025-03-10T16:06:11.349-04:00,IdeState,Inactive,,*,-1,-1
2025-03-10T16:06:12.349-04:00,IdeState,Inactive,,*,-1,-1
2025-03-10T16:06:13.351-04:00,IdeState,Inactive,,*,-1,-1
2025-03-10T16:06:14.353-04:00,IdeState,Inactive,,*,-1,-1
2025-03-10T16:06:15.354-04:00,IdeState,Inactive,,*,-1,-1
2025-03-10T16:06:16.356-04:00,IdeState,Inactive,,*,-1,-1
2025-03-10T16:06:17.358-04:00,IdeState,Inactive,,*,-1,-1
2025-03-10T16:06:18.368-04:00,IdeState,Inactive,,*,-1,-1
2025-03-10T16:06:19.378-04:00,IdeState,Inactive,,*,-1,-1
2025-03-10T16:06:20.381-04:00,IdeState,Inactive,,*,-1,-1
2025-03-10T16:06:21.383-04:00,IdeState,Inactive,,*,-1,-1
2025-03-10T16:06:22.386-04:00,IdeState,Inactive,,*,-1,-1
2025-03-10T16:06:23.386-04:00,IdeState,Inactive,,*,-1,-1
2025-03-10T16:06:24.389-04:00,IdeState,Inactive,,*,-1,-1
2025-03-10T16:06:25.390-04:00,IdeState,Inactive,,*,-1,-1
2025-03-10T16:06:26.391-04:00,IdeState,Inactive,,*,-1,-1
2025-03-10T16:06:27.392-04:00,IdeState,Inactive,,*,-1,-1
2025-03-10T16:06:28.393-04:00,IdeState,Inactive,,*,-1,-1
2025-03-10T16:06:29.399-04:00,IdeState,Inactive,,*,-1,-1
2025-03-10T16:06:30.400-04:00,IdeState,Inactive,,*,-1,-1
2025-03-10T16:06:31.401-04:00,IdeState,Inactive,,*,-1,-1
2025-03-10T16:06:32.402-04:00,IdeState,Inactive,,*,-1,-1
2025-03-10T16:06:33.404-04:00,IdeState,Inactive,,*,-1,-1
2025-03-10T16:06:34.405-04:00,IdeState,Inactive,,*,-1,-1
2025-03-10T16:06:35.407-04:00,IdeState,Inactive,,*,-1,-1
2025-03-10T16:06:36.407-04:00,IdeState,Inactive,,*,-1,-1
2025-03-10T16:06:37.409-04:00,IdeState,Inactive,,*,-1,-1
2025-03-10T16:06:38.410-04:00,IdeState,Inactive,,*,-1,-1
2025-03-10T16:06:39.411-04:00,IdeState,Inactive,,*,-1,-1
2025-03-10T16:06:40.412-04:00,IdeState,Inactive,,*,-1,-1
2025-03-10T16:06:41.414-04:00,IdeState,Inactive,,*,-1,-1
2025-03-10T16:06:42.416-04:00,IdeState,Inactive,,*,-1,-1
2025-03-10T16:06:43.418-04:00,IdeState,Inactive,,*,-1,-1
2025-03-10T16:06:44.419-04:00,IdeState,Inactive,,*,-1,-1
2025-03-10T16:06:45.420-04:00,IdeState,Inactive,,*,-1,-1
2025-03-10T16:06:46.422-04:00,IdeState,Inactive,,*,-1,-1
2025-03-10T16:06:47.422-04:00,IdeState,Inactive,,*,-1,-1
2025-03-10T16:06:48.424-04:00,IdeState,Inactive,,*,-1,-1
2025-03-10T16:06:49.426-04:00,IdeState,Inactive,,*,-1,-1
2025-03-10T16:06:50.427-04:00,IdeState,Inactive,,*,-1,-1
2025-03-10T16:06:51.429-04:00,IdeState,Inactive,,*,-1,-1
2025-03-10T16:06:52.430-04:00,IdeState,Inactive,,*,-1,-1
2025-03-10T16:06:53.432-04:00,IdeState,Inactive,,*,-1,-1
2025-03-10T16:06:54.434-04:00,IdeState,Inactive,,*,-1,-1
2025-03-10T16:06:55.437-04:00,IdeState,Inactive,,*,-1,-1
2025-03-10T16:06:56.440-04:00,IdeState,Inactive,,*,-1,-1
2025-03-10T16:06:57.443-04:00,IdeState,Inactive,,*,-1,-1
2025-03-10T16:06:58.444-04:00,IdeState,Inactive,,*,-1,-1
2025-03-10T16:06:59.446-04:00,IdeState,Inactive,,*,-1,-1
2025-03-10T16:07:00.448-04:00,IdeState,Inactive,,*,-1,-1
2025-03-10T16:07:01.451-04:00,IdeState,Inactive,,*,-1,-1
2025-03-10T16:07:02.451-04:00,IdeState,Inactive,,*,-1,-1
2025-03-10T16:07:03.453-04:00,IdeState,Inactive,,*,-1,-1
2025-03-10T16:07:04.454-04:00,IdeState,Inactive,,*,-1,-1
2025-03-10T16:07:05.456-04:00,IdeState,Inactive,,*,-1,-1
2025-03-10T16:07:06.457-04:00,IdeState,Inactive,,*,-1,-1
2025-03-10T16:07:07.460-04:00,IdeState,Inactive,,*,-1,-1
2025-03-10T16:07:08.462-04:00,IdeState,Inactive,,*,-1,-1
2025-03-10T16:07:09.464-04:00,IdeState,Inactive,,*,-1,-1
2025-03-10T16:07:10.465-04:00,IdeState,Inactive,,*,-1,-1
2025-03-10T16:07:11.467-04:00,IdeState,Inactive,,*,-1,-1
2025-03-10T16:07:12.469-04:00,IdeState,Inactive,,*,-1,-1
2025-03-10T16:07:13.471-04:00,IdeState,Inactive,,*,-1,-1
2025-03-10T16:07:14.476-04:00,IdeState,Inactive,,*,-1,-1
2025-03-10T16:07:15.477-04:00,IdeState,Inactive,,*,-1,-1
2025-03-10T16:07:16.479-04:00,IdeState,Inactive,,*,-1,-1
2025-03-10T16:07:17.480-04:00,IdeState,Inactive,,*,-1,-1
2025-03-10T16:07:18.490-04:00,IdeState,Inactive,,*,-1,-1
2025-03-10T16:07:19.493-04:00,IdeState,Inactive,,*,-1,-1
2025-03-10T16:07:20.494-04:00,IdeState,Inactive,,*,-1,-1
2025-03-10T16:07:21.495-04:00,IdeState,Inactive,,*,-1,-1
2025-03-10T16:07:22.496-04:00,IdeState,Inactive,,*,-1,-1
2025-03-10T16:07:23.497-04:00,IdeState,Inactive,,*,-1,-1
2025-03-10T16:07:24.498-04:00,IdeState,Inactive,,*,-1,-1
2025-03-10T16:07:25.499-04:00,IdeState,Inactive,,*,-1,-1
2025-03-10T16:07:26.506-04:00,IdeState,Inactive,,*,-1,-1
2025-03-10T16:07:27.510-04:00,IdeState,Inactive,,*,-1,-1
2025-03-10T16:07:28.511-04:00,IdeState,Inactive,,*,-1,-1
2025-03-10T16:07:29.513-04:00,IdeState,Inactive,,*,-1,-1
2025-03-10T16:07:30.514-04:00,IdeState,Inactive,,*,-1,-1
2025-03-10T16:07:31.517-04:00,IdeState,Inactive,,*,-1,-1
2025-03-10T16:07:32.523-04:00,IdeState,Inactive,,*,-1,-1
2025-03-10T16:07:33.524-04:00,IdeState,Inactive,,*,-1,-1
2025-03-10T16:07:34.525-04:00,IdeState,Inactive,,*,-1,-1
2025-03-10T16:07:35.526-04:00,IdeState,Inactive,,*,-1,-1
2025-03-10T16:07:36.528-04:00,IdeState,Inactive,,*,-1,-1
2025-03-10T16:07:37.530-04:00,IdeState,Inactive,,*,-1,-1
2025-03-10T16:07:38.531-04:00,IdeState,Inactive,,*,-1,-1
2025-03-10T16:07:39.536-04:00,IdeState,Inactive,,*,-1,-1
2025-03-10T16:07:40.536-04:00,IdeState,Inactive,,*,-1,-1
2025-03-10T16:07:41.539-04:00,IdeState,Inactive,,*,-1,-1
2025-03-10T16:07:42.540-04:00,IdeState,Inactive,,*,-1,-1
2025-03-10T16:07:43.545-04:00,IdeState,Inactive,,*,-1,-1
2025-03-10T16:07:44.546-04:00,IdeState,Inactive,,*,-1,-1
2025-03-10T16:07:45.546-04:00,IdeState,Inactive,,*,-1,-1
2025-03-10T16:07:46.549-04:00,IdeState,Inactive,,*,-1,-1
2025-03-10T16:07:47.550-04:00,IdeState,Inactive,,*,-1,-1
2025-03-10T16:07:48.551-04:00,IdeState,Inactive,,*,-1,-1
2025-03-10T16:07:49.553-04:00,IdeState,Inactive,,*,-1,-1
2025-03-10T16:07:50.554-04:00,IdeState,Inactive,,*,-1,-1
2025-03-10T16:07:51.555-04:00,IdeState,Inactive,,*,-1,-1
2025-03-10T16:07:52.556-04:00,IdeState,Inactive,,*,-1,-1
2025-03-10T16:07:53.559-04:00,IdeState,Inactive,,*,-1,-1
2025-03-10T16:07:54.560-04:00,IdeState,Inactive,,*,-1,-1
2025-03-10T16:07:55.561-04:00,IdeState,Inactive,,*,-1,-1
2025-03-10T16:07:56.565-04:00,IdeState,Inactive,,*,-1,-1
2025-03-10T16:07:57.569-04:00,IdeState,Inactive,,*,-1,-1
2025-03-10T16:07:58.574-04:00,IdeState,Inactive,,*,-1,-1
2025-03-10T16:07:59.576-04:00,IdeState,Inactive,,*,-1,-1
2025-03-10T16:08:00.578-04:00,IdeState,Inactive,,*,-1,-1
2025-03-10T16:08:01.579-04:00,IdeState,Inactive,,*,-1,-1
2025-03-10T16:08:02.580-04:00,IdeState,Inactive,,*,-1,-1
2025-03-10T16:08:03.582-04:00,IdeState,Inactive,,*,-1,-1
2025-03-10T16:08:04.635-04:00,IdeState,Inactive,,*,-1,-1
2025-03-10T16:08:05.636-04:00,IdeState,Inactive,,*,-1,-1
2025-03-10T16:08:06.639-04:00,IdeState,Inactive,,*,-1,-1
2025-03-10T16:08:07.640-04:00,IdeState,Inactive,,*,-1,-1
2025-03-10T16:08:08.641-04:00,IdeState,Inactive,,*,-1,-1
2025-03-10T16:08:09.643-04:00,IdeState,Inactive,,*,-1,-1
2025-03-10T16:08:10.645-04:00,IdeState,Inactive,,*,-1,-1
2025-03-10T16:08:11.650-04:00,IdeState,Inactive,,*,-1,-1
2025-03-10T16:08:12.651-04:00,IdeState,Inactive,,*,-1,-1
2025-03-10T16:08:13.653-04:00,IdeState,Inactive,,*,-1,-1
2025-03-10T16:08:14.655-04:00,IdeState,Inactive,,*,-1,-1
2025-03-10T16:08:15.656-04:00,IdeState,Inactive,,*,-1,-1
2025-03-10T16:08:16.657-04:00,IdeState,Inactive,,*,-1,-1
2025-03-10T16:08:17.658-04:00,IdeState,Inactive,,*,-1,-1
2025-03-10T16:08:18.700-04:00,IdeState,Inactive,,*,-1,-1
2025-03-10T16:08:19.703-04:00,IdeState,Inactive,,*,-1,-1
2025-03-10T16:08:20.802-04:00,IdeState,Inactive,,*,-1,-1
2025-03-10T16:08:21.809-04:00,IdeState,Inactive,,*,-1,-1
2025-03-10T16:08:22.812-04:00,IdeState,Inactive,,*,-1,-1
2025-03-10T16:08:23.813-04:00,IdeState,Inactive,,*,-1,-1
2025-03-10T16:08:24.813-04:00,IdeState,Inactive,,*,-1,-1
2025-03-10T16:08:25.814-04:00,IdeState,Inactive,,*,-1,-1
2025-03-10T16:08:26.816-04:00,IdeState,Inactive,,*,-1,-1
2025-03-10T16:08:27.817-04:00,IdeState,Inactive,,*,-1,-1
2025-03-10T16:08:28.819-04:00,IdeState,Inactive,,*,-1,-1
2025-03-10T16:08:29.820-04:00,IdeState,Inactive,,*,-1,-1
2025-03-10T16:08:30.822-04:00,IdeState,Inactive,,*,-1,-1
2025-03-10T16:08:31.823-04:00,IdeState,Inactive,,*,-1,-1
2025-03-10T16:08:32.825-04:00,IdeState,Inactive,,*,-1,-1
2025-03-10T16:08:33.830-04:00,IdeState,Inactive,,*,-1,-1
2025-03-10T16:08:34.832-04:00,IdeState,Inactive,,*,-1,-1
2025-03-10T16:08:35.833-04:00,IdeState,Inactive,,*,-1,-1
2025-03-10T16:08:36.835-04:00,IdeState,Inactive,,*,-1,-1
2025-03-10T16:08:37.838-04:00,IdeState,Inactive,,*,-1,-1
2025-03-10T16:08:38.870-04:00,IdeState,Inactive,,*,-1,-1
2025-03-10T16:08:39.872-04:00,IdeState,Inactive,,*,-1,-1
2025-03-10T16:08:40.873-04:00,IdeState,Inactive,,*,-1,-1
2025-03-10T16:08:41.874-04:00,IdeState,Inactive,,*,-1,-1
2025-03-10T16:08:42.875-04:00,IdeState,Inactive,,*,-1,-1
2025-03-10T16:08:43.876-04:00,IdeState,Inactive,,*,-1,-1
2025-03-10T16:08:44.878-04:00,IdeState,Inactive,,*,-1,-1
2025-03-10T16:08:45.886-04:00,IdeState,Inactive,,*,-1,-1
2025-03-10T16:08:46.887-04:00,IdeState,Inactive,,*,-1,-1
2025-03-10T16:08:47.889-04:00,IdeState,Inactive,,*,-1,-1
2025-03-10T16:08:48.893-04:00,IdeState,Inactive,,*,-1,-1
2025-03-10T16:08:49.896-04:00,IdeState,Inactive,,*,-1,-1
2025-03-10T16:08:50.897-04:00,IdeState,Inactive,,*,-1,-1
2025-03-10T16:08:51.899-04:00,IdeState,Inactive,,*,-1,-1
2025-03-10T16:08:52.900-04:00,IdeState,Inactive,,*,-1,-1
2025-03-10T16:08:53.938-04:00,IdeState,Inactive,,*,-1,-1
2025-03-10T16:08:54.940-04:00,IdeState,Inactive,,*,-1,-1
2025-03-10T16:08:55.940-04:00,IdeState,Inactive,,*,-1,-1
2025-03-10T16:08:56.941-04:00,IdeState,Inactive,,*,-1,-1
2025-03-10T16:08:57.942-04:00,IdeState,Inactive,,*,-1,-1
2025-03-10T16:08:58.943-04:00,IdeState,Inactive,,*,-1,-1
2025-03-10T16:08:59.946-04:00,IdeState,Inactive,,*,-1,-1
2025-03-10T16:09:00.949-04:00,IdeState,Inactive,,*,-1,-1
2025-03-10T16:09:01.953-04:00,IdeState,Inactive,,*,-1,-1
2025-03-10T16:09:02.956-04:00,IdeState,Inactive,,*,-1,-1
2025-03-10T16:09:03.965-04:00,IdeState,Inactive,,*,-1,-1
2025-03-10T16:09:04.966-04:00,IdeState,Inactive,,*,-1,-1
2025-03-10T16:09:05.970-04:00,IdeState,Inactive,,*,-1,-1
2025-03-10T16:09:06.971-04:00,IdeState,Inactive,,*,-1,-1
2025-03-10T16:09:07.981-04:00,IdeState,Inactive,,*,-1,-1
2025-03-10T16:09:09.068-04:00,IdeState,Inactive,,*,-1,-1
2025-03-10T16:09:10.071-04:00,IdeState,Inactive,,*,-1,-1
2025-03-10T16:09:11.075-04:00,IdeState,Inactive,,*,-1,-1
2025-03-10T16:09:12.077-04:00,IdeState,Inactive,,*,-1,-1
2025-03-10T16:09:13.079-04:00,IdeState,Inactive,,*,-1,-1
2025-03-10T16:09:14.080-04:00,IdeState,Inactive,,*,-1,-1
2025-03-10T16:09:15.082-04:00,IdeState,Inactive,,*,-1,-1
2025-03-10T16:09:16.086-04:00,IdeState,Inactive,,*,-1,-1
2025-03-10T16:09:17.089-04:00,IdeState,Inactive,,*,-1,-1
2025-03-10T16:09:18.090-04:00,IdeState,Inactive,,*,-1,-1
2025-03-10T16:09:19.092-04:00,IdeState,Inactive,,*,-1,-1
2025-03-10T16:09:20.094-04:00,IdeState,Inactive,,*,-1,-1
2025-03-10T16:09:21.095-04:00,IdeState,Inactive,,*,-1,-1
2025-03-10T16:09:22.099-04:00,IdeState,Inactive,,*,-1,-1
2025-03-10T16:09:23.101-04:00,IdeState,Inactive,,*,-1,-1
2025-03-10T16:09:24.103-04:00,IdeState,Inactive,,*,-1,-1
2025-03-10T16:09:25.106-04:00,IdeState,Inactive,,*,-1,-1
2025-03-10T16:09:26.128-04:00,IdeState,Inactive,,*,-1,-1
2025-03-10T16:09:27.129-04:00,IdeState,Inactive,,*,-1,-1
2025-03-10T16:09:28.133-04:00,IdeState,Inactive,,*,-1,-1
2025-03-10T16:09:29.134-04:00,IdeState,Inactive,,*,-1,-1
2025-03-10T16:09:30.136-04:00,IdeState,Inactive,,*,-1,-1
2025-03-10T16:09:31.137-04:00,IdeState,Inactive,,*,-1,-1
2025-03-10T16:09:32.138-04:00,IdeState,Inactive,,*,-1,-1
2025-03-10T16:09:33.140-04:00,IdeState,Inactive,,*,-1,-1
2025-03-10T16:09:34.141-04:00,IdeState,Inactive,,*,-1,-1
2025-03-10T16:09:35.142-04:00,IdeState,Inactive,,*,-1,-1
2025-03-10T16:09:36.179-04:00,IdeState,Inactive,,*,-1,-1
2025-03-10T16:09:37.180-04:00,IdeState,Inactive,,*,-1,-1
2025-03-10T16:09:38.181-04:00,IdeState,Inactive,,*,-1,-1
2025-03-10T16:09:39.182-04:00,IdeState,Inactive,,*,-1,-1
2025-03-10T16:09:40.184-04:00,IdeState,Inactive,,*,-1,-1
2025-03-10T16:09:41.185-04:00,IdeState,Inactive,,*,-1,-1
2025-03-10T16:09:42.186-04:00,IdeState,Inactive,,*,-1,-1
2025-03-10T16:09:43.187-04:00,IdeState,Inactive,,*,-1,-1
2025-03-10T16:09:44.189-04:00,IdeState,Inactive,,*,-1,-1
2025-03-10T16:09:45.192-04:00,IdeState,Inactive,,*,-1,-1
2025-03-10T16:09:46.195-04:00,IdeState,Inactive,,*,-1,-1
2025-03-10T16:09:47.198-04:00,IdeState,Inactive,,*,-1,-1
2025-03-10T16:09:48.199-04:00,IdeState,Inactive,,*,-1,-1
2025-03-10T16:09:49.204-04:00,IdeState,Inactive,,*,-1,-1
2025-03-10T16:09:50.212-04:00,IdeState,Inactive,,*,-1,-1
2025-03-10T16:09:51.215-04:00,IdeState,Inactive,,*,-1,-1
2025-03-10T16:09:52.216-04:00,IdeState,Inactive,,*,-1,-1
2025-03-10T16:09:53.217-04:00,IdeState,Inactive,,*,-1,-1
2025-03-10T16:09:54.218-04:00,IdeState,Inactive,,*,-1,-1
2025-03-10T16:09:55.219-04:00,IdeState,Inactive,,*,-1,-1
2025-03-10T16:09:56.220-04:00,IdeState,Inactive,,*,-1,-1
2025-03-10T16:09:57.221-04:00,IdeState,Inactive,,*,-1,-1
2025-03-10T16:09:58.223-04:00,IdeState,Inactive,,*,-1,-1
2025-03-10T16:09:59.224-04:00,IdeState,Inactive,,*,-1,-1
2025-03-10T16:10:00.227-04:00,IdeState,Inactive,,*,-1,-1
2025-03-10T16:10:01.229-04:00,IdeState,Inactive,,*,-1,-1
2025-03-10T16:10:02.230-04:00,IdeState,Inactive,,*,-1,-1
2025-03-10T16:10:03.232-04:00,IdeState,Inactive,,*,-1,-1
2025-03-10T16:10:04.236-04:00,IdeState,Inactive,,*,-1,-1
2025-03-10T16:10:05.238-04:00,IdeState,Inactive,,*,-1,-1
2025-03-10T16:10:06.240-04:00,IdeState,Inactive,,*,-1,-1
2025-03-10T16:10:07.241-04:00,IdeState,Inactive,,*,-1,-1
2025-03-10T16:10:08.242-04:00,IdeState,Inactive,,*,-1,-1
2025-03-10T16:10:09.243-04:00,IdeState,Inactive,,*,-1,-1
2025-03-10T16:10:10.247-04:00,IdeState,Inactive,,*,-1,-1
2025-03-10T16:10:11.249-04:00,IdeState,Inactive,,*,-1,-1
2025-03-10T16:10:12.252-04:00,IdeState,Inactive,,*,-1,-1
2025-03-10T16:10:13.254-04:00,IdeState,Inactive,,*,-1,-1
2025-03-10T16:10:14.255-04:00,IdeState,Inactive,,*,-1,-1
2025-03-10T16:10:15.258-04:00,IdeState,Inactive,,*,-1,-1
2025-03-10T16:10:16.259-04:00,IdeState,Inactive,,*,-1,-1
2025-03-10T16:10:17.261-04:00,IdeState,Inactive,,*,-1,-1
2025-03-10T16:10:18.263-04:00,IdeState,Inactive,,*,-1,-1
2025-03-10T16:10:19.265-04:00,IdeState,Inactive,,*,-1,-1
2025-03-10T16:10:20.267-04:00,IdeState,Inactive,,*,-1,-1
2025-03-10T16:10:21.270-04:00,IdeState,Inactive,,*,-1,-1
2025-03-10T16:10:22.270-04:00,IdeState,Inactive,,*,-1,-1
2025-03-10T16:10:23.334-04:00,IdeState,Inactive,,*,-1,-1
2025-03-10T16:10:24.335-04:00,IdeState,Inactive,,*,-1,-1
2025-03-10T16:10:25.337-04:00,IdeState,Inactive,,*,-1,-1
2025-03-10T16:10:26.339-04:00,IdeState,Inactive,,*,-1,-1
2025-03-10T16:10:27.340-04:00,IdeState,Inactive,,*,-1,-1
2025-03-10T16:10:28.343-04:00,IdeState,Inactive,,*,-1,-1
2025-03-10T16:10:29.359-04:00,IdeState,Inactive,,*,-1,-1
2025-03-10T16:10:30.360-04:00,IdeState,Inactive,,*,-1,-1
2025-03-10T16:10:31.362-04:00,IdeState,Inactive,,*,-1,-1
2025-03-10T16:10:32.363-04:00,IdeState,Inactive,,*,-1,-1
2025-03-10T16:10:33.365-04:00,IdeState,Inactive,,*,-1,-1
2025-03-10T16:10:34.370-04:00,IdeState,Inactive,,*,-1,-1
2025-03-10T16:10:35.372-04:00,IdeState,Inactive,,*,-1,-1
2025-03-10T16:10:36.374-04:00,IdeState,Inactive,,*,-1,-1
2025-03-10T16:10:37.379-04:00,IdeState,Inactive,,*,-1,-1
2025-03-10T16:10:38.382-04:00,IdeState,Inactive,,*,-1,-1
2025-03-10T16:10:39.382-04:00,IdeState,Inactive,,*,-1,-1
2025-03-10T16:10:40.384-04:00,IdeState,Inactive,,*,-1,-1
2025-03-10T16:10:41.386-04:00,IdeState,Inactive,,*,-1,-1
2025-03-10T16:10:42.389-04:00,IdeState,Inactive,,*,-1,-1
2025-03-10T16:10:43.390-04:00,IdeState,Inactive,,*,-1,-1
2025-03-10T16:10:44.391-04:00,IdeState,Inactive,,*,-1,-1
2025-03-10T16:10:45.393-04:00,IdeState,Inactive,,*,-1,-1
2025-03-10T16:10:46.394-04:00,IdeState,Inactive,,*,-1,-1
2025-03-10T16:10:47.395-04:00,IdeState,Inactive,,*,-1,-1
2025-03-10T16:10:48.397-04:00,IdeState,Inactive,,*,-1,-1
2025-03-10T16:10:49.398-04:00,IdeState,Inactive,,*,-1,-1
2025-03-10T16:10:50.399-04:00,IdeState,Inactive,,*,-1,-1
2025-03-10T16:10:51.401-04:00,IdeState,Inactive,,*,-1,-1
2025-03-10T16:10:52.404-04:00,IdeState,Inactive,,*,-1,-1
2025-03-10T16:10:53.405-04:00,IdeState,Inactive,,*,-1,-1
2025-03-10T16:10:54.406-04:00,IdeState,Inactive,,*,-1,-1
2025-03-10T16:10:55.408-04:00,IdeState,Inactive,,*,-1,-1
2025-03-10T16:10:56.410-04:00,IdeState,Inactive,,*,-1,-1
2025-03-10T16:10:57.413-04:00,IdeState,Inactive,,*,-1,-1
2025-03-10T16:10:58.415-04:00,IdeState,Inactive,,*,-1,-1
2025-03-10T16:10:59.417-04:00,IdeState,Inactive,,*,-1,-1
2025-03-10T16:11:00.419-04:00,IdeState,Inactive,,*,-1,-1
2025-03-10T16:11:01.420-04:00,IdeState,Inactive,,*,-1,-1
2025-03-10T16:11:02.422-04:00,IdeState,Inactive,,*,-1,-1
2025-03-10T16:11:03.423-04:00,IdeState,Inactive,,*,-1,-1
2025-03-10T16:11:04.425-04:00,IdeState,Inactive,,*,-1,-1
2025-03-10T16:11:05.427-04:00,IdeState,Inactive,,*,-1,-1
2025-03-10T16:11:06.429-04:00,IdeState,Inactive,,*,-1,-1
2025-03-10T16:11:07.431-04:00,IdeState,Inactive,,*,-1,-1
2025-03-10T16:11:08.431-04:00,IdeState,Inactive,,*,-1,-1
2025-03-10T16:11:09.432-04:00,IdeState,Inactive,,*,-1,-1
2025-03-10T16:11:10.435-04:00,IdeState,Inactive,,*,-1,-1
2025-03-10T16:11:11.437-04:00,IdeState,Inactive,,*,-1,-1
2025-03-10T16:11:12.439-04:00,IdeState,Inactive,,*,-1,-1
2025-03-10T16:11:13.440-04:00,IdeState,Inactive,,*,-1,-1
2025-03-10T16:11:14.444-04:00,IdeState,Inactive,,*,-1,-1
2025-03-10T16:11:15.445-04:00,IdeState,Inactive,,*,-1,-1
2025-03-10T16:11:16.447-04:00,IdeState,Inactive,,*,-1,-1
2025-03-10T16:11:17.449-04:00,IdeState,Inactive,,*,-1,-1
2025-03-10T16:11:18.450-04:00,IdeState,Inactive,,*,-1,-1
2025-03-10T16:11:19.453-04:00,IdeState,Inactive,,*,-1,-1
2025-03-10T16:11:20.455-04:00,IdeState,Inactive,,*,-1,-1
2025-03-10T16:11:21.456-04:00,IdeState,Inactive,,*,-1,-1
2025-03-10T16:11:22.458-04:00,IdeState,Inactive,,*,-1,-1
2025-03-10T16:11:23.459-04:00,IdeState,Inactive,,*,-1,-1
2025-03-10T16:11:24.460-04:00,IdeState,Inactive,,*,-1,-1
2025-03-10T16:11:25.460-04:00,IdeState,Inactive,,*,-1,-1
2025-03-10T16:11:26.461-04:00,IdeState,Inactive,,*,-1,-1
2025-03-10T16:11:27.463-04:00,IdeState,Inactive,,*,-1,-1
2025-03-10T16:11:28.463-04:00,IdeState,Inactive,,*,-1,-1
2025-03-10T16:11:29.468-04:00,IdeState,Inactive,,*,-1,-1
2025-03-10T16:11:30.469-04:00,IdeState,Inactive,,*,-1,-1
2025-03-10T16:11:31.471-04:00,IdeState,Inactive,,*,-1,-1
2025-03-10T16:11:32.472-04:00,IdeState,Inactive,,*,-1,-1
2025-03-10T16:11:33.474-04:00,IdeState,Inactive,,*,-1,-1
2025-03-10T16:11:34.475-04:00,IdeState,Inactive,,*,-1,-1
2025-03-10T16:11:35.477-04:00,IdeState,Inactive,,*,-1,-1
2025-03-10T16:11:36.477-04:00,IdeState,Inactive,,*,-1,-1
2025-03-10T16:11:37.479-04:00,IdeState,Inactive,,*,-1,-1
2025-03-10T16:11:38.480-04:00,IdeState,Inactive,,*,-1,-1
2025-03-10T16:11:39.481-04:00,IdeState,Inactive,,*,-1,-1
2025-03-10T16:11:40.482-04:00,IdeState,Inactive,,*,-1,-1
2025-03-10T16:11:41.501-04:00,IdeState,Inactive,,*,-1,-1
2025-03-10T16:11:42.505-04:00,IdeState,Inactive,,*,-1,-1
2025-03-10T16:11:43.506-04:00,IdeState,Inactive,,*,-1,-1
2025-03-10T16:11:44.508-04:00,IdeState,Inactive,,*,-1,-1
2025-03-10T16:11:45.510-04:00,IdeState,Inactive,,*,-1,-1
2025-03-10T16:11:46.511-04:00,IdeState,Inactive,,*,-1,-1
2025-03-10T16:11:47.512-04:00,IdeState,Inactive,,*,-1,-1
2025-03-10T16:11:48.514-04:00,IdeState,Inactive,,*,-1,-1
2025-03-10T16:11:49.514-04:00,IdeState,Inactive,,*,-1,-1
2025-03-10T16:11:50.517-04:00,IdeState,Inactive,,*,-1,-1
2025-03-10T16:11:51.518-04:00,IdeState,Inactive,,*,-1,-1
2025-03-10T16:11:52.520-04:00,IdeState,Inactive,,*,-1,-1
2025-03-10T16:11:53.521-04:00,IdeState,Inactive,,*,-1,-1
2025-03-10T16:11:54.522-04:00,IdeState,Inactive,,*,-1,-1
2025-03-10T16:11:55.524-04:00,IdeState,Inactive,,*,-1,-1
2025-03-10T16:11:56.526-04:00,IdeState,Inactive,,*,-1,-1
2025-03-10T16:11:57.528-04:00,IdeState,Inactive,,*,-1,-1
2025-03-10T16:11:58.575-04:00,IdeState,Inactive,,*,-1,-1
2025-03-10T16:11:59.578-04:00,IdeState,Inactive,,*,-1,-1
2025-03-10T16:12:00.580-04:00,IdeState,Inactive,,*,-1,-1
2025-03-10T16:12:01.581-04:00,IdeState,Inactive,,*,-1,-1
2025-03-10T16:12:02.585-04:00,IdeState,Inactive,,*,-1,-1
2025-03-10T16:12:03.587-04:00,IdeState,Inactive,,*,-1,-1
2025-03-10T16:12:04.588-04:00,IdeState,Inactive,,*,-1,-1
2025-03-10T16:12:05.588-04:00,IdeState,Inactive,,*,-1,-1
2025-03-10T16:12:06.589-04:00,IdeState,Inactive,,*,-1,-1
2025-03-10T16:12:07.593-04:00,IdeState,Inactive,,*,-1,-1
2025-03-10T16:12:08.594-04:00,IdeState,Inactive,,*,-1,-1
2025-03-10T16:12:09.595-04:00,IdeState,Inactive,,*,-1,-1
2025-03-10T16:12:10.597-04:00,IdeState,Inactive,,*,-1,-1
2025-03-10T16:12:11.599-04:00,IdeState,Inactive,,*,-1,-1
2025-03-10T16:12:12.600-04:00,IdeState,Inactive,,*,-1,-1
2025-03-10T16:12:13.601-04:00,IdeState,Inactive,,*,-1,-1
2025-03-10T16:12:14.602-04:00,IdeState,Inactive,,*,-1,-1
2025-03-10T16:12:15.603-04:00,IdeState,Inactive,,*,-1,-1
2025-03-10T16:12:16.605-04:00,IdeState,Inactive,,*,-1,-1
2025-03-10T16:12:17.606-04:00,IdeState,Inactive,,*,-1,-1
2025-03-10T16:12:18.607-04:00,IdeState,Inactive,,*,-1,-1
2025-03-10T16:12:19.608-04:00,IdeState,Inactive,,*,-1,-1
2025-03-10T16:12:20.610-04:00,IdeState,Inactive,,*,-1,-1
2025-03-10T16:12:21.611-04:00,IdeState,Inactive,,*,-1,-1
2025-03-10T16:12:22.613-04:00,IdeState,Inactive,,*,-1,-1
2025-03-10T16:12:23.616-04:00,IdeState,Inactive,,*,-1,-1
2025-03-10T16:12:24.619-04:00,IdeState,Inactive,,*,-1,-1
2025-03-10T16:12:25.620-04:00,IdeState,Inactive,,*,-1,-1
2025-03-10T16:12:26.621-04:00,IdeState,Inactive,,*,-1,-1
2025-03-10T16:12:27.622-04:00,IdeState,Inactive,,*,-1,-1
2025-03-10T16:12:28.624-04:00,IdeState,Inactive,,*,-1,-1
2025-03-10T16:12:29.627-04:00,IdeState,Inactive,,*,-1,-1
2025-03-10T16:12:30.628-04:00,IdeState,Inactive,,*,-1,-1
2025-03-10T16:12:31.629-04:00,IdeState,Inactive,,*,-1,-1
2025-03-10T16:12:32.631-04:00,IdeState,Inactive,,*,-1,-1
2025-03-10T16:12:33.631-04:00,IdeState,Inactive,,*,-1,-1
2025-03-10T16:12:34.641-04:00,IdeState,Inactive,,*,-1,-1
2025-03-10T16:12:35.644-04:00,IdeState,Inactive,,*,-1,-1
2025-03-10T16:12:36.645-04:00,IdeState,Inactive,,*,-1,-1
2025-03-10T16:12:37.647-04:00,IdeState,Inactive,,*,-1,-1
2025-03-10T16:12:38.647-04:00,IdeState,Inactive,,*,-1,-1
2025-03-10T16:12:39.649-04:00,IdeState,Inactive,,*,-1,-1
2025-03-10T16:12:40.653-04:00,IdeState,Inactive,,*,-1,-1
2025-03-10T16:12:41.655-04:00,IdeState,Inactive,,*,-1,-1
2025-03-10T16:12:42.660-04:00,IdeState,Inactive,,*,-1,-1
2025-03-10T16:12:43.692-04:00,IdeState,Inactive,,*,-1,-1
2025-03-10T16:12:44.720-04:00,IdeState,Inactive,,*,-1,-1
2025-03-10T16:12:45.723-04:00,IdeState,Inactive,,*,-1,-1
2025-03-10T16:12:46.725-04:00,IdeState,Inactive,,*,-1,-1
2025-03-10T16:12:47.726-04:00,IdeState,Inactive,,*,-1,-1
2025-03-10T16:12:48.728-04:00,IdeState,Inactive,,*,-1,-1
2025-03-10T16:12:49.735-04:00,IdeState,Inactive,,*,-1,-1
2025-03-10T16:12:50.736-04:00,IdeState,Inactive,,*,-1,-1
2025-03-10T16:12:51.737-04:00,IdeState,Inactive,,*,-1,-1
2025-03-10T16:12:52.740-04:00,IdeState,Inactive,,*,-1,-1
2025-03-10T16:12:53.740-04:00,IdeState,Inactive,,*,-1,-1
2025-03-10T16:12:54.741-04:00,IdeState,Inactive,,*,-1,-1
2025-03-10T16:12:55.742-04:00,IdeState,Inactive,,*,-1,-1
2025-03-10T16:12:56.744-04:00,IdeState,Inactive,,*,-1,-1
2025-03-10T16:12:57.744-04:00,IdeState,Inactive,,*,-1,-1
2025-03-10T16:12:58.746-04:00,IdeState,Inactive,,*,-1,-1
2025-03-10T16:12:59.748-04:00,IdeState,Inactive,,*,-1,-1
2025-03-10T16:13:00.749-04:00,IdeState,Inactive,,*,-1,-1
2025-03-10T16:13:01.752-04:00,IdeState,Inactive,,*,-1,-1
2025-03-10T16:13:02.757-04:00,IdeState,Inactive,,*,-1,-1
2025-03-10T16:13:03.757-04:00,IdeState,Inactive,,*,-1,-1
2025-03-10T16:13:04.758-04:00,IdeState,Inactive,,*,-1,-1
2025-03-10T16:13:05.759-04:00,IdeState,Inactive,,*,-1,-1
2025-03-10T16:13:06.760-04:00,IdeState,Inactive,,*,-1,-1
2025-03-10T16:13:07.761-04:00,IdeState,Inactive,,*,-1,-1
2025-03-10T16:13:08.762-04:00,IdeState,Inactive,,*,-1,-1
2025-03-10T16:13:09.776-04:00,IdeState,Inactive,,*,-1,-1
2025-03-10T16:13:10.776-04:00,IdeState,Inactive,,*,-1,-1
2025-03-10T16:13:11.777-04:00,IdeState,Inactive,,*,-1,-1
2025-03-10T16:13:12.778-04:00,IdeState,Inactive,,*,-1,-1
2025-03-10T16:13:13.780-04:00,IdeState,Inactive,,*,-1,-1
2025-03-10T16:13:14.781-04:00,IdeState,Inactive,,*,-1,-1
2025-03-10T16:13:15.783-04:00,IdeState,Inactive,,*,-1,-1
2025-03-10T16:13:16.786-04:00,IdeState,Inactive,,*,-1,-1
2025-03-10T16:13:17.790-04:00,IdeState,Inactive,,*,-1,-1
2025-03-10T16:13:18.791-04:00,IdeState,Inactive,,*,-1,-1
2025-03-10T16:13:19.793-04:00,IdeState,Inactive,,*,-1,-1
2025-03-10T16:13:20.793-04:00,IdeState,Inactive,,*,-1,-1
2025-03-10T16:13:21.794-04:00,IdeState,Inactive,,*,-1,-1
2025-03-10T16:13:22.795-04:00,IdeState,Inactive,,*,-1,-1
2025-03-10T16:13:23.797-04:00,IdeState,Inactive,,*,-1,-1
2025-03-10T16:13:24.798-04:00,IdeState,Inactive,,*,-1,-1
2025-03-10T16:13:25.799-04:00,IdeState,Inactive,,*,-1,-1
2025-03-10T16:13:26.801-04:00,IdeState,Inactive,,*,-1,-1
2025-03-10T16:13:27.802-04:00,IdeState,Inactive,,*,-1,-1
2025-03-10T16:13:28.804-04:00,IdeState,Inactive,,*,-1,-1
2025-03-10T16:13:29.805-04:00,IdeState,Inactive,,*,-1,-1
2025-03-10T16:13:30.806-04:00,IdeState,Inactive,,*,-1,-1
2025-03-10T16:13:31.808-04:00,IdeState,Inactive,,*,-1,-1
2025-03-10T16:13:32.811-04:00,IdeState,Inactive,,*,-1,-1
2025-03-10T16:13:33.813-04:00,IdeState,Inactive,,*,-1,-1
2025-03-10T16:13:34.815-04:00,IdeState,Inactive,,*,-1,-1
2025-03-10T16:13:35.816-04:00,IdeState,Inactive,,*,-1,-1
2025-03-10T16:13:36.817-04:00,IdeState,Inactive,,*,-1,-1
2025-03-10T16:13:37.820-04:00,IdeState,Inactive,,*,-1,-1
2025-03-10T16:13:38.822-04:00,IdeState,Inactive,,*,-1,-1
2025-03-10T16:13:39.822-04:00,IdeState,Inactive,,*,-1,-1
2025-03-10T16:13:40.843-04:00,IdeState,Inactive,,*,-1,-1
2025-03-10T16:13:41.847-04:00,IdeState,Inactive,,*,-1,-1
2025-03-10T16:13:42.852-04:00,IdeState,Inactive,,*,-1,-1
2025-03-10T16:13:43.853-04:00,IdeState,Inactive,,*,-1,-1
2025-03-10T16:13:44.855-04:00,IdeState,Inactive,,*,-1,-1
2025-03-10T16:13:45.856-04:00,IdeState,Inactive,,*,-1,-1
2025-03-10T16:13:46.857-04:00,IdeState,Inactive,,*,-1,-1
2025-03-10T16:13:47.858-04:00,IdeState,Inactive,,*,-1,-1
2025-03-10T16:13:48.859-04:00,IdeState,Inactive,,*,-1,-1
2025-03-10T16:13:49.861-04:00,IdeState,Inactive,,*,-1,-1
2025-03-10T16:13:50.863-04:00,IdeState,Inactive,,*,-1,-1
2025-03-10T16:13:51.865-04:00,IdeState,Inactive,,*,-1,-1
2025-03-10T16:13:52.868-04:00,IdeState,Inactive,,*,-1,-1
2025-03-10T16:13:53.869-04:00,IdeState,Inactive,,*,-1,-1
2025-03-10T16:13:54.871-04:00,IdeState,Inactive,,*,-1,-1
2025-03-10T16:13:55.872-04:00,IdeState,Inactive,,*,-1,-1
2025-03-10T16:13:56.873-04:00,IdeState,Inactive,,*,-1,-1
2025-03-10T16:13:57.875-04:00,IdeState,Inactive,,*,-1,-1
2025-03-10T16:13:58.877-04:00,IdeState,Inactive,,*,-1,-1
2025-03-10T16:13:59.912-04:00,IdeState,Inactive,,*,-1,-1
2025-03-10T16:14:00.914-04:00,IdeState,Inactive,,*,-1,-1
2025-03-10T16:14:01.915-04:00,IdeState,Inactive,,*,-1,-1
2025-03-10T16:14:02.918-04:00,IdeState,Inactive,,*,-1,-1
2025-03-10T16:14:03.920-04:00,IdeState,Inactive,,*,-1,-1
2025-03-10T16:14:04.921-04:00,IdeState,Inactive,,*,-1,-1
2025-03-10T16:14:05.922-04:00,IdeState,Inactive,,*,-1,-1
2025-03-10T16:14:06.923-04:00,IdeState,Inactive,,*,-1,-1
2025-03-10T16:14:07.924-04:00,IdeState,Inactive,,*,-1,-1
2025-03-10T16:14:08.932-04:00,IdeState,Inactive,,*,-1,-1
2025-03-10T16:14:09.934-04:00,IdeState,Inactive,,*,-1,-1
2025-03-10T16:14:10.936-04:00,IdeState,Inactive,,*,-1,-1
2025-03-10T16:14:11.936-04:00,IdeState,Inactive,,*,-1,-1
2025-03-10T16:14:12.940-04:00,IdeState,Inactive,,*,-1,-1
2025-03-10T16:14:13.944-04:00,IdeState,Inactive,,*,-1,-1
2025-03-10T16:14:14.946-04:00,IdeState,Inactive,,*,-1,-1
2025-03-10T16:14:15.949-04:00,IdeState,Inactive,,*,-1,-1
2025-03-10T16:14:16.954-04:00,IdeState,Inactive,,*,-1,-1
2025-03-10T16:14:17.956-04:00,IdeState,Inactive,,*,-1,-1
2025-03-10T16:14:18.957-04:00,IdeState,Inactive,,*,-1,-1
2025-03-10T16:14:19.959-04:00,IdeState,Inactive,,*,-1,-1
2025-03-10T16:14:20.961-04:00,IdeState,Inactive,,*,-1,-1
2025-03-10T16:14:21.962-04:00,IdeState,Inactive,,*,-1,-1
2025-03-10T16:14:22.962-04:00,IdeState,Inactive,,*,-1,-1
2025-03-10T16:14:23.964-04:00,IdeState,Inactive,,*,-1,-1
2025-03-10T16:14:24.965-04:00,IdeState,Inactive,,*,-1,-1
2025-03-10T16:14:25.966-04:00,IdeState,Inactive,,*,-1,-1
2025-03-10T16:14:26.993-04:00,IdeState,Inactive,,*,-1,-1
2025-03-10T16:14:27.998-04:00,IdeState,Inactive,,*,-1,-1
2025-03-10T16:14:28.999-04:00,IdeState,Inactive,,*,-1,-1
2025-03-10T16:14:29.999-04:00,IdeState,Inactive,,*,-1,-1
2025-03-10T16:14:31.003-04:00,IdeState,Inactive,,*,-1,-1
2025-03-10T16:14:32.007-04:00,IdeState,Inactive,,*,-1,-1
2025-03-10T16:14:33.008-04:00,IdeState,Inactive,,*,-1,-1
2025-03-10T16:14:34.009-04:00,IdeState,Inactive,,*,-1,-1
2025-03-10T16:14:35.010-04:00,IdeState,Inactive,,*,-1,-1
2025-03-10T16:14:36.012-04:00,IdeState,Inactive,,*,-1,-1
2025-03-10T16:14:37.015-04:00,IdeState,Inactive,,*,-1,-1
2025-03-10T16:14:38.017-04:00,IdeState,Inactive,,*,-1,-1
2025-03-10T16:14:39.019-04:00,IdeState,Inactive,,*,-1,-1
2025-03-10T16:14:40.020-04:00,IdeState,Inactive,,*,-1,-1
2025-03-10T16:14:41.021-04:00,IdeState,Inactive,,*,-1,-1
2025-03-10T16:14:42.022-04:00,IdeState,Inactive,,*,-1,-1
2025-03-10T16:14:43.024-04:00,IdeState,Inactive,,*,-1,-1
2025-03-10T16:14:44.026-04:00,IdeState,Inactive,,*,-1,-1
2025-03-10T16:14:45.027-04:00,IdeState,Inactive,,*,-1,-1
2025-03-10T16:14:46.029-04:00,IdeState,Inactive,,*,-1,-1
2025-03-10T16:14:47.031-04:00,IdeState,Inactive,,*,-1,-1
2025-03-10T16:14:48.032-04:00,IdeState,Inactive,,*,-1,-1
2025-03-10T16:14:49.035-04:00,IdeState,Inactive,,*,-1,-1
2025-03-10T16:14:50.036-04:00,IdeState,Inactive,,*,-1,-1
2025-03-10T16:14:51.036-04:00,IdeState,Inactive,,*,-1,-1
2025-03-10T16:14:52.039-04:00,IdeState,Inactive,,*,-1,-1
2025-03-10T16:14:53.040-04:00,IdeState,Inactive,,*,-1,-1
2025-03-10T16:14:54.041-04:00,IdeState,Inactive,,*,-1,-1
2025-03-10T16:14:55.043-04:00,IdeState,Inactive,,*,-1,-1
2025-03-10T16:14:56.045-04:00,IdeState,Inactive,,*,-1,-1
2025-03-10T16:14:57.046-04:00,IdeState,Inactive,,*,-1,-1
2025-03-10T16:14:58.048-04:00,IdeState,Inactive,,*,-1,-1
2025-03-10T16:14:59.051-04:00,IdeState,Inactive,,*,-1,-1
2025-03-10T16:15:00.055-04:00,IdeState,Inactive,,*,-1,-1
2025-03-10T16:15:01.059-04:00,IdeState,Inactive,,*,-1,-1
2025-03-10T16:15:02.060-04:00,IdeState,Inactive,,*,-1,-1
2025-03-10T16:15:03.062-04:00,IdeState,Inactive,,*,-1,-1
2025-03-10T16:15:04.064-04:00,IdeState,Inactive,,*,-1,-1
2025-03-10T16:15:05.067-04:00,IdeState,Inactive,,*,-1,-1
2025-03-10T16:15:06.069-04:00,IdeState,Inactive,,*,-1,-1
2025-03-10T16:15:07.072-04:00,IdeState,Inactive,,*,-1,-1
2025-03-10T16:15:08.075-04:00,IdeState,Inactive,,*,-1,-1
2025-03-10T16:15:09.076-04:00,IdeState,Inactive,,*,-1,-1
2025-03-10T16:15:10.077-04:00,IdeState,Inactive,,*,-1,-1
2025-03-10T16:15:11.079-04:00,IdeState,Inactive,,*,-1,-1
2025-03-10T16:15:12.080-04:00,IdeState,Inactive,,*,-1,-1
2025-03-10T16:15:13.082-04:00,IdeState,Inactive,,*,-1,-1
2025-03-10T16:15:14.084-04:00,IdeState,Inactive,,*,-1,-1
2025-03-10T16:15:15.085-04:00,IdeState,Inactive,,*,-1,-1
2025-03-10T16:15:16.086-04:00,IdeState,Inactive,,*,-1,-1
2025-03-10T16:15:17.088-04:00,IdeState,Inactive,,*,-1,-1
2025-03-10T16:15:18.090-04:00,IdeState,Inactive,,*,-1,-1
2025-03-10T16:15:19.091-04:00,IdeState,Inactive,,*,-1,-1
2025-03-10T16:15:20.092-04:00,IdeState,Inactive,,*,-1,-1
2025-03-10T16:15:21.094-04:00,IdeState,Inactive,,*,-1,-1
2025-03-10T16:15:22.094-04:00,IdeState,Inactive,,*,-1,-1
2025-03-10T16:15:23.096-04:00,IdeState,Inactive,,*,-1,-1
2025-03-10T16:15:24.096-04:00,IdeState,Inactive,,*,-1,-1
2025-03-10T16:15:25.098-04:00,IdeState,Inactive,,*,-1,-1
2025-03-10T16:15:26.102-04:00,IdeState,Inactive,,*,-1,-1
2025-03-10T16:15:27.103-04:00,IdeState,Inactive,,*,-1,-1
2025-03-10T16:15:28.105-04:00,IdeState,Inactive,,*,-1,-1
2025-03-10T16:15:29.106-04:00,IdeState,Inactive,,*,-1,-1
2025-03-10T16:15:30.108-04:00,IdeState,Inactive,,*,-1,-1
2025-03-10T16:15:31.109-04:00,IdeState,Inactive,,*,-1,-1
2025-03-10T16:15:32.110-04:00,IdeState,Inactive,,*,-1,-1
2025-03-10T16:15:33.114-04:00,IdeState,Inactive,,*,-1,-1
2025-03-10T16:15:34.123-04:00,IdeState,Inactive,,*,-1,-1
2025-03-10T16:15:35.125-04:00,IdeState,Inactive,,*,-1,-1
2025-03-10T16:15:36.127-04:00,IdeState,Inactive,,*,-1,-1
2025-03-10T16:15:37.136-04:00,IdeState,Inactive,,*,-1,-1
2025-03-10T16:15:38.147-04:00,IdeState,Inactive,,*,-1,-1
2025-03-10T16:15:39.149-04:00,IdeState,Inactive,,*,-1,-1
2025-03-10T16:15:40.151-04:00,IdeState,Inactive,,*,-1,-1
2025-03-10T16:15:41.153-04:00,IdeState,Inactive,,*,-1,-1
2025-03-10T16:15:42.155-04:00,IdeState,Inactive,,*,-1,-1
2025-03-10T16:15:43.157-04:00,IdeState,Inactive,,*,-1,-1
2025-03-10T16:15:44.163-04:00,IdeState,Inactive,,*,-1,-1
2025-03-10T16:15:45.164-04:00,IdeState,Inactive,,*,-1,-1
2025-03-10T16:15:46.164-04:00,IdeState,Inactive,,*,-1,-1
2025-03-10T16:15:47.166-04:00,IdeState,Inactive,,*,-1,-1
2025-03-10T16:15:48.168-04:00,IdeState,Inactive,,*,-1,-1
2025-03-10T16:15:49.169-04:00,IdeState,Inactive,,*,-1,-1
2025-03-10T16:15:50.171-04:00,IdeState,Inactive,,*,-1,-1
2025-03-10T16:15:51.172-04:00,IdeState,Inactive,,*,-1,-1
2025-03-10T16:15:52.174-04:00,IdeState,Inactive,,*,-1,-1
2025-03-10T16:15:53.176-04:00,IdeState,Inactive,,*,-1,-1
2025-03-10T16:15:54.178-04:00,IdeState,Inactive,,*,-1,-1
2025-03-10T16:15:55.181-04:00,IdeState,Inactive,,*,-1,-1
2025-03-10T16:15:56.183-04:00,IdeState,Inactive,,*,-1,-1
2025-03-10T16:15:57.186-04:00,IdeState,Inactive,,*,-1,-1
2025-03-10T16:15:58.187-04:00,IdeState,Inactive,,*,-1,-1
2025-03-10T16:15:59.187-04:00,IdeState,Inactive,,*,-1,-1
2025-03-10T16:16:00.189-04:00,IdeState,Inactive,,*,-1,-1
2025-03-10T16:16:01.191-04:00,IdeState,Inactive,,*,-1,-1
2025-03-10T16:16:02.192-04:00,IdeState,Inactive,,*,-1,-1
2025-03-10T16:16:03.199-04:00,IdeState,Inactive,,*,-1,-1
2025-03-10T16:16:04.203-04:00,IdeState,Inactive,,*,-1,-1
2025-03-10T16:16:05.204-04:00,IdeState,Inactive,,*,-1,-1
2025-03-10T16:16:06.204-04:00,IdeState,Inactive,,*,-1,-1
2025-03-10T16:16:07.207-04:00,IdeState,Inactive,,*,-1,-1
2025-03-10T16:16:08.215-04:00,IdeState,Inactive,,*,-1,-1
2025-03-10T16:16:09.219-04:00,IdeState,Inactive,,*,-1,-1
2025-03-10T16:16:10.220-04:00,IdeState,Inactive,,*,-1,-1
2025-03-10T16:16:11.221-04:00,IdeState,Inactive,,*,-1,-1
2025-03-10T16:16:12.225-04:00,IdeState,Inactive,,*,-1,-1
2025-03-10T16:16:13.230-04:00,IdeState,Inactive,,*,-1,-1
2025-03-10T16:16:14.231-04:00,IdeState,Inactive,,*,-1,-1
2025-03-10T16:16:15.232-04:00,IdeState,Inactive,,*,-1,-1
2025-03-10T16:16:16.233-04:00,IdeState,Inactive,,*,-1,-1
2025-03-10T16:16:17.235-04:00,IdeState,Inactive,,*,-1,-1
2025-03-10T16:16:18.236-04:00,IdeState,Inactive,,*,-1,-1
2025-03-10T16:16:19.237-04:00,IdeState,Inactive,,*,-1,-1
2025-03-10T16:16:20.239-04:00,IdeState,Inactive,,*,-1,-1
2025-03-10T16:16:21.240-04:00,IdeState,Inactive,,*,-1,-1
2025-03-10T16:16:22.241-04:00,IdeState,Inactive,,*,-1,-1
2025-03-10T16:16:23.244-04:00,IdeState,Inactive,,*,-1,-1
2025-03-10T16:16:24.248-04:00,IdeState,Inactive,,*,-1,-1
2025-03-10T16:16:25.250-04:00,IdeState,Inactive,,*,-1,-1
2025-03-10T16:16:26.252-04:00,IdeState,Inactive,,*,-1,-1
2025-03-10T16:16:27.254-04:00,IdeState,Inactive,,*,-1,-1
2025-03-10T16:16:28.256-04:00,IdeState,Inactive,,*,-1,-1
2025-03-10T16:16:29.256-04:00,IdeState,Inactive,,*,-1,-1
2025-03-10T16:16:30.259-04:00,IdeState,Inactive,,*,-1,-1
2025-03-10T16:16:31.260-04:00,IdeState,Inactive,,*,-1,-1
2025-03-10T16:16:32.260-04:00,IdeState,Inactive,,*,-1,-1
2025-03-10T16:16:33.262-04:00,IdeState,Inactive,,*,-1,-1
2025-03-10T16:16:34.263-04:00,IdeState,Inactive,,*,-1,-1
2025-03-10T16:16:35.264-04:00,IdeState,Inactive,,*,-1,-1
2025-03-10T16:16:36.266-04:00,IdeState,Inactive,,*,-1,-1
2025-03-10T16:16:37.268-04:00,IdeState,Inactive,,*,-1,-1
2025-03-10T16:16:38.270-04:00,IdeState,Inactive,,*,-1,-1
2025-03-10T16:16:39.273-04:00,IdeState,Inactive,,*,-1,-1
2025-03-10T16:16:40.274-04:00,IdeState,Inactive,,*,-1,-1
2025-03-10T16:16:41.276-04:00,IdeState,Inactive,,*,-1,-1
2025-03-10T16:16:42.277-04:00,IdeState,Inactive,,*,-1,-1
2025-03-10T16:16:43.279-04:00,IdeState,Inactive,,*,-1,-1
2025-03-10T16:16:44.280-04:00,IdeState,Inactive,,*,-1,-1
2025-03-10T16:16:45.281-04:00,IdeState,Inactive,,*,-1,-1
2025-03-10T16:16:46.282-04:00,IdeState,Inactive,,*,-1,-1
2025-03-10T16:16:47.284-04:00,IdeState,Inactive,,*,-1,-1
2025-03-10T16:16:48.286-04:00,IdeState,Inactive,,*,-1,-1
2025-03-10T16:16:49.287-04:00,IdeState,Inactive,,*,-1,-1
2025-03-10T16:16:50.289-04:00,IdeState,Inactive,,*,-1,-1
2025-03-10T16:16:51.290-04:00,IdeState,Inactive,,*,-1,-1
2025-03-10T16:16:52.292-04:00,IdeState,Inactive,,*,-1,-1
2025-03-10T16:16:53.292-04:00,IdeState,Inactive,,*,-1,-1
2025-03-10T16:16:54.295-04:00,IdeState,Inactive,,*,-1,-1
2025-03-10T16:16:55.297-04:00,IdeState,Inactive,,*,-1,-1
2025-03-10T16:16:56.314-04:00,IdeState,Inactive,,*,-1,-1
2025-03-10T16:16:57.316-04:00,IdeState,Inactive,,*,-1,-1
2025-03-10T16:16:58.317-04:00,IdeState,Inactive,,*,-1,-1
2025-03-10T16:16:59.320-04:00,IdeState,Inactive,,*,-1,-1
2025-03-10T16:17:00.321-04:00,IdeState,Inactive,,*,-1,-1
2025-03-10T16:17:01.323-04:00,IdeState,Inactive,,*,-1,-1
2025-03-10T16:17:02.324-04:00,IdeState,Inactive,,*,-1,-1
2025-03-10T16:17:03.325-04:00,IdeState,Inactive,,*,-1,-1
2025-03-10T16:17:04.327-04:00,IdeState,Inactive,,*,-1,-1
2025-03-10T16:17:05.328-04:00,IdeState,Inactive,,*,-1,-1
2025-03-10T16:17:06.329-04:00,IdeState,Inactive,,*,-1,-1
2025-03-10T16:17:07.330-04:00,IdeState,Inactive,,*,-1,-1
2025-03-10T16:17:08.332-04:00,IdeState,Inactive,,*,-1,-1
2025-03-10T16:17:09.335-04:00,IdeState,Inactive,,*,-1,-1
2025-03-10T16:17:10.336-04:00,IdeState,Inactive,,*,-1,-1
2025-03-10T16:17:11.337-04:00,IdeState,Inactive,,*,-1,-1
2025-03-10T16:17:12.338-04:00,IdeState,Inactive,,*,-1,-1
2025-03-10T16:17:13.339-04:00,IdeState,Inactive,,*,-1,-1
2025-03-10T16:17:14.341-04:00,IdeState,Inactive,,*,-1,-1
2025-03-10T16:17:15.342-04:00,IdeState,Inactive,,*,-1,-1
2025-03-10T16:17:16.343-04:00,IdeState,Inactive,,*,-1,-1
2025-03-10T16:17:17.344-04:00,IdeState,Inactive,,*,-1,-1
2025-03-10T16:17:18.345-04:00,IdeState,Inactive,,*,-1,-1
2025-03-10T16:17:19.346-04:00,IdeState,Inactive,,*,-1,-1
2025-03-10T16:17:20.347-04:00,IdeState,Inactive,,*,-1,-1
2025-03-10T16:17:21.348-04:00,IdeState,Inactive,,*,-1,-1
2025-03-10T16:17:22.350-04:00,IdeState,Inactive,,*,-1,-1
2025-03-10T16:17:23.354-04:00,IdeState,Inactive,,*,-1,-1
2025-03-10T16:17:24.356-04:00,IdeState,Inactive,,*,-1,-1
2025-03-10T16:17:25.358-04:00,IdeState,Inactive,,*,-1,-1
2025-03-10T16:17:26.359-04:00,IdeState,Inactive,,*,-1,-1
2025-03-10T16:17:27.361-04:00,IdeState,Inactive,,*,-1,-1
2025-03-10T16:17:28.362-04:00,IdeState,Inactive,,*,-1,-1
2025-03-10T16:17:29.367-04:00,IdeState,Inactive,,*,-1,-1
2025-03-10T16:17:30.370-04:00,IdeState,Inactive,,*,-1,-1
2025-03-10T16:17:31.372-04:00,IdeState,Inactive,,*,-1,-1
2025-03-10T16:17:32.373-04:00,IdeState,Inactive,,*,-1,-1
2025-03-10T16:17:33.374-04:00,IdeState,Inactive,,*,-1,-1
2025-03-10T16:17:34.376-04:00,IdeState,Inactive,,*,-1,-1
2025-03-10T16:17:35.377-04:00,IdeState,Inactive,,*,-1,-1
2025-03-10T16:17:36.377-04:00,IdeState,Inactive,,*,-1,-1
2025-03-10T16:17:37.378-04:00,IdeState,Inactive,,*,-1,-1
2025-03-10T16:17:38.379-04:00,IdeState,Inactive,,*,-1,-1
2025-03-10T16:17:39.381-04:00,IdeState,Inactive,,*,-1,-1
2025-03-10T16:17:40.384-04:00,IdeState,Inactive,,*,-1,-1
2025-03-10T16:17:41.385-04:00,IdeState,Inactive,,*,-1,-1
2025-03-10T16:17:42.385-04:00,IdeState,Inactive,,*,-1,-1
2025-03-10T16:17:43.387-04:00,IdeState,Inactive,,*,-1,-1
2025-03-10T16:17:44.389-04:00,IdeState,Inactive,,*,-1,-1
2025-03-10T16:17:45.392-04:00,IdeState,Inactive,,*,-1,-1
2025-03-10T16:17:46.392-04:00,IdeState,Inactive,,*,-1,-1
2025-03-10T16:17:47.394-04:00,IdeState,Inactive,,*,-1,-1
2025-03-10T16:17:48.400-04:00,IdeState,Inactive,,*,-1,-1
2025-03-10T16:17:49.403-04:00,IdeState,Inactive,,*,-1,-1
2025-03-10T16:17:50.404-04:00,IdeState,Inactive,,*,-1,-1
2025-03-10T16:17:51.407-04:00,IdeState,Inactive,,*,-1,-1
2025-03-10T16:17:52.419-04:00,IdeState,Inactive,,*,-1,-1
2025-03-10T16:17:53.421-04:00,IdeState,Inactive,,*,-1,-1
2025-03-10T16:17:54.422-04:00,IdeState,Inactive,,*,-1,-1
2025-03-10T16:17:55.423-04:00,IdeState,Inactive,,*,-1,-1
2025-03-10T16:17:56.425-04:00,IdeState,Inactive,,*,-1,-1
2025-03-10T16:17:57.426-04:00,IdeState,Inactive,,*,-1,-1
2025-03-10T16:17:58.427-04:00,IdeState,Inactive,,*,-1,-1
2025-03-10T16:17:59.428-04:00,IdeState,Inactive,,*,-1,-1
2025-03-10T16:18:00.431-04:00,IdeState,Inactive,,*,-1,-1
2025-03-10T16:18:01.431-04:00,IdeState,Inactive,,*,-1,-1
2025-03-10T16:18:02.433-04:00,IdeState,Inactive,,*,-1,-1
2025-03-10T16:18:03.434-04:00,IdeState,Inactive,,*,-1,-1
2025-03-10T16:18:04.438-04:00,IdeState,Inactive,,*,-1,-1
2025-03-10T16:18:05.439-04:00,IdeState,Inactive,,*,-1,-1
2025-03-10T16:18:06.442-04:00,IdeState,Inactive,,*,-1,-1
2025-03-10T16:18:07.445-04:00,IdeState,Inactive,,*,-1,-1
2025-03-10T16:18:08.446-04:00,IdeState,Inactive,,*,-1,-1
2025-03-10T16:18:09.448-04:00,IdeState,Inactive,,*,-1,-1
2025-03-10T16:18:10.450-04:00,IdeState,Inactive,,*,-1,-1
2025-03-10T16:18:11.457-04:00,IdeState,Inactive,,*,-1,-1
2025-03-10T16:18:12.460-04:00,IdeState,Inactive,,*,-1,-1
2025-03-10T16:18:13.462-04:00,IdeState,Inactive,,*,-1,-1
2025-03-10T16:18:14.471-04:00,IdeState,Inactive,,*,-1,-1
2025-03-10T16:18:15.471-04:00,IdeState,Inactive,,*,-1,-1
2025-03-10T16:18:16.473-04:00,IdeState,Inactive,,*,-1,-1
2025-03-10T16:18:17.474-04:00,IdeState,Inactive,,*,-1,-1
2025-03-10T16:18:18.474-04:00,IdeState,Inactive,,*,-1,-1
2025-03-10T16:18:19.476-04:00,IdeState,Inactive,,*,-1,-1
2025-03-10T16:18:20.477-04:00,IdeState,Inactive,,*,-1,-1
2025-03-10T16:18:21.478-04:00,IdeState,Inactive,,*,-1,-1
2025-03-10T16:18:22.481-04:00,IdeState,Inactive,,*,-1,-1
2025-03-10T16:18:23.482-04:00,IdeState,Inactive,,*,-1,-1
2025-03-10T16:18:24.484-04:00,IdeState,Inactive,,*,-1,-1
2025-03-10T16:18:25.485-04:00,IdeState,Inactive,,*,-1,-1
2025-03-10T16:18:26.488-04:00,IdeState,Inactive,,*,-1,-1
2025-03-10T16:18:27.489-04:00,IdeState,Inactive,,*,-1,-1
2025-03-10T16:18:28.490-04:00,IdeState,Inactive,,*,-1,-1
2025-03-10T16:18:29.505-04:00,IdeState,Inactive,,*,-1,-1
2025-03-10T16:18:30.508-04:00,IdeState,Inactive,,*,-1,-1
2025-03-10T16:18:31.512-04:00,IdeState,Inactive,,*,-1,-1
2025-03-10T16:18:32.515-04:00,IdeState,Inactive,,*,-1,-1
2025-03-10T16:18:33.516-04:00,IdeState,Inactive,,*,-1,-1
2025-03-10T16:18:34.517-04:00,IdeState,Inactive,,*,-1,-1
2025-03-10T16:18:35.519-04:00,IdeState,Inactive,,*,-1,-1
2025-03-10T16:18:36.520-04:00,IdeState,Inactive,,*,-1,-1
2025-03-10T16:18:37.521-04:00,IdeState,Inactive,,*,-1,-1
2025-03-10T16:18:38.523-04:00,IdeState,Inactive,,*,-1,-1
2025-03-10T16:18:39.524-04:00,IdeState,Inactive,,*,-1,-1
2025-03-10T16:18:40.526-04:00,IdeState,Inactive,,*,-1,-1
2025-03-10T16:18:41.527-04:00,IdeState,Inactive,,*,-1,-1
2025-03-10T16:18:42.528-04:00,IdeState,Inactive,,*,-1,-1
2025-03-10T16:18:43.529-04:00,IdeState,Inactive,,*,-1,-1
2025-03-10T16:18:44.531-04:00,IdeState,Inactive,,*,-1,-1
2025-03-10T16:18:45.532-04:00,IdeState,Inactive,,*,-1,-1
2025-03-10T16:18:46.538-04:00,IdeState,Inactive,,*,-1,-1
2025-03-10T16:18:47.539-04:00,IdeState,Inactive,,*,-1,-1
2025-03-10T16:18:48.540-04:00,IdeState,Inactive,,*,-1,-1
2025-03-10T16:18:49.543-04:00,IdeState,Inactive,,*,-1,-1
2025-03-10T16:18:50.544-04:00,IdeState,Inactive,,*,-1,-1
2025-03-10T16:18:51.545-04:00,IdeState,Inactive,,*,-1,-1
2025-03-10T16:18:52.546-04:00,IdeState,Inactive,,*,-1,-1
2025-03-10T16:18:53.548-04:00,IdeState,Inactive,,*,-1,-1
2025-03-10T16:18:54.552-04:00,IdeState,Inactive,,*,-1,-1
2025-03-10T16:18:55.553-04:00,IdeState,Inactive,,*,-1,-1
2025-03-10T16:18:56.556-04:00,IdeState,Inactive,,*,-1,-1
2025-03-10T16:18:57.558-04:00,IdeState,Inactive,,*,-1,-1
2025-03-10T16:18:58.560-04:00,IdeState,Inactive,,*,-1,-1
2025-03-10T16:18:59.560-04:00,IdeState,Inactive,,*,-1,-1
2025-03-10T16:19:00.563-04:00,IdeState,Inactive,,*,-1,-1
2025-03-10T16:19:01.564-04:00,IdeState,Inactive,,*,-1,-1
2025-03-10T16:19:02.568-04:00,IdeState,Inactive,,*,-1,-1
2025-03-10T16:19:03.570-04:00,IdeState,Inactive,,*,-1,-1
2025-03-10T16:19:04.571-04:00,IdeState,Inactive,,*,-1,-1
2025-03-10T16:19:05.572-04:00,IdeState,Inactive,,*,-1,-1
2025-03-10T16:19:06.574-04:00,IdeState,Inactive,,*,-1,-1
2025-03-10T16:19:07.574-04:00,IdeState,Inactive,,*,-1,-1
2025-03-10T16:19:08.575-04:00,IdeState,Inactive,,*,-1,-1
2025-03-10T16:19:09.576-04:00,IdeState,Inactive,,*,-1,-1
2025-03-10T16:19:10.579-04:00,IdeState,Inactive,,*,-1,-1
2025-03-10T16:19:11.581-04:00,IdeState,Inactive,,*,-1,-1
2025-03-10T16:19:12.584-04:00,IdeState,Inactive,,*,-1,-1
2025-03-10T16:19:13.584-04:00,IdeState,Inactive,,*,-1,-1
2025-03-10T16:19:14.586-04:00,IdeState,Inactive,,*,-1,-1
2025-03-10T16:19:15.588-04:00,IdeState,Inactive,,*,-1,-1
2025-03-10T16:19:16.590-04:00,IdeState,Inactive,,*,-1,-1
2025-03-10T16:19:17.594-04:00,IdeState,Inactive,,*,-1,-1
2025-03-10T16:19:18.594-04:00,IdeState,Inactive,,*,-1,-1
2025-03-10T16:19:19.595-04:00,IdeState,Inactive,,*,-1,-1
2025-03-10T16:19:20.598-04:00,IdeState,Inactive,,*,-1,-1
2025-03-10T16:19:21.603-04:00,IdeState,Inactive,,*,-1,-1
2025-03-10T16:19:22.604-04:00,IdeState,Inactive,,*,-1,-1
2025-03-10T16:19:23.605-04:00,IdeState,Inactive,,*,-1,-1
2025-03-10T16:19:24.606-04:00,IdeState,Inactive,,*,-1,-1
2025-03-10T16:19:25.606-04:00,IdeState,Inactive,,*,-1,-1
2025-03-10T16:19:26.608-04:00,IdeState,Inactive,,*,-1,-1
2025-03-10T16:19:27.609-04:00,IdeState,Inactive,,*,-1,-1
2025-03-10T16:19:28.611-04:00,IdeState,Inactive,,*,-1,-1
2025-03-10T16:19:29.612-04:00,IdeState,Inactive,,*,-1,-1
2025-03-10T16:19:30.614-04:00,IdeState,Inactive,,*,-1,-1
2025-03-10T16:19:31.618-04:00,IdeState,Inactive,,*,-1,-1
2025-03-10T16:19:32.620-04:00,IdeState,Inactive,,*,-1,-1
2025-03-10T16:19:33.623-04:00,IdeState,Inactive,,*,-1,-1
2025-03-10T16:19:34.624-04:00,IdeState,Inactive,,*,-1,-1
2025-03-10T16:19:35.625-04:00,IdeState,Inactive,,*,-1,-1
2025-03-10T16:19:36.627-04:00,IdeState,Inactive,,*,-1,-1
2025-03-10T16:19:37.628-04:00,IdeState,Inactive,,*,-1,-1
2025-03-10T16:19:38.630-04:00,IdeState,Inactive,,*,-1,-1
2025-03-10T16:19:39.634-04:00,IdeState,Inactive,,*,-1,-1
2025-03-10T16:19:40.636-04:00,IdeState,Inactive,,*,-1,-1
2025-03-10T16:19:41.638-04:00,IdeState,Inactive,,*,-1,-1
2025-03-10T16:19:42.639-04:00,IdeState,Inactive,,*,-1,-1
2025-03-10T16:19:43.640-04:00,IdeState,Inactive,,*,-1,-1
2025-03-10T16:19:44.641-04:00,IdeState,Inactive,,*,-1,-1
2025-03-10T16:19:45.643-04:00,IdeState,Inactive,,*,-1,-1
2025-03-10T16:19:46.644-04:00,IdeState,Inactive,,*,-1,-1
2025-03-10T16:19:47.645-04:00,IdeState,Inactive,,*,-1,-1
2025-03-10T16:19:48.646-04:00,IdeState,Inactive,,*,-1,-1
2025-03-10T16:19:49.648-04:00,IdeState,Inactive,,*,-1,-1
2025-03-10T16:19:50.650-04:00,IdeState,Inactive,,*,-1,-1
2025-03-10T16:19:51.650-04:00,IdeState,Inactive,,*,-1,-1
2025-03-10T16:19:52.651-04:00,IdeState,Inactive,,*,-1,-1
2025-03-10T16:19:53.653-04:00,IdeState,Inactive,,*,-1,-1
2025-03-10T16:19:54.654-04:00,IdeState,Inactive,,*,-1,-1
2025-03-10T16:19:55.655-04:00,IdeState,Inactive,,*,-1,-1
2025-03-10T16:19:56.656-04:00,IdeState,Inactive,,*,-1,-1
2025-03-10T16:19:57.657-04:00,IdeState,Inactive,,*,-1,-1
2025-03-10T16:19:58.659-04:00,IdeState,Inactive,,*,-1,-1
2025-03-10T16:19:59.661-04:00,IdeState,Inactive,,*,-1,-1
2025-03-10T16:20:00.663-04:00,IdeState,Inactive,,*,-1,-1
2025-03-10T16:20:01.664-04:00,IdeState,Inactive,,*,-1,-1
2025-03-10T16:20:02.671-04:00,IdeState,Inactive,,*,-1,-1
2025-03-10T16:20:03.672-04:00,IdeState,Inactive,,*,-1,-1
2025-03-10T16:20:04.673-04:00,IdeState,Inactive,,*,-1,-1
2025-03-10T16:20:05.674-04:00,IdeState,Inactive,,*,-1,-1
2025-03-10T16:20:06.676-04:00,IdeState,Inactive,,*,-1,-1
2025-03-10T16:20:07.677-04:00,IdeState,Inactive,,*,-1,-1
2025-03-10T16:20:08.678-04:00,IdeState,Inactive,,*,-1,-1
2025-03-10T16:20:09.679-04:00,IdeState,Inactive,,*,-1,-1
2025-03-10T16:20:10.681-04:00,IdeState,Inactive,,*,-1,-1
2025-03-10T16:20:11.685-04:00,IdeState,Inactive,,*,-1,-1
2025-03-10T16:20:12.686-04:00,IdeState,Inactive,,*,-1,-1
2025-03-10T16:20:13.688-04:00,IdeState,Inactive,,*,-1,-1
2025-03-10T16:20:14.692-04:00,IdeState,Inactive,,*,-1,-1
2025-03-10T16:20:15.694-04:00,IdeState,Inactive,,*,-1,-1
2025-03-10T16:20:16.694-04:00,IdeState,Inactive,,*,-1,-1
2025-03-10T16:20:17.696-04:00,IdeState,Inactive,,*,-1,-1
2025-03-10T16:20:18.699-04:00,IdeState,Inactive,,*,-1,-1
2025-03-10T16:20:19.700-04:00,IdeState,Inactive,,*,-1,-1
2025-03-10T16:20:20.701-04:00,IdeState,Inactive,,*,-1,-1
2025-03-10T16:20:21.703-04:00,IdeState,Inactive,,*,-1,-1
2025-03-10T16:20:22.705-04:00,IdeState,Inactive,,*,-1,-1
2025-03-10T16:20:23.706-04:00,IdeState,Inactive,,*,-1,-1
2025-03-10T16:20:24.707-04:00,IdeState,Inactive,,*,-1,-1
2025-03-10T16:20:25.708-04:00,IdeState,Inactive,,*,-1,-1
2025-03-10T16:20:26.709-04:00,IdeState,Inactive,,*,-1,-1
2025-03-10T16:20:27.712-04:00,IdeState,Inactive,,*,-1,-1
2025-03-10T16:20:28.715-04:00,IdeState,Inactive,,*,-1,-1
2025-03-10T16:20:29.721-04:00,IdeState,Inactive,,*,-1,-1
2025-03-10T16:20:30.723-04:00,IdeState,Inactive,,*,-1,-1
2025-03-10T16:20:31.724-04:00,IdeState,Inactive,,*,-1,-1
2025-03-10T16:20:32.725-04:00,IdeState,Inactive,,*,-1,-1
2025-03-10T16:20:33.726-04:00,IdeState,Inactive,,*,-1,-1
2025-03-10T16:20:34.728-04:00,IdeState,Inactive,,*,-1,-1
2025-03-10T16:20:35.744-04:00,IdeState,Inactive,,*,-1,-1
2025-03-10T16:20:36.745-04:00,IdeState,Inactive,,*,-1,-1
2025-03-10T16:20:37.747-04:00,IdeState,Inactive,,*,-1,-1
2025-03-10T16:20:38.747-04:00,IdeState,Inactive,,*,-1,-1
2025-03-10T16:20:39.751-04:00,IdeState,Inactive,,*,-1,-1
2025-03-10T16:20:40.758-04:00,IdeState,Inactive,,*,-1,-1
2025-03-10T16:20:41.760-04:00,IdeState,Inactive,,*,-1,-1
2025-03-10T16:20:42.761-04:00,IdeState,Inactive,,*,-1,-1
2025-03-10T16:20:43.761-04:00,IdeState,Inactive,,*,-1,-1
2025-03-10T16:20:44.762-04:00,IdeState,Inactive,,*,-1,-1
2025-03-10T16:20:45.762-04:00,IdeState,Inactive,,*,-1,-1
2025-03-10T16:20:46.763-04:00,IdeState,Inactive,,*,-1,-1
2025-03-10T16:20:47.765-04:00,IdeState,Inactive,,*,-1,-1
2025-03-10T16:20:48.765-04:00,IdeState,Inactive,,*,-1,-1
2025-03-10T16:20:49.767-04:00,IdeState,Inactive,,*,-1,-1
2025-03-10T16:20:50.767-04:00,IdeState,Inactive,,*,-1,-1
2025-03-10T16:20:51.770-04:00,IdeState,Inactive,,*,-1,-1
2025-03-10T16:20:52.772-04:00,IdeState,Inactive,,*,-1,-1
2025-03-10T16:20:53.773-04:00,IdeState,Inactive,,*,-1,-1
2025-03-10T16:20:54.774-04:00,IdeState,Inactive,,*,-1,-1
2025-03-10T16:20:55.775-04:00,IdeState,Inactive,,*,-1,-1
2025-03-10T16:20:56.775-04:00,IdeState,Inactive,,*,-1,-1
2025-03-10T16:20:57.776-04:00,IdeState,Inactive,,*,-1,-1
2025-03-10T16:20:58.776-04:00,IdeState,Inactive,,*,-1,-1
2025-03-10T16:20:59.777-04:00,IdeState,Inactive,,*,-1,-1
2025-03-10T16:21:00.778-04:00,IdeState,Inactive,,*,-1,-1
2025-03-10T16:21:01.779-04:00,IdeState,Inactive,,*,-1,-1
2025-03-10T16:21:02.786-04:00,IdeState,Inactive,,*,-1,-1
2025-03-10T16:21:03.789-04:00,IdeState,Inactive,,*,-1,-1
2025-03-10T16:21:04.789-04:00,IdeState,Inactive,,*,-1,-1
2025-03-10T16:21:05.790-04:00,IdeState,Inactive,,*,-1,-1
2025-03-10T16:21:06.792-04:00,IdeState,Inactive,,*,-1,-1
2025-03-10T16:21:07.793-04:00,IdeState,Inactive,,*,-1,-1
2025-03-10T16:21:08.793-04:00,IdeState,Inactive,,*,-1,-1
2025-03-10T16:21:09.794-04:00,IdeState,Inactive,,*,-1,-1
2025-03-10T16:21:10.796-04:00,IdeState,Inactive,,*,-1,-1
2025-03-10T16:21:11.797-04:00,IdeState,Inactive,,*,-1,-1
2025-03-10T16:21:12.798-04:00,IdeState,Inactive,,*,-1,-1
2025-03-10T16:21:13.798-04:00,IdeState,Inactive,,*,-1,-1
2025-03-10T16:21:14.802-04:00,IdeState,Inactive,,*,-1,-1
2025-03-10T16:21:15.803-04:00,IdeState,Inactive,,*,-1,-1
2025-03-10T16:21:16.807-04:00,IdeState,Inactive,,*,-1,-1
2025-03-10T16:21:17.811-04:00,IdeState,Inactive,,*,-1,-1
2025-03-10T16:21:18.812-04:00,IdeState,Inactive,,*,-1,-1
2025-03-10T16:21:19.813-04:00,IdeState,Inactive,,*,-1,-1
2025-03-10T16:21:20.814-04:00,IdeState,Inactive,,*,-1,-1
2025-03-10T16:21:21.818-04:00,IdeState,Inactive,,*,-1,-1
2025-03-10T16:21:22.821-04:00,IdeState,Inactive,,*,-1,-1
2025-03-10T16:21:23.823-04:00,IdeState,Inactive,,*,-1,-1
2025-03-10T16:21:24.823-04:00,IdeState,Inactive,,*,-1,-1
2025-03-10T16:21:25.824-04:00,IdeState,Inactive,,*,-1,-1
2025-03-10T16:21:26.826-04:00,IdeState,Inactive,,*,-1,-1
2025-03-10T16:21:27.827-04:00,IdeState,Inactive,,*,-1,-1
2025-03-10T16:21:28.828-04:00,IdeState,Inactive,,*,-1,-1
2025-03-10T16:21:29.830-04:00,IdeState,Inactive,,*,-1,-1
2025-03-10T16:21:30.832-04:00,IdeState,Inactive,,*,-1,-1
2025-03-10T16:21:31.834-04:00,IdeState,Inactive,,*,-1,-1
2025-03-10T16:21:32.836-04:00,IdeState,Inactive,,*,-1,-1
2025-03-10T16:21:33.839-04:00,IdeState,Inactive,,*,-1,-1
2025-03-10T16:21:34.840-04:00,IdeState,Inactive,,*,-1,-1
2025-03-10T16:21:35.842-04:00,IdeState,Inactive,,*,-1,-1
2025-03-10T16:21:36.844-04:00,IdeState,Inactive,,*,-1,-1
2025-03-10T16:21:37.851-04:00,IdeState,Inactive,,*,-1,-1
2025-03-10T16:21:38.854-04:00,IdeState,Inactive,,*,-1,-1
2025-03-10T16:21:39.856-04:00,IdeState,Inactive,,*,-1,-1
2025-03-10T16:21:40.857-04:00,IdeState,Inactive,,*,-1,-1
2025-03-10T16:21:41.859-04:00,IdeState,Inactive,,*,-1,-1
2025-03-10T16:21:42.871-04:00,IdeState,Inactive,,*,-1,-1
2025-03-10T16:21:43.872-04:00,IdeState,Inactive,,*,-1,-1
2025-03-10T16:21:44.875-04:00,IdeState,Inactive,,*,-1,-1
2025-03-10T16:21:45.880-04:00,IdeState,Inactive,,*,-1,-1
2025-03-10T16:21:46.884-04:00,IdeState,Inactive,,*,-1,-1
2025-03-10T16:21:47.886-04:00,IdeState,Inactive,,*,-1,-1
2025-03-10T16:21:48.887-04:00,IdeState,Inactive,,*,-1,-1
2025-03-10T16:21:49.888-04:00,IdeState,Inactive,,*,-1,-1
2025-03-10T16:21:50.889-04:00,IdeState,Inactive,,*,-1,-1
2025-03-10T16:21:51.890-04:00,IdeState,Inactive,,*,-1,-1
2025-03-10T16:21:52.892-04:00,IdeState,Inactive,,*,-1,-1
2025-03-10T16:21:53.894-04:00,IdeState,Inactive,,*,-1,-1
2025-03-10T16:21:54.895-04:00,IdeState,Inactive,,*,-1,-1
2025-03-10T16:21:55.898-04:00,IdeState,Inactive,,*,-1,-1
2025-03-10T16:21:56.899-04:00,IdeState,Inactive,,*,-1,-1
2025-03-10T16:21:57.900-04:00,IdeState,Inactive,,*,-1,-1
2025-03-10T16:21:58.900-04:00,IdeState,Inactive,,*,-1,-1
2025-03-10T16:21:59.903-04:00,IdeState,Inactive,,*,-1,-1
2025-03-10T16:22:00.903-04:00,IdeState,Inactive,,*,-1,-1
2025-03-10T16:22:01.904-04:00,IdeState,Inactive,,*,-1,-1
2025-03-10T16:22:02.905-04:00,IdeState,Inactive,,*,-1,-1
2025-03-10T16:22:03.906-04:00,IdeState,Inactive,,*,-1,-1
2025-03-10T16:22:04.908-04:00,IdeState,Inactive,,*,-1,-1
2025-03-10T16:22:05.910-04:00,IdeState,Inactive,,*,-1,-1
2025-03-10T16:22:06.911-04:00,IdeState,Inactive,,*,-1,-1
2025-03-10T16:22:07.912-04:00,IdeState,Inactive,,*,-1,-1
2025-03-10T16:22:08.913-04:00,IdeState,Inactive,,*,-1,-1
2025-03-10T16:22:09.922-04:00,IdeState,Inactive,,*,-1,-1
2025-03-10T16:22:10.923-04:00,IdeState,Inactive,,*,-1,-1
2025-03-10T16:22:11.924-04:00,IdeState,Inactive,,*,-1,-1
2025-03-10T16:22:12.926-04:00,IdeState,Inactive,,*,-1,-1
2025-03-10T16:22:13.929-04:00,IdeState,Inactive,,*,-1,-1
2025-03-10T16:22:14.932-04:00,IdeState,Inactive,,*,-1,-1
2025-03-10T16:22:15.935-04:00,IdeState,Inactive,,*,-1,-1
2025-03-10T16:22:16.938-04:00,IdeState,Inactive,,*,-1,-1
2025-03-10T16:22:17.938-04:00,IdeState,Inactive,,*,-1,-1
2025-03-10T16:22:18.940-04:00,IdeState,Inactive,,*,-1,-1
2025-03-10T16:22:19.943-04:00,IdeState,Inactive,,*,-1,-1
2025-03-10T16:22:20.945-04:00,IdeState,Inactive,,*,-1,-1
2025-03-10T16:22:21.947-04:00,IdeState,Inactive,,*,-1,-1
2025-03-10T16:22:22.947-04:00,IdeState,Inactive,,*,-1,-1
2025-03-10T16:22:23.949-04:00,IdeState,Inactive,,*,-1,-1
2025-03-10T16:22:24.950-04:00,IdeState,Inactive,,*,-1,-1
2025-03-10T16:22:25.951-04:00,IdeState,Inactive,,*,-1,-1
2025-03-10T16:22:26.953-04:00,IdeState,Inactive,,*,-1,-1
2025-03-10T16:22:27.955-04:00,IdeState,Inactive,,*,-1,-1
2025-03-10T16:22:28.960-04:00,IdeState,Inactive,,*,-1,-1
2025-03-10T16:22:29.961-04:00,IdeState,Inactive,,*,-1,-1
2025-03-10T16:22:30.963-04:00,IdeState,Inactive,,*,-1,-1
2025-03-10T16:22:31.965-04:00,IdeState,Inactive,,*,-1,-1
2025-03-10T16:22:32.966-04:00,IdeState,Inactive,,*,-1,-1
2025-03-10T16:22:33.967-04:00,IdeState,Inactive,,*,-1,-1
2025-03-10T16:22:34.967-04:00,IdeState,Inactive,,*,-1,-1
2025-03-10T16:22:36.034-04:00,IdeState,Inactive,,*,-1,-1
2025-03-10T16:22:37.038-04:00,IdeState,Inactive,,*,-1,-1
2025-03-10T16:22:38.039-04:00,IdeState,Inactive,,*,-1,-1
2025-03-10T16:22:39.042-04:00,IdeState,Inactive,,*,-1,-1
2025-03-10T16:22:40.044-04:00,IdeState,Inactive,,*,-1,-1
2025-03-10T16:22:41.045-04:00,IdeState,Inactive,,*,-1,-1
2025-03-10T16:22:42.047-04:00,IdeState,Inactive,,*,-1,-1
2025-03-10T16:22:43.048-04:00,IdeState,Inactive,,*,-1,-1
2025-03-10T16:22:44.050-04:00,IdeState,Inactive,,*,-1,-1
2025-03-10T16:22:45.051-04:00,IdeState,Inactive,,*,-1,-1
2025-03-10T16:22:46.053-04:00,IdeState,Inactive,,*,-1,-1
2025-03-10T16:22:47.056-04:00,IdeState,Inactive,,*,-1,-1
2025-03-10T16:22:48.057-04:00,IdeState,Inactive,,*,-1,-1
2025-03-10T16:22:49.057-04:00,IdeState,Inactive,,*,-1,-1
2025-03-10T16:22:50.060-04:00,IdeState,Inactive,,*,-1,-1
2025-03-10T16:22:51.062-04:00,IdeState,Inactive,,*,-1,-1
2025-03-10T16:22:52.062-04:00,IdeState,Inactive,,*,-1,-1
2025-03-10T16:22:53.064-04:00,IdeState,Inactive,,*,-1,-1
2025-03-10T16:22:54.066-04:00,IdeState,Inactive,,*,-1,-1
2025-03-10T16:22:55.067-04:00,IdeState,Inactive,,*,-1,-1
2025-03-10T16:22:56.067-04:00,IdeState,Inactive,,*,-1,-1
2025-03-10T16:22:57.069-04:00,IdeState,Inactive,,*,-1,-1
2025-03-10T16:22:58.070-04:00,IdeState,Inactive,,*,-1,-1
2025-03-10T16:22:59.072-04:00,IdeState,Inactive,,*,-1,-1
2025-03-10T16:23:00.073-04:00,IdeState,Inactive,,*,-1,-1
2025-03-10T16:23:01.074-04:00,IdeState,Inactive,,*,-1,-1
2025-03-10T16:23:02.075-04:00,IdeState,Inactive,,*,-1,-1
2025-03-10T16:23:03.076-04:00,IdeState,Inactive,,*,-1,-1
2025-03-10T16:23:04.077-04:00,IdeState,Inactive,,*,-1,-1
2025-03-10T16:23:05.078-04:00,IdeState,Inactive,,*,-1,-1
2025-03-10T16:23:06.079-04:00,IdeState,Inactive,,*,-1,-1
2025-03-10T16:23:07.080-04:00,IdeState,Inactive,,*,-1,-1
2025-03-10T16:23:08.080-04:00,IdeState,Inactive,,*,-1,-1
2025-03-10T16:23:09.082-04:00,IdeState,Inactive,,*,-1,-1
2025-03-10T16:23:10.084-04:00,IdeState,Inactive,,*,-1,-1
2025-03-10T16:23:11.085-04:00,IdeState,Inactive,,*,-1,-1
2025-03-10T16:23:12.087-04:00,IdeState,Inactive,,*,-1,-1
2025-03-10T16:23:13.088-04:00,IdeState,Inactive,,*,-1,-1
2025-03-10T16:23:14.091-04:00,IdeState,Inactive,,*,-1,-1
2025-03-10T16:23:15.092-04:00,IdeState,Inactive,,*,-1,-1
2025-03-10T16:23:16.094-04:00,IdeState,Inactive,,*,-1,-1
2025-03-10T16:23:17.094-04:00,IdeState,Inactive,,*,-1,-1
2025-03-10T16:23:18.095-04:00,IdeState,Inactive,,*,-1,-1
2025-03-10T16:23:19.096-04:00,IdeState,Inactive,,*,-1,-1
2025-03-10T16:23:20.097-04:00,IdeState,Inactive,,*,-1,-1
2025-03-10T16:23:21.098-04:00,IdeState,Inactive,,*,-1,-1
2025-03-10T16:23:22.099-04:00,IdeState,Inactive,,*,-1,-1
2025-03-10T16:23:23.100-04:00,IdeState,Inactive,,*,-1,-1
2025-03-10T16:23:24.101-04:00,IdeState,Inactive,,*,-1,-1
2025-03-10T16:23:25.103-04:00,IdeState,Inactive,,*,-1,-1
2025-03-10T16:23:26.103-04:00,IdeState,Inactive,,*,-1,-1
2025-03-10T16:23:27.104-04:00,IdeState,Inactive,,*,-1,-1
2025-03-10T16:23:28.105-04:00,IdeState,Inactive,,*,-1,-1
2025-03-10T16:23:29.105-04:00,IdeState,Inactive,,*,-1,-1
2025-03-10T16:23:30.107-04:00,IdeState,Inactive,,*,-1,-1
2025-03-10T16:23:31.108-04:00,IdeState,Inactive,,*,-1,-1
2025-03-10T16:23:32.109-04:00,IdeState,Inactive,,*,-1,-1
2025-03-10T16:23:33.112-04:00,IdeState,Inactive,,*,-1,-1
2025-03-10T16:23:34.115-04:00,IdeState,Inactive,,*,-1,-1
2025-03-10T16:23:35.118-04:00,IdeState,Inactive,,*,-1,-1
2025-03-10T16:23:36.122-04:00,IdeState,Inactive,,*,-1,-1
2025-03-10T16:23:37.125-04:00,IdeState,Inactive,,*,-1,-1
2025-03-10T16:23:38.127-04:00,IdeState,Inactive,,*,-1,-1
2025-03-10T16:23:39.128-04:00,IdeState,Inactive,,*,-1,-1
2025-03-10T16:23:40.138-04:00,IdeState,Inactive,,*,-1,-1
2025-03-10T16:23:41.139-04:00,IdeState,Inactive,,*,-1,-1
2025-03-10T16:23:42.141-04:00,IdeState,Inactive,,*,-1,-1
2025-03-10T16:23:43.142-04:00,IdeState,Inactive,,*,-1,-1
2025-03-10T16:23:44.143-04:00,IdeState,Inactive,,*,-1,-1
2025-03-10T16:23:45.144-04:00,IdeState,Inactive,,*,-1,-1
2025-03-10T16:23:46.146-04:00,IdeState,Inactive,,*,-1,-1
2025-03-10T16:23:47.148-04:00,IdeState,Inactive,,*,-1,-1
2025-03-10T16:23:48.149-04:00,IdeState,Inactive,,*,-1,-1
2025-03-10T16:23:49.152-04:00,IdeState,Inactive,,*,-1,-1
2025-03-10T16:23:50.155-04:00,IdeState,Inactive,,*,-1,-1
2025-03-10T16:23:51.156-04:00,IdeState,Inactive,,*,-1,-1
2025-03-10T16:23:52.157-04:00,IdeState,Inactive,,*,-1,-1
2025-03-10T16:23:53.163-04:00,IdeState,Inactive,,*,-1,-1
2025-03-10T16:23:54.167-04:00,IdeState,Inactive,,*,-1,-1
2025-03-10T16:23:55.169-04:00,IdeState,Inactive,,*,-1,-1
2025-03-10T16:23:56.170-04:00,IdeState,Inactive,,*,-1,-1
2025-03-10T16:23:57.187-04:00,IdeState,Inactive,,*,-1,-1
2025-03-10T16:23:58.190-04:00,IdeState,Inactive,,*,-1,-1
2025-03-10T16:23:59.192-04:00,IdeState,Inactive,,*,-1,-1
2025-03-10T16:24:00.193-04:00,IdeState,Inactive,,*,-1,-1
2025-03-10T16:24:01.194-04:00,IdeState,Inactive,,*,-1,-1
2025-03-10T16:24:02.196-04:00,IdeState,Inactive,,*,-1,-1
2025-03-10T16:24:03.198-04:00,IdeState,Inactive,,*,-1,-1
2025-03-10T16:24:04.200-04:00,IdeState,Inactive,,*,-1,-1
2025-03-10T16:24:05.202-04:00,IdeState,Inactive,,*,-1,-1
2025-03-10T16:24:06.203-04:00,IdeState,Inactive,,*,-1,-1
2025-03-10T16:24:07.205-04:00,IdeState,Inactive,,*,-1,-1
2025-03-10T16:24:08.206-04:00,IdeState,Inactive,,*,-1,-1
2025-03-10T16:24:09.206-04:00,IdeState,Inactive,,*,-1,-1
2025-03-10T16:24:10.209-04:00,IdeState,Inactive,,*,-1,-1
2025-03-10T16:24:11.210-04:00,IdeState,Inactive,,*,-1,-1
2025-03-10T16:24:12.211-04:00,IdeState,Inactive,,*,-1,-1
2025-03-10T16:24:13.212-04:00,IdeState,Inactive,,*,-1,-1
2025-03-10T16:24:14.214-04:00,IdeState,Inactive,,*,-1,-1
2025-03-10T16:24:15.215-04:00,IdeState,Inactive,,*,-1,-1
2025-03-10T16:24:16.216-04:00,IdeState,Inactive,,*,-1,-1
2025-03-10T16:24:17.232-04:00,IdeState,Inactive,,*,-1,-1
2025-03-10T16:24:18.235-04:00,IdeState,Inactive,,*,-1,-1
2025-03-10T16:24:19.236-04:00,IdeState,Inactive,,*,-1,-1
2025-03-10T16:24:20.237-04:00,IdeState,Inactive,,*,-1,-1
2025-03-10T16:24:21.238-04:00,IdeState,Inactive,,*,-1,-1
2025-03-10T16:24:22.239-04:00,IdeState,Inactive,,*,-1,-1
2025-03-10T16:24:23.241-04:00,IdeState,Inactive,,*,-1,-1
2025-03-10T16:24:24.243-04:00,IdeState,Inactive,,*,-1,-1
2025-03-10T16:24:25.262-04:00,IdeState,Inactive,,*,-1,-1
2025-03-10T16:24:26.265-04:00,IdeState,Inactive,,*,-1,-1
2025-03-10T16:24:27.266-04:00,IdeState,Inactive,,*,-1,-1
2025-03-10T16:24:28.267-04:00,IdeState,Inactive,,*,-1,-1
2025-03-10T16:24:29.269-04:00,IdeState,Inactive,,*,-1,-1
2025-03-10T16:24:30.270-04:00,IdeState,Inactive,,*,-1,-1
2025-03-10T16:24:31.271-04:00,IdeState,Inactive,,*,-1,-1
2025-03-10T16:24:32.272-04:00,IdeState,Inactive,,*,-1,-1
2025-03-10T16:24:33.273-04:00,IdeState,Inactive,,*,-1,-1
2025-03-10T16:24:34.275-04:00,IdeState,Inactive,,*,-1,-1
2025-03-10T16:24:35.277-04:00,IdeState,Inactive,,*,-1,-1
2025-03-10T16:24:36.280-04:00,IdeState,Inactive,,*,-1,-1
2025-03-10T16:24:37.282-04:00,IdeState,Inactive,,*,-1,-1
2025-03-10T16:24:38.284-04:00,IdeState,Inactive,,*,-1,-1
2025-03-10T16:24:39.285-04:00,IdeState,Inactive,,*,-1,-1
2025-03-10T16:24:40.288-04:00,IdeState,Inactive,,*,-1,-1
2025-03-10T16:24:41.289-04:00,IdeState,Inactive,,*,-1,-1
2025-03-10T16:24:42.290-04:00,IdeState,Inactive,,*,-1,-1
2025-03-10T16:24:43.317-04:00,IdeState,Inactive,,*,-1,-1
2025-03-10T16:24:44.320-04:00,IdeState,Inactive,,*,-1,-1
2025-03-10T16:24:45.321-04:00,IdeState,Inactive,,*,-1,-1
2025-03-10T16:24:46.322-04:00,IdeState,Inactive,,*,-1,-1
2025-03-10T16:24:47.323-04:00,IdeState,Inactive,,*,-1,-1
2025-03-10T16:24:48.324-04:00,IdeState,Inactive,,*,-1,-1
2025-03-10T16:24:49.326-04:00,IdeState,Inactive,,*,-1,-1
2025-03-10T16:24:50.328-04:00,IdeState,Inactive,,*,-1,-1
2025-03-10T16:24:51.339-04:00,IdeState,Inactive,,*,-1,-1
2025-03-10T16:24:52.341-04:00,IdeState,Inactive,,*,-1,-1
2025-03-10T16:24:53.346-04:00,IdeState,Inactive,,*,-1,-1
2025-03-10T16:24:54.349-04:00,IdeState,Inactive,,*,-1,-1
2025-03-10T16:24:55.354-04:00,IdeState,Inactive,,*,-1,-1
2025-03-10T16:24:56.355-04:00,IdeState,Inactive,,*,-1,-1
2025-03-10T16:24:57.356-04:00,IdeState,Inactive,,*,-1,-1
2025-03-10T16:24:58.357-04:00,IdeState,Inactive,,*,-1,-1
2025-03-10T16:24:59.360-04:00,IdeState,Inactive,,*,-1,-1
2025-03-10T16:25:00.361-04:00,IdeState,Inactive,,*,-1,-1
2025-03-10T16:25:01.363-04:00,IdeState,Inactive,,*,-1,-1
2025-03-10T16:25:02.368-04:00,IdeState,Inactive,,*,-1,-1
2025-03-10T16:25:03.371-04:00,IdeState,Inactive,,*,-1,-1
2025-03-10T16:25:04.372-04:00,IdeState,Inactive,,*,-1,-1
2025-03-10T16:25:05.374-04:00,IdeState,Inactive,,*,-1,-1
2025-03-10T16:25:06.375-04:00,IdeState,Inactive,,*,-1,-1
2025-03-10T16:25:07.376-04:00,IdeState,Inactive,,*,-1,-1
2025-03-10T16:25:08.377-04:00,IdeState,Inactive,,*,-1,-1
2025-03-10T16:25:09.379-04:00,IdeState,Inactive,,*,-1,-1
2025-03-10T16:25:10.381-04:00,IdeState,Inactive,,*,-1,-1
2025-03-10T16:25:11.383-04:00,IdeState,Inactive,,*,-1,-1
2025-03-10T16:25:12.385-04:00,IdeState,Inactive,,*,-1,-1
2025-03-10T16:25:13.388-04:00,IdeState,Inactive,,*,-1,-1
2025-03-10T16:25:14.388-04:00,IdeState,Inactive,,*,-1,-1
2025-03-10T16:25:15.390-04:00,IdeState,Inactive,,*,-1,-1
2025-03-10T16:25:16.392-04:00,IdeState,Inactive,,*,-1,-1
2025-03-10T16:25:17.398-04:00,IdeState,Inactive,,*,-1,-1
2025-03-10T16:25:18.399-04:00,IdeState,Inactive,,*,-1,-1
2025-03-10T16:25:19.400-04:00,IdeState,Inactive,,*,-1,-1
2025-03-10T16:25:20.402-04:00,IdeState,Inactive,,*,-1,-1
2025-03-10T16:25:21.402-04:00,IdeState,Inactive,,*,-1,-1
2025-03-10T16:25:22.404-04:00,IdeState,Inactive,,*,-1,-1
2025-03-10T16:25:23.406-04:00,IdeState,Inactive,,*,-1,-1
2025-03-10T16:25:24.412-04:00,IdeState,Inactive,,*,-1,-1
2025-03-10T16:25:25.415-04:00,IdeState,Inactive,,*,-1,-1
2025-03-10T16:25:26.417-04:00,IdeState,Inactive,,*,-1,-1
2025-03-10T16:25:27.418-04:00,IdeState,Inactive,,*,-1,-1
2025-03-10T16:25:28.418-04:00,IdeState,Inactive,,*,-1,-1
2025-03-10T16:25:29.419-04:00,IdeState,Inactive,,*,-1,-1
2025-03-10T16:25:30.420-04:00,IdeState,Inactive,,*,-1,-1
2025-03-10T16:25:31.421-04:00,IdeState,Inactive,,*,-1,-1
2025-03-10T16:25:32.422-04:00,IdeState,Inactive,,*,-1,-1
2025-03-10T16:25:33.423-04:00,IdeState,Inactive,,*,-1,-1
2025-03-10T16:25:34.424-04:00,IdeState,Inactive,,*,-1,-1
2025-03-10T16:25:35.427-04:00,IdeState,Inactive,,*,-1,-1
2025-03-10T16:25:36.429-04:00,IdeState,Inactive,,*,-1,-1
2025-03-10T16:25:37.430-04:00,IdeState,Inactive,,*,-1,-1
2025-03-10T16:25:38.431-04:00,IdeState,Inactive,,*,-1,-1
2025-03-10T16:25:39.432-04:00,IdeState,Inactive,,*,-1,-1
2025-03-10T16:25:40.443-04:00,IdeState,Inactive,,*,-1,-1
2025-03-10T16:25:41.445-04:00,IdeState,Inactive,,*,-1,-1
2025-03-10T16:25:42.447-04:00,IdeState,Inactive,,*,-1,-1
2025-03-10T16:25:43.449-04:00,IdeState,Inactive,,*,-1,-1
2025-03-10T16:25:44.449-04:00,IdeState,Inactive,,*,-1,-1
2025-03-10T16:25:45.452-04:00,IdeState,Inactive,,*,-1,-1
2025-03-10T16:25:46.453-04:00,IdeState,Inactive,,*,-1,-1
2025-03-10T16:25:47.454-04:00,IdeState,Inactive,,*,-1,-1
2025-03-10T16:25:48.456-04:00,IdeState,Inactive,,*,-1,-1
2025-03-10T16:25:49.457-04:00,IdeState,Inactive,,*,-1,-1
2025-03-10T16:25:50.460-04:00,IdeState,Inactive,,*,-1,-1
2025-03-10T16:25:51.460-04:00,IdeState,Inactive,,*,-1,-1
2025-03-10T16:25:52.462-04:00,IdeState,Inactive,,*,-1,-1
2025-03-10T16:25:53.464-04:00,IdeState,Inactive,,*,-1,-1
2025-03-10T16:25:54.465-04:00,IdeState,Inactive,,*,-1,-1
2025-03-10T16:25:55.466-04:00,IdeState,Inactive,,*,-1,-1
2025-03-10T16:25:56.468-04:00,IdeState,Inactive,,*,-1,-1
2025-03-10T16:25:57.470-04:00,IdeState,Inactive,,*,-1,-1
2025-03-10T16:25:58.471-04:00,IdeState,Inactive,,*,-1,-1
2025-03-10T16:25:59.472-04:00,IdeState,Inactive,,*,-1,-1
2025-03-10T16:26:00.474-04:00,IdeState,Inactive,,*,-1,-1
2025-03-10T16:26:01.475-04:00,IdeState,Inactive,,*,-1,-1
2025-03-10T16:26:02.476-04:00,IdeState,Inactive,,*,-1,-1
2025-03-10T16:26:03.478-04:00,IdeState,Inactive,,*,-1,-1
2025-03-10T16:26:04.481-04:00,IdeState,Inactive,,*,-1,-1
2025-03-10T16:26:05.486-04:00,IdeState,Inactive,,*,-1,-1
2025-03-10T16:26:06.487-04:00,IdeState,Inactive,,*,-1,-1
2025-03-10T16:26:07.488-04:00,IdeState,Inactive,,*,-1,-1
2025-03-10T16:26:08.489-04:00,IdeState,Inactive,,*,-1,-1
2025-03-10T16:26:09.493-04:00,IdeState,Inactive,,*,-1,-1
2025-03-10T16:26:10.495-04:00,IdeState,Inactive,,*,-1,-1
2025-03-10T16:26:11.496-04:00,IdeState,Inactive,,*,-1,-1
2025-03-10T16:26:12.499-04:00,IdeState,Inactive,,*,-1,-1
2025-03-10T16:26:13.503-04:00,IdeState,Inactive,,*,-1,-1
2025-03-10T16:26:14.505-04:00,IdeState,Inactive,,*,-1,-1
2025-03-10T16:26:15.507-04:00,IdeState,Inactive,,*,-1,-1
2025-03-10T16:26:16.508-04:00,IdeState,Inactive,,*,-1,-1
2025-03-10T16:26:17.509-04:00,IdeState,Inactive,,*,-1,-1
2025-03-10T16:26:18.511-04:00,IdeState,Inactive,,*,-1,-1
2025-03-10T16:26:19.512-04:00,IdeState,Inactive,,*,-1,-1
2025-03-10T16:26:20.513-04:00,IdeState,Inactive,,*,-1,-1
2025-03-10T16:26:21.515-04:00,IdeState,Inactive,,*,-1,-1
2025-03-10T16:26:22.516-04:00,IdeState,Inactive,,*,-1,-1
2025-03-10T16:26:23.518-04:00,IdeState,Inactive,,*,-1,-1
2025-03-10T16:26:24.521-04:00,IdeState,Inactive,,*,-1,-1
2025-03-10T16:26:25.524-04:00,IdeState,Inactive,,*,-1,-1
2025-03-10T16:26:26.525-04:00,IdeState,Inactive,,*,-1,-1
2025-03-10T16:26:27.528-04:00,IdeState,Inactive,,*,-1,-1
2025-03-10T16:26:28.529-04:00,IdeState,Inactive,,*,-1,-1
2025-03-10T16:26:29.532-04:00,IdeState,Inactive,,*,-1,-1
2025-03-10T16:26:30.534-04:00,IdeState,Inactive,,*,-1,-1
2025-03-10T16:26:31.536-04:00,IdeState,Inactive,,*,-1,-1
2025-03-10T16:26:32.538-04:00,IdeState,Inactive,,*,-1,-1
2025-03-10T16:26:33.539-04:00,IdeState,Inactive,,*,-1,-1
2025-03-10T16:26:34.540-04:00,IdeState,Inactive,,*,-1,-1
2025-03-10T16:26:35.541-04:00,IdeState,Inactive,,*,-1,-1
2025-03-10T16:26:36.542-04:00,IdeState,Inactive,,*,-1,-1
2025-03-10T16:26:37.543-04:00,IdeState,Inactive,,*,-1,-1
2025-03-10T16:26:38.543-04:00,IdeState,Inactive,,*,-1,-1
2025-03-10T16:26:39.544-04:00,IdeState,Inactive,,*,-1,-1
2025-03-10T16:26:40.547-04:00,IdeState,Inactive,,*,-1,-1
2025-03-10T16:26:41.548-04:00,IdeState,Inactive,,*,-1,-1
2025-03-10T16:26:42.552-04:00,IdeState,Inactive,,*,-1,-1
2025-03-10T16:26:43.553-04:00,IdeState,Inactive,,*,-1,-1
2025-03-10T16:26:44.554-04:00,IdeState,Inactive,,*,-1,-1
2025-03-10T16:26:45.555-04:00,IdeState,Inactive,,*,-1,-1
2025-03-10T16:26:46.556-04:00,IdeState,Inactive,,*,-1,-1
2025-03-10T16:26:47.557-04:00,IdeState,Inactive,,*,-1,-1
2025-03-10T16:26:48.559-04:00,IdeState,Inactive,,*,-1,-1
2025-03-10T16:26:49.566-04:00,IdeState,Inactive,,*,-1,-1
2025-03-10T16:26:50.569-04:00,IdeState,Inactive,,*,-1,-1
2025-03-10T16:26:51.570-04:00,IdeState,Inactive,,*,-1,-1
2025-03-10T16:26:52.630-04:00,IdeState,Inactive,,*,-1,-1
2025-03-10T16:26:53.630-04:00,IdeState,Inactive,,*,-1,-1
2025-03-10T16:26:54.632-04:00,IdeState,Inactive,,*,-1,-1
2025-03-10T16:26:55.634-04:00,IdeState,Inactive,,*,-1,-1
2025-03-10T16:26:56.635-04:00,IdeState,Inactive,,*,-1,-1
2025-03-10T16:26:57.665-04:00,IdeState,Inactive,,*,-1,-1
2025-03-10T16:26:58.670-04:00,IdeState,Inactive,,*,-1,-1
2025-03-10T16:26:59.671-04:00,IdeState,Inactive,,*,-1,-1
2025-03-10T16:27:00.673-04:00,IdeState,Inactive,,*,-1,-1
2025-03-10T16:27:01.674-04:00,IdeState,Inactive,,*,-1,-1
2025-03-10T16:27:02.675-04:00,IdeState,Inactive,,*,-1,-1
2025-03-10T16:27:03.677-04:00,IdeState,Inactive,,*,-1,-1
2025-03-10T16:27:04.677-04:00,IdeState,Inactive,,*,-1,-1
2025-03-10T16:27:05.680-04:00,IdeState,Inactive,,*,-1,-1
2025-03-10T16:27:06.681-04:00,IdeState,Inactive,,*,-1,-1
2025-03-10T16:27:07.684-04:00,IdeState,Inactive,,*,-1,-1
2025-03-10T16:27:08.684-04:00,IdeState,Inactive,,*,-1,-1
2025-03-10T16:27:09.686-04:00,IdeState,Inactive,,*,-1,-1
2025-03-10T16:27:10.689-04:00,IdeState,Inactive,,*,-1,-1
2025-03-10T16:27:11.696-04:00,IdeState,Inactive,,*,-1,-1
2025-03-10T16:27:12.704-04:00,IdeState,Inactive,,*,-1,-1
2025-03-10T16:27:13.705-04:00,IdeState,Inactive,,*,-1,-1
2025-03-10T16:27:14.707-04:00,IdeState,Inactive,,*,-1,-1
2025-03-10T16:27:15.708-04:00,IdeState,Inactive,,*,-1,-1
2025-03-10T16:27:16.709-04:00,IdeState,Inactive,,*,-1,-1
2025-03-10T16:27:17.711-04:00,IdeState,Inactive,,*,-1,-1
2025-03-10T16:27:18.713-04:00,IdeState,Inactive,,*,-1,-1
2025-03-10T16:27:19.715-04:00,IdeState,Inactive,,*,-1,-1
2025-03-10T16:27:20.715-04:00,IdeState,Inactive,,*,-1,-1
2025-03-10T16:27:21.717-04:00,IdeState,Inactive,,*,-1,-1
2025-03-10T16:27:22.719-04:00,IdeState,Inactive,,*,-1,-1
2025-03-10T16:27:23.720-04:00,IdeState,Inactive,,*,-1,-1
2025-03-10T16:27:24.721-04:00,IdeState,Inactive,,*,-1,-1
2025-03-10T16:27:25.723-04:00,IdeState,Inactive,,*,-1,-1
2025-03-10T16:27:26.724-04:00,IdeState,Inactive,,*,-1,-1
2025-03-10T16:27:27.750-04:00,IdeState,Inactive,,*,-1,-1
2025-03-10T16:27:28.759-04:00,IdeState,Inactive,,*,-1,-1
2025-03-10T16:27:29.761-04:00,IdeState,Inactive,,*,-1,-1
2025-03-10T16:27:30.763-04:00,IdeState,Inactive,,*,-1,-1
2025-03-10T16:27:31.766-04:00,IdeState,Inactive,,*,-1,-1
2025-03-10T16:27:32.771-04:00,IdeState,Inactive,,*,-1,-1
2025-03-10T16:27:33.788-04:00,IdeState,Inactive,,*,-1,-1
2025-03-10T16:27:34.789-04:00,IdeState,Inactive,,*,-1,-1
2025-03-10T16:27:35.796-04:00,IdeState,Inactive,,*,-1,-1
2025-03-10T16:27:36.798-04:00,IdeState,Inactive,,*,-1,-1
2025-03-10T16:27:37.799-04:00,IdeState,Inactive,,*,-1,-1
2025-03-10T16:27:38.800-04:00,IdeState,Inactive,,*,-1,-1
2025-03-10T16:27:39.804-04:00,IdeState,Inactive,,*,-1,-1
2025-03-10T16:27:40.805-04:00,IdeState,Inactive,,*,-1,-1
2025-03-10T16:27:41.807-04:00,IdeState,Inactive,,*,-1,-1
2025-03-10T16:27:42.809-04:00,IdeState,Inactive,,*,-1,-1
2025-03-10T16:27:43.811-04:00,IdeState,Inactive,,*,-1,-1
2025-03-10T16:27:44.813-04:00,IdeState,Inactive,,*,-1,-1
2025-03-10T16:27:45.814-04:00,IdeState,Inactive,,*,-1,-1
2025-03-10T16:27:46.816-04:00,IdeState,Inactive,,*,-1,-1
2025-03-10T16:27:47.820-04:00,IdeState,Inactive,,*,-1,-1
2025-03-10T16:27:48.822-04:00,IdeState,Inactive,,*,-1,-1
2025-03-10T16:27:49.823-04:00,IdeState,Inactive,,*,-1,-1
2025-03-10T16:27:50.824-04:00,IdeState,Inactive,,*,-1,-1
2025-03-10T16:27:51.825-04:00,IdeState,Inactive,,*,-1,-1
2025-03-10T16:27:52.826-04:00,IdeState,Inactive,,*,-1,-1
2025-03-10T16:27:53.954-04:00,IdeState,Inactive,,*,-1,-1
2025-03-10T16:27:54.956-04:00,IdeState,Inactive,,*,-1,-1
2025-03-10T16:27:55.957-04:00,IdeState,Inactive,,*,-1,-1
2025-03-10T16:27:56.964-04:00,IdeState,Inactive,,*,-1,-1
2025-03-10T16:27:57.965-04:00,IdeState,Inactive,,*,-1,-1
2025-03-10T16:27:58.968-04:00,IdeState,Inactive,,*,-1,-1
2025-03-10T16:27:59.969-04:00,IdeState,Inactive,,*,-1,-1
2025-03-10T16:28:00.971-04:00,IdeState,Inactive,,*,-1,-1
2025-03-10T16:28:01.973-04:00,IdeState,Inactive,,*,-1,-1
2025-03-10T16:28:02.974-04:00,IdeState,Inactive,,*,-1,-1
2025-03-10T16:28:03.975-04:00,IdeState,Inactive,,*,-1,-1
2025-03-10T16:28:04.976-04:00,IdeState,Inactive,,*,-1,-1
2025-03-10T16:28:05.990-04:00,IdeState,Inactive,,*,-1,-1
2025-03-10T16:28:06.993-04:00,IdeState,Inactive,,*,-1,-1
2025-03-10T16:28:07.994-04:00,IdeState,Inactive,,*,-1,-1
2025-03-10T16:28:08.995-04:00,IdeState,Inactive,,*,-1,-1
2025-03-10T16:28:09.996-04:00,IdeState,Inactive,,*,-1,-1
2025-03-10T16:28:10.998-04:00,IdeState,Inactive,,*,-1,-1
2025-03-10T16:28:12.003-04:00,IdeState,Inactive,,*,-1,-1
2025-03-10T16:28:13.006-04:00,IdeState,Inactive,,*,-1,-1
2025-03-10T16:28:14.006-04:00,IdeState,Inactive,,*,-1,-1
2025-03-10T16:28:15.013-04:00,IdeState,Inactive,,*,-1,-1
2025-03-10T16:28:16.016-04:00,IdeState,Inactive,,*,-1,-1
2025-03-10T16:28:17.069-04:00,IdeState,Inactive,,*,-1,-1
2025-03-10T16:28:18.071-04:00,IdeState,Inactive,,*,-1,-1
2025-03-10T16:28:19.071-04:00,IdeState,Inactive,,*,-1,-1
2025-03-10T16:28:20.072-04:00,IdeState,Inactive,,*,-1,-1
2025-03-10T16:28:21.073-04:00,IdeState,Inactive,,*,-1,-1
2025-03-10T16:28:22.075-04:00,IdeState,Inactive,,*,-1,-1
2025-03-10T16:28:23.076-04:00,IdeState,Inactive,,*,-1,-1
2025-03-10T16:28:24.077-04:00,IdeState,Inactive,,*,-1,-1
2025-03-10T16:28:25.079-04:00,IdeState,Inactive,,*,-1,-1
2025-03-10T16:28:26.080-04:00,IdeState,Inactive,,*,-1,-1
2025-03-10T16:28:27.081-04:00,IdeState,Inactive,,*,-1,-1
2025-03-10T16:28:28.083-04:00,IdeState,Inactive,,*,-1,-1
2025-03-10T16:28:29.084-04:00,IdeState,Inactive,,*,-1,-1
2025-03-10T16:28:30.086-04:00,IdeState,Inactive,,*,-1,-1
2025-03-10T16:28:31.087-04:00,IdeState,Inactive,,*,-1,-1
2025-03-10T16:28:32.090-04:00,IdeState,Inactive,,*,-1,-1
2025-03-10T16:28:33.092-04:00,IdeState,Inactive,,*,-1,-1
2025-03-10T16:28:34.100-04:00,IdeState,Inactive,,*,-1,-1
2025-03-10T16:28:35.106-04:00,IdeState,Inactive,,*,-1,-1
2025-03-10T16:28:36.106-04:00,IdeState,Inactive,,*,-1,-1
2025-03-10T16:28:37.112-04:00,IdeState,Inactive,,*,-1,-1
2025-03-10T16:28:38.114-04:00,IdeState,Inactive,,*,-1,-1
2025-03-10T16:28:39.117-04:00,IdeState,Inactive,,*,-1,-1
2025-03-10T16:28:40.123-04:00,IdeState,Inactive,,*,-1,-1
2025-03-10T16:28:41.126-04:00,IdeState,Inactive,,*,-1,-1
2025-03-10T16:28:42.128-04:00,IdeState,Inactive,,*,-1,-1
2025-03-10T16:28:43.129-04:00,IdeState,Inactive,,*,-1,-1
2025-03-10T16:28:44.143-04:00,IdeState,Inactive,,*,-1,-1
2025-03-10T16:28:45.144-04:00,IdeState,Inactive,,*,-1,-1
2025-03-10T16:28:46.146-04:00,IdeState,Inactive,,*,-1,-1
2025-03-10T16:28:47.147-04:00,IdeState,Inactive,,*,-1,-1
2025-03-10T16:28:48.148-04:00,IdeState,Inactive,,*,-1,-1
2025-03-10T16:28:49.151-04:00,IdeState,Inactive,,*,-1,-1
2025-03-10T16:28:50.153-04:00,IdeState,Inactive,,*,-1,-1
2025-03-10T16:28:51.157-04:00,IdeState,Inactive,,*,-1,-1
2025-03-10T16:28:52.158-04:00,IdeState,Inactive,,*,-1,-1
2025-03-10T16:28:53.160-04:00,IdeState,Inactive,,*,-1,-1
2025-03-10T16:28:54.163-04:00,IdeState,Inactive,,*,-1,-1
2025-03-10T16:28:55.166-04:00,IdeState,Inactive,,*,-1,-1
2025-03-10T16:28:56.167-04:00,IdeState,Inactive,,*,-1,-1
2025-03-10T16:28:57.169-04:00,IdeState,Inactive,,*,-1,-1
2025-03-10T16:28:58.172-04:00,IdeState,Inactive,,*,-1,-1
2025-03-10T16:28:59.173-04:00,IdeState,Inactive,,*,-1,-1
2025-03-10T16:29:00.174-04:00,IdeState,Inactive,,*,-1,-1
2025-03-10T16:29:01.175-04:00,IdeState,Inactive,,*,-1,-1
2025-03-10T16:29:02.176-04:00,IdeState,Inactive,,*,-1,-1
2025-03-10T16:29:03.177-04:00,IdeState,Inactive,,*,-1,-1
2025-03-10T16:29:04.179-04:00,IdeState,Inactive,,*,-1,-1
2025-03-10T16:29:05.182-04:00,IdeState,Inactive,,*,-1,-1
2025-03-10T16:29:06.184-04:00,IdeState,Inactive,,*,-1,-1
2025-03-10T16:29:07.184-04:00,IdeState,Inactive,,*,-1,-1
2025-03-10T16:29:08.186-04:00,IdeState,Inactive,,*,-1,-1
2025-03-10T16:29:09.188-04:00,IdeState,Inactive,,*,-1,-1
2025-03-10T16:29:10.188-04:00,IdeState,Inactive,,*,-1,-1
2025-03-10T16:29:11.190-04:00,IdeState,Inactive,,*,-1,-1
2025-03-10T16:29:12.192-04:00,IdeState,Inactive,,*,-1,-1
2025-03-10T16:29:13.193-04:00,IdeState,Inactive,,*,-1,-1
2025-03-10T16:29:14.194-04:00,IdeState,Inactive,,*,-1,-1
2025-03-10T16:29:15.195-04:00,IdeState,Inactive,,*,-1,-1
2025-03-10T16:29:16.196-04:00,IdeState,Inactive,,*,-1,-1
2025-03-10T16:29:17.199-04:00,IdeState,Inactive,,*,-1,-1
2025-03-10T16:29:18.201-04:00,IdeState,Inactive,,*,-1,-1
2025-03-10T16:29:19.202-04:00,IdeState,Inactive,,*,-1,-1
2025-03-10T16:29:20.206-04:00,IdeState,Inactive,,*,-1,-1
2025-03-10T16:29:21.208-04:00,IdeState,Inactive,,*,-1,-1
2025-03-10T16:29:22.208-04:00,IdeState,Inactive,,*,-1,-1
2025-03-10T16:29:23.211-04:00,IdeState,Inactive,,*,-1,-1
2025-03-10T16:29:24.213-04:00,IdeState,Inactive,,*,-1,-1
2025-03-10T16:29:25.228-04:00,IdeState,Inactive,,*,-1,-1
2025-03-10T16:29:26.229-04:00,IdeState,Inactive,,*,-1,-1
2025-03-10T16:29:27.231-04:00,IdeState,Inactive,,*,-1,-1
2025-03-10T16:29:28.233-04:00,IdeState,Inactive,,*,-1,-1
2025-03-10T16:29:29.234-04:00,IdeState,Inactive,,*,-1,-1
2025-03-10T16:29:30.236-04:00,IdeState,Inactive,,*,-1,-1
2025-03-10T16:29:31.238-04:00,IdeState,Inactive,,*,-1,-1
2025-03-10T16:29:32.240-04:00,IdeState,Inactive,,*,-1,-1
2025-03-10T16:29:33.241-04:00,IdeState,Inactive,,*,-1,-1
2025-03-10T16:29:34.243-04:00,IdeState,Inactive,,*,-1,-1
2025-03-10T16:29:35.244-04:00,IdeState,Inactive,,*,-1,-1
2025-03-10T16:29:36.245-04:00,IdeState,Inactive,,*,-1,-1
2025-03-10T16:29:37.246-04:00,IdeState,Inactive,,*,-1,-1
2025-03-10T16:29:38.251-04:00,IdeState,Inactive,,*,-1,-1
2025-03-10T16:29:39.252-04:00,IdeState,Inactive,,*,-1,-1
2025-03-10T16:29:40.253-04:00,IdeState,Inactive,,*,-1,-1
2025-03-10T16:29:41.255-04:00,IdeState,Inactive,,*,-1,-1
2025-03-10T16:29:42.256-04:00,IdeState,Inactive,,*,-1,-1
2025-03-10T16:29:43.258-04:00,IdeState,Inactive,,*,-1,-1
2025-03-10T16:29:44.259-04:00,IdeState,Inactive,,*,-1,-1
2025-03-10T16:29:45.261-04:00,IdeState,Inactive,,*,-1,-1
2025-03-10T16:29:46.264-04:00,IdeState,Inactive,,*,-1,-1
2025-03-10T16:29:47.264-04:00,IdeState,Inactive,,*,-1,-1
2025-03-10T16:29:48.265-04:00,IdeState,Inactive,,*,-1,-1
2025-03-10T16:29:49.267-04:00,IdeState,Inactive,,*,-1,-1
2025-03-10T16:29:50.268-04:00,IdeState,Inactive,,*,-1,-1
2025-03-10T16:29:51.268-04:00,IdeState,Inactive,,*,-1,-1
2025-03-10T16:29:52.269-04:00,IdeState,Inactive,,*,-1,-1
2025-03-10T16:29:53.272-04:00,IdeState,Inactive,,*,-1,-1
2025-03-10T16:29:54.299-04:00,IdeState,Inactive,,*,-1,-1
2025-03-10T16:29:55.302-04:00,IdeState,Inactive,,*,-1,-1
2025-03-10T16:29:56.303-04:00,IdeState,Inactive,,*,-1,-1
2025-03-10T16:29:57.305-04:00,IdeState,Inactive,,*,-1,-1
2025-03-10T16:29:58.306-04:00,IdeState,Inactive,,*,-1,-1
2025-03-10T16:29:59.307-04:00,IdeState,Inactive,,*,-1,-1
2025-03-10T16:30:00.310-04:00,IdeState,Inactive,,*,-1,-1
2025-03-10T16:30:01.311-04:00,IdeState,Inactive,,*,-1,-1
2025-03-10T16:30:02.313-04:00,IdeState,Inactive,,*,-1,-1
2025-03-10T16:30:03.316-04:00,IdeState,Inactive,,*,-1,-1
2025-03-10T16:30:04.318-04:00,IdeState,Inactive,,*,-1,-1
2025-03-10T16:30:05.321-04:00,IdeState,Inactive,,*,-1,-1
2025-03-10T16:30:06.325-04:00,IdeState,Inactive,,*,-1,-1
2025-03-10T16:30:07.326-04:00,IdeState,Inactive,,*,-1,-1
2025-03-10T16:30:08.328-04:00,IdeState,Inactive,,*,-1,-1
2025-03-10T16:30:09.329-04:00,IdeState,Inactive,,*,-1,-1
2025-03-10T16:30:10.331-04:00,IdeState,Inactive,,*,-1,-1
2025-03-10T16:30:11.335-04:00,IdeState,Inactive,,*,-1,-1
2025-03-10T16:30:12.338-04:00,IdeState,Inactive,,*,-1,-1
2025-03-10T16:30:13.338-04:00,IdeState,Inactive,,*,-1,-1
2025-03-10T16:30:14.340-04:00,IdeState,Inactive,,*,-1,-1
2025-03-10T16:30:15.341-04:00,IdeState,Inactive,,*,-1,-1
2025-03-10T16:30:16.342-04:00,IdeState,Inactive,,*,-1,-1
2025-03-10T16:30:17.346-04:00,IdeState,Inactive,,*,-1,-1
2025-03-10T16:30:18.348-04:00,IdeState,Inactive,,*,-1,-1
2025-03-10T16:30:19.354-04:00,IdeState,Inactive,,*,-1,-1
2025-03-10T16:30:20.355-04:00,IdeState,Inactive,,*,-1,-1
2025-03-10T16:30:21.356-04:00,IdeState,Inactive,,*,-1,-1
2025-03-10T16:30:22.360-04:00,IdeState,Inactive,,*,-1,-1
2025-03-10T16:30:23.365-04:00,IdeState,Inactive,,*,-1,-1
2025-03-10T16:30:24.368-04:00,IdeState,Inactive,,*,-1,-1
2025-03-10T16:30:25.368-04:00,IdeState,Inactive,,*,-1,-1
2025-03-10T16:30:26.370-04:00,IdeState,Inactive,,*,-1,-1
2025-03-10T16:30:27.372-04:00,IdeState,Inactive,,*,-1,-1
2025-03-10T16:30:28.374-04:00,IdeState,Inactive,,*,-1,-1
2025-03-10T16:30:29.375-04:00,IdeState,Inactive,,*,-1,-1
2025-03-10T16:30:30.376-04:00,IdeState,Inactive,,*,-1,-1
2025-03-10T16:30:31.378-04:00,IdeState,Inactive,,*,-1,-1
2025-03-10T16:30:32.379-04:00,IdeState,Inactive,,*,-1,-1
2025-03-10T16:30:33.381-04:00,IdeState,Inactive,,*,-1,-1
2025-03-10T16:30:34.384-04:00,IdeState,Inactive,,*,-1,-1
2025-03-10T16:30:35.384-04:00,IdeState,Inactive,,*,-1,-1
2025-03-10T16:30:36.385-04:00,IdeState,Inactive,,*,-1,-1
2025-03-10T16:30:37.387-04:00,IdeState,Inactive,,*,-1,-1
2025-03-10T16:30:38.388-04:00,IdeState,Inactive,,*,-1,-1
2025-03-10T16:30:39.390-04:00,IdeState,Inactive,,*,-1,-1
2025-03-10T16:30:40.393-04:00,IdeState,Inactive,,*,-1,-1
2025-03-10T16:30:41.393-04:00,IdeState,Inactive,,*,-1,-1
2025-03-10T16:30:42.395-04:00,IdeState,Inactive,,*,-1,-1
2025-03-10T16:30:43.396-04:00,IdeState,Inactive,,*,-1,-1
2025-03-10T16:30:44.397-04:00,IdeState,Inactive,,*,-1,-1
2025-03-10T16:30:45.398-04:00,IdeState,Inactive,,*,-1,-1
2025-03-10T16:30:46.399-04:00,IdeState,Inactive,,*,-1,-1
2025-03-10T16:30:47.400-04:00,IdeState,Inactive,,*,-1,-1
2025-03-10T16:30:48.462-04:00,IdeState,Inactive,,*,-1,-1
2025-03-10T16:30:49.477-04:00,IdeState,Inactive,,*,-1,-1
2025-03-10T16:30:50.479-04:00,IdeState,Inactive,,*,-1,-1
2025-03-10T16:30:51.537-04:00,IdeState,Inactive,,*,-1,-1
2025-03-10T16:30:52.556-04:00,IdeState,Inactive,,*,-1,-1
2025-03-10T16:30:53.557-04:00,IdeState,Inactive,,*,-1,-1
2025-03-10T16:30:54.557-04:00,IdeState,Inactive,,*,-1,-1
2025-03-10T16:30:55.558-04:00,IdeState,Inactive,,*,-1,-1
2025-03-10T16:30:56.562-04:00,IdeState,Inactive,,*,-1,-1
2025-03-10T16:30:57.565-04:00,IdeState,Inactive,,*,-1,-1
2025-03-10T16:30:58.567-04:00,IdeState,Inactive,,*,-1,-1
2025-03-10T16:30:59.570-04:00,IdeState,Inactive,,*,-1,-1
2025-03-10T16:31:00.571-04:00,IdeState,Inactive,,*,-1,-1
2025-03-10T16:31:01.575-04:00,IdeState,Inactive,,*,-1,-1
2025-03-10T16:31:02.577-04:00,IdeState,Inactive,,*,-1,-1
2025-03-10T16:31:03.578-04:00,IdeState,Inactive,,*,-1,-1
2025-03-10T16:31:04.579-04:00,IdeState,Inactive,,*,-1,-1
2025-03-10T16:31:05.580-04:00,IdeState,Inactive,,*,-1,-1
2025-03-10T16:31:06.581-04:00,IdeState,Inactive,,*,-1,-1
2025-03-10T16:31:07.582-04:00,IdeState,Inactive,,*,-1,-1
2025-03-10T16:31:08.583-04:00,IdeState,Inactive,,*,-1,-1
2025-03-10T16:31:09.657-04:00,IdeState,Inactive,,*,-1,-1
2025-03-10T16:31:10.660-04:00,IdeState,Inactive,,*,-1,-1
2025-03-10T16:31:11.662-04:00,IdeState,Inactive,,*,-1,-1
2025-03-10T16:31:12.663-04:00,IdeState,Inactive,,*,-1,-1
2025-03-10T16:31:13.663-04:00,IdeState,Inactive,,*,-1,-1
2025-03-10T16:31:14.664-04:00,IdeState,Inactive,,*,-1,-1
2025-03-10T16:31:15.665-04:00,IdeState,Inactive,,*,-1,-1
2025-03-10T16:31:16.665-04:00,IdeState,Inactive,,*,-1,-1
2025-03-10T16:31:17.671-04:00,IdeState,Inactive,,*,-1,-1
2025-03-10T16:31:18.672-04:00,IdeState,Inactive,,*,-1,-1
2025-03-10T16:31:19.674-04:00,IdeState,Inactive,,*,-1,-1
2025-03-10T16:31:20.675-04:00,IdeState,Inactive,,*,-1,-1
2025-03-10T16:31:21.676-04:00,IdeState,Inactive,,*,-1,-1
2025-03-10T16:31:22.677-04:00,IdeState,Inactive,,*,-1,-1
2025-03-10T16:31:23.680-04:00,IdeState,Inactive,,*,-1,-1
2025-03-10T16:31:24.681-04:00,IdeState,Inactive,,*,-1,-1
2025-03-10T16:31:25.683-04:00,IdeState,Inactive,,*,-1,-1
2025-03-10T16:31:26.684-04:00,IdeState,Inactive,,*,-1,-1
2025-03-10T16:31:27.685-04:00,IdeState,Inactive,,*,-1,-1
2025-03-10T16:31:28.686-04:00,IdeState,Inactive,,*,-1,-1
2025-03-10T16:31:29.687-04:00,IdeState,Inactive,,*,-1,-1
2025-03-10T16:31:30.688-04:00,IdeState,Inactive,,*,-1,-1
2025-03-10T16:31:31.690-04:00,IdeState,Inactive,,*,-1,-1
2025-03-10T16:31:32.691-04:00,IdeState,Inactive,,*,-1,-1
2025-03-10T16:31:33.692-04:00,IdeState,Inactive,,*,-1,-1
2025-03-10T16:31:34.694-04:00,IdeState,Inactive,,*,-1,-1
2025-03-10T16:31:35.695-04:00,IdeState,Inactive,,*,-1,-1
2025-03-10T16:31:36.695-04:00,IdeState,Inactive,,*,-1,-1
2025-03-10T16:31:37.697-04:00,IdeState,Inactive,,*,-1,-1
2025-03-10T16:31:38.699-04:00,IdeState,Inactive,,*,-1,-1
2025-03-10T16:31:39.700-04:00,IdeState,Inactive,,*,-1,-1
2025-03-10T16:31:40.701-04:00,IdeState,Inactive,,*,-1,-1
2025-03-10T16:31:41.702-04:00,IdeState,Inactive,,*,-1,-1
2025-03-10T16:31:42.704-04:00,IdeState,Inactive,,*,-1,-1
2025-03-10T16:31:43.705-04:00,IdeState,Inactive,,*,-1,-1
2025-03-10T16:31:44.708-04:00,IdeState,Inactive,,*,-1,-1
2025-03-10T16:31:45.710-04:00,IdeState,Inactive,,*,-1,-1
2025-03-10T16:31:46.712-04:00,IdeState,Inactive,,*,-1,-1
2025-03-10T16:31:47.713-04:00,IdeState,Inactive,,*,-1,-1
2025-03-10T16:31:48.714-04:00,IdeState,Inactive,,*,-1,-1
2025-03-10T16:31:49.726-04:00,IdeState,Inactive,,*,-1,-1
2025-03-10T16:31:50.727-04:00,IdeState,Inactive,,*,-1,-1
2025-03-10T16:31:51.728-04:00,IdeState,Inactive,,*,-1,-1
2025-03-10T16:31:52.729-04:00,IdeState,Inactive,,*,-1,-1
2025-03-10T16:31:53.730-04:00,IdeState,Inactive,,*,-1,-1
2025-03-10T16:31:54.732-04:00,IdeState,Inactive,,*,-1,-1
2025-03-10T16:31:55.735-04:00,IdeState,Inactive,,*,-1,-1
2025-03-10T16:31:56.736-04:00,IdeState,Inactive,,*,-1,-1
2025-03-10T16:31:57.738-04:00,IdeState,Inactive,,*,-1,-1
2025-03-10T16:31:58.739-04:00,IdeState,Inactive,,*,-1,-1
2025-03-10T16:31:59.741-04:00,IdeState,Inactive,,*,-1,-1
2025-03-10T16:32:00.742-04:00,IdeState,Inactive,,*,-1,-1
2025-03-10T16:32:01.743-04:00,IdeState,Inactive,,*,-1,-1
2025-03-10T16:32:02.744-04:00,IdeState,Inactive,,*,-1,-1
2025-03-10T16:32:03.757-04:00,IdeState,Inactive,,*,-1,-1
2025-03-10T16:32:04.759-04:00,IdeState,Inactive,,*,-1,-1
2025-03-10T16:32:05.759-04:00,IdeState,Inactive,,*,-1,-1
2025-03-10T16:32:06.760-04:00,IdeState,Inactive,,*,-1,-1
2025-03-10T16:32:07.762-04:00,IdeState,Inactive,,*,-1,-1
2025-03-10T16:32:08.763-04:00,IdeState,Inactive,,*,-1,-1
2025-03-10T16:32:09.764-04:00,IdeState,Inactive,,*,-1,-1
2025-03-10T16:32:10.765-04:00,IdeState,Inactive,,*,-1,-1
2025-03-10T16:32:11.769-04:00,IdeState,Inactive,,*,-1,-1
2025-03-10T16:32:12.771-04:00,IdeState,Inactive,,*,-1,-1
2025-03-10T16:32:13.772-04:00,IdeState,Inactive,,*,-1,-1
2025-03-10T16:32:14.773-04:00,IdeState,Inactive,,*,-1,-1
2025-03-10T16:32:15.775-04:00,IdeState,Inactive,,*,-1,-1
2025-03-10T16:32:16.776-04:00,IdeState,Inactive,,*,-1,-1
2025-03-10T16:32:17.777-04:00,IdeState,Inactive,,*,-1,-1
2025-03-10T16:32:18.810-04:00,IdeState,Inactive,,*,-1,-1
2025-03-10T16:32:19.811-04:00,IdeState,Inactive,,*,-1,-1
2025-03-10T16:32:20.813-04:00,IdeState,Inactive,,*,-1,-1
2025-03-10T16:32:21.815-04:00,IdeState,Inactive,,*,-1,-1
2025-03-10T16:32:22.816-04:00,IdeState,Inactive,,*,-1,-1
2025-03-10T16:32:23.879-04:00,IdeState,Inactive,,*,-1,-1
2025-03-10T16:32:24.880-04:00,IdeState,Inactive,,*,-1,-1
2025-03-10T16:32:25.880-04:00,IdeState,Inactive,,*,-1,-1
2025-03-10T16:32:26.882-04:00,IdeState,Inactive,,*,-1,-1
2025-03-10T16:32:27.883-04:00,IdeState,Inactive,,*,-1,-1
2025-03-10T16:32:28.885-04:00,IdeState,Inactive,,*,-1,-1
2025-03-10T16:32:29.887-04:00,IdeState,Inactive,,*,-1,-1
2025-03-10T16:32:30.889-04:00,IdeState,Inactive,,*,-1,-1
2025-03-10T16:32:31.891-04:00,IdeState,Inactive,,*,-1,-1
2025-03-10T16:32:32.892-04:00,IdeState,Inactive,,*,-1,-1
2025-03-10T16:32:33.894-04:00,IdeState,Inactive,,*,-1,-1
2025-03-10T16:32:34.896-04:00,IdeState,Inactive,,*,-1,-1
2025-03-10T16:32:35.898-04:00,IdeState,Inactive,,*,-1,-1
2025-03-10T16:32:36.900-04:00,IdeState,Inactive,,*,-1,-1
2025-03-10T16:32:37.901-04:00,IdeState,Inactive,,*,-1,-1
2025-03-10T16:32:38.902-04:00,IdeState,Inactive,,*,-1,-1
2025-03-10T16:32:39.903-04:00,IdeState,Inactive,,*,-1,-1
2025-03-10T16:32:40.905-04:00,IdeState,Inactive,,*,-1,-1
2025-03-10T16:32:41.905-04:00,IdeState,Inactive,,*,-1,-1
2025-03-10T16:32:42.906-04:00,IdeState,Inactive,,*,-1,-1
2025-03-10T16:32:43.908-04:00,IdeState,Inactive,,*,-1,-1
2025-03-10T16:32:44.910-04:00,IdeState,Inactive,,*,-1,-1
2025-03-10T16:32:45.911-04:00,IdeState,Inactive,,*,-1,-1
2025-03-10T16:32:46.913-04:00,IdeState,Inactive,,*,-1,-1
2025-03-10T16:32:47.914-04:00,IdeState,Inactive,,*,-1,-1
2025-03-10T16:32:48.915-04:00,IdeState,Inactive,,*,-1,-1
2025-03-10T16:32:49.917-04:00,IdeState,Inactive,,*,-1,-1
2025-03-10T16:32:50.918-04:00,IdeState,Inactive,,*,-1,-1
2025-03-10T16:32:51.919-04:00,IdeState,Inactive,,*,-1,-1
2025-03-10T16:32:52.920-04:00,IdeState,Inactive,,*,-1,-1
2025-03-10T16:32:53.922-04:00,IdeState,Inactive,,*,-1,-1
2025-03-10T16:32:54.923-04:00,IdeState,Inactive,,*,-1,-1
2025-03-10T16:32:55.924-04:00,IdeState,Inactive,,*,-1,-1
2025-03-10T16:32:56.925-04:00,IdeState,Inactive,,*,-1,-1
2025-03-10T16:32:57.927-04:00,IdeState,Inactive,,*,-1,-1
2025-03-10T16:32:58.929-04:00,IdeState,Inactive,,*,-1,-1
2025-03-10T16:32:59.931-04:00,IdeState,Inactive,,*,-1,-1
2025-03-10T16:33:00.933-04:00,IdeState,Inactive,,*,-1,-1
2025-03-10T16:33:01.938-04:00,IdeState,Inactive,,*,-1,-1
2025-03-10T16:33:02.941-04:00,IdeState,Inactive,,*,-1,-1
2025-03-10T16:33:03.941-04:00,IdeState,Inactive,,*,-1,-1
2025-03-10T16:33:04.942-04:00,IdeState,Inactive,,*,-1,-1
2025-03-10T16:33:05.944-04:00,IdeState,Inactive,,*,-1,-1
2025-03-10T16:33:06.947-04:00,IdeState,Inactive,,*,-1,-1
2025-03-10T16:33:07.948-04:00,IdeState,Inactive,,*,-1,-1
2025-03-10T16:33:08.951-04:00,IdeState,Inactive,,*,-1,-1
2025-03-10T16:33:09.952-04:00,IdeState,Inactive,,*,-1,-1
2025-03-10T16:33:10.953-04:00,IdeState,Inactive,,*,-1,-1
2025-03-10T16:33:11.956-04:00,IdeState,Inactive,,*,-1,-1
2025-03-10T16:33:12.959-04:00,IdeState,Inactive,,*,-1,-1
2025-03-10T16:33:13.960-04:00,IdeState,Inactive,,*,-1,-1
2025-03-10T16:33:14.961-04:00,IdeState,Inactive,,*,-1,-1
2025-03-10T16:33:15.964-04:00,IdeState,Inactive,,*,-1,-1
2025-03-10T16:33:16.964-04:00,IdeState,Inactive,,*,-1,-1
2025-03-10T16:33:17.970-04:00,IdeState,Inactive,,*,-1,-1
2025-03-10T16:33:18.971-04:00,IdeState,Inactive,,*,-1,-1
2025-03-10T16:33:19.972-04:00,IdeState,Inactive,,*,-1,-1
2025-03-10T16:33:20.974-04:00,IdeState,Inactive,,*,-1,-1
2025-03-10T16:33:21.976-04:00,IdeState,Inactive,,*,-1,-1
2025-03-10T16:33:22.977-04:00,IdeState,Inactive,,*,-1,-1
2025-03-10T16:33:23.977-04:00,IdeState,Inactive,,*,-1,-1
2025-03-10T16:33:24.979-04:00,IdeState,Inactive,,*,-1,-1
2025-03-10T16:33:25.981-04:00,IdeState,Inactive,,*,-1,-1
2025-03-10T16:33:26.983-04:00,IdeState,Inactive,,*,-1,-1
2025-03-10T16:33:27.986-04:00,IdeState,Inactive,,*,-1,-1
2025-03-10T16:33:28.987-04:00,IdeState,Inactive,,*,-1,-1
2025-03-10T16:33:29.990-04:00,IdeState,Inactive,,*,-1,-1
2025-03-10T16:33:30.993-04:00,IdeState,Inactive,,*,-1,-1
2025-03-10T16:33:31.995-04:00,IdeState,Inactive,,*,-1,-1
2025-03-10T16:33:32.996-04:00,IdeState,Inactive,,*,-1,-1
2025-03-10T16:33:34.002-04:00,IdeState,Inactive,,*,-1,-1
2025-03-10T16:33:35.004-04:00,IdeState,Inactive,,*,-1,-1
2025-03-10T16:33:36.005-04:00,IdeState,Inactive,,*,-1,-1
2025-03-10T16:33:37.006-04:00,IdeState,Inactive,,*,-1,-1
2025-03-10T16:33:38.007-04:00,IdeState,Inactive,,*,-1,-1
2025-03-10T16:33:39.010-04:00,IdeState,Inactive,,*,-1,-1
2025-03-10T16:33:40.012-04:00,IdeState,Inactive,,*,-1,-1
2025-03-10T16:33:41.018-04:00,IdeState,Inactive,,*,-1,-1
2025-03-10T16:33:42.020-04:00,IdeState,Inactive,,*,-1,-1
2025-03-10T16:33:43.022-04:00,IdeState,Inactive,,*,-1,-1
2025-03-10T16:33:44.024-04:00,IdeState,Inactive,,*,-1,-1
2025-03-10T16:33:45.026-04:00,IdeState,Inactive,,*,-1,-1
2025-03-10T16:33:46.027-04:00,IdeState,Inactive,,*,-1,-1
2025-03-10T16:33:47.030-04:00,IdeState,Inactive,,*,-1,-1
2025-03-10T16:33:48.033-04:00,IdeState,Inactive,,*,-1,-1
2025-03-10T16:33:49.036-04:00,IdeState,Inactive,,*,-1,-1
2025-03-10T16:33:50.038-04:00,IdeState,Inactive,,*,-1,-1
2025-03-10T16:33:51.043-04:00,IdeState,Inactive,,*,-1,-1
2025-03-10T16:33:52.051-04:00,IdeState,Inactive,,*,-1,-1
2025-03-10T16:33:53.052-04:00,IdeState,Inactive,,*,-1,-1
2025-03-10T16:33:54.053-04:00,IdeState,Inactive,,*,-1,-1
2025-03-10T16:33:55.054-04:00,IdeState,Inactive,,*,-1,-1
2025-03-10T16:33:56.055-04:00,IdeState,Inactive,,*,-1,-1
2025-03-10T16:33:57.056-04:00,IdeState,Inactive,,*,-1,-1
2025-03-10T16:33:58.057-04:00,IdeState,Inactive,,*,-1,-1
2025-03-10T16:33:59.059-04:00,IdeState,Inactive,,*,-1,-1
2025-03-10T16:34:00.061-04:00,IdeState,Inactive,,*,-1,-1
2025-03-10T16:34:01.062-04:00,IdeState,Inactive,,*,-1,-1
2025-03-10T16:34:02.063-04:00,IdeState,Inactive,,*,-1,-1
2025-03-10T16:34:03.065-04:00,IdeState,Inactive,,*,-1,-1
2025-03-10T16:34:04.066-04:00,IdeState,Inactive,,*,-1,-1
2025-03-10T16:34:05.067-04:00,IdeState,Inactive,,*,-1,-1
2025-03-10T16:34:06.068-04:00,IdeState,Inactive,,*,-1,-1
2025-03-10T16:34:07.069-04:00,IdeState,Inactive,,*,-1,-1
2025-03-10T16:34:08.070-04:00,IdeState,Inactive,,*,-1,-1
2025-03-10T16:34:09.071-04:00,IdeState,Inactive,,*,-1,-1
2025-03-10T16:34:10.072-04:00,IdeState,Inactive,,*,-1,-1
2025-03-10T16:34:11.073-04:00,IdeState,Inactive,,*,-1,-1
2025-03-10T16:34:12.073-04:00,IdeState,Inactive,,*,-1,-1
2025-03-10T16:34:13.079-04:00,IdeState,Inactive,,*,-1,-1
2025-03-10T16:34:14.080-04:00,IdeState,Inactive,,*,-1,-1
2025-03-10T16:34:15.083-04:00,IdeState,Inactive,,*,-1,-1
2025-03-10T16:34:16.084-04:00,IdeState,Inactive,,*,-1,-1
2025-03-10T16:34:17.085-04:00,IdeState,Inactive,,*,-1,-1
2025-03-10T16:34:18.091-04:00,IdeState,Inactive,,*,-1,-1
2025-03-10T16:34:19.091-04:00,IdeState,Inactive,,*,-1,-1
2025-03-10T16:34:20.108-04:00,IdeState,Inactive,,*,-1,-1
2025-03-10T16:34:21.112-04:00,IdeState,Inactive,,*,-1,-1
2025-03-10T16:34:22.115-04:00,IdeState,Inactive,,*,-1,-1
2025-03-10T16:34:23.116-04:00,IdeState,Inactive,,*,-1,-1
2025-03-10T16:34:24.118-04:00,IdeState,Inactive,,*,-1,-1
2025-03-10T16:34:25.118-04:00,IdeState,Inactive,,*,-1,-1
2025-03-10T16:34:26.120-04:00,IdeState,Inactive,,*,-1,-1
2025-03-10T16:34:27.120-04:00,IdeState,Inactive,,*,-1,-1
2025-03-10T16:34:28.178-04:00,IdeState,Inactive,,*,-1,-1
2025-03-10T16:34:29.180-04:00,IdeState,Inactive,,*,-1,-1
2025-03-10T16:34:30.182-04:00,IdeState,Inactive,,*,-1,-1
2025-03-10T16:34:31.183-04:00,IdeState,Inactive,,*,-1,-1
2025-03-10T16:34:32.183-04:00,IdeState,Inactive,,*,-1,-1
2025-03-10T16:34:33.188-04:00,IdeState,Inactive,,*,-1,-1
2025-03-10T16:34:34.193-04:00,IdeState,Inactive,,*,-1,-1
2025-03-10T16:34:35.194-04:00,IdeState,Inactive,,*,-1,-1
2025-03-10T16:34:36.195-04:00,IdeState,Inactive,,*,-1,-1
2025-03-10T16:34:37.197-04:00,IdeState,Inactive,,*,-1,-1
2025-03-10T16:34:38.198-04:00,IdeState,Inactive,,*,-1,-1
2025-03-10T16:34:39.199-04:00,IdeState,Inactive,,*,-1,-1
2025-03-10T16:34:40.200-04:00,IdeState,Inactive,,*,-1,-1
2025-03-10T16:34:41.202-04:00,IdeState,Inactive,,*,-1,-1
2025-03-10T16:34:42.203-04:00,IdeState,Inactive,,*,-1,-1
2025-03-10T16:34:43.208-04:00,IdeState,Inactive,,*,-1,-1
2025-03-10T16:34:44.250-04:00,IdeState,Inactive,,*,-1,-1
2025-03-10T16:34:45.253-04:00,IdeState,Inactive,,*,-1,-1
2025-03-10T16:34:46.256-04:00,IdeState,Inactive,,*,-1,-1
2025-03-10T16:34:47.258-04:00,IdeState,Inactive,,*,-1,-1
2025-03-10T16:34:48.259-04:00,IdeState,Inactive,,*,-1,-1
2025-03-10T16:34:49.260-04:00,IdeState,Inactive,,*,-1,-1
2025-03-10T16:34:50.263-04:00,IdeState,Inactive,,*,-1,-1
2025-03-10T16:34:51.274-04:00,IdeState,Inactive,,*,-1,-1
2025-03-10T16:34:52.275-04:00,IdeState,Inactive,,*,-1,-1
2025-03-10T16:34:53.276-04:00,IdeState,Inactive,,*,-1,-1
2025-03-10T16:34:54.277-04:00,IdeState,Inactive,,*,-1,-1
2025-03-10T16:34:55.280-04:00,IdeState,Inactive,,*,-1,-1
2025-03-10T16:34:56.288-04:00,IdeState,Inactive,,*,-1,-1
2025-03-10T16:34:57.289-04:00,IdeState,Inactive,,*,-1,-1
2025-03-10T16:34:58.291-04:00,IdeState,Inactive,,*,-1,-1
2025-03-10T16:34:59.293-04:00,IdeState,Inactive,,*,-1,-1
2025-03-10T16:35:00.294-04:00,IdeState,Inactive,,*,-1,-1
2025-03-10T16:35:01.294-04:00,IdeState,Inactive,,*,-1,-1
2025-03-10T16:35:02.295-04:00,IdeState,Inactive,,*,-1,-1
2025-03-10T16:35:03.299-04:00,IdeState,Inactive,,*,-1,-1
2025-03-10T16:35:04.300-04:00,IdeState,Inactive,,*,-1,-1
2025-03-10T16:35:05.301-04:00,IdeState,Inactive,,*,-1,-1
2025-03-10T16:35:06.303-04:00,IdeState,Inactive,,*,-1,-1
2025-03-10T16:35:07.304-04:00,IdeState,Inactive,,*,-1,-1
2025-03-10T16:35:08.305-04:00,IdeState,Inactive,,*,-1,-1
2025-03-10T16:35:09.306-04:00,IdeState,Inactive,,*,-1,-1
2025-03-10T16:35:10.308-04:00,IdeState,Inactive,,*,-1,-1
2025-03-10T16:35:11.308-04:00,IdeState,Inactive,,*,-1,-1
2025-03-10T16:35:12.309-04:00,IdeState,Inactive,,*,-1,-1
2025-03-10T16:35:13.310-04:00,IdeState,Inactive,,*,-1,-1
2025-03-10T16:35:14.311-04:00,IdeState,Inactive,,*,-1,-1
2025-03-10T16:35:15.317-04:00,IdeState,Inactive,,*,-1,-1
2025-03-10T16:35:16.321-04:00,IdeState,Inactive,,*,-1,-1
2025-03-10T16:35:17.321-04:00,IdeState,Inactive,,*,-1,-1
2025-03-10T16:35:18.358-04:00,IdeState,Inactive,,*,-1,-1
2025-03-10T16:35:19.360-04:00,IdeState,Inactive,,*,-1,-1
2025-03-10T16:35:20.361-04:00,IdeState,Inactive,,*,-1,-1
2025-03-10T16:35:21.362-04:00,IdeState,Inactive,,*,-1,-1
2025-03-10T16:35:22.363-04:00,IdeState,Inactive,,*,-1,-1
2025-03-10T16:35:23.364-04:00,IdeState,Inactive,,*,-1,-1
2025-03-10T16:35:24.366-04:00,IdeState,Inactive,,*,-1,-1
2025-03-10T16:35:25.369-04:00,IdeState,Inactive,,*,-1,-1
2025-03-10T16:35:26.371-04:00,IdeState,Inactive,,*,-1,-1
2025-03-10T16:35:27.373-04:00,IdeState,Inactive,,*,-1,-1
2025-03-10T16:35:28.373-04:00,IdeState,Inactive,,*,-1,-1
2025-03-10T16:35:29.375-04:00,IdeState,Inactive,,*,-1,-1
2025-03-10T16:35:30.392-04:00,IdeState,Inactive,,*,-1,-1
2025-03-10T16:35:31.395-04:00,IdeState,Inactive,,*,-1,-1
2025-03-10T16:35:32.397-04:00,IdeState,Inactive,,*,-1,-1
2025-03-10T16:35:33.398-04:00,IdeState,Inactive,,*,-1,-1
2025-03-10T16:35:34.399-04:00,IdeState,Inactive,,*,-1,-1
2025-03-10T16:35:35.401-04:00,IdeState,Inactive,,*,-1,-1
2025-03-10T16:35:36.404-04:00,IdeState,Inactive,,*,-1,-1
2025-03-10T16:35:37.405-04:00,IdeState,Inactive,,*,-1,-1
2025-03-10T16:35:38.408-04:00,IdeState,Inactive,,*,-1,-1
2025-03-10T16:35:39.412-04:00,IdeState,Inactive,,*,-1,-1
2025-03-10T16:35:40.417-04:00,IdeState,Inactive,,*,-1,-1
2025-03-10T16:35:41.419-04:00,IdeState,Inactive,,*,-1,-1
2025-03-10T16:35:42.419-04:00,IdeState,Inactive,,*,-1,-1
2025-03-10T16:35:43.421-04:00,IdeState,Inactive,,*,-1,-1
2025-03-10T16:35:44.423-04:00,IdeState,Inactive,,*,-1,-1
2025-03-10T16:35:45.425-04:00,IdeState,Inactive,,*,-1,-1
2025-03-10T16:35:46.425-04:00,IdeState,Inactive,,*,-1,-1
2025-03-10T16:35:47.428-04:00,IdeState,Inactive,,*,-1,-1
2025-03-10T16:35:48.430-04:00,IdeState,Inactive,,*,-1,-1
2025-03-10T16:35:49.430-04:00,IdeState,Inactive,,*,-1,-1
2025-03-10T16:35:50.432-04:00,IdeState,Inactive,,*,-1,-1
2025-03-10T16:35:51.432-04:00,IdeState,Inactive,,*,-1,-1
2025-03-10T16:35:52.435-04:00,IdeState,Inactive,,*,-1,-1
2025-03-10T16:35:53.435-04:00,IdeState,Inactive,,*,-1,-1
2025-03-10T16:35:54.437-04:00,IdeState,Inactive,,*,-1,-1
2025-03-10T16:35:55.437-04:00,IdeState,Inactive,,*,-1,-1
2025-03-10T16:35:56.438-04:00,IdeState,Inactive,,*,-1,-1
2025-03-10T16:35:57.439-04:00,IdeState,Inactive,,*,-1,-1
2025-03-10T16:35:58.441-04:00,IdeState,Inactive,,*,-1,-1
2025-03-10T16:35:59.444-04:00,IdeState,Inactive,,*,-1,-1
2025-03-10T16:36:00.446-04:00,IdeState,Inactive,,*,-1,-1
2025-03-10T16:36:01.447-04:00,IdeState,Inactive,,*,-1,-1
2025-03-10T16:36:02.448-04:00,IdeState,Inactive,,*,-1,-1
2025-03-10T16:36:03.450-04:00,IdeState,Inactive,,*,-1,-1
2025-03-10T16:36:04.454-04:00,IdeState,Inactive,,*,-1,-1
2025-03-10T16:36:05.458-04:00,IdeState,Inactive,,*,-1,-1
2025-03-10T16:36:06.460-04:00,IdeState,Inactive,,*,-1,-1
2025-03-10T16:36:07.461-04:00,IdeState,Inactive,,*,-1,-1
2025-03-10T16:36:08.463-04:00,IdeState,Inactive,,*,-1,-1
2025-03-10T16:36:09.464-04:00,IdeState,Inactive,,*,-1,-1
2025-03-10T16:36:10.466-04:00,IdeState,Inactive,,*,-1,-1
2025-03-10T16:36:11.469-04:00,IdeState,Inactive,,*,-1,-1
2025-03-10T16:36:12.471-04:00,IdeState,Inactive,,*,-1,-1
2025-03-10T16:36:13.472-04:00,IdeState,Inactive,,*,-1,-1
2025-03-10T16:36:14.473-04:00,IdeState,Inactive,,*,-1,-1
2025-03-10T16:36:15.476-04:00,IdeState,Inactive,,*,-1,-1
2025-03-10T16:36:16.478-04:00,IdeState,Inactive,,*,-1,-1
2025-03-10T16:36:17.479-04:00,IdeState,Inactive,,*,-1,-1
2025-03-10T16:36:18.479-04:00,IdeState,Inactive,,*,-1,-1
2025-03-10T16:36:19.481-04:00,IdeState,Inactive,,*,-1,-1
2025-03-10T16:36:20.483-04:00,IdeState,Inactive,,*,-1,-1
2025-03-10T16:36:21.485-04:00,IdeState,Inactive,,*,-1,-1
2025-03-10T16:36:22.485-04:00,IdeState,Inactive,,*,-1,-1
2025-03-10T16:36:23.487-04:00,IdeState,Inactive,,*,-1,-1
2025-03-10T16:36:24.488-04:00,IdeState,Inactive,,*,-1,-1
2025-03-10T16:36:25.489-04:00,IdeState,Inactive,,*,-1,-1
2025-03-10T16:36:26.490-04:00,IdeState,Inactive,,*,-1,-1
2025-03-10T16:36:27.494-04:00,IdeState,Inactive,,*,-1,-1
2025-03-10T16:36:28.494-04:00,IdeState,Inactive,,*,-1,-1
2025-03-10T16:36:29.495-04:00,IdeState,Inactive,,*,-1,-1
2025-03-10T16:36:30.510-04:00,IdeState,Inactive,,*,-1,-1
2025-03-10T16:36:31.512-04:00,IdeState,Inactive,,*,-1,-1
2025-03-10T16:36:32.518-04:00,IdeState,Inactive,,*,-1,-1
2025-03-10T16:36:33.521-04:00,IdeState,Inactive,,*,-1,-1
2025-03-10T16:36:34.526-04:00,IdeState,Inactive,,*,-1,-1
2025-03-10T16:36:35.528-04:00,IdeState,Inactive,,*,-1,-1
2025-03-10T16:36:36.528-04:00,IdeState,Inactive,,*,-1,-1
2025-03-10T16:36:37.530-04:00,IdeState,Inactive,,*,-1,-1
2025-03-10T16:36:38.532-04:00,IdeState,Inactive,,*,-1,-1
2025-03-10T16:36:39.535-04:00,IdeState,Inactive,,*,-1,-1
2025-03-10T16:36:40.536-04:00,IdeState,Inactive,,*,-1,-1
2025-03-10T16:36:41.538-04:00,IdeState,Inactive,,*,-1,-1
2025-03-10T16:36:42.541-04:00,IdeState,Inactive,,*,-1,-1
2025-03-10T16:36:43.542-04:00,IdeState,Inactive,,*,-1,-1
2025-03-10T16:36:44.544-04:00,IdeState,Inactive,,*,-1,-1
2025-03-10T16:36:45.545-04:00,IdeState,Inactive,,*,-1,-1
2025-03-10T16:36:46.547-04:00,IdeState,Inactive,,*,-1,-1
2025-03-10T16:36:47.550-04:00,IdeState,Inactive,,*,-1,-1
2025-03-10T16:36:48.551-04:00,IdeState,Inactive,,*,-1,-1
2025-03-10T16:36:49.551-04:00,IdeState,Inactive,,*,-1,-1
2025-03-10T16:36:50.553-04:00,IdeState,Inactive,,*,-1,-1
2025-03-10T16:36:51.559-04:00,IdeState,Inactive,,*,-1,-1
2025-03-10T16:36:52.560-04:00,IdeState,Inactive,,*,-1,-1
2025-03-10T16:36:53.562-04:00,IdeState,Inactive,,*,-1,-1
2025-03-10T16:36:54.568-04:00,IdeState,Inactive,,*,-1,-1
2025-03-10T16:36:55.570-04:00,IdeState,Inactive,,*,-1,-1
2025-03-10T16:36:56.572-04:00,IdeState,Inactive,,*,-1,-1
2025-03-10T16:36:57.574-04:00,IdeState,Inactive,,*,-1,-1
2025-03-10T16:36:58.575-04:00,IdeState,Inactive,,*,-1,-1
2025-03-10T16:36:59.577-04:00,IdeState,Inactive,,*,-1,-1
2025-03-10T16:37:00.579-04:00,IdeState,Inactive,,*,-1,-1
2025-03-10T16:37:01.581-04:00,IdeState,Inactive,,*,-1,-1
2025-03-10T16:37:02.583-04:00,IdeState,Inactive,,*,-1,-1
2025-03-10T16:37:03.584-04:00,IdeState,Inactive,,*,-1,-1
2025-03-10T16:37:04.586-04:00,IdeState,Inactive,,*,-1,-1
2025-03-10T16:37:05.587-04:00,IdeState,Inactive,,*,-1,-1
2025-03-10T16:37:06.591-04:00,IdeState,Inactive,,*,-1,-1
2025-03-10T16:37:07.592-04:00,IdeState,Inactive,,*,-1,-1
2025-03-10T16:37:08.593-04:00,IdeState,Inactive,,*,-1,-1
2025-03-10T16:37:09.595-04:00,IdeState,Inactive,,*,-1,-1
2025-03-10T16:37:10.596-04:00,IdeState,Inactive,,*,-1,-1
2025-03-10T16:37:11.596-04:00,IdeState,Inactive,,*,-1,-1
2025-03-10T16:37:12.598-04:00,IdeState,Inactive,,*,-1,-1
2025-03-10T16:37:13.599-04:00,IdeState,Inactive,,*,-1,-1
2025-03-10T16:37:14.606-04:00,IdeState,Inactive,,*,-1,-1
2025-03-10T16:37:15.608-04:00,IdeState,Inactive,,*,-1,-1
2025-03-10T16:37:16.609-04:00,IdeState,Inactive,,*,-1,-1
2025-03-10T16:37:17.610-04:00,IdeState,Inactive,,*,-1,-1
2025-03-10T16:37:18.611-04:00,IdeState,Inactive,,*,-1,-1
2025-03-10T16:37:19.613-04:00,IdeState,Inactive,,*,-1,-1
2025-03-10T16:37:20.614-04:00,IdeState,Inactive,,*,-1,-1
2025-03-10T16:37:21.615-04:00,IdeState,Inactive,,*,-1,-1
2025-03-10T16:37:22.618-04:00,IdeState,Inactive,,*,-1,-1
2025-03-10T16:37:23.620-04:00,IdeState,Inactive,,*,-1,-1
2025-03-10T16:37:24.622-04:00,IdeState,Inactive,,*,-1,-1
2025-03-10T16:37:25.623-04:00,IdeState,Inactive,,*,-1,-1
2025-03-10T16:37:26.624-04:00,IdeState,Inactive,,*,-1,-1
2025-03-10T16:37:27.626-04:00,IdeState,Inactive,,*,-1,-1
2025-03-10T16:37:28.629-04:00,IdeState,Inactive,,*,-1,-1
2025-03-10T16:37:29.631-04:00,IdeState,Inactive,,*,-1,-1
2025-03-10T16:37:30.632-04:00,IdeState,Inactive,,*,-1,-1
2025-03-10T16:37:31.634-04:00,IdeState,Inactive,,*,-1,-1
2025-03-10T16:37:32.634-04:00,IdeState,Inactive,,*,-1,-1
2025-03-10T16:37:33.639-04:00,IdeState,Inactive,,*,-1,-1
2025-03-10T16:37:34.639-04:00,IdeState,Inactive,,*,-1,-1
2025-03-10T16:37:35.643-04:00,IdeState,Inactive,,*,-1,-1
2025-03-10T16:37:36.644-04:00,IdeState,Inactive,,*,-1,-1
2025-03-10T16:37:37.646-04:00,IdeState,Inactive,,*,-1,-1
2025-03-10T16:37:38.648-04:00,IdeState,Inactive,,*,-1,-1
2025-03-10T16:37:39.649-04:00,IdeState,Inactive,,*,-1,-1
2025-03-10T16:37:40.651-04:00,IdeState,Inactive,,*,-1,-1
2025-03-10T16:37:41.651-04:00,IdeState,Inactive,,*,-1,-1
2025-03-10T16:37:42.652-04:00,IdeState,Inactive,,*,-1,-1
2025-03-10T17:07:53.024-04:00,IdeState,Inactive,,*,-1,-1
2025-03-10T17:07:54.196-04:00,IdeState,Active,Popup,*,-1,-1
2025-03-10T17:07:56.007-04:00,IdeState,Active,Popup,*,-1,-1
2025-03-10T17:07:57.652-04:00,IdeState,Inactive,,*,-1,-1
2025-03-10T17:07:59.037-04:00,IdeState,Inactive,,*,-1,-1
2025-03-10T17:08:02.848-04:00,IdeState,Inactive,,*,-1,-1
2025-03-10T17:08:04.635-04:00,IdeState,Inactive,,*,-1,-1
2025-03-10T17:08:07.368-04:00,IdeState,Inactive,,*,-1,-1
2025-03-10T17:08:08.460-04:00,IdeState,Inactive,,*,-1,-1
2025-03-10T17:08:09.487-04:00,IdeState,Inactive,,*,-1,-1
2025-03-10T17:08:10.492-04:00,IdeState,Inactive,,*,-1,-1
2025-03-10T17:08:11.512-04:00,IdeState,Inactive,,*,-1,-1
2025-03-10T17:08:12.516-04:00,IdeState,Inactive,,*,-1,-1
2025-03-10T17:08:13.519-04:00,IdeState,Inactive,,*,-1,-1
2025-03-10T17:08:14.520-04:00,IdeState,Inactive,,*,-1,-1
2025-03-10T17:08:15.522-04:00,IdeState,Inactive,,*,-1,-1
2025-03-10T17:08:16.524-04:00,IdeState,Inactive,,*,-1,-1
2025-03-10T17:08:17.538-04:00,IdeState,Inactive,,*,-1,-1
2025-03-10T17:08:18.541-04:00,IdeState,Inactive,,*,-1,-1
2025-03-10T17:08:19.543-04:00,IdeState,Inactive,,*,-1,-1
2025-03-10T17:08:20.546-04:00,IdeState,Inactive,,*,-1,-1
2025-03-10T17:08:21.551-04:00,IdeState,Inactive,,*,-1,-1
2025-03-10T17:08:22.553-04:00,IdeState,Inactive,,*,-1,-1
2025-03-10T17:08:23.554-04:00,IdeState,Inactive,,*,-1,-1
2025-03-10T17:08:24.556-04:00,IdeState,Inactive,,*,-1,-1
2025-03-10T17:08:25.562-04:00,IdeState,Inactive,,*,-1,-1
2025-03-10T17:08:26.568-04:00,IdeState,Inactive,,*,-1,-1
2025-03-10T17:08:27.575-04:00,IdeState,Inactive,,*,-1,-1
2025-03-10T17:08:28.621-04:00,IdeState,Inactive,,*,-1,-1
2025-03-10T17:08:29.630-04:00,IdeState,Inactive,,*,-1,-1
2025-03-10T17:08:30.632-04:00,IdeState,Inactive,,*,-1,-1
2025-03-10T17:08:31.634-04:00,IdeState,Inactive,,*,-1,-1
2025-03-10T17:08:32.636-04:00,IdeState,Inactive,,*,-1,-1
2025-03-10T17:08:33.639-04:00,IdeState,Inactive,,*,-1,-1
2025-03-10T17:08:34.641-04:00,IdeState,Inactive,,*,-1,-1
2025-03-10T17:08:35.643-04:00,IdeState,Inactive,,*,-1,-1
2025-03-10T17:08:36.648-04:00,IdeState,Inactive,,*,-1,-1
2025-03-10T17:08:37.649-04:00,IdeState,Inactive,,*,-1,-1
2025-03-10T17:08:38.665-04:00,IdeState,Inactive,,*,-1,-1
2025-03-10T17:08:39.669-04:00,IdeState,Inactive,,*,-1,-1
2025-03-10T17:08:40.670-04:00,IdeState,Inactive,,*,-1,-1
2025-03-10T17:08:41.672-04:00,IdeState,Inactive,,*,-1,-1
2025-03-10T17:08:42.675-04:00,IdeState,Inactive,,*,-1,-1
2025-03-10T17:08:43.677-04:00,IdeState,Inactive,,*,-1,-1
2025-03-10T17:08:44.682-04:00,IdeState,Inactive,,*,-1,-1
2025-03-10T17:08:45.684-04:00,IdeState,Inactive,,*,-1,-1
2025-03-10T17:08:46.686-04:00,IdeState,Inactive,,*,-1,-1
2025-03-10T17:08:47.689-04:00,IdeState,Inactive,,*,-1,-1
2025-03-10T17:08:48.692-04:00,IdeState,Inactive,,*,-1,-1
2025-03-10T17:08:49.695-04:00,IdeState,Inactive,,*,-1,-1
2025-03-10T17:08:50.695-04:00,IdeState,Inactive,,*,-1,-1
2025-03-10T17:08:51.699-04:00,IdeState,Inactive,,*,-1,-1
2025-03-10T17:08:52.700-04:00,IdeState,Inactive,,*,-1,-1
2025-03-10T17:08:53.701-04:00,IdeState,Inactive,,*,-1,-1
2025-03-10T17:08:54.703-04:00,IdeState,Inactive,,*,-1,-1
2025-03-10T17:08:55.706-04:00,IdeState,Inactive,,*,-1,-1
2025-03-10T17:08:56.708-04:00,IdeState,Inactive,,*,-1,-1
2025-03-10T17:08:57.710-04:00,IdeState,Inactive,,*,-1,-1
2025-03-10T17:08:58.711-04:00,IdeState,Inactive,,*,-1,-1
2025-03-10T17:08:59.715-04:00,IdeState,Inactive,,*,-1,-1
2025-03-10T17:09:00.717-04:00,IdeState,Inactive,,*,-1,-1
2025-03-10T17:09:01.717-04:00,IdeState,Inactive,,*,-1,-1
2025-03-10T17:09:02.746-04:00,IdeState,Inactive,,*,-1,-1
2025-03-10T17:09:03.749-04:00,IdeState,Inactive,,*,-1,-1
2025-03-10T17:09:04.750-04:00,IdeState,Inactive,,*,-1,-1
2025-03-10T17:09:05.757-04:00,IdeState,Inactive,,*,-1,-1
2025-03-10T17:09:06.760-04:00,IdeState,Inactive,,*,-1,-1
2025-03-10T17:09:07.761-04:00,IdeState,Inactive,,*,-1,-1
2025-03-10T17:09:08.763-04:00,IdeState,Inactive,,*,-1,-1
2025-03-10T17:09:09.766-04:00,IdeState,Inactive,,*,-1,-1
2025-03-10T17:09:10.768-04:00,IdeState,Inactive,,*,-1,-1
2025-03-10T17:09:11.771-04:00,IdeState,Inactive,,*,-1,-1
2025-03-10T17:09:12.773-04:00,IdeState,Inactive,,*,-1,-1
2025-03-10T17:09:13.775-04:00,IdeState,Inactive,,*,-1,-1
2025-03-10T17:09:14.780-04:00,IdeState,Inactive,,*,-1,-1
2025-03-10T17:09:15.781-04:00,IdeState,Inactive,,*,-1,-1
2025-03-10T17:09:16.787-04:00,IdeState,Inactive,,*,-1,-1
2025-03-10T17:09:17.788-04:00,IdeState,Inactive,,*,-1,-1
2025-03-10T17:09:18.790-04:00,IdeState,Inactive,,*,-1,-1
2025-03-10T17:09:19.794-04:00,IdeState,Inactive,,*,-1,-1
2025-03-10T17:09:20.800-04:00,IdeState,Inactive,,*,-1,-1
2025-03-10T17:09:21.804-04:00,IdeState,Inactive,,*,-1,-1
2025-03-10T17:09:22.804-04:00,IdeState,Inactive,,*,-1,-1
2025-03-10T17:09:23.806-04:00,IdeState,Inactive,,*,-1,-1
2025-03-10T17:09:24.807-04:00,IdeState,Inactive,,*,-1,-1
2025-03-10T17:09:25.811-04:00,IdeState,Inactive,,*,-1,-1
2025-03-10T17:09:26.813-04:00,IdeState,Inactive,,*,-1,-1
2025-03-10T17:09:27.814-04:00,IdeState,Inactive,,*,-1,-1
2025-03-10T17:09:28.820-04:00,IdeState,Inactive,,*,-1,-1
2025-03-10T17:09:29.822-04:00,IdeState,Inactive,,*,-1,-1
2025-03-10T17:09:30.824-04:00,IdeState,Inactive,,*,-1,-1
2025-03-10T17:09:31.827-04:00,IdeState,Inactive,,*,-1,-1
2025-03-10T17:09:32.829-04:00,IdeState,Inactive,,*,-1,-1
2025-03-10T17:09:33.831-04:00,IdeState,Inactive,,*,-1,-1
2025-03-10T17:09:34.834-04:00,IdeState,Inactive,,*,-1,-1
2025-03-10T17:09:35.871-04:00,IdeState,Inactive,,*,-1,-1
2025-03-10T17:09:36.875-04:00,IdeState,Inactive,,*,-1,-1
2025-03-10T17:09:37.877-04:00,IdeState,Inactive,,*,-1,-1
2025-03-10T17:09:38.878-04:00,IdeState,Inactive,,*,-1,-1
2025-03-10T17:09:39.881-04:00,IdeState,Inactive,,*,-1,-1
2025-03-10T17:09:40.883-04:00,IdeState,Inactive,,*,-1,-1
2025-03-10T17:09:41.885-04:00,IdeState,Inactive,,*,-1,-1
2025-03-10T17:09:42.887-04:00,IdeState,Inactive,,*,-1,-1
2025-03-10T17:09:43.889-04:00,IdeState,Inactive,,*,-1,-1
2025-03-10T17:09:44.890-04:00,IdeState,Inactive,,*,-1,-1
2025-03-10T17:09:45.894-04:00,IdeState,Inactive,,*,-1,-1
2025-03-10T17:09:46.896-04:00,IdeState,Inactive,,*,-1,-1
2025-03-10T17:09:47.900-04:00,IdeState,Inactive,,*,-1,-1
2025-03-10T17:09:48.902-04:00,IdeState,Inactive,,*,-1,-1
2025-03-10T17:09:49.905-04:00,IdeState,Inactive,,*,-1,-1
2025-03-10T17:09:50.908-04:00,IdeState,Inactive,,*,-1,-1
2025-03-10T17:09:51.910-04:00,IdeState,Inactive,,*,-1,-1
2025-03-10T17:09:52.913-04:00,IdeState,Inactive,,*,-1,-1
2025-03-10T17:09:53.915-04:00,IdeState,Inactive,,*,-1,-1
2025-03-10T17:09:54.917-04:00,IdeState,Inactive,,*,-1,-1
2025-03-10T17:09:55.919-04:00,IdeState,Inactive,,*,-1,-1
2025-03-10T17:09:56.921-04:00,IdeState,Inactive,,*,-1,-1
2025-03-10T17:09:57.926-04:00,IdeState,Inactive,,*,-1,-1
2025-03-10T17:09:58.930-04:00,IdeState,Inactive,,*,-1,-1
2025-03-10T17:09:59.932-04:00,IdeState,Inactive,,*,-1,-1
2025-03-10T17:10:00.934-04:00,IdeState,Inactive,,*,-1,-1
2025-03-10T17:10:01.937-04:00,IdeState,Inactive,,*,-1,-1
2025-03-10T17:10:02.938-04:00,IdeState,Inactive,,*,-1,-1
2025-03-10T17:10:03.940-04:00,IdeState,Inactive,,*,-1,-1
2025-03-10T17:10:04.943-04:00,IdeState,Inactive,,*,-1,-1
2025-03-10T17:10:05.945-04:00,IdeState,Inactive,,*,-1,-1
2025-03-10T17:10:06.946-04:00,IdeState,Inactive,,*,-1,-1
2025-03-10T17:10:07.950-04:00,IdeState,Inactive,,*,-1,-1
2025-03-10T17:10:08.951-04:00,IdeState,Inactive,,*,-1,-1
2025-03-10T17:10:09.952-04:00,IdeState,Inactive,,*,-1,-1
2025-03-10T17:10:10.954-04:00,IdeState,Inactive,,*,-1,-1
2025-03-10T17:10:11.957-04:00,IdeState,Inactive,,*,-1,-1
2025-03-10T17:10:12.957-04:00,IdeState,Inactive,,*,-1,-1
2025-03-10T17:10:13.960-04:00,IdeState,Inactive,,*,-1,-1
2025-03-10T17:10:14.963-04:00,IdeState,Inactive,,*,-1,-1
2025-03-10T17:10:15.965-04:00,IdeState,Inactive,,*,-1,-1
2025-03-10T17:10:16.967-04:00,IdeState,Inactive,,*,-1,-1
2025-03-10T17:10:17.970-04:00,IdeState,Inactive,,*,-1,-1
2025-03-10T17:10:18.977-04:00,IdeState,Inactive,,*,-1,-1
2025-03-10T17:10:19.979-04:00,IdeState,Inactive,,*,-1,-1
2025-03-10T17:10:20.980-04:00,IdeState,Inactive,,*,-1,-1
2025-03-10T17:10:21.989-04:00,IdeState,Inactive,,*,-1,-1
2025-03-10T17:10:22.992-04:00,IdeState,Inactive,,*,-1,-1
2025-03-10T17:10:23.993-04:00,IdeState,Inactive,,*,-1,-1
2025-03-10T17:10:24.994-04:00,IdeState,Inactive,,*,-1,-1
2025-03-10T17:10:25.996-04:00,IdeState,Inactive,,*,-1,-1
2025-03-10T17:10:26.998-04:00,IdeState,Inactive,,*,-1,-1
2025-03-10T17:10:27.999-04:00,IdeState,Inactive,,*,-1,-1
2025-03-10T17:10:29.000-04:00,IdeState,Inactive,,*,-1,-1
2025-03-10T17:10:30.003-04:00,IdeState,Inactive,,*,-1,-1
2025-03-10T17:10:31.004-04:00,IdeState,Inactive,,*,-1,-1
2025-03-10T17:10:32.007-04:00,IdeState,Inactive,,*,-1,-1
2025-03-10T17:10:33.024-04:00,IdeState,Inactive,,*,-1,-1
2025-03-10T17:10:34.025-04:00,IdeState,Inactive,,*,-1,-1
2025-03-10T17:10:35.028-04:00,IdeState,Inactive,,*,-1,-1
2025-03-10T17:10:36.029-04:00,IdeState,Inactive,,*,-1,-1
2025-03-10T17:10:37.031-04:00,IdeState,Inactive,,*,-1,-1
2025-03-10T17:10:38.035-04:00,IdeState,Inactive,,*,-1,-1
2025-03-10T17:10:39.037-04:00,IdeState,Inactive,,*,-1,-1
2025-03-10T17:10:40.040-04:00,IdeState,Inactive,,*,-1,-1
2025-03-10T17:10:41.042-04:00,IdeState,Inactive,,*,-1,-1
2025-03-10T17:10:42.045-04:00,IdeState,Inactive,,*,-1,-1
2025-03-10T17:10:43.057-04:00,IdeState,Inactive,,*,-1,-1
2025-03-10T17:10:44.061-04:00,IdeState,Inactive,,*,-1,-1
2025-03-10T17:10:45.064-04:00,IdeState,Inactive,,*,-1,-1
2025-03-10T17:10:46.065-04:00,IdeState,Inactive,,*,-1,-1
2025-03-10T17:10:47.067-04:00,IdeState,Inactive,,*,-1,-1
2025-03-10T17:10:48.069-04:00,IdeState,Inactive,,*,-1,-1
2025-03-10T17:10:49.070-04:00,IdeState,Inactive,,*,-1,-1
2025-03-10T17:10:50.073-04:00,IdeState,Inactive,,*,-1,-1
2025-03-10T17:10:51.079-04:00,IdeState,Inactive,,*,-1,-1
2025-03-10T17:10:52.081-04:00,IdeState,Inactive,,*,-1,-1
2025-03-10T17:10:53.083-04:00,IdeState,Inactive,,*,-1,-1
2025-03-10T17:10:54.084-04:00,IdeState,Inactive,,*,-1,-1
2025-03-10T17:10:55.085-04:00,IdeState,Inactive,,*,-1,-1
2025-03-10T17:10:56.089-04:00,IdeState,Inactive,,*,-1,-1
2025-03-10T17:10:57.097-04:00,IdeState,Inactive,,*,-1,-1
2025-03-10T17:10:58.099-04:00,IdeState,Inactive,,*,-1,-1
2025-03-10T17:10:59.105-04:00,IdeState,Inactive,,*,-1,-1
2025-03-10T17:11:00.108-04:00,IdeState,Inactive,,*,-1,-1
2025-03-10T17:11:01.112-04:00,IdeState,Inactive,,*,-1,-1
2025-03-10T17:11:02.113-04:00,IdeState,Inactive,,*,-1,-1
2025-03-10T17:11:03.116-04:00,IdeState,Inactive,,*,-1,-1
2025-03-10T17:11:04.119-04:00,IdeState,Inactive,,*,-1,-1
2025-03-10T17:11:05.120-04:00,IdeState,Inactive,,*,-1,-1
2025-03-10T17:11:06.128-04:00,IdeState,Inactive,,*,-1,-1
2025-03-10T17:11:07.131-04:00,IdeState,Inactive,,*,-1,-1
2025-03-10T17:11:08.131-04:00,IdeState,Inactive,,*,-1,-1
2025-03-10T17:11:09.134-04:00,IdeState,Inactive,,*,-1,-1
2025-03-10T17:11:10.136-04:00,IdeState,Inactive,,*,-1,-1
2025-03-10T17:11:11.138-04:00,IdeState,Inactive,,*,-1,-1
2025-03-10T17:11:12.140-04:00,IdeState,Inactive,,*,-1,-1
2025-03-10T17:11:13.148-04:00,IdeState,Inactive,,*,-1,-1
2025-03-10T17:11:14.151-04:00,IdeState,Inactive,,*,-1,-1
2025-03-10T17:11:15.158-04:00,IdeState,Inactive,,*,-1,-1
2025-03-10T17:11:16.162-04:00,IdeState,Inactive,,*,-1,-1
2025-03-10T17:11:17.164-04:00,IdeState,Inactive,,*,-1,-1
2025-03-10T17:11:18.166-04:00,IdeState,Inactive,,*,-1,-1
2025-03-10T17:11:19.167-04:00,IdeState,Inactive,,*,-1,-1
2025-03-10T17:11:20.168-04:00,IdeState,Inactive,,*,-1,-1
2025-03-10T17:11:21.171-04:00,IdeState,Inactive,,*,-1,-1
2025-03-10T17:11:22.175-04:00,IdeState,Inactive,,*,-1,-1
2025-03-10T17:11:23.177-04:00,IdeState,Inactive,,*,-1,-1
2025-03-10T17:11:24.179-04:00,IdeState,Inactive,,*,-1,-1
2025-03-10T17:11:25.182-04:00,IdeState,Inactive,,*,-1,-1
2025-03-10T17:11:26.184-04:00,IdeState,Inactive,,*,-1,-1
2025-03-10T17:11:27.187-04:00,IdeState,Inactive,,*,-1,-1
2025-03-10T17:11:28.188-04:00,IdeState,Inactive,,*,-1,-1
2025-03-10T17:11:29.190-04:00,IdeState,Inactive,,*,-1,-1
2025-03-10T17:11:30.213-04:00,IdeState,Inactive,,*,-1,-1
2025-03-10T17:11:31.217-04:00,IdeState,Inactive,,*,-1,-1
2025-03-10T17:11:32.227-04:00,IdeState,Inactive,,*,-1,-1
2025-03-10T17:11:33.230-04:00,IdeState,Inactive,,*,-1,-1
2025-03-10T17:11:34.235-04:00,IdeState,Inactive,,*,-1,-1
2025-03-10T17:11:35.252-04:00,IdeState,Inactive,,*,-1,-1
2025-03-10T17:11:36.254-04:00,IdeState,Inactive,,*,-1,-1
2025-03-10T17:11:37.256-04:00,IdeState,Inactive,,*,-1,-1
2025-03-10T17:11:38.257-04:00,IdeState,Inactive,,*,-1,-1
2025-03-10T17:11:39.260-04:00,IdeState,Inactive,,*,-1,-1
2025-03-10T17:11:40.262-04:00,IdeState,Inactive,,*,-1,-1
2025-03-10T17:11:41.263-04:00,IdeState,Inactive,,*,-1,-1
2025-03-10T17:11:42.266-04:00,IdeState,Inactive,,*,-1,-1
2025-03-10T17:11:43.269-04:00,IdeState,Inactive,,*,-1,-1
2025-03-10T17:11:44.270-04:00,IdeState,Inactive,,*,-1,-1
2025-03-10T17:11:45.274-04:00,IdeState,Inactive,,*,-1,-1
2025-03-10T17:11:46.274-04:00,IdeState,Inactive,,*,-1,-1
2025-03-10T17:11:47.276-04:00,IdeState,Inactive,,*,-1,-1
2025-03-10T17:11:48.278-04:00,IdeState,Inactive,,*,-1,-1
2025-03-10T17:11:49.281-04:00,IdeState,Inactive,,*,-1,-1
2025-03-10T17:11:50.286-04:00,IdeState,Inactive,,*,-1,-1
2025-03-10T17:11:51.288-04:00,IdeState,Inactive,,*,-1,-1
2025-03-10T17:11:52.289-04:00,IdeState,Inactive,,*,-1,-1
2025-03-10T17:11:53.292-04:00,IdeState,Inactive,,*,-1,-1
2025-03-10T17:11:54.293-04:00,IdeState,Inactive,,*,-1,-1
2025-03-10T17:11:55.296-04:00,IdeState,Inactive,,*,-1,-1
2025-03-10T17:11:56.297-04:00,IdeState,Inactive,,*,-1,-1
2025-03-10T17:11:57.299-04:00,IdeState,Inactive,,*,-1,-1
2025-03-10T17:11:58.301-04:00,IdeState,Inactive,,*,-1,-1
2025-03-10T17:11:59.303-04:00,IdeState,Inactive,,*,-1,-1
2025-03-10T17:12:00.306-04:00,IdeState,Inactive,,*,-1,-1
2025-03-10T17:12:01.310-04:00,IdeState,Inactive,,*,-1,-1
2025-03-10T17:12:02.311-04:00,IdeState,Inactive,,*,-1,-1
2025-03-10T17:12:03.313-04:00,IdeState,Inactive,,*,-1,-1
2025-03-10T17:12:04.316-04:00,IdeState,Inactive,,*,-1,-1
2025-03-10T17:12:05.319-04:00,IdeState,Inactive,,*,-1,-1
2025-03-10T17:12:06.322-04:00,IdeState,Inactive,,*,-1,-1
2025-03-10T17:12:07.324-04:00,IdeState,Inactive,,*,-1,-1
2025-03-10T17:12:08.329-04:00,IdeState,Inactive,,*,-1,-1
2025-03-10T17:12:09.336-04:00,IdeState,Inactive,,*,-1,-1
2025-03-10T17:12:10.339-04:00,IdeState,Inactive,,*,-1,-1
2025-03-10T17:12:11.341-04:00,IdeState,Inactive,,*,-1,-1
2025-03-10T17:12:12.353-04:00,IdeState,Inactive,,*,-1,-1
2025-03-10T17:12:13.355-04:00,IdeState,Inactive,,*,-1,-1
2025-03-10T17:12:14.357-04:00,IdeState,Inactive,,*,-1,-1
2025-03-10T17:12:15.369-04:00,IdeState,Inactive,,*,-1,-1
2025-03-10T17:12:16.372-04:00,IdeState,Inactive,,*,-1,-1
2025-03-10T17:12:17.376-04:00,IdeState,Inactive,,*,-1,-1
2025-03-10T17:12:18.381-04:00,IdeState,Inactive,,*,-1,-1
2025-03-10T17:12:19.386-04:00,IdeState,Inactive,,*,-1,-1
2025-03-10T17:12:20.388-04:00,IdeState,Inactive,,*,-1,-1
2025-03-10T17:12:21.390-04:00,IdeState,Inactive,,*,-1,-1
2025-03-10T17:12:22.391-04:00,IdeState,Inactive,,*,-1,-1
2025-03-10T17:12:23.392-04:00,IdeState,Inactive,,*,-1,-1
2025-03-10T17:12:24.394-04:00,IdeState,Inactive,,*,-1,-1
2025-03-10T17:12:25.396-04:00,IdeState,Inactive,,*,-1,-1
2025-03-10T17:12:26.398-04:00,IdeState,Inactive,,*,-1,-1
2025-03-10T17:12:27.399-04:00,IdeState,Inactive,,*,-1,-1
2025-03-10T17:12:28.401-04:00,IdeState,Inactive,,*,-1,-1
2025-03-10T17:12:29.403-04:00,IdeState,Inactive,,*,-1,-1
2025-03-10T17:12:30.405-04:00,IdeState,Inactive,,*,-1,-1
2025-03-10T17:12:31.407-04:00,IdeState,Inactive,,*,-1,-1
2025-03-10T17:12:32.413-04:00,IdeState,Inactive,,*,-1,-1
2025-03-10T17:12:33.420-04:00,IdeState,Inactive,,*,-1,-1
2025-03-10T17:12:34.430-04:00,IdeState,Inactive,,*,-1,-1
2025-03-10T17:12:35.431-04:00,IdeState,Inactive,,*,-1,-1
2025-03-10T17:12:36.433-04:00,IdeState,Inactive,,*,-1,-1
2025-03-10T17:12:37.434-04:00,IdeState,Inactive,,*,-1,-1
2025-03-10T17:12:38.438-04:00,IdeState,Inactive,,*,-1,-1
2025-03-10T17:12:39.439-04:00,IdeState,Inactive,,*,-1,-1
2025-03-10T17:12:40.441-04:00,IdeState,Inactive,,*,-1,-1
2025-03-10T17:12:41.444-04:00,IdeState,Inactive,,*,-1,-1
2025-03-10T17:12:42.445-04:00,IdeState,Inactive,,*,-1,-1
2025-03-10T17:12:43.447-04:00,IdeState,Inactive,,*,-1,-1
2025-03-10T17:12:44.448-04:00,IdeState,Inactive,,*,-1,-1
2025-03-10T17:12:45.451-04:00,IdeState,Inactive,,*,-1,-1
2025-03-10T17:12:46.453-04:00,IdeState,Inactive,,*,-1,-1
2025-03-10T17:12:47.455-04:00,IdeState,Inactive,,*,-1,-1
2025-03-10T17:12:48.465-04:00,IdeState,Inactive,,*,-1,-1
2025-03-10T17:12:49.466-04:00,IdeState,Inactive,,*,-1,-1
2025-03-10T17:12:50.474-04:00,IdeState,Inactive,,*,-1,-1
2025-03-10T17:12:51.476-04:00,IdeState,Inactive,,*,-1,-1
2025-03-10T17:12:52.477-04:00,IdeState,Inactive,,*,-1,-1
2025-03-10T17:12:53.478-04:00,IdeState,Inactive,,*,-1,-1
2025-03-10T17:12:54.480-04:00,IdeState,Inactive,,*,-1,-1
2025-03-10T17:12:55.482-04:00,IdeState,Inactive,,*,-1,-1
2025-03-10T17:12:56.483-04:00,IdeState,Inactive,,*,-1,-1
2025-03-10T17:12:57.486-04:00,IdeState,Inactive,,*,-1,-1
2025-03-10T17:12:58.488-04:00,IdeState,Inactive,,*,-1,-1
2025-03-10T17:12:59.490-04:00,IdeState,Inactive,,*,-1,-1
2025-03-10T17:13:00.493-04:00,IdeState,Inactive,,*,-1,-1
2025-03-10T17:13:01.495-04:00,IdeState,Inactive,,*,-1,-1
2025-03-10T17:13:02.497-04:00,IdeState,Inactive,,*,-1,-1
2025-03-10T17:13:03.498-04:00,IdeState,Inactive,,*,-1,-1
2025-03-10T17:13:04.500-04:00,IdeState,Inactive,,*,-1,-1
2025-03-10T17:13:05.502-04:00,IdeState,Inactive,,*,-1,-1
2025-03-10T17:13:06.503-04:00,IdeState,Inactive,,*,-1,-1
2025-03-10T17:13:07.534-04:00,IdeState,Inactive,,*,-1,-1
2025-03-10T17:13:08.536-04:00,IdeState,Inactive,,*,-1,-1
2025-03-10T17:13:09.537-04:00,IdeState,Inactive,,*,-1,-1
2025-03-10T17:13:10.538-04:00,IdeState,Inactive,,*,-1,-1
2025-03-10T17:13:11.540-04:00,IdeState,Inactive,,*,-1,-1
2025-03-10T17:13:12.542-04:00,IdeState,Inactive,,*,-1,-1
2025-03-10T17:13:13.544-04:00,IdeState,Inactive,,*,-1,-1
2025-03-10T17:13:14.546-04:00,IdeState,Inactive,,*,-1,-1
2025-03-10T17:13:15.550-04:00,IdeState,Inactive,,*,-1,-1
2025-03-10T17:13:16.551-04:00,IdeState,Inactive,,*,-1,-1
2025-03-10T17:13:17.553-04:00,IdeState,Inactive,,*,-1,-1
2025-03-10T17:13:18.555-04:00,IdeState,Inactive,,*,-1,-1
2025-03-10T17:13:19.560-04:00,IdeState,Inactive,,*,-1,-1
2025-03-10T17:13:20.560-04:00,IdeState,Inactive,,*,-1,-1
2025-03-10T17:13:21.565-04:00,IdeState,Inactive,,*,-1,-1
2025-03-10T17:13:22.566-04:00,IdeState,Inactive,,*,-1,-1
2025-03-10T17:13:23.568-04:00,IdeState,Inactive,,*,-1,-1
2025-03-10T17:13:24.568-04:00,IdeState,Inactive,,*,-1,-1
2025-03-10T17:13:25.571-04:00,IdeState,Inactive,,*,-1,-1
2025-03-10T17:13:26.573-04:00,IdeState,Inactive,,*,-1,-1
2025-03-10T17:13:27.577-04:00,IdeState,Inactive,,*,-1,-1
2025-03-10T17:13:28.578-04:00,IdeState,Inactive,,*,-1,-1
2025-03-10T17:13:29.580-04:00,IdeState,Inactive,,*,-1,-1
2025-03-10T17:13:30.581-04:00,IdeState,Inactive,,*,-1,-1
2025-03-10T17:13:31.583-04:00,IdeState,Inactive,,*,-1,-1
2025-03-10T17:13:32.584-04:00,IdeState,Inactive,,*,-1,-1
2025-03-10T17:13:33.586-04:00,IdeState,Inactive,,*,-1,-1
2025-03-10T17:13:34.588-04:00,IdeState,Inactive,,*,-1,-1
2025-03-10T17:13:35.590-04:00,IdeState,Inactive,,*,-1,-1
2025-03-10T17:13:36.591-04:00,IdeState,Inactive,,*,-1,-1
2025-03-10T17:13:37.594-04:00,IdeState,Inactive,,*,-1,-1
2025-03-10T17:13:38.597-04:00,IdeState,Inactive,,*,-1,-1
2025-03-10T17:13:39.599-04:00,IdeState,Inactive,,*,-1,-1
2025-03-10T17:13:40.601-04:00,IdeState,Inactive,,*,-1,-1
2025-03-10T17:13:41.603-04:00,IdeState,Inactive,,*,-1,-1
2025-03-10T17:13:42.605-04:00,IdeState,Inactive,,*,-1,-1
2025-03-10T17:13:43.608-04:00,IdeState,Inactive,,*,-1,-1
2025-03-10T17:13:44.609-04:00,IdeState,Inactive,,*,-1,-1
2025-03-10T17:13:45.611-04:00,IdeState,Inactive,,*,-1,-1
2025-03-10T17:13:46.611-04:00,IdeState,Inactive,,*,-1,-1
2025-03-10T17:13:47.613-04:00,IdeState,Inactive,,*,-1,-1
2025-03-10T17:13:48.616-04:00,IdeState,Inactive,,*,-1,-1
2025-03-10T17:13:49.618-04:00,IdeState,Inactive,,*,-1,-1
2025-03-10T17:13:50.620-04:00,IdeState,Inactive,,*,-1,-1
2025-03-10T17:13:51.660-04:00,IdeState,Inactive,,*,-1,-1
2025-03-10T17:13:52.665-04:00,IdeState,Inactive,,*,-1,-1
2025-03-10T17:13:53.670-04:00,IdeState,Inactive,,*,-1,-1
2025-03-10T17:13:54.675-04:00,IdeState,Inactive,,*,-1,-1
2025-03-10T17:13:55.677-04:00,IdeState,Inactive,,*,-1,-1
2025-03-10T17:13:56.679-04:00,IdeState,Inactive,,*,-1,-1
2025-03-10T17:13:57.680-04:00,IdeState,Inactive,,*,-1,-1
2025-03-10T17:13:58.725-04:00,IdeState,Inactive,,*,-1,-1
2025-03-10T17:13:59.729-04:00,IdeState,Inactive,,*,-1,-1
2025-03-10T17:14:00.731-04:00,IdeState,Inactive,,*,-1,-1
2025-03-10T17:14:01.733-04:00,IdeState,Inactive,,*,-1,-1
2025-03-10T17:14:02.733-04:00,IdeState,Inactive,,*,-1,-1
2025-03-10T17:14:03.735-04:00,IdeState,Inactive,,*,-1,-1
2025-03-10T17:14:04.737-04:00,IdeState,Inactive,,*,-1,-1
2025-03-10T17:14:05.739-04:00,IdeState,Inactive,,*,-1,-1
2025-03-10T17:14:06.740-04:00,IdeState,Inactive,,*,-1,-1
2025-03-10T17:14:07.741-04:00,IdeState,Inactive,,*,-1,-1
2025-03-10T17:14:08.742-04:00,IdeState,Inactive,,*,-1,-1
2025-03-10T17:14:09.745-04:00,IdeState,Inactive,,*,-1,-1
2025-03-10T17:14:10.748-04:00,IdeState,Inactive,,*,-1,-1
2025-03-10T17:14:11.750-04:00,IdeState,Inactive,,*,-1,-1
2025-03-10T17:14:12.751-04:00,IdeState,Inactive,,*,-1,-1
2025-03-10T17:14:13.753-04:00,IdeState,Inactive,,*,-1,-1
2025-03-10T17:14:14.757-04:00,IdeState,Inactive,,*,-1,-1
2025-03-10T17:14:15.761-04:00,IdeState,Inactive,,*,-1,-1
2025-03-10T17:14:16.767-04:00,IdeState,Inactive,,*,-1,-1
2025-03-10T17:14:17.769-04:00,IdeState,Inactive,,*,-1,-1
2025-03-10T17:14:18.795-04:00,IdeState,Inactive,,*,-1,-1
2025-03-10T17:14:19.840-04:00,IdeState,Inactive,,*,-1,-1
2025-03-10T17:14:20.843-04:00,IdeState,Inactive,,*,-1,-1
2025-03-10T17:14:21.846-04:00,IdeState,Inactive,,*,-1,-1
2025-03-10T17:14:22.848-04:00,IdeState,Inactive,,*,-1,-1
2025-03-10T17:14:23.850-04:00,IdeState,Inactive,,*,-1,-1
2025-03-10T17:14:24.853-04:00,IdeState,Inactive,,*,-1,-1
2025-03-10T17:14:25.858-04:00,IdeState,Inactive,,*,-1,-1
2025-03-10T17:14:26.869-04:00,IdeState,Inactive,,*,-1,-1
2025-03-10T17:14:27.879-04:00,IdeState,Inactive,,*,-1,-1
2025-03-10T17:14:28.879-04:00,IdeState,Inactive,,*,-1,-1
2025-03-10T17:14:29.882-04:00,IdeState,Inactive,,*,-1,-1
2025-03-10T17:14:30.886-04:00,IdeState,Inactive,,*,-1,-1
2025-03-10T17:14:31.887-04:00,IdeState,Inactive,,*,-1,-1
2025-03-10T17:14:32.889-04:00,IdeState,Inactive,,*,-1,-1
2025-03-10T17:14:33.891-04:00,IdeState,Inactive,,*,-1,-1
2025-03-10T17:14:34.892-04:00,IdeState,Inactive,,*,-1,-1
2025-03-10T17:14:35.893-04:00,IdeState,Inactive,,*,-1,-1
2025-03-10T17:14:36.895-04:00,IdeState,Inactive,,*,-1,-1
2025-03-10T17:14:37.899-04:00,IdeState,Inactive,,*,-1,-1
2025-03-10T17:14:38.900-04:00,IdeState,Inactive,,*,-1,-1
2025-03-10T17:14:39.902-04:00,IdeState,Inactive,,*,-1,-1
2025-03-10T17:14:40.903-04:00,IdeState,Inactive,,*,-1,-1
2025-03-10T17:14:41.904-04:00,IdeState,Inactive,,*,-1,-1
2025-03-10T17:14:42.906-04:00,IdeState,Inactive,,*,-1,-1
2025-03-10T17:14:43.908-04:00,IdeState,Inactive,,*,-1,-1
2025-03-10T17:14:44.912-04:00,IdeState,Inactive,,*,-1,-1
2025-03-10T17:14:45.914-04:00,IdeState,Inactive,,*,-1,-1
2025-03-10T17:14:46.916-04:00,IdeState,Inactive,,*,-1,-1
2025-03-10T17:14:47.918-04:00,IdeState,Inactive,,*,-1,-1
2025-03-10T17:14:48.920-04:00,IdeState,Inactive,,*,-1,-1
2025-03-10T17:14:49.922-04:00,IdeState,Inactive,,*,-1,-1
2025-03-10T17:14:50.924-04:00,IdeState,Inactive,,*,-1,-1
2025-03-10T17:14:51.927-04:00,IdeState,Inactive,,*,-1,-1
2025-03-10T17:14:52.929-04:00,IdeState,Inactive,,*,-1,-1
2025-03-10T17:14:53.930-04:00,IdeState,Inactive,,*,-1,-1
2025-03-10T17:14:54.932-04:00,IdeState,Inactive,,*,-1,-1
2025-03-10T17:14:55.934-04:00,IdeState,Inactive,,*,-1,-1
2025-03-10T17:14:56.936-04:00,IdeState,Inactive,,*,-1,-1
2025-03-10T17:14:57.938-04:00,IdeState,Inactive,,*,-1,-1
2025-03-10T17:14:58.939-04:00,IdeState,Inactive,,*,-1,-1
2025-03-10T17:14:59.940-04:00,IdeState,Inactive,,*,-1,-1
2025-03-10T17:15:00.944-04:00,IdeState,Inactive,,*,-1,-1
2025-03-10T17:15:01.945-04:00,IdeState,Inactive,,*,-1,-1
2025-03-10T17:15:02.948-04:00,IdeState,Inactive,,*,-1,-1
2025-03-10T17:15:03.949-04:00,IdeState,Inactive,,*,-1,-1
2025-03-10T17:15:04.950-04:00,IdeState,Inactive,,*,-1,-1
2025-03-10T17:15:05.951-04:00,IdeState,Inactive,,*,-1,-1
2025-03-10T17:15:06.955-04:00,IdeState,Inactive,,*,-1,-1
2025-03-10T17:15:07.956-04:00,IdeState,Inactive,,*,-1,-1
2025-03-10T17:15:08.957-04:00,IdeState,Inactive,,*,-1,-1
2025-03-10T17:15:09.960-04:00,IdeState,Inactive,,*,-1,-1
2025-03-10T17:15:10.961-04:00,IdeState,Inactive,,*,-1,-1
2025-03-10T17:15:11.964-04:00,IdeState,Inactive,,*,-1,-1
2025-03-10T17:15:12.966-04:00,IdeState,Inactive,,*,-1,-1
2025-03-10T17:15:13.967-04:00,IdeState,Inactive,,*,-1,-1
2025-03-10T17:15:14.970-04:00,IdeState,Inactive,,*,-1,-1
2025-03-10T17:15:15.972-04:00,IdeState,Inactive,,*,-1,-1
2025-03-10T17:15:16.976-04:00,IdeState,Inactive,,*,-1,-1
2025-03-10T17:15:17.978-04:00,IdeState,Inactive,,*,-1,-1
2025-03-10T17:15:18.979-04:00,IdeState,Inactive,,*,-1,-1
2025-03-10T17:15:19.982-04:00,IdeState,Inactive,,*,-1,-1
2025-03-10T17:15:20.983-04:00,IdeState,Inactive,,*,-1,-1
2025-03-10T17:15:21.988-04:00,IdeState,Inactive,,*,-1,-1
2025-03-10T17:15:22.990-04:00,IdeState,Inactive,,*,-1,-1
2025-03-10T17:15:23.993-04:00,IdeState,Inactive,,*,-1,-1
2025-03-10T17:15:24.994-04:00,IdeState,Inactive,,*,-1,-1
2025-03-10T17:15:25.995-04:00,IdeState,Inactive,,*,-1,-1
2025-03-10T17:15:26.998-04:00,IdeState,Inactive,,*,-1,-1
2025-03-10T17:15:28.000-04:00,IdeState,Inactive,,*,-1,-1
2025-03-10T17:15:29.002-04:00,IdeState,Inactive,,*,-1,-1
2025-03-10T17:15:30.013-04:00,IdeState,Inactive,,*,-1,-1
2025-03-10T17:15:31.015-04:00,IdeState,Inactive,,*,-1,-1
2025-03-10T17:15:32.016-04:00,IdeState,Inactive,,*,-1,-1
2025-03-10T17:15:33.017-04:00,IdeState,Inactive,,*,-1,-1
2025-03-10T17:15:34.018-04:00,IdeState,Inactive,,*,-1,-1
2025-03-10T17:15:35.021-04:00,IdeState,Inactive,,*,-1,-1
2025-03-10T17:15:36.029-04:00,IdeState,Inactive,,*,-1,-1
2025-03-10T17:15:37.051-04:00,IdeState,Inactive,,*,-1,-1
2025-03-10T17:15:38.053-04:00,IdeState,Inactive,,*,-1,-1
2025-03-10T17:15:39.054-04:00,IdeState,Inactive,,*,-1,-1
2025-03-10T17:15:40.057-04:00,IdeState,Inactive,,*,-1,-1
2025-03-10T17:15:41.058-04:00,IdeState,Inactive,,*,-1,-1
2025-03-10T17:15:42.060-04:00,IdeState,Inactive,,*,-1,-1
2025-03-10T17:15:43.062-04:00,IdeState,Inactive,,*,-1,-1
2025-03-10T17:15:44.063-04:00,IdeState,Inactive,,*,-1,-1
2025-03-10T17:15:45.064-04:00,IdeState,Inactive,,*,-1,-1
2025-03-10T17:15:46.073-04:00,IdeState,Inactive,,*,-1,-1
2025-03-10T17:15:47.075-04:00,IdeState,Inactive,,*,-1,-1
2025-03-10T17:15:48.077-04:00,IdeState,Inactive,,*,-1,-1
2025-03-10T17:15:49.078-04:00,IdeState,Inactive,,*,-1,-1
2025-03-10T17:15:50.080-04:00,IdeState,Inactive,,*,-1,-1
2025-03-10T17:15:51.084-04:00,IdeState,Inactive,,*,-1,-1
2025-03-10T17:15:52.087-04:00,IdeState,Inactive,,*,-1,-1
2025-03-10T17:15:53.089-04:00,IdeState,Inactive,,*,-1,-1
2025-03-10T17:15:54.090-04:00,IdeState,Inactive,,*,-1,-1
2025-03-10T17:15:55.092-04:00,IdeState,Inactive,,*,-1,-1
2025-03-10T17:15:56.093-04:00,IdeState,Inactive,,*,-1,-1
2025-03-10T17:15:57.094-04:00,IdeState,Inactive,,*,-1,-1
2025-03-10T17:15:58.096-04:00,IdeState,Inactive,,*,-1,-1
2025-03-10T17:15:59.097-04:00,IdeState,Inactive,,*,-1,-1
2025-03-10T17:16:00.098-04:00,IdeState,Inactive,,*,-1,-1
2025-03-10T17:16:01.099-04:00,IdeState,Inactive,,*,-1,-1
2025-03-10T17:16:02.100-04:00,IdeState,Inactive,,*,-1,-1
2025-03-10T17:16:03.103-04:00,IdeState,Inactive,,*,-1,-1
2025-03-10T17:16:04.105-04:00,IdeState,Inactive,,*,-1,-1
2025-03-10T17:16:05.106-04:00,IdeState,Inactive,,*,-1,-1
2025-03-10T17:16:06.108-04:00,IdeState,Inactive,,*,-1,-1
2025-03-10T17:16:07.108-04:00,IdeState,Inactive,,*,-1,-1
2025-03-10T17:16:08.109-04:00,IdeState,Inactive,,*,-1,-1
2025-03-10T17:16:09.111-04:00,IdeState,Inactive,,*,-1,-1
2025-03-10T17:16:10.112-04:00,IdeState,Inactive,,*,-1,-1
2025-03-10T17:16:11.114-04:00,IdeState,Inactive,,*,-1,-1
2025-03-10T17:16:12.116-04:00,IdeState,Inactive,,*,-1,-1
2025-03-10T17:16:13.116-04:00,IdeState,Inactive,,*,-1,-1
2025-03-10T17:16:14.118-04:00,IdeState,Inactive,,*,-1,-1
2025-03-10T17:16:15.123-04:00,IdeState,Inactive,,*,-1,-1
2025-03-10T17:16:16.124-04:00,IdeState,Inactive,,*,-1,-1
2025-03-10T17:16:17.125-04:00,IdeState,Inactive,,*,-1,-1
2025-03-10T17:16:18.126-04:00,IdeState,Inactive,,*,-1,-1
2025-03-10T17:16:19.129-04:00,IdeState,Inactive,,*,-1,-1
2025-03-10T17:16:20.130-04:00,IdeState,Inactive,,*,-1,-1
2025-03-10T17:16:21.135-04:00,IdeState,Inactive,,*,-1,-1
2025-03-10T17:16:22.137-04:00,IdeState,Inactive,,*,-1,-1
2025-03-10T17:16:23.139-04:00,IdeState,Inactive,,*,-1,-1
2025-03-10T17:16:24.141-04:00,IdeState,Inactive,,*,-1,-1
2025-03-10T17:16:25.144-04:00,IdeState,Inactive,,*,-1,-1
2025-03-10T17:16:26.146-04:00,IdeState,Inactive,,*,-1,-1
2025-03-10T17:16:27.150-04:00,IdeState,Inactive,,*,-1,-1
2025-03-10T17:16:28.152-04:00,IdeState,Inactive,,*,-1,-1
2025-03-10T17:16:29.153-04:00,IdeState,Inactive,,*,-1,-1
2025-03-10T17:16:30.168-04:00,IdeState,Inactive,,*,-1,-1
2025-03-10T17:16:31.172-04:00,IdeState,Inactive,,*,-1,-1
2025-03-10T17:16:32.175-04:00,IdeState,Inactive,,*,-1,-1
2025-03-10T17:16:33.178-04:00,IdeState,Inactive,,*,-1,-1
2025-03-10T17:16:34.180-04:00,IdeState,Inactive,,*,-1,-1
2025-03-10T17:16:35.182-04:00,IdeState,Inactive,,*,-1,-1
2025-03-10T17:16:36.185-04:00,IdeState,Inactive,,*,-1,-1
2025-03-10T17:16:37.189-04:00,IdeState,Inactive,,*,-1,-1
2025-03-10T17:16:38.193-04:00,IdeState,Inactive,,*,-1,-1
2025-03-10T17:16:39.195-04:00,IdeState,Inactive,,*,-1,-1
2025-03-10T17:16:40.196-04:00,IdeState,Inactive,,*,-1,-1
2025-03-10T17:16:41.198-04:00,IdeState,Inactive,,*,-1,-1
2025-03-10T17:16:42.200-04:00,IdeState,Inactive,,*,-1,-1
2025-03-10T17:16:43.219-04:00,IdeState,Inactive,,*,-1,-1
2025-03-10T17:16:44.222-04:00,IdeState,Inactive,,*,-1,-1
2025-03-10T17:16:45.224-04:00,IdeState,Inactive,,*,-1,-1
2025-03-10T17:16:46.224-04:00,IdeState,Inactive,,*,-1,-1
2025-03-10T17:16:47.232-04:00,IdeState,Inactive,,*,-1,-1
2025-03-10T17:16:48.235-04:00,IdeState,Inactive,,*,-1,-1
2025-03-10T17:16:49.236-04:00,IdeState,Inactive,,*,-1,-1
2025-03-10T17:16:50.238-04:00,IdeState,Inactive,,*,-1,-1
2025-03-10T17:16:51.239-04:00,IdeState,Inactive,,*,-1,-1
2025-03-10T17:16:52.242-04:00,IdeState,Inactive,,*,-1,-1
2025-03-10T17:16:53.244-04:00,IdeState,Inactive,,*,-1,-1
2025-03-10T17:16:54.245-04:00,IdeState,Inactive,,*,-1,-1
2025-03-10T17:16:55.248-04:00,IdeState,Inactive,,*,-1,-1
2025-03-10T17:16:56.250-04:00,IdeState,Inactive,,*,-1,-1
2025-03-10T17:16:57.252-04:00,IdeState,Inactive,,*,-1,-1
2025-03-10T17:16:58.253-04:00,IdeState,Inactive,,*,-1,-1
2025-03-10T17:16:59.254-04:00,IdeState,Inactive,,*,-1,-1
2025-03-10T17:17:00.260-04:00,IdeState,Inactive,,*,-1,-1
2025-03-10T17:17:01.260-04:00,IdeState,Inactive,,*,-1,-1
2025-03-10T17:17:02.263-04:00,IdeState,Inactive,,*,-1,-1
2025-03-10T17:17:03.270-04:00,IdeState,Inactive,,*,-1,-1
2025-03-10T17:17:04.272-04:00,IdeState,Inactive,,*,-1,-1
2025-03-10T17:17:05.274-04:00,IdeState,Inactive,,*,-1,-1
2025-03-10T17:17:06.275-04:00,IdeState,Inactive,,*,-1,-1
2025-03-10T17:17:07.279-04:00,IdeState,Inactive,,*,-1,-1
2025-03-10T17:17:08.304-04:00,IdeState,Inactive,,*,-1,-1
2025-03-10T17:17:09.307-04:00,IdeState,Inactive,,*,-1,-1
2025-03-10T17:17:10.307-04:00,IdeState,Inactive,,*,-1,-1
2025-03-10T17:17:11.310-04:00,IdeState,Inactive,,*,-1,-1
2025-03-10T17:17:12.311-04:00,IdeState,Inactive,,*,-1,-1
2025-03-10T17:17:13.316-04:00,IdeState,Inactive,,*,-1,-1
2025-03-10T17:17:14.319-04:00,IdeState,Inactive,,*,-1,-1
2025-03-10T17:17:15.323-04:00,IdeState,Inactive,,*,-1,-1
2025-03-10T17:17:16.325-04:00,IdeState,Inactive,,*,-1,-1
2025-03-10T17:17:17.342-04:00,IdeState,Inactive,,*,-1,-1
2025-03-10T17:17:18.345-04:00,IdeState,Inactive,,*,-1,-1
2025-03-10T17:17:19.347-04:00,IdeState,Inactive,,*,-1,-1
2025-03-10T17:17:20.350-04:00,IdeState,Inactive,,*,-1,-1
2025-03-10T17:17:21.353-04:00,IdeState,Inactive,,*,-1,-1
2025-03-10T17:17:22.354-04:00,IdeState,Inactive,,*,-1,-1
2025-03-10T17:17:23.355-04:00,IdeState,Inactive,,*,-1,-1
2025-03-10T17:17:24.358-04:00,IdeState,Inactive,,*,-1,-1
2025-03-10T17:17:25.359-04:00,IdeState,Inactive,,*,-1,-1
2025-03-10T17:17:26.360-04:00,IdeState,Inactive,,*,-1,-1
2025-03-10T17:17:27.363-04:00,IdeState,Inactive,,*,-1,-1
2025-03-10T17:17:28.365-04:00,IdeState,Inactive,,*,-1,-1
2025-03-10T17:17:29.366-04:00,IdeState,Inactive,,*,-1,-1
2025-03-10T17:17:30.368-04:00,IdeState,Inactive,,*,-1,-1
2025-03-10T17:17:31.369-04:00,IdeState,Inactive,,*,-1,-1
2025-03-10T17:17:32.370-04:00,IdeState,Inactive,,*,-1,-1
2025-03-10T17:17:33.373-04:00,IdeState,Inactive,,*,-1,-1
2025-03-10T17:17:34.376-04:00,IdeState,Inactive,,*,-1,-1
2025-03-10T17:17:35.377-04:00,IdeState,Inactive,,*,-1,-1
2025-03-10T17:17:36.379-04:00,IdeState,Inactive,,*,-1,-1
2025-03-10T17:17:37.382-04:00,IdeState,Inactive,,*,-1,-1
2025-03-10T17:17:38.383-04:00,IdeState,Inactive,,*,-1,-1
2025-03-10T17:17:39.387-04:00,IdeState,Inactive,,*,-1,-1
2025-03-10T17:17:40.388-04:00,IdeState,Inactive,,*,-1,-1
2025-03-10T17:17:41.390-04:00,IdeState,Inactive,,*,-1,-1
2025-03-10T17:17:42.392-04:00,IdeState,Inactive,,*,-1,-1
2025-03-10T17:17:43.395-04:00,IdeState,Inactive,,*,-1,-1
2025-03-10T17:17:44.396-04:00,IdeState,Inactive,,*,-1,-1
2025-03-10T17:17:45.398-04:00,IdeState,Inactive,,*,-1,-1
2025-03-10T17:17:46.400-04:00,IdeState,Inactive,,*,-1,-1
2025-03-10T17:17:47.401-04:00,IdeState,Inactive,,*,-1,-1
2025-03-10T17:17:48.403-04:00,IdeState,Inactive,,*,-1,-1
2025-03-10T17:17:49.405-04:00,IdeState,Inactive,,*,-1,-1
2025-03-10T17:17:50.413-04:00,IdeState,Inactive,,*,-1,-1
2025-03-10T17:17:51.415-04:00,IdeState,Inactive,,*,-1,-1
2025-03-10T17:17:52.417-04:00,IdeState,Inactive,,*,-1,-1
2025-03-10T17:17:53.419-04:00,IdeState,Inactive,,*,-1,-1
2025-03-10T17:17:54.419-04:00,IdeState,Inactive,,*,-1,-1
2025-03-10T17:17:55.420-04:00,IdeState,Inactive,,*,-1,-1
2025-03-10T17:17:56.429-04:00,IdeState,Inactive,,*,-1,-1
2025-03-10T17:17:57.433-04:00,IdeState,Inactive,,*,-1,-1
2025-03-10T17:17:58.482-04:00,IdeState,Inactive,,*,-1,-1
2025-03-10T17:17:59.491-04:00,IdeState,Inactive,,*,-1,-1
2025-03-10T17:18:00.492-04:00,IdeState,Inactive,,*,-1,-1
2025-03-10T17:18:01.495-04:00,IdeState,Inactive,,*,-1,-1
2025-03-10T17:18:02.496-04:00,IdeState,Inactive,,*,-1,-1
2025-03-10T17:18:03.498-04:00,IdeState,Inactive,,*,-1,-1
2025-03-10T17:18:04.499-04:00,IdeState,Inactive,,*,-1,-1
2025-03-10T17:18:05.502-04:00,IdeState,Inactive,,*,-1,-1
2025-03-10T17:18:06.505-04:00,IdeState,Inactive,,*,-1,-1
2025-03-10T17:18:07.507-04:00,IdeState,Inactive,,*,-1,-1
2025-03-10T17:18:08.509-04:00,IdeState,Inactive,,*,-1,-1
2025-03-10T17:18:09.510-04:00,IdeState,Inactive,,*,-1,-1
2025-03-10T17:18:10.510-04:00,IdeState,Inactive,,*,-1,-1
2025-03-10T17:18:11.515-04:00,IdeState,Inactive,,*,-1,-1
2025-03-10T17:18:12.517-04:00,IdeState,Inactive,,*,-1,-1
2025-03-10T17:18:13.519-04:00,IdeState,Inactive,,*,-1,-1
2025-03-10T17:18:14.521-04:00,IdeState,Inactive,,*,-1,-1
2025-03-10T17:18:15.523-04:00,IdeState,Inactive,,*,-1,-1
2025-03-10T17:18:16.525-04:00,IdeState,Inactive,,*,-1,-1
2025-03-10T17:18:17.526-04:00,IdeState,Inactive,,*,-1,-1
2025-03-10T17:18:18.527-04:00,IdeState,Inactive,,*,-1,-1
2025-03-10T17:18:19.528-04:00,IdeState,Inactive,,*,-1,-1
2025-03-10T17:18:20.530-04:00,IdeState,Inactive,,*,-1,-1
2025-03-10T17:18:21.531-04:00,IdeState,Inactive,,*,-1,-1
2025-03-10T17:18:22.532-04:00,IdeState,Inactive,,*,-1,-1
2025-03-10T17:18:23.535-04:00,IdeState,Inactive,,*,-1,-1
2025-03-10T17:18:24.562-04:00,IdeState,Inactive,,*,-1,-1
2025-03-10T17:18:25.564-04:00,IdeState,Inactive,,*,-1,-1
2025-03-10T17:18:26.565-04:00,IdeState,Inactive,,*,-1,-1
2025-03-10T17:18:27.566-04:00,IdeState,Inactive,,*,-1,-1
2025-03-10T17:18:28.568-04:00,IdeState,Inactive,,*,-1,-1
2025-03-10T17:18:29.571-04:00,IdeState,Inactive,,*,-1,-1
2025-03-10T17:18:30.572-04:00,IdeState,Inactive,,*,-1,-1
2025-03-10T17:18:31.575-04:00,IdeState,Inactive,,*,-1,-1
2025-03-10T17:18:32.578-04:00,IdeState,Inactive,,*,-1,-1
2025-03-10T17:18:33.580-04:00,IdeState,Inactive,,*,-1,-1
2025-03-10T17:18:34.582-04:00,IdeState,Inactive,,*,-1,-1
2025-03-10T17:18:35.583-04:00,IdeState,Inactive,,*,-1,-1
2025-03-10T17:18:36.585-04:00,IdeState,Inactive,,*,-1,-1
2025-03-10T17:18:37.587-04:00,IdeState,Inactive,,*,-1,-1
2025-03-10T17:18:38.590-04:00,IdeState,Inactive,,*,-1,-1
2025-03-10T17:18:39.592-04:00,IdeState,Inactive,,*,-1,-1
2025-03-10T17:18:40.594-04:00,IdeState,Inactive,,*,-1,-1
2025-03-10T17:18:41.596-04:00,IdeState,Inactive,,*,-1,-1
2025-03-10T17:18:42.602-04:00,IdeState,Inactive,,*,-1,-1
2025-03-10T17:18:43.607-04:00,IdeState,Inactive,,*,-1,-1
2025-03-10T17:18:44.608-04:00,IdeState,Inactive,,*,-1,-1
2025-03-10T17:18:45.610-04:00,IdeState,Inactive,,*,-1,-1
2025-03-10T17:18:46.612-04:00,IdeState,Inactive,,*,-1,-1
2025-03-10T17:18:47.614-04:00,IdeState,Inactive,,*,-1,-1
2025-03-10T17:18:48.628-04:00,IdeState,Inactive,,*,-1,-1
2025-03-10T17:18:49.629-04:00,IdeState,Inactive,,*,-1,-1
2025-03-10T17:18:50.631-04:00,IdeState,Inactive,,*,-1,-1
2025-03-10T17:18:51.633-04:00,IdeState,Inactive,,*,-1,-1
2025-03-10T17:18:52.634-04:00,IdeState,Inactive,,*,-1,-1
2025-03-10T17:18:53.640-04:00,IdeState,Inactive,,*,-1,-1
2025-03-10T17:18:54.641-04:00,IdeState,Inactive,,*,-1,-1
2025-03-10T17:18:55.645-04:00,IdeState,Inactive,,*,-1,-1
2025-03-10T17:18:56.646-04:00,IdeState,Inactive,,*,-1,-1
2025-03-10T17:18:57.648-04:00,IdeState,Inactive,,*,-1,-1
2025-03-10T17:18:58.650-04:00,IdeState,Inactive,,*,-1,-1
2025-03-10T17:18:59.666-04:00,IdeState,Inactive,,*,-1,-1
2025-03-10T17:19:00.667-04:00,IdeState,Inactive,,*,-1,-1
2025-03-10T17:19:01.668-04:00,IdeState,Inactive,,*,-1,-1
2025-03-10T17:19:02.669-04:00,IdeState,Inactive,,*,-1,-1
2025-03-10T17:19:03.671-04:00,IdeState,Inactive,,*,-1,-1
2025-03-10T17:19:04.672-04:00,IdeState,Inactive,,*,-1,-1
2025-03-10T17:19:05.674-04:00,IdeState,Inactive,,*,-1,-1
2025-03-10T17:19:06.675-04:00,IdeState,Inactive,,*,-1,-1
2025-03-10T17:19:07.678-04:00,IdeState,Inactive,,*,-1,-1
2025-03-10T17:19:08.679-04:00,IdeState,Inactive,,*,-1,-1
2025-03-10T17:19:09.680-04:00,IdeState,Inactive,,*,-1,-1
2025-03-10T17:19:10.681-04:00,IdeState,Inactive,,*,-1,-1
2025-03-10T17:19:11.684-04:00,IdeState,Inactive,,*,-1,-1
2025-03-10T17:19:12.687-04:00,IdeState,Inactive,,*,-1,-1
2025-03-10T17:19:13.687-04:00,IdeState,Inactive,,*,-1,-1
2025-03-10T17:19:14.689-04:00,IdeState,Inactive,,*,-1,-1
2025-03-10T17:19:15.691-04:00,IdeState,Inactive,,*,-1,-1
2025-03-10T17:19:16.692-04:00,IdeState,Inactive,,*,-1,-1
2025-03-10T17:19:17.707-04:00,IdeState,Inactive,,*,-1,-1
2025-03-10T17:19:18.708-04:00,IdeState,Inactive,,*,-1,-1
2025-03-10T17:19:19.710-04:00,IdeState,Inactive,,*,-1,-1
2025-03-10T17:19:20.711-04:00,IdeState,Inactive,,*,-1,-1
2025-03-10T17:19:21.713-04:00,IdeState,Inactive,,*,-1,-1
2025-03-10T17:19:22.714-04:00,IdeState,Inactive,,*,-1,-1
2025-03-10T17:19:23.716-04:00,IdeState,Inactive,,*,-1,-1
2025-03-10T17:19:24.718-04:00,IdeState,Inactive,,*,-1,-1
2025-03-10T17:19:25.719-04:00,IdeState,Inactive,,*,-1,-1
2025-03-10T17:19:26.721-04:00,IdeState,Inactive,,*,-1,-1
2025-03-10T17:19:27.723-04:00,IdeState,Inactive,,*,-1,-1
2025-03-10T17:19:28.728-04:00,IdeState,Inactive,,*,-1,-1
2025-03-10T17:19:29.731-04:00,IdeState,Inactive,,*,-1,-1
2025-03-10T17:19:30.737-04:00,IdeState,Inactive,,*,-1,-1
2025-03-10T17:19:31.743-04:00,IdeState,Inactive,,*,-1,-1
2025-03-10T17:19:32.746-04:00,IdeState,Inactive,,*,-1,-1
2025-03-10T17:19:33.747-04:00,IdeState,Inactive,,*,-1,-1
2025-03-10T17:19:34.750-04:00,IdeState,Inactive,,*,-1,-1
2025-03-10T17:19:35.751-04:00,IdeState,Inactive,,*,-1,-1
2025-03-10T17:19:36.752-04:00,IdeState,Inactive,,*,-1,-1
2025-03-10T17:19:37.753-04:00,IdeState,Inactive,,*,-1,-1
2025-03-10T17:19:38.755-04:00,IdeState,Inactive,,*,-1,-1
2025-03-10T17:19:39.756-04:00,IdeState,Inactive,,*,-1,-1
2025-03-10T17:19:40.758-04:00,IdeState,Inactive,,*,-1,-1
2025-03-10T17:19:41.760-04:00,IdeState,Inactive,,*,-1,-1
2025-03-10T17:19:42.761-04:00,IdeState,Inactive,,*,-1,-1
2025-03-10T17:19:43.769-04:00,IdeState,Inactive,,*,-1,-1
2025-03-10T17:19:44.771-04:00,IdeState,Inactive,,*,-1,-1
2025-03-10T17:19:45.773-04:00,IdeState,Inactive,,*,-1,-1
2025-03-10T17:19:46.776-04:00,IdeState,Inactive,,*,-1,-1
2025-03-10T17:19:47.777-04:00,IdeState,Inactive,,*,-1,-1
2025-03-10T17:19:48.784-04:00,IdeState,Inactive,,*,-1,-1
2025-03-10T17:19:49.787-04:00,IdeState,Inactive,,*,-1,-1
2025-03-10T17:19:50.789-04:00,IdeState,Inactive,,*,-1,-1
2025-03-10T17:19:51.791-04:00,IdeState,Inactive,,*,-1,-1
2025-03-10T17:19:52.793-04:00,IdeState,Inactive,,*,-1,-1
2025-03-10T17:19:53.795-04:00,IdeState,Inactive,,*,-1,-1
2025-03-10T17:19:54.813-04:00,IdeState,Inactive,,*,-1,-1
2025-03-10T17:19:55.813-04:00,IdeState,Inactive,,*,-1,-1
2025-03-10T17:19:56.817-04:00,IdeState,Inactive,,*,-1,-1
2025-03-10T17:19:57.818-04:00,IdeState,Inactive,,*,-1,-1
2025-03-10T17:19:58.821-04:00,IdeState,Inactive,,*,-1,-1
2025-03-10T17:19:59.823-04:00,IdeState,Inactive,,*,-1,-1
2025-03-10T17:20:00.825-04:00,IdeState,Inactive,,*,-1,-1
2025-03-10T17:20:01.826-04:00,IdeState,Inactive,,*,-1,-1
2025-03-10T17:20:02.828-04:00,IdeState,Inactive,,*,-1,-1
2025-03-10T17:20:03.830-04:00,IdeState,Inactive,,*,-1,-1
2025-03-10T17:20:04.833-04:00,IdeState,Inactive,,*,-1,-1
2025-03-10T17:20:05.835-04:00,IdeState,Inactive,,*,-1,-1
2025-03-10T17:20:06.836-04:00,IdeState,Inactive,,*,-1,-1
2025-03-10T17:20:07.838-04:00,IdeState,Inactive,,*,-1,-1
2025-03-10T17:20:08.843-04:00,IdeState,Inactive,,*,-1,-1
2025-03-10T17:20:09.845-04:00,IdeState,Inactive,,*,-1,-1
2025-03-10T17:20:10.848-04:00,IdeState,Inactive,,*,-1,-1
2025-03-10T17:20:11.849-04:00,IdeState,Inactive,,*,-1,-1
2025-03-10T17:20:12.851-04:00,IdeState,Inactive,,*,-1,-1
2025-03-10T17:20:13.852-04:00,IdeState,Inactive,,*,-1,-1
2025-03-10T17:20:14.854-04:00,IdeState,Inactive,,*,-1,-1
2025-03-10T17:20:15.855-04:00,IdeState,Inactive,,*,-1,-1
2025-03-10T17:20:16.857-04:00,IdeState,Inactive,,*,-1,-1
2025-03-10T17:20:17.859-04:00,IdeState,Inactive,,*,-1,-1
2025-03-10T17:20:18.860-04:00,IdeState,Inactive,,*,-1,-1
2025-03-10T17:20:19.860-04:00,IdeState,Inactive,,*,-1,-1
2025-03-10T17:20:20.862-04:00,IdeState,Inactive,,*,-1,-1
2025-03-10T17:20:21.893-04:00,IdeState,Inactive,,*,-1,-1
2025-03-10T17:20:22.894-04:00,IdeState,Inactive,,*,-1,-1
2025-03-10T17:20:23.896-04:00,IdeState,Inactive,,*,-1,-1
2025-03-10T17:20:24.899-04:00,IdeState,Inactive,,*,-1,-1
2025-03-10T17:20:25.900-04:00,IdeState,Inactive,,*,-1,-1
2025-03-10T17:20:26.938-04:00,IdeState,Inactive,,*,-1,-1
2025-03-10T17:20:27.939-04:00,IdeState,Inactive,,*,-1,-1
2025-03-10T17:20:28.940-04:00,IdeState,Inactive,,*,-1,-1
2025-03-10T17:20:29.943-04:00,IdeState,Inactive,,*,-1,-1
2025-03-10T17:20:30.945-04:00,IdeState,Inactive,,*,-1,-1
2025-03-10T17:20:31.948-04:00,IdeState,Inactive,,*,-1,-1
2025-03-10T17:20:32.949-04:00,IdeState,Inactive,,*,-1,-1
2025-03-10T17:20:33.950-04:00,IdeState,Inactive,,*,-1,-1
2025-03-10T17:20:34.952-04:00,IdeState,Inactive,,*,-1,-1
2025-03-10T17:20:35.953-04:00,IdeState,Inactive,,*,-1,-1
2025-03-10T17:20:36.954-04:00,IdeState,Inactive,,*,-1,-1
2025-03-10T17:20:37.956-04:00,IdeState,Inactive,,*,-1,-1
2025-03-10T17:20:38.972-04:00,IdeState,Inactive,,*,-1,-1
2025-03-10T17:20:39.974-04:00,IdeState,Inactive,,*,-1,-1
2025-03-10T17:20:40.976-04:00,IdeState,Inactive,,*,-1,-1
2025-03-10T17:20:41.983-04:00,IdeState,Inactive,,*,-1,-1
2025-03-10T17:20:42.985-04:00,IdeState,Inactive,,*,-1,-1
2025-03-10T17:20:43.986-04:00,IdeState,Inactive,,*,-1,-1
2025-03-10T17:20:44.991-04:00,IdeState,Inactive,,*,-1,-1
2025-03-10T17:20:45.994-04:00,IdeState,Inactive,,*,-1,-1
2025-03-10T17:20:46.995-04:00,IdeState,Inactive,,*,-1,-1
2025-03-10T17:20:47.997-04:00,IdeState,Inactive,,*,-1,-1
2025-03-10T17:20:49.004-04:00,IdeState,Inactive,,*,-1,-1
2025-03-10T17:20:50.005-04:00,IdeState,Inactive,,*,-1,-1
2025-03-10T17:20:51.009-04:00,IdeState,Inactive,,*,-1,-1
2025-03-10T17:20:52.011-04:00,IdeState,Inactive,,*,-1,-1
2025-03-10T17:20:53.031-04:00,IdeState,Inactive,,*,-1,-1
2025-03-10T17:20:54.036-04:00,IdeState,Inactive,,*,-1,-1
2025-03-10T17:20:55.038-04:00,IdeState,Inactive,,*,-1,-1
2025-03-10T17:20:56.040-04:00,IdeState,Inactive,,*,-1,-1
2025-03-10T17:20:57.042-04:00,IdeState,Inactive,,*,-1,-1
2025-03-10T17:20:58.044-04:00,IdeState,Inactive,,*,-1,-1
2025-03-10T17:20:59.045-04:00,IdeState,Inactive,,*,-1,-1
2025-03-10T17:21:00.046-04:00,IdeState,Inactive,,*,-1,-1
2025-03-10T17:21:01.055-04:00,IdeState,Inactive,,*,-1,-1
2025-03-10T17:21:02.058-04:00,IdeState,Inactive,,*,-1,-1
2025-03-10T17:21:03.059-04:00,IdeState,Inactive,,*,-1,-1
2025-03-10T17:21:04.061-04:00,IdeState,Inactive,,*,-1,-1
2025-03-10T17:21:05.062-04:00,IdeState,Inactive,,*,-1,-1
2025-03-10T17:21:06.062-04:00,IdeState,Inactive,,*,-1,-1
2025-03-10T17:21:07.064-04:00,IdeState,Inactive,,*,-1,-1
2025-03-10T17:21:08.069-04:00,IdeState,Inactive,,*,-1,-1
2025-03-10T17:21:09.070-04:00,IdeState,Inactive,,*,-1,-1
2025-03-10T17:21:10.071-04:00,IdeState,Inactive,,*,-1,-1
2025-03-10T17:21:11.073-04:00,IdeState,Inactive,,*,-1,-1
2025-03-10T17:21:12.074-04:00,IdeState,Inactive,,*,-1,-1
2025-03-10T17:21:13.076-04:00,IdeState,Inactive,,*,-1,-1
2025-03-10T17:21:14.078-04:00,IdeState,Inactive,,*,-1,-1
2025-03-10T17:21:15.079-04:00,IdeState,Inactive,,*,-1,-1
2025-03-10T17:21:16.081-04:00,IdeState,Inactive,,*,-1,-1
2025-03-10T17:21:17.083-04:00,IdeState,Inactive,,*,-1,-1
2025-03-10T17:21:18.085-04:00,IdeState,Inactive,,*,-1,-1
2025-03-10T17:21:19.086-04:00,IdeState,Inactive,,*,-1,-1
2025-03-10T17:21:20.087-04:00,IdeState,Inactive,,*,-1,-1
2025-03-10T17:21:21.088-04:00,IdeState,Inactive,,*,-1,-1
2025-03-10T17:21:22.146-04:00,IdeState,Inactive,,*,-1,-1
2025-03-10T17:21:23.147-04:00,IdeState,Inactive,,*,-1,-1
2025-03-10T17:21:24.148-04:00,IdeState,Inactive,,*,-1,-1
2025-03-10T17:21:25.150-04:00,IdeState,Inactive,,*,-1,-1
2025-03-10T17:21:26.151-04:00,IdeState,Inactive,,*,-1,-1
2025-03-10T17:21:27.151-04:00,IdeState,Inactive,,*,-1,-1
2025-03-10T17:21:28.153-04:00,IdeState,Inactive,,*,-1,-1
2025-03-10T17:21:29.155-04:00,IdeState,Inactive,,*,-1,-1
2025-03-10T17:21:30.156-04:00,IdeState,Inactive,,*,-1,-1
2025-03-10T17:21:31.158-04:00,IdeState,Inactive,,*,-1,-1
2025-03-10T17:21:32.160-04:00,IdeState,Inactive,,*,-1,-1
2025-03-10T17:21:33.162-04:00,IdeState,Inactive,,*,-1,-1
2025-03-10T17:21:34.163-04:00,IdeState,Inactive,,*,-1,-1
2025-03-10T17:21:35.164-04:00,IdeState,Inactive,,*,-1,-1
2025-03-10T17:21:36.165-04:00,IdeState,Inactive,,*,-1,-1
2025-03-10T17:21:37.166-04:00,IdeState,Inactive,,*,-1,-1
2025-03-10T17:21:38.167-04:00,IdeState,Inactive,,*,-1,-1
2025-03-10T17:21:39.170-04:00,IdeState,Inactive,,*,-1,-1
2025-03-10T17:21:40.170-04:00,IdeState,Inactive,,*,-1,-1
2025-03-10T17:21:41.171-04:00,IdeState,Inactive,,*,-1,-1
2025-03-10T17:21:42.174-04:00,IdeState,Inactive,,*,-1,-1
2025-03-10T17:21:43.176-04:00,IdeState,Inactive,,*,-1,-1
2025-03-10T17:21:44.177-04:00,IdeState,Inactive,,*,-1,-1
2025-03-10T17:21:45.178-04:00,IdeState,Inactive,,*,-1,-1
2025-03-10T17:21:46.180-04:00,IdeState,Inactive,,*,-1,-1
2025-03-10T17:21:47.182-04:00,IdeState,Inactive,,*,-1,-1
2025-03-10T17:21:48.185-04:00,IdeState,Inactive,,*,-1,-1
2025-03-10T17:21:49.186-04:00,IdeState,Inactive,,*,-1,-1
2025-03-10T17:21:50.189-04:00,IdeState,Inactive,,*,-1,-1
2025-03-10T17:21:51.190-04:00,IdeState,Inactive,,*,-1,-1
2025-03-10T17:21:52.191-04:00,IdeState,Inactive,,*,-1,-1
2025-03-10T17:21:53.192-04:00,IdeState,Inactive,,*,-1,-1
2025-03-10T17:21:54.193-04:00,IdeState,Inactive,,*,-1,-1
2025-03-10T17:21:55.194-04:00,IdeState,Inactive,,*,-1,-1
2025-03-10T17:21:56.197-04:00,IdeState,Inactive,,*,-1,-1
2025-03-10T17:21:57.199-04:00,IdeState,Inactive,,*,-1,-1
2025-03-10T17:21:58.200-04:00,IdeState,Inactive,,*,-1,-1
2025-03-10T17:21:59.201-04:00,IdeState,Inactive,,*,-1,-1
2025-03-10T17:22:00.203-04:00,IdeState,Inactive,,*,-1,-1
2025-03-10T17:22:01.203-04:00,IdeState,Inactive,,*,-1,-1
2025-03-10T17:22:02.205-04:00,IdeState,Inactive,,*,-1,-1
2025-03-10T17:22:03.206-04:00,IdeState,Inactive,,*,-1,-1
2025-03-10T17:22:04.207-04:00,IdeState,Inactive,,*,-1,-1
2025-03-10T17:22:05.209-04:00,IdeState,Inactive,,*,-1,-1
2025-03-10T17:22:06.209-04:00,IdeState,Inactive,,*,-1,-1
2025-03-10T17:22:07.211-04:00,IdeState,Inactive,,*,-1,-1
2025-03-10T17:22:08.212-04:00,IdeState,Inactive,,*,-1,-1
2025-03-10T17:22:09.213-04:00,IdeState,Inactive,,*,-1,-1
2025-03-10T17:22:10.216-04:00,IdeState,Inactive,,*,-1,-1
2025-03-10T17:22:11.217-04:00,IdeState,Inactive,,*,-1,-1
2025-03-10T17:22:12.217-04:00,IdeState,Inactive,,*,-1,-1
2025-03-10T17:22:13.219-04:00,IdeState,Inactive,,*,-1,-1
2025-03-10T17:22:14.222-04:00,IdeState,Inactive,,*,-1,-1
2025-03-10T17:22:15.223-04:00,IdeState,Inactive,,*,-1,-1
2025-03-10T17:22:16.226-04:00,IdeState,Inactive,,*,-1,-1
2025-03-10T17:22:17.226-04:00,IdeState,Inactive,,*,-1,-1
2025-03-10T17:22:18.227-04:00,IdeState,Inactive,,*,-1,-1
2025-03-10T17:22:19.228-04:00,IdeState,Inactive,,*,-1,-1
2025-03-10T17:22:20.229-04:00,IdeState,Inactive,,*,-1,-1
2025-03-10T17:22:21.231-04:00,IdeState,Inactive,,*,-1,-1
2025-03-10T17:22:22.232-04:00,IdeState,Inactive,,*,-1,-1
2025-03-10T17:22:23.233-04:00,IdeState,Inactive,,*,-1,-1
2025-03-10T17:22:24.234-04:00,IdeState,Inactive,,*,-1,-1
2025-03-10T17:22:25.237-04:00,IdeState,Inactive,,*,-1,-1
2025-03-10T17:22:26.238-04:00,IdeState,Inactive,,*,-1,-1
2025-03-10T17:22:27.239-04:00,IdeState,Inactive,,*,-1,-1
2025-03-10T17:22:28.241-04:00,IdeState,Inactive,,*,-1,-1
2025-03-10T17:22:29.243-04:00,IdeState,Inactive,,*,-1,-1
2025-03-10T17:22:30.244-04:00,IdeState,Inactive,,*,-1,-1
2025-03-10T17:22:31.245-04:00,IdeState,Inactive,,*,-1,-1
2025-03-10T17:22:32.246-04:00,IdeState,Inactive,,*,-1,-1
2025-03-10T17:22:33.249-04:00,IdeState,Inactive,,*,-1,-1
2025-03-10T17:22:34.250-04:00,IdeState,Inactive,,*,-1,-1
2025-03-10T17:22:35.251-04:00,IdeState,Inactive,,*,-1,-1
2025-03-10T17:22:36.256-04:00,IdeState,Inactive,,*,-1,-1
2025-03-10T17:22:37.257-04:00,IdeState,Inactive,,*,-1,-1
2025-03-10T17:22:38.260-04:00,IdeState,Inactive,,*,-1,-1
2025-03-10T17:22:39.261-04:00,IdeState,Inactive,,*,-1,-1
2025-03-10T17:22:40.261-04:00,IdeState,Inactive,,*,-1,-1
2025-03-10T17:22:41.263-04:00,IdeState,Inactive,,*,-1,-1
2025-03-10T17:22:42.263-04:00,IdeState,Inactive,,*,-1,-1
2025-03-10T17:22:43.265-04:00,IdeState,Inactive,,*,-1,-1
2025-03-10T17:22:44.266-04:00,IdeState,Inactive,,*,-1,-1
2025-03-10T17:22:45.267-04:00,IdeState,Inactive,,*,-1,-1
2025-03-10T17:22:46.269-04:00,IdeState,Inactive,,*,-1,-1
2025-03-10T17:22:47.270-04:00,IdeState,Inactive,,*,-1,-1
2025-03-10T17:22:48.271-04:00,IdeState,Inactive,,*,-1,-1
2025-03-10T17:22:49.273-04:00,IdeState,Inactive,,*,-1,-1
2025-03-10T17:22:50.274-04:00,IdeState,Inactive,,*,-1,-1
2025-03-10T17:22:51.275-04:00,IdeState,Inactive,,*,-1,-1
2025-03-10T17:22:52.277-04:00,IdeState,Inactive,,*,-1,-1
2025-03-10T17:22:53.277-04:00,IdeState,Inactive,,*,-1,-1
2025-03-10T17:22:54.278-04:00,IdeState,Inactive,,*,-1,-1
2025-03-10T17:22:55.279-04:00,IdeState,Inactive,,*,-1,-1
2025-03-10T17:22:56.280-04:00,IdeState,Inactive,,*,-1,-1
2025-03-10T17:22:57.282-04:00,IdeState,Inactive,,*,-1,-1
2025-03-10T17:22:58.289-04:00,IdeState,Inactive,,*,-1,-1
2025-03-10T17:22:59.290-04:00,IdeState,Inactive,,*,-1,-1
2025-03-10T17:23:00.291-04:00,IdeState,Inactive,,*,-1,-1
2025-03-10T17:23:01.291-04:00,IdeState,Inactive,,*,-1,-1
2025-03-10T17:23:02.294-04:00,IdeState,Inactive,,*,-1,-1
2025-03-10T17:23:03.295-04:00,IdeState,Inactive,,*,-1,-1
2025-03-10T17:23:04.296-04:00,IdeState,Inactive,,*,-1,-1
2025-03-10T17:23:05.298-04:00,IdeState,Inactive,,*,-1,-1
2025-03-10T17:23:06.299-04:00,IdeState,Inactive,,*,-1,-1
2025-03-10T17:23:07.300-04:00,IdeState,Inactive,,*,-1,-1
2025-03-10T17:23:08.301-04:00,IdeState,Inactive,,*,-1,-1
2025-03-10T17:23:09.303-04:00,IdeState,Inactive,,*,-1,-1
2025-03-10T17:23:10.304-04:00,IdeState,Inactive,,*,-1,-1
2025-03-10T17:23:11.305-04:00,IdeState,Inactive,,*,-1,-1
2025-03-10T17:23:12.306-04:00,IdeState,Inactive,,*,-1,-1
2025-03-10T17:23:13.307-04:00,IdeState,Inactive,,*,-1,-1
2025-03-10T17:23:14.308-04:00,IdeState,Inactive,,*,-1,-1
2025-03-10T17:23:15.312-04:00,IdeState,Inactive,,*,-1,-1
2025-03-10T17:23:16.313-04:00,IdeState,Inactive,,*,-1,-1
2025-03-10T17:23:17.315-04:00,IdeState,Inactive,,*,-1,-1
2025-03-10T17:23:18.315-04:00,IdeState,Inactive,,*,-1,-1
2025-03-10T17:23:19.318-04:00,IdeState,Inactive,,*,-1,-1
2025-03-10T17:23:20.319-04:00,IdeState,Inactive,,*,-1,-1
2025-03-10T17:23:21.321-04:00,IdeState,Inactive,,*,-1,-1
2025-03-10T17:23:22.323-04:00,IdeState,Inactive,,*,-1,-1
2025-03-10T17:23:23.326-04:00,IdeState,Inactive,,*,-1,-1
2025-03-10T17:23:24.328-04:00,IdeState,Inactive,,*,-1,-1
2025-03-10T17:23:25.329-04:00,IdeState,Inactive,,*,-1,-1
2025-03-10T17:23:26.329-04:00,IdeState,Inactive,,*,-1,-1
2025-03-10T17:23:27.330-04:00,IdeState,Inactive,,*,-1,-1
2025-03-10T17:23:28.332-04:00,IdeState,Inactive,,*,-1,-1
2025-03-10T17:23:29.335-04:00,IdeState,Inactive,,*,-1,-1
2025-03-10T17:23:30.336-04:00,IdeState,Inactive,,*,-1,-1
2025-03-10T17:23:31.338-04:00,IdeState,Inactive,,*,-1,-1
2025-03-10T17:23:32.340-04:00,IdeState,Inactive,,*,-1,-1
2025-03-10T17:23:33.343-04:00,IdeState,Inactive,,*,-1,-1
2025-03-10T17:23:34.344-04:00,IdeState,Inactive,,*,-1,-1
2025-03-10T17:23:35.345-04:00,IdeState,Inactive,,*,-1,-1
2025-03-10T17:23:36.350-04:00,IdeState,Inactive,,*,-1,-1
2025-03-10T17:23:37.351-04:00,IdeState,Inactive,,*,-1,-1
2025-03-10T17:23:38.352-04:00,IdeState,Inactive,,*,-1,-1
2025-03-10T17:23:39.354-04:00,IdeState,Inactive,,*,-1,-1
2025-03-10T17:23:40.356-04:00,IdeState,Inactive,,*,-1,-1
2025-03-10T17:23:41.357-04:00,IdeState,Inactive,,*,-1,-1
2025-03-10T17:23:42.358-04:00,IdeState,Inactive,,*,-1,-1
2025-03-10T17:23:43.359-04:00,IdeState,Inactive,,*,-1,-1
2025-03-10T17:23:44.361-04:00,IdeState,Inactive,,*,-1,-1
2025-03-10T17:23:45.363-04:00,IdeState,Inactive,,*,-1,-1
2025-03-10T17:23:46.364-04:00,IdeState,Inactive,,*,-1,-1
2025-03-10T17:23:47.366-04:00,IdeState,Inactive,,*,-1,-1
2025-03-10T17:23:48.368-04:00,IdeState,Inactive,,*,-1,-1
2025-03-10T17:23:49.369-04:00,IdeState,Inactive,,*,-1,-1
2025-03-10T17:23:50.371-04:00,IdeState,Inactive,,*,-1,-1
2025-03-10T17:23:51.372-04:00,IdeState,Inactive,,*,-1,-1
2025-03-10T17:23:52.373-04:00,IdeState,Inactive,,*,-1,-1
2025-03-10T17:23:53.375-04:00,IdeState,Inactive,,*,-1,-1
2025-03-10T17:23:54.376-04:00,IdeState,Inactive,,*,-1,-1
2025-03-10T17:23:55.377-04:00,IdeState,Inactive,,*,-1,-1
2025-03-10T17:23:56.378-04:00,IdeState,Inactive,,*,-1,-1
2025-03-10T17:23:57.380-04:00,IdeState,Inactive,,*,-1,-1
2025-03-10T17:23:58.382-04:00,IdeState,Inactive,,*,-1,-1
2025-03-10T17:23:59.384-04:00,IdeState,Inactive,,*,-1,-1
2025-03-10T17:24:00.385-04:00,IdeState,Inactive,,*,-1,-1
2025-03-10T17:24:01.388-04:00,IdeState,Inactive,,*,-1,-1
2025-03-10T17:24:02.390-04:00,IdeState,Inactive,,*,-1,-1
2025-03-10T17:24:03.392-04:00,IdeState,Inactive,,*,-1,-1
2025-03-10T17:24:04.395-04:00,IdeState,Inactive,,*,-1,-1
2025-03-10T17:24:05.396-04:00,IdeState,Inactive,,*,-1,-1
2025-03-10T17:24:06.396-04:00,IdeState,Inactive,,*,-1,-1
2025-03-10T17:24:07.399-04:00,IdeState,Inactive,,*,-1,-1
2025-03-10T17:24:08.401-04:00,IdeState,Inactive,,*,-1,-1
2025-03-10T17:24:09.401-04:00,IdeState,Inactive,,*,-1,-1
2025-03-10T17:24:10.403-04:00,IdeState,Inactive,,*,-1,-1
2025-03-10T17:24:11.406-04:00,IdeState,Inactive,,*,-1,-1
2025-03-10T17:24:12.407-04:00,IdeState,Inactive,,*,-1,-1
2025-03-10T17:24:13.410-04:00,IdeState,Inactive,,*,-1,-1
2025-03-10T17:24:14.411-04:00,IdeState,Inactive,,*,-1,-1
2025-03-10T17:24:15.413-04:00,IdeState,Inactive,,*,-1,-1
2025-03-10T17:24:16.416-04:00,IdeState,Inactive,,*,-1,-1
2025-03-10T17:24:17.417-04:00,IdeState,Inactive,,*,-1,-1
2025-03-10T17:24:18.419-04:00,IdeState,Inactive,,*,-1,-1
2025-03-10T17:24:19.420-04:00,IdeState,Inactive,,*,-1,-1
2025-03-10T17:24:20.421-04:00,IdeState,Inactive,,*,-1,-1
2025-03-10T17:24:21.423-04:00,IdeState,Inactive,,*,-1,-1
2025-03-10T17:24:22.424-04:00,IdeState,Inactive,,*,-1,-1
2025-03-10T17:24:23.427-04:00,IdeState,Inactive,,*,-1,-1
2025-03-10T17:24:24.429-04:00,IdeState,Inactive,,*,-1,-1
2025-03-10T17:24:25.432-04:00,IdeState,Inactive,,*,-1,-1
2025-03-10T17:24:26.435-04:00,IdeState,Inactive,,*,-1,-1
2025-03-10T17:24:27.436-04:00,IdeState,Inactive,,*,-1,-1
2025-03-10T17:24:28.437-04:00,IdeState,Inactive,,*,-1,-1
2025-03-10T17:24:29.438-04:00,IdeState,Inactive,,*,-1,-1
2025-03-10T17:24:30.440-04:00,IdeState,Inactive,,*,-1,-1
2025-03-10T17:24:31.441-04:00,IdeState,Inactive,,*,-1,-1
2025-03-10T17:24:32.442-04:00,IdeState,Inactive,,*,-1,-1
2025-03-10T17:24:33.443-04:00,IdeState,Inactive,,*,-1,-1
2025-03-10T17:24:34.445-04:00,IdeState,Inactive,,*,-1,-1
2025-03-10T17:24:35.447-04:00,IdeState,Inactive,,*,-1,-1
2025-03-10T17:24:36.448-04:00,IdeState,Inactive,,*,-1,-1
2025-03-10T17:24:37.449-04:00,IdeState,Inactive,,*,-1,-1
2025-03-10T17:24:38.451-04:00,IdeState,Inactive,,*,-1,-1
2025-03-10T17:24:39.453-04:00,IdeState,Inactive,,*,-1,-1
2025-03-10T17:24:40.453-04:00,IdeState,Inactive,,*,-1,-1
2025-03-10T17:24:41.454-04:00,IdeState,Inactive,,*,-1,-1
2025-03-10T17:24:42.455-04:00,IdeState,Inactive,,*,-1,-1
2025-03-10T17:24:43.456-04:00,IdeState,Inactive,,*,-1,-1
2025-03-10T17:24:44.457-04:00,IdeState,Inactive,,*,-1,-1
2025-03-10T17:24:45.458-04:00,IdeState,Inactive,,*,-1,-1
2025-03-10T17:24:46.459-04:00,IdeState,Inactive,,*,-1,-1
2025-03-10T17:24:47.460-04:00,IdeState,Inactive,,*,-1,-1
2025-03-10T17:24:48.460-04:00,IdeState,Inactive,,*,-1,-1
2025-03-10T17:24:49.462-04:00,IdeState,Inactive,,*,-1,-1
2025-03-10T17:24:50.463-04:00,IdeState,Inactive,,*,-1,-1
2025-03-10T17:24:51.464-04:00,IdeState,Inactive,,*,-1,-1
2025-03-10T17:24:52.466-04:00,IdeState,Inactive,,*,-1,-1
2025-03-10T17:24:53.467-04:00,IdeState,Inactive,,*,-1,-1
2025-03-10T17:24:54.469-04:00,IdeState,Inactive,,*,-1,-1
2025-03-10T17:24:55.470-04:00,IdeState,Inactive,,*,-1,-1
2025-03-10T17:24:56.471-04:00,IdeState,Inactive,,*,-1,-1
2025-03-10T17:24:57.473-04:00,IdeState,Inactive,,*,-1,-1
2025-03-10T17:24:58.474-04:00,IdeState,Inactive,,*,-1,-1
2025-03-10T17:24:59.476-04:00,IdeState,Inactive,,*,-1,-1
2025-03-10T17:25:00.478-04:00,IdeState,Inactive,,*,-1,-1
2025-03-10T17:25:01.480-04:00,IdeState,Inactive,,*,-1,-1
2025-03-10T17:25:02.480-04:00,IdeState,Inactive,,*,-1,-1
2025-03-10T17:25:03.481-04:00,IdeState,Inactive,,*,-1,-1
2025-03-10T17:25:04.482-04:00,IdeState,Inactive,,*,-1,-1
2025-03-10T17:25:05.484-04:00,IdeState,Inactive,,*,-1,-1
2025-03-10T17:25:06.486-04:00,IdeState,Inactive,,*,-1,-1
2025-03-10T17:25:07.487-04:00,IdeState,Inactive,,*,-1,-1
2025-03-10T17:25:08.488-04:00,IdeState,Inactive,,*,-1,-1
2025-03-10T17:25:09.489-04:00,IdeState,Inactive,,*,-1,-1
2025-03-10T17:25:10.490-04:00,IdeState,Inactive,,*,-1,-1
2025-03-10T17:25:11.493-04:00,IdeState,Inactive,,*,-1,-1
2025-03-10T17:25:12.494-04:00,IdeState,Inactive,,*,-1,-1
2025-03-10T17:25:13.494-04:00,IdeState,Inactive,,*,-1,-1
2025-03-10T17:25:14.497-04:00,IdeState,Inactive,,*,-1,-1
2025-03-10T17:25:15.498-04:00,IdeState,Inactive,,*,-1,-1
2025-03-10T17:25:16.500-04:00,IdeState,Inactive,,*,-1,-1
2025-03-10T17:25:17.502-04:00,IdeState,Inactive,,*,-1,-1
2025-03-10T17:25:18.505-04:00,IdeState,Inactive,,*,-1,-1
2025-03-10T17:25:19.508-04:00,IdeState,Inactive,,*,-1,-1
2025-03-10T17:25:20.509-04:00,IdeState,Inactive,,*,-1,-1
2025-03-10T17:25:21.512-04:00,IdeState,Inactive,,*,-1,-1
2025-03-10T17:25:22.513-04:00,IdeState,Inactive,,*,-1,-1
2025-03-10T17:25:23.514-04:00,IdeState,Inactive,,*,-1,-1
2025-03-10T17:25:24.516-04:00,IdeState,Inactive,,*,-1,-1
2025-03-10T17:25:25.518-04:00,IdeState,Inactive,,*,-1,-1
2025-03-10T17:25:26.520-04:00,IdeState,Inactive,,*,-1,-1
2025-03-10T17:25:27.522-04:00,IdeState,Inactive,,*,-1,-1
2025-03-10T17:25:28.524-04:00,IdeState,Inactive,,*,-1,-1
2025-03-10T17:25:29.527-04:00,IdeState,Inactive,,*,-1,-1
2025-03-10T17:25:30.528-04:00,IdeState,Inactive,,*,-1,-1
2025-03-10T17:25:31.530-04:00,IdeState,Inactive,,*,-1,-1
2025-03-10T17:25:32.531-04:00,IdeState,Inactive,,*,-1,-1
2025-03-10T17:25:33.531-04:00,IdeState,Inactive,,*,-1,-1
2025-03-10T17:25:34.533-04:00,IdeState,Inactive,,*,-1,-1
2025-03-10T17:25:35.534-04:00,IdeState,Inactive,,*,-1,-1
2025-03-10T17:25:36.536-04:00,IdeState,Inactive,,*,-1,-1
2025-03-10T17:25:37.538-04:00,IdeState,Inactive,,*,-1,-1
2025-03-10T17:25:38.539-04:00,IdeState,Inactive,,*,-1,-1
2025-03-10T17:25:39.540-04:00,IdeState,Inactive,,*,-1,-1
2025-03-10T17:25:40.541-04:00,IdeState,Inactive,,*,-1,-1
2025-03-10T17:25:41.542-04:00,IdeState,Inactive,,*,-1,-1
2025-03-10T17:25:42.544-04:00,IdeState,Inactive,,*,-1,-1
2025-03-10T17:25:43.546-04:00,IdeState,Inactive,,*,-1,-1
2025-03-10T17:25:44.547-04:00,IdeState,Inactive,,*,-1,-1
2025-03-10T17:25:45.550-04:00,IdeState,Inactive,,*,-1,-1
2025-03-10T17:25:46.551-04:00,IdeState,Inactive,,*,-1,-1
2025-03-10T17:25:47.553-04:00,IdeState,Inactive,,*,-1,-1
2025-03-10T17:25:48.555-04:00,IdeState,Inactive,,*,-1,-1
2025-03-10T17:25:49.556-04:00,IdeState,Inactive,,*,-1,-1
2025-03-10T17:25:50.557-04:00,IdeState,Inactive,,*,-1,-1
2025-03-10T17:25:51.559-04:00,IdeState,Inactive,,*,-1,-1
2025-03-10T17:25:52.564-04:00,IdeState,Inactive,,*,-1,-1
2025-03-10T17:25:53.566-04:00,IdeState,Inactive,,*,-1,-1
2025-03-10T17:25:54.566-04:00,IdeState,Inactive,,*,-1,-1
2025-03-10T17:25:55.568-04:00,IdeState,Inactive,,*,-1,-1
2025-03-10T17:25:56.570-04:00,IdeState,Inactive,,*,-1,-1
2025-03-10T17:25:57.572-04:00,IdeState,Inactive,,*,-1,-1
2025-03-10T17:25:58.575-04:00,IdeState,Inactive,,*,-1,-1
2025-03-10T17:25:59.577-04:00,IdeState,Inactive,,*,-1,-1
2025-03-10T17:26:00.578-04:00,IdeState,Inactive,,*,-1,-1
2025-03-10T17:26:01.579-04:00,IdeState,Inactive,,*,-1,-1
2025-03-10T17:26:02.580-04:00,IdeState,Inactive,,*,-1,-1
2025-03-10T17:26:03.581-04:00,IdeState,Inactive,,*,-1,-1
2025-03-10T17:26:04.582-04:00,IdeState,Inactive,,*,-1,-1
2025-03-10T17:26:05.583-04:00,IdeState,Inactive,,*,-1,-1
2025-03-10T17:26:06.584-04:00,IdeState,Inactive,,*,-1,-1
2025-03-10T17:26:07.585-04:00,IdeState,Inactive,,*,-1,-1
2025-03-10T17:26:08.588-04:00,IdeState,Inactive,,*,-1,-1
2025-03-10T17:26:09.589-04:00,IdeState,Inactive,,*,-1,-1
2025-03-10T17:26:10.591-04:00,IdeState,Inactive,,*,-1,-1
2025-03-10T17:26:11.592-04:00,IdeState,Inactive,,*,-1,-1
2025-03-10T17:26:12.593-04:00,IdeState,Inactive,,*,-1,-1
2025-03-10T17:26:13.595-04:00,IdeState,Inactive,,*,-1,-1
2025-03-10T17:26:14.596-04:00,IdeState,Inactive,,*,-1,-1
2025-03-10T17:26:15.598-04:00,IdeState,Inactive,,*,-1,-1
2025-03-10T17:26:16.599-04:00,IdeState,Inactive,,*,-1,-1
2025-03-10T17:26:17.599-04:00,IdeState,Inactive,,*,-1,-1
2025-03-10T17:26:18.602-04:00,IdeState,Inactive,,*,-1,-1
2025-03-10T17:26:19.603-04:00,IdeState,Inactive,,*,-1,-1
2025-03-10T17:26:20.604-04:00,IdeState,Inactive,,*,-1,-1
2025-03-10T17:26:21.605-04:00,IdeState,Inactive,,*,-1,-1
2025-03-10T17:26:22.607-04:00,IdeState,Inactive,,*,-1,-1
2025-03-10T17:26:23.607-04:00,IdeState,Inactive,,*,-1,-1
2025-03-10T17:26:24.608-04:00,IdeState,Inactive,,*,-1,-1
2025-03-10T17:26:25.609-04:00,IdeState,Inactive,,*,-1,-1
2025-03-10T17:26:26.610-04:00,IdeState,Inactive,,*,-1,-1
2025-03-10T17:26:27.612-04:00,IdeState,Inactive,,*,-1,-1
2025-03-10T17:26:28.613-04:00,IdeState,Inactive,,*,-1,-1
2025-03-10T17:26:29.614-04:00,IdeState,Inactive,,*,-1,-1
2025-03-10T17:26:30.615-04:00,IdeState,Inactive,,*,-1,-1
2025-03-10T17:26:31.616-04:00,IdeState,Inactive,,*,-1,-1
2025-03-10T17:26:32.617-04:00,IdeState,Inactive,,*,-1,-1
2025-03-10T17:26:33.618-04:00,IdeState,Inactive,,*,-1,-1
2025-03-10T17:26:34.618-04:00,IdeState,Inactive,,*,-1,-1
2025-03-10T17:26:35.620-04:00,IdeState,Inactive,,*,-1,-1
2025-03-10T17:26:36.622-04:00,IdeState,Inactive,,*,-1,-1
2025-03-10T17:26:37.622-04:00,IdeState,Inactive,,*,-1,-1
2025-03-10T17:26:38.623-04:00,IdeState,Inactive,,*,-1,-1
2025-03-10T17:26:39.625-04:00,IdeState,Inactive,,*,-1,-1
2025-03-10T17:26:40.627-04:00,IdeState,Inactive,,*,-1,-1
2025-03-10T17:26:41.629-04:00,IdeState,Inactive,,*,-1,-1
2025-03-10T17:26:42.630-04:00,IdeState,Inactive,,*,-1,-1
2025-03-10T17:26:43.632-04:00,IdeState,Inactive,,*,-1,-1
2025-03-10T17:26:44.633-04:00,IdeState,Inactive,,*,-1,-1
2025-03-10T17:26:45.635-04:00,IdeState,Inactive,,*,-1,-1
2025-03-10T17:26:46.636-04:00,IdeState,Inactive,,*,-1,-1
2025-03-10T17:26:47.638-04:00,IdeState,Inactive,,*,-1,-1
2025-03-10T17:26:48.639-04:00,IdeState,Inactive,,*,-1,-1
2025-03-10T17:26:49.641-04:00,IdeState,Inactive,,*,-1,-1
2025-03-10T17:26:50.643-04:00,IdeState,Inactive,,*,-1,-1
2025-03-10T17:26:51.645-04:00,IdeState,Inactive,,*,-1,-1
2025-03-10T17:26:52.647-04:00,IdeState,Inactive,,*,-1,-1
2025-03-10T17:26:53.649-04:00,IdeState,Inactive,,*,-1,-1
2025-03-10T17:26:54.650-04:00,IdeState,Inactive,,*,-1,-1
2025-03-10T17:26:55.651-04:00,IdeState,Inactive,,*,-1,-1
2025-03-10T17:26:56.652-04:00,IdeState,Inactive,,*,-1,-1
2025-03-10T17:26:57.654-04:00,IdeState,Inactive,,*,-1,-1
2025-03-10T17:26:58.655-04:00,IdeState,Inactive,,*,-1,-1
2025-03-10T17:26:59.657-04:00,IdeState,Inactive,,*,-1,-1
2025-03-10T17:27:00.658-04:00,IdeState,Inactive,,*,-1,-1
2025-03-10T17:27:01.659-04:00,IdeState,Inactive,,*,-1,-1
2025-03-10T17:27:02.660-04:00,IdeState,Inactive,,*,-1,-1
2025-03-10T17:27:03.662-04:00,IdeState,Inactive,,*,-1,-1
2025-03-10T17:27:04.665-04:00,IdeState,Inactive,,*,-1,-1
2025-03-10T17:27:05.666-04:00,IdeState,Inactive,,*,-1,-1
2025-03-10T17:27:06.668-04:00,IdeState,Inactive,,*,-1,-1
2025-03-10T17:27:07.668-04:00,IdeState,Inactive,,*,-1,-1
2025-03-10T17:27:08.670-04:00,IdeState,Inactive,,*,-1,-1
2025-03-10T17:27:09.672-04:00,IdeState,Inactive,,*,-1,-1
2025-03-10T17:27:10.674-04:00,IdeState,Inactive,,*,-1,-1
2025-03-10T17:27:11.674-04:00,IdeState,Inactive,,*,-1,-1
2025-03-10T17:27:12.676-04:00,IdeState,Inactive,,*,-1,-1
2025-03-10T17:27:13.676-04:00,IdeState,Inactive,,*,-1,-1
2025-03-10T17:27:14.678-04:00,IdeState,Inactive,,*,-1,-1
2025-03-10T17:27:15.679-04:00,IdeState,Inactive,,*,-1,-1
2025-03-10T17:27:16.680-04:00,IdeState,Inactive,,*,-1,-1
2025-03-10T17:27:17.681-04:00,IdeState,Inactive,,*,-1,-1
2025-03-10T17:27:18.683-04:00,IdeState,Inactive,,*,-1,-1
2025-03-10T17:27:19.692-04:00,IdeState,Inactive,,*,-1,-1
2025-03-10T17:27:20.695-04:00,IdeState,Inactive,,*,-1,-1
2025-03-10T17:27:21.695-04:00,IdeState,Inactive,,*,-1,-1
2025-03-10T17:27:22.696-04:00,IdeState,Inactive,,*,-1,-1
2025-03-10T17:27:23.698-04:00,IdeState,Inactive,,*,-1,-1
2025-03-10T17:27:24.700-04:00,IdeState,Inactive,,*,-1,-1
2025-03-10T17:27:25.702-04:00,IdeState,Inactive,,*,-1,-1
2025-03-10T17:27:26.703-04:00,IdeState,Inactive,,*,-1,-1
2025-03-10T17:27:27.704-04:00,IdeState,Inactive,,*,-1,-1
2025-03-10T17:27:28.706-04:00,IdeState,Inactive,,*,-1,-1
2025-03-10T17:27:29.706-04:00,IdeState,Inactive,,*,-1,-1
2025-03-10T17:27:30.708-04:00,IdeState,Inactive,,*,-1,-1
2025-03-10T17:27:31.708-04:00,IdeState,Inactive,,*,-1,-1
2025-03-10T17:27:32.712-04:00,IdeState,Inactive,,*,-1,-1
2025-03-10T17:27:33.714-04:00,IdeState,Inactive,,*,-1,-1
2025-03-10T17:27:34.716-04:00,IdeState,Inactive,,*,-1,-1
2025-03-10T17:27:35.718-04:00,IdeState,Inactive,,*,-1,-1
2025-03-10T17:27:36.719-04:00,IdeState,Inactive,,*,-1,-1
2025-03-10T17:27:37.721-04:00,IdeState,Inactive,,*,-1,-1
2025-03-10T17:27:38.723-04:00,IdeState,Inactive,,*,-1,-1
2025-03-10T17:27:39.725-04:00,IdeState,Inactive,,*,-1,-1
2025-03-10T17:27:40.726-04:00,IdeState,Inactive,,*,-1,-1
2025-03-10T17:27:41.728-04:00,IdeState,Inactive,,*,-1,-1
2025-03-10T17:27:42.729-04:00,IdeState,Inactive,,*,-1,-1
2025-03-10T17:27:43.730-04:00,IdeState,Inactive,,*,-1,-1
2025-03-10T17:27:44.731-04:00,IdeState,Inactive,,*,-1,-1
2025-03-10T17:27:45.733-04:00,IdeState,Inactive,,*,-1,-1
2025-03-10T17:27:46.733-04:00,IdeState,Inactive,,*,-1,-1
2025-03-10T17:27:47.735-04:00,IdeState,Inactive,,*,-1,-1
2025-03-10T17:27:48.737-04:00,IdeState,Inactive,,*,-1,-1
2025-03-10T17:27:49.738-04:00,IdeState,Inactive,,*,-1,-1
2025-03-10T17:27:50.739-04:00,IdeState,Inactive,,*,-1,-1
2025-03-10T17:27:51.740-04:00,IdeState,Inactive,,*,-1,-1
2025-03-10T17:27:52.742-04:00,IdeState,Inactive,,*,-1,-1
2025-03-10T17:27:53.745-04:00,IdeState,Inactive,,*,-1,-1
2025-03-10T17:27:54.746-04:00,IdeState,Inactive,,*,-1,-1
2025-03-10T17:27:55.747-04:00,IdeState,Inactive,,*,-1,-1
2025-03-10T17:27:56.749-04:00,IdeState,Inactive,,*,-1,-1
2025-03-10T17:27:57.750-04:00,IdeState,Inactive,,*,-1,-1
2025-03-10T17:27:58.751-04:00,IdeState,Inactive,,*,-1,-1
2025-03-10T17:27:59.752-04:00,IdeState,Inactive,,*,-1,-1
2025-03-10T17:28:00.755-04:00,IdeState,Inactive,,*,-1,-1
2025-03-10T17:28:01.755-04:00,IdeState,Inactive,,*,-1,-1
2025-03-10T17:28:02.756-04:00,IdeState,Inactive,,*,-1,-1
2025-03-10T17:28:03.757-04:00,IdeState,Inactive,,*,-1,-1
2025-03-10T17:28:04.759-04:00,IdeState,Inactive,,*,-1,-1
2025-03-10T17:28:05.760-04:00,IdeState,Inactive,,*,-1,-1
2025-03-10T17:28:06.760-04:00,IdeState,Inactive,,*,-1,-1
2025-03-10T17:28:07.761-04:00,IdeState,Inactive,,*,-1,-1
2025-03-10T17:28:08.763-04:00,IdeState,Inactive,,*,-1,-1
2025-03-10T17:28:09.764-04:00,IdeState,Inactive,,*,-1,-1
2025-03-10T17:28:10.764-04:00,IdeState,Inactive,,*,-1,-1
2025-03-10T17:28:11.766-04:00,IdeState,Inactive,,*,-1,-1
2025-03-10T17:28:12.767-04:00,IdeState,Inactive,,*,-1,-1
2025-03-10T17:28:13.768-04:00,IdeState,Inactive,,*,-1,-1
2025-03-10T17:28:14.769-04:00,IdeState,Inactive,,*,-1,-1
2025-03-10T17:28:15.770-04:00,IdeState,Inactive,,*,-1,-1
2025-03-10T17:28:16.771-04:00,IdeState,Inactive,,*,-1,-1
2025-03-10T17:28:17.772-04:00,IdeState,Inactive,,*,-1,-1
2025-03-10T17:28:18.773-04:00,IdeState,Inactive,,*,-1,-1
2025-03-10T17:28:19.775-04:00,IdeState,Inactive,,*,-1,-1
2025-03-10T17:28:20.776-04:00,IdeState,Inactive,,*,-1,-1
2025-03-10T17:28:21.777-04:00,IdeState,Inactive,,*,-1,-1
2025-03-10T17:28:22.778-04:00,IdeState,Inactive,,*,-1,-1
2025-03-10T17:28:23.781-04:00,IdeState,Inactive,,*,-1,-1
2025-03-10T17:28:24.782-04:00,IdeState,Inactive,,*,-1,-1
2025-03-10T17:28:25.783-04:00,IdeState,Inactive,,*,-1,-1
2025-03-10T17:28:26.785-04:00,IdeState,Inactive,,*,-1,-1
2025-03-10T17:28:27.788-04:00,IdeState,Inactive,,*,-1,-1
2025-03-10T17:28:28.789-04:00,IdeState,Inactive,,*,-1,-1
2025-03-10T17:28:29.790-04:00,IdeState,Inactive,,*,-1,-1
2025-03-10T17:28:30.791-04:00,IdeState,Inactive,,*,-1,-1
2025-03-10T17:28:31.792-04:00,IdeState,Inactive,,*,-1,-1
2025-03-10T17:28:32.793-04:00,IdeState,Inactive,,*,-1,-1
2025-03-10T17:28:33.794-04:00,IdeState,Inactive,,*,-1,-1
2025-03-10T17:28:34.797-04:00,IdeState,Inactive,,*,-1,-1
2025-03-10T17:28:35.797-04:00,IdeState,Inactive,,*,-1,-1
2025-03-10T17:28:36.799-04:00,IdeState,Inactive,,*,-1,-1
2025-03-10T17:28:37.801-04:00,IdeState,Inactive,,*,-1,-1
2025-03-10T17:28:38.802-04:00,IdeState,Inactive,,*,-1,-1
2025-03-10T17:28:39.805-04:00,IdeState,Inactive,,*,-1,-1
2025-03-10T17:28:40.807-04:00,IdeState,Inactive,,*,-1,-1
2025-03-10T17:28:41.808-04:00,IdeState,Inactive,,*,-1,-1
2025-03-10T17:28:42.810-04:00,IdeState,Inactive,,*,-1,-1
2025-03-10T17:28:43.811-04:00,IdeState,Inactive,,*,-1,-1
2025-03-10T17:28:44.812-04:00,IdeState,Inactive,,*,-1,-1
2025-03-10T17:28:45.813-04:00,IdeState,Inactive,,*,-1,-1
2025-03-10T17:28:46.814-04:00,IdeState,Inactive,,*,-1,-1
2025-03-10T17:28:47.816-04:00,IdeState,Inactive,,*,-1,-1
2025-03-10T17:28:48.816-04:00,IdeState,Inactive,,*,-1,-1
2025-03-10T17:28:49.819-04:00,IdeState,Inactive,,*,-1,-1
2025-03-10T17:28:50.821-04:00,IdeState,Inactive,,*,-1,-1
2025-03-10T17:28:51.821-04:00,IdeState,Inactive,,*,-1,-1
2025-03-10T17:28:52.823-04:00,IdeState,Inactive,,*,-1,-1
2025-03-10T17:28:53.825-04:00,IdeState,Inactive,,*,-1,-1
2025-03-10T17:28:54.826-04:00,IdeState,Inactive,,*,-1,-1
2025-03-10T17:28:55.828-04:00,IdeState,Inactive,,*,-1,-1
2025-03-10T17:28:56.829-04:00,IdeState,Inactive,,*,-1,-1
2025-03-10T17:28:57.832-04:00,IdeState,Inactive,,*,-1,-1
2025-03-10T17:28:58.832-04:00,IdeState,Inactive,,*,-1,-1
2025-03-10T17:28:59.834-04:00,IdeState,Inactive,,*,-1,-1
2025-03-10T17:29:00.837-04:00,IdeState,Inactive,,*,-1,-1
2025-03-10T17:29:01.838-04:00,IdeState,Inactive,,*,-1,-1
2025-03-10T17:29:02.839-04:00,IdeState,Inactive,,*,-1,-1
2025-03-10T17:29:03.842-04:00,IdeState,Inactive,,*,-1,-1
2025-03-10T17:29:04.845-04:00,IdeState,Inactive,,*,-1,-1
2025-03-10T17:29:05.847-04:00,IdeState,Inactive,,*,-1,-1
2025-03-10T17:29:06.849-04:00,IdeState,Inactive,,*,-1,-1
2025-03-10T17:29:07.850-04:00,IdeState,Inactive,,*,-1,-1
2025-03-10T17:29:08.853-04:00,IdeState,Inactive,,*,-1,-1
2025-03-10T17:29:09.855-04:00,IdeState,Inactive,,*,-1,-1
2025-03-10T17:29:10.856-04:00,IdeState,Inactive,,*,-1,-1
2025-03-10T17:29:11.858-04:00,IdeState,Inactive,,*,-1,-1
2025-03-10T17:29:12.860-04:00,IdeState,Inactive,,*,-1,-1
2025-03-10T17:29:13.861-04:00,IdeState,Inactive,,*,-1,-1
2025-03-10T17:29:14.861-04:00,IdeState,Inactive,,*,-1,-1
2025-03-10T17:29:15.862-04:00,IdeState,Inactive,,*,-1,-1
2025-03-10T17:29:16.864-04:00,IdeState,Inactive,,*,-1,-1
2025-03-10T17:29:17.865-04:00,IdeState,Inactive,,*,-1,-1
2025-03-10T17:29:18.867-04:00,IdeState,Inactive,,*,-1,-1
2025-03-10T17:29:19.868-04:00,IdeState,Inactive,,*,-1,-1
2025-03-10T17:29:20.870-04:00,IdeState,Inactive,,*,-1,-1
2025-03-10T17:29:21.870-04:00,IdeState,Inactive,,*,-1,-1
2025-03-10T17:29:22.871-04:00,IdeState,Inactive,,*,-1,-1
2025-03-10T17:29:23.873-04:00,IdeState,Inactive,,*,-1,-1
2025-03-10T17:29:24.876-04:00,IdeState,Inactive,,*,-1,-1
2025-03-10T17:29:25.877-04:00,IdeState,Inactive,,*,-1,-1
2025-03-10T17:29:26.878-04:00,IdeState,Inactive,,*,-1,-1
2025-03-10T17:29:27.883-04:00,IdeState,Inactive,,*,-1,-1
2025-03-10T17:29:28.885-04:00,IdeState,Inactive,,*,-1,-1
2025-03-10T17:29:29.888-04:00,IdeState,Inactive,,*,-1,-1
2025-03-10T17:29:30.888-04:00,IdeState,Inactive,,*,-1,-1
2025-03-10T17:29:31.889-04:00,IdeState,Inactive,,*,-1,-1
2025-03-10T17:29:32.891-04:00,IdeState,Inactive,,*,-1,-1
2025-03-10T17:29:33.892-04:00,IdeState,Inactive,,*,-1,-1
2025-03-10T17:29:34.894-04:00,IdeState,Inactive,,*,-1,-1
2025-03-10T17:29:35.894-04:00,IdeState,Inactive,,*,-1,-1
2025-03-10T17:29:36.896-04:00,IdeState,Inactive,,*,-1,-1
2025-03-10T17:29:37.898-04:00,IdeState,Inactive,,*,-1,-1
2025-03-10T17:29:38.900-04:00,IdeState,Inactive,,*,-1,-1
2025-03-10T17:29:39.901-04:00,IdeState,Inactive,,*,-1,-1
2025-03-10T17:29:40.902-04:00,IdeState,Inactive,,*,-1,-1
2025-03-10T17:29:41.904-04:00,IdeState,Inactive,,*,-1,-1
2025-03-10T17:29:42.904-04:00,IdeState,Inactive,,*,-1,-1
2025-03-10T17:29:43.905-04:00,IdeState,Inactive,,*,-1,-1
2025-03-10T17:29:44.907-04:00,IdeState,Inactive,,*,-1,-1
2025-03-10T17:29:45.908-04:00,IdeState,Inactive,,*,-1,-1
2025-03-10T17:29:46.909-04:00,IdeState,Inactive,,*,-1,-1
2025-03-10T17:29:47.910-04:00,IdeState,Inactive,,*,-1,-1
2025-03-10T17:29:48.913-04:00,IdeState,Inactive,,*,-1,-1
2025-03-10T17:29:49.913-04:00,IdeState,Inactive,,*,-1,-1
2025-03-10T17:29:50.914-04:00,IdeState,Inactive,,*,-1,-1
2025-03-10T17:29:51.915-04:00,IdeState,Inactive,,*,-1,-1
2025-03-10T17:29:52.917-04:00,IdeState,Inactive,,*,-1,-1
2025-03-10T17:29:53.918-04:00,IdeState,Inactive,,*,-1,-1
2025-03-10T17:29:54.920-04:00,IdeState,Inactive,,*,-1,-1
2025-03-10T17:29:55.921-04:00,IdeState,Inactive,,*,-1,-1
2025-03-10T17:29:56.922-04:00,IdeState,Inactive,,*,-1,-1
2025-03-10T17:29:57.923-04:00,IdeState,Inactive,,*,-1,-1
2025-03-10T17:29:58.924-04:00,IdeState,Inactive,,*,-1,-1
2025-03-10T17:29:59.925-04:00,IdeState,Inactive,,*,-1,-1
2025-03-10T17:30:00.926-04:00,IdeState,Inactive,,*,-1,-1
2025-03-10T17:30:01.927-04:00,IdeState,Inactive,,*,-1,-1
2025-03-10T17:30:02.929-04:00,IdeState,Inactive,,*,-1,-1
2025-03-10T17:30:03.931-04:00,IdeState,Inactive,,*,-1,-1
2025-03-10T17:30:04.934-04:00,IdeState,Inactive,,*,-1,-1
2025-03-10T17:30:05.936-04:00,IdeState,Inactive,,*,-1,-1
2025-03-10T17:30:06.937-04:00,IdeState,Inactive,,*,-1,-1
2025-03-10T17:30:07.938-04:00,IdeState,Inactive,,*,-1,-1
2025-03-10T17:30:08.939-04:00,IdeState,Inactive,,*,-1,-1
2025-03-10T17:30:09.940-04:00,IdeState,Inactive,,*,-1,-1
2025-03-10T17:30:10.942-04:00,IdeState,Inactive,,*,-1,-1
2025-03-10T17:30:11.943-04:00,IdeState,Inactive,,*,-1,-1
2025-03-10T17:30:12.945-04:00,IdeState,Inactive,,*,-1,-1
2025-03-10T17:30:13.947-04:00,IdeState,Inactive,,*,-1,-1
2025-03-10T17:30:14.948-04:00,IdeState,Inactive,,*,-1,-1
2025-03-10T17:30:15.951-04:00,IdeState,Inactive,,*,-1,-1
2025-03-10T17:30:16.953-04:00,IdeState,Inactive,,*,-1,-1
2025-03-10T17:30:17.953-04:00,IdeState,Inactive,,*,-1,-1
2025-03-10T17:30:18.954-04:00,IdeState,Inactive,,*,-1,-1
2025-03-10T17:30:19.955-04:00,IdeState,Inactive,,*,-1,-1
2025-03-10T17:30:20.956-04:00,IdeState,Inactive,,*,-1,-1
2025-03-10T17:30:21.957-04:00,IdeState,Inactive,,*,-1,-1
2025-03-10T17:30:22.958-04:00,IdeState,Inactive,,*,-1,-1
2025-03-10T17:30:23.960-04:00,IdeState,Inactive,,*,-1,-1
2025-03-10T17:30:24.961-04:00,IdeState,Inactive,,*,-1,-1
2025-03-10T17:30:25.962-04:00,IdeState,Inactive,,*,-1,-1
2025-03-10T17:30:26.962-04:00,IdeState,Inactive,,*,-1,-1
2025-03-10T17:30:27.964-04:00,IdeState,Inactive,,*,-1,-1
2025-03-10T17:30:28.966-04:00,IdeState,Inactive,,*,-1,-1
2025-03-10T17:30:29.969-04:00,IdeState,Inactive,,*,-1,-1
2025-03-10T17:30:30.969-04:00,IdeState,Inactive,,*,-1,-1
2025-03-10T17:30:31.972-04:00,IdeState,Inactive,,*,-1,-1
2025-03-10T17:30:32.973-04:00,IdeState,Inactive,,*,-1,-1
2025-03-10T17:30:33.974-04:00,IdeState,Inactive,,*,-1,-1
2025-03-10T17:30:34.975-04:00,IdeState,Inactive,,*,-1,-1
2025-03-10T17:30:35.977-04:00,IdeState,Inactive,,*,-1,-1
2025-03-10T17:30:36.979-04:00,IdeState,Inactive,,*,-1,-1
2025-03-10T17:30:37.981-04:00,IdeState,Inactive,,*,-1,-1
2025-03-10T17:30:38.983-04:00,IdeState,Inactive,,*,-1,-1
2025-03-10T17:30:39.986-04:00,IdeState,Inactive,,*,-1,-1
2025-03-10T17:30:40.988-04:00,IdeState,Inactive,,*,-1,-1
2025-03-10T17:30:41.990-04:00,IdeState,Inactive,,*,-1,-1
2025-03-10T17:30:42.992-04:00,IdeState,Inactive,,*,-1,-1
2025-03-10T17:30:43.993-04:00,IdeState,Inactive,,*,-1,-1
2025-03-10T17:30:44.995-04:00,IdeState,Inactive,,*,-1,-1
2025-03-10T17:30:45.997-04:00,IdeState,Inactive,,*,-1,-1
2025-03-10T17:30:46.998-04:00,IdeState,Inactive,,*,-1,-1
2025-03-10T17:30:47.999-04:00,IdeState,Inactive,,*,-1,-1
2025-03-10T17:30:49.001-04:00,IdeState,Inactive,,*,-1,-1
2025-03-10T17:30:50.002-04:00,IdeState,Inactive,,*,-1,-1
2025-03-10T17:30:51.004-04:00,IdeState,Inactive,,*,-1,-1
2025-03-10T17:30:52.005-04:00,IdeState,Inactive,,*,-1,-1
2025-03-10T17:30:53.006-04:00,IdeState,Inactive,,*,-1,-1
2025-03-10T17:30:54.007-04:00,IdeState,Inactive,,*,-1,-1
2025-03-10T17:30:55.007-04:00,IdeState,Inactive,,*,-1,-1
2025-03-10T17:30:56.009-04:00,IdeState,Inactive,,*,-1,-1
2025-03-10T17:30:57.009-04:00,IdeState,Inactive,,*,-1,-1
2025-03-10T17:30:58.010-04:00,IdeState,Inactive,,*,-1,-1
2025-03-10T17:30:59.012-04:00,IdeState,Inactive,,*,-1,-1
2025-03-10T17:31:00.014-04:00,IdeState,Inactive,,*,-1,-1
2025-03-10T17:31:01.016-04:00,IdeState,Inactive,,*,-1,-1
2025-03-10T17:31:02.017-04:00,IdeState,Inactive,,*,-1,-1
2025-03-10T17:31:03.020-04:00,IdeState,Inactive,,*,-1,-1
2025-03-10T17:31:04.020-04:00,IdeState,Inactive,,*,-1,-1
2025-03-10T17:31:05.021-04:00,IdeState,Inactive,,*,-1,-1
2025-03-10T17:31:06.022-04:00,IdeState,Inactive,,*,-1,-1
2025-03-10T17:31:07.023-04:00,IdeState,Inactive,,*,-1,-1
2025-03-10T17:31:08.025-04:00,IdeState,Inactive,,*,-1,-1
2025-03-10T17:31:09.025-04:00,IdeState,Inactive,,*,-1,-1
2025-03-10T17:31:10.027-04:00,IdeState,Inactive,,*,-1,-1
2025-03-10T17:31:11.028-04:00,IdeState,Inactive,,*,-1,-1
2025-03-10T17:31:12.030-04:00,IdeState,Inactive,,*,-1,-1
2025-03-10T17:31:13.031-04:00,IdeState,Inactive,,*,-1,-1
2025-03-10T17:31:14.032-04:00,IdeState,Inactive,,*,-1,-1
2025-03-10T17:31:15.033-04:00,IdeState,Inactive,,*,-1,-1
2025-03-10T17:31:16.034-04:00,IdeState,Inactive,,*,-1,-1
2025-03-10T17:31:17.035-04:00,IdeState,Inactive,,*,-1,-1
2025-03-10T17:31:18.037-04:00,IdeState,Inactive,,*,-1,-1
2025-03-10T17:31:19.038-04:00,IdeState,Inactive,,*,-1,-1
2025-03-10T17:31:20.039-04:00,IdeState,Inactive,,*,-1,-1
2025-03-10T17:31:21.040-04:00,IdeState,Inactive,,*,-1,-1
2025-03-10T17:31:22.042-04:00,IdeState,Inactive,,*,-1,-1
2025-03-10T17:31:23.044-04:00,IdeState,Inactive,,*,-1,-1
2025-03-10T17:31:24.047-04:00,IdeState,Inactive,,*,-1,-1
2025-03-10T17:31:25.047-04:00,IdeState,Inactive,,*,-1,-1
2025-03-10T17:31:26.048-04:00,IdeState,Inactive,,*,-1,-1
2025-03-10T17:31:27.050-04:00,IdeState,Inactive,,*,-1,-1
2025-03-10T17:31:28.051-04:00,IdeState,Inactive,,*,-1,-1
2025-03-10T17:31:29.053-04:00,IdeState,Inactive,,*,-1,-1
2025-03-10T17:31:30.054-04:00,IdeState,Inactive,,*,-1,-1
2025-03-10T17:31:31.056-04:00,IdeState,Inactive,,*,-1,-1
2025-03-10T17:31:32.057-04:00,IdeState,Inactive,,*,-1,-1
2025-03-10T17:31:33.057-04:00,IdeState,Inactive,,*,-1,-1
2025-03-10T17:31:34.059-04:00,IdeState,Inactive,,*,-1,-1
2025-03-10T17:31:35.060-04:00,IdeState,Inactive,,*,-1,-1
2025-03-10T17:31:36.060-04:00,IdeState,Inactive,,*,-1,-1
2025-03-10T17:31:37.063-04:00,IdeState,Inactive,,*,-1,-1
2025-03-10T17:31:38.066-04:00,IdeState,Inactive,,*,-1,-1
2025-03-10T17:31:39.067-04:00,IdeState,Inactive,,*,-1,-1
2025-03-10T17:31:40.068-04:00,IdeState,Inactive,,*,-1,-1
2025-03-10T17:31:41.068-04:00,IdeState,Inactive,,*,-1,-1
2025-03-10T17:31:42.070-04:00,IdeState,Inactive,,*,-1,-1
2025-03-10T17:31:43.071-04:00,IdeState,Inactive,,*,-1,-1
2025-03-10T17:31:44.072-04:00,IdeState,Inactive,,*,-1,-1
2025-03-10T17:31:45.074-04:00,IdeState,Inactive,,*,-1,-1
2025-03-10T17:31:46.075-04:00,IdeState,Inactive,,*,-1,-1
2025-03-10T17:31:47.076-04:00,IdeState,Inactive,,*,-1,-1
2025-03-10T17:31:48.077-04:00,IdeState,Inactive,,*,-1,-1
2025-03-10T17:31:49.078-04:00,IdeState,Inactive,,*,-1,-1
2025-03-10T17:31:50.078-04:00,IdeState,Inactive,,*,-1,-1
2025-03-10T17:31:51.080-04:00,IdeState,Inactive,,*,-1,-1
2025-03-10T17:31:52.081-04:00,IdeState,Inactive,,*,-1,-1
2025-03-10T17:31:53.083-04:00,IdeState,Inactive,,*,-1,-1
2025-03-10T17:31:54.083-04:00,IdeState,Inactive,,*,-1,-1
2025-03-10T17:31:55.085-04:00,IdeState,Inactive,,*,-1,-1
2025-03-10T17:31:56.086-04:00,IdeState,Inactive,,*,-1,-1
2025-03-10T17:31:57.088-04:00,IdeState,Inactive,,*,-1,-1
2025-03-10T17:31:58.089-04:00,IdeState,Inactive,,*,-1,-1
2025-03-10T17:31:59.091-04:00,IdeState,Inactive,,*,-1,-1
2025-03-10T17:32:00.093-04:00,IdeState,Inactive,,*,-1,-1
2025-03-10T17:32:01.094-04:00,IdeState,Inactive,,*,-1,-1
2025-03-10T17:32:02.095-04:00,IdeState,Inactive,,*,-1,-1
2025-03-10T17:32:03.098-04:00,IdeState,Inactive,,*,-1,-1
2025-03-10T17:32:04.100-04:00,IdeState,Inactive,,*,-1,-1
2025-03-10T17:32:05.103-04:00,IdeState,Inactive,,*,-1,-1
2025-03-10T17:32:06.103-04:00,IdeState,Inactive,,*,-1,-1
2025-03-10T17:32:07.105-04:00,IdeState,Inactive,,*,-1,-1
2025-03-10T17:32:08.106-04:00,IdeState,Inactive,,*,-1,-1
2025-03-10T17:32:09.107-04:00,IdeState,Inactive,,*,-1,-1
2025-03-10T17:32:10.108-04:00,IdeState,Inactive,,*,-1,-1
2025-03-10T17:32:11.110-04:00,IdeState,Inactive,,*,-1,-1
2025-03-10T17:32:12.111-04:00,IdeState,Inactive,,*,-1,-1
2025-03-10T17:32:13.113-04:00,IdeState,Inactive,,*,-1,-1
2025-03-10T17:32:14.114-04:00,IdeState,Inactive,,*,-1,-1
2025-03-10T17:32:15.115-04:00,IdeState,Inactive,,*,-1,-1
2025-03-10T17:32:16.117-04:00,IdeState,Inactive,,*,-1,-1
2025-03-10T17:32:17.118-04:00,IdeState,Inactive,,*,-1,-1
2025-03-10T17:32:18.120-04:00,IdeState,Inactive,,*,-1,-1
2025-03-10T17:32:19.121-04:00,IdeState,Inactive,,*,-1,-1
2025-03-10T17:32:20.122-04:00,IdeState,Inactive,,*,-1,-1
2025-03-10T17:32:21.124-04:00,IdeState,Inactive,,*,-1,-1
2025-03-10T17:32:22.125-04:00,IdeState,Inactive,,*,-1,-1
2025-03-10T17:32:23.126-04:00,IdeState,Inactive,,*,-1,-1
2025-03-10T17:32:24.128-04:00,IdeState,Inactive,,*,-1,-1
2025-03-10T17:32:25.129-04:00,IdeState,Inactive,,*,-1,-1
2025-03-10T17:32:26.131-04:00,IdeState,Inactive,,*,-1,-1
2025-03-10T17:32:27.132-04:00,IdeState,Inactive,,*,-1,-1
2025-03-10T17:32:28.133-04:00,IdeState,Inactive,,*,-1,-1
2025-03-10T17:32:29.135-04:00,IdeState,Inactive,,*,-1,-1
2025-03-10T17:32:30.136-04:00,IdeState,Inactive,,*,-1,-1
2025-03-10T17:32:31.137-04:00,IdeState,Inactive,,*,-1,-1
2025-03-10T17:32:32.140-04:00,IdeState,Inactive,,*,-1,-1
2025-03-10T17:32:33.141-04:00,IdeState,Inactive,,*,-1,-1
2025-03-10T17:32:34.143-04:00,IdeState,Inactive,,*,-1,-1
2025-03-10T17:32:35.144-04:00,IdeState,Inactive,,*,-1,-1
2025-03-10T17:32:36.145-04:00,IdeState,Inactive,,*,-1,-1
2025-03-10T17:32:37.146-04:00,IdeState,Inactive,,*,-1,-1
2025-03-10T17:32:38.147-04:00,IdeState,Inactive,,*,-1,-1
2025-03-10T17:32:39.149-04:00,IdeState,Inactive,,*,-1,-1
2025-03-10T17:32:40.150-04:00,IdeState,Inactive,,*,-1,-1
2025-03-10T17:32:41.150-04:00,IdeState,Inactive,,*,-1,-1
2025-03-10T17:32:42.153-04:00,IdeState,Inactive,,*,-1,-1
2025-03-10T17:32:43.154-04:00,IdeState,Inactive,,*,-1,-1
2025-03-10T17:32:44.155-04:00,IdeState,Inactive,,*,-1,-1
2025-03-10T17:32:45.156-04:00,IdeState,Inactive,,*,-1,-1
2025-03-10T17:32:46.157-04:00,IdeState,Inactive,,*,-1,-1
2025-03-10T17:32:47.157-04:00,IdeState,Inactive,,*,-1,-1
2025-03-10T17:32:48.160-04:00,IdeState,Inactive,,*,-1,-1
2025-03-10T17:32:49.162-04:00,IdeState,Inactive,,*,-1,-1
2025-03-10T17:32:50.164-04:00,IdeState,Inactive,,*,-1,-1
2025-03-10T17:32:51.166-04:00,IdeState,Inactive,,*,-1,-1
2025-03-10T17:32:52.168-04:00,IdeState,Inactive,,*,-1,-1
2025-03-10T17:32:53.169-04:00,IdeState,Inactive,,*,-1,-1
2025-03-10T17:32:54.173-04:00,IdeState,Inactive,,*,-1,-1
2025-03-10T17:32:55.174-04:00,IdeState,Inactive,,*,-1,-1
2025-03-10T17:32:56.176-04:00,IdeState,Inactive,,*,-1,-1
2025-03-10T17:32:57.178-04:00,IdeState,Inactive,,*,-1,-1
2025-03-10T17:32:58.179-04:00,IdeState,Inactive,,*,-1,-1
2025-03-10T17:32:59.182-04:00,IdeState,Inactive,,*,-1,-1
2025-03-10T17:33:00.184-04:00,IdeState,Inactive,,*,-1,-1
2025-03-10T17:33:01.186-04:00,IdeState,Inactive,,*,-1,-1
2025-03-10T17:33:02.188-04:00,IdeState,Inactive,,*,-1,-1
2025-03-10T17:33:03.189-04:00,IdeState,Inactive,,*,-1,-1
2025-03-10T17:33:04.190-04:00,IdeState,Inactive,,*,-1,-1
2025-03-10T17:33:05.190-04:00,IdeState,Inactive,,*,-1,-1
2025-03-10T17:33:06.192-04:00,IdeState,Inactive,,*,-1,-1
2025-03-10T17:33:07.194-04:00,IdeState,Inactive,,*,-1,-1
2025-03-10T17:33:08.195-04:00,IdeState,Inactive,,*,-1,-1
2025-03-10T17:33:09.196-04:00,IdeState,Inactive,,*,-1,-1
2025-03-10T17:33:10.197-04:00,IdeState,Inactive,,*,-1,-1
2025-03-10T17:33:11.198-04:00,IdeState,Inactive,,*,-1,-1
2025-03-10T17:33:12.199-04:00,IdeState,Inactive,,*,-1,-1
2025-03-10T17:33:13.200-04:00,IdeState,Inactive,,*,-1,-1
2025-03-10T17:33:14.201-04:00,IdeState,Inactive,,*,-1,-1
2025-03-10T17:33:15.203-04:00,IdeState,Inactive,,*,-1,-1
2025-03-10T17:33:16.204-04:00,IdeState,Inactive,,*,-1,-1
2025-03-10T17:33:17.205-04:00,IdeState,Inactive,,*,-1,-1
2025-03-10T17:33:18.208-04:00,IdeState,Inactive,,*,-1,-1
2025-03-10T17:33:19.209-04:00,IdeState,Inactive,,*,-1,-1
2025-03-10T17:33:20.211-04:00,IdeState,Inactive,,*,-1,-1
2025-03-10T17:33:21.212-04:00,IdeState,Inactive,,*,-1,-1
2025-03-10T17:33:22.214-04:00,IdeState,Inactive,,*,-1,-1
2025-03-10T17:33:23.217-04:00,IdeState,Inactive,,*,-1,-1
2025-03-10T17:33:24.218-04:00,IdeState,Inactive,,*,-1,-1
2025-03-10T17:33:25.221-04:00,IdeState,Inactive,,*,-1,-1
2025-03-10T17:33:26.223-04:00,IdeState,Inactive,,*,-1,-1
2025-03-10T17:33:27.223-04:00,IdeState,Inactive,,*,-1,-1
2025-03-10T17:33:28.224-04:00,IdeState,Inactive,,*,-1,-1
2025-03-10T17:33:29.225-04:00,IdeState,Inactive,,*,-1,-1
2025-03-10T17:33:30.227-04:00,IdeState,Inactive,,*,-1,-1
2025-03-10T17:33:31.228-04:00,IdeState,Inactive,,*,-1,-1
2025-03-10T17:33:32.229-04:00,IdeState,Inactive,,*,-1,-1
2025-03-10T17:33:33.229-04:00,IdeState,Inactive,,*,-1,-1
2025-03-10T17:33:34.232-04:00,IdeState,Inactive,,*,-1,-1
2025-03-10T17:33:35.233-04:00,IdeState,Inactive,,*,-1,-1
2025-03-10T17:33:36.234-04:00,IdeState,Inactive,,*,-1,-1
2025-03-10T17:33:37.236-04:00,IdeState,Inactive,,*,-1,-1
2025-03-10T17:33:38.237-04:00,IdeState,Inactive,,*,-1,-1
2025-03-10T17:33:39.240-04:00,IdeState,Inactive,,*,-1,-1
2025-03-10T17:33:40.240-04:00,IdeState,Inactive,,*,-1,-1
2025-03-10T17:33:41.241-04:00,IdeState,Inactive,,*,-1,-1
2025-03-10T17:33:42.243-04:00,IdeState,Inactive,,*,-1,-1
2025-03-10T17:33:43.245-04:00,IdeState,Inactive,,*,-1,-1
2025-03-10T17:33:44.247-04:00,IdeState,Inactive,,*,-1,-1
2025-03-10T17:33:45.248-04:00,IdeState,Inactive,,*,-1,-1
2025-03-10T17:33:46.251-04:00,IdeState,Inactive,,*,-1,-1
2025-03-10T17:33:47.253-04:00,IdeState,Inactive,,*,-1,-1
2025-03-10T17:33:48.255-04:00,IdeState,Inactive,,*,-1,-1
2025-03-10T17:33:49.258-04:00,IdeState,Inactive,,*,-1,-1
2025-03-10T17:33:50.261-04:00,IdeState,Inactive,,*,-1,-1
2025-03-10T17:33:51.262-04:00,IdeState,Inactive,,*,-1,-1
2025-03-10T17:33:52.263-04:00,IdeState,Inactive,,*,-1,-1
2025-03-10T17:33:53.265-04:00,IdeState,Inactive,,*,-1,-1
2025-03-10T17:33:54.266-04:00,IdeState,Inactive,,*,-1,-1
2025-03-10T17:33:55.267-04:00,IdeState,Inactive,,*,-1,-1
2025-03-10T17:33:56.268-04:00,IdeState,Inactive,,*,-1,-1
2025-03-10T17:33:57.269-04:00,IdeState,Inactive,,*,-1,-1
2025-03-10T17:33:58.270-04:00,IdeState,Inactive,,*,-1,-1
2025-03-10T17:33:59.271-04:00,IdeState,Inactive,,*,-1,-1
2025-03-10T17:34:00.272-04:00,IdeState,Inactive,,*,-1,-1
2025-03-10T17:34:01.275-04:00,IdeState,Inactive,,*,-1,-1
2025-03-10T17:34:02.276-04:00,IdeState,Inactive,,*,-1,-1
2025-03-10T17:34:03.276-04:00,IdeState,Inactive,,*,-1,-1
2025-03-10T17:34:04.277-04:00,IdeState,Inactive,,*,-1,-1
2025-03-10T17:34:05.278-04:00,IdeState,Inactive,,*,-1,-1
2025-03-10T17:34:06.279-04:00,IdeState,Inactive,,*,-1,-1
2025-03-10T17:34:07.281-04:00,IdeState,Inactive,,*,-1,-1
2025-03-10T17:34:08.282-04:00,IdeState,Inactive,,*,-1,-1
2025-03-10T17:34:09.284-04:00,IdeState,Inactive,,*,-1,-1
2025-03-10T17:34:10.287-04:00,IdeState,Inactive,,*,-1,-1
2025-03-10T17:34:11.288-04:00,IdeState,Inactive,,*,-1,-1
2025-03-10T17:34:12.289-04:00,IdeState,Inactive,,*,-1,-1
2025-03-10T17:34:13.291-04:00,IdeState,Inactive,,*,-1,-1
2025-03-10T17:34:14.293-04:00,IdeState,Inactive,,*,-1,-1
2025-03-10T17:34:15.295-04:00,IdeState,Inactive,,*,-1,-1
2025-03-10T17:34:16.297-04:00,IdeState,Inactive,,*,-1,-1
2025-03-10T17:34:17.299-04:00,IdeState,Inactive,,*,-1,-1
2025-03-10T17:34:18.300-04:00,IdeState,Inactive,,*,-1,-1
2025-03-10T17:34:19.301-04:00,IdeState,Inactive,,*,-1,-1
2025-03-10T17:34:20.302-04:00,IdeState,Inactive,,*,-1,-1
2025-03-10T17:34:21.304-04:00,IdeState,Inactive,,*,-1,-1
2025-03-10T17:34:22.304-04:00,IdeState,Inactive,,*,-1,-1
2025-03-10T17:34:23.306-04:00,IdeState,Inactive,,*,-1,-1
2025-03-10T17:34:24.308-04:00,IdeState,Inactive,,*,-1,-1
2025-03-10T17:34:25.309-04:00,IdeState,Inactive,,*,-1,-1
2025-03-10T17:34:26.311-04:00,IdeState,Inactive,,*,-1,-1
2025-03-10T17:34:27.313-04:00,IdeState,Inactive,,*,-1,-1
2025-03-10T17:34:28.314-04:00,IdeState,Inactive,,*,-1,-1
2025-03-10T17:34:29.315-04:00,IdeState,Inactive,,*,-1,-1
2025-03-10T17:34:30.315-04:00,IdeState,Inactive,,*,-1,-1
2025-03-10T17:34:31.316-04:00,IdeState,Inactive,,*,-1,-1
2025-03-10T17:34:32.318-04:00,IdeState,Inactive,,*,-1,-1
2025-03-10T17:34:33.320-04:00,IdeState,Inactive,,*,-1,-1
2025-03-10T17:34:34.322-04:00,IdeState,Inactive,,*,-1,-1
2025-03-10T17:34:35.324-04:00,IdeState,Inactive,,*,-1,-1
2025-03-10T17:34:36.326-04:00,IdeState,Inactive,,*,-1,-1
2025-03-10T17:34:37.326-04:00,IdeState,Inactive,,*,-1,-1
2025-03-10T17:34:38.327-04:00,IdeState,Inactive,,*,-1,-1
2025-03-10T17:34:39.329-04:00,IdeState,Inactive,,*,-1,-1
2025-03-10T17:34:40.330-04:00,IdeState,Inactive,,*,-1,-1
2025-03-10T17:34:41.332-04:00,IdeState,Inactive,,*,-1,-1
2025-03-10T17:34:42.333-04:00,IdeState,Inactive,,*,-1,-1
2025-03-10T17:34:43.335-04:00,IdeState,Inactive,,*,-1,-1
2025-03-10T17:34:44.335-04:00,IdeState,Inactive,,*,-1,-1
2025-03-10T17:34:45.337-04:00,IdeState,Inactive,,*,-1,-1
2025-03-10T17:34:46.338-04:00,IdeState,Inactive,,*,-1,-1
2025-03-10T17:34:47.338-04:00,IdeState,Inactive,,*,-1,-1
2025-03-10T17:34:48.340-04:00,IdeState,Inactive,,*,-1,-1
2025-03-10T17:34:49.341-04:00,IdeState,Inactive,,*,-1,-1
2025-03-10T17:34:50.342-04:00,IdeState,Inactive,,*,-1,-1
2025-03-10T17:34:51.342-04:00,IdeState,Inactive,,*,-1,-1
2025-03-10T17:34:52.343-04:00,IdeState,Inactive,,*,-1,-1
2025-03-10T17:34:53.345-04:00,IdeState,Inactive,,*,-1,-1
2025-03-10T17:34:54.346-04:00,IdeState,Inactive,,*,-1,-1
2025-03-10T17:34:55.346-04:00,IdeState,Inactive,,*,-1,-1
2025-03-10T17:34:56.349-04:00,IdeState,Inactive,,*,-1,-1
2025-03-10T17:34:57.350-04:00,IdeState,Inactive,,*,-1,-1
2025-03-10T17:34:58.352-04:00,IdeState,Inactive,,*,-1,-1
2025-03-10T17:34:59.354-04:00,IdeState,Inactive,,*,-1,-1
2025-03-10T17:35:00.355-04:00,IdeState,Inactive,,*,-1,-1
2025-03-10T17:35:01.357-04:00,IdeState,Inactive,,*,-1,-1
2025-03-10T17:35:02.358-04:00,IdeState,Inactive,,*,-1,-1
2025-03-10T17:35:03.360-04:00,IdeState,Inactive,,*,-1,-1
2025-03-10T17:35:04.361-04:00,IdeState,Inactive,,*,-1,-1
2025-03-10T17:35:05.364-04:00,IdeState,Inactive,,*,-1,-1
2025-03-10T17:35:06.366-04:00,IdeState,Inactive,,*,-1,-1
2025-03-10T17:35:07.367-04:00,IdeState,Inactive,,*,-1,-1
2025-03-10T17:35:08.368-04:00,IdeState,Inactive,,*,-1,-1
2025-03-10T17:35:09.369-04:00,IdeState,Inactive,,*,-1,-1
2025-03-10T17:35:10.370-04:00,IdeState,Inactive,,*,-1,-1
2025-03-10T17:35:11.372-04:00,IdeState,Inactive,,*,-1,-1
2025-03-10T17:35:12.374-04:00,IdeState,Inactive,,*,-1,-1
2025-03-10T17:35:13.375-04:00,IdeState,Inactive,,*,-1,-1
2025-03-10T17:35:14.377-04:00,IdeState,Inactive,,*,-1,-1
2025-03-10T17:35:15.378-04:00,IdeState,Inactive,,*,-1,-1
2025-03-10T17:35:16.378-04:00,IdeState,Inactive,,*,-1,-1
2025-03-10T17:35:17.379-04:00,IdeState,Inactive,,*,-1,-1
2025-03-10T17:35:18.381-04:00,IdeState,Inactive,,*,-1,-1
2025-03-10T17:35:19.382-04:00,IdeState,Inactive,,*,-1,-1
2025-03-10T17:35:20.383-04:00,IdeState,Inactive,,*,-1,-1
2025-03-10T17:35:21.384-04:00,IdeState,Inactive,,*,-1,-1
2025-03-10T17:35:22.386-04:00,IdeState,Inactive,,*,-1,-1
2025-03-10T17:35:23.386-04:00,IdeState,Inactive,,*,-1,-1
2025-03-10T17:35:24.387-04:00,IdeState,Inactive,,*,-1,-1
2025-03-10T17:35:25.388-04:00,IdeState,Inactive,,*,-1,-1
2025-03-10T17:35:26.389-04:00,IdeState,Inactive,,*,-1,-1
2025-03-10T17:35:27.392-04:00,IdeState,Inactive,,*,-1,-1
2025-03-10T17:35:28.393-04:00,IdeState,Inactive,,*,-1,-1
2025-03-10T17:35:29.395-04:00,IdeState,Inactive,,*,-1,-1
2025-03-10T17:35:30.398-04:00,IdeState,Inactive,,*,-1,-1
2025-03-10T17:35:31.399-04:00,IdeState,Inactive,,*,-1,-1
2025-03-10T17:35:32.400-04:00,IdeState,Inactive,,*,-1,-1
2025-03-10T17:35:33.403-04:00,IdeState,Inactive,,*,-1,-1
2025-03-10T17:35:34.403-04:00,IdeState,Inactive,,*,-1,-1
2025-03-10T17:35:35.405-04:00,IdeState,Inactive,,*,-1,-1
2025-03-10T17:35:36.407-04:00,IdeState,Inactive,,*,-1,-1
2025-03-10T17:35:37.409-04:00,IdeState,Inactive,,*,-1,-1
2025-03-10T17:35:38.409-04:00,IdeState,Inactive,,*,-1,-1
2025-03-10T17:35:39.411-04:00,IdeState,Inactive,,*,-1,-1
2025-03-10T17:35:40.412-04:00,IdeState,Inactive,,*,-1,-1
2025-03-10T17:35:41.413-04:00,IdeState,Inactive,,*,-1,-1
2025-03-10T17:35:42.415-04:00,IdeState,Inactive,,*,-1,-1
2025-03-10T17:35:43.416-04:00,IdeState,Inactive,,*,-1,-1
2025-03-10T17:35:44.419-04:00,IdeState,Inactive,,*,-1,-1
2025-03-10T17:35:45.421-04:00,IdeState,Inactive,,*,-1,-1
2025-03-10T17:35:46.424-04:00,IdeState,Inactive,,*,-1,-1
2025-03-10T17:35:47.426-04:00,IdeState,Inactive,,*,-1,-1
2025-03-10T17:35:48.426-04:00,IdeState,Inactive,,*,-1,-1
2025-03-10T17:35:49.427-04:00,IdeState,Inactive,,*,-1,-1
2025-03-10T17:35:50.428-04:00,IdeState,Inactive,,*,-1,-1
2025-03-10T17:35:51.430-04:00,IdeState,Inactive,,*,-1,-1
2025-03-10T17:35:52.431-04:00,IdeState,Inactive,,*,-1,-1
2025-03-10T17:35:53.433-04:00,IdeState,Inactive,,*,-1,-1
2025-03-10T17:35:54.433-04:00,IdeState,Inactive,,*,-1,-1
2025-03-10T17:35:55.435-04:00,IdeState,Inactive,,*,-1,-1
2025-03-10T17:35:56.436-04:00,IdeState,Inactive,,*,-1,-1
2025-03-10T17:35:57.438-04:00,IdeState,Inactive,,*,-1,-1
2025-03-10T17:35:58.439-04:00,IdeState,Inactive,,*,-1,-1
2025-03-10T17:35:59.441-04:00,IdeState,Inactive,,*,-1,-1
2025-03-10T17:36:00.443-04:00,IdeState,Inactive,,*,-1,-1
2025-03-10T17:36:01.445-04:00,IdeState,Inactive,,*,-1,-1
2025-03-10T17:36:02.446-04:00,IdeState,Inactive,,*,-1,-1
2025-03-10T17:36:03.447-04:00,IdeState,Inactive,,*,-1,-1
2025-03-10T17:36:04.449-04:00,IdeState,Inactive,,*,-1,-1
2025-03-10T17:36:05.449-04:00,IdeState,Inactive,,*,-1,-1
2025-03-10T17:36:06.450-04:00,IdeState,Inactive,,*,-1,-1
2025-03-10T17:36:07.451-04:00,IdeState,Inactive,,*,-1,-1
2025-03-10T17:36:08.453-04:00,IdeState,Inactive,,*,-1,-1
2025-03-10T17:36:09.454-04:00,IdeState,Inactive,,*,-1,-1
2025-03-10T17:36:10.458-04:00,IdeState,Inactive,,*,-1,-1
2025-03-10T17:36:11.459-04:00,IdeState,Inactive,,*,-1,-1
2025-03-10T17:36:12.461-04:00,IdeState,Inactive,,*,-1,-1
2025-03-10T17:36:13.463-04:00,IdeState,Inactive,,*,-1,-1
2025-03-10T17:36:14.464-04:00,IdeState,Inactive,,*,-1,-1
2025-03-10T17:36:15.466-04:00,IdeState,Inactive,,*,-1,-1
2025-03-10T17:36:16.467-04:00,IdeState,Inactive,,*,-1,-1
2025-03-10T17:36:17.468-04:00,IdeState,Inactive,,*,-1,-1
2025-03-10T17:36:18.470-04:00,IdeState,Inactive,,*,-1,-1
2025-03-10T17:36:19.472-04:00,IdeState,Inactive,,*,-1,-1
2025-03-10T17:36:20.473-04:00,IdeState,Inactive,,*,-1,-1
2025-03-10T17:36:21.474-04:00,IdeState,Inactive,,*,-1,-1
2025-03-10T17:36:22.475-04:00,IdeState,Inactive,,*,-1,-1
2025-03-10T17:36:23.476-04:00,IdeState,Inactive,,*,-1,-1
2025-03-10T17:36:24.477-04:00,IdeState,Inactive,,*,-1,-1
2025-03-10T17:36:25.478-04:00,IdeState,Inactive,,*,-1,-1
2025-03-10T17:36:26.479-04:00,IdeState,Inactive,,*,-1,-1
2025-03-10T17:36:27.480-04:00,IdeState,Inactive,,*,-1,-1
2025-03-10T17:36:28.480-04:00,IdeState,Inactive,,*,-1,-1
2025-03-10T17:36:29.484-04:00,IdeState,Inactive,,*,-1,-1
2025-03-10T17:36:30.485-04:00,IdeState,Inactive,,*,-1,-1
2025-03-10T17:36:31.486-04:00,IdeState,Inactive,,*,-1,-1
2025-03-10T17:36:32.488-04:00,IdeState,Inactive,,*,-1,-1
2025-03-10T17:36:33.490-04:00,IdeState,Inactive,,*,-1,-1
2025-03-10T17:36:34.492-04:00,IdeState,Inactive,,*,-1,-1
2025-03-10T17:36:35.494-04:00,IdeState,Inactive,,*,-1,-1
2025-03-10T17:36:36.495-04:00,IdeState,Inactive,,*,-1,-1
2025-03-10T17:36:37.496-04:00,IdeState,Inactive,,*,-1,-1
2025-03-10T17:36:38.497-04:00,IdeState,Inactive,,*,-1,-1
2025-03-10T17:36:39.499-04:00,IdeState,Inactive,,*,-1,-1
2025-03-10T17:36:40.500-04:00,IdeState,Inactive,,*,-1,-1
2025-03-10T17:36:41.501-04:00,IdeState,Inactive,,*,-1,-1
2025-03-10T17:36:42.503-04:00,IdeState,Inactive,,*,-1,-1
2025-03-10T17:36:43.504-04:00,IdeState,Inactive,,*,-1,-1
2025-03-10T17:36:44.505-04:00,IdeState,Inactive,,*,-1,-1
2025-03-10T17:36:45.506-04:00,IdeState,Inactive,,*,-1,-1
2025-03-10T17:36:46.506-04:00,IdeState,Inactive,,*,-1,-1
2025-03-10T17:36:47.507-04:00,IdeState,Inactive,,*,-1,-1
2025-03-10T17:36:48.509-04:00,IdeState,Inactive,,*,-1,-1
2025-03-10T17:36:49.509-04:00,IdeState,Inactive,,*,-1,-1
2025-03-10T17:36:50.511-04:00,IdeState,Inactive,,*,-1,-1
2025-03-10T17:36:51.512-04:00,IdeState,Inactive,,*,-1,-1
2025-03-10T17:36:52.514-04:00,IdeState,Inactive,,*,-1,-1
2025-03-10T17:36:53.515-04:00,IdeState,Inactive,,*,-1,-1
2025-03-10T17:36:54.516-04:00,IdeState,Inactive,,*,-1,-1
2025-03-10T17:36:55.516-04:00,IdeState,Inactive,,*,-1,-1
2025-03-10T17:36:56.517-04:00,IdeState,Inactive,,*,-1,-1
2025-03-10T17:36:57.521-04:00,IdeState,Inactive,,*,-1,-1
2025-03-10T17:36:58.522-04:00,IdeState,Inactive,,*,-1,-1
2025-03-10T17:36:59.523-04:00,IdeState,Inactive,,*,-1,-1
2025-03-10T17:37:00.523-04:00,IdeState,Inactive,,*,-1,-1
2025-03-10T17:37:01.524-04:00,IdeState,Inactive,,*,-1,-1
2025-03-10T17:37:02.525-04:00,IdeState,Inactive,,*,-1,-1
2025-03-10T17:37:03.527-04:00,IdeState,Inactive,,*,-1,-1
2025-03-10T17:37:04.529-04:00,IdeState,Inactive,,*,-1,-1
2025-03-10T17:37:05.529-04:00,IdeState,Inactive,,*,-1,-1
2025-03-10T17:37:06.531-04:00,IdeState,Inactive,,*,-1,-1
2025-03-10T17:37:07.531-04:00,IdeState,Inactive,,*,-1,-1
2025-03-10T17:37:08.532-04:00,IdeState,Inactive,,*,-1,-1
2025-03-10T17:37:09.534-04:00,IdeState,Inactive,,*,-1,-1
2025-03-10T17:37:10.535-04:00,IdeState,Inactive,,*,-1,-1
2025-03-10T17:37:11.535-04:00,IdeState,Inactive,,*,-1,-1
2025-03-10T17:37:12.539-04:00,IdeState,Inactive,,*,-1,-1
2025-03-10T17:37:13.539-04:00,IdeState,Inactive,,*,-1,-1
2025-03-10T17:37:14.541-04:00,IdeState,Inactive,,*,-1,-1
2025-03-10T17:37:15.542-04:00,IdeState,Inactive,,*,-1,-1
2025-03-10T17:37:16.543-04:00,IdeState,Inactive,,*,-1,-1
2025-03-10T17:37:17.543-04:00,IdeState,Inactive,,*,-1,-1
2025-03-10T17:37:18.545-04:00,IdeState,Inactive,,*,-1,-1
2025-03-10T17:37:19.546-04:00,IdeState,Inactive,,*,-1,-1
2025-03-10T17:37:20.548-04:00,IdeState,Inactive,,*,-1,-1
2025-03-10T17:37:21.551-04:00,IdeState,Inactive,,*,-1,-1
2025-03-10T17:37:22.552-04:00,IdeState,Inactive,,*,-1,-1
2025-03-10T17:37:23.553-04:00,IdeState,Inactive,,*,-1,-1
2025-03-10T17:37:24.554-04:00,IdeState,Inactive,,*,-1,-1
2025-03-10T17:37:25.557-04:00,IdeState,Inactive,,*,-1,-1
2025-03-10T17:37:26.557-04:00,IdeState,Inactive,,*,-1,-1
2025-03-10T17:37:27.558-04:00,IdeState,Inactive,,*,-1,-1
2025-03-10T17:37:28.561-04:00,IdeState,Inactive,,*,-1,-1
2025-03-10T17:37:29.563-04:00,IdeState,Inactive,,*,-1,-1
2025-03-10T17:37:30.564-04:00,IdeState,Inactive,,*,-1,-1
2025-03-10T17:37:31.565-04:00,IdeState,Inactive,,*,-1,-1
2025-03-10T17:37:32.566-04:00,IdeState,Inactive,,*,-1,-1
2025-03-10T17:37:33.568-04:00,IdeState,Inactive,,*,-1,-1
2025-03-10T17:37:34.570-04:00,IdeState,Inactive,,*,-1,-1
2025-03-10T17:37:35.572-04:00,IdeState,Inactive,,*,-1,-1
2025-03-10T17:37:36.574-04:00,IdeState,Inactive,,*,-1,-1
2025-03-10T17:37:37.576-04:00,IdeState,Inactive,,*,-1,-1
2025-03-10T17:37:38.576-04:00,IdeState,Inactive,,*,-1,-1
2025-03-10T17:37:39.578-04:00,IdeState,Inactive,,*,-1,-1
2025-03-10T17:37:40.579-04:00,IdeState,Inactive,,*,-1,-1
2025-03-10T17:37:41.581-04:00,IdeState,Inactive,,*,-1,-1
2025-03-10T17:37:42.581-04:00,IdeState,Inactive,,*,-1,-1
2025-03-10T17:37:43.582-04:00,IdeState,Inactive,,*,-1,-1
2025-03-10T17:37:44.583-04:00,IdeState,Inactive,,*,-1,-1
2025-03-10T17:37:45.584-04:00,IdeState,Inactive,,*,-1,-1
2025-03-10T17:37:46.586-04:00,IdeState,Inactive,,*,-1,-1
2025-03-10T17:37:47.588-04:00,IdeState,Inactive,,*,-1,-1
2025-03-10T17:37:48.589-04:00,IdeState,Inactive,,*,-1,-1
2025-03-10T17:37:49.589-04:00,IdeState,Inactive,,*,-1,-1
2025-03-10T17:37:50.590-04:00,IdeState,Inactive,,*,-1,-1
2025-03-10T17:37:51.592-04:00,IdeState,Inactive,,*,-1,-1
2025-03-10T17:37:52.595-04:00,IdeState,Inactive,,*,-1,-1
2025-03-10T17:37:53.595-04:00,IdeState,Inactive,,*,-1,-1
2025-03-10T17:37:54.596-04:00,IdeState,Inactive,,*,-1,-1
2025-03-10T17:37:55.598-04:00,IdeState,Inactive,,*,-1,-1
2025-03-10T17:37:56.599-04:00,IdeState,Inactive,,*,-1,-1
2025-03-10T17:37:57.600-04:00,IdeState,Inactive,,*,-1,-1
2025-03-10T17:37:58.601-04:00,IdeState,Inactive,,*,-1,-1
2025-03-10T17:37:59.604-04:00,IdeState,Inactive,,*,-1,-1
2025-03-10T17:38:00.604-04:00,IdeState,Inactive,,*,-1,-1
2025-03-10T17:38:01.605-04:00,IdeState,Inactive,,*,-1,-1
2025-03-10T17:38:02.606-04:00,IdeState,Inactive,,*,-1,-1
2025-03-10T17:38:03.607-04:00,IdeState,Inactive,,*,-1,-1
2025-03-10T17:38:04.609-04:00,IdeState,Inactive,,*,-1,-1
2025-03-10T17:38:05.612-04:00,IdeState,Inactive,,*,-1,-1
2025-03-10T17:38:06.613-04:00,IdeState,Inactive,,*,-1,-1
2025-03-10T17:38:07.614-04:00,IdeState,Inactive,,*,-1,-1
2025-03-10T17:38:08.615-04:00,IdeState,Inactive,,*,-1,-1
2025-03-10T17:38:09.617-04:00,IdeState,Inactive,,*,-1,-1
2025-03-10T17:38:10.617-04:00,IdeState,Inactive,,*,-1,-1
2025-03-10T17:38:11.620-04:00,IdeState,Inactive,,*,-1,-1
2025-03-10T17:38:12.622-04:00,IdeState,Inactive,,*,-1,-1
2025-03-10T17:38:13.624-04:00,IdeState,Inactive,,*,-1,-1
2025-03-10T17:38:14.626-04:00,IdeState,Inactive,,*,-1,-1
2025-03-10T17:38:15.628-04:00,IdeState,Inactive,,*,-1,-1
2025-03-10T17:38:16.630-04:00,IdeState,Inactive,,*,-1,-1
2025-03-10T17:38:17.631-04:00,IdeState,Inactive,,*,-1,-1
2025-03-10T17:38:18.632-04:00,IdeState,Inactive,,*,-1,-1
2025-03-10T17:38:19.633-04:00,IdeState,Inactive,,*,-1,-1
2025-03-10T17:38:20.634-04:00,IdeState,Inactive,,*,-1,-1
2025-03-10T17:38:21.636-04:00,IdeState,Inactive,,*,-1,-1
2025-03-10T17:38:22.637-04:00,IdeState,Inactive,,*,-1,-1
2025-03-10T17:38:23.638-04:00,IdeState,Inactive,,*,-1,-1
2025-03-10T17:38:24.640-04:00,IdeState,Inactive,,*,-1,-1
2025-03-10T17:38:25.641-04:00,IdeState,Inactive,,*,-1,-1
2025-03-10T17:38:26.642-04:00,IdeState,Inactive,,*,-1,-1
2025-03-10T17:38:27.643-04:00,IdeState,Inactive,,*,-1,-1
2025-03-10T17:38:28.644-04:00,IdeState,Inactive,,*,-1,-1
2025-03-10T17:38:29.645-04:00,IdeState,Inactive,,*,-1,-1
2025-03-10T17:38:30.646-04:00,IdeState,Inactive,,*,-1,-1
2025-03-10T17:38:31.647-04:00,IdeState,Inactive,,*,-1,-1
2025-03-10T17:38:32.649-04:00,IdeState,Inactive,,*,-1,-1
2025-03-10T17:38:33.651-04:00,IdeState,Inactive,,*,-1,-1
2025-03-10T17:38:34.653-04:00,IdeState,Inactive,,*,-1,-1
2025-03-10T17:38:35.655-04:00,IdeState,Inactive,,*,-1,-1
2025-03-10T17:38:36.656-04:00,IdeState,Inactive,,*,-1,-1
2025-03-10T17:38:37.658-04:00,IdeState,Inactive,,*,-1,-1
2025-03-10T17:38:38.659-04:00,IdeState,Inactive,,*,-1,-1
2025-03-10T17:38:39.660-04:00,IdeState,Inactive,,*,-1,-1
2025-03-10T17:38:40.661-04:00,IdeState,Inactive,,*,-1,-1
2025-03-10T17:38:41.662-04:00,IdeState,Inactive,,*,-1,-1
2025-03-10T17:38:42.663-04:00,IdeState,Inactive,,*,-1,-1
2025-03-10T17:38:43.664-04:00,IdeState,Inactive,,*,-1,-1
2025-03-10T17:38:44.665-04:00,IdeState,Inactive,,*,-1,-1
2025-03-10T17:38:45.666-04:00,IdeState,Inactive,,*,-1,-1
2025-03-10T17:38:46.667-04:00,IdeState,Inactive,,*,-1,-1
2025-03-10T17:38:47.668-04:00,IdeState,Inactive,,*,-1,-1
2025-03-10T17:38:48.670-04:00,IdeState,Inactive,,*,-1,-1
2025-03-10T17:38:49.671-04:00,IdeState,Inactive,,*,-1,-1
2025-03-10T17:38:50.671-04:00,IdeState,Inactive,,*,-1,-1
2025-03-10T17:38:51.672-04:00,IdeState,Inactive,,*,-1,-1
2025-03-10T17:38:52.673-04:00,IdeState,Inactive,,*,-1,-1
2025-03-10T17:38:53.674-04:00,IdeState,Inactive,,*,-1,-1
2025-03-10T17:38:54.675-04:00,IdeState,Inactive,,*,-1,-1
2025-03-10T17:38:55.676-04:00,IdeState,Inactive,,*,-1,-1
2025-03-10T17:38:56.676-04:00,IdeState,Inactive,,*,-1,-1
2025-03-10T17:38:57.677-04:00,IdeState,Inactive,,*,-1,-1
2025-03-10T17:38:58.678-04:00,IdeState,Inactive,,*,-1,-1
2025-03-10T17:38:59.680-04:00,IdeState,Inactive,,*,-1,-1
2025-03-10T17:39:00.682-04:00,IdeState,Inactive,,*,-1,-1
2025-03-10T17:39:01.683-04:00,IdeState,Inactive,,*,-1,-1
2025-03-10T17:39:02.683-04:00,IdeState,Inactive,,*,-1,-1
2025-03-10T17:39:03.685-04:00,IdeState,Inactive,,*,-1,-1
2025-03-10T17:39:04.685-04:00,IdeState,Inactive,,*,-1,-1
2025-03-10T17:39:05.686-04:00,IdeState,Inactive,,*,-1,-1
2025-03-10T17:39:06.687-04:00,IdeState,Inactive,,*,-1,-1
2025-03-10T17:39:07.689-04:00,IdeState,Inactive,,*,-1,-1
2025-03-10T17:39:08.689-04:00,IdeState,Inactive,,*,-1,-1
2025-03-10T17:39:09.692-04:00,IdeState,Inactive,,*,-1,-1
2025-03-10T17:39:10.693-04:00,IdeState,Inactive,,*,-1,-1
2025-03-10T17:39:11.694-04:00,IdeState,Inactive,,*,-1,-1
2025-03-10T17:39:12.696-04:00,IdeState,Inactive,,*,-1,-1
2025-03-10T17:39:13.697-04:00,IdeState,Inactive,,*,-1,-1
2025-03-10T17:39:14.699-04:00,IdeState,Inactive,,*,-1,-1
2025-03-10T17:39:15.700-04:00,IdeState,Inactive,,*,-1,-1
2025-03-10T17:39:16.702-04:00,IdeState,Inactive,,*,-1,-1
2025-03-10T17:39:17.703-04:00,IdeState,Inactive,,*,-1,-1
2025-03-10T17:39:18.704-04:00,IdeState,Inactive,,*,-1,-1
2025-03-10T17:39:19.705-04:00,IdeState,Inactive,,*,-1,-1
2025-03-10T17:39:20.705-04:00,IdeState,Inactive,,*,-1,-1
2025-03-10T17:39:21.706-04:00,IdeState,Inactive,,*,-1,-1
2025-03-10T17:39:22.709-04:00,IdeState,Inactive,,*,-1,-1
2025-03-10T17:39:23.710-04:00,IdeState,Inactive,,*,-1,-1
2025-03-10T17:39:24.711-04:00,IdeState,Inactive,,*,-1,-1
2025-03-10T17:39:25.712-04:00,IdeState,Inactive,,*,-1,-1
2025-03-10T17:39:26.714-04:00,IdeState,Inactive,,*,-1,-1
2025-03-10T17:39:27.716-04:00,IdeState,Inactive,,*,-1,-1
2025-03-10T17:39:28.717-04:00,IdeState,Inactive,,*,-1,-1
2025-03-10T17:39:29.718-04:00,IdeState,Inactive,,*,-1,-1
2025-03-10T17:39:30.719-04:00,IdeState,Inactive,,*,-1,-1
2025-03-10T17:39:31.720-04:00,IdeState,Inactive,,*,-1,-1
2025-03-10T17:39:32.722-04:00,IdeState,Inactive,,*,-1,-1
2025-03-10T17:39:33.724-04:00,IdeState,Inactive,,*,-1,-1
2025-03-10T17:39:34.726-04:00,IdeState,Inactive,,*,-1,-1
2025-03-10T17:39:35.727-04:00,IdeState,Inactive,,*,-1,-1
2025-03-10T17:39:36.729-04:00,IdeState,Inactive,,*,-1,-1
2025-03-10T17:39:37.731-04:00,IdeState,Inactive,,*,-1,-1
2025-03-10T17:39:38.732-04:00,IdeState,Inactive,,*,-1,-1
2025-03-10T17:39:39.733-04:00,IdeState,Inactive,,*,-1,-1
2025-03-10T17:39:40.734-04:00,IdeState,Inactive,,*,-1,-1
2025-03-10T17:39:41.735-04:00,IdeState,Inactive,,*,-1,-1
2025-03-10T17:39:42.736-04:00,IdeState,Inactive,,*,-1,-1
2025-03-10T17:39:43.737-04:00,IdeState,Inactive,,*,-1,-1
2025-03-10T17:39:44.738-04:00,IdeState,Inactive,,*,-1,-1
2025-03-10T17:39:45.739-04:00,IdeState,Inactive,,*,-1,-1
2025-03-10T17:39:46.741-04:00,IdeState,Inactive,,*,-1,-1
2025-03-10T17:39:47.742-04:00,IdeState,Inactive,,*,-1,-1
2025-03-10T17:39:48.744-04:00,IdeState,Inactive,,*,-1,-1
2025-03-10T17:39:49.747-04:00,IdeState,Inactive,,*,-1,-1
2025-03-10T17:39:50.749-04:00,IdeState,Inactive,,*,-1,-1
2025-03-10T17:39:51.750-04:00,IdeState,Inactive,,*,-1,-1
2025-03-10T17:39:52.751-04:00,IdeState,Inactive,,*,-1,-1
2025-03-10T17:39:53.753-04:00,IdeState,Inactive,,*,-1,-1
2025-03-10T17:39:54.755-04:00,IdeState,Inactive,,*,-1,-1
2025-03-10T17:39:55.756-04:00,IdeState,Inactive,,*,-1,-1
2025-03-10T17:39:56.759-04:00,IdeState,Inactive,,*,-1,-1
2025-03-10T17:39:57.760-04:00,IdeState,Inactive,,*,-1,-1
2025-03-10T17:39:58.761-04:00,IdeState,Inactive,,*,-1,-1
2025-03-10T17:39:59.762-04:00,IdeState,Inactive,,*,-1,-1
2025-03-10T17:40:00.763-04:00,IdeState,Inactive,,*,-1,-1
2025-03-10T17:40:01.764-04:00,IdeState,Inactive,,*,-1,-1
2025-03-10T17:40:02.765-04:00,IdeState,Inactive,,*,-1,-1
2025-03-10T17:40:03.765-04:00,IdeState,Inactive,,*,-1,-1
2025-03-10T17:40:04.767-04:00,IdeState,Inactive,,*,-1,-1
2025-03-10T17:40:05.769-04:00,IdeState,Inactive,,*,-1,-1
2025-03-10T17:40:06.770-04:00,IdeState,Inactive,,*,-1,-1
2025-03-10T17:40:07.771-04:00,IdeState,Inactive,,*,-1,-1
2025-03-10T17:40:08.772-04:00,IdeState,Inactive,,*,-1,-1
2025-03-10T17:40:09.774-04:00,IdeState,Inactive,,*,-1,-1
2025-03-10T17:40:10.776-04:00,IdeState,Inactive,,*,-1,-1
2025-03-10T17:40:11.778-04:00,IdeState,Inactive,,*,-1,-1
2025-03-10T17:40:12.780-04:00,IdeState,Inactive,,*,-1,-1
2025-03-10T17:40:13.783-04:00,IdeState,Inactive,,*,-1,-1
2025-03-10T17:40:14.785-04:00,IdeState,Inactive,,*,-1,-1
2025-03-10T17:40:15.786-04:00,IdeState,Inactive,,*,-1,-1
2025-03-10T17:40:16.789-04:00,IdeState,Inactive,,*,-1,-1
2025-03-10T17:40:17.791-04:00,IdeState,Inactive,,*,-1,-1
2025-03-10T17:40:18.792-04:00,IdeState,Inactive,,*,-1,-1
2025-03-10T17:40:19.793-04:00,IdeState,Inactive,,*,-1,-1
2025-03-10T17:40:20.793-04:00,IdeState,Inactive,,*,-1,-1
2025-03-10T17:40:21.796-04:00,IdeState,Inactive,,*,-1,-1
2025-03-10T17:40:22.798-04:00,IdeState,Inactive,,*,-1,-1
2025-03-10T17:40:23.799-04:00,IdeState,Inactive,,*,-1,-1
2025-03-10T17:40:24.802-04:00,IdeState,Inactive,,*,-1,-1
2025-03-10T17:40:25.803-04:00,IdeState,Inactive,,*,-1,-1
2025-03-10T17:40:26.805-04:00,IdeState,Inactive,,*,-1,-1
2025-03-10T17:40:27.807-04:00,IdeState,Inactive,,*,-1,-1
2025-03-10T17:40:28.808-04:00,IdeState,Inactive,,*,-1,-1
2025-03-10T17:40:29.810-04:00,IdeState,Inactive,,*,-1,-1
2025-03-10T17:40:30.812-04:00,IdeState,Inactive,,*,-1,-1
2025-03-10T17:40:31.813-04:00,IdeState,Inactive,,*,-1,-1
2025-03-10T17:40:32.817-04:00,IdeState,Inactive,,*,-1,-1
2025-03-10T17:40:33.817-04:00,IdeState,Inactive,,*,-1,-1
2025-03-10T17:40:34.818-04:00,IdeState,Inactive,,*,-1,-1
2025-03-10T17:40:35.820-04:00,IdeState,Inactive,,*,-1,-1
2025-03-10T17:40:36.821-04:00,IdeState,Inactive,,*,-1,-1
2025-03-10T17:40:37.822-04:00,IdeState,Inactive,,*,-1,-1
2025-03-10T17:40:38.824-04:00,IdeState,Inactive,,*,-1,-1
2025-03-10T17:40:39.825-04:00,IdeState,Inactive,,*,-1,-1
2025-03-10T17:40:40.826-04:00,IdeState,Inactive,,*,-1,-1
2025-03-10T17:40:41.828-04:00,IdeState,Inactive,,*,-1,-1
2025-03-10T17:40:42.829-04:00,IdeState,Inactive,,*,-1,-1
2025-03-10T17:40:43.830-04:00,IdeState,Inactive,,*,-1,-1
2025-03-10T17:40:44.831-04:00,IdeState,Inactive,,*,-1,-1
2025-03-10T17:40:45.833-04:00,IdeState,Inactive,,*,-1,-1
2025-03-10T17:40:46.840-04:00,IdeState,Inactive,,*,-1,-1
2025-03-10T17:40:47.840-04:00,IdeState,Inactive,,*,-1,-1
2025-03-10T17:40:48.842-04:00,IdeState,Inactive,,*,-1,-1
2025-03-10T17:40:49.843-04:00,IdeState,Inactive,,*,-1,-1
2025-03-10T17:40:50.845-04:00,IdeState,Inactive,,*,-1,-1
2025-03-10T17:40:51.847-04:00,IdeState,Inactive,,*,-1,-1
2025-03-10T17:40:52.850-04:00,IdeState,Inactive,,*,-1,-1
2025-03-10T17:40:53.852-04:00,IdeState,Inactive,,*,-1,-1
2025-03-10T17:40:54.853-04:00,IdeState,Inactive,,*,-1,-1
2025-03-10T17:40:55.854-04:00,IdeState,Inactive,,*,-1,-1
2025-03-10T17:40:56.856-04:00,IdeState,Inactive,,*,-1,-1
2025-03-10T17:40:57.858-04:00,IdeState,Inactive,,*,-1,-1
2025-03-10T17:40:58.860-04:00,IdeState,Inactive,,*,-1,-1
2025-03-10T17:40:59.861-04:00,IdeState,Inactive,,*,-1,-1
2025-03-10T17:41:00.864-04:00,IdeState,Inactive,,*,-1,-1
2025-03-10T17:41:01.866-04:00,IdeState,Inactive,,*,-1,-1
2025-03-10T17:41:02.869-04:00,IdeState,Inactive,,*,-1,-1
2025-03-10T17:41:03.870-04:00,IdeState,Inactive,,*,-1,-1
2025-03-10T17:41:04.871-04:00,IdeState,Inactive,,*,-1,-1
2025-03-10T17:41:05.874-04:00,IdeState,Inactive,,*,-1,-1
2025-03-10T17:41:06.876-04:00,IdeState,Inactive,,*,-1,-1
2025-03-10T17:41:07.878-04:00,IdeState,Inactive,,*,-1,-1
2025-03-10T17:41:08.879-04:00,IdeState,Inactive,,*,-1,-1
2025-03-10T17:41:09.881-04:00,IdeState,Inactive,,*,-1,-1
2025-03-10T17:41:10.882-04:00,IdeState,Inactive,,*,-1,-1
2025-03-10T17:41:11.883-04:00,IdeState,Inactive,,*,-1,-1
2025-03-10T17:41:12.885-04:00,IdeState,Inactive,,*,-1,-1
2025-03-10T17:41:13.886-04:00,IdeState,Inactive,,*,-1,-1
2025-03-10T17:41:14.888-04:00,IdeState,Inactive,,*,-1,-1
2025-03-10T17:41:15.889-04:00,IdeState,Inactive,,*,-1,-1
2025-03-10T17:41:16.890-04:00,IdeState,Inactive,,*,-1,-1
2025-03-10T17:41:17.891-04:00,IdeState,Inactive,,*,-1,-1
2025-03-10T17:41:18.893-04:00,IdeState,Inactive,,*,-1,-1
2025-03-10T17:41:19.895-04:00,IdeState,Inactive,,*,-1,-1
2025-03-10T17:41:20.896-04:00,IdeState,Inactive,,*,-1,-1
2025-03-10T17:41:21.897-04:00,IdeState,Inactive,,*,-1,-1
2025-03-10T17:41:22.898-04:00,IdeState,Inactive,,*,-1,-1
2025-03-10T17:41:23.899-04:00,IdeState,Inactive,,*,-1,-1
2025-03-10T17:41:24.901-04:00,IdeState,Inactive,,*,-1,-1
2025-03-10T17:41:25.903-04:00,IdeState,Inactive,,*,-1,-1
2025-03-10T17:41:26.904-04:00,IdeState,Inactive,,*,-1,-1
2025-03-10T17:41:27.905-04:00,IdeState,Inactive,,*,-1,-1
2025-03-10T17:41:28.907-04:00,IdeState,Inactive,,*,-1,-1
2025-03-10T17:41:29.908-04:00,IdeState,Inactive,,*,-1,-1
2025-03-10T17:41:30.909-04:00,IdeState,Inactive,,*,-1,-1
2025-03-10T17:41:31.910-04:00,IdeState,Inactive,,*,-1,-1
2025-03-10T17:41:32.911-04:00,IdeState,Inactive,,*,-1,-1
2025-03-10T17:41:33.914-04:00,IdeState,Inactive,,*,-1,-1
2025-03-10T17:41:34.916-04:00,IdeState,Inactive,,*,-1,-1
2025-03-10T17:41:35.916-04:00,IdeState,Inactive,,*,-1,-1
2025-03-10T17:41:36.917-04:00,IdeState,Inactive,,*,-1,-1
2025-03-10T17:41:37.918-04:00,IdeState,Inactive,,*,-1,-1
2025-03-10T17:41:38.920-04:00,IdeState,Inactive,,*,-1,-1
2025-03-10T17:41:39.921-04:00,IdeState,Inactive,,*,-1,-1
2025-03-10T17:41:40.922-04:00,IdeState,Inactive,,*,-1,-1
2025-03-10T17:41:41.923-04:00,IdeState,Inactive,,*,-1,-1
2025-03-10T17:41:42.924-04:00,IdeState,Inactive,,*,-1,-1
2025-03-10T17:41:43.926-04:00,IdeState,Inactive,,*,-1,-1
2025-03-10T17:41:44.927-04:00,IdeState,Inactive,,*,-1,-1
2025-03-10T17:41:45.928-04:00,IdeState,Inactive,,*,-1,-1
2025-03-10T17:41:46.929-04:00,IdeState,Inactive,,*,-1,-1
2025-03-10T17:41:47.931-04:00,IdeState,Inactive,,*,-1,-1
2025-03-10T17:41:48.933-04:00,IdeState,Inactive,,*,-1,-1
2025-03-10T17:41:49.934-04:00,IdeState,Inactive,,*,-1,-1
2025-03-10T17:41:50.937-04:00,IdeState,Inactive,,*,-1,-1
2025-03-10T17:41:51.937-04:00,IdeState,Inactive,,*,-1,-1
2025-03-10T17:41:52.939-04:00,IdeState,Inactive,,*,-1,-1
2025-03-10T17:41:53.941-04:00,IdeState,Inactive,,*,-1,-1
2025-03-10T17:41:54.942-04:00,IdeState,Inactive,,*,-1,-1
2025-03-10T17:41:55.943-04:00,IdeState,Inactive,,*,-1,-1
2025-03-10T17:41:56.944-04:00,IdeState,Inactive,,*,-1,-1
2025-03-10T17:41:57.946-04:00,IdeState,Inactive,,*,-1,-1
2025-03-10T17:41:58.948-04:00,IdeState,Inactive,,*,-1,-1
2025-03-10T17:41:59.950-04:00,IdeState,Inactive,,*,-1,-1
2025-03-10T17:42:00.951-04:00,IdeState,Inactive,,*,-1,-1
2025-03-10T17:42:01.953-04:00,IdeState,Inactive,,*,-1,-1
2025-03-10T17:42:02.954-04:00,IdeState,Inactive,,*,-1,-1
2025-03-10T17:42:03.955-04:00,IdeState,Inactive,,*,-1,-1
2025-03-10T17:42:04.955-04:00,IdeState,Inactive,,*,-1,-1
2025-03-10T17:42:05.956-04:00,IdeState,Inactive,,*,-1,-1
2025-03-10T17:42:06.956-04:00,IdeState,Inactive,,*,-1,-1
2025-03-10T17:42:07.957-04:00,IdeState,Inactive,,*,-1,-1
2025-03-10T17:42:08.958-04:00,IdeState,Inactive,,*,-1,-1
2025-03-10T17:42:09.958-04:00,IdeState,Inactive,,*,-1,-1
2025-03-10T17:42:10.960-04:00,IdeState,Inactive,,*,-1,-1
2025-03-10T17:42:11.962-04:00,IdeState,Inactive,,*,-1,-1
2025-03-10T17:42:12.963-04:00,IdeState,Inactive,,*,-1,-1
2025-03-10T17:42:13.965-04:00,IdeState,Inactive,,*,-1,-1
2025-03-10T17:42:14.966-04:00,IdeState,Inactive,,*,-1,-1
2025-03-10T17:42:15.968-04:00,IdeState,Inactive,,*,-1,-1
2025-03-10T17:42:16.969-04:00,IdeState,Inactive,,*,-1,-1
2025-03-10T17:42:17.971-04:00,IdeState,Inactive,,*,-1,-1
2025-03-10T17:42:18.972-04:00,IdeState,Inactive,,*,-1,-1
2025-03-10T17:42:19.973-04:00,IdeState,Inactive,,*,-1,-1
2025-03-10T17:42:20.976-04:00,IdeState,Inactive,,*,-1,-1
2025-03-10T17:42:21.976-04:00,IdeState,Inactive,,*,-1,-1
2025-03-10T17:42:22.978-04:00,IdeState,Inactive,,*,-1,-1
2025-03-10T17:42:23.979-04:00,IdeState,Inactive,,*,-1,-1
2025-03-10T17:42:24.981-04:00,IdeState,Inactive,,*,-1,-1
2025-03-10T17:42:25.988-04:00,IdeState,Inactive,,*,-1,-1
2025-03-10T17:42:26.989-04:00,IdeState,Inactive,,*,-1,-1
2025-03-10T17:42:27.990-04:00,IdeState,Inactive,,*,-1,-1
2025-03-10T17:42:28.991-04:00,IdeState,Inactive,,*,-1,-1
2025-03-10T17:42:29.992-04:00,IdeState,Inactive,,*,-1,-1
2025-03-10T17:42:30.994-04:00,IdeState,Inactive,,*,-1,-1
2025-03-10T17:42:31.995-04:00,IdeState,Inactive,,*,-1,-1
2025-03-10T17:42:32.996-04:00,IdeState,Inactive,,*,-1,-1
2025-03-10T17:42:33.997-04:00,IdeState,Inactive,,*,-1,-1
2025-03-10T17:42:34.999-04:00,IdeState,Inactive,,*,-1,-1
2025-03-10T17:42:36.000-04:00,IdeState,Inactive,,*,-1,-1
2025-03-10T17:42:37.001-04:00,IdeState,Inactive,,*,-1,-1
2025-03-10T17:42:38.001-04:00,IdeState,Inactive,,*,-1,-1
2025-03-10T17:42:39.004-04:00,IdeState,Inactive,,*,-1,-1
2025-03-10T17:42:40.677-04:00,IdeState,Inactive,,*,-1,-1
2025-03-10T17:42:41.679-04:00,IdeState,Inactive,,*,-1,-1
2025-03-10T17:42:42.680-04:00,IdeState,Inactive,,*,-1,-1
2025-03-10T17:42:43.681-04:00,IdeState,Inactive,,*,-1,-1
2025-03-10T17:43:16.456-04:00,IdeState,Inactive,,*,-1,-1
2025-03-10T17:43:17.864-04:00,IdeState,Inactive,,*,-1,-1
2025-03-10T17:43:18.865-04:00,IdeState,Inactive,,*,-1,-1
2025-03-10T17:43:19.866-04:00,IdeState,Inactive,,*,-1,-1
2025-03-10T17:43:20.868-04:00,IdeState,Inactive,,*,-1,-1
2025-03-10T17:43:21.869-04:00,IdeState,Inactive,,*,-1,-1
2025-03-10T17:43:22.871-04:00,IdeState,Inactive,,*,-1,-1
2025-03-10T17:43:23.871-04:00,IdeState,Inactive,,*,-1,-1
2025-03-10T17:43:24.874-04:00,IdeState,Inactive,,*,-1,-1
2025-03-10T17:43:25.988-04:00,IdeState,Inactive,,*,-1,-1
2025-03-10T17:43:26.991-04:00,IdeState,Inactive,,*,-1,-1
2025-03-10T17:43:27.992-04:00,IdeState,Inactive,,*,-1,-1
2025-03-10T17:43:29.003-04:00,IdeState,Inactive,,*,-1,-1
2025-03-10T17:43:30.017-04:00,IdeState,Inactive,,*,-1,-1
2025-03-10T17:43:31.037-04:00,IdeState,Inactive,,*,-1,-1
2025-03-10T17:43:32.043-04:00,IdeState,Inactive,,*,-1,-1
2025-03-10T17:43:33.056-04:00,IdeState,Inactive,,*,-1,-1
2025-03-10T17:43:34.070-04:00,IdeState,Inactive,,*,-1,-1
2025-03-10T17:43:35.075-04:00,IdeState,Inactive,,*,-1,-1
2025-03-10T17:43:36.086-04:00,IdeState,Inactive,,*,-1,-1
2025-03-10T17:43:37.094-04:00,IdeState,Inactive,,*,-1,-1
2025-03-10T17:43:38.105-04:00,IdeState,Inactive,,*,-1,-1
2025-03-10T17:43:39.161-04:00,IdeState,Inactive,,*,-1,-1
2025-03-10T17:43:40.174-04:00,IdeState,Inactive,,*,-1,-1
2025-03-10T17:43:41.186-04:00,IdeState,Inactive,,*,-1,-1
2025-03-10T17:43:42.209-04:00,IdeState,Inactive,,*,-1,-1
2025-03-10T17:43:43.224-04:00,IdeState,Inactive,,*,-1,-1
2025-03-10T17:43:44.227-04:00,IdeState,Inactive,,*,-1,-1
2025-03-10T17:43:45.240-04:00,IdeState,Inactive,,*,-1,-1
2025-03-10T17:43:46.254-04:00,IdeState,Inactive,,*,-1,-1
2025-03-10T17:43:47.266-04:00,IdeState,Inactive,,*,-1,-1
2025-03-10T17:43:48.278-04:00,IdeState,Inactive,,*,-1,-1
2025-03-10T17:43:49.288-04:00,IdeState,Inactive,,*,-1,-1
2025-03-10T17:43:50.331-04:00,IdeState,Inactive,,*,-1,-1
2025-03-10T17:43:51.339-04:00,IdeState,Inactive,,*,-1,-1
2025-03-10T17:43:52.353-04:00,IdeState,Inactive,,*,-1,-1
2025-03-10T17:43:53.382-04:00,IdeState,Inactive,,*,-1,-1
2025-03-10T17:43:54.393-04:00,IdeState,Inactive,,*,-1,-1
2025-03-10T17:43:55.446-04:00,IdeState,Inactive,,*,-1,-1
2025-03-10T17:43:56.452-04:00,IdeState,Inactive,,*,-1,-1
2025-03-10T17:43:57.464-04:00,IdeState,Inactive,,*,-1,-1
2025-03-10T17:43:58.471-04:00,IdeState,Inactive,,*,-1,-1
2025-03-10T17:43:59.477-04:00,IdeState,Inactive,,*,-1,-1
2025-03-10T17:44:00.480-04:00,IdeState,Inactive,,*,-1,-1
2025-03-10T17:44:01.484-04:00,IdeState,Inactive,,*,-1,-1
2025-03-10T17:44:02.488-04:00,IdeState,Inactive,,*,-1,-1
2025-03-10T17:44:03.493-04:00,IdeState,Inactive,,*,-1,-1
2025-03-10T17:44:04.495-04:00,IdeState,Inactive,,*,-1,-1
2025-03-10T17:44:05.504-04:00,IdeState,Inactive,,*,-1,-1
2025-03-10T17:44:06.513-04:00,IdeState,Inactive,,*,-1,-1
2025-03-10T17:44:07.517-04:00,IdeState,Inactive,,*,-1,-1
2025-03-10T17:44:08.529-04:00,IdeState,Inactive,,*,-1,-1
2025-03-10T17:44:09.544-04:00,IdeState,Inactive,,*,-1,-1
2025-03-10T17:44:10.558-04:00,IdeState,Inactive,,*,-1,-1
2025-03-10T17:44:11.570-04:00,IdeState,Inactive,,*,-1,-1
2025-03-10T17:44:12.582-04:00,IdeState,Inactive,,*,-1,-1
2025-03-10T17:44:13.595-04:00,IdeState,Inactive,,*,-1,-1
2025-03-10T17:44:14.608-04:00,IdeState,Inactive,,*,-1,-1
2025-03-10T17:44:15.619-04:00,IdeState,Inactive,,*,-1,-1
2025-03-10T17:44:16.631-04:00,IdeState,Inactive,,*,-1,-1
2025-03-10T17:44:17.635-04:00,IdeState,Inactive,,*,-1,-1
2025-03-10T17:44:18.642-04:00,IdeState,Inactive,,*,-1,-1
2025-03-10T17:44:19.653-04:00,IdeState,Inactive,,*,-1,-1
2025-03-10T17:44:21.073-04:00,IdeState,Inactive,,*,-1,-1
2025-03-10T17:44:23.389-04:00,IdeState,Inactive,,*,-1,-1
2025-03-10T17:44:24.400-04:00,IdeState,Inactive,,*,-1,-1
2025-03-10T17:44:25.409-04:00,IdeState,Inactive,,*,-1,-1
2025-03-10T17:44:26.420-04:00,IdeState,Inactive,,*,-1,-1
2025-03-10T17:44:27.432-04:00,IdeState,Inactive,,*,-1,-1
2025-03-10T17:44:28.445-04:00,IdeState,Inactive,,*,-1,-1
2025-03-10T17:44:29.460-04:00,IdeState,Inactive,,*,-1,-1
2025-03-10T17:44:30.472-04:00,IdeState,Inactive,,*,-1,-1
2025-03-10T17:44:31.482-04:00,IdeState,Inactive,,*,-1,-1
2025-03-10T17:44:32.486-04:00,IdeState,Inactive,,*,-1,-1
2025-03-10T17:44:33.497-04:00,IdeState,Inactive,,*,-1,-1
2025-03-10T17:44:34.522-04:00,IdeState,Inactive,,*,-1,-1
2025-03-10T17:44:35.538-04:00,IdeState,Inactive,,*,-1,-1
2025-03-10T17:44:36.553-04:00,IdeState,Inactive,,*,-1,-1
2025-03-10T17:44:37.564-04:00,IdeState,Inactive,,*,-1,-1
2025-03-10T17:44:38.579-04:00,IdeState,Inactive,,*,-1,-1
2025-03-10T17:44:39.591-04:00,IdeState,Inactive,,*,-1,-1
2025-03-10T17:44:40.604-04:00,IdeState,Inactive,,*,-1,-1
2025-03-10T17:44:41.619-04:00,IdeState,Inactive,,*,-1,-1
2025-03-10T17:44:42.627-04:00,IdeState,Inactive,,*,-1,-1
2025-03-10T17:44:43.642-04:00,IdeState,Inactive,,*,-1,-1
2025-03-10T17:44:44.654-04:00,IdeState,Inactive,,*,-1,-1
2025-03-10T17:44:45.667-04:00,IdeState,Inactive,,*,-1,-1
2025-03-10T17:44:46.679-04:00,IdeState,Inactive,,*,-1,-1
2025-03-10T17:44:47.690-04:00,IdeState,Inactive,,*,-1,-1
2025-03-10T17:44:48.699-04:00,IdeState,Inactive,,*,-1,-1
2025-03-10T17:44:49.707-04:00,IdeState,Inactive,,*,-1,-1
2025-03-10T17:44:50.711-04:00,IdeState,Inactive,,*,-1,-1
2025-03-10T17:44:51.724-04:00,IdeState,Inactive,,*,-1,-1
2025-03-10T17:44:52.728-04:00,IdeState,Inactive,,*,-1,-1
2025-03-10T17:44:53.737-04:00,IdeState,Inactive,,*,-1,-1
2025-03-10T17:44:54.751-04:00,IdeState,Inactive,,*,-1,-1
2025-03-10T17:44:55.759-04:00,IdeState,Inactive,,*,-1,-1
2025-03-10T17:44:56.771-04:00,IdeState,Inactive,,*,-1,-1
2025-03-10T17:44:57.784-04:00,IdeState,Inactive,,*,-1,-1
2025-03-10T17:44:58.797-04:00,IdeState,Inactive,,*,-1,-1
2025-03-10T17:44:59.806-04:00,IdeState,Inactive,,*,-1,-1
2025-03-10T17:45:00.819-04:00,IdeState,Inactive,,*,-1,-1
2025-03-10T17:45:01.830-04:00,IdeState,Inactive,,*,-1,-1
2025-03-10T17:45:02.846-04:00,IdeState,Inactive,,*,-1,-1
2025-03-10T17:45:03.860-04:00,IdeState,Inactive,,*,-1,-1
2025-03-10T17:45:04.875-04:00,IdeState,Inactive,,*,-1,-1
2025-03-10T17:45:05.884-04:00,IdeState,Inactive,,*,-1,-1
2025-03-10T17:45:06.892-04:00,IdeState,Inactive,,*,-1,-1
2025-03-10T17:45:07.906-04:00,IdeState,Inactive,,*,-1,-1
2025-03-10T17:45:08.914-04:00,IdeState,Inactive,,*,-1,-1
2025-03-10T17:45:09.926-04:00,IdeState,Inactive,,*,-1,-1
2025-03-10T17:45:10.936-04:00,IdeState,Inactive,,*,-1,-1
2025-03-10T17:45:11.949-04:00,IdeState,Inactive,,*,-1,-1
2025-03-10T17:45:12.954-04:00,IdeState,Inactive,,*,-1,-1
2025-03-10T17:45:13.962-04:00,IdeState,Inactive,,*,-1,-1
2025-03-10T17:45:14.971-04:00,IdeState,Inactive,,*,-1,-1
2025-03-10T17:45:15.993-04:00,IdeState,Inactive,,*,-1,-1
2025-03-10T17:45:17.001-04:00,IdeState,Inactive,,*,-1,-1
2025-03-10T17:45:18.016-04:00,IdeState,Inactive,,*,-1,-1
2025-03-10T17:45:19.025-04:00,IdeState,Inactive,,*,-1,-1
2025-03-10T17:45:20.035-04:00,IdeState,Inactive,,*,-1,-1
2025-03-10T17:45:21.042-04:00,IdeState,Inactive,,*,-1,-1
2025-03-10T17:45:22.053-04:00,IdeState,Inactive,,*,-1,-1
2025-03-10T17:45:23.063-04:00,IdeState,Inactive,,*,-1,-1
2025-03-10T17:45:24.070-04:00,IdeState,Inactive,,*,-1,-1
2025-03-10T17:45:25.079-04:00,IdeState,Inactive,,*,-1,-1
2025-03-10T17:45:26.095-04:00,IdeState,Inactive,,*,-1,-1
2025-03-10T17:45:27.102-04:00,IdeState,Inactive,,*,-1,-1
2025-03-10T17:45:28.115-04:00,IdeState,Inactive,,*,-1,-1
2025-03-10T17:45:29.123-04:00,IdeState,Inactive,,*,-1,-1
2025-03-10T17:45:30.137-04:00,IdeState,Inactive,,*,-1,-1
2025-03-10T17:45:31.147-04:00,IdeState,Inactive,,*,-1,-1
2025-03-10T17:45:32.159-04:00,IdeState,Inactive,,*,-1,-1
2025-03-10T17:45:33.171-04:00,IdeState,Inactive,,*,-1,-1
2025-03-10T17:45:34.181-04:00,IdeState,Inactive,,*,-1,-1
2025-03-10T17:45:35.191-04:00,IdeState,Inactive,,*,-1,-1
2025-03-10T17:45:36.200-04:00,IdeState,Inactive,,*,-1,-1
2025-03-10T17:45:37.208-04:00,IdeState,Inactive,,*,-1,-1
2025-03-10T17:45:38.217-04:00,IdeState,Inactive,,*,-1,-1
2025-03-10T17:45:39.224-04:00,IdeState,Inactive,,*,-1,-1
2025-03-10T17:45:40.227-04:00,IdeState,Inactive,,*,-1,-1
2025-03-10T17:45:41.230-04:00,IdeState,Inactive,,*,-1,-1
2025-03-10T17:45:42.242-04:00,IdeState,Inactive,,*,-1,-1
2025-03-10T17:45:43.256-04:00,IdeState,Inactive,,*,-1,-1
2025-03-10T17:45:44.259-04:00,IdeState,Inactive,,*,-1,-1
2025-03-10T17:45:45.266-04:00,IdeState,Inactive,,*,-1,-1
2025-03-10T17:45:46.285-04:00,IdeState,Inactive,,*,-1,-1
2025-03-10T17:45:47.287-04:00,IdeState,Inactive,,*,-1,-1
2025-03-10T17:45:48.300-04:00,IdeState,Inactive,,*,-1,-1
2025-03-10T17:45:49.316-04:00,IdeState,Inactive,,*,-1,-1
2025-03-10T17:45:50.321-04:00,IdeState,Inactive,,*,-1,-1
2025-03-10T17:45:51.336-04:00,IdeState,Inactive,,*,-1,-1
2025-03-10T17:45:52.350-04:00,IdeState,Inactive,,*,-1,-1
2025-03-10T17:45:53.360-04:00,IdeState,Inactive,,*,-1,-1
2025-03-10T17:45:54.377-04:00,IdeState,Inactive,,*,-1,-1
2025-03-10T17:45:55.384-04:00,IdeState,Inactive,,*,-1,-1
2025-03-10T17:45:56.396-04:00,IdeState,Inactive,,*,-1,-1
2025-03-10T17:45:57.410-04:00,IdeState,Inactive,,*,-1,-1
2025-03-10T17:45:58.426-04:00,IdeState,Inactive,,*,-1,-1
2025-03-10T17:45:59.437-04:00,IdeState,Inactive,,*,-1,-1
2025-03-10T17:46:00.447-04:00,IdeState,Inactive,,*,-1,-1
2025-03-10T17:46:01.471-04:00,IdeState,Inactive,,*,-1,-1
2025-03-10T17:46:02.478-04:00,IdeState,Inactive,,*,-1,-1
2025-03-10T17:46:03.637-04:00,IdeState,Inactive,,*,-1,-1
2025-03-10T17:46:09.469-04:00,IdeState,Inactive,,*,-1,-1
2025-03-10T17:46:10.481-04:00,IdeState,Inactive,,*,-1,-1
2025-03-10T17:46:11.494-04:00,IdeState,Inactive,,*,-1,-1
2025-03-10T17:46:12.508-04:00,IdeState,Inactive,,*,-1,-1
2025-03-10T17:46:13.519-04:00,IdeState,Inactive,,*,-1,-1
2025-03-10T17:46:14.533-04:00,IdeState,Inactive,,*,-1,-1
2025-03-10T17:46:15.612-04:00,IdeState,Inactive,,*,-1,-1
2025-03-10T17:46:16.657-04:00,IdeState,Inactive,,*,-1,-1
2025-03-10T17:46:17.756-04:00,IdeState,Inactive,,*,-1,-1
2025-03-10T17:46:18.871-04:00,IdeState,Inactive,,*,-1,-1
2025-03-10T17:46:19.888-04:00,IdeState,Inactive,,*,-1,-1
2025-03-10T17:46:20.955-04:00,IdeState,Inactive,,*,-1,-1
2025-03-10T17:46:21.974-04:00,IdeState,Inactive,,*,-1,-1
2025-03-10T17:46:22.985-04:00,IdeState,Inactive,,*,-1,-1
2025-03-10T17:46:24.225-04:00,IdeState,Inactive,,*,-1,-1
2025-03-10T17:46:25.302-04:00,IdeState,Inactive,,*,-1,-1
2025-03-10T18:27:13.598-04:00,IdeState,Inactive,,*,-1,-1
2025-03-10T18:27:14.611-04:00,IdeState,Inactive,,*,-1,-1
2025-03-10T18:27:15.626-04:00,IdeState,Inactive,,*,-1,-1
2025-03-10T18:27:16.629-04:00,IdeState,Inactive,,*,-1,-1
2025-03-10T18:27:17.635-04:00,IdeState,Inactive,,*,-1,-1
2025-03-10T18:27:18.643-04:00,IdeState,Inactive,,*,-1,-1
2025-03-10T18:27:19.652-04:00,IdeState,Inactive,,*,-1,-1
2025-03-10T18:27:20.655-04:00,IdeState,Inactive,,*,-1,-1
2025-03-10T18:27:21.665-04:00,IdeState,Inactive,,*,-1,-1
2025-03-10T18:27:22.668-04:00,IdeState,Inactive,,*,-1,-1
2025-03-10T18:27:23.678-04:00,IdeState,Inactive,,*,-1,-1
2025-03-10T18:27:24.681-04:00,IdeState,Inactive,,*,-1,-1
2025-03-10T18:27:25.693-04:00,IdeState,Inactive,,*,-1,-1
2025-03-10T18:27:26.708-04:00,IdeState,Inactive,,*,-1,-1
2025-03-10T18:27:27.712-04:00,IdeState,Inactive,,*,-1,-1
2025-03-10T18:27:28.719-04:00,IdeState,Inactive,,*,-1,-1
2025-03-10T18:27:29.759-04:00,IdeState,Inactive,,*,-1,-1
2025-03-10T18:27:30.793-04:00,IdeState,Inactive,,*,-1,-1
2025-03-10T18:27:31.798-04:00,IdeState,Inactive,,*,-1,-1
2025-03-10T18:27:32.804-04:00,IdeState,Inactive,,*,-1,-1
2025-03-10T18:27:33.808-04:00,IdeState,Inactive,,*,-1,-1
2025-03-10T18:27:34.815-04:00,IdeState,Inactive,,*,-1,-1
2025-03-10T18:27:35.942-04:00,IdeState,Inactive,,*,-1,-1
2025-03-10T18:27:36.985-04:00,IdeState,Inactive,,*,-1,-1
2025-03-10T18:27:38.001-04:00,IdeState,Inactive,,*,-1,-1
2025-03-10T18:27:39.013-04:00,IdeState,Inactive,,*,-1,-1
2025-03-10T18:27:40.029-04:00,IdeState,Inactive,,*,-1,-1
2025-03-10T18:27:41.043-04:00,IdeState,Inactive,,*,-1,-1
2025-03-10T18:27:42.050-04:00,IdeState,Inactive,,*,-1,-1
2025-03-10T18:27:43.058-04:00,IdeState,Inactive,,*,-1,-1
2025-03-10T18:27:44.062-04:00,IdeState,Inactive,,*,-1,-1
2025-03-10T18:27:45.076-04:00,IdeState,Inactive,,*,-1,-1
2025-03-10T18:27:46.092-04:00,IdeState,Inactive,,*,-1,-1
2025-03-10T18:27:47.192-04:00,IdeState,Inactive,,*,-1,-1
2025-03-10T18:27:48.214-04:00,IdeState,Inactive,,*,-1,-1
2025-03-10T18:27:49.315-04:00,IdeState,Inactive,,*,-1,-1
2025-03-10T18:27:50.344-04:00,IdeState,Inactive,,*,-1,-1
2025-03-10T18:27:51.388-04:00,IdeState,Inactive,,*,-1,-1
2025-03-10T18:27:52.408-04:00,IdeState,Inactive,,*,-1,-1
2025-03-10T18:28:01.411-04:00,IdeState,Inactive,,*,-1,-1
2025-03-10T18:28:02.421-04:00,IdeState,Inactive,,*,-1,-1
2025-03-10T18:28:03.447-04:00,IdeState,Inactive,,*,-1,-1
2025-03-10T18:28:06.049-04:00,IdeState,Inactive,,*,-1,-1
2025-03-10T18:28:07.319-04:00,IdeState,Inactive,,*,-1,-1
2025-03-10T18:28:08.456-04:00,IdeState,Inactive,,*,-1,-1
2025-03-10T18:28:09.471-04:00,IdeState,Inactive,,*,-1,-1
2025-03-10T18:28:10.526-04:00,IdeState,Inactive,,*,-1,-1
2025-03-10T18:28:11.609-04:00,IdeState,Inactive,,*,-1,-1
2025-03-10T18:28:12.730-04:00,IdeState,Inactive,,*,-1,-1
2025-03-10T18:28:13.807-04:00,IdeState,Inactive,,*,-1,-1
2025-03-10T18:28:14.825-04:00,IdeState,Inactive,,*,-1,-1
2025-03-10T18:28:15.910-04:00,IdeState,Inactive,,*,-1,-1
2025-03-10T18:28:16.935-04:00,IdeState,Inactive,,*,-1,-1
2025-03-10T18:28:18.059-04:00,IdeState,Inactive,,*,-1,-1
2025-03-10T18:28:19.080-04:00,IdeState,Inactive,,*,-1,-1
2025-03-10T18:28:20.099-04:00,IdeState,Inactive,,*,-1,-1
2025-03-10T18:28:21.119-04:00,IdeState,Inactive,,*,-1,-1
2025-03-10T18:46:16.031-04:00,IdeState,Inactive,,*,-1,-1
2025-03-10T18:46:17.114-04:00,IdeState,Inactive,,*,-1,-1
2025-03-10T18:46:18.143-04:00,IdeState,Inactive,,*,-1,-1
2025-03-10T18:46:21.077-04:00,IdeState,NoProject,,*,-1,-1
2025-03-10T18:46:22.146-04:00,IdeState,Active,Popup,*,-1,-1
2025-03-10T18:46:23.216-04:00,IdeState,Active,Popup,*,-1,-1
2025-03-10T18:46:24.764-04:00,IdeState,Active,Popup,*,-1,-1
2025-03-10T18:46:26.160-04:00,IdeState,Active,Project,*,-1,-1
2025-03-10T18:46:27.171-04:00,IdeState,Active,Project,*,-1,-1
2025-03-10T18:46:28.172-04:00,IdeState,Active,Project,*,-1,-1
2025-03-10T18:46:29.176-04:00,IdeState,Active,Project,*,-1,-1
2025-03-10T18:46:30.178-04:00,IdeState,Active,Project,*,-1,-1
2025-03-10T18:46:31.184-04:00,IdeState,Active,Project,*,-1,-1
2025-03-10T18:46:31.877-04:00,Action,SettingsEntryPoint,Project,*,-1,-1
2025-03-10T18:46:32.345-04:00,IdeState,Active,Project,*,-1,-1
2025-03-10T18:46:33.223-04:00,Action,WelcomeScreen.Plugins,,*,-1,-1
2025-03-10T18:46:35.625-04:00,IdeState,Active,Dialog,*,-1,-1
2025-03-10T18:46:36.656-04:00,IdeState,Active,Dialog,*,-1,-1
2025-03-10T18:46:37.657-04:00,IdeState,Active,Dialog,*,-1,-1
2025-03-10T18:46:38.658-04:00,IdeState,Active,Dialog,*,-1,-1
2025-03-10T18:46:39.671-04:00,IdeState,Active,Dialog,*,-1,-1
2025-03-10T18:46:40.673-04:00,IdeState,Inactive,,*,-1,-1
2025-03-10T18:46:41.674-04:00,IdeState,Active,Dialog,*,-1,-1
2025-03-10T18:46:42.697-04:00,IdeState,Active,Dialog,*,-1,-1
2025-03-10T18:46:43.698-04:00,IdeState,Active,Dialog,*,-1,-1
2025-03-10T18:46:44.699-04:00,IdeState,Active,Dialog,*,-1,-1
2025-03-10T18:46:45.701-04:00,IdeState,Active,Dialog,*,-1,-1
2025-03-10T18:46:46.702-04:00,IdeState,Active,Dialog,*,-1,-1
2025-03-10T18:46:47.704-04:00,IdeState,Active,Dialog,*,-1,-1
2025-03-10T18:46:48.707-04:00,IdeState,Inactive,,*,-1,-1
2025-03-10T18:46:49.708-04:00,IdeState,Active,Dialog,*,-1,-1
2025-03-10T18:46:50.790-04:00,IdeState,Active,Dialog,*,-1,-1
2025-03-10T18:46:51.791-04:00,IdeState,Active,Dialog,*,-1,-1
2025-03-10T18:46:52.791-04:00,IdeState,Active,Dialog,*,-1,-1
2025-03-10T18:46:53.793-04:00,IdeState,Inactive,,*,-1,-1
2025-03-10T18:46:54.794-04:00,IdeState,Active,Dialog,*,-1,-1
2025-03-10T18:46:55.796-04:00,IdeState,Active,Dialog,*,-1,-1
2025-03-10T18:47:54.100-04:00,IdeState,Inactive,,*,-1,-1
2025-03-10T18:47:55.493-04:00,IdeState,NoProject,,*,-1,-1
2025-03-10T18:47:56.978-04:00,IdeState,Active,Popup,*,-1,-1
2025-03-10T18:47:58.151-04:00,IdeState,Active,Popup,*,-1,-1
2025-03-10T18:47:59.233-04:00,IdeState,Active,Project,*,-1,-1
2025-03-10T18:48:00.237-04:00,IdeState,Active,Project,*,-1,-1
2025-03-10T18:48:01.240-04:00,IdeState,Active,Project,*,-1,-1
2025-03-10T18:48:02.241-04:00,IdeState,Active,Project,*,-1,-1
2025-03-10T18:48:03.251-04:00,IdeState,Active,tasktracker,*,-1,-1
2025-03-10T18:48:04.378-04:00,IdeState,Active,tasktracker,*,-1,-1
2025-03-10T18:48:05.380-04:00,IdeState,Active,tasktracker,*,-1,-1
2025-03-10T18:48:06.382-04:00,IdeState,Active,tasktracker,*,-1,-1
2025-03-10T18:48:07.583-04:00,IdeState,Active,Project,*,-1,-1
2025-03-10T18:48:08.599-04:00,IdeState,Active,Project,*,-1,-1
2025-03-10T18:48:09.601-04:00,IdeState,Active,tasktracker,*,-1,-1
2025-03-10T18:48:10.605-04:00,IdeState,Active,tasktracker,*,-1,-1
2025-03-10T18:48:11.607-04:00,IdeState,Active,tasktracker,*,-1,-1
2025-03-10T18:48:12.609-04:00,IdeState,Active,tasktracker,*,-1,-1
2025-03-10T18:48:13.612-04:00,IdeState,Active,tasktracker,*,-1,-1
2025-03-10T18:48:14.639-04:00,IdeState,Active,tasktracker,*,-1,-1
2025-03-10T18:48:15.642-04:00,IdeState,Active,tasktracker,*,-1,-1
2025-03-10T18:48:16.644-04:00,IdeState,Active,tasktracker,*,-1,-1
2025-03-10T18:48:17.647-04:00,IdeState,Active,tasktracker,*,-1,-1
2025-03-10T18:48:18.661-04:00,IdeState,Active,tasktracker,*,-1,-1
2025-03-10T18:48:19.662-04:00,IdeState,Active,tasktracker,*,-1,-1
2025-03-10T18:48:20.852-04:00,IdeState,Active,Project,*,-1,-1
2025-03-10T18:48:22.047-04:00,IdeState,Active,Editor,*,0,0
2025-03-10T18:48:23.049-04:00,IdeState,Active,Editor,*,0,0
2025-03-10T18:48:24.051-04:00,IdeState,Active,Project,*,0,0
2025-03-10T18:48:25.052-04:00,IdeState,Active,Project,*,0,0
2025-03-10T18:48:26.054-04:00,IdeState,Inactive,,*,-1,-1
2025-03-10T18:48:27.056-04:00,IdeState,Inactive,,*,-1,-1
2025-03-10T18:48:28.056-04:00,IdeState,Inactive,,*,-1,-1
2025-03-10T18:48:29.058-04:00,IdeState,Inactive,,*,-1,-1
2025-03-10T18:48:30.060-04:00,IdeState,Inactive,,*,-1,-1
2025-03-10T18:48:31.101-04:00,IdeState,Inactive,,*,-1,-1
2025-03-10T18:48:32.117-04:00,IdeState,Inactive,,*,-1,-1
2025-03-10T18:48:33.127-04:00,IdeState,Inactive,,*,-1,-1
2025-03-10T18:48:34.143-04:00,IdeState,Inactive,,*,-1,-1
2025-03-10T18:48:35.158-04:00,IdeState,Inactive,,*,-1,-1
2025-03-10T18:48:36.160-04:00,IdeState,Inactive,,*,-1,-1
2025-03-10T18:48:37.171-04:00,IdeState,Inactive,,*,-1,-1
2025-03-10T18:48:38.183-04:00,IdeState,Inactive,,*,-1,-1
2025-03-10T18:48:39.219-04:00,IdeState,Inactive,,*,-1,-1
2025-03-10T18:48:40.225-04:00,IdeState,Inactive,,*,-1,-1
2025-03-10T18:48:41.228-04:00,IdeState,Inactive,,*,-1,-1
2025-03-10T18:48:42.260-04:00,IdeState,Inactive,,*,-1,-1
2025-03-10T18:48:43.275-04:00,IdeState,Inactive,,*,-1,-1
2025-03-10T18:48:44.279-04:00,IdeState,Inactive,,*,-1,-1
2025-03-10T18:48:45.294-04:00,IdeState,Inactive,,*,-1,-1
2025-03-10T18:48:46.313-04:00,IdeState,Inactive,,*,-1,-1
2025-03-10T18:48:47.322-04:00,IdeState,Inactive,,*,-1,-1
2025-03-10T18:48:48.328-04:00,IdeState,Inactive,,*,-1,-1
2025-03-10T18:48:49.352-04:00,IdeState,Inactive,,*,-1,-1
2025-03-10T18:48:50.360-04:00,IdeState,Inactive,,*,-1,-1
2025-03-10T18:48:51.515-04:00,IdeState,Inactive,,*,-1,-1
2025-03-10T18:48:52.649-04:00,IdeState,Inactive,,*,-1,-1
2025-03-10T18:48:53.748-04:00,IdeState,Inactive,,*,-1,-1
2025-03-10T18:48:54.792-04:00,IdeState,Inactive,,*,-1,-1
2025-03-10T18:48:55.860-04:00,IdeState,Inactive,,*,-1,-1
2025-03-10T18:48:57.006-04:00,IdeState,Inactive,,*,-1,-1
2025-03-10T18:48:58.018-04:00,IdeState,Inactive,,*,-1,-1
2025-03-10T18:48:59.019-04:00,IdeState,Inactive,,*,-1,-1
2025-03-10T18:49:00.022-04:00,IdeState,Inactive,,*,-1,-1
2025-03-10T18:49:01.035-04:00,IdeState,Inactive,,*,-1,-1
2025-03-10T18:49:02.053-04:00,IdeState,Inactive,,*,-1,-1
2025-03-10T18:49:03.060-04:00,IdeState,Inactive,,*,-1,-1
2025-03-10T18:49:04.073-04:00,IdeState,Inactive,,*,-1,-1
2025-03-10T18:49:05.133-04:00,IdeState,Inactive,,*,-1,-1
2025-03-10T18:49:06.151-04:00,IdeState,Inactive,,*,-1,-1
2025-03-10T18:49:07.170-04:00,IdeState,Inactive,,*,-1,-1
2025-03-10T18:49:08.175-04:00,IdeState,Inactive,,*,-1,-1
2025-03-10T18:49:09.187-04:00,IdeState,Inactive,,*,-1,-1
2025-03-10T18:49:10.203-04:00,IdeState,Inactive,,*,-1,-1
2025-03-10T18:49:11.213-04:00,IdeState,Inactive,,*,-1,-1
2025-03-10T18:49:12.230-04:00,IdeState,Inactive,,*,-1,-1
2025-03-10T18:49:13.244-04:00,IdeState,Inactive,,*,-1,-1
2025-03-10T18:49:14.406-04:00,IdeState,Inactive,,*,-1,-1
2025-03-10T18:49:15.414-04:00,IdeState,Inactive,,*,-1,-1
2025-03-10T18:49:16.416-04:00,IdeState,Inactive,,*,-1,-1
2025-03-10T18:49:17.439-04:00,IdeState,Inactive,,*,-1,-1
2025-03-10T18:49:18.457-04:00,IdeState,Inactive,,*,-1,-1
2025-03-10T18:49:19.473-04:00,IdeState,Inactive,,*,-1,-1
2025-03-10T18:49:20.482-04:00,IdeState,Inactive,,*,-1,-1
2025-03-10T18:49:21.544-04:00,IdeState,Inactive,,*,-1,-1
2025-03-10T18:49:22.556-04:00,IdeState,Inactive,,*,-1,-1
2025-03-10T18:49:23.569-04:00,IdeState,Inactive,,*,-1,-1
2025-03-10T18:49:24.582-04:00,IdeState,Inactive,,*,-1,-1
2025-03-10T18:49:25.595-04:00,IdeState,Inactive,,*,-1,-1
2025-03-10T18:49:26.601-04:00,IdeState,Inactive,,*,-1,-1
2025-03-10T18:49:27.614-04:00,IdeState,Inactive,,*,-1,-1
2025-03-10T18:49:28.628-04:00,IdeState,Inactive,,*,-1,-1
2025-03-10T18:49:29.661-04:00,IdeState,Inactive,,*,-1,-1
2025-03-10T18:49:30.691-04:00,IdeState,Inactive,,*,-1,-1
2025-03-10T18:49:31.696-04:00,IdeState,Inactive,,*,-1,-1
2025-03-10T18:49:32.712-04:00,IdeState,Inactive,,*,-1,-1
2025-03-10T18:49:33.726-04:00,IdeState,Inactive,,*,-1,-1
2025-03-10T18:49:34.739-04:00,IdeState,Inactive,,*,-1,-1
2025-03-10T18:49:35.753-04:00,IdeState,Inactive,,*,-1,-1
2025-03-10T18:49:36.766-04:00,IdeState,Inactive,,*,-1,-1
2025-03-10T18:49:37.781-04:00,IdeState,Inactive,,*,-1,-1
2025-03-10T18:49:38.795-04:00,IdeState,Inactive,,*,-1,-1
2025-03-10T18:49:39.798-04:00,IdeState,Inactive,,*,-1,-1
2025-03-10T18:49:40.806-04:00,IdeState,Inactive,,*,-1,-1
2025-03-10T18:49:41.871-04:00,IdeState,Inactive,,*,-1,-1
2025-03-10T18:49:42.887-04:00,IdeState,Inactive,,*,-1,-1
2025-03-10T18:49:43.909-04:00,IdeState,Inactive,,*,-1,-1
2025-03-10T18:49:45.042-04:00,IdeState,Inactive,,*,-1,-1
2025-03-10T18:49:46.042-04:00,IdeState,Inactive,,*,-1,-1
2025-03-10T18:49:47.059-04:00,IdeState,Inactive,,*,-1,-1
2025-03-10T18:49:48.072-04:00,IdeState,Inactive,,*,-1,-1
2025-03-10T18:49:49.076-04:00,IdeState,Inactive,,*,-1,-1
2025-03-10T18:49:50.431-04:00,IdeState,Inactive,,*,-1,-1
2025-03-10T18:49:51.443-04:00,IdeState,Inactive,,*,-1,-1
2025-03-10T18:49:52.457-04:00,IdeState,Inactive,,*,-1,-1
2025-03-10T18:49:53.471-04:00,IdeState,Inactive,,*,-1,-1
2025-03-10T18:49:54.486-04:00,IdeState,Inactive,,*,-1,-1
2025-03-10T18:49:55.499-04:00,IdeState,Inactive,,*,-1,-1
2025-03-10T18:49:56.551-04:00,IdeState,Inactive,,*,-1,-1
2025-03-10T18:49:57.564-04:00,IdeState,Inactive,,*,-1,-1
2025-03-10T18:49:58.572-04:00,IdeState,Inactive,,*,-1,-1
2025-03-10T18:49:59.587-04:00,IdeState,Inactive,,*,-1,-1
2025-03-10T18:50:00.591-04:00,IdeState,Inactive,,*,-1,-1
2025-03-10T18:50:01.619-04:00,IdeState,Inactive,,*,-1,-1
2025-03-10T18:50:02.628-04:00,IdeState,Inactive,,*,-1,-1
2025-03-10T18:50:03.690-04:00,IdeState,Inactive,,*,-1,-1
2025-03-10T18:50:04.695-04:00,IdeState,Inactive,,*,-1,-1
2025-03-10T18:50:05.700-04:00,IdeState,Inactive,,*,-1,-1
2025-03-10T18:50:06.713-04:00,IdeState,Inactive,,*,-1,-1
2025-03-10T18:50:07.729-04:00,IdeState,Inactive,,*,-1,-1
2025-03-10T18:50:08.735-04:00,IdeState,Inactive,,*,-1,-1
2025-03-10T18:50:09.748-04:00,IdeState,Inactive,,*,-1,-1
2025-03-10T18:50:10.753-04:00,IdeState,Inactive,,*,-1,-1
2025-03-10T18:50:11.763-04:00,IdeState,Inactive,,*,-1,-1
2025-03-10T18:50:12.772-04:00,IdeState,Inactive,,*,-1,-1
2025-03-10T18:50:13.787-04:00,IdeState,Inactive,,*,-1,-1
2025-03-10T18:50:14.802-04:00,IdeState,Inactive,,*,-1,-1
2025-03-10T18:50:15.810-04:00,IdeState,Inactive,,*,-1,-1
2025-03-10T18:50:16.823-04:00,IdeState,Inactive,,*,-1,-1
2025-03-10T18:50:17.836-04:00,IdeState,Inactive,,*,-1,-1
2025-03-10T18:50:18.872-04:00,IdeState,Inactive,,*,-1,-1
2025-03-10T18:50:19.876-04:00,IdeState,Inactive,,*,-1,-1
2025-03-10T18:50:20.894-04:00,IdeState,Inactive,,*,-1,-1
2025-03-10T18:50:21.898-04:00,IdeState,Inactive,,*,-1,-1
2025-03-10T18:50:22.920-04:00,IdeState,Inactive,,*,-1,-1
2025-03-10T18:50:23.931-04:00,IdeState,Inactive,,*,-1,-1
2025-03-10T18:50:24.940-04:00,IdeState,Inactive,,*,-1,-1
2025-03-10T18:50:25.951-04:00,IdeState,Inactive,,*,-1,-1
2025-03-10T18:50:26.958-04:00,IdeState,Inactive,,*,-1,-1
2025-03-10T18:50:27.973-04:00,IdeState,Inactive,,*,-1,-1
2025-03-10T18:50:28.980-04:00,IdeState,Inactive,,*,-1,-1
2025-03-10T18:50:29.982-04:00,IdeState,Inactive,,*,-1,-1
2025-03-10T18:50:30.989-04:00,IdeState,Inactive,,*,-1,-1
2025-03-10T18:50:32.006-04:00,IdeState,Inactive,,*,-1,-1
2025-03-10T18:50:33.021-04:00,IdeState,Inactive,,*,-1,-1
2025-03-10T18:50:34.422-04:00,IdeState,Inactive,,*,-1,-1
2025-03-10T18:51:05.466-04:00,IdeState,NoProject,,*,-1,-1
2025-03-10T18:51:07.068-04:00,IdeState,Active,Popup,*,-1,-1
2025-03-10T18:51:08.838-04:00,IdeState,Active,Popup,*,-1,-1
2025-03-10T18:51:10.154-04:00,IdeState,Active,Editor,*,0,0
2025-03-10T18:51:11.788-04:00,IdeState,Active,Editor,*,0,0
2025-03-10T18:51:12.863-04:00,IdeState,Active,Popup,*,-1,-1
2025-03-10T18:51:13.868-04:00,IdeState,Active,Popup,*,-1,-1
2025-03-10T18:59:21.097-04:00,IdeState,Inactive,,*,-1,-1
2025-03-10T18:59:22.247-04:00,IdeState,Active,Popup,*,-1,-1
2025-03-10T18:59:23.587-04:00,IdeState,Active,Popup,*,-1,-1
2025-03-10T18:59:24.854-04:00,IdeState,Active,Popup,*,-1,-1
2025-03-10T18:59:26.099-04:00,IdeState,Active,Project,*,-1,-1
2025-03-10T18:59:27.100-04:00,IdeState,Active,Project,*,-1,-1
2025-03-10T18:59:28.102-04:00,IdeState,Active,Project,*,-1,-1
2025-03-10T18:59:29.104-04:00,IdeState,Active,Project,*,-1,-1
2025-03-10T18:59:30.180-04:00,IdeState,Active,Project,*,-1,-1
2025-03-10T18:59:31.183-04:00,IdeState,Active,tasktracker,*,-1,-1
2025-03-10T18:59:32.185-04:00,IdeState,Active,tasktracker,*,-1,-1
2025-03-10T18:59:33.186-04:00,IdeState,Active,tasktracker,*,-1,-1
2025-03-10T18:59:34.188-04:00,IdeState,Active,tasktracker,*,-1,-1
2025-03-10T18:59:35.191-04:00,IdeState,Active,tasktracker,*,-1,-1
2025-03-10T18:59:36.192-04:00,IdeState,Active,tasktracker,*,-1,-1
2025-03-10T18:59:37.194-04:00,IdeState,Active,tasktracker,*,-1,-1
2025-03-10T18:59:38.197-04:00,IdeState,Active,tasktracker,*,-1,-1
2025-03-10T18:59:39.199-04:00,IdeState,Active,tasktracker,*,-1,-1
2025-03-10T18:59:40.200-04:00,IdeState,Active,Dialog,*,-1,-1
2025-03-10T19:00:36.111-04:00,IdeState,Active,Popup,*,-1,-1
2025-03-10T19:00:38.735-04:00,IdeState,Active,Popup,*,-1,-1
2025-03-10T19:00:40.152-04:00,IdeState,Active,Project,*,-1,-1
2025-03-10T19:00:41.158-04:00,IdeState,Active,Project,*,-1,-1
2025-03-10T19:00:42.159-04:00,IdeState,Active,Project,*,-1,-1
2025-03-10T19:00:43.168-04:00,IdeState,Active,Project,*,-1,-1
2025-03-10T19:00:44.298-04:00,IdeState,Active,Project,*,-1,-1
2025-03-10T19:00:45.651-04:00,IdeState,Active,Project,*,-1,-1
2025-03-10T19:00:46.652-04:00,IdeState,Active,Project,*,-1,-1
2025-03-10T19:00:47.654-04:00,IdeState,Active,tasktracker,*,-1,-1
2025-03-10T19:00:48.656-04:00,IdeState,Active,tasktracker,*,-1,-1
2025-03-10T19:00:49.658-04:00,IdeState,Active,tasktracker,*,-1,-1
2025-03-10T19:00:50.660-04:00,IdeState,Active,tasktracker,*,-1,-1
2025-03-10T19:00:51.665-04:00,IdeState,Active,tasktracker,*,-1,-1
2025-03-10T19:00:52.666-04:00,IdeState,Active,tasktracker,*,-1,-1
2025-03-10T19:00:53.669-04:00,IdeState,Active,Dialog,*,-1,-1
2025-03-10T19:00:54.695-04:00,IdeState,Active,tasktracker,*,-1,-1
2025-03-10T19:00:55.698-04:00,IdeState,Active,tasktracker,*,-1,-1
2025-03-10T19:00:56.699-04:00,IdeState,Active,tasktracker,*,-1,-1
2025-03-10T19:00:57.700-04:00,IdeState,Active,tasktracker,*,-1,-1
2025-03-10T19:00:58.702-04:00,IdeState,Active,tasktracker,*,-1,-1
2025-03-10T19:00:59.704-04:00,IdeState,Active,tasktracker,*,-1,-1
2025-03-10T19:01:00.706-04:00,IdeState,Active,tasktracker,*,-1,-1
2025-03-10T19:01:01.708-04:00,IdeState,Active,tasktracker,*,-1,-1
2025-03-10T19:01:02.710-04:00,IdeState,Active,tasktracker,*,-1,-1
2025-03-10T19:01:03.711-04:00,IdeState,Active,tasktracker,*,-1,-1
2025-03-10T19:01:04.713-04:00,IdeState,Active,tasktracker,*,-1,-1
2025-03-10T19:01:05.715-04:00,IdeState,Active,tasktracker,*,-1,-1
2025-03-10T19:01:06.717-04:00,IdeState,Active,tasktracker,*,-1,-1
2025-03-10T19:01:07.720-04:00,IdeState,Active,tasktracker,*,-1,-1
2025-03-10T19:01:08.722-04:00,IdeState,Active,Project,*,-1,-1
2025-03-10T19:01:09.725-04:00,IdeState,Active,Project,*,-1,-1
2025-03-10T19:01:10.726-04:00,IdeState,Active,Project,*,-1,-1
2025-03-10T19:01:11.728-04:00,IdeState,Active,Project,*,-1,-1
2025-03-10T19:01:12.730-04:00,IdeState,Active,tasktracker,*,-1,-1
2025-03-10T19:01:13.731-04:00,IdeState,Active,tasktracker,*,-1,-1
2025-03-10T19:01:14.734-04:00,IdeState,Active,tasktracker,*,-1,-1
2025-03-10T19:01:15.736-04:00,IdeState,Active,tasktracker,*,-1,-1
2025-03-10T19:01:16.738-04:00,IdeState,Active,tasktracker,*,-1,-1
2025-03-10T19:01:17.740-04:00,IdeState,Active,tasktracker,*,-1,-1
2025-03-10T19:01:18.744-04:00,IdeState,Inactive,,*,-1,-1
2025-03-10T19:01:19.747-04:00,IdeState,Inactive,,*,-1,-1
2025-03-10T19:01:20.748-04:00,IdeState,Inactive,,*,-1,-1
2025-03-10T19:01:21.750-04:00,IdeState,Inactive,,*,-1,-1
2025-03-10T19:01:22.751-04:00,IdeState,Inactive,,*,-1,-1
2025-03-10T19:01:23.757-04:00,IdeState,Inactive,,*,-1,-1
2025-03-10T19:01:24.760-04:00,IdeState,Inactive,,*,-1,-1
2025-03-10T19:01:25.771-04:00,IdeState,Active,tasktracker,*,-1,-1
2025-03-10T19:01:26.783-04:00,IdeState,Active,tasktracker,*,-1,-1
2025-03-10T19:01:27.819-04:00,IdeState,Active,tasktracker,*,-1,-1
2025-03-10T19:01:28.841-04:00,IdeState,Active,tasktracker,*,-1,-1
2025-03-10T19:01:29.858-04:00,IdeState,Active,tasktracker,*,-1,-1
2025-03-10T19:01:30.858-04:00,IdeState,Active,tasktracker,*,-1,-1
2025-03-10T19:01:31.860-04:00,IdeState,Active,tasktracker,*,-1,-1
2025-03-10T19:01:32.861-04:00,IdeState,Active,tasktracker,*,-1,-1
2025-03-10T19:01:33.862-04:00,IdeState,Active,tasktracker,*,-1,-1
2025-03-10T19:01:34.864-04:00,IdeState,Active,tasktracker,*,-1,-1
2025-03-10T19:01:35.865-04:00,IdeState,Active,tasktracker,*,-1,-1
2025-03-10T19:01:36.867-04:00,IdeState,Active,tasktracker,*,-1,-1
2025-03-10T19:01:37.869-04:00,IdeState,Active,tasktracker,*,-1,-1
2025-03-10T19:01:38.871-04:00,IdeState,Active,tasktracker,*,-1,-1
2025-03-10T19:01:39.872-04:00,IdeState,Active,tasktracker,*,-1,-1
2025-03-10T19:01:40.873-04:00,IdeState,Active,tasktracker,*,-1,-1
2025-03-10T19:01:41.874-04:00,IdeState,Active,tasktracker,*,-1,-1
2025-03-10T19:01:42.876-04:00,IdeState,Active,Project,*,-1,-1
2025-03-10T19:01:43.352-04:00,Action,$Delete,Project,*,-1,-1
2025-03-10T19:01:43.879-04:00,IdeState,Active,Dialog,*,-1,-1
2025-03-10T19:01:44.882-04:00,IdeState,Active,Dialog,*,-1,-1
2025-03-10T19:01:45.884-04:00,IdeState,Active,Project,*,-1,-1
2025-03-10T19:01:46.885-04:00,IdeState,Active,Dialog,*,-1,-1
2025-03-10T19:01:47.887-04:00,IdeState,Active,Project,*,-1,-1
2025-03-10T19:01:48.889-04:00,IdeState,Active,Project,*,-1,-1
2025-03-10T19:01:49.891-04:00,IdeState,Active,Project,*,-1,-1
2025-03-10T19:01:50.894-04:00,IdeState,Active,Project,*,-1,-1
2025-03-10T19:01:51.896-04:00,IdeState,Inactive,,*,-1,-1
2025-03-10T19:01:52.897-04:00,IdeState,Inactive,,*,-1,-1
2025-03-10T19:01:53.899-04:00,IdeState,Inactive,,*,-1,-1
2025-03-10T19:01:54.903-04:00,IdeState,Inactive,,*,-1,-1
2025-03-10T19:01:55.924-04:00,IdeState,Inactive,,*,-1,-1
2025-03-10T19:01:56.933-04:00,IdeState,Inactive,,*,-1,-1
2025-03-10T19:01:57.936-04:00,IdeState,Inactive,,*,-1,-1
2025-03-10T19:01:58.949-04:00,IdeState,Inactive,,*,-1,-1
2025-03-10T19:01:59.962-04:00,IdeState,Inactive,,*,-1,-1
2025-03-10T19:02:00.976-04:00,IdeState,Inactive,,*,-1,-1
2025-03-10T19:02:01.990-04:00,IdeState,Inactive,,*,-1,-1
2025-03-10T19:02:03.090-04:00,IdeState,Inactive,,*,-1,-1
2025-03-10T19:02:04.099-04:00,IdeState,Inactive,,*,-1,-1
2025-03-10T19:02:05.115-04:00,IdeState,Inactive,,*,-1,-1
2025-03-10T19:02:06.132-04:00,IdeState,Inactive,,*,-1,-1
2025-03-10T19:02:07.146-04:00,IdeState,Inactive,,*,-1,-1
2025-03-10T19:02:08.176-04:00,IdeState,Inactive,,*,-1,-1
2025-03-10T19:02:09.182-04:00,IdeState,Inactive,,*,-1,-1
2025-03-10T19:02:10.191-04:00,IdeState,Inactive,,*,-1,-1
2025-03-10T19:02:11.205-04:00,IdeState,Inactive,,*,-1,-1
2025-03-10T19:02:12.214-04:00,IdeState,Inactive,,*,-1,-1
2025-03-10T19:02:13.278-04:00,IdeState,Inactive,,*,-1,-1
2025-03-10T19:02:14.371-04:00,IdeState,Inactive,,*,-1,-1
2025-03-10T19:02:15.375-04:00,IdeState,Inactive,,*,-1,-1
2025-03-10T19:02:16.379-04:00,IdeState,Inactive,,*,-1,-1
2025-03-10T19:02:17.393-04:00,IdeState,Inactive,,*,-1,-1
2025-03-10T19:02:18.407-04:00,IdeState,Inactive,,*,-1,-1
2025-03-10T19:02:19.410-04:00,IdeState,Inactive,,*,-1,-1
2025-03-10T19:02:20.425-04:00,IdeState,Inactive,,*,-1,-1
2025-03-10T19:02:21.431-04:00,IdeState,Inactive,,*,-1,-1
2025-03-10T19:02:22.435-04:00,IdeState,Inactive,,*,-1,-1
2025-03-10T19:02:23.527-04:00,IdeState,Inactive,,*,-1,-1
2025-03-10T19:02:24.544-04:00,IdeState,Inactive,,*,-1,-1
2025-03-10T19:02:25.559-04:00,IdeState,Inactive,,*,-1,-1
2025-03-10T19:02:26.564-04:00,IdeState,Inactive,,*,-1,-1
2025-03-10T19:02:27.573-04:00,IdeState,Inactive,,*,-1,-1
2025-03-10T19:02:28.659-04:00,IdeState,Inactive,,*,-1,-1
2025-03-10T19:02:29.678-04:00,IdeState,Inactive,,*,-1,-1
2025-03-10T19:02:30.683-04:00,IdeState,Inactive,,*,-1,-1
2025-03-10T19:02:31.694-04:00,IdeState,Inactive,,*,-1,-1
2025-03-10T19:02:32.711-04:00,IdeState,Inactive,,*,-1,-1
2025-03-10T19:02:33.726-04:00,IdeState,Inactive,,*,-1,-1
2025-03-10T19:02:34.749-04:00,IdeState,Inactive,,*,-1,-1
2025-03-10T19:02:35.760-04:00,IdeState,Inactive,,*,-1,-1
2025-03-10T19:02:36.773-04:00,IdeState,Inactive,,*,-1,-1
2025-03-10T19:02:37.784-04:00,IdeState,Inactive,,*,-1,-1
2025-03-10T19:02:38.970-04:00,IdeState,Inactive,,*,-1,-1
2025-03-10T19:02:39.988-04:00,IdeState,Inactive,,*,-1,-1
2025-03-10T19:02:40.991-04:00,IdeState,Inactive,,*,-1,-1
2025-03-10T19:02:42.004-04:00,IdeState,Inactive,,*,-1,-1
2025-03-10T19:02:43.006-04:00,IdeState,Inactive,,*,-1,-1
2025-03-10T19:02:44.012-04:00,IdeState,Inactive,,*,-1,-1
2025-03-10T19:02:45.032-04:00,IdeState,Inactive,,*,-1,-1
2025-03-10T19:02:46.044-04:00,IdeState,Inactive,,*,-1,-1
2025-03-10T19:02:47.058-04:00,IdeState,Inactive,,*,-1,-1
2025-03-10T19:02:48.303-04:00,IdeState,Inactive,,*,-1,-1
2025-03-10T19:02:49.320-04:00,IdeState,Inactive,,*,-1,-1
2025-03-10T19:02:50.335-04:00,IdeState,Inactive,,*,-1,-1
2025-03-10T19:02:51.350-04:00,IdeState,Inactive,,*,-1,-1
2025-03-10T19:02:52.361-04:00,IdeState,Inactive,,*,-1,-1
2025-03-10T19:02:53.396-04:00,IdeState,Inactive,,*,-1,-1
2025-03-10T19:02:54.721-04:00,IdeState,Inactive,,*,-1,-1
2025-03-10T19:02:55.731-04:00,IdeState,Inactive,,*,-1,-1
2025-03-10T19:02:56.744-04:00,IdeState,Inactive,,*,-1,-1
2025-03-10T19:02:57.747-04:00,IdeState,Inactive,,*,-1,-1
2025-03-10T19:02:58.752-04:00,IdeState,Inactive,,*,-1,-1
2025-03-10T19:02:59.768-04:00,IdeState,Inactive,,*,-1,-1
2025-03-10T19:03:00.785-04:00,IdeState,Inactive,,*,-1,-1
2025-03-10T19:03:01.788-04:00,IdeState,Inactive,,*,-1,-1
2025-03-10T19:03:02.797-04:00,IdeState,Inactive,,*,-1,-1
2025-03-10T19:03:03.809-04:00,IdeState,Inactive,,*,-1,-1
2025-03-10T19:03:04.820-04:00,IdeState,Inactive,,*,-1,-1
2025-03-10T19:03:05.832-04:00,IdeState,Inactive,,*,-1,-1
2025-03-10T19:03:06.844-04:00,IdeState,Inactive,,*,-1,-1
2025-03-10T19:03:07.874-04:00,IdeState,Inactive,,*,-1,-1
2025-03-10T19:03:08.890-04:00,IdeState,Inactive,,*,-1,-1
2025-03-10T19:03:09.944-04:00,IdeState,Inactive,,*,-1,-1
2025-03-10T19:04:58.454-04:00,IdeState,Inactive,,*,-1,-1
2025-03-10T19:04:59.468-04:00,IdeState,Inactive,,*,-1,-1
2025-03-10T19:05:00.471-04:00,IdeState,Inactive,,*,-1,-1
2025-03-10T19:05:01.487-04:00,IdeState,Inactive,,*,-1,-1
2025-03-10T19:05:02.500-04:00,IdeState,Inactive,,*,-1,-1
2025-03-10T19:05:03.771-04:00,IdeState,Inactive,,*,-1,-1
2025-03-10T19:05:05.025-04:00,IdeState,Inactive,,*,-1,-1
2025-03-10T19:05:06.102-04:00,IdeState,Inactive,,*,-1,-1
2025-03-10T19:05:07.122-04:00,IdeState,Inactive,,*,-1,-1
2025-03-10T19:05:08.241-04:00,IdeState,Inactive,,*,-1,-1
2025-03-10T19:05:09.520-04:00,IdeState,Inactive,,*,-1,-1
2025-03-10T19:05:11.012-04:00,IdeState,Inactive,,*,-1,-1
2025-03-10T19:05:12.361-04:00,IdeState,Inactive,,*,-1,-1
2025-03-10T19:05:13.422-04:00,IdeState,Inactive,,*,-1,-1
2025-03-10T19:05:14.449-04:00,IdeState,Inactive,,*,-1,-1
2025-03-10T19:05:15.461-04:00,IdeState,Inactive,,*,-1,-1
2025-03-10T19:05:16.481-04:00,IdeState,Inactive,,*,-1,-1
2025-03-10T19:05:17.488-04:00,IdeState,Inactive,,*,-1,-1
2025-03-10T19:05:18.610-04:00,IdeState,Inactive,,*,-1,-1
2025-03-10T19:05:19.633-04:00,IdeState,Inactive,,*,-1,-1
2025-03-10T19:05:20.651-04:00,IdeState,Inactive,,*,-1,-1
2025-03-10T19:05:21.659-04:00,IdeState,Inactive,,*,-1,-1
2025-03-10T19:05:22.690-04:00,IdeState,Inactive,,*,-1,-1
2025-03-10T19:05:23.703-04:00,IdeState,Inactive,,*,-1,-1
2025-03-10T19:05:24.711-04:00,IdeState,Inactive,,*,-1,-1
2025-03-10T19:05:25.714-04:00,IdeState,Inactive,,*,-1,-1
2025-03-10T19:05:26.721-04:00,IdeState,Inactive,,*,-1,-1
2025-03-10T19:05:27.727-04:00,IdeState,Inactive,,*,-1,-1
2025-03-10T19:05:28.743-04:00,IdeState,Inactive,,*,-1,-1
2025-03-10T19:05:29.747-04:00,IdeState,Inactive,,*,-1,-1
2025-03-10T19:05:30.758-04:00,IdeState,Inactive,,*,-1,-1
2025-03-10T19:05:31.771-04:00,IdeState,Inactive,,*,-1,-1
2025-03-10T19:05:32.772-04:00,IdeState,Inactive,,*,-1,-1
2025-03-10T19:05:33.792-04:00,IdeState,Inactive,,*,-1,-1
2025-03-10T19:05:34.804-04:00,IdeState,Inactive,,*,-1,-1
2025-03-10T19:05:35.816-04:00,IdeState,Inactive,,*,-1,-1
2025-03-10T19:05:36.831-04:00,IdeState,Inactive,,*,-1,-1
2025-03-10T19:05:37.833-04:00,IdeState,Inactive,,*,-1,-1
2025-03-10T19:05:38.838-04:00,IdeState,Inactive,,*,-1,-1
2025-03-10T19:05:39.913-04:00,IdeState,Inactive,,*,-1,-1
2025-03-10T19:05:40.925-04:00,IdeState,Inactive,,*,-1,-1
2025-03-10T19:05:41.971-04:00,IdeState,Inactive,,*,-1,-1
2025-03-10T19:05:43.051-04:00,IdeState,Inactive,,*,-1,-1
2025-03-10T19:05:44.055-04:00,IdeState,Inactive,,*,-1,-1
2025-03-10T19:05:45.149-04:00,IdeState,Inactive,,*,-1,-1
2025-03-10T19:05:46.166-04:00,IdeState,Inactive,,*,-1,-1
2025-03-10T19:05:47.172-04:00,IdeState,Inactive,,*,-1,-1
2025-03-10T19:05:48.191-04:00,IdeState,Inactive,,*,-1,-1
2025-03-10T19:05:49.196-04:00,IdeState,Inactive,,*,-1,-1
2025-03-10T19:05:50.199-04:00,IdeState,Inactive,,*,-1,-1
2025-03-10T19:05:51.212-04:00,IdeState,Inactive,,*,-1,-1
2025-03-10T19:05:52.227-04:00,IdeState,Inactive,,*,-1,-1
2025-03-10T19:05:53.244-04:00,IdeState,Inactive,,*,-1,-1
2025-03-10T19:05:54.255-04:00,IdeState,Inactive,,*,-1,-1
2025-03-10T19:05:55.270-04:00,IdeState,Inactive,,*,-1,-1
2025-03-10T19:05:56.272-04:00,IdeState,Inactive,,*,-1,-1
2025-03-10T19:05:57.284-04:00,IdeState,Inactive,,*,-1,-1
2025-03-10T19:05:58.296-04:00,IdeState,Inactive,,*,-1,-1
2025-03-10T19:05:59.297-04:00,IdeState,Inactive,,*,-1,-1
2025-03-10T19:06:00.307-04:00,IdeState,Inactive,,*,-1,-1
2025-03-10T19:06:01.311-04:00,IdeState,Inactive,,*,-1,-1
2025-03-10T19:06:02.320-04:00,IdeState,Inactive,,*,-1,-1
2025-03-10T19:06:03.334-04:00,IdeState,Inactive,,*,-1,-1
2025-03-10T19:06:04.351-04:00,IdeState,Inactive,,*,-1,-1
2025-03-10T19:06:05.365-04:00,IdeState,Inactive,,*,-1,-1
2025-03-10T19:06:06.480-04:00,IdeState,Inactive,,*,-1,-1
2025-03-10T19:06:07.576-04:00,IdeState,Inactive,,*,-1,-1
2025-03-10T19:06:08.593-04:00,IdeState,Inactive,,*,-1,-1
2025-03-10T19:06:09.607-04:00,IdeState,Inactive,,*,-1,-1
2025-03-10T19:06:10.624-04:00,IdeState,Inactive,,*,-1,-1
2025-03-10T19:06:11.639-04:00,IdeState,Inactive,,*,-1,-1
2025-03-10T19:06:12.654-04:00,IdeState,Inactive,,*,-1,-1
2025-03-10T19:06:13.668-04:00,IdeState,Inactive,,*,-1,-1
2025-03-10T19:06:14.689-04:00,IdeState,Inactive,,*,-1,-1
2025-03-10T19:06:15.696-04:00,IdeState,Inactive,,*,-1,-1
2025-03-10T19:06:16.706-04:00,IdeState,Active,Project,*,-1,-1
2025-03-10T19:06:17.720-04:00,IdeState,Active,Project,*,-1,-1
2025-03-10T19:06:18.732-04:00,IdeState,Active,Project,*,-1,-1
2025-03-10T19:06:19.746-04:00,IdeState,Active,Project,*,-1,-1
2025-03-10T19:06:21.026-04:00,IdeState,Inactive,,*,-1,-1
2025-03-10T19:06:22.408-04:00,IdeState,Inactive,,*,-1,-1
2025-03-10T19:06:23.424-04:00,IdeState,Inactive,,*,-1,-1
2025-03-10T19:06:24.435-04:00,IdeState,Inactive,,*,-1,-1
2025-03-10T19:06:25.444-04:00,IdeState,Inactive,,*,-1,-1
2025-03-10T19:06:26.449-04:00,IdeState,Active,Project,*,-1,-1
2025-03-10T19:06:27.460-04:00,IdeState,Active,Project,*,-1,-1
2025-03-10T19:06:28.474-04:00,IdeState,Active,Project,*,-1,-1
2025-03-10T19:06:29.486-04:00,IdeState,Active,Project,*,-1,-1
2025-03-10T19:06:30.491-04:00,IdeState,Active,Project,*,-1,-1
2025-03-10T19:06:31.493-04:00,IdeState,Active,Project,*,-1,-1
2025-03-10T19:06:32.495-04:00,IdeState,Active,Project,*,-1,-1
2025-03-10T19:06:33.497-04:00,IdeState,Active,Project,*,-1,-1
2025-03-10T19:06:34.500-04:00,IdeState,Active,Project,*,-1,-1
2025-03-10T19:06:35.502-04:00,IdeState,Active,Project,*,-1,-1
2025-03-10T19:06:36.031-04:00,Action,$Delete,Project,*,-1,-1
2025-03-10T19:06:36.504-04:00,IdeState,Active,Dialog,*,-1,-1
2025-03-10T19:06:37.506-04:00,IdeState,Active,Dialog,*,-1,-1
2025-03-10T19:10:04.177-04:00,IdeState,NoProject,,*,-1,-1
2025-03-10T19:10:06.692-04:00,IdeState,Active,Popup,*,-1,-1
2025-03-10T19:10:08.103-04:00,IdeState,Active,Project,*,-1,-1
2025-03-10T19:10:09.105-04:00,IdeState,Active,Project,*,-1,-1
2025-03-10T19:10:10.107-04:00,IdeState,Active,Project,*,-1,-1
2025-03-10T19:10:11.110-04:00,IdeState,Active,Project,*,-1,-1
2025-03-10T19:10:12.117-04:00,IdeState,Active,Project,*,-1,-1
2025-03-10T19:10:13.169-04:00,IdeState,Active,Project,*,-1,-1
2025-03-10T19:10:14.170-04:00,IdeState,Active,Project,*,-1,-1
2025-03-10T19:10:15.177-04:00,IdeState,Active,Project,*,-1,-1
2025-03-10T19:10:16.178-04:00,IdeState,Active,Project,*,-1,-1
2025-03-10T19:10:17.181-04:00,IdeState,Active,Project,*,-1,-1
2025-03-10T19:10:18.183-04:00,IdeState,Active,Project,*,-1,-1
2025-03-10T19:10:19.186-04:00,IdeState,Active,Project,*,-1,-1
2025-03-10T19:10:20.189-04:00,IdeState,Active,Project,*,-1,-1
2025-03-10T19:10:21.193-04:00,IdeState,Active,Project,*,-1,-1
2025-03-10T19:10:22.196-04:00,IdeState,Active,Project,*,-1,-1
2025-03-10T19:10:23.198-04:00,IdeState,Active,Project,*,-1,-1
2025-03-10T19:10:24.201-04:00,IdeState,Active,Project,*,-1,-1
2025-03-10T19:10:25.204-04:00,IdeState,Active,Project,*,-1,-1
2025-03-10T19:10:26.207-04:00,IdeState,Active,Project,*,-1,-1
2025-03-10T19:10:27.208-04:00,IdeState,Active,Project,*,-1,-1
2025-03-10T19:10:28.210-04:00,IdeState,Active,Project,*,-1,-1
2025-03-10T19:10:29.213-04:00,IdeState,Active,Project,*,-1,-1
2025-03-10T19:10:30.215-04:00,IdeState,Active,Project,*,-1,-1
2025-03-10T19:10:31.293-04:00,IdeState,Active,Project,*,-1,-1
2025-03-10T19:10:32.316-04:00,IdeState,Active,Project,*,-1,-1
2025-03-10T19:10:33.318-04:00,IdeState,Active,Project,*,-1,-1
2025-03-10T19:10:34.323-04:00,IdeState,Active,Project,*,-1,-1
2025-03-10T19:10:35.324-04:00,IdeState,Active,Project,*,-1,-1
2025-03-10T19:10:36.325-04:00,IdeState,Active,Project,*,-1,-1
2025-03-10T19:10:37.328-04:00,IdeState,Active,Project,*,-1,-1
2025-03-10T19:10:38.329-04:00,IdeState,Active,tasktracker,*,-1,-1
2025-03-10T19:10:39.361-04:00,IdeState,Active,tasktracker,*,-1,-1
2025-03-10T19:10:40.364-04:00,IdeState,Active,tasktracker,*,-1,-1
2025-03-10T19:10:41.365-04:00,IdeState,Active,tasktracker,*,-1,-1
2025-03-10T19:10:42.390-04:00,IdeState,Active,tasktracker,*,-1,-1
2025-03-10T19:10:43.391-04:00,IdeState,Active,tasktracker,*,-1,-1
2025-03-10T19:10:44.393-04:00,IdeState,Active,tasktracker,*,-1,-1
2025-03-10T19:10:45.395-04:00,IdeState,Active,tasktracker,*,-1,-1
2025-03-10T19:10:46.396-04:00,IdeState,Active,tasktracker,*,-1,-1
2025-03-10T19:10:47.398-04:00,IdeState,Active,tasktracker,*,-1,-1
2025-03-10T19:10:48.400-04:00,IdeState,Active,tasktracker,*,-1,-1
2025-03-10T19:10:49.401-04:00,IdeState,Active,tasktracker,*,-1,-1
2025-03-10T19:10:50.402-04:00,IdeState,Active,tasktracker,*,-1,-1
2025-03-10T19:10:51.403-04:00,IdeState,Active,tasktracker,*,-1,-1
2025-03-10T19:10:52.405-04:00,IdeState,Active,tasktracker,*,-1,-1
2025-03-10T19:10:53.407-04:00,IdeState,Active,tasktracker,*,-1,-1
2025-03-10T19:10:54.415-04:00,IdeState,Active,tasktracker,*,-1,-1
2025-03-10T19:10:55.418-04:00,IdeState,Active,tasktracker,*,-1,-1
2025-03-10T19:10:56.419-04:00,IdeState,Active,tasktracker,*,-1,-1
2025-03-10T19:10:57.421-04:00,IdeState,Active,tasktracker,*,-1,-1
2025-03-10T19:10:58.424-04:00,IdeState,Active,tasktracker,*,-1,-1
2025-03-10T19:10:59.427-04:00,IdeState,Active,tasktracker,*,-1,-1
2025-03-10T19:11:00.430-04:00,IdeState,Active,tasktracker,*,-1,-1
2025-03-10T19:11:01.432-04:00,IdeState,Active,tasktracker,*,-1,-1
2025-03-10T19:11:02.435-04:00,IdeState,Active,tasktracker,*,-1,-1
2025-03-10T19:11:03.437-04:00,IdeState,Active,tasktracker,*,-1,-1
2025-03-10T19:11:04.440-04:00,IdeState,Active,tasktracker,*,-1,-1
2025-03-10T19:11:05.443-04:00,IdeState,Active,tasktracker,*,-1,-1
2025-03-10T19:11:06.446-04:00,IdeState,Active,tasktracker,*,-1,-1
2025-03-10T19:11:07.447-04:00,IdeState,Inactive,,*,-1,-1
2025-03-10T19:11:08.449-04:00,IdeState,Inactive,,*,-1,-1
2025-03-10T19:11:09.453-04:00,IdeState,Inactive,,*,-1,-1
2025-03-10T19:11:10.455-04:00,IdeState,Inactive,,*,-1,-1
2025-03-10T19:11:11.457-04:00,IdeState,Inactive,,*,-1,-1
2025-03-10T19:11:12.478-04:00,IdeState,Inactive,,*,-1,-1
2025-03-10T19:11:13.570-04:00,IdeState,Inactive,,*,-1,-1
2025-03-10T19:11:14.600-04:00,IdeState,Inactive,,*,-1,-1
2025-03-10T19:11:15.612-04:00,IdeState,Inactive,,*,-1,-1
2025-03-10T19:11:16.615-04:00,IdeState,Inactive,,*,-1,-1
2025-03-10T19:11:17.630-04:00,IdeState,Inactive,,*,-1,-1
2025-03-10T19:11:18.633-04:00,IdeState,Inactive,,*,-1,-1
2025-03-10T19:11:19.644-04:00,IdeState,Inactive,,*,-1,-1
2025-03-10T19:11:20.660-04:00,IdeState,Inactive,,*,-1,-1
2025-03-10T19:11:21.818-04:00,IdeState,Inactive,,*,-1,-1
2025-03-10T19:11:22.825-04:00,IdeState,Inactive,,*,-1,-1
2025-03-10T19:11:23.837-04:00,IdeState,Inactive,,*,-1,-1
2025-03-10T19:11:24.852-04:00,IdeState,Inactive,,*,-1,-1
2025-03-10T19:11:25.870-04:00,IdeState,Inactive,,*,-1,-1
2025-03-10T19:11:26.879-04:00,IdeState,Inactive,,*,-1,-1
2025-03-10T19:11:27.892-04:00,IdeState,Inactive,,*,-1,-1
2025-03-10T19:11:28.894-04:00,IdeState,Inactive,,*,-1,-1
2025-03-10T19:11:29.912-04:00,IdeState,Inactive,,*,-1,-1
2025-03-10T19:11:30.923-04:00,IdeState,Inactive,,*,-1,-1
2025-03-10T19:11:31.959-04:00,IdeState,Inactive,,*,-1,-1
2025-03-10T19:11:32.973-04:00,IdeState,Inactive,,*,-1,-1
2025-03-10T19:11:33.984-04:00,IdeState,Inactive,,*,-1,-1
2025-03-10T19:11:34.998-04:00,IdeState,Inactive,,*,-1,-1
2025-03-10T19:11:36.012-04:00,IdeState,Inactive,,*,-1,-1
2025-03-10T19:11:37.039-04:00,IdeState,Inactive,,*,-1,-1
2025-03-10T19:11:38.104-04:00,IdeState,Inactive,,*,-1,-1
2025-03-10T19:11:39.117-04:00,IdeState,Inactive,,*,-1,-1
2025-03-10T19:11:40.136-04:00,IdeState,Inactive,,*,-1,-1
2025-03-10T19:11:41.153-04:00,IdeState,Inactive,,*,-1,-1
2025-03-10T19:11:42.169-04:00,IdeState,Inactive,,*,-1,-1
2025-03-10T19:11:43.172-04:00,IdeState,Inactive,,*,-1,-1
2025-03-10T19:11:44.187-04:00,IdeState,Inactive,,*,-1,-1
2025-03-10T19:11:45.231-04:00,IdeState,Inactive,,*,-1,-1
2025-03-10T19:11:46.246-04:00,IdeState,Inactive,,*,-1,-1
2025-03-10T19:11:47.286-04:00,IdeState,Inactive,,*,-1,-1
2025-03-10T19:11:48.303-04:00,IdeState,Inactive,,*,-1,-1
2025-03-10T19:11:49.312-04:00,IdeState,Inactive,,*,-1,-1
2025-03-10T19:11:50.315-04:00,IdeState,Inactive,,*,-1,-1
2025-03-10T19:11:51.331-04:00,IdeState,Inactive,,*,-1,-1
2025-03-10T19:11:52.346-04:00,IdeState,Inactive,,*,-1,-1
2025-03-10T19:11:53.370-04:00,IdeState,Inactive,,*,-1,-1
2025-03-10T19:11:54.381-04:00,IdeState,Inactive,,*,-1,-1
2025-03-10T19:11:55.394-04:00,IdeState,Inactive,,*,-1,-1
2025-03-10T19:11:56.403-04:00,IdeState,Inactive,,*,-1,-1
2025-03-10T19:11:57.420-04:00,IdeState,Inactive,,*,-1,-1
2025-03-10T19:11:58.428-04:00,IdeState,Inactive,,*,-1,-1
2025-03-10T19:11:59.437-04:00,IdeState,Inactive,,*,-1,-1
2025-03-10T19:12:00.458-04:00,IdeState,Inactive,,*,-1,-1
2025-03-10T19:12:01.471-04:00,IdeState,Inactive,,*,-1,-1
2025-03-10T19:12:02.485-04:00,IdeState,Inactive,,*,-1,-1
2025-03-10T19:12:03.487-04:00,IdeState,Inactive,,*,-1,-1
2025-03-10T19:12:04.504-04:00,IdeState,Inactive,,*,-1,-1
2025-03-10T19:12:05.513-04:00,IdeState,Inactive,,*,-1,-1
2025-03-10T19:12:06.535-04:00,IdeState,Inactive,,*,-1,-1
2025-03-10T19:12:07.552-04:00,IdeState,Inactive,,*,-1,-1
2025-03-10T19:12:08.557-04:00,IdeState,Inactive,,*,-1,-1
2025-03-10T19:12:09.635-04:00,IdeState,Inactive,,*,-1,-1
2025-03-10T19:12:10.648-04:00,IdeState,Inactive,,*,-1,-1
2025-03-10T19:12:11.699-04:00,IdeState,Inactive,,*,-1,-1
2025-03-10T19:12:12.718-04:00,IdeState,Inactive,,*,-1,-1
2025-03-10T19:12:13.719-04:00,IdeState,Inactive,,*,-1,-1
2025-03-10T19:12:14.733-04:00,IdeState,Inactive,,*,-1,-1
2025-03-10T19:12:15.745-04:00,IdeState,Inactive,,*,-1,-1
2025-03-10T19:12:16.761-04:00,IdeState,Inactive,,*,-1,-1
2025-03-10T19:12:17.764-04:00,IdeState,Inactive,,*,-1,-1
2025-03-10T19:12:18.778-04:00,IdeState,Inactive,,*,-1,-1
2025-03-10T19:12:19.793-04:00,IdeState,Inactive,,*,-1,-1
2025-03-10T19:12:20.807-04:00,IdeState,Inactive,,*,-1,-1
2025-03-10T19:12:21.825-04:00,IdeState,Inactive,,*,-1,-1
2025-03-10T19:12:22.838-04:00,IdeState,Inactive,,*,-1,-1
2025-03-10T19:12:23.854-04:00,IdeState,Inactive,,*,-1,-1
2025-03-10T19:12:24.869-04:00,IdeState,Inactive,,*,-1,-1
2025-03-10T19:12:25.884-04:00,IdeState,Inactive,,*,-1,-1
2025-03-10T19:12:26.897-04:00,IdeState,Inactive,,*,-1,-1
2025-03-10T19:12:27.899-04:00,IdeState,Inactive,,*,-1,-1
2025-03-10T19:12:28.909-04:00,IdeState,Inactive,,*,-1,-1
2025-03-10T19:12:29.925-04:00,IdeState,Inactive,,*,-1,-1
2025-03-10T19:12:30.943-04:00,IdeState,Inactive,,*,-1,-1
2025-03-10T19:12:31.959-04:00,IdeState,Inactive,,*,-1,-1
2025-03-10T19:12:32.974-04:00,IdeState,Inactive,,*,-1,-1
2025-03-10T19:12:33.976-04:00,IdeState,Inactive,,*,-1,-1
2025-03-10T19:12:34.980-04:00,IdeState,Inactive,,*,-1,-1
2025-03-10T19:12:35.982-04:00,IdeState,Inactive,,*,-1,-1
2025-03-10T19:12:36.987-04:00,IdeState,Inactive,,*,-1,-1
2025-03-10T19:12:37.991-04:00,IdeState,Inactive,,*,-1,-1
2025-03-10T19:12:39.006-04:00,IdeState,Inactive,,*,-1,-1
2025-03-10T19:12:40.031-04:00,IdeState,Inactive,,*,-1,-1
2025-03-10T19:12:41.033-04:00,IdeState,Inactive,,*,-1,-1
2025-03-10T19:12:42.039-04:00,IdeState,Inactive,,*,-1,-1
2025-03-10T19:12:43.172-04:00,IdeState,Inactive,,*,-1,-1
2025-03-10T19:12:44.192-04:00,IdeState,Inactive,,*,-1,-1
2025-03-10T19:12:45.198-04:00,IdeState,Inactive,,*,-1,-1
2025-03-10T19:12:46.230-04:00,IdeState,Inactive,,*,-1,-1
2025-03-10T19:12:47.257-04:00,IdeState,Inactive,,*,-1,-1
2025-03-10T19:12:48.261-04:00,IdeState,Inactive,,*,-1,-1
2025-03-10T19:12:49.278-04:00,IdeState,Inactive,,*,-1,-1
2025-03-10T19:12:50.291-04:00,IdeState,Inactive,,*,-1,-1
2025-03-10T19:12:51.305-04:00,IdeState,Inactive,,*,-1,-1
2025-03-10T19:12:52.308-04:00,IdeState,Inactive,,*,-1,-1
2025-03-10T19:12:53.344-04:00,IdeState,Inactive,,*,-1,-1
2025-03-10T19:12:54.357-04:00,IdeState,Inactive,,*,-1,-1
2025-03-10T19:12:55.370-04:00,IdeState,Inactive,,*,-1,-1
2025-03-10T19:12:56.385-04:00,IdeState,Inactive,,*,-1,-1
2025-03-10T19:12:57.404-04:00,IdeState,Inactive,,*,-1,-1
2025-03-10T19:12:58.419-04:00,IdeState,Inactive,,*,-1,-1
2025-03-10T19:12:59.422-04:00,IdeState,Inactive,,*,-1,-1
2025-03-10T19:13:00.428-04:00,IdeState,Inactive,,*,-1,-1
2025-03-10T19:13:01.431-04:00,IdeState,Inactive,,*,-1,-1
2025-03-10T19:13:02.454-04:00,IdeState,Inactive,,*,-1,-1
2025-03-10T19:13:03.519-04:00,IdeState,Inactive,,*,-1,-1
2025-03-10T19:13:04.539-04:00,IdeState,Inactive,,*,-1,-1
2025-03-10T19:13:05.554-04:00,IdeState,Inactive,,*,-1,-1
2025-03-10T19:13:06.565-04:00,IdeState,Inactive,,*,-1,-1
2025-03-10T19:13:07.579-04:00,IdeState,Inactive,,*,-1,-1
2025-03-10T19:13:08.587-04:00,IdeState,Inactive,,*,-1,-1
2025-03-10T19:13:09.591-04:00,IdeState,Inactive,,*,-1,-1
2025-03-10T19:13:10.593-04:00,IdeState,Inactive,,*,-1,-1
2025-03-10T19:13:11.606-04:00,IdeState,Inactive,,*,-1,-1
2025-03-10T19:13:12.659-04:00,IdeState,Inactive,,*,-1,-1
2025-03-10T19:13:13.678-04:00,IdeState,Inactive,,*,-1,-1
2025-03-10T19:13:14.779-04:00,IdeState,Inactive,,*,-1,-1
2025-03-10T19:13:15.809-04:00,IdeState,Inactive,,*,-1,-1
2025-03-10T19:13:16.824-04:00,IdeState,Inactive,,*,-1,-1
2025-03-10T19:13:17.827-04:00,IdeState,Inactive,,*,-1,-1
2025-03-10T19:13:18.836-04:00,IdeState,Inactive,,*,-1,-1
2025-03-10T19:13:19.852-04:00,IdeState,Inactive,,*,-1,-1
2025-03-10T19:13:20.972-04:00,IdeState,Inactive,,*,-1,-1
2025-03-10T19:13:21.985-04:00,IdeState,Inactive,,*,-1,-1
2025-03-10T19:13:23.003-04:00,IdeState,Inactive,,*,-1,-1
2025-03-10T19:13:24.040-04:00,IdeState,Inactive,,*,-1,-1
2025-03-10T19:13:25.047-04:00,IdeState,Inactive,,*,-1,-1
2025-03-10T19:13:26.052-04:00,IdeState,Inactive,,*,-1,-1
2025-03-10T19:13:27.065-04:00,IdeState,Inactive,,*,-1,-1
2025-03-10T19:13:28.070-04:00,IdeState,Inactive,,*,-1,-1
2025-03-10T19:13:29.081-04:00,IdeState,Inactive,,*,-1,-1
2025-03-10T19:13:30.096-04:00,IdeState,Inactive,,*,-1,-1
2025-03-10T19:13:31.108-04:00,IdeState,Inactive,,*,-1,-1
2025-03-10T19:13:32.125-04:00,IdeState,Inactive,,*,-1,-1
2025-03-10T19:13:33.138-04:00,IdeState,Inactive,,*,-1,-1
2025-03-10T19:13:34.146-04:00,IdeState,Inactive,,*,-1,-1
2025-03-10T19:13:35.151-04:00,IdeState,Inactive,,*,-1,-1
2025-03-10T19:13:36.171-04:00,IdeState,Inactive,,*,-1,-1
2025-03-10T19:13:37.180-04:00,IdeState,Inactive,,*,-1,-1
2025-03-10T19:13:38.194-04:00,IdeState,Inactive,,*,-1,-1
2025-03-10T19:13:39.213-04:00,IdeState,Inactive,,*,-1,-1
2025-03-10T19:13:40.230-04:00,IdeState,Inactive,,*,-1,-1
2025-03-10T19:13:41.314-04:00,IdeState,Inactive,,*,-1,-1
2025-03-10T19:13:42.346-04:00,IdeState,Inactive,,*,-1,-1
2025-03-10T19:13:43.359-04:00,IdeState,Inactive,,*,-1,-1
2025-03-10T19:13:44.373-04:00,IdeState,Inactive,,*,-1,-1
2025-03-10T19:13:45.388-04:00,IdeState,Inactive,,*,-1,-1
2025-03-10T19:13:46.390-04:00,IdeState,Inactive,,*,-1,-1
2025-03-10T19:13:47.403-04:00,IdeState,Inactive,,*,-1,-1
2025-03-10T19:13:48.413-04:00,IdeState,Inactive,,*,-1,-1
2025-03-10T19:13:49.460-04:00,IdeState,Inactive,,*,-1,-1
2025-03-10T19:13:50.468-04:00,IdeState,Inactive,,*,-1,-1
2025-03-10T19:13:51.572-04:00,IdeState,Inactive,,*,-1,-1
2025-03-10T19:13:52.581-04:00,IdeState,Inactive,,*,-1,-1
2025-03-10T19:13:53.591-04:00,IdeState,Inactive,,*,-1,-1
2025-03-10T19:13:54.608-04:00,IdeState,Inactive,,*,-1,-1
2025-03-10T19:13:55.620-04:00,IdeState,Inactive,,*,-1,-1
2025-03-10T19:13:56.635-04:00,IdeState,Inactive,,*,-1,-1
2025-03-10T19:13:57.647-04:00,IdeState,Inactive,,*,-1,-1
2025-03-10T19:13:58.662-04:00,IdeState,Active,tasktracker,*,-1,-1
2025-03-10T19:13:59.677-04:00,IdeState,Active,tasktracker,*,-1,-1
2025-03-10T19:14:00.682-04:00,IdeState,Active,tasktracker,*,-1,-1
2025-03-10T19:14:01.718-04:00,IdeState,Active,Project,*,-1,-1
2025-03-10T19:14:02.739-04:00,IdeState,Active,Project,*,-1,-1
2025-03-10T19:14:03.740-04:00,IdeState,Active,tasktracker,*,-1,-1
2025-03-10T19:14:17.087-04:00,IdeState,Active,Popup,*,-1,-1
2025-03-10T19:14:18.618-04:00,IdeState,Active,Popup,*,-1,-1
2025-03-10T19:14:19.746-04:00,IdeState,Active,Popup,*,-1,-1
2025-03-10T19:14:20.905-04:00,IdeState,Active,Project,*,-1,-1
2025-03-10T19:14:21.909-04:00,IdeState,Active,Project,*,-1,-1
2025-03-10T19:14:22.911-04:00,IdeState,Active,Project,*,-1,-1
2025-03-10T19:14:23.912-04:00,IdeState,Active,Project,*,-1,-1
2025-03-10T19:14:24.953-04:00,IdeState,Active,Project,*,-1,-1
2025-03-10T19:14:25.962-04:00,IdeState,Active,tasktracker,*,-1,-1
2025-03-10T19:14:26.967-04:00,IdeState,Active,tasktracker,*,-1,-1
2025-03-10T19:14:27.969-04:00,IdeState,Active,tasktracker,*,-1,-1
2025-03-10T19:14:28.970-04:00,IdeState,Active,tasktracker,*,-1,-1
2025-03-10T19:14:29.971-04:00,IdeState,Active,tasktracker,*,-1,-1
2025-03-10T19:14:30.973-04:00,IdeState,Active,tasktracker,*,-1,-1
2025-03-10T19:14:31.975-04:00,IdeState,Active,tasktracker,*,-1,-1
2025-03-10T19:14:32.977-04:00,IdeState,Active,tasktracker,*,-1,-1
2025-03-10T19:14:33.979-04:00,IdeState,Active,tasktracker,*,-1,-1
2025-03-10T19:14:34.981-04:00,IdeState,Active,tasktracker,*,-1,-1
2025-03-10T19:14:35.984-04:00,IdeState,Active,tasktracker,*,-1,-1
2025-03-10T19:14:36.985-04:00,IdeState,Active,tasktracker,*,-1,-1
2025-03-10T19:14:37.988-04:00,IdeState,Active,tasktracker,*,-1,-1
2025-03-10T19:14:38.990-04:00,IdeState,Active,tasktracker,*,-1,-1
2025-03-10T19:14:39.992-04:00,IdeState,Active,tasktracker,*,-1,-1
2025-03-10T19:14:40.994-04:00,IdeState,Active,tasktracker,*,-1,-1
2025-03-10T19:14:41.995-04:00,IdeState,Active,tasktracker,*,-1,-1
2025-03-10T19:14:42.997-04:00,IdeState,Active,tasktracker,*,-1,-1
2025-03-10T19:14:43.999-04:00,IdeState,Active,tasktracker,*,-1,-1
2025-03-10T19:14:45.001-04:00,IdeState,Active,Project,*,-1,-1
2025-03-10T19:14:46.004-04:00,IdeState,Active,Project,*,-1,-1
2025-03-10T19:14:47.005-04:00,IdeState,Active,Project,*,-1,-1
2025-03-10T19:14:48.007-04:00,IdeState,Active,Project,*,-1,-1
2025-03-10T19:14:49.008-04:00,IdeState,Active,Project,*,-1,-1
2025-03-10T19:14:50.011-04:00,IdeState,Active,Project,*,-1,-1
2025-03-10T19:14:51.014-04:00,IdeState,Inactive,,*,-1,-1
2025-03-10T19:14:52.016-04:00,IdeState,Inactive,,*,-1,-1
2025-03-10T19:14:53.018-04:00,IdeState,Inactive,,*,-1,-1
2025-03-10T19:14:54.020-04:00,IdeState,Inactive,,*,-1,-1
2025-03-10T19:14:55.022-04:00,IdeState,Inactive,,*,-1,-1
2025-03-10T19:14:56.053-04:00,IdeState,Inactive,,*,-1,-1
2025-03-10T19:14:57.063-04:00,IdeState,Inactive,,*,-1,-1
2025-03-10T19:14:58.076-04:00,IdeState,Inactive,,*,-1,-1
2025-03-10T19:14:59.262-04:00,IdeState,Inactive,,*,-1,-1
2025-03-10T19:15:00.274-04:00,IdeState,Inactive,,*,-1,-1
2025-03-10T19:15:01.293-04:00,IdeState,Inactive,,*,-1,-1
2025-03-10T19:15:02.295-04:00,IdeState,Inactive,,*,-1,-1
2025-03-10T19:15:03.336-04:00,IdeState,Inactive,,*,-1,-1
2025-03-10T19:15:04.346-04:00,IdeState,Inactive,,*,-1,-1
2025-03-10T19:15:05.354-04:00,IdeState,Inactive,,*,-1,-1
2025-03-10T19:15:06.362-04:00,IdeState,Inactive,,*,-1,-1
2025-03-10T19:15:07.374-04:00,IdeState,Inactive,,*,-1,-1
2025-03-10T19:15:08.386-04:00,IdeState,Inactive,,*,-1,-1
2025-03-10T19:15:09.395-04:00,IdeState,Inactive,,*,-1,-1
2025-03-10T19:15:10.452-04:00,IdeState,Inactive,,*,-1,-1
2025-03-10T19:15:11.489-04:00,IdeState,Inactive,,*,-1,-1
2025-03-10T19:15:12.740-04:00,IdeState,Inactive,,*,-1,-1
2025-03-10T19:15:14.008-04:00,IdeState,Inactive,,*,-1,-1
2025-03-10T19:15:15.146-04:00,IdeState,Inactive,,*,-1,-1
2025-03-10T19:15:16.158-04:00,IdeState,Inactive,,*,-1,-1
2025-03-10T19:15:17.161-04:00,IdeState,Inactive,,*,-1,-1
2025-03-10T19:15:18.177-04:00,IdeState,Inactive,,*,-1,-1
2025-03-10T19:15:19.192-04:00,IdeState,Inactive,,*,-1,-1
2025-03-10T19:15:20.202-04:00,IdeState,Inactive,,*,-1,-1
2025-03-10T19:15:21.204-04:00,IdeState,Inactive,,*,-1,-1
2025-03-10T19:15:22.213-04:00,IdeState,Inactive,,*,-1,-1
2025-03-10T19:15:23.223-04:00,IdeState,Inactive,,*,-1,-1
2025-03-10T19:15:24.245-04:00,IdeState,Inactive,,*,-1,-1
2025-03-10T19:15:25.381-04:00,IdeState,Inactive,,*,-1,-1
2025-03-10T19:15:26.408-04:00,IdeState,Inactive,,*,-1,-1
2025-03-10T19:15:27.431-04:00,IdeState,Inactive,,*,-1,-1
2025-03-10T19:15:28.437-04:00,IdeState,Inactive,,*,-1,-1
2025-03-10T19:15:29.440-04:00,IdeState,Inactive,,*,-1,-1
2025-03-10T19:15:30.453-04:00,IdeState,Inactive,,*,-1,-1
2025-03-10T19:15:31.461-04:00,IdeState,Inactive,,*,-1,-1
2025-03-10T19:15:32.468-04:00,IdeState,Inactive,,*,-1,-1
2025-03-10T19:15:33.481-04:00,IdeState,Inactive,,*,-1,-1
2025-03-10T19:15:34.496-04:00,IdeState,Inactive,,*,-1,-1
2025-03-10T19:15:35.511-04:00,IdeState,Inactive,,*,-1,-1
2025-03-10T19:15:36.526-04:00,IdeState,Inactive,,*,-1,-1
2025-03-10T19:15:37.538-04:00,IdeState,Inactive,,*,-1,-1
2025-03-10T19:15:38.554-04:00,IdeState,Inactive,,*,-1,-1
2025-03-10T19:15:39.567-04:00,IdeState,Inactive,,*,-1,-1
2025-03-10T19:15:40.583-04:00,IdeState,Inactive,,*,-1,-1
2025-03-10T19:15:41.598-04:00,IdeState,Inactive,,*,-1,-1
2025-03-10T19:15:42.609-04:00,IdeState,Inactive,,*,-1,-1
2025-03-10T19:15:43.615-04:00,IdeState,Inactive,,*,-1,-1
2025-03-10T19:15:44.625-04:00,IdeState,Inactive,,*,-1,-1
2025-03-10T19:15:45.649-04:00,IdeState,Inactive,,*,-1,-1
2025-03-10T19:15:46.652-04:00,IdeState,Inactive,,*,-1,-1
2025-03-10T19:15:47.655-04:00,IdeState,Inactive,,*,-1,-1
2025-03-10T19:15:48.669-04:00,IdeState,Inactive,,*,-1,-1
2025-03-10T19:15:49.681-04:00,IdeState,Inactive,,*,-1,-1
2025-03-10T19:15:50.686-04:00,IdeState,Inactive,,*,-1,-1
2025-03-10T19:15:51.723-04:00,IdeState,Inactive,,*,-1,-1
2025-03-10T19:15:52.737-04:00,IdeState,Inactive,,*,-1,-1
2025-03-10T19:15:53.750-04:00,IdeState,Inactive,,*,-1,-1
2025-03-10T19:15:54.756-04:00,IdeState,Inactive,,*,-1,-1
2025-03-10T19:15:55.766-04:00,IdeState,Inactive,,*,-1,-1
2025-03-10T19:15:56.781-04:00,IdeState,Inactive,,*,-1,-1
2025-03-10T19:15:57.789-04:00,IdeState,Inactive,,*,-1,-1
2025-03-10T19:15:58.792-04:00,IdeState,Inactive,,*,-1,-1
2025-03-10T19:15:59.805-04:00,IdeState,Inactive,,*,-1,-1
2025-03-10T19:16:00.876-04:00,IdeState,Inactive,,*,-1,-1
2025-03-10T19:16:01.923-04:00,IdeState,Inactive,,*,-1,-1
2025-03-10T19:16:02.942-04:00,IdeState,Inactive,,*,-1,-1
2025-03-10T19:16:03.949-04:00,IdeState,Inactive,,*,-1,-1
2025-03-10T19:16:04.963-04:00,IdeState,Inactive,,*,-1,-1
2025-03-10T19:16:05.975-04:00,IdeState,Inactive,,*,-1,-1
2025-03-10T19:16:06.989-04:00,IdeState,Inactive,,*,-1,-1
2025-03-10T19:16:08.189-04:00,IdeState,Inactive,,*,-1,-1
2025-03-10T19:16:09.203-04:00,IdeState,Inactive,,*,-1,-1
2025-03-10T19:16:10.207-04:00,IdeState,Inactive,,*,-1,-1
2025-03-10T19:16:11.278-04:00,IdeState,Inactive,,*,-1,-1
2025-03-10T19:16:12.291-04:00,IdeState,Inactive,,*,-1,-1
2025-03-10T19:16:13.299-04:00,IdeState,Inactive,,*,-1,-1
2025-03-10T19:16:14.300-04:00,IdeState,Inactive,,*,-1,-1
2025-03-10T19:16:15.310-04:00,IdeState,Inactive,,*,-1,-1
2025-03-10T19:16:16.329-04:00,IdeState,Inactive,,*,-1,-1
2025-03-10T19:16:17.429-04:00,IdeState,Inactive,,*,-1,-1
2025-03-10T19:16:18.446-04:00,IdeState,Inactive,,*,-1,-1
2025-03-10T19:16:20.213-04:00,IdeState,Inactive,,*,-1,-1
2025-03-10T19:16:21.224-04:00,IdeState,Inactive,,*,-1,-1
2025-03-10T19:16:22.240-04:00,IdeState,Inactive,,*,-1,-1
2025-03-10T19:16:23.249-04:00,IdeState,Inactive,,*,-1,-1
2025-03-10T19:16:24.259-04:00,IdeState,Inactive,,*,-1,-1
2025-03-10T19:16:25.274-04:00,IdeState,Active,Project,*,-1,-1
2025-03-10T19:16:26.278-04:00,IdeState,Active,Dialog,*,-1,-1
2025-03-10T19:16:39.024-04:00,IdeState,Inactive,,*,-1,-1
2025-03-10T19:16:40.081-04:00,IdeState,Active,Popup,*,-1,-1
2025-03-10T19:16:41.413-04:00,IdeState,Active,Popup,*,-1,-1
2025-03-10T19:16:42.731-04:00,IdeState,Active,Project,*,-1,-1
2025-03-10T19:16:43.733-04:00,IdeState,Active,Project,*,-1,-1
2025-03-10T19:16:44.736-04:00,IdeState,Active,Project,*,-1,-1
2025-03-10T19:16:45.739-04:00,IdeState,Active,Project,*,-1,-1
2025-03-10T19:16:46.890-04:00,IdeState,Active,Project,*,-1,-1
2025-03-10T19:16:48.004-04:00,IdeState,Active,Project,*,-1,-1
2025-03-10T19:16:49.006-04:00,IdeState,Active,Project,*,-1,-1
2025-03-10T19:16:50.021-04:00,IdeState,Active,tasktracker,*,-1,-1
2025-03-10T19:16:51.023-04:00,IdeState,Active,tasktracker,*,-1,-1
2025-03-10T19:16:52.025-04:00,IdeState,Active,tasktracker,*,-1,-1
2025-03-10T19:16:53.028-04:00,IdeState,Active,tasktracker,*,-1,-1
2025-03-10T19:16:54.030-04:00,IdeState,Active,tasktracker,*,-1,-1
2025-03-10T19:16:55.031-04:00,IdeState,Active,tasktracker,*,-1,-1
2025-03-10T19:16:56.034-04:00,IdeState,Active,tasktracker,*,-1,-1
2025-03-10T19:16:57.041-04:00,IdeState,Active,tasktracker,*,-1,-1
2025-03-10T19:16:58.043-04:00,IdeState,Active,tasktracker,*,-1,-1
2025-03-10T19:16:59.045-04:00,IdeState,Active,tasktracker,*,-1,-1
2025-03-10T19:17:00.049-04:00,IdeState,Active,tasktracker,*,-1,-1
2025-03-10T19:17:01.050-04:00,IdeState,Active,tasktracker,*,-1,-1
2025-03-10T19:17:02.051-04:00,IdeState,Active,tasktracker,*,-1,-1
2025-03-10T19:17:03.054-04:00,IdeState,Active,tasktracker,*,-1,-1
2025-03-10T19:17:04.058-04:00,IdeState,Active,tasktracker,*,-1,-1
2025-03-10T19:17:05.060-04:00,IdeState,Active,tasktracker,*,-1,-1
2025-03-10T19:17:06.062-04:00,IdeState,Active,tasktracker,*,-1,-1
2025-03-10T19:17:07.064-04:00,IdeState,Active,tasktracker,*,-1,-1
2025-03-10T19:17:08.067-04:00,IdeState,Active,tasktracker,*,-1,-1
2025-03-10T19:17:09.069-04:00,IdeState,Active,tasktracker,*,-1,-1
2025-03-10T19:17:10.070-04:00,IdeState,Active,tasktracker,*,-1,-1
2025-03-10T19:17:11.072-04:00,IdeState,Active,tasktracker,*,-1,-1
2025-03-10T19:17:12.074-04:00,IdeState,Active,tasktracker,*,-1,-1
2025-03-10T19:17:13.075-04:00,IdeState,Active,tasktracker,*,-1,-1
2025-03-10T19:17:14.077-04:00,IdeState,Active,tasktracker,*,-1,-1
2025-03-10T19:17:15.079-04:00,IdeState,Active,tasktracker,*,-1,-1
2025-03-10T19:17:16.081-04:00,IdeState,Active,tasktracker,*,-1,-1
2025-03-10T19:17:17.084-04:00,IdeState,Inactive,,*,-1,-1
2025-03-10T19:17:18.087-04:00,IdeState,Inactive,,*,-1,-1
2025-03-10T19:17:19.089-04:00,IdeState,Inactive,,*,-1,-1
2025-03-10T19:17:20.098-04:00,IdeState,Inactive,,*,-1,-1
2025-03-10T19:17:21.100-04:00,IdeState,Inactive,,*,-1,-1
2025-03-10T19:17:22.149-04:00,IdeState,Inactive,,*,-1,-1
2025-03-10T19:17:23.155-04:00,IdeState,Inactive,,*,-1,-1
2025-03-10T19:17:24.168-04:00,IdeState,Inactive,,*,-1,-1
2025-03-10T19:17:25.182-04:00,IdeState,Inactive,,*,-1,-1
2025-03-10T19:17:26.191-04:00,IdeState,Inactive,,*,-1,-1
2025-03-10T19:17:27.196-04:00,IdeState,Inactive,,*,-1,-1
2025-03-10T19:17:28.208-04:00,IdeState,Inactive,,*,-1,-1
2025-03-10T19:17:29.224-04:00,IdeState,Inactive,,*,-1,-1
2025-03-10T19:17:30.235-04:00,IdeState,Inactive,,*,-1,-1
2025-03-10T19:17:31.253-04:00,IdeState,Inactive,,*,-1,-1
2025-03-10T19:17:32.275-04:00,IdeState,Inactive,,*,-1,-1
2025-03-10T19:17:33.280-04:00,IdeState,Inactive,,*,-1,-1
2025-03-10T19:17:34.303-04:00,IdeState,Inactive,,*,-1,-1
2025-03-10T19:17:35.309-04:00,IdeState,Inactive,,*,-1,-1
2025-03-10T19:17:36.325-04:00,IdeState,Inactive,,*,-1,-1
2025-03-10T19:17:37.338-04:00,IdeState,Inactive,,*,-1,-1
2025-03-10T19:17:38.353-04:00,IdeState,Inactive,,*,-1,-1
2025-03-10T19:17:39.373-04:00,IdeState,Inactive,,*,-1,-1
2025-03-10T19:17:41.268-04:00,IdeState,Inactive,,*,-1,-1
2025-03-10T19:17:42.312-04:00,IdeState,Inactive,,*,-1,-1
2025-03-10T19:17:43.416-04:00,IdeState,Inactive,,*,-1,-1
2025-03-10T19:17:44.430-04:00,IdeState,Inactive,,*,-1,-1
2025-03-10T19:17:45.438-04:00,IdeState,Inactive,,*,-1,-1
2025-03-10T19:17:46.450-04:00,IdeState,Inactive,,*,-1,-1
2025-03-10T19:17:47.504-04:00,IdeState,Inactive,,*,-1,-1
2025-03-10T19:17:48.664-04:00,IdeState,Inactive,,*,-1,-1
2025-03-10T19:17:49.677-04:00,IdeState,Inactive,,*,-1,-1
2025-03-10T19:17:50.685-04:00,IdeState,Inactive,,*,-1,-1
2025-03-10T19:17:51.701-04:00,IdeState,Inactive,,*,-1,-1
2025-03-10T19:17:52.713-04:00,IdeState,Inactive,,*,-1,-1
2025-03-10T19:17:53.721-04:00,IdeState,Inactive,,*,-1,-1
2025-03-10T19:17:54.728-04:00,IdeState,Inactive,,*,-1,-1
2025-03-10T19:17:55.745-04:00,IdeState,Inactive,,*,-1,-1
2025-03-10T19:17:56.760-04:00,IdeState,Inactive,,*,-1,-1
2025-03-10T19:17:57.859-04:00,IdeState,Inactive,,*,-1,-1
2025-03-10T19:17:58.875-04:00,IdeState,Inactive,,*,-1,-1
2025-03-10T19:17:59.888-04:00,IdeState,Inactive,,*,-1,-1
2025-03-10T19:18:00.903-04:00,IdeState,Inactive,,*,-1,-1
2025-03-10T19:18:01.982-04:00,IdeState,Inactive,,*,-1,-1
2025-03-10T19:18:03.037-04:00,IdeState,Inactive,,*,-1,-1
2025-03-10T19:18:04.055-04:00,IdeState,Inactive,,*,-1,-1
2025-03-10T19:18:05.067-04:00,IdeState,Inactive,,*,-1,-1
2025-03-10T19:18:06.080-04:00,IdeState,Inactive,,*,-1,-1
2025-03-10T19:18:07.097-04:00,IdeState,Inactive,,*,-1,-1
2025-03-10T19:18:08.115-04:00,IdeState,Inactive,,*,-1,-1
2025-03-10T19:18:09.129-04:00,IdeState,Inactive,,*,-1,-1
2025-03-10T19:18:10.142-04:00,IdeState,Inactive,,*,-1,-1
2025-03-10T19:18:11.159-04:00,IdeState,Inactive,,*,-1,-1
2025-03-10T19:18:12.177-04:00,IdeState,Inactive,,*,-1,-1
2025-03-10T19:18:13.178-04:00,IdeState,Inactive,,*,-1,-1
2025-03-10T19:18:14.180-04:00,IdeState,Inactive,,*,-1,-1
2025-03-10T19:18:15.241-04:00,IdeState,Inactive,,*,-1,-1
2025-03-10T19:18:16.243-04:00,IdeState,Inactive,,*,-1,-1
2025-03-10T19:18:17.246-04:00,IdeState,Inactive,,*,-1,-1
2025-03-10T19:18:18.844-04:00,IdeState,Inactive,,*,-1,-1
2025-03-10T19:18:19.850-04:00,IdeState,Inactive,,*,-1,-1
2025-03-10T19:18:20.866-04:00,IdeState,Inactive,,*,-1,-1
2025-03-10T19:18:21.892-04:00,IdeState,Inactive,,*,-1,-1
2025-03-10T19:18:22.898-04:00,IdeState,Inactive,,*,-1,-1
2025-03-10T19:18:23.901-04:00,IdeState,Inactive,,*,-1,-1
2025-03-10T19:18:24.903-04:00,IdeState,Inactive,,*,-1,-1
2025-03-10T19:18:25.916-04:00,IdeState,Inactive,,*,-1,-1
2025-03-10T19:18:26.932-04:00,IdeState,Inactive,,*,-1,-1
2025-03-10T19:18:27.944-04:00,IdeState,Inactive,,*,-1,-1
2025-03-10T19:18:28.976-04:00,IdeState,Inactive,,*,-1,-1
2025-03-10T19:18:29.991-04:00,IdeState,Inactive,,*,-1,-1
2025-03-10T19:18:31.006-04:00,IdeState,Inactive,,*,-1,-1
2025-03-10T19:18:32.107-04:00,IdeState,Inactive,,*,-1,-1
2025-03-10T19:18:33.115-04:00,IdeState,Inactive,,*,-1,-1
2025-03-10T19:18:34.119-04:00,IdeState,Inactive,,*,-1,-1
2025-03-10T19:18:35.132-04:00,IdeState,Inactive,,*,-1,-1
2025-03-10T19:18:36.152-04:00,IdeState,Inactive,,*,-1,-1
2025-03-10T19:18:37.159-04:00,IdeState,Inactive,,*,-1,-1
2025-03-10T19:18:38.161-04:00,IdeState,Inactive,,*,-1,-1
2025-03-10T19:18:39.174-04:00,IdeState,Inactive,,*,-1,-1
2025-03-10T19:18:40.180-04:00,IdeState,Inactive,,*,-1,-1
2025-03-10T19:18:41.193-04:00,IdeState,Inactive,,*,-1,-1
2025-03-10T19:18:42.213-04:00,IdeState,Inactive,,*,-1,-1
2025-03-10T19:18:43.227-04:00,IdeState,Inactive,,*,-1,-1
2025-03-10T19:18:44.230-04:00,IdeState,Inactive,,*,-1,-1
2025-03-10T19:18:45.247-04:00,IdeState,Inactive,,*,-1,-1
2025-03-10T19:18:46.263-04:00,IdeState,Inactive,,*,-1,-1
2025-03-10T19:18:47.265-04:00,IdeState,Inactive,,*,-1,-1
2025-03-10T19:18:48.292-04:00,IdeState,Inactive,,*,-1,-1
2025-03-10T19:18:49.298-04:00,IdeState,Inactive,,*,-1,-1
2025-03-10T19:18:50.311-04:00,IdeState,Inactive,,*,-1,-1
2025-03-10T19:18:51.316-04:00,IdeState,Inactive,,*,-1,-1
2025-03-10T19:18:52.320-04:00,IdeState,Inactive,,*,-1,-1
2025-03-10T19:18:53.334-04:00,IdeState,Inactive,,*,-1,-1
2025-03-10T19:18:54.351-04:00,IdeState,Inactive,,*,-1,-1
2025-03-10T19:18:55.363-04:00,IdeState,Inactive,,*,-1,-1
2025-03-10T19:18:56.399-04:00,IdeState,Inactive,,*,-1,-1
2025-03-10T19:18:57.416-04:00,IdeState,Inactive,,*,-1,-1
2025-03-10T19:18:58.423-04:00,IdeState,Inactive,,*,-1,-1
2025-03-10T19:18:59.437-04:00,IdeState,Inactive,,*,-1,-1
2025-03-10T19:19:00.446-04:00,IdeState,Inactive,,*,-1,-1
2025-03-10T19:19:01.457-04:00,IdeState,Inactive,,*,-1,-1
2025-03-10T19:19:02.458-04:00,IdeState,Inactive,,*,-1,-1
2025-03-10T19:19:03.471-04:00,IdeState,Inactive,,*,-1,-1
2025-03-10T19:19:04.487-04:00,IdeState,Inactive,,*,-1,-1
2025-03-10T19:19:05.502-04:00,IdeState,Inactive,,*,-1,-1
2025-03-10T19:19:06.568-04:00,IdeState,Inactive,,*,-1,-1
2025-03-10T19:19:07.581-04:00,IdeState,Inactive,,*,-1,-1
2025-03-10T19:19:08.599-04:00,IdeState,Inactive,,*,-1,-1
2025-03-10T19:19:09.607-04:00,IdeState,Inactive,,*,-1,-1
2025-03-10T19:19:10.618-04:00,IdeState,Inactive,,*,-1,-1
2025-03-10T19:19:11.654-04:00,IdeState,Inactive,,*,-1,-1
2025-03-10T19:19:12.667-04:00,IdeState,Inactive,,*,-1,-1
2025-03-10T19:19:13.686-04:00,IdeState,Inactive,,*,-1,-1
2025-03-10T19:19:14.695-04:00,IdeState,Inactive,,*,-1,-1
2025-03-10T19:19:15.725-04:00,IdeState,Inactive,,*,-1,-1
2025-03-10T19:19:16.735-04:00,IdeState,Inactive,,*,-1,-1
2025-03-10T19:19:17.738-04:00,IdeState,Inactive,,*,-1,-1
2025-03-10T19:19:18.743-04:00,IdeState,Inactive,,*,-1,-1
2025-03-10T19:19:19.760-04:00,IdeState,Inactive,,*,-1,-1
2025-03-10T19:19:20.777-04:00,IdeState,Inactive,,*,-1,-1
2025-03-10T19:19:21.785-04:00,IdeState,Inactive,,*,-1,-1
2025-03-10T19:19:22.800-04:00,IdeState,Inactive,,*,-1,-1
2025-03-10T19:19:23.816-04:00,IdeState,Inactive,,*,-1,-1
2025-03-10T19:19:24.831-04:00,IdeState,Inactive,,*,-1,-1
2025-03-10T19:19:25.845-04:00,IdeState,Inactive,,*,-1,-1
2025-03-10T19:19:26.859-04:00,IdeState,Inactive,,*,-1,-1
2025-03-10T19:19:27.862-04:00,IdeState,Inactive,,*,-1,-1
2025-03-10T19:19:28.864-04:00,IdeState,Inactive,,*,-1,-1
2025-03-10T19:19:29.877-04:00,IdeState,Inactive,,*,-1,-1
2025-03-10T19:19:30.881-04:00,IdeState,Inactive,,*,-1,-1
2025-03-10T19:19:31.895-04:00,IdeState,Inactive,,*,-1,-1
2025-03-10T19:19:32.906-04:00,IdeState,Inactive,,*,-1,-1
2025-03-10T19:19:33.920-04:00,IdeState,Inactive,,*,-1,-1
2025-03-10T19:19:34.938-04:00,IdeState,Inactive,,*,-1,-1
2025-03-10T19:19:35.943-04:00,IdeState,Inactive,,*,-1,-1
2025-03-10T19:19:36.945-04:00,IdeState,Inactive,,*,-1,-1
2025-03-10T19:19:37.959-04:00,IdeState,Inactive,,*,-1,-1
2025-03-10T19:19:38.997-04:00,IdeState,Inactive,,*,-1,-1
2025-03-10T19:19:40.013-04:00,IdeState,Inactive,,*,-1,-1
2025-03-10T19:19:41.024-04:00,IdeState,Inactive,,*,-1,-1
2025-03-10T19:19:42.040-04:00,IdeState,Inactive,,*,-1,-1
2025-03-10T19:19:43.059-04:00,IdeState,Inactive,,*,-1,-1
2025-03-10T19:19:44.078-04:00,IdeState,Inactive,,*,-1,-1
2025-03-10T19:19:45.090-04:00,IdeState,Inactive,,*,-1,-1
2025-03-10T19:19:46.101-04:00,IdeState,Inactive,,*,-1,-1
2025-03-10T19:19:47.116-04:00,IdeState,Inactive,,*,-1,-1
2025-03-10T19:19:48.130-04:00,IdeState,Inactive,,*,-1,-1
2025-03-10T19:19:49.133-04:00,IdeState,Inactive,,*,-1,-1
2025-03-10T19:19:50.149-04:00,IdeState,Inactive,,*,-1,-1
2025-03-10T19:19:51.162-04:00,IdeState,Inactive,,*,-1,-1
2025-03-10T19:19:52.174-04:00,IdeState,Inactive,,*,-1,-1
2025-03-10T19:19:53.190-04:00,IdeState,Inactive,,*,-1,-1
2025-03-10T19:19:54.208-04:00,IdeState,Inactive,,*,-1,-1
2025-03-10T19:19:55.226-04:00,IdeState,Inactive,,*,-1,-1
2025-03-10T19:19:56.238-04:00,IdeState,Inactive,,*,-1,-1
2025-03-10T19:19:57.476-04:00,IdeState,Inactive,,*,-1,-1
2025-03-10T19:19:58.509-04:00,IdeState,Inactive,,*,-1,-1
2025-03-10T19:19:59.510-04:00,IdeState,Inactive,,*,-1,-1
2025-03-10T19:20:00.559-04:00,IdeState,Inactive,,*,-1,-1
2025-03-10T19:20:01.565-04:00,IdeState,Inactive,,*,-1,-1
2025-03-10T19:20:02.581-04:00,IdeState,Inactive,,*,-1,-1
2025-03-10T19:20:03.595-04:00,IdeState,Inactive,,*,-1,-1
2025-03-10T19:20:04.666-04:00,IdeState,Inactive,,*,-1,-1
2025-03-10T19:20:05.671-04:00,IdeState,Inactive,,*,-1,-1
2025-03-10T19:20:06.685-04:00,IdeState,Inactive,,*,-1,-1
2025-03-10T19:20:07.699-04:00,IdeState,Inactive,,*,-1,-1
2025-03-10T19:20:08.717-04:00,IdeState,Inactive,,*,-1,-1
2025-03-10T19:20:09.730-04:00,IdeState,Inactive,,*,-1,-1
2025-03-10T19:20:10.734-04:00,IdeState,Inactive,,*,-1,-1
2025-03-10T19:20:11.742-04:00,IdeState,Inactive,,*,-1,-1
2025-03-10T19:20:12.748-04:00,IdeState,Inactive,,*,-1,-1
2025-03-10T19:20:13.762-04:00,IdeState,Inactive,,*,-1,-1
2025-03-10T19:20:14.779-04:00,IdeState,Inactive,,*,-1,-1
2025-03-10T19:20:15.790-04:00,IdeState,Inactive,,*,-1,-1
2025-03-10T19:20:16.806-04:00,IdeState,Inactive,,*,-1,-1
2025-03-10T19:20:17.812-04:00,IdeState,Inactive,,*,-1,-1
2025-03-10T19:20:18.828-04:00,IdeState,Inactive,,*,-1,-1
2025-03-10T19:20:19.846-04:00,IdeState,Inactive,,*,-1,-1
2025-03-10T19:20:20.859-04:00,IdeState,Inactive,,*,-1,-1
2025-03-10T19:20:21.875-04:00,IdeState,Inactive,,*,-1,-1
2025-03-10T19:20:22.935-04:00,IdeState,Inactive,,*,-1,-1
2025-03-10T19:20:23.940-04:00,IdeState,Inactive,,*,-1,-1
2025-03-10T19:20:24.951-04:00,IdeState,Inactive,,*,-1,-1
2025-03-10T19:20:25.964-04:00,IdeState,Inactive,,*,-1,-1
2025-03-10T19:20:26.977-04:00,IdeState,Inactive,,*,-1,-1
2025-03-10T19:20:27.980-04:00,IdeState,Inactive,,*,-1,-1
2025-03-10T19:20:28.991-04:00,IdeState,Inactive,,*,-1,-1
2025-03-10T19:20:30.002-04:00,IdeState,Inactive,,*,-1,-1
2025-03-10T19:20:31.014-04:00,IdeState,Inactive,,*,-1,-1
2025-03-10T19:20:32.031-04:00,IdeState,Inactive,,*,-1,-1
2025-03-10T19:20:33.048-04:00,IdeState,Inactive,,*,-1,-1
2025-03-10T19:20:34.059-04:00,IdeState,Inactive,,*,-1,-1
2025-03-10T19:20:35.080-04:00,IdeState,Inactive,,*,-1,-1
2025-03-10T19:20:36.104-04:00,IdeState,Inactive,,*,-1,-1
2025-03-10T19:20:37.121-04:00,IdeState,Inactive,,*,-1,-1
2025-03-10T19:20:38.133-04:00,IdeState,Inactive,,*,-1,-1
2025-03-10T19:20:39.149-04:00,IdeState,Inactive,,*,-1,-1
2025-03-10T19:20:40.162-04:00,IdeState,Inactive,,*,-1,-1
2025-03-10T19:20:41.176-04:00,IdeState,Inactive,,*,-1,-1
2025-03-10T19:20:42.195-04:00,IdeState,Inactive,,*,-1,-1
2025-03-10T19:20:43.208-04:00,IdeState,Inactive,,*,-1,-1
2025-03-10T19:20:44.221-04:00,IdeState,Inactive,,*,-1,-1
2025-03-10T19:20:45.249-04:00,IdeState,Inactive,,*,-1,-1
2025-03-10T19:20:46.278-04:00,IdeState,Inactive,,*,-1,-1
2025-03-10T19:20:47.292-04:00,IdeState,Inactive,,*,-1,-1
2025-03-10T19:20:48.305-04:00,IdeState,Inactive,,*,-1,-1
2025-03-10T19:20:49.313-04:00,IdeState,Inactive,,*,-1,-1
2025-03-10T19:20:50.315-04:00,IdeState,Inactive,,*,-1,-1
2025-03-10T19:20:51.329-04:00,IdeState,Inactive,,*,-1,-1
2025-03-10T19:20:52.332-04:00,IdeState,Inactive,,*,-1,-1
2025-03-10T19:20:53.370-04:00,IdeState,Inactive,,*,-1,-1
2025-03-10T19:20:54.378-04:00,IdeState,Inactive,,*,-1,-1
2025-03-10T19:20:55.389-04:00,IdeState,Inactive,,*,-1,-1
2025-03-10T19:20:56.402-04:00,IdeState,Inactive,,*,-1,-1
2025-03-10T19:20:57.406-04:00,IdeState,Inactive,,*,-1,-1
2025-03-10T19:20:58.413-04:00,IdeState,Inactive,,*,-1,-1
2025-03-10T19:20:59.426-04:00,IdeState,Inactive,,*,-1,-1
2025-03-10T19:21:00.475-04:00,IdeState,Inactive,,*,-1,-1
2025-03-10T19:21:01.485-04:00,IdeState,Inactive,,*,-1,-1
2025-03-10T19:21:02.499-04:00,IdeState,Inactive,,*,-1,-1
2025-03-10T19:21:03.509-04:00,IdeState,Inactive,,*,-1,-1
2025-03-10T19:21:04.525-04:00,IdeState,Inactive,,*,-1,-1
2025-03-10T19:21:05.544-04:00,IdeState,Inactive,,*,-1,-1
2025-03-10T19:21:06.554-04:00,IdeState,Inactive,,*,-1,-1
2025-03-10T19:21:07.572-04:00,IdeState,Inactive,,*,-1,-1
2025-03-10T19:21:08.593-04:00,IdeState,Inactive,,*,-1,-1
2025-03-10T19:21:09.609-04:00,IdeState,Inactive,,*,-1,-1
2025-03-10T19:21:10.622-04:00,IdeState,Inactive,,*,-1,-1
2025-03-10T19:21:11.630-04:00,IdeState,Inactive,,*,-1,-1
2025-03-10T19:21:12.638-04:00,IdeState,Inactive,,*,-1,-1
2025-03-10T19:21:13.652-04:00,IdeState,Inactive,,*,-1,-1
2025-03-10T19:21:14.822-04:00,IdeState,Inactive,,*,-1,-1
2025-03-10T19:21:15.842-04:00,IdeState,Inactive,,*,-1,-1
2025-03-10T19:21:16.932-04:00,IdeState,Inactive,,*,-1,-1
2025-03-10T19:21:17.951-04:00,IdeState,Inactive,,*,-1,-1
2025-03-10T19:21:18.967-04:00,IdeState,Inactive,,*,-1,-1
2025-03-10T19:21:19.982-04:00,IdeState,Inactive,,*,-1,-1
2025-03-10T19:21:20.983-04:00,IdeState,Inactive,,*,-1,-1
2025-03-10T19:21:21.993-04:00,IdeState,Inactive,,*,-1,-1
2025-03-10T19:21:23.005-04:00,IdeState,Inactive,,*,-1,-1
2025-03-10T19:21:24.022-04:00,IdeState,Inactive,,*,-1,-1
2025-03-10T19:21:25.029-04:00,IdeState,Inactive,,*,-1,-1
2025-03-10T19:21:26.042-04:00,IdeState,Inactive,,*,-1,-1
2025-03-10T19:21:27.051-04:00,IdeState,Inactive,,*,-1,-1
2025-03-10T19:21:28.051-04:00,IdeState,Inactive,,*,-1,-1
2025-03-10T19:21:29.056-04:00,IdeState,Inactive,,*,-1,-1
2025-03-10T19:21:30.063-04:00,IdeState,Inactive,,*,-1,-1
2025-03-10T19:21:31.078-04:00,IdeState,Inactive,,*,-1,-1
2025-03-10T19:21:32.093-04:00,IdeState,Inactive,,*,-1,-1
2025-03-10T19:21:33.107-04:00,IdeState,Inactive,,*,-1,-1
2025-03-10T19:21:34.123-04:00,IdeState,Inactive,,*,-1,-1
2025-03-10T19:21:35.144-04:00,IdeState,Inactive,,*,-1,-1
2025-03-10T19:21:36.200-04:00,IdeState,Inactive,,*,-1,-1
2025-03-10T19:21:37.204-04:00,IdeState,Inactive,,*,-1,-1
2025-03-10T19:21:38.221-04:00,IdeState,Inactive,,*,-1,-1
2025-03-10T19:21:39.231-04:00,IdeState,Inactive,,*,-1,-1
2025-03-10T19:21:40.270-04:00,IdeState,Inactive,,*,-1,-1
2025-03-10T19:21:41.319-04:00,IdeState,Inactive,,*,-1,-1
2025-03-10T19:21:42.479-04:00,IdeState,Inactive,,*,-1,-1
2025-03-10T19:21:43.514-04:00,IdeState,Inactive,,*,-1,-1
2025-03-10T19:21:44.516-04:00,IdeState,Inactive,,*,-1,-1
2025-03-10T19:21:45.520-04:00,IdeState,Inactive,,*,-1,-1
2025-03-10T19:21:46.526-04:00,IdeState,Inactive,,*,-1,-1
2025-03-10T19:21:47.544-04:00,IdeState,Inactive,,*,-1,-1
2025-03-10T19:21:48.552-04:00,IdeState,Inactive,,*,-1,-1
2025-03-10T19:21:49.566-04:00,IdeState,Inactive,,*,-1,-1
2025-03-10T19:21:50.583-04:00,IdeState,Inactive,,*,-1,-1
2025-03-10T19:21:51.606-04:00,IdeState,Inactive,,*,-1,-1
2025-03-10T19:21:52.608-04:00,IdeState,Inactive,,*,-1,-1
2025-03-10T19:21:53.619-04:00,IdeState,Inactive,,*,-1,-1
2025-03-10T19:21:54.632-04:00,IdeState,Inactive,,*,-1,-1
2025-03-10T19:21:55.638-04:00,IdeState,Inactive,,*,-1,-1
2025-03-10T19:21:56.642-04:00,IdeState,Inactive,,*,-1,-1
2025-03-10T19:21:57.656-04:00,IdeState,Inactive,,*,-1,-1
2025-03-10T19:21:58.669-04:00,IdeState,Inactive,,*,-1,-1
2025-03-10T19:21:59.737-04:00,IdeState,Inactive,,*,-1,-1
2025-03-10T19:22:00.753-04:00,IdeState,Inactive,,*,-1,-1
2025-03-10T19:22:01.763-04:00,IdeState,Inactive,,*,-1,-1
2025-03-10T19:22:02.765-04:00,IdeState,Inactive,,*,-1,-1
2025-03-10T19:22:03.780-04:00,IdeState,Inactive,,*,-1,-1
2025-03-10T19:22:04.785-04:00,IdeState,Inactive,,*,-1,-1
2025-03-10T19:22:05.796-04:00,IdeState,Inactive,,*,-1,-1
2025-03-10T19:22:06.860-04:00,IdeState,Inactive,,*,-1,-1
2025-03-10T19:22:07.870-04:00,IdeState,Inactive,,*,-1,-1
2025-03-10T19:22:08.881-04:00,IdeState,Inactive,,*,-1,-1
2025-03-10T19:22:09.895-04:00,IdeState,Inactive,,*,-1,-1
2025-03-10T19:22:10.909-04:00,IdeState,Inactive,,*,-1,-1
2025-03-10T19:22:11.912-04:00,IdeState,Inactive,,*,-1,-1
2025-03-10T19:22:12.927-04:00,IdeState,Inactive,,*,-1,-1
2025-03-10T19:22:13.994-04:00,IdeState,Inactive,,*,-1,-1
2025-03-10T19:22:15.012-04:00,IdeState,Inactive,,*,-1,-1
2025-03-10T19:22:16.140-04:00,IdeState,Inactive,,*,-1,-1
2025-03-10T19:22:17.141-04:00,IdeState,Inactive,,*,-1,-1
2025-03-10T19:22:18.158-04:00,IdeState,Inactive,,*,-1,-1
2025-03-10T19:22:19.171-04:00,IdeState,Inactive,,*,-1,-1
2025-03-10T19:22:20.186-04:00,IdeState,Inactive,,*,-1,-1
2025-03-10T19:22:21.194-04:00,IdeState,Inactive,,*,-1,-1
2025-03-10T19:22:22.212-04:00,IdeState,Inactive,,*,-1,-1
2025-03-10T19:22:23.226-04:00,IdeState,Inactive,,*,-1,-1
2025-03-10T19:22:24.246-04:00,IdeState,Inactive,,*,-1,-1
2025-03-10T19:22:25.260-04:00,IdeState,Inactive,,*,-1,-1
2025-03-10T19:22:26.271-04:00,IdeState,Inactive,,*,-1,-1
2025-03-10T19:22:27.275-04:00,IdeState,Inactive,,*,-1,-1
2025-03-10T19:22:28.289-04:00,IdeState,Inactive,,*,-1,-1
2025-03-10T19:22:29.294-04:00,IdeState,Active,tasktracker,*,-1,-1
2025-03-10T19:22:30.299-04:00,IdeState,Active,tasktracker,*,-1,-1
2025-03-10T19:22:31.319-04:00,IdeState,Active,tasktracker,*,-1,-1
2025-03-10T19:22:32.321-04:00,IdeState,Active,Popup,*,-1,-1
2025-03-10T19:22:32.748-04:00,Action,OpenFile,Popup,*,-1,-1
2025-03-10T19:22:33.355-04:00,IdeState,Active,Popup,*,-1,-1
2025-03-10T19:22:34.359-04:00,IdeState,Active,Popup,*,-1,-1
2025-03-10T19:22:35.361-04:00,IdeState,Active,Popup,*,-1,-1
2025-03-10T19:22:36.363-04:00,IdeState,Active,Popup,*,-1,-1
2025-03-10T19:22:37.365-04:00,IdeState,Active,Popup,*,-1,-1
2025-03-10T19:22:38.368-04:00,IdeState,Active,Popup,*,-1,-1
2025-03-10T19:22:39.373-04:00,IdeState,Active,Popup,*,-1,-1
2025-03-10T19:22:40.375-04:00,IdeState,Active,Popup,*,-1,-1
2025-03-10T19:22:41.378-04:00,IdeState,Active,Popup,*,-1,-1
2025-03-10T19:22:42.379-04:00,IdeState,Active,Popup,*,-1,-1
2025-03-10T19:22:43.380-04:00,IdeState,Active,Popup,*,-1,-1
2025-03-10T19:22:44.382-04:00,IdeState,Active,Popup,*,-1,-1
2025-03-10T19:22:45.384-04:00,IdeState,Active,Popup,*,-1,-1
2025-03-10T19:22:46.386-04:00,IdeState,Active,Popup,*,-1,-1
2025-03-10T19:22:47.387-04:00,IdeState,Active,Popup,*,-1,-1
2025-03-10T19:22:48.388-04:00,IdeState,Active,Popup,*,-1,-1
2025-03-10T19:22:49.390-04:00,IdeState,Active,Popup,*,-1,-1
2025-03-10T19:22:50.393-04:00,IdeState,Active,Popup,*,-1,-1
2025-03-10T19:22:51.394-04:00,IdeState,Active,Popup,*,-1,-1
2025-03-10T19:22:52.397-04:00,IdeState,Active,Popup,*,-1,-1
2025-03-10T19:22:53.399-04:00,IdeState,Active,Popup,*,-1,-1
2025-03-10T19:22:54.400-04:00,IdeState,Active,Popup,*,-1,-1
2025-03-10T19:22:55.401-04:00,IdeState,Active,Popup,*,-1,-1
2025-03-10T19:22:56.403-04:00,IdeState,Active,Popup,*,-1,-1
2025-03-10T19:22:57.405-04:00,IdeState,Active,Popup,*,-1,-1
2025-03-10T19:22:58.407-04:00,IdeState,Active,Popup,*,-1,-1
2025-03-10T19:22:59.409-04:00,IdeState,Active,Popup,*,-1,-1
2025-03-10T19:23:00.414-04:00,IdeState,Active,Popup,*,-1,-1
2025-03-10T19:23:01.416-04:00,IdeState,Active,Popup,*,-1,-1
2025-03-10T19:23:02.418-04:00,IdeState,Active,Popup,*,-1,-1
2025-03-10T19:23:03.421-04:00,IdeState,Active,Popup,*,-1,-1
2025-03-10T19:23:04.422-04:00,IdeState,Active,Popup,*,-1,-1
2025-03-10T19:23:05.424-04:00,IdeState,Active,Popup,*,-1,-1
2025-03-10T19:23:06.427-04:00,IdeState,Active,Popup,*,-1,-1
2025-03-10T19:23:07.428-04:00,IdeState,Active,Popup,*,-1,-1
2025-03-10T19:23:08.429-04:00,IdeState,Active,Popup,*,-1,-1
2025-03-10T19:23:09.432-04:00,IdeState,Active,Popup,*,-1,-1
2025-03-10T19:23:10.433-04:00,IdeState,Active,Popup,*,-1,-1
2025-03-10T19:23:11.435-04:00,IdeState,Active,Popup,*,-1,-1
2025-03-10T19:23:12.436-04:00,IdeState,Active,Popup,*,-1,-1
2025-03-10T19:23:13.439-04:00,IdeState,Active,Popup,*,-1,-1
2025-03-10T19:23:14.441-04:00,IdeState,Active,Popup,*,-1,-1
2025-03-10T19:23:15.442-04:00,IdeState,Active,Popup,*,-1,-1
2025-03-10T19:23:16.444-04:00,IdeState,Active,Popup,*,-1,-1
2025-03-10T19:23:17.445-04:00,IdeState,Active,Popup,*,-1,-1
2025-03-10T19:23:18.447-04:00,IdeState,Active,Popup,*,-1,-1
2025-03-10T19:23:19.449-04:00,IdeState,Active,Popup,*,-1,-1
2025-03-10T19:23:20.451-04:00,IdeState,Active,Popup,*,-1,-1
2025-03-10T19:23:21.453-04:00,IdeState,Active,Popup,*,-1,-1
2025-03-10T19:23:22.453-04:00,IdeState,Active,Popup,*,-1,-1
2025-03-10T19:23:23.456-04:00,IdeState,Active,Popup,*,-1,-1
2025-03-10T19:23:24.458-04:00,IdeState,Active,Popup,*,-1,-1
2025-03-10T19:23:25.460-04:00,IdeState,Active,Popup,*,-1,-1
2025-03-10T19:23:26.462-04:00,IdeState,Active,Popup,*,-1,-1
2025-03-10T19:23:27.463-04:00,IdeState,Active,Popup,*,-1,-1
2025-03-10T19:23:28.464-04:00,IdeState,Active,Popup,*,-1,-1
2025-03-10T19:23:29.466-04:00,IdeState,Active,Popup,*,-1,-1
2025-03-10T19:23:30.470-04:00,IdeState,Active,Popup,*,-1,-1
2025-03-10T19:23:31.472-04:00,IdeState,Active,Popup,*,-1,-1
2025-03-10T19:23:32.476-04:00,IdeState,Active,Popup,*,-1,-1
2025-03-10T19:23:33.519-04:00,IdeState,Active,Dialog,*,-1,-1
2025-03-10T19:23:34.521-04:00,IdeState,Active,Dialog,*,-1,-1
2025-03-10T19:23:35.548-04:00,IdeState,NoProject,,*,-1,-1
2025-03-10T19:23:36.858-04:00,IdeState,Active,Popup,*,-1,-1
2025-03-10T19:23:38.863-04:00,IdeState,Active,Editor,*,0,0
2025-03-10T19:23:40.373-04:00,IdeState,Active,Editor,*,0,0
2025-03-10T19:23:41.377-04:00,IdeState,Active,Editor,*,0,0
2025-03-10T19:23:42.403-04:00,IdeState,Active,Editor,*,0,0
2025-03-10T19:23:43.406-04:00,IdeState,Active,Editor,*,0,0
2025-03-10T19:23:44.407-04:00,IdeState,Active,Editor,*,0,0
2025-03-10T19:23:45.486-04:00,IdeState,Active,Editor,*,0,0
2025-03-10T19:23:46.518-04:00,IdeState,Active,Editor,*,0,0
2025-03-10T19:23:47.568-04:00,IdeState,Active,Popup,*,0,0
2025-03-10T19:23:48.575-04:00,IdeState,Active,Popup,*,0,0
2025-03-10T19:23:49.218-04:00,Action,CloseProject,Editor,*,0,0
2025-03-10T19:23:49.667-04:00,IdeState,Inactive,,*,-1,-1
2025-03-10T19:23:50.669-04:00,IdeState,NoProject,,*,-1,-1
2025-03-10T19:23:51.671-04:00,IdeState,NoProject,,*,-1,-1
2025-03-10T19:51:20.573-04:00,IdeState,NoProject,,*,-1,-1
2025-03-10T19:51:21.682-04:00,IdeState,NoProject,,*,-1,-1
2025-03-10T19:51:22.687-04:00,IdeState,NoProject,,*,-1,-1
2025-03-10T19:51:23.695-04:00,IdeState,NoProject,,*,-1,-1
2025-03-10T19:51:24.416-04:00,Action,WelcomeScreen.OpenDirectoryProject,,*,-1,-1
2025-03-10T19:51:24.743-04:00,IdeState,NoProject,,*,-1,-1
2025-03-10T19:51:25.745-04:00,IdeState,NoProject,,*,-1,-1
2025-03-10T19:51:26.749-04:00,IdeState,NoProject,,*,-1,-1
2025-03-10T19:51:27.757-04:00,IdeState,NoProject,,*,-1,-1
2025-03-10T19:51:28.765-04:00,IdeState,NoProject,,*,-1,-1
2025-03-10T19:51:29.779-04:00,IdeState,NoProject,,*,-1,-1
2025-03-10T19:51:30.793-04:00,IdeState,NoProject,,*,-1,-1
2025-03-10T19:51:31.799-04:00,IdeState,NoProject,,*,-1,-1
2025-03-10T19:51:32.801-04:00,IdeState,NoProject,,*,-1,-1
2025-03-10T19:51:33.805-04:00,IdeState,NoProject,,*,-1,-1
2025-03-10T19:51:34.807-04:00,IdeState,NoProject,,*,-1,-1
2025-03-10T19:51:35.813-04:00,IdeState,NoProject,,*,-1,-1
2025-03-10T19:51:36.815-04:00,IdeState,NoProject,,*,-1,-1
2025-03-10T19:51:37.837-04:00,IdeState,NoProject,,*,-1,-1
2025-03-10T19:51:38.845-04:00,IdeState,NoProject,,*,-1,-1
2025-03-11T14:02:46.212-04:00,IdeState,NoProject,,*,-1,-1
2025-03-11T14:02:47.286-04:00,IdeState,NoProject,,*,-1,-1
2025-03-11T14:02:48.302-04:00,IdeState,NoProject,,*,-1,-1
2025-03-11T14:02:49.307-04:00,IdeState,NoProject,,*,-1,-1
2025-03-11T14:02:50.320-04:00,IdeState,NoProject,,*,-1,-1
2025-03-11T14:02:51.332-04:00,IdeState,NoProject,,*,-1,-1
2025-03-11T14:02:52.348-04:00,IdeState,Inactive,,*,-1,-1
2025-03-11T14:02:53.354-04:00,IdeState,Inactive,,*,-1,-1
2025-03-11T14:02:54.367-04:00,IdeState,Inactive,,*,-1,-1
2025-03-11T14:02:55.370-04:00,IdeState,Inactive,,*,-1,-1
2025-03-11T14:02:56.374-04:00,IdeState,Inactive,,*,-1,-1
2025-03-11T14:02:57.386-04:00,IdeState,Inactive,,*,-1,-1
2025-03-11T14:02:58.387-04:00,IdeState,Inactive,,*,-1,-1
2025-03-11T14:02:59.402-04:00,IdeState,Inactive,,*,-1,-1
2025-03-11T14:03:00.409-04:00,IdeState,Inactive,,*,-1,-1
2025-03-11T14:03:01.420-04:00,IdeState,Inactive,,*,-1,-1
2025-03-11T14:03:02.429-04:00,IdeState,Inactive,,*,-1,-1
2025-03-11T14:03:03.430-04:00,IdeState,Inactive,,*,-1,-1
2025-03-11T14:03:04.445-04:00,IdeState,Inactive,,*,-1,-1
2025-03-11T14:03:05.455-04:00,IdeState,Inactive,,*,-1,-1
2025-03-11T14:03:06.463-04:00,IdeState,Inactive,,*,-1,-1
2025-03-11T14:03:07.528-04:00,IdeState,Inactive,,*,-1,-1
2025-03-11T14:03:08.563-04:00,IdeState,Inactive,,*,-1,-1
2025-03-11T14:03:09.578-04:00,IdeState,Inactive,,*,-1,-1
2025-03-11T14:03:10.593-04:00,IdeState,Inactive,,*,-1,-1
2025-03-11T14:03:11.612-04:00,IdeState,Inactive,,*,-1,-1
2025-03-11T14:03:12.669-04:00,IdeState,Inactive,,*,-1,-1
2025-03-11T14:03:13.766-04:00,IdeState,Inactive,,*,-1,-1
2025-03-11T14:03:14.777-04:00,IdeState,Inactive,,*,-1,-1
2025-03-11T14:03:15.790-04:00,IdeState,NoProject,,*,-1,-1
2025-03-11T14:03:16.806-04:00,IdeState,NoProject,,*,-1,-1
2025-03-11T14:03:17.819-04:00,IdeState,NoProject,,*,-1,-1
2025-03-11T14:03:18.823-04:00,IdeState,NoProject,,*,-1,-1
2025-03-11T14:03:19.828-04:00,IdeState,NoProject,,*,-1,-1
2025-03-11T14:03:20.831-04:00,IdeState,NoProject,,*,-1,-1
2025-03-11T14:03:21.843-04:00,IdeState,NoProject,,*,-1,-1
2025-03-11T14:03:22.853-04:00,IdeState,NoProject,,*,-1,-1
2025-03-11T14:03:23.861-04:00,IdeState,NoProject,,*,-1,-1
2025-03-11T14:03:24.865-04:00,IdeState,NoProject,,*,-1,-1
2025-03-11T14:03:25.881-04:00,IdeState,NoProject,,*,-1,-1
2025-03-11T14:03:26.884-04:00,IdeState,NoProject,,*,-1,-1
2025-03-11T14:03:27.886-04:00,IdeState,NoProject,,*,-1,-1
2025-03-11T14:03:28.891-04:00,IdeState,NoProject,,*,-1,-1
2025-03-11T14:03:29.905-04:00,IdeState,NoProject,,*,-1,-1
2025-03-11T14:03:30.918-04:00,IdeState,NoProject,,*,-1,-1
2025-03-11T14:03:31.924-04:00,IdeState,NoProject,,*,-1,-1
2025-03-11T14:03:32.930-04:00,IdeState,NoProject,,*,-1,-1
2025-03-11T14:03:33.947-04:00,IdeState,NoProject,,*,-1,-1
2025-03-11T14:03:34.960-04:00,IdeState,NoProject,,*,-1,-1
2025-03-11T14:03:35.966-04:00,IdeState,NoProject,,*,-1,-1
2025-03-11T14:03:36.982-04:00,IdeState,NoProject,,*,-1,-1
2025-03-11T14:03:37.996-04:00,IdeState,NoProject,,*,-1,-1
2025-03-11T14:03:39.002-04:00,IdeState,NoProject,,*,-1,-1
2025-03-11T14:03:40.017-04:00,IdeState,NoProject,,*,-1,-1
2025-03-11T14:03:41.020-04:00,IdeState,NoProject,,*,-1,-1
2025-03-11T14:03:42.024-04:00,IdeState,NoProject,,*,-1,-1
2025-03-11T14:03:43.045-04:00,IdeState,Inactive,,*,-1,-1
2025-03-11T14:03:44.051-04:00,IdeState,Inactive,,*,-1,-1
2025-03-11T14:03:45.064-04:00,IdeState,Inactive,,*,-1,-1
2025-03-11T14:03:46.068-04:00,IdeState,Inactive,,*,-1,-1
2025-03-11T14:03:47.074-04:00,IdeState,NoProject,,*,-1,-1
2025-03-11T14:03:48.095-04:00,IdeState,NoProject,,*,-1,-1
2025-03-11T14:03:49.255-04:00,IdeState,Active,Popup,*,-1,-1
2025-03-11T14:03:50.644-04:00,IdeState,Active,Popup,*,-1,-1
2025-03-11T14:03:52.537-04:00,IdeState,Active,Popup,*,-1,-1
2025-03-11T14:03:54.300-04:00,IdeState,Active,Editor,*,0,0
2025-03-11T14:03:57.278-04:00,IdeState,Active,Editor,*,0,0
2025-03-11T14:03:58.496-04:00,IdeState,Active,Editor,*,0,0
2025-03-11T14:03:59.498-04:00,IdeState,Active,Editor,*,0,0
2025-03-11T14:04:00.512-04:00,IdeState,Active,Editor,*,0,0
2025-03-11T14:04:01.519-04:00,IdeState,Active,Editor,*,0,0
2025-03-11T14:04:02.523-04:00,IdeState,Active,Editor,*,0,0
2025-03-11T14:04:03.185-04:00,Action,RedesignedRunConfigurationSelector,Editor,*,0,0
2025-03-11T14:04:03.584-04:00,IdeState,Active,Popup,*,0,0
2025-03-11T14:04:04.210-04:00,Action,editRunConfigurations,,*,-1,-1
2025-03-11T14:04:04.600-04:00,IdeState,Active,Dialog,*,0,0
2025-03-11T14:04:05.602-04:00,IdeState,Active,Dialog,*,0,0
2025-03-11T14:04:06.603-04:00,IdeState,Active,Dialog,*,0,0
2025-03-11T14:04:07.617-04:00,IdeState,Active,Dialog,*,0,0
2025-03-11T14:04:08.622-04:00,IdeState,Active,Dialog,*,0,0
2025-03-11T14:04:09.633-04:00,IdeState,Active,Dialog,*,0,0
2025-03-11T14:04:10.639-04:00,IdeState,Active,Dialog,*,0,0
2025-03-11T14:04:11.646-04:00,IdeState,Active,Dialog,*,0,0
2025-03-11T14:04:12.660-04:00,IdeState,Active,Dialog,*,0,0
2025-03-11T14:04:13.673-04:00,IdeState,Active,Dialog,*,0,0
2025-03-11T14:04:14.688-04:00,IdeState,Active,Dialog,*,0,0
2025-03-11T14:04:15.690-04:00,IdeState,Active,Dialog,*,0,0
2025-03-11T14:04:16.703-04:00,IdeState,Active,Dialog,*,0,0
2025-03-11T14:04:17.704-04:00,IdeState,Active,Dialog,*,0,0
2025-03-11T14:04:18.712-04:00,IdeState,Active,Dialog,*,0,0
2025-03-11T14:04:19.815-04:00,IdeState,Active,Dialog,*,0,0
2025-03-11T14:04:20.831-04:00,IdeState,Active,Dialog,*,0,0
2025-03-11T14:04:21.840-04:00,IdeState,Active,Dialog,*,0,0
2025-03-11T14:04:22.855-04:00,IdeState,Active,Dialog,*,0,0
2025-03-11T14:04:23.859-04:00,IdeState,Active,Dialog,*,0,0
2025-03-11T14:04:24.862-04:00,IdeState,Inactive,,*,-1,-1
2025-03-11T14:04:25.873-04:00,IdeState,Inactive,,*,-1,-1
2025-03-11T14:04:26.877-04:00,IdeState,Inactive,,*,-1,-1
2025-03-11T14:04:27.891-04:00,IdeState,Inactive,,*,-1,-1
2025-03-11T14:04:28.901-04:00,IdeState,Inactive,,*,-1,-1
2025-03-11T14:04:29.907-04:00,IdeState,Inactive,,*,-1,-1
2025-03-11T14:04:30.919-04:00,IdeState,Inactive,,*,-1,-1
2025-03-11T14:04:31.932-04:00,IdeState,Inactive,,*,-1,-1
2025-03-11T14:04:32.946-04:00,IdeState,Inactive,,*,-1,-1
2025-03-11T14:04:33.956-04:00,IdeState,Inactive,,*,-1,-1
2025-03-11T14:04:34.958-04:00,IdeState,Active,Editor,*,0,0
2025-03-11T14:04:35.959-04:00,IdeState,Active,Editor,*,0,0
2025-03-11T14:04:36.970-04:00,IdeState,Active,Editor,*,0,0
2025-03-11T14:04:37.976-04:00,IdeState,Active,Editor,*,0,0
2025-03-11T14:04:38.990-04:00,IdeState,Active,Editor,*,0,0
2025-03-11T14:04:40.029-04:00,IdeState,Active,Editor,*,0,0
2025-03-11T14:04:41.038-04:00,IdeState,Active,Editor,*,0,0
2025-03-11T14:04:42.045-04:00,IdeState,Active,Editor,*,0,0
2025-03-11T14:04:43.054-04:00,IdeState,Active,Editor,*,0,0
2025-03-11T14:04:44.062-04:00,IdeState,Active,Editor,*,0,0
2025-03-11T14:04:45.065-04:00,IdeState,Active,Editor,*,0,0
2025-03-11T14:04:46.067-04:00,IdeState,Active,Editor,*,0,0
2025-03-11T14:04:47.082-04:00,IdeState,Active,Editor,*,0,0
2025-03-11T14:04:48.084-04:00,IdeState,Active,Editor,*,0,0
2025-03-11T14:04:49.097-04:00,IdeState,Active,Editor,*,0,0
2025-03-11T14:04:50.112-04:00,IdeState,Active,Editor,*,0,0
2025-03-11T14:04:51.115-04:00,IdeState,Active,Editor,*,0,0
2025-03-11T14:04:52.118-04:00,IdeState,Active,Editor,*,0,0
2025-03-11T14:04:53.130-04:00,IdeState,Active,Editor,*,0,0
2025-03-12T10:23:53.024-04:00,IdeState,Inactive,,*,-1,-1
2025-03-12T10:23:54.096-04:00,IdeState,Inactive,,*,-1,-1
2025-03-12T10:23:55.654-04:00,IdeState,NoProject,,*,-1,-1
2025-03-12T10:23:57.331-04:00,IdeState,Active,Popup,*,-1,-1
2025-03-12T10:23:59.657-04:00,IdeState,Active,Popup,*,-1,-1
2025-03-12T10:24:01.767-04:00,IdeState,Active,Editor,*,0,0
2025-03-12T10:24:06.188-04:00,IdeState,Active,Editor,*,0,0
2025-03-12T10:24:08.266-04:00,IdeState,Active,Popup,*,0,0
2025-03-12T10:24:09.292-04:00,IdeState,Active,Popup,*,0,0
2025-03-12T10:24:10.321-04:00,IdeState,Active,Popup,*,0,0
2025-03-12T10:24:10.490-04:00,Action,About,Editor,*,0,0
2025-03-12T10:24:11.324-04:00,IdeState,Active,Editor,*,0,0
2025-03-12T10:35:13.060-04:00,IdeState,Inactive,,*,-1,-1
2025-03-12T10:35:14.098-04:00,IdeState,Inactive,,*,-1,-1
2025-03-12T10:35:15.242-04:00,IdeState,Active,Popup,*,-1,-1
2025-03-12T10:35:16.892-04:00,IdeState,Active,Popup,*,-1,-1
2025-03-12T10:35:18.281-04:00,IdeState,Active,Popup,*,-1,-1
2025-03-12T10:35:19.974-04:00,IdeState,Active,Editor,*,0,0
2025-03-12T10:35:23.162-04:00,IdeState,Active,Editor,*,0,0
2025-03-12T10:35:26.212-04:00,IdeState,Active,Popup,*,0,0
2025-03-12T10:35:27.219-04:00,IdeState,Active,Popup,*,0,0
2025-03-12T10:35:28.226-04:00,IdeState,Active,Popup,*,0,0
2025-03-12T10:35:29.228-04:00,IdeState,Active,Popup,*,0,0
2025-03-12T10:35:29.722-04:00,Action,CloseProject,Editor,*,0,0
2025-03-12T10:35:30.305-04:00,IdeState,Active,Editor,*,0,0
2025-03-12T10:35:31.803-04:00,IdeState,NoProject,,*,-1,-1
2025-03-12T10:35:32.805-04:00,IdeState,NoProject,,*,-1,-1
2025-03-12T10:35:33.806-04:00,IdeState,NoProject,,*,-1,-1
2025-03-12T10:35:35.092-04:00,IdeState,NoProject,,*,-1,-1
2025-03-12T10:35:36.094-04:00,IdeState,NoProject,,*,-1,-1
2025-03-12T10:35:37.165-04:00,IdeState,NoProject,,*,-1,-1
2025-03-12T10:35:38.802-04:00,IdeState,Active,Project,*,-1,-1
2025-03-12T10:35:39.805-04:00,IdeState,Active,Project,*,-1,-1
2025-03-12T10:35:40.806-04:00,IdeState,Active,Project,*,-1,-1
2025-03-12T10:35:41.807-04:00,IdeState,Active,Project,*,-1,-1
2025-03-12T10:35:42.810-04:00,IdeState,Active,Project,*,-1,-1
2025-03-12T10:35:43.813-04:00,IdeState,Active,Project,*,-1,-1
2025-03-12T10:35:44.814-04:00,IdeState,Active,Project,*,-1,-1
2025-03-12T10:35:45.816-04:00,IdeState,Active,Project,*,-1,-1
2025-03-12T10:35:46.817-04:00,IdeState,Active,Project,*,-1,-1
2025-03-12T10:35:47.820-04:00,IdeState,Active,Project,*,-1,-1
2025-03-12T10:35:48.822-04:00,IdeState,Active,Project,*,-1,-1
2025-03-12T10:35:49.825-04:00,IdeState,Active,Project,*,-1,-1
2025-03-12T10:35:50.828-04:00,IdeState,Active,Project,*,-1,-1
2025-03-12T10:35:51.830-04:00,IdeState,Active,Project,*,-1,-1
2025-03-12T10:35:52.831-04:00,IdeState,Active,Project,*,-1,-1
2025-03-12T10:35:53.834-04:00,IdeState,Active,Project,*,-1,-1
2025-03-12T10:35:54.834-04:00,IdeState,Active,Project,*,-1,-1
2025-03-12T10:35:55.835-04:00,IdeState,Active,Project,*,-1,-1
2025-03-12T10:35:56.837-04:00,IdeState,Active,Project,*,-1,-1
2025-03-12T10:35:57.839-04:00,IdeState,Active,Project,*,-1,-1
2025-03-12T10:35:58.840-04:00,IdeState,Active,Project,*,-1,-1
2025-03-12T10:35:59.843-04:00,IdeState,Active,Project,*,-1,-1
2025-03-12T10:36:00.845-04:00,IdeState,Active,Project,*,-1,-1
2025-03-12T10:36:01.847-04:00,IdeState,Active,Project,*,-1,-1
2025-03-12T10:36:02.848-04:00,IdeState,Active,Project,*,-1,-1
2025-03-12T10:36:03.849-04:00,IdeState,Active,Project,*,-1,-1
2025-03-12T10:36:04.851-04:00,IdeState,Active,Project,*,-1,-1
2025-03-12T10:36:05.853-04:00,IdeState,Active,Project,*,-1,-1
2025-03-12T10:36:06.854-04:00,IdeState,Active,Project,*,-1,-1
2025-03-12T10:36:07.856-04:00,IdeState,Active,Project,*,-1,-1
2025-03-12T10:36:08.858-04:00,IdeState,Active,Project,*,-1,-1
2025-03-12T10:36:10.047-04:00,IdeState,Active,Project,*,-1,-1
2025-03-12T10:36:11.083-04:00,IdeState,Active,Project,*,-1,-1
2025-03-12T10:36:12.085-04:00,IdeState,Active,Project,*,-1,-1
2025-03-12T10:36:13.117-04:00,IdeState,Active,Project,*,-1,-1
2025-03-12T10:36:14.164-04:00,IdeState,Active,Project,*,-1,-1
2025-03-12T10:36:14.521-04:00,Action,SettingsEntryPoint,Project,*,-1,-1
2025-03-12T10:36:15.166-04:00,IdeState,Active,Project,*,-1,-1
2025-03-12T10:36:16.030-04:00,Action,WelcomeScreen.Plugins,,*,-1,-1
2025-03-12T10:36:17.896-04:00,IdeState,Active,Dialog,*,-1,-1
2025-03-12T10:36:18.898-04:00,IdeState,Active,Dialog,*,-1,-1
2025-03-12T10:36:19.899-04:00,IdeState,Active,Dialog,*,-1,-1
2025-03-12T10:36:20.901-04:00,IdeState,Active,Dialog,*,-1,-1
2025-03-12T10:36:21.902-04:00,IdeState,Inactive,,*,-1,-1
2025-03-12T10:36:22.904-04:00,IdeState,Active,Dialog,*,-1,-1
2025-03-12T10:36:23.906-04:00,IdeState,Active,Dialog,*,-1,-1
2025-03-12T10:36:24.907-04:00,IdeState,Active,Dialog,*,-1,-1
2025-03-12T10:36:25.908-04:00,IdeState,Active,Dialog,*,-1,-1
2025-03-12T10:36:26.911-04:00,IdeState,Active,Dialog,*,-1,-1
2025-03-12T10:36:27.920-04:00,IdeState,Active,Dialog,*,-1,-1
2025-03-12T10:36:28.923-04:00,IdeState,Inactive,,*,-1,-1
2025-03-12T10:36:29.925-04:00,IdeState,Active,Dialog,*,-1,-1
2025-03-12T10:36:30.926-04:00,IdeState,Active,Dialog,*,-1,-1
2025-03-12T10:36:31.929-04:00,IdeState,Active,Dialog,*,-1,-1
2025-03-12T10:37:44.033-04:00,IdeState,Inactive,,*,-1,-1
2025-03-12T10:37:45.283-04:00,IdeState,NoProject,,*,-1,-1
2025-03-12T10:37:46.308-04:00,IdeState,Active,Popup,*,-1,-1
2025-03-12T10:37:47.723-04:00,IdeState,Active,Popup,*,-1,-1
2025-03-12T10:37:48.819-04:00,IdeState,Active,Project,*,-1,-1
2025-03-12T10:37:49.829-04:00,IdeState,Active,Project,*,-1,-1
2025-03-12T10:37:50.845-04:00,IdeState,Active,Project,*,-1,-1
2025-03-12T10:37:51.856-04:00,IdeState,Active,Project,*,-1,-1
2025-03-12T10:37:52.857-04:00,IdeState,Active,tasktracker,*,-1,-1
2025-03-12T10:38:03.017-04:00,IdeState,Inactive,,*,-1,-1
2025-03-12T10:38:04.074-04:00,IdeState,Active,Popup,*,-1,-1
2025-03-12T10:38:06.003-04:00,IdeState,Active,Popup,*,-1,-1
2025-03-12T10:38:07.412-04:00,IdeState,Active,Project,*,-1,-1
2025-03-12T10:38:08.413-04:00,IdeState,Active,Project,*,-1,-1
2025-03-12T10:38:09.416-04:00,IdeState,Active,Project,*,-1,-1
2025-03-12T10:38:10.418-04:00,IdeState,Active,Project,*,-1,-1
2025-03-12T10:38:11.476-04:00,IdeState,Active,Project,*,-1,-1
2025-03-12T10:38:12.506-04:00,IdeState,Active,Project,*,-1,-1
2025-03-12T10:38:13.509-04:00,IdeState,Active,Project,*,-1,-1
2025-03-12T10:38:14.510-04:00,IdeState,Active,Project,*,-1,-1
2025-03-12T10:38:15.513-04:00,IdeState,Active,Project,*,-1,-1
2025-03-12T10:38:16.515-04:00,IdeState,Active,Project,*,-1,-1
2025-03-12T10:38:17.517-04:00,IdeState,Active,Project,*,-1,-1
2025-03-12T10:38:18.518-04:00,IdeState,Active,Project,*,-1,-1
2025-03-12T10:38:19.520-04:00,IdeState,Active,Project,*,-1,-1
2025-03-12T10:38:20.523-04:00,IdeState,Active,Project,*,-1,-1
2025-03-12T10:38:21.525-04:00,IdeState,Active,tasktracker,*,-1,-1
2025-03-12T10:38:22.527-04:00,IdeState,Active,tasktracker,*,-1,-1
2025-03-12T10:38:23.528-04:00,IdeState,Active,tasktracker,*,-1,-1
2025-03-12T10:38:24.530-04:00,IdeState,Active,tasktracker,*,-1,-1
2025-03-12T10:38:25.533-04:00,IdeState,Active,tasktracker,*,-1,-1
2025-03-12T10:38:26.535-04:00,IdeState,Active,tasktracker,*,-1,-1
2025-03-12T10:38:27.538-04:00,IdeState,Active,tasktracker,*,-1,-1
2025-03-12T10:38:28.540-04:00,IdeState,Active,tasktracker,*,-1,-1
2025-03-12T10:38:29.542-04:00,IdeState,Active,tasktracker,*,-1,-1
2025-03-12T10:38:31.190-04:00,IdeState,Active,Project,*,-1,-1
2025-03-12T10:38:32.197-04:00,IdeState,Active,Project,*,-1,-1
2025-03-12T10:38:33.198-04:00,IdeState,Active,Project,*,-1,-1
2025-03-12T10:38:34.201-04:00,IdeState,Active,tasktracker,*,-1,-1
2025-03-12T10:38:35.203-04:00,IdeState,Active,tasktracker,*,-1,-1
2025-03-12T10:38:36.204-04:00,IdeState,Active,tasktracker,*,-1,-1
2025-03-12T10:38:37.207-04:00,IdeState,Active,tasktracker,*,-1,-1
2025-03-12T10:38:38.209-04:00,IdeState,Active,tasktracker,*,-1,-1
2025-03-12T10:38:39.210-04:00,IdeState,Active,tasktracker,*,-1,-1
2025-03-12T10:38:40.212-04:00,IdeState,Active,tasktracker,*,-1,-1
2025-03-12T10:38:41.213-04:00,IdeState,Active,tasktracker,*,-1,-1
2025-03-12T10:38:42.216-04:00,IdeState,Active,tasktracker,*,-1,-1
2025-03-12T12:30:31.016-04:00,IdeState,Inactive,,*,-1,-1
2025-03-12T12:30:32.157-04:00,IdeState,Inactive,,*,-1,-1
2025-03-12T12:30:33.193-04:00,IdeState,Inactive,,*,-1,-1
2025-03-12T12:30:35.165-04:00,IdeState,NoProject,,*,-1,-1
2025-03-12T12:30:36.551-04:00,IdeState,Active,Popup,*,-1,-1
2025-03-12T12:30:37.632-04:00,IdeState,Active,Popup,*,-1,-1
2025-03-12T12:30:39.306-04:00,IdeState,Active,Popup,*,-1,-1
2025-03-12T12:30:40.366-04:00,IdeState,Active,Project,*,-1,-1
2025-03-12T12:30:41.377-04:00,IdeState,Active,Project,*,-1,-1
2025-03-12T12:30:42.388-04:00,IdeState,Active,Project,*,-1,-1
2025-03-12T12:30:43.390-04:00,IdeState,Active,Project,*,-1,-1
2025-03-12T12:30:44.393-04:00,IdeState,Active,Project,*,-1,-1
2025-03-12T12:30:45.426-04:00,IdeState,Active,Project,*,-1,-1
2025-03-12T12:30:46.428-04:00,IdeState,Active,Project,*,-1,-1
2025-03-12T12:30:47.431-04:00,IdeState,Active,Project,*,-1,-1
2025-03-12T12:30:48.673-04:00,IdeState,Active,Dialog,*,-1,-1
2025-03-12T12:30:49.675-04:00,IdeState,Active,Project,*,-1,-1
2025-03-12T12:30:55.519-04:00,IdeState,NoProject,,*,-1,-1
2025-03-12T12:30:57.180-04:00,IdeState,Active,Popup,*,-1,-1
2025-03-12T12:30:58.368-04:00,Action,SettingsEntryPoint,Popup,*,-1,-1
2025-03-12T12:30:58.527-04:00,IdeState,Active,Popup,*,-1,-1
2025-03-12T12:31:00.088-04:00,IdeState,Active,Project,*,-1,-1
2025-03-12T12:31:01.104-04:00,IdeState,Active,Project,*,-1,-1
2025-03-12T12:31:02.106-04:00,IdeState,Active,Project,*,-1,-1
2025-03-12T12:31:03.108-04:00,IdeState,Active,Project,*,-1,-1
2025-03-12T12:31:04.345-04:00,IdeState,Active,tasktracker,*,-1,-1
2025-03-12T12:31:05.347-04:00,IdeState,Active,tasktracker,*,-1,-1
2025-03-12T12:31:06.350-04:00,IdeState,Active,tasktracker,*,-1,-1
2025-03-12T12:31:07.353-04:00,IdeState,Inactive,,*,-1,-1
2025-03-12T12:31:08.357-04:00,IdeState,Inactive,,*,-1,-1
2025-03-12T12:31:09.359-04:00,IdeState,Inactive,,*,-1,-1
2025-03-12T12:31:10.362-04:00,IdeState,Inactive,,*,-1,-1
2025-03-12T12:31:11.363-04:00,IdeState,Inactive,,*,-1,-1
2025-03-12T12:31:12.374-04:00,IdeState,Inactive,,*,-1,-1
2025-03-12T12:31:13.376-04:00,IdeState,Inactive,,*,-1,-1
2025-03-12T12:31:14.381-04:00,IdeState,Inactive,,*,-1,-1
2025-03-12T12:31:15.386-04:00,IdeState,Inactive,,*,-1,-1
2025-03-12T12:31:16.388-04:00,IdeState,Inactive,,*,-1,-1
2025-03-12T12:31:17.391-04:00,IdeState,Active,tasktracker,*,-1,-1
2025-03-12T12:31:18.393-04:00,IdeState,Inactive,,*,-1,-1
2025-03-12T12:31:19.394-04:00,IdeState,Inactive,,*,-1,-1
2025-03-12T12:31:20.397-04:00,IdeState,Inactive,,*,-1,-1
2025-03-12T12:31:21.399-04:00,IdeState,Inactive,,*,-1,-1
2025-03-12T12:31:22.403-04:00,IdeState,Inactive,,*,-1,-1
2025-03-12T12:31:23.405-04:00,IdeState,Inactive,,*,-1,-1
2025-03-12T12:31:24.406-04:00,IdeState,Inactive,,*,-1,-1
2025-03-12T12:31:43.099-04:00,IdeState,Inactive,,*,-1,-1
2025-03-12T12:31:44.178-04:00,IdeState,Active,Popup,*,-1,-1
2025-03-12T12:31:46.108-04:00,IdeState,Active,Popup,*,-1,-1
2025-03-12T12:31:47.596-04:00,IdeState,Active,Project,*,-1,-1
2025-03-12T12:31:48.598-04:00,IdeState,Active,Project,*,-1,-1
2025-03-12T12:31:49.646-04:00,IdeState,Active,Project,*,-1,-1
2025-03-12T12:31:50.649-04:00,IdeState,Active,tasktracker,*,-1,-1
2025-03-12T12:31:51.650-04:00,IdeState,Active,Project,*,-1,-1
2025-03-12T12:31:52.653-04:00,IdeState,Active,tasktracker,*,-1,-1
2025-03-12T12:32:32.267-04:00,IdeState,NoProject,,*,-1,-1
2025-03-12T12:32:33.816-04:00,IdeState,Active,Popup,*,-1,-1
2025-03-12T12:32:35.111-04:00,IdeState,Active,Project,*,-1,-1
2025-03-12T12:32:36.112-04:00,IdeState,Active,Project,*,-1,-1
2025-03-12T12:32:37.115-04:00,IdeState,Active,Project,*,-1,-1
2025-03-12T12:32:38.384-04:00,IdeState,Active,Project,*,-1,-1
2025-03-12T12:32:39.387-04:00,IdeState,Active,tasktracker,*,-1,-1
2025-03-12T12:32:40.387-04:00,IdeState,Active,tasktracker,*,-1,-1
2025-03-12T12:32:41.390-04:00,IdeState,Active,tasktracker,*,-1,-1
2025-03-12T12:32:42.393-04:00,IdeState,Active,tasktracker,*,-1,-1
2025-03-12T12:32:43.394-04:00,IdeState,Active,tasktracker,*,-1,-1
2025-03-12T12:32:44.398-04:00,IdeState,Active,tasktracker,*,-1,-1
2025-03-12T12:32:45.403-04:00,IdeState,Active,tasktracker,*,-1,-1
2025-03-12T12:32:46.405-04:00,IdeState,Active,tasktracker,*,-1,-1
2025-03-12T12:32:47.406-04:00,IdeState,Active,tasktracker,*,-1,-1
2025-03-12T12:32:48.410-04:00,IdeState,Active,tasktracker,*,-1,-1
2025-03-12T12:32:49.413-04:00,IdeState,Active,tasktracker,*,-1,-1
2025-03-12T12:32:50.415-04:00,IdeState,Active,tasktracker,*,-1,-1
2025-03-12T12:32:51.417-04:00,IdeState,Active,tasktracker,*,-1,-1
2025-03-12T12:32:52.418-04:00,IdeState,Active,tasktracker,*,-1,-1
2025-03-12T12:32:53.421-04:00,IdeState,Active,tasktracker,*,-1,-1
2025-03-12T12:32:54.423-04:00,IdeState,Active,Project,*,-1,-1
2025-03-12T12:32:55.427-04:00,IdeState,Active,Project,*,-1,-1
2025-03-12T12:32:56.429-04:00,IdeState,Active,Project,*,-1,-1
2025-03-12T12:32:57.430-04:00,IdeState,Active,Project,*,-1,-1
2025-03-12T12:32:58.432-04:00,IdeState,Active,Project,*,-1,-1
2025-03-12T12:32:59.434-04:00,IdeState,Active,Project,*,-1,-1
2025-03-12T12:33:00.439-04:00,IdeState,Active,Dialog,*,-1,-1
2025-03-12T12:35:31.013-04:00,IdeState,Inactive,,*,-1,-1
2025-03-12T12:35:32.071-04:00,IdeState,Active,Popup,*,-1,-1
2025-03-12T12:35:33.349-04:00,IdeState,Active,Popup,*,-1,-1
2025-03-12T12:35:34.358-04:00,IdeState,Active,Project,*,-1,-1
2025-03-12T12:35:35.363-04:00,IdeState,Active,Project,*,-1,-1
2025-03-12T12:35:36.365-04:00,IdeState,Active,Project,*,-1,-1
2025-03-12T12:35:37.366-04:00,IdeState,Inactive,,*,-1,-1
2025-03-12T12:35:38.373-04:00,IdeState,Inactive,,*,-1,-1
2025-03-12T12:35:39.479-04:00,IdeState,Inactive,,*,-1,-1
2025-03-12T12:35:40.672-04:00,IdeState,Active,Project,*,-1,-1
2025-03-13T08:03:37.021-04:00,IdeState,Inactive,,*,-1,-1
2025-03-13T08:03:38.079-04:00,IdeState,Inactive,,*,-1,-1
2025-03-13T08:03:39.568-04:00,IdeState,NoProject,,*,-1,-1
2025-03-13T08:03:40.629-04:00,IdeState,Inactive,,*,-1,-1
2025-03-13T08:03:41.783-04:00,IdeState,Inactive,,*,-1,-1
2025-03-13T08:03:42.827-04:00,IdeState,Inactive,,*,-1,-1
2025-03-13T08:03:43.844-04:00,IdeState,Inactive,,*,-1,-1
2025-03-13T08:03:45.750-04:00,IdeState,Inactive,,*,-1,-1
2025-03-13T08:03:46.925-04:00,IdeState,Inactive,,*,-1,-1
2025-03-13T08:03:47.944-04:00,IdeState,Inactive,,*,-1,-1
2025-03-13T08:03:48.981-04:00,IdeState,Inactive,,*,-1,-1
2025-03-13T08:03:49.983-04:00,IdeState,Inactive,,*,-1,-1
2025-03-13T08:03:50.990-04:00,IdeState,Inactive,,*,-1,-1
2025-03-13T08:03:51.997-04:00,IdeState,Inactive,,*,-1,-1
2025-03-13T08:03:53.125-04:00,IdeState,Inactive,,*,-1,-1
2025-03-13T08:03:54.204-04:00,IdeState,Inactive,,*,-1,-1
2025-03-13T08:03:55.219-04:00,IdeState,Inactive,,*,-1,-1
2025-03-13T08:03:56.225-04:00,IdeState,Inactive,,*,-1,-1
2025-03-13T08:03:57.234-04:00,IdeState,Inactive,,*,-1,-1
2025-03-13T08:03:58.247-04:00,IdeState,Inactive,,*,-1,-1
2025-03-13T08:03:59.257-04:00,IdeState,Inactive,,*,-1,-1
2025-03-13T08:04:00.270-04:00,IdeState,Inactive,,*,-1,-1
2025-03-13T08:04:01.285-04:00,IdeState,Inactive,,*,-1,-1
2025-03-13T08:04:02.297-04:00,IdeState,Inactive,,*,-1,-1
2025-03-13T08:04:03.305-04:00,IdeState,Inactive,,*,-1,-1
2025-03-13T08:04:04.319-04:00,IdeState,Inactive,,*,-1,-1
2025-03-13T08:04:05.327-04:00,IdeState,Inactive,,*,-1,-1
2025-03-13T08:04:06.337-04:00,IdeState,Inactive,,*,-1,-1
2025-03-13T16:53:17.212-04:00,IdeState,Inactive,,*,-1,-1
2025-03-13T16:53:18.301-04:00,IdeState,Inactive,,*,-1,-1
2025-03-13T16:53:20.412-04:00,IdeState,NoProject,,*,-1,-1
2025-03-13T16:53:21.429-04:00,IdeState,Active,Popup,*,-1,-1
2025-03-13T16:53:22.839-04:00,IdeState,Active,Popup,*,-1,-1
2025-03-13T16:53:24.489-04:00,IdeState,Active,Popup,*,-1,-1
2025-03-13T16:53:25.583-04:00,IdeState,Active,Project,*,-1,-1
2025-03-13T16:53:26.592-04:00,IdeState,Active,Project,*,-1,-1
2025-03-13T16:53:27.602-04:00,IdeState,Active,Project,*,-1,-1
2025-03-13T16:53:28.620-04:00,IdeState,Active,Project,*,-1,-1
2025-03-13T16:53:29.634-04:00,IdeState,Active,Project,*,-1,-1
2025-03-13T16:53:30.643-04:00,IdeState,Active,Project,*,-1,-1
2025-03-13T16:53:31.645-04:00,IdeState,Active,Project,*,-1,-1
2025-03-13T16:53:32.646-04:00,IdeState,Active,Project,*,-1,-1
2025-03-13T16:53:33.647-04:00,IdeState,Active,Project,*,-1,-1
2025-03-13T16:53:34.663-04:00,IdeState,Active,Project,*,-1,-1
2025-03-13T16:53:35.674-04:00,IdeState,Active,Project,*,-1,-1
2025-03-13T16:53:36.682-04:00,IdeState,Active,Project,*,-1,-1
2025-03-13T16:53:37.690-04:00,IdeState,Active,Project,*,-1,-1
2025-03-13T16:53:38.702-04:00,IdeState,Active,Project,*,-1,-1
2025-03-13T16:53:39.711-04:00,IdeState,Active,Project,*,-1,-1
2025-03-13T16:53:40.721-04:00,IdeState,Active,Project,*,-1,-1
2025-03-13T16:53:41.729-04:00,IdeState,Active,Project,*,-1,-1
2025-03-13T16:53:42.739-04:00,IdeState,Active,Project,*,-1,-1
2025-03-13T16:53:43.755-04:00,IdeState,Active,Project,*,-1,-1
2025-03-13T16:53:44.767-04:00,IdeState,Active,Project,*,-1,-1
2025-03-13T16:53:45.780-04:00,IdeState,Active,Project,*,-1,-1
2025-03-13T16:53:46.790-04:00,IdeState,Active,Project,*,-1,-1
2025-03-13T16:53:47.802-04:00,IdeState,Active,Project,*,-1,-1
2025-03-13T16:53:48.814-04:00,IdeState,Active,Project,*,-1,-1
2025-03-13T16:53:49.827-04:00,IdeState,Active,Project,*,-1,-1
2025-03-13T16:53:50.835-04:00,IdeState,Active,Project,*,-1,-1
2025-03-13T16:53:51.842-04:00,IdeState,Active,Project,*,-1,-1
2025-03-13T16:53:52.854-04:00,IdeState,Active,Project,*,-1,-1
2025-03-13T16:53:53.864-04:00,IdeState,Active,Project,*,-1,-1
2025-03-13T16:53:54.873-04:00,IdeState,Active,Project,*,-1,-1
2025-03-13T16:53:55.882-04:00,IdeState,Active,Project,*,-1,-1
2025-03-13T16:53:56.898-04:00,IdeState,Active,Project,*,-1,-1
2025-03-13T16:53:57.908-04:00,IdeState,Active,Project,*,-1,-1
2025-03-13T16:53:58.919-04:00,IdeState,Active,Project,*,-1,-1
2025-03-13T16:53:59.931-04:00,IdeState,Active,Project,*,-1,-1
2025-03-13T16:54:00.941-04:00,IdeState,Active,Project,*,-1,-1
2025-03-13T16:54:01.951-04:00,IdeState,Active,Project,*,-1,-1
2025-03-13T16:54:02.963-04:00,IdeState,Active,Project,*,-1,-1
2025-03-13T16:54:03.982-04:00,IdeState,Active,Project,*,-1,-1
2025-03-13T16:54:04.619-04:00,Action,SettingsEntryPoint,Project,*,-1,-1
2025-03-13T16:54:05.134-04:00,IdeState,Active,Project,*,-1,-1
2025-03-13T16:54:05.876-04:00,Action,WelcomeScreen.Plugins,,*,-1,-1
2025-03-13T16:54:08.124-04:00,IdeState,Active,Dialog,*,-1,-1
2025-03-13T16:54:09.146-04:00,IdeState,Active,Dialog,*,-1,-1
2025-03-13T16:54:10.162-04:00,IdeState,Active,Dialog,*,-1,-1
2025-03-13T16:54:11.166-04:00,IdeState,Active,Dialog,*,-1,-1
2025-03-13T16:54:12.171-04:00,IdeState,Inactive,,*,-1,-1
2025-03-13T16:54:13.323-04:00,IdeState,Active,Dialog,*,-1,-1
2025-03-13T16:54:14.338-04:00,IdeState,Active,Dialog,*,-1,-1
2025-03-13T16:54:15.348-04:00,IdeState,Active,Dialog,*,-1,-1
2025-03-13T16:54:16.356-04:00,IdeState,Active,Dialog,*,-1,-1
2025-03-13T16:56:02.732-04:00,IdeState,NoProject,,*,-1,-1
2025-03-13T16:56:04.706-04:00,IdeState,Active,Popup,*,-1,-1
2025-03-13T16:56:05.823-04:00,IdeState,Active,Project,*,-1,-1
2025-03-13T16:56:06.829-04:00,IdeState,Active,Project,*,-1,-1
2025-03-13T16:56:07.834-04:00,IdeState,Active,Project,*,-1,-1
2025-03-13T16:56:08.898-04:00,IdeState,Active,Project,*,-1,-1
2025-03-13T16:56:09.918-04:00,IdeState,Active,tasktracker,*,-1,-1
2025-03-13T16:56:10.920-04:00,IdeState,Active,tasktracker,*,-1,-1
2025-03-13T16:56:19.482-04:00,IdeState,NoProject,,*,-1,-1
2025-03-13T16:56:20.807-04:00,IdeState,Active,Popup,*,-1,-1
2025-03-13T16:56:21.975-04:00,IdeState,Active,Popup,*,-1,-1
2025-03-13T16:56:23.263-04:00,IdeState,Active,Project,*,-1,-1
2025-03-13T16:56:24.266-04:00,IdeState,Active,Project,*,-1,-1
2025-03-13T16:56:25.267-04:00,IdeState,Active,tasktracker,*,-1,-1
2025-03-13T16:56:26.391-04:00,IdeState,Active,tasktracker,*,-1,-1
2025-03-13T16:56:27.497-04:00,IdeState,Active,tasktracker,*,-1,-1
2025-03-13T16:56:28.499-04:00,IdeState,Active,tasktracker,*,-1,-1
2025-03-13T16:56:29.501-04:00,IdeState,Active,tasktracker,*,-1,-1
2025-03-13T16:56:30.521-04:00,IdeState,Active,Project,*,-1,-1
2025-03-13T16:56:31.522-04:00,IdeState,Active,tasktracker,*,-1,-1
2025-03-13T16:56:32.530-04:00,IdeState,Active,tasktracker,*,-1,-1
2025-03-13T16:56:33.531-04:00,IdeState,Active,tasktracker,*,-1,-1
2025-03-13T16:56:34.963-04:00,IdeState,Active,Project,*,-1,-1
2025-03-13T16:56:35.967-04:00,IdeState,Active,Editor,branch_coverage.py,0,0
2025-03-13T16:56:37.037-04:00,Action,EditorEnter,Editor,branch_coverage.py,2,22
2025-03-13T16:56:37.636-04:00,IdeState,Active,Editor,branch_coverage.py,3,0
2025-03-13T16:56:38.639-04:00,IdeState,Active,Editor,branch_coverage.py,3,5
2025-03-13T16:56:39.643-04:00,IdeState,Active,Editor,branch_coverage.py,3,6
2025-03-13T16:56:40.645-04:00,IdeState,Active,Editor,branch_coverage.py,3,7
2025-03-13T16:56:41.645-04:00,IdeState,Active,Editor,branch_coverage.py,3,7
2025-03-13T16:56:42.647-04:00,IdeState,Active,Editor,branch_coverage.py,3,14
2025-03-13T16:56:43.648-04:00,IdeState,Active,Editor,branch_coverage.py,3,18
2025-03-13T16:56:44.651-04:00,IdeState,Active,Editor,branch_coverage.py,3,27
2025-03-13T16:56:45.652-04:00,IdeState,Active,Editor,branch_coverage.py,3,34
2025-03-13T16:56:46.654-04:00,IdeState,Active,Editor,branch_coverage.py,3,40
2025-03-13T16:56:47.334-04:00,Action,EditorBackSpace,Editor,branch_coverage.py,3,41
2025-03-13T16:56:47.471-04:00,Action,EditorBackSpace,Editor,branch_coverage.py,3,40
2025-03-13T16:56:47.672-04:00,IdeState,Active,Editor,branch_coverage.py,3,41
