2025-01-10T14:27:00.713-05:00,IdeState,Inactive,,*,-1,-1
2025-01-10T14:27:01.715-05:00,IdeState,Inactive,,*,-1,-1
2025-01-10T14:27:02.716-05:00,IdeState,Inactive,,*,-1,-1
2025-01-10T14:27:03.717-05:00,IdeState,Inactive,,*,-1,-1
2025-01-10T14:27:04.719-05:00,IdeState,Inactive,,*,-1,-1
2025-01-10T14:27:05.720-05:00,IdeState,Inactive,,*,-1,-1
2025-01-10T14:27:06.720-05:00,IdeState,Inactive,,*,-1,-1
2025-01-10T14:27:07.721-05:00,IdeState,Inactive,,*,-1,-1
2025-01-10T14:27:08.722-05:00,IdeState,Active,tasktracker,max_3.py,8,14
2025-01-10T14:27:09.723-05:00,IdeState,Active,Project,*,-1,-1
2025-01-10T14:27:10.724-05:00,IdeState,Active,Project,*,-1,-1
2025-01-10T14:27:11.725-05:00,IdeState,Inactive,,*,-1,-1
2025-01-10T14:27:12.726-05:00,IdeState,Inactive,,*,-1,-1
2025-01-10T14:27:13.727-05:00,IdeState,Inactive,,*,-1,-1
2025-01-10T14:27:14.728-05:00,IdeState,Inactive,,*,-1,-1
2025-01-10T14:27:15.729-05:00,IdeState,Inactive,,*,-1,-1
2025-01-10T14:27:16.730-05:00,IdeState,Inactive,,*,-1,-1
2025-01-10T14:27:17.732-05:00,IdeState,Inactive,,*,-1,-1
2025-01-10T14:27:18.734-05:00,IdeState,Inactive,,*,-1,-1
2025-01-10T14:27:19.736-05:00,IdeState,Inactive,,*,-1,-1
2025-01-10T14:27:20.737-05:00,IdeState,Inactive,,*,-1,-1
2025-01-10T14:27:21.738-05:00,IdeState,Inactive,,*,-1,-1
2025-01-10T14:27:22.739-05:00,IdeState,Inactive,,*,-1,-1
2025-01-10T14:27:23.740-05:00,IdeState,Inactive,,*,-1,-1
2025-01-10T14:27:24.741-05:00,IdeState,Inactive,,*,-1,-1
2025-01-10T14:27:25.742-05:00,IdeState,Inactive,,*,-1,-1
2025-01-10T14:27:26.743-05:00,IdeState,Inactive,,*,-1,-1
2025-01-10T14:27:27.744-05:00,IdeState,Inactive,,*,-1,-1
2025-01-10T14:27:28.745-05:00,IdeState,Inactive,,*,-1,-1
2025-01-10T14:27:29.746-05:00,IdeState,Inactive,,*,-1,-1
2025-01-10T14:27:30.746-05:00,IdeState,Inactive,,*,-1,-1
2025-01-10T14:27:31.747-05:00,IdeState,Inactive,,*,-1,-1
2025-01-10T14:27:32.748-05:00,IdeState,Inactive,,*,-1,-1
2025-01-10T14:27:33.750-05:00,IdeState,Inactive,,*,-1,-1
2025-01-10T14:27:34.751-05:00,IdeState,Inactive,,*,-1,-1
2025-01-10T14:27:35.752-05:00,IdeState,Inactive,,*,-1,-1
2025-01-10T14:27:36.753-05:00,IdeState,Inactive,,*,-1,-1
2025-01-10T14:27:37.754-05:00,IdeState,Inactive,,*,-1,-1
2025-01-10T14:27:38.756-05:00,IdeState,Inactive,,*,-1,-1
2025-01-10T14:27:39.757-05:00,IdeState,Inactive,,*,-1,-1
2025-01-10T14:27:40.758-05:00,IdeState,Inactive,,*,-1,-1
2025-01-10T14:27:41.759-05:00,IdeState,Inactive,,*,-1,-1
2025-01-10T14:27:42.759-05:00,IdeState,Inactive,,*,-1,-1
2025-01-10T14:27:43.761-05:00,IdeState,Inactive,,*,-1,-1
2025-01-10T14:27:44.762-05:00,IdeState,Inactive,,*,-1,-1
2025-01-10T14:27:45.762-05:00,IdeState,Inactive,,*,-1,-1
2025-01-10T14:27:46.763-05:00,IdeState,Inactive,,*,-1,-1
2025-01-10T14:27:47.765-05:00,IdeState,Inactive,,*,-1,-1
2025-01-10T14:27:48.766-05:00,IdeState,Inactive,,*,-1,-1
2025-01-10T14:27:49.767-05:00,IdeState,Inactive,,*,-1,-1
2025-01-10T14:27:50.767-05:00,IdeState,Inactive,,*,-1,-1
2025-01-10T14:27:51.769-05:00,IdeState,Inactive,,*,-1,-1
2025-01-10T14:27:52.771-05:00,IdeState,Inactive,,*,-1,-1
2025-01-10T14:27:53.771-05:00,IdeState,Inactive,,*,-1,-1
2025-01-10T14:27:54.773-05:00,IdeState,Inactive,,*,-1,-1
2025-01-10T14:27:55.774-05:00,IdeState,Inactive,,*,-1,-1
2025-01-10T14:27:56.776-05:00,IdeState,Inactive,,*,-1,-1
2025-01-10T14:27:57.776-05:00,IdeState,Inactive,,*,-1,-1
2025-01-10T14:27:58.777-05:00,IdeState,Inactive,,*,-1,-1
2025-01-10T14:27:59.779-05:00,IdeState,Inactive,,*,-1,-1
2025-01-10T14:28:00.779-05:00,IdeState,Inactive,,*,-1,-1
2025-01-10T14:28:01.781-05:00,IdeState,Inactive,,*,-1,-1
2025-01-10T14:28:02.782-05:00,IdeState,Inactive,,*,-1,-1
2025-01-10T14:28:03.783-05:00,IdeState,Inactive,,*,-1,-1
2025-01-10T14:28:04.784-05:00,IdeState,Inactive,,*,-1,-1
2025-01-10T14:28:05.787-05:00,IdeState,Inactive,,*,-1,-1
2025-01-10T14:28:06.787-05:00,IdeState,Inactive,,*,-1,-1
2025-01-10T14:28:07.787-05:00,IdeState,Inactive,,*,-1,-1
2025-01-10T14:28:08.789-05:00,IdeState,Inactive,,*,-1,-1
2025-01-10T14:28:09.790-05:00,IdeState,Inactive,,*,-1,-1
2025-01-10T14:28:10.791-05:00,IdeState,Inactive,,*,-1,-1
2025-01-10T14:28:11.792-05:00,IdeState,Inactive,,*,-1,-1
2025-01-10T14:28:12.793-05:00,IdeState,Inactive,,*,-1,-1
2025-01-10T14:28:13.794-05:00,IdeState,Inactive,,*,-1,-1
2025-01-10T14:28:14.794-05:00,IdeState,Inactive,,*,-1,-1
2025-01-10T14:28:15.795-05:00,IdeState,Inactive,,*,-1,-1
2025-01-10T14:28:16.797-05:00,IdeState,Inactive,,*,-1,-1
2025-01-10T14:28:17.797-05:00,IdeState,Inactive,,*,-1,-1
2025-01-10T14:28:18.799-05:00,IdeState,Inactive,,*,-1,-1
2025-01-10T14:28:19.801-05:00,IdeState,Inactive,,*,-1,-1
2025-01-10T14:28:20.802-05:00,IdeState,Inactive,,*,-1,-1
2025-01-10T14:28:21.805-05:00,IdeState,Inactive,,*,-1,-1
2025-01-10T14:28:22.807-05:00,IdeState,Inactive,,*,-1,-1
2025-01-10T14:28:23.807-05:00,IdeState,Inactive,,*,-1,-1
2025-01-10T14:28:24.807-05:00,IdeState,Inactive,,*,-1,-1
2025-01-10T14:28:25.809-05:00,IdeState,Inactive,,*,-1,-1
2025-01-10T14:28:26.811-05:00,IdeState,Inactive,,*,-1,-1
2025-01-10T14:28:27.811-05:00,IdeState,Inactive,,*,-1,-1
2025-01-10T14:28:28.813-05:00,IdeState,Inactive,,*,-1,-1
2025-01-10T14:28:29.815-05:00,IdeState,Inactive,,*,-1,-1
2025-01-10T14:28:30.816-05:00,IdeState,Inactive,,*,-1,-1
2025-01-10T14:28:31.816-05:00,IdeState,Inactive,,*,-1,-1
2025-01-10T14:28:32.817-05:00,IdeState,Inactive,,*,-1,-1
2025-01-10T14:28:33.817-05:00,IdeState,Inactive,,*,-1,-1
2025-01-10T14:28:34.819-05:00,IdeState,Inactive,,*,-1,-1
2025-01-10T14:28:35.820-05:00,IdeState,Inactive,,*,-1,-1
2025-01-10T14:28:36.821-05:00,IdeState,Inactive,,*,-1,-1
2025-01-10T14:28:37.821-05:00,IdeState,Inactive,,*,-1,-1
2025-01-10T14:28:38.823-05:00,IdeState,Inactive,,*,-1,-1
2025-01-10T14:28:39.823-05:00,IdeState,Inactive,,*,-1,-1
2025-01-10T14:28:40.825-05:00,IdeState,Inactive,,*,-1,-1
2025-01-10T14:28:41.826-05:00,IdeState,Active,Project,*,-1,-1
2025-01-10T14:28:42.829-05:00,IdeState,Inactive,,*,-1,-1
2025-01-10T14:28:43.829-05:00,IdeState,Inactive,,*,-1,-1
2025-01-10T14:28:44.832-05:00,IdeState,Inactive,,*,-1,-1
2025-01-10T14:28:45.834-05:00,IdeState,Inactive,,*,-1,-1
2025-01-10T14:28:46.835-05:00,IdeState,Inactive,,*,-1,-1
2025-01-10T14:28:47.836-05:00,IdeState,Inactive,,*,-1,-1
2025-01-10T14:28:48.837-05:00,IdeState,Inactive,,*,-1,-1
2025-01-10T14:28:49.837-05:00,IdeState,Inactive,,*,-1,-1
2025-01-10T14:28:50.838-05:00,IdeState,Inactive,,*,-1,-1
2025-01-10T14:28:51.840-05:00,IdeState,Inactive,,*,-1,-1
2025-01-10T14:28:52.842-05:00,IdeState,Inactive,,*,-1,-1
2025-01-10T14:28:53.844-05:00,IdeState,Inactive,,*,-1,-1
2025-01-10T14:28:54.844-05:00,IdeState,Inactive,,*,-1,-1
2025-01-10T14:28:55.846-05:00,IdeState,Inactive,,*,-1,-1
2025-01-10T14:28:56.846-05:00,IdeState,Inactive,,*,-1,-1
2025-01-10T14:28:57.847-05:00,IdeState,Inactive,,*,-1,-1
2025-01-10T14:28:58.848-05:00,IdeState,Inactive,,*,-1,-1
2025-01-10T14:28:59.850-05:00,IdeState,Inactive,,*,-1,-1
2025-01-10T14:29:00.852-05:00,IdeState,Inactive,,*,-1,-1
2025-01-10T14:29:01.854-05:00,IdeState,Inactive,,*,-1,-1
2025-01-10T14:29:02.854-05:00,IdeState,Inactive,,*,-1,-1
2025-01-10T14:29:03.855-05:00,IdeState,Inactive,,*,-1,-1
2025-01-10T14:29:04.857-05:00,IdeState,Inactive,,*,-1,-1
2025-01-10T14:29:05.858-05:00,IdeState,Inactive,,*,-1,-1
2025-01-10T14:29:06.858-05:00,IdeState,Inactive,,*,-1,-1
2025-01-10T14:29:07.859-05:00,IdeState,Inactive,,*,-1,-1
2025-01-10T14:29:08.861-05:00,IdeState,Inactive,,*,-1,-1
2025-01-10T14:29:09.862-05:00,IdeState,Inactive,,*,-1,-1
2025-01-10T14:29:10.862-05:00,IdeState,Inactive,,*,-1,-1
2025-01-10T14:29:11.863-05:00,IdeState,Inactive,,*,-1,-1
2025-01-10T14:29:12.865-05:00,IdeState,Inactive,,*,-1,-1
2025-01-10T14:29:13.867-05:00,IdeState,Inactive,,*,-1,-1
2025-01-10T14:29:14.869-05:00,IdeState,Inactive,,*,-1,-1
2025-01-10T14:29:15.870-05:00,IdeState,Inactive,,*,-1,-1
2025-01-10T14:29:16.871-05:00,IdeState,Inactive,,*,-1,-1
2025-01-10T14:29:17.874-05:00,IdeState,Inactive,,*,-1,-1
2025-01-10T14:29:18.876-05:00,IdeState,Inactive,,*,-1,-1
2025-01-10T14:29:19.877-05:00,IdeState,Inactive,,*,-1,-1
2025-01-10T14:29:20.878-05:00,IdeState,Inactive,,*,-1,-1
2025-01-10T14:29:21.880-05:00,IdeState,Inactive,,*,-1,-1
2025-01-10T14:29:22.881-05:00,IdeState,Inactive,,*,-1,-1
2025-01-10T14:29:23.883-05:00,IdeState,Inactive,,*,-1,-1
2025-01-10T14:29:24.884-05:00,IdeState,Inactive,,*,-1,-1
2025-01-10T14:29:25.885-05:00,IdeState,Inactive,,*,-1,-1
2025-01-10T14:29:26.885-05:00,IdeState,Inactive,,*,-1,-1
2025-01-10T14:29:27.886-05:00,IdeState,Inactive,,*,-1,-1
2025-01-10T14:29:28.887-05:00,IdeState,Inactive,,*,-1,-1
2025-01-10T14:29:29.891-05:00,IdeState,Inactive,,*,-1,-1
2025-01-10T14:29:30.892-05:00,IdeState,Inactive,,*,-1,-1
2025-01-10T14:29:31.894-05:00,IdeState,Inactive,,*,-1,-1
2025-01-10T14:29:32.896-05:00,IdeState,Inactive,,*,-1,-1
2025-01-10T14:29:33.898-05:00,IdeState,Inactive,,*,-1,-1
2025-01-10T14:29:34.899-05:00,IdeState,Inactive,,*,-1,-1
2025-01-10T14:29:35.901-05:00,IdeState,Inactive,,*,-1,-1
2025-01-10T14:29:36.902-05:00,IdeState,Inactive,,*,-1,-1
2025-01-10T14:29:37.918-05:00,IdeState,Inactive,,*,-1,-1
2025-01-10T14:29:38.920-05:00,IdeState,Inactive,,*,-1,-1
2025-01-10T14:29:39.921-05:00,IdeState,Inactive,,*,-1,-1
2025-01-10T14:29:40.924-05:00,IdeState,Inactive,,*,-1,-1
2025-01-10T14:29:41.924-05:00,IdeState,Inactive,,*,-1,-1
2025-01-10T14:29:42.926-05:00,IdeState,Inactive,,*,-1,-1
2025-01-10T14:29:43.929-05:00,IdeState,Inactive,,*,-1,-1
2025-01-10T14:29:44.931-05:00,IdeState,Inactive,,*,-1,-1
2025-01-10T14:29:45.931-05:00,IdeState,Inactive,,*,-1,-1
2025-01-10T14:29:46.934-05:00,IdeState,Inactive,,*,-1,-1
2025-01-10T14:29:47.934-05:00,IdeState,Inactive,,*,-1,-1
2025-01-10T14:29:48.937-05:00,IdeState,Inactive,,*,-1,-1
2025-01-10T14:29:49.938-05:00,IdeState,Inactive,,*,-1,-1
2025-01-10T14:29:50.939-05:00,IdeState,Inactive,,*,-1,-1
2025-01-10T14:29:51.941-05:00,IdeState,Inactive,,*,-1,-1
2025-01-10T14:29:52.942-05:00,IdeState,Inactive,,*,-1,-1
2025-01-10T14:29:53.943-05:00,IdeState,Inactive,,*,-1,-1
2025-01-10T14:29:54.944-05:00,IdeState,Inactive,,*,-1,-1
2025-01-10T14:29:55.946-05:00,IdeState,Inactive,,*,-1,-1
2025-01-10T14:29:56.947-05:00,IdeState,Inactive,,*,-1,-1
2025-01-10T14:29:57.949-05:00,IdeState,Inactive,,*,-1,-1
2025-01-10T14:29:58.951-05:00,IdeState,Inactive,,*,-1,-1
2025-01-10T14:29:59.952-05:00,IdeState,Inactive,,*,-1,-1
2025-01-10T14:30:00.952-05:00,IdeState,Inactive,,*,-1,-1
2025-01-10T14:30:01.953-05:00,IdeState,Inactive,,*,-1,-1
2025-01-10T14:30:02.955-05:00,IdeState,Inactive,,*,-1,-1
2025-01-10T14:30:03.956-05:00,IdeState,Inactive,,*,-1,-1
2025-01-10T14:30:04.958-05:00,IdeState,Inactive,,*,-1,-1
2025-01-10T14:30:05.959-05:00,IdeState,Inactive,,*,-1,-1
2025-01-10T14:30:06.959-05:00,IdeState,Inactive,,*,-1,-1
2025-01-10T14:30:07.960-05:00,IdeState,Inactive,,*,-1,-1
2025-01-10T14:30:08.961-05:00,IdeState,Inactive,,*,-1,-1
2025-01-10T14:30:09.962-05:00,IdeState,Inactive,,*,-1,-1
2025-01-10T14:30:10.965-05:00,IdeState,Inactive,,*,-1,-1
2025-01-10T14:30:11.966-05:00,IdeState,Inactive,,*,-1,-1
2025-01-10T14:30:12.968-05:00,IdeState,Inactive,,*,-1,-1
2025-01-10T14:30:13.968-05:00,IdeState,Inactive,,*,-1,-1
2025-01-10T14:30:14.971-05:00,IdeState,Inactive,,*,-1,-1
2025-01-10T14:30:15.972-05:00,IdeState,Inactive,,*,-1,-1
2025-01-10T14:30:16.973-05:00,IdeState,Inactive,,*,-1,-1
2025-01-10T14:30:17.975-05:00,IdeState,Inactive,,*,-1,-1
2025-01-10T14:30:18.977-05:00,IdeState,Inactive,,*,-1,-1
2025-01-10T14:30:19.978-05:00,IdeState,Inactive,,*,-1,-1
2025-01-10T14:30:20.980-05:00,IdeState,Inactive,,*,-1,-1
2025-01-10T14:30:21.981-05:00,IdeState,Inactive,,*,-1,-1
2025-01-10T14:30:22.983-05:00,IdeState,Inactive,,*,-1,-1
2025-01-10T14:30:23.984-05:00,IdeState,Inactive,,*,-1,-1
2025-01-10T14:30:24.985-05:00,IdeState,Inactive,,*,-1,-1
2025-01-10T14:30:25.987-05:00,IdeState,Inactive,,*,-1,-1
2025-01-10T14:30:26.987-05:00,IdeState,Inactive,,*,-1,-1
2025-01-10T14:30:27.989-05:00,IdeState,Inactive,,*,-1,-1
2025-01-10T14:30:28.990-05:00,IdeState,Inactive,,*,-1,-1
2025-01-10T14:30:29.993-05:00,IdeState,Inactive,,*,-1,-1
2025-01-10T14:30:30.994-05:00,IdeState,Inactive,,*,-1,-1
2025-01-10T14:30:31.995-05:00,IdeState,Inactive,,*,-1,-1
2025-01-10T14:30:32.995-05:00,IdeState,Inactive,,*,-1,-1
2025-01-10T14:30:33.997-05:00,IdeState,Inactive,,*,-1,-1
2025-01-10T14:30:34.998-05:00,IdeState,Inactive,,*,-1,-1
2025-01-10T14:30:36.000-05:00,IdeState,Inactive,,*,-1,-1
2025-01-10T14:30:37.001-05:00,IdeState,Inactive,,*,-1,-1
2025-01-10T14:30:38.004-05:00,IdeState,Inactive,,*,-1,-1
2025-01-10T14:30:39.005-05:00,IdeState,Inactive,,*,-1,-1
2025-01-10T14:30:40.007-05:00,IdeState,Inactive,,*,-1,-1
2025-01-10T14:30:41.009-05:00,IdeState,Inactive,,*,-1,-1
2025-01-10T14:30:42.010-05:00,IdeState,Inactive,,*,-1,-1
2025-01-10T14:30:43.011-05:00,IdeState,Inactive,,*,-1,-1
2025-01-10T14:30:44.013-05:00,IdeState,Inactive,,*,-1,-1
2025-01-10T14:30:45.014-05:00,IdeState,Inactive,,*,-1,-1
2025-01-10T14:30:46.015-05:00,IdeState,Inactive,,*,-1,-1
2025-01-10T14:30:47.016-05:00,IdeState,Inactive,,*,-1,-1
2025-01-10T14:30:48.017-05:00,IdeState,Inactive,,*,-1,-1
2025-01-10T14:30:49.018-05:00,IdeState,Inactive,,*,-1,-1
2025-01-10T14:30:50.018-05:00,IdeState,Inactive,,*,-1,-1
2025-01-10T14:30:51.019-05:00,IdeState,Inactive,,*,-1,-1
2025-01-10T14:30:52.020-05:00,IdeState,Inactive,,*,-1,-1
2025-01-10T14:30:53.021-05:00,IdeState,Inactive,,*,-1,-1
2025-01-10T14:30:54.022-05:00,IdeState,Inactive,,*,-1,-1
2025-01-10T14:30:55.023-05:00,IdeState,Inactive,,*,-1,-1
2025-01-10T14:30:56.025-05:00,IdeState,Inactive,,*,-1,-1
2025-01-10T14:30:57.026-05:00,IdeState,Inactive,,*,-1,-1
2025-01-10T14:30:58.028-05:00,IdeState,Inactive,,*,-1,-1
2025-01-10T14:30:59.029-05:00,IdeState,Inactive,,*,-1,-1
2025-01-10T14:31:00.030-05:00,IdeState,Inactive,,*,-1,-1
2025-01-10T14:31:01.031-05:00,IdeState,Inactive,,*,-1,-1
2025-01-10T14:31:02.033-05:00,IdeState,Inactive,,*,-1,-1
2025-01-10T14:31:03.034-05:00,IdeState,Inactive,,*,-1,-1
2025-01-10T14:31:04.036-05:00,IdeState,Inactive,,*,-1,-1
2025-01-10T14:31:05.037-05:00,IdeState,Inactive,,*,-1,-1
2025-01-10T14:31:06.039-05:00,IdeState,Inactive,,*,-1,-1
2025-01-10T14:31:07.040-05:00,IdeState,Inactive,,*,-1,-1
2025-01-10T14:31:08.041-05:00,IdeState,Inactive,,*,-1,-1
2025-01-10T14:31:09.042-05:00,IdeState,Inactive,,*,-1,-1
2025-01-10T14:31:10.043-05:00,IdeState,Inactive,,*,-1,-1
2025-01-10T14:31:11.044-05:00,IdeState,Inactive,,*,-1,-1
2025-01-10T14:31:12.045-05:00,IdeState,Inactive,,*,-1,-1
2025-01-10T14:31:13.046-05:00,IdeState,Inactive,,*,-1,-1
2025-01-10T14:31:14.048-05:00,IdeState,Inactive,,*,-1,-1
2025-01-10T14:31:15.049-05:00,IdeState,Inactive,,*,-1,-1
2025-01-10T14:31:16.049-05:00,IdeState,Inactive,,*,-1,-1
2025-01-10T14:31:17.050-05:00,IdeState,Inactive,,*,-1,-1
2025-01-10T14:31:18.051-05:00,IdeState,Inactive,,*,-1,-1
2025-01-10T14:31:19.052-05:00,IdeState,Inactive,,*,-1,-1
2025-01-10T14:31:20.053-05:00,IdeState,Inactive,,*,-1,-1
2025-01-10T14:31:21.055-05:00,IdeState,Inactive,,*,-1,-1
2025-01-10T14:31:22.057-05:00,IdeState,Inactive,,*,-1,-1
2025-01-10T14:31:23.059-05:00,IdeState,Inactive,,*,-1,-1
2025-01-10T14:31:24.060-05:00,IdeState,Inactive,,*,-1,-1
2025-01-10T14:31:25.061-05:00,IdeState,Inactive,,*,-1,-1
2025-01-10T14:31:26.062-05:00,IdeState,Inactive,,*,-1,-1
2025-01-10T14:31:27.064-05:00,IdeState,Inactive,,*,-1,-1
2025-01-10T14:31:28.065-05:00,IdeState,Inactive,,*,-1,-1
2025-01-10T14:31:29.065-05:00,IdeState,Inactive,,*,-1,-1
2025-01-10T14:31:30.066-05:00,IdeState,Inactive,,*,-1,-1
2025-01-10T14:31:31.069-05:00,IdeState,Inactive,,*,-1,-1
2025-01-10T14:31:32.070-05:00,IdeState,Inactive,,*,-1,-1
2025-01-10T14:31:33.071-05:00,IdeState,Inactive,,*,-1,-1
2025-01-10T14:31:34.072-05:00,IdeState,Inactive,,*,-1,-1
2025-01-10T14:31:35.073-05:00,IdeState,Inactive,,*,-1,-1
2025-01-10T14:31:36.075-05:00,IdeState,Inactive,,*,-1,-1
2025-01-10T14:31:37.077-05:00,IdeState,Inactive,,*,-1,-1
2025-01-10T14:31:38.079-05:00,IdeState,Inactive,,*,-1,-1
2025-01-10T14:31:39.080-05:00,IdeState,Inactive,,*,-1,-1
2025-01-10T14:31:40.082-05:00,IdeState,Inactive,,*,-1,-1
2025-01-10T14:31:41.083-05:00,IdeState,Inactive,,*,-1,-1
2025-01-10T14:31:42.086-05:00,IdeState,Inactive,,*,-1,-1
2025-01-10T14:31:43.087-05:00,IdeState,Inactive,,*,-1,-1
2025-01-10T14:31:44.088-05:00,IdeState,Inactive,,*,-1,-1
2025-01-10T14:31:45.089-05:00,IdeState,Inactive,,*,-1,-1
2025-01-10T14:31:46.090-05:00,IdeState,Inactive,,*,-1,-1
2025-01-10T14:31:47.091-05:00,IdeState,Inactive,,*,-1,-1
2025-01-10T14:31:48.093-05:00,IdeState,Inactive,,*,-1,-1
2025-01-10T14:31:49.094-05:00,IdeState,Inactive,,*,-1,-1
2025-01-10T14:31:50.095-05:00,IdeState,Inactive,,*,-1,-1
2025-01-10T14:31:51.096-05:00,IdeState,Inactive,,*,-1,-1
2025-01-10T14:31:52.097-05:00,IdeState,Inactive,,*,-1,-1
2025-01-10T14:31:53.098-05:00,IdeState,Inactive,,*,-1,-1
2025-01-10T14:31:54.100-05:00,IdeState,Inactive,,*,-1,-1
2025-01-10T14:31:55.102-05:00,IdeState,Inactive,,*,-1,-1
2025-01-10T14:31:56.102-05:00,IdeState,Inactive,,*,-1,-1
2025-01-10T14:31:57.105-05:00,IdeState,Inactive,,*,-1,-1
2025-01-10T14:31:58.105-05:00,IdeState,Inactive,,*,-1,-1
2025-01-10T14:31:59.106-05:00,IdeState,Inactive,,*,-1,-1
2025-01-10T14:32:00.108-05:00,IdeState,Inactive,,*,-1,-1
2025-01-10T14:32:01.109-05:00,IdeState,Inactive,,*,-1,-1
2025-01-10T14:32:02.109-05:00,IdeState,Inactive,,*,-1,-1
2025-01-10T14:32:03.112-05:00,IdeState,Inactive,,*,-1,-1
2025-01-10T14:32:04.112-05:00,IdeState,Inactive,,*,-1,-1
2025-01-10T14:32:05.114-05:00,IdeState,Inactive,,*,-1,-1
2025-01-10T14:32:06.115-05:00,IdeState,Inactive,,*,-1,-1
2025-01-10T14:32:07.117-05:00,IdeState,Inactive,,*,-1,-1
2025-01-10T14:32:08.119-05:00,IdeState,Inactive,,*,-1,-1
2025-01-10T14:32:09.119-05:00,IdeState,Inactive,,*,-1,-1
2025-01-10T14:32:10.122-05:00,IdeState,Inactive,,*,-1,-1
2025-01-10T14:32:11.123-05:00,IdeState,Inactive,,*,-1,-1
2025-01-10T14:32:12.124-05:00,IdeState,Inactive,,*,-1,-1
2025-01-10T14:32:13.125-05:00,IdeState,Inactive,,*,-1,-1
2025-01-10T14:32:14.126-05:00,IdeState,Inactive,,*,-1,-1
2025-01-10T14:32:15.128-05:00,IdeState,Inactive,,*,-1,-1
2025-01-10T14:32:16.131-05:00,IdeState,Inactive,,*,-1,-1
2025-01-10T14:32:17.132-05:00,IdeState,Inactive,,*,-1,-1
2025-01-10T14:32:18.132-05:00,IdeState,Inactive,,*,-1,-1
2025-01-10T14:32:19.133-05:00,IdeState,Inactive,,*,-1,-1
2025-01-10T14:32:20.135-05:00,IdeState,Inactive,,*,-1,-1
2025-01-10T14:32:21.137-05:00,IdeState,Inactive,,*,-1,-1
2025-01-10T14:32:22.137-05:00,IdeState,Inactive,,*,-1,-1
2025-01-10T14:32:23.147-05:00,IdeState,Inactive,,*,-1,-1
2025-01-10T14:32:24.147-05:00,IdeState,Inactive,,*,-1,-1
2025-01-10T14:32:25.148-05:00,IdeState,Inactive,,*,-1,-1
2025-01-10T14:32:26.149-05:00,IdeState,Inactive,,*,-1,-1
2025-01-10T14:32:27.151-05:00,IdeState,Inactive,,*,-1,-1
2025-01-10T14:32:28.152-05:00,IdeState,Inactive,,*,-1,-1
2025-01-10T14:32:29.153-05:00,IdeState,Inactive,,*,-1,-1
2025-01-10T14:32:30.153-05:00,IdeState,Inactive,,*,-1,-1
2025-01-10T14:32:31.154-05:00,IdeState,Inactive,,*,-1,-1
2025-01-10T14:32:32.155-05:00,IdeState,Inactive,,*,-1,-1
2025-01-10T14:32:33.157-05:00,IdeState,Inactive,,*,-1,-1
2025-01-10T14:32:34.159-05:00,IdeState,Inactive,,*,-1,-1
2025-01-10T14:32:35.161-05:00,IdeState,Inactive,,*,-1,-1
2025-01-10T14:32:36.161-05:00,IdeState,Inactive,,*,-1,-1
2025-01-10T14:32:37.163-05:00,IdeState,Inactive,,*,-1,-1
2025-01-10T14:32:38.164-05:00,IdeState,Inactive,,*,-1,-1
2025-01-10T14:32:39.164-05:00,IdeState,Inactive,,*,-1,-1
2025-01-10T14:32:40.165-05:00,IdeState,Inactive,,*,-1,-1
2025-01-10T14:32:41.167-05:00,IdeState,Inactive,,*,-1,-1
2025-01-10T14:32:42.168-05:00,IdeState,Inactive,,*,-1,-1
2025-01-10T14:32:43.169-05:00,IdeState,Inactive,,*,-1,-1
2025-01-10T14:32:44.170-05:00,IdeState,Inactive,,*,-1,-1
2025-01-10T14:32:45.173-05:00,IdeState,Inactive,,*,-1,-1
2025-01-10T14:32:46.175-05:00,IdeState,Inactive,,*,-1,-1
2025-01-10T14:32:47.176-05:00,IdeState,Inactive,,*,-1,-1
2025-01-10T14:32:48.177-05:00,IdeState,Inactive,,*,-1,-1
2025-01-10T14:32:49.178-05:00,IdeState,Inactive,,*,-1,-1
2025-01-10T14:32:50.179-05:00,IdeState,Inactive,,*,-1,-1
2025-01-10T14:32:51.180-05:00,IdeState,Inactive,,*,-1,-1
2025-01-10T14:32:52.181-05:00,IdeState,Inactive,,*,-1,-1
2025-01-10T14:32:53.184-05:00,IdeState,Inactive,,*,-1,-1
2025-01-10T14:32:54.186-05:00,IdeState,Inactive,,*,-1,-1
2025-01-10T14:32:55.188-05:00,IdeState,Inactive,,*,-1,-1
2025-01-10T14:32:56.189-05:00,IdeState,Inactive,,*,-1,-1
2025-01-10T14:32:57.190-05:00,IdeState,Inactive,,*,-1,-1
2025-01-10T14:32:58.191-05:00,IdeState,Inactive,,*,-1,-1
2025-01-10T14:32:59.192-05:00,IdeState,Inactive,,*,-1,-1
2025-01-10T14:33:00.194-05:00,IdeState,Inactive,,*,-1,-1
2025-01-10T14:33:01.199-05:00,IdeState,Inactive,,*,-1,-1
2025-01-10T14:33:02.200-05:00,IdeState,Inactive,,*,-1,-1
2025-01-10T14:33:03.201-05:00,IdeState,Inactive,,*,-1,-1
2025-01-10T14:33:04.202-05:00,IdeState,Inactive,,*,-1,-1
2025-01-10T14:33:05.205-05:00,IdeState,Inactive,,*,-1,-1
2025-01-10T14:33:06.206-05:00,IdeState,Inactive,,*,-1,-1
2025-01-10T14:33:07.207-05:00,IdeState,Inactive,,*,-1,-1
2025-01-10T14:33:08.207-05:00,IdeState,Inactive,,*,-1,-1
2025-01-10T14:33:09.208-05:00,IdeState,Inactive,,*,-1,-1
2025-01-10T14:33:10.209-05:00,IdeState,Inactive,,*,-1,-1
2025-01-10T14:33:11.210-05:00,IdeState,Inactive,,*,-1,-1
2025-01-10T14:33:12.212-05:00,IdeState,Inactive,,*,-1,-1
2025-01-10T14:33:13.214-05:00,IdeState,Inactive,,*,-1,-1
2025-01-10T14:33:14.216-05:00,IdeState,Inactive,,*,-1,-1
2025-01-10T14:33:15.217-05:00,IdeState,Inactive,,*,-1,-1
2025-01-10T14:33:16.223-05:00,IdeState,Inactive,,*,-1,-1
2025-01-10T14:33:17.225-05:00,IdeState,Inactive,,*,-1,-1
2025-01-10T14:33:18.227-05:00,IdeState,Inactive,,*,-1,-1
2025-01-10T14:33:19.228-05:00,IdeState,Inactive,,*,-1,-1
2025-01-10T14:33:20.229-05:00,IdeState,Inactive,,*,-1,-1
2025-01-10T14:33:21.230-05:00,IdeState,Inactive,,*,-1,-1
2025-01-10T14:33:22.231-05:00,IdeState,Inactive,,*,-1,-1
2025-01-10T14:33:23.233-05:00,IdeState,Inactive,,*,-1,-1
2025-01-10T14:33:24.235-05:00,IdeState,Inactive,,*,-1,-1
2025-01-10T14:33:25.237-05:00,IdeState,Inactive,,*,-1,-1
2025-01-10T14:33:26.238-05:00,IdeState,Inactive,,*,-1,-1
2025-01-10T14:33:27.239-05:00,IdeState,Inactive,,*,-1,-1
2025-01-10T14:33:28.240-05:00,IdeState,Inactive,,*,-1,-1
2025-01-10T14:33:29.241-05:00,IdeState,Inactive,,*,-1,-1
2025-01-10T14:33:30.243-05:00,IdeState,Inactive,,*,-1,-1
2025-01-10T14:33:31.244-05:00,IdeState,Inactive,,*,-1,-1
2025-01-10T14:33:32.245-05:00,IdeState,Inactive,,*,-1,-1
2025-01-10T14:33:33.247-05:00,IdeState,Inactive,,*,-1,-1
2025-01-10T14:33:34.248-05:00,IdeState,Inactive,,*,-1,-1
2025-01-10T14:33:35.249-05:00,IdeState,Inactive,,*,-1,-1
2025-01-10T14:33:36.250-05:00,IdeState,Inactive,,*,-1,-1
2025-01-10T14:33:37.252-05:00,IdeState,Inactive,,*,-1,-1
2025-01-10T14:33:38.254-05:00,IdeState,Inactive,,*,-1,-1
2025-01-10T14:33:39.264-05:00,IdeState,Inactive,,*,-1,-1
2025-01-10T14:33:40.266-05:00,IdeState,Inactive,,*,-1,-1
2025-01-10T14:33:41.268-05:00,IdeState,Inactive,,*,-1,-1
2025-01-10T14:33:42.269-05:00,IdeState,Inactive,,*,-1,-1
2025-01-10T14:33:43.270-05:00,IdeState,Inactive,,*,-1,-1
2025-01-10T14:33:44.271-05:00,IdeState,Inactive,,*,-1,-1
2025-01-10T14:33:45.275-05:00,IdeState,Inactive,,*,-1,-1
2025-01-10T14:33:46.276-05:00,IdeState,Inactive,,*,-1,-1
2025-01-10T14:33:47.279-05:00,IdeState,Inactive,,*,-1,-1
2025-01-10T14:33:48.281-05:00,IdeState,Inactive,,*,-1,-1
2025-01-10T14:33:49.283-05:00,IdeState,Inactive,,*,-1,-1
2025-01-10T14:33:50.285-05:00,IdeState,Inactive,,*,-1,-1
2025-01-10T14:33:51.286-05:00,IdeState,Inactive,,*,-1,-1
2025-01-10T14:33:52.288-05:00,IdeState,Inactive,,*,-1,-1
2025-01-10T14:33:53.319-05:00,IdeState,Inactive,,*,-1,-1
2025-01-10T14:33:54.331-05:00,IdeState,Inactive,,*,-1,-1
2025-01-10T14:33:55.332-05:00,IdeState,Inactive,,*,-1,-1
2025-01-10T14:33:56.332-05:00,IdeState,Inactive,,*,-1,-1
2025-01-10T14:33:57.333-05:00,IdeState,Inactive,,*,-1,-1
2025-01-10T14:33:58.335-05:00,IdeState,Inactive,,*,-1,-1
2025-01-10T14:33:59.336-05:00,IdeState,Inactive,,*,-1,-1
2025-01-10T14:34:00.338-05:00,IdeState,Inactive,,*,-1,-1
2025-01-10T14:34:01.340-05:00,IdeState,Inactive,,*,-1,-1
2025-01-10T14:34:02.342-05:00,IdeState,Inactive,,*,-1,-1
2025-01-10T14:34:03.346-05:00,IdeState,Inactive,,*,-1,-1
2025-01-10T14:34:04.348-05:00,IdeState,Inactive,,*,-1,-1
2025-01-10T14:34:05.349-05:00,IdeState,Inactive,,*,-1,-1
2025-01-10T14:34:06.350-05:00,IdeState,Inactive,,*,-1,-1
2025-01-10T14:34:07.353-05:00,IdeState,Inactive,,*,-1,-1
2025-01-10T14:34:08.354-05:00,IdeState,Inactive,,*,-1,-1
2025-01-10T14:34:09.355-05:00,IdeState,Inactive,,*,-1,-1
2025-01-10T14:34:10.356-05:00,IdeState,Inactive,,*,-1,-1
2025-01-10T14:34:11.357-05:00,IdeState,Inactive,,*,-1,-1
2025-01-10T14:34:12.358-05:00,IdeState,Inactive,,*,-1,-1
2025-01-10T14:34:13.360-05:00,IdeState,Inactive,,*,-1,-1
2025-01-10T14:34:14.361-05:00,IdeState,Inactive,,*,-1,-1
2025-01-10T14:34:15.362-05:00,IdeState,Inactive,,*,-1,-1
2025-01-10T14:34:16.363-05:00,IdeState,Inactive,,*,-1,-1
2025-01-10T14:34:17.365-05:00,IdeState,Inactive,,*,-1,-1
2025-01-10T14:34:18.367-05:00,IdeState,Inactive,,*,-1,-1
2025-01-10T14:34:19.368-05:00,IdeState,Inactive,,*,-1,-1
2025-01-10T14:34:20.370-05:00,IdeState,Inactive,,*,-1,-1
2025-01-10T14:34:21.371-05:00,IdeState,Inactive,,*,-1,-1
2025-01-10T14:34:22.373-05:00,IdeState,Inactive,,*,-1,-1
2025-01-10T14:34:23.374-05:00,IdeState,Inactive,,*,-1,-1
2025-01-10T14:34:24.376-05:00,IdeState,Inactive,,*,-1,-1
2025-01-10T14:34:25.377-05:00,IdeState,Inactive,,*,-1,-1
2025-01-10T14:34:26.378-05:00,IdeState,Inactive,,*,-1,-1
2025-01-10T14:34:27.379-05:00,IdeState,Inactive,,*,-1,-1
2025-01-10T14:34:28.380-05:00,IdeState,Inactive,,*,-1,-1
2025-01-10T14:34:29.381-05:00,IdeState,Inactive,,*,-1,-1
2025-01-10T14:34:30.382-05:00,IdeState,Inactive,,*,-1,-1
2025-01-10T14:34:31.383-05:00,IdeState,Inactive,,*,-1,-1
2025-01-10T14:34:32.385-05:00,IdeState,Inactive,,*,-1,-1
2025-01-10T14:34:33.386-05:00,IdeState,Inactive,,*,-1,-1
2025-01-10T14:34:34.387-05:00,IdeState,Inactive,,*,-1,-1
2025-01-10T14:34:35.388-05:00,IdeState,Inactive,,*,-1,-1
2025-01-10T14:34:36.391-05:00,IdeState,Inactive,,*,-1,-1
2025-01-10T14:34:37.392-05:00,IdeState,Inactive,,*,-1,-1
2025-01-10T14:34:38.393-05:00,IdeState,Inactive,,*,-1,-1
2025-01-10T14:34:39.394-05:00,IdeState,Inactive,,*,-1,-1
2025-01-10T14:34:40.396-05:00,IdeState,Inactive,,*,-1,-1
2025-01-10T14:34:41.397-05:00,IdeState,Inactive,,*,-1,-1
2025-01-10T14:34:42.398-05:00,IdeState,Inactive,,*,-1,-1
2025-01-10T14:34:43.400-05:00,IdeState,Inactive,,*,-1,-1
2025-01-10T14:34:44.401-05:00,IdeState,Inactive,,*,-1,-1
2025-01-10T14:34:45.411-05:00,IdeState,Inactive,,*,-1,-1
2025-01-10T14:34:46.418-05:00,IdeState,Inactive,,*,-1,-1
2025-01-10T14:34:47.420-05:00,IdeState,Inactive,,*,-1,-1
2025-01-10T14:34:48.421-05:00,IdeState,Inactive,,*,-1,-1
2025-01-10T14:34:49.423-05:00,IdeState,Inactive,,*,-1,-1
2025-01-10T14:34:50.425-05:00,IdeState,Inactive,,*,-1,-1
2025-01-10T14:34:51.426-05:00,IdeState,Inactive,,*,-1,-1
2025-01-10T14:34:52.428-05:00,IdeState,Inactive,,*,-1,-1
2025-01-10T14:34:53.430-05:00,IdeState,Inactive,,*,-1,-1
2025-01-10T14:34:54.431-05:00,IdeState,Inactive,,*,-1,-1
2025-01-10T14:34:55.432-05:00,IdeState,Inactive,,*,-1,-1
2025-01-10T14:34:56.433-05:00,IdeState,Inactive,,*,-1,-1
2025-01-10T14:34:57.434-05:00,IdeState,Inactive,,*,-1,-1
2025-01-10T14:34:58.437-05:00,IdeState,Inactive,,*,-1,-1
2025-01-10T14:34:59.437-05:00,IdeState,Inactive,,*,-1,-1
2025-01-10T14:35:00.438-05:00,IdeState,Inactive,,*,-1,-1
2025-01-10T14:35:01.438-05:00,IdeState,Inactive,,*,-1,-1
2025-01-10T14:35:02.441-05:00,IdeState,Inactive,,*,-1,-1
2025-01-10T14:35:03.441-05:00,IdeState,Inactive,,*,-1,-1
2025-01-10T14:35:04.443-05:00,IdeState,Inactive,,*,-1,-1
2025-01-10T14:35:05.444-05:00,IdeState,Inactive,,*,-1,-1
2025-01-10T14:35:06.445-05:00,IdeState,Inactive,,*,-1,-1
2025-01-10T14:35:07.447-05:00,IdeState,Inactive,,*,-1,-1
2025-01-10T14:35:08.448-05:00,IdeState,Inactive,,*,-1,-1
2025-01-10T14:35:09.450-05:00,IdeState,Inactive,,*,-1,-1
2025-01-10T14:35:10.451-05:00,IdeState,Inactive,,*,-1,-1
2025-01-10T14:35:11.452-05:00,IdeState,Inactive,,*,-1,-1
2025-01-10T14:35:12.453-05:00,IdeState,Inactive,,*,-1,-1
2025-01-10T14:35:13.455-05:00,IdeState,Inactive,,*,-1,-1
2025-01-10T14:35:14.457-05:00,IdeState,Inactive,,*,-1,-1
2025-01-10T14:35:15.458-05:00,IdeState,Inactive,,*,-1,-1
2025-01-10T14:35:16.460-05:00,IdeState,Inactive,,*,-1,-1
2025-01-10T14:35:17.462-05:00,IdeState,Inactive,,*,-1,-1
2025-01-10T14:35:18.463-05:00,IdeState,Inactive,,*,-1,-1
2025-01-10T14:35:19.464-05:00,IdeState,Inactive,,*,-1,-1
2025-01-10T14:35:20.465-05:00,IdeState,Inactive,,*,-1,-1
2025-01-10T14:35:21.466-05:00,IdeState,Inactive,,*,-1,-1
2025-01-10T14:35:22.467-05:00,IdeState,Inactive,,*,-1,-1
2025-01-10T14:35:23.468-05:00,IdeState,Inactive,,*,-1,-1
2025-01-10T14:35:24.470-05:00,IdeState,Inactive,,*,-1,-1
2025-01-10T14:35:25.471-05:00,IdeState,Inactive,,*,-1,-1
2025-01-10T14:35:26.473-05:00,IdeState,Inactive,,*,-1,-1
2025-01-10T14:35:27.475-05:00,IdeState,Inactive,,*,-1,-1
2025-01-10T14:35:28.476-05:00,IdeState,Inactive,,*,-1,-1
2025-01-10T14:35:29.478-05:00,IdeState,Inactive,,*,-1,-1
2025-01-10T14:35:30.478-05:00,IdeState,Inactive,,*,-1,-1
2025-01-10T14:35:31.480-05:00,IdeState,Inactive,,*,-1,-1
2025-01-10T14:35:32.481-05:00,IdeState,Inactive,,*,-1,-1
2025-01-10T14:35:33.482-05:00,IdeState,Inactive,,*,-1,-1
2025-01-10T14:35:34.482-05:00,IdeState,Inactive,,*,-1,-1
2025-01-10T14:35:35.483-05:00,IdeState,Inactive,,*,-1,-1
2025-01-10T14:35:36.484-05:00,IdeState,Inactive,,*,-1,-1
2025-01-10T14:35:37.486-05:00,IdeState,Inactive,,*,-1,-1
2025-01-10T14:35:38.487-05:00,IdeState,Inactive,,*,-1,-1
2025-01-10T14:35:39.488-05:00,IdeState,Inactive,,*,-1,-1
2025-01-10T14:35:40.489-05:00,IdeState,Inactive,,*,-1,-1
2025-01-10T14:35:41.490-05:00,IdeState,Inactive,,*,-1,-1
2025-01-10T14:35:42.491-05:00,IdeState,Inactive,,*,-1,-1
2025-01-10T14:35:43.493-05:00,IdeState,Inactive,,*,-1,-1
2025-01-10T14:35:44.495-05:00,IdeState,Inactive,,*,-1,-1
2025-01-10T14:35:45.496-05:00,IdeState,Inactive,,*,-1,-1
2025-01-10T14:35:46.498-05:00,IdeState,Inactive,,*,-1,-1
2025-01-10T14:35:47.500-05:00,IdeState,Inactive,,*,-1,-1
2025-01-10T14:35:48.501-05:00,IdeState,Inactive,,*,-1,-1
2025-01-10T14:35:49.503-05:00,IdeState,Inactive,,*,-1,-1
2025-01-10T14:35:50.504-05:00,IdeState,Inactive,,*,-1,-1
2025-01-10T14:35:51.506-05:00,IdeState,Inactive,,*,-1,-1
2025-01-10T14:35:52.508-05:00,IdeState,Inactive,,*,-1,-1
2025-01-10T14:35:53.509-05:00,IdeState,Inactive,,*,-1,-1
2025-01-10T14:35:54.511-05:00,IdeState,Inactive,,*,-1,-1
2025-01-10T14:35:55.512-05:00,IdeState,Inactive,,*,-1,-1
2025-01-10T14:35:56.513-05:00,IdeState,Inactive,,*,-1,-1
2025-01-10T14:35:57.514-05:00,IdeState,Inactive,,*,-1,-1
2025-01-10T14:35:58.516-05:00,IdeState,Inactive,,*,-1,-1
2025-01-10T14:35:59.518-05:00,IdeState,Inactive,,*,-1,-1
2025-01-10T14:36:00.520-05:00,IdeState,Inactive,,*,-1,-1
2025-01-10T14:36:01.521-05:00,IdeState,Inactive,,*,-1,-1
2025-01-10T14:36:02.523-05:00,IdeState,Inactive,,*,-1,-1
2025-01-10T14:36:03.524-05:00,IdeState,Inactive,,*,-1,-1
2025-01-10T14:36:04.526-05:00,IdeState,Inactive,,*,-1,-1
2025-01-10T14:36:05.527-05:00,IdeState,Inactive,,*,-1,-1
2025-01-10T14:36:06.528-05:00,IdeState,Inactive,,*,-1,-1
2025-01-10T14:36:07.530-05:00,IdeState,Inactive,,*,-1,-1
2025-01-10T14:36:08.531-05:00,IdeState,Inactive,,*,-1,-1
2025-01-10T14:36:09.534-05:00,IdeState,Inactive,,*,-1,-1
2025-01-10T14:36:10.535-05:00,IdeState,Inactive,,*,-1,-1
2025-01-10T14:36:11.537-05:00,IdeState,Inactive,,*,-1,-1
2025-01-10T14:36:12.538-05:00,IdeState,Inactive,,*,-1,-1
2025-01-10T14:36:13.540-05:00,IdeState,Inactive,,*,-1,-1
2025-01-10T14:36:14.541-05:00,IdeState,Inactive,,*,-1,-1
2025-01-10T14:36:15.543-05:00,IdeState,Inactive,,*,-1,-1
2025-01-10T14:36:16.544-05:00,IdeState,Inactive,,*,-1,-1
2025-01-10T14:36:17.546-05:00,IdeState,Inactive,,*,-1,-1
2025-01-10T14:36:18.546-05:00,IdeState,Inactive,,*,-1,-1
2025-01-10T14:36:19.547-05:00,IdeState,Inactive,,*,-1,-1
2025-01-10T14:36:20.549-05:00,IdeState,Inactive,,*,-1,-1
2025-01-10T14:36:21.551-05:00,IdeState,Inactive,,*,-1,-1
2025-01-10T14:36:22.552-05:00,IdeState,Inactive,,*,-1,-1
2025-01-10T14:36:23.555-05:00,IdeState,Inactive,,*,-1,-1
2025-01-10T14:36:24.557-05:00,IdeState,Inactive,,*,-1,-1
2025-01-10T14:36:25.558-05:00,IdeState,Inactive,,*,-1,-1
2025-01-10T14:36:26.560-05:00,IdeState,Inactive,,*,-1,-1
2025-01-10T14:36:27.560-05:00,IdeState,Inactive,,*,-1,-1
2025-01-10T14:36:28.562-05:00,IdeState,Inactive,,*,-1,-1
2025-01-10T14:36:29.562-05:00,IdeState,Inactive,,*,-1,-1
2025-01-10T14:36:30.563-05:00,IdeState,Inactive,,*,-1,-1
2025-01-10T14:36:31.564-05:00,IdeState,Inactive,,*,-1,-1
2025-01-10T14:36:32.565-05:00,IdeState,Inactive,,*,-1,-1
2025-01-10T14:36:33.566-05:00,IdeState,Inactive,,*,-1,-1
2025-01-10T14:36:34.568-05:00,IdeState,Inactive,,*,-1,-1
2025-01-10T14:36:35.569-05:00,IdeState,Inactive,,*,-1,-1
2025-01-10T14:36:36.571-05:00,IdeState,Inactive,,*,-1,-1
2025-01-10T14:36:37.574-05:00,IdeState,Inactive,,*,-1,-1
2025-01-10T14:36:38.575-05:00,IdeState,Inactive,,*,-1,-1
2025-01-10T14:36:39.577-05:00,IdeState,Inactive,,*,-1,-1
2025-01-10T14:36:40.578-05:00,IdeState,Inactive,,*,-1,-1
2025-01-10T14:36:41.579-05:00,IdeState,Inactive,,*,-1,-1
2025-01-10T14:36:42.581-05:00,IdeState,Inactive,,*,-1,-1
2025-01-10T14:36:43.583-05:00,IdeState,Inactive,,*,-1,-1
2025-01-10T14:36:44.584-05:00,IdeState,Inactive,,*,-1,-1
2025-01-10T14:36:45.585-05:00,IdeState,Inactive,,*,-1,-1
2025-01-10T14:36:46.587-05:00,IdeState,Inactive,,*,-1,-1
2025-01-10T14:36:47.588-05:00,IdeState,Inactive,,*,-1,-1
2025-01-10T14:36:48.589-05:00,IdeState,Inactive,,*,-1,-1
2025-01-10T14:36:49.590-05:00,IdeState,Inactive,,*,-1,-1
2025-01-10T14:36:50.591-05:00,IdeState,Inactive,,*,-1,-1
2025-01-10T14:36:51.593-05:00,IdeState,Inactive,,*,-1,-1
2025-01-10T14:36:52.594-05:00,IdeState,Inactive,,*,-1,-1
2025-01-10T14:36:53.594-05:00,IdeState,Inactive,,*,-1,-1
2025-01-10T14:36:54.597-05:00,IdeState,Inactive,,*,-1,-1
2025-01-10T14:36:55.598-05:00,IdeState,Inactive,,*,-1,-1
2025-01-10T14:36:56.600-05:00,IdeState,Inactive,,*,-1,-1
2025-01-10T14:36:57.600-05:00,IdeState,Inactive,,*,-1,-1
2025-01-10T14:36:58.602-05:00,IdeState,Inactive,,*,-1,-1
2025-01-10T14:36:59.604-05:00,IdeState,Inactive,,*,-1,-1
2025-01-10T14:37:00.604-05:00,IdeState,Inactive,,*,-1,-1
2025-01-10T14:37:01.606-05:00,IdeState,Inactive,,*,-1,-1
2025-01-10T14:37:02.607-05:00,IdeState,Inactive,,*,-1,-1
2025-01-10T14:37:03.608-05:00,IdeState,Inactive,,*,-1,-1
2025-01-10T14:37:04.610-05:00,IdeState,Inactive,,*,-1,-1
2025-01-10T14:37:05.611-05:00,IdeState,Inactive,,*,-1,-1
2025-01-10T14:37:06.613-05:00,IdeState,Inactive,,*,-1,-1
2025-01-10T14:37:07.614-05:00,IdeState,Inactive,,*,-1,-1
2025-01-10T14:37:08.615-05:00,IdeState,Inactive,,*,-1,-1
2025-01-10T14:37:09.617-05:00,IdeState,Inactive,,*,-1,-1
2025-01-10T14:37:10.618-05:00,IdeState,Inactive,,*,-1,-1
2025-01-10T14:37:11.618-05:00,IdeState,Inactive,,*,-1,-1
2025-01-10T14:37:12.619-05:00,IdeState,Inactive,,*,-1,-1
2025-01-10T14:37:13.622-05:00,IdeState,Inactive,,*,-1,-1
2025-01-10T14:37:14.624-05:00,IdeState,Inactive,,*,-1,-1
2025-01-10T14:37:15.625-05:00,IdeState,Inactive,,*,-1,-1
2025-01-10T14:37:16.625-05:00,IdeState,Inactive,,*,-1,-1
2025-01-10T14:37:17.627-05:00,IdeState,Inactive,,*,-1,-1
2025-01-10T14:37:18.627-05:00,IdeState,Inactive,,*,-1,-1
2025-01-10T14:37:19.628-05:00,IdeState,Inactive,,*,-1,-1
2025-01-10T14:37:20.629-05:00,IdeState,Inactive,,*,-1,-1
2025-01-10T14:37:21.630-05:00,IdeState,Inactive,,*,-1,-1
2025-01-10T14:37:22.631-05:00,IdeState,Inactive,,*,-1,-1
2025-01-10T14:37:23.632-05:00,IdeState,Inactive,,*,-1,-1
2025-01-10T14:37:24.633-05:00,IdeState,Inactive,,*,-1,-1
2025-01-10T14:37:25.634-05:00,IdeState,Inactive,,*,-1,-1
2025-01-10T14:37:26.635-05:00,IdeState,Inactive,,*,-1,-1
2025-01-10T14:37:27.637-05:00,IdeState,Inactive,,*,-1,-1
2025-01-10T14:37:28.638-05:00,IdeState,Inactive,,*,-1,-1
2025-01-10T14:37:29.641-05:00,IdeState,Inactive,,*,-1,-1
2025-01-10T14:37:30.642-05:00,IdeState,Inactive,,*,-1,-1
2025-01-10T14:37:31.643-05:00,IdeState,Inactive,,*,-1,-1
2025-01-10T14:37:32.644-05:00,IdeState,Inactive,,*,-1,-1
2025-01-10T14:37:33.647-05:00,IdeState,Inactive,,*,-1,-1
2025-01-10T14:37:34.647-05:00,IdeState,Inactive,,*,-1,-1
2025-01-10T14:37:35.649-05:00,IdeState,Inactive,,*,-1,-1
2025-01-10T14:37:36.651-05:00,IdeState,Inactive,,*,-1,-1
2025-01-10T14:37:37.652-05:00,IdeState,Inactive,,*,-1,-1
2025-01-10T14:37:38.654-05:00,IdeState,Inactive,,*,-1,-1
2025-01-10T14:37:39.657-05:00,IdeState,Inactive,,*,-1,-1
2025-01-10T14:37:40.657-05:00,IdeState,Inactive,,*,-1,-1
2025-01-10T14:37:41.658-05:00,IdeState,Inactive,,*,-1,-1
2025-01-10T14:37:42.659-05:00,IdeState,Inactive,,*,-1,-1
2025-01-10T14:37:43.660-05:00,IdeState,Inactive,,*,-1,-1
2025-01-10T14:37:44.661-05:00,IdeState,Inactive,,*,-1,-1
2025-01-10T14:37:45.662-05:00,IdeState,Inactive,,*,-1,-1
2025-01-10T14:37:46.663-05:00,IdeState,Inactive,,*,-1,-1
2025-01-10T14:37:47.665-05:00,IdeState,Inactive,,*,-1,-1
2025-01-10T14:37:48.666-05:00,IdeState,Inactive,,*,-1,-1
2025-01-10T14:37:49.668-05:00,IdeState,Inactive,,*,-1,-1
2025-01-10T14:37:50.669-05:00,IdeState,Inactive,,*,-1,-1
2025-01-10T14:37:51.670-05:00,IdeState,Inactive,,*,-1,-1
2025-01-10T14:37:52.672-05:00,IdeState,Inactive,,*,-1,-1
2025-01-10T14:37:53.673-05:00,IdeState,Inactive,,*,-1,-1
2025-01-10T14:37:54.676-05:00,IdeState,Inactive,,*,-1,-1
2025-01-10T14:37:55.678-05:00,IdeState,Inactive,,*,-1,-1
2025-01-10T14:37:56.679-05:00,IdeState,Inactive,,*,-1,-1
2025-01-10T14:37:57.681-05:00,IdeState,Inactive,,*,-1,-1
2025-01-10T14:37:58.682-05:00,IdeState,Inactive,,*,-1,-1
2025-01-10T14:37:59.685-05:00,IdeState,Inactive,,*,-1,-1
2025-01-10T14:38:00.687-05:00,IdeState,Inactive,,*,-1,-1
2025-01-10T14:38:01.687-05:00,IdeState,Inactive,,*,-1,-1
2025-01-10T14:38:02.688-05:00,IdeState,Inactive,,*,-1,-1
2025-01-10T14:38:03.689-05:00,IdeState,Inactive,,*,-1,-1
2025-01-10T14:38:04.690-05:00,IdeState,Inactive,,*,-1,-1
2025-01-10T14:38:05.692-05:00,IdeState,Inactive,,*,-1,-1
2025-01-10T14:38:06.693-05:00,IdeState,Inactive,,*,-1,-1
2025-01-10T14:38:07.695-05:00,IdeState,Inactive,,*,-1,-1
2025-01-10T14:38:08.697-05:00,IdeState,Inactive,,*,-1,-1
2025-01-10T14:38:09.699-05:00,IdeState,Inactive,,*,-1,-1
2025-01-10T14:38:10.699-05:00,IdeState,Inactive,,*,-1,-1
2025-01-10T14:38:11.701-05:00,IdeState,Inactive,,*,-1,-1
2025-01-10T14:38:12.702-05:00,IdeState,Inactive,,*,-1,-1
2025-01-10T14:38:13.703-05:00,IdeState,Inactive,,*,-1,-1
2025-01-10T14:38:14.704-05:00,IdeState,Inactive,,*,-1,-1
2025-01-10T14:38:15.705-05:00,IdeState,Inactive,,*,-1,-1
2025-01-10T14:38:16.706-05:00,IdeState,Inactive,,*,-1,-1
2025-01-10T14:38:17.708-05:00,IdeState,Inactive,,*,-1,-1
2025-01-10T14:38:18.709-05:00,IdeState,Inactive,,*,-1,-1
2025-01-10T14:38:19.709-05:00,IdeState,Inactive,,*,-1,-1
2025-01-10T14:38:20.711-05:00,IdeState,Inactive,,*,-1,-1
2025-01-10T14:38:21.711-05:00,IdeState,Inactive,,*,-1,-1
2025-01-10T14:38:22.714-05:00,IdeState,Inactive,,*,-1,-1
2025-01-10T14:38:23.715-05:00,IdeState,Inactive,,*,-1,-1
2025-01-10T14:38:24.716-05:00,IdeState,Inactive,,*,-1,-1
2025-01-10T14:38:25.717-05:00,IdeState,Inactive,,*,-1,-1
2025-01-10T14:38:26.718-05:00,IdeState,Inactive,,*,-1,-1
2025-01-10T14:38:27.719-05:00,IdeState,Inactive,,*,-1,-1
2025-01-10T14:38:28.720-05:00,IdeState,Inactive,,*,-1,-1
2025-01-10T14:38:29.721-05:00,IdeState,Inactive,,*,-1,-1
2025-01-10T14:38:30.722-05:00,IdeState,Inactive,,*,-1,-1
2025-01-10T14:38:31.724-05:00,IdeState,Inactive,,*,-1,-1
2025-01-10T14:38:32.725-05:00,IdeState,Inactive,,*,-1,-1
2025-01-10T14:38:33.726-05:00,IdeState,Inactive,,*,-1,-1
2025-01-10T14:38:34.727-05:00,IdeState,Inactive,,*,-1,-1
2025-01-10T14:38:35.728-05:00,IdeState,Inactive,,*,-1,-1
2025-01-10T14:38:36.730-05:00,IdeState,Inactive,,*,-1,-1
2025-01-10T14:38:37.732-05:00,IdeState,Inactive,,*,-1,-1
2025-01-10T14:38:38.733-05:00,IdeState,Inactive,,*,-1,-1
2025-01-10T14:38:39.734-05:00,IdeState,Inactive,,*,-1,-1
2025-01-10T14:38:40.735-05:00,IdeState,Inactive,,*,-1,-1
2025-01-10T14:38:41.735-05:00,IdeState,Inactive,,*,-1,-1
2025-01-10T14:38:42.736-05:00,IdeState,Inactive,,*,-1,-1
2025-01-10T14:38:43.738-05:00,IdeState,Inactive,,*,-1,-1
2025-01-10T14:38:44.739-05:00,IdeState,Inactive,,*,-1,-1
2025-01-10T14:38:45.739-05:00,IdeState,Inactive,,*,-1,-1
2025-01-10T14:38:46.741-05:00,IdeState,Inactive,,*,-1,-1
2025-01-10T14:38:47.743-05:00,IdeState,Inactive,,*,-1,-1
2025-01-10T14:38:48.745-05:00,IdeState,Inactive,,*,-1,-1
2025-01-10T14:38:49.748-05:00,IdeState,Inactive,,*,-1,-1
2025-01-10T14:38:50.749-05:00,IdeState,Inactive,,*,-1,-1
2025-01-10T14:38:51.751-05:00,IdeState,Inactive,,*,-1,-1
2025-01-10T14:38:52.752-05:00,IdeState,Inactive,,*,-1,-1
2025-01-10T14:38:53.754-05:00,IdeState,Inactive,,*,-1,-1
2025-01-10T14:38:54.755-05:00,IdeState,Inactive,,*,-1,-1
2025-01-10T14:38:55.757-05:00,IdeState,Inactive,,*,-1,-1
2025-01-10T14:38:56.757-05:00,IdeState,Inactive,,*,-1,-1
2025-01-10T14:38:57.758-05:00,IdeState,Inactive,,*,-1,-1
2025-01-10T14:38:58.759-05:00,IdeState,Inactive,,*,-1,-1
2025-01-10T14:38:59.759-05:00,IdeState,Inactive,,*,-1,-1
2025-01-10T14:39:00.760-05:00,IdeState,Inactive,,*,-1,-1
2025-01-10T14:39:01.761-05:00,IdeState,Inactive,,*,-1,-1
2025-01-10T14:39:02.763-05:00,IdeState,Inactive,,*,-1,-1
2025-01-10T14:39:03.765-05:00,IdeState,Inactive,,*,-1,-1
2025-01-10T14:39:04.765-05:00,IdeState,Inactive,,*,-1,-1
2025-01-10T14:39:05.766-05:00,IdeState,Inactive,,*,-1,-1
2025-01-10T14:39:06.769-05:00,IdeState,Inactive,,*,-1,-1
2025-01-10T14:39:07.771-05:00,IdeState,Inactive,,*,-1,-1
2025-01-10T14:39:08.772-05:00,IdeState,Inactive,,*,-1,-1
2025-01-10T14:39:09.787-05:00,IdeState,Inactive,,*,-1,-1
2025-01-10T14:39:10.791-05:00,IdeState,Inactive,,*,-1,-1
2025-01-10T14:39:11.793-05:00,IdeState,Inactive,,*,-1,-1
2025-01-10T14:39:12.795-05:00,IdeState,Inactive,,*,-1,-1
2025-01-10T14:39:13.795-05:00,IdeState,Inactive,,*,-1,-1
2025-01-10T14:39:14.796-05:00,IdeState,Inactive,,*,-1,-1
2025-01-10T14:39:15.797-05:00,IdeState,Inactive,,*,-1,-1
2025-01-10T14:39:16.798-05:00,IdeState,Inactive,,*,-1,-1
2025-01-10T14:39:17.799-05:00,IdeState,Inactive,,*,-1,-1
2025-01-10T14:39:18.800-05:00,IdeState,Inactive,,*,-1,-1
2025-01-10T14:39:19.803-05:00,IdeState,Inactive,,*,-1,-1
2025-01-10T14:39:20.803-05:00,IdeState,Inactive,,*,-1,-1
2025-01-10T14:39:21.806-05:00,IdeState,Inactive,,*,-1,-1
2025-01-10T14:39:22.818-05:00,IdeState,Inactive,,*,-1,-1
2025-01-10T14:39:23.840-05:00,IdeState,Inactive,,*,-1,-1
2025-01-10T14:39:24.841-05:00,IdeState,Inactive,,*,-1,-1
2025-01-10T14:39:25.842-05:00,IdeState,Inactive,,*,-1,-1
2025-01-10T14:39:26.844-05:00,IdeState,Inactive,,*,-1,-1
2025-01-10T14:39:27.863-05:00,IdeState,Inactive,,*,-1,-1
2025-01-10T14:39:28.865-05:00,IdeState,Inactive,,*,-1,-1
2025-01-10T14:39:29.866-05:00,IdeState,Inactive,,*,-1,-1
2025-01-10T14:39:30.868-05:00,IdeState,Inactive,,*,-1,-1
2025-01-10T14:39:31.870-05:00,IdeState,Inactive,,*,-1,-1
2025-01-10T14:39:32.871-05:00,IdeState,Inactive,,*,-1,-1
2025-01-10T14:39:33.873-05:00,IdeState,Inactive,,*,-1,-1
2025-01-10T14:39:34.873-05:00,IdeState,Inactive,,*,-1,-1
2025-01-10T14:39:35.874-05:00,IdeState,Inactive,,*,-1,-1
2025-01-10T14:39:36.875-05:00,IdeState,Inactive,,*,-1,-1
2025-01-10T14:39:37.878-05:00,IdeState,Inactive,,*,-1,-1
2025-01-10T14:39:38.879-05:00,IdeState,Inactive,,*,-1,-1
2025-01-10T14:39:39.882-05:00,IdeState,Inactive,,*,-1,-1
2025-01-10T14:39:40.883-05:00,IdeState,Inactive,,*,-1,-1
2025-01-10T14:39:41.883-05:00,IdeState,Inactive,,*,-1,-1
2025-01-10T14:39:42.885-05:00,IdeState,Inactive,,*,-1,-1
2025-01-10T14:39:43.887-05:00,IdeState,Inactive,,*,-1,-1
2025-01-10T14:39:44.890-05:00,IdeState,Inactive,,*,-1,-1
2025-01-10T14:39:45.891-05:00,IdeState,Inactive,,*,-1,-1
2025-01-10T14:39:46.892-05:00,IdeState,Inactive,,*,-1,-1
2025-01-10T14:39:47.893-05:00,IdeState,Inactive,,*,-1,-1
2025-01-10T14:39:48.894-05:00,IdeState,Inactive,,*,-1,-1
2025-01-10T14:39:49.895-05:00,IdeState,Inactive,,*,-1,-1
2025-01-10T14:39:50.896-05:00,IdeState,Inactive,,*,-1,-1
2025-01-10T14:39:51.897-05:00,IdeState,Inactive,,*,-1,-1
2025-01-10T14:39:52.898-05:00,IdeState,Inactive,,*,-1,-1
2025-01-10T14:39:53.899-05:00,IdeState,Inactive,,*,-1,-1
2025-01-10T14:39:54.899-05:00,IdeState,Inactive,,*,-1,-1
2025-01-10T14:39:55.901-05:00,IdeState,Inactive,,*,-1,-1
2025-01-10T14:39:56.902-05:00,IdeState,Inactive,,*,-1,-1
2025-01-10T14:39:57.903-05:00,IdeState,Inactive,,*,-1,-1
2025-01-10T14:39:58.905-05:00,IdeState,Inactive,,*,-1,-1
2025-01-10T14:39:59.907-05:00,IdeState,Inactive,,*,-1,-1
2025-01-10T14:40:00.908-05:00,IdeState,Inactive,,*,-1,-1
2025-01-10T14:40:01.909-05:00,IdeState,Inactive,,*,-1,-1
2025-01-10T14:40:02.910-05:00,IdeState,Inactive,,*,-1,-1
2025-01-10T14:40:03.911-05:00,IdeState,Inactive,,*,-1,-1
2025-01-10T14:40:04.912-05:00,IdeState,Inactive,,*,-1,-1
2025-01-10T14:40:05.923-05:00,IdeState,Inactive,,*,-1,-1
2025-01-10T14:40:06.926-05:00,IdeState,Inactive,,*,-1,-1
2025-01-10T14:40:07.927-05:00,IdeState,Inactive,,*,-1,-1
2025-01-10T14:40:08.929-05:00,IdeState,Inactive,,*,-1,-1
2025-01-10T14:40:09.930-05:00,IdeState,Inactive,,*,-1,-1
2025-01-10T14:40:10.930-05:00,IdeState,Inactive,,*,-1,-1
2025-01-10T14:40:11.931-05:00,IdeState,Inactive,,*,-1,-1
2025-01-10T14:40:12.932-05:00,IdeState,Inactive,,*,-1,-1
2025-01-10T14:40:13.933-05:00,IdeState,Inactive,,*,-1,-1
2025-01-10T14:40:14.935-05:00,IdeState,Inactive,,*,-1,-1
2025-01-10T14:40:15.937-05:00,IdeState,Inactive,,*,-1,-1
2025-01-10T14:40:16.938-05:00,IdeState,Inactive,,*,-1,-1
2025-01-10T14:40:17.939-05:00,IdeState,Inactive,,*,-1,-1
2025-01-10T14:40:18.940-05:00,IdeState,Inactive,,*,-1,-1
2025-01-10T14:40:19.941-05:00,IdeState,Inactive,,*,-1,-1
2025-01-10T14:40:20.942-05:00,IdeState,Inactive,,*,-1,-1
2025-01-10T14:40:21.944-05:00,IdeState,Inactive,,*,-1,-1
2025-01-10T14:40:22.946-05:00,IdeState,Inactive,,*,-1,-1
2025-01-10T14:40:23.947-05:00,IdeState,Inactive,,*,-1,-1
2025-01-10T14:40:24.947-05:00,IdeState,Inactive,,*,-1,-1
2025-01-10T14:40:25.949-05:00,IdeState,Inactive,,*,-1,-1
2025-01-10T14:40:26.950-05:00,IdeState,Inactive,,*,-1,-1
2025-01-10T14:40:27.951-05:00,IdeState,Inactive,,*,-1,-1
2025-01-10T14:40:28.953-05:00,IdeState,Inactive,,*,-1,-1
2025-01-10T14:40:29.954-05:00,IdeState,Inactive,,*,-1,-1
2025-01-10T14:40:30.955-05:00,IdeState,Inactive,,*,-1,-1
2025-01-10T14:40:31.956-05:00,IdeState,Inactive,,*,-1,-1
2025-01-10T14:40:32.957-05:00,IdeState,Inactive,,*,-1,-1
2025-01-10T14:40:33.958-05:00,IdeState,Inactive,,*,-1,-1
2025-01-10T14:40:34.959-05:00,IdeState,Inactive,,*,-1,-1
2025-01-10T14:40:35.960-05:00,IdeState,Inactive,,*,-1,-1
2025-01-10T14:40:36.987-05:00,IdeState,Inactive,,*,-1,-1
2025-01-10T14:40:37.988-05:00,IdeState,Inactive,,*,-1,-1
2025-01-10T14:40:38.989-05:00,IdeState,Inactive,,*,-1,-1
2025-01-10T14:40:39.990-05:00,IdeState,Inactive,,*,-1,-1
2025-01-10T14:40:40.990-05:00,IdeState,Inactive,,*,-1,-1
2025-01-10T14:40:41.991-05:00,IdeState,Inactive,,*,-1,-1
2025-01-10T14:40:42.992-05:00,IdeState,Inactive,,*,-1,-1
2025-01-10T14:40:43.993-05:00,IdeState,Inactive,,*,-1,-1
2025-01-10T14:40:44.995-05:00,IdeState,Inactive,,*,-1,-1
2025-01-10T14:40:45.997-05:00,IdeState,Inactive,,*,-1,-1
2025-01-10T14:40:47.000-05:00,IdeState,Inactive,,*,-1,-1
2025-01-10T14:40:48.002-05:00,IdeState,Inactive,,*,-1,-1
2025-01-10T14:40:49.019-05:00,IdeState,Inactive,,*,-1,-1
2025-01-10T14:40:50.020-05:00,IdeState,Inactive,,*,-1,-1
2025-01-10T14:40:51.021-05:00,IdeState,Inactive,,*,-1,-1
2025-01-10T14:40:52.023-05:00,IdeState,Inactive,,*,-1,-1
2025-01-10T14:40:53.024-05:00,IdeState,Inactive,,*,-1,-1
2025-01-10T14:40:54.025-05:00,IdeState,Inactive,,*,-1,-1
2025-01-10T14:40:55.031-05:00,IdeState,Inactive,,*,-1,-1
2025-01-10T14:40:56.032-05:00,IdeState,Inactive,,*,-1,-1
2025-01-10T14:40:57.034-05:00,IdeState,Inactive,,*,-1,-1
2025-01-10T14:40:58.036-05:00,IdeState,Inactive,,*,-1,-1
2025-01-10T14:40:59.036-05:00,IdeState,Inactive,,*,-1,-1
2025-01-10T14:41:00.037-05:00,IdeState,Inactive,,*,-1,-1
2025-01-10T14:41:01.040-05:00,IdeState,Inactive,,*,-1,-1
2025-01-10T14:41:02.041-05:00,IdeState,Inactive,,*,-1,-1
2025-01-10T14:41:03.042-05:00,IdeState,Inactive,,*,-1,-1
2025-01-10T14:41:04.045-05:00,IdeState,Inactive,,*,-1,-1
2025-01-10T14:41:05.047-05:00,IdeState,Inactive,,*,-1,-1
2025-01-10T14:41:06.050-05:00,IdeState,Inactive,,*,-1,-1
2025-01-10T14:41:07.051-05:00,IdeState,Inactive,,*,-1,-1
2025-01-10T14:41:08.052-05:00,IdeState,Inactive,,*,-1,-1
2025-01-10T14:41:09.053-05:00,IdeState,Inactive,,*,-1,-1
2025-01-10T14:41:10.054-05:00,IdeState,Inactive,,*,-1,-1
2025-01-10T14:41:11.056-05:00,IdeState,Inactive,,*,-1,-1
2025-01-10T14:41:12.057-05:00,IdeState,Inactive,,*,-1,-1
2025-01-10T14:41:13.057-05:00,IdeState,Inactive,,*,-1,-1
2025-01-10T14:41:14.058-05:00,IdeState,Inactive,,*,-1,-1
2025-01-10T14:41:15.060-05:00,IdeState,Inactive,,*,-1,-1
2025-01-10T14:41:16.063-05:00,IdeState,Inactive,,*,-1,-1
2025-01-10T14:41:17.064-05:00,IdeState,Inactive,,*,-1,-1
2025-01-10T14:41:18.065-05:00,IdeState,Inactive,,*,-1,-1
2025-01-10T14:41:19.066-05:00,IdeState,Inactive,,*,-1,-1
2025-01-10T14:41:20.067-05:00,IdeState,Inactive,,*,-1,-1
2025-01-10T14:41:21.068-05:00,IdeState,Inactive,,*,-1,-1
2025-01-10T14:41:22.070-05:00,IdeState,Inactive,,*,-1,-1
2025-01-10T14:41:23.073-05:00,IdeState,Inactive,,*,-1,-1
2025-01-10T14:41:24.075-05:00,IdeState,Inactive,,*,-1,-1
2025-01-10T14:41:25.076-05:00,IdeState,Inactive,,*,-1,-1
2025-01-10T14:41:26.078-05:00,IdeState,Inactive,,*,-1,-1
2025-01-10T14:41:27.081-05:00,IdeState,Inactive,,*,-1,-1
2025-01-10T14:41:28.082-05:00,IdeState,Inactive,,*,-1,-1
2025-01-10T14:41:29.084-05:00,IdeState,Inactive,,*,-1,-1
2025-01-10T14:41:30.085-05:00,IdeState,Inactive,,*,-1,-1
2025-01-10T14:41:31.086-05:00,IdeState,Inactive,,*,-1,-1
2025-01-10T14:41:32.086-05:00,IdeState,Inactive,,*,-1,-1
2025-01-10T14:41:33.087-05:00,IdeState,Inactive,,*,-1,-1
2025-01-10T14:41:34.088-05:00,IdeState,Inactive,,*,-1,-1
2025-01-10T14:41:35.090-05:00,IdeState,Inactive,,*,-1,-1
2025-01-10T14:41:36.093-05:00,IdeState,Inactive,,*,-1,-1
2025-01-10T14:41:37.094-05:00,IdeState,Inactive,,*,-1,-1
2025-01-10T14:41:38.095-05:00,IdeState,Inactive,,*,-1,-1
2025-01-10T14:41:39.097-05:00,IdeState,Inactive,,*,-1,-1
2025-01-10T14:41:40.097-05:00,IdeState,Inactive,,*,-1,-1
2025-01-10T14:41:41.099-05:00,IdeState,Inactive,,*,-1,-1
2025-01-10T14:41:42.100-05:00,IdeState,Inactive,,*,-1,-1
2025-01-10T14:41:43.101-05:00,IdeState,Inactive,,*,-1,-1
2025-01-10T14:41:44.101-05:00,IdeState,Inactive,,*,-1,-1
2025-01-10T14:41:45.105-05:00,IdeState,Inactive,,*,-1,-1
2025-01-10T14:41:46.109-05:00,IdeState,Inactive,,*,-1,-1
2025-01-10T14:41:47.109-05:00,IdeState,Inactive,,*,-1,-1
2025-01-10T14:41:48.112-05:00,IdeState,Inactive,,*,-1,-1
2025-01-10T14:41:49.113-05:00,IdeState,Inactive,,*,-1,-1
2025-01-10T14:41:50.114-05:00,IdeState,Inactive,,*,-1,-1
2025-01-10T14:41:51.116-05:00,IdeState,Inactive,,*,-1,-1
2025-01-10T14:41:52.117-05:00,IdeState,Inactive,,*,-1,-1
2025-01-10T14:41:53.118-05:00,IdeState,Inactive,,*,-1,-1
2025-01-10T14:41:54.120-05:00,IdeState,Inactive,,*,-1,-1
2025-01-10T14:41:55.121-05:00,IdeState,Inactive,,*,-1,-1
2025-01-10T14:41:56.122-05:00,IdeState,Inactive,,*,-1,-1
2025-01-10T14:41:57.125-05:00,IdeState,Inactive,,*,-1,-1
2025-01-10T14:41:58.126-05:00,IdeState,Inactive,,*,-1,-1
2025-01-10T14:41:59.127-05:00,IdeState,Inactive,,*,-1,-1
2025-01-10T14:42:00.129-05:00,IdeState,Inactive,,*,-1,-1
2025-01-10T14:42:01.130-05:00,IdeState,Inactive,,*,-1,-1
2025-01-10T14:42:02.133-05:00,IdeState,Inactive,,*,-1,-1
2025-01-10T14:42:03.133-05:00,IdeState,Inactive,,*,-1,-1
2025-01-10T14:42:04.134-05:00,IdeState,Inactive,,*,-1,-1
2025-01-10T14:42:05.135-05:00,IdeState,Inactive,,*,-1,-1
2025-01-10T14:42:06.137-05:00,IdeState,Inactive,,*,-1,-1
2025-01-10T14:42:07.139-05:00,IdeState,Inactive,,*,-1,-1
2025-01-10T14:42:08.140-05:00,IdeState,Inactive,,*,-1,-1
2025-01-10T14:42:09.141-05:00,IdeState,Inactive,,*,-1,-1
2025-01-10T14:42:10.142-05:00,IdeState,Inactive,,*,-1,-1
2025-01-10T14:42:11.144-05:00,IdeState,Inactive,,*,-1,-1
2025-01-10T14:42:12.146-05:00,IdeState,Inactive,,*,-1,-1
2025-01-10T14:42:13.147-05:00,IdeState,Inactive,,*,-1,-1
2025-01-10T14:42:14.149-05:00,IdeState,Inactive,,*,-1,-1
2025-01-10T14:42:15.150-05:00,IdeState,Inactive,,*,-1,-1
2025-01-10T14:42:16.152-05:00,IdeState,Inactive,,*,-1,-1
2025-01-10T14:42:17.163-05:00,IdeState,Inactive,,*,-1,-1
2025-01-10T14:42:18.166-05:00,IdeState,Inactive,,*,-1,-1
2025-01-10T14:42:19.168-05:00,IdeState,Inactive,,*,-1,-1
2025-01-10T14:42:20.170-05:00,IdeState,Inactive,,*,-1,-1
2025-01-10T14:42:21.173-05:00,IdeState,Inactive,,*,-1,-1
2025-01-10T14:42:22.173-05:00,IdeState,Inactive,,*,-1,-1
2025-01-10T14:42:23.174-05:00,IdeState,Inactive,,*,-1,-1
2025-01-10T14:42:24.175-05:00,IdeState,Inactive,,*,-1,-1
2025-01-10T14:42:25.177-05:00,IdeState,Inactive,,*,-1,-1
2025-01-10T14:42:26.177-05:00,IdeState,Inactive,,*,-1,-1
2025-01-10T14:42:27.179-05:00,IdeState,Inactive,,*,-1,-1
2025-01-10T14:42:28.180-05:00,IdeState,Inactive,,*,-1,-1
2025-01-10T14:42:29.181-05:00,IdeState,Inactive,,*,-1,-1
2025-01-10T14:42:30.182-05:00,IdeState,Inactive,,*,-1,-1
2025-01-10T14:42:31.184-05:00,IdeState,Inactive,,*,-1,-1
2025-01-10T14:42:32.185-05:00,IdeState,Inactive,,*,-1,-1
2025-01-10T14:42:33.186-05:00,IdeState,Inactive,,*,-1,-1
2025-01-10T14:42:34.188-05:00,IdeState,Inactive,,*,-1,-1
2025-01-10T14:42:35.189-05:00,IdeState,Inactive,,*,-1,-1
2025-01-10T14:42:36.190-05:00,IdeState,Inactive,,*,-1,-1
2025-01-10T14:42:37.192-05:00,IdeState,Inactive,,*,-1,-1
2025-01-10T14:42:38.193-05:00,IdeState,Inactive,,*,-1,-1
2025-01-10T14:42:39.194-05:00,IdeState,Inactive,,*,-1,-1
2025-01-10T14:42:40.195-05:00,IdeState,Inactive,,*,-1,-1
2025-01-10T14:42:41.196-05:00,IdeState,Inactive,,*,-1,-1
2025-01-10T14:42:42.199-05:00,IdeState,Inactive,,*,-1,-1
2025-01-10T14:42:43.199-05:00,IdeState,Inactive,,*,-1,-1
2025-01-10T14:42:44.202-05:00,IdeState,Inactive,,*,-1,-1
2025-01-10T14:42:45.203-05:00,IdeState,Inactive,,*,-1,-1
2025-01-10T14:42:46.204-05:00,IdeState,Inactive,,*,-1,-1
2025-01-10T14:42:47.205-05:00,IdeState,Inactive,,*,-1,-1
2025-01-10T14:42:48.206-05:00,IdeState,Inactive,,*,-1,-1
2025-01-10T14:42:49.208-05:00,IdeState,Inactive,,*,-1,-1
2025-01-10T14:42:50.208-05:00,IdeState,Inactive,,*,-1,-1
2025-01-10T14:42:51.209-05:00,IdeState,Inactive,,*,-1,-1
2025-01-10T14:42:52.211-05:00,IdeState,Inactive,,*,-1,-1
2025-01-10T14:42:53.212-05:00,IdeState,Inactive,,*,-1,-1
2025-01-10T14:42:54.214-05:00,IdeState,Inactive,,*,-1,-1
2025-01-10T14:42:55.215-05:00,IdeState,Inactive,,*,-1,-1
2025-01-10T14:42:56.217-05:00,IdeState,Inactive,,*,-1,-1
2025-01-10T14:42:57.218-05:00,IdeState,Inactive,,*,-1,-1
2025-01-10T14:42:58.219-05:00,IdeState,Inactive,,*,-1,-1
2025-01-10T14:42:59.232-05:00,IdeState,Inactive,,*,-1,-1
2025-01-10T14:43:00.234-05:00,IdeState,Inactive,,*,-1,-1
2025-01-10T14:43:01.236-05:00,IdeState,Inactive,,*,-1,-1
2025-01-10T14:43:02.238-05:00,IdeState,Inactive,,*,-1,-1
2025-01-10T14:43:03.238-05:00,IdeState,Inactive,,*,-1,-1
2025-01-10T14:43:04.240-05:00,IdeState,Inactive,,*,-1,-1
2025-01-10T14:43:05.241-05:00,IdeState,Inactive,,*,-1,-1
2025-01-10T14:43:06.242-05:00,IdeState,Inactive,,*,-1,-1
2025-01-10T14:43:07.243-05:00,IdeState,Inactive,,*,-1,-1
2025-01-10T14:43:08.244-05:00,IdeState,Inactive,,*,-1,-1
2025-01-10T14:43:09.244-05:00,IdeState,Inactive,,*,-1,-1
2025-01-10T14:43:10.246-05:00,IdeState,Inactive,,*,-1,-1
2025-01-10T14:43:11.247-05:00,IdeState,Inactive,,*,-1,-1
2025-01-10T14:43:12.248-05:00,IdeState,Inactive,,*,-1,-1
2025-01-10T14:43:13.249-05:00,IdeState,Inactive,,*,-1,-1
2025-01-10T14:43:14.251-05:00,IdeState,Inactive,,*,-1,-1
2025-01-10T14:43:15.254-05:00,IdeState,Inactive,,*,-1,-1
2025-01-10T14:43:16.254-05:00,IdeState,Inactive,,*,-1,-1
2025-01-10T14:43:17.256-05:00,IdeState,Inactive,,*,-1,-1
2025-01-10T14:43:18.258-05:00,IdeState,Inactive,,*,-1,-1
2025-01-10T14:43:19.260-05:00,IdeState,Inactive,,*,-1,-1
2025-01-10T14:43:20.261-05:00,IdeState,Inactive,,*,-1,-1
2025-01-10T14:43:21.263-05:00,IdeState,Inactive,,*,-1,-1
2025-01-10T14:43:22.264-05:00,IdeState,Inactive,,*,-1,-1
2025-01-10T14:43:23.266-05:00,IdeState,Inactive,,*,-1,-1
2025-01-10T14:43:24.269-05:00,IdeState,Inactive,,*,-1,-1
2025-01-10T14:43:25.270-05:00,IdeState,Inactive,,*,-1,-1
2025-01-10T14:43:26.271-05:00,IdeState,Inactive,,*,-1,-1
2025-01-10T14:43:27.273-05:00,IdeState,Inactive,,*,-1,-1
2025-01-10T14:43:28.275-05:00,IdeState,Inactive,,*,-1,-1
2025-01-10T14:43:29.275-05:00,IdeState,Inactive,,*,-1,-1
2025-01-10T14:43:30.277-05:00,IdeState,Inactive,,*,-1,-1
2025-01-10T14:43:31.278-05:00,IdeState,Inactive,,*,-1,-1
2025-01-10T14:43:32.279-05:00,IdeState,Inactive,,*,-1,-1
2025-01-10T14:43:33.281-05:00,IdeState,Inactive,,*,-1,-1
2025-01-10T14:43:34.282-05:00,IdeState,Inactive,,*,-1,-1
2025-01-10T14:43:35.285-05:00,IdeState,Inactive,,*,-1,-1
2025-01-10T14:43:36.286-05:00,IdeState,Inactive,,*,-1,-1
2025-01-10T14:43:37.288-05:00,IdeState,Inactive,,*,-1,-1
2025-01-10T14:43:38.291-05:00,IdeState,Inactive,,*,-1,-1
2025-01-10T14:43:39.292-05:00,IdeState,Inactive,,*,-1,-1
2025-01-10T14:43:40.294-05:00,IdeState,Inactive,,*,-1,-1
2025-01-10T14:43:41.301-05:00,IdeState,Inactive,,*,-1,-1
2025-01-10T14:43:42.302-05:00,IdeState,Inactive,,*,-1,-1
2025-01-10T14:43:43.303-05:00,IdeState,Inactive,,*,-1,-1
2025-01-10T14:43:44.305-05:00,IdeState,Inactive,,*,-1,-1
2025-01-10T14:43:45.306-05:00,IdeState,Inactive,,*,-1,-1
2025-01-10T14:43:46.307-05:00,IdeState,Inactive,,*,-1,-1
2025-01-10T14:43:47.308-05:00,IdeState,Inactive,,*,-1,-1
2025-01-10T14:43:48.310-05:00,IdeState,Inactive,,*,-1,-1
2025-01-10T14:43:49.311-05:00,IdeState,Inactive,,*,-1,-1
2025-01-10T14:43:50.312-05:00,IdeState,Inactive,,*,-1,-1
2025-01-10T14:43:51.314-05:00,IdeState,Inactive,,*,-1,-1
2025-01-10T14:43:52.315-05:00,IdeState,Inactive,,*,-1,-1
2025-01-10T14:43:53.317-05:00,IdeState,Inactive,,*,-1,-1
2025-01-10T14:43:54.318-05:00,IdeState,Inactive,,*,-1,-1
2025-01-10T14:43:55.320-05:00,IdeState,Inactive,,*,-1,-1
2025-01-10T14:43:56.321-05:00,IdeState,Inactive,,*,-1,-1
2025-01-10T14:43:57.324-05:00,IdeState,Inactive,,*,-1,-1
2025-01-10T14:43:58.325-05:00,IdeState,Inactive,,*,-1,-1
2025-01-10T14:43:59.325-05:00,IdeState,Inactive,,*,-1,-1
2025-01-10T14:44:00.326-05:00,IdeState,Inactive,,*,-1,-1
2025-01-10T14:44:01.328-05:00,IdeState,Inactive,,*,-1,-1
2025-01-10T14:44:02.329-05:00,IdeState,Inactive,,*,-1,-1
2025-01-10T14:44:03.331-05:00,IdeState,Inactive,,*,-1,-1
2025-01-10T14:44:04.332-05:00,IdeState,Inactive,,*,-1,-1
2025-01-10T14:44:05.334-05:00,IdeState,Inactive,,*,-1,-1
2025-01-10T14:44:06.334-05:00,IdeState,Inactive,,*,-1,-1
2025-01-10T14:44:07.336-05:00,IdeState,Inactive,,*,-1,-1
2025-01-10T14:44:08.336-05:00,IdeState,Inactive,,*,-1,-1
2025-01-10T14:44:09.338-05:00,IdeState,Inactive,,*,-1,-1
2025-01-10T14:44:10.339-05:00,IdeState,Inactive,,*,-1,-1
2025-01-10T14:44:11.342-05:00,IdeState,Inactive,,*,-1,-1
2025-01-10T14:44:12.344-05:00,IdeState,Inactive,,*,-1,-1
2025-01-10T14:44:13.346-05:00,IdeState,Inactive,,*,-1,-1
2025-01-10T14:44:14.347-05:00,IdeState,Inactive,,*,-1,-1
2025-01-10T14:44:15.347-05:00,IdeState,Inactive,,*,-1,-1
2025-01-10T14:44:16.349-05:00,IdeState,Inactive,,*,-1,-1
2025-01-10T14:44:17.351-05:00,IdeState,Inactive,,*,-1,-1
2025-01-10T14:44:18.351-05:00,IdeState,Inactive,,*,-1,-1
2025-01-10T14:44:19.353-05:00,IdeState,Inactive,,*,-1,-1
2025-01-10T14:44:20.354-05:00,IdeState,Inactive,,*,-1,-1
2025-01-10T14:44:21.356-05:00,IdeState,Inactive,,*,-1,-1
2025-01-10T14:44:22.357-05:00,IdeState,Inactive,,*,-1,-1
2025-01-10T14:44:23.358-05:00,IdeState,Inactive,,*,-1,-1
2025-01-10T14:44:24.360-05:00,IdeState,Inactive,,*,-1,-1
2025-01-10T14:44:25.361-05:00,IdeState,Inactive,,*,-1,-1
2025-01-10T14:44:26.361-05:00,IdeState,Inactive,,*,-1,-1
2025-01-10T14:44:27.363-05:00,IdeState,Inactive,,*,-1,-1
2025-01-10T14:44:28.364-05:00,IdeState,Inactive,,*,-1,-1
2025-01-10T14:44:29.366-05:00,IdeState,Inactive,,*,-1,-1
2025-01-10T14:44:30.367-05:00,IdeState,Inactive,,*,-1,-1
2025-01-10T14:44:31.369-05:00,IdeState,Inactive,,*,-1,-1
2025-01-10T14:44:32.370-05:00,IdeState,Inactive,,*,-1,-1
2025-01-10T14:44:33.373-05:00,IdeState,Inactive,,*,-1,-1
2025-01-10T14:44:34.374-05:00,IdeState,Inactive,,*,-1,-1
2025-01-10T14:44:35.376-05:00,IdeState,Inactive,,*,-1,-1
2025-01-10T14:44:36.377-05:00,IdeState,Inactive,,*,-1,-1
2025-01-10T14:44:37.379-05:00,IdeState,Inactive,,*,-1,-1
2025-01-10T14:44:38.380-05:00,IdeState,Inactive,,*,-1,-1
2025-01-10T14:44:39.382-05:00,IdeState,Inactive,,*,-1,-1
2025-01-10T14:44:40.384-05:00,IdeState,Inactive,,*,-1,-1
2025-01-10T14:44:41.386-05:00,IdeState,Inactive,,*,-1,-1
2025-01-10T14:44:42.388-05:00,IdeState,Inactive,,*,-1,-1
2025-01-10T14:44:43.389-05:00,IdeState,Inactive,,*,-1,-1
2025-01-10T14:44:44.391-05:00,IdeState,Inactive,,*,-1,-1
2025-01-10T14:44:45.393-05:00,IdeState,Inactive,,*,-1,-1
2025-01-10T14:44:46.395-05:00,IdeState,Inactive,,*,-1,-1
2025-01-10T14:44:47.397-05:00,IdeState,Inactive,,*,-1,-1
2025-01-10T14:44:48.398-05:00,IdeState,Inactive,,*,-1,-1
2025-01-10T14:44:49.399-05:00,IdeState,Inactive,,*,-1,-1
2025-01-10T14:44:50.400-05:00,IdeState,Inactive,,*,-1,-1
2025-01-10T14:44:51.403-05:00,IdeState,Inactive,,*,-1,-1
2025-01-10T14:44:52.403-05:00,IdeState,Inactive,,*,-1,-1
2025-01-10T14:44:53.405-05:00,IdeState,Inactive,,*,-1,-1
2025-01-10T14:44:54.406-05:00,IdeState,Inactive,,*,-1,-1
2025-01-10T14:44:55.408-05:00,IdeState,Inactive,,*,-1,-1
2025-01-10T14:44:56.410-05:00,IdeState,Inactive,,*,-1,-1
2025-01-10T14:44:57.411-05:00,IdeState,Inactive,,*,-1,-1
2025-01-10T14:44:58.414-05:00,IdeState,Inactive,,*,-1,-1
2025-01-10T14:44:59.416-05:00,IdeState,Inactive,,*,-1,-1
2025-01-10T14:45:00.418-05:00,IdeState,Inactive,,*,-1,-1
2025-01-10T14:45:01.418-05:00,IdeState,Inactive,,*,-1,-1
2025-01-10T14:45:02.419-05:00,IdeState,Inactive,,*,-1,-1
2025-01-10T14:45:03.420-05:00,IdeState,Inactive,,*,-1,-1
2025-01-10T14:45:04.421-05:00,IdeState,Inactive,,*,-1,-1
2025-01-10T14:45:05.422-05:00,IdeState,Inactive,,*,-1,-1
2025-01-10T14:45:06.425-05:00,IdeState,Inactive,,*,-1,-1
2025-01-10T14:45:07.433-05:00,IdeState,Inactive,,*,-1,-1
2025-01-10T14:45:08.435-05:00,IdeState,Inactive,,*,-1,-1
2025-01-10T14:45:09.441-05:00,IdeState,Inactive,,*,-1,-1
2025-01-10T14:45:10.445-05:00,IdeState,Inactive,,*,-1,-1
2025-01-10T14:45:11.446-05:00,IdeState,Inactive,,*,-1,-1
2025-01-10T14:45:12.448-05:00,IdeState,Inactive,,*,-1,-1
2025-01-10T14:45:13.450-05:00,IdeState,Inactive,,*,-1,-1
2025-01-10T14:45:14.451-05:00,IdeState,Inactive,,*,-1,-1
2025-01-10T14:45:15.452-05:00,IdeState,Inactive,,*,-1,-1
2025-01-10T14:45:16.454-05:00,IdeState,Inactive,,*,-1,-1
2025-01-10T14:45:17.456-05:00,IdeState,Inactive,,*,-1,-1
2025-01-10T14:45:18.458-05:00,IdeState,Inactive,,*,-1,-1
2025-01-10T14:45:19.459-05:00,IdeState,Inactive,,*,-1,-1
2025-01-10T14:45:20.460-05:00,IdeState,Inactive,,*,-1,-1
2025-01-10T14:45:21.460-05:00,IdeState,Inactive,,*,-1,-1
2025-01-10T14:45:22.462-05:00,IdeState,Inactive,,*,-1,-1
2025-01-10T14:45:23.464-05:00,IdeState,Inactive,,*,-1,-1
2025-01-10T14:45:24.465-05:00,IdeState,Inactive,,*,-1,-1
2025-01-10T14:45:25.466-05:00,IdeState,Inactive,,*,-1,-1
2025-01-10T14:45:26.468-05:00,IdeState,Inactive,,*,-1,-1
2025-01-10T14:45:27.469-05:00,IdeState,Inactive,,*,-1,-1
2025-01-10T14:45:28.471-05:00,IdeState,Inactive,,*,-1,-1
2025-01-10T14:45:29.508-05:00,IdeState,Inactive,,*,-1,-1
2025-01-10T14:45:30.512-05:00,IdeState,Inactive,,*,-1,-1
2025-01-10T14:45:31.515-05:00,IdeState,Inactive,,*,-1,-1
2025-01-10T14:45:32.516-05:00,IdeState,Inactive,,*,-1,-1
2025-01-10T14:45:33.518-05:00,IdeState,Inactive,,*,-1,-1
2025-01-10T14:45:34.520-05:00,IdeState,Inactive,,*,-1,-1
2025-01-10T14:45:35.522-05:00,IdeState,Inactive,,*,-1,-1
2025-01-10T14:45:36.524-05:00,IdeState,Inactive,,*,-1,-1
2025-01-10T14:45:37.526-05:00,IdeState,Inactive,,*,-1,-1
2025-01-10T14:45:38.528-05:00,IdeState,Inactive,,*,-1,-1
2025-01-10T14:45:39.529-05:00,IdeState,Inactive,,*,-1,-1
2025-01-10T14:45:40.530-05:00,IdeState,Inactive,,*,-1,-1
2025-01-10T14:45:41.531-05:00,IdeState,Inactive,,*,-1,-1
2025-01-10T14:45:42.533-05:00,IdeState,Inactive,,*,-1,-1
2025-01-10T14:45:43.534-05:00,IdeState,Inactive,,*,-1,-1
2025-01-10T14:45:44.536-05:00,IdeState,Inactive,,*,-1,-1
2025-01-10T14:45:45.538-05:00,IdeState,Inactive,,*,-1,-1
2025-01-10T14:45:46.538-05:00,IdeState,Inactive,,*,-1,-1
2025-01-10T14:45:47.541-05:00,IdeState,Inactive,,*,-1,-1
2025-01-10T14:45:48.541-05:00,IdeState,Inactive,,*,-1,-1
2025-01-10T14:45:49.543-05:00,IdeState,Inactive,,*,-1,-1
2025-01-10T14:45:50.545-05:00,IdeState,Inactive,,*,-1,-1
2025-01-10T14:45:51.546-05:00,IdeState,Inactive,,*,-1,-1
2025-01-10T14:45:52.547-05:00,IdeState,Inactive,,*,-1,-1
2025-01-10T14:45:53.549-05:00,IdeState,Inactive,,*,-1,-1
2025-01-10T14:45:54.549-05:00,IdeState,Inactive,,*,-1,-1
2025-01-10T14:45:55.550-05:00,IdeState,Inactive,,*,-1,-1
2025-01-10T14:45:56.552-05:00,IdeState,Inactive,,*,-1,-1
2025-01-10T14:45:57.553-05:00,IdeState,Inactive,,*,-1,-1
2025-01-10T14:45:58.556-05:00,IdeState,Inactive,,*,-1,-1
2025-01-10T14:45:59.556-05:00,IdeState,Inactive,,*,-1,-1
2025-01-10T14:46:00.558-05:00,IdeState,Inactive,,*,-1,-1
2025-01-10T14:46:01.559-05:00,IdeState,Inactive,,*,-1,-1
2025-01-10T14:46:02.561-05:00,IdeState,Inactive,,*,-1,-1
2025-01-10T14:46:03.562-05:00,IdeState,Inactive,,*,-1,-1
2025-01-10T14:46:04.563-05:00,IdeState,Inactive,,*,-1,-1
2025-01-10T14:46:05.564-05:00,IdeState,Inactive,,*,-1,-1
2025-01-10T14:46:06.565-05:00,IdeState,Inactive,,*,-1,-1
2025-01-10T14:46:07.566-05:00,IdeState,Inactive,,*,-1,-1
2025-01-10T14:46:08.568-05:00,IdeState,Inactive,,*,-1,-1
2025-01-10T14:46:09.570-05:00,IdeState,Inactive,,*,-1,-1
2025-01-10T14:46:10.570-05:00,IdeState,Inactive,,*,-1,-1
2025-01-10T14:46:11.571-05:00,IdeState,Inactive,,*,-1,-1
2025-01-10T14:46:12.573-05:00,IdeState,Inactive,,*,-1,-1
2025-01-10T14:46:13.574-05:00,IdeState,Inactive,,*,-1,-1
2025-01-10T14:46:14.575-05:00,IdeState,Inactive,,*,-1,-1
2025-01-10T14:46:15.576-05:00,IdeState,Inactive,,*,-1,-1
2025-01-10T14:46:16.578-05:00,IdeState,Inactive,,*,-1,-1
2025-01-10T14:46:17.578-05:00,IdeState,Inactive,,*,-1,-1
2025-01-10T14:46:18.579-05:00,IdeState,Inactive,,*,-1,-1
2025-01-10T14:46:19.581-05:00,IdeState,Inactive,,*,-1,-1
2025-01-10T14:46:20.583-05:00,IdeState,Inactive,,*,-1,-1
2025-01-10T14:46:21.583-05:00,IdeState,Inactive,,*,-1,-1
2025-01-10T14:46:22.584-05:00,IdeState,Inactive,,*,-1,-1
2025-01-10T14:46:23.586-05:00,IdeState,Inactive,,*,-1,-1
2025-01-10T14:46:24.588-05:00,IdeState,Inactive,,*,-1,-1
2025-01-10T14:46:25.590-05:00,IdeState,Inactive,,*,-1,-1
2025-01-10T14:46:26.591-05:00,IdeState,Inactive,,*,-1,-1
2025-01-10T14:46:27.592-05:00,IdeState,Inactive,,*,-1,-1
2025-01-10T14:46:28.594-05:00,IdeState,Inactive,,*,-1,-1
2025-01-10T14:46:29.595-05:00,IdeState,Inactive,,*,-1,-1
2025-01-10T14:46:30.597-05:00,IdeState,Inactive,,*,-1,-1
2025-01-10T14:46:31.598-05:00,IdeState,Inactive,,*,-1,-1
2025-01-10T14:46:32.600-05:00,IdeState,Inactive,,*,-1,-1
2025-01-10T14:46:33.600-05:00,IdeState,Inactive,,*,-1,-1
2025-01-10T14:46:34.603-05:00,IdeState,Inactive,,*,-1,-1
2025-01-10T14:46:35.605-05:00,IdeState,Inactive,,*,-1,-1
2025-01-10T14:46:36.607-05:00,IdeState,Inactive,,*,-1,-1
2025-01-10T14:46:37.608-05:00,IdeState,Inactive,,*,-1,-1
2025-01-10T14:46:38.609-05:00,IdeState,Inactive,,*,-1,-1
2025-01-10T14:46:39.609-05:00,IdeState,Inactive,,*,-1,-1
2025-01-10T14:46:40.610-05:00,IdeState,Inactive,,*,-1,-1
2025-01-10T14:46:41.611-05:00,IdeState,Inactive,,*,-1,-1
2025-01-10T14:46:42.613-05:00,IdeState,Inactive,,*,-1,-1
2025-01-10T14:46:43.614-05:00,IdeState,Inactive,,*,-1,-1
2025-01-10T14:46:44.615-05:00,IdeState,Inactive,,*,-1,-1
2025-01-10T14:46:45.616-05:00,IdeState,Inactive,,*,-1,-1
2025-01-10T14:46:46.617-05:00,IdeState,Inactive,,*,-1,-1
2025-01-10T14:46:47.618-05:00,IdeState,Inactive,,*,-1,-1
2025-01-10T14:46:48.619-05:00,IdeState,Inactive,,*,-1,-1
2025-01-10T14:46:49.619-05:00,IdeState,Inactive,,*,-1,-1
2025-01-10T14:46:50.621-05:00,IdeState,Inactive,,*,-1,-1
2025-01-10T14:46:51.623-05:00,IdeState,Inactive,,*,-1,-1
2025-01-10T14:46:52.626-05:00,IdeState,Inactive,,*,-1,-1
2025-01-10T14:46:53.628-05:00,IdeState,Inactive,,*,-1,-1
2025-01-10T14:46:54.628-05:00,IdeState,Inactive,,*,-1,-1
2025-01-10T14:46:55.629-05:00,IdeState,Inactive,,*,-1,-1
2025-01-10T14:46:56.630-05:00,IdeState,Inactive,,*,-1,-1
2025-01-10T14:46:57.631-05:00,IdeState,Inactive,,*,-1,-1
2025-01-10T14:46:58.632-05:00,IdeState,Inactive,,*,-1,-1
2025-01-10T14:46:59.634-05:00,IdeState,Inactive,,*,-1,-1
2025-01-10T14:47:00.636-05:00,IdeState,Inactive,,*,-1,-1
2025-01-10T14:47:01.637-05:00,IdeState,Inactive,,*,-1,-1
2025-01-10T14:47:02.639-05:00,IdeState,Inactive,,*,-1,-1
2025-01-10T14:47:03.640-05:00,IdeState,Inactive,,*,-1,-1
2025-01-10T14:47:04.642-05:00,IdeState,Inactive,,*,-1,-1
2025-01-10T14:47:05.644-05:00,IdeState,Inactive,,*,-1,-1
2025-01-10T14:47:06.646-05:00,IdeState,Inactive,,*,-1,-1
2025-01-10T14:47:07.647-05:00,IdeState,Inactive,,*,-1,-1
2025-01-10T14:47:08.648-05:00,IdeState,Inactive,,*,-1,-1
2025-01-10T14:47:09.649-05:00,IdeState,Inactive,,*,-1,-1
2025-01-10T14:47:10.656-05:00,IdeState,Inactive,,*,-1,-1
2025-01-10T14:47:11.657-05:00,IdeState,Inactive,,*,-1,-1
2025-01-10T14:47:12.658-05:00,IdeState,Inactive,,*,-1,-1
2025-01-10T14:47:13.659-05:00,IdeState,Inactive,,*,-1,-1
2025-01-10T14:47:14.660-05:00,IdeState,Inactive,,*,-1,-1
2025-01-10T14:47:15.661-05:00,IdeState,Inactive,,*,-1,-1
2025-01-10T14:47:16.663-05:00,IdeState,Inactive,,*,-1,-1
2025-01-10T14:47:17.666-05:00,IdeState,Inactive,,*,-1,-1
2025-01-10T14:47:18.668-05:00,IdeState,Inactive,,*,-1,-1
2025-01-10T14:47:19.669-05:00,IdeState,Inactive,,*,-1,-1
2025-01-10T14:47:20.670-05:00,IdeState,Inactive,,*,-1,-1
2025-01-10T14:47:21.672-05:00,IdeState,Inactive,,*,-1,-1
2025-01-10T14:47:22.673-05:00,IdeState,Inactive,,*,-1,-1
2025-01-10T14:47:23.675-05:00,IdeState,Inactive,,*,-1,-1
2025-01-10T14:47:24.677-05:00,IdeState,Inactive,,*,-1,-1
2025-01-10T14:47:25.679-05:00,IdeState,Inactive,,*,-1,-1
2025-01-10T14:47:26.679-05:00,IdeState,Inactive,,*,-1,-1
2025-01-10T14:47:27.680-05:00,IdeState,Inactive,,*,-1,-1
2025-01-10T14:47:28.682-05:00,IdeState,Inactive,,*,-1,-1
2025-01-10T14:47:29.684-05:00,IdeState,Inactive,,*,-1,-1
2025-01-10T14:47:30.686-05:00,IdeState,Inactive,,*,-1,-1
2025-01-10T14:47:31.687-05:00,IdeState,Inactive,,*,-1,-1
2025-01-10T14:47:32.689-05:00,IdeState,Inactive,,*,-1,-1
2025-01-10T14:47:33.690-05:00,IdeState,Inactive,,*,-1,-1
2025-01-10T14:47:34.691-05:00,IdeState,Inactive,,*,-1,-1
2025-01-10T14:47:35.692-05:00,IdeState,Inactive,,*,-1,-1
2025-01-10T14:47:36.694-05:00,IdeState,Inactive,,*,-1,-1
2025-01-10T14:47:37.696-05:00,IdeState,Inactive,,*,-1,-1
2025-01-10T14:47:38.697-05:00,IdeState,Inactive,,*,-1,-1
2025-01-10T14:47:39.698-05:00,IdeState,Inactive,,*,-1,-1
2025-01-10T14:47:40.700-05:00,IdeState,Inactive,,*,-1,-1
2025-01-10T14:47:41.702-05:00,IdeState,Inactive,,*,-1,-1
2025-01-10T14:47:42.704-05:00,IdeState,Inactive,,*,-1,-1
2025-01-10T14:47:43.706-05:00,IdeState,Inactive,,*,-1,-1
2025-01-10T14:47:44.708-05:00,IdeState,Inactive,,*,-1,-1
2025-01-10T14:47:45.710-05:00,IdeState,Inactive,,*,-1,-1
2025-01-10T14:47:46.710-05:00,IdeState,Inactive,,*,-1,-1
2025-01-10T14:47:47.711-05:00,IdeState,Inactive,,*,-1,-1
2025-01-10T14:47:48.712-05:00,IdeState,Inactive,,*,-1,-1
2025-01-10T14:47:49.714-05:00,IdeState,Inactive,,*,-1,-1
2025-01-10T14:47:50.714-05:00,IdeState,Inactive,,*,-1,-1
2025-01-10T14:47:51.715-05:00,IdeState,Inactive,,*,-1,-1
2025-01-10T14:47:52.717-05:00,IdeState,Inactive,,*,-1,-1
2025-01-10T14:47:53.718-05:00,IdeState,Inactive,,*,-1,-1
2025-01-10T14:47:54.720-05:00,IdeState,Inactive,,*,-1,-1
2025-01-10T14:47:55.721-05:00,IdeState,Inactive,,*,-1,-1
2025-01-10T14:47:56.722-05:00,IdeState,Inactive,,*,-1,-1
2025-01-10T14:47:57.723-05:00,IdeState,Inactive,,*,-1,-1
2025-01-10T14:47:58.723-05:00,IdeState,Inactive,,*,-1,-1
2025-01-10T14:47:59.725-05:00,IdeState,Inactive,,*,-1,-1
2025-01-10T14:48:00.728-05:00,IdeState,Inactive,,*,-1,-1
2025-01-10T14:48:01.729-05:00,IdeState,Inactive,,*,-1,-1
2025-01-10T14:48:02.731-05:00,IdeState,Inactive,,*,-1,-1
2025-01-10T14:48:03.733-05:00,IdeState,Inactive,,*,-1,-1
2025-01-10T14:48:04.734-05:00,IdeState,Inactive,,*,-1,-1
2025-01-10T14:48:05.736-05:00,IdeState,Inactive,,*,-1,-1
2025-01-10T14:48:06.736-05:00,IdeState,Inactive,,*,-1,-1
2025-01-10T14:48:07.738-05:00,IdeState,Inactive,,*,-1,-1
2025-01-10T14:48:08.740-05:00,IdeState,Inactive,,*,-1,-1
2025-01-10T14:48:09.740-05:00,IdeState,Inactive,,*,-1,-1
2025-01-10T14:48:10.741-05:00,IdeState,Inactive,,*,-1,-1
2025-01-10T14:48:11.742-05:00,IdeState,Inactive,,*,-1,-1
2025-01-10T14:48:12.744-05:00,IdeState,Inactive,,*,-1,-1
2025-01-10T14:48:13.745-05:00,IdeState,Inactive,,*,-1,-1
2025-01-10T14:48:14.746-05:00,IdeState,Inactive,,*,-1,-1
2025-01-10T14:48:15.748-05:00,IdeState,Inactive,,*,-1,-1
2025-01-10T14:48:16.749-05:00,IdeState,Inactive,,*,-1,-1
2025-01-10T14:48:17.751-05:00,IdeState,Inactive,,*,-1,-1
2025-01-10T14:48:18.752-05:00,IdeState,Inactive,,*,-1,-1
2025-01-10T14:48:19.752-05:00,IdeState,Inactive,,*,-1,-1
2025-01-10T14:48:20.759-05:00,IdeState,Inactive,,*,-1,-1
2025-01-10T14:48:21.760-05:00,IdeState,Inactive,,*,-1,-1
2025-01-10T14:48:22.761-05:00,IdeState,Inactive,,*,-1,-1
2025-01-10T14:48:23.762-05:00,IdeState,Inactive,,*,-1,-1
2025-01-10T14:48:24.763-05:00,IdeState,Inactive,,*,-1,-1
2025-01-10T14:48:25.765-05:00,IdeState,Inactive,,*,-1,-1
2025-01-10T14:48:26.767-05:00,IdeState,Inactive,,*,-1,-1
2025-01-10T14:48:27.768-05:00,IdeState,Inactive,,*,-1,-1
2025-01-10T14:48:28.770-05:00,IdeState,Inactive,,*,-1,-1
2025-01-10T14:48:29.773-05:00,IdeState,Inactive,,*,-1,-1
2025-01-10T14:48:30.773-05:00,IdeState,Inactive,,*,-1,-1
2025-01-10T14:48:31.774-05:00,IdeState,Inactive,,*,-1,-1
2025-01-10T14:48:32.775-05:00,IdeState,Inactive,,*,-1,-1
2025-01-10T14:48:33.776-05:00,IdeState,Inactive,,*,-1,-1
2025-01-10T14:48:34.778-05:00,IdeState,Inactive,,*,-1,-1
2025-01-10T14:48:35.778-05:00,IdeState,Inactive,,*,-1,-1
2025-01-10T14:48:36.780-05:00,IdeState,Inactive,,*,-1,-1
2025-01-10T14:48:37.781-05:00,IdeState,Inactive,,*,-1,-1
2025-01-10T14:48:38.782-05:00,IdeState,Inactive,,*,-1,-1
2025-01-10T14:48:39.784-05:00,IdeState,Inactive,,*,-1,-1
2025-01-10T14:48:40.786-05:00,IdeState,Inactive,,*,-1,-1
2025-01-10T14:48:41.788-05:00,IdeState,Inactive,,*,-1,-1
2025-01-10T14:48:42.788-05:00,IdeState,Inactive,,*,-1,-1
2025-01-10T14:48:43.790-05:00,IdeState,Inactive,,*,-1,-1
2025-01-10T14:48:44.790-05:00,IdeState,Inactive,,*,-1,-1
2025-01-10T14:48:45.791-05:00,IdeState,Inactive,,*,-1,-1
2025-01-10T14:48:46.792-05:00,IdeState,Inactive,,*,-1,-1
2025-01-10T14:48:47.794-05:00,IdeState,Inactive,,*,-1,-1
2025-01-10T14:48:48.795-05:00,IdeState,Inactive,,*,-1,-1
2025-01-10T14:48:49.797-05:00,IdeState,Inactive,,*,-1,-1
2025-01-10T14:48:50.799-05:00,IdeState,Inactive,,*,-1,-1
2025-01-10T14:48:51.802-05:00,IdeState,Inactive,,*,-1,-1
2025-01-10T14:48:52.805-05:00,IdeState,Inactive,,*,-1,-1
2025-01-10T14:48:53.806-05:00,IdeState,Inactive,,*,-1,-1
2025-01-10T14:48:54.808-05:00,IdeState,Inactive,,*,-1,-1
2025-01-10T14:48:55.825-05:00,IdeState,Inactive,,*,-1,-1
2025-01-10T14:48:56.829-05:00,IdeState,Inactive,,*,-1,-1
2025-01-10T14:48:57.830-05:00,IdeState,Inactive,,*,-1,-1
2025-01-10T14:48:58.831-05:00,IdeState,Inactive,,*,-1,-1
2025-01-10T14:48:59.832-05:00,IdeState,Inactive,,*,-1,-1
2025-01-10T14:49:00.832-05:00,IdeState,Inactive,,*,-1,-1
2025-01-10T14:49:01.833-05:00,IdeState,Inactive,,*,-1,-1
2025-01-10T14:49:02.835-05:00,IdeState,Inactive,,*,-1,-1
2025-01-10T14:49:03.836-05:00,IdeState,Inactive,,*,-1,-1
2025-01-10T14:49:04.836-05:00,IdeState,Inactive,,*,-1,-1
2025-01-10T14:49:05.838-05:00,IdeState,Inactive,,*,-1,-1
2025-01-10T14:49:06.839-05:00,IdeState,Inactive,,*,-1,-1
2025-01-10T14:49:07.840-05:00,IdeState,Inactive,,*,-1,-1
2025-01-10T14:49:08.841-05:00,IdeState,Inactive,,*,-1,-1
2025-01-10T14:49:09.842-05:00,IdeState,Inactive,,*,-1,-1
2025-01-10T14:49:10.844-05:00,IdeState,Inactive,,*,-1,-1
2025-01-10T14:49:11.844-05:00,IdeState,Inactive,,*,-1,-1
2025-01-10T14:49:12.846-05:00,IdeState,Inactive,,*,-1,-1
2025-01-10T14:49:13.848-05:00,IdeState,Inactive,,*,-1,-1
2025-01-10T14:49:14.849-05:00,IdeState,Inactive,,*,-1,-1
2025-01-10T14:49:15.850-05:00,IdeState,Inactive,,*,-1,-1
2025-01-10T14:49:16.852-05:00,IdeState,Inactive,,*,-1,-1
2025-01-10T14:49:17.854-05:00,IdeState,Inactive,,*,-1,-1
2025-01-10T14:49:18.855-05:00,IdeState,Inactive,,*,-1,-1
2025-01-10T14:49:19.856-05:00,IdeState,Inactive,,*,-1,-1
2025-01-10T14:49:20.857-05:00,IdeState,Inactive,,*,-1,-1
2025-01-10T14:49:21.858-05:00,IdeState,Inactive,,*,-1,-1
2025-01-10T14:49:22.861-05:00,IdeState,Inactive,,*,-1,-1
2025-01-10T14:49:23.863-05:00,IdeState,Inactive,,*,-1,-1
2025-01-10T14:49:24.864-05:00,IdeState,Inactive,,*,-1,-1
2025-01-10T14:49:25.865-05:00,IdeState,Inactive,,*,-1,-1
2025-01-10T14:49:26.868-05:00,IdeState,Inactive,,*,-1,-1
2025-01-10T14:49:27.869-05:00,IdeState,Inactive,,*,-1,-1
2025-01-10T14:49:28.870-05:00,IdeState,Inactive,,*,-1,-1
2025-01-10T14:49:29.871-05:00,IdeState,Inactive,,*,-1,-1
2025-01-10T14:49:30.873-05:00,IdeState,Inactive,,*,-1,-1
2025-01-10T14:49:31.875-05:00,IdeState,Inactive,,*,-1,-1
2025-01-10T14:49:32.875-05:00,IdeState,Inactive,,*,-1,-1
2025-01-10T14:49:33.876-05:00,IdeState,Inactive,,*,-1,-1
2025-01-10T14:49:34.878-05:00,IdeState,Inactive,,*,-1,-1
2025-01-10T14:49:35.879-05:00,IdeState,Inactive,,*,-1,-1
2025-01-10T14:49:36.880-05:00,IdeState,Inactive,,*,-1,-1
2025-01-10T14:49:37.881-05:00,IdeState,Inactive,,*,-1,-1
2025-01-10T14:49:38.883-05:00,IdeState,Inactive,,*,-1,-1
2025-01-10T14:49:39.884-05:00,IdeState,Inactive,,*,-1,-1
2025-01-10T14:49:40.885-05:00,IdeState,Inactive,,*,-1,-1
2025-01-10T14:49:41.887-05:00,IdeState,Inactive,,*,-1,-1
2025-01-10T14:49:42.888-05:00,IdeState,Inactive,,*,-1,-1
2025-01-10T14:49:43.888-05:00,IdeState,Inactive,,*,-1,-1
2025-01-10T14:49:44.889-05:00,IdeState,Inactive,,*,-1,-1
2025-01-10T14:49:45.890-05:00,IdeState,Inactive,,*,-1,-1
2025-01-10T14:49:46.891-05:00,IdeState,Inactive,,*,-1,-1
2025-01-10T14:49:47.895-05:00,IdeState,Inactive,,*,-1,-1
2025-01-10T14:49:48.895-05:00,IdeState,Inactive,,*,-1,-1
2025-01-10T14:49:49.897-05:00,IdeState,Inactive,,*,-1,-1
2025-01-10T14:49:50.897-05:00,IdeState,Inactive,,*,-1,-1
2025-01-10T14:49:51.899-05:00,IdeState,Inactive,,*,-1,-1
2025-01-10T14:49:52.900-05:00,IdeState,Inactive,,*,-1,-1
2025-01-10T14:49:53.901-05:00,IdeState,Inactive,,*,-1,-1
2025-01-10T14:49:54.902-05:00,IdeState,Inactive,,*,-1,-1
2025-01-10T14:49:55.904-05:00,IdeState,Inactive,,*,-1,-1
2025-01-10T14:49:56.905-05:00,IdeState,Inactive,,*,-1,-1
2025-01-10T14:49:57.908-05:00,IdeState,Inactive,,*,-1,-1
2025-01-10T14:49:58.909-05:00,IdeState,Inactive,,*,-1,-1
2025-01-10T14:49:59.910-05:00,IdeState,Inactive,,*,-1,-1
2025-01-10T14:50:00.912-05:00,IdeState,Inactive,,*,-1,-1
2025-01-10T14:50:01.914-05:00,IdeState,Inactive,,*,-1,-1
2025-01-10T14:50:02.915-05:00,IdeState,Inactive,,*,-1,-1
2025-01-10T14:50:03.916-05:00,IdeState,Inactive,,*,-1,-1
2025-01-10T14:50:04.918-05:00,IdeState,Inactive,,*,-1,-1
2025-01-10T14:50:05.920-05:00,IdeState,Inactive,,*,-1,-1
2025-01-10T14:50:06.920-05:00,IdeState,Inactive,,*,-1,-1
2025-01-10T14:50:07.921-05:00,IdeState,Inactive,,*,-1,-1
2025-01-10T14:50:08.922-05:00,IdeState,Inactive,,*,-1,-1
2025-01-10T14:50:09.923-05:00,IdeState,Inactive,,*,-1,-1
2025-01-10T14:50:10.924-05:00,IdeState,Inactive,,*,-1,-1
2025-01-10T14:50:11.926-05:00,IdeState,Inactive,,*,-1,-1
2025-01-10T14:50:12.928-05:00,IdeState,Inactive,,*,-1,-1
2025-01-10T14:50:13.928-05:00,IdeState,Inactive,,*,-1,-1
2025-01-10T14:50:14.929-05:00,IdeState,Inactive,,*,-1,-1
2025-01-10T14:50:15.930-05:00,IdeState,Inactive,,*,-1,-1
2025-01-10T14:50:16.930-05:00,IdeState,Inactive,,*,-1,-1
2025-01-10T14:50:17.931-05:00,IdeState,Inactive,,*,-1,-1
2025-01-10T14:50:18.933-05:00,IdeState,Inactive,,*,-1,-1
2025-01-10T14:50:19.934-05:00,IdeState,Inactive,,*,-1,-1
2025-01-10T14:50:20.935-05:00,IdeState,Inactive,,*,-1,-1
2025-01-10T14:50:21.937-05:00,IdeState,Inactive,,*,-1,-1
2025-01-10T14:50:22.938-05:00,IdeState,Inactive,,*,-1,-1
2025-01-10T14:50:23.939-05:00,IdeState,Inactive,,*,-1,-1
2025-01-10T14:50:24.941-05:00,IdeState,Inactive,,*,-1,-1
2025-01-10T14:50:25.943-05:00,IdeState,Inactive,,*,-1,-1
2025-01-10T14:50:26.945-05:00,IdeState,Inactive,,*,-1,-1
2025-01-10T14:50:27.947-05:00,IdeState,Inactive,,*,-1,-1
2025-01-10T14:50:28.948-05:00,IdeState,Inactive,,*,-1,-1
2025-01-10T14:50:29.950-05:00,IdeState,Inactive,,*,-1,-1
2025-01-10T14:50:30.951-05:00,IdeState,Inactive,,*,-1,-1
2025-01-10T14:50:31.952-05:00,IdeState,Inactive,,*,-1,-1
2025-01-10T14:50:32.955-05:00,IdeState,Inactive,,*,-1,-1
2025-01-10T14:50:33.956-05:00,IdeState,Inactive,,*,-1,-1
2025-01-10T14:50:34.957-05:00,IdeState,Inactive,,*,-1,-1
2025-01-10T14:50:35.958-05:00,IdeState,Inactive,,*,-1,-1
2025-01-10T14:50:36.958-05:00,IdeState,Inactive,,*,-1,-1
2025-01-10T14:50:37.959-05:00,IdeState,Inactive,,*,-1,-1
2025-01-10T14:50:38.960-05:00,IdeState,Inactive,,*,-1,-1
2025-01-10T14:50:39.961-05:00,IdeState,Inactive,,*,-1,-1
2025-01-10T14:50:40.962-05:00,IdeState,Inactive,,*,-1,-1
2025-01-10T14:50:41.965-05:00,IdeState,Inactive,,*,-1,-1
2025-01-10T14:50:42.966-05:00,IdeState,Inactive,,*,-1,-1
2025-01-10T14:50:43.968-05:00,IdeState,Inactive,,*,-1,-1
2025-01-10T14:50:44.969-05:00,IdeState,Inactive,,*,-1,-1
2025-01-10T14:50:45.971-05:00,IdeState,Inactive,,*,-1,-1
2025-01-10T14:50:46.973-05:00,IdeState,Inactive,,*,-1,-1
2025-01-10T14:50:47.974-05:00,IdeState,Inactive,,*,-1,-1
2025-01-10T14:50:48.976-05:00,IdeState,Inactive,,*,-1,-1
2025-01-10T14:50:49.978-05:00,IdeState,Inactive,,*,-1,-1
2025-01-10T14:50:50.979-05:00,IdeState,Inactive,,*,-1,-1
2025-01-10T14:50:51.980-05:00,IdeState,Inactive,,*,-1,-1
2025-01-10T14:50:52.982-05:00,IdeState,Inactive,,*,-1,-1
2025-01-10T14:50:53.983-05:00,IdeState,Inactive,,*,-1,-1
2025-01-10T14:50:54.984-05:00,IdeState,Inactive,,*,-1,-1
2025-01-10T14:50:55.986-05:00,IdeState,Inactive,,*,-1,-1
2025-01-10T14:50:56.987-05:00,IdeState,Inactive,,*,-1,-1
2025-01-10T14:50:57.987-05:00,IdeState,Inactive,,*,-1,-1
2025-01-10T14:50:58.989-05:00,IdeState,Inactive,,*,-1,-1
2025-01-10T14:50:59.989-05:00,IdeState,Inactive,,*,-1,-1
2025-01-10T14:51:00.990-05:00,IdeState,Inactive,,*,-1,-1
2025-01-10T14:51:01.992-05:00,IdeState,Inactive,,*,-1,-1
2025-01-10T14:51:02.993-05:00,IdeState,Inactive,,*,-1,-1
2025-01-10T14:51:03.995-05:00,IdeState,Inactive,,*,-1,-1
2025-01-10T14:51:04.996-05:00,IdeState,Inactive,,*,-1,-1
2025-01-10T14:51:05.997-05:00,IdeState,Inactive,,*,-1,-1
2025-01-10T14:51:06.998-05:00,IdeState,Inactive,,*,-1,-1
2025-01-10T14:51:07.999-05:00,IdeState,Inactive,,*,-1,-1
2025-01-10T14:51:08.999-05:00,IdeState,Inactive,,*,-1,-1
2025-01-10T14:51:10.000-05:00,IdeState,Inactive,,*,-1,-1
2025-01-10T14:51:11.002-05:00,IdeState,Inactive,,*,-1,-1
2025-01-10T14:51:12.005-05:00,IdeState,Inactive,,*,-1,-1
2025-01-10T14:51:13.006-05:00,IdeState,Inactive,,*,-1,-1
2025-01-10T14:51:14.007-05:00,IdeState,Inactive,,*,-1,-1
2025-01-10T14:51:15.009-05:00,IdeState,Inactive,,*,-1,-1
2025-01-10T14:51:16.011-05:00,IdeState,Inactive,,*,-1,-1
2025-01-10T14:51:17.013-05:00,IdeState,Inactive,,*,-1,-1
2025-01-10T14:51:18.015-05:00,IdeState,Inactive,,*,-1,-1
2025-01-10T14:51:19.015-05:00,IdeState,Inactive,,*,-1,-1
2025-01-10T14:51:20.018-05:00,IdeState,Inactive,,*,-1,-1
2025-01-10T14:51:21.018-05:00,IdeState,Inactive,,*,-1,-1
2025-01-10T14:51:22.019-05:00,IdeState,Inactive,,*,-1,-1
2025-01-10T14:51:23.020-05:00,IdeState,Inactive,,*,-1,-1
2025-01-10T14:51:24.023-05:00,IdeState,Inactive,,*,-1,-1
2025-01-10T14:51:25.025-05:00,IdeState,Inactive,,*,-1,-1
2025-01-10T14:51:26.026-05:00,IdeState,Inactive,,*,-1,-1
2025-01-10T14:51:27.028-05:00,IdeState,Inactive,,*,-1,-1
2025-01-10T14:51:28.029-05:00,IdeState,Inactive,,*,-1,-1
2025-01-10T14:51:29.031-05:00,IdeState,Inactive,,*,-1,-1
2025-01-10T14:51:30.032-05:00,IdeState,Inactive,,*,-1,-1
2025-01-10T14:51:31.033-05:00,IdeState,Inactive,,*,-1,-1
2025-01-10T14:51:32.034-05:00,IdeState,Inactive,,*,-1,-1
2025-01-10T14:51:33.035-05:00,IdeState,Inactive,,*,-1,-1
2025-01-10T14:51:34.036-05:00,IdeState,Inactive,,*,-1,-1
2025-01-10T14:51:35.039-05:00,IdeState,Inactive,,*,-1,-1
2025-01-10T14:51:36.040-05:00,IdeState,Inactive,,*,-1,-1
2025-01-10T14:51:37.041-05:00,IdeState,Inactive,,*,-1,-1
2025-01-10T14:51:38.042-05:00,IdeState,Inactive,,*,-1,-1
2025-01-10T14:51:39.043-05:00,IdeState,Inactive,,*,-1,-1
2025-01-10T14:51:40.045-05:00,IdeState,Inactive,,*,-1,-1
2025-01-10T14:51:41.046-05:00,IdeState,Inactive,,*,-1,-1
2025-01-10T14:51:42.048-05:00,IdeState,Inactive,,*,-1,-1
2025-01-10T14:51:43.049-05:00,IdeState,Inactive,,*,-1,-1
2025-01-10T14:51:44.050-05:00,IdeState,Inactive,,*,-1,-1
2025-01-10T14:51:45.052-05:00,IdeState,Inactive,,*,-1,-1
2025-01-10T14:51:46.053-05:00,IdeState,Inactive,,*,-1,-1
2025-01-10T14:51:47.054-05:00,IdeState,Inactive,,*,-1,-1
2025-01-10T14:51:48.055-05:00,IdeState,Inactive,,*,-1,-1
2025-01-10T14:51:49.058-05:00,IdeState,Inactive,,*,-1,-1
2025-01-10T14:51:50.058-05:00,IdeState,Inactive,,*,-1,-1
2025-01-10T14:51:51.059-05:00,IdeState,Inactive,,*,-1,-1
2025-01-10T14:51:52.062-05:00,IdeState,Inactive,,*,-1,-1
2025-01-10T14:51:53.062-05:00,IdeState,Inactive,,*,-1,-1
2025-01-10T14:51:54.063-05:00,IdeState,Inactive,,*,-1,-1
2025-01-10T14:51:55.064-05:00,IdeState,Inactive,,*,-1,-1
2025-01-10T14:51:56.065-05:00,IdeState,Inactive,,*,-1,-1
2025-01-10T14:51:57.068-05:00,IdeState,Inactive,,*,-1,-1
2025-01-10T14:51:58.069-05:00,IdeState,Inactive,,*,-1,-1
2025-01-10T14:51:59.071-05:00,IdeState,Inactive,,*,-1,-1
2025-01-10T14:52:00.073-05:00,IdeState,Inactive,,*,-1,-1
2025-01-10T14:52:01.073-05:00,IdeState,Inactive,,*,-1,-1
2025-01-10T14:52:02.075-05:00,IdeState,Inactive,,*,-1,-1
2025-01-10T14:52:03.076-05:00,IdeState,Inactive,,*,-1,-1
2025-01-10T14:52:04.078-05:00,IdeState,Inactive,,*,-1,-1
2025-01-10T14:52:05.079-05:00,IdeState,Inactive,,*,-1,-1
2025-01-10T14:52:06.080-05:00,IdeState,Inactive,,*,-1,-1
2025-01-10T14:52:07.081-05:00,IdeState,Inactive,,*,-1,-1
2025-01-10T14:52:08.083-05:00,IdeState,Inactive,,*,-1,-1
2025-01-10T14:52:09.084-05:00,IdeState,Inactive,,*,-1,-1
2025-01-10T14:52:10.086-05:00,IdeState,Inactive,,*,-1,-1
2025-01-10T14:52:11.088-05:00,IdeState,Inactive,,*,-1,-1
2025-01-10T14:52:12.089-05:00,IdeState,Inactive,,*,-1,-1
2025-01-10T14:52:13.092-05:00,IdeState,Inactive,,*,-1,-1
2025-01-10T14:52:14.094-05:00,IdeState,Inactive,,*,-1,-1
2025-01-10T14:52:15.095-05:00,IdeState,Inactive,,*,-1,-1
2025-01-10T14:52:16.098-05:00,IdeState,Inactive,,*,-1,-1
2025-01-10T14:52:17.099-05:00,IdeState,Inactive,,*,-1,-1
2025-01-10T14:52:18.100-05:00,IdeState,Inactive,,*,-1,-1
2025-01-10T14:52:19.103-05:00,IdeState,Inactive,,*,-1,-1
2025-01-10T14:52:20.104-05:00,IdeState,Inactive,,*,-1,-1
2025-01-10T14:52:21.105-05:00,IdeState,Inactive,,*,-1,-1
2025-01-10T14:52:22.107-05:00,IdeState,Inactive,,*,-1,-1
2025-01-10T14:52:23.108-05:00,IdeState,Inactive,,*,-1,-1
2025-01-10T14:52:24.109-05:00,IdeState,Inactive,,*,-1,-1
2025-01-10T14:52:25.111-05:00,IdeState,Inactive,,*,-1,-1
2025-01-10T14:52:26.111-05:00,IdeState,Inactive,,*,-1,-1
2025-01-10T14:52:27.112-05:00,IdeState,Inactive,,*,-1,-1
2025-01-10T14:52:28.114-05:00,IdeState,Inactive,,*,-1,-1
2025-01-10T14:52:29.115-05:00,IdeState,Inactive,,*,-1,-1
2025-01-10T14:52:30.117-05:00,IdeState,Inactive,,*,-1,-1
2025-01-10T14:52:31.119-05:00,IdeState,Inactive,,*,-1,-1
2025-01-10T14:52:32.121-05:00,IdeState,Inactive,,*,-1,-1
2025-01-10T14:52:33.123-05:00,IdeState,Inactive,,*,-1,-1
2025-01-10T14:52:34.124-05:00,IdeState,Inactive,,*,-1,-1
2025-01-10T14:52:35.125-05:00,IdeState,Inactive,,*,-1,-1
2025-01-10T14:52:36.126-05:00,IdeState,Inactive,,*,-1,-1
2025-01-10T14:52:37.127-05:00,IdeState,Inactive,,*,-1,-1
2025-01-10T14:52:38.128-05:00,IdeState,Inactive,,*,-1,-1
2025-01-10T14:52:39.129-05:00,IdeState,Inactive,,*,-1,-1
2025-01-10T14:52:40.130-05:00,IdeState,Inactive,,*,-1,-1
2025-01-10T14:52:41.131-05:00,IdeState,Inactive,,*,-1,-1
2025-01-10T14:52:42.133-05:00,IdeState,Inactive,,*,-1,-1
2025-01-10T14:52:43.134-05:00,IdeState,Inactive,,*,-1,-1
2025-01-10T14:52:44.135-05:00,IdeState,Inactive,,*,-1,-1
2025-01-10T14:52:45.135-05:00,IdeState,Inactive,,*,-1,-1
2025-01-10T14:52:46.136-05:00,IdeState,Inactive,,*,-1,-1
2025-01-10T14:52:47.138-05:00,IdeState,Inactive,,*,-1,-1
2025-01-10T14:52:48.139-05:00,IdeState,Inactive,,*,-1,-1
2025-01-10T14:52:49.140-05:00,IdeState,Inactive,,*,-1,-1
2025-01-10T14:52:50.141-05:00,IdeState,Inactive,,*,-1,-1
2025-01-10T14:52:51.143-05:00,IdeState,Inactive,,*,-1,-1
2025-01-10T14:52:52.144-05:00,IdeState,Inactive,,*,-1,-1
2025-01-10T14:52:53.145-05:00,IdeState,Inactive,,*,-1,-1
2025-01-10T14:52:54.146-05:00,IdeState,Inactive,,*,-1,-1
2025-01-10T14:52:55.148-05:00,IdeState,Inactive,,*,-1,-1
2025-01-10T14:52:56.150-05:00,IdeState,Inactive,,*,-1,-1
2025-01-10T14:52:57.151-05:00,IdeState,Inactive,,*,-1,-1
2025-01-10T14:52:58.153-05:00,IdeState,Inactive,,*,-1,-1
2025-01-10T14:52:59.154-05:00,IdeState,Inactive,,*,-1,-1
2025-01-10T14:53:00.155-05:00,IdeState,Inactive,,*,-1,-1
2025-01-10T14:53:01.158-05:00,IdeState,Inactive,,*,-1,-1
2025-01-10T14:53:02.159-05:00,IdeState,Inactive,,*,-1,-1
2025-01-10T14:53:03.160-05:00,IdeState,Inactive,,*,-1,-1
2025-01-10T14:53:04.161-05:00,IdeState,Inactive,,*,-1,-1
2025-01-10T14:53:05.161-05:00,IdeState,Inactive,,*,-1,-1
2025-01-10T14:53:06.163-05:00,IdeState,Inactive,,*,-1,-1
2025-01-10T14:53:07.164-05:00,IdeState,Inactive,,*,-1,-1
2025-01-10T14:53:08.165-05:00,IdeState,Inactive,,*,-1,-1
2025-01-10T14:53:09.166-05:00,IdeState,Inactive,,*,-1,-1
2025-01-10T14:53:10.168-05:00,IdeState,Inactive,,*,-1,-1
2025-01-10T14:53:11.169-05:00,IdeState,Inactive,,*,-1,-1
2025-01-10T14:53:12.170-05:00,IdeState,Inactive,,*,-1,-1
2025-01-10T14:53:13.171-05:00,IdeState,Inactive,,*,-1,-1
2025-01-10T14:53:14.172-05:00,IdeState,Inactive,,*,-1,-1
2025-01-10T14:53:15.174-05:00,IdeState,Inactive,,*,-1,-1
2025-01-10T14:53:16.176-05:00,IdeState,Inactive,,*,-1,-1
2025-01-10T14:53:17.176-05:00,IdeState,Inactive,,*,-1,-1
2025-01-10T14:53:18.178-05:00,IdeState,Inactive,,*,-1,-1
2025-01-10T14:53:19.178-05:00,IdeState,Inactive,,*,-1,-1
2025-01-10T14:53:20.179-05:00,IdeState,Inactive,,*,-1,-1
2025-01-10T14:53:21.181-05:00,IdeState,Inactive,,*,-1,-1
2025-01-10T14:53:22.182-05:00,IdeState,Inactive,,*,-1,-1
2025-01-10T14:53:23.183-05:00,IdeState,Inactive,,*,-1,-1
2025-01-10T14:53:24.184-05:00,IdeState,Inactive,,*,-1,-1
2025-01-10T14:53:25.187-05:00,IdeState,Inactive,,*,-1,-1
2025-01-10T14:53:26.190-05:00,IdeState,Inactive,,*,-1,-1
2025-01-10T14:53:27.191-05:00,IdeState,Inactive,,*,-1,-1
2025-01-10T14:53:28.192-05:00,IdeState,Inactive,,*,-1,-1
2025-01-10T14:53:29.192-05:00,IdeState,Inactive,,*,-1,-1
2025-01-10T14:53:30.193-05:00,IdeState,Inactive,,*,-1,-1
2025-01-10T14:53:31.195-05:00,IdeState,Inactive,,*,-1,-1
2025-01-10T14:53:32.196-05:00,IdeState,Inactive,,*,-1,-1
2025-01-10T14:53:33.201-05:00,IdeState,Inactive,,*,-1,-1
2025-01-10T14:53:34.203-05:00,IdeState,Inactive,,*,-1,-1
2025-01-10T14:53:35.205-05:00,IdeState,Inactive,,*,-1,-1
2025-01-10T14:53:36.205-05:00,IdeState,Inactive,,*,-1,-1
2025-01-10T14:53:37.206-05:00,IdeState,Inactive,,*,-1,-1
2025-01-10T14:53:38.208-05:00,IdeState,Inactive,,*,-1,-1
2025-01-10T14:53:39.209-05:00,IdeState,Inactive,,*,-1,-1
2025-01-10T14:53:40.209-05:00,IdeState,Inactive,,*,-1,-1
2025-01-10T14:53:41.210-05:00,IdeState,Inactive,,*,-1,-1
2025-01-10T14:53:42.211-05:00,IdeState,Inactive,,*,-1,-1
2025-01-10T14:53:43.214-05:00,IdeState,Inactive,,*,-1,-1
2025-01-10T14:53:44.215-05:00,IdeState,Inactive,,*,-1,-1
2025-01-10T14:53:45.217-05:00,IdeState,Inactive,,*,-1,-1
2025-01-10T14:53:46.218-05:00,IdeState,Inactive,,*,-1,-1
2025-01-10T14:53:47.220-05:00,IdeState,Inactive,,*,-1,-1
2025-01-10T14:53:48.221-05:00,IdeState,Inactive,,*,-1,-1
2025-01-10T14:53:49.244-05:00,IdeState,Inactive,,*,-1,-1
2025-01-10T14:53:50.246-05:00,IdeState,Inactive,,*,-1,-1
2025-01-10T14:53:51.248-05:00,IdeState,Inactive,,*,-1,-1
2025-01-10T14:53:52.249-05:00,IdeState,Inactive,,*,-1,-1
2025-01-10T14:53:53.250-05:00,IdeState,Inactive,,*,-1,-1
2025-01-10T14:53:54.251-05:00,IdeState,Inactive,,*,-1,-1
2025-01-10T14:53:55.253-05:00,IdeState,Inactive,,*,-1,-1
2025-01-10T14:53:56.255-05:00,IdeState,Inactive,,*,-1,-1
2025-01-10T14:53:57.255-05:00,IdeState,Inactive,,*,-1,-1
2025-01-10T14:53:58.256-05:00,IdeState,Inactive,,*,-1,-1
2025-01-10T14:53:59.257-05:00,IdeState,Inactive,,*,-1,-1
2025-01-10T14:54:00.258-05:00,IdeState,Inactive,,*,-1,-1
2025-01-10T14:54:01.260-05:00,IdeState,Inactive,,*,-1,-1
2025-01-10T14:54:02.260-05:00,IdeState,Inactive,,*,-1,-1
2025-01-10T14:54:03.262-05:00,IdeState,Inactive,,*,-1,-1
2025-01-10T14:54:04.264-05:00,IdeState,Inactive,,*,-1,-1
2025-01-10T14:54:05.265-05:00,IdeState,Inactive,,*,-1,-1
2025-01-10T14:54:06.266-05:00,IdeState,Inactive,,*,-1,-1
2025-01-10T14:54:07.268-05:00,IdeState,Inactive,,*,-1,-1
2025-01-10T14:54:08.270-05:00,IdeState,Inactive,,*,-1,-1
2025-01-10T14:54:09.272-05:00,IdeState,Inactive,,*,-1,-1
2025-01-10T14:54:10.273-05:00,IdeState,Inactive,,*,-1,-1
2025-01-10T14:54:11.274-05:00,IdeState,Inactive,,*,-1,-1
2025-01-10T14:54:12.275-05:00,IdeState,Inactive,,*,-1,-1
2025-01-10T14:54:13.278-05:00,IdeState,Inactive,,*,-1,-1
2025-01-10T14:54:14.279-05:00,IdeState,Inactive,,*,-1,-1
2025-01-10T14:54:15.281-05:00,IdeState,Inactive,,*,-1,-1
2025-01-10T14:54:16.282-05:00,IdeState,Inactive,,*,-1,-1
2025-01-10T14:54:17.283-05:00,IdeState,Inactive,,*,-1,-1
2025-01-10T14:54:18.284-05:00,IdeState,Inactive,,*,-1,-1
2025-01-10T14:54:19.286-05:00,IdeState,Inactive,,*,-1,-1
2025-01-10T14:54:20.288-05:00,IdeState,Inactive,,*,-1,-1
2025-01-10T14:54:21.289-05:00,IdeState,Inactive,,*,-1,-1
2025-01-10T14:54:22.292-05:00,IdeState,Inactive,,*,-1,-1
2025-01-10T14:54:23.292-05:00,IdeState,Inactive,,*,-1,-1
2025-01-10T14:54:24.293-05:00,IdeState,Inactive,,*,-1,-1
2025-01-10T14:54:25.294-05:00,IdeState,Inactive,,*,-1,-1
2025-01-10T14:54:26.296-05:00,IdeState,Inactive,,*,-1,-1
2025-01-10T14:54:27.298-05:00,IdeState,Inactive,,*,-1,-1
2025-01-10T14:54:28.298-05:00,IdeState,Inactive,,*,-1,-1
2025-01-10T14:54:29.299-05:00,IdeState,Inactive,,*,-1,-1
2025-01-10T14:54:30.300-05:00,IdeState,Inactive,,*,-1,-1
2025-01-10T14:54:31.301-05:00,IdeState,Inactive,,*,-1,-1
2025-01-10T14:54:32.302-05:00,IdeState,Inactive,,*,-1,-1
2025-01-10T14:54:33.304-05:00,IdeState,Inactive,,*,-1,-1
2025-01-10T14:54:34.305-05:00,IdeState,Inactive,,*,-1,-1
2025-01-10T14:54:35.306-05:00,IdeState,Inactive,,*,-1,-1
2025-01-10T14:54:36.306-05:00,IdeState,Inactive,,*,-1,-1
2025-01-10T14:54:37.307-05:00,IdeState,Inactive,,*,-1,-1
2025-01-10T14:54:38.314-05:00,IdeState,Inactive,,*,-1,-1
2025-01-10T14:54:39.316-05:00,IdeState,Inactive,,*,-1,-1
2025-01-10T14:54:40.317-05:00,IdeState,Inactive,,*,-1,-1
2025-01-10T14:54:41.329-05:00,IdeState,Inactive,,*,-1,-1
2025-01-10T14:54:42.331-05:00,IdeState,Inactive,,*,-1,-1
2025-01-10T14:54:43.332-05:00,IdeState,Inactive,,*,-1,-1
2025-01-10T14:54:44.333-05:00,IdeState,Inactive,,*,-1,-1
2025-01-10T14:54:45.334-05:00,IdeState,Inactive,,*,-1,-1
2025-01-10T14:54:46.336-05:00,IdeState,Inactive,,*,-1,-1
2025-01-10T14:54:47.337-05:00,IdeState,Inactive,,*,-1,-1
2025-01-10T14:54:48.338-05:00,IdeState,Inactive,,*,-1,-1
2025-01-10T14:54:49.339-05:00,IdeState,Inactive,,*,-1,-1
2025-01-10T14:54:50.339-05:00,IdeState,Inactive,,*,-1,-1
2025-01-10T14:54:51.341-05:00,IdeState,Inactive,,*,-1,-1
2025-01-10T14:54:52.342-05:00,IdeState,Inactive,,*,-1,-1
2025-01-10T14:54:53.343-05:00,IdeState,Inactive,,*,-1,-1
2025-01-10T14:54:54.343-05:00,IdeState,Inactive,,*,-1,-1
2025-01-10T14:54:55.345-05:00,IdeState,Inactive,,*,-1,-1
2025-01-10T14:54:56.346-05:00,IdeState,Inactive,,*,-1,-1
2025-01-10T14:54:57.347-05:00,IdeState,Inactive,,*,-1,-1
2025-01-10T14:54:58.348-05:00,IdeState,Inactive,,*,-1,-1
2025-01-10T14:54:59.349-05:00,IdeState,Inactive,,*,-1,-1
2025-01-10T14:55:00.350-05:00,IdeState,Inactive,,*,-1,-1
2025-01-10T14:55:01.352-05:00,IdeState,Inactive,,*,-1,-1
2025-01-10T14:55:02.353-05:00,IdeState,Inactive,,*,-1,-1
2025-01-10T14:55:03.353-05:00,IdeState,Inactive,,*,-1,-1
2025-01-10T14:55:04.357-05:00,IdeState,Inactive,,*,-1,-1
2025-01-10T14:55:05.358-05:00,IdeState,Inactive,,*,-1,-1
2025-01-10T14:55:06.358-05:00,IdeState,Inactive,,*,-1,-1
2025-01-10T14:55:07.359-05:00,IdeState,Inactive,,*,-1,-1
2025-01-10T14:55:08.361-05:00,IdeState,Inactive,,*,-1,-1
2025-01-10T14:55:09.362-05:00,IdeState,Inactive,,*,-1,-1
2025-01-10T14:55:10.363-05:00,IdeState,Inactive,,*,-1,-1
2025-01-10T14:55:11.366-05:00,IdeState,Inactive,,*,-1,-1
2025-01-10T14:55:12.367-05:00,IdeState,Inactive,,*,-1,-1
2025-01-10T14:55:13.371-05:00,IdeState,Inactive,,*,-1,-1
2025-01-10T14:55:14.372-05:00,IdeState,Inactive,,*,-1,-1
2025-01-10T14:55:15.374-05:00,IdeState,Inactive,,*,-1,-1
2025-01-10T14:55:16.376-05:00,IdeState,Inactive,,*,-1,-1
2025-01-10T14:55:17.376-05:00,IdeState,Inactive,,*,-1,-1
2025-01-10T14:55:18.378-05:00,IdeState,Inactive,,*,-1,-1
2025-01-10T14:55:19.379-05:00,IdeState,Inactive,,*,-1,-1
2025-01-10T14:55:20.380-05:00,IdeState,Inactive,,*,-1,-1
2025-01-10T14:55:21.382-05:00,IdeState,Inactive,,*,-1,-1
2025-01-10T14:55:22.382-05:00,IdeState,Inactive,,*,-1,-1
2025-01-10T14:55:23.385-05:00,IdeState,Inactive,,*,-1,-1
2025-01-10T14:55:24.386-05:00,IdeState,Inactive,,*,-1,-1
2025-01-10T14:55:25.387-05:00,IdeState,Inactive,,*,-1,-1
2025-01-10T14:55:26.388-05:00,IdeState,Inactive,,*,-1,-1
2025-01-10T14:55:27.389-05:00,IdeState,Inactive,,*,-1,-1
2025-01-10T14:55:28.390-05:00,IdeState,Inactive,,*,-1,-1
2025-01-10T14:55:29.391-05:00,IdeState,Inactive,,*,-1,-1
2025-01-10T14:55:30.392-05:00,IdeState,Inactive,,*,-1,-1
2025-01-10T14:55:31.394-05:00,IdeState,Inactive,,*,-1,-1
2025-01-10T14:55:32.407-05:00,IdeState,Inactive,,*,-1,-1
2025-01-10T14:55:33.407-05:00,IdeState,Inactive,,*,-1,-1
2025-01-10T14:55:34.408-05:00,IdeState,Inactive,,*,-1,-1
2025-01-10T14:55:35.598-05:00,IdeState,Inactive,,*,-1,-1
2025-01-10T14:55:36.600-05:00,IdeState,Inactive,,*,-1,-1
2025-01-10T14:55:37.603-05:00,IdeState,Inactive,,*,-1,-1
2025-01-10T14:55:38.605-05:00,IdeState,Inactive,,*,-1,-1
2025-01-10T14:55:39.606-05:00,IdeState,Inactive,,*,-1,-1
2025-01-10T14:55:40.607-05:00,IdeState,Inactive,,*,-1,-1
2025-01-10T14:55:41.607-05:00,IdeState,Inactive,,*,-1,-1
2025-01-10T14:55:42.608-05:00,IdeState,Inactive,,*,-1,-1
2025-01-10T14:55:43.610-05:00,IdeState,Inactive,,*,-1,-1
2025-01-10T14:55:44.611-05:00,IdeState,Inactive,,*,-1,-1
2025-01-10T14:55:45.612-05:00,IdeState,Inactive,,*,-1,-1
2025-01-10T14:55:46.614-05:00,IdeState,Inactive,,*,-1,-1
2025-01-10T14:55:47.615-05:00,IdeState,Inactive,,*,-1,-1
2025-01-10T14:55:48.617-05:00,IdeState,Inactive,,*,-1,-1
2025-01-10T14:55:49.618-05:00,IdeState,Inactive,,*,-1,-1
2025-01-10T14:55:50.620-05:00,IdeState,Inactive,,*,-1,-1
2025-01-10T14:55:51.621-05:00,IdeState,Inactive,,*,-1,-1
2025-01-10T14:55:52.622-05:00,IdeState,Inactive,,*,-1,-1
2025-01-10T14:55:53.622-05:00,IdeState,Inactive,,*,-1,-1
2025-01-10T14:55:54.646-05:00,IdeState,Inactive,,*,-1,-1
2025-01-10T14:55:55.651-05:00,IdeState,Inactive,,*,-1,-1
2025-01-10T14:55:56.652-05:00,IdeState,Inactive,,*,-1,-1
2025-01-10T14:55:57.653-05:00,IdeState,Inactive,,*,-1,-1
2025-01-10T14:55:58.654-05:00,IdeState,Inactive,,*,-1,-1
2025-01-10T14:55:59.655-05:00,IdeState,Inactive,,*,-1,-1
2025-01-10T14:56:00.657-05:00,IdeState,Inactive,,*,-1,-1
2025-01-10T14:56:01.658-05:00,IdeState,Inactive,,*,-1,-1
2025-01-10T14:56:02.659-05:00,IdeState,Inactive,,*,-1,-1
2025-01-10T14:56:03.660-05:00,IdeState,Inactive,,*,-1,-1
2025-01-10T14:56:04.661-05:00,IdeState,Inactive,,*,-1,-1
2025-01-10T14:56:05.663-05:00,IdeState,Inactive,,*,-1,-1
2025-01-10T14:56:06.664-05:00,IdeState,Inactive,,*,-1,-1
2025-01-10T14:56:07.665-05:00,IdeState,Inactive,,*,-1,-1
2025-01-10T14:56:08.666-05:00,IdeState,Inactive,,*,-1,-1
2025-01-10T14:56:09.667-05:00,IdeState,Inactive,,*,-1,-1
2025-01-10T14:56:10.668-05:00,IdeState,Inactive,,*,-1,-1
2025-01-10T14:56:11.669-05:00,IdeState,Inactive,,*,-1,-1
2025-01-10T14:56:12.671-05:00,IdeState,Inactive,,*,-1,-1
2025-01-10T14:56:13.672-05:00,IdeState,Inactive,,*,-1,-1
2025-01-10T14:56:14.674-05:00,IdeState,Inactive,,*,-1,-1
2025-01-10T14:56:15.677-05:00,IdeState,Inactive,,*,-1,-1
2025-01-10T14:56:16.678-05:00,IdeState,Inactive,,*,-1,-1
2025-01-10T14:56:17.679-05:00,IdeState,Inactive,,*,-1,-1
2025-01-10T14:56:18.681-05:00,IdeState,Inactive,,*,-1,-1
2025-01-10T14:56:19.683-05:00,IdeState,Inactive,,*,-1,-1
2025-01-10T14:56:20.685-05:00,IdeState,Inactive,,*,-1,-1
2025-01-10T14:56:21.685-05:00,IdeState,Inactive,,*,-1,-1
2025-01-10T14:56:22.688-05:00,IdeState,Inactive,,*,-1,-1
2025-01-10T14:56:23.690-05:00,IdeState,Inactive,,*,-1,-1
2025-01-10T14:56:24.691-05:00,IdeState,Inactive,,*,-1,-1
2025-01-10T14:56:25.692-05:00,IdeState,Inactive,,*,-1,-1
2025-01-10T14:56:26.693-05:00,IdeState,Inactive,,*,-1,-1
2025-01-10T14:56:27.694-05:00,IdeState,Inactive,,*,-1,-1
2025-01-10T14:56:28.696-05:00,IdeState,Inactive,,*,-1,-1
2025-01-10T14:56:29.696-05:00,IdeState,Inactive,,*,-1,-1
2025-01-10T14:56:30.698-05:00,IdeState,Inactive,,*,-1,-1
2025-01-10T14:56:31.699-05:00,IdeState,Inactive,,*,-1,-1
2025-01-10T14:56:32.701-05:00,IdeState,Inactive,,*,-1,-1
2025-01-10T14:56:33.702-05:00,IdeState,Inactive,,*,-1,-1
2025-01-10T14:56:34.703-05:00,IdeState,Inactive,,*,-1,-1
2025-01-10T14:56:35.705-05:00,IdeState,Inactive,,*,-1,-1
2025-01-10T14:56:36.707-05:00,IdeState,Inactive,,*,-1,-1
2025-01-10T14:56:37.708-05:00,IdeState,Inactive,,*,-1,-1
2025-01-10T14:56:38.709-05:00,IdeState,Inactive,,*,-1,-1
2025-01-10T14:56:39.710-05:00,IdeState,Inactive,,*,-1,-1
2025-01-10T14:56:40.711-05:00,IdeState,Inactive,,*,-1,-1
2025-01-10T14:56:41.712-05:00,IdeState,Inactive,,*,-1,-1
2025-01-10T14:56:42.712-05:00,IdeState,Inactive,,*,-1,-1
2025-01-10T14:56:43.713-05:00,IdeState,Inactive,,*,-1,-1
2025-01-10T14:56:44.716-05:00,IdeState,Inactive,,*,-1,-1
2025-01-10T14:56:45.717-05:00,IdeState,Inactive,,*,-1,-1
2025-01-10T14:56:46.718-05:00,IdeState,Inactive,,*,-1,-1
2025-01-10T14:56:47.719-05:00,IdeState,Inactive,,*,-1,-1
2025-01-10T14:56:48.721-05:00,IdeState,Inactive,,*,-1,-1
2025-01-10T14:56:49.722-05:00,IdeState,Inactive,,*,-1,-1
2025-01-10T14:56:50.724-05:00,IdeState,Inactive,,*,-1,-1
2025-01-10T14:56:51.726-05:00,IdeState,Inactive,,*,-1,-1
2025-01-10T14:56:52.727-05:00,IdeState,Inactive,,*,-1,-1
2025-01-10T14:56:53.727-05:00,IdeState,Inactive,,*,-1,-1
2025-01-10T14:56:54.728-05:00,IdeState,Inactive,,*,-1,-1
2025-01-10T14:56:55.729-05:00,IdeState,Inactive,,*,-1,-1
2025-01-10T14:56:56.730-05:00,IdeState,Inactive,,*,-1,-1
2025-01-10T14:56:57.731-05:00,IdeState,Inactive,,*,-1,-1
2025-01-10T14:56:58.732-05:00,IdeState,Inactive,,*,-1,-1
2025-01-10T14:56:59.734-05:00,IdeState,Inactive,,*,-1,-1
2025-01-10T14:57:00.735-05:00,IdeState,Inactive,,*,-1,-1
2025-01-10T14:57:01.736-05:00,IdeState,Inactive,,*,-1,-1
2025-01-10T14:57:02.737-05:00,IdeState,Inactive,,*,-1,-1
2025-01-10T14:57:03.738-05:00,IdeState,Inactive,,*,-1,-1
2025-01-10T14:57:04.740-05:00,IdeState,Inactive,,*,-1,-1
2025-01-10T14:57:05.741-05:00,IdeState,Inactive,,*,-1,-1
2025-01-10T14:57:06.742-05:00,IdeState,Inactive,,*,-1,-1
2025-01-10T14:57:07.743-05:00,IdeState,Inactive,,*,-1,-1
2025-01-10T14:57:08.743-05:00,IdeState,Inactive,,*,-1,-1
2025-01-10T14:57:09.749-05:00,IdeState,Inactive,,*,-1,-1
2025-01-10T14:57:10.751-05:00,IdeState,Inactive,,*,-1,-1
2025-01-10T14:57:11.752-05:00,IdeState,Inactive,,*,-1,-1
2025-01-10T14:57:12.753-05:00,IdeState,Inactive,,*,-1,-1
2025-01-10T14:57:13.754-05:00,IdeState,Inactive,,*,-1,-1
2025-01-10T14:57:14.756-05:00,IdeState,Inactive,,*,-1,-1
2025-01-10T14:57:15.759-05:00,IdeState,Inactive,,*,-1,-1
2025-01-10T14:57:16.762-05:00,IdeState,Inactive,,*,-1,-1
2025-01-10T14:57:17.764-05:00,IdeState,Inactive,,*,-1,-1
2025-01-10T14:57:18.765-05:00,IdeState,Inactive,,*,-1,-1
2025-01-10T14:57:19.767-05:00,IdeState,Inactive,,*,-1,-1
2025-01-10T14:57:20.770-05:00,IdeState,Inactive,,*,-1,-1
2025-01-10T14:57:21.771-05:00,IdeState,Inactive,,*,-1,-1
2025-01-10T14:57:22.773-05:00,IdeState,Inactive,,*,-1,-1
2025-01-10T14:57:23.774-05:00,IdeState,Inactive,,*,-1,-1
2025-01-10T14:57:24.775-05:00,IdeState,Inactive,,*,-1,-1
2025-01-10T14:57:25.776-05:00,IdeState,Inactive,,*,-1,-1
2025-01-10T14:57:26.778-05:00,IdeState,Inactive,,*,-1,-1
2025-01-10T14:57:27.779-05:00,IdeState,Inactive,,*,-1,-1
2025-01-10T14:57:28.781-05:00,IdeState,Inactive,,*,-1,-1
2025-01-10T14:57:29.782-05:00,IdeState,Inactive,,*,-1,-1
2025-01-10T14:57:30.785-05:00,IdeState,Inactive,,*,-1,-1
2025-01-10T14:57:31.785-05:00,IdeState,Inactive,,*,-1,-1
2025-01-10T14:57:32.788-05:00,IdeState,Inactive,,*,-1,-1
2025-01-10T14:57:33.790-05:00,IdeState,Inactive,,*,-1,-1
2025-01-10T14:57:34.791-05:00,IdeState,Inactive,,*,-1,-1
2025-01-10T14:57:35.793-05:00,IdeState,Inactive,,*,-1,-1
2025-01-10T14:57:36.793-05:00,IdeState,Inactive,,*,-1,-1
2025-01-10T14:57:37.795-05:00,IdeState,Inactive,,*,-1,-1
2025-01-10T14:57:38.797-05:00,IdeState,Inactive,,*,-1,-1
2025-01-10T14:57:39.798-05:00,IdeState,Inactive,,*,-1,-1
2025-01-10T14:57:40.800-05:00,IdeState,Inactive,,*,-1,-1
2025-01-10T14:57:41.801-05:00,IdeState,Inactive,,*,-1,-1
2025-01-10T14:57:42.801-05:00,IdeState,Inactive,,*,-1,-1
2025-01-10T14:57:43.803-05:00,IdeState,Inactive,,*,-1,-1
2025-01-10T14:57:44.805-05:00,IdeState,Inactive,,*,-1,-1
2025-01-10T14:57:45.805-05:00,IdeState,Inactive,,*,-1,-1
2025-01-10T14:57:46.807-05:00,IdeState,Inactive,,*,-1,-1
2025-01-10T14:57:47.809-05:00,IdeState,Inactive,,*,-1,-1
2025-01-10T14:57:48.811-05:00,IdeState,Inactive,,*,-1,-1
2025-01-10T14:57:49.812-05:00,IdeState,Inactive,,*,-1,-1
2025-01-10T14:57:50.813-05:00,IdeState,Inactive,,*,-1,-1
2025-01-10T14:57:51.814-05:00,IdeState,Inactive,,*,-1,-1
2025-01-10T14:57:52.816-05:00,IdeState,Inactive,,*,-1,-1
2025-01-10T14:57:53.817-05:00,IdeState,Inactive,,*,-1,-1
2025-01-10T14:57:54.817-05:00,IdeState,Inactive,,*,-1,-1
2025-01-10T14:57:55.820-05:00,IdeState,Inactive,,*,-1,-1
2025-01-10T14:57:56.821-05:00,IdeState,Inactive,,*,-1,-1
2025-01-10T14:57:57.822-05:00,IdeState,Inactive,,*,-1,-1
2025-01-10T14:57:58.823-05:00,IdeState,Inactive,,*,-1,-1
2025-01-10T14:57:59.824-05:00,IdeState,Inactive,,*,-1,-1
2025-01-10T14:58:00.825-05:00,IdeState,Inactive,,*,-1,-1
2025-01-10T14:58:01.826-05:00,IdeState,Inactive,,*,-1,-1
2025-01-10T14:58:02.828-05:00,IdeState,Inactive,,*,-1,-1
2025-01-10T14:58:03.829-05:00,IdeState,Inactive,,*,-1,-1
2025-01-10T14:58:04.830-05:00,IdeState,Inactive,,*,-1,-1
2025-01-10T14:58:05.831-05:00,IdeState,Inactive,,*,-1,-1
2025-01-10T14:58:06.832-05:00,IdeState,Inactive,,*,-1,-1
2025-01-10T14:58:07.833-05:00,IdeState,Inactive,,*,-1,-1
2025-01-10T14:58:08.834-05:00,IdeState,Inactive,,*,-1,-1
2025-01-10T14:58:09.836-05:00,IdeState,Inactive,,*,-1,-1
2025-01-10T14:58:10.837-05:00,IdeState,Inactive,,*,-1,-1
2025-01-10T14:58:11.839-05:00,IdeState,Inactive,,*,-1,-1
2025-01-10T14:58:12.841-05:00,IdeState,Inactive,,*,-1,-1
2025-01-10T14:58:13.842-05:00,IdeState,Inactive,,*,-1,-1
2025-01-10T14:58:14.843-05:00,IdeState,Inactive,,*,-1,-1
2025-01-10T14:58:15.844-05:00,IdeState,Inactive,,*,-1,-1
2025-01-10T14:58:16.847-05:00,IdeState,Inactive,,*,-1,-1
2025-01-10T14:58:17.848-05:00,IdeState,Inactive,,*,-1,-1
2025-01-10T14:58:18.849-05:00,IdeState,Inactive,,*,-1,-1
2025-01-10T14:58:19.850-05:00,IdeState,Inactive,,*,-1,-1
2025-01-10T14:58:20.851-05:00,IdeState,Inactive,,*,-1,-1
2025-01-10T14:58:21.852-05:00,IdeState,Inactive,,*,-1,-1
2025-01-10T14:58:22.852-05:00,IdeState,Inactive,,*,-1,-1
2025-01-10T14:58:23.854-05:00,IdeState,Inactive,,*,-1,-1
2025-01-10T14:58:24.855-05:00,IdeState,Inactive,,*,-1,-1
2025-01-10T14:58:25.857-05:00,IdeState,Inactive,,*,-1,-1
2025-01-10T14:58:26.859-05:00,IdeState,Inactive,,*,-1,-1
2025-01-10T14:58:27.860-05:00,IdeState,Inactive,,*,-1,-1
2025-01-10T14:58:28.861-05:00,IdeState,Inactive,,*,-1,-1
2025-01-10T14:58:29.863-05:00,IdeState,Inactive,,*,-1,-1
2025-01-10T14:58:30.865-05:00,IdeState,Inactive,,*,-1,-1
2025-01-10T14:58:31.867-05:00,IdeState,Inactive,,*,-1,-1
2025-01-10T14:58:32.868-05:00,IdeState,Inactive,,*,-1,-1
2025-01-10T14:58:33.869-05:00,IdeState,Inactive,,*,-1,-1
2025-01-10T14:58:34.871-05:00,IdeState,Inactive,,*,-1,-1
2025-01-10T14:58:35.873-05:00,IdeState,Inactive,,*,-1,-1
2025-01-10T14:58:36.874-05:00,IdeState,Inactive,,*,-1,-1
2025-01-10T14:58:37.876-05:00,IdeState,Inactive,,*,-1,-1
2025-01-10T14:58:38.877-05:00,IdeState,Inactive,,*,-1,-1
2025-01-10T14:58:39.878-05:00,IdeState,Inactive,,*,-1,-1
2025-01-10T14:58:40.880-05:00,IdeState,Inactive,,*,-1,-1
2025-01-10T14:58:41.881-05:00,IdeState,Inactive,,*,-1,-1
2025-01-10T14:58:42.882-05:00,IdeState,Inactive,,*,-1,-1
2025-01-10T14:58:43.884-05:00,IdeState,Inactive,,*,-1,-1
2025-01-10T14:58:44.884-05:00,IdeState,Inactive,,*,-1,-1
2025-01-10T14:58:45.887-05:00,IdeState,Inactive,,*,-1,-1
2025-01-10T14:58:46.888-05:00,IdeState,Inactive,,*,-1,-1
2025-01-10T14:58:47.889-05:00,IdeState,Inactive,,*,-1,-1
2025-01-10T14:58:48.890-05:00,IdeState,Inactive,,*,-1,-1
2025-01-10T14:58:49.891-05:00,IdeState,Inactive,,*,-1,-1
2025-01-10T14:58:50.892-05:00,IdeState,Inactive,,*,-1,-1
2025-01-10T14:58:51.893-05:00,IdeState,Inactive,,*,-1,-1
2025-01-10T14:58:52.895-05:00,IdeState,Inactive,,*,-1,-1
2025-01-10T14:58:53.896-05:00,IdeState,Inactive,,*,-1,-1
2025-01-10T14:58:54.898-05:00,IdeState,Inactive,,*,-1,-1
2025-01-10T14:58:55.900-05:00,IdeState,Inactive,,*,-1,-1
2025-01-10T14:58:56.901-05:00,IdeState,Inactive,,*,-1,-1
2025-01-10T14:58:57.904-05:00,IdeState,Inactive,,*,-1,-1
2025-01-10T14:58:58.905-05:00,IdeState,Inactive,,*,-1,-1
2025-01-10T14:58:59.906-05:00,IdeState,Inactive,,*,-1,-1
2025-01-10T14:59:00.908-05:00,IdeState,Inactive,,*,-1,-1
2025-01-10T14:59:01.910-05:00,IdeState,Inactive,,*,-1,-1
2025-01-10T14:59:02.911-05:00,IdeState,Inactive,,*,-1,-1
2025-01-10T14:59:03.912-05:00,IdeState,Inactive,,*,-1,-1
2025-01-10T14:59:04.913-05:00,IdeState,Inactive,,*,-1,-1
2025-01-10T14:59:05.914-05:00,IdeState,Inactive,,*,-1,-1
2025-01-10T14:59:06.916-05:00,IdeState,Inactive,,*,-1,-1
2025-01-10T14:59:07.918-05:00,IdeState,Inactive,,*,-1,-1
2025-01-10T14:59:08.920-05:00,IdeState,Inactive,,*,-1,-1
2025-01-10T14:59:09.922-05:00,IdeState,Inactive,,*,-1,-1
2025-01-10T14:59:10.923-05:00,IdeState,Inactive,,*,-1,-1
2025-01-10T14:59:11.923-05:00,IdeState,Inactive,,*,-1,-1
2025-01-10T14:59:12.924-05:00,IdeState,Inactive,,*,-1,-1
2025-01-10T14:59:13.925-05:00,IdeState,Inactive,,*,-1,-1
2025-01-10T14:59:14.927-05:00,IdeState,Inactive,,*,-1,-1
2025-01-10T14:59:15.927-05:00,IdeState,Inactive,,*,-1,-1
2025-01-10T14:59:16.930-05:00,IdeState,Inactive,,*,-1,-1
2025-01-10T14:59:17.931-05:00,IdeState,Inactive,,*,-1,-1
2025-01-10T14:59:18.932-05:00,IdeState,Inactive,,*,-1,-1
2025-01-10T14:59:19.933-05:00,IdeState,Inactive,,*,-1,-1
2025-01-10T14:59:20.934-05:00,IdeState,Inactive,,*,-1,-1
2025-01-10T14:59:21.935-05:00,IdeState,Inactive,,*,-1,-1
2025-01-10T14:59:22.937-05:00,IdeState,Inactive,,*,-1,-1
2025-01-10T14:59:23.938-05:00,IdeState,Inactive,,*,-1,-1
2025-01-10T14:59:24.939-05:00,IdeState,Inactive,,*,-1,-1
2025-01-10T14:59:25.941-05:00,IdeState,Inactive,,*,-1,-1
2025-01-10T14:59:26.942-05:00,IdeState,Inactive,,*,-1,-1
2025-01-10T14:59:27.943-05:00,IdeState,Inactive,,*,-1,-1
2025-01-10T14:59:28.945-05:00,IdeState,Inactive,,*,-1,-1
2025-01-10T14:59:29.947-05:00,IdeState,Inactive,,*,-1,-1
2025-01-10T14:59:30.951-05:00,IdeState,Inactive,,*,-1,-1
2025-01-10T14:59:31.953-05:00,IdeState,Inactive,,*,-1,-1
2025-01-10T14:59:32.954-05:00,IdeState,Inactive,,*,-1,-1
2025-01-10T14:59:33.956-05:00,IdeState,Inactive,,*,-1,-1
2025-01-10T14:59:34.957-05:00,IdeState,Inactive,,*,-1,-1
2025-01-10T14:59:35.957-05:00,IdeState,Inactive,,*,-1,-1
2025-01-10T14:59:36.958-05:00,IdeState,Inactive,,*,-1,-1
2025-01-10T14:59:37.960-05:00,IdeState,Inactive,,*,-1,-1
2025-01-10T14:59:38.961-05:00,IdeState,Inactive,,*,-1,-1
2025-01-10T14:59:39.963-05:00,IdeState,Inactive,,*,-1,-1
2025-01-10T14:59:40.964-05:00,IdeState,Inactive,,*,-1,-1
2025-01-10T14:59:41.966-05:00,IdeState,Inactive,,*,-1,-1
2025-01-10T14:59:42.967-05:00,IdeState,Inactive,,*,-1,-1
2025-01-10T14:59:43.969-05:00,IdeState,Inactive,,*,-1,-1
2025-01-10T14:59:44.985-05:00,IdeState,Inactive,,*,-1,-1
2025-01-10T14:59:46.005-05:00,IdeState,Inactive,,*,-1,-1
2025-01-10T14:59:47.006-05:00,IdeState,Inactive,,*,-1,-1
2025-01-10T14:59:48.007-05:00,IdeState,Inactive,,*,-1,-1
2025-01-10T14:59:49.008-05:00,IdeState,Inactive,,*,-1,-1
2025-01-10T14:59:50.009-05:00,IdeState,Inactive,,*,-1,-1
2025-01-10T14:59:51.011-05:00,IdeState,Inactive,,*,-1,-1
2025-01-10T14:59:52.011-05:00,IdeState,Inactive,,*,-1,-1
2025-01-10T14:59:53.012-05:00,IdeState,Inactive,,*,-1,-1
2025-01-10T14:59:54.014-05:00,IdeState,Inactive,,*,-1,-1
2025-01-10T14:59:55.016-05:00,IdeState,Inactive,,*,-1,-1
2025-01-10T14:59:56.017-05:00,IdeState,Inactive,,*,-1,-1
2025-01-10T14:59:57.019-05:00,IdeState,Inactive,,*,-1,-1
2025-01-10T14:59:58.019-05:00,IdeState,Inactive,,*,-1,-1
2025-01-10T14:59:59.021-05:00,IdeState,Inactive,,*,-1,-1
2025-01-10T15:00:00.022-05:00,IdeState,Inactive,,*,-1,-1
2025-01-10T15:00:01.023-05:00,IdeState,Inactive,,*,-1,-1
2025-01-10T15:00:02.024-05:00,IdeState,Inactive,,*,-1,-1
2025-01-10T15:00:03.025-05:00,IdeState,Inactive,,*,-1,-1
2025-01-10T15:00:04.047-05:00,IdeState,Inactive,,*,-1,-1
2025-01-10T15:00:05.057-05:00,IdeState,Inactive,,*,-1,-1
2025-01-10T15:00:06.058-05:00,IdeState,Inactive,,*,-1,-1
2025-01-10T15:00:07.060-05:00,IdeState,Inactive,,*,-1,-1
2025-01-10T15:00:08.061-05:00,IdeState,Inactive,,*,-1,-1
2025-01-10T15:00:09.062-05:00,IdeState,Inactive,,*,-1,-1
2025-01-10T15:00:10.063-05:00,IdeState,Inactive,,*,-1,-1
2025-01-10T15:00:11.064-05:00,IdeState,Inactive,,*,-1,-1
2025-01-10T15:00:12.065-05:00,IdeState,Inactive,,*,-1,-1
2025-01-10T15:00:13.067-05:00,IdeState,Inactive,,*,-1,-1
2025-01-10T15:00:14.067-05:00,IdeState,Inactive,,*,-1,-1
2025-01-10T15:00:15.068-05:00,IdeState,Inactive,,*,-1,-1
2025-01-10T15:00:16.070-05:00,IdeState,Inactive,,*,-1,-1
2025-01-10T15:00:17.072-05:00,IdeState,Inactive,,*,-1,-1
2025-01-10T15:00:18.074-05:00,IdeState,Inactive,,*,-1,-1
2025-01-10T15:00:19.075-05:00,IdeState,Inactive,,*,-1,-1
2025-01-10T15:00:20.076-05:00,IdeState,Inactive,,*,-1,-1
2025-01-10T15:00:21.077-05:00,IdeState,Inactive,,*,-1,-1
2025-01-10T15:00:22.078-05:00,IdeState,Inactive,,*,-1,-1
2025-01-10T15:00:23.079-05:00,IdeState,Inactive,,*,-1,-1
2025-01-10T15:00:24.080-05:00,IdeState,Inactive,,*,-1,-1
2025-01-10T15:00:25.081-05:00,IdeState,Inactive,,*,-1,-1
2025-01-10T15:00:26.082-05:00,IdeState,Inactive,,*,-1,-1
2025-01-10T15:00:27.083-05:00,IdeState,Inactive,,*,-1,-1
2025-01-10T15:00:28.102-05:00,IdeState,Inactive,,*,-1,-1
2025-01-10T15:00:29.105-05:00,IdeState,Inactive,,*,-1,-1
2025-01-10T15:00:30.105-05:00,IdeState,Inactive,,*,-1,-1
2025-01-10T15:00:31.106-05:00,IdeState,Inactive,,*,-1,-1
2025-01-10T15:00:32.107-05:00,IdeState,Inactive,,*,-1,-1
2025-01-10T15:00:33.107-05:00,IdeState,Inactive,,*,-1,-1
2025-01-10T15:00:34.109-05:00,IdeState,Inactive,,*,-1,-1
2025-01-10T15:00:35.111-05:00,IdeState,Inactive,,*,-1,-1
2025-01-10T15:00:36.112-05:00,IdeState,Inactive,,*,-1,-1
2025-01-10T15:00:37.113-05:00,IdeState,Inactive,,*,-1,-1
2025-01-10T15:00:38.113-05:00,IdeState,Inactive,,*,-1,-1
2025-01-10T15:00:39.115-05:00,IdeState,Inactive,,*,-1,-1
2025-01-10T15:00:40.117-05:00,IdeState,Inactive,,*,-1,-1
2025-01-10T15:00:41.119-05:00,IdeState,Inactive,,*,-1,-1
2025-01-10T15:00:42.121-05:00,IdeState,Inactive,,*,-1,-1
2025-01-10T15:00:43.122-05:00,IdeState,Inactive,,*,-1,-1
2025-01-10T15:00:44.123-05:00,IdeState,Inactive,,*,-1,-1
2025-01-10T15:00:45.124-05:00,IdeState,Inactive,,*,-1,-1
2025-01-10T15:00:46.126-05:00,IdeState,Inactive,,*,-1,-1
2025-01-10T15:00:47.127-05:00,IdeState,Inactive,,*,-1,-1
2025-01-10T15:00:48.130-05:00,IdeState,Inactive,,*,-1,-1
2025-01-10T15:00:49.131-05:00,IdeState,Inactive,,*,-1,-1
2025-01-10T15:00:50.133-05:00,IdeState,Inactive,,*,-1,-1
2025-01-10T15:00:51.134-05:00,IdeState,Inactive,,*,-1,-1
2025-01-10T15:00:52.135-05:00,IdeState,Inactive,,*,-1,-1
2025-01-10T15:00:53.135-05:00,IdeState,Inactive,,*,-1,-1
2025-01-10T15:00:54.136-05:00,IdeState,Inactive,,*,-1,-1
2025-01-10T15:00:55.137-05:00,IdeState,Inactive,,*,-1,-1
2025-01-10T15:00:56.140-05:00,IdeState,Inactive,,*,-1,-1
2025-01-10T15:00:57.141-05:00,IdeState,Inactive,,*,-1,-1
2025-01-10T15:00:58.143-05:00,IdeState,Inactive,,*,-1,-1
2025-01-10T15:00:59.144-05:00,IdeState,Inactive,,*,-1,-1
2025-01-10T15:01:00.145-05:00,IdeState,Inactive,,*,-1,-1
2025-01-10T15:01:01.147-05:00,IdeState,Inactive,,*,-1,-1
2025-01-10T15:01:02.150-05:00,IdeState,Inactive,,*,-1,-1
2025-01-10T15:01:03.152-05:00,IdeState,Inactive,,*,-1,-1
2025-01-10T15:01:04.153-05:00,IdeState,Inactive,,*,-1,-1
2025-01-10T15:01:05.155-05:00,IdeState,Inactive,,*,-1,-1
2025-01-10T15:01:06.156-05:00,IdeState,Inactive,,*,-1,-1
2025-01-10T15:01:07.157-05:00,IdeState,Inactive,,*,-1,-1
2025-01-10T15:01:08.159-05:00,IdeState,Inactive,,*,-1,-1
2025-01-10T15:01:09.160-05:00,IdeState,Inactive,,*,-1,-1
2025-01-10T15:01:10.161-05:00,IdeState,Inactive,,*,-1,-1
2025-01-10T15:01:11.162-05:00,IdeState,Inactive,,*,-1,-1
2025-01-10T15:01:12.163-05:00,IdeState,Inactive,,*,-1,-1
2025-01-10T15:01:13.165-05:00,IdeState,Inactive,,*,-1,-1
2025-01-10T15:01:14.165-05:00,IdeState,Inactive,,*,-1,-1
2025-01-10T15:01:15.166-05:00,IdeState,Inactive,,*,-1,-1
2025-01-10T15:01:16.168-05:00,IdeState,Inactive,,*,-1,-1
2025-01-10T15:01:17.169-05:00,IdeState,Inactive,,*,-1,-1
2025-01-10T15:01:18.171-05:00,IdeState,Inactive,,*,-1,-1
2025-01-10T15:01:19.172-05:00,IdeState,Inactive,,*,-1,-1
2025-01-10T15:01:20.173-05:00,IdeState,Inactive,,*,-1,-1
2025-01-10T15:01:21.174-05:00,IdeState,Inactive,,*,-1,-1
2025-01-10T15:01:22.176-05:00,IdeState,Inactive,,*,-1,-1
2025-01-10T15:01:23.177-05:00,IdeState,Inactive,,*,-1,-1
2025-01-10T15:01:24.180-05:00,IdeState,Inactive,,*,-1,-1
2025-01-10T15:01:25.180-05:00,IdeState,Inactive,,*,-1,-1
2025-01-10T15:01:26.181-05:00,IdeState,Inactive,,*,-1,-1
2025-01-10T15:01:27.181-05:00,IdeState,Inactive,,*,-1,-1
2025-01-10T15:01:28.184-05:00,IdeState,Inactive,,*,-1,-1
2025-01-10T15:01:29.185-05:00,IdeState,Inactive,,*,-1,-1
2025-01-10T15:01:30.186-05:00,IdeState,Inactive,,*,-1,-1
2025-01-10T15:01:31.187-05:00,IdeState,Inactive,,*,-1,-1
2025-01-10T15:01:32.188-05:00,IdeState,Inactive,,*,-1,-1
2025-01-10T15:01:33.190-05:00,IdeState,Inactive,,*,-1,-1
2025-01-10T15:01:34.190-05:00,IdeState,Inactive,,*,-1,-1
2025-01-10T15:01:35.192-05:00,IdeState,Inactive,,*,-1,-1
2025-01-10T15:01:36.193-05:00,IdeState,Inactive,,*,-1,-1
2025-01-10T15:01:37.195-05:00,IdeState,Inactive,,*,-1,-1
2025-01-10T15:01:38.195-05:00,IdeState,Inactive,,*,-1,-1
2025-01-10T15:01:39.196-05:00,IdeState,Inactive,,*,-1,-1
2025-01-10T15:01:40.200-05:00,IdeState,Inactive,,*,-1,-1
2025-01-10T15:01:41.201-05:00,IdeState,Inactive,,*,-1,-1
2025-01-10T15:01:42.203-05:00,IdeState,Inactive,,*,-1,-1
2025-01-10T15:01:43.205-05:00,IdeState,Inactive,,*,-1,-1
2025-01-10T15:01:44.207-05:00,IdeState,Inactive,,*,-1,-1
2025-01-10T15:01:45.208-05:00,IdeState,Inactive,,*,-1,-1
2025-01-10T15:01:46.209-05:00,IdeState,Inactive,,*,-1,-1
2025-01-10T15:01:47.210-05:00,IdeState,Inactive,,*,-1,-1
2025-01-10T15:01:48.211-05:00,IdeState,Inactive,,*,-1,-1
2025-01-10T15:01:49.212-05:00,IdeState,Inactive,,*,-1,-1
2025-01-10T15:01:50.213-05:00,IdeState,Inactive,,*,-1,-1
2025-01-10T15:01:51.214-05:00,IdeState,Inactive,,*,-1,-1
2025-01-10T15:01:52.216-05:00,IdeState,Inactive,,*,-1,-1
2025-01-10T15:01:53.217-05:00,IdeState,Inactive,,*,-1,-1
2025-01-10T15:01:54.218-05:00,IdeState,Inactive,,*,-1,-1
2025-01-10T15:01:55.220-05:00,IdeState,Inactive,,*,-1,-1
2025-01-10T15:01:56.221-05:00,IdeState,Inactive,,*,-1,-1
2025-01-10T15:01:57.223-05:00,IdeState,Inactive,,*,-1,-1
2025-01-10T15:01:58.224-05:00,IdeState,Inactive,,*,-1,-1
2025-01-10T15:01:59.225-05:00,IdeState,Inactive,,*,-1,-1
2025-01-10T15:02:00.226-05:00,IdeState,Inactive,,*,-1,-1
2025-01-10T15:02:01.227-05:00,IdeState,Inactive,,*,-1,-1
2025-01-10T15:02:02.228-05:00,IdeState,Inactive,,*,-1,-1
2025-01-10T15:02:03.229-05:00,IdeState,Inactive,,*,-1,-1
2025-01-10T15:02:04.230-05:00,IdeState,Inactive,,*,-1,-1
2025-01-10T15:02:05.231-05:00,IdeState,Inactive,,*,-1,-1
2025-01-10T15:02:06.232-05:00,IdeState,Inactive,,*,-1,-1
2025-01-10T15:02:07.233-05:00,IdeState,Inactive,,*,-1,-1
2025-01-10T15:02:08.234-05:00,IdeState,Inactive,,*,-1,-1
2025-01-10T15:02:09.235-05:00,IdeState,Inactive,,*,-1,-1
2025-01-10T15:02:10.236-05:00,IdeState,Inactive,,*,-1,-1
2025-01-10T15:02:11.237-05:00,IdeState,Inactive,,*,-1,-1
2025-01-10T15:02:12.238-05:00,IdeState,Inactive,,*,-1,-1
2025-01-10T15:02:13.239-05:00,IdeState,Inactive,,*,-1,-1
2025-01-10T15:02:14.240-05:00,IdeState,Inactive,,*,-1,-1
2025-01-10T15:02:15.241-05:00,IdeState,Inactive,,*,-1,-1
2025-01-10T15:02:16.242-05:00,IdeState,Inactive,,*,-1,-1
2025-01-10T15:02:17.244-05:00,IdeState,Inactive,,*,-1,-1
2025-01-10T15:02:18.246-05:00,IdeState,Inactive,,*,-1,-1
2025-01-10T15:02:19.247-05:00,IdeState,Inactive,,*,-1,-1
2025-01-10T15:02:20.248-05:00,IdeState,Inactive,,*,-1,-1
2025-01-10T15:02:21.251-05:00,IdeState,Inactive,,*,-1,-1
2025-01-10T15:02:22.251-05:00,IdeState,Inactive,,*,-1,-1
2025-01-10T15:02:23.252-05:00,IdeState,Inactive,,*,-1,-1
2025-01-10T15:02:24.253-05:00,IdeState,Inactive,,*,-1,-1
2025-01-10T15:02:25.256-05:00,IdeState,Inactive,,*,-1,-1
2025-01-10T15:02:26.257-05:00,IdeState,Inactive,,*,-1,-1
2025-01-10T15:02:27.258-05:00,IdeState,Inactive,,*,-1,-1
2025-01-10T15:02:28.259-05:00,IdeState,Inactive,,*,-1,-1
2025-01-10T15:02:29.261-05:00,IdeState,Inactive,,*,-1,-1
2025-01-10T15:02:30.262-05:00,IdeState,Inactive,,*,-1,-1
2025-01-10T15:02:31.263-05:00,IdeState,Inactive,,*,-1,-1
2025-01-10T15:02:32.264-05:00,IdeState,Inactive,,*,-1,-1
2025-01-10T15:02:33.266-05:00,IdeState,Inactive,,*,-1,-1
2025-01-10T15:02:34.267-05:00,IdeState,Inactive,,*,-1,-1
2025-01-10T15:02:35.268-05:00,IdeState,Inactive,,*,-1,-1
2025-01-10T15:02:36.269-05:00,IdeState,Inactive,,*,-1,-1
2025-01-10T15:02:37.271-05:00,IdeState,Inactive,,*,-1,-1
2025-01-10T15:02:38.271-05:00,IdeState,Inactive,,*,-1,-1
2025-01-10T15:02:39.272-05:00,IdeState,Inactive,,*,-1,-1
2025-01-10T15:02:40.272-05:00,IdeState,Inactive,,*,-1,-1
2025-01-10T15:02:41.274-05:00,IdeState,Inactive,,*,-1,-1
2025-01-10T15:02:42.275-05:00,IdeState,Inactive,,*,-1,-1
2025-01-10T15:02:43.281-05:00,IdeState,Inactive,,*,-1,-1
2025-01-10T15:02:44.283-05:00,IdeState,Inactive,,*,-1,-1
2025-01-10T15:02:45.285-05:00,IdeState,Inactive,,*,-1,-1
2025-01-10T15:02:46.287-05:00,IdeState,Inactive,,*,-1,-1
2025-01-10T15:02:47.288-05:00,IdeState,Inactive,,*,-1,-1
2025-01-10T15:02:48.290-05:00,IdeState,Inactive,,*,-1,-1
2025-01-10T15:02:49.291-05:00,IdeState,Inactive,,*,-1,-1
2025-01-10T15:02:50.292-05:00,IdeState,Inactive,,*,-1,-1
2025-01-10T15:02:51.294-05:00,IdeState,Inactive,,*,-1,-1
2025-01-10T15:02:52.295-05:00,IdeState,Inactive,,*,-1,-1
2025-01-10T15:02:53.297-05:00,IdeState,Inactive,,*,-1,-1
2025-01-10T15:02:54.299-05:00,IdeState,Inactive,,*,-1,-1
2025-01-10T15:02:55.299-05:00,IdeState,Inactive,,*,-1,-1
2025-01-10T15:02:56.300-05:00,IdeState,Inactive,,*,-1,-1
2025-01-10T15:02:57.301-05:00,IdeState,Inactive,,*,-1,-1
2025-01-10T15:02:58.303-05:00,IdeState,Inactive,,*,-1,-1
2025-01-10T15:02:59.304-05:00,IdeState,Inactive,,*,-1,-1
2025-01-10T15:03:00.305-05:00,IdeState,Inactive,,*,-1,-1
2025-01-10T15:03:01.307-05:00,IdeState,Inactive,,*,-1,-1
2025-01-10T15:03:02.309-05:00,IdeState,Inactive,,*,-1,-1
2025-01-10T15:03:03.310-05:00,IdeState,Inactive,,*,-1,-1
2025-01-10T15:03:04.310-05:00,IdeState,Inactive,,*,-1,-1
2025-01-10T15:03:05.311-05:00,IdeState,Inactive,,*,-1,-1
2025-01-10T15:03:06.313-05:00,IdeState,Inactive,,*,-1,-1
2025-01-10T15:03:07.314-05:00,IdeState,Inactive,,*,-1,-1
2025-01-10T15:03:08.316-05:00,IdeState,Inactive,,*,-1,-1
2025-01-10T15:03:09.318-05:00,IdeState,Inactive,,*,-1,-1
2025-01-10T15:03:10.319-05:00,IdeState,Inactive,,*,-1,-1
2025-01-10T15:03:11.321-05:00,IdeState,Inactive,,*,-1,-1
2025-01-10T15:03:12.322-05:00,IdeState,Inactive,,*,-1,-1
2025-01-10T15:03:13.324-05:00,IdeState,Inactive,,*,-1,-1
2025-01-10T15:03:14.326-05:00,IdeState,Inactive,,*,-1,-1
2025-01-10T15:03:15.327-05:00,IdeState,Inactive,,*,-1,-1
2025-01-10T15:03:16.329-05:00,IdeState,Inactive,,*,-1,-1
2025-01-10T15:03:17.330-05:00,IdeState,Inactive,,*,-1,-1
2025-01-10T15:03:18.331-05:00,IdeState,Inactive,,*,-1,-1
2025-01-10T15:03:19.334-05:00,IdeState,Inactive,,*,-1,-1
2025-01-10T15:03:20.334-05:00,IdeState,Inactive,,*,-1,-1
2025-01-10T15:03:21.336-05:00,IdeState,Inactive,,*,-1,-1
2025-01-10T15:03:22.337-05:00,IdeState,Inactive,,*,-1,-1
2025-01-10T15:03:23.339-05:00,IdeState,Inactive,,*,-1,-1
2025-01-10T15:03:24.340-05:00,IdeState,Inactive,,*,-1,-1
2025-01-10T15:03:25.341-05:00,IdeState,Inactive,,*,-1,-1
2025-01-10T15:03:26.342-05:00,IdeState,Inactive,,*,-1,-1
2025-01-10T15:03:27.344-05:00,IdeState,Inactive,,*,-1,-1
2025-01-10T15:03:28.346-05:00,IdeState,Inactive,,*,-1,-1
2025-01-10T15:03:29.347-05:00,IdeState,Inactive,,*,-1,-1
2025-01-10T15:03:30.349-05:00,IdeState,Inactive,,*,-1,-1
2025-01-10T15:03:31.351-05:00,IdeState,Inactive,,*,-1,-1
2025-01-10T15:03:32.352-05:00,IdeState,Inactive,,*,-1,-1
2025-01-10T15:03:33.354-05:00,IdeState,Inactive,,*,-1,-1
2025-01-10T15:03:34.356-05:00,IdeState,Inactive,,*,-1,-1
2025-01-10T15:03:35.357-05:00,IdeState,Inactive,,*,-1,-1
2025-01-10T15:03:36.358-05:00,IdeState,Inactive,,*,-1,-1
2025-01-10T15:03:37.359-05:00,IdeState,Inactive,,*,-1,-1
2025-01-10T15:03:38.360-05:00,IdeState,Inactive,,*,-1,-1
2025-01-10T15:03:39.361-05:00,IdeState,Inactive,,*,-1,-1
2025-01-10T15:03:40.363-05:00,IdeState,Inactive,,*,-1,-1
2025-01-10T15:03:41.365-05:00,IdeState,Inactive,,*,-1,-1
2025-01-10T15:03:42.367-05:00,IdeState,Inactive,,*,-1,-1
2025-01-10T15:03:43.368-05:00,IdeState,Inactive,,*,-1,-1
2025-01-10T15:03:44.369-05:00,IdeState,Inactive,,*,-1,-1
2025-01-10T15:03:45.373-05:00,IdeState,Inactive,,*,-1,-1
2025-01-10T15:03:46.374-05:00,IdeState,Inactive,,*,-1,-1
2025-01-10T15:03:47.375-05:00,IdeState,Inactive,,*,-1,-1
2025-01-10T15:03:48.377-05:00,IdeState,Inactive,,*,-1,-1
2025-01-10T15:03:49.378-05:00,IdeState,Inactive,,*,-1,-1
2025-01-10T15:03:50.378-05:00,IdeState,Inactive,,*,-1,-1
2025-01-10T15:03:51.379-05:00,IdeState,Inactive,,*,-1,-1
2025-01-10T15:03:52.380-05:00,IdeState,Inactive,,*,-1,-1
2025-01-10T15:03:53.382-05:00,IdeState,Inactive,,*,-1,-1
2025-01-10T15:03:54.383-05:00,IdeState,Inactive,,*,-1,-1
2025-01-10T15:03:55.385-05:00,IdeState,Inactive,,*,-1,-1
2025-01-10T15:03:56.388-05:00,IdeState,Inactive,,*,-1,-1
2025-01-10T15:03:57.388-05:00,IdeState,Inactive,,*,-1,-1
2025-01-10T15:03:58.389-05:00,IdeState,Inactive,,*,-1,-1
2025-01-10T15:03:59.391-05:00,IdeState,Inactive,,*,-1,-1
2025-01-10T15:04:00.392-05:00,IdeState,Inactive,,*,-1,-1
2025-01-10T15:04:01.394-05:00,IdeState,Inactive,,*,-1,-1
2025-01-10T15:04:02.395-05:00,IdeState,Inactive,,*,-1,-1
2025-01-10T15:04:03.397-05:00,IdeState,Inactive,,*,-1,-1
2025-01-10T15:04:04.397-05:00,IdeState,Inactive,,*,-1,-1
2025-01-10T15:04:05.398-05:00,IdeState,Inactive,,*,-1,-1
2025-01-10T15:04:06.399-05:00,IdeState,Inactive,,*,-1,-1
2025-01-10T15:04:07.400-05:00,IdeState,Inactive,,*,-1,-1
2025-01-10T15:04:08.401-05:00,IdeState,Inactive,,*,-1,-1
2025-01-10T15:04:09.401-05:00,IdeState,Inactive,,*,-1,-1
2025-01-10T15:04:10.402-05:00,IdeState,Inactive,,*,-1,-1
2025-01-10T15:04:11.403-05:00,IdeState,Inactive,,*,-1,-1
2025-01-10T15:04:12.404-05:00,IdeState,Inactive,,*,-1,-1
2025-01-10T15:04:13.406-05:00,IdeState,Inactive,,*,-1,-1
2025-01-10T15:04:14.407-05:00,IdeState,Inactive,,*,-1,-1
2025-01-10T15:04:15.408-05:00,IdeState,Inactive,,*,-1,-1
2025-01-10T15:04:16.409-05:00,IdeState,Inactive,,*,-1,-1
2025-01-10T15:04:17.411-05:00,IdeState,Inactive,,*,-1,-1
2025-01-10T15:04:18.412-05:00,IdeState,Inactive,,*,-1,-1
2025-01-10T15:04:19.413-05:00,IdeState,Inactive,,*,-1,-1
2025-01-10T15:04:20.414-05:00,IdeState,Inactive,,*,-1,-1
2025-01-10T15:04:21.416-05:00,IdeState,Inactive,,*,-1,-1
2025-01-10T15:04:22.417-05:00,IdeState,Inactive,,*,-1,-1
2025-01-10T15:04:23.418-05:00,IdeState,Inactive,,*,-1,-1
2025-01-10T15:04:24.421-05:00,IdeState,Inactive,,*,-1,-1
2025-01-10T15:04:25.422-05:00,IdeState,Inactive,,*,-1,-1
2025-01-10T15:04:26.423-05:00,IdeState,Inactive,,*,-1,-1
2025-01-10T15:04:27.425-05:00,IdeState,Inactive,,*,-1,-1
2025-01-10T15:04:28.427-05:00,IdeState,Inactive,,*,-1,-1
2025-01-10T15:04:29.427-05:00,IdeState,Inactive,,*,-1,-1
2025-01-10T15:04:30.428-05:00,IdeState,Inactive,,*,-1,-1
2025-01-10T15:04:31.429-05:00,IdeState,Inactive,,*,-1,-1
2025-01-10T15:04:32.429-05:00,IdeState,Inactive,,*,-1,-1
2025-01-10T15:04:33.430-05:00,IdeState,Inactive,,*,-1,-1
2025-01-10T15:04:34.433-05:00,IdeState,Inactive,,*,-1,-1
2025-01-10T15:04:35.434-05:00,IdeState,Inactive,,*,-1,-1
2025-01-10T15:04:36.436-05:00,IdeState,Inactive,,*,-1,-1
2025-01-10T15:04:37.437-05:00,IdeState,Inactive,,*,-1,-1
2025-01-10T15:04:38.439-05:00,IdeState,Inactive,,*,-1,-1
2025-01-10T15:04:39.441-05:00,IdeState,Inactive,,*,-1,-1
2025-01-10T15:04:40.443-05:00,IdeState,Inactive,,*,-1,-1
2025-01-10T15:04:41.443-05:00,IdeState,Inactive,,*,-1,-1
2025-01-10T15:04:42.446-05:00,IdeState,Inactive,,*,-1,-1
2025-01-10T15:04:43.446-05:00,IdeState,Inactive,,*,-1,-1
2025-01-10T15:04:44.447-05:00,IdeState,Inactive,,*,-1,-1
2025-01-10T15:04:45.449-05:00,IdeState,Inactive,,*,-1,-1
2025-01-10T15:04:46.450-05:00,IdeState,Inactive,,*,-1,-1
2025-01-10T15:04:47.451-05:00,IdeState,Inactive,,*,-1,-1
2025-01-10T15:04:48.452-05:00,IdeState,Inactive,,*,-1,-1
2025-01-10T15:04:49.453-05:00,IdeState,Inactive,,*,-1,-1
2025-01-10T15:04:50.454-05:00,IdeState,Inactive,,*,-1,-1
2025-01-10T15:04:51.454-05:00,IdeState,Inactive,,*,-1,-1
2025-01-10T15:04:52.455-05:00,IdeState,Inactive,,*,-1,-1
2025-01-10T15:04:53.457-05:00,IdeState,Inactive,,*,-1,-1
2025-01-10T15:04:54.458-05:00,IdeState,Inactive,,*,-1,-1
2025-01-10T15:04:55.460-05:00,IdeState,Inactive,,*,-1,-1
2025-01-10T15:04:56.462-05:00,IdeState,Inactive,,*,-1,-1
2025-01-10T15:04:57.464-05:00,IdeState,Inactive,,*,-1,-1
2025-01-10T15:04:58.466-05:00,IdeState,Inactive,,*,-1,-1
2025-01-10T15:04:59.467-05:00,IdeState,Inactive,,*,-1,-1
2025-01-10T15:05:00.468-05:00,IdeState,Inactive,,*,-1,-1
2025-01-10T15:05:01.468-05:00,IdeState,Inactive,,*,-1,-1
2025-01-10T15:05:02.470-05:00,IdeState,Inactive,,*,-1,-1
2025-01-10T15:05:03.472-05:00,IdeState,Inactive,,*,-1,-1
2025-01-10T15:05:04.474-05:00,IdeState,Inactive,,*,-1,-1
2025-01-10T15:05:05.476-05:00,IdeState,Inactive,,*,-1,-1
2025-01-10T15:05:06.477-05:00,IdeState,Inactive,,*,-1,-1
2025-01-10T15:05:07.477-05:00,IdeState,Inactive,,*,-1,-1
2025-01-10T15:05:08.478-05:00,IdeState,Inactive,,*,-1,-1
2025-01-10T15:05:09.478-05:00,IdeState,Inactive,,*,-1,-1
2025-01-10T15:05:10.479-05:00,IdeState,Inactive,,*,-1,-1
2025-01-10T15:05:11.480-05:00,IdeState,Inactive,,*,-1,-1
2025-01-10T15:05:12.480-05:00,IdeState,Inactive,,*,-1,-1
2025-01-10T15:05:13.481-05:00,IdeState,Inactive,,*,-1,-1
2025-01-10T15:05:14.482-05:00,IdeState,Inactive,,*,-1,-1
2025-01-10T15:05:15.483-05:00,IdeState,Inactive,,*,-1,-1
2025-01-10T15:05:16.484-05:00,IdeState,Inactive,,*,-1,-1
2025-01-10T15:05:17.486-05:00,IdeState,Inactive,,*,-1,-1
2025-01-10T15:05:18.487-05:00,IdeState,Inactive,,*,-1,-1
2025-01-10T15:05:19.489-05:00,IdeState,Inactive,,*,-1,-1
2025-01-10T15:05:20.490-05:00,IdeState,Inactive,,*,-1,-1
2025-01-10T15:05:21.492-05:00,IdeState,Inactive,,*,-1,-1
2025-01-10T15:05:22.493-05:00,IdeState,Inactive,,*,-1,-1
2025-01-10T15:05:23.495-05:00,IdeState,Inactive,,*,-1,-1
2025-01-10T15:05:24.496-05:00,IdeState,Inactive,,*,-1,-1
2025-01-10T15:05:25.497-05:00,IdeState,Inactive,,*,-1,-1
2025-01-10T15:05:26.498-05:00,IdeState,Inactive,,*,-1,-1
2025-01-10T15:05:27.503-05:00,IdeState,Inactive,,*,-1,-1
2025-01-10T15:05:28.506-05:00,IdeState,Inactive,,*,-1,-1
2025-01-10T15:05:29.509-05:00,IdeState,Inactive,,*,-1,-1
2025-01-10T15:05:30.517-05:00,IdeState,Inactive,,*,-1,-1
2025-01-10T15:05:31.519-05:00,IdeState,Inactive,,*,-1,-1
2025-01-10T15:05:32.521-05:00,IdeState,Inactive,,*,-1,-1
2025-01-10T15:05:33.522-05:00,IdeState,Inactive,,*,-1,-1
2025-01-10T15:05:34.523-05:00,IdeState,Inactive,,*,-1,-1
2025-01-10T15:05:35.524-05:00,IdeState,Inactive,,*,-1,-1
2025-01-10T15:05:36.525-05:00,IdeState,Inactive,,*,-1,-1
2025-01-10T15:05:37.527-05:00,IdeState,Inactive,,*,-1,-1
2025-01-10T15:05:38.528-05:00,IdeState,Inactive,,*,-1,-1
2025-01-10T15:05:39.529-05:00,IdeState,Inactive,,*,-1,-1
2025-01-10T15:05:40.530-05:00,IdeState,Inactive,,*,-1,-1
2025-01-10T15:05:41.531-05:00,IdeState,Inactive,,*,-1,-1
2025-01-10T15:05:42.532-05:00,IdeState,Inactive,,*,-1,-1
2025-01-10T15:05:43.536-05:00,IdeState,Inactive,,*,-1,-1
2025-01-10T15:05:44.537-05:00,IdeState,Inactive,,*,-1,-1
2025-01-10T15:05:45.538-05:00,IdeState,Inactive,,*,-1,-1
2025-01-10T15:05:46.539-05:00,IdeState,Inactive,,*,-1,-1
2025-01-10T15:05:47.540-05:00,IdeState,Inactive,,*,-1,-1
2025-01-10T15:05:48.542-05:00,IdeState,Inactive,,*,-1,-1
2025-01-10T15:05:49.542-05:00,IdeState,Inactive,,*,-1,-1
2025-01-10T15:05:50.543-05:00,IdeState,Inactive,,*,-1,-1
2025-01-10T15:05:51.544-05:00,IdeState,Inactive,,*,-1,-1
2025-01-10T15:05:52.545-05:00,IdeState,Inactive,,*,-1,-1
2025-01-10T15:05:53.547-05:00,IdeState,Inactive,,*,-1,-1
2025-01-10T15:05:54.549-05:00,IdeState,Inactive,,*,-1,-1
2025-01-10T15:05:55.551-05:00,IdeState,Inactive,,*,-1,-1
2025-01-10T15:05:56.558-05:00,IdeState,Inactive,,*,-1,-1
2025-01-10T15:05:57.560-05:00,IdeState,Inactive,,*,-1,-1
2025-01-10T15:05:58.562-05:00,IdeState,Inactive,,*,-1,-1
2025-01-10T15:05:59.563-05:00,IdeState,Inactive,,*,-1,-1
2025-01-10T15:06:00.563-05:00,IdeState,Inactive,,*,-1,-1
2025-01-10T15:06:01.565-05:00,IdeState,Inactive,,*,-1,-1
2025-01-10T15:06:02.566-05:00,IdeState,Inactive,,*,-1,-1
2025-01-10T15:06:03.568-05:00,IdeState,Inactive,,*,-1,-1
2025-01-10T15:06:04.569-05:00,IdeState,Inactive,,*,-1,-1
2025-01-10T15:06:05.571-05:00,IdeState,Inactive,,*,-1,-1
2025-01-10T15:06:06.573-05:00,IdeState,Inactive,,*,-1,-1
2025-01-10T15:06:07.576-05:00,IdeState,Inactive,,*,-1,-1
2025-01-10T15:06:08.576-05:00,IdeState,Inactive,,*,-1,-1
2025-01-10T15:06:09.578-05:00,IdeState,Inactive,,*,-1,-1
2025-01-10T15:06:10.579-05:00,IdeState,Inactive,,*,-1,-1
2025-01-10T15:06:11.580-05:00,IdeState,Inactive,,*,-1,-1
2025-01-10T15:06:12.581-05:00,IdeState,Inactive,,*,-1,-1
2025-01-10T15:06:13.583-05:00,IdeState,Inactive,,*,-1,-1
2025-01-10T15:06:14.584-05:00,IdeState,Inactive,,*,-1,-1
2025-01-10T15:06:15.585-05:00,IdeState,Inactive,,*,-1,-1
2025-01-10T15:06:16.586-05:00,IdeState,Inactive,,*,-1,-1
2025-01-10T15:06:17.588-05:00,IdeState,Inactive,,*,-1,-1
2025-01-10T15:06:18.590-05:00,IdeState,Inactive,,*,-1,-1
2025-01-10T15:06:19.592-05:00,IdeState,Inactive,,*,-1,-1
2025-01-10T15:06:20.594-05:00,IdeState,Inactive,,*,-1,-1
2025-01-10T15:06:21.596-05:00,IdeState,Inactive,,*,-1,-1
2025-01-10T15:06:22.597-05:00,IdeState,Inactive,,*,-1,-1
2025-01-10T15:06:23.597-05:00,IdeState,Inactive,,*,-1,-1
2025-01-10T15:06:24.599-05:00,IdeState,Inactive,,*,-1,-1
2025-01-10T15:06:25.599-05:00,IdeState,Inactive,,*,-1,-1
2025-01-10T15:06:26.601-05:00,IdeState,Inactive,,*,-1,-1
2025-01-10T15:06:27.602-05:00,IdeState,Inactive,,*,-1,-1
2025-01-10T15:06:28.604-05:00,IdeState,Inactive,,*,-1,-1
2025-01-10T15:06:29.606-05:00,IdeState,Inactive,,*,-1,-1
2025-01-10T15:06:30.607-05:00,IdeState,Inactive,,*,-1,-1
2025-01-10T15:06:31.610-05:00,IdeState,Inactive,,*,-1,-1
2025-01-10T15:06:32.612-05:00,IdeState,Inactive,,*,-1,-1
2025-01-10T15:06:33.614-05:00,IdeState,Inactive,,*,-1,-1
2025-01-10T15:06:34.615-05:00,IdeState,Inactive,,*,-1,-1
2025-01-10T15:06:35.616-05:00,IdeState,Inactive,,*,-1,-1
2025-01-10T15:06:36.618-05:00,IdeState,Inactive,,*,-1,-1
2025-01-10T15:06:37.619-05:00,IdeState,Inactive,,*,-1,-1
2025-01-10T15:06:38.620-05:00,IdeState,Inactive,,*,-1,-1
2025-01-10T15:06:39.622-05:00,IdeState,Inactive,,*,-1,-1
2025-01-10T15:06:40.622-05:00,IdeState,Inactive,,*,-1,-1
2025-01-10T15:06:41.624-05:00,IdeState,Inactive,,*,-1,-1
2025-01-10T15:06:42.626-05:00,IdeState,Inactive,,*,-1,-1
2025-01-10T15:06:43.627-05:00,IdeState,Inactive,,*,-1,-1
2025-01-10T15:06:44.628-05:00,IdeState,Inactive,,*,-1,-1
2025-01-10T15:06:45.630-05:00,IdeState,Inactive,,*,-1,-1
2025-01-10T15:06:46.631-05:00,IdeState,Inactive,,*,-1,-1
2025-01-10T15:06:47.632-05:00,IdeState,Inactive,,*,-1,-1
2025-01-10T15:06:48.634-05:00,IdeState,Inactive,,*,-1,-1
2025-01-10T15:06:49.635-05:00,IdeState,Inactive,,*,-1,-1
2025-01-10T15:06:50.636-05:00,IdeState,Inactive,,*,-1,-1
2025-01-10T15:06:51.637-05:00,IdeState,Inactive,,*,-1,-1
2025-01-10T15:06:52.639-05:00,IdeState,Inactive,,*,-1,-1
2025-01-10T15:06:53.640-05:00,IdeState,Inactive,,*,-1,-1
2025-01-10T15:06:54.641-05:00,IdeState,Inactive,,*,-1,-1
2025-01-10T15:06:55.641-05:00,IdeState,Inactive,,*,-1,-1
2025-01-10T15:06:56.644-05:00,IdeState,Inactive,,*,-1,-1
2025-01-10T15:06:57.645-05:00,IdeState,Inactive,,*,-1,-1
2025-01-10T15:06:58.648-05:00,IdeState,Inactive,,*,-1,-1
2025-01-10T15:06:59.649-05:00,IdeState,Inactive,,*,-1,-1
2025-01-10T15:07:00.651-05:00,IdeState,Inactive,,*,-1,-1
2025-01-10T15:07:01.652-05:00,IdeState,Inactive,,*,-1,-1
2025-01-10T15:07:02.653-05:00,IdeState,Inactive,,*,-1,-1
2025-01-10T15:07:03.656-05:00,IdeState,Inactive,,*,-1,-1
2025-01-10T15:07:04.657-05:00,IdeState,Inactive,,*,-1,-1
2025-01-10T15:07:05.658-05:00,IdeState,Inactive,,*,-1,-1
2025-01-10T15:07:06.659-05:00,IdeState,Inactive,,*,-1,-1
2025-01-10T15:07:07.660-05:00,IdeState,Inactive,,*,-1,-1
2025-01-10T15:07:08.661-05:00,IdeState,Inactive,,*,-1,-1
2025-01-10T15:07:09.662-05:00,IdeState,Inactive,,*,-1,-1
2025-01-10T15:07:10.664-05:00,IdeState,Inactive,,*,-1,-1
2025-01-10T15:07:11.666-05:00,IdeState,Inactive,,*,-1,-1
2025-01-10T15:07:12.667-05:00,IdeState,Inactive,,*,-1,-1
2025-01-10T15:07:13.670-05:00,IdeState,Inactive,,*,-1,-1
2025-01-10T15:07:14.671-05:00,IdeState,Inactive,,*,-1,-1
2025-01-10T15:07:15.673-05:00,IdeState,Inactive,,*,-1,-1
2025-01-10T15:07:16.673-05:00,IdeState,Inactive,,*,-1,-1
2025-01-10T15:07:17.675-05:00,IdeState,Inactive,,*,-1,-1
2025-01-10T15:07:18.677-05:00,IdeState,Inactive,,*,-1,-1
2025-01-10T15:07:19.678-05:00,IdeState,Inactive,,*,-1,-1
2025-01-10T15:07:20.679-05:00,IdeState,Inactive,,*,-1,-1
2025-01-10T15:07:21.680-05:00,IdeState,Inactive,,*,-1,-1
2025-01-10T15:07:22.681-05:00,IdeState,Inactive,,*,-1,-1
2025-01-10T15:07:23.682-05:00,IdeState,Inactive,,*,-1,-1
2025-01-10T15:07:24.683-05:00,IdeState,Inactive,,*,-1,-1
2025-01-10T15:07:25.684-05:00,IdeState,Inactive,,*,-1,-1
2025-01-10T15:07:26.685-05:00,IdeState,Inactive,,*,-1,-1
2025-01-10T15:07:27.687-05:00,IdeState,Inactive,,*,-1,-1
2025-01-10T15:07:28.688-05:00,IdeState,Inactive,,*,-1,-1
2025-01-10T15:07:29.689-05:00,IdeState,Inactive,,*,-1,-1
2025-01-10T15:07:30.692-05:00,IdeState,Inactive,,*,-1,-1
2025-01-10T15:07:31.693-05:00,IdeState,Inactive,,*,-1,-1
2025-01-10T15:07:32.695-05:00,IdeState,Inactive,,*,-1,-1
2025-01-10T15:07:33.695-05:00,IdeState,Inactive,,*,-1,-1
2025-01-10T15:07:34.696-05:00,IdeState,Inactive,,*,-1,-1
2025-01-10T15:07:35.697-05:00,IdeState,Inactive,,*,-1,-1
2025-01-10T15:07:36.699-05:00,IdeState,Inactive,,*,-1,-1
2025-01-10T15:07:37.700-05:00,IdeState,Inactive,,*,-1,-1
2025-01-10T15:07:38.702-05:00,IdeState,Inactive,,*,-1,-1
2025-01-10T15:07:39.703-05:00,IdeState,Inactive,,*,-1,-1
2025-01-10T15:07:40.705-05:00,IdeState,Inactive,,*,-1,-1
2025-01-10T15:07:41.707-05:00,IdeState,Inactive,,*,-1,-1
2025-01-10T15:07:42.708-05:00,IdeState,Inactive,,*,-1,-1
2025-01-10T15:07:43.709-05:00,IdeState,Inactive,,*,-1,-1
2025-01-10T15:07:44.710-05:00,IdeState,Inactive,,*,-1,-1
2025-01-10T15:07:45.711-05:00,IdeState,Inactive,,*,-1,-1
2025-01-10T15:07:46.713-05:00,IdeState,Inactive,,*,-1,-1
2025-01-10T15:07:47.716-05:00,IdeState,Inactive,,*,-1,-1
2025-01-10T15:07:48.717-05:00,IdeState,Inactive,,*,-1,-1
2025-01-10T15:07:49.717-05:00,IdeState,Inactive,,*,-1,-1
2025-01-10T15:07:50.719-05:00,IdeState,Inactive,,*,-1,-1
2025-01-10T15:07:51.720-05:00,IdeState,Inactive,,*,-1,-1
2025-01-10T15:07:52.721-05:00,IdeState,Inactive,,*,-1,-1
2025-01-10T15:07:53.723-05:00,IdeState,Inactive,,*,-1,-1
2025-01-10T15:07:54.724-05:00,IdeState,Inactive,,*,-1,-1
2025-01-10T15:07:55.725-05:00,IdeState,Inactive,,*,-1,-1
2025-01-10T15:07:56.727-05:00,IdeState,Inactive,,*,-1,-1
2025-01-10T15:07:57.728-05:00,IdeState,Inactive,,*,-1,-1
2025-01-10T15:07:58.729-05:00,IdeState,Inactive,,*,-1,-1
2025-01-10T15:07:59.730-05:00,IdeState,Inactive,,*,-1,-1
2025-01-10T15:08:00.731-05:00,IdeState,Inactive,,*,-1,-1
2025-01-10T15:08:01.732-05:00,IdeState,Inactive,,*,-1,-1
2025-01-10T15:08:02.734-05:00,IdeState,Inactive,,*,-1,-1
2025-01-10T15:08:03.736-05:00,IdeState,Inactive,,*,-1,-1
2025-01-10T15:08:04.738-05:00,IdeState,Inactive,,*,-1,-1
2025-01-10T15:08:05.742-05:00,IdeState,Inactive,,*,-1,-1
2025-01-10T15:08:06.743-05:00,IdeState,Inactive,,*,-1,-1
2025-01-10T15:08:07.744-05:00,IdeState,Inactive,,*,-1,-1
2025-01-10T15:08:08.745-05:00,IdeState,Inactive,,*,-1,-1
2025-01-10T15:08:09.747-05:00,IdeState,Inactive,,*,-1,-1
2025-01-10T15:08:10.748-05:00,IdeState,Inactive,,*,-1,-1
2025-01-10T15:08:11.749-05:00,IdeState,Inactive,,*,-1,-1
2025-01-10T15:08:12.750-05:00,IdeState,Inactive,,*,-1,-1
2025-01-10T15:08:13.751-05:00,IdeState,Inactive,,*,-1,-1
2025-01-10T15:08:14.752-05:00,IdeState,Inactive,,*,-1,-1
2025-01-10T15:08:15.754-05:00,IdeState,Inactive,,*,-1,-1
2025-01-10T15:08:16.756-05:00,IdeState,Inactive,,*,-1,-1
2025-01-10T15:08:17.756-05:00,IdeState,Inactive,,*,-1,-1
2025-01-10T15:08:18.757-05:00,IdeState,Inactive,,*,-1,-1
2025-01-10T15:08:19.758-05:00,IdeState,Inactive,,*,-1,-1
2025-01-10T15:08:20.760-05:00,IdeState,Inactive,,*,-1,-1
2025-01-10T15:08:21.761-05:00,IdeState,Inactive,,*,-1,-1
2025-01-10T15:08:22.763-05:00,IdeState,Inactive,,*,-1,-1
2025-01-10T15:08:23.765-05:00,IdeState,Inactive,,*,-1,-1
2025-01-10T15:08:24.766-05:00,IdeState,Inactive,,*,-1,-1
2025-01-10T15:08:25.767-05:00,IdeState,Inactive,,*,-1,-1
2025-01-10T15:08:26.769-05:00,IdeState,Inactive,,*,-1,-1
2025-01-10T15:08:27.770-05:00,IdeState,Inactive,,*,-1,-1
2025-01-10T15:08:28.771-05:00,IdeState,Inactive,,*,-1,-1
2025-01-10T15:08:29.772-05:00,IdeState,Inactive,,*,-1,-1
2025-01-10T15:08:30.773-05:00,IdeState,Inactive,,*,-1,-1
2025-01-10T15:08:31.799-05:00,IdeState,Inactive,,*,-1,-1
2025-01-10T15:08:32.800-05:00,IdeState,Inactive,,*,-1,-1
2025-01-10T15:08:33.801-05:00,IdeState,Inactive,,*,-1,-1
2025-01-10T15:08:34.803-05:00,IdeState,Inactive,,*,-1,-1
2025-01-10T15:08:35.805-05:00,IdeState,Inactive,,*,-1,-1
2025-01-10T15:08:36.807-05:00,IdeState,Inactive,,*,-1,-1
2025-01-10T15:08:37.808-05:00,IdeState,Inactive,,*,-1,-1
2025-01-10T15:08:38.809-05:00,IdeState,Inactive,,*,-1,-1
2025-01-10T15:08:39.811-05:00,IdeState,Inactive,,*,-1,-1
2025-01-10T15:08:40.814-05:00,IdeState,Inactive,,*,-1,-1
2025-01-10T15:08:41.815-05:00,IdeState,Inactive,,*,-1,-1
2025-01-10T15:08:42.816-05:00,IdeState,Inactive,,*,-1,-1
2025-01-10T15:08:43.819-05:00,IdeState,Inactive,,*,-1,-1
2025-01-10T15:08:44.820-05:00,IdeState,Inactive,,*,-1,-1
2025-01-10T15:08:45.823-05:00,IdeState,Inactive,,*,-1,-1
2025-01-10T15:08:46.826-05:00,IdeState,Inactive,,*,-1,-1
2025-01-10T15:08:47.827-05:00,IdeState,Inactive,,*,-1,-1
2025-01-10T15:08:48.828-05:00,IdeState,Inactive,,*,-1,-1
2025-01-10T15:08:49.829-05:00,IdeState,Inactive,,*,-1,-1
2025-01-10T15:08:50.830-05:00,IdeState,Inactive,,*,-1,-1
2025-01-10T15:08:51.830-05:00,IdeState,Inactive,,*,-1,-1
2025-01-10T15:08:52.831-05:00,IdeState,Inactive,,*,-1,-1
2025-01-10T15:08:53.832-05:00,IdeState,Inactive,,*,-1,-1
2025-01-10T15:08:54.834-05:00,IdeState,Inactive,,*,-1,-1
2025-01-10T15:08:55.836-05:00,IdeState,Inactive,,*,-1,-1
2025-01-10T15:08:56.836-05:00,IdeState,Inactive,,*,-1,-1
2025-01-10T15:08:57.837-05:00,IdeState,Inactive,,*,-1,-1
2025-01-10T15:08:58.839-05:00,IdeState,Inactive,,*,-1,-1
2025-01-10T15:08:59.840-05:00,IdeState,Inactive,,*,-1,-1
2025-01-10T15:09:00.842-05:00,IdeState,Inactive,,*,-1,-1
2025-01-10T15:09:01.843-05:00,IdeState,Inactive,,*,-1,-1
2025-01-10T15:09:02.843-05:00,IdeState,Inactive,,*,-1,-1
2025-01-10T15:09:03.844-05:00,IdeState,Inactive,,*,-1,-1
2025-01-10T15:09:04.845-05:00,IdeState,Inactive,,*,-1,-1
2025-01-10T15:09:05.847-05:00,IdeState,Inactive,,*,-1,-1
2025-01-10T15:09:06.848-05:00,IdeState,Inactive,,*,-1,-1
2025-01-10T15:09:07.849-05:00,IdeState,Inactive,,*,-1,-1
2025-01-10T15:09:08.850-05:00,IdeState,Inactive,,*,-1,-1
2025-01-10T15:09:09.853-05:00,IdeState,Inactive,,*,-1,-1
2025-01-10T15:09:10.854-05:00,IdeState,Inactive,,*,-1,-1
2025-01-10T15:09:11.856-05:00,IdeState,Inactive,,*,-1,-1
2025-01-10T15:09:12.856-05:00,IdeState,Inactive,,*,-1,-1
2025-01-10T15:09:13.857-05:00,IdeState,Inactive,,*,-1,-1
2025-01-10T15:09:14.858-05:00,IdeState,Inactive,,*,-1,-1
2025-01-10T15:09:15.860-05:00,IdeState,Inactive,,*,-1,-1
2025-01-10T15:09:16.861-05:00,IdeState,Inactive,,*,-1,-1
2025-01-10T15:09:17.862-05:00,IdeState,Inactive,,*,-1,-1
2025-01-10T15:09:18.863-05:00,IdeState,Inactive,,*,-1,-1
2025-01-10T15:09:19.864-05:00,IdeState,Inactive,,*,-1,-1
2025-01-10T15:09:20.864-05:00,IdeState,Inactive,,*,-1,-1
2025-01-10T15:09:21.866-05:00,IdeState,Inactive,,*,-1,-1
2025-01-10T15:09:22.868-05:00,IdeState,Inactive,,*,-1,-1
2025-01-10T15:09:23.870-05:00,IdeState,Inactive,,*,-1,-1
2025-01-10T15:09:24.871-05:00,IdeState,Inactive,,*,-1,-1
2025-01-10T15:09:25.872-05:00,IdeState,Inactive,,*,-1,-1
2025-01-10T15:09:26.873-05:00,IdeState,Inactive,,*,-1,-1
2025-01-10T15:09:27.875-05:00,IdeState,Inactive,,*,-1,-1
2025-01-10T15:09:28.877-05:00,IdeState,Inactive,,*,-1,-1
2025-01-10T15:09:29.878-05:00,IdeState,Inactive,,*,-1,-1
2025-01-10T15:09:30.880-05:00,IdeState,Inactive,,*,-1,-1
2025-01-10T15:09:31.882-05:00,IdeState,Inactive,,*,-1,-1
2025-01-10T15:09:32.883-05:00,IdeState,Inactive,,*,-1,-1
2025-01-10T15:09:33.886-05:00,IdeState,Inactive,,*,-1,-1
2025-01-10T15:09:34.887-05:00,IdeState,Inactive,,*,-1,-1
2025-01-10T15:09:35.887-05:00,IdeState,Inactive,,*,-1,-1
2025-01-10T15:09:36.889-05:00,IdeState,Inactive,,*,-1,-1
2025-01-10T15:09:37.890-05:00,IdeState,Inactive,,*,-1,-1
2025-01-10T15:09:38.891-05:00,IdeState,Inactive,,*,-1,-1
2025-01-10T15:09:39.893-05:00,IdeState,Inactive,,*,-1,-1
2025-01-10T15:09:40.894-05:00,IdeState,Inactive,,*,-1,-1
2025-01-10T15:09:41.895-05:00,IdeState,Inactive,,*,-1,-1
2025-01-10T15:09:42.897-05:00,IdeState,Inactive,,*,-1,-1
2025-01-10T15:09:43.899-05:00,IdeState,Inactive,,*,-1,-1
2025-01-10T15:09:44.900-05:00,IdeState,Inactive,,*,-1,-1
2025-01-10T15:09:45.901-05:00,IdeState,Inactive,,*,-1,-1
2025-01-10T15:09:46.903-05:00,IdeState,Inactive,,*,-1,-1
2025-01-10T15:09:47.903-05:00,IdeState,Inactive,,*,-1,-1
2025-01-10T15:09:48.904-05:00,IdeState,Inactive,,*,-1,-1
2025-01-10T15:09:49.906-05:00,IdeState,Inactive,,*,-1,-1
2025-01-10T15:09:50.907-05:00,IdeState,Inactive,,*,-1,-1
2025-01-10T15:09:51.909-05:00,IdeState,Inactive,,*,-1,-1
2025-01-10T15:09:52.910-05:00,IdeState,Inactive,,*,-1,-1
2025-01-10T15:09:53.910-05:00,IdeState,Inactive,,*,-1,-1
2025-01-10T15:09:54.911-05:00,IdeState,Inactive,,*,-1,-1
2025-01-10T15:09:55.913-05:00,IdeState,Inactive,,*,-1,-1
2025-01-10T15:09:56.916-05:00,IdeState,Inactive,,*,-1,-1
2025-01-10T15:09:57.917-05:00,IdeState,Inactive,,*,-1,-1
2025-01-10T15:09:58.918-05:00,IdeState,Inactive,,*,-1,-1
2025-01-10T15:09:59.919-05:00,IdeState,Inactive,,*,-1,-1
2025-01-10T15:10:00.920-05:00,IdeState,Inactive,,*,-1,-1
2025-01-10T15:10:01.922-05:00,IdeState,Inactive,,*,-1,-1
2025-01-10T15:10:02.924-05:00,IdeState,Inactive,,*,-1,-1
2025-01-10T15:10:03.926-05:00,IdeState,Inactive,,*,-1,-1
2025-01-10T15:10:04.927-05:00,IdeState,Inactive,,*,-1,-1
2025-01-10T15:10:05.928-05:00,IdeState,Inactive,,*,-1,-1
2025-01-10T15:10:06.929-05:00,IdeState,Inactive,,*,-1,-1
2025-01-10T15:10:07.931-05:00,IdeState,Inactive,,*,-1,-1
2025-01-10T15:10:08.932-05:00,IdeState,Inactive,,*,-1,-1
2025-01-10T15:10:09.933-05:00,IdeState,Inactive,,*,-1,-1
2025-01-10T15:10:10.934-05:00,IdeState,Inactive,,*,-1,-1
2025-01-10T15:10:11.936-05:00,IdeState,Inactive,,*,-1,-1
2025-01-10T15:10:12.936-05:00,IdeState,Inactive,,*,-1,-1
2025-01-10T15:10:13.937-05:00,IdeState,Inactive,,*,-1,-1
2025-01-10T15:10:14.939-05:00,IdeState,Inactive,,*,-1,-1
2025-01-10T15:10:15.941-05:00,IdeState,Inactive,,*,-1,-1
2025-01-10T15:10:16.942-05:00,IdeState,Inactive,,*,-1,-1
2025-01-10T15:10:17.943-05:00,IdeState,Inactive,,*,-1,-1
2025-01-10T15:10:18.944-05:00,IdeState,Inactive,,*,-1,-1
2025-01-10T15:10:19.946-05:00,IdeState,Inactive,,*,-1,-1
2025-01-10T15:10:20.947-05:00,IdeState,Inactive,,*,-1,-1
2025-01-10T15:10:21.948-05:00,IdeState,Inactive,,*,-1,-1
2025-01-10T15:10:22.949-05:00,IdeState,Inactive,,*,-1,-1
2025-01-10T15:10:23.950-05:00,IdeState,Inactive,,*,-1,-1
2025-01-10T15:10:24.951-05:00,IdeState,Inactive,,*,-1,-1
2025-01-10T15:10:25.952-05:00,IdeState,Inactive,,*,-1,-1
2025-01-10T15:10:26.952-05:00,IdeState,Inactive,,*,-1,-1
2025-01-10T15:10:27.955-05:00,IdeState,Inactive,,*,-1,-1
2025-01-10T15:10:28.957-05:00,IdeState,Inactive,,*,-1,-1
2025-01-10T15:10:29.958-05:00,IdeState,Inactive,,*,-1,-1
2025-01-10T15:10:30.958-05:00,IdeState,Inactive,,*,-1,-1
2025-01-10T15:10:31.960-05:00,IdeState,Inactive,,*,-1,-1
2025-01-10T15:10:32.960-05:00,IdeState,Inactive,,*,-1,-1
2025-01-10T15:10:33.961-05:00,IdeState,Inactive,,*,-1,-1
2025-01-10T15:10:34.963-05:00,IdeState,Inactive,,*,-1,-1
2025-01-10T15:10:35.964-05:00,IdeState,Inactive,,*,-1,-1
2025-01-10T15:10:36.966-05:00,IdeState,Inactive,,*,-1,-1
2025-01-10T15:10:37.966-05:00,IdeState,Inactive,,*,-1,-1
2025-01-10T15:10:38.967-05:00,IdeState,Inactive,,*,-1,-1
2025-01-10T15:10:39.969-05:00,IdeState,Inactive,,*,-1,-1
2025-01-10T15:10:40.970-05:00,IdeState,Inactive,,*,-1,-1
2025-01-10T15:10:41.972-05:00,IdeState,Inactive,,*,-1,-1
2025-01-10T15:10:42.974-05:00,IdeState,Inactive,,*,-1,-1
2025-01-10T15:10:43.974-05:00,IdeState,Inactive,,*,-1,-1
2025-01-10T15:10:44.975-05:00,IdeState,Inactive,,*,-1,-1
2025-01-10T15:10:45.976-05:00,IdeState,Inactive,,*,-1,-1
2025-01-10T15:10:46.977-05:00,IdeState,Inactive,,*,-1,-1
2025-01-10T15:10:47.978-05:00,IdeState,Inactive,,*,-1,-1
2025-01-10T15:10:48.978-05:00,IdeState,Inactive,,*,-1,-1
2025-01-10T15:10:49.980-05:00,IdeState,Inactive,,*,-1,-1
2025-01-10T15:10:50.981-05:00,IdeState,Inactive,,*,-1,-1
2025-01-10T15:10:51.982-05:00,IdeState,Inactive,,*,-1,-1
2025-01-10T15:10:52.982-05:00,IdeState,Inactive,,*,-1,-1
2025-01-10T15:10:53.984-05:00,IdeState,Inactive,,*,-1,-1
2025-01-10T15:10:54.986-05:00,IdeState,Inactive,,*,-1,-1
2025-01-10T15:10:55.986-05:00,IdeState,Inactive,,*,-1,-1
2025-01-10T15:10:56.988-05:00,IdeState,Inactive,,*,-1,-1
2025-01-10T15:10:57.989-05:00,IdeState,Inactive,,*,-1,-1
2025-01-10T15:10:58.990-05:00,IdeState,Inactive,,*,-1,-1
2025-01-10T15:10:59.992-05:00,IdeState,Inactive,,*,-1,-1
2025-01-10T15:11:00.993-05:00,IdeState,Inactive,,*,-1,-1
2025-01-10T15:11:01.995-05:00,IdeState,Inactive,,*,-1,-1
2025-01-10T15:11:02.996-05:00,IdeState,Inactive,,*,-1,-1
2025-01-10T15:11:03.998-05:00,IdeState,Inactive,,*,-1,-1
2025-01-10T15:11:04.999-05:00,IdeState,Inactive,,*,-1,-1
2025-01-10T15:11:06.001-05:00,IdeState,Inactive,,*,-1,-1
2025-01-10T15:11:07.003-05:00,IdeState,Inactive,,*,-1,-1
2025-01-10T15:11:08.011-05:00,IdeState,Inactive,,*,-1,-1
2025-01-10T15:11:09.012-05:00,IdeState,Inactive,,*,-1,-1
2025-01-10T15:11:10.014-05:00,IdeState,Inactive,,*,-1,-1
2025-01-10T15:11:11.016-05:00,IdeState,Inactive,,*,-1,-1
2025-01-10T15:11:12.017-05:00,IdeState,Inactive,,*,-1,-1
2025-01-10T15:11:13.018-05:00,IdeState,Inactive,,*,-1,-1
2025-01-10T15:11:14.020-05:00,IdeState,Inactive,,*,-1,-1
2025-01-10T15:11:15.022-05:00,IdeState,Inactive,,*,-1,-1
2025-01-10T15:11:16.023-05:00,IdeState,Inactive,,*,-1,-1
2025-01-10T15:11:17.024-05:00,IdeState,Inactive,,*,-1,-1
2025-01-10T15:11:18.025-05:00,IdeState,Inactive,,*,-1,-1
2025-01-10T15:11:19.026-05:00,IdeState,Inactive,,*,-1,-1
2025-01-10T15:11:20.027-05:00,IdeState,Inactive,,*,-1,-1
2025-01-10T15:11:21.029-05:00,IdeState,Inactive,,*,-1,-1
2025-01-10T15:11:22.029-05:00,IdeState,Inactive,,*,-1,-1
2025-01-10T15:11:23.031-05:00,IdeState,Inactive,,*,-1,-1
2025-01-10T15:11:24.032-05:00,IdeState,Inactive,,*,-1,-1
2025-01-10T15:11:25.033-05:00,IdeState,Inactive,,*,-1,-1
2025-01-10T15:11:26.036-05:00,IdeState,Inactive,,*,-1,-1
2025-01-10T15:11:27.037-05:00,IdeState,Inactive,,*,-1,-1
2025-01-10T15:11:28.039-05:00,IdeState,Inactive,,*,-1,-1
2025-01-10T15:11:29.040-05:00,IdeState,Inactive,,*,-1,-1
2025-01-10T15:11:30.040-05:00,IdeState,Inactive,,*,-1,-1
2025-01-10T15:11:31.042-05:00,IdeState,Inactive,,*,-1,-1
2025-01-10T15:11:32.044-05:00,IdeState,Inactive,,*,-1,-1
2025-01-10T15:11:33.045-05:00,IdeState,Inactive,,*,-1,-1
2025-01-10T15:11:34.047-05:00,IdeState,Inactive,,*,-1,-1
2025-01-10T15:11:35.049-05:00,IdeState,Inactive,,*,-1,-1
2025-01-10T15:11:36.050-05:00,IdeState,Inactive,,*,-1,-1
2025-01-10T15:11:37.070-05:00,IdeState,Inactive,,*,-1,-1
2025-01-10T15:11:38.072-05:00,IdeState,Inactive,,*,-1,-1
2025-01-10T15:11:39.073-05:00,IdeState,Inactive,,*,-1,-1
2025-01-10T15:11:40.074-05:00,IdeState,Inactive,,*,-1,-1
2025-01-10T15:11:41.076-05:00,IdeState,Inactive,,*,-1,-1
2025-01-10T15:11:42.078-05:00,IdeState,Inactive,,*,-1,-1
2025-01-10T15:11:43.079-05:00,IdeState,Inactive,,*,-1,-1
2025-01-10T15:11:44.080-05:00,IdeState,Inactive,,*,-1,-1
2025-01-10T15:11:45.082-05:00,IdeState,Inactive,,*,-1,-1
2025-01-10T15:11:46.083-05:00,IdeState,Inactive,,*,-1,-1
2025-01-10T15:11:47.084-05:00,IdeState,Inactive,,*,-1,-1
2025-01-10T15:11:48.085-05:00,IdeState,Inactive,,*,-1,-1
2025-01-10T15:11:49.085-05:00,IdeState,Inactive,,*,-1,-1
2025-01-10T15:11:50.086-05:00,IdeState,Inactive,,*,-1,-1
2025-01-10T15:11:51.088-05:00,IdeState,Inactive,,*,-1,-1
2025-01-10T15:11:52.088-05:00,IdeState,Inactive,,*,-1,-1
2025-01-10T15:11:53.090-05:00,IdeState,Inactive,,*,-1,-1
2025-01-10T15:11:54.091-05:00,IdeState,Inactive,,*,-1,-1
2025-01-10T15:11:55.092-05:00,IdeState,Inactive,,*,-1,-1
2025-01-10T15:11:56.093-05:00,IdeState,Inactive,,*,-1,-1
2025-01-10T15:11:57.094-05:00,IdeState,Inactive,,*,-1,-1
2025-01-10T15:11:58.095-05:00,IdeState,Inactive,,*,-1,-1
2025-01-10T15:11:59.096-05:00,IdeState,Inactive,,*,-1,-1
2025-01-10T15:12:00.099-05:00,IdeState,Inactive,,*,-1,-1
2025-01-10T15:12:01.101-05:00,IdeState,Inactive,,*,-1,-1
2025-01-10T15:12:02.103-05:00,IdeState,Inactive,,*,-1,-1
2025-01-10T15:12:03.104-05:00,IdeState,Inactive,,*,-1,-1
2025-01-10T15:12:04.106-05:00,IdeState,Inactive,,*,-1,-1
2025-01-10T15:12:05.107-05:00,IdeState,Inactive,,*,-1,-1
2025-01-10T15:12:06.108-05:00,IdeState,Inactive,,*,-1,-1
2025-01-10T15:12:07.119-05:00,IdeState,Inactive,,*,-1,-1
2025-01-10T15:12:08.120-05:00,IdeState,Inactive,,*,-1,-1
2025-01-10T15:12:09.123-05:00,IdeState,Inactive,,*,-1,-1
2025-01-10T15:12:10.125-05:00,IdeState,Inactive,,*,-1,-1
2025-01-10T15:12:11.127-05:00,IdeState,Inactive,,*,-1,-1
2025-01-10T15:12:12.128-05:00,IdeState,Inactive,,*,-1,-1
2025-01-10T15:12:13.130-05:00,IdeState,Inactive,,*,-1,-1
2025-01-10T15:12:14.132-05:00,IdeState,Inactive,,*,-1,-1
2025-01-10T15:12:15.134-05:00,IdeState,Inactive,,*,-1,-1
2025-01-10T15:12:16.135-05:00,IdeState,Inactive,,*,-1,-1
2025-01-10T15:12:17.137-05:00,IdeState,Inactive,,*,-1,-1
2025-01-10T15:12:18.138-05:00,IdeState,Inactive,,*,-1,-1
2025-01-10T15:12:19.140-05:00,IdeState,Inactive,,*,-1,-1
2025-01-10T15:12:20.141-05:00,IdeState,Inactive,,*,-1,-1
2025-01-10T15:12:21.143-05:00,IdeState,Inactive,,*,-1,-1
2025-01-10T15:12:22.145-05:00,IdeState,Inactive,,*,-1,-1
2025-01-10T15:12:23.146-05:00,IdeState,Inactive,,*,-1,-1
2025-01-10T15:12:24.148-05:00,IdeState,Inactive,,*,-1,-1
2025-01-10T15:12:25.150-05:00,IdeState,Inactive,,*,-1,-1
2025-01-10T15:12:26.151-05:00,IdeState,Inactive,,*,-1,-1
2025-01-10T15:12:27.152-05:00,IdeState,Inactive,,*,-1,-1
2025-01-10T15:12:28.153-05:00,IdeState,Inactive,,*,-1,-1
2025-01-10T15:12:29.154-05:00,IdeState,Inactive,,*,-1,-1
2025-01-10T15:12:30.155-05:00,IdeState,Inactive,,*,-1,-1
2025-01-10T15:12:31.159-05:00,IdeState,Inactive,,*,-1,-1
2025-01-10T15:12:32.160-05:00,IdeState,Inactive,,*,-1,-1
2025-01-10T15:12:33.162-05:00,IdeState,Inactive,,*,-1,-1
2025-01-10T15:12:34.164-05:00,IdeState,Inactive,,*,-1,-1
2025-01-10T15:12:35.165-05:00,IdeState,Inactive,,*,-1,-1
2025-01-10T15:12:36.166-05:00,IdeState,Inactive,,*,-1,-1
2025-01-10T15:12:37.168-05:00,IdeState,Inactive,,*,-1,-1
2025-01-10T15:12:38.168-05:00,IdeState,Inactive,,*,-1,-1
2025-01-10T15:12:39.169-05:00,IdeState,Inactive,,*,-1,-1
2025-01-10T15:12:40.170-05:00,IdeState,Inactive,,*,-1,-1
2025-01-10T15:12:41.171-05:00,IdeState,Inactive,,*,-1,-1
2025-01-10T15:12:42.172-05:00,IdeState,Inactive,,*,-1,-1
2025-01-10T15:12:43.174-05:00,IdeState,Inactive,,*,-1,-1
2025-01-10T15:12:44.176-05:00,IdeState,Inactive,,*,-1,-1
2025-01-10T15:12:45.177-05:00,IdeState,Inactive,,*,-1,-1
2025-01-10T15:12:46.179-05:00,IdeState,Inactive,,*,-1,-1
2025-01-10T15:12:47.180-05:00,IdeState,Inactive,,*,-1,-1
2025-01-10T15:12:48.180-05:00,IdeState,Inactive,,*,-1,-1
2025-01-10T15:12:49.181-05:00,IdeState,Inactive,,*,-1,-1
2025-01-10T15:12:50.184-05:00,IdeState,Inactive,,*,-1,-1
2025-01-10T15:12:51.185-05:00,IdeState,Inactive,,*,-1,-1
2025-01-10T15:12:52.186-05:00,IdeState,Inactive,,*,-1,-1
2025-01-10T15:12:53.188-05:00,IdeState,Inactive,,*,-1,-1
2025-01-10T15:12:54.190-05:00,IdeState,Inactive,,*,-1,-1
2025-01-10T15:12:55.193-05:00,IdeState,Inactive,,*,-1,-1
2025-01-10T15:12:56.195-05:00,IdeState,Inactive,,*,-1,-1
2025-01-10T15:12:57.196-05:00,IdeState,Inactive,,*,-1,-1
2025-01-10T15:12:58.198-05:00,IdeState,Inactive,,*,-1,-1
2025-01-10T15:12:59.199-05:00,IdeState,Inactive,,*,-1,-1
2025-01-10T15:13:00.201-05:00,IdeState,Inactive,,*,-1,-1
2025-01-10T15:13:01.262-05:00,IdeState,Inactive,,*,-1,-1
2025-01-10T15:13:02.263-05:00,IdeState,Inactive,,*,-1,-1
2025-01-10T15:13:03.264-05:00,IdeState,Inactive,,*,-1,-1
2025-01-10T15:13:04.266-05:00,IdeState,Inactive,,*,-1,-1
2025-01-10T15:13:05.266-05:00,IdeState,Inactive,,*,-1,-1
2025-01-10T15:13:06.267-05:00,IdeState,Inactive,,*,-1,-1
2025-01-10T15:13:07.268-05:00,IdeState,Inactive,,*,-1,-1
2025-01-10T15:13:08.272-05:00,IdeState,Inactive,,*,-1,-1
2025-01-10T15:13:09.301-05:00,IdeState,Inactive,,*,-1,-1
2025-01-10T15:13:10.302-05:00,IdeState,Inactive,,*,-1,-1
2025-01-10T15:13:11.304-05:00,IdeState,Inactive,,*,-1,-1
2025-01-10T15:13:12.304-05:00,IdeState,Inactive,,*,-1,-1
2025-01-10T15:13:13.305-05:00,IdeState,Inactive,,*,-1,-1
2025-01-10T15:13:14.306-05:00,IdeState,Inactive,,*,-1,-1
2025-01-10T15:13:15.308-05:00,IdeState,Inactive,,*,-1,-1
2025-01-10T15:13:16.308-05:00,IdeState,Inactive,,*,-1,-1
2025-01-10T15:13:17.310-05:00,IdeState,Inactive,,*,-1,-1
2025-01-10T15:13:18.310-05:00,IdeState,Inactive,,*,-1,-1
2025-01-10T15:13:19.311-05:00,IdeState,Inactive,,*,-1,-1
2025-01-10T15:13:20.312-05:00,IdeState,Inactive,,*,-1,-1
2025-01-10T15:13:21.313-05:00,IdeState,Inactive,,*,-1,-1
2025-01-10T15:13:22.315-05:00,IdeState,Inactive,,*,-1,-1
2025-01-10T15:13:23.316-05:00,IdeState,Inactive,,*,-1,-1
2025-01-10T15:13:24.318-05:00,IdeState,Inactive,,*,-1,-1
2025-01-10T15:13:25.320-05:00,IdeState,Inactive,,*,-1,-1
2025-01-10T15:13:26.321-05:00,IdeState,Inactive,,*,-1,-1
2025-01-10T15:13:27.322-05:00,IdeState,Inactive,,*,-1,-1
2025-01-10T15:13:28.323-05:00,IdeState,Inactive,,*,-1,-1
2025-01-10T15:13:29.324-05:00,IdeState,Inactive,,*,-1,-1
2025-01-10T15:13:30.325-05:00,IdeState,Inactive,,*,-1,-1
2025-01-10T15:13:31.327-05:00,IdeState,Inactive,,*,-1,-1
2025-01-10T15:13:32.327-05:00,IdeState,Inactive,,*,-1,-1
2025-01-10T15:13:33.328-05:00,IdeState,Inactive,,*,-1,-1
2025-01-10T15:13:34.328-05:00,IdeState,Inactive,,*,-1,-1
2025-01-10T15:13:35.330-05:00,IdeState,Inactive,,*,-1,-1
2025-01-10T15:13:36.331-05:00,IdeState,Inactive,,*,-1,-1
2025-01-10T15:13:37.334-05:00,IdeState,Inactive,,*,-1,-1
2025-01-10T15:13:38.335-05:00,IdeState,Inactive,,*,-1,-1
2025-01-10T15:13:39.336-05:00,IdeState,Inactive,,*,-1,-1
2025-01-10T15:13:40.338-05:00,IdeState,Inactive,,*,-1,-1
2025-01-10T15:13:41.339-05:00,IdeState,Inactive,,*,-1,-1
2025-01-10T15:13:42.342-05:00,IdeState,Inactive,,*,-1,-1
2025-01-10T15:13:43.343-05:00,IdeState,Inactive,,*,-1,-1
2025-01-10T15:13:44.345-05:00,IdeState,Inactive,,*,-1,-1
2025-01-10T15:13:45.347-05:00,IdeState,Inactive,,*,-1,-1
2025-01-10T15:13:46.348-05:00,IdeState,Inactive,,*,-1,-1
2025-01-10T15:13:47.350-05:00,IdeState,Inactive,,*,-1,-1
2025-01-10T15:13:48.351-05:00,IdeState,Inactive,,*,-1,-1
2025-01-10T15:13:49.356-05:00,IdeState,Inactive,,*,-1,-1
2025-01-10T15:13:50.357-05:00,IdeState,Inactive,,*,-1,-1
2025-01-10T15:13:51.360-05:00,IdeState,Inactive,,*,-1,-1
2025-01-10T15:13:52.361-05:00,IdeState,Inactive,,*,-1,-1
2025-01-10T15:13:53.382-05:00,IdeState,Inactive,,*,-1,-1
2025-01-10T15:13:54.382-05:00,IdeState,Inactive,,*,-1,-1
2025-01-10T15:13:55.383-05:00,IdeState,Inactive,,*,-1,-1
2025-01-10T15:13:56.384-05:00,IdeState,Inactive,,*,-1,-1
2025-01-10T15:13:57.386-05:00,IdeState,Inactive,,*,-1,-1
2025-01-10T15:13:58.387-05:00,IdeState,Inactive,,*,-1,-1
2025-01-10T15:13:59.389-05:00,IdeState,Inactive,,*,-1,-1
2025-01-10T15:14:00.390-05:00,IdeState,Inactive,,*,-1,-1
2025-01-10T15:14:01.392-05:00,IdeState,Inactive,,*,-1,-1
2025-01-10T15:14:02.392-05:00,IdeState,Inactive,,*,-1,-1
2025-01-10T15:14:03.393-05:00,IdeState,Inactive,,*,-1,-1
2025-01-10T15:14:04.395-05:00,IdeState,Inactive,,*,-1,-1
2025-01-10T15:14:05.396-05:00,IdeState,Inactive,,*,-1,-1
2025-01-10T15:14:06.398-05:00,IdeState,Inactive,,*,-1,-1
2025-01-10T15:14:07.400-05:00,IdeState,Inactive,,*,-1,-1
2025-01-10T15:14:08.401-05:00,IdeState,Inactive,,*,-1,-1
2025-01-10T15:14:09.402-05:00,IdeState,Inactive,,*,-1,-1
2025-01-10T15:14:10.404-05:00,IdeState,Inactive,,*,-1,-1
2025-01-10T15:14:11.406-05:00,IdeState,Inactive,,*,-1,-1
2025-01-10T15:14:12.408-05:00,IdeState,Inactive,,*,-1,-1
2025-01-10T15:14:13.409-05:00,IdeState,Inactive,,*,-1,-1
2025-01-10T15:14:14.411-05:00,IdeState,Inactive,,*,-1,-1
2025-01-10T15:14:15.414-05:00,IdeState,Inactive,,*,-1,-1
2025-01-10T15:14:16.417-05:00,IdeState,Inactive,,*,-1,-1
2025-01-10T15:14:17.419-05:00,IdeState,Inactive,,*,-1,-1
2025-01-10T15:14:18.420-05:00,IdeState,Inactive,,*,-1,-1
2025-01-10T15:14:19.421-05:00,IdeState,Inactive,,*,-1,-1
2025-01-10T15:14:20.422-05:00,IdeState,Inactive,,*,-1,-1
2025-01-10T15:14:21.422-05:00,IdeState,Inactive,,*,-1,-1
2025-01-10T15:14:22.424-05:00,IdeState,Inactive,,*,-1,-1
2025-01-10T15:14:23.425-05:00,IdeState,Inactive,,*,-1,-1
2025-01-10T15:14:24.425-05:00,IdeState,Inactive,,*,-1,-1
2025-01-10T15:14:25.427-05:00,IdeState,Inactive,,*,-1,-1
2025-01-10T15:14:26.428-05:00,IdeState,Inactive,,*,-1,-1
2025-01-10T15:14:27.429-05:00,IdeState,Inactive,,*,-1,-1
2025-01-10T15:14:28.430-05:00,IdeState,Inactive,,*,-1,-1
2025-01-10T15:14:29.432-05:00,IdeState,Inactive,,*,-1,-1
2025-01-10T15:14:30.434-05:00,IdeState,Inactive,,*,-1,-1
2025-01-10T15:14:31.436-05:00,IdeState,Inactive,,*,-1,-1
2025-01-10T15:14:32.436-05:00,IdeState,Inactive,,*,-1,-1
2025-01-10T15:14:33.437-05:00,IdeState,Inactive,,*,-1,-1
2025-01-10T15:14:34.438-05:00,IdeState,Inactive,,*,-1,-1
2025-01-10T15:14:35.439-05:00,IdeState,Inactive,,*,-1,-1
2025-01-10T15:14:36.440-05:00,IdeState,Inactive,,*,-1,-1
2025-01-10T15:14:37.440-05:00,IdeState,Inactive,,*,-1,-1
2025-01-10T15:14:38.441-05:00,IdeState,Inactive,,*,-1,-1
2025-01-10T15:14:39.442-05:00,IdeState,Inactive,,*,-1,-1
2025-01-10T15:14:40.445-05:00,IdeState,Inactive,,*,-1,-1
2025-01-10T15:14:41.446-05:00,IdeState,Inactive,,*,-1,-1
2025-01-10T15:14:42.447-05:00,IdeState,Inactive,,*,-1,-1
2025-01-10T15:14:43.449-05:00,IdeState,Inactive,,*,-1,-1
2025-01-10T15:14:44.450-05:00,IdeState,Inactive,,*,-1,-1
2025-01-10T15:14:45.451-05:00,IdeState,Inactive,,*,-1,-1
2025-01-10T15:14:46.451-05:00,IdeState,Inactive,,*,-1,-1
2025-01-10T15:14:47.452-05:00,IdeState,Inactive,,*,-1,-1
2025-01-10T15:14:48.453-05:00,IdeState,Inactive,,*,-1,-1
2025-01-10T15:14:49.454-05:00,IdeState,Inactive,,*,-1,-1
2025-01-10T15:14:50.455-05:00,IdeState,Inactive,,*,-1,-1
2025-01-10T15:14:51.456-05:00,IdeState,Inactive,,*,-1,-1
2025-01-10T15:14:52.457-05:00,IdeState,Inactive,,*,-1,-1
2025-01-10T15:14:53.458-05:00,IdeState,Inactive,,*,-1,-1
2025-01-10T15:14:54.459-05:00,IdeState,Inactive,,*,-1,-1
2025-01-10T15:14:55.460-05:00,IdeState,Inactive,,*,-1,-1
2025-01-10T15:14:56.461-05:00,IdeState,Inactive,,*,-1,-1
2025-01-10T15:14:57.461-05:00,IdeState,Inactive,,*,-1,-1
2025-01-10T15:14:58.463-05:00,IdeState,Inactive,,*,-1,-1
2025-01-10T15:14:59.464-05:00,IdeState,Inactive,,*,-1,-1
2025-01-10T15:15:00.466-05:00,IdeState,Inactive,,*,-1,-1
2025-01-10T15:15:01.467-05:00,IdeState,Inactive,,*,-1,-1
2025-01-10T15:15:02.469-05:00,IdeState,Inactive,,*,-1,-1
2025-01-10T15:15:03.471-05:00,IdeState,Inactive,,*,-1,-1
2025-01-10T15:15:04.472-05:00,IdeState,Inactive,,*,-1,-1
2025-01-10T15:15:05.473-05:00,IdeState,Inactive,,*,-1,-1
2025-01-10T15:15:06.475-05:00,IdeState,Inactive,,*,-1,-1
2025-01-10T15:15:07.476-05:00,IdeState,Inactive,,*,-1,-1
2025-01-10T15:15:08.477-05:00,IdeState,Inactive,,*,-1,-1
2025-01-10T15:15:09.478-05:00,IdeState,Inactive,,*,-1,-1
2025-01-10T15:15:10.479-05:00,IdeState,Inactive,,*,-1,-1
2025-01-10T15:15:11.481-05:00,IdeState,Inactive,,*,-1,-1
2025-01-10T15:15:12.482-05:00,IdeState,Inactive,,*,-1,-1
2025-01-10T15:15:13.483-05:00,IdeState,Inactive,,*,-1,-1
2025-01-10T15:15:14.484-05:00,IdeState,Inactive,,*,-1,-1
2025-01-10T15:15:15.485-05:00,IdeState,Inactive,,*,-1,-1
2025-01-10T15:15:16.486-05:00,IdeState,Inactive,,*,-1,-1
2025-01-10T15:15:17.488-05:00,IdeState,Inactive,,*,-1,-1
2025-01-10T15:15:18.494-05:00,IdeState,Inactive,,*,-1,-1
2025-01-10T15:15:19.494-05:00,IdeState,Inactive,,*,-1,-1
2025-01-10T15:15:20.496-05:00,IdeState,Inactive,,*,-1,-1
2025-01-10T15:15:21.498-05:00,IdeState,Inactive,,*,-1,-1
2025-01-10T15:15:22.499-05:00,IdeState,Inactive,,*,-1,-1
2025-01-10T15:15:23.500-05:00,IdeState,Inactive,,*,-1,-1
2025-01-10T15:15:24.501-05:00,IdeState,Inactive,,*,-1,-1
2025-01-10T15:15:25.502-05:00,IdeState,Inactive,,*,-1,-1
2025-01-10T15:15:26.503-05:00,IdeState,Inactive,,*,-1,-1
2025-01-10T15:15:27.504-05:00,IdeState,Inactive,,*,-1,-1
2025-01-10T15:15:28.507-05:00,IdeState,Inactive,,*,-1,-1
2025-01-10T15:15:29.508-05:00,IdeState,Inactive,,*,-1,-1
2025-01-10T15:15:30.509-05:00,IdeState,Inactive,,*,-1,-1
2025-01-10T15:15:31.510-05:00,IdeState,Inactive,,*,-1,-1
2025-01-10T15:15:32.511-05:00,IdeState,Inactive,,*,-1,-1
2025-01-10T15:15:33.513-05:00,IdeState,Inactive,,*,-1,-1
2025-01-10T15:15:34.514-05:00,IdeState,Inactive,,*,-1,-1
2025-01-10T15:15:35.515-05:00,IdeState,Inactive,,*,-1,-1
2025-01-10T15:15:36.518-05:00,IdeState,Inactive,,*,-1,-1
2025-01-10T15:15:37.518-05:00,IdeState,Inactive,,*,-1,-1
2025-01-10T15:15:38.519-05:00,IdeState,Inactive,,*,-1,-1
2025-01-10T15:15:39.522-05:00,IdeState,Inactive,,*,-1,-1
2025-01-10T15:15:40.523-05:00,IdeState,Inactive,,*,-1,-1
2025-01-10T15:15:41.524-05:00,IdeState,Inactive,,*,-1,-1
2025-01-10T15:15:42.526-05:00,IdeState,Inactive,,*,-1,-1
2025-01-10T15:15:43.527-05:00,IdeState,Inactive,,*,-1,-1
2025-01-10T15:15:44.528-05:00,IdeState,Inactive,,*,-1,-1
2025-01-10T15:15:45.530-05:00,IdeState,Inactive,,*,-1,-1
2025-01-10T15:15:46.532-05:00,IdeState,Inactive,,*,-1,-1
2025-01-10T15:15:47.533-05:00,IdeState,Inactive,,*,-1,-1
2025-01-10T15:15:48.534-05:00,IdeState,Inactive,,*,-1,-1
2025-01-10T15:15:49.535-05:00,IdeState,Inactive,,*,-1,-1
2025-01-10T15:15:50.537-05:00,IdeState,Inactive,,*,-1,-1
2025-01-10T15:15:51.539-05:00,IdeState,Inactive,,*,-1,-1
2025-01-10T15:15:52.541-05:00,IdeState,Inactive,,*,-1,-1
2025-01-10T15:15:53.544-05:00,IdeState,Inactive,,*,-1,-1
2025-01-10T15:15:54.545-05:00,IdeState,Inactive,,*,-1,-1
2025-01-10T15:15:55.546-05:00,IdeState,Inactive,,*,-1,-1
2025-01-10T15:15:56.547-05:00,IdeState,Inactive,,*,-1,-1
2025-01-10T15:15:57.549-05:00,IdeState,Inactive,,*,-1,-1
2025-01-10T15:15:58.552-05:00,IdeState,Inactive,,*,-1,-1
2025-01-10T15:15:59.553-05:00,IdeState,Inactive,,*,-1,-1
2025-01-10T15:16:00.556-05:00,IdeState,Inactive,,*,-1,-1
2025-01-10T15:16:01.557-05:00,IdeState,Inactive,,*,-1,-1
2025-01-10T15:16:02.560-05:00,IdeState,Inactive,,*,-1,-1
2025-01-10T15:16:03.562-05:00,IdeState,Inactive,,*,-1,-1
2025-01-10T15:16:04.563-05:00,IdeState,Inactive,,*,-1,-1
2025-01-10T15:16:05.565-05:00,IdeState,Inactive,,*,-1,-1
2025-01-10T15:16:06.565-05:00,IdeState,Inactive,,*,-1,-1
2025-01-10T15:16:07.568-05:00,IdeState,Inactive,,*,-1,-1
2025-01-10T15:16:08.575-05:00,IdeState,Inactive,,*,-1,-1
2025-01-10T15:16:09.579-05:00,IdeState,Inactive,,*,-1,-1
2025-01-10T15:16:10.579-05:00,IdeState,Inactive,,*,-1,-1
2025-01-10T15:16:11.581-05:00,IdeState,Inactive,,*,-1,-1
2025-01-10T15:16:12.583-05:00,IdeState,Inactive,,*,-1,-1
2025-01-10T15:16:13.584-05:00,IdeState,Inactive,,*,-1,-1
2025-01-10T15:16:14.595-05:00,IdeState,Inactive,,*,-1,-1
2025-01-10T15:16:15.596-05:00,IdeState,Inactive,,*,-1,-1
2025-01-10T15:16:16.599-05:00,IdeState,Inactive,,*,-1,-1
2025-01-10T15:16:17.599-05:00,IdeState,Inactive,,*,-1,-1
2025-01-10T15:16:18.601-05:00,IdeState,Inactive,,*,-1,-1
2025-01-10T15:16:19.603-05:00,IdeState,Inactive,,*,-1,-1
2025-01-10T15:16:20.605-05:00,IdeState,Inactive,,*,-1,-1
2025-01-10T15:16:21.606-05:00,IdeState,Inactive,,*,-1,-1
2025-01-10T15:16:22.608-05:00,IdeState,Inactive,,*,-1,-1
2025-01-10T15:16:23.610-05:00,IdeState,Inactive,,*,-1,-1
2025-01-10T15:16:24.613-05:00,IdeState,Inactive,,*,-1,-1
2025-01-10T15:16:25.616-05:00,IdeState,Inactive,,*,-1,-1
2025-01-10T15:16:26.618-05:00,IdeState,Inactive,,*,-1,-1
2025-01-10T15:16:27.619-05:00,IdeState,Inactive,,*,-1,-1
2025-01-10T15:16:28.621-05:00,IdeState,Inactive,,*,-1,-1
2025-01-10T15:16:29.624-05:00,IdeState,Inactive,,*,-1,-1
2025-01-10T15:16:30.626-05:00,IdeState,Inactive,,*,-1,-1
2025-01-10T15:16:31.629-05:00,IdeState,Inactive,,*,-1,-1
2025-01-10T15:16:32.630-05:00,IdeState,Inactive,,*,-1,-1
2025-01-10T15:16:33.631-05:00,IdeState,Inactive,,*,-1,-1
2025-01-10T15:16:34.633-05:00,IdeState,Inactive,,*,-1,-1
2025-01-10T15:16:35.634-05:00,IdeState,Inactive,,*,-1,-1
2025-01-10T15:16:36.636-05:00,IdeState,Inactive,,*,-1,-1
2025-01-10T15:16:37.637-05:00,IdeState,Inactive,,*,-1,-1
2025-01-10T15:16:38.638-05:00,IdeState,Inactive,,*,-1,-1
2025-01-10T15:16:39.639-05:00,IdeState,Inactive,,*,-1,-1
2025-01-10T15:16:40.640-05:00,IdeState,Inactive,,*,-1,-1
2025-01-10T15:16:41.640-05:00,IdeState,Inactive,,*,-1,-1
2025-01-10T15:16:42.641-05:00,IdeState,Inactive,,*,-1,-1
2025-01-10T15:16:43.643-05:00,IdeState,Inactive,,*,-1,-1
2025-01-10T15:16:44.644-05:00,IdeState,Inactive,,*,-1,-1
2025-01-10T15:16:45.644-05:00,IdeState,Inactive,,*,-1,-1
2025-01-10T15:16:46.646-05:00,IdeState,Inactive,,*,-1,-1
2025-01-10T15:16:47.648-05:00,IdeState,Inactive,,*,-1,-1
2025-01-10T15:16:48.650-05:00,IdeState,Inactive,,*,-1,-1
2025-01-10T15:16:49.653-05:00,IdeState,Inactive,,*,-1,-1
2025-01-10T15:16:50.654-05:00,IdeState,Inactive,,*,-1,-1
2025-01-10T15:16:51.655-05:00,IdeState,Inactive,,*,-1,-1
2025-01-10T15:16:52.656-05:00,IdeState,Inactive,,*,-1,-1
2025-01-10T15:16:53.657-05:00,IdeState,Inactive,,*,-1,-1
2025-01-10T15:16:54.659-05:00,IdeState,Inactive,,*,-1,-1
2025-01-10T15:16:55.663-05:00,IdeState,Inactive,,*,-1,-1
2025-01-10T15:16:56.665-05:00,IdeState,Inactive,,*,-1,-1
2025-01-10T15:16:57.666-05:00,IdeState,Inactive,,*,-1,-1
2025-01-10T15:16:58.687-05:00,IdeState,Inactive,,*,-1,-1
2025-01-10T15:16:59.688-05:00,IdeState,Inactive,,*,-1,-1
2025-01-10T15:17:00.688-05:00,IdeState,Inactive,,*,-1,-1
2025-01-10T15:17:01.689-05:00,IdeState,Inactive,,*,-1,-1
2025-01-10T15:17:02.691-05:00,IdeState,Inactive,,*,-1,-1
2025-01-10T15:17:03.691-05:00,IdeState,Inactive,,*,-1,-1
2025-01-10T15:17:04.692-05:00,IdeState,Inactive,,*,-1,-1
2025-01-10T15:17:05.693-05:00,IdeState,Inactive,,*,-1,-1
2025-01-10T15:17:06.694-05:00,IdeState,Inactive,,*,-1,-1
2025-01-10T15:17:07.696-05:00,IdeState,Inactive,,*,-1,-1
2025-01-10T15:17:08.698-05:00,IdeState,Inactive,,*,-1,-1
2025-01-10T15:17:09.701-05:00,IdeState,Inactive,,*,-1,-1
2025-01-10T15:17:10.702-05:00,IdeState,Inactive,,*,-1,-1
2025-01-10T15:17:11.704-05:00,IdeState,Inactive,,*,-1,-1
2025-01-10T15:17:12.704-05:00,IdeState,Inactive,,*,-1,-1
2025-01-10T15:17:13.705-05:00,IdeState,Inactive,,*,-1,-1
2025-01-10T15:17:14.707-05:00,IdeState,Inactive,,*,-1,-1
2025-01-10T15:17:15.709-05:00,IdeState,Inactive,,*,-1,-1
2025-01-10T15:17:16.709-05:00,IdeState,Inactive,,*,-1,-1
2025-01-10T15:17:17.710-05:00,IdeState,Inactive,,*,-1,-1
2025-01-10T15:17:18.711-05:00,IdeState,Inactive,,*,-1,-1
2025-01-10T15:17:19.712-05:00,IdeState,Inactive,,*,-1,-1
2025-01-10T15:17:20.714-05:00,IdeState,Inactive,,*,-1,-1
2025-01-10T15:17:21.716-05:00,IdeState,Inactive,,*,-1,-1
2025-01-10T15:17:22.717-05:00,IdeState,Inactive,,*,-1,-1
2025-01-10T15:17:23.718-05:00,IdeState,Inactive,,*,-1,-1
2025-01-10T15:17:24.721-05:00,IdeState,Inactive,,*,-1,-1
2025-01-10T15:17:25.722-05:00,IdeState,Inactive,,*,-1,-1
2025-01-10T15:17:26.723-05:00,IdeState,Inactive,,*,-1,-1
2025-01-10T15:17:27.724-05:00,IdeState,Inactive,,*,-1,-1
2025-01-10T15:17:28.725-05:00,IdeState,Inactive,,*,-1,-1
2025-01-10T15:17:29.725-05:00,IdeState,Inactive,,*,-1,-1
2025-01-10T15:17:30.727-05:00,IdeState,Inactive,,*,-1,-1
2025-01-10T15:17:31.728-05:00,IdeState,Inactive,,*,-1,-1
2025-01-10T15:17:32.729-05:00,IdeState,Inactive,,*,-1,-1
2025-01-10T15:17:33.731-05:00,IdeState,Inactive,,*,-1,-1
2025-01-10T15:17:34.732-05:00,IdeState,Inactive,,*,-1,-1
2025-01-10T15:17:35.733-05:00,IdeState,Inactive,,*,-1,-1
2025-01-10T15:17:36.735-05:00,IdeState,Inactive,,*,-1,-1
2025-01-10T15:17:37.736-05:00,IdeState,Inactive,,*,-1,-1
2025-01-10T15:17:38.738-05:00,IdeState,Inactive,,*,-1,-1
2025-01-10T15:17:39.739-05:00,IdeState,Inactive,,*,-1,-1
2025-01-10T15:17:40.741-05:00,IdeState,Inactive,,*,-1,-1
2025-01-10T15:17:41.742-05:00,IdeState,Inactive,,*,-1,-1
2025-01-10T15:17:42.744-05:00,IdeState,Inactive,,*,-1,-1
2025-01-10T15:17:43.745-05:00,IdeState,Inactive,,*,-1,-1
2025-01-10T15:17:44.746-05:00,IdeState,Inactive,,*,-1,-1
2025-01-10T15:17:45.747-05:00,IdeState,Inactive,,*,-1,-1
2025-01-10T15:17:46.748-05:00,IdeState,Inactive,,*,-1,-1
2025-01-10T15:17:47.750-05:00,IdeState,Inactive,,*,-1,-1
2025-01-10T15:17:48.751-05:00,IdeState,Inactive,,*,-1,-1
2025-01-10T15:17:49.753-05:00,IdeState,Inactive,,*,-1,-1
2025-01-10T15:17:50.755-05:00,IdeState,Inactive,,*,-1,-1
2025-01-10T15:17:51.756-05:00,IdeState,Inactive,,*,-1,-1
2025-01-10T15:17:52.757-05:00,IdeState,Inactive,,*,-1,-1
2025-01-10T15:17:53.758-05:00,IdeState,Inactive,,*,-1,-1
2025-01-10T15:17:54.760-05:00,IdeState,Inactive,,*,-1,-1
2025-01-10T15:17:55.761-05:00,IdeState,Inactive,,*,-1,-1
2025-01-10T15:17:56.761-05:00,IdeState,Inactive,,*,-1,-1
2025-01-10T15:17:57.764-05:00,IdeState,Inactive,,*,-1,-1
2025-01-10T15:17:58.765-05:00,IdeState,Inactive,,*,-1,-1
2025-01-10T15:17:59.767-05:00,IdeState,Inactive,,*,-1,-1
2025-01-10T15:18:00.767-05:00,IdeState,Inactive,,*,-1,-1
2025-01-10T15:18:01.768-05:00,IdeState,Inactive,,*,-1,-1
2025-01-10T15:18:02.769-05:00,IdeState,Inactive,,*,-1,-1
2025-01-10T15:18:03.771-05:00,IdeState,Inactive,,*,-1,-1
2025-01-10T15:18:04.772-05:00,IdeState,Inactive,,*,-1,-1
2025-01-10T15:18:05.774-05:00,IdeState,Inactive,,*,-1,-1
2025-01-10T15:18:06.775-05:00,IdeState,Inactive,,*,-1,-1
2025-01-10T15:18:07.776-05:00,IdeState,Inactive,,*,-1,-1
2025-01-10T15:18:08.777-05:00,IdeState,Inactive,,*,-1,-1
2025-01-10T15:18:09.779-05:00,IdeState,Inactive,,*,-1,-1
2025-01-10T15:18:10.780-05:00,IdeState,Inactive,,*,-1,-1
2025-01-10T15:18:11.781-05:00,IdeState,Inactive,,*,-1,-1
2025-01-10T15:18:12.782-05:00,IdeState,Inactive,,*,-1,-1
2025-01-10T15:18:13.785-05:00,IdeState,Inactive,,*,-1,-1
2025-01-10T15:18:14.786-05:00,IdeState,Inactive,,*,-1,-1
2025-01-10T15:18:15.788-05:00,IdeState,Inactive,,*,-1,-1
2025-01-10T15:18:16.789-05:00,IdeState,Inactive,,*,-1,-1
2025-01-10T15:18:17.790-05:00,IdeState,Inactive,,*,-1,-1
2025-01-10T15:18:18.791-05:00,IdeState,Inactive,,*,-1,-1
2025-01-10T15:18:19.792-05:00,IdeState,Inactive,,*,-1,-1
2025-01-10T15:18:20.793-05:00,IdeState,Inactive,,*,-1,-1
2025-01-10T15:18:21.795-05:00,IdeState,Inactive,,*,-1,-1
2025-01-10T15:18:22.796-05:00,IdeState,Inactive,,*,-1,-1
2025-01-10T15:18:23.800-05:00,IdeState,Inactive,,*,-1,-1
2025-01-10T15:18:24.804-05:00,IdeState,Inactive,,*,-1,-1
2025-01-10T15:18:25.806-05:00,IdeState,Inactive,,*,-1,-1
2025-01-10T15:18:26.806-05:00,IdeState,Inactive,,*,-1,-1
2025-01-10T15:18:27.807-05:00,IdeState,Inactive,,*,-1,-1
2025-01-10T15:18:28.809-05:00,IdeState,Inactive,,*,-1,-1
2025-01-10T15:18:29.811-05:00,IdeState,Inactive,,*,-1,-1
2025-01-10T15:18:30.812-05:00,IdeState,Inactive,,*,-1,-1
2025-01-10T15:18:31.813-05:00,IdeState,Inactive,,*,-1,-1
2025-01-10T15:18:32.815-05:00,IdeState,Inactive,,*,-1,-1
2025-01-10T15:18:33.815-05:00,IdeState,Inactive,,*,-1,-1
2025-01-10T15:18:34.816-05:00,IdeState,Inactive,,*,-1,-1
2025-01-10T15:18:35.817-05:00,IdeState,Inactive,,*,-1,-1
2025-01-10T15:18:36.818-05:00,IdeState,Inactive,,*,-1,-1
2025-01-10T15:18:37.819-05:00,IdeState,Inactive,,*,-1,-1
2025-01-10T15:18:38.820-05:00,IdeState,Inactive,,*,-1,-1
2025-01-10T15:18:39.821-05:00,IdeState,Inactive,,*,-1,-1
2025-01-10T15:18:40.821-05:00,IdeState,Inactive,,*,-1,-1
2025-01-10T15:18:41.822-05:00,IdeState,Inactive,,*,-1,-1
2025-01-10T15:18:42.823-05:00,IdeState,Inactive,,*,-1,-1
2025-01-10T15:18:43.826-05:00,IdeState,Inactive,,*,-1,-1
2025-01-10T15:18:44.826-05:00,IdeState,Inactive,,*,-1,-1
2025-01-10T15:18:45.827-05:00,IdeState,Inactive,,*,-1,-1
2025-01-10T15:18:46.828-05:00,IdeState,Inactive,,*,-1,-1
2025-01-10T15:18:47.830-05:00,IdeState,Inactive,,*,-1,-1
2025-01-10T15:18:48.831-05:00,IdeState,Inactive,,*,-1,-1
2025-01-10T15:18:49.832-05:00,IdeState,Inactive,,*,-1,-1
2025-01-10T15:18:50.832-05:00,IdeState,Inactive,,*,-1,-1
2025-01-10T15:18:51.834-05:00,IdeState,Inactive,,*,-1,-1
2025-01-10T15:18:52.835-05:00,IdeState,Inactive,,*,-1,-1
2025-01-10T15:18:53.838-05:00,IdeState,Inactive,,*,-1,-1
2025-01-10T15:18:54.840-05:00,IdeState,Inactive,,*,-1,-1
2025-01-10T15:18:55.841-05:00,IdeState,Inactive,,*,-1,-1
2025-01-10T15:18:56.842-05:00,IdeState,Inactive,,*,-1,-1
2025-01-10T15:18:57.844-05:00,IdeState,Inactive,,*,-1,-1
2025-01-10T15:18:58.845-05:00,IdeState,Inactive,,*,-1,-1
2025-01-10T15:18:59.846-05:00,IdeState,Inactive,,*,-1,-1
2025-01-10T15:19:00.847-05:00,IdeState,Inactive,,*,-1,-1
2025-01-10T15:19:01.849-05:00,IdeState,Inactive,,*,-1,-1
2025-01-10T15:19:02.850-05:00,IdeState,Inactive,,*,-1,-1
2025-01-10T15:19:03.851-05:00,IdeState,Inactive,,*,-1,-1
2025-01-10T15:19:04.852-05:00,IdeState,Inactive,,*,-1,-1
2025-01-10T15:19:05.852-05:00,IdeState,Inactive,,*,-1,-1
2025-01-10T15:19:06.854-05:00,IdeState,Inactive,,*,-1,-1
2025-01-10T15:19:07.855-05:00,IdeState,Inactive,,*,-1,-1
2025-01-10T15:19:08.856-05:00,IdeState,Inactive,,*,-1,-1
2025-01-10T15:19:09.858-05:00,IdeState,Inactive,,*,-1,-1
2025-01-10T15:19:10.860-05:00,IdeState,Inactive,,*,-1,-1
2025-01-10T15:19:11.862-05:00,IdeState,Inactive,,*,-1,-1
2025-01-10T15:19:12.863-05:00,IdeState,Inactive,,*,-1,-1
2025-01-10T15:19:13.865-05:00,IdeState,Inactive,,*,-1,-1
2025-01-10T15:19:14.876-05:00,IdeState,Inactive,,*,-1,-1
2025-01-10T15:19:15.879-05:00,IdeState,Inactive,,*,-1,-1
2025-01-10T15:19:16.881-05:00,IdeState,Inactive,,*,-1,-1
2025-01-10T15:19:17.883-05:00,IdeState,Inactive,,*,-1,-1
2025-01-10T15:19:18.884-05:00,IdeState,Inactive,,*,-1,-1
2025-01-10T15:19:19.885-05:00,IdeState,Inactive,,*,-1,-1
2025-01-10T15:19:20.886-05:00,IdeState,Inactive,,*,-1,-1
2025-01-10T15:19:21.887-05:00,IdeState,Inactive,,*,-1,-1
2025-01-10T15:19:22.889-05:00,IdeState,Inactive,,*,-1,-1
2025-01-10T15:19:23.894-05:00,IdeState,Inactive,,*,-1,-1
2025-01-10T15:19:24.896-05:00,IdeState,Inactive,,*,-1,-1
2025-01-10T15:19:25.897-05:00,IdeState,Inactive,,*,-1,-1
2025-01-10T15:19:26.898-05:00,IdeState,Inactive,,*,-1,-1
2025-01-10T15:19:27.899-05:00,IdeState,Inactive,,*,-1,-1
2025-01-10T15:19:28.900-05:00,IdeState,Inactive,,*,-1,-1
2025-01-10T15:19:29.902-05:00,IdeState,Inactive,,*,-1,-1
2025-01-10T15:19:30.903-05:00,IdeState,Inactive,,*,-1,-1
2025-01-10T15:19:31.905-05:00,IdeState,Inactive,,*,-1,-1
2025-01-10T15:19:32.906-05:00,IdeState,Inactive,,*,-1,-1
2025-01-10T15:19:33.908-05:00,IdeState,Inactive,,*,-1,-1
2025-01-10T15:19:34.909-05:00,IdeState,Inactive,,*,-1,-1
2025-01-10T15:19:35.911-05:00,IdeState,Inactive,,*,-1,-1
2025-01-10T15:19:36.912-05:00,IdeState,Inactive,,*,-1,-1
2025-01-10T15:19:37.914-05:00,IdeState,Inactive,,*,-1,-1
2025-01-10T15:19:38.915-05:00,IdeState,Inactive,,*,-1,-1
2025-01-10T15:19:39.916-05:00,IdeState,Inactive,,*,-1,-1
2025-01-10T15:19:40.917-05:00,IdeState,Inactive,,*,-1,-1
2025-01-10T15:19:41.918-05:00,IdeState,Inactive,,*,-1,-1
2025-01-10T15:19:42.920-05:00,IdeState,Inactive,,*,-1,-1
2025-01-10T15:19:43.923-05:00,IdeState,Inactive,,*,-1,-1
2025-01-10T15:19:44.924-05:00,IdeState,Inactive,,*,-1,-1
2025-01-10T15:19:45.926-05:00,IdeState,Inactive,,*,-1,-1
2025-01-10T15:19:46.929-05:00,IdeState,Inactive,,*,-1,-1
2025-01-10T15:19:47.931-05:00,IdeState,Inactive,,*,-1,-1
2025-01-10T15:19:48.932-05:00,IdeState,Inactive,,*,-1,-1
2025-01-10T15:19:49.935-05:00,IdeState,Inactive,,*,-1,-1
2025-01-10T15:19:50.936-05:00,IdeState,Inactive,,*,-1,-1
2025-01-10T15:19:51.938-05:00,IdeState,Inactive,,*,-1,-1
2025-01-10T15:19:52.939-05:00,IdeState,Inactive,,*,-1,-1
2025-01-10T15:19:53.940-05:00,IdeState,Inactive,,*,-1,-1
2025-01-10T15:19:54.941-05:00,IdeState,Inactive,,*,-1,-1
2025-01-10T15:19:55.943-05:00,IdeState,Inactive,,*,-1,-1
2025-01-10T15:19:56.944-05:00,IdeState,Inactive,,*,-1,-1
2025-01-10T15:19:57.945-05:00,IdeState,Inactive,,*,-1,-1
2025-01-10T15:19:58.948-05:00,IdeState,Inactive,,*,-1,-1
2025-01-10T15:19:59.950-05:00,IdeState,Inactive,,*,-1,-1
2025-01-10T15:20:00.951-05:00,IdeState,Inactive,,*,-1,-1
2025-01-10T15:20:01.952-05:00,IdeState,Inactive,,*,-1,-1
2025-01-10T15:20:02.954-05:00,IdeState,Inactive,,*,-1,-1
2025-01-10T15:20:03.956-05:00,IdeState,Inactive,,*,-1,-1
2025-01-10T15:20:04.959-05:00,IdeState,Inactive,,*,-1,-1
2025-01-10T15:20:05.961-05:00,IdeState,Inactive,,*,-1,-1
2025-01-10T15:20:06.964-05:00,IdeState,Inactive,,*,-1,-1
2025-01-10T15:20:07.964-05:00,IdeState,Inactive,,*,-1,-1
2025-01-10T15:20:08.965-05:00,IdeState,Inactive,,*,-1,-1
2025-01-10T15:20:09.967-05:00,IdeState,Inactive,,*,-1,-1
2025-01-10T15:20:10.967-05:00,IdeState,Inactive,,*,-1,-1
2025-01-10T15:20:11.968-05:00,IdeState,Inactive,,*,-1,-1
2025-01-10T15:20:12.969-05:00,IdeState,Inactive,,*,-1,-1
2025-01-10T15:20:13.969-05:00,IdeState,Inactive,,*,-1,-1
2025-01-10T15:20:14.972-05:00,IdeState,Inactive,,*,-1,-1
2025-01-10T15:20:15.972-05:00,IdeState,Inactive,,*,-1,-1
2025-01-10T15:20:16.973-05:00,IdeState,Inactive,,*,-1,-1
2025-01-10T15:20:17.975-05:00,IdeState,Inactive,,*,-1,-1
2025-01-10T15:20:18.976-05:00,IdeState,Inactive,,*,-1,-1
2025-01-10T15:20:19.977-05:00,IdeState,Inactive,,*,-1,-1
2025-01-10T15:20:20.978-05:00,IdeState,Inactive,,*,-1,-1
2025-01-10T15:20:21.979-05:00,IdeState,Inactive,,*,-1,-1
2025-01-10T15:20:22.980-05:00,IdeState,Inactive,,*,-1,-1
2025-01-10T15:20:23.981-05:00,IdeState,Inactive,,*,-1,-1
2025-01-10T15:20:24.982-05:00,IdeState,Inactive,,*,-1,-1
2025-01-10T15:20:25.984-05:00,IdeState,Inactive,,*,-1,-1
2025-01-10T15:20:26.985-05:00,IdeState,Inactive,,*,-1,-1
2025-01-10T15:20:27.986-05:00,IdeState,Inactive,,*,-1,-1
2025-01-10T15:20:28.987-05:00,IdeState,Inactive,,*,-1,-1
2025-01-10T15:20:29.988-05:00,IdeState,Inactive,,*,-1,-1
2025-01-10T15:20:30.990-05:00,IdeState,Inactive,,*,-1,-1
2025-01-10T15:20:31.991-05:00,IdeState,Inactive,,*,-1,-1
2025-01-10T15:20:32.992-05:00,IdeState,Inactive,,*,-1,-1
2025-01-10T15:20:33.993-05:00,IdeState,Inactive,,*,-1,-1
2025-01-10T15:20:34.995-05:00,IdeState,Inactive,,*,-1,-1
2025-01-10T15:20:35.996-05:00,IdeState,Inactive,,*,-1,-1
2025-01-10T15:20:36.998-05:00,IdeState,Inactive,,*,-1,-1
2025-01-10T15:20:37.999-05:00,IdeState,Inactive,,*,-1,-1
2025-01-10T15:20:39.001-05:00,IdeState,Inactive,,*,-1,-1
2025-01-10T15:20:40.002-05:00,IdeState,Inactive,,*,-1,-1
2025-01-10T15:20:41.004-05:00,IdeState,Inactive,,*,-1,-1
2025-01-10T15:20:42.005-05:00,IdeState,Inactive,,*,-1,-1
2025-01-10T15:20:43.007-05:00,IdeState,Inactive,,*,-1,-1
2025-01-10T15:20:44.008-05:00,IdeState,Inactive,,*,-1,-1
2025-01-10T15:20:45.008-05:00,IdeState,Inactive,,*,-1,-1
2025-01-10T15:20:46.009-05:00,IdeState,Inactive,,*,-1,-1
2025-01-10T15:20:47.010-05:00,IdeState,Inactive,,*,-1,-1
2025-01-10T15:20:48.012-05:00,IdeState,Inactive,,*,-1,-1
2025-01-10T15:20:49.014-05:00,IdeState,Inactive,,*,-1,-1
2025-01-10T15:20:50.016-05:00,IdeState,Inactive,,*,-1,-1
2025-01-10T15:20:51.018-05:00,IdeState,Inactive,,*,-1,-1
2025-01-10T15:20:52.019-05:00,IdeState,Inactive,,*,-1,-1
2025-01-10T15:20:53.021-05:00,IdeState,Inactive,,*,-1,-1
2025-01-10T15:20:54.022-05:00,IdeState,Inactive,,*,-1,-1
2025-01-10T15:20:55.023-05:00,IdeState,Inactive,,*,-1,-1
2025-01-10T15:20:56.024-05:00,IdeState,Inactive,,*,-1,-1
2025-01-10T15:20:57.025-05:00,IdeState,Inactive,,*,-1,-1
2025-01-10T15:20:58.026-05:00,IdeState,Inactive,,*,-1,-1
2025-01-10T15:20:59.027-05:00,IdeState,Inactive,,*,-1,-1
2025-01-10T15:21:00.029-05:00,IdeState,Inactive,,*,-1,-1
2025-01-10T15:21:01.029-05:00,IdeState,Inactive,,*,-1,-1
2025-01-10T15:21:02.031-05:00,IdeState,Inactive,,*,-1,-1
2025-01-10T15:21:03.032-05:00,IdeState,Inactive,,*,-1,-1
2025-01-10T15:21:04.032-05:00,IdeState,Inactive,,*,-1,-1
2025-01-10T15:21:05.034-05:00,IdeState,Inactive,,*,-1,-1
2025-01-10T15:21:06.035-05:00,IdeState,Inactive,,*,-1,-1
2025-01-10T15:21:07.037-05:00,IdeState,Inactive,,*,-1,-1
2025-01-10T15:21:08.038-05:00,IdeState,Inactive,,*,-1,-1
2025-01-10T15:21:09.040-05:00,IdeState,Inactive,,*,-1,-1
2025-01-10T15:21:10.040-05:00,IdeState,Inactive,,*,-1,-1
2025-01-10T15:21:11.042-05:00,IdeState,Inactive,,*,-1,-1
2025-01-10T15:21:12.044-05:00,IdeState,Inactive,,*,-1,-1
2025-01-10T15:21:13.045-05:00,IdeState,Inactive,,*,-1,-1
2025-01-10T15:21:14.046-05:00,IdeState,Inactive,,*,-1,-1
2025-01-10T15:21:15.048-05:00,IdeState,Inactive,,*,-1,-1
2025-01-10T15:21:16.049-05:00,IdeState,Inactive,,*,-1,-1
2025-01-10T15:21:17.051-05:00,IdeState,Inactive,,*,-1,-1
2025-01-10T15:21:18.052-05:00,IdeState,Inactive,,*,-1,-1
2025-01-10T15:21:19.053-05:00,IdeState,Inactive,,*,-1,-1
2025-01-10T15:21:20.054-05:00,IdeState,Inactive,,*,-1,-1
2025-01-10T15:21:21.055-05:00,IdeState,Inactive,,*,-1,-1
2025-01-10T15:21:22.056-05:00,IdeState,Inactive,,*,-1,-1
2025-01-10T15:21:23.058-05:00,IdeState,Inactive,,*,-1,-1
2025-01-10T15:21:24.060-05:00,IdeState,Inactive,,*,-1,-1
2025-01-10T15:21:25.061-05:00,IdeState,Inactive,,*,-1,-1
2025-01-10T15:21:26.062-05:00,IdeState,Inactive,,*,-1,-1
2025-01-10T15:21:27.063-05:00,IdeState,Inactive,,*,-1,-1
2025-01-10T15:21:28.064-05:00,IdeState,Inactive,,*,-1,-1
2025-01-10T15:21:29.065-05:00,IdeState,Inactive,,*,-1,-1
2025-01-10T15:21:30.066-05:00,IdeState,Inactive,,*,-1,-1
2025-01-10T15:21:31.068-05:00,IdeState,Inactive,,*,-1,-1
2025-01-10T15:21:32.069-05:00,IdeState,Inactive,,*,-1,-1
2025-01-10T15:21:33.071-05:00,IdeState,Inactive,,*,-1,-1
2025-01-10T15:21:34.073-05:00,IdeState,Inactive,,*,-1,-1
2025-01-10T15:21:35.075-05:00,IdeState,Inactive,,*,-1,-1
2025-01-10T15:21:36.076-05:00,IdeState,Inactive,,*,-1,-1
2025-01-10T15:21:37.077-05:00,IdeState,Inactive,,*,-1,-1
2025-01-10T15:21:38.078-05:00,IdeState,Inactive,,*,-1,-1
2025-01-10T15:21:39.079-05:00,IdeState,Inactive,,*,-1,-1
2025-01-10T15:21:40.080-05:00,IdeState,Inactive,,*,-1,-1
2025-01-10T15:21:41.081-05:00,IdeState,Inactive,,*,-1,-1
2025-01-10T15:21:42.084-05:00,IdeState,Inactive,,*,-1,-1
2025-01-10T15:21:43.084-05:00,IdeState,Inactive,,*,-1,-1
2025-01-10T15:21:44.085-05:00,IdeState,Inactive,,*,-1,-1
2025-01-10T15:21:45.086-05:00,IdeState,Inactive,,*,-1,-1
2025-01-10T15:21:46.088-05:00,IdeState,Inactive,,*,-1,-1
2025-01-10T15:21:47.089-05:00,IdeState,Inactive,,*,-1,-1
2025-01-10T15:21:48.092-05:00,IdeState,Inactive,,*,-1,-1
2025-01-10T15:21:49.092-05:00,IdeState,Inactive,,*,-1,-1
2025-01-10T15:21:50.093-05:00,IdeState,Inactive,,*,-1,-1
2025-01-10T15:21:51.095-05:00,IdeState,Inactive,,*,-1,-1
2025-01-10T15:21:52.096-05:00,IdeState,Inactive,,*,-1,-1
2025-01-10T15:21:53.097-05:00,IdeState,Inactive,,*,-1,-1
2025-01-10T15:21:54.098-05:00,IdeState,Inactive,,*,-1,-1
2025-01-10T15:21:55.099-05:00,IdeState,Inactive,,*,-1,-1
2025-01-10T15:21:56.101-05:00,IdeState,Inactive,,*,-1,-1
2025-01-10T15:21:57.101-05:00,IdeState,Inactive,,*,-1,-1
2025-01-10T15:21:58.102-05:00,IdeState,Inactive,,*,-1,-1
2025-01-10T15:21:59.105-05:00,IdeState,Inactive,,*,-1,-1
2025-01-10T15:22:00.105-05:00,IdeState,Inactive,,*,-1,-1
2025-01-10T15:22:01.106-05:00,IdeState,Inactive,,*,-1,-1
2025-01-10T15:22:02.107-05:00,IdeState,Inactive,,*,-1,-1
2025-01-10T15:22:03.108-05:00,IdeState,Inactive,,*,-1,-1
2025-01-10T15:22:04.109-05:00,IdeState,Inactive,,*,-1,-1
2025-01-10T15:22:05.111-05:00,IdeState,Inactive,,*,-1,-1
2025-01-10T15:22:06.113-05:00,IdeState,Inactive,,*,-1,-1
2025-01-10T15:22:07.114-05:00,IdeState,Inactive,,*,-1,-1
2025-01-10T15:22:08.115-05:00,IdeState,Inactive,,*,-1,-1
2025-01-10T15:22:09.116-05:00,IdeState,Inactive,,*,-1,-1
2025-01-10T15:22:10.117-05:00,IdeState,Inactive,,*,-1,-1
2025-01-10T15:22:11.119-05:00,IdeState,Inactive,,*,-1,-1
2025-01-10T15:22:12.120-05:00,IdeState,Inactive,,*,-1,-1
2025-01-10T15:22:13.121-05:00,IdeState,Inactive,,*,-1,-1
2025-01-10T15:22:14.123-05:00,IdeState,Inactive,,*,-1,-1
2025-01-10T15:22:15.124-05:00,IdeState,Inactive,,*,-1,-1
2025-01-10T15:22:16.125-05:00,IdeState,Inactive,,*,-1,-1
2025-01-10T15:22:17.126-05:00,IdeState,Inactive,,*,-1,-1
2025-01-10T15:22:18.126-05:00,IdeState,Inactive,,*,-1,-1
2025-01-10T15:22:19.127-05:00,IdeState,Inactive,,*,-1,-1
2025-01-10T15:22:20.130-05:00,IdeState,Inactive,,*,-1,-1
2025-01-10T15:22:21.141-05:00,IdeState,Inactive,,*,-1,-1
2025-01-10T15:22:22.142-05:00,IdeState,Inactive,,*,-1,-1
2025-01-10T15:22:23.143-05:00,IdeState,Inactive,,*,-1,-1
2025-01-10T15:22:24.145-05:00,IdeState,Inactive,,*,-1,-1
2025-01-10T15:22:25.145-05:00,IdeState,Inactive,,*,-1,-1
2025-01-10T15:22:26.146-05:00,IdeState,Inactive,,*,-1,-1
2025-01-10T15:22:27.148-05:00,IdeState,Inactive,,*,-1,-1
2025-01-10T15:22:28.150-05:00,IdeState,Inactive,,*,-1,-1
2025-01-10T15:22:29.152-05:00,IdeState,Inactive,,*,-1,-1
2025-01-10T15:22:30.153-05:00,IdeState,Inactive,,*,-1,-1
2025-01-10T15:22:31.154-05:00,IdeState,Inactive,,*,-1,-1
2025-01-10T15:22:32.156-05:00,IdeState,Inactive,,*,-1,-1
2025-01-10T15:22:33.158-05:00,IdeState,Inactive,,*,-1,-1
2025-01-10T15:22:34.159-05:00,IdeState,Inactive,,*,-1,-1
2025-01-10T15:22:35.159-05:00,IdeState,Inactive,,*,-1,-1
2025-01-10T15:22:36.160-05:00,IdeState,Inactive,,*,-1,-1
2025-01-10T15:22:37.161-05:00,IdeState,Inactive,,*,-1,-1
2025-01-10T15:22:38.163-05:00,IdeState,Inactive,,*,-1,-1
2025-01-10T15:22:39.165-05:00,IdeState,Inactive,,*,-1,-1
2025-01-10T15:22:40.167-05:00,IdeState,Inactive,,*,-1,-1
2025-01-10T15:22:41.168-05:00,IdeState,Inactive,,*,-1,-1
2025-01-10T15:22:42.169-05:00,IdeState,Inactive,,*,-1,-1
2025-01-10T15:22:43.170-05:00,IdeState,Inactive,,*,-1,-1
2025-01-10T15:22:44.172-05:00,IdeState,Inactive,,*,-1,-1
2025-01-10T15:22:45.174-05:00,IdeState,Inactive,,*,-1,-1
2025-01-10T15:22:46.175-05:00,IdeState,Inactive,,*,-1,-1
2025-01-10T15:22:47.176-05:00,IdeState,Inactive,,*,-1,-1
2025-01-10T15:22:48.177-05:00,IdeState,Inactive,,*,-1,-1
2025-01-10T15:22:49.179-05:00,IdeState,Inactive,,*,-1,-1
2025-01-10T15:22:50.180-05:00,IdeState,Inactive,,*,-1,-1
2025-01-10T15:22:51.181-05:00,IdeState,Inactive,,*,-1,-1
2025-01-10T15:22:52.183-05:00,IdeState,Inactive,,*,-1,-1
2025-01-10T15:22:53.185-05:00,IdeState,Inactive,,*,-1,-1
2025-01-10T15:22:54.185-05:00,IdeState,Inactive,,*,-1,-1
2025-01-10T15:22:55.186-05:00,IdeState,Inactive,,*,-1,-1
2025-01-10T15:22:56.187-05:00,IdeState,Inactive,,*,-1,-1
2025-01-10T15:22:57.189-05:00,IdeState,Inactive,,*,-1,-1
2025-01-10T15:22:58.191-05:00,IdeState,Inactive,,*,-1,-1
2025-01-10T15:22:59.193-05:00,IdeState,Inactive,,*,-1,-1
2025-01-10T15:23:00.194-05:00,IdeState,Inactive,,*,-1,-1
2025-01-10T15:23:01.195-05:00,IdeState,Inactive,,*,-1,-1
2025-01-10T15:23:02.196-05:00,IdeState,Inactive,,*,-1,-1
2025-01-10T15:23:03.199-05:00,IdeState,Inactive,,*,-1,-1
2025-01-10T15:23:04.201-05:00,IdeState,Inactive,,*,-1,-1
2025-01-10T15:23:05.201-05:00,IdeState,Inactive,,*,-1,-1
2025-01-10T15:23:06.203-05:00,IdeState,Inactive,,*,-1,-1
2025-01-10T15:23:07.204-05:00,IdeState,Inactive,,*,-1,-1
2025-01-10T15:23:08.205-05:00,IdeState,Inactive,,*,-1,-1
2025-01-10T15:23:09.207-05:00,IdeState,Inactive,,*,-1,-1
2025-01-10T15:23:10.209-05:00,IdeState,Inactive,,*,-1,-1
2025-01-10T15:23:11.211-05:00,IdeState,Inactive,,*,-1,-1
2025-01-10T15:23:12.212-05:00,IdeState,Inactive,,*,-1,-1
2025-01-10T15:23:13.214-05:00,IdeState,Inactive,,*,-1,-1
2025-01-10T15:23:14.216-05:00,IdeState,Inactive,,*,-1,-1
2025-01-10T15:23:15.217-05:00,IdeState,Inactive,,*,-1,-1
2025-01-10T15:23:16.218-05:00,IdeState,Inactive,,*,-1,-1
2025-01-10T15:23:17.220-05:00,IdeState,Inactive,,*,-1,-1
2025-01-10T15:23:18.220-05:00,IdeState,Inactive,,*,-1,-1
2025-01-10T15:23:19.221-05:00,IdeState,Inactive,,*,-1,-1
2025-01-10T15:23:20.222-05:00,IdeState,Inactive,,*,-1,-1
2025-01-10T15:23:21.223-05:00,IdeState,Inactive,,*,-1,-1
2025-01-10T15:23:22.225-05:00,IdeState,Inactive,,*,-1,-1
2025-01-10T15:23:23.227-05:00,IdeState,Inactive,,*,-1,-1
2025-01-10T15:23:24.228-05:00,IdeState,Inactive,,*,-1,-1
2025-01-10T15:23:25.229-05:00,IdeState,Inactive,,*,-1,-1
2025-01-10T15:23:26.230-05:00,IdeState,Inactive,,*,-1,-1
2025-01-10T15:23:27.232-05:00,IdeState,Inactive,,*,-1,-1
2025-01-10T15:23:28.234-05:00,IdeState,Inactive,,*,-1,-1
2025-01-10T15:23:29.235-05:00,IdeState,Inactive,,*,-1,-1
2025-01-10T15:23:30.236-05:00,IdeState,Inactive,,*,-1,-1
2025-01-10T15:23:31.237-05:00,IdeState,Inactive,,*,-1,-1
2025-01-10T15:23:32.239-05:00,IdeState,Inactive,,*,-1,-1
2025-01-10T15:23:33.241-05:00,IdeState,Inactive,,*,-1,-1
2025-01-10T15:23:34.243-05:00,IdeState,Inactive,,*,-1,-1
2025-01-10T15:23:35.245-05:00,IdeState,Inactive,,*,-1,-1
2025-01-10T15:23:36.247-05:00,IdeState,Inactive,,*,-1,-1
2025-01-10T15:23:37.249-05:00,IdeState,Inactive,,*,-1,-1
2025-01-10T15:23:38.251-05:00,IdeState,Inactive,,*,-1,-1
2025-01-10T15:23:39.251-05:00,IdeState,Inactive,,*,-1,-1
2025-01-10T15:23:40.252-05:00,IdeState,Inactive,,*,-1,-1
2025-01-10T15:23:41.254-05:00,IdeState,Inactive,,*,-1,-1
2025-01-10T15:23:42.255-05:00,IdeState,Inactive,,*,-1,-1
2025-01-10T15:23:43.256-05:00,IdeState,Inactive,,*,-1,-1
2025-01-10T15:23:44.259-05:00,IdeState,Inactive,,*,-1,-1
2025-01-10T15:23:45.260-05:00,IdeState,Inactive,,*,-1,-1
2025-01-10T15:23:46.260-05:00,IdeState,Inactive,,*,-1,-1
2025-01-10T15:23:47.262-05:00,IdeState,Inactive,,*,-1,-1
2025-01-10T15:23:48.263-05:00,IdeState,Inactive,,*,-1,-1
2025-01-10T15:23:49.265-05:00,IdeState,Inactive,,*,-1,-1
2025-01-10T15:23:50.266-05:00,IdeState,Inactive,,*,-1,-1
2025-01-10T15:23:51.267-05:00,IdeState,Inactive,,*,-1,-1
2025-01-10T15:23:52.268-05:00,IdeState,Inactive,,*,-1,-1
2025-01-10T15:23:53.269-05:00,IdeState,Inactive,,*,-1,-1
2025-01-10T15:23:54.271-05:00,IdeState,Inactive,,*,-1,-1
2025-01-10T15:23:55.274-05:00,IdeState,Inactive,,*,-1,-1
2025-01-10T15:23:56.275-05:00,IdeState,Inactive,,*,-1,-1
2025-01-10T15:23:57.276-05:00,IdeState,Inactive,,*,-1,-1
2025-01-10T15:23:58.277-05:00,IdeState,Inactive,,*,-1,-1
2025-01-10T15:23:59.278-05:00,IdeState,Inactive,,*,-1,-1
2025-01-10T15:24:00.279-05:00,IdeState,Inactive,,*,-1,-1
2025-01-10T15:24:01.280-05:00,IdeState,Inactive,,*,-1,-1
2025-01-10T15:24:02.281-05:00,IdeState,Inactive,,*,-1,-1
2025-01-10T15:24:03.283-05:00,IdeState,Inactive,,*,-1,-1
2025-01-10T15:24:04.284-05:00,IdeState,Inactive,,*,-1,-1
2025-01-10T15:24:05.285-05:00,IdeState,Inactive,,*,-1,-1
2025-01-10T15:24:06.287-05:00,IdeState,Inactive,,*,-1,-1
2025-01-10T15:24:07.288-05:00,IdeState,Inactive,,*,-1,-1
2025-01-10T15:24:08.290-05:00,IdeState,Inactive,,*,-1,-1
2025-01-10T15:24:09.291-05:00,IdeState,Inactive,,*,-1,-1
2025-01-10T15:24:10.292-05:00,IdeState,Inactive,,*,-1,-1
2025-01-10T15:24:11.292-05:00,IdeState,Inactive,,*,-1,-1
2025-01-10T15:24:12.294-05:00,IdeState,Inactive,,*,-1,-1
2025-01-10T15:24:13.294-05:00,IdeState,Inactive,,*,-1,-1
2025-01-10T15:24:14.295-05:00,IdeState,Inactive,,*,-1,-1
2025-01-10T15:24:15.297-05:00,IdeState,Inactive,,*,-1,-1
2025-01-10T15:24:16.298-05:00,IdeState,Inactive,,*,-1,-1
2025-01-10T15:24:17.300-05:00,IdeState,Inactive,,*,-1,-1
2025-01-10T15:24:18.302-05:00,IdeState,Inactive,,*,-1,-1
2025-01-10T15:24:19.303-05:00,IdeState,Inactive,,*,-1,-1
2025-01-10T15:24:20.306-05:00,IdeState,Inactive,,*,-1,-1
2025-01-10T15:24:21.306-05:00,IdeState,Inactive,,*,-1,-1
2025-01-10T15:24:22.307-05:00,IdeState,Inactive,,*,-1,-1
2025-01-10T15:24:23.308-05:00,IdeState,Inactive,,*,-1,-1
2025-01-10T15:24:24.309-05:00,IdeState,Inactive,,*,-1,-1
2025-01-10T15:24:25.310-05:00,IdeState,Inactive,,*,-1,-1
2025-01-10T15:24:26.311-05:00,IdeState,Inactive,,*,-1,-1
2025-01-10T15:24:27.312-05:00,IdeState,Inactive,,*,-1,-1
2025-01-10T15:24:28.313-05:00,IdeState,Inactive,,*,-1,-1
2025-01-10T15:24:29.315-05:00,IdeState,Inactive,,*,-1,-1
2025-01-10T15:24:30.316-05:00,IdeState,Inactive,,*,-1,-1
2025-01-10T15:24:31.317-05:00,IdeState,Inactive,,*,-1,-1
2025-01-10T15:24:32.320-05:00,IdeState,Inactive,,*,-1,-1
2025-01-10T15:24:33.321-05:00,IdeState,Inactive,,*,-1,-1
2025-01-10T15:24:34.325-05:00,IdeState,Inactive,,*,-1,-1
2025-01-10T15:24:35.326-05:00,IdeState,Inactive,,*,-1,-1
2025-01-10T15:24:36.327-05:00,IdeState,Inactive,,*,-1,-1
2025-01-10T15:24:37.328-05:00,IdeState,Inactive,,*,-1,-1
2025-01-10T15:24:38.331-05:00,IdeState,Inactive,,*,-1,-1
2025-01-10T15:24:39.333-05:00,IdeState,Inactive,,*,-1,-1
2025-01-10T15:24:40.335-05:00,IdeState,Inactive,,*,-1,-1
2025-01-10T15:24:41.338-05:00,IdeState,Inactive,,*,-1,-1
2025-01-10T15:24:42.339-05:00,IdeState,Inactive,,*,-1,-1
2025-01-10T15:24:43.340-05:00,IdeState,Inactive,,*,-1,-1
2025-01-10T15:24:44.341-05:00,IdeState,Inactive,,*,-1,-1
2025-01-10T15:24:45.342-05:00,IdeState,Inactive,,*,-1,-1
2025-01-10T15:24:46.343-05:00,IdeState,Inactive,,*,-1,-1
2025-01-10T15:24:47.345-05:00,IdeState,Inactive,,*,-1,-1
2025-01-10T15:24:48.354-05:00,IdeState,Inactive,,*,-1,-1
2025-01-10T15:24:49.355-05:00,IdeState,Inactive,,*,-1,-1
2025-01-10T15:24:50.356-05:00,IdeState,Inactive,,*,-1,-1
2025-01-10T15:24:51.357-05:00,IdeState,Inactive,,*,-1,-1
2025-01-10T15:24:52.358-05:00,IdeState,Inactive,,*,-1,-1
2025-01-10T15:24:53.360-05:00,IdeState,Inactive,,*,-1,-1
2025-01-10T15:24:54.361-05:00,IdeState,Inactive,,*,-1,-1
2025-01-10T15:24:55.362-05:00,IdeState,Inactive,,*,-1,-1
2025-01-10T15:24:56.363-05:00,IdeState,Inactive,,*,-1,-1
2025-01-10T15:24:57.364-05:00,IdeState,Inactive,,*,-1,-1
2025-01-10T15:24:58.365-05:00,IdeState,Inactive,,*,-1,-1
2025-01-10T15:24:59.366-05:00,IdeState,Inactive,,*,-1,-1
2025-01-10T15:25:00.368-05:00,IdeState,Inactive,,*,-1,-1
2025-01-10T15:25:01.370-05:00,IdeState,Inactive,,*,-1,-1
2025-01-10T15:25:02.371-05:00,IdeState,Inactive,,*,-1,-1
2025-01-10T15:25:03.372-05:00,IdeState,Inactive,,*,-1,-1
2025-01-10T15:25:04.374-05:00,IdeState,Inactive,,*,-1,-1
2025-01-10T15:25:05.375-05:00,IdeState,Inactive,,*,-1,-1
2025-01-10T15:25:06.376-05:00,IdeState,Inactive,,*,-1,-1
2025-01-10T15:25:07.408-05:00,IdeState,Inactive,,*,-1,-1
2025-01-10T15:25:08.409-05:00,IdeState,Inactive,,*,-1,-1
2025-01-10T15:25:09.412-05:00,IdeState,Inactive,,*,-1,-1
2025-01-10T15:25:10.414-05:00,IdeState,Inactive,,*,-1,-1
2025-01-10T15:25:11.415-05:00,IdeState,Inactive,,*,-1,-1
2025-01-10T15:25:12.417-05:00,IdeState,Inactive,,*,-1,-1
2025-01-10T15:25:13.419-05:00,IdeState,Inactive,,*,-1,-1
2025-01-10T15:25:14.420-05:00,IdeState,Inactive,,*,-1,-1
2025-01-10T15:25:15.421-05:00,IdeState,Inactive,,*,-1,-1
2025-01-10T15:25:16.421-05:00,IdeState,Inactive,,*,-1,-1
2025-01-10T15:25:17.424-05:00,IdeState,Inactive,,*,-1,-1
2025-01-10T15:25:18.425-05:00,IdeState,Inactive,,*,-1,-1
2025-01-10T15:25:19.426-05:00,IdeState,Inactive,,*,-1,-1
2025-01-10T15:25:20.427-05:00,IdeState,Inactive,,*,-1,-1
2025-01-10T15:25:21.429-05:00,IdeState,Inactive,,*,-1,-1
2025-01-10T15:25:22.431-05:00,IdeState,Inactive,,*,-1,-1
2025-01-10T15:25:23.432-05:00,IdeState,Inactive,,*,-1,-1
2025-01-10T15:25:24.433-05:00,IdeState,Inactive,,*,-1,-1
2025-01-10T15:25:25.433-05:00,IdeState,Inactive,,*,-1,-1
2025-01-10T15:25:26.435-05:00,IdeState,Inactive,,*,-1,-1
2025-01-10T15:25:27.437-05:00,IdeState,Inactive,,*,-1,-1
2025-01-10T15:25:28.438-05:00,IdeState,Inactive,,*,-1,-1
2025-01-10T15:25:29.439-05:00,IdeState,Inactive,,*,-1,-1
2025-01-10T15:25:30.440-05:00,IdeState,Inactive,,*,-1,-1
2025-01-10T15:25:31.441-05:00,IdeState,Inactive,,*,-1,-1
2025-01-10T15:25:32.442-05:00,IdeState,Inactive,,*,-1,-1
2025-01-10T15:25:33.443-05:00,IdeState,Inactive,,*,-1,-1
2025-01-10T15:25:34.445-05:00,IdeState,Inactive,,*,-1,-1
2025-01-10T15:25:35.446-05:00,IdeState,Inactive,,*,-1,-1
2025-01-10T15:25:36.448-05:00,IdeState,Inactive,,*,-1,-1
2025-01-10T15:25:37.449-05:00,IdeState,Inactive,,*,-1,-1
2025-01-10T15:25:38.451-05:00,IdeState,Inactive,,*,-1,-1
2025-01-10T15:25:39.452-05:00,IdeState,Inactive,,*,-1,-1
2025-01-10T15:25:40.453-05:00,IdeState,Inactive,,*,-1,-1
2025-01-10T15:25:41.455-05:00,IdeState,Inactive,,*,-1,-1
2025-01-10T15:25:42.455-05:00,IdeState,Inactive,,*,-1,-1
2025-01-10T15:25:43.457-05:00,IdeState,Inactive,,*,-1,-1
2025-01-10T15:25:44.458-05:00,IdeState,Inactive,,*,-1,-1
2025-01-10T15:25:45.459-05:00,IdeState,Inactive,,*,-1,-1
2025-01-10T15:25:46.460-05:00,IdeState,Inactive,,*,-1,-1
2025-01-10T15:25:47.461-05:00,IdeState,Inactive,,*,-1,-1
2025-01-10T15:25:48.462-05:00,IdeState,Inactive,,*,-1,-1
2025-01-10T15:25:49.464-05:00,IdeState,Inactive,,*,-1,-1
2025-01-10T15:25:50.465-05:00,IdeState,Inactive,,*,-1,-1
2025-01-10T15:25:51.465-05:00,IdeState,Inactive,,*,-1,-1
2025-01-10T15:25:52.466-05:00,IdeState,Inactive,,*,-1,-1
2025-01-10T15:25:53.468-05:00,IdeState,Inactive,,*,-1,-1
2025-01-10T15:25:54.470-05:00,IdeState,Inactive,,*,-1,-1
2025-01-10T15:25:55.471-05:00,IdeState,Inactive,,*,-1,-1
2025-01-10T15:25:56.472-05:00,IdeState,Inactive,,*,-1,-1
2025-01-10T15:25:57.472-05:00,IdeState,Inactive,,*,-1,-1
2025-01-10T15:25:58.474-05:00,IdeState,Inactive,,*,-1,-1
2025-01-10T15:25:59.475-05:00,IdeState,Inactive,,*,-1,-1
2025-01-10T15:26:00.477-05:00,IdeState,Inactive,,*,-1,-1
2025-01-10T15:26:01.478-05:00,IdeState,Inactive,,*,-1,-1
2025-01-10T15:26:02.480-05:00,IdeState,Inactive,,*,-1,-1
2025-01-10T15:26:03.482-05:00,IdeState,Inactive,,*,-1,-1
2025-01-10T15:26:04.482-05:00,IdeState,Inactive,,*,-1,-1
2025-01-10T15:26:05.483-05:00,IdeState,Inactive,,*,-1,-1
2025-01-10T15:26:06.485-05:00,IdeState,Inactive,,*,-1,-1
2025-01-10T15:26:07.487-05:00,IdeState,Inactive,,*,-1,-1
2025-01-10T15:26:08.488-05:00,IdeState,Inactive,,*,-1,-1
2025-01-10T15:26:09.489-05:00,IdeState,Inactive,,*,-1,-1
2025-01-10T15:26:10.491-05:00,IdeState,Inactive,,*,-1,-1
2025-01-10T15:26:11.492-05:00,IdeState,Inactive,,*,-1,-1
2025-01-10T15:26:12.494-05:00,IdeState,Inactive,,*,-1,-1
2025-01-10T15:26:13.495-05:00,IdeState,Inactive,,*,-1,-1
2025-01-10T15:26:14.496-05:00,IdeState,Inactive,,*,-1,-1
2025-01-10T15:26:15.497-05:00,IdeState,Inactive,,*,-1,-1
2025-01-10T15:26:16.498-05:00,IdeState,Inactive,,*,-1,-1
2025-01-10T15:26:17.499-05:00,IdeState,Inactive,,*,-1,-1
2025-01-10T15:26:18.501-05:00,IdeState,Inactive,,*,-1,-1
2025-01-10T15:26:19.504-05:00,IdeState,Inactive,,*,-1,-1
2025-01-10T15:26:20.504-05:00,IdeState,Inactive,,*,-1,-1
2025-01-10T15:26:21.505-05:00,IdeState,Inactive,,*,-1,-1
2025-01-10T15:26:22.506-05:00,IdeState,Inactive,,*,-1,-1
2025-01-10T15:26:23.508-05:00,IdeState,Inactive,,*,-1,-1
2025-01-10T15:26:24.509-05:00,IdeState,Inactive,,*,-1,-1
2025-01-10T15:26:25.511-05:00,IdeState,Inactive,,*,-1,-1
2025-01-10T15:26:26.512-05:00,IdeState,Inactive,,*,-1,-1
2025-01-10T15:26:27.513-05:00,IdeState,Inactive,,*,-1,-1
2025-01-10T15:26:28.514-05:00,IdeState,Inactive,,*,-1,-1
2025-01-10T15:26:29.526-05:00,IdeState,Inactive,,*,-1,-1
2025-01-10T15:26:30.529-05:00,IdeState,Inactive,,*,-1,-1
2025-01-10T15:26:31.531-05:00,IdeState,Inactive,,*,-1,-1
2025-01-10T15:26:32.532-05:00,IdeState,Inactive,,*,-1,-1
2025-01-10T15:26:33.533-05:00,IdeState,Inactive,,*,-1,-1
2025-01-10T15:26:34.534-05:00,IdeState,Inactive,,*,-1,-1
2025-01-10T15:26:35.535-05:00,IdeState,Inactive,,*,-1,-1
2025-01-10T15:26:36.536-05:00,IdeState,Inactive,,*,-1,-1
2025-01-10T15:26:37.537-05:00,IdeState,Inactive,,*,-1,-1
2025-01-10T15:26:38.538-05:00,IdeState,Inactive,,*,-1,-1
2025-01-10T15:26:39.541-05:00,IdeState,Inactive,,*,-1,-1
2025-01-10T15:26:40.542-05:00,IdeState,Inactive,,*,-1,-1
2025-01-10T15:26:41.543-05:00,IdeState,Inactive,,*,-1,-1
2025-01-10T15:26:42.545-05:00,IdeState,Inactive,,*,-1,-1
2025-01-10T15:26:43.546-05:00,IdeState,Inactive,,*,-1,-1
2025-01-10T15:26:44.547-05:00,IdeState,Inactive,,*,-1,-1
2025-01-10T15:26:45.550-05:00,IdeState,Inactive,,*,-1,-1
2025-01-10T15:26:46.550-05:00,IdeState,Inactive,,*,-1,-1
2025-01-10T15:26:47.551-05:00,IdeState,Inactive,,*,-1,-1
2025-01-10T15:26:48.552-05:00,IdeState,Inactive,,*,-1,-1
2025-01-10T15:26:49.554-05:00,IdeState,Inactive,,*,-1,-1
2025-01-10T15:26:50.554-05:00,IdeState,Inactive,,*,-1,-1
2025-01-10T15:26:51.556-05:00,IdeState,Inactive,,*,-1,-1
2025-01-10T15:26:52.558-05:00,IdeState,Inactive,,*,-1,-1
2025-01-10T15:26:53.559-05:00,IdeState,Inactive,,*,-1,-1
2025-01-10T15:26:54.560-05:00,IdeState,Inactive,,*,-1,-1
2025-01-10T15:26:55.561-05:00,IdeState,Inactive,,*,-1,-1
2025-01-10T15:26:56.563-05:00,IdeState,Inactive,,*,-1,-1
2025-01-10T15:26:57.565-05:00,IdeState,Inactive,,*,-1,-1
2025-01-10T15:26:58.566-05:00,IdeState,Inactive,,*,-1,-1
2025-01-10T15:26:59.568-05:00,IdeState,Inactive,,*,-1,-1
2025-01-10T15:27:00.570-05:00,IdeState,Inactive,,*,-1,-1
2025-01-10T15:27:01.571-05:00,IdeState,Inactive,,*,-1,-1
2025-01-10T15:27:02.573-05:00,IdeState,Inactive,,*,-1,-1
2025-01-10T15:27:03.575-05:00,IdeState,Inactive,,*,-1,-1
2025-01-10T15:27:04.576-05:00,IdeState,Inactive,,*,-1,-1
2025-01-10T15:27:05.577-05:00,IdeState,Inactive,,*,-1,-1
2025-01-10T15:27:06.578-05:00,IdeState,Inactive,,*,-1,-1
2025-01-10T15:27:07.579-05:00,IdeState,Inactive,,*,-1,-1
2025-01-10T15:27:08.579-05:00,IdeState,Inactive,,*,-1,-1
2025-01-10T15:27:09.582-05:00,IdeState,Inactive,,*,-1,-1
2025-01-10T15:27:10.584-05:00,IdeState,Inactive,,*,-1,-1
2025-01-10T15:27:11.585-05:00,IdeState,Inactive,,*,-1,-1
2025-01-10T15:27:12.588-05:00,IdeState,Inactive,,*,-1,-1
2025-01-10T15:27:13.590-05:00,IdeState,Inactive,,*,-1,-1
2025-01-10T15:27:14.591-05:00,IdeState,Inactive,,*,-1,-1
2025-01-10T15:27:15.593-05:00,IdeState,Inactive,,*,-1,-1
2025-01-10T15:27:16.594-05:00,IdeState,Inactive,,*,-1,-1
2025-01-10T15:27:17.595-05:00,IdeState,Inactive,,*,-1,-1
2025-01-10T15:27:18.596-05:00,IdeState,Inactive,,*,-1,-1
2025-01-10T15:27:19.598-05:00,IdeState,Inactive,,*,-1,-1
2025-01-10T15:27:20.599-05:00,IdeState,Inactive,,*,-1,-1
2025-01-10T15:27:21.600-05:00,IdeState,Inactive,,*,-1,-1
2025-01-10T15:27:22.601-05:00,IdeState,Inactive,,*,-1,-1
2025-01-10T15:27:23.604-05:00,IdeState,Inactive,,*,-1,-1
2025-01-10T15:27:24.606-05:00,IdeState,Inactive,,*,-1,-1
2025-01-10T15:27:25.607-05:00,IdeState,Inactive,,*,-1,-1
2025-01-10T15:27:26.609-05:00,IdeState,Inactive,,*,-1,-1
2025-01-10T15:27:27.609-05:00,IdeState,Inactive,,*,-1,-1
2025-01-10T15:27:28.612-05:00,IdeState,Inactive,,*,-1,-1
2025-01-10T15:27:29.614-05:00,IdeState,Inactive,,*,-1,-1
2025-01-10T15:27:30.616-05:00,IdeState,Inactive,,*,-1,-1
2025-01-10T15:27:31.617-05:00,IdeState,Inactive,,*,-1,-1
2025-01-10T15:27:32.618-05:00,IdeState,Inactive,,*,-1,-1
2025-01-10T15:27:33.619-05:00,IdeState,Inactive,,*,-1,-1
2025-01-10T15:27:34.621-05:00,IdeState,Inactive,,*,-1,-1
2025-01-10T15:27:35.622-05:00,IdeState,Inactive,,*,-1,-1
2025-01-10T15:27:36.624-05:00,IdeState,Inactive,,*,-1,-1
2025-01-10T15:27:37.625-05:00,IdeState,Inactive,,*,-1,-1
2025-01-10T15:27:38.626-05:00,IdeState,Inactive,,*,-1,-1
2025-01-10T15:27:39.629-05:00,IdeState,Inactive,,*,-1,-1
2025-01-10T15:27:40.631-05:00,IdeState,Inactive,,*,-1,-1
2025-01-10T15:27:41.632-05:00,IdeState,Inactive,,*,-1,-1
2025-01-10T15:27:42.633-05:00,IdeState,Inactive,,*,-1,-1
2025-01-10T15:27:43.634-05:00,IdeState,Inactive,,*,-1,-1
2025-01-10T15:27:44.635-05:00,IdeState,Inactive,,*,-1,-1
2025-01-10T15:27:45.635-05:00,IdeState,Inactive,,*,-1,-1
2025-01-10T15:27:46.637-05:00,IdeState,Inactive,,*,-1,-1
2025-01-10T15:27:47.638-05:00,IdeState,Inactive,,*,-1,-1
2025-01-10T15:27:48.640-05:00,IdeState,Inactive,,*,-1,-1
2025-01-10T15:27:49.641-05:00,IdeState,Inactive,,*,-1,-1
2025-01-10T15:27:50.642-05:00,IdeState,Inactive,,*,-1,-1
2025-01-10T15:27:51.643-05:00,IdeState,Inactive,,*,-1,-1
2025-01-10T15:27:52.643-05:00,IdeState,Inactive,,*,-1,-1
2025-01-10T15:27:53.645-05:00,IdeState,Inactive,,*,-1,-1
2025-01-10T15:27:54.647-05:00,IdeState,Inactive,,*,-1,-1
2025-01-10T15:27:55.648-05:00,IdeState,Inactive,,*,-1,-1
2025-01-10T15:27:56.649-05:00,IdeState,Inactive,,*,-1,-1
2025-01-10T15:27:57.650-05:00,IdeState,Inactive,,*,-1,-1
2025-01-10T15:27:58.652-05:00,IdeState,Inactive,,*,-1,-1
2025-01-10T15:27:59.654-05:00,IdeState,Inactive,,*,-1,-1
2025-01-10T15:28:00.655-05:00,IdeState,Inactive,,*,-1,-1
2025-01-10T15:28:01.657-05:00,IdeState,Inactive,,*,-1,-1
2025-01-10T15:28:02.658-05:00,IdeState,Inactive,,*,-1,-1
2025-01-10T15:28:03.659-05:00,IdeState,Inactive,,*,-1,-1
2025-01-10T15:28:04.660-05:00,IdeState,Inactive,,*,-1,-1
2025-01-10T15:28:05.661-05:00,IdeState,Inactive,,*,-1,-1
2025-01-10T15:28:06.662-05:00,IdeState,Inactive,,*,-1,-1
2025-01-10T15:28:07.664-05:00,IdeState,Inactive,,*,-1,-1
2025-01-10T15:28:08.665-05:00,IdeState,Inactive,,*,-1,-1
2025-01-10T15:28:09.666-05:00,IdeState,Inactive,,*,-1,-1
2025-01-10T15:28:10.667-05:00,IdeState,Inactive,,*,-1,-1
2025-01-10T15:28:11.670-05:00,IdeState,Inactive,,*,-1,-1
2025-01-10T15:28:12.672-05:00,IdeState,Inactive,,*,-1,-1
2025-01-10T15:28:13.672-05:00,IdeState,Inactive,,*,-1,-1
2025-01-10T15:28:14.674-05:00,IdeState,Inactive,,*,-1,-1
2025-01-10T15:28:15.676-05:00,IdeState,Inactive,,*,-1,-1
2025-01-10T15:28:16.678-05:00,IdeState,Inactive,,*,-1,-1
2025-01-10T15:28:17.679-05:00,IdeState,Inactive,,*,-1,-1
2025-01-10T15:28:18.681-05:00,IdeState,Inactive,,*,-1,-1
2025-01-10T15:28:19.682-05:00,IdeState,Inactive,,*,-1,-1
2025-01-10T15:28:20.683-05:00,IdeState,Inactive,,*,-1,-1
2025-01-10T15:28:21.684-05:00,IdeState,Inactive,,*,-1,-1
2025-01-10T15:28:22.685-05:00,IdeState,Inactive,,*,-1,-1
2025-01-10T15:28:23.686-05:00,IdeState,Inactive,,*,-1,-1
2025-01-10T15:28:24.687-05:00,IdeState,Inactive,,*,-1,-1
2025-01-10T15:28:25.689-05:00,IdeState,Inactive,,*,-1,-1
2025-01-10T15:28:26.690-05:00,IdeState,Inactive,,*,-1,-1
2025-01-10T15:28:27.691-05:00,IdeState,Inactive,,*,-1,-1
2025-01-10T15:28:28.692-05:00,IdeState,Inactive,,*,-1,-1
2025-01-10T15:28:29.693-05:00,IdeState,Inactive,,*,-1,-1
2025-01-10T15:28:30.695-05:00,IdeState,Inactive,,*,-1,-1
2025-01-10T15:28:31.695-05:00,IdeState,Inactive,,*,-1,-1
2025-01-10T15:28:32.697-05:00,IdeState,Inactive,,*,-1,-1
2025-01-10T15:28:33.699-05:00,IdeState,Inactive,,*,-1,-1
2025-01-10T15:28:34.701-05:00,IdeState,Inactive,,*,-1,-1
2025-01-10T15:28:35.701-05:00,IdeState,Inactive,,*,-1,-1
2025-01-10T15:28:36.703-05:00,IdeState,Inactive,,*,-1,-1
2025-01-10T15:28:37.703-05:00,IdeState,Inactive,,*,-1,-1
2025-01-10T15:28:38.704-05:00,IdeState,Inactive,,*,-1,-1
2025-01-10T15:28:39.705-05:00,IdeState,Inactive,,*,-1,-1
2025-01-10T15:28:40.705-05:00,IdeState,Inactive,,*,-1,-1
2025-01-10T15:28:41.706-05:00,IdeState,Inactive,,*,-1,-1
2025-01-10T15:28:42.707-05:00,IdeState,Inactive,,*,-1,-1
2025-01-10T15:28:43.710-05:00,IdeState,Inactive,,*,-1,-1
2025-01-10T15:28:44.711-05:00,IdeState,Inactive,,*,-1,-1
2025-01-10T15:28:45.712-05:00,IdeState,Inactive,,*,-1,-1
2025-01-10T15:28:46.715-05:00,IdeState,Inactive,,*,-1,-1
2025-01-10T15:28:47.716-05:00,IdeState,Inactive,,*,-1,-1
2025-01-10T15:28:48.717-05:00,IdeState,Inactive,,*,-1,-1
2025-01-10T15:28:49.719-05:00,IdeState,Inactive,,*,-1,-1
2025-01-10T15:28:50.721-05:00,IdeState,Inactive,,*,-1,-1
2025-01-10T15:28:51.722-05:00,IdeState,Inactive,,*,-1,-1
2025-01-10T15:28:52.723-05:00,IdeState,Inactive,,*,-1,-1
2025-01-10T15:28:53.723-05:00,IdeState,Inactive,,*,-1,-1
2025-01-10T15:28:54.725-05:00,IdeState,Inactive,,*,-1,-1
2025-01-10T15:28:55.726-05:00,IdeState,Inactive,,*,-1,-1
2025-01-10T15:28:56.727-05:00,IdeState,Inactive,,*,-1,-1
2025-01-10T15:28:57.728-05:00,IdeState,Inactive,,*,-1,-1
2025-01-10T15:28:58.729-05:00,IdeState,Inactive,,*,-1,-1
2025-01-10T15:28:59.733-05:00,IdeState,Inactive,,*,-1,-1
2025-01-10T15:29:00.736-05:00,IdeState,Inactive,,*,-1,-1
2025-01-10T15:29:01.736-05:00,IdeState,Inactive,,*,-1,-1
2025-01-10T15:29:02.737-05:00,IdeState,Inactive,,*,-1,-1
2025-01-10T15:29:03.738-05:00,IdeState,Inactive,,*,-1,-1
2025-01-10T15:29:04.740-05:00,IdeState,Inactive,,*,-1,-1
2025-01-10T15:29:05.740-05:00,IdeState,Inactive,,*,-1,-1
2025-01-10T15:29:06.741-05:00,IdeState,Inactive,,*,-1,-1
2025-01-10T15:29:07.742-05:00,IdeState,Inactive,,*,-1,-1
2025-01-10T15:29:08.742-05:00,IdeState,Inactive,,*,-1,-1
2025-01-10T15:29:09.744-05:00,IdeState,Inactive,,*,-1,-1
2025-01-10T15:29:10.745-05:00,IdeState,Inactive,,*,-1,-1
2025-01-10T15:29:11.746-05:00,IdeState,Inactive,,*,-1,-1
2025-01-10T15:29:12.747-05:00,IdeState,Inactive,,*,-1,-1
2025-01-10T15:29:13.748-05:00,IdeState,Inactive,,*,-1,-1
2025-01-10T15:29:14.749-05:00,IdeState,Inactive,,*,-1,-1
2025-01-10T15:29:15.750-05:00,IdeState,Inactive,,*,-1,-1
2025-01-10T15:29:16.751-05:00,IdeState,Inactive,,*,-1,-1
2025-01-10T15:29:17.751-05:00,IdeState,Inactive,,*,-1,-1
2025-01-10T15:29:18.753-05:00,IdeState,Inactive,,*,-1,-1
2025-01-10T15:29:19.756-05:00,IdeState,Inactive,,*,-1,-1
2025-01-10T15:29:20.757-05:00,IdeState,Inactive,,*,-1,-1
2025-01-10T15:29:21.759-05:00,IdeState,Inactive,,*,-1,-1
2025-01-10T15:29:22.760-05:00,IdeState,Inactive,,*,-1,-1
2025-01-10T15:29:23.761-05:00,IdeState,Inactive,,*,-1,-1
2025-01-10T15:29:24.763-05:00,IdeState,Inactive,,*,-1,-1
2025-01-10T15:29:25.765-05:00,IdeState,Inactive,,*,-1,-1
2025-01-10T15:29:26.765-05:00,IdeState,Inactive,,*,-1,-1
2025-01-10T15:29:27.766-05:00,IdeState,Inactive,,*,-1,-1
2025-01-10T15:29:28.767-05:00,IdeState,Inactive,,*,-1,-1
2025-01-10T15:29:29.769-05:00,IdeState,Inactive,,*,-1,-1
2025-01-10T15:29:30.770-05:00,IdeState,Inactive,,*,-1,-1
2025-01-10T15:29:31.771-05:00,IdeState,Inactive,,*,-1,-1
2025-01-10T15:29:32.772-05:00,IdeState,Inactive,,*,-1,-1
2025-01-10T15:29:33.773-05:00,IdeState,Inactive,,*,-1,-1
2025-01-10T15:29:34.775-05:00,IdeState,Inactive,,*,-1,-1
2025-01-10T15:29:35.777-05:00,IdeState,Inactive,,*,-1,-1
2025-01-10T15:29:36.777-05:00,IdeState,Inactive,,*,-1,-1
2025-01-10T15:29:37.778-05:00,IdeState,Inactive,,*,-1,-1
2025-01-10T15:29:38.779-05:00,IdeState,Inactive,,*,-1,-1
2025-01-10T15:29:39.780-05:00,IdeState,Inactive,,*,-1,-1
2025-01-10T15:29:40.781-05:00,IdeState,Inactive,,*,-1,-1
2025-01-10T15:29:41.782-05:00,IdeState,Inactive,,*,-1,-1
2025-01-10T15:29:42.783-05:00,IdeState,Inactive,,*,-1,-1
2025-01-10T15:29:43.784-05:00,IdeState,Inactive,,*,-1,-1
2025-01-10T15:29:44.785-05:00,IdeState,Inactive,,*,-1,-1
2025-01-10T15:29:45.787-05:00,IdeState,Inactive,,*,-1,-1
2025-01-10T15:29:46.787-05:00,IdeState,Inactive,,*,-1,-1
2025-01-10T15:29:47.790-05:00,IdeState,Inactive,,*,-1,-1
2025-01-10T15:29:48.790-05:00,IdeState,Inactive,,*,-1,-1
2025-01-10T15:29:49.791-05:00,IdeState,Inactive,,*,-1,-1
2025-01-10T15:29:50.793-05:00,IdeState,Inactive,,*,-1,-1
2025-01-10T15:29:51.794-05:00,IdeState,Inactive,,*,-1,-1
2025-01-10T15:29:52.797-05:00,IdeState,Inactive,,*,-1,-1
2025-01-10T15:29:53.798-05:00,IdeState,Inactive,,*,-1,-1
2025-01-10T15:29:54.799-05:00,IdeState,Inactive,,*,-1,-1
2025-01-10T15:29:55.801-05:00,IdeState,Inactive,,*,-1,-1
2025-01-10T15:29:56.803-05:00,IdeState,Inactive,,*,-1,-1
2025-01-10T15:29:57.804-05:00,IdeState,Inactive,,*,-1,-1
2025-01-10T15:29:58.805-05:00,IdeState,Inactive,,*,-1,-1
2025-01-10T15:29:59.807-05:00,IdeState,Inactive,,*,-1,-1
2025-01-10T15:30:00.807-05:00,IdeState,Inactive,,*,-1,-1
2025-01-10T15:30:01.808-05:00,IdeState,Inactive,,*,-1,-1
2025-01-10T15:30:02.809-05:00,IdeState,Inactive,,*,-1,-1
2025-01-10T15:30:03.810-05:00,IdeState,Inactive,,*,-1,-1
2025-01-10T15:30:04.811-05:00,IdeState,Inactive,,*,-1,-1
2025-01-10T15:30:05.812-05:00,IdeState,Inactive,,*,-1,-1
2025-01-10T15:30:06.814-05:00,IdeState,Inactive,,*,-1,-1
2025-01-10T15:30:07.815-05:00,IdeState,Inactive,,*,-1,-1
2025-01-10T15:30:08.815-05:00,IdeState,Inactive,,*,-1,-1
2025-01-10T15:30:09.817-05:00,IdeState,Inactive,,*,-1,-1
2025-01-10T15:30:10.818-05:00,IdeState,Inactive,,*,-1,-1
2025-01-10T15:30:11.820-05:00,IdeState,Inactive,,*,-1,-1
2025-01-10T15:30:12.822-05:00,IdeState,Inactive,,*,-1,-1
2025-01-10T15:30:13.823-05:00,IdeState,Inactive,,*,-1,-1
2025-01-10T15:30:14.825-05:00,IdeState,Inactive,,*,-1,-1
2025-01-10T15:30:15.825-05:00,IdeState,Inactive,,*,-1,-1
2025-01-10T15:30:16.827-05:00,IdeState,Inactive,,*,-1,-1
2025-01-10T15:30:17.827-05:00,IdeState,Inactive,,*,-1,-1
2025-01-10T15:30:18.828-05:00,IdeState,Inactive,,*,-1,-1
2025-01-10T15:30:19.831-05:00,IdeState,Inactive,,*,-1,-1
2025-01-10T15:30:20.833-05:00,IdeState,Inactive,,*,-1,-1
2025-01-10T15:30:21.835-05:00,IdeState,Inactive,,*,-1,-1
2025-01-10T15:30:22.837-05:00,IdeState,Inactive,,*,-1,-1
2025-01-10T15:30:23.838-05:00,IdeState,Inactive,,*,-1,-1
2025-01-10T15:30:24.838-05:00,IdeState,Inactive,,*,-1,-1
2025-01-10T15:30:25.841-05:00,IdeState,Inactive,,*,-1,-1
2025-01-10T15:30:26.841-05:00,IdeState,Inactive,,*,-1,-1
2025-01-10T15:30:27.842-05:00,IdeState,Inactive,,*,-1,-1
2025-01-10T15:30:28.843-05:00,IdeState,Inactive,,*,-1,-1
2025-01-10T15:30:29.845-05:00,IdeState,Inactive,,*,-1,-1
2025-01-10T15:30:30.846-05:00,IdeState,Inactive,,*,-1,-1
2025-01-10T15:30:31.848-05:00,IdeState,Inactive,,*,-1,-1
2025-01-10T15:30:32.849-05:00,IdeState,Inactive,,*,-1,-1
2025-01-10T15:30:33.851-05:00,IdeState,Inactive,,*,-1,-1
2025-01-10T15:30:34.865-05:00,IdeState,Inactive,,*,-1,-1
2025-01-10T15:30:35.866-05:00,IdeState,Inactive,,*,-1,-1
2025-01-10T15:30:36.867-05:00,IdeState,Inactive,,*,-1,-1
2025-01-10T15:30:37.870-05:00,IdeState,Inactive,,*,-1,-1
2025-01-10T15:30:38.872-05:00,IdeState,Inactive,,*,-1,-1
2025-01-10T15:30:39.874-05:00,IdeState,Inactive,,*,-1,-1
2025-01-10T15:30:40.876-05:00,IdeState,Inactive,,*,-1,-1
2025-01-10T15:30:41.876-05:00,IdeState,Inactive,,*,-1,-1
2025-01-10T15:30:42.878-05:00,IdeState,Inactive,,*,-1,-1
2025-01-10T15:30:43.880-05:00,IdeState,Inactive,,*,-1,-1
2025-01-10T15:30:44.881-05:00,IdeState,Inactive,,*,-1,-1
2025-01-10T15:30:45.883-05:00,IdeState,Inactive,,*,-1,-1
2025-01-10T15:30:46.884-05:00,IdeState,Inactive,,*,-1,-1
2025-01-10T15:30:47.885-05:00,IdeState,Inactive,,*,-1,-1
2025-01-10T15:30:48.886-05:00,IdeState,Inactive,,*,-1,-1
2025-01-10T15:30:49.887-05:00,IdeState,Inactive,,*,-1,-1
2025-01-10T15:30:50.890-05:00,IdeState,Inactive,,*,-1,-1
2025-01-10T15:30:51.891-05:00,IdeState,Inactive,,*,-1,-1
2025-01-10T15:30:52.893-05:00,IdeState,Inactive,,*,-1,-1
2025-01-10T15:30:53.894-05:00,IdeState,Inactive,,*,-1,-1
2025-01-10T15:30:54.895-05:00,IdeState,Inactive,,*,-1,-1
2025-01-10T15:30:55.896-05:00,IdeState,Inactive,,*,-1,-1
2025-01-10T15:30:56.897-05:00,IdeState,Inactive,,*,-1,-1
2025-01-10T15:30:57.898-05:00,IdeState,Inactive,,*,-1,-1
2025-01-10T15:30:58.899-05:00,IdeState,Inactive,,*,-1,-1
2025-01-10T15:30:59.901-05:00,IdeState,Inactive,,*,-1,-1
2025-01-10T15:31:00.902-05:00,IdeState,Inactive,,*,-1,-1
2025-01-10T15:31:01.902-05:00,IdeState,Inactive,,*,-1,-1
2025-01-10T15:31:02.904-05:00,IdeState,Inactive,,*,-1,-1
2025-01-10T15:31:03.910-05:00,IdeState,Inactive,,*,-1,-1
2025-01-10T15:31:04.911-05:00,IdeState,Inactive,,*,-1,-1
2025-01-10T15:31:05.912-05:00,IdeState,Inactive,,*,-1,-1
2025-01-10T15:31:06.913-05:00,IdeState,Inactive,,*,-1,-1
2025-01-10T15:31:07.914-05:00,IdeState,Inactive,,*,-1,-1
2025-01-10T15:31:08.916-05:00,IdeState,Inactive,,*,-1,-1
2025-01-10T15:31:09.917-05:00,IdeState,Inactive,,*,-1,-1
2025-01-10T15:31:10.918-05:00,IdeState,Inactive,,*,-1,-1
2025-01-10T15:31:11.919-05:00,IdeState,Inactive,,*,-1,-1
2025-01-10T15:31:12.920-05:00,IdeState,Inactive,,*,-1,-1
2025-01-10T15:31:13.921-05:00,IdeState,Inactive,,*,-1,-1
2025-01-10T15:31:14.922-05:00,IdeState,Inactive,,*,-1,-1
2025-01-10T15:31:15.925-05:00,IdeState,Inactive,,*,-1,-1
2025-01-10T15:31:16.925-05:00,IdeState,Inactive,,*,-1,-1
2025-01-10T15:31:17.926-05:00,IdeState,Inactive,,*,-1,-1
2025-01-10T15:31:18.927-05:00,IdeState,Inactive,,*,-1,-1
2025-01-10T15:31:19.930-05:00,IdeState,Inactive,,*,-1,-1
2025-01-10T15:31:20.930-05:00,IdeState,Inactive,,*,-1,-1
2025-01-10T15:31:21.931-05:00,IdeState,Inactive,,*,-1,-1
2025-01-10T15:31:22.933-05:00,IdeState,Inactive,,*,-1,-1
2025-01-10T15:31:23.935-05:00,IdeState,Inactive,,*,-1,-1
2025-01-10T15:31:24.935-05:00,IdeState,Inactive,,*,-1,-1
2025-01-10T15:31:25.936-05:00,IdeState,Inactive,,*,-1,-1
2025-01-10T15:31:26.937-05:00,IdeState,Inactive,,*,-1,-1
2025-01-10T15:31:27.938-05:00,IdeState,Inactive,,*,-1,-1
2025-01-10T15:31:28.939-05:00,IdeState,Inactive,,*,-1,-1
2025-01-10T15:31:29.940-05:00,IdeState,Inactive,,*,-1,-1
2025-01-10T15:31:30.959-05:00,IdeState,Inactive,,*,-1,-1
2025-01-10T15:31:31.961-05:00,IdeState,Inactive,,*,-1,-1
2025-01-10T15:31:32.963-05:00,IdeState,Inactive,,*,-1,-1
2025-01-10T15:31:33.965-05:00,IdeState,Inactive,,*,-1,-1
2025-01-10T15:31:34.965-05:00,IdeState,Inactive,,*,-1,-1
2025-01-10T15:31:35.966-05:00,IdeState,Inactive,,*,-1,-1
2025-01-10T15:31:36.967-05:00,IdeState,Inactive,,*,-1,-1
2025-01-10T15:31:37.969-05:00,IdeState,Inactive,,*,-1,-1
2025-01-10T15:31:38.970-05:00,IdeState,Inactive,,*,-1,-1
2025-01-10T15:31:39.972-05:00,IdeState,Inactive,,*,-1,-1
2025-01-10T15:31:40.973-05:00,IdeState,Inactive,,*,-1,-1
2025-01-10T15:31:41.973-05:00,IdeState,Inactive,,*,-1,-1
2025-01-10T15:31:42.975-05:00,IdeState,Inactive,,*,-1,-1
2025-01-10T15:31:43.977-05:00,IdeState,Inactive,,*,-1,-1
2025-01-10T15:31:44.978-05:00,IdeState,Inactive,,*,-1,-1
2025-01-10T15:31:45.996-05:00,IdeState,Inactive,,*,-1,-1
2025-01-10T15:31:46.997-05:00,IdeState,Inactive,,*,-1,-1
2025-01-10T15:31:47.998-05:00,IdeState,Inactive,,*,-1,-1
2025-01-10T15:31:48.999-05:00,IdeState,Inactive,,*,-1,-1
2025-01-10T15:31:50.000-05:00,IdeState,Inactive,,*,-1,-1
2025-01-10T15:31:51.001-05:00,IdeState,Inactive,,*,-1,-1
2025-01-10T15:31:52.002-05:00,IdeState,Inactive,,*,-1,-1
2025-01-10T15:31:53.005-05:00,IdeState,Inactive,,*,-1,-1
2025-01-10T15:31:54.005-05:00,IdeState,Inactive,,*,-1,-1
2025-01-10T15:31:55.007-05:00,IdeState,Inactive,,*,-1,-1
2025-01-10T15:31:56.009-05:00,IdeState,Inactive,,*,-1,-1
2025-01-10T15:31:57.010-05:00,IdeState,Inactive,,*,-1,-1
2025-01-10T15:31:58.011-05:00,IdeState,Inactive,,*,-1,-1
2025-01-10T15:31:59.012-05:00,IdeState,Inactive,,*,-1,-1
2025-01-10T15:32:00.015-05:00,IdeState,Inactive,,*,-1,-1
2025-01-10T15:32:01.016-05:00,IdeState,Inactive,,*,-1,-1
2025-01-10T15:32:02.017-05:00,IdeState,Inactive,,*,-1,-1
2025-01-10T15:32:03.019-05:00,IdeState,Inactive,,*,-1,-1
2025-01-10T15:32:04.021-05:00,IdeState,Inactive,,*,-1,-1
2025-01-10T15:32:05.023-05:00,IdeState,Inactive,,*,-1,-1
2025-01-10T15:32:06.027-05:00,IdeState,Inactive,,*,-1,-1
2025-01-10T15:32:07.028-05:00,IdeState,Inactive,,*,-1,-1
2025-01-10T15:32:08.030-05:00,IdeState,Inactive,,*,-1,-1
2025-01-10T15:32:09.031-05:00,IdeState,Inactive,,*,-1,-1
2025-01-10T15:32:10.033-05:00,IdeState,Inactive,,*,-1,-1
2025-01-10T15:32:11.036-05:00,IdeState,Inactive,,*,-1,-1
2025-01-10T15:32:12.037-05:00,IdeState,Inactive,,*,-1,-1
2025-01-10T15:32:13.037-05:00,IdeState,Inactive,,*,-1,-1
2025-01-10T15:32:14.038-05:00,IdeState,Inactive,,*,-1,-1
2025-01-10T15:32:15.040-05:00,IdeState,Inactive,,*,-1,-1
2025-01-10T15:32:16.041-05:00,IdeState,Inactive,,*,-1,-1
2025-01-10T15:32:17.043-05:00,IdeState,Inactive,,*,-1,-1
2025-01-10T15:32:18.045-05:00,IdeState,Inactive,,*,-1,-1
2025-01-10T15:32:19.046-05:00,IdeState,Inactive,,*,-1,-1
2025-01-10T15:32:20.047-05:00,IdeState,Inactive,,*,-1,-1
2025-01-10T15:32:21.048-05:00,IdeState,Inactive,,*,-1,-1
2025-01-10T15:32:22.049-05:00,IdeState,Inactive,,*,-1,-1
2025-01-10T15:32:23.051-05:00,IdeState,Inactive,,*,-1,-1
2025-01-10T15:32:24.052-05:00,IdeState,Inactive,,*,-1,-1
2025-01-10T15:32:25.053-05:00,IdeState,Inactive,,*,-1,-1
2025-01-10T15:32:26.053-05:00,IdeState,Inactive,,*,-1,-1
2025-01-10T15:32:27.054-05:00,IdeState,Inactive,,*,-1,-1
2025-01-10T15:32:28.055-05:00,IdeState,Inactive,,*,-1,-1
2025-01-10T15:32:29.057-05:00,IdeState,Inactive,,*,-1,-1
2025-01-10T15:32:30.059-05:00,IdeState,Inactive,,*,-1,-1
2025-01-10T15:32:31.060-05:00,IdeState,Inactive,,*,-1,-1
2025-01-10T15:32:32.061-05:00,IdeState,Inactive,,*,-1,-1
2025-01-10T15:32:33.062-05:00,IdeState,Inactive,,*,-1,-1
2025-01-10T15:32:34.062-05:00,IdeState,Inactive,,*,-1,-1
2025-01-10T15:32:35.063-05:00,IdeState,Inactive,,*,-1,-1
2025-01-10T15:32:36.065-05:00,IdeState,Inactive,,*,-1,-1
2025-01-10T15:32:37.067-05:00,IdeState,Inactive,,*,-1,-1
2025-01-10T15:32:38.068-05:00,IdeState,Inactive,,*,-1,-1
2025-01-10T15:32:39.069-05:00,IdeState,Inactive,,*,-1,-1
2025-01-10T15:32:40.070-05:00,IdeState,Inactive,,*,-1,-1
2025-01-10T15:32:41.071-05:00,IdeState,Inactive,,*,-1,-1
2025-01-10T15:32:42.074-05:00,IdeState,Inactive,,*,-1,-1
2025-01-10T15:32:43.075-05:00,IdeState,Inactive,,*,-1,-1
2025-01-10T15:32:44.077-05:00,IdeState,Inactive,,*,-1,-1
2025-01-10T15:32:45.078-05:00,IdeState,Inactive,,*,-1,-1
2025-01-10T15:32:46.082-05:00,IdeState,Inactive,,*,-1,-1
2025-01-10T15:32:47.083-05:00,IdeState,Inactive,,*,-1,-1
2025-01-10T15:32:48.085-05:00,IdeState,Inactive,,*,-1,-1
2025-01-10T15:32:49.088-05:00,IdeState,Inactive,,*,-1,-1
2025-01-10T15:32:50.088-05:00,IdeState,Inactive,,*,-1,-1
2025-01-10T15:32:51.089-05:00,IdeState,Inactive,,*,-1,-1
2025-01-10T15:32:52.090-05:00,IdeState,Inactive,,*,-1,-1
2025-01-10T15:32:53.093-05:00,IdeState,Inactive,,*,-1,-1
2025-01-10T15:32:54.093-05:00,IdeState,Inactive,,*,-1,-1
2025-01-10T15:32:55.095-05:00,IdeState,Inactive,,*,-1,-1
2025-01-10T15:32:56.096-05:00,IdeState,Inactive,,*,-1,-1
2025-01-10T15:32:57.097-05:00,IdeState,Inactive,,*,-1,-1
2025-01-10T15:32:58.098-05:00,IdeState,Inactive,,*,-1,-1
2025-01-10T15:32:59.105-05:00,IdeState,Inactive,,*,-1,-1
2025-01-10T15:33:00.105-05:00,IdeState,Inactive,,*,-1,-1
2025-01-10T15:33:01.106-05:00,IdeState,Inactive,,*,-1,-1
2025-01-10T15:33:02.108-05:00,IdeState,Inactive,,*,-1,-1
2025-01-10T15:33:03.110-05:00,IdeState,Inactive,,*,-1,-1
2025-01-10T15:33:04.111-05:00,IdeState,Inactive,,*,-1,-1
2025-01-10T15:33:05.112-05:00,IdeState,Inactive,,*,-1,-1
2025-01-10T15:33:06.113-05:00,IdeState,Inactive,,*,-1,-1
2025-01-10T15:33:07.137-05:00,IdeState,Inactive,,*,-1,-1
2025-01-10T15:33:08.146-05:00,IdeState,Inactive,,*,-1,-1
2025-01-10T15:33:09.148-05:00,IdeState,Inactive,,*,-1,-1
2025-01-10T15:33:10.148-05:00,IdeState,Inactive,,*,-1,-1
2025-01-10T15:33:11.149-05:00,IdeState,Inactive,,*,-1,-1
2025-01-10T15:33:12.150-05:00,IdeState,Inactive,,*,-1,-1
2025-01-10T15:33:13.150-05:00,IdeState,Inactive,,*,-1,-1
2025-01-10T15:33:14.152-05:00,IdeState,Inactive,,*,-1,-1
2025-01-10T15:33:15.153-05:00,IdeState,Inactive,,*,-1,-1
2025-01-10T15:33:16.155-05:00,IdeState,Inactive,,*,-1,-1
2025-01-10T15:33:17.156-05:00,IdeState,Inactive,,*,-1,-1
2025-01-10T15:33:18.157-05:00,IdeState,Inactive,,*,-1,-1
2025-01-10T15:33:19.159-05:00,IdeState,Inactive,,*,-1,-1
2025-01-10T15:33:20.159-05:00,IdeState,Inactive,,*,-1,-1
2025-01-10T15:33:21.160-05:00,IdeState,Inactive,,*,-1,-1
2025-01-10T15:33:22.162-05:00,IdeState,Inactive,,*,-1,-1
2025-01-10T15:33:23.163-05:00,IdeState,Inactive,,*,-1,-1
2025-01-10T15:33:24.164-05:00,IdeState,Inactive,,*,-1,-1
2025-01-10T15:33:25.165-05:00,IdeState,Inactive,,*,-1,-1
2025-01-10T15:33:26.167-05:00,IdeState,Inactive,,*,-1,-1
2025-01-10T15:33:27.168-05:00,IdeState,Inactive,,*,-1,-1
2025-01-10T15:33:28.168-05:00,IdeState,Inactive,,*,-1,-1
2025-01-10T15:33:29.171-05:00,IdeState,Inactive,,*,-1,-1
2025-01-10T15:33:30.172-05:00,IdeState,Inactive,,*,-1,-1
2025-01-10T15:33:31.173-05:00,IdeState,Inactive,,*,-1,-1
2025-01-10T15:33:32.175-05:00,IdeState,Inactive,,*,-1,-1
2025-01-10T15:33:33.175-05:00,IdeState,Inactive,,*,-1,-1
2025-01-10T15:33:34.178-05:00,IdeState,Inactive,,*,-1,-1
2025-01-10T15:33:35.179-05:00,IdeState,Inactive,,*,-1,-1
2025-01-10T15:33:36.180-05:00,IdeState,Inactive,,*,-1,-1
2025-01-10T15:33:37.181-05:00,IdeState,Inactive,,*,-1,-1
2025-01-10T15:33:38.182-05:00,IdeState,Inactive,,*,-1,-1
2025-01-10T15:33:39.184-05:00,IdeState,Inactive,,*,-1,-1
2025-01-10T15:33:40.185-05:00,IdeState,Inactive,,*,-1,-1
2025-01-10T15:33:41.187-05:00,IdeState,Inactive,,*,-1,-1
2025-01-10T15:33:42.188-05:00,IdeState,Inactive,,*,-1,-1
2025-01-10T15:33:43.189-05:00,IdeState,Inactive,,*,-1,-1
2025-01-10T15:33:44.192-05:00,IdeState,Inactive,,*,-1,-1
2025-01-10T15:33:45.199-05:00,IdeState,Inactive,,*,-1,-1
2025-01-10T15:33:46.200-05:00,IdeState,Inactive,,*,-1,-1
2025-01-10T15:33:47.201-05:00,IdeState,Inactive,,*,-1,-1
2025-01-10T15:33:48.202-05:00,IdeState,Inactive,,*,-1,-1
2025-01-10T15:33:49.203-05:00,IdeState,Inactive,,*,-1,-1
2025-01-10T15:33:50.205-05:00,IdeState,Inactive,,*,-1,-1
2025-01-10T15:33:51.206-05:00,IdeState,Inactive,,*,-1,-1
2025-01-10T15:33:52.213-05:00,IdeState,Inactive,,*,-1,-1
2025-01-10T15:33:53.214-05:00,IdeState,Inactive,,*,-1,-1
2025-01-10T15:33:54.215-05:00,IdeState,Inactive,,*,-1,-1
2025-01-10T15:33:55.216-05:00,IdeState,Inactive,,*,-1,-1
2025-01-10T15:33:56.217-05:00,IdeState,Inactive,,*,-1,-1
2025-01-10T15:33:57.218-05:00,IdeState,Inactive,,*,-1,-1
2025-01-10T15:33:58.221-05:00,IdeState,Inactive,,*,-1,-1
2025-01-10T15:33:59.223-05:00,IdeState,Inactive,,*,-1,-1
2025-01-10T15:34:00.225-05:00,IdeState,Inactive,,*,-1,-1
2025-01-10T15:34:01.226-05:00,IdeState,Inactive,,*,-1,-1
2025-01-10T15:34:02.227-05:00,IdeState,Inactive,,*,-1,-1
2025-01-10T15:34:03.228-05:00,IdeState,Inactive,,*,-1,-1
2025-01-10T15:34:04.228-05:00,IdeState,Inactive,,*,-1,-1
2025-01-10T15:34:05.230-05:00,IdeState,Inactive,,*,-1,-1
2025-01-10T15:34:06.231-05:00,IdeState,Inactive,,*,-1,-1
2025-01-10T15:34:07.232-05:00,IdeState,Inactive,,*,-1,-1
2025-01-10T15:34:08.255-05:00,IdeState,Inactive,,*,-1,-1
2025-01-10T15:34:09.257-05:00,IdeState,Inactive,,*,-1,-1
2025-01-10T15:34:10.258-05:00,IdeState,Inactive,,*,-1,-1
2025-01-10T15:34:11.262-05:00,IdeState,Inactive,,*,-1,-1
2025-01-10T15:34:12.262-05:00,IdeState,Inactive,,*,-1,-1
2025-01-10T15:34:13.263-05:00,IdeState,Inactive,,*,-1,-1
2025-01-10T15:34:14.265-05:00,IdeState,Inactive,,*,-1,-1
2025-01-10T15:34:15.266-05:00,IdeState,Inactive,,*,-1,-1
2025-01-10T15:34:16.267-05:00,IdeState,Inactive,,*,-1,-1
2025-01-10T15:34:17.269-05:00,IdeState,Inactive,,*,-1,-1
2025-01-10T15:34:18.270-05:00,IdeState,Inactive,,*,-1,-1
2025-01-10T15:34:19.272-05:00,IdeState,Inactive,,*,-1,-1
2025-01-10T15:34:20.273-05:00,IdeState,Inactive,,*,-1,-1
2025-01-10T15:34:21.275-05:00,IdeState,Inactive,,*,-1,-1
2025-01-10T15:34:22.275-05:00,IdeState,Inactive,,*,-1,-1
2025-01-10T15:34:23.276-05:00,IdeState,Inactive,,*,-1,-1
2025-01-10T15:34:24.277-05:00,IdeState,Inactive,,*,-1,-1
2025-01-10T15:34:25.278-05:00,IdeState,Inactive,,*,-1,-1
2025-01-10T15:34:26.280-05:00,IdeState,Inactive,,*,-1,-1
2025-01-10T15:34:27.281-05:00,IdeState,Inactive,,*,-1,-1
2025-01-10T15:34:28.283-05:00,IdeState,Inactive,,*,-1,-1
2025-01-10T15:34:29.284-05:00,IdeState,Inactive,,*,-1,-1
2025-01-10T15:34:30.285-05:00,IdeState,Inactive,,*,-1,-1
2025-01-10T15:34:31.287-05:00,IdeState,Inactive,,*,-1,-1
2025-01-10T15:34:32.288-05:00,IdeState,Inactive,,*,-1,-1
2025-01-10T15:34:33.290-05:00,IdeState,Inactive,,*,-1,-1
2025-01-10T15:34:34.290-05:00,IdeState,Inactive,,*,-1,-1
2025-01-10T15:34:35.293-05:00,IdeState,Inactive,,*,-1,-1
2025-01-10T15:34:36.308-05:00,IdeState,Inactive,,*,-1,-1
2025-01-10T15:34:37.317-05:00,IdeState,Inactive,,*,-1,-1
2025-01-10T15:34:38.319-05:00,IdeState,Inactive,,*,-1,-1
2025-01-10T15:34:39.320-05:00,IdeState,Inactive,,*,-1,-1
2025-01-10T15:34:40.321-05:00,IdeState,Inactive,,*,-1,-1
2025-01-10T15:34:41.323-05:00,IdeState,Inactive,,*,-1,-1
2025-01-10T15:34:42.324-05:00,IdeState,Inactive,,*,-1,-1
2025-01-10T15:34:43.324-05:00,IdeState,Inactive,,*,-1,-1
2025-01-10T15:34:44.325-05:00,IdeState,Inactive,,*,-1,-1
2025-01-10T15:34:45.326-05:00,IdeState,Inactive,,*,-1,-1
2025-01-10T15:34:46.327-05:00,IdeState,Inactive,,*,-1,-1
2025-01-10T15:34:47.329-05:00,IdeState,Inactive,,*,-1,-1
2025-01-10T15:34:48.330-05:00,IdeState,Inactive,,*,-1,-1
2025-01-10T15:34:49.331-05:00,IdeState,Inactive,,*,-1,-1
2025-01-10T15:34:50.332-05:00,IdeState,Inactive,,*,-1,-1
2025-01-10T15:34:51.333-05:00,IdeState,Inactive,,*,-1,-1
2025-01-10T15:34:52.334-05:00,IdeState,Inactive,,*,-1,-1
2025-01-10T15:34:53.336-05:00,IdeState,Inactive,,*,-1,-1
2025-01-10T15:34:54.337-05:00,IdeState,Inactive,,*,-1,-1
2025-01-10T15:34:55.339-05:00,IdeState,Inactive,,*,-1,-1
2025-01-10T15:34:56.341-05:00,IdeState,Inactive,,*,-1,-1
2025-01-10T15:34:57.342-05:00,IdeState,Inactive,,*,-1,-1
2025-01-10T15:34:58.344-05:00,IdeState,Inactive,,*,-1,-1
2025-01-10T15:34:59.345-05:00,IdeState,Inactive,,*,-1,-1
2025-01-10T15:35:00.346-05:00,IdeState,Inactive,,*,-1,-1
2025-01-10T15:35:01.347-05:00,IdeState,Inactive,,*,-1,-1
2025-01-10T15:35:02.348-05:00,IdeState,Inactive,,*,-1,-1
2025-01-10T15:35:03.348-05:00,IdeState,Inactive,,*,-1,-1
2025-01-10T15:35:04.351-05:00,IdeState,Inactive,,*,-1,-1
2025-01-10T15:35:05.352-05:00,IdeState,Inactive,,*,-1,-1
2025-01-10T15:35:06.353-05:00,IdeState,Inactive,,*,-1,-1
2025-01-10T15:35:07.355-05:00,IdeState,Inactive,,*,-1,-1
2025-01-10T15:35:08.356-05:00,IdeState,Inactive,,*,-1,-1
2025-01-10T15:35:09.358-05:00,IdeState,Inactive,,*,-1,-1
2025-01-10T15:35:10.358-05:00,IdeState,Inactive,,*,-1,-1
2025-01-10T15:35:11.359-05:00,IdeState,Inactive,,*,-1,-1
2025-01-10T15:35:12.360-05:00,IdeState,Inactive,,*,-1,-1
2025-01-10T15:35:13.361-05:00,IdeState,Inactive,,*,-1,-1
2025-01-10T15:35:14.362-05:00,IdeState,Inactive,,*,-1,-1
2025-01-10T15:35:15.373-05:00,IdeState,Inactive,,*,-1,-1
2025-01-10T15:35:16.392-05:00,IdeState,Inactive,,*,-1,-1
2025-01-10T15:35:17.393-05:00,IdeState,Inactive,,*,-1,-1
2025-01-10T15:35:18.394-05:00,IdeState,Inactive,,*,-1,-1
2025-01-10T15:35:19.395-05:00,IdeState,Inactive,,*,-1,-1
2025-01-10T15:35:20.414-05:00,IdeState,Inactive,,*,-1,-1
2025-01-10T15:35:21.420-05:00,IdeState,Inactive,,*,-1,-1
2025-01-10T15:35:22.421-05:00,IdeState,Inactive,,*,-1,-1
2025-01-10T15:35:23.422-05:00,IdeState,Inactive,,*,-1,-1
2025-01-10T15:35:24.423-05:00,IdeState,Inactive,,*,-1,-1
2025-01-10T15:35:25.425-05:00,IdeState,Inactive,,*,-1,-1
2025-01-10T15:35:26.426-05:00,IdeState,Inactive,,*,-1,-1
2025-01-10T15:35:27.427-05:00,IdeState,Inactive,,*,-1,-1
2025-01-10T15:35:28.428-05:00,IdeState,Inactive,,*,-1,-1
2025-01-10T15:35:29.429-05:00,IdeState,Inactive,,*,-1,-1
2025-01-10T15:35:30.430-05:00,IdeState,Inactive,,*,-1,-1
2025-01-10T15:35:31.432-05:00,IdeState,Inactive,,*,-1,-1
2025-01-10T15:35:32.433-05:00,IdeState,Inactive,,*,-1,-1
2025-01-10T15:35:33.435-05:00,IdeState,Inactive,,*,-1,-1
2025-01-10T15:35:34.438-05:00,IdeState,Inactive,,*,-1,-1
2025-01-10T15:35:35.439-05:00,IdeState,Inactive,,*,-1,-1
2025-01-10T15:35:36.440-05:00,IdeState,Inactive,,*,-1,-1
2025-01-10T15:35:37.443-05:00,IdeState,Inactive,,*,-1,-1
2025-01-10T15:35:38.445-05:00,IdeState,Inactive,,*,-1,-1
2025-01-10T15:35:39.447-05:00,IdeState,Inactive,,*,-1,-1
2025-01-10T15:35:40.448-05:00,IdeState,Inactive,,*,-1,-1
2025-01-10T15:35:41.449-05:00,IdeState,Inactive,,*,-1,-1
2025-01-10T15:35:42.451-05:00,IdeState,Inactive,,*,-1,-1
2025-01-10T15:35:43.451-05:00,IdeState,Inactive,,*,-1,-1
2025-01-10T15:35:44.452-05:00,IdeState,Inactive,,*,-1,-1
2025-01-10T15:35:45.453-05:00,IdeState,Inactive,,*,-1,-1
2025-01-10T15:35:46.454-05:00,IdeState,Inactive,,*,-1,-1
2025-01-10T15:35:47.457-05:00,IdeState,Inactive,,*,-1,-1
2025-01-10T15:35:48.458-05:00,IdeState,Inactive,,*,-1,-1
2025-01-10T15:35:49.459-05:00,IdeState,Inactive,,*,-1,-1
2025-01-10T15:35:50.460-05:00,IdeState,Inactive,,*,-1,-1
2025-01-10T15:35:51.461-05:00,IdeState,Inactive,,*,-1,-1
2025-01-10T15:35:52.465-05:00,IdeState,Inactive,,*,-1,-1
2025-01-10T15:35:53.466-05:00,IdeState,Inactive,,*,-1,-1
2025-01-10T15:35:54.468-05:00,IdeState,Inactive,,*,-1,-1
2025-01-10T15:35:55.468-05:00,IdeState,Inactive,,*,-1,-1
2025-01-10T15:35:56.469-05:00,IdeState,Inactive,,*,-1,-1
2025-01-10T15:35:57.470-05:00,IdeState,Inactive,,*,-1,-1
2025-01-10T15:35:58.471-05:00,IdeState,Inactive,,*,-1,-1
2025-01-10T15:35:59.472-05:00,IdeState,Inactive,,*,-1,-1
2025-01-10T15:36:00.473-05:00,IdeState,Inactive,,*,-1,-1
2025-01-10T15:36:01.475-05:00,IdeState,Inactive,,*,-1,-1
2025-01-10T15:36:02.476-05:00,IdeState,Inactive,,*,-1,-1
2025-01-10T15:36:03.478-05:00,IdeState,Inactive,,*,-1,-1
2025-01-10T15:36:04.480-05:00,IdeState,Inactive,,*,-1,-1
2025-01-10T15:36:05.491-05:00,IdeState,Inactive,,*,-1,-1
2025-01-10T15:36:06.492-05:00,IdeState,Inactive,,*,-1,-1
2025-01-10T15:36:07.495-05:00,IdeState,Inactive,,*,-1,-1
2025-01-10T15:36:08.500-05:00,IdeState,Inactive,,*,-1,-1
2025-01-10T15:36:09.502-05:00,IdeState,Inactive,,*,-1,-1
2025-01-10T15:36:10.503-05:00,IdeState,Inactive,,*,-1,-1
2025-01-10T15:36:11.505-05:00,IdeState,Inactive,,*,-1,-1
2025-01-10T15:36:12.507-05:00,IdeState,Inactive,,*,-1,-1
2025-01-10T15:36:13.508-05:00,IdeState,Inactive,,*,-1,-1
2025-01-10T15:36:14.510-05:00,IdeState,Inactive,,*,-1,-1
2025-01-10T15:36:15.512-05:00,IdeState,Inactive,,*,-1,-1
2025-01-10T15:36:16.514-05:00,IdeState,Inactive,,*,-1,-1
2025-01-10T15:36:17.515-05:00,IdeState,Inactive,,*,-1,-1
2025-01-10T15:36:18.516-05:00,IdeState,Inactive,,*,-1,-1
2025-01-10T15:36:19.518-05:00,IdeState,Inactive,,*,-1,-1
2025-01-10T15:36:20.519-05:00,IdeState,Inactive,,*,-1,-1
2025-01-10T15:36:21.520-05:00,IdeState,Inactive,,*,-1,-1
2025-01-10T15:36:22.522-05:00,IdeState,Inactive,,*,-1,-1
2025-01-10T15:36:23.522-05:00,IdeState,Inactive,,*,-1,-1
2025-01-10T15:36:24.523-05:00,IdeState,Inactive,,*,-1,-1
2025-01-10T15:36:25.524-05:00,IdeState,Inactive,,*,-1,-1
2025-01-10T15:36:26.525-05:00,IdeState,Inactive,,*,-1,-1
2025-01-10T15:36:27.527-05:00,IdeState,Inactive,,*,-1,-1
2025-01-10T15:36:28.528-05:00,IdeState,Inactive,,*,-1,-1
2025-01-10T15:36:29.532-05:00,IdeState,Inactive,,*,-1,-1
2025-01-10T15:36:30.534-05:00,IdeState,Inactive,,*,-1,-1
2025-01-10T15:36:31.537-05:00,IdeState,Inactive,,*,-1,-1
2025-01-10T15:36:32.540-05:00,IdeState,Inactive,,*,-1,-1
2025-01-10T15:36:33.542-05:00,IdeState,Inactive,,*,-1,-1
2025-01-10T15:36:34.543-05:00,IdeState,Inactive,,*,-1,-1
2025-01-10T15:36:35.544-05:00,IdeState,Inactive,,*,-1,-1
2025-01-10T15:36:36.546-05:00,IdeState,Inactive,,*,-1,-1
2025-01-10T15:36:37.548-05:00,IdeState,Inactive,,*,-1,-1
2025-01-10T15:36:38.549-05:00,IdeState,Inactive,,*,-1,-1
2025-01-10T15:36:39.553-05:00,IdeState,Inactive,,*,-1,-1
2025-01-10T15:36:40.554-05:00,IdeState,Inactive,,*,-1,-1
2025-01-10T15:36:41.555-05:00,IdeState,Inactive,,*,-1,-1
2025-01-10T15:36:42.557-05:00,IdeState,Inactive,,*,-1,-1
2025-01-10T15:36:43.558-05:00,IdeState,Inactive,,*,-1,-1
2025-01-10T15:36:44.559-05:00,IdeState,Inactive,,*,-1,-1
2025-01-10T15:36:45.561-05:00,IdeState,Inactive,,*,-1,-1
2025-01-10T15:36:46.562-05:00,IdeState,Inactive,,*,-1,-1
2025-01-10T15:36:47.563-05:00,IdeState,Inactive,,*,-1,-1
2025-01-10T15:36:48.564-05:00,IdeState,Inactive,,*,-1,-1
2025-01-10T15:36:49.566-05:00,IdeState,Inactive,,*,-1,-1
2025-01-10T15:36:50.601-05:00,IdeState,Inactive,,*,-1,-1
2025-01-10T15:36:51.613-05:00,IdeState,Inactive,,*,-1,-1
2025-01-10T15:36:52.614-05:00,IdeState,Inactive,,*,-1,-1
2025-01-10T15:36:53.614-05:00,IdeState,Inactive,,*,-1,-1
2025-01-10T15:36:54.617-05:00,IdeState,Inactive,,*,-1,-1
2025-01-10T15:36:55.618-05:00,IdeState,Inactive,,*,-1,-1
2025-01-10T15:36:56.620-05:00,IdeState,Inactive,,*,-1,-1
2025-01-10T15:36:57.620-05:00,IdeState,Inactive,,*,-1,-1
2025-01-10T15:36:58.622-05:00,IdeState,Inactive,,*,-1,-1
2025-01-10T15:36:59.624-05:00,IdeState,Inactive,,*,-1,-1
2025-01-10T15:37:00.625-05:00,IdeState,Inactive,,*,-1,-1
2025-01-10T15:37:01.626-05:00,IdeState,Inactive,,*,-1,-1
2025-01-10T15:37:02.628-05:00,IdeState,Inactive,,*,-1,-1
2025-01-10T15:37:03.630-05:00,IdeState,Inactive,,*,-1,-1
2025-01-10T15:37:04.631-05:00,IdeState,Inactive,,*,-1,-1
2025-01-10T15:37:05.632-05:00,IdeState,Inactive,,*,-1,-1
2025-01-10T15:37:06.634-05:00,IdeState,Inactive,,*,-1,-1
2025-01-10T15:37:07.636-05:00,IdeState,Inactive,,*,-1,-1
2025-01-10T15:37:08.638-05:00,IdeState,Inactive,,*,-1,-1
2025-01-10T15:37:09.639-05:00,IdeState,Inactive,,*,-1,-1
2025-01-10T15:37:10.640-05:00,IdeState,Inactive,,*,-1,-1
2025-01-10T15:37:11.643-05:00,IdeState,Inactive,,*,-1,-1
2025-01-10T15:37:12.644-05:00,IdeState,Inactive,,*,-1,-1
2025-01-10T15:37:13.647-05:00,IdeState,Inactive,,*,-1,-1
2025-01-10T15:37:14.649-05:00,IdeState,Inactive,,*,-1,-1
2025-01-10T15:37:15.650-05:00,IdeState,Inactive,,*,-1,-1
2025-01-10T15:37:16.650-05:00,IdeState,Inactive,,*,-1,-1
2025-01-10T15:37:17.652-05:00,IdeState,Inactive,,*,-1,-1
2025-01-10T15:37:18.653-05:00,IdeState,Inactive,,*,-1,-1
2025-01-10T15:37:19.654-05:00,IdeState,Inactive,,*,-1,-1
2025-01-10T15:37:20.655-05:00,IdeState,Inactive,,*,-1,-1
2025-01-10T15:37:21.656-05:00,IdeState,Inactive,,*,-1,-1
2025-01-10T15:37:22.657-05:00,IdeState,Inactive,,*,-1,-1
2025-01-10T15:37:23.657-05:00,IdeState,Inactive,,*,-1,-1
2025-01-10T15:37:24.659-05:00,IdeState,Inactive,,*,-1,-1
2025-01-10T15:37:25.660-05:00,IdeState,Inactive,,*,-1,-1
2025-01-10T15:37:26.661-05:00,IdeState,Inactive,,*,-1,-1
2025-01-10T15:37:27.662-05:00,IdeState,Inactive,,*,-1,-1
2025-01-10T15:37:28.663-05:00,IdeState,Inactive,,*,-1,-1
2025-01-10T15:37:29.664-05:00,IdeState,Inactive,,*,-1,-1
2025-01-10T15:37:30.664-05:00,IdeState,Inactive,,*,-1,-1
2025-01-10T15:37:31.666-05:00,IdeState,Inactive,,*,-1,-1
2025-01-10T15:37:32.667-05:00,IdeState,Inactive,,*,-1,-1
2025-01-10T15:37:33.668-05:00,IdeState,Inactive,,*,-1,-1
2025-01-10T15:37:34.668-05:00,IdeState,Inactive,,*,-1,-1
2025-01-10T15:37:35.670-05:00,IdeState,Inactive,,*,-1,-1
2025-01-10T15:37:36.673-05:00,IdeState,Inactive,,*,-1,-1
2025-01-10T15:37:37.674-05:00,IdeState,Inactive,,*,-1,-1
2025-01-10T15:37:38.674-05:00,IdeState,Inactive,,*,-1,-1
2025-01-10T15:37:39.676-05:00,IdeState,Inactive,,*,-1,-1
2025-01-10T15:37:40.677-05:00,IdeState,Inactive,,*,-1,-1
2025-01-10T15:37:41.678-05:00,IdeState,Inactive,,*,-1,-1
2025-01-10T15:37:42.681-05:00,IdeState,Inactive,,*,-1,-1
2025-01-10T15:37:43.682-05:00,IdeState,Inactive,,*,-1,-1
2025-01-10T15:37:44.683-05:00,IdeState,Inactive,,*,-1,-1
2025-01-10T15:37:45.685-05:00,IdeState,Inactive,,*,-1,-1
2025-01-10T15:37:46.687-05:00,IdeState,Inactive,,*,-1,-1
2025-01-10T15:37:47.688-05:00,IdeState,Inactive,,*,-1,-1
2025-01-10T15:37:48.689-05:00,IdeState,Inactive,,*,-1,-1
2025-01-10T15:37:49.691-05:00,IdeState,Inactive,,*,-1,-1
2025-01-10T15:37:50.692-05:00,IdeState,Inactive,,*,-1,-1
2025-01-10T15:37:51.693-05:00,IdeState,Inactive,,*,-1,-1
2025-01-10T15:37:52.694-05:00,IdeState,Inactive,,*,-1,-1
2025-01-10T15:37:53.695-05:00,IdeState,Inactive,,*,-1,-1
2025-01-10T15:37:54.697-05:00,IdeState,Inactive,,*,-1,-1
2025-01-10T15:37:55.698-05:00,IdeState,Inactive,,*,-1,-1
2025-01-10T15:37:56.699-05:00,IdeState,Inactive,,*,-1,-1
2025-01-10T15:37:57.700-05:00,IdeState,Inactive,,*,-1,-1
2025-01-10T15:37:58.701-05:00,IdeState,Inactive,,*,-1,-1
2025-01-10T15:37:59.702-05:00,IdeState,Inactive,,*,-1,-1
2025-01-10T15:38:00.703-05:00,IdeState,Inactive,,*,-1,-1
2025-01-10T15:38:01.705-05:00,IdeState,Inactive,,*,-1,-1
2025-01-10T15:38:02.706-05:00,IdeState,Inactive,,*,-1,-1
2025-01-10T15:38:03.708-05:00,IdeState,Inactive,,*,-1,-1
2025-01-10T15:38:04.710-05:00,IdeState,Inactive,,*,-1,-1
2025-01-10T15:38:05.712-05:00,IdeState,Inactive,,*,-1,-1
2025-01-10T15:38:06.714-05:00,IdeState,Inactive,,*,-1,-1
2025-01-10T15:38:07.716-05:00,IdeState,Inactive,,*,-1,-1
2025-01-10T15:38:08.717-05:00,IdeState,Inactive,,*,-1,-1
2025-01-10T15:38:09.718-05:00,IdeState,Inactive,,*,-1,-1
2025-01-10T15:38:10.721-05:00,IdeState,Inactive,,*,-1,-1
2025-01-10T15:38:11.722-05:00,IdeState,Inactive,,*,-1,-1
2025-01-10T15:38:12.723-05:00,IdeState,Inactive,,*,-1,-1
2025-01-10T15:38:13.724-05:00,IdeState,Inactive,,*,-1,-1
2025-01-10T15:38:14.726-05:00,IdeState,Inactive,,*,-1,-1
2025-01-10T15:38:15.727-05:00,IdeState,Inactive,,*,-1,-1
2025-01-10T15:38:16.729-05:00,IdeState,Inactive,,*,-1,-1
2025-01-10T15:38:17.730-05:00,IdeState,Inactive,,*,-1,-1
2025-01-10T15:38:18.732-05:00,IdeState,Inactive,,*,-1,-1
2025-01-10T15:38:19.732-05:00,IdeState,Inactive,,*,-1,-1
2025-01-10T15:38:20.733-05:00,IdeState,Inactive,,*,-1,-1
2025-01-10T15:38:21.734-05:00,IdeState,Inactive,,*,-1,-1
2025-01-10T15:38:22.736-05:00,IdeState,Inactive,,*,-1,-1
2025-01-10T15:38:23.737-05:00,IdeState,Inactive,,*,-1,-1
2025-01-10T15:38:24.738-05:00,IdeState,Inactive,,*,-1,-1
2025-01-10T15:38:25.739-05:00,IdeState,Inactive,,*,-1,-1
2025-01-10T15:38:26.741-05:00,IdeState,Inactive,,*,-1,-1
2025-01-10T15:38:27.743-05:00,IdeState,Inactive,,*,-1,-1
2025-01-10T15:38:28.743-05:00,IdeState,Inactive,,*,-1,-1
2025-01-10T15:38:29.746-05:00,IdeState,Inactive,,*,-1,-1
2025-01-10T15:38:30.748-05:00,IdeState,Inactive,,*,-1,-1
2025-01-10T15:38:31.748-05:00,IdeState,Inactive,,*,-1,-1
2025-01-10T15:38:32.749-05:00,IdeState,Inactive,,*,-1,-1
2025-01-10T15:38:33.750-05:00,IdeState,Inactive,,*,-1,-1
2025-01-10T15:38:34.751-05:00,IdeState,Inactive,,*,-1,-1
2025-01-10T15:38:35.752-05:00,IdeState,Inactive,,*,-1,-1
2025-01-10T15:38:36.754-05:00,IdeState,Inactive,,*,-1,-1
2025-01-10T15:38:37.755-05:00,IdeState,Inactive,,*,-1,-1
2025-01-10T15:38:38.757-05:00,IdeState,Inactive,,*,-1,-1
2025-01-10T15:38:39.758-05:00,IdeState,Inactive,,*,-1,-1
2025-01-10T15:38:40.760-05:00,IdeState,Inactive,,*,-1,-1
2025-01-10T15:38:41.760-05:00,IdeState,Inactive,,*,-1,-1
2025-01-10T15:38:42.761-05:00,IdeState,Inactive,,*,-1,-1
2025-01-10T15:38:43.762-05:00,IdeState,Inactive,,*,-1,-1
2025-01-10T15:38:44.763-05:00,IdeState,Inactive,,*,-1,-1
2025-01-10T15:38:45.765-05:00,IdeState,Inactive,,*,-1,-1
2025-01-10T15:38:46.767-05:00,IdeState,Inactive,,*,-1,-1
2025-01-10T15:38:47.768-05:00,IdeState,Inactive,,*,-1,-1
2025-01-10T15:38:48.769-05:00,IdeState,Inactive,,*,-1,-1
2025-01-10T15:38:49.770-05:00,IdeState,Inactive,,*,-1,-1
2025-01-10T15:38:50.771-05:00,IdeState,Inactive,,*,-1,-1
2025-01-10T15:38:51.773-05:00,IdeState,Inactive,,*,-1,-1
2025-01-10T15:38:52.773-05:00,IdeState,Inactive,,*,-1,-1
2025-01-10T15:38:53.775-05:00,IdeState,Inactive,,*,-1,-1
2025-01-10T15:38:54.777-05:00,IdeState,Inactive,,*,-1,-1
2025-01-10T15:38:55.779-05:00,IdeState,Inactive,,*,-1,-1
2025-01-10T15:38:56.781-05:00,IdeState,Inactive,,*,-1,-1
2025-01-10T15:38:57.823-05:00,IdeState,Inactive,,*,-1,-1
2025-01-10T15:38:58.826-05:00,IdeState,Inactive,,*,-1,-1
2025-01-10T15:38:59.827-05:00,IdeState,Inactive,,*,-1,-1
2025-01-10T15:39:00.828-05:00,IdeState,Inactive,,*,-1,-1
2025-01-10T15:39:01.829-05:00,IdeState,Inactive,,*,-1,-1
2025-01-10T15:39:02.830-05:00,IdeState,Inactive,,*,-1,-1
2025-01-10T15:39:03.831-05:00,IdeState,Inactive,,*,-1,-1
2025-01-10T15:39:04.832-05:00,IdeState,Inactive,,*,-1,-1
2025-01-10T15:39:05.833-05:00,IdeState,Inactive,,*,-1,-1
2025-01-10T15:39:06.834-05:00,IdeState,Inactive,,*,-1,-1
2025-01-10T15:39:07.835-05:00,IdeState,Inactive,,*,-1,-1
2025-01-10T15:39:08.837-05:00,IdeState,Inactive,,*,-1,-1
2025-01-10T15:39:09.839-05:00,IdeState,Inactive,,*,-1,-1
2025-01-10T15:39:10.841-05:00,IdeState,Inactive,,*,-1,-1
2025-01-10T15:39:11.841-05:00,IdeState,Inactive,,*,-1,-1
2025-01-10T15:39:12.844-05:00,IdeState,Inactive,,*,-1,-1
2025-01-10T15:39:13.845-05:00,IdeState,Inactive,,*,-1,-1
2025-01-10T15:39:14.846-05:00,IdeState,Inactive,,*,-1,-1
2025-01-10T15:39:15.847-05:00,IdeState,Inactive,,*,-1,-1
2025-01-10T15:39:16.848-05:00,IdeState,Inactive,,*,-1,-1
2025-01-10T15:39:17.848-05:00,IdeState,Inactive,,*,-1,-1
2025-01-10T15:39:18.851-05:00,IdeState,Inactive,,*,-1,-1
2025-01-10T15:39:19.851-05:00,IdeState,Inactive,,*,-1,-1
2025-01-10T15:39:20.853-05:00,IdeState,Inactive,,*,-1,-1
2025-01-10T15:39:21.854-05:00,IdeState,Inactive,,*,-1,-1
2025-01-10T15:39:22.855-05:00,IdeState,Inactive,,*,-1,-1
2025-01-10T15:39:23.857-05:00,IdeState,Inactive,,*,-1,-1
2025-01-10T15:39:24.857-05:00,IdeState,Inactive,,*,-1,-1
2025-01-10T15:39:25.858-05:00,IdeState,Inactive,,*,-1,-1
2025-01-10T15:39:26.859-05:00,IdeState,Inactive,,*,-1,-1
2025-01-10T15:39:27.859-05:00,IdeState,Inactive,,*,-1,-1
2025-01-10T15:39:28.862-05:00,IdeState,Inactive,,*,-1,-1
2025-01-10T15:39:29.862-05:00,IdeState,Inactive,,*,-1,-1
2025-01-10T15:39:30.865-05:00,IdeState,Inactive,,*,-1,-1
2025-01-10T15:39:31.865-05:00,IdeState,Inactive,,*,-1,-1
2025-01-10T15:39:32.866-05:00,IdeState,Inactive,,*,-1,-1
2025-01-10T15:39:33.868-05:00,IdeState,Inactive,,*,-1,-1
2025-01-10T15:39:34.875-05:00,IdeState,Inactive,,*,-1,-1
2025-01-10T15:39:35.883-05:00,IdeState,Inactive,,*,-1,-1
2025-01-10T15:39:36.884-05:00,IdeState,Inactive,,*,-1,-1
2025-01-10T15:39:37.885-05:00,IdeState,Inactive,,*,-1,-1
2025-01-10T15:39:38.887-05:00,IdeState,Inactive,,*,-1,-1
2025-01-10T15:39:39.888-05:00,IdeState,Inactive,,*,-1,-1
2025-01-10T15:39:40.890-05:00,IdeState,Inactive,,*,-1,-1
2025-01-10T15:39:41.890-05:00,IdeState,Inactive,,*,-1,-1
2025-01-10T15:39:42.892-05:00,IdeState,Inactive,,*,-1,-1
2025-01-10T15:39:43.893-05:00,IdeState,Inactive,,*,-1,-1
2025-01-10T15:39:44.895-05:00,IdeState,Inactive,,*,-1,-1
2025-01-10T15:39:45.897-05:00,IdeState,Inactive,,*,-1,-1
2025-01-10T15:39:46.899-05:00,IdeState,Inactive,,*,-1,-1
2025-01-10T15:39:47.901-05:00,IdeState,Inactive,,*,-1,-1
2025-01-10T15:39:48.901-05:00,IdeState,Inactive,,*,-1,-1
2025-01-10T15:39:49.907-05:00,IdeState,Inactive,,*,-1,-1
2025-01-10T15:39:50.908-05:00,IdeState,Inactive,,*,-1,-1
2025-01-10T15:39:51.909-05:00,IdeState,Inactive,,*,-1,-1
2025-01-10T15:39:52.909-05:00,IdeState,Inactive,,*,-1,-1
2025-01-10T15:39:53.912-05:00,IdeState,Inactive,,*,-1,-1
2025-01-10T15:39:54.913-05:00,IdeState,Inactive,,*,-1,-1
2025-01-10T15:39:55.915-05:00,IdeState,Inactive,,*,-1,-1
2025-01-10T15:39:56.916-05:00,IdeState,Inactive,,*,-1,-1
2025-01-10T15:39:57.917-05:00,IdeState,Inactive,,*,-1,-1
2025-01-10T15:39:58.918-05:00,IdeState,Inactive,,*,-1,-1
2025-01-10T15:39:59.920-05:00,IdeState,Inactive,,*,-1,-1
2025-01-10T15:40:00.922-05:00,IdeState,Inactive,,*,-1,-1
2025-01-10T15:40:01.924-05:00,IdeState,Inactive,,*,-1,-1
2025-01-10T15:40:02.926-05:00,IdeState,Inactive,,*,-1,-1
2025-01-10T15:40:03.927-05:00,IdeState,Inactive,,*,-1,-1
2025-01-10T15:40:04.928-05:00,IdeState,Inactive,,*,-1,-1
2025-01-10T15:40:05.929-05:00,IdeState,Inactive,,*,-1,-1
2025-01-10T15:40:06.931-05:00,IdeState,Inactive,,*,-1,-1
2025-01-10T15:40:07.932-05:00,IdeState,Inactive,,*,-1,-1
2025-01-10T15:40:08.933-05:00,IdeState,Inactive,,*,-1,-1
2025-01-10T15:40:09.935-05:00,IdeState,Inactive,,*,-1,-1
2025-01-10T15:40:10.937-05:00,IdeState,Inactive,,*,-1,-1
2025-01-10T15:40:11.938-05:00,IdeState,Inactive,,*,-1,-1
2025-01-10T15:40:12.938-05:00,IdeState,Inactive,,*,-1,-1
2025-01-10T15:40:13.944-05:00,IdeState,Inactive,,*,-1,-1
2025-01-10T15:40:14.946-05:00,IdeState,Inactive,,*,-1,-1
2025-01-10T15:40:15.948-05:00,IdeState,Inactive,,*,-1,-1
2025-01-10T15:40:16.949-05:00,IdeState,Inactive,,*,-1,-1
2025-01-10T15:40:17.951-05:00,IdeState,Inactive,,*,-1,-1
2025-01-10T15:40:18.953-05:00,IdeState,Inactive,,*,-1,-1
2025-01-10T15:40:19.954-05:00,IdeState,Inactive,,*,-1,-1
2025-01-10T15:40:20.955-05:00,IdeState,Inactive,,*,-1,-1
2025-01-10T15:40:21.956-05:00,IdeState,Inactive,,*,-1,-1
2025-01-10T15:40:22.957-05:00,IdeState,Inactive,,*,-1,-1
2025-01-10T15:40:23.958-05:00,IdeState,Inactive,,*,-1,-1
2025-01-10T15:40:24.959-05:00,IdeState,Inactive,,*,-1,-1
2025-01-10T15:40:25.960-05:00,IdeState,Inactive,,*,-1,-1
2025-01-10T15:40:26.965-05:00,IdeState,Inactive,,*,-1,-1
2025-01-10T15:40:27.968-05:00,IdeState,Inactive,,*,-1,-1
2025-01-10T15:40:28.971-05:00,IdeState,Inactive,,*,-1,-1
2025-01-10T15:40:29.972-05:00,IdeState,Inactive,,*,-1,-1
2025-01-10T15:40:30.974-05:00,IdeState,Inactive,,*,-1,-1
2025-01-10T15:40:31.997-05:00,IdeState,Inactive,,*,-1,-1
2025-01-10T15:40:32.999-05:00,IdeState,Inactive,,*,-1,-1
2025-01-10T15:40:34.000-05:00,IdeState,Inactive,,*,-1,-1
2025-01-10T15:40:35.002-05:00,IdeState,Inactive,,*,-1,-1
2025-01-10T15:40:36.004-05:00,IdeState,Inactive,,*,-1,-1
2025-01-10T15:40:37.006-05:00,IdeState,Inactive,,*,-1,-1
2025-01-10T15:40:38.007-05:00,IdeState,Inactive,,*,-1,-1
2025-01-10T15:40:39.008-05:00,IdeState,Inactive,,*,-1,-1
2025-01-10T15:40:40.009-05:00,IdeState,Inactive,,*,-1,-1
2025-01-10T15:40:41.011-05:00,IdeState,Inactive,,*,-1,-1
2025-01-10T15:40:42.011-05:00,IdeState,Inactive,,*,-1,-1
2025-01-10T15:40:43.012-05:00,IdeState,Inactive,,*,-1,-1
2025-01-10T15:40:44.013-05:00,IdeState,Inactive,,*,-1,-1
2025-01-10T15:40:45.014-05:00,IdeState,Inactive,,*,-1,-1
2025-01-10T15:40:46.015-05:00,IdeState,Inactive,,*,-1,-1
2025-01-10T15:40:47.016-05:00,IdeState,Inactive,,*,-1,-1
2025-01-10T15:40:48.018-05:00,IdeState,Inactive,,*,-1,-1
2025-01-10T15:40:49.019-05:00,IdeState,Inactive,,*,-1,-1
2025-01-10T15:40:50.020-05:00,IdeState,Inactive,,*,-1,-1
2025-01-10T15:40:51.021-05:00,IdeState,Inactive,,*,-1,-1
2025-01-10T15:40:52.022-05:00,IdeState,Inactive,,*,-1,-1
2025-01-10T15:40:53.022-05:00,IdeState,Inactive,,*,-1,-1
2025-01-10T15:40:54.023-05:00,IdeState,Inactive,,*,-1,-1
2025-01-10T15:40:55.024-05:00,IdeState,Inactive,,*,-1,-1
2025-01-10T15:40:56.024-05:00,IdeState,Inactive,,*,-1,-1
2025-01-10T15:40:57.025-05:00,IdeState,Inactive,,*,-1,-1
2025-01-10T15:40:58.026-05:00,IdeState,Inactive,,*,-1,-1
2025-01-10T15:40:59.029-05:00,IdeState,Inactive,,*,-1,-1
2025-01-10T15:41:00.030-05:00,IdeState,Inactive,,*,-1,-1
2025-01-10T15:41:01.031-05:00,IdeState,Inactive,,*,-1,-1
2025-01-10T15:41:02.032-05:00,IdeState,Inactive,,*,-1,-1
2025-01-10T15:41:03.035-05:00,IdeState,Inactive,,*,-1,-1
2025-01-10T15:41:04.037-05:00,IdeState,Inactive,,*,-1,-1
2025-01-10T15:41:05.038-05:00,IdeState,Inactive,,*,-1,-1
2025-01-10T15:41:06.040-05:00,IdeState,Inactive,,*,-1,-1
2025-01-10T15:41:07.041-05:00,IdeState,Inactive,,*,-1,-1
2025-01-10T15:41:08.041-05:00,IdeState,Inactive,,*,-1,-1
2025-01-10T15:41:09.042-05:00,IdeState,Inactive,,*,-1,-1
2025-01-10T15:41:10.043-05:00,IdeState,Inactive,,*,-1,-1
2025-01-10T15:41:11.045-05:00,IdeState,Inactive,,*,-1,-1
2025-01-10T15:41:12.047-05:00,IdeState,Inactive,,*,-1,-1
2025-01-10T15:41:13.048-05:00,IdeState,Inactive,,*,-1,-1
2025-01-10T15:41:14.050-05:00,IdeState,Inactive,,*,-1,-1
2025-01-10T15:41:15.050-05:00,IdeState,Inactive,,*,-1,-1
2025-01-10T15:41:16.052-05:00,IdeState,Inactive,,*,-1,-1
2025-01-10T15:41:17.053-05:00,IdeState,Inactive,,*,-1,-1
2025-01-10T15:41:18.055-05:00,IdeState,Inactive,,*,-1,-1
2025-01-10T15:41:19.056-05:00,IdeState,Inactive,,*,-1,-1
2025-01-10T15:41:20.057-05:00,IdeState,Inactive,,*,-1,-1
2025-01-10T15:41:21.061-05:00,IdeState,Inactive,,*,-1,-1
2025-01-10T15:41:22.062-05:00,IdeState,Inactive,,*,-1,-1
2025-01-10T15:41:23.064-05:00,IdeState,Inactive,,*,-1,-1
2025-01-10T15:41:24.065-05:00,IdeState,Inactive,,*,-1,-1
2025-01-10T15:41:25.067-05:00,IdeState,Inactive,,*,-1,-1
2025-01-10T15:41:26.069-05:00,IdeState,Inactive,,*,-1,-1
2025-01-10T15:41:27.070-05:00,IdeState,Inactive,,*,-1,-1
2025-01-10T15:41:28.072-05:00,IdeState,Inactive,,*,-1,-1
2025-01-10T15:41:29.073-05:00,IdeState,Inactive,,*,-1,-1
2025-01-10T15:41:30.074-05:00,IdeState,Inactive,,*,-1,-1
2025-01-10T15:41:31.075-05:00,IdeState,Inactive,,*,-1,-1
2025-01-10T15:41:32.077-05:00,IdeState,Inactive,,*,-1,-1
2025-01-10T15:41:33.079-05:00,IdeState,Inactive,,*,-1,-1
2025-01-10T15:41:34.081-05:00,IdeState,Inactive,,*,-1,-1
2025-01-10T15:41:35.081-05:00,IdeState,Inactive,,*,-1,-1
2025-01-10T15:41:36.084-05:00,IdeState,Inactive,,*,-1,-1
2025-01-10T15:41:37.085-05:00,IdeState,Inactive,,*,-1,-1
2025-01-10T15:41:38.087-05:00,IdeState,Inactive,,*,-1,-1
2025-01-10T15:41:39.088-05:00,IdeState,Inactive,,*,-1,-1
2025-01-10T15:41:40.089-05:00,IdeState,Inactive,,*,-1,-1
2025-01-10T15:41:41.091-05:00,IdeState,Inactive,,*,-1,-1
2025-01-10T15:41:42.093-05:00,IdeState,Inactive,,*,-1,-1
2025-01-10T15:41:43.095-05:00,IdeState,Inactive,,*,-1,-1
2025-01-10T15:41:44.096-05:00,IdeState,Inactive,,*,-1,-1
2025-01-10T15:41:45.097-05:00,IdeState,Inactive,,*,-1,-1
2025-01-10T15:41:46.097-05:00,IdeState,Inactive,,*,-1,-1
2025-01-10T15:41:47.100-05:00,IdeState,Inactive,,*,-1,-1
2025-01-10T15:41:48.101-05:00,IdeState,Inactive,,*,-1,-1
2025-01-10T15:41:49.101-05:00,IdeState,Inactive,,*,-1,-1
2025-01-10T15:41:50.103-05:00,IdeState,Inactive,,*,-1,-1
2025-01-10T15:41:51.104-05:00,IdeState,Inactive,,*,-1,-1
2025-01-10T15:41:52.106-05:00,IdeState,Inactive,,*,-1,-1
2025-01-10T15:41:53.107-05:00,IdeState,Inactive,,*,-1,-1
2025-01-10T15:41:54.108-05:00,IdeState,Inactive,,*,-1,-1
2025-01-10T15:41:55.153-05:00,IdeState,Inactive,,*,-1,-1
2025-01-10T15:41:56.155-05:00,IdeState,Inactive,,*,-1,-1
2025-01-10T15:41:57.155-05:00,IdeState,Inactive,,*,-1,-1
2025-01-10T15:41:58.157-05:00,IdeState,Inactive,,*,-1,-1
2025-01-10T15:41:59.159-05:00,IdeState,Inactive,,*,-1,-1
2025-01-10T15:42:00.160-05:00,IdeState,Inactive,,*,-1,-1
2025-01-10T15:42:01.161-05:00,IdeState,Inactive,,*,-1,-1
2025-01-10T15:42:02.164-05:00,IdeState,Inactive,,*,-1,-1
2025-01-10T15:42:03.165-05:00,IdeState,Inactive,,*,-1,-1
2025-01-10T15:42:04.167-05:00,IdeState,Inactive,,*,-1,-1
2025-01-10T15:42:05.167-05:00,IdeState,Inactive,,*,-1,-1
2025-01-10T15:42:06.169-05:00,IdeState,Inactive,,*,-1,-1
2025-01-10T15:42:07.170-05:00,IdeState,Inactive,,*,-1,-1
2025-01-10T15:42:08.171-05:00,IdeState,Inactive,,*,-1,-1
2025-01-10T15:42:09.172-05:00,IdeState,Inactive,,*,-1,-1
2025-01-10T15:42:10.173-05:00,IdeState,Inactive,,*,-1,-1
2025-01-10T15:42:11.175-05:00,IdeState,Inactive,,*,-1,-1
2025-01-10T15:42:12.176-05:00,IdeState,Inactive,,*,-1,-1
2025-01-10T15:42:13.177-05:00,IdeState,Inactive,,*,-1,-1
2025-01-10T15:42:14.179-05:00,IdeState,Inactive,,*,-1,-1
2025-01-10T15:42:15.181-05:00,IdeState,Inactive,,*,-1,-1
2025-01-10T15:42:16.182-05:00,IdeState,Inactive,,*,-1,-1
2025-01-10T15:42:17.183-05:00,IdeState,Inactive,,*,-1,-1
2025-01-10T15:42:18.183-05:00,IdeState,Inactive,,*,-1,-1
2025-01-10T15:42:19.188-05:00,IdeState,Inactive,,*,-1,-1
2025-01-10T15:42:20.189-05:00,IdeState,Inactive,,*,-1,-1
2025-01-10T15:42:21.189-05:00,IdeState,Inactive,,*,-1,-1
2025-01-10T15:42:22.192-05:00,IdeState,Inactive,,*,-1,-1
2025-01-10T15:42:23.193-05:00,IdeState,Inactive,,*,-1,-1
2025-01-10T15:42:24.195-05:00,IdeState,Inactive,,*,-1,-1
2025-01-10T15:42:25.196-05:00,IdeState,Inactive,,*,-1,-1
2025-01-10T15:42:26.197-05:00,IdeState,Inactive,,*,-1,-1
2025-01-10T15:42:27.197-05:00,IdeState,Inactive,,*,-1,-1
2025-01-10T15:42:28.199-05:00,IdeState,Inactive,,*,-1,-1
2025-01-10T15:42:29.200-05:00,IdeState,Inactive,,*,-1,-1
2025-01-10T15:42:30.201-05:00,IdeState,Inactive,,*,-1,-1
2025-01-10T15:42:31.202-05:00,IdeState,Inactive,,*,-1,-1
2025-01-10T15:42:32.203-05:00,IdeState,Inactive,,*,-1,-1
2025-01-10T15:42:33.205-05:00,IdeState,Inactive,,*,-1,-1
2025-01-10T15:42:34.206-05:00,IdeState,Inactive,,*,-1,-1
2025-01-10T15:42:35.207-05:00,IdeState,Inactive,,*,-1,-1
2025-01-10T15:42:36.209-05:00,IdeState,Inactive,,*,-1,-1
2025-01-10T15:42:37.209-05:00,IdeState,Inactive,,*,-1,-1
2025-01-10T15:42:38.210-05:00,IdeState,Inactive,,*,-1,-1
2025-01-10T15:42:39.211-05:00,IdeState,Inactive,,*,-1,-1
2025-01-10T15:42:40.215-05:00,IdeState,Inactive,,*,-1,-1
2025-01-10T15:42:41.217-05:00,IdeState,Inactive,,*,-1,-1
2025-01-10T15:42:42.218-05:00,IdeState,Inactive,,*,-1,-1
2025-01-10T15:42:43.220-05:00,IdeState,Inactive,,*,-1,-1
2025-01-10T15:42:44.221-05:00,IdeState,Inactive,,*,-1,-1
2025-01-10T15:42:45.222-05:00,IdeState,Inactive,,*,-1,-1
2025-01-10T15:42:46.223-05:00,IdeState,Inactive,,*,-1,-1
2025-01-10T15:42:47.225-05:00,IdeState,Inactive,,*,-1,-1
2025-01-10T15:42:48.226-05:00,IdeState,Inactive,,*,-1,-1
2025-01-10T15:42:49.227-05:00,IdeState,Inactive,,*,-1,-1
2025-01-10T15:42:50.230-05:00,IdeState,Inactive,,*,-1,-1
2025-01-10T15:42:51.231-05:00,IdeState,Inactive,,*,-1,-1
2025-01-10T15:42:52.232-05:00,IdeState,Inactive,,*,-1,-1
2025-01-10T15:42:53.234-05:00,IdeState,Inactive,,*,-1,-1
2025-01-10T15:42:54.235-05:00,IdeState,Inactive,,*,-1,-1
2025-01-10T15:42:55.237-05:00,IdeState,Inactive,,*,-1,-1
2025-01-10T15:42:56.238-05:00,IdeState,Inactive,,*,-1,-1
2025-01-10T15:42:57.238-05:00,IdeState,Inactive,,*,-1,-1
2025-01-10T15:42:58.241-05:00,IdeState,Inactive,,*,-1,-1
2025-01-10T15:42:59.242-05:00,IdeState,Inactive,,*,-1,-1
2025-01-10T15:43:00.243-05:00,IdeState,Inactive,,*,-1,-1
2025-01-10T15:43:01.244-05:00,IdeState,Inactive,,*,-1,-1
2025-01-10T15:43:02.245-05:00,IdeState,Inactive,,*,-1,-1
2025-01-10T15:43:03.245-05:00,IdeState,Inactive,,*,-1,-1
2025-01-10T15:43:04.248-05:00,IdeState,Inactive,,*,-1,-1
2025-01-10T15:43:05.248-05:00,IdeState,Inactive,,*,-1,-1
2025-01-10T15:43:06.250-05:00,IdeState,Inactive,,*,-1,-1
2025-01-10T15:43:07.277-05:00,IdeState,Inactive,,*,-1,-1
2025-01-10T15:43:08.286-05:00,IdeState,Inactive,,*,-1,-1
2025-01-10T15:43:09.287-05:00,IdeState,Inactive,,*,-1,-1
2025-01-10T15:43:10.289-05:00,IdeState,Inactive,,*,-1,-1
2025-01-10T15:43:11.291-05:00,IdeState,Inactive,,*,-1,-1
2025-01-10T15:43:12.292-05:00,IdeState,Inactive,,*,-1,-1
2025-01-10T15:43:13.293-05:00,IdeState,Inactive,,*,-1,-1
2025-01-10T15:43:14.294-05:00,IdeState,Inactive,,*,-1,-1
2025-01-10T15:43:15.295-05:00,IdeState,Inactive,,*,-1,-1
2025-01-10T15:43:16.296-05:00,IdeState,Inactive,,*,-1,-1
2025-01-10T15:43:17.297-05:00,IdeState,Inactive,,*,-1,-1
2025-01-10T15:43:18.297-05:00,IdeState,Inactive,,*,-1,-1
2025-01-10T15:43:19.299-05:00,IdeState,Inactive,,*,-1,-1
2025-01-10T15:43:20.301-05:00,IdeState,Inactive,,*,-1,-1
2025-01-10T15:43:21.304-05:00,IdeState,Inactive,,*,-1,-1
2025-01-10T15:43:22.306-05:00,IdeState,Inactive,,*,-1,-1
2025-01-10T15:43:23.309-05:00,IdeState,Inactive,,*,-1,-1
2025-01-10T15:43:24.310-05:00,IdeState,Inactive,,*,-1,-1
2025-01-10T15:43:25.311-05:00,IdeState,Inactive,,*,-1,-1
2025-01-10T15:43:26.313-05:00,IdeState,Inactive,,*,-1,-1
2025-01-10T15:43:27.314-05:00,IdeState,Inactive,,*,-1,-1
2025-01-10T15:43:28.314-05:00,IdeState,Inactive,,*,-1,-1
2025-01-10T15:43:29.316-05:00,IdeState,Inactive,,*,-1,-1
2025-01-10T15:43:30.317-05:00,IdeState,Inactive,,*,-1,-1
2025-01-10T15:43:31.319-05:00,IdeState,Inactive,,*,-1,-1
2025-01-10T15:43:32.321-05:00,IdeState,Inactive,,*,-1,-1
2025-01-10T15:43:33.322-05:00,IdeState,Inactive,,*,-1,-1
2025-01-10T15:43:34.323-05:00,IdeState,Inactive,,*,-1,-1
2025-01-10T15:43:35.324-05:00,IdeState,Inactive,,*,-1,-1
2025-01-10T15:43:36.325-05:00,IdeState,Inactive,,*,-1,-1
2025-01-10T15:43:37.327-05:00,IdeState,Inactive,,*,-1,-1
2025-01-10T15:43:38.328-05:00,IdeState,Inactive,,*,-1,-1
2025-01-10T15:43:39.330-05:00,IdeState,Inactive,,*,-1,-1
2025-01-10T15:43:40.331-05:00,IdeState,Inactive,,*,-1,-1
2025-01-10T15:43:41.331-05:00,IdeState,Inactive,,*,-1,-1
2025-01-10T15:43:42.332-05:00,IdeState,Inactive,,*,-1,-1
2025-01-10T15:43:43.334-05:00,IdeState,Inactive,,*,-1,-1
2025-01-10T15:43:44.336-05:00,IdeState,Inactive,,*,-1,-1
2025-01-10T15:43:45.336-05:00,IdeState,Inactive,,*,-1,-1
2025-01-10T15:43:46.337-05:00,IdeState,Inactive,,*,-1,-1
2025-01-10T15:43:47.338-05:00,IdeState,Inactive,,*,-1,-1
2025-01-10T15:43:48.339-05:00,IdeState,Inactive,,*,-1,-1
2025-01-10T15:43:49.341-05:00,IdeState,Inactive,,*,-1,-1
2025-01-10T15:43:50.343-05:00,IdeState,Inactive,,*,-1,-1
2025-01-10T15:43:51.345-05:00,IdeState,Inactive,,*,-1,-1
2025-01-10T15:43:52.347-05:00,IdeState,Inactive,,*,-1,-1
2025-01-10T15:43:53.350-05:00,IdeState,Inactive,,*,-1,-1
2025-01-10T15:43:54.350-05:00,IdeState,Inactive,,*,-1,-1
2025-01-10T15:43:55.351-05:00,IdeState,Inactive,,*,-1,-1
2025-01-10T15:43:56.352-05:00,IdeState,Inactive,,*,-1,-1
2025-01-10T15:43:57.353-05:00,IdeState,Inactive,,*,-1,-1
2025-01-10T15:43:58.355-05:00,IdeState,Inactive,,*,-1,-1
2025-01-10T15:43:59.356-05:00,IdeState,Inactive,,*,-1,-1
2025-01-10T15:44:00.356-05:00,IdeState,Inactive,,*,-1,-1
2025-01-10T15:44:01.359-05:00,IdeState,Inactive,,*,-1,-1
2025-01-10T15:44:02.361-05:00,IdeState,Inactive,,*,-1,-1
2025-01-10T15:44:03.361-05:00,IdeState,Inactive,,*,-1,-1
2025-01-10T15:44:04.362-05:00,IdeState,Inactive,,*,-1,-1
2025-01-10T15:44:05.363-05:00,IdeState,Inactive,,*,-1,-1
2025-01-10T15:44:06.364-05:00,IdeState,Inactive,,*,-1,-1
2025-01-10T15:44:07.366-05:00,IdeState,Inactive,,*,-1,-1
2025-01-10T15:44:08.367-05:00,IdeState,Inactive,,*,-1,-1
2025-01-10T15:44:09.368-05:00,IdeState,Inactive,,*,-1,-1
2025-01-10T15:44:10.369-05:00,IdeState,Inactive,,*,-1,-1
2025-01-10T15:44:11.372-05:00,IdeState,Inactive,,*,-1,-1
2025-01-10T15:44:12.374-05:00,IdeState,Inactive,,*,-1,-1
2025-01-10T15:44:13.375-05:00,IdeState,Inactive,,*,-1,-1
2025-01-10T15:44:14.376-05:00,IdeState,Inactive,,*,-1,-1
2025-01-10T15:44:15.377-05:00,IdeState,Inactive,,*,-1,-1
2025-01-10T15:44:16.378-05:00,IdeState,Inactive,,*,-1,-1
2025-01-10T15:44:17.380-05:00,IdeState,Inactive,,*,-1,-1
2025-01-10T15:44:18.381-05:00,IdeState,Inactive,,*,-1,-1
2025-01-10T15:44:19.382-05:00,IdeState,Inactive,,*,-1,-1
2025-01-10T15:44:20.383-05:00,IdeState,Inactive,,*,-1,-1
2025-01-10T15:44:21.384-05:00,IdeState,Inactive,,*,-1,-1
2025-01-10T15:44:22.385-05:00,IdeState,Inactive,,*,-1,-1
2025-01-10T15:44:23.385-05:00,IdeState,Inactive,,*,-1,-1
2025-01-10T15:44:24.386-05:00,IdeState,Inactive,,*,-1,-1
2025-01-10T15:44:25.388-05:00,IdeState,Inactive,,*,-1,-1
2025-01-10T15:44:26.388-05:00,IdeState,Inactive,,*,-1,-1
2025-01-10T15:44:27.390-05:00,IdeState,Inactive,,*,-1,-1
2025-01-10T15:44:28.392-05:00,IdeState,Inactive,,*,-1,-1
2025-01-10T15:44:29.394-05:00,IdeState,Inactive,,*,-1,-1
2025-01-10T15:44:30.395-05:00,IdeState,Inactive,,*,-1,-1
2025-01-10T15:44:31.396-05:00,IdeState,Inactive,,*,-1,-1
2025-01-10T15:44:32.397-05:00,IdeState,Inactive,,*,-1,-1
2025-01-10T15:44:33.398-05:00,IdeState,Inactive,,*,-1,-1
2025-01-10T15:44:34.400-05:00,IdeState,Inactive,,*,-1,-1
2025-01-10T15:44:35.402-05:00,IdeState,Inactive,,*,-1,-1
2025-01-10T15:44:36.404-05:00,IdeState,Inactive,,*,-1,-1
2025-01-10T15:44:37.406-05:00,IdeState,Inactive,,*,-1,-1
2025-01-10T15:44:38.407-05:00,IdeState,Inactive,,*,-1,-1
2025-01-10T15:44:39.408-05:00,IdeState,Inactive,,*,-1,-1
2025-01-10T15:44:40.408-05:00,IdeState,Inactive,,*,-1,-1
2025-01-10T15:44:41.409-05:00,IdeState,Inactive,,*,-1,-1
2025-01-10T15:44:42.411-05:00,IdeState,Inactive,,*,-1,-1
2025-01-10T15:44:43.412-05:00,IdeState,Inactive,,*,-1,-1
2025-01-10T15:44:44.414-05:00,IdeState,Inactive,,*,-1,-1
2025-01-10T15:44:45.415-05:00,IdeState,Inactive,,*,-1,-1
2025-01-10T15:44:46.418-05:00,IdeState,Inactive,,*,-1,-1
2025-01-10T15:44:47.418-05:00,IdeState,Inactive,,*,-1,-1
2025-01-10T15:44:48.420-05:00,IdeState,Inactive,,*,-1,-1
2025-01-10T15:44:49.421-05:00,IdeState,Inactive,,*,-1,-1
2025-01-10T15:44:50.422-05:00,IdeState,Inactive,,*,-1,-1
2025-01-10T15:44:51.423-05:00,IdeState,Inactive,,*,-1,-1
2025-01-10T15:44:52.424-05:00,IdeState,Inactive,,*,-1,-1
2025-01-10T15:44:53.426-05:00,IdeState,Inactive,,*,-1,-1
2025-01-10T15:44:54.429-05:00,IdeState,Inactive,,*,-1,-1
2025-01-10T15:44:55.429-05:00,IdeState,Inactive,,*,-1,-1
2025-01-10T15:44:56.431-05:00,IdeState,Inactive,,*,-1,-1
2025-01-10T15:44:57.433-05:00,IdeState,Inactive,,*,-1,-1
2025-01-10T15:44:58.435-05:00,IdeState,Inactive,,*,-1,-1
2025-01-10T15:44:59.438-05:00,IdeState,Inactive,,*,-1,-1
2025-01-10T15:45:00.442-05:00,IdeState,Inactive,,*,-1,-1
2025-01-10T15:45:01.443-05:00,IdeState,Inactive,,*,-1,-1
2025-01-10T15:45:02.445-05:00,IdeState,Inactive,,*,-1,-1
2025-01-10T15:45:03.447-05:00,IdeState,Inactive,,*,-1,-1
2025-01-10T15:45:04.448-05:00,IdeState,Inactive,,*,-1,-1
2025-01-10T15:45:05.450-05:00,IdeState,Inactive,,*,-1,-1
2025-01-10T15:45:06.450-05:00,IdeState,Inactive,,*,-1,-1
2025-01-10T15:45:07.452-05:00,IdeState,Inactive,,*,-1,-1
2025-01-10T15:45:08.454-05:00,IdeState,Inactive,,*,-1,-1
2025-01-10T15:45:09.455-05:00,IdeState,Inactive,,*,-1,-1
2025-01-10T15:45:10.457-05:00,IdeState,Inactive,,*,-1,-1
2025-01-10T15:45:11.458-05:00,IdeState,Inactive,,*,-1,-1
2025-01-10T15:45:12.458-05:00,IdeState,Inactive,,*,-1,-1
2025-01-10T15:45:13.459-05:00,IdeState,Inactive,,*,-1,-1
2025-01-10T15:45:14.460-05:00,IdeState,Inactive,,*,-1,-1
2025-01-10T15:45:15.461-05:00,IdeState,Inactive,,*,-1,-1
2025-01-10T15:45:16.462-05:00,IdeState,Inactive,,*,-1,-1
2025-01-10T15:45:17.463-05:00,IdeState,Inactive,,*,-1,-1
2025-01-10T15:45:18.464-05:00,IdeState,Inactive,,*,-1,-1
2025-01-10T15:45:19.465-05:00,IdeState,Inactive,,*,-1,-1
2025-01-10T15:45:20.466-05:00,IdeState,Inactive,,*,-1,-1
2025-01-10T15:45:21.472-05:00,IdeState,Inactive,,*,-1,-1
2025-01-10T15:45:22.473-05:00,IdeState,Inactive,,*,-1,-1
2025-01-10T15:45:23.474-05:00,IdeState,Inactive,,*,-1,-1
2025-01-10T15:45:24.477-05:00,IdeState,Inactive,,*,-1,-1
2025-01-10T15:45:25.477-05:00,IdeState,Inactive,,*,-1,-1
2025-01-10T15:45:26.479-05:00,IdeState,Inactive,,*,-1,-1
2025-01-10T15:45:27.481-05:00,IdeState,Inactive,,*,-1,-1
2025-01-10T15:45:28.482-05:00,IdeState,Inactive,,*,-1,-1
2025-01-10T15:45:29.484-05:00,IdeState,Inactive,,*,-1,-1
2025-01-10T15:45:30.485-05:00,IdeState,Inactive,,*,-1,-1
2025-01-10T15:45:31.485-05:00,IdeState,Inactive,,*,-1,-1
2025-01-10T15:45:32.486-05:00,IdeState,Inactive,,*,-1,-1
2025-01-10T15:45:33.487-05:00,IdeState,Inactive,,*,-1,-1
2025-01-10T15:45:34.489-05:00,IdeState,Inactive,,*,-1,-1
2025-01-10T15:45:35.490-05:00,IdeState,Inactive,,*,-1,-1
2025-01-10T15:45:36.490-05:00,IdeState,Inactive,,*,-1,-1
2025-01-10T15:45:37.491-05:00,IdeState,Inactive,,*,-1,-1
2025-01-10T15:45:38.493-05:00,IdeState,Inactive,,*,-1,-1
2025-01-10T15:45:39.495-05:00,IdeState,Inactive,,*,-1,-1
2025-01-10T15:45:40.496-05:00,IdeState,Inactive,,*,-1,-1
2025-01-10T15:45:41.497-05:00,IdeState,Inactive,,*,-1,-1
2025-01-10T15:45:42.498-05:00,IdeState,Inactive,,*,-1,-1
2025-01-10T15:45:43.499-05:00,IdeState,Inactive,,*,-1,-1
2025-01-10T15:45:44.499-05:00,IdeState,Inactive,,*,-1,-1
2025-01-10T15:45:45.502-05:00,IdeState,Inactive,,*,-1,-1
2025-01-10T15:45:46.503-05:00,IdeState,Inactive,,*,-1,-1
2025-01-10T15:45:47.505-05:00,IdeState,Inactive,,*,-1,-1
2025-01-10T15:45:48.506-05:00,IdeState,Inactive,,*,-1,-1
2025-01-10T15:45:49.507-05:00,IdeState,Inactive,,*,-1,-1
2025-01-10T15:45:50.508-05:00,IdeState,Inactive,,*,-1,-1
2025-01-10T15:45:51.508-05:00,IdeState,Inactive,,*,-1,-1
2025-01-10T15:45:52.509-05:00,IdeState,Inactive,,*,-1,-1
2025-01-10T15:45:53.511-05:00,IdeState,Inactive,,*,-1,-1
2025-01-10T15:45:54.512-05:00,IdeState,Inactive,,*,-1,-1
2025-01-10T15:45:55.512-05:00,IdeState,Inactive,,*,-1,-1
2025-01-10T15:45:56.513-05:00,IdeState,Inactive,,*,-1,-1
2025-01-10T15:45:57.514-05:00,IdeState,Inactive,,*,-1,-1
2025-01-10T15:45:58.515-05:00,IdeState,Inactive,,*,-1,-1
2025-01-10T15:45:59.516-05:00,IdeState,Inactive,,*,-1,-1
2025-01-10T15:46:00.517-05:00,IdeState,Inactive,,*,-1,-1
2025-01-10T15:46:01.518-05:00,IdeState,Inactive,,*,-1,-1
2025-01-10T15:46:02.519-05:00,IdeState,Inactive,,*,-1,-1
2025-01-10T15:46:03.521-05:00,IdeState,Inactive,,*,-1,-1
2025-01-10T15:46:04.521-05:00,IdeState,Inactive,,*,-1,-1
2025-01-10T15:46:05.523-05:00,IdeState,Inactive,,*,-1,-1
2025-01-10T15:46:06.524-05:00,IdeState,Inactive,,*,-1,-1
2025-01-10T15:46:07.525-05:00,IdeState,Inactive,,*,-1,-1
2025-01-10T15:46:08.528-05:00,IdeState,Inactive,,*,-1,-1
2025-01-10T15:46:09.530-05:00,IdeState,Inactive,,*,-1,-1
2025-01-10T15:46:10.532-05:00,IdeState,Inactive,,*,-1,-1
2025-01-10T15:46:11.534-05:00,IdeState,Inactive,,*,-1,-1
2025-01-10T15:46:12.535-05:00,IdeState,Inactive,,*,-1,-1
2025-01-10T15:46:13.536-05:00,IdeState,Inactive,,*,-1,-1
2025-01-10T15:46:14.537-05:00,IdeState,Inactive,,*,-1,-1
2025-01-10T15:46:15.538-05:00,IdeState,Inactive,,*,-1,-1
2025-01-10T15:46:16.538-05:00,IdeState,Inactive,,*,-1,-1
2025-01-10T15:46:17.541-05:00,IdeState,Inactive,,*,-1,-1
2025-01-10T15:46:18.542-05:00,IdeState,Inactive,,*,-1,-1
2025-01-10T15:46:19.543-05:00,IdeState,Inactive,,*,-1,-1
2025-01-10T15:46:20.544-05:00,IdeState,Inactive,,*,-1,-1
2025-01-10T15:46:21.545-05:00,IdeState,Inactive,,*,-1,-1
2025-01-10T15:46:22.546-05:00,IdeState,Inactive,,*,-1,-1
2025-01-10T15:46:23.548-05:00,IdeState,Inactive,,*,-1,-1
2025-01-10T15:46:24.549-05:00,IdeState,Inactive,,*,-1,-1
2025-01-10T15:46:25.550-05:00,IdeState,Inactive,,*,-1,-1
2025-01-10T15:46:26.551-05:00,IdeState,Inactive,,*,-1,-1
2025-01-10T15:46:27.552-05:00,IdeState,Inactive,,*,-1,-1
2025-01-10T15:46:28.554-05:00,IdeState,Inactive,,*,-1,-1
2025-01-10T15:46:29.556-05:00,IdeState,Inactive,,*,-1,-1
2025-01-10T15:46:30.558-05:00,IdeState,Inactive,,*,-1,-1
2025-01-10T15:46:31.559-05:00,IdeState,Inactive,,*,-1,-1
2025-01-10T15:46:32.560-05:00,IdeState,Inactive,,*,-1,-1
2025-01-10T15:46:33.561-05:00,IdeState,Inactive,,*,-1,-1
2025-01-10T15:46:34.562-05:00,IdeState,Inactive,,*,-1,-1
2025-01-10T15:46:35.564-05:00,IdeState,Inactive,,*,-1,-1
2025-01-10T15:46:36.566-05:00,IdeState,Inactive,,*,-1,-1
2025-01-10T15:46:37.566-05:00,IdeState,Inactive,,*,-1,-1
2025-01-10T15:46:38.567-05:00,IdeState,Inactive,,*,-1,-1
2025-01-10T15:46:39.568-05:00,IdeState,Inactive,,*,-1,-1
2025-01-10T15:46:40.571-05:00,IdeState,Inactive,,*,-1,-1
2025-01-10T15:46:41.572-05:00,IdeState,Inactive,,*,-1,-1
2025-01-10T15:46:42.575-05:00,IdeState,Inactive,,*,-1,-1
2025-01-10T15:46:43.577-05:00,IdeState,Inactive,,*,-1,-1
2025-01-10T15:46:44.578-05:00,IdeState,Inactive,,*,-1,-1
2025-01-10T15:46:45.578-05:00,IdeState,Inactive,,*,-1,-1
2025-01-10T15:46:46.579-05:00,IdeState,Inactive,,*,-1,-1
2025-01-10T15:46:47.580-05:00,IdeState,Inactive,,*,-1,-1
2025-01-10T15:46:48.581-05:00,IdeState,Inactive,,*,-1,-1
2025-01-10T15:46:49.583-05:00,IdeState,Inactive,,*,-1,-1
2025-01-10T15:46:50.585-05:00,IdeState,Inactive,,*,-1,-1
2025-01-10T15:46:51.586-05:00,IdeState,Inactive,,*,-1,-1
2025-01-10T15:46:52.587-05:00,IdeState,Inactive,,*,-1,-1
2025-01-10T15:46:53.588-05:00,IdeState,Inactive,,*,-1,-1
2025-01-10T15:46:54.590-05:00,IdeState,Inactive,,*,-1,-1
2025-01-10T15:46:55.590-05:00,IdeState,Inactive,,*,-1,-1
2025-01-10T15:46:56.591-05:00,IdeState,Inactive,,*,-1,-1
2025-01-10T15:46:57.592-05:00,IdeState,Inactive,,*,-1,-1
2025-01-10T15:46:58.593-05:00,IdeState,Inactive,,*,-1,-1
2025-01-10T15:46:59.594-05:00,IdeState,Inactive,,*,-1,-1
2025-01-10T15:47:00.596-05:00,IdeState,Inactive,,*,-1,-1
2025-01-10T15:47:01.598-05:00,IdeState,Inactive,,*,-1,-1
2025-01-10T15:47:02.598-05:00,IdeState,Inactive,,*,-1,-1
2025-01-10T15:47:03.599-05:00,IdeState,Inactive,,*,-1,-1
2025-01-10T15:47:04.600-05:00,IdeState,Inactive,,*,-1,-1
2025-01-10T15:47:05.602-05:00,IdeState,Inactive,,*,-1,-1
2025-01-10T15:47:06.604-05:00,IdeState,Inactive,,*,-1,-1
2025-01-10T15:47:07.606-05:00,IdeState,Inactive,,*,-1,-1
2025-01-10T15:47:08.606-05:00,IdeState,Inactive,,*,-1,-1
2025-01-10T15:47:09.609-05:00,IdeState,Inactive,,*,-1,-1
2025-01-10T15:47:10.610-05:00,IdeState,Inactive,,*,-1,-1
2025-01-10T15:47:11.612-05:00,IdeState,Inactive,,*,-1,-1
2025-01-10T15:47:12.613-05:00,IdeState,Inactive,,*,-1,-1
2025-01-10T15:47:13.614-05:00,IdeState,Inactive,,*,-1,-1
2025-01-10T15:47:14.615-05:00,IdeState,Inactive,,*,-1,-1
2025-01-10T15:47:15.616-05:00,IdeState,Inactive,,*,-1,-1
2025-01-10T15:47:16.618-05:00,IdeState,Inactive,,*,-1,-1
2025-01-10T15:47:17.619-05:00,IdeState,Inactive,,*,-1,-1
2025-01-10T15:47:18.621-05:00,IdeState,Inactive,,*,-1,-1
2025-01-10T15:47:19.622-05:00,IdeState,Inactive,,*,-1,-1
2025-01-10T15:47:20.622-05:00,IdeState,Inactive,,*,-1,-1
2025-01-10T15:47:21.623-05:00,IdeState,Inactive,,*,-1,-1
2025-01-10T15:47:22.624-05:00,IdeState,Inactive,,*,-1,-1
2025-01-10T15:47:23.625-05:00,IdeState,Inactive,,*,-1,-1
2025-01-10T15:47:24.625-05:00,IdeState,Inactive,,*,-1,-1
2025-01-10T15:47:25.627-05:00,IdeState,Inactive,,*,-1,-1
2025-01-10T15:47:26.627-05:00,IdeState,Inactive,,*,-1,-1
2025-01-10T15:47:27.628-05:00,IdeState,Inactive,,*,-1,-1
2025-01-10T15:47:28.628-05:00,IdeState,Inactive,,*,-1,-1
2025-01-10T15:47:29.629-05:00,IdeState,Inactive,,*,-1,-1
2025-01-10T15:47:30.631-05:00,IdeState,Inactive,,*,-1,-1
2025-01-10T15:47:31.633-05:00,IdeState,Inactive,,*,-1,-1
2025-01-10T15:47:32.636-05:00,IdeState,Inactive,,*,-1,-1
2025-01-10T15:47:33.638-05:00,IdeState,Inactive,,*,-1,-1
2025-01-10T15:47:34.638-05:00,IdeState,Inactive,,*,-1,-1
2025-01-10T15:47:35.639-05:00,IdeState,Inactive,,*,-1,-1
2025-01-10T15:47:36.640-05:00,IdeState,Inactive,,*,-1,-1
2025-01-10T15:47:37.642-05:00,IdeState,Inactive,,*,-1,-1
2025-01-10T15:47:38.643-05:00,IdeState,Inactive,,*,-1,-1
2025-01-10T15:47:39.644-05:00,IdeState,Inactive,,*,-1,-1
2025-01-10T15:47:40.645-05:00,IdeState,Inactive,,*,-1,-1
2025-01-10T15:47:41.646-05:00,IdeState,Inactive,,*,-1,-1
2025-01-10T15:47:42.649-05:00,IdeState,Inactive,,*,-1,-1
2025-01-10T15:47:43.651-05:00,IdeState,Inactive,,*,-1,-1
2025-01-10T15:47:44.652-05:00,IdeState,Inactive,,*,-1,-1
2025-01-10T15:47:45.654-05:00,IdeState,Inactive,,*,-1,-1
2025-01-10T15:47:46.655-05:00,IdeState,Inactive,,*,-1,-1
2025-01-10T15:47:47.656-05:00,IdeState,Inactive,,*,-1,-1
2025-01-10T15:47:48.656-05:00,IdeState,Inactive,,*,-1,-1
2025-01-10T15:47:49.657-05:00,IdeState,Inactive,,*,-1,-1
2025-01-10T15:47:50.658-05:00,IdeState,Inactive,,*,-1,-1
2025-01-10T15:47:51.659-05:00,IdeState,Inactive,,*,-1,-1
2025-01-10T15:47:52.660-05:00,IdeState,Inactive,,*,-1,-1
2025-01-10T15:47:53.662-05:00,IdeState,Inactive,,*,-1,-1
2025-01-10T15:47:54.663-05:00,IdeState,Inactive,,*,-1,-1
2025-01-10T15:47:55.664-05:00,IdeState,Inactive,,*,-1,-1
2025-01-10T15:47:56.665-05:00,IdeState,Inactive,,*,-1,-1
2025-01-10T15:47:57.665-05:00,IdeState,Inactive,,*,-1,-1
2025-01-10T15:47:58.667-05:00,IdeState,Inactive,,*,-1,-1
2025-01-10T15:47:59.668-05:00,IdeState,Inactive,,*,-1,-1
2025-01-10T15:48:00.670-05:00,IdeState,Inactive,,*,-1,-1
2025-01-10T15:48:01.672-05:00,IdeState,Inactive,,*,-1,-1
2025-01-10T15:48:02.673-05:00,IdeState,Inactive,,*,-1,-1
2025-01-10T15:48:03.674-05:00,IdeState,Inactive,,*,-1,-1
2025-01-10T15:48:04.675-05:00,IdeState,Inactive,,*,-1,-1
2025-01-10T15:48:05.677-05:00,IdeState,Inactive,,*,-1,-1
2025-01-10T15:48:06.678-05:00,IdeState,Inactive,,*,-1,-1
2025-01-10T15:48:07.680-05:00,IdeState,Inactive,,*,-1,-1
2025-01-10T15:48:08.681-05:00,IdeState,Inactive,,*,-1,-1
2025-01-10T15:48:09.682-05:00,IdeState,Inactive,,*,-1,-1
2025-01-10T15:48:10.683-05:00,IdeState,Inactive,,*,-1,-1
2025-01-10T15:48:11.684-05:00,IdeState,Inactive,,*,-1,-1
2025-01-10T15:48:12.687-05:00,IdeState,Inactive,,*,-1,-1
2025-01-10T15:48:13.687-05:00,IdeState,Inactive,,*,-1,-1
2025-01-10T15:48:14.688-05:00,IdeState,Inactive,,*,-1,-1
2025-01-10T15:48:15.691-05:00,IdeState,Inactive,,*,-1,-1
2025-01-10T15:48:16.692-05:00,IdeState,Inactive,,*,-1,-1
2025-01-10T15:48:17.693-05:00,IdeState,Inactive,,*,-1,-1
2025-01-10T15:48:18.695-05:00,IdeState,Inactive,,*,-1,-1
2025-01-10T15:48:19.696-05:00,IdeState,Inactive,,*,-1,-1
2025-01-10T15:48:20.697-05:00,IdeState,Inactive,,*,-1,-1
2025-01-10T15:48:21.698-05:00,IdeState,Inactive,,*,-1,-1
2025-01-10T15:48:22.700-05:00,IdeState,Inactive,,*,-1,-1
2025-01-10T15:48:23.702-05:00,IdeState,Inactive,,*,-1,-1
2025-01-10T15:48:24.704-05:00,IdeState,Inactive,,*,-1,-1
2025-01-10T15:48:25.723-05:00,IdeState,Inactive,,*,-1,-1
2025-01-10T15:48:26.726-05:00,IdeState,Inactive,,*,-1,-1
2025-01-10T15:48:27.727-05:00,IdeState,Inactive,,*,-1,-1
2025-01-10T15:48:28.728-05:00,IdeState,Inactive,,*,-1,-1
2025-01-10T15:48:29.729-05:00,IdeState,Inactive,,*,-1,-1
2025-01-10T15:48:30.731-05:00,IdeState,Inactive,,*,-1,-1
2025-01-10T15:48:31.731-05:00,IdeState,Inactive,,*,-1,-1
2025-01-10T15:48:32.737-05:00,IdeState,Inactive,,*,-1,-1
2025-01-10T15:48:33.743-05:00,IdeState,Inactive,,*,-1,-1
2025-01-10T15:48:34.744-05:00,IdeState,Inactive,,*,-1,-1
2025-01-10T15:48:35.745-05:00,IdeState,Inactive,,*,-1,-1
2025-01-10T15:48:36.747-05:00,IdeState,Inactive,,*,-1,-1
2025-01-10T15:48:37.747-05:00,IdeState,Inactive,,*,-1,-1
2025-01-10T15:48:38.749-05:00,IdeState,Inactive,,*,-1,-1
2025-01-10T15:48:39.750-05:00,IdeState,Inactive,,*,-1,-1
2025-01-10T15:48:40.752-05:00,IdeState,Inactive,,*,-1,-1
2025-01-10T15:48:41.770-05:00,IdeState,Inactive,,*,-1,-1
2025-01-10T15:48:42.772-05:00,IdeState,Inactive,,*,-1,-1
2025-01-10T15:48:43.773-05:00,IdeState,Inactive,,*,-1,-1
2025-01-10T15:48:44.774-05:00,IdeState,Inactive,,*,-1,-1
2025-01-10T15:48:45.776-05:00,IdeState,Inactive,,*,-1,-1
2025-01-10T15:48:46.777-05:00,IdeState,Inactive,,*,-1,-1
2025-01-10T15:48:47.778-05:00,IdeState,Inactive,,*,-1,-1
2025-01-10T15:48:48.779-05:00,IdeState,Inactive,,*,-1,-1
2025-01-10T15:48:49.780-05:00,IdeState,Inactive,,*,-1,-1
2025-01-10T15:48:50.781-05:00,IdeState,Inactive,,*,-1,-1
2025-01-10T15:48:51.784-05:00,IdeState,Inactive,,*,-1,-1
2025-01-10T15:48:52.785-05:00,IdeState,Inactive,,*,-1,-1
2025-01-10T15:48:53.786-05:00,IdeState,Inactive,,*,-1,-1
2025-01-10T15:48:54.787-05:00,IdeState,Inactive,,*,-1,-1
2025-01-10T15:48:55.788-05:00,IdeState,Inactive,,*,-1,-1
2025-01-10T15:48:56.789-05:00,IdeState,Inactive,,*,-1,-1
2025-01-10T15:48:57.791-05:00,IdeState,Inactive,,*,-1,-1
2025-01-10T15:48:58.792-05:00,IdeState,Inactive,,*,-1,-1
2025-01-10T15:48:59.792-05:00,IdeState,Inactive,,*,-1,-1
2025-01-10T15:49:00.795-05:00,IdeState,Inactive,,*,-1,-1
2025-01-10T15:49:01.796-05:00,IdeState,Inactive,,*,-1,-1
2025-01-10T15:49:02.797-05:00,IdeState,Inactive,,*,-1,-1
2025-01-10T15:49:03.798-05:00,IdeState,Inactive,,*,-1,-1
2025-01-10T15:49:04.801-05:00,IdeState,Inactive,,*,-1,-1
2025-01-10T15:49:05.804-05:00,IdeState,Inactive,,*,-1,-1
2025-01-10T15:49:06.805-05:00,IdeState,Inactive,,*,-1,-1
2025-01-10T15:49:07.806-05:00,IdeState,Inactive,,*,-1,-1
2025-01-10T15:49:08.808-05:00,IdeState,Inactive,,*,-1,-1
2025-01-10T15:49:09.809-05:00,IdeState,Inactive,,*,-1,-1
2025-01-10T15:49:10.810-05:00,IdeState,Inactive,,*,-1,-1
2025-01-10T15:49:11.811-05:00,IdeState,Inactive,,*,-1,-1
2025-01-10T15:49:12.812-05:00,IdeState,Inactive,,*,-1,-1
2025-01-10T15:49:13.813-05:00,IdeState,Inactive,,*,-1,-1
2025-01-10T15:49:14.815-05:00,IdeState,Inactive,,*,-1,-1
2025-01-10T15:49:15.817-05:00,IdeState,Inactive,,*,-1,-1
2025-01-10T15:49:16.817-05:00,IdeState,Inactive,,*,-1,-1
2025-01-10T15:49:17.818-05:00,IdeState,Inactive,,*,-1,-1
2025-01-10T15:49:18.819-05:00,IdeState,Inactive,,*,-1,-1
2025-01-10T15:49:19.820-05:00,IdeState,Inactive,,*,-1,-1
2025-01-10T15:49:20.822-05:00,IdeState,Inactive,,*,-1,-1
2025-01-10T15:49:21.824-05:00,IdeState,Inactive,,*,-1,-1
2025-01-10T15:49:22.825-05:00,IdeState,Inactive,,*,-1,-1
2025-01-10T15:49:23.827-05:00,IdeState,Inactive,,*,-1,-1
2025-01-10T15:49:24.828-05:00,IdeState,Inactive,,*,-1,-1
2025-01-10T15:49:25.830-05:00,IdeState,Inactive,,*,-1,-1
2025-01-10T15:49:26.831-05:00,IdeState,Inactive,,*,-1,-1
2025-01-10T15:49:27.833-05:00,IdeState,Inactive,,*,-1,-1
2025-01-10T15:49:28.834-05:00,IdeState,Inactive,,*,-1,-1
2025-01-10T15:49:29.835-05:00,IdeState,Inactive,,*,-1,-1
2025-01-10T15:49:30.835-05:00,IdeState,Inactive,,*,-1,-1
2025-01-10T15:49:31.836-05:00,IdeState,Inactive,,*,-1,-1
2025-01-10T15:49:32.838-05:00,IdeState,Inactive,,*,-1,-1
2025-01-10T15:49:33.839-05:00,IdeState,Inactive,,*,-1,-1
2025-01-10T15:49:34.840-05:00,IdeState,Inactive,,*,-1,-1
2025-01-10T15:49:35.841-05:00,IdeState,Inactive,,*,-1,-1
2025-01-10T15:49:36.842-05:00,IdeState,Inactive,,*,-1,-1
2025-01-10T15:49:37.844-05:00,IdeState,Inactive,,*,-1,-1
2025-01-10T15:49:38.845-05:00,IdeState,Inactive,,*,-1,-1
2025-01-10T15:49:39.848-05:00,IdeState,Inactive,,*,-1,-1
2025-01-10T15:49:40.848-05:00,IdeState,Inactive,,*,-1,-1
2025-01-10T15:49:41.851-05:00,IdeState,Inactive,,*,-1,-1
2025-01-10T15:49:42.854-05:00,IdeState,Inactive,,*,-1,-1
2025-01-10T15:49:43.855-05:00,IdeState,Inactive,,*,-1,-1
2025-01-10T15:49:44.857-05:00,IdeState,Inactive,,*,-1,-1
2025-01-10T15:49:45.858-05:00,IdeState,Inactive,,*,-1,-1
2025-01-10T15:49:46.859-05:00,IdeState,Inactive,,*,-1,-1
2025-01-10T15:49:47.860-05:00,IdeState,Inactive,,*,-1,-1
2025-01-10T15:49:48.881-05:00,IdeState,Inactive,,*,-1,-1
2025-01-10T15:49:49.883-05:00,IdeState,Inactive,,*,-1,-1
2025-01-10T15:49:50.884-05:00,IdeState,Inactive,,*,-1,-1
2025-01-10T15:49:51.886-05:00,IdeState,Inactive,,*,-1,-1
2025-01-10T15:49:52.888-05:00,IdeState,Inactive,,*,-1,-1
2025-01-10T15:49:53.889-05:00,IdeState,Inactive,,*,-1,-1
2025-01-10T15:49:54.890-05:00,IdeState,Inactive,,*,-1,-1
2025-01-10T15:49:55.891-05:00,IdeState,Inactive,,*,-1,-1
2025-01-10T15:49:56.892-05:00,IdeState,Inactive,,*,-1,-1
2025-01-10T15:49:57.894-05:00,IdeState,Inactive,,*,-1,-1
2025-01-10T15:49:58.895-05:00,IdeState,Inactive,,*,-1,-1
2025-01-10T15:49:59.897-05:00,IdeState,Inactive,,*,-1,-1
2025-01-10T15:50:00.899-05:00,IdeState,Inactive,,*,-1,-1
2025-01-10T15:50:01.900-05:00,IdeState,Inactive,,*,-1,-1
2025-01-10T15:50:02.901-05:00,IdeState,Inactive,,*,-1,-1
2025-01-10T15:50:03.902-05:00,IdeState,Inactive,,*,-1,-1
2025-01-10T15:50:04.906-05:00,IdeState,Inactive,,*,-1,-1
2025-01-10T15:50:05.907-05:00,IdeState,Inactive,,*,-1,-1
2025-01-10T15:50:06.909-05:00,IdeState,Inactive,,*,-1,-1
2025-01-10T15:50:07.911-05:00,IdeState,Inactive,,*,-1,-1
2025-01-10T15:50:08.911-05:00,IdeState,Inactive,,*,-1,-1
2025-01-10T15:50:09.914-05:00,IdeState,Inactive,,*,-1,-1
2025-01-10T15:50:10.915-05:00,IdeState,Inactive,,*,-1,-1
2025-01-10T15:50:11.916-05:00,IdeState,Inactive,,*,-1,-1
2025-01-10T15:50:12.917-05:00,IdeState,Inactive,,*,-1,-1
2025-01-10T15:50:13.917-05:00,IdeState,Inactive,,*,-1,-1
2025-01-10T15:50:14.918-05:00,IdeState,Inactive,,*,-1,-1
2025-01-10T15:50:15.920-05:00,IdeState,Inactive,,*,-1,-1
2025-01-10T15:50:16.921-05:00,IdeState,Inactive,,*,-1,-1
2025-01-10T15:50:17.922-05:00,IdeState,Inactive,,*,-1,-1
2025-01-10T15:50:18.924-05:00,IdeState,Inactive,,*,-1,-1
2025-01-10T15:50:19.924-05:00,IdeState,Inactive,,*,-1,-1
2025-01-10T15:50:20.926-05:00,IdeState,Inactive,,*,-1,-1
2025-01-10T15:50:21.926-05:00,IdeState,Inactive,,*,-1,-1
2025-01-10T15:50:22.927-05:00,IdeState,Inactive,,*,-1,-1
2025-01-10T15:50:23.927-05:00,IdeState,Inactive,,*,-1,-1
2025-01-10T15:50:24.928-05:00,IdeState,Inactive,,*,-1,-1
2025-01-10T15:50:25.929-05:00,IdeState,Inactive,,*,-1,-1
2025-01-10T15:50:26.929-05:00,IdeState,Inactive,,*,-1,-1
2025-01-10T15:50:27.932-05:00,IdeState,Inactive,,*,-1,-1
2025-01-10T15:50:28.933-05:00,IdeState,Inactive,,*,-1,-1
2025-01-10T15:50:29.934-05:00,IdeState,Inactive,,*,-1,-1
2025-01-10T15:50:30.935-05:00,IdeState,Inactive,,*,-1,-1
2025-01-10T15:50:31.935-05:00,IdeState,Inactive,,*,-1,-1
2025-01-10T15:50:32.936-05:00,IdeState,Inactive,,*,-1,-1
2025-01-10T15:50:33.938-05:00,IdeState,Inactive,,*,-1,-1
2025-01-10T15:50:34.939-05:00,IdeState,Inactive,,*,-1,-1
2025-01-10T15:50:35.939-05:00,IdeState,Inactive,,*,-1,-1
2025-01-10T15:50:36.940-05:00,IdeState,Inactive,,*,-1,-1
2025-01-10T15:50:37.942-05:00,IdeState,Inactive,,*,-1,-1
2025-01-10T15:50:38.943-05:00,IdeState,Inactive,,*,-1,-1
2025-01-10T15:50:39.944-05:00,IdeState,Inactive,,*,-1,-1
2025-01-10T15:50:40.944-05:00,IdeState,Inactive,,*,-1,-1
2025-01-10T15:50:41.945-05:00,IdeState,Inactive,,*,-1,-1
2025-01-10T15:50:42.948-05:00,IdeState,Inactive,,*,-1,-1
2025-01-10T15:50:43.950-05:00,IdeState,Inactive,,*,-1,-1
2025-01-10T15:50:44.950-05:00,IdeState,Inactive,,*,-1,-1
2025-01-10T15:50:45.951-05:00,IdeState,Inactive,,*,-1,-1
2025-01-10T15:50:46.952-05:00,IdeState,Inactive,,*,-1,-1
2025-01-10T15:50:47.954-05:00,IdeState,Inactive,,*,-1,-1
2025-01-10T15:50:48.954-05:00,IdeState,Inactive,,*,-1,-1
2025-01-10T15:50:49.954-05:00,IdeState,Inactive,,*,-1,-1
2025-01-10T15:50:50.955-05:00,IdeState,Inactive,,*,-1,-1
2025-01-10T15:50:51.956-05:00,IdeState,Inactive,,*,-1,-1
2025-01-10T15:50:52.957-05:00,IdeState,Inactive,,*,-1,-1
2025-01-10T15:50:53.958-05:00,IdeState,Inactive,,*,-1,-1
2025-01-10T15:50:54.959-05:00,IdeState,Inactive,,*,-1,-1
2025-01-10T15:50:55.960-05:00,IdeState,Inactive,,*,-1,-1
2025-01-10T15:50:56.961-05:00,IdeState,Inactive,,*,-1,-1
2025-01-10T15:50:57.962-05:00,IdeState,Inactive,,*,-1,-1
2025-01-10T15:50:58.962-05:00,IdeState,Inactive,,*,-1,-1
2025-01-10T15:50:59.963-05:00,IdeState,Inactive,,*,-1,-1
2025-01-10T15:51:00.965-05:00,IdeState,Inactive,,*,-1,-1
2025-01-10T15:51:01.965-05:00,IdeState,Inactive,,*,-1,-1
2025-01-10T15:51:02.967-05:00,IdeState,Inactive,,*,-1,-1
2025-01-10T15:51:03.967-05:00,IdeState,Inactive,,*,-1,-1
2025-01-10T15:51:04.968-05:00,IdeState,Inactive,,*,-1,-1
2025-01-10T15:51:05.970-05:00,IdeState,Inactive,,*,-1,-1
2025-01-10T15:51:06.971-05:00,IdeState,Inactive,,*,-1,-1
2025-01-10T15:51:07.973-05:00,IdeState,Inactive,,*,-1,-1
2025-01-10T15:51:08.974-05:00,IdeState,Inactive,,*,-1,-1
2025-01-10T15:51:09.975-05:00,IdeState,Inactive,,*,-1,-1
2025-01-10T15:51:10.976-05:00,IdeState,Inactive,,*,-1,-1
2025-01-10T15:51:11.978-05:00,IdeState,Inactive,,*,-1,-1
2025-01-10T15:51:12.979-05:00,IdeState,Inactive,,*,-1,-1
2025-01-10T15:51:13.981-05:00,IdeState,Inactive,,*,-1,-1
2025-01-10T15:51:14.982-05:00,IdeState,Inactive,,*,-1,-1
2025-01-10T15:51:15.984-05:00,IdeState,Inactive,,*,-1,-1
2025-01-10T15:51:16.985-05:00,IdeState,Inactive,,*,-1,-1
2025-01-10T15:51:17.986-05:00,IdeState,Inactive,,*,-1,-1
2025-01-10T15:51:18.988-05:00,IdeState,Inactive,,*,-1,-1
2025-01-10T15:51:19.989-05:00,IdeState,Inactive,,*,-1,-1
2025-01-10T15:51:20.990-05:00,IdeState,Inactive,,*,-1,-1
2025-01-10T15:51:21.991-05:00,IdeState,Inactive,,*,-1,-1
2025-01-10T15:51:22.992-05:00,IdeState,Inactive,,*,-1,-1
2025-01-10T15:51:23.992-05:00,IdeState,Inactive,,*,-1,-1
2025-01-10T15:51:24.993-05:00,IdeState,Inactive,,*,-1,-1
2025-01-10T15:51:25.994-05:00,IdeState,Inactive,,*,-1,-1
2025-01-10T15:51:26.995-05:00,IdeState,Inactive,,*,-1,-1
2025-01-10T15:51:27.996-05:00,IdeState,Inactive,,*,-1,-1
2025-01-10T15:51:28.997-05:00,IdeState,Inactive,,*,-1,-1
2025-01-10T15:51:30.000-05:00,IdeState,Inactive,,*,-1,-1
2025-01-10T15:51:31.001-05:00,IdeState,Inactive,,*,-1,-1
2025-01-10T15:51:32.002-05:00,IdeState,Inactive,,*,-1,-1
2025-01-10T15:51:33.004-05:00,IdeState,Inactive,,*,-1,-1
2025-01-10T15:51:34.006-05:00,IdeState,Inactive,,*,-1,-1
2025-01-10T15:51:35.006-05:00,IdeState,Inactive,,*,-1,-1
2025-01-10T15:51:36.007-05:00,IdeState,Inactive,,*,-1,-1
2025-01-10T15:51:37.008-05:00,IdeState,Inactive,,*,-1,-1
2025-01-10T15:51:38.009-05:00,IdeState,Inactive,,*,-1,-1
2025-01-10T15:51:39.011-05:00,IdeState,Inactive,,*,-1,-1
2025-01-10T15:51:40.011-05:00,IdeState,Inactive,,*,-1,-1
2025-01-10T15:51:41.013-05:00,IdeState,Inactive,,*,-1,-1
2025-01-10T15:51:42.014-05:00,IdeState,Inactive,,*,-1,-1
2025-01-10T15:51:43.015-05:00,IdeState,Inactive,,*,-1,-1
2025-01-10T15:51:44.016-05:00,IdeState,Inactive,,*,-1,-1
2025-01-10T15:51:45.016-05:00,IdeState,Inactive,,*,-1,-1
2025-01-10T15:51:46.019-05:00,IdeState,Inactive,,*,-1,-1
2025-01-10T15:51:47.020-05:00,IdeState,Inactive,,*,-1,-1
2025-01-10T15:51:48.022-05:00,IdeState,Inactive,,*,-1,-1
2025-01-10T15:51:49.024-05:00,IdeState,Inactive,,*,-1,-1
2025-01-10T15:51:50.024-05:00,IdeState,Inactive,,*,-1,-1
2025-01-10T15:51:51.026-05:00,IdeState,Inactive,,*,-1,-1
2025-01-10T15:51:52.026-05:00,IdeState,Inactive,,*,-1,-1
2025-01-10T15:51:53.027-05:00,IdeState,Inactive,,*,-1,-1
2025-01-10T15:51:54.028-05:00,IdeState,Inactive,,*,-1,-1
2025-01-10T15:51:55.030-05:00,IdeState,Inactive,,*,-1,-1
2025-01-10T15:51:56.031-05:00,IdeState,Inactive,,*,-1,-1
2025-01-10T15:51:57.032-05:00,IdeState,Inactive,,*,-1,-1
2025-01-10T15:51:58.033-05:00,IdeState,Inactive,,*,-1,-1
2025-01-10T15:51:59.035-05:00,IdeState,Inactive,,*,-1,-1
2025-01-10T15:52:00.036-05:00,IdeState,Inactive,,*,-1,-1
2025-01-10T15:52:01.037-05:00,IdeState,Inactive,,*,-1,-1
2025-01-10T15:52:02.038-05:00,IdeState,Inactive,,*,-1,-1
2025-01-10T15:52:03.039-05:00,IdeState,Inactive,,*,-1,-1
2025-01-10T15:52:04.039-05:00,IdeState,Inactive,,*,-1,-1
2025-01-10T15:52:05.040-05:00,IdeState,Inactive,,*,-1,-1
2025-01-10T15:52:06.041-05:00,IdeState,Inactive,,*,-1,-1
2025-01-10T15:52:07.042-05:00,IdeState,Inactive,,*,-1,-1
2025-01-10T15:52:08.043-05:00,IdeState,Inactive,,*,-1,-1
2025-01-10T15:52:09.044-05:00,IdeState,Inactive,,*,-1,-1
2025-01-10T15:52:10.046-05:00,IdeState,Inactive,,*,-1,-1
2025-01-10T15:52:11.047-05:00,IdeState,Inactive,,*,-1,-1
2025-01-10T15:52:12.048-05:00,IdeState,Inactive,,*,-1,-1
2025-01-10T15:52:13.049-05:00,IdeState,Inactive,,*,-1,-1
2025-01-10T15:52:14.049-05:00,IdeState,Inactive,,*,-1,-1
2025-01-10T15:52:15.050-05:00,IdeState,Inactive,,*,-1,-1
2025-01-10T15:52:16.051-05:00,IdeState,Inactive,,*,-1,-1
2025-01-10T15:52:17.053-05:00,IdeState,Inactive,,*,-1,-1
2025-01-10T15:52:18.054-05:00,IdeState,Inactive,,*,-1,-1
2025-01-10T15:52:19.055-05:00,IdeState,Inactive,,*,-1,-1
2025-01-10T15:52:20.056-05:00,IdeState,Inactive,,*,-1,-1
2025-01-10T15:52:21.057-05:00,IdeState,Inactive,,*,-1,-1
2025-01-10T15:52:22.059-05:00,IdeState,Inactive,,*,-1,-1
2025-01-10T15:52:23.060-05:00,IdeState,Inactive,,*,-1,-1
2025-01-10T15:52:24.061-05:00,IdeState,Inactive,,*,-1,-1
2025-01-10T15:52:25.063-05:00,IdeState,Inactive,,*,-1,-1
2025-01-10T15:52:26.064-05:00,IdeState,Inactive,,*,-1,-1
2025-01-10T15:52:27.066-05:00,IdeState,Inactive,,*,-1,-1
2025-01-10T15:52:28.066-05:00,IdeState,Inactive,,*,-1,-1
2025-01-10T15:52:29.067-05:00,IdeState,Inactive,,*,-1,-1
2025-01-10T15:52:30.068-05:00,IdeState,Inactive,,*,-1,-1
2025-01-10T15:52:31.070-05:00,IdeState,Inactive,,*,-1,-1
2025-01-10T15:52:32.071-05:00,IdeState,Inactive,,*,-1,-1
2025-01-10T15:52:33.072-05:00,IdeState,Inactive,,*,-1,-1
2025-01-10T15:52:34.073-05:00,IdeState,Inactive,,*,-1,-1
2025-01-10T15:52:35.075-05:00,IdeState,Inactive,,*,-1,-1
2025-01-10T15:52:36.077-05:00,IdeState,Inactive,,*,-1,-1
2025-01-10T15:52:37.077-05:00,IdeState,Inactive,,*,-1,-1
2025-01-10T15:52:38.079-05:00,IdeState,Inactive,,*,-1,-1
2025-01-10T15:52:39.081-05:00,IdeState,Inactive,,*,-1,-1
2025-01-10T15:52:40.081-05:00,IdeState,Inactive,,*,-1,-1
2025-01-10T15:52:41.084-05:00,IdeState,Inactive,,*,-1,-1
2025-01-10T15:52:42.086-05:00,IdeState,Inactive,,*,-1,-1
2025-01-10T15:52:43.086-05:00,IdeState,Inactive,,*,-1,-1
2025-01-10T15:52:44.087-05:00,IdeState,Inactive,,*,-1,-1
2025-01-10T15:52:45.089-05:00,IdeState,Inactive,,*,-1,-1
2025-01-10T15:52:46.090-05:00,IdeState,Inactive,,*,-1,-1
2025-01-10T15:52:47.091-05:00,IdeState,Inactive,,*,-1,-1
2025-01-10T15:52:48.093-05:00,IdeState,Inactive,,*,-1,-1
2025-01-10T15:52:49.094-05:00,IdeState,Inactive,,*,-1,-1
2025-01-10T15:52:50.095-05:00,IdeState,Inactive,,*,-1,-1
2025-01-10T15:52:51.096-05:00,IdeState,Inactive,,*,-1,-1
2025-01-10T15:52:52.098-05:00,IdeState,Inactive,,*,-1,-1
2025-01-10T15:52:53.099-05:00,IdeState,Inactive,,*,-1,-1
2025-01-10T15:52:54.100-05:00,IdeState,Inactive,,*,-1,-1
2025-01-10T15:52:55.101-05:00,IdeState,Inactive,,*,-1,-1
2025-01-10T15:52:56.103-05:00,IdeState,Inactive,,*,-1,-1
2025-01-10T15:52:57.104-05:00,IdeState,Inactive,,*,-1,-1
2025-01-10T15:52:58.105-05:00,IdeState,Inactive,,*,-1,-1
2025-01-10T15:52:59.105-05:00,IdeState,Inactive,,*,-1,-1
2025-01-10T15:53:00.106-05:00,IdeState,Inactive,,*,-1,-1
2025-01-10T15:53:01.107-05:00,IdeState,Inactive,,*,-1,-1
2025-01-10T15:53:02.108-05:00,IdeState,Inactive,,*,-1,-1
2025-01-10T15:53:03.108-05:00,IdeState,Inactive,,*,-1,-1
2025-01-10T15:53:04.109-05:00,IdeState,Inactive,,*,-1,-1
2025-01-10T15:53:05.110-05:00,IdeState,Inactive,,*,-1,-1
2025-01-10T15:53:06.111-05:00,IdeState,Inactive,,*,-1,-1
2025-01-10T15:53:07.112-05:00,IdeState,Inactive,,*,-1,-1
2025-01-10T15:53:08.114-05:00,IdeState,Inactive,,*,-1,-1
2025-01-10T15:53:09.115-05:00,IdeState,Inactive,,*,-1,-1
2025-01-10T15:53:10.116-05:00,IdeState,Inactive,,*,-1,-1
2025-01-10T15:53:11.117-05:00,IdeState,Inactive,,*,-1,-1
2025-01-10T15:53:12.119-05:00,IdeState,Inactive,,*,-1,-1
2025-01-10T15:53:13.120-05:00,IdeState,Inactive,,*,-1,-1
2025-01-10T15:53:14.121-05:00,IdeState,Inactive,,*,-1,-1
2025-01-10T15:53:15.122-05:00,IdeState,Inactive,,*,-1,-1
2025-01-10T15:53:16.124-05:00,IdeState,Inactive,,*,-1,-1
2025-01-10T15:53:17.124-05:00,IdeState,Inactive,,*,-1,-1
2025-01-10T15:53:18.126-05:00,IdeState,Inactive,,*,-1,-1
2025-01-10T15:53:19.127-05:00,IdeState,Inactive,,*,-1,-1
2025-01-10T15:53:20.130-05:00,IdeState,Inactive,,*,-1,-1
2025-01-10T15:53:21.132-05:00,IdeState,Inactive,,*,-1,-1
2025-01-10T15:53:22.133-05:00,IdeState,Inactive,,*,-1,-1
2025-01-10T15:53:23.133-05:00,IdeState,Inactive,,*,-1,-1
2025-01-10T15:53:24.134-05:00,IdeState,Inactive,,*,-1,-1
2025-01-10T15:53:25.135-05:00,IdeState,Inactive,,*,-1,-1
2025-01-10T15:53:26.136-05:00,IdeState,Inactive,,*,-1,-1
2025-01-10T15:53:27.137-05:00,IdeState,Inactive,,*,-1,-1
2025-01-10T15:53:28.138-05:00,IdeState,Inactive,,*,-1,-1
2025-01-10T15:53:29.139-05:00,IdeState,Inactive,,*,-1,-1
2025-01-10T15:53:30.140-05:00,IdeState,Inactive,,*,-1,-1
2025-01-10T15:53:31.141-05:00,IdeState,Inactive,,*,-1,-1
2025-01-10T15:53:32.142-05:00,IdeState,Inactive,,*,-1,-1
2025-01-10T15:53:33.144-05:00,IdeState,Inactive,,*,-1,-1
2025-01-10T15:53:34.146-05:00,IdeState,Inactive,,*,-1,-1
2025-01-10T15:53:35.146-05:00,IdeState,Inactive,,*,-1,-1
2025-01-10T15:53:36.147-05:00,IdeState,Inactive,,*,-1,-1
2025-01-10T15:53:37.148-05:00,IdeState,Inactive,,*,-1,-1
2025-01-10T15:53:38.148-05:00,IdeState,Inactive,,*,-1,-1
2025-01-10T15:53:39.150-05:00,IdeState,Inactive,,*,-1,-1
2025-01-10T15:53:40.152-05:00,IdeState,Inactive,,*,-1,-1
2025-01-10T15:53:41.153-05:00,IdeState,Inactive,,*,-1,-1
2025-01-10T15:53:42.154-05:00,IdeState,Inactive,,*,-1,-1
2025-01-10T15:53:43.155-05:00,IdeState,Inactive,,*,-1,-1
2025-01-10T15:53:44.156-05:00,IdeState,Inactive,,*,-1,-1
2025-01-10T15:53:45.157-05:00,IdeState,Inactive,,*,-1,-1
2025-01-10T15:53:46.158-05:00,IdeState,Inactive,,*,-1,-1
2025-01-10T15:53:47.160-05:00,IdeState,Inactive,,*,-1,-1
2025-01-10T15:53:48.160-05:00,IdeState,Inactive,,*,-1,-1
2025-01-10T15:53:49.161-05:00,IdeState,Inactive,,*,-1,-1
2025-01-10T15:53:50.162-05:00,IdeState,Inactive,,*,-1,-1
2025-01-10T15:53:51.164-05:00,IdeState,Inactive,,*,-1,-1
2025-01-10T15:53:52.165-05:00,IdeState,Inactive,,*,-1,-1
2025-01-10T15:53:53.166-05:00,IdeState,Inactive,,*,-1,-1
2025-01-10T15:53:54.167-05:00,IdeState,Inactive,,*,-1,-1
2025-01-10T15:53:55.168-05:00,IdeState,Inactive,,*,-1,-1
2025-01-10T15:53:56.173-05:00,IdeState,Inactive,,*,-1,-1
2025-01-10T15:53:57.174-05:00,IdeState,Inactive,,*,-1,-1
2025-01-10T15:53:58.175-05:00,IdeState,Inactive,,*,-1,-1
2025-01-10T15:53:59.176-05:00,IdeState,Inactive,,*,-1,-1
2025-01-10T15:54:00.178-05:00,IdeState,Inactive,,*,-1,-1
2025-01-10T15:54:01.179-05:00,IdeState,Inactive,,*,-1,-1
2025-01-10T15:54:02.180-05:00,IdeState,Inactive,,*,-1,-1
2025-01-10T15:54:03.181-05:00,IdeState,Inactive,,*,-1,-1
2025-01-10T15:54:04.190-05:00,IdeState,Inactive,,*,-1,-1
2025-01-10T15:54:05.191-05:00,IdeState,Inactive,,*,-1,-1
2025-01-10T15:54:06.192-05:00,IdeState,Inactive,,*,-1,-1
2025-01-10T15:54:07.193-05:00,IdeState,Inactive,,*,-1,-1
2025-01-10T15:54:08.196-05:00,IdeState,Inactive,,*,-1,-1
2025-01-10T15:54:09.198-05:00,IdeState,Inactive,,*,-1,-1
2025-01-10T15:54:10.199-05:00,IdeState,Inactive,,*,-1,-1
2025-01-10T15:54:11.200-05:00,IdeState,Inactive,,*,-1,-1
2025-01-10T15:54:12.201-05:00,IdeState,Inactive,,*,-1,-1
2025-01-10T15:54:13.203-05:00,IdeState,Inactive,,*,-1,-1
2025-01-10T15:54:14.207-05:00,IdeState,Inactive,,*,-1,-1
2025-01-10T15:54:15.208-05:00,IdeState,Inactive,,*,-1,-1
2025-01-10T15:54:16.211-05:00,IdeState,Inactive,,*,-1,-1
2025-01-10T15:54:17.212-05:00,IdeState,Inactive,,*,-1,-1
2025-01-10T15:54:18.213-05:00,IdeState,Inactive,,*,-1,-1
2025-01-10T15:54:19.216-05:00,IdeState,Inactive,,*,-1,-1
2025-01-10T15:54:20.217-05:00,IdeState,Inactive,,*,-1,-1
2025-01-10T15:54:21.218-05:00,IdeState,Inactive,,*,-1,-1
2025-01-10T15:54:22.228-05:00,IdeState,Inactive,,*,-1,-1
2025-01-10T15:54:23.231-05:00,IdeState,Inactive,,*,-1,-1
2025-01-10T15:54:24.232-05:00,IdeState,Inactive,,*,-1,-1
2025-01-10T15:54:25.233-05:00,IdeState,Inactive,,*,-1,-1
2025-01-10T15:54:26.234-05:00,IdeState,Inactive,,*,-1,-1
2025-01-10T15:54:27.236-05:00,IdeState,Inactive,,*,-1,-1
2025-01-10T15:54:28.237-05:00,IdeState,Inactive,,*,-1,-1
2025-01-10T15:54:29.238-05:00,IdeState,Inactive,,*,-1,-1
2025-01-10T15:54:30.239-05:00,IdeState,Inactive,,*,-1,-1
2025-01-10T15:54:31.242-05:00,IdeState,Inactive,,*,-1,-1
2025-01-10T15:54:32.243-05:00,IdeState,Inactive,,*,-1,-1
2025-01-10T15:54:33.244-05:00,IdeState,Inactive,,*,-1,-1
2025-01-10T15:54:34.245-05:00,IdeState,Inactive,,*,-1,-1
2025-01-10T15:54:35.247-05:00,IdeState,Inactive,,*,-1,-1
2025-01-10T15:54:36.249-05:00,IdeState,Inactive,,*,-1,-1
2025-01-10T15:54:37.250-05:00,IdeState,Inactive,,*,-1,-1
2025-01-10T15:54:38.251-05:00,IdeState,Inactive,,*,-1,-1
2025-01-10T15:54:39.252-05:00,IdeState,Inactive,,*,-1,-1
2025-01-10T15:54:40.254-05:00,IdeState,Inactive,,*,-1,-1
2025-01-10T15:54:41.256-05:00,IdeState,Inactive,,*,-1,-1
2025-01-10T15:54:42.258-05:00,IdeState,Inactive,,*,-1,-1
2025-01-10T15:54:43.259-05:00,IdeState,Inactive,,*,-1,-1
2025-01-10T15:54:44.261-05:00,IdeState,Inactive,,*,-1,-1
2025-01-10T15:54:45.262-05:00,IdeState,Inactive,,*,-1,-1
2025-01-10T15:54:46.263-05:00,IdeState,Inactive,,*,-1,-1
2025-01-10T15:54:47.264-05:00,IdeState,Inactive,,*,-1,-1
2025-01-10T15:54:48.266-05:00,IdeState,Inactive,,*,-1,-1
2025-01-10T15:54:49.268-05:00,IdeState,Inactive,,*,-1,-1
2025-01-10T15:54:50.269-05:00,IdeState,Inactive,,*,-1,-1
2025-01-10T15:54:51.270-05:00,IdeState,Inactive,,*,-1,-1
2025-01-10T15:54:52.272-05:00,IdeState,Inactive,,*,-1,-1
2025-01-10T15:54:53.273-05:00,IdeState,Inactive,,*,-1,-1
2025-01-10T15:54:54.274-05:00,IdeState,Inactive,,*,-1,-1
2025-01-10T15:54:55.276-05:00,IdeState,Inactive,,*,-1,-1
2025-01-10T15:54:56.277-05:00,IdeState,Inactive,,*,-1,-1
2025-01-10T15:54:57.279-05:00,IdeState,Inactive,,*,-1,-1
2025-01-10T15:54:58.281-05:00,IdeState,Inactive,,*,-1,-1
2025-01-10T15:54:59.282-05:00,IdeState,Inactive,,*,-1,-1
2025-01-10T15:55:00.284-05:00,IdeState,Inactive,,*,-1,-1
2025-01-10T15:55:01.286-05:00,IdeState,Inactive,,*,-1,-1
2025-01-10T15:55:02.288-05:00,IdeState,Inactive,,*,-1,-1
2025-01-10T15:55:03.289-05:00,IdeState,Inactive,,*,-1,-1
2025-01-10T15:55:04.290-05:00,IdeState,Inactive,,*,-1,-1
2025-01-10T15:55:05.291-05:00,IdeState,Inactive,,*,-1,-1
2025-01-10T15:55:06.292-05:00,IdeState,Inactive,,*,-1,-1
2025-01-10T15:55:07.298-05:00,IdeState,Inactive,,*,-1,-1
2025-01-10T15:55:08.302-05:00,IdeState,Inactive,,*,-1,-1
2025-01-10T15:55:09.303-05:00,IdeState,Inactive,,*,-1,-1
2025-01-10T15:55:10.304-05:00,IdeState,Inactive,,*,-1,-1
2025-01-10T15:55:11.306-05:00,IdeState,Inactive,,*,-1,-1
2025-01-10T15:55:12.306-05:00,IdeState,Inactive,,*,-1,-1
2025-01-10T15:55:13.308-05:00,IdeState,Inactive,,*,-1,-1
2025-01-10T15:55:14.308-05:00,IdeState,Inactive,,*,-1,-1
2025-01-10T15:55:15.310-05:00,IdeState,Inactive,,*,-1,-1
2025-01-10T15:55:16.311-05:00,IdeState,Inactive,,*,-1,-1
2025-01-10T15:55:17.312-05:00,IdeState,Inactive,,*,-1,-1
2025-01-10T15:55:18.314-05:00,IdeState,Inactive,,*,-1,-1
2025-01-10T15:55:19.316-05:00,IdeState,Inactive,,*,-1,-1
2025-01-10T15:55:20.317-05:00,IdeState,Inactive,,*,-1,-1
2025-01-10T15:55:21.318-05:00,IdeState,Inactive,,*,-1,-1
2025-01-10T15:55:22.319-05:00,IdeState,Inactive,,*,-1,-1
2025-01-10T15:55:23.320-05:00,IdeState,Inactive,,*,-1,-1
2025-01-10T15:55:24.321-05:00,IdeState,Inactive,,*,-1,-1
2025-01-10T15:55:25.323-05:00,IdeState,Inactive,,*,-1,-1
2025-01-10T15:55:26.325-05:00,IdeState,Inactive,,*,-1,-1
2025-01-10T15:55:27.327-05:00,IdeState,Inactive,,*,-1,-1
2025-01-10T15:55:28.328-05:00,IdeState,Inactive,,*,-1,-1
2025-01-10T15:55:29.331-05:00,IdeState,Inactive,,*,-1,-1
2025-01-10T15:55:30.331-05:00,IdeState,Inactive,,*,-1,-1
2025-01-10T15:55:31.333-05:00,IdeState,Inactive,,*,-1,-1
2025-01-10T15:55:32.334-05:00,IdeState,Inactive,,*,-1,-1
2025-01-10T15:55:33.336-05:00,IdeState,Inactive,,*,-1,-1
2025-01-10T15:55:34.338-05:00,IdeState,Inactive,,*,-1,-1
2025-01-10T15:55:35.339-05:00,IdeState,Inactive,,*,-1,-1
2025-01-10T15:55:36.342-05:00,IdeState,Inactive,,*,-1,-1
2025-01-10T15:55:37.344-05:00,IdeState,Inactive,,*,-1,-1
2025-01-10T15:55:38.346-05:00,IdeState,Inactive,,*,-1,-1
2025-01-10T15:55:39.346-05:00,IdeState,Inactive,,*,-1,-1
2025-01-10T15:55:40.349-05:00,IdeState,Inactive,,*,-1,-1
2025-01-10T15:55:41.349-05:00,IdeState,Inactive,,*,-1,-1
2025-01-10T15:55:42.350-05:00,IdeState,Inactive,,*,-1,-1
2025-01-10T15:55:43.352-05:00,IdeState,Inactive,,*,-1,-1
2025-01-10T15:55:44.353-05:00,IdeState,Inactive,,*,-1,-1
2025-01-10T15:55:45.354-05:00,IdeState,Inactive,,*,-1,-1
2025-01-10T15:55:46.356-05:00,IdeState,Inactive,,*,-1,-1
2025-01-10T15:55:47.357-05:00,IdeState,Inactive,,*,-1,-1
2025-01-10T15:55:48.357-05:00,IdeState,Inactive,,*,-1,-1
2025-01-10T15:55:49.359-05:00,IdeState,Inactive,,*,-1,-1
2025-01-10T15:55:50.361-05:00,IdeState,Inactive,,*,-1,-1
2025-01-10T15:55:51.362-05:00,IdeState,Inactive,,*,-1,-1
2025-01-10T15:55:52.362-05:00,IdeState,Inactive,,*,-1,-1
2025-01-10T15:55:53.364-05:00,IdeState,Inactive,,*,-1,-1
2025-01-10T15:55:54.366-05:00,IdeState,Inactive,,*,-1,-1
2025-01-10T15:55:55.367-05:00,IdeState,Inactive,,*,-1,-1
2025-01-10T15:55:56.369-05:00,IdeState,Inactive,,*,-1,-1
2025-01-10T15:55:57.370-05:00,IdeState,Inactive,,*,-1,-1
2025-01-10T15:55:58.372-05:00,IdeState,Inactive,,*,-1,-1
2025-01-10T15:55:59.374-05:00,IdeState,Inactive,,*,-1,-1
2025-01-10T15:56:00.376-05:00,IdeState,Inactive,,*,-1,-1
2025-01-10T15:56:01.376-05:00,IdeState,Inactive,,*,-1,-1
2025-01-10T15:56:02.377-05:00,IdeState,Inactive,,*,-1,-1
2025-01-10T15:56:03.378-05:00,IdeState,Inactive,,*,-1,-1
2025-01-10T15:56:04.379-05:00,IdeState,Inactive,,*,-1,-1
2025-01-10T15:56:05.380-05:00,IdeState,Inactive,,*,-1,-1
2025-01-10T15:56:06.382-05:00,IdeState,Inactive,,*,-1,-1
2025-01-10T15:56:07.383-05:00,IdeState,Inactive,,*,-1,-1
2025-01-10T15:56:08.385-05:00,IdeState,Inactive,,*,-1,-1
2025-01-10T15:56:09.387-05:00,IdeState,Inactive,,*,-1,-1
2025-01-10T15:56:10.388-05:00,IdeState,Inactive,,*,-1,-1
2025-01-10T15:56:11.390-05:00,IdeState,Inactive,,*,-1,-1
2025-01-10T15:56:12.391-05:00,IdeState,Inactive,,*,-1,-1
2025-01-10T15:56:13.391-05:00,IdeState,Inactive,,*,-1,-1
2025-01-10T15:56:14.392-05:00,IdeState,Inactive,,*,-1,-1
2025-01-10T15:56:15.396-05:00,IdeState,Inactive,,*,-1,-1
2025-01-10T15:56:16.396-05:00,IdeState,Inactive,,*,-1,-1
2025-01-10T15:56:17.397-05:00,IdeState,Inactive,,*,-1,-1
2025-01-10T15:56:18.399-05:00,IdeState,Inactive,,*,-1,-1
2025-01-10T15:56:19.399-05:00,IdeState,Inactive,,*,-1,-1
2025-01-10T15:56:20.400-05:00,IdeState,Inactive,,*,-1,-1
2025-01-10T15:56:21.400-05:00,IdeState,Inactive,,*,-1,-1
2025-01-10T15:56:22.403-05:00,IdeState,Inactive,,*,-1,-1
2025-01-10T15:56:23.404-05:00,IdeState,Inactive,,*,-1,-1
2025-01-10T15:56:24.406-05:00,IdeState,Inactive,,*,-1,-1
2025-01-10T15:56:25.407-05:00,IdeState,Inactive,,*,-1,-1
2025-01-10T15:56:26.408-05:00,IdeState,Inactive,,*,-1,-1
2025-01-10T15:56:27.409-05:00,IdeState,Inactive,,*,-1,-1
2025-01-10T15:56:28.410-05:00,IdeState,Inactive,,*,-1,-1
2025-01-10T15:56:29.412-05:00,IdeState,Inactive,,*,-1,-1
2025-01-10T15:56:30.413-05:00,IdeState,Inactive,,*,-1,-1
2025-01-10T15:56:31.415-05:00,IdeState,Inactive,,*,-1,-1
2025-01-10T15:56:32.416-05:00,IdeState,Inactive,,*,-1,-1
2025-01-10T15:56:33.417-05:00,IdeState,Inactive,,*,-1,-1
2025-01-10T15:56:34.418-05:00,IdeState,Inactive,,*,-1,-1
2025-01-10T15:56:35.419-05:00,IdeState,Inactive,,*,-1,-1
2025-01-10T15:56:36.420-05:00,IdeState,Inactive,,*,-1,-1
2025-01-10T15:56:37.422-05:00,IdeState,Inactive,,*,-1,-1
2025-01-10T15:56:38.423-05:00,IdeState,Inactive,,*,-1,-1
2025-01-10T15:56:39.423-05:00,IdeState,Inactive,,*,-1,-1
2025-01-10T15:56:40.424-05:00,IdeState,Inactive,,*,-1,-1
2025-01-10T15:56:41.424-05:00,IdeState,Inactive,,*,-1,-1
2025-01-10T15:56:42.426-05:00,IdeState,Inactive,,*,-1,-1
2025-01-10T15:56:43.426-05:00,IdeState,Inactive,,*,-1,-1
2025-01-10T15:56:44.427-05:00,IdeState,Inactive,,*,-1,-1
2025-01-10T15:56:45.428-05:00,IdeState,Inactive,,*,-1,-1
2025-01-10T15:56:46.429-05:00,IdeState,Inactive,,*,-1,-1
2025-01-10T15:56:47.430-05:00,IdeState,Inactive,,*,-1,-1
2025-01-10T15:56:48.431-05:00,IdeState,Inactive,,*,-1,-1
2025-01-10T15:56:49.432-05:00,IdeState,Inactive,,*,-1,-1
2025-01-10T15:56:50.433-05:00,IdeState,Inactive,,*,-1,-1
2025-01-10T15:56:51.434-05:00,IdeState,Inactive,,*,-1,-1
2025-01-10T15:56:52.436-05:00,IdeState,Inactive,,*,-1,-1
2025-01-10T15:56:53.437-05:00,IdeState,Inactive,,*,-1,-1
2025-01-10T15:56:54.438-05:00,IdeState,Inactive,,*,-1,-1
2025-01-10T15:56:55.440-05:00,IdeState,Inactive,,*,-1,-1
2025-01-10T15:56:56.442-05:00,IdeState,Inactive,,*,-1,-1
2025-01-10T15:56:57.442-05:00,IdeState,Inactive,,*,-1,-1
2025-01-10T15:56:58.443-05:00,IdeState,Inactive,,*,-1,-1
2025-01-10T15:56:59.444-05:00,IdeState,Inactive,,*,-1,-1
2025-01-10T15:57:00.444-05:00,IdeState,Inactive,,*,-1,-1
2025-01-10T15:57:01.445-05:00,IdeState,Inactive,,*,-1,-1
2025-01-10T15:57:02.447-05:00,IdeState,Inactive,,*,-1,-1
2025-01-10T15:57:03.449-05:00,IdeState,Inactive,,*,-1,-1
2025-01-10T15:57:04.450-05:00,IdeState,Inactive,,*,-1,-1
2025-01-10T15:57:05.452-05:00,IdeState,Inactive,,*,-1,-1
2025-01-10T15:57:06.453-05:00,IdeState,Inactive,,*,-1,-1
2025-01-10T15:57:07.454-05:00,IdeState,Inactive,,*,-1,-1
2025-01-10T15:57:08.454-05:00,IdeState,Inactive,,*,-1,-1
2025-01-10T15:57:09.455-05:00,IdeState,Inactive,,*,-1,-1
2025-01-10T15:57:10.457-05:00,IdeState,Inactive,,*,-1,-1
2025-01-10T15:57:11.458-05:00,IdeState,Inactive,,*,-1,-1
2025-01-10T15:57:12.458-05:00,IdeState,Inactive,,*,-1,-1
2025-01-10T15:57:13.459-05:00,IdeState,Inactive,,*,-1,-1
2025-01-10T15:57:14.460-05:00,IdeState,Inactive,,*,-1,-1
2025-01-10T15:57:15.463-05:00,IdeState,Inactive,,*,-1,-1
2025-01-10T15:57:16.464-05:00,IdeState,Inactive,,*,-1,-1
2025-01-10T15:57:17.466-05:00,IdeState,Inactive,,*,-1,-1
2025-01-10T15:57:18.482-05:00,IdeState,Inactive,,*,-1,-1
2025-01-10T15:57:19.483-05:00,IdeState,Inactive,,*,-1,-1
2025-01-10T15:57:20.485-05:00,IdeState,Inactive,,*,-1,-1
2025-01-10T15:57:21.487-05:00,IdeState,Inactive,,*,-1,-1
2025-01-10T15:57:22.488-05:00,IdeState,Inactive,,*,-1,-1
2025-01-10T15:57:23.489-05:00,IdeState,Inactive,,*,-1,-1
2025-01-10T15:57:24.490-05:00,IdeState,Inactive,,*,-1,-1
2025-01-10T15:57:25.492-05:00,IdeState,Inactive,,*,-1,-1
2025-01-10T15:57:26.493-05:00,IdeState,Inactive,,*,-1,-1
2025-01-10T15:57:27.495-05:00,IdeState,Inactive,,*,-1,-1
2025-01-10T15:57:28.496-05:00,IdeState,Inactive,,*,-1,-1
2025-01-10T15:57:29.497-05:00,IdeState,Inactive,,*,-1,-1
2025-01-10T15:57:30.498-05:00,IdeState,Inactive,,*,-1,-1
2025-01-10T15:57:31.499-05:00,IdeState,Inactive,,*,-1,-1
2025-01-10T15:57:32.500-05:00,IdeState,Inactive,,*,-1,-1
2025-01-10T15:57:33.500-05:00,IdeState,Inactive,,*,-1,-1
2025-01-10T15:57:34.501-05:00,IdeState,Inactive,,*,-1,-1
2025-01-10T15:57:35.502-05:00,IdeState,Inactive,,*,-1,-1
2025-01-10T15:57:36.503-05:00,IdeState,Inactive,,*,-1,-1
2025-01-10T15:57:37.503-05:00,IdeState,Inactive,,*,-1,-1
2025-01-10T15:57:38.504-05:00,IdeState,Inactive,,*,-1,-1
2025-01-10T15:57:39.505-05:00,IdeState,Inactive,,*,-1,-1
2025-01-10T15:57:40.506-05:00,IdeState,Inactive,,*,-1,-1
2025-01-10T15:57:41.508-05:00,IdeState,Inactive,,*,-1,-1
2025-01-10T15:57:42.509-05:00,IdeState,Inactive,,*,-1,-1
2025-01-10T15:57:43.509-05:00,IdeState,Inactive,,*,-1,-1
2025-01-10T15:57:44.512-05:00,IdeState,Inactive,,*,-1,-1
2025-01-10T15:57:45.514-05:00,IdeState,Inactive,,*,-1,-1
2025-01-10T15:57:46.514-05:00,IdeState,Inactive,,*,-1,-1
2025-01-10T15:57:47.515-05:00,IdeState,Inactive,,*,-1,-1
2025-01-10T15:57:48.517-05:00,IdeState,Inactive,,*,-1,-1
2025-01-10T15:57:49.519-05:00,IdeState,Inactive,,*,-1,-1
2025-01-10T15:57:50.519-05:00,IdeState,Inactive,,*,-1,-1
2025-01-10T15:57:51.521-05:00,IdeState,Inactive,,*,-1,-1
2025-01-10T15:57:52.522-05:00,IdeState,Inactive,,*,-1,-1
2025-01-10T15:57:53.523-05:00,IdeState,Inactive,,*,-1,-1
2025-01-10T15:57:54.524-05:00,IdeState,Inactive,,*,-1,-1
2025-01-10T15:57:55.525-05:00,IdeState,Inactive,,*,-1,-1
2025-01-10T15:57:56.527-05:00,IdeState,Inactive,,*,-1,-1
2025-01-10T15:57:57.529-05:00,IdeState,Inactive,,*,-1,-1
2025-01-10T15:57:58.530-05:00,IdeState,Inactive,,*,-1,-1
2025-01-10T15:57:59.532-05:00,IdeState,Inactive,,*,-1,-1
2025-01-10T15:58:00.533-05:00,IdeState,Inactive,,*,-1,-1
2025-01-10T15:58:01.534-05:00,IdeState,Inactive,,*,-1,-1
2025-01-10T15:58:02.535-05:00,IdeState,Inactive,,*,-1,-1
2025-01-10T15:58:03.537-05:00,IdeState,Inactive,,*,-1,-1
2025-01-10T15:58:04.538-05:00,IdeState,Inactive,,*,-1,-1
2025-01-10T15:58:05.540-05:00,IdeState,Inactive,,*,-1,-1
2025-01-10T15:58:06.541-05:00,IdeState,Inactive,,*,-1,-1
2025-01-10T15:58:07.543-05:00,IdeState,Inactive,,*,-1,-1
2025-01-10T15:58:08.544-05:00,IdeState,Inactive,,*,-1,-1
2025-01-10T15:58:09.544-05:00,IdeState,Inactive,,*,-1,-1
2025-01-10T15:58:10.545-05:00,IdeState,Inactive,,*,-1,-1
2025-01-10T15:58:11.548-05:00,IdeState,Inactive,,*,-1,-1
2025-01-10T15:58:12.549-05:00,IdeState,Inactive,,*,-1,-1
2025-01-10T15:58:13.551-05:00,IdeState,Inactive,,*,-1,-1
2025-01-10T15:58:14.552-05:00,IdeState,Inactive,,*,-1,-1
2025-01-10T15:58:15.553-05:00,IdeState,Inactive,,*,-1,-1
2025-01-10T15:58:16.555-05:00,IdeState,Inactive,,*,-1,-1
2025-01-10T15:58:17.556-05:00,IdeState,Inactive,,*,-1,-1
2025-01-10T15:58:18.556-05:00,IdeState,Inactive,,*,-1,-1
2025-01-10T15:58:19.557-05:00,IdeState,Inactive,,*,-1,-1
2025-01-10T15:58:20.557-05:00,IdeState,Inactive,,*,-1,-1
2025-01-10T15:58:21.558-05:00,IdeState,Inactive,,*,-1,-1
2025-01-10T15:58:22.560-05:00,IdeState,Inactive,,*,-1,-1
2025-01-10T15:58:23.560-05:00,IdeState,Inactive,,*,-1,-1
2025-01-10T15:58:24.561-05:00,IdeState,Inactive,,*,-1,-1
2025-01-10T15:58:25.562-05:00,IdeState,Inactive,,*,-1,-1
2025-01-10T15:58:26.563-05:00,IdeState,Inactive,,*,-1,-1
2025-01-10T15:58:27.565-05:00,IdeState,Inactive,,*,-1,-1
2025-01-10T15:58:28.566-05:00,IdeState,Inactive,,*,-1,-1
2025-01-10T15:58:29.567-05:00,IdeState,Inactive,,*,-1,-1
2025-01-10T15:58:30.568-05:00,IdeState,Inactive,,*,-1,-1
2025-01-10T15:58:31.570-05:00,IdeState,Inactive,,*,-1,-1
2025-01-10T15:58:32.571-05:00,IdeState,Inactive,,*,-1,-1
2025-01-10T15:58:33.572-05:00,IdeState,Inactive,,*,-1,-1
2025-01-10T15:58:34.573-05:00,IdeState,Inactive,,*,-1,-1
2025-01-10T15:58:35.575-05:00,IdeState,Inactive,,*,-1,-1
2025-01-10T15:58:36.577-05:00,IdeState,Inactive,,*,-1,-1
2025-01-10T15:58:37.578-05:00,IdeState,Inactive,,*,-1,-1
2025-01-10T15:58:38.580-05:00,IdeState,Inactive,,*,-1,-1
2025-01-10T15:58:39.582-05:00,IdeState,Inactive,,*,-1,-1
2025-01-10T15:58:40.583-05:00,IdeState,Inactive,,*,-1,-1
2025-01-10T15:58:41.585-05:00,IdeState,Inactive,,*,-1,-1
2025-01-10T15:58:42.586-05:00,IdeState,Inactive,,*,-1,-1
2025-01-10T15:58:43.587-05:00,IdeState,Inactive,,*,-1,-1
2025-01-10T15:58:44.589-05:00,IdeState,Inactive,,*,-1,-1
2025-01-10T15:58:45.590-05:00,IdeState,Inactive,,*,-1,-1
2025-01-10T15:58:46.592-05:00,IdeState,Inactive,,*,-1,-1
2025-01-10T15:58:47.593-05:00,IdeState,Inactive,,*,-1,-1
2025-01-10T15:58:48.596-05:00,IdeState,Inactive,,*,-1,-1
2025-01-10T15:58:49.596-05:00,IdeState,Inactive,,*,-1,-1
2025-01-10T15:58:50.598-05:00,IdeState,Inactive,,*,-1,-1
2025-01-10T15:58:51.600-05:00,IdeState,Inactive,,*,-1,-1
2025-01-10T15:58:52.600-05:00,IdeState,Inactive,,*,-1,-1
2025-01-10T15:58:53.601-05:00,IdeState,Inactive,,*,-1,-1
2025-01-10T15:58:54.602-05:00,IdeState,Inactive,,*,-1,-1
2025-01-10T15:58:55.602-05:00,IdeState,Inactive,,*,-1,-1
2025-01-10T15:58:56.603-05:00,IdeState,Inactive,,*,-1,-1
2025-01-10T15:58:57.605-05:00,IdeState,Inactive,,*,-1,-1
2025-01-10T15:58:58.606-05:00,IdeState,Inactive,,*,-1,-1
2025-01-10T15:58:59.607-05:00,IdeState,Inactive,,*,-1,-1
2025-01-10T15:59:00.608-05:00,IdeState,Inactive,,*,-1,-1
2025-01-10T15:59:01.609-05:00,IdeState,Inactive,,*,-1,-1
2025-01-10T15:59:02.611-05:00,IdeState,Inactive,,*,-1,-1
2025-01-10T15:59:03.612-05:00,IdeState,Inactive,,*,-1,-1
2025-01-10T15:59:04.614-05:00,IdeState,Inactive,,*,-1,-1
2025-01-10T15:59:05.616-05:00,IdeState,Inactive,,*,-1,-1
2025-01-10T15:59:06.617-05:00,IdeState,Inactive,,*,-1,-1
2025-01-10T15:59:07.618-05:00,IdeState,Inactive,,*,-1,-1
2025-01-10T15:59:08.618-05:00,IdeState,Inactive,,*,-1,-1
2025-01-10T15:59:09.619-05:00,IdeState,Inactive,,*,-1,-1
2025-01-10T15:59:10.620-05:00,IdeState,Inactive,,*,-1,-1
2025-01-10T15:59:11.621-05:00,IdeState,Inactive,,*,-1,-1
2025-01-10T15:59:12.623-05:00,IdeState,Inactive,,*,-1,-1
2025-01-10T15:59:13.625-05:00,IdeState,Inactive,,*,-1,-1
2025-01-10T15:59:14.626-05:00,IdeState,Inactive,,*,-1,-1
2025-01-10T15:59:15.626-05:00,IdeState,Inactive,,*,-1,-1
2025-01-10T15:59:16.627-05:00,IdeState,Inactive,,*,-1,-1
2025-01-10T15:59:17.628-05:00,IdeState,Inactive,,*,-1,-1
2025-01-10T15:59:18.630-05:00,IdeState,Inactive,,*,-1,-1
2025-01-10T15:59:19.631-05:00,IdeState,Inactive,,*,-1,-1
2025-01-10T15:59:20.633-05:00,IdeState,Inactive,,*,-1,-1
2025-01-10T15:59:21.634-05:00,IdeState,Inactive,,*,-1,-1
2025-01-10T15:59:22.636-05:00,IdeState,Inactive,,*,-1,-1
2025-01-10T15:59:23.637-05:00,IdeState,Inactive,,*,-1,-1
2025-01-10T15:59:24.638-05:00,IdeState,Inactive,,*,-1,-1
2025-01-10T15:59:25.640-05:00,IdeState,Inactive,,*,-1,-1
2025-01-10T15:59:26.641-05:00,IdeState,Inactive,,*,-1,-1
2025-01-10T15:59:27.642-05:00,IdeState,Inactive,,*,-1,-1
2025-01-10T15:59:28.643-05:00,IdeState,Inactive,,*,-1,-1
2025-01-10T15:59:29.644-05:00,IdeState,Inactive,,*,-1,-1
2025-01-10T15:59:30.644-05:00,IdeState,Inactive,,*,-1,-1
2025-01-10T15:59:31.646-05:00,IdeState,Inactive,,*,-1,-1
2025-01-10T15:59:32.647-05:00,IdeState,Inactive,,*,-1,-1
2025-01-10T15:59:33.648-05:00,IdeState,Inactive,,*,-1,-1
2025-01-10T15:59:34.649-05:00,IdeState,Inactive,,*,-1,-1
2025-01-10T15:59:35.651-05:00,IdeState,Inactive,,*,-1,-1
2025-01-10T15:59:36.652-05:00,IdeState,Inactive,,*,-1,-1
2025-01-10T15:59:37.653-05:00,IdeState,Inactive,,*,-1,-1
2025-01-10T15:59:38.654-05:00,IdeState,Inactive,,*,-1,-1
2025-01-10T15:59:39.656-05:00,IdeState,Inactive,,*,-1,-1
2025-01-10T15:59:40.657-05:00,IdeState,Inactive,,*,-1,-1
2025-01-10T15:59:41.658-05:00,IdeState,Inactive,,*,-1,-1
2025-01-10T15:59:42.659-05:00,IdeState,Inactive,,*,-1,-1
2025-01-10T15:59:43.660-05:00,IdeState,Inactive,,*,-1,-1
2025-01-10T15:59:44.662-05:00,IdeState,Inactive,,*,-1,-1
2025-01-10T15:59:45.664-05:00,IdeState,Inactive,,*,-1,-1
2025-01-10T15:59:46.666-05:00,IdeState,Inactive,,*,-1,-1
2025-01-10T15:59:47.667-05:00,IdeState,Inactive,,*,-1,-1
2025-01-10T15:59:48.668-05:00,IdeState,Inactive,,*,-1,-1
2025-01-10T15:59:49.669-05:00,IdeState,Inactive,,*,-1,-1
2025-01-10T15:59:50.670-05:00,IdeState,Inactive,,*,-1,-1
2025-01-10T15:59:51.672-05:00,IdeState,Inactive,,*,-1,-1
2025-01-10T15:59:52.673-05:00,IdeState,Inactive,,*,-1,-1
2025-01-10T15:59:53.674-05:00,IdeState,Inactive,,*,-1,-1
2025-01-10T15:59:54.675-05:00,IdeState,Inactive,,*,-1,-1
2025-01-10T15:59:55.677-05:00,IdeState,Inactive,,*,-1,-1
2025-01-10T15:59:56.678-05:00,IdeState,Inactive,,*,-1,-1
2025-01-10T15:59:57.679-05:00,IdeState,Inactive,,*,-1,-1
2025-01-10T15:59:58.680-05:00,IdeState,Inactive,,*,-1,-1
2025-01-10T15:59:59.681-05:00,IdeState,Inactive,,*,-1,-1
2025-01-10T16:00:00.682-05:00,IdeState,Inactive,,*,-1,-1
2025-01-10T16:00:01.682-05:00,IdeState,Inactive,,*,-1,-1
2025-01-10T16:00:02.684-05:00,IdeState,Inactive,,*,-1,-1
2025-01-10T16:00:03.685-05:00,IdeState,Inactive,,*,-1,-1
2025-01-10T16:00:04.687-05:00,IdeState,Inactive,,*,-1,-1
2025-01-10T16:00:05.687-05:00,IdeState,Inactive,,*,-1,-1
2025-01-10T16:00:06.688-05:00,IdeState,Inactive,,*,-1,-1
2025-01-10T16:00:07.689-05:00,IdeState,Inactive,,*,-1,-1
2025-01-10T16:00:08.690-05:00,IdeState,Inactive,,*,-1,-1
2025-01-10T16:00:09.692-05:00,IdeState,Inactive,,*,-1,-1
2025-01-10T16:00:10.694-05:00,IdeState,Inactive,,*,-1,-1
2025-01-10T16:00:11.696-05:00,IdeState,Inactive,,*,-1,-1
2025-01-10T16:00:12.697-05:00,IdeState,Inactive,,*,-1,-1
2025-01-10T16:00:13.698-05:00,IdeState,Inactive,,*,-1,-1
2025-01-10T16:00:14.700-05:00,IdeState,Inactive,,*,-1,-1
2025-01-10T16:00:15.700-05:00,IdeState,Inactive,,*,-1,-1
2025-01-10T16:00:16.701-05:00,IdeState,Inactive,,*,-1,-1
2025-01-10T16:00:17.703-05:00,IdeState,Inactive,,*,-1,-1
2025-01-10T16:00:18.704-05:00,IdeState,Inactive,,*,-1,-1
2025-01-10T16:00:19.706-05:00,IdeState,Inactive,,*,-1,-1
2025-01-10T16:00:20.707-05:00,IdeState,Inactive,,*,-1,-1
2025-01-10T16:00:21.709-05:00,IdeState,Inactive,,*,-1,-1
2025-01-10T16:00:22.711-05:00,IdeState,Inactive,,*,-1,-1
2025-01-10T16:00:23.723-05:00,IdeState,Inactive,,*,-1,-1
2025-01-10T16:00:24.724-05:00,IdeState,Inactive,,*,-1,-1
2025-01-10T16:00:25.725-05:00,IdeState,Inactive,,*,-1,-1
2025-01-10T16:00:26.726-05:00,IdeState,Inactive,,*,-1,-1
2025-01-10T16:00:27.727-05:00,IdeState,Inactive,,*,-1,-1
2025-01-10T16:00:28.728-05:00,IdeState,Inactive,,*,-1,-1
2025-01-10T16:00:29.729-05:00,IdeState,Inactive,,*,-1,-1
2025-01-10T16:00:30.730-05:00,IdeState,Inactive,,*,-1,-1
2025-01-10T16:00:31.732-05:00,IdeState,Inactive,,*,-1,-1
2025-01-10T16:00:32.733-05:00,IdeState,Inactive,,*,-1,-1
2025-01-10T16:00:33.734-05:00,IdeState,Inactive,,*,-1,-1
2025-01-10T16:00:34.735-05:00,IdeState,Inactive,,*,-1,-1
2025-01-10T16:00:35.737-05:00,IdeState,Inactive,,*,-1,-1
2025-01-10T16:00:36.740-05:00,IdeState,Inactive,,*,-1,-1
2025-01-10T16:00:37.740-05:00,IdeState,Inactive,,*,-1,-1
2025-01-10T16:00:38.741-05:00,IdeState,Inactive,,*,-1,-1
2025-01-10T16:00:39.742-05:00,IdeState,Inactive,,*,-1,-1
2025-01-10T16:00:40.743-05:00,IdeState,Inactive,,*,-1,-1
2025-01-10T16:00:41.744-05:00,IdeState,Inactive,,*,-1,-1
2025-01-10T16:00:42.745-05:00,IdeState,Inactive,,*,-1,-1
2025-01-10T16:00:43.747-05:00,IdeState,Inactive,,*,-1,-1
2025-01-10T16:00:44.748-05:00,IdeState,Inactive,,*,-1,-1
2025-01-10T16:00:45.749-05:00,IdeState,Inactive,,*,-1,-1
2025-01-10T16:00:46.751-05:00,IdeState,Inactive,,*,-1,-1
2025-01-10T16:00:47.752-05:00,IdeState,Inactive,,*,-1,-1
2025-01-10T16:00:48.753-05:00,IdeState,Inactive,,*,-1,-1
2025-01-10T16:00:49.755-05:00,IdeState,Inactive,,*,-1,-1
2025-01-10T16:00:50.755-05:00,IdeState,Inactive,,*,-1,-1
2025-01-10T16:00:51.757-05:00,IdeState,Inactive,,*,-1,-1
2025-01-10T16:00:52.758-05:00,IdeState,Inactive,,*,-1,-1
2025-01-10T16:00:53.759-05:00,IdeState,Inactive,,*,-1,-1
2025-01-10T16:00:54.760-05:00,IdeState,Inactive,,*,-1,-1
2025-01-10T16:00:55.761-05:00,IdeState,Inactive,,*,-1,-1
2025-01-10T16:00:56.762-05:00,IdeState,Inactive,,*,-1,-1
2025-01-10T16:00:57.763-05:00,IdeState,Inactive,,*,-1,-1
2025-01-10T16:00:58.765-05:00,IdeState,Inactive,,*,-1,-1
2025-01-10T16:00:59.766-05:00,IdeState,Inactive,,*,-1,-1
2025-01-10T16:01:00.767-05:00,IdeState,Inactive,,*,-1,-1
2025-01-10T16:01:01.768-05:00,IdeState,Inactive,,*,-1,-1
2025-01-10T16:01:02.769-05:00,IdeState,Inactive,,*,-1,-1
2025-01-10T16:01:03.770-05:00,IdeState,Inactive,,*,-1,-1
2025-01-10T16:01:04.771-05:00,IdeState,Inactive,,*,-1,-1
2025-01-10T16:01:05.773-05:00,IdeState,Inactive,,*,-1,-1
2025-01-10T16:01:06.774-05:00,IdeState,Inactive,,*,-1,-1
2025-01-10T16:01:07.775-05:00,IdeState,Inactive,,*,-1,-1
2025-01-10T16:01:08.777-05:00,IdeState,Inactive,,*,-1,-1
2025-01-10T16:01:09.779-05:00,IdeState,Inactive,,*,-1,-1
2025-01-10T16:01:10.780-05:00,IdeState,Inactive,,*,-1,-1
2025-01-10T16:01:11.781-05:00,IdeState,Inactive,,*,-1,-1
2025-01-10T16:01:12.783-05:00,IdeState,Inactive,,*,-1,-1
2025-01-10T16:01:13.784-05:00,IdeState,Inactive,,*,-1,-1
2025-01-10T16:01:14.786-05:00,IdeState,Inactive,,*,-1,-1
2025-01-10T16:01:15.787-05:00,IdeState,Inactive,,*,-1,-1
2025-01-10T16:01:16.788-05:00,IdeState,Inactive,,*,-1,-1
2025-01-10T16:01:17.790-05:00,IdeState,Inactive,,*,-1,-1
2025-01-10T16:01:18.790-05:00,IdeState,Inactive,,*,-1,-1
2025-01-10T16:01:19.792-05:00,IdeState,Inactive,,*,-1,-1
2025-01-10T16:01:20.793-05:00,IdeState,Inactive,,*,-1,-1
2025-01-10T16:01:21.794-05:00,IdeState,Inactive,,*,-1,-1
2025-01-10T16:01:22.815-05:00,IdeState,Inactive,,*,-1,-1
2025-01-10T16:01:23.817-05:00,IdeState,Inactive,,*,-1,-1
2025-01-10T16:01:24.819-05:00,IdeState,Inactive,,*,-1,-1
2025-01-10T16:01:25.821-05:00,IdeState,Inactive,,*,-1,-1
2025-01-10T16:01:26.823-05:00,IdeState,Inactive,,*,-1,-1
2025-01-10T16:01:27.824-05:00,IdeState,Inactive,,*,-1,-1
2025-01-10T16:01:28.825-05:00,IdeState,Inactive,,*,-1,-1
2025-01-10T16:01:29.826-05:00,IdeState,Inactive,,*,-1,-1
2025-01-10T16:01:30.827-05:00,IdeState,Inactive,,*,-1,-1
2025-01-10T16:01:31.828-05:00,IdeState,Inactive,,*,-1,-1
2025-01-10T16:01:32.837-05:00,IdeState,Inactive,,*,-1,-1
2025-01-10T16:01:33.838-05:00,IdeState,Inactive,,*,-1,-1
2025-01-10T16:01:34.838-05:00,IdeState,Inactive,,*,-1,-1
2025-01-10T16:01:35.839-05:00,IdeState,Inactive,,*,-1,-1
2025-01-10T16:01:36.841-05:00,IdeState,Inactive,,*,-1,-1
2025-01-10T16:01:37.842-05:00,IdeState,Inactive,,*,-1,-1
2025-01-10T16:01:38.843-05:00,IdeState,Inactive,,*,-1,-1
2025-01-10T16:01:39.845-05:00,IdeState,Inactive,,*,-1,-1
2025-01-10T16:01:40.847-05:00,IdeState,Inactive,,*,-1,-1
2025-01-10T16:01:41.848-05:00,IdeState,Inactive,,*,-1,-1
2025-01-10T16:01:42.850-05:00,IdeState,Inactive,,*,-1,-1
2025-01-10T16:01:43.851-05:00,IdeState,Inactive,,*,-1,-1
2025-01-10T16:01:44.853-05:00,IdeState,Inactive,,*,-1,-1
2025-01-10T16:01:45.855-05:00,IdeState,Inactive,,*,-1,-1
2025-01-10T16:01:46.857-05:00,IdeState,Inactive,,*,-1,-1
2025-01-10T16:01:47.857-05:00,IdeState,Inactive,,*,-1,-1
2025-01-10T16:01:48.859-05:00,IdeState,Inactive,,*,-1,-1
2025-01-10T16:01:49.860-05:00,IdeState,Inactive,,*,-1,-1
2025-01-10T16:01:50.861-05:00,IdeState,Inactive,,*,-1,-1
2025-01-10T16:01:51.862-05:00,IdeState,Inactive,,*,-1,-1
2025-01-10T16:01:52.862-05:00,IdeState,Inactive,,*,-1,-1
2025-01-10T16:01:53.864-05:00,IdeState,Inactive,,*,-1,-1
2025-01-10T16:01:54.865-05:00,IdeState,Inactive,,*,-1,-1
2025-01-10T16:01:55.868-05:00,IdeState,Inactive,,*,-1,-1
2025-01-10T16:01:56.869-05:00,IdeState,Inactive,,*,-1,-1
2025-01-10T16:01:57.870-05:00,IdeState,Inactive,,*,-1,-1
2025-01-10T16:01:58.871-05:00,IdeState,Inactive,,*,-1,-1
2025-01-10T16:01:59.871-05:00,IdeState,Inactive,,*,-1,-1
2025-01-10T16:02:00.873-05:00,IdeState,Inactive,,*,-1,-1
2025-01-10T16:02:01.874-05:00,IdeState,Inactive,,*,-1,-1
2025-01-10T16:02:02.875-05:00,IdeState,Inactive,,*,-1,-1
2025-01-10T16:02:03.877-05:00,IdeState,Inactive,,*,-1,-1
2025-01-10T16:02:04.878-05:00,IdeState,Inactive,,*,-1,-1
2025-01-10T16:02:05.879-05:00,IdeState,Inactive,,*,-1,-1
2025-01-10T16:02:06.880-05:00,IdeState,Inactive,,*,-1,-1
2025-01-10T16:02:07.882-05:00,IdeState,Inactive,,*,-1,-1
2025-01-10T16:02:08.883-05:00,IdeState,Inactive,,*,-1,-1
2025-01-10T16:02:09.906-05:00,IdeState,Inactive,,*,-1,-1
2025-01-10T16:02:10.926-05:00,IdeState,Inactive,,*,-1,-1
2025-01-10T16:02:11.929-05:00,IdeState,Inactive,,*,-1,-1
2025-01-10T16:02:12.930-05:00,IdeState,Inactive,,*,-1,-1
2025-01-10T16:02:13.931-05:00,IdeState,Inactive,,*,-1,-1
2025-01-10T16:02:14.932-05:00,IdeState,Inactive,,*,-1,-1
2025-01-10T16:02:15.933-05:00,IdeState,Inactive,,*,-1,-1
2025-01-10T16:02:16.935-05:00,IdeState,Inactive,,*,-1,-1
2025-01-10T16:02:17.937-05:00,IdeState,Inactive,,*,-1,-1
2025-01-10T16:02:18.938-05:00,IdeState,Inactive,,*,-1,-1
2025-01-10T16:02:19.939-05:00,IdeState,Inactive,,*,-1,-1
2025-01-10T16:02:20.941-05:00,IdeState,Inactive,,*,-1,-1
2025-01-10T16:02:21.942-05:00,IdeState,Inactive,,*,-1,-1
2025-01-10T16:02:22.943-05:00,IdeState,Inactive,,*,-1,-1
2025-01-10T16:02:23.943-05:00,IdeState,Inactive,,*,-1,-1
2025-01-10T16:02:24.944-05:00,IdeState,Inactive,,*,-1,-1
2025-01-10T16:02:25.945-05:00,IdeState,Inactive,,*,-1,-1
2025-01-10T16:02:26.947-05:00,IdeState,Inactive,,*,-1,-1
2025-01-10T16:02:27.949-05:00,IdeState,Inactive,,*,-1,-1
2025-01-10T16:02:28.951-05:00,IdeState,Inactive,,*,-1,-1
2025-01-10T16:02:29.953-05:00,IdeState,Inactive,,*,-1,-1
2025-01-10T16:02:30.954-05:00,IdeState,Inactive,,*,-1,-1
2025-01-10T16:02:31.955-05:00,IdeState,Inactive,,*,-1,-1
2025-01-10T16:02:32.956-05:00,IdeState,Inactive,,*,-1,-1
2025-01-10T16:02:33.982-05:00,IdeState,Inactive,,*,-1,-1
2025-01-10T16:02:34.983-05:00,IdeState,Inactive,,*,-1,-1
2025-01-10T16:02:35.986-05:00,IdeState,Inactive,,*,-1,-1
2025-01-10T16:02:36.987-05:00,IdeState,Inactive,,*,-1,-1
2025-01-10T16:02:37.990-05:00,IdeState,Inactive,,*,-1,-1
2025-01-10T16:02:38.991-05:00,IdeState,Inactive,,*,-1,-1
2025-01-10T16:02:39.992-05:00,IdeState,Inactive,,*,-1,-1
2025-01-10T16:02:40.993-05:00,IdeState,Inactive,,*,-1,-1
2025-01-10T16:02:41.995-05:00,IdeState,Inactive,,*,-1,-1
2025-01-10T16:02:42.997-05:00,IdeState,Inactive,,*,-1,-1
2025-01-10T16:02:43.998-05:00,IdeState,Inactive,,*,-1,-1
2025-01-10T16:02:44.999-05:00,IdeState,Inactive,,*,-1,-1
2025-01-10T16:02:46.000-05:00,IdeState,Inactive,,*,-1,-1
2025-01-10T16:02:47.001-05:00,IdeState,Inactive,,*,-1,-1
2025-01-10T16:02:48.002-05:00,IdeState,Inactive,,*,-1,-1
2025-01-10T16:02:49.003-05:00,IdeState,Inactive,,*,-1,-1
2025-01-10T16:02:50.005-05:00,IdeState,Inactive,,*,-1,-1
2025-01-10T16:02:51.007-05:00,IdeState,Inactive,,*,-1,-1
2025-01-10T16:02:52.008-05:00,IdeState,Inactive,,*,-1,-1
2025-01-10T16:02:53.009-05:00,IdeState,Inactive,,*,-1,-1
2025-01-10T16:02:54.010-05:00,IdeState,Inactive,,*,-1,-1
2025-01-10T16:02:55.012-05:00,IdeState,Inactive,,*,-1,-1
2025-01-10T16:02:56.014-05:00,IdeState,Inactive,,*,-1,-1
2025-01-10T16:02:57.014-05:00,IdeState,Inactive,,*,-1,-1
2025-01-10T16:02:58.015-05:00,IdeState,Inactive,,*,-1,-1
2025-01-10T16:02:59.017-05:00,IdeState,Inactive,,*,-1,-1
2025-01-10T16:03:00.017-05:00,IdeState,Inactive,,*,-1,-1
2025-01-10T16:03:01.019-05:00,IdeState,Inactive,,*,-1,-1
2025-01-10T16:03:02.020-05:00,IdeState,Inactive,,*,-1,-1
2025-01-10T16:03:03.021-05:00,IdeState,Inactive,,*,-1,-1
2025-01-10T16:03:04.023-05:00,IdeState,Inactive,,*,-1,-1
2025-01-10T16:03:05.024-05:00,IdeState,Inactive,,*,-1,-1
2025-01-10T16:03:06.026-05:00,IdeState,Inactive,,*,-1,-1
2025-01-10T16:03:07.027-05:00,IdeState,Inactive,,*,-1,-1
2025-01-10T16:03:08.028-05:00,IdeState,Inactive,,*,-1,-1
2025-01-10T16:03:09.029-05:00,IdeState,Inactive,,*,-1,-1
2025-01-10T16:03:10.031-05:00,IdeState,Inactive,,*,-1,-1
2025-01-10T16:03:11.032-05:00,IdeState,Inactive,,*,-1,-1
2025-01-10T16:03:12.034-05:00,IdeState,Inactive,,*,-1,-1
2025-01-10T16:03:13.035-05:00,IdeState,Inactive,,*,-1,-1
2025-01-10T16:03:14.037-05:00,IdeState,Inactive,,*,-1,-1
2025-01-10T16:03:15.039-05:00,IdeState,Inactive,,*,-1,-1
2025-01-10T16:03:16.039-05:00,IdeState,Inactive,,*,-1,-1
2025-01-10T16:03:17.041-05:00,IdeState,Inactive,,*,-1,-1
2025-01-10T16:03:18.042-05:00,IdeState,Inactive,,*,-1,-1
2025-01-10T16:03:19.044-05:00,IdeState,Inactive,,*,-1,-1
2025-01-10T16:03:20.045-05:00,IdeState,Inactive,,*,-1,-1
2025-01-10T16:03:21.046-05:00,IdeState,Inactive,,*,-1,-1
2025-01-10T16:03:22.047-05:00,IdeState,Inactive,,*,-1,-1
2025-01-10T16:03:23.048-05:00,IdeState,Inactive,,*,-1,-1
2025-01-10T16:03:24.051-05:00,IdeState,Inactive,,*,-1,-1
2025-01-10T16:03:25.052-05:00,IdeState,Inactive,,*,-1,-1
2025-01-10T16:03:26.053-05:00,IdeState,Inactive,,*,-1,-1
2025-01-10T16:03:27.054-05:00,IdeState,Inactive,,*,-1,-1
2025-01-10T16:03:28.055-05:00,IdeState,Inactive,,*,-1,-1
2025-01-10T16:03:29.056-05:00,IdeState,Inactive,,*,-1,-1
2025-01-10T16:03:30.057-05:00,IdeState,Inactive,,*,-1,-1
2025-01-10T16:03:31.059-05:00,IdeState,Inactive,,*,-1,-1
2025-01-10T16:03:32.059-05:00,IdeState,Inactive,,*,-1,-1
2025-01-10T16:03:33.060-05:00,IdeState,Inactive,,*,-1,-1
2025-01-10T16:03:34.062-05:00,IdeState,Inactive,,*,-1,-1
2025-01-10T16:03:35.064-05:00,IdeState,Inactive,,*,-1,-1
2025-01-10T16:03:36.066-05:00,IdeState,Inactive,,*,-1,-1
2025-01-10T16:03:37.084-05:00,IdeState,Inactive,,*,-1,-1
2025-01-10T16:03:38.086-05:00,IdeState,Inactive,,*,-1,-1
2025-01-10T16:03:39.088-05:00,IdeState,Inactive,,*,-1,-1
2025-01-10T16:03:40.088-05:00,IdeState,Inactive,,*,-1,-1
2025-01-10T16:03:41.089-05:00,IdeState,Inactive,,*,-1,-1
2025-01-10T16:03:42.090-05:00,IdeState,Inactive,,*,-1,-1
2025-01-10T16:03:43.091-05:00,IdeState,Inactive,,*,-1,-1
2025-01-10T16:03:44.092-05:00,IdeState,Inactive,,*,-1,-1
2025-01-10T16:03:45.094-05:00,IdeState,Inactive,,*,-1,-1
2025-01-10T16:03:46.095-05:00,IdeState,Inactive,,*,-1,-1
2025-01-10T16:03:47.097-05:00,IdeState,Inactive,,*,-1,-1
2025-01-10T16:03:48.099-05:00,IdeState,Inactive,,*,-1,-1
2025-01-10T16:03:49.101-05:00,IdeState,Inactive,,*,-1,-1
2025-01-10T16:03:50.103-05:00,IdeState,Inactive,,*,-1,-1
2025-01-10T16:03:51.104-05:00,IdeState,Inactive,,*,-1,-1
2025-01-10T16:03:52.106-05:00,IdeState,Inactive,,*,-1,-1
2025-01-10T16:03:53.107-05:00,IdeState,Inactive,,*,-1,-1
2025-01-10T16:03:54.109-05:00,IdeState,Inactive,,*,-1,-1
2025-01-10T16:03:55.111-05:00,IdeState,Inactive,,*,-1,-1
2025-01-10T16:03:56.112-05:00,IdeState,Inactive,,*,-1,-1
2025-01-10T16:03:57.112-05:00,IdeState,Inactive,,*,-1,-1
2025-01-10T16:03:58.114-05:00,IdeState,Inactive,,*,-1,-1
2025-01-10T16:03:59.115-05:00,IdeState,Inactive,,*,-1,-1
2025-01-10T16:04:00.118-05:00,IdeState,Inactive,,*,-1,-1
2025-01-10T16:04:01.120-05:00,IdeState,Inactive,,*,-1,-1
2025-01-10T16:04:02.120-05:00,IdeState,Inactive,,*,-1,-1
2025-01-10T16:04:03.123-05:00,IdeState,Inactive,,*,-1,-1
2025-01-10T16:04:04.123-05:00,IdeState,Inactive,,*,-1,-1
2025-01-10T16:04:05.124-05:00,IdeState,Inactive,,*,-1,-1
2025-01-10T16:04:06.125-05:00,IdeState,Inactive,,*,-1,-1
2025-01-10T16:04:07.125-05:00,IdeState,Inactive,,*,-1,-1
2025-01-10T16:04:08.127-05:00,IdeState,Inactive,,*,-1,-1
2025-01-10T16:04:09.128-05:00,IdeState,Inactive,,*,-1,-1
2025-01-10T16:04:10.129-05:00,IdeState,Inactive,,*,-1,-1
2025-01-10T16:04:11.130-05:00,IdeState,Inactive,,*,-1,-1
2025-01-10T16:04:12.130-05:00,IdeState,Inactive,,*,-1,-1
2025-01-10T16:04:13.131-05:00,IdeState,Inactive,,*,-1,-1
2025-01-10T16:04:14.134-05:00,IdeState,Inactive,,*,-1,-1
2025-01-10T16:04:15.135-05:00,IdeState,Inactive,,*,-1,-1
2025-01-10T16:04:16.137-05:00,IdeState,Inactive,,*,-1,-1
2025-01-10T16:04:17.137-05:00,IdeState,Inactive,,*,-1,-1
2025-01-10T16:04:18.138-05:00,IdeState,Inactive,,*,-1,-1
2025-01-10T16:04:19.139-05:00,IdeState,Inactive,,*,-1,-1
2025-01-10T16:04:20.141-05:00,IdeState,Inactive,,*,-1,-1
2025-01-10T16:04:21.142-05:00,IdeState,Inactive,,*,-1,-1
2025-01-10T16:04:22.143-05:00,IdeState,Inactive,,*,-1,-1
2025-01-10T16:04:23.145-05:00,IdeState,Inactive,,*,-1,-1
2025-01-10T16:04:24.146-05:00,IdeState,Inactive,,*,-1,-1
2025-01-10T16:04:25.147-05:00,IdeState,Inactive,,*,-1,-1
2025-01-10T16:04:26.148-05:00,IdeState,Inactive,,*,-1,-1
2025-01-10T16:04:27.148-05:00,IdeState,Inactive,,*,-1,-1
2025-01-10T16:04:28.150-05:00,IdeState,Inactive,,*,-1,-1
2025-01-10T16:04:29.152-05:00,IdeState,Inactive,,*,-1,-1
2025-01-10T16:04:30.154-05:00,IdeState,Inactive,,*,-1,-1
2025-01-10T16:04:31.156-05:00,IdeState,Inactive,,*,-1,-1
2025-01-10T16:04:32.157-05:00,IdeState,Inactive,,*,-1,-1
2025-01-10T16:04:33.158-05:00,IdeState,Inactive,,*,-1,-1
2025-01-10T16:04:34.159-05:00,IdeState,Inactive,,*,-1,-1
2025-01-10T16:04:35.161-05:00,IdeState,Inactive,,*,-1,-1
2025-01-10T16:04:36.163-05:00,IdeState,Inactive,,*,-1,-1
2025-01-10T16:04:37.164-05:00,IdeState,Inactive,,*,-1,-1
2025-01-10T16:04:38.166-05:00,IdeState,Inactive,,*,-1,-1
2025-01-10T16:04:39.167-05:00,IdeState,Inactive,,*,-1,-1
2025-01-10T16:04:40.170-05:00,IdeState,Inactive,,*,-1,-1
2025-01-10T16:04:41.172-05:00,IdeState,Inactive,,*,-1,-1
2025-01-10T16:04:42.173-05:00,IdeState,Inactive,,*,-1,-1
2025-01-10T16:04:43.174-05:00,IdeState,Inactive,,*,-1,-1
2025-01-10T16:04:44.175-05:00,IdeState,Inactive,,*,-1,-1
2025-01-10T16:04:45.177-05:00,IdeState,Inactive,,*,-1,-1
2025-01-10T16:04:46.179-05:00,IdeState,Inactive,,*,-1,-1
2025-01-10T16:04:47.180-05:00,IdeState,Inactive,,*,-1,-1
2025-01-10T16:04:48.181-05:00,IdeState,Inactive,,*,-1,-1
2025-01-10T16:04:49.182-05:00,IdeState,Inactive,,*,-1,-1
2025-01-10T16:04:50.183-05:00,IdeState,Inactive,,*,-1,-1
2025-01-10T16:04:51.184-05:00,IdeState,Inactive,,*,-1,-1
2025-01-10T16:04:52.185-05:00,IdeState,Inactive,,*,-1,-1
2025-01-10T16:04:53.186-05:00,IdeState,Inactive,,*,-1,-1
2025-01-10T16:04:54.188-05:00,IdeState,Inactive,,*,-1,-1
2025-01-10T16:04:55.189-05:00,IdeState,Inactive,,*,-1,-1
2025-01-10T16:04:56.191-05:00,IdeState,Inactive,,*,-1,-1
2025-01-10T16:04:57.192-05:00,IdeState,Inactive,,*,-1,-1
2025-01-10T16:04:58.194-05:00,IdeState,Inactive,,*,-1,-1
2025-01-10T16:04:59.195-05:00,IdeState,Inactive,,*,-1,-1
2025-01-10T16:05:00.196-05:00,IdeState,Inactive,,*,-1,-1
2025-01-10T16:05:01.198-05:00,IdeState,Inactive,,*,-1,-1
2025-01-10T16:05:02.198-05:00,IdeState,Inactive,,*,-1,-1
2025-01-10T16:05:03.199-05:00,IdeState,Inactive,,*,-1,-1
2025-01-10T16:05:04.201-05:00,IdeState,Inactive,,*,-1,-1
2025-01-10T16:05:05.202-05:00,IdeState,Inactive,,*,-1,-1
2025-01-10T16:05:06.203-05:00,IdeState,Inactive,,*,-1,-1
2025-01-10T16:05:07.204-05:00,IdeState,Inactive,,*,-1,-1
2025-01-10T16:05:08.206-05:00,IdeState,Inactive,,*,-1,-1
2025-01-10T16:05:09.206-05:00,IdeState,Inactive,,*,-1,-1
2025-01-10T16:05:10.207-05:00,IdeState,Inactive,,*,-1,-1
2025-01-10T16:05:11.208-05:00,IdeState,Inactive,,*,-1,-1
2025-01-10T16:05:12.210-05:00,IdeState,Inactive,,*,-1,-1
2025-01-10T16:05:13.211-05:00,IdeState,Inactive,,*,-1,-1
2025-01-10T16:05:14.212-05:00,IdeState,Inactive,,*,-1,-1
2025-01-10T16:05:15.214-05:00,IdeState,Inactive,,*,-1,-1
2025-01-10T16:05:16.216-05:00,IdeState,Inactive,,*,-1,-1
2025-01-10T16:05:17.217-05:00,IdeState,Inactive,,*,-1,-1
2025-01-10T16:05:18.217-05:00,IdeState,Inactive,,*,-1,-1
2025-01-10T16:05:19.218-05:00,IdeState,Inactive,,*,-1,-1
2025-01-10T16:05:20.219-05:00,IdeState,Inactive,,*,-1,-1
2025-01-10T16:05:21.220-05:00,IdeState,Inactive,,*,-1,-1
2025-01-10T16:05:22.221-05:00,IdeState,Inactive,,*,-1,-1
2025-01-10T16:05:23.222-05:00,IdeState,Inactive,,*,-1,-1
2025-01-10T16:05:24.223-05:00,IdeState,Inactive,,*,-1,-1
2025-01-10T16:05:25.224-05:00,IdeState,Inactive,,*,-1,-1
2025-01-10T16:05:26.225-05:00,IdeState,Inactive,,*,-1,-1
2025-01-10T16:05:27.227-05:00,IdeState,Inactive,,*,-1,-1
2025-01-10T16:05:28.228-05:00,IdeState,Inactive,,*,-1,-1
2025-01-10T16:05:29.229-05:00,IdeState,Inactive,,*,-1,-1
2025-01-10T16:05:30.232-05:00,IdeState,Inactive,,*,-1,-1
2025-01-10T16:05:31.234-05:00,IdeState,Inactive,,*,-1,-1
2025-01-10T16:05:32.236-05:00,IdeState,Inactive,,*,-1,-1
2025-01-10T16:05:33.237-05:00,IdeState,Inactive,,*,-1,-1
2025-01-10T16:05:34.239-05:00,IdeState,Inactive,,*,-1,-1
2025-01-10T16:05:35.251-05:00,IdeState,Inactive,,*,-1,-1
2025-01-10T16:05:36.255-05:00,IdeState,Inactive,,*,-1,-1
2025-01-10T16:05:37.257-05:00,IdeState,Inactive,,*,-1,-1
2025-01-10T16:05:38.259-05:00,IdeState,Inactive,,*,-1,-1
2025-01-10T16:05:39.260-05:00,IdeState,Inactive,,*,-1,-1
2025-01-10T16:05:40.260-05:00,IdeState,Inactive,,*,-1,-1
2025-01-10T16:05:41.261-05:00,IdeState,Inactive,,*,-1,-1
2025-01-10T16:05:42.264-05:00,IdeState,Inactive,,*,-1,-1
2025-01-10T16:05:43.266-05:00,IdeState,Inactive,,*,-1,-1
2025-01-10T16:05:44.266-05:00,IdeState,Inactive,,*,-1,-1
2025-01-10T16:05:45.267-05:00,IdeState,Inactive,,*,-1,-1
2025-01-10T16:05:46.268-05:00,IdeState,Inactive,,*,-1,-1
2025-01-10T16:05:47.270-05:00,IdeState,Inactive,,*,-1,-1
2025-01-10T16:05:48.271-05:00,IdeState,Inactive,,*,-1,-1
2025-01-10T16:05:49.273-05:00,IdeState,Inactive,,*,-1,-1
2025-01-10T16:05:50.274-05:00,IdeState,Inactive,,*,-1,-1
2025-01-10T16:05:51.275-05:00,IdeState,Inactive,,*,-1,-1
2025-01-10T16:05:52.277-05:00,IdeState,Inactive,,*,-1,-1
2025-01-10T16:05:53.279-05:00,IdeState,Inactive,,*,-1,-1
2025-01-10T16:05:54.280-05:00,IdeState,Inactive,,*,-1,-1
2025-01-10T16:05:55.281-05:00,IdeState,Inactive,,*,-1,-1
2025-01-10T16:05:56.282-05:00,IdeState,Inactive,,*,-1,-1
2025-01-10T16:05:57.285-05:00,IdeState,Inactive,,*,-1,-1
2025-01-10T16:05:58.286-05:00,IdeState,Inactive,,*,-1,-1
2025-01-10T16:05:59.287-05:00,IdeState,Inactive,,*,-1,-1
2025-01-10T16:06:00.288-05:00,IdeState,Inactive,,*,-1,-1
2025-01-10T16:06:01.289-05:00,IdeState,Inactive,,*,-1,-1
2025-01-10T16:06:02.289-05:00,IdeState,Inactive,,*,-1,-1
2025-01-10T16:06:03.291-05:00,IdeState,Inactive,,*,-1,-1
2025-01-10T16:06:04.306-05:00,IdeState,Inactive,,*,-1,-1
2025-01-10T16:06:05.307-05:00,IdeState,Inactive,,*,-1,-1
2025-01-10T16:06:06.309-05:00,IdeState,Inactive,,*,-1,-1
2025-01-10T16:06:07.311-05:00,IdeState,Inactive,,*,-1,-1
2025-01-10T16:06:08.312-05:00,IdeState,Inactive,,*,-1,-1
2025-01-10T16:06:09.312-05:00,IdeState,Inactive,,*,-1,-1
2025-01-10T16:06:10.313-05:00,IdeState,Inactive,,*,-1,-1
2025-01-10T16:06:11.314-05:00,IdeState,Inactive,,*,-1,-1
2025-01-10T16:06:12.317-05:00,IdeState,Inactive,,*,-1,-1
2025-01-10T16:06:13.317-05:00,IdeState,Inactive,,*,-1,-1
2025-01-10T16:06:14.318-05:00,IdeState,Inactive,,*,-1,-1
2025-01-10T16:06:15.318-05:00,IdeState,Inactive,,*,-1,-1
2025-01-10T16:06:16.319-05:00,IdeState,Inactive,,*,-1,-1
2025-01-10T16:06:17.320-05:00,IdeState,Inactive,,*,-1,-1
2025-01-10T16:06:18.322-05:00,IdeState,Inactive,,*,-1,-1
2025-01-10T16:06:19.323-05:00,IdeState,Inactive,,*,-1,-1
2025-01-10T16:06:20.324-05:00,IdeState,Inactive,,*,-1,-1
2025-01-10T16:06:21.326-05:00,IdeState,Inactive,,*,-1,-1
2025-01-10T16:06:22.328-05:00,IdeState,Inactive,,*,-1,-1
2025-01-10T16:06:23.329-05:00,IdeState,Inactive,,*,-1,-1
2025-01-10T16:06:24.331-05:00,IdeState,Inactive,,*,-1,-1
2025-01-10T16:06:25.332-05:00,IdeState,Inactive,,*,-1,-1
2025-01-10T16:06:26.332-05:00,IdeState,Inactive,,*,-1,-1
2025-01-10T16:06:27.333-05:00,IdeState,Inactive,,*,-1,-1
2025-01-10T16:06:28.335-05:00,IdeState,Inactive,,*,-1,-1
2025-01-10T16:06:29.336-05:00,IdeState,Inactive,,*,-1,-1
2025-01-10T16:06:30.337-05:00,IdeState,Inactive,,*,-1,-1
2025-01-10T16:06:31.338-05:00,IdeState,Inactive,,*,-1,-1
2025-01-10T16:06:32.341-05:00,IdeState,Inactive,,*,-1,-1
2025-01-10T16:06:33.341-05:00,IdeState,Inactive,,*,-1,-1
2025-01-10T16:06:34.343-05:00,IdeState,Inactive,,*,-1,-1
2025-01-10T16:06:35.344-05:00,IdeState,Inactive,,*,-1,-1
2025-01-10T16:06:36.346-05:00,IdeState,Inactive,,*,-1,-1
2025-01-10T16:06:37.347-05:00,IdeState,Inactive,,*,-1,-1
2025-01-10T16:06:38.350-05:00,IdeState,Inactive,,*,-1,-1
2025-01-10T16:06:39.350-05:00,IdeState,Inactive,,*,-1,-1
2025-01-10T16:06:40.351-05:00,IdeState,Inactive,,*,-1,-1
2025-01-10T16:06:41.353-05:00,IdeState,Inactive,,*,-1,-1
2025-01-10T16:06:42.354-05:00,IdeState,Inactive,,*,-1,-1
2025-01-10T16:06:43.356-05:00,IdeState,Inactive,,*,-1,-1
2025-01-10T16:06:44.356-05:00,IdeState,Inactive,,*,-1,-1
2025-01-10T16:06:45.358-05:00,IdeState,Inactive,,*,-1,-1
2025-01-10T16:06:46.359-05:00,IdeState,Inactive,,*,-1,-1
2025-01-10T16:06:47.360-05:00,IdeState,Inactive,,*,-1,-1
2025-01-10T16:06:48.361-05:00,IdeState,Inactive,,*,-1,-1
2025-01-10T16:06:49.363-05:00,IdeState,Inactive,,*,-1,-1
2025-01-10T16:06:50.366-05:00,IdeState,Inactive,,*,-1,-1
2025-01-10T16:06:51.367-05:00,IdeState,Inactive,,*,-1,-1
2025-01-10T16:06:52.367-05:00,IdeState,Inactive,,*,-1,-1
2025-01-10T16:06:53.368-05:00,IdeState,Inactive,,*,-1,-1
2025-01-10T16:06:54.369-05:00,IdeState,Inactive,,*,-1,-1
2025-01-10T16:06:55.371-05:00,IdeState,Inactive,,*,-1,-1
2025-01-10T16:06:56.371-05:00,IdeState,Inactive,,*,-1,-1
2025-01-10T16:06:57.372-05:00,IdeState,Inactive,,*,-1,-1
2025-01-10T16:06:58.375-05:00,IdeState,Inactive,,*,-1,-1
2025-01-10T16:06:59.376-05:00,IdeState,Inactive,,*,-1,-1
2025-01-10T16:07:00.377-05:00,IdeState,Inactive,,*,-1,-1
2025-01-10T16:07:01.377-05:00,IdeState,Inactive,,*,-1,-1
2025-01-10T16:07:02.380-05:00,IdeState,Inactive,,*,-1,-1
2025-01-10T16:07:03.380-05:00,IdeState,Inactive,,*,-1,-1
2025-01-10T16:07:04.382-05:00,IdeState,Inactive,,*,-1,-1
2025-01-10T16:07:05.383-05:00,IdeState,Inactive,,*,-1,-1
2025-01-10T16:07:06.384-05:00,IdeState,Inactive,,*,-1,-1
2025-01-10T16:07:07.385-05:00,IdeState,Inactive,,*,-1,-1
2025-01-10T16:07:08.386-05:00,IdeState,Inactive,,*,-1,-1
2025-01-10T16:07:09.387-05:00,IdeState,Inactive,,*,-1,-1
2025-01-10T16:07:10.387-05:00,IdeState,Inactive,,*,-1,-1
2025-01-10T16:07:11.389-05:00,IdeState,Inactive,,*,-1,-1
2025-01-10T16:07:12.390-05:00,IdeState,Inactive,,*,-1,-1
2025-01-10T16:07:13.392-05:00,IdeState,Inactive,,*,-1,-1
2025-01-10T16:07:14.393-05:00,IdeState,Inactive,,*,-1,-1
2025-01-10T16:07:15.395-05:00,IdeState,Inactive,,*,-1,-1
2025-01-10T16:07:16.413-05:00,IdeState,Inactive,,*,-1,-1
2025-01-10T16:07:17.415-05:00,IdeState,Inactive,,*,-1,-1
2025-01-10T16:07:18.416-05:00,IdeState,Inactive,,*,-1,-1
2025-01-10T16:07:19.417-05:00,IdeState,Inactive,,*,-1,-1
2025-01-10T16:07:20.418-05:00,IdeState,Inactive,,*,-1,-1
2025-01-10T16:07:21.419-05:00,IdeState,Inactive,,*,-1,-1
2025-01-10T16:07:22.421-05:00,IdeState,Inactive,,*,-1,-1
2025-01-10T16:07:23.421-05:00,IdeState,Inactive,,*,-1,-1
2025-01-10T16:07:24.422-05:00,IdeState,Inactive,,*,-1,-1
2025-01-10T16:07:25.423-05:00,IdeState,Inactive,,*,-1,-1
2025-01-10T16:07:26.425-05:00,IdeState,Inactive,,*,-1,-1
2025-01-10T16:07:27.426-05:00,IdeState,Inactive,,*,-1,-1
2025-01-10T16:07:28.427-05:00,IdeState,Inactive,,*,-1,-1
2025-01-10T16:07:29.429-05:00,IdeState,Inactive,,*,-1,-1
2025-01-10T16:07:30.430-05:00,IdeState,Inactive,,*,-1,-1
2025-01-10T16:07:31.431-05:00,IdeState,Inactive,,*,-1,-1
2025-01-10T16:07:32.432-05:00,IdeState,Inactive,,*,-1,-1
2025-01-10T16:07:33.432-05:00,IdeState,Inactive,,*,-1,-1
2025-01-10T16:07:34.434-05:00,IdeState,Inactive,,*,-1,-1
2025-01-10T16:07:35.434-05:00,IdeState,Inactive,,*,-1,-1
2025-01-10T16:07:36.435-05:00,IdeState,Inactive,,*,-1,-1
2025-01-10T16:07:37.437-05:00,IdeState,Inactive,,*,-1,-1
2025-01-10T16:07:38.438-05:00,IdeState,Inactive,,*,-1,-1
2025-01-10T16:07:39.440-05:00,IdeState,Inactive,,*,-1,-1
2025-01-10T16:07:40.442-05:00,IdeState,Inactive,,*,-1,-1
2025-01-10T16:07:41.443-05:00,IdeState,Inactive,,*,-1,-1
2025-01-10T16:07:42.445-05:00,IdeState,Inactive,,*,-1,-1
2025-01-10T16:07:43.446-05:00,IdeState,Inactive,,*,-1,-1
2025-01-10T16:07:44.447-05:00,IdeState,Inactive,,*,-1,-1
2025-01-10T16:07:45.449-05:00,IdeState,Inactive,,*,-1,-1
2025-01-10T16:07:46.452-05:00,IdeState,Inactive,,*,-1,-1
2025-01-10T16:07:47.453-05:00,IdeState,Inactive,,*,-1,-1
2025-01-10T16:07:48.455-05:00,IdeState,Inactive,,*,-1,-1
2025-01-10T16:07:49.456-05:00,IdeState,Inactive,,*,-1,-1
2025-01-10T16:07:50.457-05:00,IdeState,Inactive,,*,-1,-1
2025-01-10T16:07:51.459-05:00,IdeState,Inactive,,*,-1,-1
2025-01-10T16:07:52.460-05:00,IdeState,Inactive,,*,-1,-1
2025-01-10T16:07:53.462-05:00,IdeState,Inactive,,*,-1,-1
2025-01-10T16:07:54.463-05:00,IdeState,Inactive,,*,-1,-1
2025-01-10T16:07:55.464-05:00,IdeState,Inactive,,*,-1,-1
2025-01-10T16:07:56.466-05:00,IdeState,Inactive,,*,-1,-1
2025-01-10T16:07:57.467-05:00,IdeState,Inactive,,*,-1,-1
2025-01-10T16:07:58.468-05:00,IdeState,Inactive,,*,-1,-1
2025-01-10T16:07:59.470-05:00,IdeState,Inactive,,*,-1,-1
2025-01-10T16:08:00.471-05:00,IdeState,Inactive,,*,-1,-1
2025-01-10T16:08:01.472-05:00,IdeState,Inactive,,*,-1,-1
2025-01-10T16:08:02.474-05:00,IdeState,Inactive,,*,-1,-1
2025-01-10T16:08:03.475-05:00,IdeState,Inactive,,*,-1,-1
2025-01-10T16:08:04.476-05:00,IdeState,Inactive,,*,-1,-1
2025-01-10T16:08:05.477-05:00,IdeState,Inactive,,*,-1,-1
2025-01-10T16:08:06.479-05:00,IdeState,Inactive,,*,-1,-1
2025-01-10T16:08:07.479-05:00,IdeState,Inactive,,*,-1,-1
2025-01-10T16:08:08.481-05:00,IdeState,Inactive,,*,-1,-1
2025-01-10T16:08:09.482-05:00,IdeState,Inactive,,*,-1,-1
2025-01-10T16:08:10.483-05:00,IdeState,Inactive,,*,-1,-1
2025-01-10T16:08:11.484-05:00,IdeState,Inactive,,*,-1,-1
2025-01-10T16:08:12.485-05:00,IdeState,Inactive,,*,-1,-1
2025-01-10T16:08:13.485-05:00,IdeState,Inactive,,*,-1,-1
2025-01-10T16:08:14.486-05:00,IdeState,Inactive,,*,-1,-1
2025-01-10T16:08:15.487-05:00,IdeState,Inactive,,*,-1,-1
2025-01-10T16:08:16.488-05:00,IdeState,Inactive,,*,-1,-1
2025-01-10T16:08:17.495-05:00,IdeState,Inactive,,*,-1,-1
2025-01-10T16:08:18.500-05:00,IdeState,Inactive,,*,-1,-1
2025-01-10T16:08:19.502-05:00,IdeState,Inactive,,*,-1,-1
2025-01-10T16:08:20.502-05:00,IdeState,Inactive,,*,-1,-1
2025-01-10T16:08:21.503-05:00,IdeState,Inactive,,*,-1,-1
2025-01-10T16:08:22.504-05:00,IdeState,Inactive,,*,-1,-1
2025-01-10T16:08:23.508-05:00,IdeState,Inactive,,*,-1,-1
2025-01-10T16:08:24.510-05:00,IdeState,Inactive,,*,-1,-1
2025-01-10T16:08:25.511-05:00,IdeState,Inactive,,*,-1,-1
2025-01-10T16:08:26.514-05:00,IdeState,Inactive,,*,-1,-1
2025-01-10T16:08:27.515-05:00,IdeState,Inactive,,*,-1,-1
2025-01-10T16:08:28.515-05:00,IdeState,Inactive,,*,-1,-1
2025-01-10T16:08:29.517-05:00,IdeState,Inactive,,*,-1,-1
2025-01-10T16:08:30.518-05:00,IdeState,Inactive,,*,-1,-1
2025-01-10T16:08:31.520-05:00,IdeState,Inactive,,*,-1,-1
2025-01-10T16:08:32.520-05:00,IdeState,Inactive,,*,-1,-1
2025-01-10T16:08:33.522-05:00,IdeState,Inactive,,*,-1,-1
2025-01-10T16:08:34.523-05:00,IdeState,Inactive,,*,-1,-1
2025-01-10T16:08:35.524-05:00,IdeState,Inactive,,*,-1,-1
2025-01-10T16:08:36.525-05:00,IdeState,Inactive,,*,-1,-1
2025-01-10T16:08:37.527-05:00,IdeState,Inactive,,*,-1,-1
2025-01-10T16:08:38.529-05:00,IdeState,Inactive,,*,-1,-1
2025-01-10T16:08:39.529-05:00,IdeState,Inactive,,*,-1,-1
2025-01-10T16:08:40.533-05:00,IdeState,Inactive,,*,-1,-1
2025-01-10T16:08:41.534-05:00,IdeState,Inactive,,*,-1,-1
2025-01-10T16:08:42.536-05:00,IdeState,Inactive,,*,-1,-1
2025-01-10T16:08:43.537-05:00,IdeState,Inactive,,*,-1,-1
2025-01-10T16:08:44.538-05:00,IdeState,Inactive,,*,-1,-1
2025-01-10T16:08:45.539-05:00,IdeState,Inactive,,*,-1,-1
2025-01-10T16:08:46.541-05:00,IdeState,Inactive,,*,-1,-1
2025-01-10T16:08:47.542-05:00,IdeState,Inactive,,*,-1,-1
2025-01-10T16:08:48.543-05:00,IdeState,Inactive,,*,-1,-1
2025-01-10T16:08:49.544-05:00,IdeState,Inactive,,*,-1,-1
2025-01-10T16:08:50.545-05:00,IdeState,Inactive,,*,-1,-1
2025-01-10T16:08:51.547-05:00,IdeState,Inactive,,*,-1,-1
2025-01-10T16:08:52.548-05:00,IdeState,Inactive,,*,-1,-1
2025-01-10T16:08:53.548-05:00,IdeState,Inactive,,*,-1,-1
2025-01-10T16:08:54.549-05:00,IdeState,Inactive,,*,-1,-1
2025-01-10T16:08:55.551-05:00,IdeState,Inactive,,*,-1,-1
2025-01-10T16:08:56.551-05:00,IdeState,Inactive,,*,-1,-1
2025-01-10T16:08:57.553-05:00,IdeState,Inactive,,*,-1,-1
2025-01-10T16:08:58.555-05:00,IdeState,Inactive,,*,-1,-1
2025-01-10T16:08:59.557-05:00,IdeState,Inactive,,*,-1,-1
2025-01-10T16:09:00.558-05:00,IdeState,Inactive,,*,-1,-1
2025-01-10T16:09:01.559-05:00,IdeState,Inactive,,*,-1,-1
2025-01-10T16:09:02.560-05:00,IdeState,Inactive,,*,-1,-1
2025-01-10T16:09:03.562-05:00,IdeState,Inactive,,*,-1,-1
2025-01-10T16:09:04.564-05:00,IdeState,Inactive,,*,-1,-1
2025-01-10T16:09:05.565-05:00,IdeState,Inactive,,*,-1,-1
2025-01-10T16:09:06.567-05:00,IdeState,Inactive,,*,-1,-1
2025-01-10T16:09:07.568-05:00,IdeState,Inactive,,*,-1,-1
2025-01-10T16:09:08.569-05:00,IdeState,Inactive,,*,-1,-1
2025-01-10T16:09:09.569-05:00,IdeState,Inactive,,*,-1,-1
2025-01-10T16:09:10.570-05:00,IdeState,Inactive,,*,-1,-1
2025-01-10T16:09:11.570-05:00,IdeState,Inactive,,*,-1,-1
2025-01-10T16:09:12.572-05:00,IdeState,Inactive,,*,-1,-1
2025-01-10T16:09:13.573-05:00,IdeState,Inactive,,*,-1,-1
2025-01-10T16:09:14.574-05:00,IdeState,Inactive,,*,-1,-1
2025-01-10T16:09:15.574-05:00,IdeState,Inactive,,*,-1,-1
2025-01-10T16:09:16.574-05:00,IdeState,Inactive,,*,-1,-1
2025-01-10T16:09:17.575-05:00,IdeState,Inactive,,*,-1,-1
2025-01-10T16:09:18.577-05:00,IdeState,Inactive,,*,-1,-1
2025-01-10T16:09:19.578-05:00,IdeState,Inactive,,*,-1,-1
2025-01-10T16:09:20.578-05:00,IdeState,Inactive,,*,-1,-1
2025-01-10T16:09:21.580-05:00,IdeState,Inactive,,*,-1,-1
2025-01-10T16:09:22.581-05:00,IdeState,Inactive,,*,-1,-1
2025-01-10T16:09:23.582-05:00,IdeState,Inactive,,*,-1,-1
2025-01-10T16:09:24.583-05:00,IdeState,Inactive,,*,-1,-1
2025-01-10T16:09:25.584-05:00,IdeState,Inactive,,*,-1,-1
2025-01-10T16:09:26.586-05:00,IdeState,Inactive,,*,-1,-1
2025-01-10T16:09:27.587-05:00,IdeState,Inactive,,*,-1,-1
2025-01-10T16:09:28.588-05:00,IdeState,Inactive,,*,-1,-1
2025-01-10T16:09:29.589-05:00,IdeState,Inactive,,*,-1,-1
2025-01-10T16:09:30.592-05:00,IdeState,Inactive,,*,-1,-1
2025-01-10T16:09:31.594-05:00,IdeState,Inactive,,*,-1,-1
2025-01-10T16:09:32.596-05:00,IdeState,Inactive,,*,-1,-1
2025-01-10T16:09:33.597-05:00,IdeState,Inactive,,*,-1,-1
2025-01-10T16:09:34.599-05:00,IdeState,Inactive,,*,-1,-1
2025-01-10T16:09:35.604-05:00,IdeState,Inactive,,*,-1,-1
2025-01-10T16:09:36.604-05:00,IdeState,Inactive,,*,-1,-1
2025-01-10T16:09:37.612-05:00,IdeState,Inactive,,*,-1,-1
2025-01-10T16:09:38.614-05:00,IdeState,Inactive,,*,-1,-1
2025-01-10T16:09:39.615-05:00,IdeState,Inactive,,*,-1,-1
2025-01-10T16:09:40.616-05:00,IdeState,Inactive,,*,-1,-1
2025-01-10T16:09:41.618-05:00,IdeState,Inactive,,*,-1,-1
2025-01-10T16:09:42.620-05:00,IdeState,Inactive,,*,-1,-1
2025-01-10T16:09:43.621-05:00,IdeState,Inactive,,*,-1,-1
2025-01-10T16:09:44.622-05:00,IdeState,Inactive,,*,-1,-1
2025-01-10T16:09:45.623-05:00,IdeState,Inactive,,*,-1,-1
2025-01-10T16:09:46.624-05:00,IdeState,Inactive,,*,-1,-1
2025-01-10T16:09:47.626-05:00,IdeState,Inactive,,*,-1,-1
2025-01-10T16:09:48.627-05:00,IdeState,Inactive,,*,-1,-1
2025-01-10T16:09:49.629-05:00,IdeState,Inactive,,*,-1,-1
2025-01-10T16:09:50.630-05:00,IdeState,Inactive,,*,-1,-1
2025-01-10T16:09:51.632-05:00,IdeState,Inactive,,*,-1,-1
2025-01-10T16:09:52.646-05:00,IdeState,Inactive,,*,-1,-1
2025-01-10T16:09:53.674-05:00,IdeState,Inactive,,*,-1,-1
2025-01-10T16:09:54.676-05:00,IdeState,Inactive,,*,-1,-1
2025-01-10T16:09:55.678-05:00,IdeState,Inactive,,*,-1,-1
2025-01-10T16:09:56.679-05:00,IdeState,Inactive,,*,-1,-1
2025-01-10T16:09:57.680-05:00,IdeState,Inactive,,*,-1,-1
2025-01-10T16:09:58.682-05:00,IdeState,Inactive,,*,-1,-1
2025-01-10T16:09:59.684-05:00,IdeState,Inactive,,*,-1,-1
2025-01-10T16:10:00.685-05:00,IdeState,Inactive,,*,-1,-1
2025-01-10T16:10:01.687-05:00,IdeState,Inactive,,*,-1,-1
2025-01-10T16:10:02.688-05:00,IdeState,Inactive,,*,-1,-1
2025-01-10T16:10:03.689-05:00,IdeState,Inactive,,*,-1,-1
2025-01-10T16:10:04.692-05:00,IdeState,Inactive,,*,-1,-1
2025-01-10T16:10:05.693-05:00,IdeState,Inactive,,*,-1,-1
2025-01-10T16:10:06.694-05:00,IdeState,Inactive,,*,-1,-1
2025-01-10T16:10:07.696-05:00,IdeState,Inactive,,*,-1,-1
2025-01-10T16:10:08.697-05:00,IdeState,Inactive,,*,-1,-1
2025-01-10T16:10:09.698-05:00,IdeState,Inactive,,*,-1,-1
2025-01-10T16:10:10.700-05:00,IdeState,Inactive,,*,-1,-1
2025-01-10T16:10:11.700-05:00,IdeState,Inactive,,*,-1,-1
2025-01-10T16:10:12.702-05:00,IdeState,Inactive,,*,-1,-1
2025-01-10T16:10:13.704-05:00,IdeState,Inactive,,*,-1,-1
2025-01-10T16:10:14.705-05:00,IdeState,Inactive,,*,-1,-1
2025-01-10T16:10:15.706-05:00,IdeState,Inactive,,*,-1,-1
2025-01-10T16:10:16.707-05:00,IdeState,Inactive,,*,-1,-1
2025-01-10T16:10:17.708-05:00,IdeState,Inactive,,*,-1,-1
2025-01-10T16:10:18.708-05:00,IdeState,Inactive,,*,-1,-1
2025-01-10T16:10:19.710-05:00,IdeState,Inactive,,*,-1,-1
2025-01-10T16:10:20.711-05:00,IdeState,Inactive,,*,-1,-1
2025-01-10T16:10:21.723-05:00,IdeState,Inactive,,*,-1,-1
2025-01-10T16:10:22.736-05:00,IdeState,Inactive,,*,-1,-1
2025-01-10T16:10:23.736-05:00,IdeState,Inactive,,*,-1,-1
2025-01-10T16:10:24.737-05:00,IdeState,Inactive,,*,-1,-1
2025-01-10T16:10:25.738-05:00,IdeState,Inactive,,*,-1,-1
2025-01-10T16:10:26.739-05:00,IdeState,Inactive,,*,-1,-1
2025-01-10T16:10:27.740-05:00,IdeState,Inactive,,*,-1,-1
2025-01-10T16:10:28.741-05:00,IdeState,Inactive,,*,-1,-1
2025-01-10T16:10:29.743-05:00,IdeState,Inactive,,*,-1,-1
2025-01-10T16:10:30.743-05:00,IdeState,Inactive,,*,-1,-1
2025-01-10T16:10:31.745-05:00,IdeState,Inactive,,*,-1,-1
2025-01-10T16:10:32.746-05:00,IdeState,Inactive,,*,-1,-1
2025-01-10T16:10:33.747-05:00,IdeState,Inactive,,*,-1,-1
2025-01-10T16:10:34.748-05:00,IdeState,Inactive,,*,-1,-1
2025-01-10T16:10:35.749-05:00,IdeState,Inactive,,*,-1,-1
2025-01-10T16:10:36.751-05:00,IdeState,Inactive,,*,-1,-1
2025-01-10T16:10:37.753-05:00,IdeState,Inactive,,*,-1,-1
2025-01-10T16:10:38.754-05:00,IdeState,Inactive,,*,-1,-1
2025-01-10T16:10:39.756-05:00,IdeState,Inactive,,*,-1,-1
2025-01-10T16:10:40.757-05:00,IdeState,Inactive,,*,-1,-1
2025-01-10T16:10:41.758-05:00,IdeState,Inactive,,*,-1,-1
2025-01-10T16:10:42.759-05:00,IdeState,Inactive,,*,-1,-1
2025-01-10T16:10:43.762-05:00,IdeState,Inactive,,*,-1,-1
2025-01-10T16:10:44.763-05:00,IdeState,Inactive,,*,-1,-1
2025-01-10T16:10:45.764-05:00,IdeState,Inactive,,*,-1,-1
2025-01-10T16:10:46.765-05:00,IdeState,Inactive,,*,-1,-1
2025-01-10T16:10:47.766-05:00,IdeState,Inactive,,*,-1,-1
2025-01-10T16:10:48.767-05:00,IdeState,Inactive,,*,-1,-1
2025-01-10T16:10:49.768-05:00,IdeState,Inactive,,*,-1,-1
2025-01-10T16:10:50.769-05:00,IdeState,Inactive,,*,-1,-1
2025-01-10T16:10:51.770-05:00,IdeState,Inactive,,*,-1,-1
2025-01-10T16:10:52.771-05:00,IdeState,Inactive,,*,-1,-1
2025-01-10T16:10:53.773-05:00,IdeState,Inactive,,*,-1,-1
2025-01-10T16:10:54.775-05:00,IdeState,Inactive,,*,-1,-1
2025-01-10T16:10:55.775-05:00,IdeState,Inactive,,*,-1,-1
2025-01-10T16:10:56.776-05:00,IdeState,Inactive,,*,-1,-1
2025-01-10T16:10:57.777-05:00,IdeState,Inactive,,*,-1,-1
2025-01-10T16:10:58.778-05:00,IdeState,Inactive,,*,-1,-1
2025-01-10T16:10:59.780-05:00,IdeState,Inactive,,*,-1,-1
2025-01-10T16:11:00.781-05:00,IdeState,Inactive,,*,-1,-1
2025-01-10T16:11:01.782-05:00,IdeState,Inactive,,*,-1,-1
2025-01-10T16:11:02.784-05:00,IdeState,Inactive,,*,-1,-1
2025-01-10T16:11:03.787-05:00,IdeState,Inactive,,*,-1,-1
2025-01-10T16:11:04.788-05:00,IdeState,Inactive,,*,-1,-1
2025-01-10T16:11:05.789-05:00,IdeState,Inactive,,*,-1,-1
2025-01-10T16:11:06.790-05:00,IdeState,Inactive,,*,-1,-1
2025-01-10T16:11:07.791-05:00,IdeState,Inactive,,*,-1,-1
2025-01-10T16:11:08.792-05:00,IdeState,Inactive,,*,-1,-1
2025-01-10T16:11:09.794-05:00,IdeState,Inactive,,*,-1,-1
2025-01-10T16:11:10.796-05:00,IdeState,Inactive,,*,-1,-1
2025-01-10T16:11:11.797-05:00,IdeState,Inactive,,*,-1,-1
2025-01-10T16:11:12.798-05:00,IdeState,Inactive,,*,-1,-1
2025-01-10T16:11:13.799-05:00,IdeState,Inactive,,*,-1,-1
2025-01-10T16:11:14.800-05:00,IdeState,Inactive,,*,-1,-1
2025-01-10T16:11:15.801-05:00,IdeState,Inactive,,*,-1,-1
2025-01-10T16:11:16.802-05:00,IdeState,Inactive,,*,-1,-1
2025-01-10T16:11:17.802-05:00,IdeState,Inactive,,*,-1,-1
2025-01-10T16:11:18.803-05:00,IdeState,Inactive,,*,-1,-1
2025-01-10T16:11:19.804-05:00,IdeState,Inactive,,*,-1,-1
2025-01-10T16:11:20.805-05:00,IdeState,Inactive,,*,-1,-1
2025-01-10T16:11:21.811-05:00,IdeState,Inactive,,*,-1,-1
2025-01-10T16:11:22.812-05:00,IdeState,Inactive,,*,-1,-1
2025-01-10T16:11:23.814-05:00,IdeState,Inactive,,*,-1,-1
2025-01-10T16:11:24.815-05:00,IdeState,Inactive,,*,-1,-1
2025-01-10T16:11:25.816-05:00,IdeState,Inactive,,*,-1,-1
2025-01-10T16:11:26.817-05:00,IdeState,Inactive,,*,-1,-1
2025-01-10T16:11:27.818-05:00,IdeState,Inactive,,*,-1,-1
2025-01-10T16:11:28.820-05:00,IdeState,Inactive,,*,-1,-1
2025-01-10T16:11:29.822-05:00,IdeState,Inactive,,*,-1,-1
2025-01-10T16:11:30.823-05:00,IdeState,Inactive,,*,-1,-1
2025-01-10T16:11:31.824-05:00,IdeState,Inactive,,*,-1,-1
2025-01-10T16:11:32.826-05:00,IdeState,Inactive,,*,-1,-1
2025-01-10T16:11:33.827-05:00,IdeState,Inactive,,*,-1,-1
2025-01-10T16:11:34.829-05:00,IdeState,Inactive,,*,-1,-1
2025-01-10T16:11:35.830-05:00,IdeState,Inactive,,*,-1,-1
2025-01-10T16:11:36.831-05:00,IdeState,Inactive,,*,-1,-1
2025-01-10T16:11:37.833-05:00,IdeState,Inactive,,*,-1,-1
2025-01-10T16:11:38.835-05:00,IdeState,Inactive,,*,-1,-1
2025-01-10T16:11:39.836-05:00,IdeState,Inactive,,*,-1,-1
2025-01-10T16:11:40.837-05:00,IdeState,Inactive,,*,-1,-1
2025-01-10T16:11:41.839-05:00,IdeState,Inactive,,*,-1,-1
2025-01-10T16:11:42.841-05:00,IdeState,Inactive,,*,-1,-1
2025-01-10T16:11:43.842-05:00,IdeState,Inactive,,*,-1,-1
2025-01-10T16:11:44.844-05:00,IdeState,Inactive,,*,-1,-1
2025-01-10T16:11:45.846-05:00,IdeState,Inactive,,*,-1,-1
2025-01-10T16:11:46.848-05:00,IdeState,Inactive,,*,-1,-1
2025-01-10T16:11:47.849-05:00,IdeState,Inactive,,*,-1,-1
2025-01-10T16:11:48.850-05:00,IdeState,Inactive,,*,-1,-1
2025-01-10T16:11:49.851-05:00,IdeState,Inactive,,*,-1,-1
2025-01-10T16:11:50.854-05:00,IdeState,Inactive,,*,-1,-1
2025-01-10T16:11:51.855-05:00,IdeState,Inactive,,*,-1,-1
2025-01-10T16:11:52.857-05:00,IdeState,Inactive,,*,-1,-1
2025-01-10T16:11:53.858-05:00,IdeState,Inactive,,*,-1,-1
2025-01-10T16:11:54.859-05:00,IdeState,Inactive,,*,-1,-1
2025-01-10T16:11:55.861-05:00,IdeState,Inactive,,*,-1,-1
2025-01-10T16:11:56.862-05:00,IdeState,Inactive,,*,-1,-1
2025-01-10T16:11:57.863-05:00,IdeState,Inactive,,*,-1,-1
2025-01-10T16:11:58.863-05:00,IdeState,Inactive,,*,-1,-1
2025-01-10T16:11:59.865-05:00,IdeState,Inactive,,*,-1,-1
2025-01-10T16:12:00.866-05:00,IdeState,Inactive,,*,-1,-1
2025-01-10T16:12:01.868-05:00,IdeState,Inactive,,*,-1,-1
2025-01-10T16:12:02.868-05:00,IdeState,Inactive,,*,-1,-1
2025-01-10T16:12:03.869-05:00,IdeState,Inactive,,*,-1,-1
2025-01-10T16:12:04.871-05:00,IdeState,Inactive,,*,-1,-1
2025-01-10T16:12:05.872-05:00,IdeState,Inactive,,*,-1,-1
2025-01-10T16:12:06.873-05:00,IdeState,Inactive,,*,-1,-1
2025-01-10T16:12:07.874-05:00,IdeState,Inactive,,*,-1,-1
2025-01-10T16:12:08.876-05:00,IdeState,Inactive,,*,-1,-1
2025-01-10T16:12:09.876-05:00,IdeState,Inactive,,*,-1,-1
2025-01-10T16:12:10.877-05:00,IdeState,Inactive,,*,-1,-1
2025-01-10T16:12:11.879-05:00,IdeState,Inactive,,*,-1,-1
2025-01-10T16:12:12.880-05:00,IdeState,Inactive,,*,-1,-1
2025-01-10T16:12:13.881-05:00,IdeState,Inactive,,*,-1,-1
2025-01-10T16:12:14.883-05:00,IdeState,Inactive,,*,-1,-1
2025-01-10T16:12:15.885-05:00,IdeState,Inactive,,*,-1,-1
2025-01-10T16:12:16.885-05:00,IdeState,Inactive,,*,-1,-1
2025-01-10T16:12:17.887-05:00,IdeState,Inactive,,*,-1,-1
2025-01-10T16:12:18.888-05:00,IdeState,Inactive,,*,-1,-1
2025-01-10T16:12:19.888-05:00,IdeState,Inactive,,*,-1,-1
2025-01-10T16:12:20.889-05:00,IdeState,Inactive,,*,-1,-1
2025-01-10T16:12:21.890-05:00,IdeState,Inactive,,*,-1,-1
2025-01-10T16:12:22.892-05:00,IdeState,Inactive,,*,-1,-1
2025-01-10T16:12:23.893-05:00,IdeState,Inactive,,*,-1,-1
2025-01-10T16:12:24.894-05:00,IdeState,Inactive,,*,-1,-1
2025-01-10T16:12:25.895-05:00,IdeState,Inactive,,*,-1,-1
2025-01-10T16:12:26.897-05:00,IdeState,Inactive,,*,-1,-1
2025-01-10T16:12:27.898-05:00,IdeState,Inactive,,*,-1,-1
2025-01-10T16:12:28.900-05:00,IdeState,Inactive,,*,-1,-1
2025-01-10T16:12:29.902-05:00,IdeState,Inactive,,*,-1,-1
2025-01-10T16:12:30.903-05:00,IdeState,Inactive,,*,-1,-1
2025-01-10T16:12:31.904-05:00,IdeState,Inactive,,*,-1,-1
2025-01-10T16:12:32.906-05:00,IdeState,Inactive,,*,-1,-1
2025-01-10T16:12:33.907-05:00,IdeState,Inactive,,*,-1,-1
2025-01-10T16:12:34.908-05:00,IdeState,Inactive,,*,-1,-1
2025-01-10T16:12:35.908-05:00,IdeState,Inactive,,*,-1,-1
2025-01-10T16:12:36.910-05:00,IdeState,Inactive,,*,-1,-1
2025-01-10T16:12:37.911-05:00,IdeState,Inactive,,*,-1,-1
2025-01-10T16:12:38.913-05:00,IdeState,Inactive,,*,-1,-1
2025-01-10T16:12:39.914-05:00,IdeState,Inactive,,*,-1,-1
2025-01-10T16:12:40.915-05:00,IdeState,Inactive,,*,-1,-1
2025-01-10T16:12:41.924-05:00,IdeState,Inactive,,*,-1,-1
2025-01-10T16:12:42.926-05:00,IdeState,Inactive,,*,-1,-1
2025-01-10T16:12:43.927-05:00,IdeState,Inactive,,*,-1,-1
2025-01-10T16:12:44.928-05:00,IdeState,Inactive,,*,-1,-1
2025-01-10T16:12:45.931-05:00,IdeState,Inactive,,*,-1,-1
2025-01-10T16:12:46.934-05:00,IdeState,Inactive,,*,-1,-1
2025-01-10T16:12:47.935-05:00,IdeState,Inactive,,*,-1,-1
2025-01-10T16:12:48.936-05:00,IdeState,Inactive,,*,-1,-1
2025-01-10T16:12:49.937-05:00,IdeState,Inactive,,*,-1,-1
2025-01-10T16:12:50.939-05:00,IdeState,Inactive,,*,-1,-1
2025-01-10T16:12:51.939-05:00,IdeState,Inactive,,*,-1,-1
2025-01-10T16:12:52.940-05:00,IdeState,Inactive,,*,-1,-1
2025-01-10T16:12:53.942-05:00,IdeState,Inactive,,*,-1,-1
2025-01-10T16:12:54.942-05:00,IdeState,Inactive,,*,-1,-1
2025-01-10T16:12:55.943-05:00,IdeState,Inactive,,*,-1,-1
2025-01-10T16:12:56.945-05:00,IdeState,Inactive,,*,-1,-1
2025-01-10T16:12:57.945-05:00,IdeState,Inactive,,*,-1,-1
2025-01-10T16:12:58.956-05:00,IdeState,Inactive,,*,-1,-1
2025-01-10T16:12:59.957-05:00,IdeState,Inactive,,*,-1,-1
2025-01-10T16:13:00.958-05:00,IdeState,Inactive,,*,-1,-1
2025-01-10T16:13:01.964-05:00,IdeState,Inactive,,*,-1,-1
2025-01-10T16:13:02.965-05:00,IdeState,Inactive,,*,-1,-1
2025-01-10T16:13:03.966-05:00,IdeState,Inactive,,*,-1,-1
2025-01-10T16:13:04.967-05:00,IdeState,Inactive,,*,-1,-1
2025-01-10T16:13:05.969-05:00,IdeState,Inactive,,*,-1,-1
2025-01-10T16:13:06.970-05:00,IdeState,Inactive,,*,-1,-1
2025-01-10T16:13:07.972-05:00,IdeState,Inactive,,*,-1,-1
2025-01-10T16:13:08.972-05:00,IdeState,Inactive,,*,-1,-1
2025-01-10T16:13:09.973-05:00,IdeState,Inactive,,*,-1,-1
2025-01-10T16:13:10.974-05:00,IdeState,Inactive,,*,-1,-1
2025-01-10T16:13:11.976-05:00,IdeState,Inactive,,*,-1,-1
2025-01-10T16:13:12.977-05:00,IdeState,Inactive,,*,-1,-1
2025-01-10T16:13:13.978-05:00,IdeState,Inactive,,*,-1,-1
2025-01-10T16:13:14.979-05:00,IdeState,Inactive,,*,-1,-1
2025-01-10T16:13:15.980-05:00,IdeState,Inactive,,*,-1,-1
2025-01-10T16:13:16.981-05:00,IdeState,Inactive,,*,-1,-1
2025-01-10T16:13:17.982-05:00,IdeState,Inactive,,*,-1,-1
2025-01-10T16:13:18.983-05:00,IdeState,Inactive,,*,-1,-1
2025-01-10T16:13:19.984-05:00,IdeState,Inactive,,*,-1,-1
2025-01-10T16:13:20.985-05:00,IdeState,Inactive,,*,-1,-1
2025-01-10T16:13:21.987-05:00,IdeState,Inactive,,*,-1,-1
2025-01-10T16:13:22.988-05:00,IdeState,Inactive,,*,-1,-1
2025-01-10T16:13:23.989-05:00,IdeState,Inactive,,*,-1,-1
2025-01-10T16:13:24.990-05:00,IdeState,Inactive,,*,-1,-1
2025-01-10T16:13:25.993-05:00,IdeState,Inactive,,*,-1,-1
2025-01-10T16:13:26.994-05:00,IdeState,Inactive,,*,-1,-1
2025-01-10T16:13:27.996-05:00,IdeState,Inactive,,*,-1,-1
2025-01-10T16:13:28.999-05:00,IdeState,Inactive,,*,-1,-1
2025-01-10T16:13:29.999-05:00,IdeState,Inactive,,*,-1,-1
2025-01-10T16:13:31.009-05:00,IdeState,Inactive,,*,-1,-1
2025-01-10T16:13:32.046-05:00,IdeState,Inactive,,*,-1,-1
2025-01-10T16:13:33.048-05:00,IdeState,Inactive,,*,-1,-1
2025-01-10T16:13:34.049-05:00,IdeState,Inactive,,*,-1,-1
2025-01-10T16:13:35.049-05:00,IdeState,Inactive,,*,-1,-1
2025-01-10T16:13:36.052-05:00,IdeState,Inactive,,*,-1,-1
2025-01-10T16:13:37.054-05:00,IdeState,Inactive,,*,-1,-1
2025-01-10T16:13:38.056-05:00,IdeState,Inactive,,*,-1,-1
2025-01-10T16:13:39.083-05:00,IdeState,Inactive,,*,-1,-1
2025-01-10T16:13:40.091-05:00,IdeState,Inactive,,*,-1,-1
2025-01-10T16:13:41.094-05:00,IdeState,Inactive,,*,-1,-1
2025-01-10T16:13:42.095-05:00,IdeState,Inactive,,*,-1,-1
2025-01-10T16:13:43.096-05:00,IdeState,Inactive,,*,-1,-1
2025-01-10T16:13:44.097-05:00,IdeState,Inactive,,*,-1,-1
2025-01-10T16:13:45.102-05:00,IdeState,Inactive,,*,-1,-1
2025-01-10T16:13:46.104-05:00,IdeState,Inactive,,*,-1,-1
2025-01-10T16:13:47.106-05:00,IdeState,Inactive,,*,-1,-1
2025-01-10T16:13:48.107-05:00,IdeState,Inactive,,*,-1,-1
2025-01-10T16:13:49.108-05:00,IdeState,Inactive,,*,-1,-1
2025-01-10T16:13:50.110-05:00,IdeState,Inactive,,*,-1,-1
2025-01-10T16:13:51.110-05:00,IdeState,Inactive,,*,-1,-1
2025-01-10T16:13:52.111-05:00,IdeState,Inactive,,*,-1,-1
2025-01-10T16:13:53.111-05:00,IdeState,Inactive,,*,-1,-1
2025-01-10T16:13:54.113-05:00,IdeState,Inactive,,*,-1,-1
2025-01-10T16:13:55.114-05:00,IdeState,Inactive,,*,-1,-1
2025-01-10T16:13:56.115-05:00,IdeState,Inactive,,*,-1,-1
2025-01-10T16:13:57.116-05:00,IdeState,Inactive,,*,-1,-1
2025-01-10T16:13:58.124-05:00,IdeState,Inactive,,*,-1,-1
2025-01-10T16:13:59.126-05:00,IdeState,Inactive,,*,-1,-1
2025-01-10T16:14:00.127-05:00,IdeState,Inactive,,*,-1,-1
2025-01-10T16:14:01.128-05:00,IdeState,Inactive,,*,-1,-1
2025-01-10T16:14:02.129-05:00,IdeState,Inactive,,*,-1,-1
2025-01-10T16:14:03.130-05:00,IdeState,Inactive,,*,-1,-1
2025-01-10T16:14:04.132-05:00,IdeState,Inactive,,*,-1,-1
2025-01-10T16:14:05.134-05:00,IdeState,Inactive,,*,-1,-1
2025-01-10T16:14:06.135-05:00,IdeState,Inactive,,*,-1,-1
2025-01-10T16:14:07.136-05:00,IdeState,Inactive,,*,-1,-1
2025-01-10T16:14:08.137-05:00,IdeState,Inactive,,*,-1,-1
2025-01-10T16:14:09.139-05:00,IdeState,Inactive,,*,-1,-1
2025-01-10T16:14:10.140-05:00,IdeState,Inactive,,*,-1,-1
2025-01-10T16:14:11.142-05:00,IdeState,Inactive,,*,-1,-1
2025-01-10T16:14:12.143-05:00,IdeState,Inactive,,*,-1,-1
2025-01-10T16:14:13.144-05:00,IdeState,Inactive,,*,-1,-1
2025-01-10T16:14:14.146-05:00,IdeState,Inactive,,*,-1,-1
2025-01-10T16:14:15.146-05:00,IdeState,Inactive,,*,-1,-1
2025-01-10T16:14:16.147-05:00,IdeState,Inactive,,*,-1,-1
2025-01-10T16:14:17.149-05:00,IdeState,Inactive,,*,-1,-1
2025-01-10T16:14:18.150-05:00,IdeState,Inactive,,*,-1,-1
2025-01-10T16:14:19.152-05:00,IdeState,Inactive,,*,-1,-1
2025-01-10T16:14:20.155-05:00,IdeState,Inactive,,*,-1,-1
2025-01-10T16:14:21.156-05:00,IdeState,Inactive,,*,-1,-1
2025-01-10T16:14:22.156-05:00,IdeState,Inactive,,*,-1,-1
2025-01-10T16:14:23.158-05:00,IdeState,Inactive,,*,-1,-1
2025-01-10T16:14:24.159-05:00,IdeState,Inactive,,*,-1,-1
2025-01-10T16:14:25.162-05:00,IdeState,Inactive,,*,-1,-1
2025-01-10T16:14:26.163-05:00,IdeState,Inactive,,*,-1,-1
2025-01-10T16:14:27.165-05:00,IdeState,Inactive,,*,-1,-1
2025-01-10T16:14:28.166-05:00,IdeState,Inactive,,*,-1,-1
2025-01-10T16:14:29.166-05:00,IdeState,Inactive,,*,-1,-1
2025-01-10T16:14:30.167-05:00,IdeState,Inactive,,*,-1,-1
2025-01-10T16:14:31.168-05:00,IdeState,Inactive,,*,-1,-1
2025-01-10T16:14:32.169-05:00,IdeState,Inactive,,*,-1,-1
2025-01-10T16:14:33.171-05:00,IdeState,Inactive,,*,-1,-1
2025-01-10T16:14:34.172-05:00,IdeState,Inactive,,*,-1,-1
2025-01-10T16:14:35.176-05:00,IdeState,Inactive,,*,-1,-1
2025-01-10T16:14:36.177-05:00,IdeState,Inactive,,*,-1,-1
2025-01-10T16:14:37.178-05:00,IdeState,Inactive,,*,-1,-1
2025-01-10T16:14:38.179-05:00,IdeState,Inactive,,*,-1,-1
2025-01-10T16:14:39.180-05:00,IdeState,Inactive,,*,-1,-1
2025-01-10T16:14:40.181-05:00,IdeState,Inactive,,*,-1,-1
2025-01-10T16:14:41.183-05:00,IdeState,Inactive,,*,-1,-1
2025-01-10T16:14:42.184-05:00,IdeState,Inactive,,*,-1,-1
2025-01-10T16:14:43.185-05:00,IdeState,Inactive,,*,-1,-1
2025-01-10T16:14:44.191-05:00,IdeState,Inactive,,*,-1,-1
2025-01-10T16:14:45.192-05:00,IdeState,Inactive,,*,-1,-1
2025-01-10T16:14:46.194-05:00,IdeState,Inactive,,*,-1,-1
2025-01-10T16:14:47.195-05:00,IdeState,Inactive,,*,-1,-1
2025-01-10T16:14:48.196-05:00,IdeState,Inactive,,*,-1,-1
2025-01-10T16:14:49.198-05:00,IdeState,Inactive,,*,-1,-1
2025-01-10T16:14:50.198-05:00,IdeState,Inactive,,*,-1,-1
2025-01-10T16:14:51.199-05:00,IdeState,Inactive,,*,-1,-1
2025-01-10T16:14:52.200-05:00,IdeState,Inactive,,*,-1,-1
2025-01-10T16:14:53.201-05:00,IdeState,Inactive,,*,-1,-1
2025-01-10T16:14:54.202-05:00,IdeState,Inactive,,*,-1,-1
2025-01-10T16:14:55.204-05:00,IdeState,Inactive,,*,-1,-1
2025-01-10T16:14:56.206-05:00,IdeState,Inactive,,*,-1,-1
2025-01-10T16:14:57.208-05:00,IdeState,Inactive,,*,-1,-1
2025-01-10T16:14:58.209-05:00,IdeState,Inactive,,*,-1,-1
2025-01-10T16:14:59.211-05:00,IdeState,Inactive,,*,-1,-1
2025-01-10T16:15:00.213-05:00,IdeState,Inactive,,*,-1,-1
2025-01-10T16:15:01.214-05:00,IdeState,Inactive,,*,-1,-1
2025-01-10T16:15:02.216-05:00,IdeState,Inactive,,*,-1,-1
2025-01-10T16:15:03.219-05:00,IdeState,Inactive,,*,-1,-1
2025-01-10T16:15:04.220-05:00,IdeState,Inactive,,*,-1,-1
2025-01-10T16:15:05.227-05:00,IdeState,Inactive,,*,-1,-1
2025-01-10T16:15:06.229-05:00,IdeState,Inactive,,*,-1,-1
2025-01-10T16:15:07.231-05:00,IdeState,Inactive,,*,-1,-1
2025-01-10T16:15:08.243-05:00,IdeState,Inactive,,*,-1,-1
2025-01-10T16:15:09.246-05:00,IdeState,Inactive,,*,-1,-1
2025-01-10T16:15:10.247-05:00,IdeState,Inactive,,*,-1,-1
2025-01-10T16:15:11.248-05:00,IdeState,Inactive,,*,-1,-1
2025-01-10T16:15:12.249-05:00,IdeState,Inactive,,*,-1,-1
2025-01-10T16:15:13.250-05:00,IdeState,Inactive,,*,-1,-1
2025-01-10T16:15:14.251-05:00,IdeState,Inactive,,*,-1,-1
2025-01-10T16:15:15.253-05:00,IdeState,Inactive,,*,-1,-1
2025-01-10T16:15:16.254-05:00,IdeState,Inactive,,*,-1,-1
2025-01-10T16:15:17.255-05:00,IdeState,Inactive,,*,-1,-1
2025-01-10T16:15:18.256-05:00,IdeState,Inactive,,*,-1,-1
2025-01-10T16:15:19.257-05:00,IdeState,Inactive,,*,-1,-1
2025-01-10T16:15:20.259-05:00,IdeState,Inactive,,*,-1,-1
2025-01-10T16:15:21.259-05:00,IdeState,Inactive,,*,-1,-1
2025-01-10T16:15:22.260-05:00,IdeState,Inactive,,*,-1,-1
2025-01-10T16:15:23.261-05:00,IdeState,Inactive,,*,-1,-1
2025-01-10T16:15:24.262-05:00,IdeState,Inactive,,*,-1,-1
2025-01-10T16:15:25.264-05:00,IdeState,Inactive,,*,-1,-1
2025-01-10T16:15:26.266-05:00,IdeState,Inactive,,*,-1,-1
2025-01-10T16:15:27.267-05:00,IdeState,Inactive,,*,-1,-1
2025-01-10T16:15:28.269-05:00,IdeState,Inactive,,*,-1,-1
2025-01-10T16:15:29.270-05:00,IdeState,Inactive,,*,-1,-1
2025-01-10T16:15:30.272-05:00,IdeState,Inactive,,*,-1,-1
2025-01-10T16:15:31.274-05:00,IdeState,Inactive,,*,-1,-1
2025-01-10T16:15:32.276-05:00,IdeState,Inactive,,*,-1,-1
2025-01-10T16:15:33.277-05:00,IdeState,Inactive,,*,-1,-1
2025-01-10T16:15:34.278-05:00,IdeState,Inactive,,*,-1,-1
2025-01-10T16:15:35.280-05:00,IdeState,Inactive,,*,-1,-1
2025-01-10T16:15:36.282-05:00,IdeState,Inactive,,*,-1,-1
2025-01-10T16:15:37.283-05:00,IdeState,Inactive,,*,-1,-1
2025-01-10T16:15:38.284-05:00,IdeState,Inactive,,*,-1,-1
2025-01-10T16:15:39.287-05:00,IdeState,Inactive,,*,-1,-1
2025-01-10T16:15:40.287-05:00,IdeState,Inactive,,*,-1,-1
2025-01-10T16:15:41.290-05:00,IdeState,Inactive,,*,-1,-1
2025-01-10T16:15:42.291-05:00,IdeState,Inactive,,*,-1,-1
2025-01-10T16:15:43.293-05:00,IdeState,Inactive,,*,-1,-1
2025-01-10T16:15:44.294-05:00,IdeState,Inactive,,*,-1,-1
2025-01-10T16:15:45.296-05:00,IdeState,Inactive,,*,-1,-1
2025-01-10T16:15:46.299-05:00,IdeState,Inactive,,*,-1,-1
2025-01-10T16:15:47.299-05:00,IdeState,Inactive,,*,-1,-1
2025-01-10T16:15:48.300-05:00,IdeState,Inactive,,*,-1,-1
2025-01-10T16:15:49.301-05:00,IdeState,Inactive,,*,-1,-1
2025-01-10T16:15:50.302-05:00,IdeState,Inactive,,*,-1,-1
2025-01-10T16:15:51.303-05:00,IdeState,Inactive,,*,-1,-1
2025-01-10T16:15:52.304-05:00,IdeState,Inactive,,*,-1,-1
2025-01-10T16:15:53.305-05:00,IdeState,Inactive,,*,-1,-1
2025-01-10T16:15:54.306-05:00,IdeState,Inactive,,*,-1,-1
2025-01-10T16:15:55.307-05:00,IdeState,Inactive,,*,-1,-1
2025-01-10T16:15:56.309-05:00,IdeState,Inactive,,*,-1,-1
2025-01-10T16:15:57.309-05:00,IdeState,Inactive,,*,-1,-1
2025-01-10T16:15:58.310-05:00,IdeState,Inactive,,*,-1,-1
2025-01-10T16:15:59.311-05:00,IdeState,Inactive,,*,-1,-1
2025-01-10T16:16:00.312-05:00,IdeState,Inactive,,*,-1,-1
2025-01-10T16:16:01.313-05:00,IdeState,Inactive,,*,-1,-1
2025-01-10T16:16:02.315-05:00,IdeState,Inactive,,*,-1,-1
2025-01-10T16:16:03.316-05:00,IdeState,Inactive,,*,-1,-1
2025-01-10T16:16:04.317-05:00,IdeState,Inactive,,*,-1,-1
2025-01-10T16:16:05.319-05:00,IdeState,Inactive,,*,-1,-1
2025-01-10T16:16:06.320-05:00,IdeState,Inactive,,*,-1,-1
2025-01-10T16:16:07.322-05:00,IdeState,Inactive,,*,-1,-1
2025-01-10T16:16:08.323-05:00,IdeState,Inactive,,*,-1,-1
2025-01-10T16:16:09.324-05:00,IdeState,Inactive,,*,-1,-1
2025-01-10T16:16:10.327-05:00,IdeState,Inactive,,*,-1,-1
2025-01-10T16:16:11.328-05:00,IdeState,Inactive,,*,-1,-1
2025-01-10T16:16:12.328-05:00,IdeState,Inactive,,*,-1,-1
2025-01-10T16:16:13.330-05:00,IdeState,Inactive,,*,-1,-1
2025-01-10T16:16:14.332-05:00,IdeState,Inactive,,*,-1,-1
2025-01-10T16:16:15.334-05:00,IdeState,Inactive,,*,-1,-1
2025-01-10T16:16:16.336-05:00,IdeState,Inactive,,*,-1,-1
2025-01-10T16:16:17.338-05:00,IdeState,Inactive,,*,-1,-1
2025-01-10T16:16:18.339-05:00,IdeState,Inactive,,*,-1,-1
2025-01-10T16:16:19.341-05:00,IdeState,Inactive,,*,-1,-1
2025-01-10T16:16:20.341-05:00,IdeState,Inactive,,*,-1,-1
2025-01-10T16:16:21.343-05:00,IdeState,Inactive,,*,-1,-1
2025-01-10T16:16:22.345-05:00,IdeState,Inactive,,*,-1,-1
2025-01-10T16:16:23.346-05:00,IdeState,Inactive,,*,-1,-1
2025-01-10T16:16:24.347-05:00,IdeState,Inactive,,*,-1,-1
2025-01-10T16:16:25.349-05:00,IdeState,Inactive,,*,-1,-1
2025-01-10T16:16:26.350-05:00,IdeState,Inactive,,*,-1,-1
2025-01-10T16:16:27.351-05:00,IdeState,Inactive,,*,-1,-1
2025-01-10T16:16:28.352-05:00,IdeState,Inactive,,*,-1,-1
2025-01-10T16:16:29.356-05:00,IdeState,Inactive,,*,-1,-1
2025-01-10T16:16:30.357-05:00,IdeState,Inactive,,*,-1,-1
2025-01-10T16:16:31.359-05:00,IdeState,Inactive,,*,-1,-1
2025-01-10T16:16:32.360-05:00,IdeState,Inactive,,*,-1,-1
2025-01-10T16:16:33.362-05:00,IdeState,Inactive,,*,-1,-1
2025-01-10T16:16:34.363-05:00,IdeState,Inactive,,*,-1,-1
2025-01-10T16:16:35.364-05:00,IdeState,Inactive,,*,-1,-1
2025-01-10T16:16:36.366-05:00,IdeState,Inactive,,*,-1,-1
2025-01-10T16:16:37.367-05:00,IdeState,Inactive,,*,-1,-1
2025-01-10T16:16:38.368-05:00,IdeState,Inactive,,*,-1,-1
2025-01-10T16:16:39.369-05:00,IdeState,Inactive,,*,-1,-1
2025-01-10T16:16:40.370-05:00,IdeState,Inactive,,*,-1,-1
2025-01-10T16:16:41.370-05:00,IdeState,Inactive,,*,-1,-1
2025-01-10T16:16:42.372-05:00,IdeState,Inactive,,*,-1,-1
2025-01-10T16:16:43.372-05:00,IdeState,Inactive,,*,-1,-1
2025-01-10T16:16:44.375-05:00,IdeState,Inactive,,*,-1,-1
2025-01-10T16:16:45.376-05:00,IdeState,Inactive,,*,-1,-1
2025-01-10T16:16:46.377-05:00,IdeState,Inactive,,*,-1,-1
2025-01-10T16:16:47.378-05:00,IdeState,Inactive,,*,-1,-1
2025-01-10T16:16:48.379-05:00,IdeState,Inactive,,*,-1,-1
2025-01-10T16:16:49.381-05:00,IdeState,Inactive,,*,-1,-1
2025-01-10T16:16:50.382-05:00,IdeState,Inactive,,*,-1,-1
2025-01-10T16:16:51.383-05:00,IdeState,Inactive,,*,-1,-1
2025-01-10T16:16:52.384-05:00,IdeState,Inactive,,*,-1,-1
2025-01-10T16:16:53.386-05:00,IdeState,Inactive,,*,-1,-1
2025-01-10T16:16:54.387-05:00,IdeState,Inactive,,*,-1,-1
2025-01-10T16:16:55.388-05:00,IdeState,Inactive,,*,-1,-1
2025-01-10T16:16:56.389-05:00,IdeState,Inactive,,*,-1,-1
2025-01-10T16:16:57.392-05:00,IdeState,Inactive,,*,-1,-1
2025-01-10T16:16:58.395-05:00,IdeState,Inactive,,*,-1,-1
2025-01-10T16:16:59.396-05:00,IdeState,Inactive,,*,-1,-1
2025-01-10T16:17:00.398-05:00,IdeState,Inactive,,*,-1,-1
2025-01-10T16:17:01.398-05:00,IdeState,Inactive,,*,-1,-1
2025-01-10T16:17:02.400-05:00,IdeState,Inactive,,*,-1,-1
2025-01-10T16:17:03.402-05:00,IdeState,Inactive,,*,-1,-1
2025-01-10T16:17:04.404-05:00,IdeState,Inactive,,*,-1,-1
2025-01-10T16:17:05.406-05:00,IdeState,Inactive,,*,-1,-1
2025-01-10T16:17:06.407-05:00,IdeState,Inactive,,*,-1,-1
2025-01-10T16:17:07.408-05:00,IdeState,Inactive,,*,-1,-1
2025-01-10T16:17:08.409-05:00,IdeState,Inactive,,*,-1,-1
2025-01-10T16:17:09.410-05:00,IdeState,Inactive,,*,-1,-1
2025-01-10T16:17:10.411-05:00,IdeState,Inactive,,*,-1,-1
2025-01-10T16:17:11.413-05:00,IdeState,Inactive,,*,-1,-1
2025-01-10T16:17:12.414-05:00,IdeState,Inactive,,*,-1,-1
2025-01-10T16:17:13.415-05:00,IdeState,Inactive,,*,-1,-1
2025-01-10T16:17:14.416-05:00,IdeState,Inactive,,*,-1,-1
2025-01-10T16:17:15.419-05:00,IdeState,Inactive,,*,-1,-1
2025-01-10T16:17:16.419-05:00,IdeState,Inactive,,*,-1,-1
2025-01-10T16:17:17.421-05:00,IdeState,Inactive,,*,-1,-1
2025-01-10T16:17:18.423-05:00,IdeState,Inactive,,*,-1,-1
2025-01-10T16:17:19.425-05:00,IdeState,Inactive,,*,-1,-1
2025-01-10T16:17:20.425-05:00,IdeState,Inactive,,*,-1,-1
2025-01-10T16:17:21.428-05:00,IdeState,Inactive,,*,-1,-1
2025-01-10T16:17:22.428-05:00,IdeState,Inactive,,*,-1,-1
2025-01-10T16:17:23.429-05:00,IdeState,Inactive,,*,-1,-1
2025-01-10T16:17:24.430-05:00,IdeState,Inactive,,*,-1,-1
2025-01-10T16:17:25.431-05:00,IdeState,Inactive,,*,-1,-1
2025-01-10T16:17:26.432-05:00,IdeState,Inactive,,*,-1,-1
2025-01-10T16:17:27.434-05:00,IdeState,Inactive,,*,-1,-1
2025-01-10T16:17:28.435-05:00,IdeState,Inactive,,*,-1,-1
2025-01-10T16:17:29.436-05:00,IdeState,Inactive,,*,-1,-1
2025-01-10T16:17:30.438-05:00,IdeState,Inactive,,*,-1,-1
2025-01-10T16:17:31.439-05:00,IdeState,Inactive,,*,-1,-1
2025-01-10T16:17:32.441-05:00,IdeState,Inactive,,*,-1,-1
2025-01-10T16:17:33.441-05:00,IdeState,Inactive,,*,-1,-1
2025-01-10T16:17:34.444-05:00,IdeState,Inactive,,*,-1,-1
2025-01-10T16:17:35.446-05:00,IdeState,Inactive,,*,-1,-1
2025-01-10T16:17:36.447-05:00,IdeState,Inactive,,*,-1,-1
2025-01-10T16:17:37.448-05:00,IdeState,Inactive,,*,-1,-1
2025-01-10T16:17:38.450-05:00,IdeState,Inactive,,*,-1,-1
2025-01-10T16:17:39.451-05:00,IdeState,Inactive,,*,-1,-1
2025-01-10T16:17:40.451-05:00,IdeState,Inactive,,*,-1,-1
2025-01-10T16:17:41.454-05:00,IdeState,Inactive,,*,-1,-1
2025-01-10T16:17:42.455-05:00,IdeState,Inactive,,*,-1,-1
2025-01-10T16:17:43.456-05:00,IdeState,Inactive,,*,-1,-1
2025-01-10T16:17:44.457-05:00,IdeState,Inactive,,*,-1,-1
2025-01-10T16:17:45.458-05:00,IdeState,Inactive,,*,-1,-1
2025-01-10T16:17:46.459-05:00,IdeState,Inactive,,*,-1,-1
2025-01-10T16:17:47.460-05:00,IdeState,Inactive,,*,-1,-1
2025-01-10T16:17:48.462-05:00,IdeState,Inactive,,*,-1,-1
2025-01-10T16:17:49.463-05:00,IdeState,Inactive,,*,-1,-1
2025-01-10T16:17:50.464-05:00,IdeState,Inactive,,*,-1,-1
2025-01-10T16:17:51.466-05:00,IdeState,Inactive,,*,-1,-1
2025-01-10T16:17:52.467-05:00,IdeState,Inactive,,*,-1,-1
2025-01-10T16:17:53.469-05:00,IdeState,Inactive,,*,-1,-1
2025-01-10T16:17:54.470-05:00,IdeState,Inactive,,*,-1,-1
2025-01-10T16:17:55.471-05:00,IdeState,Inactive,,*,-1,-1
2025-01-10T16:17:56.473-05:00,IdeState,Inactive,,*,-1,-1
2025-01-10T16:17:57.474-05:00,IdeState,Inactive,,*,-1,-1
2025-01-10T16:17:58.476-05:00,IdeState,Inactive,,*,-1,-1
2025-01-10T16:17:59.478-05:00,IdeState,Inactive,,*,-1,-1
2025-01-10T16:18:00.478-05:00,IdeState,Inactive,,*,-1,-1
2025-01-10T16:18:01.479-05:00,IdeState,Inactive,,*,-1,-1
2025-01-10T16:18:02.481-05:00,IdeState,Inactive,,*,-1,-1
2025-01-10T16:18:03.482-05:00,IdeState,Inactive,,*,-1,-1
2025-01-10T16:18:04.484-05:00,IdeState,Inactive,,*,-1,-1
2025-01-10T16:18:05.485-05:00,IdeState,Inactive,,*,-1,-1
2025-01-10T16:18:06.486-05:00,IdeState,Inactive,,*,-1,-1
2025-01-10T16:18:07.488-05:00,IdeState,Inactive,,*,-1,-1
2025-01-10T16:18:08.489-05:00,IdeState,Inactive,,*,-1,-1
2025-01-10T16:18:09.491-05:00,IdeState,Inactive,,*,-1,-1
2025-01-10T16:18:10.492-05:00,IdeState,Inactive,,*,-1,-1
2025-01-10T16:18:11.494-05:00,IdeState,Inactive,,*,-1,-1
2025-01-10T16:18:12.495-05:00,IdeState,Inactive,,*,-1,-1
2025-01-10T16:18:13.496-05:00,IdeState,Inactive,,*,-1,-1
2025-01-10T16:18:14.496-05:00,IdeState,Inactive,,*,-1,-1
2025-01-10T16:18:15.497-05:00,IdeState,Inactive,,*,-1,-1
2025-01-10T16:18:16.498-05:00,IdeState,Inactive,,*,-1,-1
2025-01-10T16:18:17.500-05:00,IdeState,Inactive,,*,-1,-1
2025-01-10T16:18:18.501-05:00,IdeState,Inactive,,*,-1,-1
2025-01-10T16:18:19.504-05:00,IdeState,Inactive,,*,-1,-1
2025-01-10T16:18:20.507-05:00,IdeState,Inactive,,*,-1,-1
2025-01-10T16:18:21.507-05:00,IdeState,Inactive,,*,-1,-1
2025-01-10T16:18:22.509-05:00,IdeState,Inactive,,*,-1,-1
2025-01-10T16:18:23.509-05:00,IdeState,Inactive,,*,-1,-1
2025-01-10T16:18:24.511-05:00,IdeState,Inactive,,*,-1,-1
2025-01-10T16:18:25.512-05:00,IdeState,Inactive,,*,-1,-1
2025-01-10T16:18:26.513-05:00,IdeState,Inactive,,*,-1,-1
2025-01-10T16:18:27.514-05:00,IdeState,Inactive,,*,-1,-1
2025-01-10T16:18:28.516-05:00,IdeState,Inactive,,*,-1,-1
2025-01-10T16:18:29.517-05:00,IdeState,Inactive,,*,-1,-1
2025-01-10T16:18:30.517-05:00,IdeState,Inactive,,*,-1,-1
2025-01-10T16:18:31.519-05:00,IdeState,Inactive,,*,-1,-1
2025-01-10T16:18:32.520-05:00,IdeState,Inactive,,*,-1,-1
2025-01-10T16:18:33.521-05:00,IdeState,Inactive,,*,-1,-1
2025-01-10T16:18:34.522-05:00,IdeState,Inactive,,*,-1,-1
2025-01-10T16:18:35.524-05:00,IdeState,Inactive,,*,-1,-1
2025-01-10T16:18:36.526-05:00,IdeState,Inactive,,*,-1,-1
2025-01-10T16:18:37.528-05:00,IdeState,Inactive,,*,-1,-1
2025-01-10T16:18:38.530-05:00,IdeState,Inactive,,*,-1,-1
2025-01-10T16:18:39.532-05:00,IdeState,Inactive,,*,-1,-1
2025-01-10T16:18:40.532-05:00,IdeState,Inactive,,*,-1,-1
2025-01-10T16:18:41.533-05:00,IdeState,Inactive,,*,-1,-1
2025-01-10T16:18:42.534-05:00,IdeState,Inactive,,*,-1,-1
2025-01-10T16:18:43.536-05:00,IdeState,Inactive,,*,-1,-1
2025-01-10T16:18:44.536-05:00,IdeState,Inactive,,*,-1,-1
2025-01-10T16:18:45.541-05:00,IdeState,Inactive,,*,-1,-1
2025-01-10T16:18:46.541-05:00,IdeState,Inactive,,*,-1,-1
2025-01-10T16:18:47.543-05:00,IdeState,Inactive,,*,-1,-1
2025-01-10T16:18:48.544-05:00,IdeState,Inactive,,*,-1,-1
2025-01-10T16:18:49.546-05:00,IdeState,Inactive,,*,-1,-1
2025-01-10T16:18:50.546-05:00,IdeState,Inactive,,*,-1,-1
2025-01-10T16:18:51.547-05:00,IdeState,Inactive,,*,-1,-1
2025-01-10T16:18:52.549-05:00,IdeState,Inactive,,*,-1,-1
2025-01-10T16:18:53.551-05:00,IdeState,Inactive,,*,-1,-1
2025-01-10T16:18:54.553-05:00,IdeState,Inactive,,*,-1,-1
2025-01-10T16:18:55.555-05:00,IdeState,Inactive,,*,-1,-1
2025-01-10T16:18:56.556-05:00,IdeState,Inactive,,*,-1,-1
2025-01-10T16:18:57.557-05:00,IdeState,Inactive,,*,-1,-1
2025-01-10T16:18:58.558-05:00,IdeState,Inactive,,*,-1,-1
2025-01-10T16:18:59.560-05:00,IdeState,Inactive,,*,-1,-1
2025-01-10T16:19:00.561-05:00,IdeState,Inactive,,*,-1,-1
2025-01-10T16:19:01.562-05:00,IdeState,Inactive,,*,-1,-1
2025-01-10T16:19:02.564-05:00,IdeState,Inactive,,*,-1,-1
2025-01-10T16:19:03.565-05:00,IdeState,Inactive,,*,-1,-1
2025-01-10T16:19:04.566-05:00,IdeState,Inactive,,*,-1,-1
2025-01-10T16:19:05.574-05:00,IdeState,Inactive,,*,-1,-1
2025-01-10T16:19:06.576-05:00,IdeState,Inactive,,*,-1,-1
2025-01-10T16:19:07.578-05:00,IdeState,Inactive,,*,-1,-1
2025-01-10T16:19:08.579-05:00,IdeState,Inactive,,*,-1,-1
2025-01-10T16:19:09.580-05:00,IdeState,Inactive,,*,-1,-1
2025-01-10T16:19:10.582-05:00,IdeState,Inactive,,*,-1,-1
2025-01-10T16:19:11.584-05:00,IdeState,Inactive,,*,-1,-1
2025-01-10T16:19:12.586-05:00,IdeState,Inactive,,*,-1,-1
2025-01-10T16:19:13.587-05:00,IdeState,Inactive,,*,-1,-1
2025-01-10T16:19:14.588-05:00,IdeState,Inactive,,*,-1,-1
2025-01-10T16:19:15.589-05:00,IdeState,Inactive,,*,-1,-1
2025-01-10T16:19:16.590-05:00,IdeState,Inactive,,*,-1,-1
2025-01-10T16:19:17.591-05:00,IdeState,Inactive,,*,-1,-1
2025-01-10T16:19:18.592-05:00,IdeState,Inactive,,*,-1,-1
2025-01-10T16:19:19.593-05:00,IdeState,Inactive,,*,-1,-1
2025-01-10T16:19:20.595-05:00,IdeState,Inactive,,*,-1,-1
2025-01-10T16:19:21.596-05:00,IdeState,Inactive,,*,-1,-1
2025-01-10T16:19:22.597-05:00,IdeState,Inactive,,*,-1,-1
2025-01-10T16:19:23.598-05:00,IdeState,Inactive,,*,-1,-1
2025-01-10T16:19:24.599-05:00,IdeState,Inactive,,*,-1,-1
2025-01-10T16:19:25.601-05:00,IdeState,Inactive,,*,-1,-1
2025-01-10T16:19:26.602-05:00,IdeState,Inactive,,*,-1,-1
2025-01-10T16:19:27.603-05:00,IdeState,Inactive,,*,-1,-1
2025-01-10T16:19:28.604-05:00,IdeState,Inactive,,*,-1,-1
2025-01-10T16:19:29.605-05:00,IdeState,Inactive,,*,-1,-1
2025-01-10T16:19:30.606-05:00,IdeState,Inactive,,*,-1,-1
2025-01-10T16:19:31.607-05:00,IdeState,Inactive,,*,-1,-1
2025-01-10T16:19:32.608-05:00,IdeState,Inactive,,*,-1,-1
2025-01-10T16:19:33.609-05:00,IdeState,Inactive,,*,-1,-1
2025-01-10T16:19:34.610-05:00,IdeState,Inactive,,*,-1,-1
2025-01-10T16:19:35.611-05:00,IdeState,Inactive,,*,-1,-1
2025-01-10T16:19:36.614-05:00,IdeState,Inactive,,*,-1,-1
2025-01-10T16:19:37.616-05:00,IdeState,Inactive,,*,-1,-1
2025-01-10T16:19:38.617-05:00,IdeState,Inactive,,*,-1,-1
2025-01-10T16:19:39.618-05:00,IdeState,Inactive,,*,-1,-1
2025-01-10T16:19:40.620-05:00,IdeState,Inactive,,*,-1,-1
2025-01-10T16:19:41.622-05:00,IdeState,Inactive,,*,-1,-1
2025-01-10T16:19:42.623-05:00,IdeState,Inactive,,*,-1,-1
2025-01-10T16:19:43.624-05:00,IdeState,Inactive,,*,-1,-1
2025-01-10T16:19:44.625-05:00,IdeState,Inactive,,*,-1,-1
2025-01-10T16:19:45.627-05:00,IdeState,Inactive,,*,-1,-1
2025-01-10T16:19:46.628-05:00,IdeState,Inactive,,*,-1,-1
2025-01-10T16:19:47.629-05:00,IdeState,Inactive,,*,-1,-1
2025-01-10T16:19:48.631-05:00,IdeState,Inactive,,*,-1,-1
2025-01-10T16:19:49.634-05:00,IdeState,Inactive,,*,-1,-1
2025-01-10T16:19:50.636-05:00,IdeState,Inactive,,*,-1,-1
2025-01-10T16:19:51.637-05:00,IdeState,Inactive,,*,-1,-1
2025-01-10T16:19:52.639-05:00,IdeState,Inactive,,*,-1,-1
2025-01-10T16:19:53.641-05:00,IdeState,Inactive,,*,-1,-1
2025-01-10T16:19:54.643-05:00,IdeState,Inactive,,*,-1,-1
2025-01-10T16:19:55.645-05:00,IdeState,Inactive,,*,-1,-1
2025-01-10T16:19:56.646-05:00,IdeState,Inactive,,*,-1,-1
2025-01-10T16:19:57.647-05:00,IdeState,Inactive,,*,-1,-1
2025-01-10T16:19:58.648-05:00,IdeState,Inactive,,*,-1,-1
2025-01-10T16:19:59.649-05:00,IdeState,Inactive,,*,-1,-1
2025-01-10T16:20:00.650-05:00,IdeState,Inactive,,*,-1,-1
2025-01-10T16:20:01.651-05:00,IdeState,Inactive,,*,-1,-1
2025-01-10T16:20:02.652-05:00,IdeState,Inactive,,*,-1,-1
2025-01-10T16:20:03.654-05:00,IdeState,Inactive,,*,-1,-1
2025-01-10T16:20:04.656-05:00,IdeState,Inactive,,*,-1,-1
2025-01-10T16:20:05.658-05:00,IdeState,Inactive,,*,-1,-1
2025-01-10T16:20:06.659-05:00,IdeState,Inactive,,*,-1,-1
2025-01-10T16:20:07.660-05:00,IdeState,Inactive,,*,-1,-1
2025-01-10T16:20:08.661-05:00,IdeState,Inactive,,*,-1,-1
2025-01-10T16:20:09.663-05:00,IdeState,Inactive,,*,-1,-1
2025-01-10T16:20:10.665-05:00,IdeState,Inactive,,*,-1,-1
2025-01-10T16:20:11.667-05:00,IdeState,Inactive,,*,-1,-1
2025-01-10T16:20:12.669-05:00,IdeState,Inactive,,*,-1,-1
2025-01-10T16:20:13.670-05:00,IdeState,Inactive,,*,-1,-1
2025-01-10T16:20:14.671-05:00,IdeState,Inactive,,*,-1,-1
2025-01-10T16:20:15.672-05:00,IdeState,Inactive,,*,-1,-1
2025-01-10T16:20:16.673-05:00,IdeState,Inactive,,*,-1,-1
2025-01-10T16:20:17.674-05:00,IdeState,Inactive,,*,-1,-1
2025-01-10T16:20:18.675-05:00,IdeState,Inactive,,*,-1,-1
2025-01-10T16:20:19.675-05:00,IdeState,Inactive,,*,-1,-1
2025-01-10T16:20:20.676-05:00,IdeState,Inactive,,*,-1,-1
2025-01-10T16:20:21.677-05:00,IdeState,Inactive,,*,-1,-1
2025-01-10T16:20:22.678-05:00,IdeState,Inactive,,*,-1,-1
2025-01-10T16:20:23.678-05:00,IdeState,Inactive,,*,-1,-1
2025-01-10T16:20:24.681-05:00,IdeState,Inactive,,*,-1,-1
2025-01-10T16:20:25.682-05:00,IdeState,Inactive,,*,-1,-1
2025-01-10T16:20:26.684-05:00,IdeState,Inactive,,*,-1,-1
2025-01-10T16:20:27.684-05:00,IdeState,Inactive,,*,-1,-1
2025-01-10T16:20:28.686-05:00,IdeState,Inactive,,*,-1,-1
2025-01-10T16:20:29.687-05:00,IdeState,Inactive,,*,-1,-1
2025-01-10T16:20:30.689-05:00,IdeState,Inactive,,*,-1,-1
2025-01-10T16:20:31.692-05:00,IdeState,Inactive,,*,-1,-1
2025-01-10T16:20:32.693-05:00,IdeState,Inactive,,*,-1,-1
2025-01-10T16:20:33.711-05:00,IdeState,Inactive,,*,-1,-1
2025-01-10T16:20:34.718-05:00,IdeState,Inactive,,*,-1,-1
2025-01-10T16:20:35.719-05:00,IdeState,Inactive,,*,-1,-1
2025-01-10T16:20:36.721-05:00,IdeState,Inactive,,*,-1,-1
2025-01-10T16:20:37.722-05:00,IdeState,Inactive,,*,-1,-1
2025-01-10T16:20:38.724-05:00,IdeState,Inactive,,*,-1,-1
2025-01-10T16:20:39.725-05:00,IdeState,Inactive,,*,-1,-1
2025-01-10T16:20:40.726-05:00,IdeState,Inactive,,*,-1,-1
2025-01-10T16:20:41.729-05:00,IdeState,Inactive,,*,-1,-1
2025-01-10T16:20:42.730-05:00,IdeState,Inactive,,*,-1,-1
2025-01-10T16:20:43.732-05:00,IdeState,Inactive,,*,-1,-1
2025-01-10T16:20:44.733-05:00,IdeState,Inactive,,*,-1,-1
2025-01-10T16:20:45.735-05:00,IdeState,Inactive,,*,-1,-1
2025-01-10T16:20:46.749-05:00,IdeState,Inactive,,*,-1,-1
2025-01-10T16:20:47.752-05:00,IdeState,Inactive,,*,-1,-1
2025-01-10T16:20:48.753-05:00,IdeState,Inactive,,*,-1,-1
2025-01-10T16:20:49.753-05:00,IdeState,Inactive,,*,-1,-1
2025-01-10T16:20:50.767-05:00,IdeState,Inactive,,*,-1,-1
2025-01-10T16:20:51.774-05:00,IdeState,Inactive,,*,-1,-1
2025-01-10T16:20:52.775-05:00,IdeState,Inactive,,*,-1,-1
2025-01-10T16:20:53.776-05:00,IdeState,Inactive,,*,-1,-1
2025-01-10T16:20:54.777-05:00,IdeState,Inactive,,*,-1,-1
2025-01-10T16:20:55.779-05:00,IdeState,Inactive,,*,-1,-1
2025-01-10T16:20:56.779-05:00,IdeState,Inactive,,*,-1,-1
2025-01-10T16:20:57.780-05:00,IdeState,Inactive,,*,-1,-1
2025-01-10T16:20:58.782-05:00,IdeState,Inactive,,*,-1,-1
2025-01-10T16:20:59.784-05:00,IdeState,Inactive,,*,-1,-1
2025-01-10T16:21:00.786-05:00,IdeState,Inactive,,*,-1,-1
2025-01-10T16:21:01.786-05:00,IdeState,Inactive,,*,-1,-1
2025-01-10T16:21:02.788-05:00,IdeState,Inactive,,*,-1,-1
2025-01-10T16:21:03.790-05:00,IdeState,Inactive,,*,-1,-1
2025-01-10T16:21:04.790-05:00,IdeState,Inactive,,*,-1,-1
2025-01-10T16:21:05.791-05:00,IdeState,Inactive,,*,-1,-1
2025-01-10T16:21:06.792-05:00,IdeState,Inactive,,*,-1,-1
2025-01-10T16:21:07.794-05:00,IdeState,Inactive,,*,-1,-1
2025-01-10T16:21:08.795-05:00,IdeState,Inactive,,*,-1,-1
2025-01-10T16:21:09.811-05:00,IdeState,Inactive,,*,-1,-1
2025-01-10T16:21:10.813-05:00,IdeState,Inactive,,*,-1,-1
2025-01-10T16:21:11.814-05:00,IdeState,Inactive,,*,-1,-1
2025-01-10T16:21:12.817-05:00,IdeState,Inactive,,*,-1,-1
2025-01-10T16:21:13.818-05:00,IdeState,Inactive,,*,-1,-1
2025-01-10T16:21:14.819-05:00,IdeState,Inactive,,*,-1,-1
2025-01-10T16:21:15.821-05:00,IdeState,Inactive,,*,-1,-1
2025-01-10T16:21:16.821-05:00,IdeState,Inactive,,*,-1,-1
2025-01-10T16:21:17.822-05:00,IdeState,Inactive,,*,-1,-1
2025-01-10T16:21:18.823-05:00,IdeState,Inactive,,*,-1,-1
2025-01-10T16:21:19.824-05:00,IdeState,Inactive,,*,-1,-1
2025-01-10T16:21:20.825-05:00,IdeState,Inactive,,*,-1,-1
2025-01-10T16:21:21.826-05:00,IdeState,Inactive,,*,-1,-1
2025-01-10T16:21:22.827-05:00,IdeState,Inactive,,*,-1,-1
2025-01-10T16:21:23.829-05:00,IdeState,Inactive,,*,-1,-1
2025-01-10T16:21:24.829-05:00,IdeState,Inactive,,*,-1,-1
2025-01-10T16:21:25.830-05:00,IdeState,Inactive,,*,-1,-1
2025-01-10T16:21:26.831-05:00,IdeState,Inactive,,*,-1,-1
2025-01-10T16:21:27.832-05:00,IdeState,Inactive,,*,-1,-1
2025-01-10T16:21:28.833-05:00,IdeState,Inactive,,*,-1,-1
2025-01-10T16:21:29.834-05:00,IdeState,Inactive,,*,-1,-1
2025-01-10T16:21:30.835-05:00,IdeState,Inactive,,*,-1,-1
2025-01-10T16:21:31.836-05:00,IdeState,Inactive,,*,-1,-1
2025-01-10T16:21:32.838-05:00,IdeState,Inactive,,*,-1,-1
2025-01-10T16:21:33.839-05:00,IdeState,Inactive,,*,-1,-1
2025-01-10T16:21:34.840-05:00,IdeState,Inactive,,*,-1,-1
2025-01-10T16:21:35.841-05:00,IdeState,Inactive,,*,-1,-1
2025-01-10T16:21:36.842-05:00,IdeState,Inactive,,*,-1,-1
2025-01-10T16:21:37.858-05:00,IdeState,Inactive,,*,-1,-1
2025-01-10T16:21:38.860-05:00,IdeState,Inactive,,*,-1,-1
2025-01-10T16:21:39.861-05:00,IdeState,Inactive,,*,-1,-1
2025-01-10T16:21:40.863-05:00,IdeState,Inactive,,*,-1,-1
2025-01-10T16:21:41.865-05:00,IdeState,Inactive,,*,-1,-1
2025-01-10T16:21:42.874-05:00,IdeState,Inactive,,*,-1,-1
2025-01-10T16:21:43.876-05:00,IdeState,Inactive,,*,-1,-1
2025-01-10T16:21:44.877-05:00,IdeState,Inactive,,*,-1,-1
2025-01-10T16:21:45.879-05:00,IdeState,Inactive,,*,-1,-1
2025-01-10T16:21:46.880-05:00,IdeState,Inactive,,*,-1,-1
2025-01-10T16:21:47.882-05:00,IdeState,Inactive,,*,-1,-1
2025-01-10T16:21:48.883-05:00,IdeState,Inactive,,*,-1,-1
2025-01-10T16:21:49.886-05:00,IdeState,Inactive,,*,-1,-1
2025-01-10T16:21:50.889-05:00,IdeState,Inactive,,*,-1,-1
2025-01-10T16:21:51.890-05:00,IdeState,Inactive,,*,-1,-1
2025-01-10T16:21:52.891-05:00,IdeState,Inactive,,*,-1,-1
2025-01-10T16:21:53.893-05:00,IdeState,Inactive,,*,-1,-1
2025-01-10T16:21:54.894-05:00,IdeState,Inactive,,*,-1,-1
2025-01-10T16:21:55.895-05:00,IdeState,Inactive,,*,-1,-1
2025-01-10T16:21:56.897-05:00,IdeState,Inactive,,*,-1,-1
2025-01-10T16:21:57.898-05:00,IdeState,Inactive,,*,-1,-1
2025-01-10T16:21:58.900-05:00,IdeState,Inactive,,*,-1,-1
2025-01-10T16:21:59.901-05:00,IdeState,Inactive,,*,-1,-1
2025-01-10T16:22:00.903-05:00,IdeState,Inactive,,*,-1,-1
2025-01-10T16:22:01.904-05:00,IdeState,Inactive,,*,-1,-1
2025-01-10T16:22:02.905-05:00,IdeState,Inactive,,*,-1,-1
2025-01-10T16:22:03.906-05:00,IdeState,Inactive,,*,-1,-1
2025-01-10T16:22:04.907-05:00,IdeState,Inactive,,*,-1,-1
2025-01-10T16:22:05.908-05:00,IdeState,Inactive,,*,-1,-1
2025-01-10T16:22:06.910-05:00,IdeState,Inactive,,*,-1,-1
2025-01-10T16:22:07.911-05:00,IdeState,Inactive,,*,-1,-1
2025-01-10T16:22:08.912-05:00,IdeState,Inactive,,*,-1,-1
2025-01-10T16:22:09.914-05:00,IdeState,Inactive,,*,-1,-1
2025-01-10T16:22:10.914-05:00,IdeState,Inactive,,*,-1,-1
2025-01-10T16:22:11.916-05:00,IdeState,Inactive,,*,-1,-1
2025-01-10T16:22:12.918-05:00,IdeState,Inactive,,*,-1,-1
2025-01-10T16:22:13.919-05:00,IdeState,Inactive,,*,-1,-1
2025-01-10T16:22:14.921-05:00,IdeState,Inactive,,*,-1,-1
2025-01-10T16:22:15.923-05:00,IdeState,Inactive,,*,-1,-1
2025-01-10T16:22:16.924-05:00,IdeState,Inactive,,*,-1,-1
2025-01-10T16:22:17.925-05:00,IdeState,Inactive,,*,-1,-1
2025-01-10T16:22:18.927-05:00,IdeState,Inactive,,*,-1,-1
2025-01-10T16:22:19.929-05:00,IdeState,Inactive,,*,-1,-1
2025-01-10T16:22:20.931-05:00,IdeState,Inactive,,*,-1,-1
2025-01-10T16:22:21.931-05:00,IdeState,Inactive,,*,-1,-1
2025-01-10T16:22:22.933-05:00,IdeState,Inactive,,*,-1,-1
2025-01-10T16:22:23.934-05:00,IdeState,Inactive,,*,-1,-1
2025-01-10T16:22:24.936-05:00,IdeState,Inactive,,*,-1,-1
2025-01-10T16:22:25.937-05:00,IdeState,Inactive,,*,-1,-1
2025-01-10T16:22:26.938-05:00,IdeState,Inactive,,*,-1,-1
2025-01-10T16:22:27.939-05:00,IdeState,Inactive,,*,-1,-1
2025-01-10T16:22:28.940-05:00,IdeState,Inactive,,*,-1,-1
2025-01-10T16:22:29.950-05:00,IdeState,Inactive,,*,-1,-1
2025-01-10T16:22:30.960-05:00,IdeState,Inactive,,*,-1,-1
2025-01-10T16:22:31.962-05:00,IdeState,Inactive,,*,-1,-1
2025-01-10T16:22:32.964-05:00,IdeState,Inactive,,*,-1,-1
2025-01-10T16:22:33.965-05:00,IdeState,Inactive,,*,-1,-1
2025-01-10T16:22:34.966-05:00,IdeState,Inactive,,*,-1,-1
2025-01-10T16:22:35.969-05:00,IdeState,Inactive,,*,-1,-1
2025-01-10T16:22:36.970-05:00,IdeState,Inactive,,*,-1,-1
2025-01-10T16:22:37.972-05:00,IdeState,Inactive,,*,-1,-1
2025-01-10T16:22:38.973-05:00,IdeState,Inactive,,*,-1,-1
2025-01-10T16:22:39.976-05:00,IdeState,Inactive,,*,-1,-1
2025-01-10T16:22:40.976-05:00,IdeState,Inactive,,*,-1,-1
2025-01-10T16:22:41.979-05:00,IdeState,Inactive,,*,-1,-1
2025-01-10T16:22:42.980-05:00,IdeState,Inactive,,*,-1,-1
2025-01-10T16:22:43.982-05:00,IdeState,Inactive,,*,-1,-1
2025-01-10T16:22:44.982-05:00,IdeState,Inactive,,*,-1,-1
2025-01-10T16:22:45.983-05:00,IdeState,Inactive,,*,-1,-1
2025-01-10T16:22:46.985-05:00,IdeState,Inactive,,*,-1,-1
2025-01-10T16:22:47.987-05:00,IdeState,Inactive,,*,-1,-1
2025-01-10T16:22:48.989-05:00,IdeState,Inactive,,*,-1,-1
2025-01-10T16:22:49.992-05:00,IdeState,Inactive,,*,-1,-1
2025-01-10T16:22:50.993-05:00,IdeState,Inactive,,*,-1,-1
2025-01-10T16:22:51.994-05:00,IdeState,Inactive,,*,-1,-1
2025-01-10T16:22:52.995-05:00,IdeState,Inactive,,*,-1,-1
2025-01-10T16:22:53.998-05:00,IdeState,Inactive,,*,-1,-1
2025-01-10T16:22:54.999-05:00,IdeState,Inactive,,*,-1,-1
2025-01-10T16:22:56.000-05:00,IdeState,Inactive,,*,-1,-1
2025-01-10T16:22:57.001-05:00,IdeState,Inactive,,*,-1,-1
2025-01-10T16:22:58.002-05:00,IdeState,Inactive,,*,-1,-1
2025-01-10T16:22:59.004-05:00,IdeState,Inactive,,*,-1,-1
2025-01-10T16:23:00.006-05:00,IdeState,Inactive,,*,-1,-1
2025-01-10T16:23:01.008-05:00,IdeState,Inactive,,*,-1,-1
2025-01-10T16:23:02.009-05:00,IdeState,Inactive,,*,-1,-1
2025-01-10T16:23:03.011-05:00,IdeState,Inactive,,*,-1,-1
2025-01-10T16:23:04.013-05:00,IdeState,Inactive,,*,-1,-1
2025-01-10T16:23:05.014-05:00,IdeState,Inactive,,*,-1,-1
2025-01-10T16:23:06.015-05:00,IdeState,Inactive,,*,-1,-1
2025-01-10T16:23:07.016-05:00,IdeState,Inactive,,*,-1,-1
2025-01-10T16:23:08.017-05:00,IdeState,Inactive,,*,-1,-1
2025-01-10T16:23:09.017-05:00,IdeState,Inactive,,*,-1,-1
2025-01-10T16:23:10.019-05:00,IdeState,Inactive,,*,-1,-1
2025-01-10T16:23:11.021-05:00,IdeState,Inactive,,*,-1,-1
2025-01-10T16:23:12.022-05:00,IdeState,Inactive,,*,-1,-1
2025-01-10T16:23:13.023-05:00,IdeState,Inactive,,*,-1,-1
2025-01-10T16:23:14.023-05:00,IdeState,Inactive,,*,-1,-1
2025-01-10T16:23:15.025-05:00,IdeState,Inactive,,*,-1,-1
2025-01-10T16:23:16.026-05:00,IdeState,Inactive,,*,-1,-1
2025-01-10T16:23:17.027-05:00,IdeState,Inactive,,*,-1,-1
2025-01-10T16:23:18.029-05:00,IdeState,Inactive,,*,-1,-1
2025-01-10T16:23:19.031-05:00,IdeState,Inactive,,*,-1,-1
2025-01-10T16:23:20.032-05:00,IdeState,Inactive,,*,-1,-1
2025-01-10T16:23:21.033-05:00,IdeState,Inactive,,*,-1,-1
2025-01-10T16:23:22.034-05:00,IdeState,Inactive,,*,-1,-1
2025-01-10T16:23:23.035-05:00,IdeState,Inactive,,*,-1,-1
2025-01-10T16:23:24.038-05:00,IdeState,Inactive,,*,-1,-1
2025-01-10T16:23:25.039-05:00,IdeState,Inactive,,*,-1,-1
2025-01-10T16:23:26.040-05:00,IdeState,Inactive,,*,-1,-1
2025-01-10T16:23:27.045-05:00,IdeState,Inactive,,*,-1,-1
2025-01-10T16:23:28.046-05:00,IdeState,Inactive,,*,-1,-1
2025-01-10T16:23:29.047-05:00,IdeState,Inactive,,*,-1,-1
2025-01-10T16:23:30.049-05:00,IdeState,Inactive,,*,-1,-1
2025-01-10T16:23:31.052-05:00,IdeState,Inactive,,*,-1,-1
2025-01-10T16:23:32.054-05:00,IdeState,Inactive,,*,-1,-1
2025-01-10T16:23:33.055-05:00,IdeState,Inactive,,*,-1,-1
2025-01-10T16:23:34.056-05:00,IdeState,Inactive,,*,-1,-1
2025-01-10T16:23:35.057-05:00,IdeState,Inactive,,*,-1,-1
2025-01-10T16:23:36.060-05:00,IdeState,Inactive,,*,-1,-1
2025-01-10T16:23:37.062-05:00,IdeState,Inactive,,*,-1,-1
2025-01-10T16:23:38.064-05:00,IdeState,Inactive,,*,-1,-1
2025-01-10T16:23:39.064-05:00,IdeState,Inactive,,*,-1,-1
2025-01-10T16:23:40.065-05:00,IdeState,Inactive,,*,-1,-1
2025-01-10T16:23:41.067-05:00,IdeState,Inactive,,*,-1,-1
2025-01-10T16:23:42.070-05:00,IdeState,Inactive,,*,-1,-1
2025-01-10T16:23:43.072-05:00,IdeState,Inactive,,*,-1,-1
2025-01-10T16:23:44.073-05:00,IdeState,Inactive,,*,-1,-1
2025-01-10T16:23:45.073-05:00,IdeState,Inactive,,*,-1,-1
2025-01-10T16:23:46.074-05:00,IdeState,Inactive,,*,-1,-1
2025-01-10T16:23:47.074-05:00,IdeState,Inactive,,*,-1,-1
2025-01-10T16:23:48.076-05:00,IdeState,Inactive,,*,-1,-1
2025-01-10T16:23:49.099-05:00,IdeState,Inactive,,*,-1,-1
2025-01-10T16:23:50.116-05:00,IdeState,Inactive,,*,-1,-1
2025-01-10T16:23:51.117-05:00,IdeState,Inactive,,*,-1,-1
2025-01-10T16:23:52.125-05:00,IdeState,Inactive,,*,-1,-1
2025-01-10T16:23:53.126-05:00,IdeState,Inactive,,*,-1,-1
2025-01-10T16:23:54.127-05:00,IdeState,Inactive,,*,-1,-1
2025-01-10T16:23:55.129-05:00,IdeState,Inactive,,*,-1,-1
2025-01-10T16:23:56.131-05:00,IdeState,Inactive,,*,-1,-1
2025-01-10T16:23:57.165-05:00,IdeState,Inactive,,*,-1,-1
2025-01-10T16:23:58.174-05:00,IdeState,Inactive,,*,-1,-1
2025-01-10T16:23:59.176-05:00,IdeState,Inactive,,*,-1,-1
2025-01-10T16:24:00.178-05:00,IdeState,Inactive,,*,-1,-1
2025-01-10T16:24:01.179-05:00,IdeState,Inactive,,*,-1,-1
2025-01-10T16:24:02.180-05:00,IdeState,Inactive,,*,-1,-1
2025-01-10T16:24:03.181-05:00,IdeState,Inactive,,*,-1,-1
2025-01-10T16:24:04.182-05:00,IdeState,Inactive,,*,-1,-1
2025-01-10T16:24:05.184-05:00,IdeState,Inactive,,*,-1,-1
2025-01-10T16:24:06.187-05:00,IdeState,Inactive,,*,-1,-1
2025-01-10T16:24:07.190-05:00,IdeState,Inactive,,*,-1,-1
2025-01-10T16:24:08.212-05:00,IdeState,Inactive,,*,-1,-1
2025-01-10T16:24:09.212-05:00,IdeState,Inactive,,*,-1,-1
2025-01-10T16:24:10.214-05:00,IdeState,Inactive,,*,-1,-1
2025-01-10T16:24:11.215-05:00,IdeState,Inactive,,*,-1,-1
2025-01-10T16:24:12.226-05:00,IdeState,Inactive,,*,-1,-1
2025-01-10T16:24:13.227-05:00,IdeState,Inactive,,*,-1,-1
2025-01-10T16:24:14.229-05:00,IdeState,Inactive,,*,-1,-1
2025-01-10T16:24:15.229-05:00,IdeState,Inactive,,*,-1,-1
2025-01-10T16:24:16.231-05:00,IdeState,Inactive,,*,-1,-1
2025-01-10T16:24:17.232-05:00,IdeState,Inactive,,*,-1,-1
2025-01-10T16:24:18.233-05:00,IdeState,Inactive,,*,-1,-1
2025-01-10T16:24:19.235-05:00,IdeState,Inactive,,*,-1,-1
2025-01-10T16:24:20.238-05:00,IdeState,Inactive,,*,-1,-1
2025-01-10T16:24:21.239-05:00,IdeState,Inactive,,*,-1,-1
2025-01-10T16:24:22.240-05:00,IdeState,Inactive,,*,-1,-1
2025-01-10T16:24:23.242-05:00,IdeState,Inactive,,*,-1,-1
2025-01-10T16:24:24.244-05:00,IdeState,Inactive,,*,-1,-1
2025-01-10T16:24:25.245-05:00,IdeState,Inactive,,*,-1,-1
2025-01-10T16:24:26.247-05:00,IdeState,Inactive,,*,-1,-1
2025-01-10T16:24:27.248-05:00,IdeState,Inactive,,*,-1,-1
2025-01-10T16:24:28.249-05:00,IdeState,Inactive,,*,-1,-1
2025-01-10T16:24:29.250-05:00,IdeState,Inactive,,*,-1,-1
2025-01-10T16:24:30.252-05:00,IdeState,Inactive,,*,-1,-1
2025-01-10T16:24:31.252-05:00,IdeState,Inactive,,*,-1,-1
2025-01-10T16:24:32.259-05:00,IdeState,Inactive,,*,-1,-1
2025-01-10T16:24:33.260-05:00,IdeState,Inactive,,*,-1,-1
2025-01-10T16:24:34.262-05:00,IdeState,Inactive,,*,-1,-1
2025-01-10T16:24:35.264-05:00,IdeState,Inactive,,*,-1,-1
2025-01-10T16:24:36.265-05:00,IdeState,Inactive,,*,-1,-1
2025-01-10T16:24:37.267-05:00,IdeState,Inactive,,*,-1,-1
2025-01-10T16:24:38.269-05:00,IdeState,Inactive,,*,-1,-1
2025-01-10T16:24:39.270-05:00,IdeState,Inactive,,*,-1,-1
2025-01-10T16:24:40.272-05:00,IdeState,Inactive,,*,-1,-1
2025-01-10T16:24:41.273-05:00,IdeState,Inactive,,*,-1,-1
2025-01-10T16:24:42.276-05:00,IdeState,Inactive,,*,-1,-1
2025-01-10T16:24:43.276-05:00,IdeState,Inactive,,*,-1,-1
2025-01-10T16:24:44.277-05:00,IdeState,Inactive,,*,-1,-1
2025-01-10T16:24:45.278-05:00,IdeState,Inactive,,*,-1,-1
2025-01-10T16:24:46.279-05:00,IdeState,Inactive,,*,-1,-1
2025-01-10T16:24:47.279-05:00,IdeState,Inactive,,*,-1,-1
2025-01-10T16:24:48.282-05:00,IdeState,Inactive,,*,-1,-1
2025-01-10T16:24:49.283-05:00,IdeState,Inactive,,*,-1,-1
2025-01-10T16:24:50.284-05:00,IdeState,Inactive,,*,-1,-1
2025-01-10T16:24:51.286-05:00,IdeState,Inactive,,*,-1,-1
2025-01-10T16:24:52.292-05:00,IdeState,Inactive,,*,-1,-1
2025-01-10T16:24:53.295-05:00,IdeState,Inactive,,*,-1,-1
2025-01-10T16:24:54.297-05:00,IdeState,Inactive,,*,-1,-1
2025-01-10T16:24:55.300-05:00,IdeState,Inactive,,*,-1,-1
2025-01-10T16:24:56.300-05:00,IdeState,Inactive,,*,-1,-1
2025-01-10T16:24:57.339-05:00,IdeState,Inactive,,*,-1,-1
2025-01-10T16:24:58.341-05:00,IdeState,Inactive,,*,-1,-1
2025-01-10T16:24:59.342-05:00,IdeState,Inactive,,*,-1,-1
2025-01-10T16:25:00.343-05:00,IdeState,Inactive,,*,-1,-1
2025-01-10T16:25:01.345-05:00,IdeState,Inactive,,*,-1,-1
2025-01-10T16:25:02.356-05:00,IdeState,Inactive,,*,-1,-1
2025-01-10T16:25:03.358-05:00,IdeState,Inactive,,*,-1,-1
2025-01-10T16:25:04.361-05:00,IdeState,Inactive,,*,-1,-1
2025-01-10T16:25:05.362-05:00,IdeState,Inactive,,*,-1,-1
2025-01-10T16:25:06.452-05:00,IdeState,Inactive,,*,-1,-1
2025-01-10T16:25:07.461-05:00,IdeState,Inactive,,*,-1,-1
2025-01-10T16:25:08.463-05:00,IdeState,Inactive,,*,-1,-1
2025-01-10T16:25:09.464-05:00,IdeState,Inactive,,*,-1,-1
2025-01-10T16:25:10.465-05:00,IdeState,Inactive,,*,-1,-1
2025-01-10T16:25:11.468-05:00,IdeState,Inactive,,*,-1,-1
2025-01-10T16:25:12.470-05:00,IdeState,Inactive,,*,-1,-1
2025-01-10T16:25:13.472-05:00,IdeState,Inactive,,*,-1,-1
2025-01-10T16:25:14.473-05:00,IdeState,Inactive,,*,-1,-1
2025-01-10T16:25:15.475-05:00,IdeState,Inactive,,*,-1,-1
2025-01-10T16:25:16.506-05:00,IdeState,Inactive,,*,-1,-1
2025-01-10T16:25:17.539-05:00,IdeState,Inactive,,*,-1,-1
2025-01-10T16:25:18.539-05:00,IdeState,Inactive,,*,-1,-1
2025-01-10T16:25:19.540-05:00,IdeState,Inactive,,*,-1,-1
2025-01-10T16:25:20.541-05:00,IdeState,Inactive,,*,-1,-1
2025-01-10T16:25:21.542-05:00,IdeState,Inactive,,*,-1,-1
2025-01-10T16:25:22.543-05:00,IdeState,Inactive,,*,-1,-1
2025-01-10T16:25:23.543-05:00,IdeState,Inactive,,*,-1,-1
2025-01-10T16:25:24.545-05:00,IdeState,Inactive,,*,-1,-1
2025-01-10T16:25:25.559-05:00,IdeState,Inactive,,*,-1,-1
2025-01-10T16:25:26.561-05:00,IdeState,Inactive,,*,-1,-1
2025-01-10T16:25:27.562-05:00,IdeState,Inactive,,*,-1,-1
2025-01-10T16:25:28.562-05:00,IdeState,Inactive,,*,-1,-1
2025-01-10T16:25:29.576-05:00,IdeState,Inactive,,*,-1,-1
2025-01-10T16:25:30.578-05:00,IdeState,Inactive,,*,-1,-1
2025-01-10T16:25:31.580-05:00,IdeState,Inactive,,*,-1,-1
2025-01-10T16:25:32.581-05:00,IdeState,Inactive,,*,-1,-1
2025-01-10T16:25:33.582-05:00,IdeState,Inactive,,*,-1,-1
2025-01-10T16:25:34.584-05:00,IdeState,Inactive,,*,-1,-1
2025-01-10T16:25:35.594-05:00,IdeState,Inactive,,*,-1,-1
2025-01-10T16:25:36.595-05:00,IdeState,Inactive,,*,-1,-1
2025-01-10T16:25:37.596-05:00,IdeState,Inactive,,*,-1,-1
2025-01-10T16:25:38.597-05:00,IdeState,Inactive,,*,-1,-1
2025-01-10T16:25:39.598-05:00,IdeState,Inactive,,*,-1,-1
2025-01-10T16:25:40.600-05:00,IdeState,Inactive,,*,-1,-1
2025-01-10T16:25:41.601-05:00,IdeState,Inactive,,*,-1,-1
2025-01-10T16:25:42.610-05:00,IdeState,Inactive,,*,-1,-1
2025-01-10T16:25:43.638-05:00,IdeState,Inactive,,*,-1,-1
2025-01-10T16:25:44.700-05:00,IdeState,Inactive,,*,-1,-1
2025-01-10T16:25:45.713-05:00,IdeState,Inactive,,*,-1,-1
2025-01-10T16:25:46.716-05:00,IdeState,Inactive,,*,-1,-1
2025-01-10T16:25:47.717-05:00,IdeState,Inactive,,*,-1,-1
2025-01-10T16:25:48.725-05:00,IdeState,Inactive,,*,-1,-1
2025-01-10T16:25:49.726-05:00,IdeState,Inactive,,*,-1,-1
2025-01-10T16:25:50.727-05:00,IdeState,Inactive,,*,-1,-1
2025-01-10T16:25:51.728-05:00,IdeState,Inactive,,*,-1,-1
2025-01-10T16:25:52.729-05:00,IdeState,Inactive,,*,-1,-1
2025-01-10T16:25:53.731-05:00,IdeState,Inactive,,*,-1,-1
2025-01-10T16:25:54.736-05:00,IdeState,Inactive,,*,-1,-1
2025-01-10T16:25:55.739-05:00,IdeState,Inactive,,*,-1,-1
2025-01-10T16:25:56.741-05:00,IdeState,Inactive,,*,-1,-1
2025-01-10T16:25:57.742-05:00,IdeState,Inactive,,*,-1,-1
2025-01-10T16:25:58.743-05:00,IdeState,Inactive,,*,-1,-1
2025-01-10T16:25:59.744-05:00,IdeState,Inactive,,*,-1,-1
2025-01-10T16:26:00.746-05:00,IdeState,Inactive,,*,-1,-1
2025-01-10T16:26:01.749-05:00,IdeState,Inactive,,*,-1,-1
2025-01-10T16:26:02.751-05:00,IdeState,Inactive,,*,-1,-1
2025-01-10T16:26:03.753-05:00,IdeState,Inactive,,*,-1,-1
2025-01-10T16:26:04.755-05:00,IdeState,Inactive,,*,-1,-1
2025-01-10T16:26:05.765-05:00,IdeState,Inactive,,*,-1,-1
2025-01-10T16:26:06.784-05:00,IdeState,Inactive,,*,-1,-1
2025-01-10T16:26:07.785-05:00,IdeState,Inactive,,*,-1,-1
2025-01-10T16:26:08.787-05:00,IdeState,Inactive,,*,-1,-1
2025-01-10T16:26:09.789-05:00,IdeState,Inactive,,*,-1,-1
2025-01-10T16:26:10.792-05:00,IdeState,Inactive,,*,-1,-1
2025-01-10T16:26:11.794-05:00,IdeState,Inactive,,*,-1,-1
2025-01-10T16:26:12.796-05:00,IdeState,Inactive,,*,-1,-1
2025-01-10T16:26:13.797-05:00,IdeState,Inactive,,*,-1,-1
2025-01-10T16:26:14.799-05:00,IdeState,Inactive,,*,-1,-1
2025-01-10T16:26:15.800-05:00,IdeState,Inactive,,*,-1,-1
2025-01-10T16:26:16.817-05:00,IdeState,Inactive,,*,-1,-1
2025-01-10T16:26:17.818-05:00,IdeState,Inactive,,*,-1,-1
2025-01-10T16:26:18.820-05:00,IdeState,Inactive,,*,-1,-1
2025-01-10T16:26:19.821-05:00,IdeState,Inactive,,*,-1,-1
2025-01-10T16:26:20.823-05:00,IdeState,Inactive,,*,-1,-1
2025-01-10T16:26:21.824-05:00,IdeState,Inactive,,*,-1,-1
2025-01-10T16:26:22.825-05:00,IdeState,Inactive,,*,-1,-1
2025-01-10T16:26:23.826-05:00,IdeState,Inactive,,*,-1,-1
2025-01-10T16:26:24.827-05:00,IdeState,Inactive,,*,-1,-1
2025-01-10T16:26:25.829-05:00,IdeState,Inactive,,*,-1,-1
2025-01-10T16:26:26.830-05:00,IdeState,Inactive,,*,-1,-1
2025-01-10T16:26:27.830-05:00,IdeState,Inactive,,*,-1,-1
2025-01-10T16:26:28.832-05:00,IdeState,Inactive,,*,-1,-1
2025-01-10T16:26:29.834-05:00,IdeState,Inactive,,*,-1,-1
2025-01-10T16:26:30.835-05:00,IdeState,Inactive,,*,-1,-1
2025-01-10T16:26:31.863-05:00,IdeState,Inactive,,*,-1,-1
2025-01-10T16:26:32.868-05:00,IdeState,Inactive,,*,-1,-1
2025-01-10T16:26:33.869-05:00,IdeState,Inactive,,*,-1,-1
2025-01-10T16:26:34.870-05:00,IdeState,Inactive,,*,-1,-1
2025-01-10T16:26:35.871-05:00,IdeState,Inactive,,*,-1,-1
2025-01-10T16:26:36.871-05:00,IdeState,Inactive,,*,-1,-1
2025-01-10T16:26:37.873-05:00,IdeState,Inactive,,*,-1,-1
2025-01-10T16:26:38.875-05:00,IdeState,Inactive,,*,-1,-1
2025-01-10T16:26:39.877-05:00,IdeState,Inactive,,*,-1,-1
2025-01-10T16:26:40.878-05:00,IdeState,Inactive,,*,-1,-1
2025-01-10T16:26:41.879-05:00,IdeState,Inactive,,*,-1,-1
2025-01-10T16:26:42.880-05:00,IdeState,Inactive,,*,-1,-1
2025-01-10T16:26:43.882-05:00,IdeState,Inactive,,*,-1,-1
2025-01-10T16:26:44.883-05:00,IdeState,Inactive,,*,-1,-1
2025-01-10T16:26:45.885-05:00,IdeState,Inactive,,*,-1,-1
2025-01-10T16:26:46.887-05:00,IdeState,Inactive,,*,-1,-1
2025-01-10T16:26:47.945-05:00,IdeState,Inactive,,*,-1,-1
2025-01-10T16:26:48.949-05:00,IdeState,Inactive,,*,-1,-1
2025-01-10T16:26:49.952-05:00,IdeState,Inactive,,*,-1,-1
2025-01-10T16:26:50.955-05:00,IdeState,Inactive,,*,-1,-1
2025-01-10T16:26:51.957-05:00,IdeState,Inactive,,*,-1,-1
2025-01-10T16:26:52.959-05:00,IdeState,Inactive,,*,-1,-1
2025-01-10T16:26:53.960-05:00,IdeState,Inactive,,*,-1,-1
2025-01-10T16:26:54.963-05:00,IdeState,Inactive,,*,-1,-1
2025-01-10T16:26:55.964-05:00,IdeState,Inactive,,*,-1,-1
2025-01-10T16:26:56.964-05:00,IdeState,Inactive,,*,-1,-1
2025-01-10T16:26:57.967-05:00,IdeState,Inactive,,*,-1,-1
2025-01-10T16:26:58.971-05:00,IdeState,Inactive,,*,-1,-1
2025-01-10T16:26:59.972-05:00,IdeState,Inactive,,*,-1,-1
2025-01-10T16:27:00.973-05:00,IdeState,Inactive,,*,-1,-1
2025-01-10T16:27:01.975-05:00,IdeState,Inactive,,*,-1,-1
2025-01-10T16:27:02.977-05:00,IdeState,Inactive,,*,-1,-1
2025-01-10T16:27:03.977-05:00,IdeState,Inactive,,*,-1,-1
2025-01-10T16:27:04.978-05:00,IdeState,Inactive,,*,-1,-1
2025-01-10T16:27:05.982-05:00,IdeState,Inactive,,*,-1,-1
2025-01-10T16:27:06.984-05:00,IdeState,Inactive,,*,-1,-1
2025-01-10T16:27:07.986-05:00,IdeState,Inactive,,*,-1,-1
2025-01-10T16:27:08.987-05:00,IdeState,Inactive,,*,-1,-1
2025-01-10T16:27:09.990-05:00,IdeState,Inactive,,*,-1,-1
2025-01-10T16:27:10.992-05:00,IdeState,Inactive,,*,-1,-1
2025-01-10T16:27:11.993-05:00,IdeState,Inactive,,*,-1,-1
2025-01-10T16:27:12.995-05:00,IdeState,Inactive,,*,-1,-1
2025-01-10T16:27:13.996-05:00,IdeState,Inactive,,*,-1,-1
2025-01-10T16:27:14.997-05:00,IdeState,Inactive,,*,-1,-1
2025-01-10T16:27:15.997-05:00,IdeState,Inactive,,*,-1,-1
2025-01-10T16:27:16.998-05:00,IdeState,Inactive,,*,-1,-1
2025-01-10T16:27:18.000-05:00,IdeState,Inactive,,*,-1,-1
2025-01-10T16:27:19.000-05:00,IdeState,Inactive,,*,-1,-1
2025-01-10T16:27:20.002-05:00,IdeState,Inactive,,*,-1,-1
2025-01-10T16:27:21.005-05:00,IdeState,Inactive,,*,-1,-1
2025-01-10T16:27:22.006-05:00,IdeState,Inactive,,*,-1,-1
2025-01-10T16:27:23.008-05:00,IdeState,Inactive,,*,-1,-1
2025-01-10T16:27:24.009-05:00,IdeState,Inactive,,*,-1,-1
2025-01-10T16:27:25.010-05:00,IdeState,Inactive,,*,-1,-1
2025-01-10T16:27:26.019-05:00,IdeState,Inactive,,*,-1,-1
2025-01-10T16:27:27.022-05:00,IdeState,Inactive,,*,-1,-1
2025-01-10T16:27:28.023-05:00,IdeState,Inactive,,*,-1,-1
2025-01-10T16:27:29.023-05:00,IdeState,Inactive,,*,-1,-1
2025-01-10T16:27:30.025-05:00,IdeState,Inactive,,*,-1,-1
2025-01-10T16:27:31.027-05:00,IdeState,Inactive,,*,-1,-1
2025-01-10T16:27:32.029-05:00,IdeState,Inactive,,*,-1,-1
2025-01-10T16:27:33.030-05:00,IdeState,Inactive,,*,-1,-1
2025-01-10T16:27:34.030-05:00,IdeState,Inactive,,*,-1,-1
2025-01-10T16:27:35.031-05:00,IdeState,Inactive,,*,-1,-1
2025-01-10T16:27:36.032-05:00,IdeState,Inactive,,*,-1,-1
2025-01-10T16:27:37.035-05:00,IdeState,Inactive,,*,-1,-1
2025-01-10T16:27:38.042-05:00,IdeState,Inactive,,*,-1,-1
2025-01-10T16:27:39.043-05:00,IdeState,Inactive,,*,-1,-1
2025-01-10T16:27:40.045-05:00,IdeState,Inactive,,*,-1,-1
2025-01-10T16:27:41.046-05:00,IdeState,Inactive,,*,-1,-1
2025-01-10T16:27:42.047-05:00,IdeState,Inactive,,*,-1,-1
2025-01-10T16:27:43.047-05:00,IdeState,Inactive,,*,-1,-1
2025-01-10T16:27:44.048-05:00,IdeState,Inactive,,*,-1,-1
2025-01-10T16:27:45.054-05:00,IdeState,Inactive,,*,-1,-1
2025-01-10T16:27:46.057-05:00,IdeState,Inactive,,*,-1,-1
2025-01-10T16:27:47.058-05:00,IdeState,Inactive,,*,-1,-1
2025-01-10T16:27:48.058-05:00,IdeState,Inactive,,*,-1,-1
2025-01-10T16:27:49.059-05:00,IdeState,Inactive,,*,-1,-1
2025-01-10T16:27:50.060-05:00,IdeState,Inactive,,*,-1,-1
2025-01-10T16:27:51.066-05:00,IdeState,Inactive,,*,-1,-1
2025-01-10T16:27:52.083-05:00,IdeState,Inactive,,*,-1,-1
2025-01-10T16:27:53.108-05:00,IdeState,Inactive,,*,-1,-1
2025-01-10T16:27:54.124-05:00,IdeState,Inactive,,*,-1,-1
2025-01-10T16:27:55.126-05:00,IdeState,Inactive,,*,-1,-1
2025-01-10T16:27:56.127-05:00,IdeState,Inactive,,*,-1,-1
2025-01-10T16:27:57.127-05:00,IdeState,Inactive,,*,-1,-1
2025-01-10T16:27:58.129-05:00,IdeState,Inactive,,*,-1,-1
2025-01-10T16:27:59.131-05:00,IdeState,Inactive,,*,-1,-1
2025-01-10T16:28:00.133-05:00,IdeState,Inactive,,*,-1,-1
2025-01-10T16:28:01.134-05:00,IdeState,Inactive,,*,-1,-1
2025-01-10T16:28:02.136-05:00,IdeState,Inactive,,*,-1,-1
2025-01-10T16:28:03.147-05:00,IdeState,Inactive,,*,-1,-1
2025-01-10T16:28:04.150-05:00,IdeState,Inactive,,*,-1,-1
2025-01-10T16:28:05.152-05:00,IdeState,Inactive,,*,-1,-1
2025-01-10T16:28:06.154-05:00,IdeState,Inactive,,*,-1,-1
2025-01-10T16:28:07.156-05:00,IdeState,Inactive,,*,-1,-1
2025-01-10T16:28:08.157-05:00,IdeState,Inactive,,*,-1,-1
2025-01-10T16:28:09.158-05:00,IdeState,Inactive,,*,-1,-1
2025-01-10T16:28:10.161-05:00,IdeState,Inactive,,*,-1,-1
2025-01-10T16:28:11.162-05:00,IdeState,Inactive,,*,-1,-1
2025-01-10T16:28:12.163-05:00,IdeState,Inactive,,*,-1,-1
2025-01-10T16:28:13.164-05:00,IdeState,Inactive,,*,-1,-1
2025-01-10T16:28:14.165-05:00,IdeState,Inactive,,*,-1,-1
2025-01-10T16:28:15.166-05:00,IdeState,Inactive,,*,-1,-1
2025-01-10T16:28:16.167-05:00,IdeState,Inactive,,*,-1,-1
2025-01-10T16:28:17.168-05:00,IdeState,Inactive,,*,-1,-1
2025-01-10T16:28:18.170-05:00,IdeState,Inactive,,*,-1,-1
2025-01-10T16:28:19.175-05:00,IdeState,Inactive,,*,-1,-1
2025-01-10T16:28:20.176-05:00,IdeState,Inactive,,*,-1,-1
2025-01-10T16:28:21.178-05:00,IdeState,Inactive,,*,-1,-1
2025-01-10T16:28:22.180-05:00,IdeState,Inactive,,*,-1,-1
2025-01-10T16:28:23.182-05:00,IdeState,Inactive,,*,-1,-1
2025-01-10T16:28:24.183-05:00,IdeState,Inactive,,*,-1,-1
2025-01-10T16:28:25.188-05:00,IdeState,Inactive,,*,-1,-1
2025-01-10T16:28:26.193-05:00,IdeState,Inactive,,*,-1,-1
2025-01-10T16:28:27.196-05:00,IdeState,Inactive,,*,-1,-1
2025-01-10T16:28:28.284-05:00,IdeState,Inactive,,*,-1,-1
2025-01-10T16:28:29.300-05:00,IdeState,Inactive,,*,-1,-1
2025-01-10T16:28:30.302-05:00,IdeState,Inactive,,*,-1,-1
2025-01-10T16:28:31.303-05:00,IdeState,Inactive,,*,-1,-1
2025-01-10T16:28:32.305-05:00,IdeState,Inactive,,*,-1,-1
2025-01-10T16:28:33.306-05:00,IdeState,Inactive,,*,-1,-1
2025-01-10T16:28:34.308-05:00,IdeState,Inactive,,*,-1,-1
2025-01-10T16:28:35.309-05:00,IdeState,Inactive,,*,-1,-1
2025-01-10T16:28:36.316-05:00,IdeState,Inactive,,*,-1,-1
2025-01-10T16:28:37.317-05:00,IdeState,Inactive,,*,-1,-1
2025-01-10T16:28:38.317-05:00,IdeState,Inactive,,*,-1,-1
2025-01-10T16:28:39.326-05:00,IdeState,Inactive,,*,-1,-1
2025-01-10T16:28:40.335-05:00,IdeState,Inactive,,*,-1,-1
2025-01-10T16:28:41.336-05:00,IdeState,Inactive,,*,-1,-1
2025-01-10T16:28:42.337-05:00,IdeState,Inactive,,*,-1,-1
2025-01-10T16:28:43.337-05:00,IdeState,Inactive,,*,-1,-1
2025-01-10T16:28:44.338-05:00,IdeState,Inactive,,*,-1,-1
2025-01-10T16:28:45.340-05:00,IdeState,Inactive,,*,-1,-1
2025-01-10T16:28:46.342-05:00,IdeState,Inactive,,*,-1,-1
2025-01-10T16:28:47.343-05:00,IdeState,Inactive,,*,-1,-1
2025-01-10T16:28:48.344-05:00,IdeState,Inactive,,*,-1,-1
2025-01-10T16:28:49.344-05:00,IdeState,Inactive,,*,-1,-1
2025-01-10T16:28:50.396-05:00,IdeState,Inactive,,*,-1,-1
2025-01-10T16:28:51.412-05:00,IdeState,Inactive,,*,-1,-1
2025-01-10T16:28:52.413-05:00,IdeState,Inactive,,*,-1,-1
2025-01-10T16:28:53.414-05:00,IdeState,Inactive,,*,-1,-1
2025-01-10T16:28:54.417-05:00,IdeState,Inactive,,*,-1,-1
2025-01-10T16:28:55.445-05:00,IdeState,Inactive,,*,-1,-1
2025-01-10T16:28:56.447-05:00,IdeState,Inactive,,*,-1,-1
2025-01-10T16:28:57.450-05:00,IdeState,Inactive,,*,-1,-1
2025-01-10T16:28:58.480-05:00,IdeState,Inactive,,*,-1,-1
2025-01-10T16:28:59.497-05:00,IdeState,Inactive,,*,-1,-1
2025-01-10T16:29:00.498-05:00,IdeState,Inactive,,*,-1,-1
2025-01-10T16:29:01.499-05:00,IdeState,Inactive,,*,-1,-1
2025-01-10T16:29:02.500-05:00,IdeState,Inactive,,*,-1,-1
2025-01-10T16:29:03.501-05:00,IdeState,Inactive,,*,-1,-1
2025-01-10T16:29:04.502-05:00,IdeState,Inactive,,*,-1,-1
2025-01-10T16:29:05.509-05:00,IdeState,Inactive,,*,-1,-1
2025-01-10T16:29:06.512-05:00,IdeState,Inactive,,*,-1,-1
2025-01-10T16:29:07.512-05:00,IdeState,Inactive,,*,-1,-1
2025-01-10T16:29:08.517-05:00,IdeState,Inactive,,*,-1,-1
2025-01-10T16:29:09.550-05:00,IdeState,Inactive,,*,-1,-1
2025-01-10T16:29:10.563-05:00,IdeState,Inactive,,*,-1,-1
2025-01-10T16:29:11.564-05:00,IdeState,Inactive,,*,-1,-1
2025-01-10T16:29:12.564-05:00,IdeState,Inactive,,*,-1,-1
2025-01-10T16:29:13.595-05:00,IdeState,Inactive,,*,-1,-1
2025-01-10T16:29:14.601-05:00,IdeState,Inactive,,*,-1,-1
2025-01-10T16:29:15.602-05:00,IdeState,Inactive,,*,-1,-1
2025-01-10T16:29:16.603-05:00,IdeState,Inactive,,*,-1,-1
2025-01-10T16:29:17.604-05:00,IdeState,Inactive,,*,-1,-1
2025-01-10T16:29:18.605-05:00,IdeState,Inactive,,*,-1,-1
2025-01-10T16:29:19.615-05:00,IdeState,Inactive,,*,-1,-1
2025-01-10T16:29:20.617-05:00,IdeState,Inactive,,*,-1,-1
2025-01-10T16:29:21.617-05:00,IdeState,Inactive,,*,-1,-1
2025-01-10T16:29:22.625-05:00,IdeState,Inactive,,*,-1,-1
2025-01-10T16:29:23.625-05:00,IdeState,Inactive,,*,-1,-1
2025-01-10T16:29:24.627-05:00,IdeState,Inactive,,*,-1,-1
2025-01-10T16:29:25.628-05:00,IdeState,Inactive,,*,-1,-1
2025-01-10T16:29:26.629-05:00,IdeState,Inactive,,*,-1,-1
2025-01-10T16:29:27.630-05:00,IdeState,Inactive,,*,-1,-1
2025-01-10T16:29:28.631-05:00,IdeState,Inactive,,*,-1,-1
2025-01-10T16:29:29.632-05:00,IdeState,Inactive,,*,-1,-1
2025-01-10T16:29:30.633-05:00,IdeState,Inactive,,*,-1,-1
2025-01-10T16:29:31.634-05:00,IdeState,Inactive,,*,-1,-1
2025-01-10T16:29:32.635-05:00,IdeState,Inactive,,*,-1,-1
2025-01-10T16:29:33.638-05:00,IdeState,Inactive,,*,-1,-1
2025-01-10T16:29:34.641-05:00,IdeState,Inactive,,*,-1,-1
2025-01-10T16:29:35.643-05:00,IdeState,Inactive,,*,-1,-1
2025-01-10T16:29:36.644-05:00,IdeState,Inactive,,*,-1,-1
2025-01-10T16:29:37.645-05:00,IdeState,Inactive,,*,-1,-1
2025-01-10T16:29:38.646-05:00,IdeState,Inactive,,*,-1,-1
2025-01-10T16:29:39.646-05:00,IdeState,Inactive,,*,-1,-1
2025-01-10T16:29:40.647-05:00,IdeState,Inactive,,*,-1,-1
2025-01-10T16:29:41.649-05:00,IdeState,Inactive,,*,-1,-1
2025-01-10T16:29:42.658-05:00,IdeState,Inactive,,*,-1,-1
2025-01-10T16:29:43.659-05:00,IdeState,Inactive,,*,-1,-1
2025-01-10T16:29:44.662-05:00,IdeState,Inactive,,*,-1,-1
2025-01-10T16:29:45.662-05:00,IdeState,Inactive,,*,-1,-1
2025-01-10T16:29:46.664-05:00,IdeState,Inactive,,*,-1,-1
2025-01-10T16:29:47.665-05:00,IdeState,Inactive,,*,-1,-1
2025-01-10T16:29:48.666-05:00,IdeState,Inactive,,*,-1,-1
2025-01-10T16:29:49.668-05:00,IdeState,Inactive,,*,-1,-1
2025-01-10T16:29:50.668-05:00,IdeState,Inactive,,*,-1,-1
2025-01-10T16:29:51.669-05:00,IdeState,Inactive,,*,-1,-1
2025-01-10T16:29:52.671-05:00,IdeState,Inactive,,*,-1,-1
2025-01-10T16:29:53.675-05:00,IdeState,Inactive,,*,-1,-1
2025-01-10T16:29:54.676-05:00,IdeState,Inactive,,*,-1,-1
2025-01-10T16:29:55.677-05:00,IdeState,Inactive,,*,-1,-1
2025-01-10T16:29:56.679-05:00,IdeState,Inactive,,*,-1,-1
2025-01-10T16:29:57.680-05:00,IdeState,Inactive,,*,-1,-1
2025-01-10T16:29:58.683-05:00,IdeState,Inactive,,*,-1,-1
2025-01-10T16:29:59.683-05:00,IdeState,Inactive,,*,-1,-1
2025-01-10T16:30:00.689-05:00,IdeState,Inactive,,*,-1,-1
2025-01-10T16:30:01.690-05:00,IdeState,Inactive,,*,-1,-1
2025-01-10T16:30:02.692-05:00,IdeState,Inactive,,*,-1,-1
2025-01-10T16:30:03.693-05:00,IdeState,Inactive,,*,-1,-1
2025-01-10T16:30:04.694-05:00,IdeState,Inactive,,*,-1,-1
2025-01-10T16:30:05.695-05:00,IdeState,Inactive,,*,-1,-1
2025-01-10T16:30:06.695-05:00,IdeState,Inactive,,*,-1,-1
2025-01-10T16:30:07.707-05:00,IdeState,Inactive,,*,-1,-1
2025-01-10T16:30:08.708-05:00,IdeState,Inactive,,*,-1,-1
2025-01-10T16:30:09.711-05:00,IdeState,Inactive,,*,-1,-1
2025-01-10T16:30:10.714-05:00,IdeState,Inactive,,*,-1,-1
2025-01-10T16:30:11.715-05:00,IdeState,Inactive,,*,-1,-1
2025-01-10T16:30:12.718-05:00,IdeState,Inactive,,*,-1,-1
2025-01-10T16:30:13.718-05:00,IdeState,Inactive,,*,-1,-1
2025-01-10T16:30:14.721-05:00,IdeState,Inactive,,*,-1,-1
2025-01-10T16:30:15.722-05:00,IdeState,Inactive,,*,-1,-1
2025-01-10T16:30:16.723-05:00,IdeState,Inactive,,*,-1,-1
2025-01-10T16:30:17.723-05:00,IdeState,Inactive,,*,-1,-1
2025-01-10T16:30:18.762-05:00,IdeState,Inactive,,*,-1,-1
2025-01-10T16:30:19.772-05:00,IdeState,Inactive,,*,-1,-1
2025-01-10T16:30:20.773-05:00,IdeState,Inactive,,*,-1,-1
2025-01-10T16:30:21.773-05:00,IdeState,Inactive,,*,-1,-1
2025-01-10T16:30:22.775-05:00,IdeState,Inactive,,*,-1,-1
2025-01-10T16:30:23.776-05:00,IdeState,Inactive,,*,-1,-1
2025-01-10T16:30:24.778-05:00,IdeState,Inactive,,*,-1,-1
2025-01-10T16:30:25.780-05:00,IdeState,Inactive,,*,-1,-1
2025-01-10T16:30:26.782-05:00,IdeState,Inactive,,*,-1,-1
2025-01-10T16:30:27.789-05:00,IdeState,Inactive,,*,-1,-1
2025-01-10T16:30:28.790-05:00,IdeState,Inactive,,*,-1,-1
2025-01-10T16:30:29.791-05:00,IdeState,Inactive,,*,-1,-1
2025-01-10T16:30:30.793-05:00,IdeState,Inactive,,*,-1,-1
2025-01-10T16:30:31.794-05:00,IdeState,Inactive,,*,-1,-1
2025-01-10T16:30:32.795-05:00,IdeState,Inactive,,*,-1,-1
2025-01-10T16:30:33.795-05:00,IdeState,Inactive,,*,-1,-1
2025-01-10T16:30:34.796-05:00,IdeState,Inactive,,*,-1,-1
2025-01-10T16:30:35.798-05:00,IdeState,Inactive,,*,-1,-1
2025-01-10T16:30:36.800-05:00,IdeState,Inactive,,*,-1,-1
2025-01-10T16:30:37.806-05:00,IdeState,Inactive,,*,-1,-1
2025-01-10T16:30:38.812-05:00,IdeState,Inactive,,*,-1,-1
2025-01-10T16:30:39.812-05:00,IdeState,Inactive,,*,-1,-1
2025-01-10T16:30:40.815-05:00,IdeState,Inactive,,*,-1,-1
2025-01-10T16:30:41.817-05:00,IdeState,Inactive,,*,-1,-1
2025-01-10T16:30:42.833-05:00,IdeState,Inactive,,*,-1,-1
2025-01-10T16:30:43.834-05:00,IdeState,Inactive,,*,-1,-1
2025-01-10T16:30:44.836-05:00,IdeState,Inactive,,*,-1,-1
2025-01-10T16:30:45.839-05:00,IdeState,Inactive,,*,-1,-1
2025-01-10T16:30:46.841-05:00,IdeState,Inactive,,*,-1,-1
2025-01-10T16:30:47.842-05:00,IdeState,Inactive,,*,-1,-1
2025-01-10T16:30:48.843-05:00,IdeState,Inactive,,*,-1,-1
2025-01-10T16:30:49.844-05:00,IdeState,Inactive,,*,-1,-1
2025-01-10T16:30:50.845-05:00,IdeState,Inactive,,*,-1,-1
2025-01-10T16:30:51.848-05:00,IdeState,Inactive,,*,-1,-1
2025-01-10T16:30:52.849-05:00,IdeState,Inactive,,*,-1,-1
2025-01-10T16:30:53.857-05:00,IdeState,Inactive,,*,-1,-1
2025-01-10T16:30:54.860-05:00,IdeState,Inactive,,*,-1,-1
2025-01-10T16:30:55.861-05:00,IdeState,Inactive,,*,-1,-1
2025-01-10T16:30:56.862-05:00,IdeState,Inactive,,*,-1,-1
2025-01-10T16:30:57.863-05:00,IdeState,Inactive,,*,-1,-1
2025-01-10T16:30:58.864-05:00,IdeState,Inactive,,*,-1,-1
2025-01-10T16:30:59.865-05:00,IdeState,Inactive,,*,-1,-1
2025-01-10T16:31:00.866-05:00,IdeState,Inactive,,*,-1,-1
2025-01-10T16:31:01.871-05:00,IdeState,Inactive,,*,-1,-1
2025-01-10T16:31:02.872-05:00,IdeState,Inactive,,*,-1,-1
2025-01-10T16:31:03.873-05:00,IdeState,Inactive,,*,-1,-1
2025-01-10T16:31:04.873-05:00,IdeState,Inactive,,*,-1,-1
2025-01-10T16:31:05.874-05:00,IdeState,Inactive,,*,-1,-1
2025-01-10T16:31:06.875-05:00,IdeState,Inactive,,*,-1,-1
2025-01-10T16:31:07.876-05:00,IdeState,Inactive,,*,-1,-1
2025-01-10T16:31:08.878-05:00,IdeState,Inactive,,*,-1,-1
2025-01-10T16:31:09.879-05:00,IdeState,Inactive,,*,-1,-1
2025-01-10T16:31:10.889-05:00,IdeState,Inactive,,*,-1,-1
2025-01-10T16:31:11.890-05:00,IdeState,Inactive,,*,-1,-1
2025-01-10T16:31:12.895-05:00,IdeState,Inactive,,*,-1,-1
2025-01-10T16:31:13.896-05:00,IdeState,Inactive,,*,-1,-1
2025-01-10T16:31:14.898-05:00,IdeState,Inactive,,*,-1,-1
2025-01-10T16:31:15.899-05:00,IdeState,Inactive,,*,-1,-1
2025-01-10T16:31:16.901-05:00,IdeState,Inactive,,*,-1,-1
2025-01-10T16:31:17.904-05:00,IdeState,Inactive,,*,-1,-1
2025-01-10T16:31:18.905-05:00,IdeState,Inactive,,*,-1,-1
2025-01-10T16:31:19.907-05:00,IdeState,Inactive,,*,-1,-1
2025-01-10T16:31:20.909-05:00,IdeState,Inactive,,*,-1,-1
2025-01-10T16:31:21.911-05:00,IdeState,Inactive,,*,-1,-1
2025-01-10T16:31:22.913-05:00,IdeState,Inactive,,*,-1,-1
2025-01-10T16:31:23.917-05:00,IdeState,Inactive,,*,-1,-1
2025-01-10T16:31:24.919-05:00,IdeState,Inactive,,*,-1,-1
2025-01-10T16:31:25.919-05:00,IdeState,Inactive,,*,-1,-1
2025-01-10T16:31:26.921-05:00,IdeState,Inactive,,*,-1,-1
2025-01-10T16:31:27.923-05:00,IdeState,Inactive,,*,-1,-1
2025-01-10T16:31:28.925-05:00,IdeState,Inactive,,*,-1,-1
2025-01-10T16:31:29.927-05:00,IdeState,Inactive,,*,-1,-1
2025-01-10T16:31:30.929-05:00,IdeState,Inactive,,*,-1,-1
2025-01-10T16:31:31.931-05:00,IdeState,Inactive,,*,-1,-1
2025-01-10T16:31:32.932-05:00,IdeState,Inactive,,*,-1,-1
2025-01-10T16:31:33.935-05:00,IdeState,Inactive,,*,-1,-1
2025-01-10T16:31:34.937-05:00,IdeState,Inactive,,*,-1,-1
2025-01-10T16:31:35.939-05:00,IdeState,Inactive,,*,-1,-1
2025-01-10T16:31:36.941-05:00,IdeState,Inactive,,*,-1,-1
2025-01-10T16:31:37.943-05:00,IdeState,Inactive,,*,-1,-1
2025-01-10T16:31:38.944-05:00,IdeState,Inactive,,*,-1,-1
2025-01-10T16:31:39.946-05:00,IdeState,Inactive,,*,-1,-1
2025-01-10T16:31:40.947-05:00,IdeState,Inactive,,*,-1,-1
2025-01-10T16:31:41.947-05:00,IdeState,Inactive,,*,-1,-1
2025-01-10T16:31:42.948-05:00,IdeState,Inactive,,*,-1,-1
2025-01-10T16:31:43.950-05:00,IdeState,Inactive,,*,-1,-1
2025-01-10T16:31:44.956-05:00,IdeState,Inactive,,*,-1,-1
2025-01-10T16:31:45.957-05:00,IdeState,Inactive,,*,-1,-1
2025-01-10T16:31:46.958-05:00,IdeState,Inactive,,*,-1,-1
2025-01-10T16:31:47.960-05:00,IdeState,Inactive,,*,-1,-1
2025-01-10T16:31:48.961-05:00,IdeState,Inactive,,*,-1,-1
2025-01-10T16:31:49.962-05:00,IdeState,Inactive,,*,-1,-1
2025-01-10T16:31:50.963-05:00,IdeState,Inactive,,*,-1,-1
2025-01-10T16:31:51.965-05:00,IdeState,Inactive,,*,-1,-1
2025-01-10T16:31:52.967-05:00,IdeState,Inactive,,*,-1,-1
2025-01-10T16:31:53.969-05:00,IdeState,Inactive,,*,-1,-1
2025-01-10T16:31:54.974-05:00,IdeState,Inactive,,*,-1,-1
2025-01-10T16:31:56.021-05:00,IdeState,Inactive,,*,-1,-1
2025-01-10T16:31:57.045-05:00,IdeState,Inactive,,*,-1,-1
2025-01-10T16:31:58.046-05:00,IdeState,Inactive,,*,-1,-1
2025-01-10T16:31:59.047-05:00,IdeState,Inactive,,*,-1,-1
2025-01-10T16:32:00.049-05:00,IdeState,Inactive,,*,-1,-1
2025-01-10T16:32:01.055-05:00,IdeState,Inactive,,*,-1,-1
2025-01-10T16:32:02.056-05:00,IdeState,Inactive,,*,-1,-1
2025-01-10T16:32:03.058-05:00,IdeState,Inactive,,*,-1,-1
2025-01-10T16:32:04.059-05:00,IdeState,Inactive,,*,-1,-1
2025-01-10T16:32:05.060-05:00,IdeState,Inactive,,*,-1,-1
2025-01-10T16:32:06.062-05:00,IdeState,Inactive,,*,-1,-1
2025-01-10T16:32:07.064-05:00,IdeState,Inactive,,*,-1,-1
2025-01-10T16:32:08.064-05:00,IdeState,Inactive,,*,-1,-1
2025-01-10T16:32:09.065-05:00,IdeState,Inactive,,*,-1,-1
2025-01-10T16:32:10.067-05:00,IdeState,Inactive,,*,-1,-1
2025-01-10T16:32:11.070-05:00,IdeState,Inactive,,*,-1,-1
2025-01-10T16:32:12.072-05:00,IdeState,Inactive,,*,-1,-1
2025-01-10T16:32:13.074-05:00,IdeState,Inactive,,*,-1,-1
2025-01-10T16:32:14.075-05:00,IdeState,Inactive,,*,-1,-1
2025-01-10T16:32:15.076-05:00,IdeState,Inactive,,*,-1,-1
2025-01-10T16:32:16.120-05:00,IdeState,Inactive,,*,-1,-1
2025-01-10T16:32:17.133-05:00,IdeState,Inactive,,*,-1,-1
2025-01-10T16:32:18.134-05:00,IdeState,Inactive,,*,-1,-1
2025-01-10T16:32:19.135-05:00,IdeState,Inactive,,*,-1,-1
2025-01-10T16:32:20.136-05:00,IdeState,Inactive,,*,-1,-1
2025-01-10T16:32:21.139-05:00,IdeState,Inactive,,*,-1,-1
2025-01-10T16:32:22.141-05:00,IdeState,Inactive,,*,-1,-1
2025-01-10T16:32:23.143-05:00,IdeState,Inactive,,*,-1,-1
2025-01-10T16:32:24.159-05:00,IdeState,Inactive,,*,-1,-1
2025-01-10T16:32:25.162-05:00,IdeState,Inactive,,*,-1,-1
2025-01-10T16:32:26.164-05:00,IdeState,Inactive,,*,-1,-1
2025-01-10T16:32:27.166-05:00,IdeState,Inactive,,*,-1,-1
2025-01-10T16:32:28.170-05:00,IdeState,Inactive,,*,-1,-1
2025-01-10T16:32:29.179-05:00,IdeState,Inactive,,*,-1,-1
2025-01-10T16:32:30.181-05:00,IdeState,Inactive,,*,-1,-1
2025-01-10T16:32:31.182-05:00,IdeState,Inactive,,*,-1,-1
2025-01-10T16:32:32.184-05:00,IdeState,Inactive,,*,-1,-1
2025-01-10T16:32:33.192-05:00,IdeState,Inactive,,*,-1,-1
2025-01-10T16:32:34.193-05:00,IdeState,Inactive,,*,-1,-1
2025-01-10T16:32:35.194-05:00,IdeState,Inactive,,*,-1,-1
2025-01-10T16:32:36.199-05:00,IdeState,Inactive,,*,-1,-1
2025-01-10T16:32:37.200-05:00,IdeState,Inactive,,*,-1,-1
2025-01-10T16:32:38.202-05:00,IdeState,Inactive,,*,-1,-1
2025-01-10T16:32:39.204-05:00,IdeState,Inactive,,*,-1,-1
2025-01-10T16:32:40.211-05:00,IdeState,Inactive,,*,-1,-1
2025-01-10T16:32:41.213-05:00,IdeState,Inactive,,*,-1,-1
2025-01-10T16:32:42.215-05:00,IdeState,Inactive,,*,-1,-1
2025-01-10T16:32:43.217-05:00,IdeState,Inactive,,*,-1,-1
2025-01-10T16:32:44.218-05:00,IdeState,Inactive,,*,-1,-1
2025-01-10T16:32:45.222-05:00,IdeState,Inactive,,*,-1,-1
2025-01-10T16:32:46.234-05:00,IdeState,Inactive,,*,-1,-1
2025-01-10T16:32:47.236-05:00,IdeState,Inactive,,*,-1,-1
2025-01-10T16:32:48.237-05:00,IdeState,Inactive,,*,-1,-1
2025-01-10T16:32:49.239-05:00,IdeState,Inactive,,*,-1,-1
2025-01-10T16:32:50.241-05:00,IdeState,Inactive,,*,-1,-1
2025-01-10T16:32:51.244-05:00,IdeState,Inactive,,*,-1,-1
2025-01-10T16:32:52.245-05:00,IdeState,Inactive,,*,-1,-1
2025-01-10T16:32:53.247-05:00,IdeState,Inactive,,*,-1,-1
2025-01-10T16:32:54.247-05:00,IdeState,Inactive,,*,-1,-1
2025-01-10T16:32:55.248-05:00,IdeState,Inactive,,*,-1,-1
2025-01-10T16:32:56.249-05:00,IdeState,Inactive,,*,-1,-1
2025-01-10T16:32:57.250-05:00,IdeState,Inactive,,*,-1,-1
2025-01-10T16:32:58.252-05:00,IdeState,Inactive,,*,-1,-1
2025-01-10T16:32:59.253-05:00,IdeState,Inactive,,*,-1,-1
2025-01-10T16:33:00.256-05:00,IdeState,Inactive,,*,-1,-1
2025-01-10T16:33:01.260-05:00,IdeState,Inactive,,*,-1,-1
2025-01-10T16:33:02.260-05:00,IdeState,Inactive,,*,-1,-1
2025-01-10T16:33:03.263-05:00,IdeState,Inactive,,*,-1,-1
2025-01-10T16:33:04.265-05:00,IdeState,Inactive,,*,-1,-1
2025-01-10T16:33:05.274-05:00,IdeState,Inactive,,*,-1,-1
2025-01-10T16:33:06.276-05:00,IdeState,Inactive,,*,-1,-1
2025-01-10T16:33:07.278-05:00,IdeState,Inactive,,*,-1,-1
2025-01-10T16:33:08.279-05:00,IdeState,Inactive,,*,-1,-1
2025-01-10T16:33:09.281-05:00,IdeState,Inactive,,*,-1,-1
2025-01-10T16:33:10.285-05:00,IdeState,Inactive,,*,-1,-1
2025-01-10T16:33:11.286-05:00,IdeState,Inactive,,*,-1,-1
2025-01-10T16:33:12.287-05:00,IdeState,Inactive,,*,-1,-1
2025-01-10T16:33:13.288-05:00,IdeState,Inactive,,*,-1,-1
2025-01-10T16:33:14.289-05:00,IdeState,Inactive,,*,-1,-1
2025-01-10T16:33:15.312-05:00,IdeState,Inactive,,*,-1,-1
2025-01-10T16:33:16.314-05:00,IdeState,Inactive,,*,-1,-1
2025-01-10T16:33:17.314-05:00,IdeState,Inactive,,*,-1,-1
2025-01-10T16:33:18.374-05:00,IdeState,Inactive,,*,-1,-1
2025-01-10T16:33:19.377-05:00,IdeState,Inactive,,*,-1,-1
2025-01-10T16:33:20.378-05:00,IdeState,Inactive,,*,-1,-1
2025-01-10T16:33:21.379-05:00,IdeState,Inactive,,*,-1,-1
2025-01-10T16:33:22.380-05:00,IdeState,Inactive,,*,-1,-1
2025-01-10T16:33:23.382-05:00,IdeState,Inactive,,*,-1,-1
2025-01-10T16:33:24.383-05:00,IdeState,Inactive,,*,-1,-1
2025-01-10T16:33:25.385-05:00,IdeState,Inactive,,*,-1,-1
2025-01-10T16:33:26.404-05:00,IdeState,Inactive,,*,-1,-1
2025-01-10T16:33:27.422-05:00,IdeState,Inactive,,*,-1,-1
2025-01-10T16:33:28.443-05:00,IdeState,Inactive,,*,-1,-1
2025-01-10T16:33:29.445-05:00,IdeState,Inactive,,*,-1,-1
2025-01-10T16:33:30.446-05:00,IdeState,Inactive,,*,-1,-1
2025-01-10T16:33:31.447-05:00,IdeState,Inactive,,*,-1,-1
2025-01-10T16:33:32.448-05:00,IdeState,Inactive,,*,-1,-1
2025-01-10T16:33:33.452-05:00,IdeState,Inactive,,*,-1,-1
2025-01-10T16:33:34.479-05:00,IdeState,Inactive,,*,-1,-1
2025-01-10T16:33:35.481-05:00,IdeState,Inactive,,*,-1,-1
2025-01-10T16:33:36.482-05:00,IdeState,Inactive,,*,-1,-1
2025-01-10T16:33:37.484-05:00,IdeState,Inactive,,*,-1,-1
2025-01-10T16:33:38.485-05:00,IdeState,Inactive,,*,-1,-1
2025-01-10T16:33:39.487-05:00,IdeState,Inactive,,*,-1,-1
2025-01-10T16:33:40.490-05:00,IdeState,Inactive,,*,-1,-1
2025-01-10T16:33:41.491-05:00,IdeState,Inactive,,*,-1,-1
2025-01-10T16:33:42.492-05:00,IdeState,Inactive,,*,-1,-1
2025-01-10T16:33:43.496-05:00,IdeState,Inactive,,*,-1,-1
2025-01-10T16:33:44.497-05:00,IdeState,Inactive,,*,-1,-1
2025-01-10T16:33:45.500-05:00,IdeState,Inactive,,*,-1,-1
2025-01-10T16:33:46.505-05:00,IdeState,Inactive,,*,-1,-1
2025-01-10T16:33:47.507-05:00,IdeState,Inactive,,*,-1,-1
2025-01-10T16:33:48.507-05:00,IdeState,Inactive,,*,-1,-1
2025-01-10T16:33:49.554-05:00,IdeState,Inactive,,*,-1,-1
2025-01-10T16:33:50.556-05:00,IdeState,Inactive,,*,-1,-1
2025-01-10T16:33:51.557-05:00,IdeState,Inactive,,*,-1,-1
2025-01-10T16:33:52.559-05:00,IdeState,Inactive,,*,-1,-1
2025-01-10T16:33:53.560-05:00,IdeState,Inactive,,*,-1,-1
2025-01-10T16:33:54.561-05:00,IdeState,Inactive,,*,-1,-1
2025-01-10T16:33:55.561-05:00,IdeState,Inactive,,*,-1,-1
2025-01-10T16:33:56.562-05:00,IdeState,Inactive,,*,-1,-1
2025-01-10T16:33:57.564-05:00,IdeState,Inactive,,*,-1,-1
2025-01-10T16:33:58.565-05:00,IdeState,Inactive,,*,-1,-1
2025-01-10T16:33:59.567-05:00,IdeState,Inactive,,*,-1,-1
2025-01-10T16:34:00.587-05:00,IdeState,Inactive,,*,-1,-1
2025-01-10T16:34:01.589-05:00,IdeState,Inactive,,*,-1,-1
2025-01-10T16:34:02.592-05:00,IdeState,Inactive,,*,-1,-1
2025-01-10T16:34:03.593-05:00,IdeState,Inactive,,*,-1,-1
2025-01-10T16:34:04.595-05:00,IdeState,Inactive,,*,-1,-1
2025-01-10T16:34:05.596-05:00,IdeState,Inactive,,*,-1,-1
2025-01-10T16:34:06.598-05:00,IdeState,Inactive,,*,-1,-1
2025-01-10T16:34:07.599-05:00,IdeState,Inactive,,*,-1,-1
2025-01-10T16:34:08.601-05:00,IdeState,Inactive,,*,-1,-1
2025-01-10T16:34:09.603-05:00,IdeState,Inactive,,*,-1,-1
2025-01-10T16:34:10.605-05:00,IdeState,Inactive,,*,-1,-1
2025-01-10T16:34:11.606-05:00,IdeState,Inactive,,*,-1,-1
2025-01-10T16:34:12.607-05:00,IdeState,Inactive,,*,-1,-1
2025-01-10T16:34:13.608-05:00,IdeState,Inactive,,*,-1,-1
2025-01-10T16:34:14.676-05:00,IdeState,Inactive,,*,-1,-1
2025-01-10T16:34:15.688-05:00,IdeState,Inactive,,*,-1,-1
2025-01-10T16:34:16.690-05:00,IdeState,Inactive,,*,-1,-1
2025-01-10T16:34:17.691-05:00,IdeState,Inactive,,*,-1,-1
2025-01-10T16:34:18.692-05:00,IdeState,Inactive,,*,-1,-1
2025-01-10T16:34:19.694-05:00,IdeState,Inactive,,*,-1,-1
2025-01-10T16:34:20.695-05:00,IdeState,Inactive,,*,-1,-1
2025-01-10T16:34:21.697-05:00,IdeState,Inactive,,*,-1,-1
2025-01-10T16:34:22.697-05:00,IdeState,Inactive,,*,-1,-1
2025-01-10T16:34:23.698-05:00,IdeState,Inactive,,*,-1,-1
2025-01-10T16:34:24.704-05:00,IdeState,Inactive,,*,-1,-1
2025-01-10T16:34:25.706-05:00,IdeState,Inactive,,*,-1,-1
2025-01-10T16:34:26.708-05:00,IdeState,Inactive,,*,-1,-1
2025-01-10T16:34:27.716-05:00,IdeState,Inactive,,*,-1,-1
2025-01-10T16:34:28.721-05:00,IdeState,Inactive,,*,-1,-1
2025-01-10T16:34:29.722-05:00,IdeState,Inactive,,*,-1,-1
2025-01-10T16:34:30.723-05:00,IdeState,Inactive,,*,-1,-1
2025-01-10T16:34:31.742-05:00,IdeState,Inactive,,*,-1,-1
2025-01-10T16:34:32.743-05:00,IdeState,Inactive,,*,-1,-1
2025-01-10T16:34:33.745-05:00,IdeState,Inactive,,*,-1,-1
2025-01-10T16:34:34.749-05:00,IdeState,Inactive,,*,-1,-1
2025-01-10T16:34:35.751-05:00,IdeState,Inactive,,*,-1,-1
2025-01-10T16:34:36.751-05:00,IdeState,Inactive,,*,-1,-1
2025-01-10T16:34:37.761-05:00,IdeState,Inactive,,*,-1,-1
2025-01-10T16:34:38.763-05:00,IdeState,Inactive,,*,-1,-1
2025-01-10T16:34:39.764-05:00,IdeState,Inactive,,*,-1,-1
2025-01-10T16:34:40.766-05:00,IdeState,Inactive,,*,-1,-1
2025-01-10T16:34:41.768-05:00,IdeState,Inactive,,*,-1,-1
2025-01-10T16:34:42.770-05:00,IdeState,Inactive,,*,-1,-1
2025-01-10T16:34:43.771-05:00,IdeState,Inactive,,*,-1,-1
2025-01-10T16:34:44.772-05:00,IdeState,Inactive,,*,-1,-1
2025-01-10T16:34:45.775-05:00,IdeState,Inactive,,*,-1,-1
2025-01-10T16:34:46.776-05:00,IdeState,Inactive,,*,-1,-1
2025-01-10T16:34:47.776-05:00,IdeState,Inactive,,*,-1,-1
2025-01-10T16:34:48.779-05:00,IdeState,Inactive,,*,-1,-1
2025-01-10T16:34:49.782-05:00,IdeState,Inactive,,*,-1,-1
2025-01-10T16:34:50.796-05:00,IdeState,Inactive,,*,-1,-1
2025-01-10T16:34:51.800-05:00,IdeState,Inactive,,*,-1,-1
2025-01-10T16:34:52.801-05:00,IdeState,Inactive,,*,-1,-1
2025-01-10T16:34:53.802-05:00,IdeState,Inactive,,*,-1,-1
2025-01-10T16:34:54.810-05:00,IdeState,Inactive,,*,-1,-1
2025-01-10T16:34:55.822-05:00,IdeState,Inactive,,*,-1,-1
2025-01-10T16:34:56.824-05:00,IdeState,Inactive,,*,-1,-1
2025-01-10T16:34:57.895-05:00,IdeState,Inactive,,*,-1,-1
2025-01-10T16:34:58.896-05:00,IdeState,Inactive,,*,-1,-1
2025-01-10T16:34:59.898-05:00,IdeState,Inactive,,*,-1,-1
2025-01-10T16:35:00.899-05:00,IdeState,Inactive,,*,-1,-1
2025-01-10T16:35:01.901-05:00,IdeState,Inactive,,*,-1,-1
2025-01-10T16:35:02.906-05:00,IdeState,Inactive,,*,-1,-1
2025-01-10T16:35:03.908-05:00,IdeState,Inactive,,*,-1,-1
2025-01-10T16:35:04.909-05:00,IdeState,Inactive,,*,-1,-1
2025-01-10T16:35:05.910-05:00,IdeState,Inactive,,*,-1,-1
2025-01-10T16:35:06.913-05:00,IdeState,Inactive,,*,-1,-1
2025-01-10T16:35:07.918-05:00,IdeState,Inactive,,*,-1,-1
2025-01-10T16:35:08.919-05:00,IdeState,Inactive,,*,-1,-1
2025-01-10T16:35:09.921-05:00,IdeState,Inactive,,*,-1,-1
2025-01-10T16:35:10.922-05:00,IdeState,Inactive,,*,-1,-1
2025-01-10T16:35:11.924-05:00,IdeState,Inactive,,*,-1,-1
2025-01-10T16:35:12.927-05:00,IdeState,Inactive,,*,-1,-1
2025-01-10T16:35:13.929-05:00,IdeState,Inactive,,*,-1,-1
2025-01-10T16:35:14.931-05:00,IdeState,Inactive,,*,-1,-1
2025-01-10T16:35:15.932-05:00,IdeState,Inactive,,*,-1,-1
2025-01-10T16:35:16.941-05:00,IdeState,Inactive,,*,-1,-1
2025-01-10T16:35:17.943-05:00,IdeState,Inactive,,*,-1,-1
2025-01-10T16:35:18.944-05:00,IdeState,Inactive,,*,-1,-1
2025-01-10T16:35:19.946-05:00,IdeState,Inactive,,*,-1,-1
2025-01-10T16:35:20.950-05:00,IdeState,Inactive,,*,-1,-1
2025-01-10T16:35:21.951-05:00,IdeState,Inactive,,*,-1,-1
2025-01-10T16:35:22.952-05:00,IdeState,Inactive,,*,-1,-1
2025-01-10T16:35:23.955-05:00,IdeState,Inactive,,*,-1,-1
2025-01-10T16:35:24.959-05:00,IdeState,Inactive,,*,-1,-1
2025-01-10T16:35:25.961-05:00,IdeState,Inactive,,*,-1,-1
2025-01-10T16:35:26.963-05:00,IdeState,Inactive,,*,-1,-1
2025-01-10T16:35:27.965-05:00,IdeState,Inactive,,*,-1,-1
2025-01-10T16:35:28.966-05:00,IdeState,Inactive,,*,-1,-1
2025-01-10T16:35:29.967-05:00,IdeState,Inactive,,*,-1,-1
2025-01-10T16:35:30.968-05:00,IdeState,Inactive,,*,-1,-1
2025-01-10T16:35:31.972-05:00,IdeState,Inactive,,*,-1,-1
2025-01-10T16:35:32.973-05:00,IdeState,Inactive,,*,-1,-1
2025-01-10T16:35:33.975-05:00,IdeState,Inactive,,*,-1,-1
2025-01-10T16:35:34.982-05:00,IdeState,Inactive,,*,-1,-1
2025-01-10T16:35:35.994-05:00,IdeState,Inactive,,*,-1,-1
2025-01-10T16:35:36.996-05:00,IdeState,Inactive,,*,-1,-1
2025-01-10T16:35:37.997-05:00,IdeState,Inactive,,*,-1,-1
2025-01-10T16:35:38.998-05:00,IdeState,Inactive,,*,-1,-1
2025-01-10T16:35:39.999-05:00,IdeState,Inactive,,*,-1,-1
2025-01-10T16:35:41.000-05:00,IdeState,Inactive,,*,-1,-1
2025-01-10T16:35:42.002-05:00,IdeState,Inactive,,*,-1,-1
2025-01-10T16:35:43.003-05:00,IdeState,Inactive,,*,-1,-1
2025-01-10T16:35:44.005-05:00,IdeState,Inactive,,*,-1,-1
2025-01-10T16:35:45.008-05:00,IdeState,Inactive,,*,-1,-1
2025-01-10T16:35:46.010-05:00,IdeState,Inactive,,*,-1,-1
2025-01-10T16:35:47.012-05:00,IdeState,Inactive,,*,-1,-1
2025-01-10T16:35:48.013-05:00,IdeState,Inactive,,*,-1,-1
2025-01-10T16:35:49.014-05:00,IdeState,Inactive,,*,-1,-1
2025-01-10T16:35:50.017-05:00,IdeState,Inactive,,*,-1,-1
2025-01-10T16:35:51.019-05:00,IdeState,Inactive,,*,-1,-1
2025-01-10T16:35:52.020-05:00,IdeState,Inactive,,*,-1,-1
2025-01-10T16:35:53.020-05:00,IdeState,Inactive,,*,-1,-1
2025-01-10T16:35:54.023-05:00,IdeState,Inactive,,*,-1,-1
2025-01-10T16:35:55.027-05:00,IdeState,Inactive,,*,-1,-1
2025-01-10T16:35:56.028-05:00,IdeState,Inactive,,*,-1,-1
2025-01-10T16:35:57.030-05:00,IdeState,Inactive,,*,-1,-1
2025-01-10T16:35:58.030-05:00,IdeState,Inactive,,*,-1,-1
2025-01-10T16:35:59.031-05:00,IdeState,Inactive,,*,-1,-1
2025-01-10T16:36:00.031-05:00,IdeState,Inactive,,*,-1,-1
2025-01-10T16:36:01.041-05:00,IdeState,Inactive,,*,-1,-1
2025-01-10T16:36:02.043-05:00,IdeState,Inactive,,*,-1,-1
2025-01-10T16:36:03.045-05:00,IdeState,Inactive,,*,-1,-1
2025-01-10T16:36:04.090-05:00,IdeState,Inactive,,*,-1,-1
2025-01-10T16:36:05.098-05:00,IdeState,Inactive,,*,-1,-1
2025-01-10T16:36:06.100-05:00,IdeState,Inactive,,*,-1,-1
2025-01-10T16:36:07.107-05:00,IdeState,Inactive,,*,-1,-1
2025-01-10T16:36:08.107-05:00,IdeState,Inactive,,*,-1,-1
2025-01-10T16:36:09.109-05:00,IdeState,Inactive,,*,-1,-1
2025-01-10T16:36:10.110-05:00,IdeState,Inactive,,*,-1,-1
2025-01-10T16:36:11.111-05:00,IdeState,Inactive,,*,-1,-1
2025-01-10T16:36:12.114-05:00,IdeState,Inactive,,*,-1,-1
2025-01-10T16:36:13.115-05:00,IdeState,Inactive,,*,-1,-1
2025-01-10T16:36:14.116-05:00,IdeState,Inactive,,*,-1,-1
2025-01-10T16:36:15.118-05:00,IdeState,Inactive,,*,-1,-1
2025-01-10T16:36:16.132-05:00,IdeState,Inactive,,*,-1,-1
2025-01-10T16:36:17.148-05:00,IdeState,Inactive,,*,-1,-1
2025-01-10T16:36:18.149-05:00,IdeState,Inactive,,*,-1,-1
2025-01-10T16:36:19.150-05:00,IdeState,Inactive,,*,-1,-1
2025-01-10T16:36:20.154-05:00,IdeState,Inactive,,*,-1,-1
2025-01-10T16:36:21.155-05:00,IdeState,Inactive,,*,-1,-1
2025-01-10T16:36:22.157-05:00,IdeState,Inactive,,*,-1,-1
2025-01-10T16:36:23.158-05:00,IdeState,Inactive,,*,-1,-1
2025-01-10T16:36:24.158-05:00,IdeState,Inactive,,*,-1,-1
2025-01-10T16:36:25.160-05:00,IdeState,Inactive,,*,-1,-1
2025-01-10T16:36:26.161-05:00,IdeState,Inactive,,*,-1,-1
2025-01-10T16:36:27.164-05:00,IdeState,Inactive,,*,-1,-1
2025-01-10T16:36:28.167-05:00,IdeState,Inactive,,*,-1,-1
2025-01-10T16:36:29.180-05:00,IdeState,Inactive,,*,-1,-1
2025-01-10T16:36:30.188-05:00,IdeState,Inactive,,*,-1,-1
2025-01-10T16:36:31.191-05:00,IdeState,Inactive,,*,-1,-1
2025-01-10T16:36:32.193-05:00,IdeState,Inactive,,*,-1,-1
2025-01-10T16:36:33.194-05:00,IdeState,Inactive,,*,-1,-1
2025-01-10T16:36:34.195-05:00,IdeState,Inactive,,*,-1,-1
2025-01-10T16:36:35.202-05:00,IdeState,Inactive,,*,-1,-1
2025-01-10T16:36:36.215-05:00,IdeState,Inactive,,*,-1,-1
2025-01-10T16:36:37.217-05:00,IdeState,Inactive,,*,-1,-1
2025-01-10T16:36:38.225-05:00,IdeState,Inactive,,*,-1,-1
2025-01-10T16:36:39.250-05:00,IdeState,Inactive,,*,-1,-1
2025-01-10T16:36:40.276-05:00,IdeState,Inactive,,*,-1,-1
2025-01-10T16:36:41.282-05:00,IdeState,Inactive,,*,-1,-1
2025-01-10T16:36:42.309-05:00,IdeState,Inactive,,*,-1,-1
2025-01-10T16:36:43.312-05:00,IdeState,Inactive,,*,-1,-1
2025-01-10T16:36:44.313-05:00,IdeState,Inactive,,*,-1,-1
2025-01-10T16:36:45.316-05:00,IdeState,Inactive,,*,-1,-1
2025-01-10T16:36:46.318-05:00,IdeState,Inactive,,*,-1,-1
2025-01-10T16:36:47.319-05:00,IdeState,Inactive,,*,-1,-1
2025-01-10T16:36:48.324-05:00,IdeState,Inactive,,*,-1,-1
2025-01-10T16:36:49.326-05:00,IdeState,Inactive,,*,-1,-1
2025-01-10T16:36:50.326-05:00,IdeState,Inactive,,*,-1,-1
2025-01-10T16:36:51.327-05:00,IdeState,Inactive,,*,-1,-1
2025-01-10T16:36:52.329-05:00,IdeState,Inactive,,*,-1,-1
2025-01-10T16:36:53.330-05:00,IdeState,Inactive,,*,-1,-1
2025-01-10T16:36:54.331-05:00,IdeState,Inactive,,*,-1,-1
2025-01-10T16:36:55.332-05:00,IdeState,Inactive,,*,-1,-1
2025-01-10T16:36:56.334-05:00,IdeState,Inactive,,*,-1,-1
2025-01-10T16:36:57.337-05:00,IdeState,Inactive,,*,-1,-1
2025-01-10T16:36:58.339-05:00,IdeState,Inactive,,*,-1,-1
2025-01-10T16:36:59.341-05:00,IdeState,Inactive,,*,-1,-1
2025-01-10T16:37:00.342-05:00,IdeState,Inactive,,*,-1,-1
2025-01-10T16:37:01.343-05:00,IdeState,Inactive,,*,-1,-1
2025-01-10T16:37:02.345-05:00,IdeState,Inactive,,*,-1,-1
2025-01-10T16:37:03.361-05:00,IdeState,Inactive,,*,-1,-1
2025-01-10T16:37:04.362-05:00,IdeState,Inactive,,*,-1,-1
2025-01-10T16:37:05.363-05:00,IdeState,Inactive,,*,-1,-1
2025-01-10T16:37:06.399-05:00,IdeState,Inactive,,*,-1,-1
2025-01-10T16:37:07.406-05:00,IdeState,Inactive,,*,-1,-1
2025-01-10T16:37:08.408-05:00,IdeState,Inactive,,*,-1,-1
2025-01-10T16:37:09.408-05:00,IdeState,Inactive,,*,-1,-1
2025-01-10T16:37:10.409-05:00,IdeState,Inactive,,*,-1,-1
2025-01-10T16:37:11.410-05:00,IdeState,Inactive,,*,-1,-1
2025-01-10T16:37:12.422-05:00,IdeState,Inactive,,*,-1,-1
2025-01-10T16:37:13.425-05:00,IdeState,Inactive,,*,-1,-1
2025-01-10T16:37:14.427-05:00,IdeState,Inactive,,*,-1,-1
2025-01-10T16:37:15.428-05:00,IdeState,Inactive,,*,-1,-1
2025-01-10T16:37:16.429-05:00,IdeState,Inactive,,*,-1,-1
2025-01-10T16:37:17.430-05:00,IdeState,Inactive,,*,-1,-1
2025-01-10T16:37:18.431-05:00,IdeState,Inactive,,*,-1,-1
2025-01-10T16:37:19.434-05:00,IdeState,Inactive,,*,-1,-1
2025-01-10T16:37:20.435-05:00,IdeState,Inactive,,*,-1,-1
2025-01-10T16:37:21.439-05:00,IdeState,Inactive,,*,-1,-1
2025-01-10T16:37:22.440-05:00,IdeState,Inactive,,*,-1,-1
2025-01-10T16:37:23.442-05:00,IdeState,Inactive,,*,-1,-1
2025-01-10T16:37:24.477-05:00,IdeState,Inactive,,*,-1,-1
2025-01-10T16:37:25.480-05:00,IdeState,Inactive,,*,-1,-1
2025-01-10T16:37:26.481-05:00,IdeState,Inactive,,*,-1,-1
2025-01-10T16:37:27.492-05:00,IdeState,Inactive,,*,-1,-1
2025-01-10T16:37:28.494-05:00,IdeState,Inactive,,*,-1,-1
2025-01-10T16:37:29.495-05:00,IdeState,Inactive,,*,-1,-1
2025-01-10T16:37:30.506-05:00,IdeState,Inactive,,*,-1,-1
2025-01-10T16:37:31.509-05:00,IdeState,Inactive,,*,-1,-1
2025-01-10T16:37:32.510-05:00,IdeState,Inactive,,*,-1,-1
2025-01-10T16:37:33.512-05:00,IdeState,Inactive,,*,-1,-1
2025-01-10T16:37:34.513-05:00,IdeState,Inactive,,*,-1,-1
2025-01-10T16:37:35.514-05:00,IdeState,Inactive,,*,-1,-1
2025-01-10T16:37:36.515-05:00,IdeState,Inactive,,*,-1,-1
2025-01-10T16:37:37.517-05:00,IdeState,Inactive,,*,-1,-1
2025-01-10T16:37:38.519-05:00,IdeState,Inactive,,*,-1,-1
2025-01-10T16:37:39.521-05:00,IdeState,Inactive,,*,-1,-1
2025-01-10T16:37:40.534-05:00,IdeState,Inactive,,*,-1,-1
2025-01-10T16:37:41.548-05:00,IdeState,Inactive,,*,-1,-1
2025-01-10T16:37:42.550-05:00,IdeState,Inactive,,*,-1,-1
2025-01-10T16:37:43.550-05:00,IdeState,Inactive,,*,-1,-1
2025-01-10T16:37:44.554-05:00,IdeState,Inactive,,*,-1,-1
2025-01-10T16:37:45.555-05:00,IdeState,Inactive,,*,-1,-1
2025-01-10T16:37:46.556-05:00,IdeState,Inactive,,*,-1,-1
2025-01-10T16:37:47.558-05:00,IdeState,Inactive,,*,-1,-1
2025-01-10T16:37:48.559-05:00,IdeState,Inactive,,*,-1,-1
2025-01-10T16:37:49.560-05:00,IdeState,Inactive,,*,-1,-1
2025-01-10T16:37:50.561-05:00,IdeState,Inactive,,*,-1,-1
2025-01-10T16:37:51.562-05:00,IdeState,Inactive,,*,-1,-1
2025-01-10T16:37:52.565-05:00,IdeState,Inactive,,*,-1,-1
2025-01-10T16:37:53.566-05:00,IdeState,Inactive,,*,-1,-1
2025-01-10T16:37:54.577-05:00,IdeState,Inactive,,*,-1,-1
2025-01-10T16:37:55.582-05:00,IdeState,Inactive,,*,-1,-1
2025-01-10T16:37:56.583-05:00,IdeState,Inactive,,*,-1,-1
2025-01-10T16:37:57.585-05:00,IdeState,Inactive,,*,-1,-1
2025-01-10T16:37:58.586-05:00,IdeState,Inactive,,*,-1,-1
2025-01-10T16:37:59.609-05:00,IdeState,Inactive,,*,-1,-1
2025-01-10T16:38:00.611-05:00,IdeState,Inactive,,*,-1,-1
2025-01-10T16:38:01.612-05:00,IdeState,Inactive,,*,-1,-1
2025-01-10T16:38:02.614-05:00,IdeState,Inactive,,*,-1,-1
2025-01-10T16:38:03.615-05:00,IdeState,Inactive,,*,-1,-1
2025-01-10T16:38:04.617-05:00,IdeState,Inactive,,*,-1,-1
2025-01-10T16:38:05.619-05:00,IdeState,Inactive,,*,-1,-1
2025-01-10T16:38:06.621-05:00,IdeState,Inactive,,*,-1,-1
2025-01-10T16:38:07.623-05:00,IdeState,Inactive,,*,-1,-1
2025-01-10T16:38:08.630-05:00,IdeState,Inactive,,*,-1,-1
2025-01-10T16:38:09.631-05:00,IdeState,Inactive,,*,-1,-1
2025-01-10T16:38:10.631-05:00,IdeState,Inactive,,*,-1,-1
2025-01-10T16:38:11.633-05:00,IdeState,Inactive,,*,-1,-1
2025-01-10T16:38:12.634-05:00,IdeState,Inactive,,*,-1,-1
2025-01-10T16:38:13.638-05:00,IdeState,Inactive,,*,-1,-1
2025-01-10T16:38:14.641-05:00,IdeState,Inactive,,*,-1,-1
2025-01-10T16:38:15.644-05:00,IdeState,Inactive,,*,-1,-1
2025-01-10T16:38:16.645-05:00,IdeState,Inactive,,*,-1,-1
2025-01-10T16:38:17.646-05:00,IdeState,Inactive,,*,-1,-1
2025-01-10T16:38:18.648-05:00,IdeState,Inactive,,*,-1,-1
2025-01-10T16:38:19.649-05:00,IdeState,Inactive,,*,-1,-1
2025-01-10T16:38:20.650-05:00,IdeState,Inactive,,*,-1,-1
2025-01-10T16:38:21.652-05:00,IdeState,Inactive,,*,-1,-1
2025-01-10T16:38:22.666-05:00,IdeState,Inactive,,*,-1,-1
2025-01-10T16:38:23.669-05:00,IdeState,Inactive,,*,-1,-1
2025-01-10T16:38:24.671-05:00,IdeState,Inactive,,*,-1,-1
2025-01-10T16:38:25.673-05:00,IdeState,Inactive,,*,-1,-1
2025-01-10T16:38:26.674-05:00,IdeState,Inactive,,*,-1,-1
2025-01-10T16:38:27.675-05:00,IdeState,Inactive,,*,-1,-1
2025-01-10T16:38:28.676-05:00,IdeState,Inactive,,*,-1,-1
2025-01-10T16:38:29.677-05:00,IdeState,Inactive,,*,-1,-1
2025-01-10T16:38:30.707-05:00,IdeState,Inactive,,*,-1,-1
2025-01-10T16:38:31.709-05:00,IdeState,Inactive,,*,-1,-1
2025-01-10T16:38:32.709-05:00,IdeState,Inactive,,*,-1,-1
2025-01-10T16:38:33.710-05:00,IdeState,Inactive,,*,-1,-1
2025-01-10T16:38:34.712-05:00,IdeState,Inactive,,*,-1,-1
2025-01-10T16:38:35.713-05:00,IdeState,Inactive,,*,-1,-1
2025-01-10T16:38:36.714-05:00,IdeState,Inactive,,*,-1,-1
2025-01-10T16:38:37.715-05:00,IdeState,Inactive,,*,-1,-1
2025-01-10T16:38:38.716-05:00,IdeState,Inactive,,*,-1,-1
2025-01-10T16:38:39.717-05:00,IdeState,Inactive,,*,-1,-1
2025-01-10T16:38:40.718-05:00,IdeState,Inactive,,*,-1,-1
2025-01-10T16:38:41.742-05:00,IdeState,Inactive,,*,-1,-1
2025-01-10T16:38:42.747-05:00,IdeState,Inactive,,*,-1,-1
2025-01-10T16:38:43.748-05:00,IdeState,Inactive,,*,-1,-1
2025-01-10T16:38:44.749-05:00,IdeState,Inactive,,*,-1,-1
2025-01-10T16:38:45.750-05:00,IdeState,Inactive,,*,-1,-1
2025-01-10T16:38:46.751-05:00,IdeState,Inactive,,*,-1,-1
2025-01-10T16:38:47.752-05:00,IdeState,Inactive,,*,-1,-1
2025-01-10T16:38:48.753-05:00,IdeState,Inactive,,*,-1,-1
2025-01-10T16:38:49.755-05:00,IdeState,Inactive,,*,-1,-1
2025-01-10T16:38:50.756-05:00,IdeState,Inactive,,*,-1,-1
2025-01-10T16:38:51.758-05:00,IdeState,Inactive,,*,-1,-1
2025-01-10T16:38:52.759-05:00,IdeState,Inactive,,*,-1,-1
2025-01-10T16:38:53.761-05:00,IdeState,Inactive,,*,-1,-1
2025-01-10T16:38:54.762-05:00,IdeState,Inactive,,*,-1,-1
2025-01-10T16:38:55.763-05:00,IdeState,Inactive,,*,-1,-1
2025-01-10T16:38:56.764-05:00,IdeState,Inactive,,*,-1,-1
2025-01-10T16:38:57.766-05:00,IdeState,Inactive,,*,-1,-1
2025-01-10T16:38:58.767-05:00,IdeState,Inactive,,*,-1,-1
2025-01-10T16:38:59.770-05:00,IdeState,Inactive,,*,-1,-1
2025-01-10T16:39:00.774-05:00,IdeState,Inactive,,*,-1,-1
2025-01-10T16:39:01.776-05:00,IdeState,Inactive,,*,-1,-1
2025-01-10T16:39:02.778-05:00,IdeState,Inactive,,*,-1,-1
2025-01-10T16:39:03.779-05:00,IdeState,Inactive,,*,-1,-1
2025-01-10T16:39:04.781-05:00,IdeState,Inactive,,*,-1,-1
2025-01-10T16:39:05.782-05:00,IdeState,Inactive,,*,-1,-1
2025-01-10T16:39:06.788-05:00,IdeState,Inactive,,*,-1,-1
2025-01-10T16:39:07.790-05:00,IdeState,Inactive,,*,-1,-1
2025-01-10T16:39:08.793-05:00,IdeState,Inactive,,*,-1,-1
2025-01-10T16:39:09.794-05:00,IdeState,Inactive,,*,-1,-1
2025-01-10T16:39:10.795-05:00,IdeState,Inactive,,*,-1,-1
2025-01-10T16:39:11.797-05:00,IdeState,Inactive,,*,-1,-1
2025-01-10T16:39:12.798-05:00,IdeState,Inactive,,*,-1,-1
2025-01-10T16:39:13.800-05:00,IdeState,Inactive,,*,-1,-1
2025-01-10T16:39:14.800-05:00,IdeState,Inactive,,*,-1,-1
2025-01-10T16:39:15.825-05:00,IdeState,Inactive,,*,-1,-1
2025-01-10T16:39:16.846-05:00,IdeState,Inactive,,*,-1,-1
2025-01-10T16:39:17.849-05:00,IdeState,Inactive,,*,-1,-1
2025-01-10T16:39:18.852-05:00,IdeState,Inactive,,*,-1,-1
2025-01-10T16:39:19.854-05:00,IdeState,Inactive,,*,-1,-1
2025-01-10T16:39:20.855-05:00,IdeState,Inactive,,*,-1,-1
2025-01-10T16:39:21.856-05:00,IdeState,Inactive,,*,-1,-1
2025-01-10T16:39:22.858-05:00,IdeState,Inactive,,*,-1,-1
2025-01-10T16:39:23.859-05:00,IdeState,Inactive,,*,-1,-1
2025-01-10T16:39:24.937-05:00,IdeState,Inactive,,*,-1,-1
2025-01-10T16:39:25.941-05:00,IdeState,Inactive,,*,-1,-1
2025-01-10T16:39:26.942-05:00,IdeState,Inactive,,*,-1,-1
2025-01-10T16:39:27.943-05:00,IdeState,Inactive,,*,-1,-1
2025-01-10T16:39:28.948-05:00,IdeState,Inactive,,*,-1,-1
2025-01-10T16:39:29.948-05:00,IdeState,Inactive,,*,-1,-1
2025-01-10T16:39:30.952-05:00,IdeState,Inactive,,*,-1,-1
2025-01-10T16:39:31.952-05:00,IdeState,Inactive,,*,-1,-1
2025-01-10T16:39:32.953-05:00,IdeState,Inactive,,*,-1,-1
2025-01-10T16:39:33.956-05:00,IdeState,Inactive,,*,-1,-1
2025-01-10T16:39:34.956-05:00,IdeState,Inactive,,*,-1,-1
2025-01-10T16:39:35.957-05:00,IdeState,Inactive,,*,-1,-1
2025-01-10T16:39:36.958-05:00,IdeState,Inactive,,*,-1,-1
2025-01-10T16:39:37.964-05:00,IdeState,Inactive,,*,-1,-1
2025-01-10T16:39:38.966-05:00,IdeState,Inactive,,*,-1,-1
2025-01-10T16:39:39.967-05:00,IdeState,Inactive,,*,-1,-1
2025-01-10T16:39:40.973-05:00,IdeState,Inactive,,*,-1,-1
2025-01-10T16:39:41.976-05:00,IdeState,Inactive,,*,-1,-1
2025-01-10T16:39:42.976-05:00,IdeState,Inactive,,*,-1,-1
2025-01-10T16:39:43.977-05:00,IdeState,Inactive,,*,-1,-1
2025-01-10T16:39:44.977-05:00,IdeState,Inactive,,*,-1,-1
2025-01-10T16:39:45.980-05:00,IdeState,Inactive,,*,-1,-1
2025-01-10T16:39:46.981-05:00,IdeState,Inactive,,*,-1,-1
2025-01-10T16:39:47.981-05:00,IdeState,Inactive,,*,-1,-1
2025-01-10T16:39:48.983-05:00,IdeState,Inactive,,*,-1,-1
2025-01-10T16:39:49.984-05:00,IdeState,Inactive,,*,-1,-1
2025-01-10T16:39:50.992-05:00,IdeState,Inactive,,*,-1,-1
2025-01-10T16:39:51.992-05:00,IdeState,Inactive,,*,-1,-1
2025-01-10T16:39:52.993-05:00,IdeState,Inactive,,*,-1,-1
2025-01-10T16:39:53.995-05:00,IdeState,Inactive,,*,-1,-1
2025-01-10T16:39:54.996-05:00,IdeState,Inactive,,*,-1,-1
2025-01-10T16:39:55.997-05:00,IdeState,Inactive,,*,-1,-1
2025-01-10T16:39:56.999-05:00,IdeState,Inactive,,*,-1,-1
2025-01-10T16:39:58.000-05:00,IdeState,Inactive,,*,-1,-1
2025-01-10T16:39:59.012-05:00,IdeState,Inactive,,*,-1,-1
2025-01-10T16:40:00.014-05:00,IdeState,Inactive,,*,-1,-1
2025-01-10T16:40:01.015-05:00,IdeState,Inactive,,*,-1,-1
2025-01-10T16:40:02.017-05:00,IdeState,Inactive,,*,-1,-1
2025-01-10T16:40:03.018-05:00,IdeState,Inactive,,*,-1,-1
2025-01-10T16:40:04.020-05:00,IdeState,Inactive,,*,-1,-1
2025-01-10T16:40:05.022-05:00,IdeState,Inactive,,*,-1,-1
2025-01-10T16:40:06.023-05:00,IdeState,Inactive,,*,-1,-1
2025-01-10T16:40:07.024-05:00,IdeState,Inactive,,*,-1,-1
2025-01-10T16:40:08.025-05:00,IdeState,Inactive,,*,-1,-1
2025-01-10T16:40:09.026-05:00,IdeState,Inactive,,*,-1,-1
2025-01-10T16:40:10.027-05:00,IdeState,Inactive,,*,-1,-1
2025-01-10T16:40:11.029-05:00,IdeState,Inactive,,*,-1,-1
2025-01-10T16:40:12.031-05:00,IdeState,Inactive,,*,-1,-1
2025-01-10T16:40:13.033-05:00,IdeState,Inactive,,*,-1,-1
2025-01-10T16:40:14.035-05:00,IdeState,Inactive,,*,-1,-1
2025-01-10T16:40:15.037-05:00,IdeState,Inactive,,*,-1,-1
2025-01-10T16:40:16.038-05:00,IdeState,Inactive,,*,-1,-1
2025-01-10T16:40:17.039-05:00,IdeState,Inactive,,*,-1,-1
2025-01-10T16:40:18.041-05:00,IdeState,Inactive,,*,-1,-1
2025-01-10T16:40:19.043-05:00,IdeState,Inactive,,*,-1,-1
2025-01-10T16:40:20.044-05:00,IdeState,Inactive,,*,-1,-1
2025-01-10T16:40:21.045-05:00,IdeState,Inactive,,*,-1,-1
2025-01-10T16:40:22.047-05:00,IdeState,Inactive,,*,-1,-1
2025-01-10T16:40:23.066-05:00,IdeState,Inactive,,*,-1,-1
2025-01-10T16:40:24.067-05:00,IdeState,Inactive,,*,-1,-1
2025-01-10T16:40:25.069-05:00,IdeState,Inactive,,*,-1,-1
2025-01-10T16:40:26.070-05:00,IdeState,Inactive,,*,-1,-1
2025-01-10T16:40:27.071-05:00,IdeState,Inactive,,*,-1,-1
2025-01-10T16:40:28.072-05:00,IdeState,Inactive,,*,-1,-1
2025-01-10T16:40:29.073-05:00,IdeState,Inactive,,*,-1,-1
2025-01-10T16:40:30.075-05:00,IdeState,Inactive,,*,-1,-1
2025-01-10T16:40:31.077-05:00,IdeState,Inactive,,*,-1,-1
2025-01-10T16:40:32.080-05:00,IdeState,Inactive,,*,-1,-1
2025-01-10T16:40:33.080-05:00,IdeState,Inactive,,*,-1,-1
2025-01-10T16:40:34.081-05:00,IdeState,Inactive,,*,-1,-1
2025-01-10T16:40:35.083-05:00,IdeState,Inactive,,*,-1,-1
2025-01-10T16:40:36.090-05:00,IdeState,Inactive,,*,-1,-1
2025-01-10T16:40:37.092-05:00,IdeState,Inactive,,*,-1,-1
2025-01-10T16:40:38.093-05:00,IdeState,Inactive,,*,-1,-1
2025-01-10T16:40:39.130-05:00,IdeState,Inactive,,*,-1,-1
2025-01-10T16:40:40.135-05:00,IdeState,Inactive,,*,-1,-1
2025-01-10T16:40:41.136-05:00,IdeState,Inactive,,*,-1,-1
2025-01-10T16:40:42.295-05:00,IdeState,Inactive,,*,-1,-1
2025-01-10T16:40:43.313-05:00,IdeState,Inactive,,*,-1,-1
2025-01-10T16:40:44.314-05:00,IdeState,Inactive,,*,-1,-1
2025-01-10T16:40:45.318-05:00,IdeState,Inactive,,*,-1,-1
2025-01-10T16:40:46.326-05:00,IdeState,Inactive,,*,-1,-1
2025-01-10T16:40:47.326-05:00,IdeState,Inactive,,*,-1,-1
2025-01-10T16:40:48.329-05:00,IdeState,Inactive,,*,-1,-1
2025-01-10T16:40:49.330-05:00,IdeState,Inactive,,*,-1,-1
2025-01-10T16:40:50.333-05:00,IdeState,Inactive,,*,-1,-1
2025-01-10T16:40:51.335-05:00,IdeState,Inactive,,*,-1,-1
2025-01-10T16:40:52.338-05:00,IdeState,Inactive,,*,-1,-1
2025-01-10T16:40:53.350-05:00,IdeState,Inactive,,*,-1,-1
2025-01-10T16:40:54.352-05:00,IdeState,Inactive,,*,-1,-1
2025-01-10T16:40:55.356-05:00,IdeState,Inactive,,*,-1,-1
2025-01-10T16:40:56.358-05:00,IdeState,Inactive,,*,-1,-1
2025-01-10T16:40:57.359-05:00,IdeState,Inactive,,*,-1,-1
2025-01-10T16:40:58.360-05:00,IdeState,Inactive,,*,-1,-1
2025-01-10T16:40:59.361-05:00,IdeState,Inactive,,*,-1,-1
2025-01-10T16:41:00.362-05:00,IdeState,Inactive,,*,-1,-1
2025-01-10T16:41:01.363-05:00,IdeState,Inactive,,*,-1,-1
2025-01-10T16:41:02.364-05:00,IdeState,Inactive,,*,-1,-1
2025-01-10T16:41:03.365-05:00,IdeState,Inactive,,*,-1,-1
2025-01-10T16:41:04.366-05:00,IdeState,Inactive,,*,-1,-1
2025-01-10T16:41:05.367-05:00,IdeState,Inactive,,*,-1,-1
2025-01-10T16:41:06.369-05:00,IdeState,Inactive,,*,-1,-1
2025-01-10T16:41:07.371-05:00,IdeState,Inactive,,*,-1,-1
2025-01-10T16:41:08.379-05:00,IdeState,Inactive,,*,-1,-1
2025-01-10T16:41:09.388-05:00,IdeState,Inactive,,*,-1,-1
2025-01-10T16:41:10.390-05:00,IdeState,Inactive,,*,-1,-1
2025-01-10T16:41:11.391-05:00,IdeState,Inactive,,*,-1,-1
2025-01-10T16:41:12.392-05:00,IdeState,Inactive,,*,-1,-1
2025-01-10T16:41:13.393-05:00,IdeState,Inactive,,*,-1,-1
2025-01-10T16:41:14.394-05:00,IdeState,Inactive,,*,-1,-1
2025-01-10T16:41:15.395-05:00,IdeState,Inactive,,*,-1,-1
2025-01-10T16:41:16.396-05:00,IdeState,Inactive,,*,-1,-1
2025-01-10T16:41:17.398-05:00,IdeState,Inactive,,*,-1,-1
2025-01-10T16:41:18.400-05:00,IdeState,Inactive,,*,-1,-1
2025-01-10T16:41:19.402-05:00,IdeState,Inactive,,*,-1,-1
2025-01-10T16:41:20.403-05:00,IdeState,Inactive,,*,-1,-1
2025-01-10T16:41:21.405-05:00,IdeState,Inactive,,*,-1,-1
2025-01-10T16:41:22.406-05:00,IdeState,Inactive,,*,-1,-1
2025-01-10T16:41:23.408-05:00,IdeState,Inactive,,*,-1,-1
2025-01-10T16:41:24.410-05:00,IdeState,Inactive,,*,-1,-1
2025-01-10T16:41:25.413-05:00,IdeState,Inactive,,*,-1,-1
2025-01-10T16:41:26.414-05:00,IdeState,Inactive,,*,-1,-1
2025-01-10T16:41:27.416-05:00,IdeState,Inactive,,*,-1,-1
2025-01-10T16:41:28.416-05:00,IdeState,Inactive,,*,-1,-1
2025-01-10T16:41:29.418-05:00,IdeState,Inactive,,*,-1,-1
2025-01-10T16:41:30.419-05:00,IdeState,Inactive,,*,-1,-1
2025-01-10T16:41:31.420-05:00,IdeState,Inactive,,*,-1,-1
2025-01-10T16:41:32.423-05:00,IdeState,Inactive,,*,-1,-1
2025-01-10T16:41:33.430-05:00,IdeState,Inactive,,*,-1,-1
2025-01-10T16:41:34.437-05:00,IdeState,Inactive,,*,-1,-1
2025-01-10T16:41:35.439-05:00,IdeState,Inactive,,*,-1,-1
2025-01-10T16:41:36.440-05:00,IdeState,Inactive,,*,-1,-1
2025-01-10T16:41:37.441-05:00,IdeState,Inactive,,*,-1,-1
2025-01-10T16:41:38.442-05:00,IdeState,Inactive,,*,-1,-1
2025-01-10T16:41:39.444-05:00,IdeState,Inactive,,*,-1,-1
2025-01-10T16:41:40.445-05:00,IdeState,Inactive,,*,-1,-1
2025-01-10T16:41:41.445-05:00,IdeState,Inactive,,*,-1,-1
2025-01-10T16:41:42.446-05:00,IdeState,Inactive,,*,-1,-1
2025-01-10T16:41:43.448-05:00,IdeState,Inactive,,*,-1,-1
2025-01-10T16:41:44.449-05:00,IdeState,Inactive,,*,-1,-1
2025-01-10T16:41:45.450-05:00,IdeState,Inactive,,*,-1,-1
2025-01-10T16:41:46.450-05:00,IdeState,Inactive,,*,-1,-1
2025-01-10T16:41:47.452-05:00,IdeState,Inactive,,*,-1,-1
2025-01-10T16:41:48.453-05:00,IdeState,Inactive,,*,-1,-1
2025-01-10T16:41:49.460-05:00,IdeState,Inactive,,*,-1,-1
2025-01-10T16:41:50.462-05:00,IdeState,Inactive,,*,-1,-1
2025-01-10T16:41:51.464-05:00,IdeState,Inactive,,*,-1,-1
2025-01-10T16:41:52.465-05:00,IdeState,Inactive,,*,-1,-1
2025-01-10T16:41:53.467-05:00,IdeState,Inactive,,*,-1,-1
2025-01-10T16:41:54.474-05:00,IdeState,Inactive,,*,-1,-1
2025-01-10T16:41:55.475-05:00,IdeState,Inactive,,*,-1,-1
2025-01-10T16:41:56.478-05:00,IdeState,Inactive,,*,-1,-1
2025-01-10T16:41:57.479-05:00,IdeState,Inactive,,*,-1,-1
2025-01-10T16:41:58.480-05:00,IdeState,Inactive,,*,-1,-1
2025-01-10T16:41:59.481-05:00,IdeState,Inactive,,*,-1,-1
2025-01-10T16:42:00.488-05:00,IdeState,Inactive,,*,-1,-1
2025-01-10T16:42:01.488-05:00,IdeState,Inactive,,*,-1,-1
2025-01-10T16:42:02.490-05:00,IdeState,Inactive,,*,-1,-1
2025-01-10T16:42:03.492-05:00,IdeState,Inactive,,*,-1,-1
2025-01-10T16:42:04.493-05:00,IdeState,Inactive,,*,-1,-1
2025-01-10T16:42:05.496-05:00,IdeState,Inactive,,*,-1,-1
2025-01-10T16:42:06.499-05:00,IdeState,Inactive,,*,-1,-1
2025-01-10T16:42:07.500-05:00,IdeState,Inactive,,*,-1,-1
2025-01-10T16:42:08.502-05:00,IdeState,Inactive,,*,-1,-1
2025-01-10T16:42:09.502-05:00,IdeState,Inactive,,*,-1,-1
2025-01-10T16:42:10.504-05:00,IdeState,Inactive,,*,-1,-1
2025-01-10T16:42:11.505-05:00,IdeState,Inactive,,*,-1,-1
2025-01-10T16:42:12.506-05:00,IdeState,Inactive,,*,-1,-1
2025-01-10T16:42:13.506-05:00,IdeState,Inactive,,*,-1,-1
2025-01-10T16:42:14.509-05:00,IdeState,Inactive,,*,-1,-1
2025-01-10T16:42:15.513-05:00,IdeState,Inactive,,*,-1,-1
2025-01-10T16:42:16.514-05:00,IdeState,Inactive,,*,-1,-1
2025-01-10T16:42:17.515-05:00,IdeState,Inactive,,*,-1,-1
2025-01-10T16:42:18.517-05:00,IdeState,Inactive,,*,-1,-1
2025-01-10T16:42:19.517-05:00,IdeState,Inactive,,*,-1,-1
2025-01-10T16:42:20.520-05:00,IdeState,Inactive,,*,-1,-1
2025-01-10T16:42:21.521-05:00,IdeState,Inactive,,*,-1,-1
2025-01-10T16:42:22.523-05:00,IdeState,Inactive,,*,-1,-1
2025-01-10T16:42:23.524-05:00,IdeState,Inactive,,*,-1,-1
2025-01-10T16:42:24.525-05:00,IdeState,Inactive,,*,-1,-1
2025-01-10T16:42:25.526-05:00,IdeState,Inactive,,*,-1,-1
2025-01-10T16:42:26.527-05:00,IdeState,Inactive,,*,-1,-1
2025-01-10T16:42:27.529-05:00,IdeState,Inactive,,*,-1,-1
2025-01-10T16:42:28.531-05:00,IdeState,Inactive,,*,-1,-1
2025-01-10T16:42:29.532-05:00,IdeState,Inactive,,*,-1,-1
2025-01-10T16:42:30.534-05:00,IdeState,Inactive,,*,-1,-1
2025-01-10T16:42:31.539-05:00,IdeState,Inactive,,*,-1,-1
2025-01-10T16:42:32.540-05:00,IdeState,Inactive,,*,-1,-1
2025-01-10T16:42:33.541-05:00,IdeState,Inactive,,*,-1,-1
2025-01-10T16:42:34.561-05:00,IdeState,Inactive,,*,-1,-1
2025-01-10T16:42:35.563-05:00,IdeState,Inactive,,*,-1,-1
2025-01-10T16:42:36.565-05:00,IdeState,Inactive,,*,-1,-1
2025-01-10T16:42:37.577-05:00,IdeState,Inactive,,*,-1,-1
2025-01-10T16:42:38.578-05:00,IdeState,Inactive,,*,-1,-1
2025-01-10T16:42:39.579-05:00,IdeState,Inactive,,*,-1,-1
2025-01-10T16:42:40.580-05:00,IdeState,Inactive,,*,-1,-1
2025-01-10T16:42:41.581-05:00,IdeState,Inactive,,*,-1,-1
2025-01-10T16:42:42.581-05:00,IdeState,Inactive,,*,-1,-1
2025-01-10T16:42:43.583-05:00,IdeState,Inactive,,*,-1,-1
2025-01-10T16:42:44.584-05:00,IdeState,Inactive,,*,-1,-1
2025-01-10T16:42:45.588-05:00,IdeState,Inactive,,*,-1,-1
2025-01-10T16:42:46.588-05:00,IdeState,Inactive,,*,-1,-1
2025-01-10T16:42:47.589-05:00,IdeState,Inactive,,*,-1,-1
2025-01-10T16:42:48.591-05:00,IdeState,Inactive,,*,-1,-1
2025-01-10T16:42:49.604-05:00,IdeState,Inactive,,*,-1,-1
2025-01-10T16:42:50.608-05:00,IdeState,Inactive,,*,-1,-1
2025-01-10T16:42:51.610-05:00,IdeState,Inactive,,*,-1,-1
2025-01-10T16:42:52.613-05:00,IdeState,Inactive,,*,-1,-1
2025-01-10T16:42:53.614-05:00,IdeState,Inactive,,*,-1,-1
2025-01-10T16:42:54.615-05:00,IdeState,Inactive,,*,-1,-1
2025-01-10T16:42:55.616-05:00,IdeState,Inactive,,*,-1,-1
2025-01-10T16:42:56.617-05:00,IdeState,Inactive,,*,-1,-1
2025-01-10T16:42:57.619-05:00,IdeState,Inactive,,*,-1,-1
2025-01-10T16:42:58.620-05:00,IdeState,Inactive,,*,-1,-1
2025-01-10T16:42:59.622-05:00,IdeState,Inactive,,*,-1,-1
2025-01-10T16:43:00.624-05:00,IdeState,Inactive,,*,-1,-1
2025-01-10T16:43:01.631-05:00,IdeState,Inactive,,*,-1,-1
2025-01-10T16:43:02.633-05:00,IdeState,Inactive,,*,-1,-1
2025-01-10T16:43:03.637-05:00,IdeState,Inactive,,*,-1,-1
2025-01-10T16:43:04.639-05:00,IdeState,Inactive,,*,-1,-1
2025-01-10T16:43:05.641-05:00,IdeState,Inactive,,*,-1,-1
2025-01-10T16:43:06.642-05:00,IdeState,Inactive,,*,-1,-1
2025-01-10T16:43:07.645-05:00,IdeState,Inactive,,*,-1,-1
2025-01-10T16:43:08.706-05:00,IdeState,Inactive,,*,-1,-1
2025-01-10T16:43:09.710-05:00,IdeState,Inactive,,*,-1,-1
2025-01-10T16:43:10.712-05:00,IdeState,Inactive,,*,-1,-1
2025-01-10T16:43:11.713-05:00,IdeState,Inactive,,*,-1,-1
2025-01-10T16:43:12.715-05:00,IdeState,Inactive,,*,-1,-1
2025-01-10T16:43:13.716-05:00,IdeState,Inactive,,*,-1,-1
2025-01-10T16:43:14.717-05:00,IdeState,Inactive,,*,-1,-1
2025-01-10T16:43:15.718-05:00,IdeState,Inactive,,*,-1,-1
2025-01-10T16:43:16.719-05:00,IdeState,Inactive,,*,-1,-1
2025-01-10T16:43:17.721-05:00,IdeState,Inactive,,*,-1,-1
2025-01-10T16:43:18.721-05:00,IdeState,Inactive,,*,-1,-1
2025-01-10T16:43:19.723-05:00,IdeState,Inactive,,*,-1,-1
2025-01-10T16:43:20.726-05:00,IdeState,Inactive,,*,-1,-1
2025-01-10T16:43:21.727-05:00,IdeState,Inactive,,*,-1,-1
2025-01-10T16:43:22.729-05:00,IdeState,Inactive,,*,-1,-1
2025-01-10T16:43:23.730-05:00,IdeState,Inactive,,*,-1,-1
2025-01-10T16:43:24.732-05:00,IdeState,Inactive,,*,-1,-1
2025-01-10T16:43:25.734-05:00,IdeState,Inactive,,*,-1,-1
2025-01-10T16:43:26.741-05:00,IdeState,Inactive,,*,-1,-1
2025-01-10T16:43:27.743-05:00,IdeState,Inactive,,*,-1,-1
2025-01-10T16:43:28.744-05:00,IdeState,Inactive,,*,-1,-1
2025-01-10T16:43:29.747-05:00,IdeState,Inactive,,*,-1,-1
2025-01-10T16:43:30.748-05:00,IdeState,Inactive,,*,-1,-1
2025-01-10T16:43:31.749-05:00,IdeState,Inactive,,*,-1,-1
2025-01-10T16:43:32.750-05:00,IdeState,Inactive,,*,-1,-1
2025-01-10T16:43:33.751-05:00,IdeState,Inactive,,*,-1,-1
2025-01-10T16:43:34.753-05:00,IdeState,Inactive,,*,-1,-1
2025-01-10T16:43:35.754-05:00,IdeState,Inactive,,*,-1,-1
2025-01-10T16:43:36.755-05:00,IdeState,Inactive,,*,-1,-1
2025-01-10T16:43:37.757-05:00,IdeState,Inactive,,*,-1,-1
2025-01-10T16:43:38.763-05:00,IdeState,Inactive,,*,-1,-1
2025-01-10T16:43:39.763-05:00,IdeState,Inactive,,*,-1,-1
2025-01-10T16:43:40.765-05:00,IdeState,Inactive,,*,-1,-1
2025-01-10T16:43:41.766-05:00,IdeState,Inactive,,*,-1,-1
2025-01-10T16:43:42.768-05:00,IdeState,Inactive,,*,-1,-1
2025-01-10T16:43:43.769-05:00,IdeState,Inactive,,*,-1,-1
2025-01-10T16:43:44.770-05:00,IdeState,Inactive,,*,-1,-1
2025-01-10T16:43:45.774-05:00,IdeState,Inactive,,*,-1,-1
2025-01-10T16:43:46.775-05:00,IdeState,Inactive,,*,-1,-1
2025-01-10T16:43:47.775-05:00,IdeState,Inactive,,*,-1,-1
2025-01-10T16:43:48.783-05:00,IdeState,Inactive,,*,-1,-1
2025-01-10T16:43:49.795-05:00,IdeState,Inactive,,*,-1,-1
2025-01-10T16:43:50.798-05:00,IdeState,Inactive,,*,-1,-1
2025-01-10T16:43:51.799-05:00,IdeState,Inactive,,*,-1,-1
2025-01-10T16:43:52.800-05:00,IdeState,Inactive,,*,-1,-1
2025-01-10T16:43:53.801-05:00,IdeState,Inactive,,*,-1,-1
2025-01-10T16:43:54.803-05:00,IdeState,Inactive,,*,-1,-1
2025-01-10T16:43:55.804-05:00,IdeState,Inactive,,*,-1,-1
2025-01-10T16:43:56.805-05:00,IdeState,Inactive,,*,-1,-1
2025-01-10T16:43:57.806-05:00,IdeState,Inactive,,*,-1,-1
2025-01-10T16:43:58.807-05:00,IdeState,Inactive,,*,-1,-1
2025-01-10T16:43:59.808-05:00,IdeState,Inactive,,*,-1,-1
2025-01-10T16:44:00.810-05:00,IdeState,Inactive,,*,-1,-1
2025-01-10T16:44:01.814-05:00,IdeState,Inactive,,*,-1,-1
2025-01-10T16:44:02.836-05:00,IdeState,Inactive,,*,-1,-1
2025-01-10T16:44:03.866-05:00,IdeState,Inactive,,*,-1,-1
2025-01-10T16:44:04.868-05:00,IdeState,Inactive,,*,-1,-1
2025-01-10T16:44:05.869-05:00,IdeState,Inactive,,*,-1,-1
2025-01-10T16:44:06.870-05:00,IdeState,Inactive,,*,-1,-1
2025-01-10T16:44:07.872-05:00,IdeState,Inactive,,*,-1,-1
2025-01-10T16:44:08.876-05:00,IdeState,Inactive,,*,-1,-1
2025-01-10T16:44:09.880-05:00,IdeState,Inactive,,*,-1,-1
2025-01-10T16:44:10.881-05:00,IdeState,Inactive,,*,-1,-1
2025-01-10T16:44:11.882-05:00,IdeState,Inactive,,*,-1,-1
2025-01-10T16:44:12.884-05:00,IdeState,Inactive,,*,-1,-1
2025-01-10T16:44:13.884-05:00,IdeState,Inactive,,*,-1,-1
2025-01-10T16:44:14.887-05:00,IdeState,Inactive,,*,-1,-1
2025-01-10T16:44:15.889-05:00,IdeState,Inactive,,*,-1,-1
2025-01-10T16:44:16.890-05:00,IdeState,Inactive,,*,-1,-1
2025-01-10T16:44:17.891-05:00,IdeState,Inactive,,*,-1,-1
2025-01-10T16:44:18.893-05:00,IdeState,Inactive,,*,-1,-1
2025-01-10T16:44:19.894-05:00,IdeState,Inactive,,*,-1,-1
2025-01-10T16:44:20.896-05:00,IdeState,Inactive,,*,-1,-1
2025-01-10T16:44:21.897-05:00,IdeState,Inactive,,*,-1,-1
2025-01-10T16:44:22.899-05:00,IdeState,Inactive,,*,-1,-1
2025-01-10T16:44:23.901-05:00,IdeState,Inactive,,*,-1,-1
2025-01-10T16:44:24.923-05:00,IdeState,Inactive,,*,-1,-1
2025-01-10T16:44:25.963-05:00,IdeState,Inactive,,*,-1,-1
2025-01-10T16:44:26.965-05:00,IdeState,Inactive,,*,-1,-1
2025-01-10T16:44:27.967-05:00,IdeState,Inactive,,*,-1,-1
2025-01-10T16:44:28.968-05:00,IdeState,Inactive,,*,-1,-1
2025-01-10T16:44:29.969-05:00,IdeState,Inactive,,*,-1,-1
2025-01-10T16:44:30.975-05:00,IdeState,Inactive,,*,-1,-1
2025-01-10T16:44:31.977-05:00,IdeState,Inactive,,*,-1,-1
2025-01-10T16:44:32.979-05:00,IdeState,Inactive,,*,-1,-1
2025-01-10T16:44:33.981-05:00,IdeState,Inactive,,*,-1,-1
2025-01-10T16:44:34.984-05:00,IdeState,Inactive,,*,-1,-1
2025-01-10T16:44:35.986-05:00,IdeState,Inactive,,*,-1,-1
2025-01-10T16:44:36.989-05:00,IdeState,Inactive,,*,-1,-1
2025-01-10T16:44:38.016-05:00,IdeState,Inactive,,*,-1,-1
2025-01-10T16:44:39.021-05:00,IdeState,Inactive,,*,-1,-1
2025-01-10T16:44:40.026-05:00,IdeState,Inactive,,*,-1,-1
2025-01-10T16:44:41.029-05:00,IdeState,Inactive,,*,-1,-1
2025-01-10T16:44:42.032-05:00,IdeState,Inactive,,*,-1,-1
2025-01-10T16:44:43.033-05:00,IdeState,Inactive,,*,-1,-1
2025-01-10T16:44:44.034-05:00,IdeState,Inactive,,*,-1,-1
2025-01-10T16:44:45.035-05:00,IdeState,Inactive,,*,-1,-1
2025-01-10T16:44:46.038-05:00,IdeState,Inactive,,*,-1,-1
2025-01-10T16:44:47.038-05:00,IdeState,Inactive,,*,-1,-1
2025-01-10T16:44:48.039-05:00,IdeState,Inactive,,*,-1,-1
2025-01-10T16:44:49.040-05:00,IdeState,Inactive,,*,-1,-1
2025-01-10T16:44:50.040-05:00,IdeState,Inactive,,*,-1,-1
2025-01-10T16:44:51.044-05:00,IdeState,Inactive,,*,-1,-1
2025-01-10T16:44:52.045-05:00,IdeState,Inactive,,*,-1,-1
2025-01-10T16:44:53.055-05:00,IdeState,Inactive,,*,-1,-1
2025-01-10T16:44:54.056-05:00,IdeState,Inactive,,*,-1,-1
2025-01-10T16:44:55.103-05:00,IdeState,Inactive,,*,-1,-1
2025-01-10T16:44:56.110-05:00,IdeState,Inactive,,*,-1,-1
2025-01-10T16:44:57.113-05:00,IdeState,Inactive,,*,-1,-1
2025-01-10T16:44:58.114-05:00,IdeState,Inactive,,*,-1,-1
2025-01-10T16:44:59.116-05:00,IdeState,Inactive,,*,-1,-1
2025-01-10T16:45:00.121-05:00,IdeState,Inactive,,*,-1,-1
2025-01-10T16:45:01.123-05:00,IdeState,Inactive,,*,-1,-1
2025-01-10T16:45:02.125-05:00,IdeState,Inactive,,*,-1,-1
2025-01-10T16:45:03.126-05:00,IdeState,Inactive,,*,-1,-1
2025-01-10T16:45:04.127-05:00,IdeState,Inactive,,*,-1,-1
2025-01-10T16:45:05.128-05:00,IdeState,Inactive,,*,-1,-1
2025-01-10T16:45:06.130-05:00,IdeState,Inactive,,*,-1,-1
2025-01-10T16:45:07.130-05:00,IdeState,Inactive,,*,-1,-1
2025-01-10T16:45:08.133-05:00,IdeState,Inactive,,*,-1,-1
2025-01-10T16:45:09.134-05:00,IdeState,Inactive,,*,-1,-1
2025-01-10T16:45:10.135-05:00,IdeState,Inactive,,*,-1,-1
2025-01-10T16:45:11.136-05:00,IdeState,Inactive,,*,-1,-1
2025-01-10T16:45:12.139-05:00,IdeState,Inactive,,*,-1,-1
2025-01-10T16:45:13.139-05:00,IdeState,Inactive,,*,-1,-1
2025-01-10T16:45:14.141-05:00,IdeState,Inactive,,*,-1,-1
2025-01-10T16:45:15.146-05:00,IdeState,Inactive,,*,-1,-1
2025-01-10T16:45:16.168-05:00,IdeState,Inactive,,*,-1,-1
2025-01-10T16:45:17.169-05:00,IdeState,Inactive,,*,-1,-1
2025-01-10T16:45:18.170-05:00,IdeState,Inactive,,*,-1,-1
2025-01-10T16:45:19.172-05:00,IdeState,Inactive,,*,-1,-1
2025-01-10T16:45:20.174-05:00,IdeState,Inactive,,*,-1,-1
2025-01-10T16:45:21.177-05:00,IdeState,Inactive,,*,-1,-1
2025-01-10T16:45:22.178-05:00,IdeState,Inactive,,*,-1,-1
2025-01-10T16:45:23.180-05:00,IdeState,Inactive,,*,-1,-1
2025-01-10T16:45:24.183-05:00,IdeState,Inactive,,*,-1,-1
2025-01-10T16:45:25.190-05:00,IdeState,Inactive,,*,-1,-1
2025-01-10T16:45:26.191-05:00,IdeState,Inactive,,*,-1,-1
2025-01-10T16:45:27.192-05:00,IdeState,Inactive,,*,-1,-1
2025-01-10T16:45:28.193-05:00,IdeState,Inactive,,*,-1,-1
2025-01-10T16:45:29.194-05:00,IdeState,Inactive,,*,-1,-1
2025-01-10T16:45:30.238-05:00,IdeState,Inactive,,*,-1,-1
2025-01-10T16:45:31.239-05:00,IdeState,Inactive,,*,-1,-1
2025-01-10T16:45:32.241-05:00,IdeState,Inactive,,*,-1,-1
2025-01-10T16:45:33.242-05:00,IdeState,Inactive,,*,-1,-1
2025-01-10T16:45:34.244-05:00,IdeState,Inactive,,*,-1,-1
2025-01-10T16:45:35.245-05:00,IdeState,Inactive,,*,-1,-1
2025-01-10T16:45:36.247-05:00,IdeState,Inactive,,*,-1,-1
2025-01-10T16:45:37.248-05:00,IdeState,Inactive,,*,-1,-1
2025-01-10T16:45:38.250-05:00,IdeState,Inactive,,*,-1,-1
2025-01-10T16:45:39.256-05:00,IdeState,Inactive,,*,-1,-1
2025-01-10T16:45:40.265-05:00,IdeState,Inactive,,*,-1,-1
2025-01-10T16:45:41.266-05:00,IdeState,Inactive,,*,-1,-1
2025-01-10T16:45:42.267-05:00,IdeState,Inactive,,*,-1,-1
2025-01-10T16:45:43.269-05:00,IdeState,Inactive,,*,-1,-1
2025-01-10T16:45:44.270-05:00,IdeState,Inactive,,*,-1,-1
2025-01-10T16:45:45.274-05:00,IdeState,Inactive,,*,-1,-1
2025-01-10T16:45:46.276-05:00,IdeState,Inactive,,*,-1,-1
2025-01-10T16:45:47.278-05:00,IdeState,Inactive,,*,-1,-1
2025-01-10T16:45:48.279-05:00,IdeState,Inactive,,*,-1,-1
2025-01-10T16:45:49.280-05:00,IdeState,Inactive,,*,-1,-1
2025-01-10T16:45:50.282-05:00,IdeState,Inactive,,*,-1,-1
2025-01-10T16:45:51.284-05:00,IdeState,Inactive,,*,-1,-1
2025-01-10T16:45:52.285-05:00,IdeState,Inactive,,*,-1,-1
2025-01-10T16:45:53.287-05:00,IdeState,Inactive,,*,-1,-1
2025-01-10T16:45:54.290-05:00,IdeState,Inactive,,*,-1,-1
2025-01-10T16:45:55.291-05:00,IdeState,Inactive,,*,-1,-1
2025-01-10T16:45:56.292-05:00,IdeState,Inactive,,*,-1,-1
2025-01-10T16:45:57.294-05:00,IdeState,Inactive,,*,-1,-1
2025-01-10T16:45:58.295-05:00,IdeState,Inactive,,*,-1,-1
2025-01-10T16:45:59.307-05:00,IdeState,Inactive,,*,-1,-1
2025-01-10T16:46:00.308-05:00,IdeState,Inactive,,*,-1,-1
2025-01-10T16:46:01.309-05:00,IdeState,Inactive,,*,-1,-1
2025-01-10T16:46:02.310-05:00,IdeState,Inactive,,*,-1,-1
2025-01-10T16:46:03.311-05:00,IdeState,Inactive,,*,-1,-1
2025-01-10T16:46:04.313-05:00,IdeState,Inactive,,*,-1,-1
2025-01-10T16:46:05.315-05:00,IdeState,Inactive,,*,-1,-1
2025-01-10T16:46:06.324-05:00,IdeState,Inactive,,*,-1,-1
2025-01-10T16:46:07.326-05:00,IdeState,Inactive,,*,-1,-1
2025-01-10T16:46:08.327-05:00,IdeState,Inactive,,*,-1,-1
2025-01-10T16:46:09.328-05:00,IdeState,Inactive,,*,-1,-1
2025-01-10T16:46:10.328-05:00,IdeState,Inactive,,*,-1,-1
2025-01-10T16:46:11.329-05:00,IdeState,Inactive,,*,-1,-1
2025-01-10T16:46:12.332-05:00,IdeState,Inactive,,*,-1,-1
2025-01-10T16:46:13.337-05:00,IdeState,Inactive,,*,-1,-1
2025-01-10T16:46:14.338-05:00,IdeState,Inactive,,*,-1,-1
2025-01-10T16:46:15.340-05:00,IdeState,Inactive,,*,-1,-1
2025-01-10T16:46:16.341-05:00,IdeState,Inactive,,*,-1,-1
2025-01-10T16:46:17.342-05:00,IdeState,Inactive,,*,-1,-1
2025-01-10T16:46:18.343-05:00,IdeState,Inactive,,*,-1,-1
2025-01-10T16:46:19.344-05:00,IdeState,Inactive,,*,-1,-1
2025-01-10T16:46:20.345-05:00,IdeState,Inactive,,*,-1,-1
2025-01-10T16:46:21.347-05:00,IdeState,Inactive,,*,-1,-1
2025-01-10T16:46:22.348-05:00,IdeState,Inactive,,*,-1,-1
2025-01-10T16:46:23.349-05:00,IdeState,Inactive,,*,-1,-1
2025-01-10T16:46:24.350-05:00,IdeState,Inactive,,*,-1,-1
2025-01-10T16:46:25.351-05:00,IdeState,Inactive,,*,-1,-1
2025-01-10T16:46:26.352-05:00,IdeState,Inactive,,*,-1,-1
2025-01-10T16:46:27.353-05:00,IdeState,Inactive,,*,-1,-1
2025-01-10T16:46:28.355-05:00,IdeState,Inactive,,*,-1,-1
2025-01-10T16:46:29.357-05:00,IdeState,Inactive,,*,-1,-1
2025-01-10T16:46:30.358-05:00,IdeState,Inactive,,*,-1,-1
2025-01-10T16:46:31.361-05:00,IdeState,Inactive,,*,-1,-1
2025-01-10T16:46:32.362-05:00,IdeState,Inactive,,*,-1,-1
2025-01-10T16:46:33.365-05:00,IdeState,Inactive,,*,-1,-1
2025-01-10T16:46:34.366-05:00,IdeState,Inactive,,*,-1,-1
2025-01-10T16:46:35.368-05:00,IdeState,Inactive,,*,-1,-1
2025-01-10T16:46:36.370-05:00,IdeState,Inactive,,*,-1,-1
2025-01-10T16:46:37.371-05:00,IdeState,Inactive,,*,-1,-1
2025-01-10T16:46:38.372-05:00,IdeState,Inactive,,*,-1,-1
2025-01-10T16:46:39.373-05:00,IdeState,Inactive,,*,-1,-1
2025-01-10T16:46:40.374-05:00,IdeState,Inactive,,*,-1,-1
2025-01-10T16:46:41.411-05:00,IdeState,Inactive,,*,-1,-1
2025-01-10T16:46:42.411-05:00,IdeState,Inactive,,*,-1,-1
2025-01-10T16:46:43.413-05:00,IdeState,Inactive,,*,-1,-1
2025-01-10T16:46:44.413-05:00,IdeState,Inactive,,*,-1,-1
2025-01-10T16:46:45.415-05:00,IdeState,Inactive,,*,-1,-1
2025-01-10T16:46:46.417-05:00,IdeState,Inactive,,*,-1,-1
2025-01-10T16:46:47.426-05:00,IdeState,Inactive,,*,-1,-1
2025-01-10T16:46:48.427-05:00,IdeState,Inactive,,*,-1,-1
2025-01-10T16:46:49.428-05:00,IdeState,Inactive,,*,-1,-1
2025-01-10T16:46:50.430-05:00,IdeState,Inactive,,*,-1,-1
2025-01-10T16:46:51.432-05:00,IdeState,Inactive,,*,-1,-1
2025-01-10T16:46:52.433-05:00,IdeState,Inactive,,*,-1,-1
2025-01-10T16:46:53.436-05:00,IdeState,Inactive,,*,-1,-1
2025-01-10T16:46:54.437-05:00,IdeState,Inactive,,*,-1,-1
2025-01-10T16:46:55.438-05:00,IdeState,Inactive,,*,-1,-1
2025-01-10T16:46:56.440-05:00,IdeState,Inactive,,*,-1,-1
2025-01-10T16:46:57.444-05:00,IdeState,Inactive,,*,-1,-1
2025-01-10T16:46:58.474-05:00,IdeState,Inactive,,*,-1,-1
2025-01-10T16:46:59.477-05:00,IdeState,Inactive,,*,-1,-1
2025-01-10T16:47:00.479-05:00,IdeState,Inactive,,*,-1,-1
2025-01-10T16:47:01.487-05:00,IdeState,Inactive,,*,-1,-1
2025-01-10T16:47:02.488-05:00,IdeState,Inactive,,*,-1,-1
2025-01-10T16:47:03.490-05:00,IdeState,Inactive,,*,-1,-1
2025-01-10T16:47:04.491-05:00,IdeState,Inactive,,*,-1,-1
2025-01-10T16:47:05.494-05:00,IdeState,Inactive,,*,-1,-1
2025-01-10T16:47:06.496-05:00,IdeState,Inactive,,*,-1,-1
2025-01-10T16:47:07.498-05:00,IdeState,Inactive,,*,-1,-1
2025-01-10T16:47:08.500-05:00,IdeState,Inactive,,*,-1,-1
2025-01-10T16:47:09.501-05:00,IdeState,Inactive,,*,-1,-1
2025-01-10T16:47:10.513-05:00,IdeState,Inactive,,*,-1,-1
2025-01-10T16:47:11.612-05:00,IdeState,Inactive,,*,-1,-1
2025-01-10T16:47:12.615-05:00,IdeState,Inactive,,*,-1,-1
2025-01-10T16:47:13.621-05:00,IdeState,Inactive,,*,-1,-1
2025-01-10T16:47:14.622-05:00,IdeState,Inactive,,*,-1,-1
2025-01-10T16:47:15.622-05:00,IdeState,Inactive,,*,-1,-1
2025-01-10T16:47:16.623-05:00,IdeState,Inactive,,*,-1,-1
2025-01-10T16:47:17.626-05:00,IdeState,Inactive,,*,-1,-1
2025-01-10T16:47:18.630-05:00,IdeState,Inactive,,*,-1,-1
2025-01-10T16:47:19.630-05:00,IdeState,Inactive,,*,-1,-1
2025-01-10T16:47:20.634-05:00,IdeState,Inactive,,*,-1,-1
2025-01-10T16:47:21.637-05:00,IdeState,Inactive,,*,-1,-1
2025-01-10T16:47:22.637-05:00,IdeState,Inactive,,*,-1,-1
2025-01-10T16:47:23.638-05:00,IdeState,Inactive,,*,-1,-1
2025-01-10T16:47:24.645-05:00,IdeState,Inactive,,*,-1,-1
2025-01-10T16:47:25.659-05:00,IdeState,Inactive,,*,-1,-1
2025-01-10T16:47:26.685-05:00,IdeState,Inactive,,*,-1,-1
2025-01-10T16:47:27.686-05:00,IdeState,Inactive,,*,-1,-1
2025-01-10T16:47:28.688-05:00,IdeState,Inactive,,*,-1,-1
2025-01-10T16:47:29.689-05:00,IdeState,Inactive,,*,-1,-1
2025-01-10T16:47:30.691-05:00,IdeState,Inactive,,*,-1,-1
2025-01-10T16:47:31.692-05:00,IdeState,Inactive,,*,-1,-1
2025-01-10T16:47:32.695-05:00,IdeState,Inactive,,*,-1,-1
2025-01-10T16:47:33.696-05:00,IdeState,Inactive,,*,-1,-1
2025-01-10T16:47:34.697-05:00,IdeState,Inactive,,*,-1,-1
2025-01-10T16:47:35.699-05:00,IdeState,Inactive,,*,-1,-1
2025-01-10T16:47:36.700-05:00,IdeState,Inactive,,*,-1,-1
2025-01-10T16:47:37.702-05:00,IdeState,Inactive,,*,-1,-1
2025-01-10T16:47:38.703-05:00,IdeState,Inactive,,*,-1,-1
2025-01-10T16:47:39.705-05:00,IdeState,Inactive,,*,-1,-1
2025-01-10T16:47:40.720-05:00,IdeState,Inactive,,*,-1,-1
2025-01-10T16:47:41.725-05:00,IdeState,Inactive,,*,-1,-1
2025-01-10T16:47:42.726-05:00,IdeState,Inactive,,*,-1,-1
2025-01-10T16:47:43.727-05:00,IdeState,Inactive,,*,-1,-1
2025-01-10T16:47:44.728-05:00,IdeState,Inactive,,*,-1,-1
2025-01-10T16:47:45.730-05:00,IdeState,Inactive,,*,-1,-1
2025-01-10T16:47:46.730-05:00,IdeState,Inactive,,*,-1,-1
2025-01-10T16:47:47.734-05:00,IdeState,Inactive,,*,-1,-1
2025-01-10T16:47:48.735-05:00,IdeState,Inactive,,*,-1,-1
2025-01-10T16:47:49.737-05:00,IdeState,Inactive,,*,-1,-1
2025-01-10T16:47:50.738-05:00,IdeState,Inactive,,*,-1,-1
2025-01-10T16:47:51.739-05:00,IdeState,Inactive,,*,-1,-1
2025-01-10T16:47:52.740-05:00,IdeState,Inactive,,*,-1,-1
2025-01-10T16:47:53.742-05:00,IdeState,Inactive,,*,-1,-1
2025-01-10T16:47:54.742-05:00,IdeState,Inactive,,*,-1,-1
2025-01-10T16:47:55.745-05:00,IdeState,Inactive,,*,-1,-1
2025-01-10T16:47:56.746-05:00,IdeState,Inactive,,*,-1,-1
2025-01-10T16:47:57.748-05:00,IdeState,Inactive,,*,-1,-1
2025-01-10T16:47:58.748-05:00,IdeState,Inactive,,*,-1,-1
2025-01-10T16:47:59.750-05:00,IdeState,Inactive,,*,-1,-1
2025-01-10T16:48:00.769-05:00,IdeState,Inactive,,*,-1,-1
2025-01-10T16:48:01.772-05:00,IdeState,Inactive,,*,-1,-1
2025-01-10T16:48:02.774-05:00,IdeState,Inactive,,*,-1,-1
2025-01-10T16:48:03.775-05:00,IdeState,Inactive,,*,-1,-1
2025-01-10T16:48:04.778-05:00,IdeState,Inactive,,*,-1,-1
2025-01-10T16:48:05.782-05:00,IdeState,Inactive,,*,-1,-1
2025-01-10T16:48:06.784-05:00,IdeState,Inactive,,*,-1,-1
2025-01-10T16:48:07.786-05:00,IdeState,Inactive,,*,-1,-1
2025-01-10T16:48:08.787-05:00,IdeState,Inactive,,*,-1,-1
2025-01-10T16:48:09.789-05:00,IdeState,Inactive,,*,-1,-1
2025-01-10T16:48:10.795-05:00,IdeState,Inactive,,*,-1,-1
2025-01-10T16:48:11.798-05:00,IdeState,Inactive,,*,-1,-1
2025-01-10T16:48:12.799-05:00,IdeState,Inactive,,*,-1,-1
2025-01-10T16:48:13.800-05:00,IdeState,Inactive,,*,-1,-1
2025-01-10T16:48:14.802-05:00,IdeState,Inactive,,*,-1,-1
2025-01-10T16:48:15.807-05:00,IdeState,Inactive,,*,-1,-1
2025-01-10T16:48:16.809-05:00,IdeState,Inactive,,*,-1,-1
2025-01-10T16:48:17.811-05:00,IdeState,Inactive,,*,-1,-1
2025-01-10T16:48:18.813-05:00,IdeState,Inactive,,*,-1,-1
2025-01-10T16:48:19.815-05:00,IdeState,Inactive,,*,-1,-1
2025-01-10T16:48:20.816-05:00,IdeState,Inactive,,*,-1,-1
2025-01-10T16:48:21.817-05:00,IdeState,Inactive,,*,-1,-1
2025-01-10T16:48:22.819-05:00,IdeState,Inactive,,*,-1,-1
2025-01-10T16:48:23.820-05:00,IdeState,Inactive,,*,-1,-1
2025-01-10T16:48:24.820-05:00,IdeState,Inactive,,*,-1,-1
2025-01-10T16:48:25.821-05:00,IdeState,Inactive,,*,-1,-1
2025-01-10T16:48:26.825-05:00,IdeState,Inactive,,*,-1,-1
2025-01-10T16:48:27.826-05:00,IdeState,Inactive,,*,-1,-1
2025-01-10T16:48:28.835-05:00,IdeState,Inactive,,*,-1,-1
2025-01-10T16:48:29.837-05:00,IdeState,Inactive,,*,-1,-1
2025-01-10T16:48:30.839-05:00,IdeState,Inactive,,*,-1,-1
2025-01-10T16:48:31.840-05:00,IdeState,Inactive,,*,-1,-1
2025-01-10T16:48:32.841-05:00,IdeState,Inactive,,*,-1,-1
2025-01-10T16:48:33.843-05:00,IdeState,Inactive,,*,-1,-1
2025-01-10T16:48:34.844-05:00,IdeState,Inactive,,*,-1,-1
2025-01-10T16:48:35.845-05:00,IdeState,Inactive,,*,-1,-1
2025-01-10T16:48:36.845-05:00,IdeState,Inactive,,*,-1,-1
2025-01-10T16:48:37.848-05:00,IdeState,Inactive,,*,-1,-1
2025-01-10T16:48:38.863-05:00,IdeState,Inactive,,*,-1,-1
2025-01-10T16:48:39.867-05:00,IdeState,Inactive,,*,-1,-1
2025-01-10T16:48:40.868-05:00,IdeState,Inactive,,*,-1,-1
2025-01-10T16:48:41.877-05:00,IdeState,Inactive,,*,-1,-1
2025-01-10T16:48:42.879-05:00,IdeState,Inactive,,*,-1,-1
2025-01-10T16:48:43.885-05:00,IdeState,Inactive,,*,-1,-1
2025-01-10T16:48:44.888-05:00,IdeState,Inactive,,*,-1,-1
2025-01-10T16:48:45.890-05:00,IdeState,Inactive,,*,-1,-1
2025-01-10T16:48:46.891-05:00,IdeState,Inactive,,*,-1,-1
2025-01-10T16:48:47.893-05:00,IdeState,Inactive,,*,-1,-1
2025-01-10T16:48:48.894-05:00,IdeState,Inactive,,*,-1,-1
2025-01-10T16:48:49.894-05:00,IdeState,Inactive,,*,-1,-1
2025-01-10T16:48:50.898-05:00,IdeState,Inactive,,*,-1,-1
2025-01-10T16:48:51.899-05:00,IdeState,Inactive,,*,-1,-1
2025-01-10T16:48:52.900-05:00,IdeState,Inactive,,*,-1,-1
2025-01-10T16:48:53.901-05:00,IdeState,Inactive,,*,-1,-1
2025-01-10T16:48:54.902-05:00,IdeState,Inactive,,*,-1,-1
2025-01-10T16:48:55.910-05:00,IdeState,Inactive,,*,-1,-1
2025-01-10T16:48:56.911-05:00,IdeState,Inactive,,*,-1,-1
2025-01-10T16:48:57.912-05:00,IdeState,Inactive,,*,-1,-1
2025-01-10T16:48:58.913-05:00,IdeState,Inactive,,*,-1,-1
2025-01-10T16:48:59.916-05:00,IdeState,Inactive,,*,-1,-1
2025-01-10T16:49:00.917-05:00,IdeState,Inactive,,*,-1,-1
2025-01-10T16:49:01.937-05:00,IdeState,Inactive,,*,-1,-1
2025-01-10T16:49:02.951-05:00,IdeState,Inactive,,*,-1,-1
2025-01-10T16:49:03.952-05:00,IdeState,Inactive,,*,-1,-1
2025-01-10T16:49:04.954-05:00,IdeState,Inactive,,*,-1,-1
2025-01-10T16:49:05.956-05:00,IdeState,Inactive,,*,-1,-1
2025-01-10T16:49:06.971-05:00,IdeState,Inactive,,*,-1,-1
2025-01-10T16:49:07.972-05:00,IdeState,Inactive,,*,-1,-1
2025-01-10T16:49:08.973-05:00,IdeState,Inactive,,*,-1,-1
2025-01-10T16:49:09.975-05:00,IdeState,Inactive,,*,-1,-1
2025-01-10T16:49:10.984-05:00,IdeState,Inactive,,*,-1,-1
2025-01-10T16:49:11.985-05:00,IdeState,Inactive,,*,-1,-1
2025-01-10T16:49:12.986-05:00,IdeState,Inactive,,*,-1,-1
2025-01-10T16:49:13.987-05:00,IdeState,Inactive,,*,-1,-1
2025-01-10T16:49:15.001-05:00,IdeState,Inactive,,*,-1,-1
2025-01-10T16:49:16.003-05:00,IdeState,Inactive,,*,-1,-1
2025-01-10T16:49:17.005-05:00,IdeState,Inactive,,*,-1,-1
2025-01-10T16:49:18.006-05:00,IdeState,Inactive,,*,-1,-1
2025-01-10T16:49:19.008-05:00,IdeState,Inactive,,*,-1,-1
2025-01-10T16:49:20.009-05:00,IdeState,Inactive,,*,-1,-1
2025-01-10T16:49:21.024-05:00,IdeState,Inactive,,*,-1,-1
2025-01-10T16:49:22.045-05:00,IdeState,Inactive,,*,-1,-1
2025-01-10T16:49:23.046-05:00,IdeState,Inactive,,*,-1,-1
2025-01-10T16:49:24.048-05:00,IdeState,Inactive,,*,-1,-1
2025-01-10T16:49:25.049-05:00,IdeState,Inactive,,*,-1,-1
2025-01-10T16:49:26.050-05:00,IdeState,Inactive,,*,-1,-1
2025-01-10T16:49:27.053-05:00,IdeState,Inactive,,*,-1,-1
2025-01-10T16:49:28.055-05:00,IdeState,Inactive,,*,-1,-1
2025-01-10T16:49:29.056-05:00,IdeState,Inactive,,*,-1,-1
2025-01-10T16:49:30.061-05:00,IdeState,Inactive,,*,-1,-1
2025-01-10T16:49:31.081-05:00,IdeState,Inactive,,*,-1,-1
2025-01-10T16:49:32.082-05:00,IdeState,Inactive,,*,-1,-1
2025-01-10T16:49:33.083-05:00,IdeState,Inactive,,*,-1,-1
2025-01-10T16:49:34.084-05:00,IdeState,Inactive,,*,-1,-1
2025-01-10T16:49:35.093-05:00,IdeState,Inactive,,*,-1,-1
2025-01-10T16:49:36.095-05:00,IdeState,Inactive,,*,-1,-1
2025-01-10T16:49:37.095-05:00,IdeState,Inactive,,*,-1,-1
2025-01-10T16:49:38.104-05:00,IdeState,Inactive,,*,-1,-1
2025-01-10T16:49:39.105-05:00,IdeState,Inactive,,*,-1,-1
2025-01-10T16:49:40.106-05:00,IdeState,Inactive,,*,-1,-1
2025-01-10T16:49:41.107-05:00,IdeState,Inactive,,*,-1,-1
2025-01-10T16:49:42.111-05:00,IdeState,Inactive,,*,-1,-1
2025-01-10T16:49:43.112-05:00,IdeState,Inactive,,*,-1,-1
2025-01-10T16:49:44.114-05:00,IdeState,Inactive,,*,-1,-1
2025-01-10T16:49:45.115-05:00,IdeState,Inactive,,*,-1,-1
2025-01-10T16:49:46.121-05:00,IdeState,Inactive,,*,-1,-1
2025-01-10T16:49:47.122-05:00,IdeState,Inactive,,*,-1,-1
2025-01-10T16:49:48.124-05:00,IdeState,Inactive,,*,-1,-1
2025-01-10T16:49:49.130-05:00,IdeState,Inactive,,*,-1,-1
2025-01-10T16:49:50.131-05:00,IdeState,Inactive,,*,-1,-1
2025-01-10T16:49:51.132-05:00,IdeState,Inactive,,*,-1,-1
2025-01-10T16:49:52.132-05:00,IdeState,Inactive,,*,-1,-1
2025-01-10T16:49:53.135-05:00,IdeState,Inactive,,*,-1,-1
2025-01-10T16:49:54.195-05:00,IdeState,Inactive,,*,-1,-1
2025-01-10T16:49:55.196-05:00,IdeState,Inactive,,*,-1,-1
2025-01-10T16:49:56.203-05:00,IdeState,Inactive,,*,-1,-1
2025-01-10T16:49:57.208-05:00,IdeState,Inactive,,*,-1,-1
2025-01-10T16:49:58.208-05:00,IdeState,Inactive,,*,-1,-1
2025-01-10T16:49:59.209-05:00,IdeState,Inactive,,*,-1,-1
2025-01-10T16:50:00.210-05:00,IdeState,Inactive,,*,-1,-1
2025-01-10T16:50:01.211-05:00,IdeState,Inactive,,*,-1,-1
2025-01-10T16:50:02.213-05:00,IdeState,Inactive,,*,-1,-1
2025-01-10T16:50:03.215-05:00,IdeState,Inactive,,*,-1,-1
2025-01-10T16:50:04.216-05:00,IdeState,Inactive,,*,-1,-1
2025-01-10T16:50:05.217-05:00,IdeState,Inactive,,*,-1,-1
2025-01-10T16:50:06.220-05:00,IdeState,Inactive,,*,-1,-1
2025-01-10T16:50:07.222-05:00,IdeState,Inactive,,*,-1,-1
2025-01-10T16:50:08.223-05:00,IdeState,Inactive,,*,-1,-1
2025-01-10T16:50:09.225-05:00,IdeState,Inactive,,*,-1,-1
2025-01-10T16:50:10.226-05:00,IdeState,Inactive,,*,-1,-1
2025-01-10T16:50:11.227-05:00,IdeState,Inactive,,*,-1,-1
2025-01-10T16:50:12.230-05:00,IdeState,Inactive,,*,-1,-1
2025-01-10T16:50:13.232-05:00,IdeState,Inactive,,*,-1,-1
2025-01-10T16:50:14.233-05:00,IdeState,Inactive,,*,-1,-1
2025-01-10T16:50:15.238-05:00,IdeState,Inactive,,*,-1,-1
2025-01-10T16:50:16.239-05:00,IdeState,Inactive,,*,-1,-1
2025-01-10T16:50:17.240-05:00,IdeState,Inactive,,*,-1,-1
2025-01-10T16:50:18.241-05:00,IdeState,Inactive,,*,-1,-1
2025-01-10T16:50:19.243-05:00,IdeState,Inactive,,*,-1,-1
2025-01-10T16:50:20.245-05:00,IdeState,Inactive,,*,-1,-1
2025-01-10T16:50:21.247-05:00,IdeState,Inactive,,*,-1,-1
2025-01-10T16:50:22.249-05:00,IdeState,Inactive,,*,-1,-1
2025-01-10T16:50:23.250-05:00,IdeState,Inactive,,*,-1,-1
2025-01-10T16:50:24.254-05:00,IdeState,Inactive,,*,-1,-1
2025-01-10T16:50:25.255-05:00,IdeState,Inactive,,*,-1,-1
2025-01-10T16:50:26.257-05:00,IdeState,Inactive,,*,-1,-1
2025-01-10T16:50:27.257-05:00,IdeState,Inactive,,*,-1,-1
2025-01-10T16:50:28.258-05:00,IdeState,Inactive,,*,-1,-1
2025-01-10T16:50:29.259-05:00,IdeState,Inactive,,*,-1,-1
2025-01-10T16:50:30.262-05:00,IdeState,Inactive,,*,-1,-1
2025-01-10T16:50:31.264-05:00,IdeState,Inactive,,*,-1,-1
2025-01-10T16:50:32.265-05:00,IdeState,Inactive,,*,-1,-1
2025-01-10T16:50:33.266-05:00,IdeState,Inactive,,*,-1,-1
2025-01-10T16:50:34.267-05:00,IdeState,Inactive,,*,-1,-1
2025-01-10T16:50:35.268-05:00,IdeState,Inactive,,*,-1,-1
2025-01-10T16:50:36.270-05:00,IdeState,Inactive,,*,-1,-1
2025-01-10T16:50:37.271-05:00,IdeState,Inactive,,*,-1,-1
2025-01-10T16:50:38.273-05:00,IdeState,Inactive,,*,-1,-1
2025-01-10T16:50:39.274-05:00,IdeState,Inactive,,*,-1,-1
2025-01-10T16:50:40.275-05:00,IdeState,Inactive,,*,-1,-1
2025-01-10T16:50:41.276-05:00,IdeState,Inactive,,*,-1,-1
2025-01-10T16:50:42.278-05:00,IdeState,Inactive,,*,-1,-1
2025-01-10T16:50:43.279-05:00,IdeState,Inactive,,*,-1,-1
2025-01-10T16:50:44.280-05:00,IdeState,Inactive,,*,-1,-1
2025-01-10T16:50:45.286-05:00,IdeState,Inactive,,*,-1,-1
2025-01-10T16:50:46.289-05:00,IdeState,Inactive,,*,-1,-1
2025-01-10T16:50:47.300-05:00,IdeState,Inactive,,*,-1,-1
2025-01-10T16:50:48.301-05:00,IdeState,Inactive,,*,-1,-1
2025-01-10T16:50:49.302-05:00,IdeState,Inactive,,*,-1,-1
2025-01-10T16:50:50.304-05:00,IdeState,Inactive,,*,-1,-1
2025-01-10T16:50:51.305-05:00,IdeState,Inactive,,*,-1,-1
2025-01-10T16:50:52.307-05:00,IdeState,Inactive,,*,-1,-1
2025-01-10T16:50:53.311-05:00,IdeState,Inactive,,*,-1,-1
2025-01-10T16:50:54.314-05:00,IdeState,Inactive,,*,-1,-1
2025-01-10T16:50:55.315-05:00,IdeState,Inactive,,*,-1,-1
2025-01-10T16:50:56.316-05:00,IdeState,Inactive,,*,-1,-1
2025-01-10T16:50:57.317-05:00,IdeState,Inactive,,*,-1,-1
2025-01-10T16:50:58.326-05:00,IdeState,Inactive,,*,-1,-1
2025-01-10T16:50:59.328-05:00,IdeState,Inactive,,*,-1,-1
2025-01-10T16:51:00.329-05:00,IdeState,Inactive,,*,-1,-1
2025-01-10T16:51:01.330-05:00,IdeState,Inactive,,*,-1,-1
2025-01-10T16:51:02.332-05:00,IdeState,Inactive,,*,-1,-1
2025-01-10T16:51:03.333-05:00,IdeState,Inactive,,*,-1,-1
2025-01-10T16:51:04.340-05:00,IdeState,Inactive,,*,-1,-1
2025-01-10T16:51:05.342-05:00,IdeState,Inactive,,*,-1,-1
2025-01-10T16:51:06.344-05:00,IdeState,Inactive,,*,-1,-1
2025-01-10T16:51:07.344-05:00,IdeState,Inactive,,*,-1,-1
2025-01-10T16:51:08.345-05:00,IdeState,Inactive,,*,-1,-1
2025-01-10T16:51:09.348-05:00,IdeState,Inactive,,*,-1,-1
2025-01-10T16:51:10.349-05:00,IdeState,Inactive,,*,-1,-1
2025-01-10T16:51:11.350-05:00,IdeState,Inactive,,*,-1,-1
2025-01-10T16:51:12.351-05:00,IdeState,Inactive,,*,-1,-1
2025-01-10T16:51:13.354-05:00,IdeState,Inactive,,*,-1,-1
2025-01-10T16:51:14.356-05:00,IdeState,Inactive,,*,-1,-1
2025-01-10T16:51:15.358-05:00,IdeState,Inactive,,*,-1,-1
2025-01-10T16:51:16.358-05:00,IdeState,Inactive,,*,-1,-1
2025-01-10T16:51:17.360-05:00,IdeState,Inactive,,*,-1,-1
2025-01-10T16:51:18.366-05:00,IdeState,Inactive,,*,-1,-1
2025-01-10T16:51:19.366-05:00,IdeState,Inactive,,*,-1,-1
2025-01-10T16:51:20.368-05:00,IdeState,Inactive,,*,-1,-1
2025-01-10T16:51:21.370-05:00,IdeState,Inactive,,*,-1,-1
2025-01-10T16:51:22.371-05:00,IdeState,Inactive,,*,-1,-1
2025-01-10T16:51:23.372-05:00,IdeState,Inactive,,*,-1,-1
2025-01-10T16:51:24.374-05:00,IdeState,Inactive,,*,-1,-1
2025-01-10T16:51:25.376-05:00,IdeState,Inactive,,*,-1,-1
2025-01-10T16:51:26.379-05:00,IdeState,Inactive,,*,-1,-1
2025-01-10T16:51:27.380-05:00,IdeState,Inactive,,*,-1,-1
2025-01-10T16:51:28.381-05:00,IdeState,Inactive,,*,-1,-1
2025-01-10T16:51:29.384-05:00,IdeState,Inactive,,*,-1,-1
2025-01-10T16:51:30.386-05:00,IdeState,Inactive,,*,-1,-1
2025-01-10T16:51:31.389-05:00,IdeState,Inactive,,*,-1,-1
2025-01-10T16:51:32.394-05:00,IdeState,Inactive,,*,-1,-1
2025-01-10T16:51:33.395-05:00,IdeState,Inactive,,*,-1,-1
2025-01-10T16:51:34.395-05:00,IdeState,Inactive,,*,-1,-1
2025-01-10T16:51:35.396-05:00,IdeState,Inactive,,*,-1,-1
2025-01-10T16:51:36.399-05:00,IdeState,Inactive,,*,-1,-1
2025-01-10T16:51:37.402-05:00,IdeState,Inactive,,*,-1,-1
2025-01-10T16:51:38.405-05:00,IdeState,Inactive,,*,-1,-1
2025-01-10T16:51:39.405-05:00,IdeState,Inactive,,*,-1,-1
2025-01-10T16:51:40.406-05:00,IdeState,Inactive,,*,-1,-1
2025-01-10T16:51:41.407-05:00,IdeState,Inactive,,*,-1,-1
2025-01-10T16:51:42.410-05:00,IdeState,Inactive,,*,-1,-1
2025-01-10T16:51:43.411-05:00,IdeState,Inactive,,*,-1,-1
2025-01-10T16:51:44.420-05:00,IdeState,Inactive,,*,-1,-1
2025-01-10T16:51:45.420-05:00,IdeState,Inactive,,*,-1,-1
2025-01-10T16:51:46.422-05:00,IdeState,Inactive,,*,-1,-1
2025-01-10T16:51:47.422-05:00,IdeState,Inactive,,*,-1,-1
2025-01-10T16:51:48.424-05:00,IdeState,Inactive,,*,-1,-1
2025-01-10T16:51:49.426-05:00,IdeState,Inactive,,*,-1,-1
2025-01-10T16:51:50.428-05:00,IdeState,Inactive,,*,-1,-1
2025-01-10T16:51:51.428-05:00,IdeState,Inactive,,*,-1,-1
2025-01-10T16:51:52.429-05:00,IdeState,Inactive,,*,-1,-1
2025-01-10T16:51:53.430-05:00,IdeState,Inactive,,*,-1,-1
2025-01-10T16:51:54.432-05:00,IdeState,Inactive,,*,-1,-1
2025-01-10T16:51:55.433-05:00,IdeState,Inactive,,*,-1,-1
2025-01-10T16:51:56.435-05:00,IdeState,Inactive,,*,-1,-1
2025-01-10T16:51:57.437-05:00,IdeState,Inactive,,*,-1,-1
2025-01-10T16:51:58.447-05:00,IdeState,Inactive,,*,-1,-1
2025-01-10T16:51:59.458-05:00,IdeState,Inactive,,*,-1,-1
2025-01-10T16:52:00.458-05:00,IdeState,Inactive,,*,-1,-1
2025-01-10T16:52:01.461-05:00,IdeState,Inactive,,*,-1,-1
2025-01-10T16:52:02.462-05:00,IdeState,Inactive,,*,-1,-1
2025-01-10T16:52:03.464-05:00,IdeState,Inactive,,*,-1,-1
2025-01-10T16:52:04.465-05:00,IdeState,Inactive,,*,-1,-1
2025-01-10T16:52:05.467-05:00,IdeState,Inactive,,*,-1,-1
2025-01-10T16:52:06.467-05:00,IdeState,Inactive,,*,-1,-1
2025-01-10T16:52:07.471-05:00,IdeState,Inactive,,*,-1,-1
2025-01-10T16:52:08.472-05:00,IdeState,Inactive,,*,-1,-1
2025-01-10T16:52:09.473-05:00,IdeState,Inactive,,*,-1,-1
2025-01-10T16:52:10.475-05:00,IdeState,Inactive,,*,-1,-1
2025-01-10T16:52:11.480-05:00,IdeState,Inactive,,*,-1,-1
2025-01-10T16:52:12.482-05:00,IdeState,Inactive,,*,-1,-1
2025-01-10T16:52:13.484-05:00,IdeState,Inactive,,*,-1,-1
2025-01-10T16:52:14.514-05:00,IdeState,Inactive,,*,-1,-1
2025-01-10T16:52:15.515-05:00,IdeState,Inactive,,*,-1,-1
2025-01-10T16:52:16.516-05:00,IdeState,Inactive,,*,-1,-1
2025-01-10T16:52:17.517-05:00,IdeState,Inactive,,*,-1,-1
2025-01-10T16:52:18.518-05:00,IdeState,Inactive,,*,-1,-1
2025-01-10T16:52:19.518-05:00,IdeState,Inactive,,*,-1,-1
2025-01-10T16:52:20.519-05:00,IdeState,Inactive,,*,-1,-1
2025-01-10T16:52:21.529-05:00,IdeState,Inactive,,*,-1,-1
2025-01-10T16:52:22.547-05:00,IdeState,Inactive,,*,-1,-1
2025-01-10T16:52:23.548-05:00,IdeState,Inactive,,*,-1,-1
2025-01-10T16:52:24.574-05:00,IdeState,Inactive,,*,-1,-1
2025-01-10T16:52:25.575-05:00,IdeState,Inactive,,*,-1,-1
2025-01-10T16:52:26.577-05:00,IdeState,Inactive,,*,-1,-1
2025-01-10T16:52:27.579-05:00,IdeState,Inactive,,*,-1,-1
2025-01-10T16:52:28.582-05:00,IdeState,Inactive,,*,-1,-1
2025-01-10T16:52:29.583-05:00,IdeState,Inactive,,*,-1,-1
2025-01-10T16:52:30.589-05:00,IdeState,Inactive,,*,-1,-1
2025-01-10T16:52:31.590-05:00,IdeState,Inactive,,*,-1,-1
2025-01-10T16:52:32.592-05:00,IdeState,Inactive,,*,-1,-1
2025-01-10T16:52:33.598-05:00,IdeState,Inactive,,*,-1,-1
2025-01-10T16:52:34.601-05:00,IdeState,Inactive,,*,-1,-1
2025-01-10T16:52:35.605-05:00,IdeState,Inactive,,*,-1,-1
2025-01-10T16:52:36.640-05:00,IdeState,Inactive,,*,-1,-1
2025-01-10T16:52:37.651-05:00,IdeState,Inactive,,*,-1,-1
2025-01-10T16:52:38.653-05:00,IdeState,Inactive,,*,-1,-1
2025-01-10T16:52:39.654-05:00,IdeState,Inactive,,*,-1,-1
2025-01-10T16:52:40.655-05:00,IdeState,Inactive,,*,-1,-1
2025-01-10T16:52:41.657-05:00,IdeState,Inactive,,*,-1,-1
2025-01-10T16:52:42.660-05:00,IdeState,Inactive,,*,-1,-1
2025-01-10T16:52:43.660-05:00,IdeState,Inactive,,*,-1,-1
2025-01-10T16:52:44.661-05:00,IdeState,Inactive,,*,-1,-1
2025-01-10T16:52:45.673-05:00,IdeState,Inactive,,*,-1,-1
2025-01-10T16:52:46.677-05:00,IdeState,Inactive,,*,-1,-1
2025-01-10T16:52:47.680-05:00,IdeState,Inactive,,*,-1,-1
2025-01-10T16:52:48.681-05:00,IdeState,Inactive,,*,-1,-1
2025-01-10T16:52:49.682-05:00,IdeState,Inactive,,*,-1,-1
2025-01-10T16:52:50.687-05:00,IdeState,Inactive,,*,-1,-1
2025-01-10T16:52:51.689-05:00,IdeState,Inactive,,*,-1,-1
2025-01-10T16:52:52.689-05:00,IdeState,Inactive,,*,-1,-1
2025-01-10T16:52:53.691-05:00,IdeState,Inactive,,*,-1,-1
2025-01-10T16:52:54.692-05:00,IdeState,Inactive,,*,-1,-1
2025-01-10T16:52:55.692-05:00,IdeState,Inactive,,*,-1,-1
2025-01-10T16:52:56.695-05:00,IdeState,Inactive,,*,-1,-1
2025-01-10T16:52:57.697-05:00,IdeState,Inactive,,*,-1,-1
2025-01-10T16:52:58.698-05:00,IdeState,Inactive,,*,-1,-1
2025-01-10T16:52:59.699-05:00,IdeState,Inactive,,*,-1,-1
2025-01-10T16:53:00.701-05:00,IdeState,Inactive,,*,-1,-1
2025-01-10T16:53:01.706-05:00,IdeState,Inactive,,*,-1,-1
2025-01-10T16:53:02.738-05:00,IdeState,Inactive,,*,-1,-1
2025-01-10T16:53:03.741-05:00,IdeState,Inactive,,*,-1,-1
2025-01-10T16:53:04.742-05:00,IdeState,Inactive,,*,-1,-1
2025-01-10T16:53:05.743-05:00,IdeState,Inactive,,*,-1,-1
2025-01-10T16:53:06.754-05:00,IdeState,Inactive,,*,-1,-1
2025-01-10T16:53:07.756-05:00,IdeState,Inactive,,*,-1,-1
2025-01-10T16:53:08.758-05:00,IdeState,Inactive,,*,-1,-1
2025-01-10T16:53:09.759-05:00,IdeState,Inactive,,*,-1,-1
2025-01-10T16:53:10.761-05:00,IdeState,Inactive,,*,-1,-1
2025-01-10T16:53:11.762-05:00,IdeState,Inactive,,*,-1,-1
2025-01-10T16:53:12.764-05:00,IdeState,Inactive,,*,-1,-1
2025-01-10T16:53:13.765-05:00,IdeState,Inactive,,*,-1,-1
2025-01-10T16:53:14.766-05:00,IdeState,Inactive,,*,-1,-1
2025-01-10T16:53:15.768-05:00,IdeState,Inactive,,*,-1,-1
2025-01-10T16:53:16.770-05:00,IdeState,Inactive,,*,-1,-1
2025-01-10T16:53:17.773-05:00,IdeState,Inactive,,*,-1,-1
2025-01-10T16:53:18.776-05:00,IdeState,Inactive,,*,-1,-1
2025-01-10T16:53:19.778-05:00,IdeState,Inactive,,*,-1,-1
2025-01-10T16:53:20.780-05:00,IdeState,Inactive,,*,-1,-1
2025-01-10T16:53:21.781-05:00,IdeState,Inactive,,*,-1,-1
2025-01-10T16:53:22.782-05:00,IdeState,Inactive,,*,-1,-1
2025-01-10T16:53:23.782-05:00,IdeState,Inactive,,*,-1,-1
2025-01-10T16:53:24.784-05:00,IdeState,Inactive,,*,-1,-1
2025-01-10T16:53:25.785-05:00,IdeState,Inactive,,*,-1,-1
2025-01-10T16:53:26.805-05:00,IdeState,Inactive,,*,-1,-1
2025-01-10T16:53:27.806-05:00,IdeState,Inactive,,*,-1,-1
2025-01-10T16:53:28.813-05:00,IdeState,Inactive,,*,-1,-1
2025-01-10T16:53:29.815-05:00,IdeState,Inactive,,*,-1,-1
2025-01-10T16:53:30.816-05:00,IdeState,Inactive,,*,-1,-1
2025-01-10T16:53:31.826-05:00,IdeState,Inactive,,*,-1,-1
2025-01-10T16:53:32.829-05:00,IdeState,Inactive,,*,-1,-1
2025-01-10T16:53:33.829-05:00,IdeState,Inactive,,*,-1,-1
2025-01-10T16:53:34.832-05:00,IdeState,Inactive,,*,-1,-1
2025-01-10T16:53:35.834-05:00,IdeState,Inactive,,*,-1,-1
2025-01-10T16:53:36.836-05:00,IdeState,Inactive,,*,-1,-1
2025-01-10T16:53:37.871-05:00,IdeState,Inactive,,*,-1,-1
2025-01-10T16:53:38.873-05:00,IdeState,Inactive,,*,-1,-1
2025-01-10T16:53:39.876-05:00,IdeState,Inactive,,*,-1,-1
2025-01-10T16:53:40.878-05:00,IdeState,Inactive,,*,-1,-1
2025-01-10T16:53:41.879-05:00,IdeState,Inactive,,*,-1,-1
2025-01-10T16:53:42.883-05:00,IdeState,Inactive,,*,-1,-1
2025-01-10T16:53:43.884-05:00,IdeState,Inactive,,*,-1,-1
2025-01-10T16:53:44.885-05:00,IdeState,Inactive,,*,-1,-1
2025-01-10T16:53:45.886-05:00,IdeState,Inactive,,*,-1,-1
2025-01-10T16:53:46.889-05:00,IdeState,Inactive,,*,-1,-1
2025-01-10T16:53:47.892-05:00,IdeState,Inactive,,*,-1,-1
2025-01-10T16:53:48.894-05:00,IdeState,Inactive,,*,-1,-1
2025-01-10T16:53:49.899-05:00,IdeState,Inactive,,*,-1,-1
2025-01-10T16:53:50.900-05:00,IdeState,Inactive,,*,-1,-1
2025-01-10T16:53:51.901-05:00,IdeState,Inactive,,*,-1,-1
2025-01-10T16:53:52.903-05:00,IdeState,Inactive,,*,-1,-1
2025-01-10T16:53:53.904-05:00,IdeState,Inactive,,*,-1,-1
2025-01-10T16:53:54.904-05:00,IdeState,Inactive,,*,-1,-1
2025-01-10T16:53:55.905-05:00,IdeState,Inactive,,*,-1,-1
2025-01-10T16:53:56.907-05:00,IdeState,Inactive,,*,-1,-1
2025-01-10T16:53:57.910-05:00,IdeState,Inactive,,*,-1,-1
2025-01-10T16:53:58.917-05:00,IdeState,Inactive,,*,-1,-1
2025-01-10T16:53:59.918-05:00,IdeState,Inactive,,*,-1,-1
2025-01-10T16:54:00.919-05:00,IdeState,Inactive,,*,-1,-1
2025-01-10T16:54:01.921-05:00,IdeState,Inactive,,*,-1,-1
2025-01-10T16:54:02.923-05:00,IdeState,Inactive,,*,-1,-1
2025-01-10T16:54:03.923-05:00,IdeState,Inactive,,*,-1,-1
2025-01-10T16:54:04.924-05:00,IdeState,Inactive,,*,-1,-1
2025-01-10T16:54:05.925-05:00,IdeState,Inactive,,*,-1,-1
2025-01-10T16:54:06.925-05:00,IdeState,Inactive,,*,-1,-1
2025-01-10T16:54:07.926-05:00,IdeState,Inactive,,*,-1,-1
2025-01-10T16:54:08.927-05:00,IdeState,Inactive,,*,-1,-1
2025-01-10T16:54:09.928-05:00,IdeState,Inactive,,*,-1,-1
2025-01-10T16:54:10.929-05:00,IdeState,Inactive,,*,-1,-1
2025-01-10T16:54:11.930-05:00,IdeState,Inactive,,*,-1,-1
2025-01-10T16:54:12.932-05:00,IdeState,Inactive,,*,-1,-1
2025-01-10T16:54:13.932-05:00,IdeState,Inactive,,*,-1,-1
2025-01-10T16:54:14.946-05:00,IdeState,Inactive,,*,-1,-1
2025-01-10T16:54:15.947-05:00,IdeState,Inactive,,*,-1,-1
2025-01-10T16:54:16.948-05:00,IdeState,Inactive,,*,-1,-1
2025-01-10T16:54:17.952-05:00,IdeState,Inactive,,*,-1,-1
2025-01-10T16:54:18.961-05:00,IdeState,Inactive,,*,-1,-1
2025-01-10T16:54:19.962-05:00,IdeState,Inactive,,*,-1,-1
2025-01-10T16:54:20.964-05:00,IdeState,Inactive,,*,-1,-1
2025-01-10T16:54:21.964-05:00,IdeState,Inactive,,*,-1,-1
2025-01-10T16:54:22.966-05:00,IdeState,Inactive,,*,-1,-1
2025-01-10T16:54:23.967-05:00,IdeState,Inactive,,*,-1,-1
2025-01-10T16:54:24.968-05:00,IdeState,Inactive,,*,-1,-1
2025-01-10T16:54:25.970-05:00,IdeState,Inactive,,*,-1,-1
2025-01-10T16:54:26.972-05:00,IdeState,Inactive,,*,-1,-1
2025-01-10T16:54:27.973-05:00,IdeState,Inactive,,*,-1,-1
2025-01-10T16:54:28.973-05:00,IdeState,Inactive,,*,-1,-1
2025-01-10T16:54:29.975-05:00,IdeState,Inactive,,*,-1,-1
2025-01-10T16:54:30.976-05:00,IdeState,Inactive,,*,-1,-1
2025-01-10T16:54:31.979-05:00,IdeState,Inactive,,*,-1,-1
2025-01-10T16:54:32.982-05:00,IdeState,Inactive,,*,-1,-1
2025-01-10T16:54:33.984-05:00,IdeState,Inactive,,*,-1,-1
2025-01-10T16:54:34.989-05:00,IdeState,Inactive,,*,-1,-1
2025-01-10T16:54:35.990-05:00,IdeState,Inactive,,*,-1,-1
2025-01-10T16:54:36.990-05:00,IdeState,Inactive,,*,-1,-1
2025-01-10T16:54:38.017-05:00,IdeState,Inactive,,*,-1,-1
2025-01-10T16:54:39.020-05:00,IdeState,Inactive,,*,-1,-1
2025-01-10T16:54:40.063-05:00,IdeState,Inactive,,*,-1,-1
2025-01-10T16:54:41.064-05:00,IdeState,Inactive,,*,-1,-1
2025-01-10T16:54:42.064-05:00,IdeState,Inactive,,*,-1,-1
2025-01-10T16:54:43.065-05:00,IdeState,Inactive,,*,-1,-1
2025-01-10T16:54:44.067-05:00,IdeState,Inactive,,*,-1,-1
2025-01-10T16:54:45.068-05:00,IdeState,Inactive,,*,-1,-1
2025-01-10T16:54:46.070-05:00,IdeState,Inactive,,*,-1,-1
2025-01-10T16:54:47.071-05:00,IdeState,Inactive,,*,-1,-1
2025-01-10T16:54:48.072-05:00,IdeState,Inactive,,*,-1,-1
2025-01-10T16:54:49.074-05:00,IdeState,Inactive,,*,-1,-1
2025-01-10T16:54:50.075-05:00,IdeState,Inactive,,*,-1,-1
2025-01-10T16:54:51.077-05:00,IdeState,Inactive,,*,-1,-1
2025-01-10T16:54:52.078-05:00,IdeState,Inactive,,*,-1,-1
2025-01-10T16:54:53.079-05:00,IdeState,Inactive,,*,-1,-1
2025-01-10T16:54:54.080-05:00,IdeState,Inactive,,*,-1,-1
2025-01-10T16:54:55.081-05:00,IdeState,Inactive,,*,-1,-1
2025-01-10T16:54:56.082-05:00,IdeState,Inactive,,*,-1,-1
2025-01-10T16:54:57.083-05:00,IdeState,Inactive,,*,-1,-1
2025-01-10T16:54:58.084-05:00,IdeState,Inactive,,*,-1,-1
2025-01-10T16:54:59.086-05:00,IdeState,Inactive,,*,-1,-1
2025-01-10T16:55:00.088-05:00,IdeState,Inactive,,*,-1,-1
2025-01-10T16:55:01.089-05:00,IdeState,Inactive,,*,-1,-1
2025-01-10T16:55:02.090-05:00,IdeState,Inactive,,*,-1,-1
2025-01-10T16:55:03.092-05:00,IdeState,Inactive,,*,-1,-1
2025-01-10T16:55:04.094-05:00,IdeState,Inactive,,*,-1,-1
2025-01-10T16:55:05.095-05:00,IdeState,Inactive,,*,-1,-1
2025-01-10T16:55:06.096-05:00,IdeState,Inactive,,*,-1,-1
2025-01-10T16:55:07.098-05:00,IdeState,Inactive,,*,-1,-1
2025-01-10T16:55:08.098-05:00,IdeState,Inactive,,*,-1,-1
2025-01-10T16:55:09.100-05:00,IdeState,Inactive,,*,-1,-1
2025-01-10T16:55:10.106-05:00,IdeState,Inactive,,*,-1,-1
2025-01-10T16:55:11.117-05:00,IdeState,Inactive,,*,-1,-1
2025-01-10T16:55:12.121-05:00,IdeState,Inactive,,*,-1,-1
2025-01-10T16:55:13.123-05:00,IdeState,Inactive,,*,-1,-1
2025-01-10T16:55:14.124-05:00,IdeState,Inactive,,*,-1,-1
2025-01-10T16:55:15.126-05:00,IdeState,Inactive,,*,-1,-1
2025-01-10T16:55:16.128-05:00,IdeState,Inactive,,*,-1,-1
2025-01-10T16:55:17.129-05:00,IdeState,Inactive,,*,-1,-1
2025-01-10T16:55:18.131-05:00,IdeState,Inactive,,*,-1,-1
2025-01-10T16:55:19.133-05:00,IdeState,Inactive,,*,-1,-1
2025-01-10T16:55:20.149-05:00,IdeState,Inactive,,*,-1,-1
2025-01-10T16:55:21.152-05:00,IdeState,Inactive,,*,-1,-1
2025-01-10T16:55:22.153-05:00,IdeState,Inactive,,*,-1,-1
2025-01-10T16:55:23.155-05:00,IdeState,Inactive,,*,-1,-1
2025-01-10T16:55:24.157-05:00,IdeState,Inactive,,*,-1,-1
2025-01-10T16:55:25.159-05:00,IdeState,Inactive,,*,-1,-1
2025-01-10T16:55:26.162-05:00,IdeState,Inactive,,*,-1,-1
2025-01-10T16:55:27.163-05:00,IdeState,Inactive,,*,-1,-1
2025-01-10T16:55:28.164-05:00,IdeState,Inactive,,*,-1,-1
2025-01-10T16:55:29.166-05:00,IdeState,Inactive,,*,-1,-1
2025-01-10T16:55:30.166-05:00,IdeState,Inactive,,*,-1,-1
2025-01-10T16:55:31.168-05:00,IdeState,Inactive,,*,-1,-1
2025-01-10T16:55:32.169-05:00,IdeState,Inactive,,*,-1,-1
2025-01-10T16:55:33.171-05:00,IdeState,Inactive,,*,-1,-1
2025-01-10T16:55:34.172-05:00,IdeState,Inactive,,*,-1,-1
2025-01-10T16:55:35.173-05:00,IdeState,Inactive,,*,-1,-1
2025-01-10T16:55:36.180-05:00,IdeState,Inactive,,*,-1,-1
2025-01-10T16:55:37.188-05:00,IdeState,Inactive,,*,-1,-1
2025-01-10T16:55:38.189-05:00,IdeState,Inactive,,*,-1,-1
2025-01-10T16:55:39.190-05:00,IdeState,Inactive,,*,-1,-1
2025-01-10T16:55:40.191-05:00,IdeState,Inactive,,*,-1,-1
2025-01-10T16:55:41.192-05:00,IdeState,Inactive,,*,-1,-1
2025-01-10T16:55:42.193-05:00,IdeState,Inactive,,*,-1,-1
2025-01-10T16:55:43.195-05:00,IdeState,Inactive,,*,-1,-1
2025-01-10T16:55:44.197-05:00,IdeState,Inactive,,*,-1,-1
2025-01-10T16:55:45.199-05:00,IdeState,Inactive,,*,-1,-1
2025-01-10T16:55:46.203-05:00,IdeState,Inactive,,*,-1,-1
2025-01-10T16:55:47.204-05:00,IdeState,Inactive,,*,-1,-1
2025-01-10T16:55:48.205-05:00,IdeState,Inactive,,*,-1,-1
2025-01-10T16:55:49.215-05:00,IdeState,Inactive,,*,-1,-1
2025-01-10T16:55:50.217-05:00,IdeState,Inactive,,*,-1,-1
2025-01-10T16:55:51.218-05:00,IdeState,Inactive,,*,-1,-1
2025-01-10T16:55:52.219-05:00,IdeState,Inactive,,*,-1,-1
2025-01-10T16:55:53.220-05:00,IdeState,Inactive,,*,-1,-1
2025-01-10T16:55:54.223-05:00,IdeState,Inactive,,*,-1,-1
2025-01-10T16:55:55.228-05:00,IdeState,Inactive,,*,-1,-1
2025-01-10T16:55:56.238-05:00,IdeState,Inactive,,*,-1,-1
2025-01-10T16:55:57.520-05:00,IdeState,Active,Project,*,-1,-1
2025-01-10T16:55:58.527-05:00,IdeState,Active,Project,*,-1,-1
2025-01-10T16:55:58.660-05:00,Action,SettingsEntryPoint,Project,*,-1,-1
2025-01-10T16:55:59.529-05:00,IdeState,Active,Project,*,-1,-1
2025-01-10T16:55:59.875-05:00,Action,SettingsEntryPoint,Project,*,-1,-1
2025-01-10T16:56:00.532-05:00,IdeState,Active,Project,*,-1,-1
2025-01-10T16:56:01.235-05:00,Action,WelcomeScreen.Plugins,,*,-1,-1
2025-01-10T16:56:04.297-05:00,IdeState,Active,Dialog,*,-1,-1
2025-01-10T16:56:05.298-05:00,IdeState,Active,Dialog,*,-1,-1
2025-01-10T16:56:06.301-05:00,IdeState,Active,Project,*,-1,-1
2025-01-10T16:56:07.304-05:00,IdeState,Inactive,,*,-1,-1
2025-01-10T16:56:08.311-05:00,IdeState,Inactive,,*,-1,-1
2025-01-10T16:56:09.313-05:00,IdeState,Inactive,,*,-1,-1
2025-01-10T16:56:10.031-05:00,Action,SettingsEntryPoint,Project,*,-1,-1
2025-01-10T16:56:10.314-05:00,IdeState,Active,Project,*,-1,-1
2025-01-10T16:56:11.856-05:00,IdeState,Active,Project,*,-1,-1
2025-01-10T16:56:12.856-05:00,IdeState,Active,Project,*,-1,-1
2025-01-10T16:56:13.002-05:00,Action,SettingsEntryPoint,Project,*,-1,-1
2025-01-10T16:56:13.797-05:00,Action,WelcomeScreen.Plugins,,*,-1,-1
2025-01-10T16:56:14.537-05:00,IdeState,Active,Dialog,*,-1,-1
2025-01-10T16:56:15.538-05:00,IdeState,Active,Dialog,*,-1,-1
2025-01-10T16:56:16.544-05:00,IdeState,Active,Dialog,*,-1,-1
2025-01-10T16:56:17.545-05:00,IdeState,Inactive,,*,-1,-1
2025-01-10T16:56:18.546-05:00,IdeState,Active,Dialog,*,-1,-1
2025-01-10T16:56:19.547-05:00,IdeState,Active,Dialog,*,-1,-1
2025-01-10T16:56:20.548-05:00,IdeState,Active,Dialog,*,-1,-1
2025-01-10T16:56:21.551-05:00,IdeState,Active,Dialog,*,-1,-1
2025-01-10T16:56:22.557-05:00,IdeState,Active,Dialog,*,-1,-1
2025-01-22T22:31:27.543-05:00,IdeState,NoProject,,*,-1,-1
2025-01-22T22:31:28.664-05:00,IdeState,Active,Popup,*,-1,-1
2025-01-22T22:31:29.991-05:00,IdeState,Active,Popup,*,-1,-1
2025-01-22T22:31:31.039-05:00,IdeState,Active,Project,*,-1,-1
2025-01-22T22:31:32.042-05:00,IdeState,Active,Project,*,-1,-1
2025-01-22T22:31:33.044-05:00,IdeState,Active,Project,*,-1,-1
2025-01-22T22:31:34.045-05:00,IdeState,Active,Project,*,-1,-1
2025-01-22T22:31:35.046-05:00,IdeState,Active,Project,*,-1,-1
2025-01-22T22:31:36.065-05:00,IdeState,Active,Project,*,-1,-1
2025-01-22T22:31:37.067-05:00,IdeState,Active,tasktracker,*,-1,-1
2025-01-22T22:31:38.068-05:00,IdeState,Active,tasktracker,*,-1,-1
2025-01-22T22:31:39.070-05:00,IdeState,Active,tasktracker,*,-1,-1
2025-01-22T22:31:40.072-05:00,IdeState,Active,tasktracker,*,-1,-1
2025-01-22T22:31:41.073-05:00,IdeState,Inactive,,*,-1,-1
2025-01-22T22:31:42.075-05:00,IdeState,Inactive,,*,-1,-1
2025-01-22T22:31:43.076-05:00,IdeState,Inactive,,*,-1,-1
2025-01-22T22:31:44.078-05:00,IdeState,Inactive,,*,-1,-1
2025-01-22T22:31:45.079-05:00,IdeState,Active,tasktracker,*,-1,-1
2025-01-22T22:31:46.285-05:00,IdeState,Active,Project,*,-1,-1
2025-01-22T22:31:47.286-05:00,IdeState,Active,Project,*,-1,-1
2025-01-22T22:31:48.287-05:00,IdeState,Inactive,,*,-1,-1
2025-01-22T22:31:49.288-05:00,IdeState,Inactive,,*,-1,-1
2025-01-22T22:31:50.290-05:00,IdeState,Inactive,,*,-1,-1
2025-01-22T22:31:51.291-05:00,IdeState,Active,Project,*,-1,-1
2025-01-22T22:31:52.292-05:00,IdeState,Inactive,,*,-1,-1
2025-01-22T22:31:53.294-05:00,IdeState,Inactive,,*,-1,-1
2025-01-22T22:31:54.295-05:00,IdeState,Active,Project,*,-1,-1
2025-01-22T22:31:55.296-05:00,IdeState,Active,Dialog,*,-1,-1
2025-01-22T22:31:56.309-05:00,IdeState,Inactive,,*,-1,-1
2025-01-22T22:32:05.563-05:00,IdeState,NoProject,,*,-1,-1
2025-01-22T22:32:07.545-05:00,IdeState,Active,Popup,*,-1,-1
2025-01-22T22:32:08.748-05:00,IdeState,Active,Project,*,-1,-1
2025-01-22T22:32:09.755-05:00,IdeState,Inactive,,*,-1,-1
2025-01-22T22:32:10.758-05:00,IdeState,Inactive,,*,-1,-1
2025-01-22T22:32:11.773-05:00,IdeState,Inactive,,*,-1,-1
2025-01-22T22:32:12.774-05:00,IdeState,Inactive,,*,-1,-1
2025-01-22T22:32:13.776-05:00,IdeState,Inactive,,*,-1,-1
2025-01-22T22:32:14.777-05:00,IdeState,Inactive,,*,-1,-1
2025-01-22T22:32:15.780-05:00,IdeState,Inactive,,*,-1,-1
2025-01-22T22:32:16.782-05:00,IdeState,Inactive,,*,-1,-1
2025-01-22T22:32:17.782-05:00,IdeState,Inactive,,*,-1,-1
2025-01-22T22:32:18.785-05:00,IdeState,Inactive,,*,-1,-1
2025-01-22T22:32:19.788-05:00,IdeState,Inactive,,*,-1,-1
2025-01-22T22:32:20.791-05:00,IdeState,Inactive,,*,-1,-1
2025-01-22T22:32:21.794-05:00,IdeState,Inactive,,*,-1,-1
2025-01-22T22:32:22.796-05:00,IdeState,Inactive,,*,-1,-1
2025-01-22T22:32:23.798-05:00,IdeState,Inactive,,*,-1,-1
2025-01-22T22:32:24.800-05:00,IdeState,Inactive,,*,-1,-1
2025-01-22T22:32:25.801-05:00,IdeState,Inactive,,*,-1,-1
2025-01-22T22:32:26.804-05:00,IdeState,Inactive,,*,-1,-1
2025-01-22T22:32:27.806-05:00,IdeState,Inactive,,*,-1,-1
2025-01-22T22:32:28.807-05:00,IdeState,Inactive,,*,-1,-1
2025-01-22T22:32:29.808-05:00,IdeState,Inactive,,*,-1,-1
2025-01-22T22:32:30.810-05:00,IdeState,Inactive,,*,-1,-1
2025-01-22T22:32:31.811-05:00,IdeState,Inactive,,*,-1,-1
2025-01-22T22:32:32.812-05:00,IdeState,Inactive,,*,-1,-1
2025-01-22T22:32:33.815-05:00,IdeState,Inactive,,*,-1,-1
2025-01-22T22:32:34.817-05:00,IdeState,Inactive,,*,-1,-1
2025-01-22T22:32:35.820-05:00,IdeState,Inactive,,*,-1,-1
2025-01-22T22:32:36.821-05:00,IdeState,Inactive,,*,-1,-1
2025-01-22T22:32:37.822-05:00,IdeState,Inactive,,*,-1,-1
2025-01-22T22:32:38.824-05:00,IdeState,Inactive,,*,-1,-1
2025-01-22T22:32:39.825-05:00,IdeState,Inactive,,*,-1,-1
2025-01-22T22:32:40.826-05:00,IdeState,Active,Project,*,-1,-1
2025-01-22T22:32:41.557-05:00,Action,SettingsEntryPoint,Project,*,-1,-1
2025-01-22T22:32:41.846-05:00,IdeState,Active,Project,*,-1,-1
2025-01-22T22:32:42.551-05:00,Action,WelcomeScreen.Plugins,,*,-1,-1
2025-01-22T22:32:44.225-05:00,IdeState,Active,Dialog,*,-1,-1
2025-01-22T22:32:45.227-05:00,IdeState,Active,Dialog,*,-1,-1
2025-01-22T22:32:46.228-05:00,IdeState,Active,Dialog,*,-1,-1
2025-01-22T22:32:47.230-05:00,IdeState,Active,Dialog,*,-1,-1
2025-01-22T22:32:48.235-05:00,IdeState,Active,Dialog,*,-1,-1
2025-01-22T22:32:49.237-05:00,IdeState,Active,Dialog,*,-1,-1
2025-01-22T22:32:50.239-05:00,IdeState,Active,Dialog,*,-1,-1
2025-01-22T22:32:51.240-05:00,IdeState,Active,Dialog,*,-1,-1
2025-01-22T22:32:52.241-05:00,IdeState,Active,Dialog,*,-1,-1
2025-01-22T22:32:53.244-05:00,IdeState,Active,Dialog,*,-1,-1
2025-01-22T22:32:54.304-05:00,IdeState,Active,Dialog,*,-1,-1
2025-01-22T22:32:55.306-05:00,IdeState,Active,Dialog,*,-1,-1
2025-01-22T22:32:56.350-05:00,IdeState,Inactive,,*,-1,-1
2025-01-22T22:32:57.352-05:00,IdeState,Active,Dialog,*,-1,-1
2025-01-22T22:32:58.353-05:00,IdeState,Active,Dialog,*,-1,-1
2025-01-22T22:32:59.355-05:00,IdeState,Active,Dialog,*,-1,-1
2025-01-22T22:33:00.358-05:00,IdeState,Inactive,,*,-1,-1
2025-01-22T22:33:01.358-05:00,IdeState,Active,Dialog,*,-1,-1
2025-01-22T22:33:02.359-05:00,IdeState,Active,Dialog,*,-1,-1
2025-01-22T22:33:03.451-05:00,IdeState,Active,Dialog,*,-1,-1
2025-01-22T22:34:18.508-05:00,IdeState,NoProject,,*,-1,-1
2025-01-22T22:34:20.359-05:00,IdeState,Inactive,,*,-1,-1
2025-01-22T22:34:21.804-05:00,IdeState,Inactive,,*,-1,-1
2025-01-22T22:34:22.806-05:00,IdeState,Inactive,,*,-1,-1
2025-01-22T22:34:23.807-05:00,IdeState,Inactive,,*,-1,-1
2025-01-22T22:34:24.808-05:00,IdeState,Inactive,,*,-1,-1
2025-01-22T22:34:25.810-05:00,IdeState,Inactive,,*,-1,-1
2025-01-22T22:34:26.810-05:00,IdeState,Inactive,,*,-1,-1
2025-01-22T22:34:27.815-05:00,IdeState,Inactive,,*,-1,-1
2025-01-22T22:34:28.816-05:00,IdeState,Inactive,,*,-1,-1
2025-01-22T22:34:29.817-05:00,IdeState,Inactive,,*,-1,-1
2025-01-22T22:34:30.819-05:00,IdeState,Inactive,,*,-1,-1
2025-01-22T22:34:31.821-05:00,IdeState,Active,Popup,*,-1,-1
2025-01-22T22:34:32.826-05:00,IdeState,Active,Project,*,-1,-1
2025-01-22T22:34:33.827-05:00,IdeState,Active,Project,*,-1,-1
2025-01-22T22:34:34.829-05:00,IdeState,Active,Project,*,-1,-1
2025-01-22T22:34:35.831-05:00,IdeState,Active,Project,*,-1,-1
2025-01-22T22:34:36.832-05:00,IdeState,Inactive,,*,-1,-1
2025-01-22T22:34:37.834-05:00,IdeState,Inactive,,*,-1,-1
2025-01-22T22:34:38.837-05:00,IdeState,Inactive,,*,-1,-1
2025-01-22T22:34:39.838-05:00,IdeState,Inactive,,*,-1,-1
2025-01-22T22:34:40.840-05:00,IdeState,Inactive,,*,-1,-1
2025-01-22T22:34:41.842-05:00,IdeState,Inactive,,*,-1,-1
2025-01-22T22:34:42.843-05:00,IdeState,Inactive,,*,-1,-1
2025-01-22T22:34:43.845-05:00,IdeState,Inactive,,*,-1,-1
2025-01-22T22:34:44.846-05:00,IdeState,Inactive,,*,-1,-1
2025-01-22T22:34:45.849-05:00,IdeState,Inactive,,*,-1,-1
2025-01-22T22:34:46.851-05:00,IdeState,Inactive,,*,-1,-1
2025-01-22T22:34:47.852-05:00,IdeState,Inactive,,*,-1,-1
2025-01-22T22:34:48.854-05:00,IdeState,Inactive,,*,-1,-1
2025-01-22T22:34:49.856-05:00,IdeState,Inactive,,*,-1,-1
2025-01-22T22:34:50.859-05:00,IdeState,Inactive,,*,-1,-1
2025-01-22T22:34:51.861-05:00,IdeState,Inactive,,*,-1,-1
2025-01-22T22:34:52.863-05:00,IdeState,Inactive,,*,-1,-1
2025-01-22T22:34:53.866-05:00,IdeState,Inactive,,*,-1,-1
2025-01-22T22:34:54.868-05:00,IdeState,Inactive,,*,-1,-1
2025-01-22T22:34:55.872-05:00,IdeState,Inactive,,*,-1,-1
2025-01-22T22:34:56.874-05:00,IdeState,Inactive,,*,-1,-1
2025-01-22T22:34:57.876-05:00,IdeState,Inactive,,*,-1,-1
2025-01-22T22:34:58.878-05:00,IdeState,Inactive,,*,-1,-1
2025-01-22T22:34:59.879-05:00,IdeState,Inactive,,*,-1,-1
2025-01-22T22:35:00.882-05:00,IdeState,Inactive,,*,-1,-1
2025-01-22T22:35:01.883-05:00,IdeState,Inactive,,*,-1,-1
2025-01-22T22:35:02.884-05:00,IdeState,Inactive,,*,-1,-1
2025-01-22T22:35:03.886-05:00,IdeState,Inactive,,*,-1,-1
2025-01-22T22:35:04.887-05:00,IdeState,Inactive,,*,-1,-1
2025-01-22T22:35:05.890-05:00,IdeState,Inactive,,*,-1,-1
2025-01-22T22:35:06.891-05:00,IdeState,Inactive,,*,-1,-1
2025-01-22T22:35:07.893-05:00,IdeState,Inactive,,*,-1,-1
2025-01-22T22:35:08.896-05:00,IdeState,Inactive,,*,-1,-1
2025-01-22T22:35:09.898-05:00,IdeState,Inactive,,*,-1,-1
2025-01-22T22:35:10.901-05:00,IdeState,Inactive,,*,-1,-1
2025-01-22T22:35:11.902-05:00,IdeState,Inactive,,*,-1,-1
2025-01-22T22:35:12.904-05:00,IdeState,Inactive,,*,-1,-1
2025-01-22T22:35:13.907-05:00,IdeState,Inactive,,*,-1,-1
2025-01-22T22:35:14.908-05:00,IdeState,Inactive,,*,-1,-1
2025-01-22T22:35:15.910-05:00,IdeState,Inactive,,*,-1,-1
2025-01-22T22:35:16.911-05:00,IdeState,Inactive,,*,-1,-1
2025-01-22T22:35:17.913-05:00,IdeState,Inactive,,*,-1,-1
2025-01-22T22:35:18.915-05:00,IdeState,Inactive,,*,-1,-1
2025-01-22T22:35:19.917-05:00,IdeState,Inactive,,*,-1,-1
2025-01-22T22:35:20.918-05:00,IdeState,Inactive,,*,-1,-1
2025-01-22T22:35:21.919-05:00,IdeState,Inactive,,*,-1,-1
2025-01-22T22:35:22.921-05:00,IdeState,Inactive,,*,-1,-1
2025-01-22T22:35:23.923-05:00,IdeState,Inactive,,*,-1,-1
2025-01-22T22:35:24.924-05:00,IdeState,Inactive,,*,-1,-1
2025-01-22T22:35:25.927-05:00,IdeState,Inactive,,*,-1,-1
2025-01-22T22:35:26.928-05:00,IdeState,Inactive,,*,-1,-1
2025-01-22T22:35:27.931-05:00,IdeState,Inactive,,*,-1,-1
2025-01-22T22:35:28.934-05:00,IdeState,Inactive,,*,-1,-1
2025-01-22T22:35:29.936-05:00,IdeState,Inactive,,*,-1,-1
2025-01-22T22:35:30.937-05:00,IdeState,Inactive,,*,-1,-1
2025-01-22T22:35:31.938-05:00,IdeState,Inactive,,*,-1,-1
2025-01-22T22:35:32.940-05:00,IdeState,Inactive,,*,-1,-1
2025-01-22T22:35:33.942-05:00,IdeState,Active,Project,*,-1,-1
2025-01-22T22:35:34.944-05:00,IdeState,Active,Project,*,-1,-1
2025-01-22T22:35:35.946-05:00,IdeState,Inactive,,*,-1,-1
2025-01-22T22:35:36.947-05:00,IdeState,Inactive,,*,-1,-1
2025-01-22T22:58:25.013-05:00,IdeState,Inactive,,*,-1,-1
2025-01-22T22:58:26.081-05:00,IdeState,Inactive,,*,-1,-1
2025-01-22T22:58:27.084-05:00,IdeState,Inactive,,*,-1,-1
2025-01-22T22:58:28.097-05:00,IdeState,Inactive,,*,-1,-1
2025-01-22T22:58:29.110-05:00,IdeState,Inactive,,*,-1,-1
2025-01-22T22:58:30.121-05:00,IdeState,Inactive,,*,-1,-1
2025-01-22T22:58:31.123-05:00,IdeState,Inactive,,*,-1,-1
2025-01-22T22:58:32.253-05:00,IdeState,Active,Popup,*,-1,-1
2025-01-22T22:58:33.558-05:00,IdeState,Active,Popup,*,-1,-1
2025-01-22T22:58:34.568-05:00,IdeState,Active,Popup,*,-1,-1
2025-01-22T22:58:36.387-05:00,IdeState,Active,Popup,*,-1,-1
2025-01-22T22:58:37.478-05:00,IdeState,Active,Project,*,-1,-1
2025-01-22T22:58:38.479-05:00,IdeState,Active,Project,*,-1,-1
2025-01-22T22:58:39.484-05:00,IdeState,Active,Project,*,-1,-1
2025-01-22T22:58:40.487-05:00,IdeState,Active,Project,*,-1,-1
2025-01-22T22:58:41.489-05:00,IdeState,Active,Project,*,-1,-1
2025-01-22T22:58:42.656-05:00,IdeState,Active,Project,*,-1,-1
2025-01-22T22:58:43.658-05:00,IdeState,Active,Project,*,-1,-1
2025-01-22T22:58:44.660-05:00,IdeState,Active,Project,*,-1,-1
2025-01-22T22:58:45.661-05:00,IdeState,Active,Project,*,-1,-1
2025-01-22T22:58:46.662-05:00,IdeState,Active,Project,*,-1,-1
2025-01-22T22:58:47.663-05:00,IdeState,Active,Project,*,-1,-1
2025-01-22T22:58:48.663-05:00,IdeState,Active,Project,*,-1,-1
2025-01-22T22:58:49.665-05:00,IdeState,Active,Project,*,-1,-1
2025-01-22T22:58:50.667-05:00,IdeState,Active,Project,*,-1,-1
2025-01-22T22:58:51.668-05:00,IdeState,Active,Project,*,-1,-1
2025-01-22T22:58:51.714-05:00,Action,SettingsEntryPoint,Project,*,-1,-1
2025-01-22T22:58:52.670-05:00,IdeState,Active,Project,*,-1,-1
2025-01-22T22:58:52.878-05:00,Action,WelcomeScreen.Plugins,,*,-1,-1
2025-01-22T22:58:54.446-05:00,IdeState,Active,Dialog,*,-1,-1
2025-01-22T22:58:55.447-05:00,IdeState,Active,Dialog,*,-1,-1
2025-01-22T22:58:56.448-05:00,IdeState,Active,Dialog,*,-1,-1
2025-01-22T22:58:57.452-05:00,IdeState,Active,Dialog,*,-1,-1
2025-01-22T22:58:58.453-05:00,IdeState,Active,Dialog,*,-1,-1
2025-01-22T22:58:59.473-05:00,IdeState,Active,Dialog,*,-1,-1
2025-01-22T22:59:00.475-05:00,IdeState,Active,Dialog,*,-1,-1
2025-01-22T22:59:01.476-05:00,IdeState,Active,Dialog,*,-1,-1
2025-01-22T22:59:02.476-05:00,IdeState,Inactive,,*,-1,-1
2025-01-22T22:59:03.503-05:00,IdeState,Active,Dialog,*,-1,-1
2025-01-22T23:16:26.221-05:00,IdeState,NoProject,,*,-1,-1
2025-01-22T23:16:27.478-05:00,IdeState,Active,Popup,*,-1,-1
2025-01-22T23:16:28.770-05:00,IdeState,Active,Popup,*,-1,-1
2025-01-22T23:16:29.844-05:00,IdeState,Active,Project,*,-1,-1
2025-01-22T23:16:30.844-05:00,IdeState,Active,Project,*,-1,-1
2025-01-22T23:16:31.846-05:00,IdeState,Active,Project,*,-1,-1
2025-01-22T23:16:33.112-05:00,IdeState,Active,Project,*,-1,-1
2025-01-22T23:16:34.116-05:00,IdeState,Active,tasktracker,*,-1,-1
2025-01-22T23:16:35.117-05:00,IdeState,Active,tasktracker,*,-1,-1
2025-01-22T23:16:36.118-05:00,IdeState,Active,tasktracker,*,-1,-1
2025-01-22T23:16:37.124-05:00,IdeState,Active,tasktracker,*,-1,-1
2025-01-22T23:16:38.127-05:00,IdeState,Active,tasktracker,*,-1,-1
2025-01-22T23:16:39.129-05:00,IdeState,Active,tasktracker,*,-1,-1
2025-01-22T23:16:40.131-05:00,IdeState,Active,tasktracker,*,-1,-1
2025-01-22T23:16:41.132-05:00,IdeState,Active,tasktracker,*,-1,-1
2025-01-22T23:16:42.133-05:00,IdeState,Active,Project,*,-1,-1
2025-01-22T23:16:43.134-05:00,IdeState,Active,Project,*,-1,-1
2025-01-22T23:16:44.135-05:00,IdeState,Active,Project,*,-1,-1
2025-01-22T23:16:45.137-05:00,IdeState,Active,Project,*,-1,-1
2025-01-22T23:16:46.139-05:00,IdeState,Active,Project,*,-1,-1
2025-01-22T23:16:47.140-05:00,IdeState,Active,Project,*,-1,-1
2025-01-22T23:16:48.141-05:00,IdeState,Inactive,,*,-1,-1
2025-01-22T23:16:49.142-05:00,IdeState,Active,tasktracker,*,-1,-1
2025-01-22T23:16:50.144-05:00,IdeState,Active,tasktracker,*,-1,-1
2025-01-22T23:16:51.361-05:00,IdeState,Active,Project,*,-1,-1
2025-01-22T23:16:52.381-05:00,IdeState,Active,Editor,pies.py,0,0
2025-01-22T23:16:53.382-05:00,IdeState,Active,Editor,pies.py,2,22
2025-01-22T23:16:54.104-05:00,Action,EditorEnter,Editor,pies.py,2,22
2025-01-22T23:16:54.596-05:00,IdeState,Active,Editor,pies.py,3,0
2025-01-22T23:16:55.596-05:00,IdeState,Active,Editor,pies.py,3,0
2025-01-22T23:16:56.596-05:00,IdeState,Active,Editor,pies.py,3,0
2025-01-22T23:16:57.598-05:00,IdeState,Inactive,,*,-1,-1
2025-01-22T23:16:58.600-05:00,IdeState,Inactive,,*,-1,-1
2025-01-22T23:16:59.601-05:00,IdeState,Active,Editor,pies.py,3,0
2025-01-22T23:17:00.602-05:00,IdeState,Inactive,,*,-1,-1
2025-01-22T23:17:01.604-05:00,IdeState,Inactive,,*,-1,-1
2025-01-22T23:17:02.606-05:00,IdeState,Inactive,,*,-1,-1
2025-01-22T23:17:03.608-05:00,IdeState,Inactive,,*,-1,-1
2025-01-22T23:17:04.609-05:00,IdeState,Inactive,,*,-1,-1
2025-01-22T23:17:05.609-05:00,IdeState,Inactive,,*,-1,-1
2025-01-22T23:17:06.611-05:00,IdeState,Inactive,,*,-1,-1
2025-01-22T23:17:07.612-05:00,IdeState,Inactive,,*,-1,-1
2025-01-22T23:17:08.613-05:00,IdeState,Inactive,,*,-1,-1
2025-01-22T23:17:09.614-05:00,IdeState,Inactive,,*,-1,-1
2025-01-22T23:17:10.615-05:00,IdeState,Inactive,,*,-1,-1
2025-01-22T23:17:11.616-05:00,IdeState,Inactive,,*,-1,-1
2025-01-22T23:17:12.617-05:00,IdeState,Inactive,,*,-1,-1
2025-01-22T23:17:13.618-05:00,IdeState,Inactive,,*,-1,-1
2025-01-22T23:17:14.618-05:00,IdeState,Inactive,,*,-1,-1
2025-01-22T23:17:15.620-05:00,IdeState,Inactive,,*,-1,-1
2025-01-22T23:17:16.622-05:00,IdeState,Inactive,,*,-1,-1
2025-01-22T23:17:17.623-05:00,IdeState,Inactive,,*,-1,-1
2025-01-22T23:17:18.624-05:00,IdeState,Inactive,,*,-1,-1
2025-01-22T23:17:19.626-05:00,IdeState,Inactive,,*,-1,-1
2025-01-22T23:17:20.626-05:00,IdeState,Inactive,,*,-1,-1
2025-01-22T23:17:21.626-05:00,IdeState,Inactive,,*,-1,-1
2025-01-22T23:17:22.628-05:00,IdeState,Inactive,,*,-1,-1
2025-01-22T23:17:23.630-05:00,IdeState,Inactive,,*,-1,-1
2025-01-22T23:17:24.631-05:00,IdeState,Inactive,,*,-1,-1
2025-01-22T23:17:25.632-05:00,IdeState,Inactive,,*,-1,-1
2025-01-22T23:17:26.632-05:00,IdeState,Inactive,,*,-1,-1
2025-01-22T23:17:27.633-05:00,IdeState,Inactive,,*,-1,-1
2025-01-22T23:17:28.635-05:00,IdeState,Inactive,,*,-1,-1
2025-01-22T23:17:29.636-05:00,IdeState,Inactive,,*,-1,-1
2025-01-22T23:17:30.638-05:00,IdeState,Inactive,,*,-1,-1
2025-01-22T23:17:31.639-05:00,IdeState,Inactive,,*,-1,-1
2025-01-22T23:17:32.641-05:00,IdeState,Inactive,,*,-1,-1
2025-01-22T23:17:33.642-05:00,IdeState,Inactive,,*,-1,-1
2025-01-22T23:17:34.643-05:00,IdeState,Inactive,,*,-1,-1
2025-01-22T23:17:35.644-05:00,IdeState,Inactive,,*,-1,-1
2025-01-22T23:17:36.646-05:00,IdeState,Inactive,,*,-1,-1
2025-01-22T23:17:37.647-05:00,IdeState,Inactive,,*,-1,-1
2025-01-22T23:17:38.648-05:00,IdeState,Inactive,,*,-1,-1
2025-01-22T23:17:39.648-05:00,IdeState,Inactive,,*,-1,-1
2025-01-22T23:17:40.649-05:00,IdeState,Inactive,,*,-1,-1
2025-01-22T23:17:41.651-05:00,IdeState,Inactive,,*,-1,-1
2025-01-22T23:17:42.652-05:00,IdeState,Inactive,,*,-1,-1
2025-01-22T23:17:43.653-05:00,IdeState,Inactive,,*,-1,-1
2025-01-22T23:17:44.655-05:00,IdeState,Inactive,,*,-1,-1
2025-01-22T23:17:45.659-05:00,IdeState,Active,Editor,pies.py,3,0
2025-01-22T23:17:46.814-05:00,IdeState,Active,Editor,pies.py,3,1
2025-01-22T23:17:47.817-05:00,IdeState,Active,Editor,pies.py,3,2
2025-01-22T23:17:48.871-05:00,IdeState,Active,Editor,pies.py,3,6
2025-01-22T23:17:49.872-05:00,IdeState,Active,Editor,pies.py,3,8
2025-01-22T23:17:50.873-05:00,IdeState,Active,Editor,pies.py,3,13
2025-01-22T23:17:51.875-05:00,IdeState,Active,Editor,pies.py,3,14
2025-01-22T23:17:52.872-05:00,Action,EditorBackSpace,Editor,pies.py,3,16
2025-01-22T23:17:52.900-05:00,IdeState,Active,Editor,pies.py,3,15
2025-01-22T23:17:53.772-05:00,Action,EditorBackSpace,Editor,pies.py,3,21
2025-01-22T23:17:53.895-05:00,Action,EditorBackSpace,Editor,pies.py,3,20
2025-01-22T23:17:53.909-05:00,IdeState,Active,Editor,pies.py,3,19
2025-01-22T23:17:54.050-05:00,Action,EditorBackSpace,Editor,pies.py,3,19
2025-01-22T23:17:54.198-05:00,Action,EditorBackSpace,Editor,pies.py,3,18
2025-01-22T23:17:54.343-05:00,Action,EditorBackSpace,Editor,pies.py,3,17
2025-01-22T23:17:54.914-05:00,IdeState,Active,Editor,pies.py,3,21
2025-01-22T23:17:55.919-05:00,IdeState,Active,Editor,pies.py,3,28
2025-01-22T23:17:56.920-05:00,IdeState,Active,Editor,pies.py,3,33
2025-01-22T23:17:57.921-05:00,IdeState,Active,Editor,pies.py,3,37
2025-01-22T23:17:58.595-05:00,Action,EditorRight,Editor,pies.py,3,37
2025-01-22T23:17:58.737-05:00,Action,EditorRight,Editor,pies.py,3,38
2025-01-22T23:17:58.895-05:00,Action,EditorRight,Editor,pies.py,3,39
2025-01-22T23:17:58.923-05:00,IdeState,Active,Editor,pies.py,3,40
2025-01-22T23:17:59.338-05:00,Action,EditorEnter,Editor,pies.py,3,40
2025-01-22T23:17:59.924-05:00,IdeState,Active,Editor,pies.py,4,0
2025-01-22T23:18:00.938-05:00,IdeState,Active,Editor,pies.py,4,4
2025-01-22T23:18:01.608-05:00,Action,EditorBackSpace,Editor,pies.py,4,8
2025-01-22T23:18:01.939-05:00,IdeState,Active,Editor,pies.py,4,8
2025-01-22T23:18:02.939-05:00,IdeState,Active,Editor,pies.py,4,14
2025-01-22T23:18:03.812-05:00,Action,InsertInlineCompletionAction,Editor,pies.py,4,14
2025-01-22T23:18:03.941-05:00,IdeState,Active,Editor,pies.py,4,37
2025-01-22T23:18:04.893-05:00,Action,EditorRight,Editor,pies.py,4,37
2025-01-22T23:18:04.942-05:00,IdeState,Active,Editor,pies.py,4,38
2025-01-22T23:18:05.161-05:00,Action,EditorRight,Editor,pies.py,4,38
2025-01-22T23:18:05.656-05:00,Action,EditorEnter,Editor,pies.py,4,38
2025-01-22T23:18:05.944-05:00,IdeState,Active,Editor,pies.py,5,0
2025-01-22T23:18:06.742-05:00,Action,EditorBackSpace,Editor,pies.py,5,1
2025-01-22T23:18:06.956-05:00,IdeState,Active,Editor,pies.py,5,1
2025-01-22T23:18:07.959-05:00,IdeState,Active,Editor,pies.py,5,2
2025-01-22T23:18:08.961-05:00,IdeState,Active,Editor,pies.py,5,2
2025-01-22T23:18:09.964-05:00,IdeState,Active,Editor,pies.py,5,3
2025-01-22T23:18:10.964-05:00,IdeState,Active,Editor,pies.py,5,7
2025-01-22T23:18:11.965-05:00,IdeState,Active,Editor,pies.py,5,8
2025-01-22T23:18:12.966-05:00,IdeState,Active,Editor,pies.py,5,8
2025-01-22T23:18:13.969-05:00,IdeState,Active,Editor,pies.py,5,11
2025-01-22T23:18:14.975-05:00,IdeState,Active,Editor,pies.py,5,16
2025-01-22T23:18:15.976-05:00,IdeState,Active,Editor,pies.py,5,23
2025-01-22T23:18:16.977-05:00,IdeState,Active,Editor,pies.py,5,23
2025-01-22T23:18:17.978-05:00,IdeState,Active,Editor,pies.py,5,31
2025-01-22T23:18:18.979-05:00,IdeState,Active,Editor,pies.py,5,36
2025-01-22T23:18:19.467-05:00,Action,EditorBackSpace,Editor,pies.py,5,38
2025-01-22T23:18:19.595-05:00,Action,EditorBackSpace,Editor,pies.py,5,37
2025-01-22T23:18:19.984-05:00,IdeState,Active,Editor,pies.py,5,39
2025-01-22T23:18:20.852-05:00,Action,EditorRight,Editor,pies.py,5,40
2025-01-22T23:18:20.985-05:00,IdeState,Active,Editor,pies.py,5,41
2025-01-22T23:18:21.009-05:00,Action,EditorRight,Editor,pies.py,5,41
2025-01-22T23:18:21.181-05:00,Action,EditorRight,Editor,pies.py,5,42
2025-01-22T23:18:21.526-05:00,Action,EditorEnter,Editor,pies.py,5,43
2025-01-22T23:18:21.986-05:00,IdeState,Active,Editor,pies.py,6,0
2025-01-22T23:18:22.182-05:00,Action,EditorEnter,Editor,pies.py,6,0
2025-01-22T23:18:22.987-05:00,IdeState,Active,Editor,pies.py,7,1
2025-01-22T23:18:23.353-05:00,Action,EditorBackSpace,Editor,pies.py,7,2
2025-01-22T23:18:23.988-05:00,IdeState,Active,Editor,pies.py,7,5
2025-01-22T23:18:24.989-05:00,IdeState,Active,Editor,pies.py,7,8
2025-01-22T23:18:25.991-05:00,IdeState,Active,Editor,pies.py,7,12
2025-01-22T23:18:26.995-05:00,IdeState,Active,Editor,pies.py,7,14
2025-01-22T23:18:27.995-05:00,IdeState,Active,Editor,pies.py,7,15
2025-01-22T23:18:28.871-05:00,Action,EditorBackSpace,Editor,pies.py,7,16
2025-01-22T23:18:28.996-05:00,IdeState,Active,Editor,pies.py,7,15
2025-01-22T23:18:29.997-05:00,IdeState,Active,Editor,pies.py,7,17
2025-01-22T23:18:30.998-05:00,IdeState,Active,Editor,pies.py,7,22
2025-01-22T23:18:31.999-05:00,IdeState,Active,Editor,pies.py,7,23
2025-01-22T23:18:33.000-05:00,IdeState,Active,Editor,pies.py,7,25
2025-01-22T23:18:33.604-05:00,Action,EditorRight,Editor,pies.py,7,26
2025-01-22T23:18:34.001-05:00,IdeState,Active,Editor,pies.py,7,26
2025-01-22T23:18:34.072-05:00,Action,EditorRight,Editor,pies.py,7,26
2025-01-22T23:18:35.002-05:00,IdeState,Active,Editor,pies.py,7,29
2025-01-22T23:18:36.003-05:00,IdeState,Active,Editor,pies.py,7,31
2025-01-22T23:18:36.312-05:00,Action,EditorChooseLookupItem,Editor,pies.py,7,31
2025-01-22T23:18:36.511-05:00,Action,EditorEnter,Editor,pies.py,7,31
2025-01-22T23:18:37.004-05:00,IdeState,Active,Editor,pies.py,8,2
2025-01-22T23:18:38.006-05:00,IdeState,Active,Editor,pies.py,8,5
2025-01-22T23:18:39.007-05:00,IdeState,Active,Editor,pies.py,8,6
2025-01-22T23:18:40.007-05:00,IdeState,Active,Editor,pies.py,8,13
2025-01-22T23:18:41.009-05:00,IdeState,Active,Editor,pies.py,8,15
2025-01-22T23:18:42.009-05:00,Action,InsertInlineCompletionAction,Editor,pies.py,8,17
2025-01-22T23:18:42.037-05:00,IdeState,Active,Editor,pies.py,8,33
2025-01-22T23:18:42.577-05:00,Action,EditorEnter,Editor,pies.py,8,33
2025-01-22T23:18:43.038-05:00,IdeState,Active,Editor,pies.py,9,0
2025-01-22T23:18:43.603-05:00,Action,EditorLeft,Editor,pies.py,9,0
2025-01-22T23:18:43.765-05:00,Action,EditorLeft,Editor,pies.py,8,33
2025-01-22T23:18:43.932-05:00,Action,EditorLeft,Editor,pies.py,8,32
2025-01-22T23:18:44.039-05:00,IdeState,Active,Editor,pies.py,8,31
2025-01-22T23:18:44.108-05:00,Action,EditorLeft,Editor,pies.py,8,31
2025-01-22T23:18:44.276-05:00,Action,EditorLeft,Editor,pies.py,8,30
2025-01-22T23:18:45.039-05:00,IdeState,Active,Editor,pies.py,8,29
2025-01-22T23:18:45.554-05:00,Action,EditorRight,Editor,pies.py,8,30
2025-01-22T23:18:45.723-05:00,Action,EditorRight,Editor,pies.py,8,31
2025-01-22T23:18:45.857-05:00,Action,EditorRight,Editor,pies.py,8,32
2025-01-22T23:18:46.003-05:00,Action,EditorRight,Editor,pies.py,8,33
2025-01-22T23:18:46.041-05:00,IdeState,Active,Editor,pies.py,8,34
2025-01-22T23:18:46.303-05:00,Action,EditorEnter,Editor,pies.py,8,34
2025-01-22T23:18:46.511-05:00,Action,EditorEnter,Editor,pies.py,9,0
2025-01-22T23:18:47.041-05:00,IdeState,Active,Editor,pies.py,10,0
2025-01-22T23:18:48.043-05:00,IdeState,Active,Editor,pies.py,10,0
2025-01-22T23:18:48.353-05:00,Action,EditorBackSpace,Editor,pies.py,10,2
2025-01-22T23:18:48.495-05:00,Action,EditorBackSpace,Editor,pies.py,10,1
2025-01-22T23:18:48.682-05:00,Action,EditorBackSpace,Editor,pies.py,10,0
2025-01-22T23:18:49.044-05:00,IdeState,Active,Editor,pies.py,9,0
2025-01-22T23:18:50.045-05:00,IdeState,Active,Editor,pies.py,9,8
2025-01-22T23:18:51.048-05:00,IdeState,Active,Editor,pies.py,9,12
2025-01-22T23:18:52.049-05:00,IdeState,Active,Editor,pies.py,9,15
2025-01-22T23:18:53.056-05:00,IdeState,Active,Editor,pies.py,9,16
2025-01-22T23:18:54.079-05:00,IdeState,Active,Editor,pies.py,9,17
2025-01-22T23:18:55.081-05:00,IdeState,Active,Editor,pies.py,9,23
2025-01-22T23:18:56.082-05:00,IdeState,Active,Editor,pies.py,9,28
2025-01-22T23:18:57.083-05:00,IdeState,Active,Editor,pies.py,9,30
2025-01-22T23:18:58.084-05:00,IdeState,Active,Editor,pies.py,9,31
2025-01-22T23:18:59.087-05:00,IdeState,Active,Editor,pies.py,9,35
2025-01-22T23:18:59.200-05:00,Action,EditorEnter,Editor,pies.py,9,35
2025-01-22T23:18:59.903-05:00,Action,EditorEnter,Editor,pies.py,10,0
2025-01-22T23:19:00.088-05:00,IdeState,Active,Editor,pies.py,11,0
2025-01-22T23:19:01.090-05:00,IdeState,Active,Editor,pies.py,11,5
2025-01-22T23:19:02.092-05:00,IdeState,Active,Editor,pies.py,11,11
2025-01-22T23:19:03.095-05:00,IdeState,Active,Editor,pies.py,11,19
2025-01-22T23:19:04.095-05:00,IdeState,Active,Editor,pies.py,11,29
2025-01-22T23:19:05.097-05:00,IdeState,Active,Editor,pies.py,11,36
2025-01-22T23:19:06.099-05:00,IdeState,Active,Editor,pies.py,11,36
2025-01-22T23:19:06.682-05:00,Action,Run,Editor,pies.py,11,36
2025-01-22T23:19:07.101-05:00,IdeState,Active,Editor,pies.py,11,36
2025-01-22T23:19:07.387-05:00,Execution,"Run:'Python: pies':C:\Users\Daniel\PycharmProjects\PythonProject\.venv\Scripts\python.exe C:\Users\Daniel\PycharmProjects\PythonProject\tasktracker\python\pies.py ",Editor,pies.py,11,36
2025-01-22T23:19:08.102-05:00,IdeState,Active,Editor,pies.py,11,36
2025-01-22T23:19:09.104-05:00,IdeState,Active,Editor,pies.py,11,36
2025-01-22T23:19:10.106-05:00,IdeState,Active,Editor,pies.py,12,0
2025-01-22T23:19:11.106-05:00,IdeState,Active,Editor,pies.py,12,0
2025-01-22T23:19:12.107-05:00,IdeState,Active,Editor,pies.py,12,0
2025-01-22T23:19:13.109-05:00,IdeState,Active,Editor,pies.py,11,32
2025-01-22T23:19:13.399-05:00,Action,EditorLeft,Editor,pies.py,11,32
2025-01-22T23:19:13.670-05:00,Action,EditorBackSpace,Editor,pies.py,11,31
2025-01-22T23:19:14.110-05:00,IdeState,Active,Editor,pies.py,11,31
2025-01-22T23:19:15.112-05:00,IdeState,Active,Editor,pies.py,12,0
2025-01-22T23:19:15.790-05:00,Action,Run,Editor,pies.py,12,0
2025-01-22T23:19:16.019-05:00,Execution,"Run:'Python: pies':C:\Users\Daniel\PycharmProjects\PythonProject\.venv\Scripts\python.exe C:\Users\Daniel\PycharmProjects\PythonProject\tasktracker\python\pies.py ",Editor,pies.py,12,0
2025-01-22T23:19:16.113-05:00,IdeState,Active,Editor,pies.py,12,0
2025-01-22T23:19:17.116-05:00,IdeState,Active,Editor,pies.py,12,0
2025-01-22T23:19:18.118-05:00,IdeState,Active,Editor,pies.py,12,0
2025-01-22T23:19:19.121-05:00,IdeState,Active,Editor,pies.py,12,0
2025-01-22T23:19:20.123-05:00,IdeState,Active,Editor,pies.py,12,0
2025-01-22T23:19:21.125-05:00,IdeState,Active,Editor,pies.py,12,0
2025-01-22T23:19:22.126-05:00,IdeState,Active,Editor,pies.py,3,37
2025-01-22T23:19:23.129-05:00,IdeState,Active,Editor,pies.py,4,36
2025-01-22T23:19:24.130-05:00,IdeState,Active,Editor,pies.py,5,40
2025-01-22T23:19:25.096-05:00,Action,Run,Editor,pies.py,5,41
2025-01-22T23:19:25.308-05:00,IdeState,Active,Dialog,pies.py,5,41
2025-01-22T23:19:26.309-05:00,IdeState,Active,Dialog,pies.py,5,41
2025-01-22T23:19:26.901-05:00,Execution,"Run:'Python: pies':C:\Users\Daniel\PycharmProjects\PythonProject\.venv\Scripts\python.exe C:\Users\Daniel\PycharmProjects\PythonProject\tasktracker\python\pies.py ",Editor,pies.py,5,41
2025-01-22T23:19:27.309-05:00,IdeState,Active,Editor,pies.py,5,41
2025-01-22T23:19:28.312-05:00,IdeState,Active,Editor,pies.py,5,41
2025-01-22T23:19:29.312-05:00,IdeState,Active,Editor,pies.py,5,41
2025-01-22T23:19:30.313-05:00,IdeState,Active,Editor,pies.py,5,41
2025-01-22T23:19:31.203-05:00,Action,EditorEnter,Editor,pies.py,5,41
2025-01-22T23:19:31.314-05:00,IdeState,Active,Editor,pies.py,5,41
2025-01-22T23:19:31.759-05:00,Action,EditorEnter,Editor,pies.py,5,41
2025-01-22T23:19:32.132-05:00,Action,EditorEnter,Editor,pies.py,5,41
2025-01-22T23:19:32.316-05:00,IdeState,Active,Editor,pies.py,5,41
2025-01-22T23:19:33.318-05:00,IdeState,Active,Editor,pies.py,5,41
2025-01-22T23:19:34.318-05:00,IdeState,Active,Editor,pies.py,5,41
2025-01-22T23:19:35.320-05:00,IdeState,Active,Editor,pies.py,5,41
2025-01-22T23:19:36.321-05:00,IdeState,Active,Editor,pies.py,5,41
2025-01-22T23:19:37.323-05:00,IdeState,Active,Editor,pies.py,5,41
2025-01-22T23:19:38.323-05:00,IdeState,Active,Project,*,-1,-1
2025-01-22T23:19:39.324-05:00,IdeState,Active,Project,*,-1,-1
2025-01-22T23:19:40.324-05:00,IdeState,Inactive,,*,-1,-1
2025-01-22T23:19:41.327-05:00,IdeState,Inactive,,*,-1,-1
2025-01-22T23:19:42.328-05:00,IdeState,Inactive,,*,-1,-1
2025-01-22T23:19:43.330-05:00,IdeState,Inactive,,*,-1,-1
2025-01-22T23:19:44.330-05:00,IdeState,Inactive,,*,-1,-1
2025-01-22T23:19:45.331-05:00,IdeState,Inactive,,*,-1,-1
2025-01-22T23:19:46.332-05:00,IdeState,Inactive,,*,-1,-1
2025-01-22T23:19:47.333-05:00,IdeState,Inactive,,*,-1,-1
2025-01-22T23:19:48.335-05:00,IdeState,Inactive,,*,-1,-1
2025-01-22T23:19:49.336-05:00,IdeState,Inactive,,*,-1,-1
2025-01-22T23:19:50.337-05:00,IdeState,Inactive,,*,-1,-1
2025-01-22T23:19:51.337-05:00,IdeState,Inactive,,*,-1,-1
2025-01-22T23:19:52.339-05:00,IdeState,Inactive,,*,-1,-1
2025-01-22T23:19:53.339-05:00,IdeState,Active,Project,*,-1,-1
2025-01-22T23:19:54.341-05:00,IdeState,Active,Project,*,-1,-1
2025-01-22T23:19:55.342-05:00,IdeState,Active,Project,*,-1,-1
2025-01-22T23:19:56.343-05:00,IdeState,Active,Project,*,-1,-1
2025-01-22T23:19:57.344-05:00,IdeState,Active,Project,*,-1,-1
2025-01-22T23:19:58.345-05:00,IdeState,Active,Project,*,-1,-1
2025-01-22T23:19:59.346-05:00,IdeState,Active,Project,*,-1,-1
2025-01-22T23:20:00.348-05:00,IdeState,Active,Project,*,-1,-1
2025-01-22T23:20:01.351-05:00,IdeState,Active,Project,*,-1,-1
2025-01-22T23:20:02.353-05:00,IdeState,Active,Project,*,-1,-1
2025-01-22T23:20:03.354-05:00,IdeState,Active,Project,*,-1,-1
2025-01-22T23:20:04.355-05:00,IdeState,Active,Project,*,-1,-1
2025-01-22T23:21:24.695-05:00,IdeState,NoProject,,*,-1,-1
2025-01-22T23:21:25.932-05:00,IdeState,Active,Popup,*,-1,-1
2025-01-22T23:21:28.338-05:00,IdeState,Active,Popup,*,-1,-1
2025-01-22T23:21:29.626-05:00,IdeState,Active,Project,*,-1,-1
2025-01-22T23:21:30.627-05:00,IdeState,Active,Popup,*,-1,-1
2025-01-22T23:21:31.629-05:00,IdeState,Active,Project,*,-1,-1
2025-01-22T23:21:32.631-05:00,IdeState,Active,Project,*,-1,-1
2025-01-22T23:21:33.632-05:00,IdeState,Active,Project,*,-1,-1
2025-01-22T23:21:34.755-05:00,IdeState,Inactive,,*,-1,-1
2025-01-22T23:21:35.782-05:00,IdeState,Inactive,,*,-1,-1
2025-01-22T23:21:36.788-05:00,IdeState,Inactive,,*,-1,-1
2025-01-22T23:21:37.798-05:00,IdeState,Inactive,,*,-1,-1
2025-01-22T23:21:38.810-05:00,IdeState,Inactive,,*,-1,-1
2025-01-22T23:21:39.813-05:00,IdeState,Inactive,,*,-1,-1
2025-01-22T23:21:40.814-05:00,IdeState,Inactive,,*,-1,-1
2025-01-22T23:21:41.815-05:00,IdeState,Inactive,,*,-1,-1
2025-01-22T23:21:42.820-05:00,IdeState,Inactive,,*,-1,-1
2025-01-22T23:21:53.556-05:00,IdeState,NoProject,,*,-1,-1
2025-01-22T23:21:54.632-05:00,IdeState,Active,Popup,*,-1,-1
2025-01-22T23:21:55.770-05:00,IdeState,Active,Popup,*,-1,-1
2025-01-22T23:21:56.771-05:00,IdeState,Active,Project,*,-1,-1
2025-01-22T23:21:57.773-05:00,IdeState,Active,Project,*,-1,-1
2025-01-22T23:21:58.774-05:00,IdeState,Active,Project,*,-1,-1
2025-01-22T23:21:59.783-05:00,IdeState,Active,Project,*,-1,-1
2025-01-22T23:22:00.785-05:00,IdeState,Active,Project,*,-1,-1
2025-01-22T23:22:01.787-05:00,IdeState,Active,Project,*,-1,-1
