2024-11-13T10:41:50.246-05:00,IdeState,Active,Editor,brackets.py,4,20
2024-11-13T10:41:51.248-05:00,IdeState,Active,Editor,brackets.py,4,20
2024-11-13T10:41:52.251-05:00,IdeState,Active,Editor,brackets.py,4,20
2024-11-13T10:41:53.252-05:00,IdeState,Active,Project,is_zero.py,2,22
2024-11-13T10:41:54.253-05:00,IdeState,Active,Project,is_zero.py,2,22
2024-11-13T10:41:55.255-05:00,IdeState,Active,Project,is_zero.py,2,22
2024-11-13T10:41:56.257-05:00,IdeState,Active,Project,is_zero.py,2,22
2024-11-13T10:41:57.258-05:00,IdeState,Active,Project,is_zero.py,2,22
2024-11-13T10:41:58.260-05:00,IdeState,Active,Project,is_zero.py,2,22
2024-11-13T10:41:59.261-05:00,IdeState,Active,Project,is_zero.py,2,22
2024-11-13T10:42:00.262-05:00,IdeState,Active,Project,is_zero.py,2,22
2024-11-13T10:42:01.263-05:00,IdeState,Active,Project,is_zero.py,2,22
2024-11-13T10:42:02.264-05:00,IdeState,Active,Project,is_zero.py,2,22
2024-11-13T10:42:03.264-05:00,IdeState,Active,Project,is_zero.py,2,22
2024-11-13T10:42:04.266-05:00,IdeState,Active,Project,is_zero.py,2,22
2024-11-13T10:42:05.266-05:00,IdeState,Active,Project,is_zero.py,2,22
2024-11-13T10:42:06.267-05:00,IdeState,Active,Project,is_zero.py,2,22
2024-11-13T10:42:07.269-05:00,IdeState,Active,Project,is_zero.py,2,22
2024-11-13T10:42:08.270-05:00,IdeState,Active,Project,is_zero.py,2,22
2024-11-13T10:42:09.270-05:00,IdeState,Active,Project,is_zero.py,2,22
2024-11-13T10:42:10.271-05:00,IdeState,Active,Project,is_zero.py,2,22
2024-11-13T10:42:11.272-05:00,IdeState,Active,Project,is_zero.py,2,22
2024-11-13T10:42:12.274-05:00,IdeState,Active,Project,is_zero.py,2,22
2024-11-13T10:42:13.276-05:00,IdeState,Active,Project,is_zero.py,2,22
2024-11-13T10:42:14.277-05:00,IdeState,Active,Project,is_zero.py,2,22
2024-11-13T10:42:15.278-05:00,IdeState,Active,Project,is_zero.py,2,22
2024-11-13T10:42:16.279-05:00,IdeState,Active,Project,is_zero.py,2,22
2024-11-13T10:42:17.280-05:00,IdeState,Active,Project,is_zero.py,2,22
2024-11-13T10:42:18.282-05:00,IdeState,Active,Project,is_zero.py,2,22
2024-11-13T10:42:19.283-05:00,IdeState,Active,Project,is_zero.py,2,22
2024-11-13T10:42:20.283-05:00,IdeState,Active,Project,is_zero.py,2,22
2024-11-13T10:42:21.284-05:00,IdeState,Active,Project,is_zero.py,2,22
2024-11-13T10:42:22.285-05:00,IdeState,Active,Project,is_zero.py,2,22
2024-11-13T10:42:23.285-05:00,IdeState,Active,Project,is_zero.py,2,22
2024-11-13T10:42:24.287-05:00,IdeState,Active,Project,is_zero.py,2,22
2024-11-13T10:42:25.287-05:00,IdeState,Active,Project,is_zero.py,2,22
2024-11-13T10:42:26.287-05:00,IdeState,Active,Project,is_zero.py,2,22
2024-11-13T10:42:27.288-05:00,IdeState,Active,Project,is_zero.py,2,22
2024-11-13T10:42:28.289-05:00,IdeState,Active,Project,is_zero.py,2,22
2024-11-13T10:42:29.291-05:00,IdeState,Active,Project,is_zero.py,2,22
2024-11-13T10:42:30.292-05:00,IdeState,Active,Project,is_zero.py,2,22
2024-11-13T10:42:31.294-05:00,IdeState,Active,Project,is_zero.py,2,22
2024-11-13T10:42:32.295-05:00,IdeState,Active,Project,is_zero.py,2,22
2024-11-13T10:42:33.296-05:00,IdeState,Active,Project,is_zero.py,2,22
2024-11-13T10:42:34.298-05:00,IdeState,Active,Project,is_zero.py,2,22
2024-11-13T10:42:35.300-05:00,IdeState,Active,Project,is_zero.py,2,22
2024-11-13T10:42:36.301-05:00,IdeState,Active,Project,is_zero.py,2,22
2024-11-13T10:42:37.302-05:00,IdeState,Active,Project,is_zero.py,2,22
2024-11-13T10:42:38.305-05:00,IdeState,Active,Project,is_zero.py,2,22
2024-11-13T10:42:39.305-05:00,IdeState,Active,Project,is_zero.py,2,22
2024-11-13T10:42:40.307-05:00,IdeState,Active,Project,is_zero.py,2,22
2024-11-13T10:42:41.308-05:00,IdeState,Active,Project,is_zero.py,2,22
2024-11-13T10:42:42.309-05:00,IdeState,Active,Project,is_zero.py,2,22
2024-11-13T10:42:43.310-05:00,IdeState,Active,Project,is_zero.py,2,22
2024-11-13T10:42:44.311-05:00,IdeState,Active,Project,is_zero.py,2,22
2024-11-13T10:42:45.313-05:00,IdeState,Active,Project,is_zero.py,2,22
2024-11-13T10:42:46.313-05:00,IdeState,Active,Project,is_zero.py,2,22
2024-11-13T10:42:47.314-05:00,IdeState,Active,Project,is_zero.py,2,22
2024-11-13T10:42:48.315-05:00,IdeState,Active,Project,is_zero.py,2,22
2024-11-13T10:42:49.316-05:00,IdeState,Active,Project,is_zero.py,2,22
2024-11-13T10:42:50.317-05:00,IdeState,Active,Project,is_zero.py,2,22
2024-11-13T10:42:51.318-05:00,IdeState,Active,Project,is_zero.py,2,22
2024-11-13T10:42:52.319-05:00,IdeState,Active,Project,is_zero.py,2,22
2024-11-13T10:42:53.322-05:00,IdeState,Active,Project,is_zero.py,2,22
2024-11-13T10:42:54.322-05:00,IdeState,Active,Project,is_zero.py,2,22
2024-11-13T10:42:55.323-05:00,IdeState,Active,Project,is_zero.py,2,22
2024-11-13T10:42:56.325-05:00,IdeState,Active,Project,is_zero.py,2,22
2024-11-13T10:42:57.327-05:00,IdeState,Active,Project,is_zero.py,2,22
2024-11-13T10:42:58.329-05:00,IdeState,Active,Project,is_zero.py,2,22
2024-11-13T10:42:59.330-05:00,IdeState,Active,Project,is_zero.py,2,22
2024-11-13T10:43:00.331-05:00,IdeState,Active,Project,is_zero.py,2,22
2024-11-13T10:43:01.331-05:00,IdeState,Active,Project,is_zero.py,2,22
2024-11-13T10:43:02.333-05:00,IdeState,Active,Project,is_zero.py,2,22
2024-11-13T10:43:03.334-05:00,IdeState,Active,Project,is_zero.py,2,22
2024-11-13T10:43:04.336-05:00,IdeState,Active,Project,is_zero.py,2,22
2024-11-13T10:43:05.338-05:00,IdeState,Active,Project,is_zero.py,2,22
2024-11-13T10:43:06.339-05:00,IdeState,Active,Project,is_zero.py,2,22
2024-11-13T10:43:07.340-05:00,IdeState,Active,Project,is_zero.py,2,22
2024-11-13T10:43:08.343-05:00,IdeState,Active,Project,is_zero.py,2,22
2024-11-13T10:43:09.343-05:00,IdeState,Active,Project,is_zero.py,2,22
2024-11-13T10:43:10.344-05:00,IdeState,Active,Project,is_zero.py,2,22
2024-11-13T10:43:11.345-05:00,IdeState,Active,Project,is_zero.py,2,22
2024-11-13T10:43:12.346-05:00,IdeState,Active,Project,is_zero.py,2,22
2024-11-13T10:43:13.347-05:00,IdeState,Active,Project,is_zero.py,2,22
2024-11-13T10:43:14.349-05:00,IdeState,Active,Project,is_zero.py,2,22
2024-11-13T10:43:15.349-05:00,IdeState,Active,Project,is_zero.py,2,22
2024-11-13T10:43:16.351-05:00,IdeState,Active,Project,is_zero.py,2,22
2024-11-13T10:43:17.351-05:00,IdeState,Active,Project,is_zero.py,2,22
2024-11-13T10:43:18.353-05:00,IdeState,Active,Project,is_zero.py,2,22
2024-11-13T10:43:19.353-05:00,IdeState,Active,Project,is_zero.py,2,22
2024-11-13T10:43:20.355-05:00,IdeState,Active,Project,is_zero.py,2,22
2024-11-13T10:43:21.357-05:00,IdeState,Active,Project,is_zero.py,2,22
2024-11-13T10:43:22.357-05:00,IdeState,Active,Project,is_zero.py,2,22
2024-11-13T10:43:23.359-05:00,IdeState,Active,Project,is_zero.py,2,22
2024-11-13T10:43:24.360-05:00,IdeState,Active,Project,is_zero.py,2,22
2024-11-13T10:43:25.361-05:00,IdeState,Active,Project,is_zero.py,2,22
2024-11-13T10:43:26.363-05:00,IdeState,Active,Project,is_zero.py,2,22
2024-11-13T10:43:27.366-05:00,IdeState,Active,Project,is_zero.py,2,22
2024-11-13T10:43:28.367-05:00,IdeState,Active,Project,is_zero.py,2,22
2024-11-13T10:43:29.368-05:00,IdeState,Active,Project,is_zero.py,2,22
2024-11-13T10:43:30.369-05:00,IdeState,Active,Project,is_zero.py,2,22
2024-11-13T10:43:31.370-05:00,IdeState,Active,Project,is_zero.py,2,22
2024-11-13T10:43:32.373-05:00,IdeState,Active,Project,is_zero.py,2,22
2024-11-13T10:43:33.373-05:00,IdeState,Active,Project,is_zero.py,2,22
2024-11-13T10:43:34.374-05:00,IdeState,Active,Project,is_zero.py,2,22
2024-11-13T10:43:35.375-05:00,IdeState,Active,Project,is_zero.py,2,22
2024-11-13T10:43:36.376-05:00,IdeState,Active,Project,is_zero.py,2,22
2024-11-13T10:43:37.378-05:00,IdeState,Active,Project,is_zero.py,2,22
2024-11-13T10:43:38.379-05:00,IdeState,Active,Project,is_zero.py,2,22
2024-11-13T10:43:39.380-05:00,IdeState,Active,Project,is_zero.py,2,22
2024-11-13T10:43:40.381-05:00,IdeState,Active,Project,is_zero.py,2,22
2024-11-13T10:43:41.382-05:00,IdeState,Active,Project,is_zero.py,2,22
2024-11-13T10:43:42.383-05:00,IdeState,Active,Project,is_zero.py,2,22
2024-11-13T10:43:43.385-05:00,IdeState,Active,Project,is_zero.py,2,22
2024-11-13T10:43:44.385-05:00,IdeState,Active,Project,is_zero.py,2,22
2024-11-13T10:43:45.386-05:00,IdeState,Active,Project,is_zero.py,2,22
2024-11-13T10:43:46.387-05:00,IdeState,Active,Project,is_zero.py,2,22
2024-11-13T10:43:47.388-05:00,IdeState,Active,Project,is_zero.py,2,22
2024-11-13T10:43:48.388-05:00,IdeState,Active,Project,is_zero.py,2,22
2024-11-13T10:43:49.389-05:00,IdeState,Active,Project,is_zero.py,2,22
2024-11-13T10:43:50.389-05:00,IdeState,Active,Project,is_zero.py,2,22
2024-11-13T10:43:51.392-05:00,IdeState,Active,Project,is_zero.py,2,22
2024-11-13T10:43:52.392-05:00,IdeState,Active,Project,is_zero.py,2,22
2024-11-13T10:43:53.393-05:00,IdeState,Active,Project,is_zero.py,2,22
2024-11-13T10:43:54.394-05:00,IdeState,Active,Project,is_zero.py,2,22
2024-11-13T10:43:55.395-05:00,IdeState,Active,Project,is_zero.py,2,22
2024-11-13T10:43:56.396-05:00,IdeState,Active,Project,is_zero.py,2,22
2024-11-13T10:43:57.396-05:00,IdeState,Active,Project,is_zero.py,2,22
2024-11-13T10:43:58.398-05:00,IdeState,Active,Project,is_zero.py,2,22
2024-11-13T10:43:59.399-05:00,IdeState,Active,Project,is_zero.py,2,22
2024-11-13T10:44:00.401-05:00,IdeState,Active,Project,is_zero.py,2,22
2024-11-13T10:44:01.403-05:00,IdeState,Active,Project,is_zero.py,2,22
2024-11-13T10:44:02.403-05:00,IdeState,Active,Project,is_zero.py,2,22
2024-11-13T10:44:03.405-05:00,IdeState,Active,Project,is_zero.py,2,22
2024-11-13T10:44:04.408-05:00,IdeState,Active,Project,is_zero.py,2,22
2024-11-13T10:44:05.409-05:00,IdeState,Active,Project,is_zero.py,2,22
2024-11-13T10:44:06.409-05:00,IdeState,Active,Project,is_zero.py,2,22
2024-11-13T10:44:07.410-05:00,IdeState,Active,Project,is_zero.py,2,22
2024-11-13T10:44:08.411-05:00,IdeState,Active,Project,is_zero.py,2,22
2024-11-13T10:44:09.412-05:00,IdeState,Active,Project,is_zero.py,2,22
2024-11-13T10:44:10.413-05:00,IdeState,Active,Project,is_zero.py,2,22
2024-11-13T10:44:11.414-05:00,IdeState,Active,Project,is_zero.py,2,22
2024-11-13T10:44:12.415-05:00,IdeState,Active,Project,is_zero.py,2,22
2024-11-13T10:44:13.417-05:00,IdeState,Active,Project,is_zero.py,2,22
2024-11-13T10:44:14.418-05:00,IdeState,Active,Project,is_zero.py,2,22
2024-11-13T10:44:15.421-05:00,IdeState,Active,Project,is_zero.py,2,22
2024-11-13T10:44:16.423-05:00,IdeState,Active,Project,is_zero.py,2,22
2024-11-13T10:44:17.424-05:00,IdeState,Active,Project,is_zero.py,2,22
2024-11-13T10:44:18.427-05:00,IdeState,Active,Project,is_zero.py,2,22
2024-11-13T10:44:19.428-05:00,IdeState,Active,Project,is_zero.py,2,22
2024-11-13T10:44:20.430-05:00,IdeState,Active,Project,is_zero.py,2,22
2024-11-13T10:44:21.430-05:00,IdeState,Active,Project,is_zero.py,2,22
2024-11-13T10:44:22.432-05:00,IdeState,Active,Project,is_zero.py,2,22
2024-11-13T10:44:23.433-05:00,IdeState,Active,Project,is_zero.py,2,22
2024-11-13T10:44:24.434-05:00,IdeState,Active,Project,is_zero.py,2,22
2024-11-13T10:44:25.435-05:00,IdeState,Active,Project,is_zero.py,2,22
2024-11-13T10:44:26.437-05:00,IdeState,Active,Project,is_zero.py,2,22
2024-11-13T10:44:27.438-05:00,IdeState,Active,Project,is_zero.py,2,22
2024-11-13T10:44:28.440-05:00,IdeState,Active,Project,is_zero.py,2,22
2024-11-13T10:44:29.442-05:00,IdeState,Active,Project,is_zero.py,2,22
2024-11-13T10:44:30.444-05:00,IdeState,Active,Project,is_zero.py,2,22
2024-11-13T10:44:31.444-05:00,IdeState,Active,Project,is_zero.py,2,22
2024-11-13T10:44:32.445-05:00,IdeState,Active,Project,is_zero.py,2,22
2024-11-13T10:44:33.446-05:00,IdeState,Active,Project,is_zero.py,2,22
2024-11-13T10:44:34.447-05:00,IdeState,Active,Project,is_zero.py,2,22
2024-11-13T10:44:35.448-05:00,IdeState,Active,Project,is_zero.py,2,22
2024-11-13T10:44:36.450-05:00,IdeState,Active,Project,is_zero.py,2,22
2024-11-13T10:44:37.451-05:00,IdeState,Active,Project,is_zero.py,2,22
2024-11-13T10:44:38.452-05:00,IdeState,Active,Project,is_zero.py,2,22
2024-11-13T10:44:39.453-05:00,IdeState,Active,Project,is_zero.py,2,22
2024-11-13T10:44:40.454-05:00,IdeState,Active,Project,is_zero.py,2,22
2024-11-13T10:44:41.456-05:00,IdeState,Active,Project,is_zero.py,2,22
2024-11-13T10:44:42.457-05:00,IdeState,Active,Project,is_zero.py,2,22
2024-11-13T10:44:43.458-05:00,IdeState,Active,Project,is_zero.py,2,22
2024-11-13T10:44:44.461-05:00,IdeState,Active,Project,is_zero.py,2,22
2024-11-13T10:44:45.463-05:00,IdeState,Active,Project,is_zero.py,2,22
2024-11-13T10:44:46.464-05:00,IdeState,Active,Project,is_zero.py,2,22
2024-11-13T10:44:47.465-05:00,IdeState,Active,Project,is_zero.py,2,22
2024-11-13T10:44:48.468-05:00,IdeState,Active,Project,is_zero.py,2,22
2024-11-13T10:44:49.469-05:00,IdeState,Active,Project,is_zero.py,2,22
2024-11-13T10:44:50.470-05:00,IdeState,Active,Project,is_zero.py,2,22
2024-11-13T10:44:51.471-05:00,IdeState,Active,Project,is_zero.py,2,22
2024-11-13T10:44:52.472-05:00,IdeState,Active,Project,is_zero.py,2,22
2024-11-13T10:44:53.474-05:00,IdeState,Active,Project,is_zero.py,2,22
2024-11-13T10:44:54.476-05:00,IdeState,Active,Project,is_zero.py,2,22
2024-11-13T10:44:55.478-05:00,IdeState,Active,Project,is_zero.py,2,22
2024-11-13T10:44:56.478-05:00,IdeState,Active,Project,is_zero.py,2,22
2024-11-13T10:44:57.480-05:00,IdeState,Active,Project,is_zero.py,2,22
2024-11-13T10:44:58.480-05:00,IdeState,Active,Project,is_zero.py,2,22
2024-11-13T10:44:59.482-05:00,IdeState,Active,Project,is_zero.py,2,22
2024-11-13T10:45:00.482-05:00,IdeState,Active,Project,is_zero.py,2,22
2024-11-13T10:45:01.483-05:00,IdeState,Active,Project,is_zero.py,2,22
2024-11-13T10:45:02.485-05:00,IdeState,Active,Project,is_zero.py,2,22
2024-11-13T10:45:03.486-05:00,IdeState,Active,Project,is_zero.py,2,22
2024-11-13T10:45:04.486-05:00,IdeState,Active,Project,is_zero.py,2,22
2024-11-13T10:45:05.487-05:00,IdeState,Active,Project,is_zero.py,2,22
2024-11-13T10:45:06.489-05:00,IdeState,Active,Project,is_zero.py,2,22
2024-11-13T10:45:07.490-05:00,IdeState,Active,Project,is_zero.py,2,22
2024-11-13T10:45:08.491-05:00,IdeState,Active,Project,is_zero.py,2,22
2024-11-13T10:45:09.493-05:00,IdeState,Active,Project,is_zero.py,2,22
2024-11-13T10:45:10.494-05:00,IdeState,Active,Project,is_zero.py,2,22
2024-11-13T10:45:11.495-05:00,IdeState,Active,Project,is_zero.py,2,22
2024-11-13T10:45:12.496-05:00,IdeState,Active,Project,is_zero.py,2,22
2024-11-13T10:45:13.498-05:00,IdeState,Active,Project,is_zero.py,2,22
2024-11-13T10:45:14.499-05:00,IdeState,Active,Project,is_zero.py,2,22
2024-11-13T10:45:15.500-05:00,IdeState,Active,Dialog,is_zero.py,2,22
2024-11-13T10:45:16.502-05:00,IdeState,Active,Dialog,is_zero.py,2,22
2024-11-13T10:45:17.503-05:00,IdeState,Active,Dialog,is_zero.py,2,22
2024-11-13T10:45:18.505-05:00,IdeState,Active,Dialog,is_zero.py,2,22
2024-11-13T10:45:19.505-05:00,IdeState,Active,Dialog,is_zero.py,2,22
2024-11-13T10:45:20.507-05:00,IdeState,Active,Dialog,is_zero.py,2,22
2024-11-13T10:45:21.547-05:00,IdeState,Active,Dialog,is_zero.py,2,22
2024-11-13T10:45:22.548-05:00,IdeState,Active,Dialog,is_zero.py,2,22
2024-11-13T10:45:23.550-05:00,IdeState,Active,Dialog,is_zero.py,2,22
2024-11-13T10:45:24.553-05:00,IdeState,Active,Dialog,is_zero.py,2,22
2024-11-13T10:45:25.555-05:00,IdeState,Active,Dialog,is_zero.py,2,22
2024-11-13T10:45:26.557-05:00,IdeState,Active,Dialog,is_zero.py,2,22
2024-11-13T10:45:27.558-05:00,IdeState,Active,Dialog,is_zero.py,2,22
2024-11-13T10:45:28.559-05:00,IdeState,Active,Dialog,is_zero.py,2,22
2024-11-13T10:45:29.559-05:00,IdeState,Active,Dialog,is_zero.py,2,22
2024-11-13T10:45:30.560-05:00,IdeState,Active,Dialog,is_zero.py,2,22
2024-11-13T10:45:31.561-05:00,IdeState,Active,Dialog,is_zero.py,2,22
2024-11-13T10:45:32.563-05:00,IdeState,Active,Dialog,is_zero.py,2,22
2024-11-13T10:45:33.564-05:00,IdeState,Active,Dialog,is_zero.py,2,22
2024-11-13T10:45:34.567-05:00,IdeState,Active,Dialog,is_zero.py,2,22
2024-11-13T10:45:35.568-05:00,IdeState,Active,Dialog,is_zero.py,2,22
2024-11-13T10:45:36.570-05:00,IdeState,Active,Dialog,is_zero.py,2,22
2024-11-13T10:45:37.573-05:00,IdeState,Active,Dialog,is_zero.py,2,22
2024-11-13T10:45:38.575-05:00,IdeState,Active,Dialog,is_zero.py,2,22
2024-11-13T10:45:39.577-05:00,IdeState,Active,Dialog,is_zero.py,2,22
2024-11-13T10:45:40.578-05:00,IdeState,Active,Dialog,is_zero.py,2,22
2024-11-13T10:45:41.579-05:00,IdeState,Active,Dialog,is_zero.py,2,22
2024-11-13T10:45:42.580-05:00,IdeState,Active,Dialog,is_zero.py,2,22
2024-11-13T10:45:43.581-05:00,IdeState,Active,Dialog,is_zero.py,2,22
2024-11-13T10:45:44.583-05:00,IdeState,Active,Dialog,is_zero.py,2,22
2024-11-13T10:45:45.585-05:00,IdeState,Active,Dialog,is_zero.py,2,22
2024-11-13T10:45:46.586-05:00,IdeState,Active,Dialog,is_zero.py,2,22
2024-11-13T10:45:47.588-05:00,IdeState,Active,Dialog,is_zero.py,2,22
2024-11-13T10:45:48.589-05:00,IdeState,Active,Dialog,is_zero.py,2,22
2024-11-13T10:45:49.617-05:00,IdeState,Active,Dialog,is_zero.py,2,22
2024-11-13T10:45:50.617-05:00,IdeState,Active,Dialog,is_zero.py,2,22
2024-11-13T10:45:51.620-05:00,IdeState,Active,Dialog,is_zero.py,2,22
2024-11-13T10:45:52.621-05:00,IdeState,Active,Dialog,is_zero.py,2,22
2024-11-13T10:45:53.622-05:00,IdeState,Active,Dialog,is_zero.py,2,22
2024-11-13T10:45:54.624-05:00,IdeState,Active,Dialog,is_zero.py,2,22
2024-11-13T10:45:55.626-05:00,IdeState,Active,Dialog,is_zero.py,2,22
2024-11-13T10:45:56.627-05:00,IdeState,Active,Dialog,is_zero.py,2,22
2024-11-13T10:45:57.629-05:00,IdeState,Active,Dialog,is_zero.py,2,22
2024-11-13T10:45:58.630-05:00,IdeState,Active,Dialog,is_zero.py,2,22
2024-11-13T10:45:59.631-05:00,IdeState,Active,Dialog,is_zero.py,2,22
2024-11-13T10:46:00.632-05:00,IdeState,Active,Dialog,is_zero.py,2,22
2024-11-13T10:46:01.634-05:00,IdeState,Active,Dialog,is_zero.py,2,22
2024-11-13T10:46:02.635-05:00,IdeState,Active,Dialog,is_zero.py,2,22
2024-11-13T10:46:03.637-05:00,IdeState,Active,Dialog,is_zero.py,2,22
2024-11-13T10:46:04.638-05:00,IdeState,Active,Dialog,is_zero.py,2,22
2024-11-13T10:46:05.640-05:00,IdeState,Active,Dialog,is_zero.py,2,22
2024-11-13T10:46:06.642-05:00,IdeState,Active,Dialog,is_zero.py,2,22
2024-11-13T10:46:07.644-05:00,IdeState,Active,Dialog,is_zero.py,2,22
2024-11-13T10:46:08.644-05:00,IdeState,Active,Dialog,is_zero.py,2,22
2024-11-13T10:46:09.645-05:00,IdeState,Active,Dialog,is_zero.py,2,22
2024-11-13T10:46:10.646-05:00,IdeState,Active,Dialog,is_zero.py,2,22
2024-11-13T10:46:11.648-05:00,IdeState,Active,Dialog,is_zero.py,2,22
2024-11-13T10:46:12.650-05:00,IdeState,Active,Dialog,is_zero.py,2,22
2024-11-13T10:46:13.651-05:00,IdeState,Active,Dialog,is_zero.py,2,22
2024-11-13T10:46:14.654-05:00,IdeState,Active,Dialog,is_zero.py,2,22
2024-11-13T10:46:15.654-05:00,IdeState,Active,Dialog,is_zero.py,2,22
2024-11-13T10:46:16.656-05:00,IdeState,Active,Dialog,is_zero.py,2,22
2024-11-13T10:46:17.658-05:00,IdeState,Active,Dialog,is_zero.py,2,22
2024-11-13T10:46:18.659-05:00,IdeState,Active,Dialog,is_zero.py,2,22
2024-11-13T10:46:19.660-05:00,IdeState,Active,Dialog,is_zero.py,2,22
2024-11-13T10:46:20.661-05:00,IdeState,Active,Dialog,is_zero.py,2,22
2024-11-13T10:46:21.662-05:00,IdeState,Active,Dialog,is_zero.py,2,22
2024-11-13T10:46:22.663-05:00,IdeState,Active,Dialog,is_zero.py,2,22
2024-11-13T10:46:23.665-05:00,IdeState,Active,Dialog,is_zero.py,2,22
2024-11-13T10:46:24.667-05:00,IdeState,Active,Dialog,is_zero.py,2,22
2024-11-13T10:46:25.667-05:00,IdeState,Active,Dialog,is_zero.py,2,22
2024-11-13T10:46:26.667-05:00,IdeState,Active,Dialog,is_zero.py,2,22
2024-11-13T10:46:27.669-05:00,IdeState,Active,Dialog,is_zero.py,2,22
2024-11-13T10:46:28.676-05:00,IdeState,Active,Dialog,is_zero.py,2,22
2024-11-13T10:46:29.681-05:00,IdeState,Active,Dialog,is_zero.py,2,22
2024-11-13T10:46:30.683-05:00,IdeState,Active,Dialog,is_zero.py,2,22
2024-11-13T10:46:31.685-05:00,IdeState,Active,Dialog,is_zero.py,2,22
2024-11-13T10:46:32.685-05:00,IdeState,Active,Dialog,is_zero.py,2,22
2024-11-13T10:46:33.688-05:00,IdeState,Active,Dialog,is_zero.py,2,22
2024-11-13T10:46:34.688-05:00,IdeState,Active,Dialog,is_zero.py,2,22
2024-11-13T10:46:35.690-05:00,IdeState,Active,Dialog,is_zero.py,2,22
2024-11-13T10:46:36.693-05:00,IdeState,Active,Dialog,is_zero.py,2,22
2024-11-13T10:46:37.694-05:00,IdeState,Active,Dialog,is_zero.py,2,22
2024-11-13T10:46:38.695-05:00,IdeState,Active,Dialog,is_zero.py,2,22
2024-11-13T10:46:39.696-05:00,IdeState,Active,Dialog,is_zero.py,2,22
2024-11-13T10:46:40.697-05:00,IdeState,Active,Dialog,is_zero.py,2,22
2024-11-13T10:46:41.699-05:00,IdeState,Active,Dialog,is_zero.py,2,22
2024-11-13T10:46:42.702-05:00,IdeState,Active,Dialog,is_zero.py,2,22
2024-11-13T10:46:43.704-05:00,IdeState,Active,Dialog,is_zero.py,2,22
2024-11-13T10:46:44.704-05:00,IdeState,Active,Dialog,is_zero.py,2,22
2024-11-13T10:46:45.717-05:00,IdeState,Active,Dialog,is_zero.py,2,22
2024-11-13T10:46:46.718-05:00,IdeState,Active,Dialog,is_zero.py,2,22
2024-11-13T10:46:47.719-05:00,IdeState,Active,Dialog,is_zero.py,2,22
2024-11-13T10:46:48.720-05:00,IdeState,Active,Dialog,is_zero.py,2,22
2024-11-13T10:46:49.721-05:00,IdeState,Active,Dialog,is_zero.py,2,22
2024-11-13T10:46:50.723-05:00,IdeState,Active,Dialog,is_zero.py,2,22
2024-11-13T10:46:51.725-05:00,IdeState,Active,Dialog,is_zero.py,2,22
2024-11-13T10:46:52.727-05:00,IdeState,Active,Dialog,is_zero.py,2,22
2024-11-13T10:46:53.728-05:00,IdeState,Active,Dialog,is_zero.py,2,22
2024-11-13T10:46:54.729-05:00,IdeState,Active,Dialog,is_zero.py,2,22
2024-11-13T10:46:55.730-05:00,IdeState,Active,Dialog,is_zero.py,2,22
2024-11-13T10:46:56.731-05:00,IdeState,Active,Dialog,is_zero.py,2,22
2024-11-13T10:46:57.733-05:00,IdeState,Active,Dialog,is_zero.py,2,22
2024-11-13T10:46:58.735-05:00,IdeState,Active,Dialog,is_zero.py,2,22
2024-11-13T10:46:59.737-05:00,IdeState,Active,Dialog,is_zero.py,2,22
2024-11-13T10:47:00.739-05:00,IdeState,Active,Dialog,is_zero.py,2,22
2024-11-13T10:47:01.740-05:00,IdeState,Active,Dialog,is_zero.py,2,22
2024-11-13T10:47:02.740-05:00,IdeState,Active,Dialog,is_zero.py,2,22
2024-11-13T10:47:03.742-05:00,IdeState,Active,Dialog,is_zero.py,2,22
2024-11-13T10:47:04.743-05:00,IdeState,Active,Dialog,is_zero.py,2,22
2024-11-13T10:47:05.744-05:00,IdeState,Active,Dialog,is_zero.py,2,22
2024-11-13T10:47:06.744-05:00,IdeState,Active,Dialog,is_zero.py,2,22
2024-11-13T10:47:07.745-05:00,IdeState,Active,Dialog,is_zero.py,2,22
2024-11-13T10:47:08.747-05:00,IdeState,Active,Dialog,is_zero.py,2,22
2024-11-13T10:47:09.752-05:00,IdeState,Active,Dialog,is_zero.py,2,22
2024-11-13T10:47:10.753-05:00,IdeState,Active,Dialog,is_zero.py,2,22
2024-11-13T10:47:11.754-05:00,IdeState,Active,Dialog,is_zero.py,2,22
2024-11-13T10:47:12.756-05:00,IdeState,Active,Dialog,is_zero.py,2,22
2024-11-13T10:47:13.757-05:00,IdeState,Active,Dialog,is_zero.py,2,22
2024-11-13T10:47:14.758-05:00,IdeState,Active,Dialog,is_zero.py,2,22
2024-11-13T10:47:15.761-05:00,IdeState,Active,Dialog,is_zero.py,2,22
2024-11-13T10:47:16.762-05:00,IdeState,Active,Dialog,is_zero.py,2,22
2024-11-13T10:47:17.763-05:00,IdeState,Active,Dialog,is_zero.py,2,22
2024-11-13T10:47:18.764-05:00,IdeState,Active,Dialog,is_zero.py,2,22
2024-11-13T10:47:19.765-05:00,IdeState,Active,Dialog,is_zero.py,2,22
2024-11-13T10:47:20.766-05:00,IdeState,Active,Dialog,is_zero.py,2,22
2024-11-13T10:47:21.769-05:00,IdeState,Active,Dialog,is_zero.py,2,22
2024-11-13T10:47:22.771-05:00,IdeState,Active,Dialog,is_zero.py,2,22
2024-11-13T10:47:23.772-05:00,IdeState,Active,Dialog,is_zero.py,2,22
2024-11-13T10:47:24.774-05:00,IdeState,Active,Dialog,is_zero.py,2,22
2024-11-13T10:47:25.775-05:00,IdeState,Active,Dialog,is_zero.py,2,22
2024-11-13T10:47:26.776-05:00,IdeState,Active,Dialog,is_zero.py,2,22
2024-11-13T10:47:27.778-05:00,IdeState,Active,Dialog,is_zero.py,2,22
2024-11-13T10:47:28.779-05:00,IdeState,Active,Dialog,is_zero.py,2,22
2024-11-13T10:47:29.780-05:00,IdeState,Active,Dialog,is_zero.py,2,22
2024-11-13T10:47:30.782-05:00,IdeState,Active,Dialog,is_zero.py,2,22
2024-11-13T10:47:31.783-05:00,IdeState,Active,Dialog,is_zero.py,2,22
2024-11-13T10:47:32.784-05:00,IdeState,Active,Dialog,is_zero.py,2,22
2024-11-13T10:47:33.784-05:00,IdeState,Active,Dialog,is_zero.py,2,22
2024-11-13T10:47:34.785-05:00,IdeState,Active,Dialog,is_zero.py,2,22
2024-11-13T10:47:35.786-05:00,IdeState,Active,Dialog,is_zero.py,2,22
2024-11-13T10:47:36.788-05:00,IdeState,Active,Dialog,is_zero.py,2,22
2024-11-13T10:47:37.789-05:00,IdeState,Active,Dialog,is_zero.py,2,22
2024-11-13T10:47:38.791-05:00,IdeState,Active,Dialog,is_zero.py,2,22
2024-11-13T10:47:39.791-05:00,IdeState,Active,Dialog,is_zero.py,2,22
2024-11-13T10:47:40.792-05:00,IdeState,Active,Dialog,is_zero.py,2,22
2024-11-13T10:47:41.794-05:00,IdeState,Active,Dialog,is_zero.py,2,22
2024-11-13T10:47:42.795-05:00,IdeState,Active,Dialog,is_zero.py,2,22
2024-11-13T10:47:43.797-05:00,IdeState,Active,Dialog,is_zero.py,2,22
2024-11-13T10:47:44.798-05:00,IdeState,Active,Dialog,is_zero.py,2,22
2024-11-13T10:47:45.800-05:00,IdeState,Active,Dialog,is_zero.py,2,22
2024-11-13T10:47:46.802-05:00,IdeState,Active,Dialog,is_zero.py,2,22
2024-11-13T10:47:47.803-05:00,IdeState,Active,Dialog,is_zero.py,2,22
2024-11-13T10:47:48.804-05:00,IdeState,Active,Dialog,is_zero.py,2,22
2024-11-13T10:47:49.805-05:00,IdeState,Active,Dialog,is_zero.py,2,22
2024-11-13T10:47:50.807-05:00,IdeState,Active,Dialog,is_zero.py,2,22
2024-11-13T10:47:51.809-05:00,IdeState,Active,Dialog,is_zero.py,2,22
2024-11-13T10:47:52.810-05:00,IdeState,Active,Dialog,is_zero.py,2,22
2024-11-13T10:47:53.812-05:00,IdeState,Active,Dialog,is_zero.py,2,22
2024-11-13T10:47:54.814-05:00,IdeState,Active,Dialog,is_zero.py,2,22
2024-11-13T10:47:55.816-05:00,IdeState,Active,Dialog,is_zero.py,2,22
2024-11-13T10:47:56.818-05:00,IdeState,Active,Dialog,is_zero.py,2,22
2024-11-13T10:47:57.820-05:00,IdeState,Active,Dialog,is_zero.py,2,22
2024-11-13T10:47:58.821-05:00,IdeState,Active,Dialog,is_zero.py,2,22
2024-11-13T10:47:59.823-05:00,IdeState,Active,Dialog,is_zero.py,2,22
2024-11-13T10:48:00.826-05:00,IdeState,Active,Dialog,is_zero.py,2,22
2024-11-13T10:48:01.828-05:00,IdeState,Active,Dialog,is_zero.py,2,22
2024-11-13T10:48:02.830-05:00,IdeState,Active,Dialog,is_zero.py,2,22
2024-11-13T10:48:03.831-05:00,IdeState,Active,Dialog,is_zero.py,2,22
2024-11-13T10:48:04.832-05:00,IdeState,Active,Dialog,is_zero.py,2,22
2024-11-13T10:48:05.834-05:00,IdeState,Active,Dialog,is_zero.py,2,22
2024-11-13T10:48:06.835-05:00,IdeState,Active,Dialog,is_zero.py,2,22
2024-11-13T10:48:07.838-05:00,IdeState,Active,Dialog,is_zero.py,2,22
2024-11-13T10:48:08.839-05:00,IdeState,Active,Dialog,is_zero.py,2,22
2024-11-13T10:48:09.840-05:00,IdeState,Active,Dialog,is_zero.py,2,22
2024-11-13T10:48:10.841-05:00,IdeState,Active,Dialog,is_zero.py,2,22
2024-11-13T10:48:11.843-05:00,IdeState,Active,Dialog,is_zero.py,2,22
2024-11-13T10:48:12.845-05:00,IdeState,Active,Dialog,is_zero.py,2,22
2024-11-13T10:48:13.846-05:00,IdeState,Active,Dialog,is_zero.py,2,22
2024-11-13T10:48:14.847-05:00,IdeState,Active,Dialog,is_zero.py,2,22
2024-11-13T10:48:15.849-05:00,IdeState,Active,Dialog,is_zero.py,2,22
2024-11-13T10:48:16.850-05:00,IdeState,Active,Dialog,is_zero.py,2,22
2024-11-13T10:48:17.851-05:00,IdeState,Active,Dialog,is_zero.py,2,22
2024-11-13T10:48:18.853-05:00,IdeState,Active,Dialog,is_zero.py,2,22
2024-11-13T10:48:19.854-05:00,IdeState,Active,Dialog,is_zero.py,2,22
2024-11-13T10:48:20.855-05:00,IdeState,Active,Dialog,is_zero.py,2,22
2024-11-13T10:48:21.855-05:00,IdeState,Active,Dialog,is_zero.py,2,22
2024-11-13T10:48:22.856-05:00,IdeState,Active,Dialog,is_zero.py,2,22
2024-11-13T10:48:23.858-05:00,IdeState,Active,Dialog,is_zero.py,2,22
2024-11-13T10:48:24.860-05:00,IdeState,Active,Dialog,is_zero.py,2,22
2024-11-13T10:48:25.862-05:00,IdeState,Active,Dialog,is_zero.py,2,22
2024-11-13T10:48:26.863-05:00,IdeState,Active,Dialog,is_zero.py,2,22
2024-11-13T10:48:27.865-05:00,IdeState,Active,Dialog,is_zero.py,2,22
2024-11-13T10:48:28.866-05:00,IdeState,Active,Dialog,is_zero.py,2,22
2024-11-13T10:48:29.868-05:00,IdeState,Active,Dialog,is_zero.py,2,22
2024-11-13T10:48:30.869-05:00,IdeState,Active,Dialog,is_zero.py,2,22
2024-11-13T10:48:31.870-05:00,IdeState,Active,Dialog,is_zero.py,2,22
2024-11-13T10:48:32.871-05:00,IdeState,Active,Dialog,is_zero.py,2,22
2024-11-13T10:48:33.873-05:00,IdeState,Active,Dialog,is_zero.py,2,22
2024-11-13T10:48:34.873-05:00,IdeState,Active,Dialog,is_zero.py,2,22
2024-11-13T10:48:35.876-05:00,IdeState,Active,Dialog,is_zero.py,2,22
2024-11-13T10:48:36.877-05:00,IdeState,Active,Dialog,is_zero.py,2,22
2024-11-13T10:48:37.878-05:00,IdeState,Active,Dialog,is_zero.py,2,22
2024-11-13T10:48:38.880-05:00,IdeState,Active,Dialog,is_zero.py,2,22
2024-11-13T10:48:39.881-05:00,IdeState,Active,Dialog,is_zero.py,2,22
2024-11-13T10:48:40.883-05:00,IdeState,Active,Dialog,is_zero.py,2,22
2024-11-13T10:48:41.885-05:00,IdeState,Active,Dialog,is_zero.py,2,22
2024-11-13T10:48:42.886-05:00,IdeState,Active,Dialog,is_zero.py,2,22
2024-11-13T10:48:43.888-05:00,IdeState,Active,Dialog,is_zero.py,2,22
2024-11-13T10:48:44.889-05:00,IdeState,Active,Dialog,is_zero.py,2,22
2024-11-13T10:48:45.890-05:00,IdeState,Active,Dialog,is_zero.py,2,22
2024-11-13T10:48:46.890-05:00,IdeState,Active,Dialog,is_zero.py,2,22
2024-11-13T10:48:47.891-05:00,IdeState,Active,Dialog,is_zero.py,2,22
2024-11-13T10:48:48.893-05:00,IdeState,Active,Dialog,is_zero.py,2,22
2024-11-13T10:48:49.895-05:00,IdeState,Active,Dialog,is_zero.py,2,22
2024-11-13T10:48:50.896-05:00,IdeState,Active,Dialog,is_zero.py,2,22
2024-11-13T10:48:51.899-05:00,IdeState,Active,Dialog,is_zero.py,2,22
2024-11-13T10:48:52.900-05:00,IdeState,Active,Dialog,is_zero.py,2,22
2024-11-13T10:48:53.901-05:00,IdeState,Active,Dialog,is_zero.py,2,22
2024-11-13T10:48:54.902-05:00,IdeState,Active,Dialog,is_zero.py,2,22
2024-11-13T10:48:55.904-05:00,IdeState,Active,Dialog,is_zero.py,2,22
2024-11-13T10:48:56.905-05:00,IdeState,Active,Dialog,is_zero.py,2,22
2024-11-13T10:48:57.907-05:00,IdeState,Active,Dialog,is_zero.py,2,22
2024-11-13T10:48:58.908-05:00,IdeState,Active,Dialog,is_zero.py,2,22
2024-11-13T10:48:59.908-05:00,IdeState,Active,Dialog,is_zero.py,2,22
2024-11-13T10:49:00.911-05:00,IdeState,Active,Dialog,is_zero.py,2,22
2024-11-13T10:49:01.912-05:00,IdeState,Active,Dialog,is_zero.py,2,22
2024-11-13T10:49:02.913-05:00,IdeState,Active,Dialog,is_zero.py,2,22
2024-11-13T10:49:03.915-05:00,IdeState,Active,Dialog,is_zero.py,2,22
2024-11-13T10:49:04.917-05:00,IdeState,Active,Dialog,is_zero.py,2,22
2024-11-13T10:49:05.918-05:00,IdeState,Active,Dialog,is_zero.py,2,22
2024-11-13T10:49:06.921-05:00,IdeState,Active,Dialog,is_zero.py,2,22
2024-11-13T10:49:07.922-05:00,IdeState,Active,Dialog,is_zero.py,2,22
2024-11-13T10:49:08.925-05:00,IdeState,Active,Dialog,is_zero.py,2,22
2024-11-13T10:49:09.926-05:00,IdeState,Active,Dialog,is_zero.py,2,22
2024-11-13T10:49:10.927-05:00,IdeState,Active,Dialog,is_zero.py,2,22
2024-11-13T10:49:11.927-05:00,IdeState,Active,Dialog,is_zero.py,2,22
2024-11-13T10:49:12.930-05:00,IdeState,Active,Dialog,is_zero.py,2,22
2024-11-13T10:49:13.932-05:00,IdeState,Active,Dialog,is_zero.py,2,22
2024-11-13T10:49:14.934-05:00,IdeState,Active,Dialog,is_zero.py,2,22
2024-11-13T10:49:15.934-05:00,IdeState,Active,Dialog,is_zero.py,2,22
2024-11-13T10:49:16.935-05:00,IdeState,Active,Dialog,is_zero.py,2,22
2024-11-13T10:49:17.937-05:00,IdeState,Active,Dialog,is_zero.py,2,22
2024-11-13T10:49:18.937-05:00,IdeState,Active,Dialog,is_zero.py,2,22
2024-11-13T10:49:19.939-05:00,IdeState,Active,Dialog,is_zero.py,2,22
2024-11-13T10:49:20.939-05:00,IdeState,Active,Dialog,is_zero.py,2,22
2024-11-13T10:49:21.940-05:00,IdeState,Active,Dialog,is_zero.py,2,22
2024-11-13T10:49:22.942-05:00,IdeState,Active,Dialog,is_zero.py,2,22
2024-11-13T10:49:23.943-05:00,IdeState,Active,Dialog,is_zero.py,2,22
2024-11-13T10:49:24.944-05:00,IdeState,Active,Dialog,is_zero.py,2,22
2024-11-13T10:49:25.947-05:00,IdeState,Active,Dialog,is_zero.py,2,22
2024-11-13T10:49:26.948-05:00,IdeState,Active,Dialog,is_zero.py,2,22
2024-11-13T10:49:27.948-05:00,IdeState,Active,Dialog,is_zero.py,2,22
2024-11-13T10:49:28.950-05:00,IdeState,Active,Dialog,is_zero.py,2,22
2024-11-13T10:49:29.953-05:00,IdeState,Active,Dialog,is_zero.py,2,22
2024-11-13T10:49:30.955-05:00,IdeState,Active,Dialog,is_zero.py,2,22
2024-11-13T10:49:31.956-05:00,IdeState,Active,Dialog,is_zero.py,2,22
2024-11-13T10:49:32.957-05:00,IdeState,Active,Dialog,is_zero.py,2,22
2024-11-13T10:49:33.957-05:00,IdeState,Active,Dialog,is_zero.py,2,22
2024-11-13T10:49:34.958-05:00,IdeState,Active,Dialog,is_zero.py,2,22
2024-11-13T10:49:35.960-05:00,IdeState,Active,Dialog,is_zero.py,2,22
2024-11-13T10:49:36.961-05:00,IdeState,Active,Dialog,is_zero.py,2,22
2024-11-13T10:49:37.962-05:00,IdeState,Active,Dialog,is_zero.py,2,22
2024-11-13T10:49:38.963-05:00,IdeState,Active,Dialog,is_zero.py,2,22
2024-11-13T10:49:39.964-05:00,IdeState,Active,Dialog,is_zero.py,2,22
2024-11-13T10:49:40.965-05:00,IdeState,Active,Dialog,is_zero.py,2,22
2024-11-13T10:49:41.966-05:00,IdeState,Active,Dialog,is_zero.py,2,22
2024-11-13T10:49:42.970-05:00,IdeState,Active,Dialog,is_zero.py,2,22
2024-11-13T10:49:43.972-05:00,IdeState,Active,Dialog,is_zero.py,2,22
2024-11-13T10:49:44.974-05:00,IdeState,Active,Dialog,is_zero.py,2,22
2024-11-13T10:49:45.975-05:00,IdeState,Active,Dialog,is_zero.py,2,22
2024-11-13T10:49:46.976-05:00,IdeState,Active,Dialog,is_zero.py,2,22
2024-11-13T10:49:47.978-05:00,IdeState,Active,Dialog,is_zero.py,2,22
2024-11-13T10:49:48.981-05:00,IdeState,Active,Dialog,is_zero.py,2,22
2024-11-13T10:49:49.983-05:00,IdeState,Active,Dialog,is_zero.py,2,22
2024-11-13T10:49:50.984-05:00,IdeState,Active,Dialog,is_zero.py,2,22
2024-11-13T10:49:51.987-05:00,IdeState,Active,Dialog,is_zero.py,2,22
2024-11-13T10:49:52.988-05:00,IdeState,Active,Dialog,is_zero.py,2,22
2024-11-13T10:49:53.990-05:00,IdeState,Active,Dialog,is_zero.py,2,22
2024-11-13T10:49:54.991-05:00,IdeState,Active,Dialog,is_zero.py,2,22
2024-11-13T10:49:55.992-05:00,IdeState,Active,Dialog,is_zero.py,2,22
2024-11-13T10:49:56.994-05:00,IdeState,Active,Dialog,is_zero.py,2,22
2024-11-13T10:49:57.996-05:00,IdeState,Active,Dialog,is_zero.py,2,22
2024-11-13T10:49:58.997-05:00,IdeState,Active,Dialog,is_zero.py,2,22
2024-11-13T10:49:59.998-05:00,IdeState,Active,Dialog,is_zero.py,2,22
2024-11-13T10:50:00.999-05:00,IdeState,Active,Dialog,is_zero.py,2,22
2024-11-13T10:50:02.001-05:00,IdeState,Active,Dialog,is_zero.py,2,22
2024-11-13T10:50:03.003-05:00,IdeState,Active,Dialog,is_zero.py,2,22
2024-11-13T10:50:04.003-05:00,IdeState,Active,Dialog,is_zero.py,2,22
2024-11-13T10:50:05.004-05:00,IdeState,Active,Dialog,is_zero.py,2,22
2024-11-13T10:50:06.007-05:00,IdeState,Active,Dialog,is_zero.py,2,22
2024-11-13T10:50:07.009-05:00,IdeState,Active,Dialog,is_zero.py,2,22
2024-11-13T10:50:08.010-05:00,IdeState,Active,Dialog,is_zero.py,2,22
2024-11-13T10:50:09.010-05:00,IdeState,Active,Dialog,is_zero.py,2,22
2024-11-13T10:50:10.013-05:00,IdeState,Active,Dialog,is_zero.py,2,22
2024-11-13T10:50:11.014-05:00,IdeState,Active,Dialog,is_zero.py,2,22
2024-11-13T10:50:12.015-05:00,IdeState,Active,Dialog,is_zero.py,2,22
2024-11-13T10:50:13.017-05:00,IdeState,Active,Dialog,is_zero.py,2,22
2024-11-13T10:50:14.020-05:00,IdeState,Active,Dialog,is_zero.py,2,22
2024-11-13T10:50:15.020-05:00,IdeState,Active,Dialog,is_zero.py,2,22
2024-11-13T10:50:16.021-05:00,IdeState,Active,Dialog,is_zero.py,2,22
2024-11-13T10:50:17.023-05:00,IdeState,Active,Dialog,is_zero.py,2,22
2024-11-13T10:50:18.024-05:00,IdeState,Active,Dialog,is_zero.py,2,22
2024-11-13T10:50:19.025-05:00,IdeState,Active,Dialog,is_zero.py,2,22
2024-11-13T10:50:20.026-05:00,IdeState,Active,Dialog,is_zero.py,2,22
2024-11-13T10:50:21.029-05:00,IdeState,Active,Dialog,is_zero.py,2,22
2024-11-13T10:50:22.030-05:00,IdeState,Active,Dialog,is_zero.py,2,22
2024-11-13T10:50:23.031-05:00,IdeState,Active,Dialog,is_zero.py,2,22
2024-11-13T10:50:24.033-05:00,IdeState,Active,Dialog,is_zero.py,2,22
2024-11-13T10:50:25.036-05:00,IdeState,Active,Dialog,is_zero.py,2,22
2024-11-13T10:50:26.036-05:00,IdeState,Active,Dialog,is_zero.py,2,22
2024-11-13T10:50:27.037-05:00,IdeState,Active,Dialog,is_zero.py,2,22
2024-11-13T10:50:28.039-05:00,IdeState,Active,Dialog,is_zero.py,2,22
2024-11-13T10:50:29.040-05:00,IdeState,Active,Dialog,is_zero.py,2,22
2024-11-13T10:50:30.041-05:00,IdeState,Active,Dialog,is_zero.py,2,22
2024-11-13T10:50:31.043-05:00,IdeState,Active,Dialog,is_zero.py,2,22
2024-11-13T10:50:32.045-05:00,IdeState,Active,Dialog,is_zero.py,2,22
2024-11-13T10:50:33.047-05:00,IdeState,Active,Dialog,is_zero.py,2,22
2024-11-13T10:50:34.049-05:00,IdeState,Active,Dialog,is_zero.py,2,22
2024-11-13T10:50:35.050-05:00,IdeState,Active,Dialog,is_zero.py,2,22
2024-11-13T10:50:36.051-05:00,IdeState,Active,Dialog,is_zero.py,2,22
2024-11-13T10:50:37.053-05:00,IdeState,Active,Dialog,is_zero.py,2,22
2024-11-13T10:50:38.053-05:00,IdeState,Active,Dialog,is_zero.py,2,22
2024-11-13T10:50:39.054-05:00,IdeState,Active,Dialog,is_zero.py,2,22
2024-11-13T10:50:40.056-05:00,IdeState,Active,Dialog,is_zero.py,2,22
2024-11-13T10:50:41.059-05:00,IdeState,Active,Dialog,is_zero.py,2,22
2024-11-13T10:50:42.060-05:00,IdeState,Active,Dialog,is_zero.py,2,22
2024-11-13T10:50:43.061-05:00,IdeState,Active,Dialog,is_zero.py,2,22
2024-11-13T10:50:44.063-05:00,IdeState,Active,Dialog,is_zero.py,2,22
2024-11-13T10:50:45.065-05:00,IdeState,Active,Dialog,is_zero.py,2,22
2024-11-13T10:50:46.068-05:00,IdeState,Active,Dialog,is_zero.py,2,22
2024-11-13T10:50:47.071-05:00,IdeState,Active,Dialog,is_zero.py,2,22
2024-11-13T10:50:48.073-05:00,IdeState,Active,Dialog,is_zero.py,2,22
2024-11-13T10:50:49.074-05:00,IdeState,Active,Dialog,is_zero.py,2,22
2024-11-13T10:50:50.075-05:00,IdeState,Active,Dialog,is_zero.py,2,22
2024-11-13T10:50:51.076-05:00,IdeState,Active,Dialog,is_zero.py,2,22
2024-11-13T10:50:52.077-05:00,IdeState,Active,Dialog,is_zero.py,2,22
2024-11-13T10:50:53.078-05:00,IdeState,Active,Dialog,is_zero.py,2,22
2024-11-13T10:50:54.080-05:00,IdeState,Active,Dialog,is_zero.py,2,22
2024-11-13T10:50:55.081-05:00,IdeState,Active,Dialog,is_zero.py,2,22
2024-11-13T10:50:56.083-05:00,IdeState,Active,Dialog,is_zero.py,2,22
2024-11-13T10:50:57.084-05:00,IdeState,Active,Dialog,is_zero.py,2,22
2024-11-13T10:50:58.085-05:00,IdeState,Active,Dialog,is_zero.py,2,22
2024-11-13T10:50:59.087-05:00,IdeState,Active,Dialog,is_zero.py,2,22
2024-11-13T10:51:00.090-05:00,IdeState,Active,Dialog,is_zero.py,2,22
2024-11-13T10:51:01.090-05:00,IdeState,Active,Dialog,is_zero.py,2,22
2024-11-13T10:51:02.092-05:00,IdeState,Active,Dialog,is_zero.py,2,22
2024-11-13T10:51:03.093-05:00,IdeState,Active,Dialog,is_zero.py,2,22
2024-11-13T10:51:04.094-05:00,IdeState,Active,Dialog,is_zero.py,2,22
2024-11-13T10:51:05.095-05:00,IdeState,Active,Dialog,is_zero.py,2,22
2024-11-13T10:51:06.096-05:00,IdeState,Active,Dialog,is_zero.py,2,22
2024-11-13T10:51:07.097-05:00,IdeState,Active,Dialog,is_zero.py,2,22
2024-11-13T10:51:08.100-05:00,IdeState,Active,Dialog,is_zero.py,2,22
2024-11-13T10:51:09.101-05:00,IdeState,Active,Dialog,is_zero.py,2,22
2024-11-13T10:51:10.103-05:00,IdeState,Active,Dialog,is_zero.py,2,22
2024-11-13T10:51:11.103-05:00,IdeState,Active,Dialog,is_zero.py,2,22
2024-11-13T10:51:12.105-05:00,IdeState,Active,Dialog,is_zero.py,2,22
2024-11-13T10:51:13.106-05:00,IdeState,Active,Dialog,is_zero.py,2,22
2024-11-13T10:51:14.107-05:00,IdeState,Active,Dialog,is_zero.py,2,22
2024-11-13T10:51:15.108-05:00,IdeState,Active,Dialog,is_zero.py,2,22
2024-11-13T10:51:16.109-05:00,IdeState,Active,Dialog,is_zero.py,2,22
2024-11-13T10:51:17.111-05:00,IdeState,Active,Dialog,is_zero.py,2,22
2024-11-13T10:51:18.112-05:00,IdeState,Active,Dialog,is_zero.py,2,22
2024-11-13T10:51:19.116-05:00,IdeState,Active,Dialog,is_zero.py,2,22
2024-11-13T10:51:20.118-05:00,IdeState,Active,Dialog,is_zero.py,2,22
2024-11-13T10:51:21.118-05:00,IdeState,Active,Dialog,is_zero.py,2,22
2024-11-13T10:51:22.122-05:00,IdeState,Active,Dialog,is_zero.py,2,22
2024-11-13T10:51:23.123-05:00,IdeState,Active,Dialog,is_zero.py,2,22
2024-11-13T10:51:24.124-05:00,IdeState,Active,Dialog,is_zero.py,2,22
2024-11-13T10:51:25.126-05:00,IdeState,Active,Dialog,is_zero.py,2,22
2024-11-13T10:51:26.129-05:00,IdeState,Active,Dialog,is_zero.py,2,22
2024-11-13T10:51:27.130-05:00,IdeState,Active,Dialog,is_zero.py,2,22
2024-11-13T10:51:28.130-05:00,IdeState,Active,Dialog,is_zero.py,2,22
2024-11-13T10:51:29.132-05:00,IdeState,Active,Dialog,is_zero.py,2,22
2024-11-13T10:51:30.133-05:00,IdeState,Active,Dialog,is_zero.py,2,22
2024-11-13T10:51:31.135-05:00,IdeState,Active,Dialog,is_zero.py,2,22
2024-11-13T10:51:32.136-05:00,IdeState,Active,Dialog,is_zero.py,2,22
2024-11-13T10:51:33.138-05:00,IdeState,Active,Dialog,is_zero.py,2,22
2024-11-13T10:51:34.139-05:00,IdeState,Active,Dialog,is_zero.py,2,22
2024-11-13T10:51:35.141-05:00,IdeState,Active,Dialog,is_zero.py,2,22
2024-11-13T10:51:36.142-05:00,IdeState,Active,Dialog,is_zero.py,2,22
2024-11-13T10:51:37.143-05:00,IdeState,Active,Dialog,is_zero.py,2,22
2024-11-13T10:51:38.144-05:00,IdeState,Active,Dialog,is_zero.py,2,22
2024-11-13T10:51:39.146-05:00,IdeState,Active,Dialog,is_zero.py,2,22
2024-11-13T10:51:40.149-05:00,IdeState,Active,Dialog,is_zero.py,2,22
2024-11-13T10:51:41.150-05:00,IdeState,Active,Dialog,is_zero.py,2,22
2024-11-13T10:51:42.151-05:00,IdeState,Active,Dialog,is_zero.py,2,22
2024-11-13T10:51:43.151-05:00,IdeState,Active,Dialog,is_zero.py,2,22
2024-11-13T10:51:44.152-05:00,IdeState,Active,Dialog,is_zero.py,2,22
2024-11-13T10:51:45.153-05:00,IdeState,Active,Dialog,is_zero.py,2,22
2024-11-13T10:51:46.154-05:00,IdeState,Active,Dialog,is_zero.py,2,22
2024-11-13T10:51:47.156-05:00,IdeState,Active,Dialog,is_zero.py,2,22
2024-11-13T10:51:48.158-05:00,IdeState,Active,Dialog,is_zero.py,2,22
2024-11-13T10:51:49.159-05:00,IdeState,Active,Dialog,is_zero.py,2,22
2024-11-13T10:51:50.160-05:00,IdeState,Active,Dialog,is_zero.py,2,22
2024-11-13T10:51:51.162-05:00,IdeState,Active,Dialog,is_zero.py,2,22
2024-11-13T10:51:52.163-05:00,IdeState,Active,Dialog,is_zero.py,2,22
2024-11-13T10:51:53.164-05:00,IdeState,Active,Dialog,is_zero.py,2,22
2024-11-13T10:51:54.167-05:00,IdeState,Active,Dialog,is_zero.py,2,22
2024-11-13T10:51:55.168-05:00,IdeState,Active,Dialog,is_zero.py,2,22
2024-11-13T10:51:56.170-05:00,IdeState,Active,Dialog,is_zero.py,2,22
2024-11-13T10:51:57.170-05:00,IdeState,Active,Dialog,is_zero.py,2,22
2024-11-13T10:51:58.171-05:00,IdeState,Active,Dialog,is_zero.py,2,22
2024-11-13T10:51:59.174-05:00,IdeState,Active,Dialog,is_zero.py,2,22
2024-11-13T10:52:00.176-05:00,IdeState,Active,Dialog,is_zero.py,2,22
2024-11-13T10:52:01.177-05:00,IdeState,Active,Dialog,is_zero.py,2,22
2024-11-13T10:52:02.177-05:00,IdeState,Active,Dialog,is_zero.py,2,22
2024-11-13T10:52:03.179-05:00,IdeState,Active,Dialog,is_zero.py,2,22
2024-11-13T10:52:04.180-05:00,IdeState,Active,Dialog,is_zero.py,2,22
2024-11-13T10:52:05.181-05:00,IdeState,Active,Dialog,is_zero.py,2,22
2024-11-13T10:52:06.183-05:00,IdeState,Active,Dialog,is_zero.py,2,22
2024-11-13T10:52:07.185-05:00,IdeState,Active,Dialog,is_zero.py,2,22
2024-11-13T10:52:08.187-05:00,IdeState,Active,Dialog,is_zero.py,2,22
2024-11-13T10:52:09.188-05:00,IdeState,Active,Dialog,is_zero.py,2,22
2024-11-13T10:52:10.189-05:00,IdeState,Active,Dialog,is_zero.py,2,22
2024-11-13T10:52:11.190-05:00,IdeState,Active,Dialog,is_zero.py,2,22
2024-11-13T10:52:12.192-05:00,IdeState,Active,Dialog,is_zero.py,2,22
2024-11-13T10:52:13.193-05:00,IdeState,Active,Dialog,is_zero.py,2,22
2024-11-13T10:52:14.194-05:00,IdeState,Active,Dialog,is_zero.py,2,22
2024-11-13T10:52:15.195-05:00,IdeState,Active,Dialog,is_zero.py,2,22
2024-11-13T10:52:16.196-05:00,IdeState,Active,Dialog,is_zero.py,2,22
2024-11-13T10:52:17.196-05:00,IdeState,Active,Dialog,is_zero.py,2,22
2024-11-13T10:52:18.197-05:00,IdeState,Active,Dialog,is_zero.py,2,22
2024-11-13T10:52:19.199-05:00,IdeState,Active,Dialog,is_zero.py,2,22
2024-11-13T10:52:20.199-05:00,IdeState,Active,Dialog,is_zero.py,2,22
2024-11-13T10:52:21.200-05:00,IdeState,Active,Dialog,is_zero.py,2,22
2024-11-13T10:52:22.203-05:00,IdeState,Active,Dialog,is_zero.py,2,22
2024-11-13T10:52:23.204-05:00,IdeState,Active,Dialog,is_zero.py,2,22
2024-11-13T10:52:24.206-05:00,IdeState,Active,Dialog,is_zero.py,2,22
2024-11-13T10:52:25.208-05:00,IdeState,Active,Dialog,is_zero.py,2,22
2024-11-13T10:52:26.209-05:00,IdeState,Active,Dialog,is_zero.py,2,22
2024-11-13T10:52:27.210-05:00,IdeState,Active,Dialog,is_zero.py,2,22
2024-11-13T10:52:28.212-05:00,IdeState,Active,Dialog,is_zero.py,2,22
2024-11-13T10:52:29.213-05:00,IdeState,Active,Dialog,is_zero.py,2,22
2024-11-13T10:52:30.215-05:00,IdeState,Active,Dialog,is_zero.py,2,22
2024-11-13T10:52:31.217-05:00,IdeState,Active,Dialog,is_zero.py,2,22
2024-11-13T10:52:32.219-05:00,IdeState,Active,Dialog,is_zero.py,2,22
2024-11-13T10:52:33.219-05:00,IdeState,Active,Dialog,is_zero.py,2,22
2024-11-13T10:52:34.221-05:00,IdeState,Active,Dialog,is_zero.py,2,22
2024-11-13T10:52:35.223-05:00,IdeState,Active,Dialog,is_zero.py,2,22
2024-11-13T10:52:36.224-05:00,IdeState,Active,Dialog,is_zero.py,2,22
2024-11-13T10:52:37.225-05:00,IdeState,Active,Dialog,is_zero.py,2,22
2024-11-13T10:52:38.226-05:00,IdeState,Active,Dialog,is_zero.py,2,22
2024-11-13T10:52:39.237-05:00,IdeState,Active,Dialog,is_zero.py,2,22
2024-11-13T10:52:40.238-05:00,IdeState,Active,Dialog,is_zero.py,2,22
2024-11-13T10:52:41.239-05:00,IdeState,Active,Dialog,is_zero.py,2,22
2024-11-13T10:52:42.240-05:00,IdeState,Active,Dialog,is_zero.py,2,22
2024-11-13T10:52:43.242-05:00,IdeState,Active,Dialog,is_zero.py,2,22
2024-11-13T10:52:44.244-05:00,IdeState,Active,Dialog,is_zero.py,2,22
2024-11-13T10:52:45.245-05:00,IdeState,Active,Dialog,is_zero.py,2,22
2024-11-13T10:52:46.248-05:00,IdeState,Active,Dialog,is_zero.py,2,22
2024-11-13T10:52:47.249-05:00,IdeState,Active,Dialog,is_zero.py,2,22
2024-11-13T10:52:48.250-05:00,IdeState,Active,Dialog,is_zero.py,2,22
2024-11-13T10:52:49.251-05:00,IdeState,Active,Dialog,is_zero.py,2,22
2024-11-13T10:52:50.253-05:00,IdeState,Active,Dialog,is_zero.py,2,22
2024-11-13T10:52:51.254-05:00,IdeState,Active,Dialog,is_zero.py,2,22
2024-11-13T10:52:52.255-05:00,IdeState,Active,Dialog,is_zero.py,2,22
2024-11-13T10:52:53.255-05:00,IdeState,Active,Dialog,is_zero.py,2,22
2024-11-13T10:52:54.258-05:00,IdeState,Active,Dialog,is_zero.py,2,22
2024-11-13T10:52:55.259-05:00,IdeState,Active,Dialog,is_zero.py,2,22
2024-11-13T10:52:56.260-05:00,IdeState,Active,Dialog,is_zero.py,2,22
2024-11-13T10:52:57.261-05:00,IdeState,Active,Dialog,is_zero.py,2,22
2024-11-13T10:52:58.263-05:00,IdeState,Active,Dialog,is_zero.py,2,22
2024-11-13T10:52:59.263-05:00,IdeState,Active,Dialog,is_zero.py,2,22
2024-11-13T10:53:00.263-05:00,IdeState,Active,Dialog,is_zero.py,2,22
2024-11-13T10:53:01.265-05:00,IdeState,Active,Dialog,is_zero.py,2,22
2024-11-13T10:53:02.267-05:00,IdeState,Active,Dialog,is_zero.py,2,22
2024-11-13T10:53:03.270-05:00,IdeState,Active,Dialog,is_zero.py,2,22
2024-11-13T10:53:04.271-05:00,IdeState,Active,Dialog,is_zero.py,2,22
2024-11-13T10:53:05.272-05:00,IdeState,Active,Dialog,is_zero.py,2,22
2024-11-13T10:53:06.274-05:00,IdeState,Active,Dialog,is_zero.py,2,22
2024-11-13T10:53:07.275-05:00,IdeState,Active,Dialog,is_zero.py,2,22
2024-11-13T10:53:08.276-05:00,IdeState,Active,Dialog,is_zero.py,2,22
2024-11-13T10:53:09.278-05:00,IdeState,Active,Dialog,is_zero.py,2,22
2024-11-13T10:53:10.280-05:00,IdeState,Active,Dialog,is_zero.py,2,22
2024-11-13T10:53:11.281-05:00,IdeState,Active,Dialog,is_zero.py,2,22
2024-11-13T10:53:12.284-05:00,IdeState,Active,Dialog,is_zero.py,2,22
2024-11-13T10:53:13.286-05:00,IdeState,Active,Dialog,is_zero.py,2,22
2024-11-13T10:53:14.288-05:00,IdeState,Active,Dialog,is_zero.py,2,22
2024-11-13T10:53:15.289-05:00,IdeState,Active,Dialog,is_zero.py,2,22
2024-11-13T10:53:16.291-05:00,IdeState,Active,Dialog,is_zero.py,2,22
2024-11-13T10:53:17.293-05:00,IdeState,Active,Dialog,is_zero.py,2,22
2024-11-13T10:53:18.294-05:00,IdeState,Active,Dialog,is_zero.py,2,22
2024-11-13T10:53:19.295-05:00,IdeState,Active,Dialog,is_zero.py,2,22
2024-11-13T10:53:20.296-05:00,IdeState,Active,Dialog,is_zero.py,2,22
2024-11-13T10:53:21.297-05:00,IdeState,Active,Dialog,is_zero.py,2,22
2024-11-13T10:53:22.299-05:00,IdeState,Active,Dialog,is_zero.py,2,22
2024-11-13T10:53:23.301-05:00,IdeState,Active,Dialog,is_zero.py,2,22
2024-11-13T10:53:24.302-05:00,IdeState,Active,Dialog,is_zero.py,2,22
2024-11-13T10:53:25.302-05:00,IdeState,Active,Dialog,is_zero.py,2,22
2024-11-13T10:53:26.304-05:00,IdeState,Active,Dialog,is_zero.py,2,22
2024-11-13T10:53:27.305-05:00,IdeState,Active,Dialog,is_zero.py,2,22
2024-11-13T10:53:28.309-05:00,IdeState,Active,Dialog,is_zero.py,2,22
2024-11-13T10:53:29.310-05:00,IdeState,Active,Dialog,is_zero.py,2,22
2024-11-13T10:53:30.311-05:00,IdeState,Active,Dialog,is_zero.py,2,22
2024-11-13T10:53:31.313-05:00,IdeState,Active,Dialog,is_zero.py,2,22
2024-11-13T10:53:32.314-05:00,IdeState,Active,Dialog,is_zero.py,2,22
2024-11-13T10:53:33.315-05:00,IdeState,Active,Dialog,is_zero.py,2,22
2024-11-13T10:53:34.317-05:00,IdeState,Active,Dialog,is_zero.py,2,22
2024-11-13T10:53:35.331-05:00,IdeState,Active,Dialog,is_zero.py,2,22
2024-11-13T10:53:36.336-05:00,IdeState,Active,Dialog,is_zero.py,2,22
2024-11-13T10:53:37.337-05:00,IdeState,Active,Dialog,is_zero.py,2,22
2024-11-13T10:53:38.338-05:00,IdeState,Active,Dialog,is_zero.py,2,22
2024-11-13T10:53:39.340-05:00,IdeState,Active,Dialog,is_zero.py,2,22
2024-11-13T10:53:40.341-05:00,IdeState,Active,Dialog,is_zero.py,2,22
2024-11-13T10:53:41.344-05:00,IdeState,Active,Dialog,is_zero.py,2,22
2024-11-13T10:53:42.344-05:00,IdeState,Active,Dialog,is_zero.py,2,22
2024-11-13T10:53:43.346-05:00,IdeState,Active,Dialog,is_zero.py,2,22
2024-11-13T10:53:44.348-05:00,IdeState,Active,Dialog,is_zero.py,2,22
2024-11-13T10:53:45.350-05:00,IdeState,Active,Dialog,is_zero.py,2,22
2024-11-13T10:53:46.351-05:00,IdeState,Active,Dialog,is_zero.py,2,22
2024-11-13T10:53:47.351-05:00,IdeState,Active,Dialog,is_zero.py,2,22
2024-11-13T10:53:48.353-05:00,IdeState,Active,Dialog,is_zero.py,2,22
2024-11-13T10:53:49.354-05:00,IdeState,Active,Dialog,is_zero.py,2,22
2024-11-13T10:53:50.356-05:00,IdeState,Active,Dialog,is_zero.py,2,22
2024-11-13T10:53:51.357-05:00,IdeState,Active,Dialog,is_zero.py,2,22
2024-11-13T10:53:52.359-05:00,IdeState,Active,Dialog,is_zero.py,2,22
2024-11-13T10:53:53.360-05:00,IdeState,Active,Dialog,is_zero.py,2,22
2024-11-13T10:53:54.361-05:00,IdeState,Active,Dialog,is_zero.py,2,22
2024-11-13T10:53:55.362-05:00,IdeState,Active,Dialog,is_zero.py,2,22
2024-11-13T10:53:56.364-05:00,IdeState,Active,Dialog,is_zero.py,2,22
2024-11-13T10:53:57.365-05:00,IdeState,Active,Dialog,is_zero.py,2,22
2024-11-13T10:53:58.367-05:00,IdeState,Active,Dialog,is_zero.py,2,22
2024-11-13T10:53:59.368-05:00,IdeState,Active,Dialog,is_zero.py,2,22
2024-11-13T10:54:00.370-05:00,IdeState,Active,Dialog,is_zero.py,2,22
2024-11-13T10:54:01.372-05:00,IdeState,Active,Dialog,is_zero.py,2,22
2024-11-13T10:54:02.372-05:00,IdeState,Active,Dialog,is_zero.py,2,22
2024-11-13T10:54:03.373-05:00,IdeState,Active,Dialog,is_zero.py,2,22
2024-11-13T10:54:04.375-05:00,IdeState,Active,Dialog,is_zero.py,2,22
2024-11-13T10:54:05.376-05:00,IdeState,Active,Dialog,is_zero.py,2,22
2024-11-13T10:54:06.378-05:00,IdeState,Active,Dialog,is_zero.py,2,22
2024-11-13T10:54:07.379-05:00,IdeState,Active,Dialog,is_zero.py,2,22
2024-11-13T10:54:08.381-05:00,IdeState,Active,Dialog,is_zero.py,2,22
2024-11-13T10:54:09.383-05:00,IdeState,Active,Dialog,is_zero.py,2,22
2024-11-13T10:54:10.384-05:00,IdeState,Active,Dialog,is_zero.py,2,22
2024-11-13T10:54:11.385-05:00,IdeState,Active,Dialog,is_zero.py,2,22
2024-11-13T10:54:12.387-05:00,IdeState,Active,Dialog,is_zero.py,2,22
2024-11-13T10:54:13.388-05:00,IdeState,Active,Dialog,is_zero.py,2,22
2024-11-13T10:54:14.390-05:00,IdeState,Active,Dialog,is_zero.py,2,22
2024-11-13T10:54:15.392-05:00,IdeState,Active,Dialog,is_zero.py,2,22
2024-11-13T10:54:16.392-05:00,IdeState,Active,Dialog,is_zero.py,2,22
2024-11-13T10:54:17.393-05:00,IdeState,Active,Dialog,is_zero.py,2,22
2024-11-13T10:54:18.395-05:00,IdeState,Active,Dialog,is_zero.py,2,22
2024-11-13T10:54:19.397-05:00,IdeState,Active,Dialog,is_zero.py,2,22
2024-11-13T10:54:20.398-05:00,IdeState,Active,Dialog,is_zero.py,2,22
2024-11-13T10:54:21.401-05:00,IdeState,Active,Dialog,is_zero.py,2,22
2024-11-13T10:54:22.402-05:00,IdeState,Active,Dialog,is_zero.py,2,22
2024-11-13T10:54:23.403-05:00,IdeState,Active,Dialog,is_zero.py,2,22
2024-11-13T10:54:24.405-05:00,IdeState,Active,Dialog,is_zero.py,2,22
2024-11-13T10:54:25.406-05:00,IdeState,Active,Dialog,is_zero.py,2,22
2024-11-13T10:54:26.408-05:00,IdeState,Active,Dialog,is_zero.py,2,22
2024-11-13T10:54:27.408-05:00,IdeState,Active,Dialog,is_zero.py,2,22
2024-11-13T10:54:28.410-05:00,IdeState,Active,Dialog,is_zero.py,2,22
2024-11-13T10:54:29.411-05:00,IdeState,Active,Dialog,is_zero.py,2,22
2024-11-13T10:54:30.412-05:00,IdeState,Active,Dialog,is_zero.py,2,22
2024-11-13T10:54:31.414-05:00,IdeState,Active,Dialog,is_zero.py,2,22
2024-11-13T10:54:32.415-05:00,IdeState,Active,Dialog,is_zero.py,2,22
2024-11-13T10:54:33.416-05:00,IdeState,Active,Dialog,is_zero.py,2,22
2024-11-13T10:54:34.417-05:00,IdeState,Active,Dialog,is_zero.py,2,22
2024-11-13T10:54:35.418-05:00,IdeState,Active,Dialog,is_zero.py,2,22
2024-11-13T10:54:36.420-05:00,IdeState,Active,Dialog,is_zero.py,2,22
2024-11-13T10:54:37.421-05:00,IdeState,Active,Dialog,is_zero.py,2,22
2024-11-13T10:54:38.423-05:00,IdeState,Active,Dialog,is_zero.py,2,22
2024-11-13T10:54:39.425-05:00,IdeState,Active,Dialog,is_zero.py,2,22
2024-11-13T10:54:40.426-05:00,IdeState,Active,Dialog,is_zero.py,2,22
2024-11-13T10:54:41.427-05:00,IdeState,Active,Dialog,is_zero.py,2,22
2024-11-13T10:54:42.428-05:00,IdeState,Active,Dialog,is_zero.py,2,22
2024-11-13T10:54:43.429-05:00,IdeState,Active,Dialog,is_zero.py,2,22
2024-11-13T10:54:44.430-05:00,IdeState,Active,Dialog,is_zero.py,2,22
2024-11-13T10:54:45.432-05:00,IdeState,Active,Dialog,is_zero.py,2,22
2024-11-13T10:54:46.433-05:00,IdeState,Active,Dialog,is_zero.py,2,22
2024-11-13T10:54:47.434-05:00,IdeState,Active,Dialog,is_zero.py,2,22
2024-11-13T10:54:48.437-05:00,IdeState,Active,Dialog,is_zero.py,2,22
2024-11-13T10:54:49.439-05:00,IdeState,Active,Dialog,is_zero.py,2,22
2024-11-13T10:54:50.440-05:00,IdeState,Active,Dialog,is_zero.py,2,22
2024-11-13T10:54:51.441-05:00,IdeState,Active,Dialog,is_zero.py,2,22
2024-11-13T10:54:52.442-05:00,IdeState,Active,Dialog,is_zero.py,2,22
2024-11-13T10:54:53.444-05:00,IdeState,Active,Dialog,is_zero.py,2,22
2024-11-13T10:54:54.447-05:00,IdeState,Active,Dialog,is_zero.py,2,22
2024-11-13T10:54:55.448-05:00,IdeState,Active,Dialog,is_zero.py,2,22
2024-11-13T10:54:56.449-05:00,IdeState,Active,Dialog,is_zero.py,2,22
2024-11-13T10:54:57.451-05:00,IdeState,Active,Dialog,is_zero.py,2,22
2024-11-13T10:54:58.453-05:00,IdeState,Active,Dialog,is_zero.py,2,22
2024-11-13T10:54:59.455-05:00,IdeState,Active,Dialog,is_zero.py,2,22
2024-11-13T10:55:00.456-05:00,IdeState,Active,Dialog,is_zero.py,2,22
2024-11-13T10:55:01.457-05:00,IdeState,Active,Dialog,is_zero.py,2,22
2024-11-13T10:55:02.458-05:00,IdeState,Active,Dialog,is_zero.py,2,22
2024-11-13T10:55:03.459-05:00,IdeState,Active,Dialog,is_zero.py,2,22
2024-11-13T10:55:04.462-05:00,IdeState,Active,Dialog,is_zero.py,2,22
2024-11-13T10:55:05.463-05:00,IdeState,Active,Dialog,is_zero.py,2,22
2024-11-13T10:55:06.465-05:00,IdeState,Active,Dialog,is_zero.py,2,22
2024-11-13T10:55:07.467-05:00,IdeState,Active,Dialog,is_zero.py,2,22
2024-11-13T10:55:08.468-05:00,IdeState,Active,Dialog,is_zero.py,2,22
2024-11-13T10:55:09.471-05:00,IdeState,Active,Dialog,is_zero.py,2,22
2024-11-13T10:55:10.473-05:00,IdeState,Active,Dialog,is_zero.py,2,22
2024-11-13T10:55:11.474-05:00,IdeState,Active,Dialog,is_zero.py,2,22
2024-11-13T10:55:12.474-05:00,IdeState,Active,Dialog,is_zero.py,2,22
2024-11-13T10:55:13.475-05:00,IdeState,Active,Dialog,is_zero.py,2,22
2024-11-13T10:55:14.477-05:00,IdeState,Active,Dialog,is_zero.py,2,22
2024-11-13T10:55:15.479-05:00,IdeState,Active,Dialog,is_zero.py,2,22
2024-11-13T10:55:16.480-05:00,IdeState,Active,Dialog,is_zero.py,2,22
2024-11-13T10:55:17.482-05:00,IdeState,Active,Dialog,is_zero.py,2,22
2024-11-13T10:55:18.484-05:00,IdeState,Active,Dialog,is_zero.py,2,22
2024-11-13T10:55:19.485-05:00,IdeState,Active,Dialog,is_zero.py,2,22
2024-11-13T10:55:20.488-05:00,IdeState,Active,Dialog,is_zero.py,2,22
2024-11-13T10:55:21.489-05:00,IdeState,Active,Dialog,is_zero.py,2,22
2024-11-13T10:55:22.489-05:00,IdeState,Active,Dialog,is_zero.py,2,22
2024-11-13T10:55:23.491-05:00,IdeState,Active,Dialog,is_zero.py,2,22
2024-11-13T10:55:24.492-05:00,IdeState,Active,Dialog,is_zero.py,2,22
2024-11-13T10:55:25.493-05:00,IdeState,Active,Dialog,is_zero.py,2,22
2024-11-13T10:55:26.496-05:00,IdeState,Active,Dialog,is_zero.py,2,22
2024-11-13T10:55:27.497-05:00,IdeState,Active,Dialog,is_zero.py,2,22
2024-11-13T10:55:28.500-05:00,IdeState,Active,Dialog,is_zero.py,2,22
2024-11-13T10:55:29.501-05:00,IdeState,Active,Dialog,is_zero.py,2,22
2024-11-13T10:55:30.502-05:00,IdeState,Active,Dialog,is_zero.py,2,22
2024-11-13T10:55:31.503-05:00,IdeState,Active,Dialog,is_zero.py,2,22
2024-11-13T10:55:32.504-05:00,IdeState,Active,Dialog,is_zero.py,2,22
2024-11-13T10:55:33.506-05:00,IdeState,Active,Dialog,is_zero.py,2,22
2024-11-13T10:55:34.508-05:00,IdeState,Active,Dialog,is_zero.py,2,22
2024-11-13T10:55:35.509-05:00,IdeState,Active,Dialog,is_zero.py,2,22
2024-11-13T10:55:36.510-05:00,IdeState,Active,Dialog,is_zero.py,2,22
2024-11-13T10:55:37.512-05:00,IdeState,Active,Dialog,is_zero.py,2,22
2024-11-13T10:55:38.515-05:00,IdeState,Active,Dialog,is_zero.py,2,22
2024-11-13T10:55:39.516-05:00,IdeState,Active,Dialog,is_zero.py,2,22
2024-11-13T10:55:40.518-05:00,IdeState,Active,Dialog,is_zero.py,2,22
2024-11-13T10:55:41.519-05:00,IdeState,Active,Dialog,is_zero.py,2,22
2024-11-13T10:55:42.521-05:00,IdeState,Active,Dialog,is_zero.py,2,22
2024-11-13T10:55:43.522-05:00,IdeState,Active,Dialog,is_zero.py,2,22
2024-11-13T10:55:44.523-05:00,IdeState,Active,Dialog,is_zero.py,2,22
2024-11-13T10:55:45.525-05:00,IdeState,Active,Dialog,is_zero.py,2,22
2024-11-13T10:55:46.527-05:00,IdeState,Active,Dialog,is_zero.py,2,22
2024-11-13T10:55:47.527-05:00,IdeState,Active,Dialog,is_zero.py,2,22
2024-11-13T10:55:48.530-05:00,IdeState,Active,Dialog,is_zero.py,2,22
2024-11-13T10:55:49.531-05:00,IdeState,Active,Dialog,is_zero.py,2,22
2024-11-13T10:55:50.532-05:00,IdeState,Active,Dialog,is_zero.py,2,22
2024-11-13T10:55:51.533-05:00,IdeState,Active,Dialog,is_zero.py,2,22
2024-11-13T10:55:52.535-05:00,IdeState,Active,Dialog,is_zero.py,2,22
2024-11-13T10:55:53.536-05:00,IdeState,Active,Dialog,is_zero.py,2,22
2024-11-13T10:55:54.537-05:00,IdeState,Active,Dialog,is_zero.py,2,22
2024-11-13T10:55:55.538-05:00,IdeState,Active,Dialog,is_zero.py,2,22
2024-11-13T10:55:56.538-05:00,IdeState,Active,Dialog,is_zero.py,2,22
2024-11-13T10:55:57.540-05:00,IdeState,Active,Dialog,is_zero.py,2,22
2024-11-13T10:55:58.541-05:00,IdeState,Active,Dialog,is_zero.py,2,22
2024-11-13T10:55:59.542-05:00,IdeState,Active,Dialog,is_zero.py,2,22
2024-11-13T10:56:00.543-05:00,IdeState,Active,Dialog,is_zero.py,2,22
2024-11-13T10:56:01.545-05:00,IdeState,Active,Dialog,is_zero.py,2,22
2024-11-13T10:56:02.546-05:00,IdeState,Active,Dialog,is_zero.py,2,22
2024-11-13T10:56:03.548-05:00,IdeState,Active,Dialog,is_zero.py,2,22
2024-11-13T10:56:04.550-05:00,IdeState,Active,Dialog,is_zero.py,2,22
2024-11-13T10:56:05.551-05:00,IdeState,Active,Dialog,is_zero.py,2,22
2024-11-13T10:56:06.552-05:00,IdeState,Active,Dialog,is_zero.py,2,22
2024-11-13T10:56:07.553-05:00,IdeState,Active,Dialog,is_zero.py,2,22
2024-11-13T10:56:08.555-05:00,IdeState,Active,Dialog,is_zero.py,2,22
2024-11-13T10:56:09.556-05:00,IdeState,Active,Dialog,is_zero.py,2,22
2024-11-13T10:56:10.556-05:00,IdeState,Active,Dialog,is_zero.py,2,22
2024-11-13T10:56:11.557-05:00,IdeState,Active,Dialog,is_zero.py,2,22
2024-11-13T10:56:12.558-05:00,IdeState,Active,Dialog,is_zero.py,2,22
2024-11-13T10:56:13.561-05:00,IdeState,Active,Dialog,is_zero.py,2,22
2024-11-13T10:56:14.562-05:00,IdeState,Active,Dialog,is_zero.py,2,22
2024-11-13T10:56:15.563-05:00,IdeState,Active,Dialog,is_zero.py,2,22
2024-11-13T10:56:16.564-05:00,IdeState,Active,Dialog,is_zero.py,2,22
2024-11-13T10:56:17.566-05:00,IdeState,Active,Dialog,is_zero.py,2,22
2024-11-13T10:56:18.567-05:00,IdeState,Active,Dialog,is_zero.py,2,22
2024-11-13T10:56:19.569-05:00,IdeState,Active,Dialog,is_zero.py,2,22
2024-11-13T10:56:20.571-05:00,IdeState,Active,Dialog,is_zero.py,2,22
2024-11-13T10:56:21.573-05:00,IdeState,Active,Dialog,is_zero.py,2,22
2024-11-13T10:56:22.574-05:00,IdeState,Active,Dialog,is_zero.py,2,22
2024-11-13T10:56:23.576-05:00,IdeState,Active,Dialog,is_zero.py,2,22
2024-11-13T10:56:24.577-05:00,IdeState,Active,Dialog,is_zero.py,2,22
2024-11-13T10:56:25.578-05:00,IdeState,Active,Dialog,is_zero.py,2,22
2024-11-13T10:56:26.578-05:00,IdeState,Active,Dialog,is_zero.py,2,22
2024-11-13T10:56:27.580-05:00,IdeState,Active,Dialog,is_zero.py,2,22
2024-11-13T10:56:28.582-05:00,IdeState,Active,Dialog,is_zero.py,2,22
2024-11-13T10:56:29.583-05:00,IdeState,Active,Dialog,is_zero.py,2,22
2024-11-13T10:56:30.585-05:00,IdeState,Active,Dialog,is_zero.py,2,22
2024-11-13T10:56:31.586-05:00,IdeState,Active,Dialog,is_zero.py,2,22
2024-11-13T10:56:32.587-05:00,IdeState,Active,Dialog,is_zero.py,2,22
2024-11-13T10:56:33.589-05:00,IdeState,Active,Dialog,is_zero.py,2,22
2024-11-13T10:56:34.589-05:00,IdeState,Active,Dialog,is_zero.py,2,22
2024-11-13T10:56:35.591-05:00,IdeState,Active,Dialog,is_zero.py,2,22
2024-11-13T10:56:36.593-05:00,IdeState,Active,Dialog,is_zero.py,2,22
2024-11-13T10:56:37.594-05:00,IdeState,Active,Dialog,is_zero.py,2,22
2024-11-13T10:56:38.596-05:00,IdeState,Active,Dialog,is_zero.py,2,22
2024-11-13T10:56:39.596-05:00,IdeState,Active,Dialog,is_zero.py,2,22
2024-11-13T10:56:40.598-05:00,IdeState,Active,Dialog,is_zero.py,2,22
2024-11-13T10:56:41.598-05:00,IdeState,Active,Dialog,is_zero.py,2,22
2024-11-13T10:56:42.600-05:00,IdeState,Active,Dialog,is_zero.py,2,22
2024-11-13T10:56:43.602-05:00,IdeState,Active,Dialog,is_zero.py,2,22
2024-11-13T10:56:44.602-05:00,IdeState,Active,Dialog,is_zero.py,2,22
2024-11-13T10:56:45.604-05:00,IdeState,Active,Dialog,is_zero.py,2,22
2024-11-13T10:56:46.606-05:00,IdeState,Active,Dialog,is_zero.py,2,22
2024-11-13T10:56:47.607-05:00,IdeState,Active,Dialog,is_zero.py,2,22
2024-11-13T10:56:48.609-05:00,IdeState,Active,Dialog,is_zero.py,2,22
2024-11-13T10:56:49.611-05:00,IdeState,Active,Dialog,is_zero.py,2,22
2024-11-13T10:56:50.612-05:00,IdeState,Active,Dialog,is_zero.py,2,22
2024-11-13T10:56:51.613-05:00,IdeState,Active,Dialog,is_zero.py,2,22
2024-11-13T10:56:52.614-05:00,IdeState,Active,Dialog,is_zero.py,2,22
2024-11-13T10:56:53.617-05:00,IdeState,Active,Dialog,is_zero.py,2,22
2024-11-13T10:56:54.618-05:00,IdeState,Active,Dialog,is_zero.py,2,22
2024-11-13T10:56:55.619-05:00,IdeState,Active,Dialog,is_zero.py,2,22
2024-11-13T10:56:56.620-05:00,IdeState,Active,Dialog,is_zero.py,2,22
2024-11-13T10:56:57.621-05:00,IdeState,Active,Dialog,is_zero.py,2,22
2024-11-13T10:56:58.622-05:00,IdeState,Active,Dialog,is_zero.py,2,22
2024-11-13T10:56:59.624-05:00,IdeState,Active,Dialog,is_zero.py,2,22
2024-11-13T10:57:00.625-05:00,IdeState,Active,Dialog,is_zero.py,2,22
2024-11-13T10:57:01.626-05:00,IdeState,Active,Dialog,is_zero.py,2,22
2024-11-13T10:57:02.628-05:00,IdeState,Active,Dialog,is_zero.py,2,22
2024-11-13T10:57:03.629-05:00,IdeState,Active,Dialog,is_zero.py,2,22
2024-11-13T10:57:04.630-05:00,IdeState,Active,Dialog,is_zero.py,2,22
2024-11-13T10:57:05.631-05:00,IdeState,Active,Dialog,is_zero.py,2,22
2024-11-13T10:57:06.632-05:00,IdeState,Active,Dialog,is_zero.py,2,22
2024-11-13T10:57:07.634-05:00,IdeState,Active,Dialog,is_zero.py,2,22
2024-11-13T10:57:08.635-05:00,IdeState,Active,Dialog,is_zero.py,2,22
2024-11-13T10:57:09.636-05:00,IdeState,Active,Dialog,is_zero.py,2,22
2024-11-13T10:57:10.639-05:00,IdeState,Active,Dialog,is_zero.py,2,22
2024-11-13T10:57:11.641-05:00,IdeState,Active,Dialog,is_zero.py,2,22
2024-11-13T10:57:12.642-05:00,IdeState,Active,Dialog,is_zero.py,2,22
2024-11-13T10:57:13.644-05:00,IdeState,Active,Dialog,is_zero.py,2,22
2024-11-13T10:57:14.645-05:00,IdeState,Active,Dialog,is_zero.py,2,22
2024-11-13T10:57:15.646-05:00,IdeState,Active,Dialog,is_zero.py,2,22
2024-11-13T10:57:16.647-05:00,IdeState,Active,Dialog,is_zero.py,2,22
2024-11-13T10:57:17.648-05:00,IdeState,Active,Dialog,is_zero.py,2,22
2024-11-13T10:57:18.649-05:00,IdeState,Active,Dialog,is_zero.py,2,22
2024-11-13T10:57:19.651-05:00,IdeState,Active,Dialog,is_zero.py,2,22
2024-11-13T10:57:20.653-05:00,IdeState,Active,Dialog,is_zero.py,2,22
2024-11-13T10:57:21.655-05:00,IdeState,Active,Dialog,is_zero.py,2,22
2024-11-13T10:57:22.655-05:00,IdeState,Active,Dialog,is_zero.py,2,22
2024-11-13T10:57:23.658-05:00,IdeState,Active,Dialog,is_zero.py,2,22
2024-11-13T10:57:24.659-05:00,IdeState,Active,Dialog,is_zero.py,2,22
2024-11-13T10:57:25.661-05:00,IdeState,Active,Dialog,is_zero.py,2,22
2024-11-13T10:57:26.663-05:00,IdeState,Active,Dialog,is_zero.py,2,22
2024-11-13T10:57:27.664-05:00,IdeState,Active,Dialog,is_zero.py,2,22
2024-11-13T10:57:28.665-05:00,IdeState,Active,Dialog,is_zero.py,2,22
2024-11-13T10:57:29.666-05:00,IdeState,Active,Dialog,is_zero.py,2,22
2024-11-13T10:57:30.668-05:00,IdeState,Active,Dialog,is_zero.py,2,22
2024-11-13T10:57:31.668-05:00,IdeState,Active,Dialog,is_zero.py,2,22
2024-11-13T10:57:32.669-05:00,IdeState,Active,Dialog,is_zero.py,2,22
2024-11-13T10:57:33.671-05:00,IdeState,Active,Dialog,is_zero.py,2,22
2024-11-13T10:57:34.673-05:00,IdeState,Active,Dialog,is_zero.py,2,22
2024-11-13T10:57:35.674-05:00,IdeState,Active,Dialog,is_zero.py,2,22
2024-11-13T10:57:36.676-05:00,IdeState,Active,Dialog,is_zero.py,2,22
2024-11-13T10:57:37.678-05:00,IdeState,Active,Dialog,is_zero.py,2,22
2024-11-13T10:57:38.681-05:00,IdeState,Active,Dialog,is_zero.py,2,22
2024-11-13T10:57:39.682-05:00,IdeState,Active,Dialog,is_zero.py,2,22
2024-11-13T10:57:40.683-05:00,IdeState,Active,Dialog,is_zero.py,2,22
2024-11-13T10:57:41.684-05:00,IdeState,Active,Dialog,is_zero.py,2,22
2024-11-13T10:57:42.685-05:00,IdeState,Active,Dialog,is_zero.py,2,22
2024-11-13T10:57:43.686-05:00,IdeState,Active,Dialog,is_zero.py,2,22
2024-11-13T10:57:44.687-05:00,IdeState,Active,Dialog,is_zero.py,2,22
2024-11-13T10:57:45.688-05:00,IdeState,Active,Dialog,is_zero.py,2,22
2024-11-13T10:57:46.689-05:00,IdeState,Active,Dialog,is_zero.py,2,22
2024-11-13T10:57:47.692-05:00,IdeState,Active,Dialog,is_zero.py,2,22
2024-11-13T10:57:48.694-05:00,IdeState,Active,Dialog,is_zero.py,2,22
2024-11-13T10:57:49.696-05:00,IdeState,Active,Dialog,is_zero.py,2,22
2024-11-13T10:57:50.698-05:00,IdeState,Active,Dialog,is_zero.py,2,22
2024-11-13T10:57:51.700-05:00,IdeState,Active,Dialog,is_zero.py,2,22
2024-11-13T10:57:52.701-05:00,IdeState,Active,Dialog,is_zero.py,2,22
2024-11-13T10:57:53.702-05:00,IdeState,Active,Dialog,is_zero.py,2,22
2024-11-13T10:57:54.703-05:00,IdeState,Active,Dialog,is_zero.py,2,22
2024-11-13T10:57:55.706-05:00,IdeState,Active,Dialog,is_zero.py,2,22
2024-11-13T10:57:56.707-05:00,IdeState,Active,Dialog,is_zero.py,2,22
2024-11-13T10:57:57.709-05:00,IdeState,Active,Dialog,is_zero.py,2,22
2024-11-13T10:57:58.711-05:00,IdeState,Active,Dialog,is_zero.py,2,22
2024-11-13T10:57:59.712-05:00,IdeState,Active,Dialog,is_zero.py,2,22
2024-11-13T10:58:00.713-05:00,IdeState,Active,Dialog,is_zero.py,2,22
2024-11-13T10:58:01.716-05:00,IdeState,Active,Dialog,is_zero.py,2,22
2024-11-13T10:58:02.717-05:00,IdeState,Active,Dialog,is_zero.py,2,22
2024-11-13T10:58:03.718-05:00,IdeState,Active,Dialog,is_zero.py,2,22
2024-11-13T10:58:04.720-05:00,IdeState,Active,Dialog,is_zero.py,2,22
2024-11-13T10:58:05.721-05:00,IdeState,Active,Dialog,is_zero.py,2,22
2024-11-13T10:58:06.722-05:00,IdeState,Active,Dialog,is_zero.py,2,22
2024-11-13T10:58:07.723-05:00,IdeState,Active,Dialog,is_zero.py,2,22
2024-11-13T10:58:08.724-05:00,IdeState,Active,Dialog,is_zero.py,2,22
2024-11-13T10:58:09.725-05:00,IdeState,Active,Dialog,is_zero.py,2,22
2024-11-13T10:58:10.727-05:00,IdeState,Active,Dialog,is_zero.py,2,22
2024-11-13T10:58:11.728-05:00,IdeState,Active,Dialog,is_zero.py,2,22
2024-11-13T10:58:12.732-05:00,IdeState,Active,Dialog,is_zero.py,2,22
2024-11-13T10:58:13.734-05:00,IdeState,Active,Dialog,is_zero.py,2,22
2024-11-13T10:58:14.735-05:00,IdeState,Active,Dialog,is_zero.py,2,22
2024-11-13T10:58:15.737-05:00,IdeState,Active,Dialog,is_zero.py,2,22
2024-11-13T10:58:16.739-05:00,IdeState,Active,Dialog,is_zero.py,2,22
2024-11-13T10:58:17.740-05:00,IdeState,Active,Dialog,is_zero.py,2,22
2024-11-13T10:58:18.741-05:00,IdeState,Active,Dialog,is_zero.py,2,22
2024-11-13T10:58:19.743-05:00,IdeState,Active,Dialog,is_zero.py,2,22
2024-11-13T10:58:20.744-05:00,IdeState,Active,Dialog,is_zero.py,2,22
2024-11-13T10:58:21.745-05:00,IdeState,Active,Dialog,is_zero.py,2,22
2024-11-13T10:58:22.747-05:00,IdeState,Active,Dialog,is_zero.py,2,22
2024-11-13T10:58:23.749-05:00,IdeState,Active,Dialog,is_zero.py,2,22
2024-11-13T10:58:24.750-05:00,IdeState,Active,Dialog,is_zero.py,2,22
2024-11-13T10:58:25.752-05:00,IdeState,Active,Dialog,is_zero.py,2,22
2024-11-13T10:58:26.754-05:00,IdeState,Active,Dialog,is_zero.py,2,22
2024-11-13T10:58:27.756-05:00,IdeState,Active,Dialog,is_zero.py,2,22
2024-11-13T10:58:28.759-05:00,IdeState,Active,Dialog,is_zero.py,2,22
2024-11-13T10:58:29.761-05:00,IdeState,Active,Dialog,is_zero.py,2,22
2024-11-13T10:58:30.764-05:00,IdeState,Active,Dialog,is_zero.py,2,22
2024-11-13T10:58:31.765-05:00,IdeState,Active,Dialog,is_zero.py,2,22
2024-11-13T10:58:32.767-05:00,IdeState,Active,Dialog,is_zero.py,2,22
2024-11-13T10:58:33.768-05:00,IdeState,Active,Dialog,is_zero.py,2,22
2024-11-13T10:58:34.769-05:00,IdeState,Active,Dialog,is_zero.py,2,22
2024-11-13T10:58:35.770-05:00,IdeState,Active,Dialog,is_zero.py,2,22
2024-11-13T10:58:36.771-05:00,IdeState,Active,Dialog,is_zero.py,2,22
2024-11-13T10:58:37.772-05:00,IdeState,Active,Dialog,is_zero.py,2,22
2024-11-13T10:58:38.773-05:00,IdeState,Active,Dialog,is_zero.py,2,22
2024-11-13T10:58:39.775-05:00,IdeState,Active,Dialog,is_zero.py,2,22
2024-11-13T10:58:40.777-05:00,IdeState,Active,Dialog,is_zero.py,2,22
2024-11-13T10:58:41.779-05:00,IdeState,Active,Dialog,is_zero.py,2,22
2024-11-13T10:58:42.781-05:00,IdeState,Active,Dialog,is_zero.py,2,22
2024-11-13T10:58:43.782-05:00,IdeState,Active,Dialog,is_zero.py,2,22
2024-11-13T10:58:44.784-05:00,IdeState,Active,Dialog,is_zero.py,2,22
2024-11-13T10:58:45.786-05:00,IdeState,Active,Dialog,is_zero.py,2,22
2024-11-13T10:58:46.788-05:00,IdeState,Active,Dialog,is_zero.py,2,22
2024-11-13T10:58:47.789-05:00,IdeState,Active,Dialog,is_zero.py,2,22
2024-11-13T10:58:48.791-05:00,IdeState,Active,Dialog,is_zero.py,2,22
2024-11-13T10:58:49.793-05:00,IdeState,Active,Dialog,is_zero.py,2,22
2024-11-13T10:58:50.795-05:00,IdeState,Active,Dialog,is_zero.py,2,22
2024-11-13T10:58:51.796-05:00,IdeState,Active,Dialog,is_zero.py,2,22
2024-11-13T10:58:52.798-05:00,IdeState,Active,Dialog,is_zero.py,2,22
2024-11-13T10:58:53.801-05:00,IdeState,Active,Dialog,is_zero.py,2,22
2024-11-13T10:58:54.802-05:00,IdeState,Active,Dialog,is_zero.py,2,22
2024-11-13T10:58:55.805-05:00,IdeState,Active,Dialog,is_zero.py,2,22
2024-11-13T10:58:56.807-05:00,IdeState,Active,Dialog,is_zero.py,2,22
2024-11-13T10:58:57.809-05:00,IdeState,Active,Dialog,is_zero.py,2,22
2024-11-13T10:58:58.810-05:00,IdeState,Active,Dialog,is_zero.py,2,22
2024-11-13T10:58:59.812-05:00,IdeState,Active,Dialog,is_zero.py,2,22
2024-11-13T10:59:00.813-05:00,IdeState,Active,Dialog,is_zero.py,2,22
2024-11-13T10:59:01.815-05:00,IdeState,Active,Dialog,is_zero.py,2,22
2024-11-13T10:59:02.817-05:00,IdeState,Active,Dialog,is_zero.py,2,22
2024-11-13T10:59:03.818-05:00,IdeState,Active,Dialog,is_zero.py,2,22
2024-11-13T10:59:04.819-05:00,IdeState,Active,Dialog,is_zero.py,2,22
2024-11-13T10:59:05.820-05:00,IdeState,Active,Dialog,is_zero.py,2,22
2024-11-13T10:59:06.823-05:00,IdeState,Active,Dialog,is_zero.py,2,22
2024-11-13T10:59:07.824-05:00,IdeState,Active,Dialog,is_zero.py,2,22
2024-11-13T10:59:08.826-05:00,IdeState,Active,Dialog,is_zero.py,2,22
2024-11-13T10:59:09.828-05:00,IdeState,Active,Dialog,is_zero.py,2,22
2024-11-13T10:59:10.831-05:00,IdeState,Active,Dialog,is_zero.py,2,22
2024-11-13T10:59:11.834-05:00,IdeState,Active,Dialog,is_zero.py,2,22
2024-11-13T10:59:12.835-05:00,IdeState,Active,Dialog,is_zero.py,2,22
2024-11-13T10:59:13.837-05:00,IdeState,Active,Dialog,is_zero.py,2,22
2024-11-13T10:59:14.839-05:00,IdeState,Active,Dialog,is_zero.py,2,22
2024-11-13T10:59:15.840-05:00,IdeState,Active,Dialog,is_zero.py,2,22
2024-11-13T10:59:16.842-05:00,IdeState,Active,Dialog,is_zero.py,2,22
2024-11-13T10:59:17.843-05:00,IdeState,Active,Dialog,is_zero.py,2,22
2024-11-13T10:59:18.843-05:00,IdeState,Active,Dialog,is_zero.py,2,22
2024-11-13T10:59:19.846-05:00,IdeState,Active,Dialog,is_zero.py,2,22
2024-11-13T10:59:20.847-05:00,IdeState,Active,Dialog,is_zero.py,2,22
2024-11-13T10:59:21.848-05:00,IdeState,Active,Dialog,is_zero.py,2,22
2024-11-13T10:59:22.849-05:00,IdeState,Active,Dialog,is_zero.py,2,22
2024-11-13T10:59:23.850-05:00,IdeState,Active,Dialog,is_zero.py,2,22
2024-11-13T10:59:24.851-05:00,IdeState,Active,Dialog,is_zero.py,2,22
2024-11-13T10:59:25.852-05:00,IdeState,Active,Dialog,is_zero.py,2,22
2024-11-13T10:59:26.853-05:00,IdeState,Active,Dialog,is_zero.py,2,22
2024-11-13T10:59:27.854-05:00,IdeState,Active,Dialog,is_zero.py,2,22
2024-11-13T10:59:28.855-05:00,IdeState,Active,Dialog,is_zero.py,2,22
2024-11-13T10:59:29.857-05:00,IdeState,Active,Dialog,is_zero.py,2,22
2024-11-13T10:59:30.858-05:00,IdeState,Active,Dialog,is_zero.py,2,22
2024-11-13T10:59:31.859-05:00,IdeState,Active,Dialog,is_zero.py,2,22
2024-11-13T10:59:32.860-05:00,IdeState,Active,Dialog,is_zero.py,2,22
2024-11-13T10:59:33.861-05:00,IdeState,Active,Dialog,is_zero.py,2,22
2024-11-13T10:59:34.861-05:00,IdeState,Active,Dialog,is_zero.py,2,22
2024-11-13T10:59:35.862-05:00,IdeState,Active,Dialog,is_zero.py,2,22
2024-11-13T10:59:36.863-05:00,IdeState,Active,Dialog,is_zero.py,2,22
2024-11-13T10:59:37.864-05:00,IdeState,Active,Dialog,is_zero.py,2,22
2024-11-13T10:59:38.865-05:00,IdeState,Active,Dialog,is_zero.py,2,22
2024-11-13T10:59:39.865-05:00,IdeState,Active,Dialog,is_zero.py,2,22
2024-11-13T10:59:40.866-05:00,IdeState,Active,Dialog,is_zero.py,2,22
2024-11-13T10:59:41.869-05:00,IdeState,Active,Dialog,is_zero.py,2,22
2024-11-13T10:59:42.870-05:00,IdeState,Active,Dialog,is_zero.py,2,22
2024-11-13T10:59:43.872-05:00,IdeState,Active,Dialog,is_zero.py,2,22
2024-11-13T10:59:44.873-05:00,IdeState,Active,Dialog,is_zero.py,2,22
2024-11-13T10:59:45.874-05:00,IdeState,Active,Dialog,is_zero.py,2,22
2024-11-13T10:59:46.875-05:00,IdeState,Active,Dialog,is_zero.py,2,22
2024-11-13T10:59:47.877-05:00,IdeState,Active,Dialog,is_zero.py,2,22
2024-11-13T10:59:48.879-05:00,IdeState,Active,Dialog,is_zero.py,2,22
2024-11-13T10:59:49.880-05:00,IdeState,Active,Dialog,is_zero.py,2,22
2024-11-13T10:59:50.882-05:00,IdeState,Active,Dialog,is_zero.py,2,22
2024-11-13T10:59:51.884-05:00,IdeState,Active,Dialog,is_zero.py,2,22
2024-11-13T10:59:52.886-05:00,IdeState,Active,Dialog,is_zero.py,2,22
2024-11-13T10:59:53.888-05:00,IdeState,Active,Dialog,is_zero.py,2,22
2024-11-13T10:59:54.889-05:00,IdeState,Active,Dialog,is_zero.py,2,22
2024-11-13T10:59:55.891-05:00,IdeState,Active,Dialog,is_zero.py,2,22
2024-11-13T10:59:56.892-05:00,IdeState,Active,Dialog,is_zero.py,2,22
2024-11-13T10:59:57.894-05:00,IdeState,Active,Dialog,is_zero.py,2,22
2024-11-13T10:59:58.896-05:00,IdeState,Active,Dialog,is_zero.py,2,22
2024-11-13T10:59:59.898-05:00,IdeState,Active,Dialog,is_zero.py,2,22
2024-11-13T11:00:00.899-05:00,IdeState,Active,Dialog,is_zero.py,2,22
2024-11-13T11:00:01.901-05:00,IdeState,Active,Dialog,is_zero.py,2,22
2024-11-13T11:00:02.902-05:00,IdeState,Active,Dialog,is_zero.py,2,22
2024-11-13T11:00:03.903-05:00,IdeState,Active,Dialog,is_zero.py,2,22
2024-11-13T11:00:04.905-05:00,IdeState,Active,Dialog,is_zero.py,2,22
2024-11-13T11:00:05.905-05:00,IdeState,Active,Dialog,is_zero.py,2,22
2024-11-13T11:00:06.907-05:00,IdeState,Active,Dialog,is_zero.py,2,22
2024-11-13T11:00:07.908-05:00,IdeState,Active,Dialog,is_zero.py,2,22
2024-11-13T11:00:08.910-05:00,IdeState,Active,Dialog,is_zero.py,2,22
2024-11-13T11:00:09.911-05:00,IdeState,Active,Dialog,is_zero.py,2,22
2024-11-13T11:00:10.913-05:00,IdeState,Active,Dialog,is_zero.py,2,22
2024-11-13T11:00:11.914-05:00,IdeState,Active,Dialog,is_zero.py,2,22
2024-11-13T11:00:12.916-05:00,IdeState,Active,Dialog,is_zero.py,2,22
2024-11-13T11:00:13.917-05:00,IdeState,Active,Dialog,is_zero.py,2,22
2024-11-13T11:00:14.918-05:00,IdeState,Active,Dialog,is_zero.py,2,22
2024-11-13T11:00:15.919-05:00,IdeState,Active,Dialog,is_zero.py,2,22
2024-11-13T11:00:16.919-05:00,IdeState,Active,Dialog,is_zero.py,2,22
2024-11-13T11:00:17.922-05:00,IdeState,Active,Dialog,is_zero.py,2,22
2024-11-13T11:00:18.923-05:00,IdeState,Active,Dialog,is_zero.py,2,22
2024-11-13T11:00:19.924-05:00,IdeState,Active,Dialog,is_zero.py,2,22
2024-11-13T11:00:20.928-05:00,IdeState,Active,Dialog,is_zero.py,2,22
2024-11-13T11:00:21.930-05:00,IdeState,Active,Dialog,is_zero.py,2,22
2024-11-13T11:00:22.931-05:00,IdeState,Active,Dialog,is_zero.py,2,22
2024-11-13T11:00:23.932-05:00,IdeState,Active,Dialog,is_zero.py,2,22
2024-11-13T11:00:24.934-05:00,IdeState,Active,Dialog,is_zero.py,2,22
2024-11-13T11:00:25.935-05:00,IdeState,Active,Dialog,is_zero.py,2,22
2024-11-13T11:00:26.935-05:00,IdeState,Active,Dialog,is_zero.py,2,22
2024-11-13T11:00:27.937-05:00,IdeState,Active,Dialog,is_zero.py,2,22
2024-11-13T11:00:28.940-05:00,IdeState,Active,Dialog,is_zero.py,2,22
2024-11-13T11:00:29.941-05:00,IdeState,Active,Dialog,is_zero.py,2,22
2024-11-13T11:00:30.942-05:00,IdeState,Active,Dialog,is_zero.py,2,22
2024-11-13T11:00:31.943-05:00,IdeState,Active,Dialog,is_zero.py,2,22
2024-11-13T11:00:32.943-05:00,IdeState,Active,Dialog,is_zero.py,2,22
2024-11-13T11:00:33.945-05:00,IdeState,Active,Dialog,is_zero.py,2,22
2024-11-13T11:00:34.946-05:00,IdeState,Active,Dialog,is_zero.py,2,22
2024-11-13T11:00:35.947-05:00,IdeState,Active,Dialog,is_zero.py,2,22
2024-11-13T11:00:36.949-05:00,IdeState,Active,Dialog,is_zero.py,2,22
2024-11-13T11:00:37.951-05:00,IdeState,Active,Dialog,is_zero.py,2,22
2024-11-13T11:00:38.952-05:00,IdeState,Active,Dialog,is_zero.py,2,22
2024-11-13T11:00:39.953-05:00,IdeState,Active,Dialog,is_zero.py,2,22
2024-11-13T11:00:40.954-05:00,IdeState,Active,Dialog,is_zero.py,2,22
2024-11-13T11:00:41.955-05:00,IdeState,Active,Dialog,is_zero.py,2,22
2024-11-13T11:00:42.958-05:00,IdeState,Active,Dialog,is_zero.py,2,22
2024-11-13T11:00:43.959-05:00,IdeState,Active,Dialog,is_zero.py,2,22
2024-11-13T11:00:44.962-05:00,IdeState,Active,Dialog,is_zero.py,2,22
2024-11-13T11:00:45.963-05:00,IdeState,Active,Dialog,is_zero.py,2,22
2024-11-13T11:00:46.964-05:00,IdeState,Active,Dialog,is_zero.py,2,22
2024-11-13T11:00:47.964-05:00,IdeState,Active,Dialog,is_zero.py,2,22
2024-11-13T11:00:48.965-05:00,IdeState,Active,Dialog,is_zero.py,2,22
2024-11-13T11:00:49.967-05:00,IdeState,Active,Dialog,is_zero.py,2,22
2024-11-13T11:00:50.968-05:00,IdeState,Active,Dialog,is_zero.py,2,22
2024-11-13T11:00:51.968-05:00,IdeState,Active,Dialog,is_zero.py,2,22
2024-11-13T11:00:52.969-05:00,IdeState,Active,Dialog,is_zero.py,2,22
2024-11-13T11:00:53.970-05:00,IdeState,Active,Dialog,is_zero.py,2,22
2024-11-13T11:00:54.972-05:00,IdeState,Active,Dialog,is_zero.py,2,22
2024-11-13T11:00:55.973-05:00,IdeState,Active,Dialog,is_zero.py,2,22
2024-11-13T11:00:56.975-05:00,IdeState,Active,Dialog,is_zero.py,2,22
2024-11-13T11:00:57.977-05:00,IdeState,Active,Dialog,is_zero.py,2,22
2024-11-13T11:00:58.978-05:00,IdeState,Active,Dialog,is_zero.py,2,22
2024-11-13T11:00:59.979-05:00,IdeState,Active,Dialog,is_zero.py,2,22
2024-11-13T11:01:00.981-05:00,IdeState,Active,Dialog,is_zero.py,2,22
2024-11-13T11:01:01.982-05:00,IdeState,Active,Dialog,is_zero.py,2,22
2024-11-13T11:01:02.983-05:00,IdeState,Active,Dialog,is_zero.py,2,22
2024-11-13T11:01:03.985-05:00,IdeState,Active,Dialog,is_zero.py,2,22
2024-11-13T11:01:04.987-05:00,IdeState,Active,Dialog,is_zero.py,2,22
2024-11-13T11:01:05.989-05:00,IdeState,Active,Dialog,is_zero.py,2,22
2024-11-13T11:01:06.990-05:00,IdeState,Active,Dialog,is_zero.py,2,22
2024-11-13T11:01:07.992-05:00,IdeState,Active,Dialog,is_zero.py,2,22
2024-11-13T11:01:08.995-05:00,IdeState,Active,Dialog,is_zero.py,2,22
2024-11-13T11:01:09.996-05:00,IdeState,Active,Dialog,is_zero.py,2,22
2024-11-13T11:01:10.998-05:00,IdeState,Active,Dialog,is_zero.py,2,22
2024-11-13T11:01:11.998-05:00,IdeState,Active,Dialog,is_zero.py,2,22
2024-11-13T11:01:13.000-05:00,IdeState,Active,Dialog,is_zero.py,2,22
2024-11-13T11:01:14.001-05:00,IdeState,Active,Dialog,is_zero.py,2,22
2024-11-13T11:01:15.002-05:00,IdeState,Active,Dialog,is_zero.py,2,22
2024-11-13T11:01:16.004-05:00,IdeState,Active,Dialog,is_zero.py,2,22
2024-11-13T11:01:17.005-05:00,IdeState,Active,Dialog,is_zero.py,2,22
2024-11-13T11:01:18.005-05:00,IdeState,Active,Dialog,is_zero.py,2,22
2024-11-13T11:01:19.008-05:00,IdeState,Active,Dialog,is_zero.py,2,22
2024-11-13T11:01:20.010-05:00,IdeState,Active,Dialog,is_zero.py,2,22
2024-11-13T11:01:21.012-05:00,IdeState,Active,Dialog,is_zero.py,2,22
2024-11-13T11:01:22.013-05:00,IdeState,Active,Dialog,is_zero.py,2,22
2024-11-13T11:01:23.014-05:00,IdeState,Active,Dialog,is_zero.py,2,22
2024-11-13T11:01:24.015-05:00,IdeState,Active,Dialog,is_zero.py,2,22
2024-11-13T11:01:25.016-05:00,IdeState,Active,Dialog,is_zero.py,2,22
2024-11-13T11:01:26.019-05:00,IdeState,Active,Dialog,is_zero.py,2,22
2024-11-13T11:01:27.020-05:00,IdeState,Active,Dialog,is_zero.py,2,22
2024-11-13T11:01:28.022-05:00,IdeState,Active,Dialog,is_zero.py,2,22
2024-11-13T11:01:29.023-05:00,IdeState,Active,Dialog,is_zero.py,2,22
2024-11-13T11:01:30.024-05:00,IdeState,Active,Dialog,is_zero.py,2,22
2024-11-13T11:01:31.026-05:00,IdeState,Active,Dialog,is_zero.py,2,22
2024-11-13T11:01:32.027-05:00,IdeState,Active,Dialog,is_zero.py,2,22
2024-11-13T11:01:33.031-05:00,IdeState,Active,Dialog,is_zero.py,2,22
2024-11-13T11:01:34.032-05:00,IdeState,Active,Dialog,is_zero.py,2,22
2024-11-13T11:01:35.033-05:00,IdeState,Active,Dialog,is_zero.py,2,22
2024-11-13T11:01:36.035-05:00,IdeState,Active,Dialog,is_zero.py,2,22
2024-11-13T11:01:37.036-05:00,IdeState,Active,Dialog,is_zero.py,2,22
2024-11-13T11:01:38.037-05:00,IdeState,Active,Dialog,is_zero.py,2,22
2024-11-13T11:01:39.038-05:00,IdeState,Active,Dialog,is_zero.py,2,22
2024-11-13T11:01:40.040-05:00,IdeState,Active,Dialog,is_zero.py,2,22
2024-11-13T11:01:41.042-05:00,IdeState,Active,Dialog,is_zero.py,2,22
2024-11-13T11:01:42.044-05:00,IdeState,Active,Dialog,is_zero.py,2,22
2024-11-13T11:01:43.045-05:00,IdeState,Active,Dialog,is_zero.py,2,22
2024-11-13T11:01:44.047-05:00,IdeState,Active,Dialog,is_zero.py,2,22
2024-11-13T11:01:45.048-05:00,IdeState,Active,Dialog,is_zero.py,2,22
2024-11-13T11:01:46.049-05:00,IdeState,Active,Dialog,is_zero.py,2,22
2024-11-13T11:01:47.051-05:00,IdeState,Active,Dialog,is_zero.py,2,22
2024-11-13T11:01:48.052-05:00,IdeState,Active,Dialog,is_zero.py,2,22
2024-11-13T11:01:49.054-05:00,IdeState,Active,Dialog,is_zero.py,2,22
2024-11-13T11:01:50.054-05:00,IdeState,Active,Dialog,is_zero.py,2,22
2024-11-13T11:01:51.056-05:00,IdeState,Active,Dialog,is_zero.py,2,22
2024-11-13T11:01:52.058-05:00,IdeState,Active,Dialog,is_zero.py,2,22
2024-11-13T11:01:53.058-05:00,IdeState,Active,Dialog,is_zero.py,2,22
2024-11-13T11:01:54.060-05:00,IdeState,Active,Dialog,is_zero.py,2,22
2024-11-13T11:01:55.061-05:00,IdeState,Active,Dialog,is_zero.py,2,22
2024-11-13T11:01:56.062-05:00,IdeState,Active,Dialog,is_zero.py,2,22
2024-11-13T11:01:57.063-05:00,IdeState,Active,Dialog,is_zero.py,2,22
2024-11-13T11:01:58.064-05:00,IdeState,Active,Dialog,is_zero.py,2,22
2024-11-13T11:01:59.066-05:00,IdeState,Active,Dialog,is_zero.py,2,22
2024-11-13T11:02:00.067-05:00,IdeState,Active,Dialog,is_zero.py,2,22
2024-11-13T11:02:01.068-05:00,IdeState,Active,Dialog,is_zero.py,2,22
2024-11-13T11:02:02.070-05:00,IdeState,Active,Dialog,is_zero.py,2,22
2024-11-13T11:02:03.071-05:00,IdeState,Active,Dialog,is_zero.py,2,22
2024-11-13T11:02:04.072-05:00,IdeState,Active,Dialog,is_zero.py,2,22
2024-11-13T11:02:05.075-05:00,IdeState,Active,Dialog,is_zero.py,2,22
2024-11-13T11:02:06.077-05:00,IdeState,Active,Dialog,is_zero.py,2,22
2024-11-13T11:02:07.080-05:00,IdeState,Active,Dialog,is_zero.py,2,22
2024-11-13T11:02:08.081-05:00,IdeState,Active,Dialog,is_zero.py,2,22
2024-11-13T11:02:09.082-05:00,IdeState,Active,Dialog,is_zero.py,2,22
2024-11-13T11:02:10.085-05:00,IdeState,Active,Dialog,is_zero.py,2,22
2024-11-13T11:02:11.087-05:00,IdeState,Active,Dialog,is_zero.py,2,22
2024-11-13T11:02:12.089-05:00,IdeState,Active,Dialog,is_zero.py,2,22
2024-11-13T11:02:13.091-05:00,IdeState,Active,Dialog,is_zero.py,2,22
2024-11-13T11:02:14.091-05:00,IdeState,Active,Dialog,is_zero.py,2,22
2024-11-13T11:02:15.093-05:00,IdeState,Active,Dialog,is_zero.py,2,22
2024-11-13T11:02:16.094-05:00,IdeState,Active,Dialog,is_zero.py,2,22
2024-11-13T11:02:17.096-05:00,IdeState,Active,Dialog,is_zero.py,2,22
2024-11-13T11:02:18.097-05:00,IdeState,Active,Dialog,is_zero.py,2,22
2024-11-13T11:02:19.098-05:00,IdeState,Active,Dialog,is_zero.py,2,22
2024-11-13T11:02:20.099-05:00,IdeState,Active,Dialog,is_zero.py,2,22
2024-11-13T11:02:21.135-05:00,IdeState,Active,Dialog,is_zero.py,2,22
2024-11-13T11:02:22.142-05:00,IdeState,Active,Dialog,is_zero.py,2,22
2024-11-13T11:02:23.143-05:00,IdeState,Active,Dialog,is_zero.py,2,22
2024-11-13T11:02:24.144-05:00,IdeState,Active,Dialog,is_zero.py,2,22
2024-11-13T11:02:25.145-05:00,IdeState,Active,Dialog,is_zero.py,2,22
2024-11-13T11:02:26.146-05:00,IdeState,Active,Dialog,is_zero.py,2,22
2024-11-13T11:02:27.148-05:00,IdeState,Active,Dialog,is_zero.py,2,22
2024-11-13T11:02:28.149-05:00,IdeState,Active,Dialog,is_zero.py,2,22
2024-11-13T11:02:29.151-05:00,IdeState,Active,Dialog,is_zero.py,2,22
2024-11-13T11:02:30.153-05:00,IdeState,Active,Dialog,is_zero.py,2,22
2024-11-13T11:02:31.154-05:00,IdeState,Active,Dialog,is_zero.py,2,22
2024-11-13T11:02:32.155-05:00,IdeState,Active,Dialog,is_zero.py,2,22
2024-11-13T11:02:33.157-05:00,IdeState,Active,Dialog,is_zero.py,2,22
2024-11-13T11:02:34.158-05:00,IdeState,Active,Dialog,is_zero.py,2,22
2024-11-13T11:02:35.159-05:00,IdeState,Active,Dialog,is_zero.py,2,22
2024-11-13T11:02:36.160-05:00,IdeState,Active,Dialog,is_zero.py,2,22
2024-11-13T11:02:37.161-05:00,IdeState,Active,Dialog,is_zero.py,2,22
2024-11-13T11:02:38.162-05:00,IdeState,Active,Dialog,is_zero.py,2,22
2024-11-13T11:02:39.164-05:00,IdeState,Active,Dialog,is_zero.py,2,22
2024-11-13T11:02:40.166-05:00,IdeState,Active,Dialog,is_zero.py,2,22
2024-11-13T11:02:41.166-05:00,IdeState,Active,Dialog,is_zero.py,2,22
2024-11-13T11:02:42.168-05:00,IdeState,Active,Dialog,is_zero.py,2,22
2024-11-13T11:02:43.169-05:00,IdeState,Active,Dialog,is_zero.py,2,22
2024-11-13T11:02:44.170-05:00,IdeState,Active,Dialog,is_zero.py,2,22
2024-11-13T11:02:45.172-05:00,IdeState,Active,Dialog,is_zero.py,2,22
2024-11-13T11:02:46.173-05:00,IdeState,Active,Dialog,is_zero.py,2,22
2024-11-13T11:02:47.174-05:00,IdeState,Active,Dialog,is_zero.py,2,22
2024-11-13T11:02:48.175-05:00,IdeState,Active,Dialog,is_zero.py,2,22
2024-11-13T11:02:49.177-05:00,IdeState,Active,Dialog,is_zero.py,2,22
2024-11-13T11:02:50.178-05:00,IdeState,Active,Dialog,is_zero.py,2,22
2024-11-13T11:02:51.178-05:00,IdeState,Active,Dialog,is_zero.py,2,22
2024-11-13T11:02:52.180-05:00,IdeState,Active,Dialog,is_zero.py,2,22
2024-11-13T11:02:53.181-05:00,IdeState,Active,Dialog,is_zero.py,2,22
2024-11-13T11:02:54.182-05:00,IdeState,Active,Dialog,is_zero.py,2,22
2024-11-13T11:02:55.184-05:00,IdeState,Active,Dialog,is_zero.py,2,22
2024-11-13T11:02:56.187-05:00,IdeState,Active,Dialog,is_zero.py,2,22
2024-11-13T11:02:57.188-05:00,IdeState,Active,Dialog,is_zero.py,2,22
2024-11-13T11:02:58.189-05:00,IdeState,Active,Dialog,is_zero.py,2,22
2024-11-13T11:02:59.189-05:00,IdeState,Active,Dialog,is_zero.py,2,22
2024-11-13T11:03:00.191-05:00,IdeState,Active,Dialog,is_zero.py,2,22
2024-11-13T11:03:01.192-05:00,IdeState,Active,Dialog,is_zero.py,2,22
2024-11-13T11:03:02.193-05:00,IdeState,Active,Dialog,is_zero.py,2,22
2024-11-13T11:03:03.194-05:00,IdeState,Active,Dialog,is_zero.py,2,22
2024-11-13T11:03:04.194-05:00,IdeState,Active,Dialog,is_zero.py,2,22
2024-11-13T11:03:05.197-05:00,IdeState,Active,Dialog,is_zero.py,2,22
2024-11-13T11:03:06.197-05:00,IdeState,Active,Dialog,is_zero.py,2,22
2024-11-13T11:03:07.198-05:00,IdeState,Active,Dialog,is_zero.py,2,22
2024-11-13T11:03:08.200-05:00,IdeState,Active,Dialog,is_zero.py,2,22
2024-11-13T11:03:09.201-05:00,IdeState,Active,Dialog,is_zero.py,2,22
2024-11-13T11:03:10.202-05:00,IdeState,Active,Dialog,is_zero.py,2,22
2024-11-13T11:03:11.203-05:00,IdeState,Active,Dialog,is_zero.py,2,22
2024-11-13T11:03:12.203-05:00,IdeState,Active,Dialog,is_zero.py,2,22
2024-11-13T11:03:13.204-05:00,IdeState,Active,Dialog,is_zero.py,2,22
2024-11-13T11:03:14.205-05:00,IdeState,Active,Dialog,is_zero.py,2,22
2024-11-13T11:03:15.206-05:00,IdeState,Active,Dialog,is_zero.py,2,22
2024-11-13T11:03:16.207-05:00,IdeState,Active,Dialog,is_zero.py,2,22
2024-11-13T11:03:17.208-05:00,IdeState,Active,Dialog,is_zero.py,2,22
2024-11-13T11:03:18.209-05:00,IdeState,Active,Dialog,is_zero.py,2,22
2024-11-13T11:03:19.211-05:00,IdeState,Active,Dialog,is_zero.py,2,22
2024-11-13T11:03:20.212-05:00,IdeState,Active,Dialog,is_zero.py,2,22
2024-11-13T11:03:21.213-05:00,IdeState,Active,Dialog,is_zero.py,2,22
2024-11-13T11:03:22.219-05:00,IdeState,Active,Dialog,is_zero.py,2,22
2024-11-13T11:03:23.219-05:00,IdeState,Active,Dialog,is_zero.py,2,22
2024-11-13T11:03:24.221-05:00,IdeState,Active,Dialog,is_zero.py,2,22
2024-11-13T11:03:25.223-05:00,IdeState,Active,Dialog,is_zero.py,2,22
2024-11-13T11:03:26.223-05:00,IdeState,Active,Dialog,is_zero.py,2,22
2024-11-13T11:03:27.224-05:00,IdeState,Active,Dialog,is_zero.py,2,22
2024-11-13T11:03:28.226-05:00,IdeState,Active,Dialog,is_zero.py,2,22
2024-11-13T11:03:29.227-05:00,IdeState,Active,Dialog,is_zero.py,2,22
2024-11-13T11:03:30.228-05:00,IdeState,Active,Dialog,is_zero.py,2,22
2024-11-13T11:03:31.229-05:00,IdeState,Active,Dialog,is_zero.py,2,22
2024-11-13T11:03:32.230-05:00,IdeState,Active,Dialog,is_zero.py,2,22
2024-11-13T11:03:33.231-05:00,IdeState,Active,Dialog,is_zero.py,2,22
2024-11-13T11:03:34.233-05:00,IdeState,Active,Dialog,is_zero.py,2,22
2024-11-13T11:03:35.233-05:00,IdeState,Active,Dialog,is_zero.py,2,22
2024-11-13T11:03:36.236-05:00,IdeState,Active,Dialog,is_zero.py,2,22
2024-11-13T11:03:37.238-05:00,IdeState,Active,Dialog,is_zero.py,2,22
2024-11-13T11:03:38.239-05:00,IdeState,Active,Dialog,is_zero.py,2,22
2024-11-13T11:03:39.241-05:00,IdeState,Active,Dialog,is_zero.py,2,22
2024-11-13T11:03:40.243-05:00,IdeState,Active,Dialog,is_zero.py,2,22
2024-11-13T11:03:41.244-05:00,IdeState,Active,Dialog,is_zero.py,2,22
2024-11-13T11:03:42.245-05:00,IdeState,Active,Dialog,is_zero.py,2,22
2024-11-13T11:03:43.245-05:00,IdeState,Active,Dialog,is_zero.py,2,22
2024-11-13T11:03:44.247-05:00,IdeState,Active,Dialog,is_zero.py,2,22
2024-11-13T11:03:45.249-05:00,IdeState,Active,Dialog,is_zero.py,2,22
2024-11-13T11:03:46.251-05:00,IdeState,Active,Dialog,is_zero.py,2,22
2024-11-13T11:03:47.252-05:00,IdeState,Active,Dialog,is_zero.py,2,22
2024-11-13T11:03:48.252-05:00,IdeState,Active,Dialog,is_zero.py,2,22
2024-11-13T11:03:49.254-05:00,IdeState,Active,Dialog,is_zero.py,2,22
2024-11-13T11:03:50.257-05:00,IdeState,Active,Dialog,is_zero.py,2,22
2024-11-13T11:03:51.259-05:00,IdeState,Active,Dialog,is_zero.py,2,22
2024-11-13T11:03:52.260-05:00,IdeState,Active,Dialog,is_zero.py,2,22
2024-11-13T11:03:53.261-05:00,IdeState,Active,Dialog,is_zero.py,2,22
2024-11-13T11:03:54.262-05:00,IdeState,Active,Dialog,is_zero.py,2,22
2024-11-13T11:03:55.264-05:00,IdeState,Active,Dialog,is_zero.py,2,22
2024-11-13T11:03:56.265-05:00,IdeState,Active,Dialog,is_zero.py,2,22
2024-11-13T11:03:57.266-05:00,IdeState,Active,Dialog,is_zero.py,2,22
2024-11-13T11:03:58.267-05:00,IdeState,Active,Dialog,is_zero.py,2,22
2024-11-13T11:03:59.268-05:00,IdeState,Active,Dialog,is_zero.py,2,22
2024-11-13T11:04:00.270-05:00,IdeState,Active,Dialog,is_zero.py,2,22
2024-11-13T11:04:01.271-05:00,IdeState,Active,Dialog,is_zero.py,2,22
2024-11-13T11:04:02.273-05:00,IdeState,Active,Dialog,is_zero.py,2,22
2024-11-13T11:04:03.274-05:00,IdeState,Active,Dialog,is_zero.py,2,22
2024-11-13T11:04:04.275-05:00,IdeState,Active,Dialog,is_zero.py,2,22
2024-11-13T11:04:05.278-05:00,IdeState,Active,Dialog,is_zero.py,2,22
2024-11-13T11:04:06.280-05:00,IdeState,Active,Dialog,is_zero.py,2,22
2024-11-13T11:04:07.281-05:00,IdeState,Active,Dialog,is_zero.py,2,22
2024-11-13T11:04:08.282-05:00,IdeState,Active,Dialog,is_zero.py,2,22
2024-11-13T11:04:09.284-05:00,IdeState,Active,Dialog,is_zero.py,2,22
2024-11-13T11:04:10.286-05:00,IdeState,Active,Dialog,is_zero.py,2,22
2024-11-13T11:04:11.287-05:00,IdeState,Active,Dialog,is_zero.py,2,22
2024-11-13T11:04:12.288-05:00,IdeState,Active,Dialog,is_zero.py,2,22
2024-11-13T11:04:13.290-05:00,IdeState,Active,Dialog,is_zero.py,2,22
2024-11-13T11:04:14.291-05:00,IdeState,Active,Dialog,is_zero.py,2,22
2024-11-13T11:04:15.294-05:00,IdeState,Active,Dialog,is_zero.py,2,22
2024-11-13T11:04:16.296-05:00,IdeState,Active,Dialog,is_zero.py,2,22
2024-11-13T11:04:17.296-05:00,IdeState,Active,Dialog,is_zero.py,2,22
2024-11-13T11:04:18.297-05:00,IdeState,Active,Dialog,is_zero.py,2,22
2024-11-13T11:04:19.298-05:00,IdeState,Active,Dialog,is_zero.py,2,22
2024-11-13T11:04:20.301-05:00,IdeState,Active,Dialog,is_zero.py,2,22
2024-11-13T11:04:21.301-05:00,IdeState,Active,Dialog,is_zero.py,2,22
2024-11-13T11:04:22.302-05:00,IdeState,Active,Dialog,is_zero.py,2,22
2024-11-13T11:04:23.303-05:00,IdeState,Active,Dialog,is_zero.py,2,22
2024-11-13T11:04:24.304-05:00,IdeState,Active,Dialog,is_zero.py,2,22
2024-11-13T11:04:25.305-05:00,IdeState,Active,Dialog,is_zero.py,2,22
2024-11-13T11:04:26.307-05:00,IdeState,Active,Dialog,is_zero.py,2,22
2024-11-13T11:04:27.307-05:00,IdeState,Active,Dialog,is_zero.py,2,22
2024-11-13T11:04:28.310-05:00,IdeState,Active,Dialog,is_zero.py,2,22
2024-11-13T11:04:29.311-05:00,IdeState,Active,Dialog,is_zero.py,2,22
2024-11-13T11:04:30.312-05:00,IdeState,Active,Dialog,is_zero.py,2,22
2024-11-13T11:04:31.313-05:00,IdeState,Active,Dialog,is_zero.py,2,22
2024-11-13T11:04:32.315-05:00,IdeState,Active,Dialog,is_zero.py,2,22
2024-11-13T11:04:33.315-05:00,IdeState,Active,Dialog,is_zero.py,2,22
2024-11-13T11:04:34.317-05:00,IdeState,Active,Dialog,is_zero.py,2,22
2024-11-13T11:04:35.319-05:00,IdeState,Active,Dialog,is_zero.py,2,22
2024-11-13T11:04:36.320-05:00,IdeState,Active,Dialog,is_zero.py,2,22
2024-11-13T11:04:37.322-05:00,IdeState,Active,Dialog,is_zero.py,2,22
2024-11-13T11:04:38.323-05:00,IdeState,Active,Dialog,is_zero.py,2,22
2024-11-13T11:04:39.324-05:00,IdeState,Active,Dialog,is_zero.py,2,22
2024-11-13T11:04:40.326-05:00,IdeState,Active,Dialog,is_zero.py,2,22
2024-11-13T11:04:41.329-05:00,IdeState,Active,Dialog,is_zero.py,2,22
2024-11-13T11:04:42.330-05:00,IdeState,Active,Dialog,is_zero.py,2,22
2024-11-13T11:04:43.333-05:00,IdeState,Active,Dialog,is_zero.py,2,22
2024-11-13T11:04:44.335-05:00,IdeState,Active,Dialog,is_zero.py,2,22
2024-11-13T11:04:45.336-05:00,IdeState,Active,Dialog,is_zero.py,2,22
2024-11-13T11:04:46.337-05:00,IdeState,Active,Dialog,is_zero.py,2,22
2024-11-13T11:04:47.340-05:00,IdeState,Active,Dialog,is_zero.py,2,22
2024-11-13T11:04:48.341-05:00,IdeState,Active,Dialog,is_zero.py,2,22
2024-11-13T11:04:49.342-05:00,IdeState,Active,Dialog,is_zero.py,2,22
2024-11-13T11:04:50.343-05:00,IdeState,Active,Dialog,is_zero.py,2,22
2024-11-13T11:04:51.344-05:00,IdeState,Active,Dialog,is_zero.py,2,22
2024-11-13T11:04:52.345-05:00,IdeState,Active,Dialog,is_zero.py,2,22
2024-11-13T11:04:53.347-05:00,IdeState,Active,Dialog,is_zero.py,2,22
2024-11-13T11:04:54.348-05:00,IdeState,Active,Dialog,is_zero.py,2,22
2024-11-13T11:04:55.350-05:00,IdeState,Active,Dialog,is_zero.py,2,22
2024-11-13T11:04:56.351-05:00,IdeState,Active,Dialog,is_zero.py,2,22
2024-11-13T11:04:57.352-05:00,IdeState,Active,Dialog,is_zero.py,2,22
2024-11-13T11:04:58.354-05:00,IdeState,Active,Dialog,is_zero.py,2,22
2024-11-13T11:04:59.354-05:00,IdeState,Active,Dialog,is_zero.py,2,22
2024-11-13T11:05:00.355-05:00,IdeState,Active,Dialog,is_zero.py,2,22
2024-11-13T11:05:01.356-05:00,IdeState,Active,Dialog,is_zero.py,2,22
2024-11-13T11:05:02.359-05:00,IdeState,Active,Dialog,is_zero.py,2,22
2024-11-13T11:05:03.360-05:00,IdeState,Active,Dialog,is_zero.py,2,22
2024-11-13T11:05:04.362-05:00,IdeState,Active,Dialog,is_zero.py,2,22
2024-11-13T11:05:05.365-05:00,IdeState,Active,Dialog,is_zero.py,2,22
2024-11-13T11:05:06.366-05:00,IdeState,Active,Dialog,is_zero.py,2,22
2024-11-13T11:05:07.367-05:00,IdeState,Active,Dialog,is_zero.py,2,22
2024-11-13T11:05:08.368-05:00,IdeState,Active,Dialog,is_zero.py,2,22
2024-11-13T11:05:09.369-05:00,IdeState,Active,Dialog,is_zero.py,2,22
2024-11-13T11:05:10.370-05:00,IdeState,Active,Dialog,is_zero.py,2,22
2024-11-13T11:05:11.372-05:00,IdeState,Active,Dialog,is_zero.py,2,22
2024-11-13T11:05:12.374-05:00,IdeState,Active,Dialog,is_zero.py,2,22
2024-11-13T11:05:13.375-05:00,IdeState,Active,Dialog,is_zero.py,2,22
2024-11-13T11:05:14.377-05:00,IdeState,Active,Dialog,is_zero.py,2,22
2024-11-13T11:05:15.379-05:00,IdeState,Active,Dialog,is_zero.py,2,22
2024-11-13T11:05:16.380-05:00,IdeState,Active,Dialog,is_zero.py,2,22
2024-11-13T11:05:17.381-05:00,IdeState,Active,Dialog,is_zero.py,2,22
2024-11-13T11:05:18.384-05:00,IdeState,Active,Dialog,is_zero.py,2,22
2024-11-13T11:05:19.385-05:00,IdeState,Active,Dialog,is_zero.py,2,22
2024-11-13T11:05:20.387-05:00,IdeState,Active,Dialog,is_zero.py,2,22
2024-11-13T11:05:21.388-05:00,IdeState,Active,Dialog,is_zero.py,2,22
2024-11-13T11:05:22.389-05:00,IdeState,Active,Dialog,is_zero.py,2,22
2024-11-13T11:05:23.390-05:00,IdeState,Active,Dialog,is_zero.py,2,22
2024-11-13T11:05:24.390-05:00,IdeState,Active,Dialog,is_zero.py,2,22
2024-11-13T11:05:25.393-05:00,IdeState,Active,Dialog,is_zero.py,2,22
2024-11-13T11:05:26.395-05:00,IdeState,Active,Dialog,is_zero.py,2,22
2024-11-13T11:05:27.396-05:00,IdeState,Active,Dialog,is_zero.py,2,22
2024-11-13T11:05:28.398-05:00,IdeState,Active,Dialog,is_zero.py,2,22
2024-11-13T11:05:29.399-05:00,IdeState,Active,Dialog,is_zero.py,2,22
2024-11-13T11:05:30.400-05:00,IdeState,Active,Dialog,is_zero.py,2,22
2024-11-13T11:05:31.403-05:00,IdeState,Active,Dialog,is_zero.py,2,22
2024-11-13T11:05:32.404-05:00,IdeState,Active,Dialog,is_zero.py,2,22
2024-11-13T11:05:33.406-05:00,IdeState,Active,Dialog,is_zero.py,2,22
2024-11-13T11:05:34.408-05:00,IdeState,Active,Dialog,is_zero.py,2,22
2024-11-13T11:05:35.409-05:00,IdeState,Active,Dialog,is_zero.py,2,22
2024-11-13T11:05:36.411-05:00,IdeState,Active,Dialog,is_zero.py,2,22
2024-11-13T11:05:37.413-05:00,IdeState,Active,Dialog,is_zero.py,2,22
2024-11-13T11:05:38.414-05:00,IdeState,Active,Dialog,is_zero.py,2,22
2024-11-13T11:05:39.417-05:00,IdeState,Active,Dialog,is_zero.py,2,22
2024-11-13T11:05:40.418-05:00,IdeState,Active,Dialog,is_zero.py,2,22
2024-11-13T11:05:41.420-05:00,IdeState,Active,Dialog,is_zero.py,2,22
2024-11-13T11:05:42.421-05:00,IdeState,Active,Dialog,is_zero.py,2,22
2024-11-13T11:05:43.423-05:00,IdeState,Active,Dialog,is_zero.py,2,22
2024-11-13T11:05:44.425-05:00,IdeState,Active,Dialog,is_zero.py,2,22
2024-11-13T11:05:45.426-05:00,IdeState,Active,Dialog,is_zero.py,2,22
2024-11-13T11:05:46.428-05:00,IdeState,Active,Dialog,is_zero.py,2,22
2024-11-13T11:05:47.429-05:00,IdeState,Active,Dialog,is_zero.py,2,22
2024-11-13T11:05:48.430-05:00,IdeState,Active,Dialog,is_zero.py,2,22
2024-11-13T11:05:49.431-05:00,IdeState,Active,Dialog,is_zero.py,2,22
2024-11-13T11:05:50.433-05:00,IdeState,Active,Dialog,is_zero.py,2,22
2024-11-13T11:05:51.434-05:00,IdeState,Active,Dialog,is_zero.py,2,22
2024-11-13T11:05:52.436-05:00,IdeState,Active,Dialog,is_zero.py,2,22
2024-11-13T11:05:53.437-05:00,IdeState,Active,Dialog,is_zero.py,2,22
2024-11-13T11:05:54.438-05:00,IdeState,Active,Dialog,is_zero.py,2,22
2024-11-13T11:05:55.440-05:00,IdeState,Active,Dialog,is_zero.py,2,22
2024-11-13T11:05:56.440-05:00,IdeState,Active,Dialog,is_zero.py,2,22
2024-11-13T11:05:57.441-05:00,IdeState,Active,Dialog,is_zero.py,2,22
2024-11-13T11:05:58.443-05:00,IdeState,Active,Dialog,is_zero.py,2,22
2024-11-13T11:05:59.446-05:00,IdeState,Active,Dialog,is_zero.py,2,22
2024-11-13T11:06:00.449-05:00,IdeState,Active,Dialog,is_zero.py,2,22
2024-11-13T11:06:01.450-05:00,IdeState,Active,Dialog,is_zero.py,2,22
2024-11-13T11:06:02.451-05:00,IdeState,Active,Dialog,is_zero.py,2,22
2024-11-13T11:06:03.452-05:00,IdeState,Active,Dialog,is_zero.py,2,22
2024-11-13T11:06:04.454-05:00,IdeState,Active,Dialog,is_zero.py,2,22
2024-11-13T11:06:05.455-05:00,IdeState,Active,Dialog,is_zero.py,2,22
2024-11-13T11:06:06.457-05:00,IdeState,Active,Dialog,is_zero.py,2,22
2024-11-13T11:06:07.458-05:00,IdeState,Active,Dialog,is_zero.py,2,22
2024-11-13T11:06:08.460-05:00,IdeState,Active,Dialog,is_zero.py,2,22
2024-11-13T11:06:09.461-05:00,IdeState,Active,Dialog,is_zero.py,2,22
2024-11-13T11:06:10.463-05:00,IdeState,Active,Dialog,is_zero.py,2,22
2024-11-13T11:06:11.464-05:00,IdeState,Active,Dialog,is_zero.py,2,22
2024-11-13T11:06:12.465-05:00,IdeState,Active,Dialog,is_zero.py,2,22
2024-11-13T11:06:13.468-05:00,IdeState,Active,Dialog,is_zero.py,2,22
2024-11-13T11:06:14.469-05:00,IdeState,Active,Dialog,is_zero.py,2,22
2024-11-13T11:06:15.470-05:00,IdeState,Active,Dialog,is_zero.py,2,22
2024-11-13T11:06:16.471-05:00,IdeState,Active,Dialog,is_zero.py,2,22
2024-11-13T11:06:17.472-05:00,IdeState,Active,Dialog,is_zero.py,2,22
2024-11-13T11:06:18.473-05:00,IdeState,Active,Dialog,is_zero.py,2,22
2024-11-13T11:06:19.475-05:00,IdeState,Active,Dialog,is_zero.py,2,22
2024-11-13T11:06:20.477-05:00,IdeState,Active,Dialog,is_zero.py,2,22
2024-11-13T11:06:21.479-05:00,IdeState,Active,Dialog,is_zero.py,2,22
2024-11-13T11:06:22.481-05:00,IdeState,Active,Dialog,is_zero.py,2,22
2024-11-13T11:06:23.483-05:00,IdeState,Active,Dialog,is_zero.py,2,22
2024-11-13T11:06:24.484-05:00,IdeState,Active,Dialog,is_zero.py,2,22
2024-11-13T11:06:25.485-05:00,IdeState,Active,Dialog,is_zero.py,2,22
2024-11-13T11:06:26.488-05:00,IdeState,Active,Dialog,is_zero.py,2,22
2024-11-13T11:06:27.490-05:00,IdeState,Active,Dialog,is_zero.py,2,22
2024-11-13T11:06:28.491-05:00,IdeState,Active,Dialog,is_zero.py,2,22
2024-11-13T11:06:29.493-05:00,IdeState,Active,Dialog,is_zero.py,2,22
2024-11-13T11:06:30.493-05:00,IdeState,Active,Dialog,is_zero.py,2,22
2024-11-13T11:06:31.494-05:00,IdeState,Active,Dialog,is_zero.py,2,22
2024-11-13T11:06:32.495-05:00,IdeState,Active,Dialog,is_zero.py,2,22
2024-11-13T11:06:33.497-05:00,IdeState,Active,Dialog,is_zero.py,2,22
2024-11-13T11:06:34.500-05:00,IdeState,Active,Dialog,is_zero.py,2,22
2024-11-13T11:06:35.501-05:00,IdeState,Active,Dialog,is_zero.py,2,22
2024-11-13T11:06:36.502-05:00,IdeState,Active,Dialog,is_zero.py,2,22
2024-11-13T11:06:37.504-05:00,IdeState,Active,Dialog,is_zero.py,2,22
2024-11-13T11:06:38.504-05:00,IdeState,Active,Dialog,is_zero.py,2,22
2024-11-13T11:06:39.506-05:00,IdeState,Active,Dialog,is_zero.py,2,22
2024-11-13T11:06:40.507-05:00,IdeState,Active,Dialog,is_zero.py,2,22
2024-11-13T11:06:41.508-05:00,IdeState,Active,Dialog,is_zero.py,2,22
2024-11-13T11:06:42.510-05:00,IdeState,Active,Dialog,is_zero.py,2,22
2024-11-13T11:06:43.512-05:00,IdeState,Active,Dialog,is_zero.py,2,22
2024-11-13T11:06:44.514-05:00,IdeState,Active,Dialog,is_zero.py,2,22
2024-11-13T11:06:45.515-05:00,IdeState,Active,Dialog,is_zero.py,2,22
2024-11-13T11:06:46.517-05:00,IdeState,Active,Dialog,is_zero.py,2,22
2024-11-13T11:06:47.518-05:00,IdeState,Active,Dialog,is_zero.py,2,22
2024-11-13T11:06:48.520-05:00,IdeState,Active,Dialog,is_zero.py,2,22
2024-11-13T11:06:49.522-05:00,IdeState,Active,Dialog,is_zero.py,2,22
2024-11-13T11:06:50.524-05:00,IdeState,Active,Dialog,is_zero.py,2,22
2024-11-13T11:06:51.525-05:00,IdeState,Active,Dialog,is_zero.py,2,22
2024-11-13T11:06:52.527-05:00,IdeState,Active,Dialog,is_zero.py,2,22
2024-11-13T11:06:53.529-05:00,IdeState,Active,Dialog,is_zero.py,2,22
2024-11-13T11:06:54.530-05:00,IdeState,Active,Dialog,is_zero.py,2,22
2024-11-13T11:06:55.531-05:00,IdeState,Active,Dialog,is_zero.py,2,22
2024-11-13T11:06:56.532-05:00,IdeState,Active,Dialog,is_zero.py,2,22
2024-11-13T11:06:57.533-05:00,IdeState,Active,Dialog,is_zero.py,2,22
2024-11-13T11:06:58.534-05:00,IdeState,Active,Dialog,is_zero.py,2,22
2024-11-13T11:06:59.535-05:00,IdeState,Active,Dialog,is_zero.py,2,22
2024-11-13T11:07:00.536-05:00,IdeState,Active,Dialog,is_zero.py,2,22
2024-11-13T11:07:01.539-05:00,IdeState,Active,Dialog,is_zero.py,2,22
2024-11-13T11:07:02.543-05:00,IdeState,Active,Dialog,is_zero.py,2,22
2024-11-13T11:07:03.543-05:00,IdeState,Active,Dialog,is_zero.py,2,22
2024-11-13T11:07:04.544-05:00,IdeState,Active,Dialog,is_zero.py,2,22
2024-11-13T11:07:05.547-05:00,IdeState,Active,Dialog,is_zero.py,2,22
2024-11-13T11:07:06.548-05:00,IdeState,Active,Dialog,is_zero.py,2,22
2024-11-13T11:07:07.550-05:00,IdeState,Active,Dialog,is_zero.py,2,22
2024-11-13T11:07:08.552-05:00,IdeState,Active,Dialog,is_zero.py,2,22
2024-11-13T11:07:09.552-05:00,IdeState,Active,Dialog,is_zero.py,2,22
2024-11-13T11:07:10.554-05:00,IdeState,Active,Dialog,is_zero.py,2,22
2024-11-13T11:07:11.555-05:00,IdeState,Active,Dialog,is_zero.py,2,22
2024-11-13T11:07:12.557-05:00,IdeState,Active,Dialog,is_zero.py,2,22
2024-11-13T11:07:13.558-05:00,IdeState,Active,Dialog,is_zero.py,2,22
2024-11-13T11:07:14.560-05:00,IdeState,Active,Dialog,is_zero.py,2,22
2024-11-13T11:07:15.562-05:00,IdeState,Active,Dialog,is_zero.py,2,22
2024-11-13T11:07:16.564-05:00,IdeState,Active,Dialog,is_zero.py,2,22
2024-11-13T11:07:17.564-05:00,IdeState,Active,Dialog,is_zero.py,2,22
2024-11-13T11:07:18.566-05:00,IdeState,Active,Dialog,is_zero.py,2,22
2024-11-13T11:07:19.566-05:00,IdeState,Active,Dialog,is_zero.py,2,22
2024-11-13T11:07:20.567-05:00,IdeState,Active,Dialog,is_zero.py,2,22
2024-11-13T11:07:21.568-05:00,IdeState,Active,Dialog,is_zero.py,2,22
2024-11-13T11:07:22.569-05:00,IdeState,Active,Dialog,is_zero.py,2,22
2024-11-13T11:07:23.571-05:00,IdeState,Active,Dialog,is_zero.py,2,22
2024-11-13T11:07:24.571-05:00,IdeState,Active,Dialog,is_zero.py,2,22
2024-11-13T11:07:25.572-05:00,IdeState,Active,Dialog,is_zero.py,2,22
2024-11-13T11:07:26.574-05:00,IdeState,Active,Dialog,is_zero.py,2,22
2024-11-13T11:07:27.576-05:00,IdeState,Active,Dialog,is_zero.py,2,22
2024-11-13T11:07:28.577-05:00,IdeState,Active,Dialog,is_zero.py,2,22
2024-11-13T11:07:29.578-05:00,IdeState,Active,Dialog,is_zero.py,2,22
2024-11-13T11:07:30.581-05:00,IdeState,Active,Dialog,is_zero.py,2,22
2024-11-13T11:07:31.583-05:00,IdeState,Active,Dialog,is_zero.py,2,22
2024-11-13T11:07:32.585-05:00,IdeState,Active,Dialog,is_zero.py,2,22
2024-11-13T11:07:33.586-05:00,IdeState,Active,Dialog,is_zero.py,2,22
2024-11-13T11:07:34.587-05:00,IdeState,Active,Dialog,is_zero.py,2,22
2024-11-13T11:07:35.589-05:00,IdeState,Active,Dialog,is_zero.py,2,22
2024-11-13T11:07:36.590-05:00,IdeState,Active,Dialog,is_zero.py,2,22
2024-11-13T11:07:37.592-05:00,IdeState,Active,Dialog,is_zero.py,2,22
2024-11-13T11:07:38.593-05:00,IdeState,Active,Dialog,is_zero.py,2,22
2024-11-13T11:07:39.594-05:00,IdeState,Active,Dialog,is_zero.py,2,22
2024-11-13T11:07:40.595-05:00,IdeState,Active,Dialog,is_zero.py,2,22
2024-11-13T11:07:41.596-05:00,IdeState,Active,Dialog,is_zero.py,2,22
2024-11-13T11:07:42.597-05:00,IdeState,Active,Dialog,is_zero.py,2,22
2024-11-13T11:07:43.599-05:00,IdeState,Active,Dialog,is_zero.py,2,22
2024-11-13T11:07:44.600-05:00,IdeState,Active,Dialog,is_zero.py,2,22
2024-11-13T11:07:45.602-05:00,IdeState,Active,Dialog,is_zero.py,2,22
2024-11-13T11:07:46.603-05:00,IdeState,Active,Dialog,is_zero.py,2,22
2024-11-13T11:07:47.604-05:00,IdeState,Active,Dialog,is_zero.py,2,22
2024-11-13T11:07:48.605-05:00,IdeState,Active,Dialog,is_zero.py,2,22
2024-11-13T11:07:49.607-05:00,IdeState,Active,Dialog,is_zero.py,2,22
2024-11-13T11:07:50.609-05:00,IdeState,Active,Dialog,is_zero.py,2,22
2024-11-13T11:07:51.610-05:00,IdeState,Active,Dialog,is_zero.py,2,22
2024-11-13T11:07:52.611-05:00,IdeState,Active,Dialog,is_zero.py,2,22
2024-11-13T11:07:53.613-05:00,IdeState,Active,Dialog,is_zero.py,2,22
2024-11-13T11:07:54.615-05:00,IdeState,Active,Dialog,is_zero.py,2,22
2024-11-13T11:07:55.616-05:00,IdeState,Active,Dialog,is_zero.py,2,22
2024-11-13T11:07:56.619-05:00,IdeState,Active,Dialog,is_zero.py,2,22
2024-11-13T11:07:57.620-05:00,IdeState,Active,Dialog,is_zero.py,2,22
2024-11-13T11:07:58.621-05:00,IdeState,Active,Dialog,is_zero.py,2,22
2024-11-13T11:07:59.623-05:00,IdeState,Active,Dialog,is_zero.py,2,22
2024-11-13T11:08:00.625-05:00,IdeState,Active,Dialog,is_zero.py,2,22
2024-11-13T11:08:01.626-05:00,IdeState,Active,Dialog,is_zero.py,2,22
2024-11-13T11:08:02.629-05:00,IdeState,Active,Dialog,is_zero.py,2,22
2024-11-13T11:08:03.630-05:00,IdeState,Active,Dialog,is_zero.py,2,22
2024-11-13T11:08:04.632-05:00,IdeState,Active,Dialog,is_zero.py,2,22
2024-11-13T11:08:05.633-05:00,IdeState,Active,Dialog,is_zero.py,2,22
2024-11-13T11:08:06.635-05:00,IdeState,Active,Dialog,is_zero.py,2,22
2024-11-13T11:08:07.637-05:00,IdeState,Active,Dialog,is_zero.py,2,22
2024-11-13T11:08:08.638-05:00,IdeState,Active,Dialog,is_zero.py,2,22
2024-11-13T11:08:09.639-05:00,IdeState,Active,Dialog,is_zero.py,2,22
2024-11-13T11:08:10.641-05:00,IdeState,Active,Dialog,is_zero.py,2,22
2024-11-13T11:08:11.642-05:00,IdeState,Active,Dialog,is_zero.py,2,22
2024-11-13T11:08:12.645-05:00,IdeState,Active,Dialog,is_zero.py,2,22
2024-11-13T11:08:13.646-05:00,IdeState,Active,Dialog,is_zero.py,2,22
2024-11-13T11:08:14.646-05:00,IdeState,Active,Dialog,is_zero.py,2,22
2024-11-13T11:08:15.648-05:00,IdeState,Active,Dialog,is_zero.py,2,22
2024-11-13T11:08:16.649-05:00,IdeState,Active,Dialog,is_zero.py,2,22
2024-11-13T11:08:17.649-05:00,IdeState,Active,Dialog,is_zero.py,2,22
2024-11-13T11:08:18.651-05:00,IdeState,Active,Dialog,is_zero.py,2,22
2024-11-13T11:08:19.653-05:00,IdeState,Active,Dialog,is_zero.py,2,22
2024-11-13T11:08:20.654-05:00,IdeState,Active,Dialog,is_zero.py,2,22
2024-11-13T11:08:21.656-05:00,IdeState,Active,Dialog,is_zero.py,2,22
2024-11-13T11:08:22.656-05:00,IdeState,Active,Dialog,is_zero.py,2,22
2024-11-13T11:08:23.657-05:00,IdeState,Active,Dialog,is_zero.py,2,22
2024-11-13T11:08:24.659-05:00,IdeState,Active,Dialog,is_zero.py,2,22
2024-11-13T11:08:25.659-05:00,IdeState,Active,Dialog,is_zero.py,2,22
2024-11-13T11:08:26.662-05:00,IdeState,Active,Dialog,is_zero.py,2,22
2024-11-13T11:08:27.662-05:00,IdeState,Active,Dialog,is_zero.py,2,22
2024-11-13T11:08:28.663-05:00,IdeState,Active,Dialog,is_zero.py,2,22
2024-11-13T11:08:29.665-05:00,IdeState,Active,Dialog,is_zero.py,2,22
2024-11-13T11:08:30.666-05:00,IdeState,Active,Dialog,is_zero.py,2,22
2024-11-13T11:08:31.667-05:00,IdeState,Active,Dialog,is_zero.py,2,22
2024-11-13T11:08:32.668-05:00,IdeState,Active,Dialog,is_zero.py,2,22
2024-11-13T11:08:33.668-05:00,IdeState,Active,Dialog,is_zero.py,2,22
2024-11-13T11:08:34.669-05:00,IdeState,Active,Dialog,is_zero.py,2,22
2024-11-13T11:08:35.669-05:00,IdeState,Active,Dialog,is_zero.py,2,22
2024-11-13T11:08:36.670-05:00,IdeState,Active,Dialog,is_zero.py,2,22
2024-11-13T11:08:37.671-05:00,IdeState,Active,Dialog,is_zero.py,2,22
2024-11-13T11:08:38.672-05:00,IdeState,Active,Dialog,is_zero.py,2,22
2024-11-13T11:08:39.673-05:00,IdeState,Active,Dialog,is_zero.py,2,22
2024-11-13T11:08:40.674-05:00,IdeState,Active,Dialog,is_zero.py,2,22
2024-11-13T11:08:41.675-05:00,IdeState,Active,Dialog,is_zero.py,2,22
2024-11-13T11:08:42.676-05:00,IdeState,Active,Dialog,is_zero.py,2,22
2024-11-13T11:08:43.676-05:00,IdeState,Active,Dialog,is_zero.py,2,22
2024-11-13T11:08:44.678-05:00,IdeState,Active,Dialog,is_zero.py,2,22
2024-11-13T11:08:45.679-05:00,IdeState,Active,Dialog,is_zero.py,2,22
2024-11-13T11:08:46.680-05:00,IdeState,Active,Dialog,is_zero.py,2,22
2024-11-13T11:08:47.682-05:00,IdeState,Active,Dialog,is_zero.py,2,22
2024-11-13T11:08:48.683-05:00,IdeState,Active,Dialog,is_zero.py,2,22
2024-11-13T11:08:49.683-05:00,IdeState,Active,Dialog,is_zero.py,2,22
2024-11-13T11:08:50.684-05:00,IdeState,Active,Dialog,is_zero.py,2,22
2024-11-13T11:08:51.685-05:00,IdeState,Active,Dialog,is_zero.py,2,22
2024-11-13T11:08:52.686-05:00,IdeState,Active,Dialog,is_zero.py,2,22
2024-11-13T11:08:53.687-05:00,IdeState,Active,Dialog,is_zero.py,2,22
2024-11-13T11:08:54.689-05:00,IdeState,Active,Dialog,is_zero.py,2,22
2024-11-13T11:08:55.690-05:00,IdeState,Active,Dialog,is_zero.py,2,22
2024-11-13T11:08:56.692-05:00,IdeState,Active,Dialog,is_zero.py,2,22
2024-11-13T11:08:57.694-05:00,IdeState,Active,Dialog,is_zero.py,2,22
2024-11-13T11:08:58.696-05:00,IdeState,Active,Dialog,is_zero.py,2,22
2024-11-13T11:08:59.697-05:00,IdeState,Active,Dialog,is_zero.py,2,22
2024-11-13T11:09:00.699-05:00,IdeState,Active,Dialog,is_zero.py,2,22
2024-11-13T11:09:01.701-05:00,IdeState,Active,Dialog,is_zero.py,2,22
2024-11-13T11:09:02.703-05:00,IdeState,Active,Dialog,is_zero.py,2,22
2024-11-13T11:09:03.704-05:00,IdeState,Active,Dialog,is_zero.py,2,22
2024-11-13T11:09:04.705-05:00,IdeState,Active,Dialog,is_zero.py,2,22
2024-11-13T11:09:05.706-05:00,IdeState,Active,Dialog,is_zero.py,2,22
2024-11-13T11:09:06.707-05:00,IdeState,Active,Dialog,is_zero.py,2,22
2024-11-13T11:09:07.709-05:00,IdeState,Active,Dialog,is_zero.py,2,22
2024-11-13T11:09:08.711-05:00,IdeState,Active,Dialog,is_zero.py,2,22
2024-11-13T11:09:09.712-05:00,IdeState,Active,Dialog,is_zero.py,2,22
2024-11-13T11:09:10.714-05:00,IdeState,Active,Dialog,is_zero.py,2,22
2024-11-13T11:09:11.716-05:00,IdeState,Active,Dialog,is_zero.py,2,22
2024-11-13T11:09:12.717-05:00,IdeState,Active,Dialog,is_zero.py,2,22
2024-11-13T11:09:13.718-05:00,IdeState,Active,Dialog,is_zero.py,2,22
2024-11-13T11:09:14.719-05:00,IdeState,Active,Dialog,is_zero.py,2,22
2024-11-13T11:09:15.720-05:00,IdeState,Active,Dialog,is_zero.py,2,22
2024-11-13T11:09:16.721-05:00,IdeState,Active,Dialog,is_zero.py,2,22
2024-11-13T11:09:17.723-05:00,IdeState,Active,Dialog,is_zero.py,2,22
2024-11-13T11:09:18.724-05:00,IdeState,Active,Dialog,is_zero.py,2,22
2024-11-13T11:09:19.725-05:00,IdeState,Active,Dialog,is_zero.py,2,22
2024-11-13T11:09:20.726-05:00,IdeState,Active,Dialog,is_zero.py,2,22
2024-11-13T11:09:21.727-05:00,IdeState,Active,Dialog,is_zero.py,2,22
2024-11-13T11:09:22.729-05:00,IdeState,Active,Dialog,is_zero.py,2,22
2024-11-13T11:09:23.731-05:00,IdeState,Active,Dialog,is_zero.py,2,22
2024-11-13T11:09:24.732-05:00,IdeState,Active,Dialog,is_zero.py,2,22
2024-11-13T11:09:25.735-05:00,IdeState,Active,Dialog,is_zero.py,2,22
2024-11-13T11:09:26.736-05:00,IdeState,Active,Dialog,is_zero.py,2,22
2024-11-13T11:09:27.738-05:00,IdeState,Active,Dialog,is_zero.py,2,22
2024-11-13T11:09:28.739-05:00,IdeState,Active,Dialog,is_zero.py,2,22
2024-11-13T11:09:29.741-05:00,IdeState,Active,Dialog,is_zero.py,2,22
2024-11-13T11:09:30.742-05:00,IdeState,Active,Dialog,is_zero.py,2,22
2024-11-13T11:09:31.743-05:00,IdeState,Active,Dialog,is_zero.py,2,22
2024-11-13T11:09:32.744-05:00,IdeState,Active,Dialog,is_zero.py,2,22
2024-11-13T11:09:33.745-05:00,IdeState,Active,Dialog,is_zero.py,2,22
2024-11-13T11:09:34.748-05:00,IdeState,Active,Dialog,is_zero.py,2,22
2024-11-13T11:09:35.750-05:00,IdeState,Active,Dialog,is_zero.py,2,22
2024-11-13T11:09:36.752-05:00,IdeState,Active,Dialog,is_zero.py,2,22
2024-11-13T11:09:37.752-05:00,IdeState,Active,Dialog,is_zero.py,2,22
2024-11-13T11:09:38.754-05:00,IdeState,Active,Dialog,is_zero.py,2,22
2024-11-13T11:09:39.757-05:00,IdeState,Active,Dialog,is_zero.py,2,22
2024-11-13T11:09:40.758-05:00,IdeState,Active,Dialog,is_zero.py,2,22
2024-11-13T11:09:41.760-05:00,IdeState,Active,Dialog,is_zero.py,2,22
2024-11-13T11:09:42.760-05:00,IdeState,Active,Dialog,is_zero.py,2,22
2024-11-13T11:09:43.762-05:00,IdeState,Active,Dialog,is_zero.py,2,22
2024-11-13T11:09:44.762-05:00,IdeState,Active,Dialog,is_zero.py,2,22
2024-11-13T11:09:45.763-05:00,IdeState,Active,Dialog,is_zero.py,2,22
2024-11-13T11:09:46.764-05:00,IdeState,Active,Dialog,is_zero.py,2,22
2024-11-13T11:09:47.765-05:00,IdeState,Active,Dialog,is_zero.py,2,22
2024-11-13T11:09:48.766-05:00,IdeState,Active,Dialog,is_zero.py,2,22
2024-11-13T11:09:49.767-05:00,IdeState,Active,Dialog,is_zero.py,2,22
2024-11-13T11:09:50.768-05:00,IdeState,Active,Dialog,is_zero.py,2,22
2024-11-13T11:09:51.771-05:00,IdeState,Active,Dialog,is_zero.py,2,22
2024-11-13T11:09:52.771-05:00,IdeState,Active,Dialog,is_zero.py,2,22
2024-11-13T11:09:53.772-05:00,IdeState,Active,Dialog,is_zero.py,2,22
2024-11-13T11:09:54.774-05:00,IdeState,Active,Dialog,is_zero.py,2,22
2024-11-13T11:09:55.775-05:00,IdeState,Active,Dialog,is_zero.py,2,22
2024-11-13T11:09:56.776-05:00,IdeState,Active,Dialog,is_zero.py,2,22
2024-11-13T11:09:57.777-05:00,IdeState,Active,Dialog,is_zero.py,2,22
2024-11-13T11:09:58.779-05:00,IdeState,Active,Dialog,is_zero.py,2,22
2024-11-13T11:09:59.781-05:00,IdeState,Active,Dialog,is_zero.py,2,22
2024-11-13T11:10:00.782-05:00,IdeState,Active,Dialog,is_zero.py,2,22
2024-11-13T11:10:01.784-05:00,IdeState,Active,Dialog,is_zero.py,2,22
2024-11-13T11:10:02.785-05:00,IdeState,Active,Dialog,is_zero.py,2,22
2024-11-13T11:10:03.786-05:00,IdeState,Active,Dialog,is_zero.py,2,22
2024-11-13T11:10:04.787-05:00,IdeState,Active,Dialog,is_zero.py,2,22
2024-11-13T11:10:05.790-05:00,IdeState,Active,Dialog,is_zero.py,2,22
2024-11-13T11:10:06.792-05:00,IdeState,Active,Dialog,is_zero.py,2,22
2024-11-13T11:10:07.794-05:00,IdeState,Active,Dialog,is_zero.py,2,22
2024-11-13T11:10:08.796-05:00,IdeState,Active,Dialog,is_zero.py,2,22
2024-11-13T11:10:09.800-05:00,IdeState,Active,Dialog,is_zero.py,2,22
2024-11-13T11:10:10.802-05:00,IdeState,Active,Dialog,is_zero.py,2,22
2024-11-13T11:10:11.803-05:00,IdeState,Active,Dialog,is_zero.py,2,22
2024-11-13T11:10:12.805-05:00,IdeState,Active,Dialog,is_zero.py,2,22
2024-11-13T11:10:13.806-05:00,IdeState,Active,Dialog,is_zero.py,2,22
2024-11-13T11:10:14.806-05:00,IdeState,Active,Dialog,is_zero.py,2,22
2024-11-13T11:10:15.807-05:00,IdeState,Active,Dialog,is_zero.py,2,22
2024-11-13T11:10:16.808-05:00,IdeState,Active,Dialog,is_zero.py,2,22
2024-11-13T11:10:17.810-05:00,IdeState,Active,Dialog,is_zero.py,2,22
2024-11-13T11:10:18.811-05:00,IdeState,Active,Dialog,is_zero.py,2,22
2024-11-13T11:10:19.812-05:00,IdeState,Active,Dialog,is_zero.py,2,22
2024-11-13T11:10:20.813-05:00,IdeState,Active,Dialog,is_zero.py,2,22
2024-11-13T11:10:21.813-05:00,IdeState,Active,Dialog,is_zero.py,2,22
2024-11-13T11:10:22.815-05:00,IdeState,Active,Dialog,is_zero.py,2,22
2024-11-13T11:10:23.818-05:00,IdeState,Active,Dialog,is_zero.py,2,22
2024-11-13T11:10:24.819-05:00,IdeState,Active,Dialog,is_zero.py,2,22
2024-11-13T11:10:25.821-05:00,IdeState,Active,Dialog,is_zero.py,2,22
2024-11-13T11:10:26.822-05:00,IdeState,Active,Dialog,is_zero.py,2,22
2024-11-13T11:10:27.823-05:00,IdeState,Active,Dialog,is_zero.py,2,22
2024-11-13T11:10:28.824-05:00,IdeState,Active,Dialog,is_zero.py,2,22
2024-11-13T11:10:29.824-05:00,IdeState,Active,Dialog,is_zero.py,2,22
2024-11-13T11:10:30.826-05:00,IdeState,Active,Dialog,is_zero.py,2,22
2024-11-13T11:10:31.827-05:00,IdeState,Active,Dialog,is_zero.py,2,22
2024-11-13T11:10:32.828-05:00,IdeState,Active,Dialog,is_zero.py,2,22
2024-11-13T11:10:33.831-05:00,IdeState,Active,Dialog,is_zero.py,2,22
2024-11-13T11:10:34.832-05:00,IdeState,Active,Dialog,is_zero.py,2,22
2024-11-13T11:10:35.833-05:00,IdeState,Active,Dialog,is_zero.py,2,22
2024-11-13T11:10:36.835-05:00,IdeState,Active,Dialog,is_zero.py,2,22
2024-11-13T11:10:37.836-05:00,IdeState,Active,Dialog,is_zero.py,2,22
2024-11-13T11:10:38.837-05:00,IdeState,Active,Dialog,is_zero.py,2,22
2024-11-13T11:10:39.838-05:00,IdeState,Active,Dialog,is_zero.py,2,22
2024-11-13T11:10:40.839-05:00,IdeState,Active,Dialog,is_zero.py,2,22
2024-11-13T11:10:41.840-05:00,IdeState,Active,Dialog,is_zero.py,2,22
2024-11-13T11:10:42.840-05:00,IdeState,Active,Dialog,is_zero.py,2,22
2024-11-13T11:10:43.842-05:00,IdeState,Active,Dialog,is_zero.py,2,22
2024-11-13T11:10:44.843-05:00,IdeState,Active,Dialog,is_zero.py,2,22
2024-11-13T11:10:45.843-05:00,IdeState,Active,Dialog,is_zero.py,2,22
2024-11-13T11:10:46.846-05:00,IdeState,Active,Dialog,is_zero.py,2,22
2024-11-13T11:10:47.847-05:00,IdeState,Active,Dialog,is_zero.py,2,22
2024-11-13T11:10:48.847-05:00,IdeState,Active,Dialog,is_zero.py,2,22
2024-11-13T11:10:49.849-05:00,IdeState,Active,Dialog,is_zero.py,2,22
2024-11-13T11:10:50.850-05:00,IdeState,Active,Dialog,is_zero.py,2,22
2024-11-13T11:10:51.851-05:00,IdeState,Active,Dialog,is_zero.py,2,22
2024-11-13T11:10:52.852-05:00,IdeState,Active,Dialog,is_zero.py,2,22
2024-11-13T11:10:53.853-05:00,IdeState,Active,Dialog,is_zero.py,2,22
2024-11-13T11:10:54.854-05:00,IdeState,Active,Dialog,is_zero.py,2,22
2024-11-13T11:10:55.855-05:00,IdeState,Active,Dialog,is_zero.py,2,22
2024-11-13T11:10:56.855-05:00,IdeState,Active,Dialog,is_zero.py,2,22
2024-11-13T11:10:57.858-05:00,IdeState,Active,Dialog,is_zero.py,2,22
2024-11-13T11:10:58.861-05:00,IdeState,Active,Dialog,is_zero.py,2,22
2024-11-13T11:10:59.861-05:00,IdeState,Active,Dialog,is_zero.py,2,22
2024-11-13T11:11:00.863-05:00,IdeState,Active,Dialog,is_zero.py,2,22
2024-11-13T11:11:01.863-05:00,IdeState,Active,Dialog,is_zero.py,2,22
2024-11-13T11:11:02.864-05:00,IdeState,Active,Dialog,is_zero.py,2,22
2024-11-13T11:11:03.865-05:00,IdeState,Active,Dialog,is_zero.py,2,22
2024-11-13T11:11:04.867-05:00,IdeState,Active,Dialog,is_zero.py,2,22
2024-11-13T11:11:05.869-05:00,IdeState,Active,Dialog,is_zero.py,2,22
2024-11-13T11:11:06.869-05:00,IdeState,Active,Dialog,is_zero.py,2,22
2024-11-13T11:11:07.871-05:00,IdeState,Active,Dialog,is_zero.py,2,22
2024-11-13T11:11:08.873-05:00,IdeState,Active,Dialog,is_zero.py,2,22
2024-11-13T11:11:09.874-05:00,IdeState,Active,Dialog,is_zero.py,2,22
2024-11-13T11:11:10.875-05:00,IdeState,Active,Dialog,is_zero.py,2,22
2024-11-13T11:11:11.875-05:00,IdeState,Active,Dialog,is_zero.py,2,22
2024-11-13T11:11:12.878-05:00,IdeState,Active,Dialog,is_zero.py,2,22
2024-11-13T11:11:13.878-05:00,IdeState,Active,Dialog,is_zero.py,2,22
2024-11-13T11:11:14.881-05:00,IdeState,Active,Dialog,is_zero.py,2,22
2024-11-13T11:11:15.881-05:00,IdeState,Active,Dialog,is_zero.py,2,22
2024-11-13T11:11:16.883-05:00,IdeState,Active,Dialog,is_zero.py,2,22
2024-11-13T11:11:17.885-05:00,IdeState,Active,Dialog,is_zero.py,2,22
2024-11-13T11:11:18.886-05:00,IdeState,Active,Dialog,is_zero.py,2,22
2024-11-13T11:11:19.887-05:00,IdeState,Active,Dialog,is_zero.py,2,22
2024-11-13T11:11:20.889-05:00,IdeState,Active,Dialog,is_zero.py,2,22
2024-11-13T11:11:21.891-05:00,IdeState,Active,Dialog,is_zero.py,2,22
2024-11-13T11:11:22.893-05:00,IdeState,Active,Dialog,is_zero.py,2,22
2024-11-13T11:11:23.894-05:00,IdeState,Active,Dialog,is_zero.py,2,22
2024-11-13T11:11:24.897-05:00,IdeState,Active,Dialog,is_zero.py,2,22
2024-11-13T11:11:25.899-05:00,IdeState,Active,Dialog,is_zero.py,2,22
2024-11-13T11:11:26.900-05:00,IdeState,Active,Dialog,is_zero.py,2,22
2024-11-13T11:11:27.902-05:00,IdeState,Active,Dialog,is_zero.py,2,22
2024-11-13T11:11:28.902-05:00,IdeState,Active,Dialog,is_zero.py,2,22
2024-11-13T11:11:29.904-05:00,IdeState,Active,Dialog,is_zero.py,2,22
2024-11-13T11:11:30.904-05:00,IdeState,Active,Dialog,is_zero.py,2,22
2024-11-13T11:11:31.906-05:00,IdeState,Active,Dialog,is_zero.py,2,22
2024-11-13T11:11:32.906-05:00,IdeState,Active,Dialog,is_zero.py,2,22
2024-11-13T11:11:33.907-05:00,IdeState,Active,Dialog,is_zero.py,2,22
2024-11-13T11:11:34.908-05:00,IdeState,Active,Dialog,is_zero.py,2,22
2024-11-13T11:11:35.908-05:00,IdeState,Active,Dialog,is_zero.py,2,22
2024-11-13T11:11:36.909-05:00,IdeState,Active,Dialog,is_zero.py,2,22
2024-11-13T11:11:37.909-05:00,IdeState,Active,Dialog,is_zero.py,2,22
2024-11-13T11:11:38.911-05:00,IdeState,Active,Dialog,is_zero.py,2,22
2024-11-13T11:11:39.912-05:00,IdeState,Active,Dialog,is_zero.py,2,22
2024-11-13T11:11:40.913-05:00,IdeState,Active,Dialog,is_zero.py,2,22
2024-11-13T11:11:41.914-05:00,IdeState,Active,Dialog,is_zero.py,2,22
2024-11-13T11:11:42.915-05:00,IdeState,Active,Dialog,is_zero.py,2,22
2024-11-13T11:11:43.916-05:00,IdeState,Active,Dialog,is_zero.py,2,22
2024-11-13T11:11:44.918-05:00,IdeState,Active,Dialog,is_zero.py,2,22
2024-11-13T11:11:45.920-05:00,IdeState,Active,Dialog,is_zero.py,2,22
2024-11-13T11:11:46.920-05:00,IdeState,Active,Dialog,is_zero.py,2,22
2024-11-13T11:11:47.921-05:00,IdeState,Active,Dialog,is_zero.py,2,22
2024-11-13T11:11:48.923-05:00,IdeState,Active,Dialog,is_zero.py,2,22
2024-11-13T11:11:49.924-05:00,IdeState,Active,Dialog,is_zero.py,2,22
2024-11-13T11:11:50.926-05:00,IdeState,Active,Dialog,is_zero.py,2,22
2024-11-13T11:11:51.927-05:00,IdeState,Active,Dialog,is_zero.py,2,22
2024-11-13T11:11:52.928-05:00,IdeState,Active,Dialog,is_zero.py,2,22
2024-11-13T11:11:53.929-05:00,IdeState,Active,Dialog,is_zero.py,2,22
2024-11-13T11:11:54.931-05:00,IdeState,Active,Dialog,is_zero.py,2,22
2024-11-13T11:11:55.932-05:00,IdeState,Active,Dialog,is_zero.py,2,22
2024-11-13T11:11:56.933-05:00,IdeState,Active,Dialog,is_zero.py,2,22
2024-11-13T11:11:57.934-05:00,IdeState,Active,Dialog,is_zero.py,2,22
2024-11-13T11:11:58.935-05:00,IdeState,Active,Dialog,is_zero.py,2,22
2024-11-13T11:11:59.938-05:00,IdeState,Active,Dialog,is_zero.py,2,22
2024-11-13T11:20:35.289-05:00,IdeState,Active,Dialog,is_zero.py,2,22
2024-11-13T11:20:36.289-05:00,IdeState,Active,Dialog,is_zero.py,2,22
2024-11-13T11:20:37.290-05:00,IdeState,Active,Dialog,is_zero.py,2,22
2024-11-13T11:20:38.292-05:00,IdeState,Active,Dialog,is_zero.py,2,22
2024-11-13T11:43:24.314-05:00,IdeState,Active,Dialog,is_zero.py,2,22
2024-11-13T11:43:25.318-05:00,IdeState,Active,Dialog,is_zero.py,2,22
2024-11-13T11:43:26.319-05:00,IdeState,Active,Dialog,is_zero.py,2,22
2024-11-13T11:43:27.320-05:00,IdeState,Active,Dialog,is_zero.py,2,22
2024-11-13T11:43:28.321-05:00,IdeState,Active,Dialog,is_zero.py,2,22
2024-11-13T11:43:29.324-05:00,IdeState,Active,Dialog,is_zero.py,2,22
2024-11-13T11:43:30.325-05:00,IdeState,Active,Dialog,is_zero.py,2,22
2024-11-13T11:43:31.326-05:00,IdeState,Active,Dialog,is_zero.py,2,22
2024-11-13T11:43:32.329-05:00,IdeState,Active,Dialog,is_zero.py,2,22
2024-11-13T11:43:33.330-05:00,IdeState,Active,Dialog,is_zero.py,2,22
2024-11-13T11:43:34.330-05:00,IdeState,Active,Dialog,is_zero.py,2,22
2024-11-13T11:43:35.331-05:00,IdeState,Active,Dialog,is_zero.py,2,22
2024-11-13T11:43:36.331-05:00,IdeState,Active,Dialog,is_zero.py,2,22
2024-11-13T11:43:37.332-05:00,IdeState,Active,Dialog,is_zero.py,2,22
2024-11-13T12:06:25.094-05:00,IdeState,Active,Dialog,is_zero.py,2,22
2024-11-13T12:06:26.099-05:00,IdeState,Active,Dialog,is_zero.py,2,22
2024-11-13T12:06:27.113-05:00,IdeState,Active,Dialog,is_zero.py,2,22
2024-11-13T12:06:28.115-05:00,IdeState,Active,Dialog,is_zero.py,2,22
2024-11-13T12:06:29.116-05:00,IdeState,Active,Dialog,is_zero.py,2,22
2024-11-13T12:06:30.118-05:00,IdeState,Active,Dialog,is_zero.py,2,22
2024-11-13T12:06:31.120-05:00,IdeState,Active,Dialog,is_zero.py,2,22
2024-11-13T12:06:32.122-05:00,IdeState,Active,Dialog,is_zero.py,2,22
2024-11-13T12:06:33.124-05:00,IdeState,Active,Dialog,is_zero.py,2,22
2024-11-13T12:06:34.126-05:00,IdeState,Active,Dialog,is_zero.py,2,22
2024-11-13T12:06:35.127-05:00,IdeState,Active,Dialog,is_zero.py,2,22
2024-11-13T12:06:36.127-05:00,IdeState,Active,Dialog,is_zero.py,2,22
2024-11-13T12:06:37.128-05:00,IdeState,Active,Dialog,is_zero.py,2,22
2024-11-13T12:06:38.129-05:00,IdeState,Active,Dialog,is_zero.py,2,22
2024-11-13T12:06:39.131-05:00,IdeState,Active,Dialog,is_zero.py,2,22
2024-11-13T12:06:40.132-05:00,IdeState,Active,Dialog,is_zero.py,2,22
2024-11-13T12:06:41.133-05:00,IdeState,Active,Dialog,is_zero.py,2,22
2024-11-13T12:06:42.135-05:00,IdeState,Active,Dialog,is_zero.py,2,22
2024-11-13T12:06:43.136-05:00,IdeState,Active,Dialog,is_zero.py,2,22
2024-11-13T12:06:44.137-05:00,IdeState,Active,Dialog,is_zero.py,2,22
2024-11-13T12:06:45.139-05:00,IdeState,Active,Dialog,is_zero.py,2,22
2024-11-13T12:06:46.140-05:00,IdeState,Active,Dialog,is_zero.py,2,22
2024-11-13T12:06:47.141-05:00,IdeState,Active,Dialog,is_zero.py,2,22
2024-11-13T12:06:48.143-05:00,IdeState,Active,Dialog,is_zero.py,2,22
2024-11-13T12:06:49.145-05:00,IdeState,Active,Dialog,is_zero.py,2,22
2024-11-13T12:06:50.146-05:00,IdeState,Active,Dialog,is_zero.py,2,22
2024-11-13T12:06:51.147-05:00,IdeState,Active,Dialog,is_zero.py,2,22
2024-11-13T12:06:52.149-05:00,IdeState,Active,Dialog,is_zero.py,2,22
2024-11-13T12:06:53.150-05:00,IdeState,Active,Dialog,is_zero.py,2,22
2024-11-13T12:06:54.151-05:00,IdeState,Active,Dialog,is_zero.py,2,22
2024-11-13T12:06:55.153-05:00,IdeState,Active,Dialog,is_zero.py,2,22
2024-11-13T12:06:56.154-05:00,IdeState,Active,Dialog,is_zero.py,2,22
2024-11-13T12:06:57.154-05:00,IdeState,Active,Dialog,is_zero.py,2,22
2024-11-13T12:06:58.157-05:00,IdeState,Active,Dialog,is_zero.py,2,22
2024-11-13T12:06:59.159-05:00,IdeState,Active,Dialog,is_zero.py,2,22
2024-11-13T12:07:00.160-05:00,IdeState,Active,Dialog,is_zero.py,2,22
2024-11-13T12:07:01.162-05:00,IdeState,Active,Dialog,is_zero.py,2,22
2024-11-13T12:07:02.163-05:00,IdeState,Active,Dialog,is_zero.py,2,22
2024-11-13T12:07:03.165-05:00,IdeState,Active,Dialog,is_zero.py,2,22
2024-11-13T12:07:04.167-05:00,IdeState,Active,Dialog,is_zero.py,2,22
2024-11-13T12:07:05.170-05:00,IdeState,Active,Dialog,is_zero.py,2,22
2024-11-13T12:07:06.171-05:00,IdeState,Active,Dialog,is_zero.py,2,22
2024-11-13T12:07:07.173-05:00,IdeState,Active,Dialog,is_zero.py,2,22
2024-11-13T12:07:08.175-05:00,IdeState,Active,Dialog,is_zero.py,2,22
2024-11-13T12:07:09.177-05:00,IdeState,Active,Dialog,is_zero.py,2,22
2024-11-13T12:07:10.178-05:00,IdeState,Active,Dialog,is_zero.py,2,22
2024-11-13T12:07:11.179-05:00,IdeState,Active,Dialog,is_zero.py,2,22
2024-11-13T12:07:12.181-05:00,IdeState,Active,Dialog,is_zero.py,2,22
2024-11-13T12:07:13.182-05:00,IdeState,Active,Dialog,is_zero.py,2,22
2024-11-13T12:07:14.183-05:00,IdeState,Active,Dialog,is_zero.py,2,22
2024-11-13T12:07:15.184-05:00,IdeState,Active,Dialog,is_zero.py,2,22
2024-11-13T12:07:16.187-05:00,IdeState,Active,Dialog,is_zero.py,2,22
2024-11-13T12:07:17.188-05:00,IdeState,Active,Dialog,is_zero.py,2,22
2024-11-13T12:07:18.188-05:00,IdeState,Active,Dialog,is_zero.py,2,22
2024-11-13T12:07:19.190-05:00,IdeState,Active,Dialog,is_zero.py,2,22
2024-11-13T12:07:20.192-05:00,IdeState,Active,Dialog,is_zero.py,2,22
2024-11-13T12:07:21.193-05:00,IdeState,Active,Dialog,is_zero.py,2,22
2024-11-13T12:07:22.195-05:00,IdeState,Active,Dialog,is_zero.py,2,22
2024-11-13T12:07:23.196-05:00,IdeState,Active,Dialog,is_zero.py,2,22
2024-11-13T12:07:24.198-05:00,IdeState,Active,Dialog,is_zero.py,2,22
2024-11-13T12:07:25.200-05:00,IdeState,Active,Dialog,is_zero.py,2,22
2024-11-13T12:07:26.201-05:00,IdeState,Active,Dialog,is_zero.py,2,22
2024-11-13T12:07:27.203-05:00,IdeState,Active,Dialog,is_zero.py,2,22
2024-11-13T12:07:28.205-05:00,IdeState,Active,Dialog,is_zero.py,2,22
2024-11-13T12:07:29.207-05:00,IdeState,Active,Dialog,is_zero.py,2,22
2024-11-13T12:07:30.207-05:00,IdeState,Active,Dialog,is_zero.py,2,22
2024-11-13T12:07:31.208-05:00,IdeState,Active,Dialog,is_zero.py,2,22
2024-11-13T12:07:32.209-05:00,IdeState,Active,Dialog,is_zero.py,2,22
2024-11-13T12:07:33.212-05:00,IdeState,Active,Dialog,is_zero.py,2,22
2024-11-13T12:07:34.212-05:00,IdeState,Active,Dialog,is_zero.py,2,22
2024-11-13T12:07:35.213-05:00,IdeState,Active,Dialog,is_zero.py,2,22
2024-11-13T12:07:36.214-05:00,IdeState,Active,Dialog,is_zero.py,2,22
2024-11-13T12:07:37.215-05:00,IdeState,Active,Dialog,is_zero.py,2,22
2024-11-13T12:07:38.218-05:00,IdeState,Active,Dialog,is_zero.py,2,22
2024-11-13T12:07:39.219-05:00,IdeState,Active,Dialog,is_zero.py,2,22
2024-11-13T12:07:40.220-05:00,IdeState,Active,Dialog,is_zero.py,2,22
2024-11-13T12:07:41.222-05:00,IdeState,Active,Dialog,is_zero.py,2,22
2024-11-13T12:07:42.223-05:00,IdeState,Active,Dialog,is_zero.py,2,22
2024-11-13T12:07:43.224-05:00,IdeState,Active,Dialog,is_zero.py,2,22
2024-11-13T12:07:44.225-05:00,IdeState,Active,Dialog,is_zero.py,2,22
2024-11-13T12:07:45.226-05:00,IdeState,Active,Dialog,is_zero.py,2,22
2024-11-13T12:07:46.227-05:00,IdeState,Active,Dialog,is_zero.py,2,22
2024-11-13T12:07:47.228-05:00,IdeState,Active,Dialog,is_zero.py,2,22
2024-11-13T12:07:48.229-05:00,IdeState,Active,Dialog,is_zero.py,2,22
2024-11-13T12:07:49.231-05:00,IdeState,Active,Dialog,is_zero.py,2,22
2024-11-13T12:07:50.232-05:00,IdeState,Active,Dialog,is_zero.py,2,22
2024-11-13T12:07:51.233-05:00,IdeState,Active,Dialog,is_zero.py,2,22
2024-11-13T12:07:52.234-05:00,IdeState,Active,Dialog,is_zero.py,2,22
2024-11-13T12:07:53.237-05:00,IdeState,Active,Dialog,is_zero.py,2,22
2024-11-13T12:07:54.239-05:00,IdeState,Active,Dialog,is_zero.py,2,22
2024-11-13T12:07:55.240-05:00,IdeState,Active,Dialog,is_zero.py,2,22
2024-11-13T12:07:56.241-05:00,IdeState,Active,Dialog,is_zero.py,2,22
2024-11-13T12:07:57.244-05:00,IdeState,Active,Dialog,is_zero.py,2,22
2024-11-13T12:07:58.244-05:00,IdeState,Active,Dialog,is_zero.py,2,22
2024-11-13T12:07:59.246-05:00,IdeState,Active,Dialog,is_zero.py,2,22
2024-11-13T12:08:00.248-05:00,IdeState,Active,Dialog,is_zero.py,2,22
2024-11-13T12:08:01.249-05:00,IdeState,Active,Dialog,is_zero.py,2,22
2024-11-13T12:08:02.250-05:00,IdeState,Active,Dialog,is_zero.py,2,22
2024-11-13T12:08:03.251-05:00,IdeState,Active,Dialog,is_zero.py,2,22
2024-11-13T12:08:04.252-05:00,IdeState,Active,Dialog,is_zero.py,2,22
2024-11-13T12:08:05.253-05:00,IdeState,Active,Dialog,is_zero.py,2,22
2024-11-13T12:08:06.254-05:00,IdeState,Active,Dialog,is_zero.py,2,22
2024-11-13T12:08:07.256-05:00,IdeState,Active,Dialog,is_zero.py,2,22
2024-11-13T12:08:08.256-05:00,IdeState,Active,Dialog,is_zero.py,2,22
2024-11-13T12:08:09.259-05:00,IdeState,Active,Dialog,is_zero.py,2,22
2024-11-13T12:08:10.260-05:00,IdeState,Active,Dialog,is_zero.py,2,22
2024-11-13T12:08:11.261-05:00,IdeState,Active,Dialog,is_zero.py,2,22
2024-11-13T12:08:12.263-05:00,IdeState,Active,Dialog,is_zero.py,2,22
2024-11-13T12:08:13.263-05:00,IdeState,Active,Dialog,is_zero.py,2,22
2024-11-13T12:08:14.264-05:00,IdeState,Active,Dialog,is_zero.py,2,22
2024-11-13T12:08:15.267-05:00,IdeState,Active,Dialog,is_zero.py,2,22
2024-11-13T12:08:16.269-05:00,IdeState,Active,Dialog,is_zero.py,2,22
2024-11-13T12:08:17.270-05:00,IdeState,Active,Dialog,is_zero.py,2,22
2024-11-13T12:08:18.271-05:00,IdeState,Active,Dialog,is_zero.py,2,22
2024-11-13T12:08:19.272-05:00,IdeState,Active,Dialog,is_zero.py,2,22
2024-11-13T12:08:20.274-05:00,IdeState,Active,Dialog,is_zero.py,2,22
2024-11-13T12:08:21.275-05:00,IdeState,Active,Dialog,is_zero.py,2,22
2024-11-13T12:08:22.276-05:00,IdeState,Active,Dialog,is_zero.py,2,22
2024-11-13T12:08:23.278-05:00,IdeState,Active,Dialog,is_zero.py,2,22
2024-11-13T12:08:24.280-05:00,IdeState,Active,Dialog,is_zero.py,2,22
2024-11-13T12:08:25.282-05:00,IdeState,Active,Dialog,is_zero.py,2,22
2024-11-13T12:08:26.282-05:00,IdeState,Active,Dialog,is_zero.py,2,22
2024-11-13T12:08:27.284-05:00,IdeState,Active,Dialog,is_zero.py,2,22
2024-11-13T12:08:28.285-05:00,IdeState,Active,Dialog,is_zero.py,2,22
2024-11-13T12:08:29.288-05:00,IdeState,Active,Dialog,is_zero.py,2,22
2024-11-13T12:08:30.288-05:00,IdeState,Active,Dialog,is_zero.py,2,22
2024-11-13T12:08:31.292-05:00,IdeState,Active,Dialog,is_zero.py,2,22
2024-11-13T12:08:32.292-05:00,IdeState,Active,Dialog,is_zero.py,2,22
2024-11-13T12:08:33.294-05:00,IdeState,Active,Dialog,is_zero.py,2,22
2024-11-13T12:08:34.296-05:00,IdeState,Active,Dialog,is_zero.py,2,22
2024-11-13T12:08:35.298-05:00,IdeState,Active,Dialog,is_zero.py,2,22
2024-11-13T12:08:36.299-05:00,IdeState,Active,Dialog,is_zero.py,2,22
2024-11-13T12:08:37.301-05:00,IdeState,Active,Dialog,is_zero.py,2,22
2024-11-13T12:08:38.302-05:00,IdeState,Active,Dialog,is_zero.py,2,22
2024-11-13T12:08:39.304-05:00,IdeState,Active,Dialog,is_zero.py,2,22
2024-11-13T12:08:40.305-05:00,IdeState,Active,Dialog,is_zero.py,2,22
2024-11-13T12:08:41.306-05:00,IdeState,Active,Dialog,is_zero.py,2,22
2024-11-13T12:08:42.309-05:00,IdeState,Active,Dialog,is_zero.py,2,22
2024-11-13T12:08:43.311-05:00,IdeState,Active,Dialog,is_zero.py,2,22
2024-11-13T12:08:44.315-05:00,IdeState,Active,Dialog,is_zero.py,2,22
2024-11-13T12:08:45.316-05:00,IdeState,Active,Dialog,is_zero.py,2,22
2024-11-13T12:08:46.319-05:00,IdeState,Active,Dialog,is_zero.py,2,22
2024-11-13T12:08:47.321-05:00,IdeState,Active,Dialog,is_zero.py,2,22
2024-11-13T12:08:48.323-05:00,IdeState,Active,Dialog,is_zero.py,2,22
2024-11-13T12:08:49.324-05:00,IdeState,Active,Dialog,is_zero.py,2,22
2024-11-13T12:08:50.325-05:00,IdeState,Active,Dialog,is_zero.py,2,22
2024-11-13T12:08:51.326-05:00,IdeState,Active,Dialog,is_zero.py,2,22
2024-11-13T12:08:52.329-05:00,IdeState,Active,Dialog,is_zero.py,2,22
2024-11-13T12:08:53.331-05:00,IdeState,Active,Dialog,is_zero.py,2,22
2024-11-13T12:08:54.332-05:00,IdeState,Active,Dialog,is_zero.py,2,22
2024-11-13T12:08:55.334-05:00,IdeState,Active,Dialog,is_zero.py,2,22
2024-11-13T12:08:56.335-05:00,IdeState,Active,Dialog,is_zero.py,2,22
2024-11-13T12:08:57.336-05:00,IdeState,Active,Dialog,is_zero.py,2,22
2024-11-13T12:08:58.337-05:00,IdeState,Active,Dialog,is_zero.py,2,22
2024-11-13T12:08:59.338-05:00,IdeState,Active,Dialog,is_zero.py,2,22
2024-11-13T12:09:00.340-05:00,IdeState,Active,Dialog,is_zero.py,2,22
2024-11-13T12:09:01.342-05:00,IdeState,Active,Dialog,is_zero.py,2,22
2024-11-13T12:09:02.344-05:00,IdeState,Active,Dialog,is_zero.py,2,22
2024-11-13T12:09:03.344-05:00,IdeState,Active,Dialog,is_zero.py,2,22
2024-11-13T12:09:04.346-05:00,IdeState,Active,Dialog,is_zero.py,2,22
2024-11-13T12:09:05.348-05:00,IdeState,Active,Dialog,is_zero.py,2,22
2024-11-13T12:09:06.349-05:00,IdeState,Active,Dialog,is_zero.py,2,22
2024-11-13T12:09:07.351-05:00,IdeState,Active,Dialog,is_zero.py,2,22
2024-11-13T12:09:08.352-05:00,IdeState,Active,Dialog,is_zero.py,2,22
2024-11-13T12:09:09.354-05:00,IdeState,Active,Dialog,is_zero.py,2,22
2024-11-13T12:09:10.355-05:00,IdeState,Active,Dialog,is_zero.py,2,22
2024-11-13T12:09:11.356-05:00,IdeState,Active,Dialog,is_zero.py,2,22
2024-11-13T12:09:12.357-05:00,IdeState,Active,Dialog,is_zero.py,2,22
2024-11-13T12:09:13.358-05:00,IdeState,Active,Dialog,is_zero.py,2,22
2024-11-13T12:09:14.359-05:00,IdeState,Active,Dialog,is_zero.py,2,22
2024-11-13T12:09:15.360-05:00,IdeState,Active,Dialog,is_zero.py,2,22
2024-11-13T12:09:16.361-05:00,IdeState,Active,Dialog,is_zero.py,2,22
2024-11-13T12:09:17.363-05:00,IdeState,Active,Dialog,is_zero.py,2,22
2024-11-13T12:09:18.364-05:00,IdeState,Active,Dialog,is_zero.py,2,22
2024-11-13T12:09:19.365-05:00,IdeState,Active,Dialog,is_zero.py,2,22
2024-11-13T12:09:20.367-05:00,IdeState,Active,Dialog,is_zero.py,2,22
2024-11-13T12:09:21.370-05:00,IdeState,Active,Dialog,is_zero.py,2,22
2024-11-13T12:09:22.371-05:00,IdeState,Active,Dialog,is_zero.py,2,22
2024-11-13T12:09:23.372-05:00,IdeState,Active,Dialog,is_zero.py,2,22
2024-11-13T12:09:24.374-05:00,IdeState,Active,Dialog,is_zero.py,2,22
2024-11-13T12:09:25.374-05:00,IdeState,Active,Dialog,is_zero.py,2,22
2024-11-13T12:09:26.376-05:00,IdeState,Active,Dialog,is_zero.py,2,22
2024-11-13T12:09:27.378-05:00,IdeState,Active,Dialog,is_zero.py,2,22
2024-11-13T12:09:28.380-05:00,IdeState,Active,Dialog,is_zero.py,2,22
2024-11-13T12:09:29.382-05:00,IdeState,Active,Dialog,is_zero.py,2,22
2024-11-13T12:09:30.382-05:00,IdeState,Active,Dialog,is_zero.py,2,22
2024-11-13T12:09:31.383-05:00,IdeState,Active,Dialog,is_zero.py,2,22
2024-11-13T12:09:32.384-05:00,IdeState,Active,Dialog,is_zero.py,2,22
2024-11-13T12:09:33.385-05:00,IdeState,Active,Dialog,is_zero.py,2,22
2024-11-13T12:09:34.386-05:00,IdeState,Active,Dialog,is_zero.py,2,22
2024-11-13T12:09:35.388-05:00,IdeState,Active,Dialog,is_zero.py,2,22
2024-11-13T12:09:36.390-05:00,IdeState,Active,Dialog,is_zero.py,2,22
2024-11-13T12:09:37.391-05:00,IdeState,Active,Dialog,is_zero.py,2,22
2024-11-13T12:09:38.394-05:00,IdeState,Active,Dialog,is_zero.py,2,22
2024-11-13T12:09:39.397-05:00,IdeState,Active,Dialog,is_zero.py,2,22
2024-11-13T12:09:40.398-05:00,IdeState,Active,Dialog,is_zero.py,2,22
2024-11-13T12:09:41.399-05:00,IdeState,Active,Dialog,is_zero.py,2,22
2024-11-13T12:09:42.401-05:00,IdeState,Active,Dialog,is_zero.py,2,22
2024-11-13T12:09:43.403-05:00,IdeState,Active,Dialog,is_zero.py,2,22
2024-11-13T12:09:44.404-05:00,IdeState,Active,Dialog,is_zero.py,2,22
2024-11-13T12:09:45.406-05:00,IdeState,Active,Dialog,is_zero.py,2,22
2024-11-13T12:09:46.407-05:00,IdeState,Active,Dialog,is_zero.py,2,22
2024-11-13T12:09:47.410-05:00,IdeState,Active,Dialog,is_zero.py,2,22
2024-11-13T12:09:48.414-05:00,IdeState,Active,Dialog,is_zero.py,2,22
2024-11-13T12:09:49.414-05:00,IdeState,Active,Dialog,is_zero.py,2,22
2024-11-13T12:09:50.416-05:00,IdeState,Active,Dialog,is_zero.py,2,22
2024-11-13T12:09:51.417-05:00,IdeState,Active,Dialog,is_zero.py,2,22
2024-11-13T12:09:52.417-05:00,IdeState,Active,Dialog,is_zero.py,2,22
2024-11-13T12:09:53.419-05:00,IdeState,Active,Dialog,is_zero.py,2,22
2024-11-13T12:09:54.421-05:00,IdeState,Active,Dialog,is_zero.py,2,22
2024-11-13T12:09:55.423-05:00,IdeState,Active,Dialog,is_zero.py,2,22
2024-11-13T12:09:56.424-05:00,IdeState,Active,Dialog,is_zero.py,2,22
2024-11-13T12:09:57.426-05:00,IdeState,Active,Dialog,is_zero.py,2,22
2024-11-13T12:09:58.427-05:00,IdeState,Active,Dialog,is_zero.py,2,22
2024-11-13T12:09:59.429-05:00,IdeState,Active,Dialog,is_zero.py,2,22
2024-11-13T12:10:00.430-05:00,IdeState,Active,Dialog,is_zero.py,2,22
2024-11-13T12:10:01.431-05:00,IdeState,Active,Dialog,is_zero.py,2,22
2024-11-13T12:10:02.433-05:00,IdeState,Active,Dialog,is_zero.py,2,22
2024-11-13T12:10:03.434-05:00,IdeState,Active,Dialog,is_zero.py,2,22
2024-11-13T12:10:04.436-05:00,IdeState,Active,Dialog,is_zero.py,2,22
2024-11-13T12:10:05.437-05:00,IdeState,Active,Dialog,is_zero.py,2,22
2024-11-13T12:10:06.438-05:00,IdeState,Active,Dialog,is_zero.py,2,22
2024-11-13T12:10:07.439-05:00,IdeState,Active,Dialog,is_zero.py,2,22
2024-11-13T12:10:08.440-05:00,IdeState,Active,Dialog,is_zero.py,2,22
2024-11-13T12:10:09.441-05:00,IdeState,Active,Dialog,is_zero.py,2,22
2024-11-13T12:10:10.442-05:00,IdeState,Active,Dialog,is_zero.py,2,22
2024-11-13T12:10:11.444-05:00,IdeState,Active,Dialog,is_zero.py,2,22
2024-11-13T12:10:12.445-05:00,IdeState,Active,Dialog,is_zero.py,2,22
2024-11-13T12:10:13.446-05:00,IdeState,Active,Dialog,is_zero.py,2,22
2024-11-13T12:10:14.447-05:00,IdeState,Active,Dialog,is_zero.py,2,22
2024-11-13T12:10:15.449-05:00,IdeState,Active,Dialog,is_zero.py,2,22
2024-11-13T12:10:16.452-05:00,IdeState,Active,Dialog,is_zero.py,2,22
2024-11-13T12:10:17.454-05:00,IdeState,Active,Dialog,is_zero.py,2,22
2024-11-13T12:10:18.454-05:00,IdeState,Active,Dialog,is_zero.py,2,22
2024-11-13T12:10:19.456-05:00,IdeState,Active,Dialog,is_zero.py,2,22
2024-11-13T12:10:20.457-05:00,IdeState,Active,Dialog,is_zero.py,2,22
2024-11-13T12:10:21.460-05:00,IdeState,Active,Dialog,is_zero.py,2,22
2024-11-13T12:10:22.461-05:00,IdeState,Active,Dialog,is_zero.py,2,22
2024-11-13T12:10:23.463-05:00,IdeState,Active,Dialog,is_zero.py,2,22
2024-11-13T12:10:24.464-05:00,IdeState,Active,Dialog,is_zero.py,2,22
2024-11-13T12:10:25.466-05:00,IdeState,Active,Dialog,is_zero.py,2,22
2024-11-13T12:10:26.467-05:00,IdeState,Active,Dialog,is_zero.py,2,22
2024-11-13T12:10:27.468-05:00,IdeState,Active,Dialog,is_zero.py,2,22
2024-11-13T12:10:28.470-05:00,IdeState,Active,Dialog,is_zero.py,2,22
2024-11-13T12:10:29.472-05:00,IdeState,Active,Dialog,is_zero.py,2,22
2024-11-13T12:10:30.473-05:00,IdeState,Active,Dialog,is_zero.py,2,22
2024-11-13T12:10:31.474-05:00,IdeState,Active,Dialog,is_zero.py,2,22
2024-11-13T12:10:32.478-05:00,IdeState,Active,Dialog,is_zero.py,2,22
2024-11-13T12:10:33.478-05:00,IdeState,Active,Dialog,is_zero.py,2,22
2024-11-13T12:10:34.480-05:00,IdeState,Active,Dialog,is_zero.py,2,22
2024-11-13T12:10:35.481-05:00,IdeState,Active,Dialog,is_zero.py,2,22
2024-11-13T12:10:36.483-05:00,IdeState,Active,Dialog,is_zero.py,2,22
2024-11-13T12:10:37.485-05:00,IdeState,Active,Dialog,is_zero.py,2,22
2024-11-13T12:10:38.486-05:00,IdeState,Active,Dialog,is_zero.py,2,22
2024-11-13T12:10:39.488-05:00,IdeState,Active,Dialog,is_zero.py,2,22
2024-11-13T12:10:40.488-05:00,IdeState,Active,Dialog,is_zero.py,2,22
2024-11-13T12:10:41.488-05:00,IdeState,Active,Dialog,is_zero.py,2,22
2024-11-13T12:10:42.489-05:00,IdeState,Active,Dialog,is_zero.py,2,22
2024-11-13T12:10:43.490-05:00,IdeState,Active,Dialog,is_zero.py,2,22
2024-11-13T12:10:44.492-05:00,IdeState,Active,Dialog,is_zero.py,2,22
2024-11-13T12:10:45.499-05:00,IdeState,Active,Dialog,is_zero.py,2,22
2024-11-13T12:10:46.500-05:00,IdeState,Active,Dialog,is_zero.py,2,22
2024-11-13T12:10:47.502-05:00,IdeState,Active,Dialog,is_zero.py,2,22
2024-11-13T12:10:48.503-05:00,IdeState,Active,Dialog,is_zero.py,2,22
2024-11-13T12:10:49.505-05:00,IdeState,Active,Dialog,is_zero.py,2,22
2024-11-13T12:10:50.506-05:00,IdeState,Active,Dialog,is_zero.py,2,22
2024-11-13T12:10:51.508-05:00,IdeState,Active,Dialog,is_zero.py,2,22
2024-11-13T12:10:52.510-05:00,IdeState,Active,Dialog,is_zero.py,2,22
2024-11-13T12:10:53.511-05:00,IdeState,Active,Dialog,is_zero.py,2,22
2024-11-13T12:10:54.512-05:00,IdeState,Active,Dialog,is_zero.py,2,22
2024-11-13T12:10:55.514-05:00,IdeState,Active,Dialog,is_zero.py,2,22
2024-11-13T12:10:56.515-05:00,IdeState,Active,Dialog,is_zero.py,2,22
2024-11-13T12:10:57.516-05:00,IdeState,Active,Dialog,is_zero.py,2,22
2024-11-13T12:10:58.517-05:00,IdeState,Active,Dialog,is_zero.py,2,22
2024-11-13T12:10:59.518-05:00,IdeState,Active,Dialog,is_zero.py,2,22
2024-11-13T12:11:00.519-05:00,IdeState,Active,Dialog,is_zero.py,2,22
2024-11-13T12:11:01.520-05:00,IdeState,Active,Dialog,is_zero.py,2,22
2024-11-13T12:11:02.520-05:00,IdeState,Active,Dialog,is_zero.py,2,22
2024-11-13T12:11:03.522-05:00,IdeState,Active,Dialog,is_zero.py,2,22
2024-11-13T12:11:04.522-05:00,IdeState,Active,Dialog,is_zero.py,2,22
2024-11-13T12:11:05.523-05:00,IdeState,Active,Dialog,is_zero.py,2,22
2024-11-13T12:11:06.524-05:00,IdeState,Active,Dialog,is_zero.py,2,22
2024-11-13T12:11:07.525-05:00,IdeState,Active,Dialog,is_zero.py,2,22
2024-11-13T12:11:08.526-05:00,IdeState,Active,Dialog,is_zero.py,2,22
2024-11-13T12:11:09.528-05:00,IdeState,Active,Dialog,is_zero.py,2,22
2024-11-13T12:11:10.529-05:00,IdeState,Active,Dialog,is_zero.py,2,22
2024-11-13T12:11:11.532-05:00,IdeState,Active,Dialog,is_zero.py,2,22
2024-11-13T12:11:12.533-05:00,IdeState,Active,Dialog,is_zero.py,2,22
2024-11-13T12:11:13.534-05:00,IdeState,Active,Dialog,is_zero.py,2,22
2024-11-13T12:11:14.535-05:00,IdeState,Active,Dialog,is_zero.py,2,22
2024-11-13T12:11:15.537-05:00,IdeState,Active,Dialog,is_zero.py,2,22
2024-11-13T12:11:16.538-05:00,IdeState,Active,Dialog,is_zero.py,2,22
2024-11-13T12:11:17.540-05:00,IdeState,Active,Dialog,is_zero.py,2,22
2024-11-13T12:11:18.541-05:00,IdeState,Active,Dialog,is_zero.py,2,22
2024-11-13T12:11:19.541-05:00,IdeState,Active,Dialog,is_zero.py,2,22
2024-11-13T12:11:20.543-05:00,IdeState,Active,Dialog,is_zero.py,2,22
2024-11-13T12:11:21.546-05:00,IdeState,Active,Dialog,is_zero.py,2,22
2024-11-13T12:11:22.548-05:00,IdeState,Active,Dialog,is_zero.py,2,22
2024-11-13T12:11:23.550-05:00,IdeState,Active,Dialog,is_zero.py,2,22
2024-11-13T12:11:24.553-05:00,IdeState,Active,Dialog,is_zero.py,2,22
2024-11-13T12:11:25.554-05:00,IdeState,Active,Dialog,is_zero.py,2,22
2024-11-13T12:11:26.556-05:00,IdeState,Active,Dialog,is_zero.py,2,22
2024-11-13T12:11:27.557-05:00,IdeState,Active,Dialog,is_zero.py,2,22
2024-11-13T12:11:28.559-05:00,IdeState,Active,Dialog,is_zero.py,2,22
2024-11-13T12:11:29.560-05:00,IdeState,Active,Dialog,is_zero.py,2,22
2024-11-13T12:11:30.561-05:00,IdeState,Active,Dialog,is_zero.py,2,22
2024-11-13T12:11:31.562-05:00,IdeState,Active,Dialog,is_zero.py,2,22
2024-11-13T12:11:32.563-05:00,IdeState,Active,Dialog,is_zero.py,2,22
2024-11-13T12:11:33.564-05:00,IdeState,Active,Dialog,is_zero.py,2,22
2024-11-13T12:11:34.566-05:00,IdeState,Active,Dialog,is_zero.py,2,22
2024-11-13T12:11:35.567-05:00,IdeState,Active,Dialog,is_zero.py,2,22
2024-11-13T12:11:36.567-05:00,IdeState,Active,Dialog,is_zero.py,2,22
2024-11-13T12:11:37.569-05:00,IdeState,Active,Dialog,is_zero.py,2,22
2024-11-13T12:11:38.570-05:00,IdeState,Active,Dialog,is_zero.py,2,22
2024-11-13T12:11:39.571-05:00,IdeState,Active,Dialog,is_zero.py,2,22
2024-11-13T12:11:40.573-05:00,IdeState,Active,Dialog,is_zero.py,2,22
2024-11-13T12:11:41.574-05:00,IdeState,Active,Dialog,is_zero.py,2,22
2024-11-13T12:11:42.577-05:00,IdeState,Active,Dialog,is_zero.py,2,22
2024-11-13T12:11:43.578-05:00,IdeState,Active,Dialog,is_zero.py,2,22
2024-11-13T12:11:44.580-05:00,IdeState,Active,Dialog,is_zero.py,2,22
2024-11-13T12:11:45.582-05:00,IdeState,Active,Dialog,is_zero.py,2,22
2024-11-13T12:11:46.584-05:00,IdeState,Active,Dialog,is_zero.py,2,22
2024-11-13T12:11:47.586-05:00,IdeState,Active,Dialog,is_zero.py,2,22
2024-11-13T12:11:48.587-05:00,IdeState,Active,Dialog,is_zero.py,2,22
2024-11-13T12:11:49.588-05:00,IdeState,Active,Dialog,is_zero.py,2,22
2024-11-13T12:11:50.590-05:00,IdeState,Active,Dialog,is_zero.py,2,22
2024-11-13T12:11:51.593-05:00,IdeState,Active,Dialog,is_zero.py,2,22
2024-11-13T12:11:52.595-05:00,IdeState,Active,Dialog,is_zero.py,2,22
2024-11-13T12:11:53.596-05:00,IdeState,Active,Dialog,is_zero.py,2,22
2024-11-13T12:11:54.598-05:00,IdeState,Active,Dialog,is_zero.py,2,22
2024-11-13T12:11:55.600-05:00,IdeState,Active,Dialog,is_zero.py,2,22
2024-11-13T12:11:56.602-05:00,IdeState,Active,Dialog,is_zero.py,2,22
2024-11-13T12:11:57.603-05:00,IdeState,Active,Dialog,is_zero.py,2,22
2024-11-13T12:11:58.605-05:00,IdeState,Active,Dialog,is_zero.py,2,22
2024-11-13T12:11:59.606-05:00,IdeState,Active,Dialog,is_zero.py,2,22
2024-11-13T12:12:00.607-05:00,IdeState,Active,Dialog,is_zero.py,2,22
2024-11-13T12:12:01.609-05:00,IdeState,Active,Dialog,is_zero.py,2,22
2024-11-13T12:12:02.611-05:00,IdeState,Active,Dialog,is_zero.py,2,22
2024-11-13T12:12:03.611-05:00,IdeState,Active,Dialog,is_zero.py,2,22
2024-11-13T12:12:04.614-05:00,IdeState,Active,Dialog,is_zero.py,2,22
2024-11-13T12:12:05.614-05:00,IdeState,Active,Dialog,is_zero.py,2,22
2024-11-13T12:12:06.616-05:00,IdeState,Active,Dialog,is_zero.py,2,22
2024-11-13T12:12:07.618-05:00,IdeState,Active,Dialog,is_zero.py,2,22
2024-11-13T12:12:08.619-05:00,IdeState,Active,Dialog,is_zero.py,2,22
2024-11-13T12:12:09.622-05:00,IdeState,Active,Dialog,is_zero.py,2,22
2024-11-13T12:12:10.622-05:00,IdeState,Active,Dialog,is_zero.py,2,22
2024-11-13T12:12:11.624-05:00,IdeState,Active,Dialog,is_zero.py,2,22
2024-11-13T12:12:12.626-05:00,IdeState,Active,Dialog,is_zero.py,2,22
2024-11-13T12:12:13.628-05:00,IdeState,Active,Dialog,is_zero.py,2,22
2024-11-13T12:12:14.629-05:00,IdeState,Active,Dialog,is_zero.py,2,22
2024-11-13T12:12:15.632-05:00,IdeState,Active,Dialog,is_zero.py,2,22
2024-11-13T12:12:16.633-05:00,IdeState,Active,Dialog,is_zero.py,2,22
2024-11-13T12:12:17.635-05:00,IdeState,Active,Dialog,is_zero.py,2,22
2024-11-13T12:12:18.636-05:00,IdeState,Active,Dialog,is_zero.py,2,22
2024-11-13T12:12:19.637-05:00,IdeState,Active,Dialog,is_zero.py,2,22
2024-11-13T12:12:20.638-05:00,IdeState,Active,Dialog,is_zero.py,2,22
2024-11-13T12:12:21.639-05:00,IdeState,Active,Dialog,is_zero.py,2,22
2024-11-13T12:12:22.642-05:00,IdeState,Active,Dialog,is_zero.py,2,22
2024-11-13T12:12:23.643-05:00,IdeState,Active,Dialog,is_zero.py,2,22
2024-11-13T12:12:24.645-05:00,IdeState,Active,Dialog,is_zero.py,2,22
2024-11-13T12:12:25.646-05:00,IdeState,Active,Dialog,is_zero.py,2,22
2024-11-13T12:12:26.648-05:00,IdeState,Active,Dialog,is_zero.py,2,22
2024-11-13T12:12:27.648-05:00,IdeState,Active,Dialog,is_zero.py,2,22
2024-11-13T12:12:28.651-05:00,IdeState,Active,Dialog,is_zero.py,2,22
2024-11-13T12:12:29.653-05:00,IdeState,Active,Dialog,is_zero.py,2,22
2024-11-13T12:12:30.653-05:00,IdeState,Active,Dialog,is_zero.py,2,22
2024-11-13T12:12:31.655-05:00,IdeState,Active,Dialog,is_zero.py,2,22
2024-11-13T12:12:32.656-05:00,IdeState,Active,Dialog,is_zero.py,2,22
2024-11-13T12:12:33.658-05:00,IdeState,Active,Dialog,is_zero.py,2,22
2024-11-13T12:12:34.659-05:00,IdeState,Active,Dialog,is_zero.py,2,22
2024-11-13T12:12:35.660-05:00,IdeState,Active,Dialog,is_zero.py,2,22
2024-11-13T12:12:36.661-05:00,IdeState,Active,Dialog,is_zero.py,2,22
2024-11-13T12:12:37.662-05:00,IdeState,Active,Dialog,is_zero.py,2,22
2024-11-13T12:12:38.662-05:00,IdeState,Active,Dialog,is_zero.py,2,22
2024-11-13T12:12:39.663-05:00,IdeState,Active,Dialog,is_zero.py,2,22
2024-11-13T12:12:40.664-05:00,IdeState,Active,Dialog,is_zero.py,2,22
2024-11-13T12:12:41.666-05:00,IdeState,Active,Dialog,is_zero.py,2,22
2024-11-13T12:12:42.666-05:00,IdeState,Active,Dialog,is_zero.py,2,22
2024-11-13T12:12:43.668-05:00,IdeState,Active,Dialog,is_zero.py,2,22
2024-11-13T12:12:44.668-05:00,IdeState,Active,Dialog,is_zero.py,2,22
2024-11-13T12:12:45.669-05:00,IdeState,Active,Dialog,is_zero.py,2,22
2024-11-13T12:12:46.670-05:00,IdeState,Active,Dialog,is_zero.py,2,22
2024-11-13T12:12:47.671-05:00,IdeState,Active,Dialog,is_zero.py,2,22
2024-11-13T12:12:48.672-05:00,IdeState,Active,Dialog,is_zero.py,2,22
2024-11-13T12:12:49.674-05:00,IdeState,Active,Dialog,is_zero.py,2,22
2024-11-13T12:12:50.676-05:00,IdeState,Active,Dialog,is_zero.py,2,22
2024-11-13T12:12:51.678-05:00,IdeState,Active,Dialog,is_zero.py,2,22
2024-11-13T12:12:52.679-05:00,IdeState,Active,Dialog,is_zero.py,2,22
2024-11-13T12:12:53.681-05:00,IdeState,Active,Dialog,is_zero.py,2,22
2024-11-13T12:12:54.682-05:00,IdeState,Active,Dialog,is_zero.py,2,22
2024-11-14T15:23:49.015-05:00,IdeState,Inactive,,*,-1,-1
2024-11-14T15:23:50.084-05:00,IdeState,Inactive,,*,-1,-1
2024-11-14T15:23:51.097-05:00,IdeState,Inactive,,*,-1,-1
2024-11-14T15:23:52.111-05:00,IdeState,Inactive,,*,-1,-1
2024-11-14T15:23:53.124-05:00,IdeState,Inactive,,*,-1,-1
2024-11-14T15:23:54.139-05:00,IdeState,Inactive,,*,-1,-1
2024-11-14T15:23:55.704-05:00,IdeState,NoProject,,*,-1,-1
2024-11-14T15:23:56.719-05:00,IdeState,Active,Popup,*,-1,-1
2024-11-14T15:23:58.252-05:00,IdeState,Active,Popup,*,-1,-1
2024-11-14T15:23:59.749-05:00,IdeState,Active,Popup,*,-1,-1
2024-11-14T15:24:01.096-05:00,IdeState,Active,Editor,is_zero.py,2,22
2024-11-14T15:24:01.188-05:00,Action,SettingsEntryPoint,Editor,is_zero.py,2,22
2024-11-14T15:24:02.600-05:00,IdeState,Active,Popup,is_zero.py,2,22
2024-11-14T15:24:03.697-05:00,IdeState,Active,Popup,is_zero.py,2,22
2024-11-14T15:24:04.697-05:00,IdeState,Active,Popup,is_zero.py,2,22
2024-11-14T15:24:05.699-05:00,IdeState,Active,Popup,is_zero.py,2,22
2024-11-14T15:24:06.088-05:00,Action,WelcomeScreen.Plugins,,*,-1,-1
2024-11-14T15:24:07.949-05:00,IdeState,Active,Dialog,is_zero.py,2,22
2024-11-14T15:24:08.952-05:00,IdeState,Active,Dialog,is_zero.py,2,22
2024-11-14T15:24:09.953-05:00,IdeState,Active,Dialog,is_zero.py,2,22
2024-11-14T15:24:10.954-05:00,IdeState,Active,Dialog,is_zero.py,2,22
2024-11-14T15:24:11.960-05:00,IdeState,Active,Dialog,is_zero.py,2,22
2024-11-14T15:24:12.961-05:00,IdeState,Active,Dialog,is_zero.py,2,22
2024-11-14T15:24:13.963-05:00,IdeState,Active,Dialog,is_zero.py,2,22
2024-11-14T15:24:14.964-05:00,IdeState,Active,Dialog,is_zero.py,2,22
2024-11-14T15:24:15.967-05:00,IdeState,Active,Dialog,is_zero.py,2,22
2024-11-14T15:24:16.967-05:00,IdeState,Active,Dialog,is_zero.py,2,22
2024-11-14T15:24:17.968-05:00,IdeState,Active,Dialog,is_zero.py,2,22
2024-11-14T15:24:18.970-05:00,IdeState,Active,Dialog,is_zero.py,2,22
2024-11-14T15:24:19.972-05:00,IdeState,Active,Dialog,is_zero.py,2,22
2024-11-14T15:24:20.973-05:00,IdeState,Inactive,,*,-1,-1
2024-11-14T15:24:21.977-05:00,IdeState,Active,Dialog,is_zero.py,2,22
2024-11-14T15:24:22.979-05:00,IdeState,Active,Dialog,is_zero.py,2,22
2024-11-14T15:24:23.981-05:00,IdeState,Active,Dialog,is_zero.py,2,22
2024-11-14T15:24:24.982-05:00,IdeState,Active,Dialog,is_zero.py,2,22
2024-11-14T15:24:26.024-05:00,IdeState,Inactive,,*,-1,-1
2024-11-14T15:24:27.024-05:00,IdeState,Inactive,,*,-1,-1
2024-11-14T15:24:28.038-05:00,IdeState,Active,Dialog,is_zero.py,2,22
2024-11-14T15:24:29.040-05:00,IdeState,Active,Dialog,is_zero.py,2,22
2024-11-14T15:24:30.042-05:00,IdeState,Active,Dialog,is_zero.py,2,22
2024-11-14T15:24:31.043-05:00,IdeState,Active,Dialog,is_zero.py,2,22
2024-11-14T15:24:32.043-05:00,IdeState,Active,Dialog,is_zero.py,2,22
2024-11-14T15:24:33.044-05:00,IdeState,Active,Dialog,is_zero.py,2,22
2024-11-14T15:24:34.046-05:00,IdeState,Active,Dialog,is_zero.py,2,22
2024-11-14T15:24:35.048-05:00,IdeState,Active,Dialog,is_zero.py,2,22
2024-11-14T15:24:36.050-05:00,IdeState,Active,Dialog,is_zero.py,2,22
2024-11-14T15:24:37.051-05:00,IdeState,Active,Dialog,is_zero.py,2,22
2024-11-14T15:24:38.052-05:00,IdeState,Active,Dialog,is_zero.py,2,22
2024-11-14T15:24:39.053-05:00,IdeState,Active,Dialog,is_zero.py,2,22
2024-11-14T15:24:40.054-05:00,IdeState,Active,Dialog,is_zero.py,2,22
2024-11-14T15:24:41.056-05:00,IdeState,Active,Dialog,is_zero.py,2,22
2024-11-14T15:24:42.059-05:00,IdeState,Active,Dialog,is_zero.py,2,22
2024-11-14T15:24:43.060-05:00,IdeState,Active,Dialog,is_zero.py,2,22
2024-11-14T15:24:44.062-05:00,IdeState,Active,Dialog,is_zero.py,2,22
2024-11-14T15:24:45.063-05:00,IdeState,Active,Dialog,is_zero.py,2,22
2024-11-14T15:24:46.065-05:00,IdeState,Active,Dialog,is_zero.py,2,22
2024-11-14T15:24:47.067-05:00,IdeState,Active,Dialog,is_zero.py,2,22
2024-11-14T15:24:48.070-05:00,IdeState,Active,Dialog,is_zero.py,2,22
2024-11-14T15:24:49.073-05:00,IdeState,Inactive,,*,-1,-1
2024-11-14T15:24:50.075-05:00,IdeState,Inactive,,*,-1,-1
2024-11-14T15:24:51.078-05:00,IdeState,Inactive,,*,-1,-1
2024-11-14T15:24:52.079-05:00,IdeState,Inactive,,*,-1,-1
2024-11-14T15:24:53.081-05:00,IdeState,Inactive,,*,-1,-1
2024-11-14T15:24:54.095-05:00,IdeState,Inactive,,*,-1,-1
2024-11-14T15:24:55.110-05:00,IdeState,Inactive,,*,-1,-1
2024-11-14T15:24:56.122-05:00,IdeState,Inactive,,*,-1,-1
2024-11-14T15:24:57.136-05:00,IdeState,Inactive,,*,-1,-1
2024-11-14T15:24:58.152-05:00,IdeState,Inactive,,*,-1,-1
2024-11-14T15:24:59.164-05:00,IdeState,Inactive,,*,-1,-1
2024-11-14T15:25:00.169-05:00,IdeState,Inactive,,*,-1,-1
2024-11-14T15:25:01.181-05:00,IdeState,Inactive,,*,-1,-1
2024-11-14T15:25:02.189-05:00,IdeState,Inactive,,*,-1,-1
2024-11-14T15:25:03.198-05:00,IdeState,Inactive,,*,-1,-1
2024-11-14T15:25:04.210-05:00,IdeState,Inactive,,*,-1,-1
2024-11-14T15:25:05.223-05:00,IdeState,Inactive,,*,-1,-1
2024-11-14T15:25:06.238-05:00,IdeState,Inactive,,*,-1,-1
2024-11-14T15:25:07.241-05:00,IdeState,Inactive,,*,-1,-1
2024-11-14T15:25:08.255-05:00,IdeState,Inactive,,*,-1,-1
2024-11-14T15:25:09.265-05:00,IdeState,Inactive,,*,-1,-1
2024-11-14T15:25:10.270-05:00,IdeState,Inactive,,*,-1,-1
2024-11-14T15:25:11.285-05:00,IdeState,Inactive,,*,-1,-1
2024-11-14T15:25:12.290-05:00,IdeState,Inactive,,*,-1,-1
2024-11-14T15:25:13.295-05:00,IdeState,Inactive,,*,-1,-1
2024-11-14T15:25:14.306-05:00,IdeState,Inactive,,*,-1,-1
2024-11-14T15:25:15.320-05:00,IdeState,Inactive,,*,-1,-1
2024-11-14T15:25:16.327-05:00,IdeState,Inactive,,*,-1,-1
2024-11-14T15:25:17.329-05:00,IdeState,Inactive,,*,-1,-1
2024-11-14T15:25:18.344-05:00,IdeState,Inactive,,*,-1,-1
2024-11-14T15:25:19.355-05:00,IdeState,Inactive,,*,-1,-1
2024-11-14T15:25:20.360-05:00,IdeState,Inactive,,*,-1,-1
2024-11-14T15:25:21.371-05:00,IdeState,Inactive,,*,-1,-1
2024-11-14T15:25:22.385-05:00,IdeState,Inactive,,*,-1,-1
2024-11-14T15:25:23.396-05:00,IdeState,Inactive,,*,-1,-1
2024-11-14T15:25:24.405-05:00,IdeState,Inactive,,*,-1,-1
2024-11-14T15:25:25.411-05:00,IdeState,Inactive,,*,-1,-1
2024-11-14T15:25:26.422-05:00,IdeState,Inactive,,*,-1,-1
2024-11-14T15:25:27.438-05:00,IdeState,Inactive,,*,-1,-1
2024-11-14T15:25:28.447-05:00,IdeState,Inactive,,*,-1,-1
2024-11-14T15:25:29.448-05:00,IdeState,Inactive,,*,-1,-1
2024-11-14T15:25:30.459-05:00,IdeState,Inactive,,*,-1,-1
2024-11-14T15:25:31.471-05:00,IdeState,Inactive,,*,-1,-1
2024-11-14T15:25:32.487-05:00,IdeState,Inactive,,*,-1,-1
2024-11-14T15:25:33.501-05:00,IdeState,Active,Dialog,is_zero.py,2,22
2024-11-14T15:25:34.513-05:00,IdeState,Active,Dialog,is_zero.py,2,22
2024-11-14T15:25:35.526-05:00,IdeState,Active,Dialog,is_zero.py,2,22
2024-11-14T15:25:36.527-05:00,IdeState,Active,Dialog,is_zero.py,2,22
2024-11-14T15:25:37.534-05:00,IdeState,Active,Dialog,is_zero.py,2,22
2024-11-14T15:25:38.536-05:00,IdeState,Active,Dialog,is_zero.py,2,22
2024-11-19T23:18:11.375-05:00,IdeState,NoProject,,*,-1,-1
2024-11-19T23:18:13.138-05:00,IdeState,Active,Popup,*,-1,-1
2024-11-19T23:18:14.263-05:00,IdeState,Active,Popup,*,-1,-1
2024-11-19T23:18:15.412-05:00,IdeState,Active,Editor,is_zero.py,2,22
2024-11-19T23:18:17.326-05:00,IdeState,Active,Editor,is_zero.py,2,22
2024-11-19T23:18:18.435-05:00,IdeState,Active,Editor,is_zero.py,2,22
2024-11-19T23:18:19.437-05:00,IdeState,Active,Editor,is_zero.py,2,22
2024-11-19T23:18:20.440-05:00,IdeState,Inactive,,*,-1,-1
2024-11-19T23:18:21.442-05:00,IdeState,Inactive,,*,-1,-1
2024-11-19T23:18:22.508-05:00,IdeState,Inactive,,*,-1,-1
2024-11-19T23:18:23.551-05:00,IdeState,Inactive,,*,-1,-1
2024-11-19T23:18:24.559-05:00,IdeState,Inactive,,*,-1,-1
2024-11-19T23:18:25.563-05:00,IdeState,Inactive,,*,-1,-1
2024-11-19T23:18:26.614-05:00,IdeState,Inactive,,*,-1,-1
2024-11-19T23:18:27.615-05:00,IdeState,Inactive,,*,-1,-1
2024-11-19T23:18:28.617-05:00,IdeState,Inactive,,*,-1,-1
2024-11-19T23:18:29.618-05:00,IdeState,Inactive,,*,-1,-1
2024-11-19T23:18:30.619-05:00,IdeState,Inactive,,*,-1,-1
2024-11-19T23:18:31.620-05:00,IdeState,Inactive,,*,-1,-1
2024-11-19T23:18:32.622-05:00,IdeState,Inactive,,*,-1,-1
2024-11-19T23:18:33.623-05:00,IdeState,Inactive,,*,-1,-1
2024-11-19T23:18:34.626-05:00,IdeState,Inactive,,*,-1,-1
2024-11-19T23:18:35.627-05:00,IdeState,Inactive,,*,-1,-1
2024-11-19T23:18:36.628-05:00,IdeState,Inactive,,*,-1,-1
2024-11-19T23:18:37.631-05:00,IdeState,Inactive,,*,-1,-1
2024-11-19T23:18:38.633-05:00,IdeState,Inactive,,*,-1,-1
2024-11-19T23:18:39.635-05:00,IdeState,Inactive,,*,-1,-1
2024-11-19T23:18:40.637-05:00,IdeState,Inactive,,*,-1,-1
2024-11-19T23:18:41.638-05:00,IdeState,Inactive,,*,-1,-1
2024-11-19T23:18:42.640-05:00,IdeState,Inactive,,*,-1,-1
2024-11-19T23:18:43.641-05:00,IdeState,Inactive,,*,-1,-1
2024-11-19T23:18:44.642-05:00,IdeState,Inactive,,*,-1,-1
2024-11-19T23:18:45.643-05:00,IdeState,Inactive,,*,-1,-1
2024-11-19T23:18:46.646-05:00,IdeState,Inactive,,*,-1,-1
2024-11-19T23:18:47.647-05:00,IdeState,Inactive,,*,-1,-1
2024-11-19T23:18:48.648-05:00,IdeState,Inactive,,*,-1,-1
2024-11-19T23:18:49.649-05:00,IdeState,Inactive,,*,-1,-1
2024-11-19T23:18:50.651-05:00,IdeState,Inactive,,*,-1,-1
2024-11-19T23:18:51.652-05:00,IdeState,Inactive,,*,-1,-1
2024-11-19T23:18:52.653-05:00,IdeState,Inactive,,*,-1,-1
2024-11-19T23:18:53.655-05:00,IdeState,Inactive,,*,-1,-1
2024-11-19T23:18:54.657-05:00,IdeState,Inactive,,*,-1,-1
2024-11-19T23:18:55.659-05:00,IdeState,Inactive,,*,-1,-1
2024-11-19T23:18:56.660-05:00,IdeState,Inactive,,*,-1,-1
2024-11-19T23:18:57.662-05:00,IdeState,Inactive,,*,-1,-1
2024-11-19T23:18:58.665-05:00,IdeState,Inactive,,*,-1,-1
2024-11-19T23:18:59.667-05:00,IdeState,Inactive,,*,-1,-1
2024-11-19T23:19:00.668-05:00,IdeState,Inactive,,*,-1,-1
2024-11-19T23:19:01.669-05:00,IdeState,Inactive,,*,-1,-1
2024-11-19T23:19:02.672-05:00,IdeState,Inactive,,*,-1,-1
2024-11-19T23:19:03.673-05:00,IdeState,Inactive,,*,-1,-1
2024-11-19T23:19:04.675-05:00,IdeState,Inactive,,*,-1,-1
2024-11-19T23:19:05.676-05:00,IdeState,Inactive,,*,-1,-1
2024-11-19T23:19:06.677-05:00,IdeState,Inactive,,*,-1,-1
2024-11-19T23:19:07.680-05:00,IdeState,Inactive,,*,-1,-1
2024-11-19T23:19:08.682-05:00,IdeState,Inactive,,*,-1,-1
2024-11-19T23:19:09.688-05:00,IdeState,Inactive,,*,-1,-1
2024-11-19T23:19:10.691-05:00,IdeState,Inactive,,*,-1,-1
2024-11-19T23:19:11.692-05:00,IdeState,Inactive,,*,-1,-1
2024-11-19T23:19:12.695-05:00,IdeState,Inactive,,*,-1,-1
2024-11-19T23:19:13.697-05:00,IdeState,Inactive,,*,-1,-1
2024-11-19T23:19:14.699-05:00,IdeState,Inactive,,*,-1,-1
2024-11-19T23:19:15.700-05:00,IdeState,Inactive,,*,-1,-1
2024-11-19T23:19:16.701-05:00,IdeState,Inactive,,*,-1,-1
2024-11-19T23:19:17.703-05:00,IdeState,Inactive,,*,-1,-1
2024-11-19T23:19:18.705-05:00,IdeState,Inactive,,*,-1,-1
2024-11-19T23:19:19.707-05:00,IdeState,Inactive,,*,-1,-1
2024-11-19T23:19:20.710-05:00,IdeState,Active,Editor,is_zero.py,2,22
2024-11-19T23:19:21.714-05:00,IdeState,Inactive,,*,-1,-1
2024-11-19T23:19:22.715-05:00,IdeState,Inactive,,*,-1,-1
2024-11-19T23:19:23.716-05:00,IdeState,Inactive,,*,-1,-1
2024-11-19T23:19:24.718-05:00,IdeState,Inactive,,*,-1,-1
2024-11-19T23:19:25.728-05:00,IdeState,Inactive,,*,-1,-1
2024-11-19T23:19:26.741-05:00,IdeState,Inactive,,*,-1,-1
2024-11-19T23:19:27.756-05:00,IdeState,Inactive,,*,-1,-1
2024-11-19T23:19:28.770-05:00,IdeState,Inactive,,*,-1,-1
2024-11-19T23:19:29.782-05:00,IdeState,Inactive,,*,-1,-1
2024-11-19T23:19:30.795-05:00,IdeState,Inactive,,*,-1,-1
2024-11-19T23:19:31.797-05:00,IdeState,Inactive,,*,-1,-1
2024-11-19T23:19:32.811-05:00,IdeState,Inactive,,*,-1,-1
2024-11-19T23:19:33.835-05:00,IdeState,Inactive,,*,-1,-1
2024-11-19T23:19:34.836-05:00,IdeState,Inactive,,*,-1,-1
2024-11-19T23:19:35.851-05:00,IdeState,Inactive,,*,-1,-1
2024-11-19T23:19:36.866-05:00,IdeState,Inactive,,*,-1,-1
2024-11-19T23:19:37.877-05:00,IdeState,Inactive,,*,-1,-1
2024-11-19T23:19:38.892-05:00,IdeState,Inactive,,*,-1,-1
2024-11-19T23:19:39.904-05:00,IdeState,Inactive,,*,-1,-1
2024-11-19T23:19:40.918-05:00,IdeState,Inactive,,*,-1,-1
2024-11-19T23:19:41.927-05:00,IdeState,Inactive,,*,-1,-1
2024-11-19T23:19:42.942-05:00,IdeState,Inactive,,*,-1,-1
2024-11-19T23:19:43.957-05:00,IdeState,Inactive,,*,-1,-1
2024-11-19T23:19:44.969-05:00,IdeState,Inactive,,*,-1,-1
2024-11-19T23:19:45.984-05:00,IdeState,Inactive,,*,-1,-1
2024-11-19T23:19:46.994-05:00,IdeState,Inactive,,*,-1,-1
2024-11-19T23:19:48.009-05:00,IdeState,Inactive,,*,-1,-1
2024-11-19T23:19:49.016-05:00,IdeState,Inactive,,*,-1,-1
2024-11-19T23:19:50.026-05:00,IdeState,Inactive,,*,-1,-1
2024-11-19T23:31:46.028-05:00,IdeState,Inactive,,*,-1,-1
2024-11-19T23:31:47.087-05:00,IdeState,Inactive,,*,-1,-1
2024-11-19T23:31:48.093-05:00,IdeState,Inactive,,*,-1,-1
2024-11-19T23:31:49.095-05:00,IdeState,Inactive,,*,-1,-1
2024-11-19T23:31:50.102-05:00,IdeState,Inactive,,*,-1,-1
2024-11-19T23:31:51.113-05:00,IdeState,Inactive,,*,-1,-1
2024-11-19T23:31:52.262-05:00,IdeState,Active,Popup,*,-1,-1
2024-11-19T23:31:54.084-05:00,IdeState,Active,Popup,*,-1,-1
2024-11-19T23:31:55.314-05:00,IdeState,Active,Editor,is_zero.py,2,22
2024-11-19T23:31:56.552-05:00,IdeState,Active,Editor,is_zero.py,2,22
2024-11-19T23:31:57.569-05:00,IdeState,Active,Editor,is_zero.py,2,22
2024-11-19T23:31:58.576-05:00,IdeState,Active,Editor,is_zero.py,2,22
2024-11-19T23:31:59.578-05:00,IdeState,Active,Editor,is_zero.py,2,22
2024-11-19T23:32:00.579-05:00,IdeState,Active,tasktracker,is_zero.py,2,22
2024-11-19T23:32:01.207-05:00,Action,SettingsEntryPoint,Project,is_zero.py,2,22
2024-11-19T23:32:01.619-05:00,IdeState,Active,Project,is_zero.py,2,22
2024-11-19T23:32:02.621-05:00,IdeState,Active,Project,is_zero.py,2,22
2024-11-19T23:32:03.083-05:00,Action,WelcomeScreen.Plugins,,*,-1,-1
2024-11-19T23:32:04.387-05:00,IdeState,Active,Dialog,is_zero.py,2,22
2024-11-19T23:32:05.388-05:00,IdeState,Active,Dialog,is_zero.py,2,22
2024-11-19T23:32:06.390-05:00,IdeState,Inactive,,*,-1,-1
2024-11-19T23:32:07.390-05:00,IdeState,Inactive,,*,-1,-1
2024-11-19T23:32:08.393-05:00,IdeState,Inactive,,*,-1,-1
2024-11-19T23:32:09.393-05:00,IdeState,Inactive,,*,-1,-1
2024-11-19T23:32:10.396-05:00,IdeState,Inactive,,*,-1,-1
2024-11-19T23:32:11.397-05:00,IdeState,Inactive,,*,-1,-1
2024-11-19T23:32:12.398-05:00,IdeState,Inactive,,*,-1,-1
2024-11-19T23:32:13.399-05:00,IdeState,Inactive,,*,-1,-1
2024-11-19T23:32:14.400-05:00,IdeState,Inactive,,*,-1,-1
2024-11-19T23:32:15.401-05:00,IdeState,Inactive,,*,-1,-1
2024-11-19T23:32:16.403-05:00,IdeState,Inactive,,*,-1,-1
2024-11-19T23:32:17.414-05:00,IdeState,Inactive,,*,-1,-1
2024-11-19T23:32:18.423-05:00,IdeState,Inactive,,*,-1,-1
2024-11-19T23:32:19.425-05:00,IdeState,Inactive,,*,-1,-1
2024-11-19T23:32:20.426-05:00,IdeState,Inactive,,*,-1,-1
2024-11-19T23:32:21.428-05:00,IdeState,Inactive,,*,-1,-1
2024-11-19T23:32:22.430-05:00,IdeState,Inactive,,*,-1,-1
2024-11-19T23:32:23.431-05:00,IdeState,Inactive,,*,-1,-1
2024-11-19T23:32:24.432-05:00,IdeState,Inactive,,*,-1,-1
2024-11-19T23:32:38.562-05:00,IdeState,NoProject,,*,-1,-1
2024-11-19T23:32:39.970-05:00,IdeState,Active,Popup,*,-1,-1
2024-11-19T23:32:41.242-05:00,IdeState,Active,Popup,is_zero.py,2,22
2024-11-19T23:32:42.693-05:00,IdeState,Active,Editor,is_zero.py,2,22
2024-11-19T23:32:44.052-05:00,IdeState,Active,Editor,is_zero.py,2,22
2024-11-19T23:32:45.054-05:00,IdeState,Active,tasktracker,is_zero.py,2,22
2024-11-19T23:32:46.055-05:00,IdeState,Active,tasktracker,is_zero.py,2,22
2024-11-19T23:32:47.060-05:00,IdeState,Active,tasktracker,is_zero.py,2,22
2024-11-19T23:32:48.061-05:00,IdeState,Active,tasktracker,is_zero.py,2,22
2024-11-19T23:32:49.062-05:00,IdeState,Active,tasktracker,is_zero.py,2,22
2024-11-20T12:55:31.670-05:00,IdeState,NoProject,,*,-1,-1
2024-11-20T12:55:32.865-05:00,IdeState,Active,Popup,*,-1,-1
2024-11-20T12:55:34.225-05:00,IdeState,Active,Popup,*,-1,-1
2024-11-20T12:55:35.546-05:00,IdeState,Active,Popup,*,-1,-1
2024-11-20T12:55:37.149-05:00,IdeState,Active,Editor,is_zero.py,2,22
2024-11-20T12:55:38.605-05:00,IdeState,Active,Editor,is_zero.py,2,22
2024-11-20T12:55:40.156-05:00,IdeState,Active,Editor,is_zero.py,2,22
2024-11-20T12:55:41.351-05:00,IdeState,Active,Editor,is_zero.py,2,22
2024-11-20T12:55:42.358-05:00,IdeState,Active,Editor,is_zero.py,2,22
2024-11-20T12:55:43.395-05:00,IdeState,Active,Editor,is_zero.py,2,22
2024-11-20T12:55:44.397-05:00,IdeState,Active,Editor,is_zero.py,2,22
2024-11-20T12:55:45.398-05:00,IdeState,Active,Editor,is_zero.py,2,22
2024-11-20T12:55:46.400-05:00,IdeState,Active,Editor,is_zero.py,2,22
2024-11-20T12:55:47.453-05:00,IdeState,Active,Editor,is_zero.py,2,22
2024-11-20T12:55:48.463-05:00,IdeState,Active,Editor,is_zero.py,2,22
2024-11-20T12:55:49.466-05:00,IdeState,Active,Editor,is_zero.py,2,22
2024-11-20T12:55:50.467-05:00,IdeState,Active,Editor,is_zero.py,2,22
2024-11-20T12:55:51.470-05:00,IdeState,Active,Editor,is_zero.py,2,22
2024-11-20T12:55:52.473-05:00,IdeState,Active,Editor,is_zero.py,2,22
2024-11-20T12:55:53.475-05:00,IdeState,Active,Editor,is_zero.py,2,22
2024-11-20T12:55:54.477-05:00,IdeState,Active,Editor,is_zero.py,2,22
2024-11-20T12:55:55.482-05:00,IdeState,Active,Editor,is_zero.py,2,22
2024-11-20T12:55:56.484-05:00,IdeState,Active,Editor,is_zero.py,2,22
2024-11-20T12:55:57.485-05:00,IdeState,Active,Editor,is_zero.py,2,22
2024-11-20T12:55:58.488-05:00,IdeState,Active,Editor,is_zero.py,2,22
2024-11-20T12:55:59.490-05:00,IdeState,Active,Editor,is_zero.py,2,22
2024-11-20T12:56:00.491-05:00,IdeState,Active,Editor,is_zero.py,2,22
2024-11-20T12:56:01.494-05:00,IdeState,Active,Editor,is_zero.py,2,22
2024-11-20T12:56:02.496-05:00,IdeState,Active,Editor,is_zero.py,2,22
2024-11-20T12:56:02.923-05:00,Action,SettingsEntryPoint,Editor,is_zero.py,2,22
2024-11-20T12:56:03.497-05:00,IdeState,Active,Popup,is_zero.py,2,22
2024-11-20T12:56:04.500-05:00,IdeState,Active,Popup,is_zero.py,2,22
2024-11-20T12:56:05.510-05:00,IdeState,Active,Popup,is_zero.py,2,22
2024-11-20T12:56:06.511-05:00,IdeState,Active,Popup,is_zero.py,2,22
2024-11-20T12:56:07.514-05:00,IdeState,Active,Popup,is_zero.py,2,22
2024-11-20T12:56:08.516-05:00,IdeState,Active,Dialog,is_zero.py,2,22
2024-11-20T12:56:09.520-05:00,IdeState,Active,Dialog,is_zero.py,2,22
2024-11-20T12:56:10.524-05:00,IdeState,Active,Dialog,is_zero.py,2,22
2024-11-20T12:56:11.526-05:00,IdeState,Active,Dialog,is_zero.py,2,22
2024-11-20T12:56:12.528-05:00,IdeState,Active,Dialog,is_zero.py,2,22
2024-11-20T12:56:13.530-05:00,IdeState,Active,Editor,is_zero.py,2,22
2024-11-20T12:56:14.531-05:00,IdeState,Active,Editor,is_zero.py,2,22
2024-11-20T12:56:15.532-05:00,IdeState,Inactive,,*,-1,-1
2024-11-20T12:56:16.533-05:00,IdeState,Inactive,,*,-1,-1
2024-11-20T12:56:17.534-05:00,IdeState,Inactive,,*,-1,-1
2024-11-20T12:56:18.535-05:00,IdeState,Inactive,,*,-1,-1
2024-11-20T12:56:19.540-05:00,IdeState,Inactive,,*,-1,-1
2024-11-20T12:56:20.542-05:00,IdeState,Inactive,,*,-1,-1
2024-11-20T12:56:21.584-05:00,IdeState,Inactive,,*,-1,-1
2024-11-20T12:56:22.696-05:00,IdeState,Active,Editor,is_zero.py,2,22
2024-11-20T12:56:23.704-05:00,IdeState,Active,Editor,is_zero.py,2,22
2024-11-20T12:56:24.710-05:00,IdeState,Active,Editor,is_zero.py,2,22
2024-11-20T12:56:25.726-05:00,IdeState,Active,Editor,is_zero.py,2,22
2024-11-20T12:56:26.740-05:00,IdeState,Active,Editor,is_zero.py,2,22
2024-11-20T12:56:27.741-05:00,IdeState,Active,Editor,is_zero.py,2,22
2024-11-20T12:56:28.743-05:00,IdeState,Active,Editor,is_zero.py,2,22
2024-11-20T12:56:29.744-05:00,IdeState,Active,Editor,is_zero.py,2,22
2024-11-20T12:56:30.745-05:00,IdeState,Active,Editor,is_zero.py,2,22
2024-11-20T12:56:31.748-05:00,IdeState,Active,Editor,is_zero.py,2,22
2024-11-20T12:56:32.749-05:00,IdeState,Active,Editor,is_zero.py,2,22
2024-11-20T12:56:33.750-05:00,IdeState,Active,Editor,is_zero.py,2,22
2024-11-20T12:56:34.751-05:00,IdeState,Active,Editor,is_zero.py,2,22
2024-11-20T12:56:35.753-05:00,IdeState,Active,Editor,is_zero.py,2,22
2024-11-20T12:56:36.755-05:00,IdeState,Active,Editor,is_zero.py,2,22
2024-11-20T12:56:37.756-05:00,IdeState,Active,Editor,is_zero.py,2,22
2024-11-20T12:56:38.758-05:00,IdeState,Active,Editor,is_zero.py,2,22
2024-11-20T12:56:39.759-05:00,IdeState,Active,Editor,is_zero.py,2,22
2024-11-20T12:56:40.761-05:00,IdeState,Active,Editor,is_zero.py,2,22
2024-11-20T12:56:41.762-05:00,IdeState,Active,Editor,is_zero.py,2,22
2024-11-20T12:56:42.764-05:00,IdeState,Active,Editor,is_zero.py,2,22
2024-11-20T12:56:43.766-05:00,IdeState,Active,Editor,is_zero.py,2,22
2024-11-20T12:56:44.767-05:00,IdeState,Active,Editor,is_zero.py,2,22
2024-11-20T12:56:45.770-05:00,IdeState,Active,Editor,is_zero.py,2,22
2024-11-20T12:56:46.771-05:00,IdeState,Active,Editor,is_zero.py,2,22
2024-11-20T12:56:47.773-05:00,IdeState,Active,Editor,is_zero.py,2,22
2024-11-20T12:56:48.778-05:00,IdeState,Inactive,,*,-1,-1
2024-11-20T12:56:49.780-05:00,IdeState,Inactive,,*,-1,-1
2024-11-20T12:56:50.782-05:00,IdeState,Inactive,,*,-1,-1
2024-11-20T12:56:51.785-05:00,IdeState,Inactive,,*,-1,-1
2024-11-20T12:56:52.788-05:00,IdeState,Inactive,,*,-1,-1
2024-11-20T12:56:53.792-05:00,IdeState,Inactive,,*,-1,-1
2024-11-20T12:56:54.808-05:00,IdeState,Inactive,,*,-1,-1
2024-11-20T12:56:55.816-05:00,IdeState,Inactive,,*,-1,-1
2024-11-20T12:56:56.822-05:00,IdeState,Inactive,,*,-1,-1
2024-11-20T12:56:57.835-05:00,IdeState,Inactive,,*,-1,-1
2024-11-20T12:56:58.839-05:00,IdeState,Inactive,,*,-1,-1
2024-11-20T12:56:59.849-05:00,IdeState,Inactive,,*,-1,-1
2024-11-20T12:57:00.852-05:00,IdeState,Inactive,,*,-1,-1
2024-11-20T12:57:01.903-05:00,IdeState,Inactive,,*,-1,-1
2024-11-20T12:57:02.914-05:00,IdeState,Inactive,,*,-1,-1
2024-11-20T12:57:03.919-05:00,IdeState,Inactive,,*,-1,-1
2024-11-20T12:57:04.994-05:00,IdeState,Inactive,,*,-1,-1
2024-11-20T12:57:06.028-05:00,IdeState,Inactive,,*,-1,-1
2024-11-20T12:57:07.127-05:00,IdeState,Inactive,,*,-1,-1
2024-11-20T12:57:08.150-05:00,IdeState,Inactive,,*,-1,-1
2024-11-20T12:57:09.169-05:00,IdeState,Inactive,,*,-1,-1
2024-11-20T12:57:10.178-05:00,IdeState,Inactive,,*,-1,-1
2024-11-20T12:57:11.188-05:00,IdeState,Inactive,,*,-1,-1
2024-11-20T12:57:12.201-05:00,IdeState,Inactive,,*,-1,-1
2024-11-20T12:57:13.205-05:00,IdeState,Inactive,,*,-1,-1
2024-11-20T12:57:14.212-05:00,IdeState,Inactive,,*,-1,-1
2024-11-20T12:57:15.229-05:00,IdeState,Inactive,,*,-1,-1
2024-11-20T12:57:16.297-05:00,IdeState,Inactive,,*,-1,-1
2024-11-20T12:57:17.317-05:00,IdeState,Inactive,,*,-1,-1
2024-11-20T12:57:18.329-05:00,IdeState,Inactive,,*,-1,-1
2024-11-20T12:57:19.345-05:00,IdeState,Inactive,,*,-1,-1
2024-11-20T12:57:20.353-05:00,IdeState,Inactive,,*,-1,-1
2024-11-20T12:57:21.355-05:00,IdeState,Inactive,,*,-1,-1
2024-11-20T12:57:22.374-05:00,IdeState,Inactive,,*,-1,-1
2024-11-20T12:57:23.387-05:00,IdeState,Inactive,,*,-1,-1
2024-11-20T12:57:24.402-05:00,IdeState,Inactive,,*,-1,-1
2024-11-20T12:57:25.416-05:00,IdeState,Inactive,,*,-1,-1
2024-11-20T12:57:26.421-05:00,IdeState,Inactive,,*,-1,-1
2024-11-20T12:57:27.425-05:00,IdeState,Inactive,,*,-1,-1
2024-11-20T12:57:28.438-05:00,IdeState,Inactive,,*,-1,-1
2024-11-20T12:57:29.458-05:00,IdeState,Inactive,,*,-1,-1
2024-11-20T12:57:30.718-05:00,IdeState,Inactive,,*,-1,-1
2024-11-20T12:57:31.724-05:00,IdeState,Inactive,,*,-1,-1
2024-11-20T12:57:32.739-05:00,IdeState,Inactive,,*,-1,-1
2024-11-20T12:57:33.754-05:00,IdeState,Inactive,,*,-1,-1
2024-11-20T12:57:34.877-05:00,IdeState,Inactive,,*,-1,-1
2024-11-20T12:57:35.881-05:00,IdeState,Inactive,,*,-1,-1
2024-11-20T12:57:36.889-05:00,IdeState,Inactive,,*,-1,-1
2024-11-20T12:57:37.899-05:00,IdeState,Inactive,,*,-1,-1
2024-11-20T12:57:38.914-05:00,IdeState,Inactive,,*,-1,-1
2024-11-20T12:57:39.925-05:00,IdeState,Inactive,,*,-1,-1
2024-11-20T12:57:40.939-05:00,IdeState,Inactive,,*,-1,-1
2024-11-20T12:57:41.953-05:00,IdeState,Inactive,,*,-1,-1
2024-11-20T12:57:42.967-05:00,IdeState,Inactive,,*,-1,-1
2024-11-20T12:57:43.978-05:00,IdeState,Inactive,,*,-1,-1
2024-11-20T12:57:44.990-05:00,IdeState,Inactive,,*,-1,-1
2024-11-20T12:57:46.005-05:00,IdeState,Inactive,,*,-1,-1
2024-11-20T12:57:47.015-05:00,IdeState,Inactive,,*,-1,-1
2024-11-20T12:57:48.023-05:00,IdeState,Inactive,,*,-1,-1
2024-11-20T12:57:49.031-05:00,IdeState,Inactive,,*,-1,-1
2024-11-20T12:57:50.032-05:00,IdeState,Inactive,,*,-1,-1
2024-11-20T12:57:51.043-05:00,IdeState,Inactive,,*,-1,-1
2024-11-20T12:57:52.059-05:00,IdeState,Inactive,,*,-1,-1
2024-11-20T12:57:53.071-05:00,IdeState,Inactive,,*,-1,-1
2024-11-20T12:57:54.079-05:00,IdeState,Inactive,,*,-1,-1
2024-11-20T12:57:55.089-05:00,IdeState,Inactive,,*,-1,-1
2024-11-20T12:57:56.090-05:00,IdeState,Inactive,,*,-1,-1
2024-11-20T12:57:57.093-05:00,IdeState,Inactive,,*,-1,-1
2024-11-20T12:57:58.104-05:00,IdeState,Inactive,,*,-1,-1
2024-11-20T12:57:59.109-05:00,IdeState,Inactive,,*,-1,-1
2024-11-20T12:58:00.116-05:00,IdeState,Inactive,,*,-1,-1
2024-11-20T12:58:01.124-05:00,IdeState,Inactive,,*,-1,-1
2024-11-20T12:58:02.132-05:00,IdeState,Inactive,,*,-1,-1
2024-11-20T12:58:03.151-05:00,IdeState,Inactive,,*,-1,-1
2024-11-20T12:58:04.151-05:00,IdeState,Inactive,,*,-1,-1
2024-11-20T12:58:05.164-05:00,IdeState,Inactive,,*,-1,-1
2024-11-20T12:58:06.177-05:00,IdeState,Inactive,,*,-1,-1
2024-11-20T12:58:07.190-05:00,IdeState,Inactive,,*,-1,-1
2024-11-20T12:58:08.193-05:00,IdeState,Inactive,,*,-1,-1
2024-11-20T12:58:09.198-05:00,IdeState,Inactive,,*,-1,-1
2024-11-20T12:58:10.201-05:00,IdeState,Inactive,,*,-1,-1
2024-11-20T12:58:11.206-05:00,IdeState,Inactive,,*,-1,-1
2024-11-20T12:58:12.217-05:00,IdeState,Inactive,,*,-1,-1
2024-11-20T12:58:13.226-05:00,IdeState,Inactive,,*,-1,-1
2024-11-20T12:58:14.230-05:00,IdeState,Inactive,,*,-1,-1
2024-11-20T12:58:15.243-05:00,IdeState,Inactive,,*,-1,-1
2024-11-20T12:58:16.255-05:00,IdeState,Inactive,,*,-1,-1
2024-11-20T12:58:17.266-05:00,IdeState,Inactive,,*,-1,-1
2024-11-20T12:58:18.273-05:00,IdeState,Inactive,,*,-1,-1
2024-11-20T12:58:19.286-05:00,IdeState,Inactive,,*,-1,-1
2024-11-20T12:58:20.287-05:00,IdeState,Inactive,,*,-1,-1
2024-11-20T12:58:21.297-05:00,IdeState,Inactive,,*,-1,-1
2024-11-20T12:58:22.308-05:00,IdeState,Inactive,,*,-1,-1
2024-11-20T12:58:23.318-05:00,IdeState,Inactive,,*,-1,-1
2024-11-20T12:58:24.330-05:00,IdeState,Inactive,,*,-1,-1
2024-11-20T12:58:25.334-05:00,IdeState,Inactive,,*,-1,-1
2024-11-20T12:58:26.341-05:00,IdeState,Inactive,,*,-1,-1
2024-11-20T12:58:27.348-05:00,IdeState,Inactive,,*,-1,-1
2024-11-20T12:58:28.357-05:00,IdeState,Inactive,,*,-1,-1
2024-11-20T12:58:29.367-05:00,IdeState,Inactive,,*,-1,-1
2024-11-20T12:58:30.376-05:00,IdeState,Inactive,,*,-1,-1
2024-11-20T12:58:31.378-05:00,IdeState,Inactive,,*,-1,-1
2024-11-20T12:58:32.388-05:00,IdeState,Inactive,,*,-1,-1
2024-11-20T12:58:33.395-05:00,IdeState,Inactive,,*,-1,-1
2024-11-20T12:58:34.406-05:00,IdeState,Inactive,,*,-1,-1
2024-11-20T12:58:35.414-05:00,IdeState,Inactive,,*,-1,-1
2024-11-20T12:58:36.423-05:00,IdeState,Inactive,,*,-1,-1
2024-11-20T12:58:37.434-05:00,IdeState,Inactive,,*,-1,-1
2024-11-20T12:58:38.442-05:00,IdeState,Inactive,,*,-1,-1
2024-11-20T12:58:39.452-05:00,IdeState,Inactive,,*,-1,-1
2024-11-20T12:58:40.466-05:00,IdeState,Inactive,,*,-1,-1
2024-11-20T12:58:41.473-05:00,IdeState,Inactive,,*,-1,-1
2024-11-20T12:58:42.485-05:00,IdeState,Inactive,,*,-1,-1
2024-11-20T12:58:43.497-05:00,IdeState,Inactive,,*,-1,-1
2024-11-20T12:58:44.505-05:00,IdeState,Inactive,,*,-1,-1
2024-11-20T12:58:45.514-05:00,IdeState,Inactive,,*,-1,-1
2024-11-20T12:58:46.517-05:00,IdeState,Inactive,,*,-1,-1
2024-11-20T12:58:47.526-05:00,IdeState,Inactive,,*,-1,-1
2024-11-20T12:58:48.536-05:00,IdeState,Inactive,,*,-1,-1
2024-11-20T12:58:49.544-05:00,IdeState,Inactive,,*,-1,-1
2024-11-20T13:05:38.813-05:00,IdeState,Inactive,,*,-1,-1
2024-11-20T13:05:40.209-05:00,IdeState,Inactive,,*,-1,-1
2024-11-20T13:05:41.357-05:00,IdeState,Inactive,,*,-1,-1
2024-11-20T13:05:42.373-05:00,IdeState,Inactive,,*,-1,-1
2024-11-20T13:05:43.399-05:00,IdeState,Inactive,,*,-1,-1
2024-11-20T13:05:46.578-05:00,IdeState,Inactive,,*,-1,-1
2024-11-20T13:05:47.658-05:00,IdeState,Inactive,,*,-1,-1
2024-11-20T13:05:48.733-05:00,IdeState,Inactive,,*,-1,-1
2024-11-20T13:05:49.744-05:00,IdeState,Inactive,,*,-1,-1
2024-11-20T13:05:50.912-05:00,IdeState,Inactive,,*,-1,-1
2024-11-20T13:05:51.990-05:00,IdeState,Inactive,,*,-1,-1
2024-11-20T13:05:53.005-05:00,IdeState,Inactive,,*,-1,-1
2024-11-20T13:06:00.227-05:00,IdeState,NoProject,,*,-1,-1
2024-11-20T13:06:01.253-05:00,IdeState,NoProject,,*,-1,-1
2024-11-20T13:06:02.259-05:00,IdeState,NoProject,,*,-1,-1
2024-11-20T13:06:03.270-05:00,IdeState,NoProject,,*,-1,-1
2024-11-20T13:06:04.270-05:00,IdeState,NoProject,,*,-1,-1
2024-11-20T13:26:36.919-05:00,IdeState,Inactive,,*,-1,-1
2024-11-20T13:26:38.524-05:00,IdeState,Inactive,,*,-1,-1
2024-11-20T13:26:39.553-05:00,IdeState,Inactive,,*,-1,-1
2024-11-20T13:26:40.575-05:00,IdeState,Inactive,,*,-1,-1
2024-11-20T13:26:41.807-05:00,IdeState,Inactive,,*,-1,-1
2024-11-20T13:26:43.353-05:00,IdeState,Inactive,,*,-1,-1
2024-11-20T13:26:45.345-05:00,IdeState,Inactive,,*,-1,-1
2024-11-20T13:26:46.359-05:00,IdeState,Inactive,,*,-1,-1
2024-11-20T13:26:47.363-05:00,IdeState,Inactive,,*,-1,-1
2024-11-20T13:26:48.521-05:00,IdeState,Inactive,,*,-1,-1
2024-11-20T13:27:08.403-05:00,IdeState,NoProject,,*,-1,-1
2024-11-20T13:27:09.419-05:00,IdeState,NoProject,,*,-1,-1
2024-11-20T13:27:10.450-05:00,IdeState,Inactive,,*,-1,-1
2024-11-20T13:27:11.874-05:00,IdeState,Inactive,,*,-1,-1
2024-11-20T13:27:12.950-05:00,IdeState,Inactive,,*,-1,-1
2024-11-20T13:27:13.954-05:00,IdeState,NoProject,,*,-1,-1
2024-11-20T13:27:15.611-05:00,IdeState,NoProject,,*,-1,-1
2024-11-20T13:27:17.041-05:00,IdeState,NoProject,,*,-1,-1
2024-11-20T13:27:18.041-05:00,IdeState,NoProject,,*,-1,-1
2024-11-20T13:27:19.066-05:00,IdeState,NoProject,,*,-1,-1
2024-11-20T13:27:20.089-05:00,IdeState,NoProject,,*,-1,-1
2024-11-20T13:27:21.095-05:00,IdeState,NoProject,,*,-1,-1
2024-11-20T13:27:22.108-05:00,IdeState,Inactive,,*,-1,-1
2024-11-20T13:27:23.114-05:00,IdeState,Inactive,,*,-1,-1
2024-11-20T13:27:24.121-05:00,IdeState,Inactive,,*,-1,-1
2024-11-20T13:27:25.136-05:00,IdeState,Inactive,,*,-1,-1
2024-11-20T13:27:26.138-05:00,IdeState,Inactive,,*,-1,-1
2024-11-20T13:27:27.150-05:00,IdeState,Inactive,,*,-1,-1
2024-11-20T13:27:28.157-05:00,IdeState,Inactive,,*,-1,-1
2024-11-20T13:27:29.162-05:00,IdeState,Inactive,,*,-1,-1
2024-11-20T13:27:30.171-05:00,IdeState,Inactive,,*,-1,-1
2024-11-20T13:27:31.175-05:00,IdeState,Inactive,,*,-1,-1
2024-11-20T13:27:32.180-05:00,IdeState,Inactive,,*,-1,-1
2024-11-20T13:27:33.198-05:00,IdeState,Inactive,,*,-1,-1
2024-11-20T13:27:34.218-05:00,IdeState,Inactive,,*,-1,-1
2024-11-20T13:27:35.233-05:00,IdeState,Inactive,,*,-1,-1
2024-11-20T13:27:36.273-05:00,IdeState,Inactive,,*,-1,-1
2024-11-20T13:27:37.288-05:00,IdeState,Inactive,,*,-1,-1
2024-11-20T13:27:38.306-05:00,IdeState,Inactive,,*,-1,-1
2024-11-20T13:27:39.380-05:00,IdeState,Inactive,,*,-1,-1
2024-11-20T13:27:40.439-05:00,IdeState,Inactive,,*,-1,-1
2024-11-20T13:27:41.479-05:00,IdeState,Inactive,,*,-1,-1
2024-11-20T13:27:42.521-05:00,IdeState,Inactive,,*,-1,-1
2024-11-20T13:27:43.525-05:00,IdeState,Inactive,,*,-1,-1
2024-11-20T13:27:44.527-05:00,IdeState,Inactive,,*,-1,-1
2024-11-20T13:27:45.530-05:00,IdeState,Inactive,,*,-1,-1
2024-11-20T13:27:46.539-05:00,IdeState,Inactive,,*,-1,-1
2024-11-20T13:27:47.550-05:00,IdeState,Inactive,,*,-1,-1
2024-11-20T13:27:48.564-05:00,IdeState,Inactive,,*,-1,-1
2024-11-20T13:27:49.581-05:00,IdeState,Inactive,,*,-1,-1
2024-11-20T13:27:50.616-05:00,IdeState,Inactive,,*,-1,-1
2024-11-20T13:27:51.689-05:00,IdeState,Inactive,,*,-1,-1
2024-11-20T13:27:52.700-05:00,IdeState,Inactive,,*,-1,-1
2024-11-20T13:27:53.719-05:00,IdeState,Inactive,,*,-1,-1
2024-11-20T13:27:54.766-05:00,IdeState,Inactive,,*,-1,-1
2024-11-20T13:27:55.775-05:00,IdeState,Inactive,,*,-1,-1
2024-11-20T13:27:56.807-05:00,IdeState,Inactive,,*,-1,-1
2024-11-20T13:27:57.820-05:00,IdeState,Inactive,,*,-1,-1
2024-11-20T13:27:58.884-05:00,IdeState,Inactive,,*,-1,-1
2024-11-20T13:27:59.885-05:00,IdeState,Inactive,,*,-1,-1
2024-11-20T13:28:00.887-05:00,IdeState,Inactive,,*,-1,-1
2024-11-20T13:28:01.910-05:00,IdeState,Inactive,,*,-1,-1
2024-11-20T13:28:02.925-05:00,IdeState,Inactive,,*,-1,-1
2024-11-20T13:28:03.933-05:00,IdeState,Inactive,,*,-1,-1
2024-11-20T13:28:04.978-05:00,IdeState,Inactive,,*,-1,-1
2024-11-20T13:28:05.995-05:00,IdeState,Inactive,,*,-1,-1
2024-11-20T13:28:07.101-05:00,IdeState,Inactive,,*,-1,-1
2024-11-20T13:28:08.105-05:00,IdeState,Inactive,,*,-1,-1
2024-11-20T13:28:09.123-05:00,IdeState,Inactive,,*,-1,-1
2024-11-20T13:28:10.219-05:00,IdeState,Inactive,,*,-1,-1
2024-11-20T13:28:11.231-05:00,IdeState,Inactive,,*,-1,-1
2024-11-20T13:28:12.246-05:00,IdeState,Inactive,,*,-1,-1
2024-11-20T13:28:13.254-05:00,IdeState,Inactive,,*,-1,-1
2024-11-20T13:28:14.270-05:00,IdeState,Inactive,,*,-1,-1
2024-11-20T13:28:15.275-05:00,IdeState,Inactive,,*,-1,-1
2024-11-20T13:28:16.314-05:00,IdeState,Inactive,,*,-1,-1
2024-11-20T13:28:17.328-05:00,IdeState,Inactive,,*,-1,-1
2024-11-20T13:28:18.342-05:00,IdeState,Inactive,,*,-1,-1
2024-11-20T13:28:19.357-05:00,IdeState,Inactive,,*,-1,-1
2024-11-20T13:28:20.370-05:00,IdeState,Inactive,,*,-1,-1
2024-11-20T13:28:21.408-05:00,IdeState,Inactive,,*,-1,-1
2024-11-20T13:28:22.429-05:00,IdeState,Inactive,,*,-1,-1
2024-11-20T13:28:23.432-05:00,IdeState,Inactive,,*,-1,-1
2024-11-20T13:28:24.447-05:00,IdeState,Inactive,,*,-1,-1
2024-11-20T13:28:25.471-05:00,IdeState,Inactive,,*,-1,-1
2024-11-20T13:28:26.480-05:00,IdeState,Inactive,,*,-1,-1
2024-11-20T13:28:27.482-05:00,IdeState,Inactive,,*,-1,-1
2024-11-20T13:28:28.549-05:00,IdeState,Inactive,,*,-1,-1
2024-11-20T13:28:29.573-05:00,IdeState,Inactive,,*,-1,-1
2024-11-20T13:28:30.649-05:00,IdeState,Inactive,,*,-1,-1
2024-11-20T13:28:31.740-05:00,IdeState,Inactive,,*,-1,-1
2024-11-20T13:28:33.188-05:00,IdeState,Inactive,,*,-1,-1
2024-11-20T13:28:34.200-05:00,IdeState,Inactive,,*,-1,-1
2024-11-20T13:28:35.254-05:00,IdeState,Inactive,,*,-1,-1
2024-11-20T13:28:36.292-05:00,IdeState,Inactive,,*,-1,-1
2024-11-20T13:28:37.305-05:00,IdeState,Inactive,,*,-1,-1
2024-11-20T13:28:38.373-05:00,IdeState,Inactive,,*,-1,-1
2024-11-20T13:28:39.382-05:00,IdeState,Inactive,,*,-1,-1
2024-11-20T13:28:40.449-05:00,IdeState,Inactive,,*,-1,-1
2024-11-20T13:28:41.454-05:00,IdeState,Inactive,,*,-1,-1
2024-11-20T13:28:42.528-05:00,IdeState,Inactive,,*,-1,-1
2024-11-20T13:28:43.532-05:00,IdeState,Inactive,,*,-1,-1
2024-11-20T13:28:44.536-05:00,IdeState,NoProject,,*,-1,-1
2024-11-20T13:28:45.558-05:00,IdeState,NoProject,,*,-1,-1
2024-11-20T13:28:46.568-05:00,IdeState,NoProject,,*,-1,-1
2024-11-20T13:28:47.576-05:00,IdeState,NoProject,,*,-1,-1
2024-11-20T13:28:48.579-05:00,IdeState,NoProject,,*,-1,-1
2024-11-20T13:28:49.581-05:00,IdeState,NoProject,,*,-1,-1
2024-11-20T13:28:50.590-05:00,IdeState,Inactive,,*,-1,-1
2024-11-20T13:28:51.601-05:00,IdeState,NoProject,,*,-1,-1
2024-11-20T13:28:52.604-05:00,IdeState,NoProject,,*,-1,-1
2024-11-20T13:28:53.606-05:00,IdeState,NoProject,,*,-1,-1
2024-11-20T13:28:54.615-05:00,IdeState,NoProject,,*,-1,-1
2024-11-20T13:28:55.618-05:00,IdeState,NoProject,,*,-1,-1
2024-11-20T13:28:56.624-05:00,IdeState,NoProject,,*,-1,-1
2024-11-20T13:28:57.636-05:00,IdeState,Inactive,,*,-1,-1
2024-11-20T13:28:58.644-05:00,IdeState,NoProject,,*,-1,-1
2024-11-20T13:28:59.652-05:00,IdeState,NoProject,,*,-1,-1
2024-11-20T13:29:00.780-05:00,IdeState,Inactive,,*,-1,-1
2024-11-20T13:29:01.802-05:00,IdeState,NoProject,,*,-1,-1
2024-11-20T13:29:02.810-05:00,IdeState,NoProject,,*,-1,-1
2024-11-20T13:29:03.813-05:00,IdeState,NoProject,,*,-1,-1
2024-11-20T13:29:04.817-05:00,IdeState,NoProject,,*,-1,-1
2024-11-20T15:59:14.019-05:00,IdeState,Inactive,,*,-1,-1
2024-11-20T15:59:15.083-05:00,IdeState,Active,Popup,*,-1,-1
2024-11-20T15:59:16.479-05:00,IdeState,Active,Popup,*,-1,-1
2024-11-20T15:59:17.516-05:00,IdeState,Active,Project,*,-1,-1
2024-11-20T15:59:18.523-05:00,IdeState,Active,Project,*,-1,-1
2024-11-20T15:59:19.534-05:00,IdeState,Active,Project,*,-1,-1
2024-11-20T15:59:20.541-05:00,IdeState,Active,Project,*,-1,-1
2024-11-20T15:59:21.542-05:00,IdeState,Active,tasktracker,*,-1,-1
2024-11-20T15:59:22.550-05:00,IdeState,Active,tasktracker,*,-1,-1
2024-11-20T15:59:23.552-05:00,IdeState,Active,tasktracker,*,-1,-1
2024-11-20T15:59:29.280-05:00,IdeState,NoProject,,*,-1,-1
2024-11-20T15:59:30.613-05:00,IdeState,Active,Popup,*,-1,-1
2024-11-20T15:59:31.849-05:00,IdeState,Active,Project,*,-1,-1
2024-11-20T15:59:32.850-05:00,IdeState,Active,Project,*,-1,-1
2024-11-20T15:59:33.851-05:00,IdeState,Active,Project,*,-1,-1
2024-11-20T15:59:34.854-05:00,IdeState,Active,Project,*,-1,-1
2024-11-20T15:59:35.856-05:00,IdeState,Active,Project,*,-1,-1
2024-11-20T15:59:36.857-05:00,IdeState,Active,Project,*,-1,-1
2024-11-20T15:59:37.859-05:00,IdeState,Active,Project,*,-1,-1
