2025-02-24T18:19:01.060-05:00,IdeState,Active,Editor,pies.py,13,1
2025-02-24T18:19:02.062-05:00,IdeState,Active,Editor,pies.py,13,1
2025-02-24T18:19:03.078-05:00,IdeState,Active,tasktracker,pies.py,13,1
2025-02-24T18:19:04.081-05:00,IdeState,Active,Project,*,-1,-1
2025-02-24T18:19:05.082-05:00,IdeState,Active,Project,*,-1,-1
2025-02-24T18:19:06.085-05:00,IdeState,Inactive,,*,-1,-1
2025-02-24T18:19:07.087-05:00,IdeState,Inactive,,*,-1,-1
2025-02-24T18:19:08.087-05:00,IdeState,Inactive,,*,-1,-1
2025-02-24T18:19:09.089-05:00,IdeState,Inactive,,*,-1,-1
2025-02-24T18:19:10.091-05:00,IdeState,Inactive,,*,-1,-1
2025-02-24T18:19:11.096-05:00,IdeState,Inactive,,*,-1,-1
2025-02-24T18:19:12.106-05:00,IdeState,Inactive,,*,-1,-1
2025-02-24T18:19:13.108-05:00,IdeState,Active,Project,*,-1,-1
2025-02-24T18:19:14.109-05:00,IdeState,Active,Project,*,-1,-1
2025-02-24T18:19:15.112-05:00,IdeState,Active,Project,*,-1,-1
2025-02-24T18:19:16.113-05:00,IdeState,Active,Project,*,-1,-1
2025-02-24T18:19:17.116-05:00,IdeState,Active,Project,*,-1,-1
2025-02-24T18:19:18.117-05:00,IdeState,Active,Project,*,-1,-1
2025-02-24T18:19:19.119-05:00,IdeState,Active,Project,*,-1,-1
2025-02-24T18:19:20.121-05:00,IdeState,Active,Project,*,-1,-1
2025-02-24T18:19:21.122-05:00,IdeState,Inactive,,*,-1,-1
2025-02-24T18:19:22.125-05:00,IdeState,Inactive,,*,-1,-1
2025-02-24T18:19:23.127-05:00,IdeState,Inactive,,*,-1,-1
2025-02-24T18:19:24.128-05:00,IdeState,Inactive,,*,-1,-1
2025-02-24T18:19:25.129-05:00,IdeState,Inactive,,*,-1,-1
2025-02-24T18:19:26.131-05:00,IdeState,Inactive,,*,-1,-1
2025-02-24T18:19:27.132-05:00,IdeState,Inactive,,*,-1,-1
2025-02-24T18:19:28.134-05:00,IdeState,Inactive,,*,-1,-1
2025-02-24T18:19:29.135-05:00,IdeState,Inactive,,*,-1,-1
2025-02-24T18:19:30.137-05:00,IdeState,Inactive,,*,-1,-1
2025-02-24T18:19:31.138-05:00,IdeState,Inactive,,*,-1,-1
2025-02-24T18:19:32.140-05:00,IdeState,Inactive,,*,-1,-1
2025-02-24T18:19:33.142-05:00,IdeState,Inactive,,*,-1,-1
2025-02-24T18:19:34.149-05:00,IdeState,Inactive,,*,-1,-1
2025-02-24T18:19:35.153-05:00,IdeState,Inactive,,*,-1,-1
2025-02-24T18:19:36.154-05:00,IdeState,Inactive,,*,-1,-1
2025-02-24T18:19:37.158-05:00,IdeState,Inactive,,*,-1,-1
2025-02-24T18:19:38.160-05:00,IdeState,Inactive,,*,-1,-1
2025-02-24T18:19:39.161-05:00,IdeState,Inactive,,*,-1,-1
2025-02-24T18:19:40.164-05:00,IdeState,Inactive,,*,-1,-1
2025-02-24T18:19:41.165-05:00,IdeState,Inactive,,*,-1,-1
2025-02-24T18:19:42.168-05:00,IdeState,Inactive,,*,-1,-1
2025-02-24T18:19:43.171-05:00,IdeState,Inactive,,*,-1,-1
2025-02-24T18:19:44.171-05:00,IdeState,Inactive,,*,-1,-1
2025-02-24T18:19:45.172-05:00,IdeState,Inactive,,*,-1,-1
2025-02-24T18:19:46.175-05:00,IdeState,Inactive,,*,-1,-1
2025-02-24T18:19:47.175-05:00,IdeState,Inactive,,*,-1,-1
2025-02-24T18:19:48.177-05:00,IdeState,Inactive,,*,-1,-1
2025-02-24T18:19:49.179-05:00,IdeState,Inactive,,*,-1,-1
2025-02-24T18:19:50.180-05:00,IdeState,Inactive,,*,-1,-1
2025-02-24T18:19:51.181-05:00,IdeState,Inactive,,*,-1,-1
2025-02-24T18:19:52.183-05:00,IdeState,Inactive,,*,-1,-1
2025-02-24T18:19:53.184-05:00,IdeState,Inactive,,*,-1,-1
2025-02-24T18:19:54.188-05:00,IdeState,Inactive,,*,-1,-1
2025-02-24T18:19:55.189-05:00,IdeState,Inactive,,*,-1,-1
2025-02-24T18:19:56.190-05:00,IdeState,Inactive,,*,-1,-1
2025-02-24T18:19:57.191-05:00,IdeState,Inactive,,*,-1,-1
2025-02-24T18:19:58.193-05:00,IdeState,Inactive,,*,-1,-1
2025-02-24T18:19:59.194-05:00,IdeState,Inactive,,*,-1,-1
2025-02-24T18:20:00.196-05:00,IdeState,Inactive,,*,-1,-1
2025-02-24T18:20:01.199-05:00,IdeState,Inactive,,*,-1,-1
2025-02-24T18:20:02.200-05:00,IdeState,Inactive,,*,-1,-1
2025-02-24T18:20:03.202-05:00,IdeState,Inactive,,*,-1,-1
2025-02-24T18:20:04.204-05:00,IdeState,Inactive,,*,-1,-1
2025-02-24T18:20:05.205-05:00,IdeState,Inactive,,*,-1,-1
2025-02-24T18:20:06.206-05:00,IdeState,Inactive,,*,-1,-1
2025-02-24T18:20:07.210-05:00,IdeState,Inactive,,*,-1,-1
2025-02-24T18:20:08.212-05:00,IdeState,Inactive,,*,-1,-1
2025-02-24T18:20:09.214-05:00,IdeState,Inactive,,*,-1,-1
2025-02-24T18:20:10.214-05:00,IdeState,Inactive,,*,-1,-1
2025-02-24T18:20:11.216-05:00,IdeState,Inactive,,*,-1,-1
2025-02-24T18:20:12.221-05:00,IdeState,Inactive,,*,-1,-1
2025-02-24T18:20:13.229-05:00,IdeState,Inactive,,*,-1,-1
2025-02-24T18:20:14.232-05:00,IdeState,Inactive,,*,-1,-1
2025-02-24T18:20:15.233-05:00,IdeState,Inactive,,*,-1,-1
2025-02-24T18:20:16.238-05:00,IdeState,Inactive,,*,-1,-1
2025-02-24T18:20:17.241-05:00,IdeState,Inactive,,*,-1,-1
2025-02-24T18:20:18.243-05:00,IdeState,Inactive,,*,-1,-1
2025-02-24T18:20:19.254-05:00,IdeState,Inactive,,*,-1,-1
2025-02-24T18:20:20.256-05:00,IdeState,Inactive,,*,-1,-1
2025-02-24T18:20:21.258-05:00,IdeState,Inactive,,*,-1,-1
2025-02-24T18:20:22.259-05:00,IdeState,Inactive,,*,-1,-1
2025-02-24T18:20:23.261-05:00,IdeState,Inactive,,*,-1,-1
2025-02-24T18:20:24.264-05:00,IdeState,Inactive,,*,-1,-1
2025-02-24T18:20:25.265-05:00,IdeState,Inactive,,*,-1,-1
2025-02-24T18:20:26.268-05:00,IdeState,Inactive,,*,-1,-1
2025-02-24T18:20:27.270-05:00,IdeState,Inactive,,*,-1,-1
2025-02-24T18:20:28.271-05:00,IdeState,Inactive,,*,-1,-1
2025-02-24T18:20:29.278-05:00,IdeState,Inactive,,*,-1,-1
2025-02-24T18:20:30.278-05:00,IdeState,Inactive,,*,-1,-1
2025-02-24T18:20:31.280-05:00,IdeState,Inactive,,*,-1,-1
2025-02-24T18:20:32.281-05:00,IdeState,Inactive,,*,-1,-1
2025-02-24T18:20:33.283-05:00,IdeState,Inactive,,*,-1,-1
2025-02-24T18:20:34.286-05:00,IdeState,Inactive,,*,-1,-1
2025-02-24T18:20:35.287-05:00,IdeState,Inactive,,*,-1,-1
2025-02-24T18:20:36.301-05:00,IdeState,Inactive,,*,-1,-1
2025-02-24T18:20:37.303-05:00,IdeState,Inactive,,*,-1,-1
2025-02-24T18:20:38.306-05:00,IdeState,Inactive,,*,-1,-1
2025-02-24T18:20:39.308-05:00,IdeState,Inactive,,*,-1,-1
2025-02-24T18:20:40.311-05:00,IdeState,Inactive,,*,-1,-1
2025-02-24T18:20:41.315-05:00,IdeState,Inactive,,*,-1,-1
2025-02-24T18:20:42.318-05:00,IdeState,Inactive,,*,-1,-1
2025-02-24T18:20:43.319-05:00,IdeState,Inactive,,*,-1,-1
2025-02-24T18:20:44.321-05:00,IdeState,Inactive,,*,-1,-1
2025-02-24T18:20:45.325-05:00,IdeState,Inactive,,*,-1,-1
2025-02-24T18:20:46.329-05:00,IdeState,Inactive,,*,-1,-1
2025-02-24T18:20:47.330-05:00,IdeState,Inactive,,*,-1,-1
2025-02-24T18:20:48.333-05:00,IdeState,Inactive,,*,-1,-1
2025-02-24T18:20:49.336-05:00,IdeState,Inactive,,*,-1,-1
2025-02-24T18:20:50.337-05:00,IdeState,Inactive,,*,-1,-1
2025-02-24T18:20:51.338-05:00,IdeState,Inactive,,*,-1,-1
2025-02-24T18:20:52.340-05:00,IdeState,Inactive,,*,-1,-1
2025-02-24T18:20:53.343-05:00,IdeState,Inactive,,*,-1,-1
2025-02-24T18:20:54.343-05:00,IdeState,Inactive,,*,-1,-1
2025-02-24T18:20:55.346-05:00,IdeState,Inactive,,*,-1,-1
2025-02-24T18:20:56.347-05:00,IdeState,Inactive,,*,-1,-1
2025-02-24T18:20:57.348-05:00,IdeState,Inactive,,*,-1,-1
2025-02-24T18:20:58.350-05:00,IdeState,Inactive,,*,-1,-1
2025-02-24T18:20:59.352-05:00,IdeState,Inactive,,*,-1,-1
2025-02-24T18:21:00.353-05:00,IdeState,Inactive,,*,-1,-1
2025-02-24T18:21:01.355-05:00,IdeState,Inactive,,*,-1,-1
2025-02-24T18:21:02.357-05:00,IdeState,Inactive,,*,-1,-1
2025-02-24T18:21:03.359-05:00,IdeState,Inactive,,*,-1,-1
2025-02-24T18:21:04.361-05:00,IdeState,Inactive,,*,-1,-1
2025-02-24T18:21:05.362-05:00,IdeState,Inactive,,*,-1,-1
2025-02-24T18:21:06.363-05:00,IdeState,Inactive,,*,-1,-1
2025-02-24T18:21:07.365-05:00,IdeState,Inactive,,*,-1,-1
2025-02-24T18:21:08.366-05:00,IdeState,Inactive,,*,-1,-1
2025-02-24T18:21:09.368-05:00,IdeState,Inactive,,*,-1,-1
2025-02-24T18:21:10.369-05:00,IdeState,Inactive,,*,-1,-1
2025-02-24T18:21:11.370-05:00,IdeState,Inactive,,*,-1,-1
2025-02-24T18:21:12.372-05:00,IdeState,Inactive,,*,-1,-1
2025-02-24T18:21:13.373-05:00,IdeState,Inactive,,*,-1,-1
2025-02-24T18:21:14.376-05:00,IdeState,Inactive,,*,-1,-1
2025-02-24T18:21:15.378-05:00,IdeState,Inactive,,*,-1,-1
2025-02-24T18:21:16.378-05:00,IdeState,Inactive,,*,-1,-1
2025-02-24T18:21:17.379-05:00,IdeState,Inactive,,*,-1,-1
2025-02-24T18:21:18.380-05:00,IdeState,Inactive,,*,-1,-1
2025-02-24T18:21:19.381-05:00,IdeState,Inactive,,*,-1,-1
2025-02-24T18:21:20.385-05:00,IdeState,Inactive,,*,-1,-1
2025-02-24T18:21:21.386-05:00,IdeState,Inactive,,*,-1,-1
2025-02-24T18:21:22.386-05:00,IdeState,Inactive,,*,-1,-1
2025-02-24T18:21:23.388-05:00,IdeState,Inactive,,*,-1,-1
2025-02-24T18:21:24.390-05:00,IdeState,Inactive,,*,-1,-1
2025-02-24T18:21:25.391-05:00,IdeState,Inactive,,*,-1,-1
2025-02-24T18:21:26.392-05:00,IdeState,Inactive,,*,-1,-1
2025-02-24T18:21:27.395-05:00,IdeState,Inactive,,*,-1,-1
2025-02-24T18:21:28.397-05:00,IdeState,Inactive,,*,-1,-1
2025-02-24T18:21:29.398-05:00,IdeState,Inactive,,*,-1,-1
2025-02-24T18:21:30.399-05:00,IdeState,Inactive,,*,-1,-1
2025-02-24T18:21:31.400-05:00,IdeState,Inactive,,*,-1,-1
2025-02-24T18:21:32.409-05:00,IdeState,Inactive,,*,-1,-1
2025-02-24T18:21:33.410-05:00,IdeState,Inactive,,*,-1,-1
2025-02-24T18:21:34.412-05:00,IdeState,Inactive,,*,-1,-1
2025-02-24T18:21:35.416-05:00,IdeState,Inactive,,*,-1,-1
2025-02-24T18:21:36.417-05:00,IdeState,Inactive,,*,-1,-1
2025-02-24T18:21:37.418-05:00,IdeState,Inactive,,*,-1,-1
2025-02-24T18:21:38.420-05:00,IdeState,Inactive,,*,-1,-1
2025-02-24T18:21:39.421-05:00,IdeState,Inactive,,*,-1,-1
2025-02-24T18:21:40.422-05:00,IdeState,Inactive,,*,-1,-1
2025-02-24T18:21:41.424-05:00,IdeState,Inactive,,*,-1,-1
2025-02-24T18:21:42.426-05:00,IdeState,Inactive,,*,-1,-1
2025-02-24T18:21:43.429-05:00,IdeState,Inactive,,*,-1,-1
2025-02-24T18:21:44.431-05:00,IdeState,Inactive,,*,-1,-1
2025-02-24T18:21:45.435-05:00,IdeState,Inactive,,*,-1,-1
2025-02-24T18:21:46.437-05:00,IdeState,Inactive,,*,-1,-1
2025-02-24T18:21:47.437-05:00,IdeState,Inactive,,*,-1,-1
2025-02-24T18:21:48.438-05:00,IdeState,Inactive,,*,-1,-1
2025-02-24T18:21:49.440-05:00,IdeState,Inactive,,*,-1,-1
2025-02-24T18:21:50.441-05:00,IdeState,Inactive,,*,-1,-1
2025-02-24T18:21:51.446-05:00,IdeState,Inactive,,*,-1,-1
2025-02-24T18:21:52.449-05:00,IdeState,Inactive,,*,-1,-1
2025-02-24T18:21:53.450-05:00,IdeState,Inactive,,*,-1,-1
2025-02-24T18:21:54.450-05:00,IdeState,Inactive,,*,-1,-1
2025-02-24T18:21:55.451-05:00,IdeState,Inactive,,*,-1,-1
2025-02-24T18:21:56.473-05:00,IdeState,Inactive,,*,-1,-1
2025-02-24T18:21:57.476-05:00,IdeState,Inactive,,*,-1,-1
2025-02-24T18:21:58.478-05:00,IdeState,Inactive,,*,-1,-1
2025-02-24T18:21:59.479-05:00,IdeState,Inactive,,*,-1,-1
2025-02-24T18:22:00.480-05:00,IdeState,Inactive,,*,-1,-1
2025-02-24T18:22:01.484-05:00,IdeState,Inactive,,*,-1,-1
2025-02-24T18:22:02.484-05:00,IdeState,Inactive,,*,-1,-1
2025-02-24T18:22:03.488-05:00,IdeState,Inactive,,*,-1,-1
2025-02-24T18:22:04.489-05:00,IdeState,Inactive,,*,-1,-1
2025-02-24T18:22:05.490-05:00,IdeState,Inactive,,*,-1,-1
2025-02-24T18:22:06.490-05:00,IdeState,Inactive,,*,-1,-1
2025-02-24T18:22:07.493-05:00,IdeState,Inactive,,*,-1,-1
2025-02-24T18:22:08.494-05:00,IdeState,Inactive,,*,-1,-1
2025-02-24T18:22:09.496-05:00,IdeState,Inactive,,*,-1,-1
2025-02-24T18:22:10.498-05:00,IdeState,Inactive,,*,-1,-1
2025-02-24T18:22:11.498-05:00,IdeState,Inactive,,*,-1,-1
2025-02-24T18:22:12.500-05:00,IdeState,Inactive,,*,-1,-1
2025-02-24T18:22:13.501-05:00,IdeState,Inactive,,*,-1,-1
2025-02-24T18:22:14.502-05:00,IdeState,Inactive,,*,-1,-1
2025-02-24T18:22:15.504-05:00,IdeState,Inactive,,*,-1,-1
2025-02-24T18:22:16.506-05:00,IdeState,Inactive,,*,-1,-1
2025-02-24T18:22:17.508-05:00,IdeState,Inactive,,*,-1,-1
2025-02-24T18:22:18.511-05:00,IdeState,Inactive,,*,-1,-1
2025-02-24T18:22:19.512-05:00,IdeState,Inactive,,*,-1,-1
2025-02-24T18:22:20.514-05:00,IdeState,Inactive,,*,-1,-1
2025-02-24T18:22:21.516-05:00,IdeState,Inactive,,*,-1,-1
2025-02-24T18:22:22.519-05:00,IdeState,Inactive,,*,-1,-1
2025-02-24T18:22:23.520-05:00,IdeState,Inactive,,*,-1,-1
2025-02-24T18:22:24.522-05:00,IdeState,Inactive,,*,-1,-1
2025-02-24T18:22:25.524-05:00,IdeState,Inactive,,*,-1,-1
2025-02-24T18:22:26.524-05:00,IdeState,Inactive,,*,-1,-1
2025-02-24T18:22:27.526-05:00,IdeState,Inactive,,*,-1,-1
2025-02-24T18:22:28.528-05:00,IdeState,Inactive,,*,-1,-1
2025-02-24T18:22:29.531-05:00,IdeState,Inactive,,*,-1,-1
2025-02-24T18:22:30.531-05:00,IdeState,Inactive,,*,-1,-1
2025-02-24T18:22:31.534-05:00,IdeState,Inactive,,*,-1,-1
2025-02-24T18:22:32.536-05:00,IdeState,Inactive,,*,-1,-1
2025-02-24T18:22:33.538-05:00,IdeState,Inactive,,*,-1,-1
2025-02-24T18:22:34.539-05:00,IdeState,Inactive,,*,-1,-1
2025-02-24T18:22:35.541-05:00,IdeState,Inactive,,*,-1,-1
2025-02-24T18:22:36.542-05:00,IdeState,Inactive,,*,-1,-1
2025-02-24T18:22:37.543-05:00,IdeState,Inactive,,*,-1,-1
2025-02-24T18:22:38.547-05:00,IdeState,Inactive,,*,-1,-1
2025-02-24T18:22:39.548-05:00,IdeState,Inactive,,*,-1,-1
2025-02-24T18:22:40.549-05:00,IdeState,Inactive,,*,-1,-1
2025-02-24T18:22:41.550-05:00,IdeState,Inactive,,*,-1,-1
2025-02-24T18:22:42.551-05:00,IdeState,Inactive,,*,-1,-1
2025-02-24T18:22:43.552-05:00,IdeState,Inactive,,*,-1,-1
2025-02-24T18:22:44.553-05:00,IdeState,Inactive,,*,-1,-1
2025-02-24T18:22:45.555-05:00,IdeState,Inactive,,*,-1,-1
2025-02-24T18:22:46.556-05:00,IdeState,Inactive,,*,-1,-1
2025-02-24T18:22:47.559-05:00,IdeState,Inactive,,*,-1,-1
2025-02-24T18:22:48.561-05:00,IdeState,Inactive,,*,-1,-1
2025-02-24T18:22:49.562-05:00,IdeState,Inactive,,*,-1,-1
2025-02-24T18:22:50.572-05:00,IdeState,Inactive,,*,-1,-1
2025-02-24T18:22:51.576-05:00,IdeState,Inactive,,*,-1,-1
2025-02-24T18:22:52.577-05:00,IdeState,Inactive,,*,-1,-1
2025-02-24T18:22:53.579-05:00,IdeState,Inactive,,*,-1,-1
2025-02-24T18:22:54.582-05:00,IdeState,Inactive,,*,-1,-1
2025-02-24T18:22:55.582-05:00,IdeState,Inactive,,*,-1,-1
2025-02-24T18:22:56.587-05:00,IdeState,Inactive,,*,-1,-1
2025-02-24T18:22:57.589-05:00,IdeState,Inactive,,*,-1,-1
2025-02-24T18:22:58.592-05:00,IdeState,Inactive,,*,-1,-1
2025-02-24T18:22:59.593-05:00,IdeState,Inactive,,*,-1,-1
2025-02-24T18:23:00.596-05:00,IdeState,Inactive,,*,-1,-1
2025-02-24T18:23:01.597-05:00,IdeState,Inactive,,*,-1,-1
2025-02-24T18:23:02.598-05:00,IdeState,Inactive,,*,-1,-1
2025-02-24T18:23:03.601-05:00,IdeState,Inactive,,*,-1,-1
2025-02-24T18:23:04.603-05:00,IdeState,Inactive,,*,-1,-1
2025-02-24T18:23:05.604-05:00,IdeState,Inactive,,*,-1,-1
2025-02-24T18:23:06.606-05:00,IdeState,Inactive,,*,-1,-1
2025-02-24T18:23:07.609-05:00,IdeState,Inactive,,*,-1,-1
2025-02-24T18:23:08.610-05:00,IdeState,Inactive,,*,-1,-1
2025-02-24T18:23:09.611-05:00,IdeState,Inactive,,*,-1,-1
2025-02-24T18:23:10.619-05:00,IdeState,Inactive,,*,-1,-1
2025-02-24T18:23:11.620-05:00,IdeState,Inactive,,*,-1,-1
2025-02-24T18:23:12.621-05:00,IdeState,Inactive,,*,-1,-1
2025-02-24T18:23:13.623-05:00,IdeState,Inactive,,*,-1,-1
2025-02-24T18:23:14.626-05:00,IdeState,Inactive,,*,-1,-1
2025-02-24T18:23:15.627-05:00,IdeState,Inactive,,*,-1,-1
2025-02-24T18:23:16.628-05:00,IdeState,Inactive,,*,-1,-1
2025-02-24T18:23:17.631-05:00,IdeState,Inactive,,*,-1,-1
2025-02-24T18:23:18.633-05:00,IdeState,Inactive,,*,-1,-1
2025-02-24T18:23:19.634-05:00,IdeState,Inactive,,*,-1,-1
2025-02-24T18:23:20.634-05:00,IdeState,Inactive,,*,-1,-1
2025-02-24T18:23:21.636-05:00,IdeState,Inactive,,*,-1,-1
2025-02-24T18:23:22.638-05:00,IdeState,Inactive,,*,-1,-1
2025-02-24T18:23:23.638-05:00,IdeState,Inactive,,*,-1,-1
2025-02-24T18:23:24.640-05:00,IdeState,Inactive,,*,-1,-1
2025-02-24T18:23:25.640-05:00,IdeState,Inactive,,*,-1,-1
2025-02-24T18:23:26.641-05:00,IdeState,Inactive,,*,-1,-1
2025-02-24T18:23:27.643-05:00,IdeState,Inactive,,*,-1,-1
2025-02-24T18:23:28.644-05:00,IdeState,Inactive,,*,-1,-1
2025-02-24T18:23:29.646-05:00,IdeState,Inactive,,*,-1,-1
2025-02-24T18:23:30.648-05:00,IdeState,Inactive,,*,-1,-1
2025-02-24T18:23:31.651-05:00,IdeState,Inactive,,*,-1,-1
2025-02-24T18:23:32.653-05:00,IdeState,Inactive,,*,-1,-1
2025-02-24T18:23:33.654-05:00,IdeState,Inactive,,*,-1,-1
2025-02-24T18:23:34.686-05:00,IdeState,Inactive,,*,-1,-1
2025-02-24T18:23:35.688-05:00,IdeState,Inactive,,*,-1,-1
2025-02-24T18:23:36.689-05:00,IdeState,Inactive,,*,-1,-1
2025-02-24T18:23:37.690-05:00,IdeState,Inactive,,*,-1,-1
2025-02-24T18:23:38.699-05:00,IdeState,Inactive,,*,-1,-1
2025-02-24T18:23:39.701-05:00,IdeState,Inactive,,*,-1,-1
2025-02-24T18:23:40.703-05:00,IdeState,Inactive,,*,-1,-1
2025-02-24T18:23:41.704-05:00,IdeState,Inactive,,*,-1,-1
2025-02-24T18:23:42.707-05:00,IdeState,Inactive,,*,-1,-1
2025-02-24T18:23:43.708-05:00,IdeState,Inactive,,*,-1,-1
2025-02-24T18:23:44.710-05:00,IdeState,Inactive,,*,-1,-1
2025-02-24T18:23:45.712-05:00,IdeState,Inactive,,*,-1,-1
2025-02-24T18:23:46.713-05:00,IdeState,Inactive,,*,-1,-1
2025-02-24T18:23:47.714-05:00,IdeState,Inactive,,*,-1,-1
2025-02-24T18:23:48.716-05:00,IdeState,Inactive,,*,-1,-1
2025-02-24T18:23:49.719-05:00,IdeState,Inactive,,*,-1,-1
2025-02-24T18:23:50.721-05:00,IdeState,Inactive,,*,-1,-1
2025-02-24T18:23:51.722-05:00,IdeState,Inactive,,*,-1,-1
2025-02-24T18:23:52.724-05:00,IdeState,Inactive,,*,-1,-1
2025-02-24T18:23:53.725-05:00,IdeState,Inactive,,*,-1,-1
2025-02-24T18:23:54.727-05:00,IdeState,Inactive,,*,-1,-1
2025-02-24T18:23:55.731-05:00,IdeState,Inactive,,*,-1,-1
2025-02-24T18:23:56.733-05:00,IdeState,Inactive,,*,-1,-1
2025-02-24T18:23:57.735-05:00,IdeState,Inactive,,*,-1,-1
2025-02-24T18:23:58.737-05:00,IdeState,Inactive,,*,-1,-1
2025-02-24T18:23:59.737-05:00,IdeState,Inactive,,*,-1,-1
2025-02-24T18:24:00.739-05:00,IdeState,Inactive,,*,-1,-1
2025-02-24T18:24:01.740-05:00,IdeState,Inactive,,*,-1,-1
2025-02-24T18:24:02.742-05:00,IdeState,Inactive,,*,-1,-1
2025-02-24T18:24:03.745-05:00,IdeState,Inactive,,*,-1,-1
2025-02-24T18:24:04.748-05:00,IdeState,Inactive,,*,-1,-1
2025-02-24T18:24:05.753-05:00,IdeState,Inactive,,*,-1,-1
2025-02-24T18:24:06.754-05:00,IdeState,Inactive,,*,-1,-1
2025-02-24T18:24:07.756-05:00,IdeState,Inactive,,*,-1,-1
2025-02-24T18:24:08.756-05:00,IdeState,Inactive,,*,-1,-1
2025-02-24T18:24:09.759-05:00,IdeState,Inactive,,*,-1,-1
2025-02-24T18:24:10.761-05:00,IdeState,Inactive,,*,-1,-1
2025-02-24T18:24:11.762-05:00,IdeState,Inactive,,*,-1,-1
2025-02-24T18:24:12.763-05:00,IdeState,Inactive,,*,-1,-1
2025-02-24T18:24:13.764-05:00,IdeState,Inactive,,*,-1,-1
2025-02-24T18:24:14.765-05:00,IdeState,Inactive,,*,-1,-1
2025-02-24T18:24:15.766-05:00,IdeState,Inactive,,*,-1,-1
2025-02-24T18:24:16.767-05:00,IdeState,Inactive,,*,-1,-1
2025-02-24T18:24:17.768-05:00,IdeState,Inactive,,*,-1,-1
2025-02-24T18:24:18.769-05:00,IdeState,Inactive,,*,-1,-1
2025-02-24T18:24:19.771-05:00,IdeState,Inactive,,*,-1,-1
2025-02-24T18:24:20.773-05:00,IdeState,Inactive,,*,-1,-1
2025-02-24T18:24:21.776-05:00,IdeState,Inactive,,*,-1,-1
2025-02-24T18:24:22.777-05:00,IdeState,Inactive,,*,-1,-1
2025-02-24T18:24:23.779-05:00,IdeState,Inactive,,*,-1,-1
2025-02-24T18:24:24.780-05:00,IdeState,Inactive,,*,-1,-1
2025-02-24T18:24:25.783-05:00,IdeState,Inactive,,*,-1,-1
2025-02-24T18:24:26.783-05:00,IdeState,Inactive,,*,-1,-1
2025-02-24T18:24:27.785-05:00,IdeState,Inactive,,*,-1,-1
2025-02-24T18:24:28.786-05:00,IdeState,Active,Project,*,-1,-1
2025-02-24T18:24:29.787-05:00,IdeState,Inactive,,*,-1,-1
2025-02-24T18:24:30.789-05:00,IdeState,Inactive,,*,-1,-1
2025-02-24T18:24:31.791-05:00,IdeState,Inactive,,*,-1,-1
2025-02-24T18:24:32.792-05:00,IdeState,Inactive,,*,-1,-1
2025-02-24T18:24:33.794-05:00,IdeState,Inactive,,*,-1,-1
2025-02-24T18:24:34.796-05:00,IdeState,Inactive,,*,-1,-1
2025-02-24T18:24:35.796-05:00,IdeState,Inactive,,*,-1,-1
2025-02-24T18:24:36.798-05:00,IdeState,Inactive,,*,-1,-1
2025-02-24T18:24:37.799-05:00,IdeState,Inactive,,*,-1,-1
2025-02-24T18:24:38.800-05:00,IdeState,Inactive,,*,-1,-1
2025-02-24T18:24:39.801-05:00,IdeState,Inactive,,*,-1,-1
2025-02-24T18:24:40.803-05:00,IdeState,Inactive,,*,-1,-1
2025-02-24T18:24:41.804-05:00,IdeState,Inactive,,*,-1,-1
2025-02-24T18:24:42.806-05:00,IdeState,Inactive,,*,-1,-1
2025-02-24T18:24:43.807-05:00,IdeState,Inactive,,*,-1,-1
2025-02-24T18:24:44.807-05:00,IdeState,Inactive,,*,-1,-1
2025-02-24T18:24:45.808-05:00,IdeState,Inactive,,*,-1,-1
2025-02-24T18:24:46.809-05:00,IdeState,Inactive,,*,-1,-1
2025-02-24T18:24:47.810-05:00,IdeState,Inactive,,*,-1,-1
2025-02-24T18:24:48.812-05:00,IdeState,Inactive,,*,-1,-1
2025-02-24T18:24:49.813-05:00,IdeState,Inactive,,*,-1,-1
2025-02-24T18:24:50.816-05:00,IdeState,Inactive,,*,-1,-1
2025-02-24T18:24:51.818-05:00,IdeState,Inactive,,*,-1,-1
2025-02-24T18:24:52.821-05:00,IdeState,Inactive,,*,-1,-1
2025-02-24T18:24:53.823-05:00,IdeState,Inactive,,*,-1,-1
2025-02-24T18:24:54.824-05:00,IdeState,Inactive,,*,-1,-1
2025-02-24T18:24:55.826-05:00,IdeState,Inactive,,*,-1,-1
2025-02-24T18:24:56.827-05:00,IdeState,Inactive,,*,-1,-1
2025-02-24T18:24:57.828-05:00,IdeState,Inactive,,*,-1,-1
2025-02-24T18:24:58.829-05:00,IdeState,Inactive,,*,-1,-1
2025-02-24T18:24:59.831-05:00,IdeState,Inactive,,*,-1,-1
2025-02-24T18:25:00.831-05:00,IdeState,Inactive,,*,-1,-1
2025-02-24T18:25:01.833-05:00,IdeState,Inactive,,*,-1,-1
2025-02-24T18:25:02.834-05:00,IdeState,Inactive,,*,-1,-1
2025-02-24T18:25:03.835-05:00,IdeState,Inactive,,*,-1,-1
2025-02-24T18:25:04.837-05:00,IdeState,Inactive,,*,-1,-1
2025-02-24T18:25:05.840-05:00,IdeState,Inactive,,*,-1,-1
2025-02-24T18:25:06.841-05:00,IdeState,Inactive,,*,-1,-1
2025-02-24T18:25:07.844-05:00,IdeState,Inactive,,*,-1,-1
2025-02-24T18:25:08.846-05:00,IdeState,Inactive,,*,-1,-1
2025-02-24T18:25:09.847-05:00,IdeState,Inactive,,*,-1,-1
2025-02-24T18:25:10.848-05:00,IdeState,Inactive,,*,-1,-1
2025-02-24T18:25:11.849-05:00,IdeState,Inactive,,*,-1,-1
2025-02-24T18:25:12.852-05:00,IdeState,Active,Project,*,-1,-1
2025-02-24T18:25:13.881-05:00,IdeState,Inactive,,*,-1,-1
2025-02-24T18:25:14.894-05:00,IdeState,Inactive,,*,-1,-1
2025-02-24T18:25:15.896-05:00,IdeState,Inactive,,*,-1,-1
2025-02-24T18:25:16.897-05:00,IdeState,Inactive,,*,-1,-1
2025-02-24T18:25:17.897-05:00,IdeState,Inactive,,*,-1,-1
2025-02-24T18:25:18.899-05:00,IdeState,Inactive,,*,-1,-1
2025-02-24T18:25:19.901-05:00,IdeState,Inactive,,*,-1,-1
2025-02-24T18:25:20.903-05:00,IdeState,Inactive,,*,-1,-1
2025-02-24T18:25:21.905-05:00,IdeState,Inactive,,*,-1,-1
2025-02-24T18:25:22.907-05:00,IdeState,Inactive,,*,-1,-1
2025-02-24T18:25:23.918-05:00,IdeState,Inactive,,*,-1,-1
2025-02-24T18:25:24.920-05:00,IdeState,Inactive,,*,-1,-1
2025-02-24T18:25:25.921-05:00,IdeState,Inactive,,*,-1,-1
2025-02-24T18:25:26.921-05:00,IdeState,Inactive,,*,-1,-1
2025-02-24T18:25:27.922-05:00,IdeState,Inactive,,*,-1,-1
2025-02-24T18:25:28.924-05:00,IdeState,Inactive,,*,-1,-1
2025-02-24T18:25:29.926-05:00,IdeState,Inactive,,*,-1,-1
2025-02-24T18:25:30.927-05:00,IdeState,Inactive,,*,-1,-1
2025-02-24T18:25:31.964-05:00,IdeState,Inactive,,*,-1,-1
2025-02-24T18:25:32.967-05:00,IdeState,Inactive,,*,-1,-1
2025-02-24T18:25:33.987-05:00,IdeState,Inactive,,*,-1,-1
2025-02-24T18:25:34.989-05:00,IdeState,Inactive,,*,-1,-1
2025-02-24T18:25:35.991-05:00,IdeState,Inactive,,*,-1,-1
2025-02-24T18:25:36.992-05:00,IdeState,Inactive,,*,-1,-1
2025-02-24T18:25:37.995-05:00,IdeState,Inactive,,*,-1,-1
2025-02-24T18:25:38.995-05:00,IdeState,Inactive,,*,-1,-1
2025-02-24T18:25:39.997-05:00,IdeState,Inactive,,*,-1,-1
2025-02-24T18:25:40.999-05:00,IdeState,Inactive,,*,-1,-1
2025-02-24T18:25:41.999-05:00,IdeState,Inactive,,*,-1,-1
2025-02-24T18:25:43.000-05:00,IdeState,Inactive,,*,-1,-1
2025-02-24T18:25:44.001-05:00,IdeState,Inactive,,*,-1,-1
2025-02-24T18:25:45.001-05:00,IdeState,Inactive,,*,-1,-1
2025-02-24T18:25:46.002-05:00,IdeState,Inactive,,*,-1,-1
2025-02-24T18:25:47.003-05:00,IdeState,Inactive,,*,-1,-1
2025-02-24T18:25:48.009-05:00,IdeState,Inactive,,*,-1,-1
2025-02-24T18:25:49.009-05:00,IdeState,Inactive,,*,-1,-1
2025-02-24T18:25:50.011-05:00,IdeState,Inactive,,*,-1,-1
2025-02-24T18:25:51.014-05:00,IdeState,Inactive,,*,-1,-1
2025-02-24T18:25:52.015-05:00,IdeState,Inactive,,*,-1,-1
2025-02-24T18:25:53.018-05:00,IdeState,Inactive,,*,-1,-1
2025-02-24T18:25:54.020-05:00,IdeState,Inactive,,*,-1,-1
2025-02-24T18:25:55.021-05:00,IdeState,Inactive,,*,-1,-1
2025-02-24T18:25:56.022-05:00,IdeState,Inactive,,*,-1,-1
2025-02-24T18:25:57.026-05:00,IdeState,Inactive,,*,-1,-1
2025-02-24T18:25:58.027-05:00,IdeState,Inactive,,*,-1,-1
2025-02-24T18:25:59.028-05:00,IdeState,Inactive,,*,-1,-1
2025-02-24T18:26:00.030-05:00,IdeState,Inactive,,*,-1,-1
2025-02-24T18:26:01.031-05:00,IdeState,Inactive,,*,-1,-1
2025-02-24T18:26:02.033-05:00,IdeState,Inactive,,*,-1,-1
2025-02-24T18:26:03.034-05:00,IdeState,Inactive,,*,-1,-1
2025-02-24T18:26:04.035-05:00,IdeState,Inactive,,*,-1,-1
2025-02-24T18:26:05.037-05:00,IdeState,Inactive,,*,-1,-1
2025-02-24T18:26:06.039-05:00,IdeState,Inactive,,*,-1,-1
2025-02-24T18:26:07.039-05:00,IdeState,Inactive,,*,-1,-1
2025-02-24T18:26:08.042-05:00,IdeState,Inactive,,*,-1,-1
2025-02-24T18:26:09.043-05:00,IdeState,Inactive,,*,-1,-1
2025-02-24T18:26:10.046-05:00,IdeState,Inactive,,*,-1,-1
2025-02-24T18:26:11.047-05:00,IdeState,Inactive,,*,-1,-1
2025-02-24T18:26:12.049-05:00,IdeState,Inactive,,*,-1,-1
2025-02-24T18:26:13.050-05:00,IdeState,Inactive,,*,-1,-1
2025-02-24T18:26:14.052-05:00,IdeState,Inactive,,*,-1,-1
2025-02-24T18:26:15.053-05:00,IdeState,Inactive,,*,-1,-1
2025-02-24T18:26:16.055-05:00,IdeState,Inactive,,*,-1,-1
2025-02-24T18:26:17.058-05:00,IdeState,Inactive,,*,-1,-1
2025-02-24T18:26:18.059-05:00,IdeState,Inactive,,*,-1,-1
2025-02-24T18:26:19.060-05:00,IdeState,Inactive,,*,-1,-1
2025-02-24T18:26:20.061-05:00,IdeState,Inactive,,*,-1,-1
2025-02-24T18:26:21.062-05:00,IdeState,Inactive,,*,-1,-1
2025-02-24T18:26:22.064-05:00,IdeState,Inactive,,*,-1,-1
2025-02-24T18:26:23.066-05:00,IdeState,Inactive,,*,-1,-1
2025-02-24T18:26:24.068-05:00,IdeState,Inactive,,*,-1,-1
2025-02-24T18:26:25.069-05:00,IdeState,Inactive,,*,-1,-1
2025-02-24T18:26:26.071-05:00,IdeState,Inactive,,*,-1,-1
2025-02-24T18:26:27.073-05:00,IdeState,Inactive,,*,-1,-1
2025-02-24T18:26:28.076-05:00,IdeState,Inactive,,*,-1,-1
2025-02-24T18:26:29.078-05:00,IdeState,Inactive,,*,-1,-1
2025-02-24T18:26:30.079-05:00,IdeState,Inactive,,*,-1,-1
2025-02-24T18:26:31.079-05:00,IdeState,Inactive,,*,-1,-1
2025-02-24T18:26:32.080-05:00,IdeState,Inactive,,*,-1,-1
2025-02-24T18:26:33.081-05:00,IdeState,Inactive,,*,-1,-1
2025-02-24T18:26:34.095-05:00,IdeState,Inactive,,*,-1,-1
2025-02-24T18:26:35.099-05:00,IdeState,Inactive,,*,-1,-1
2025-02-24T18:26:36.100-05:00,IdeState,Inactive,,*,-1,-1
2025-02-24T18:26:37.101-05:00,IdeState,Inactive,,*,-1,-1
2025-02-24T18:26:38.103-05:00,IdeState,Inactive,,*,-1,-1
2025-02-24T18:26:39.105-05:00,IdeState,Inactive,,*,-1,-1
2025-02-24T18:26:40.108-05:00,IdeState,Inactive,,*,-1,-1
2025-02-24T18:26:41.110-05:00,IdeState,Inactive,,*,-1,-1
2025-02-24T18:26:42.112-05:00,IdeState,Inactive,,*,-1,-1
2025-02-24T18:26:43.117-05:00,IdeState,Inactive,,*,-1,-1
2025-02-24T18:26:44.119-05:00,IdeState,Inactive,,*,-1,-1
2025-02-24T18:26:45.120-05:00,IdeState,Inactive,,*,-1,-1
2025-02-24T18:26:46.121-05:00,IdeState,Inactive,,*,-1,-1
2025-02-24T18:26:47.123-05:00,IdeState,Inactive,,*,-1,-1
2025-02-24T18:26:48.125-05:00,IdeState,Inactive,,*,-1,-1
2025-02-24T18:26:49.127-05:00,IdeState,Inactive,,*,-1,-1
2025-02-24T18:26:50.129-05:00,IdeState,Inactive,,*,-1,-1
2025-02-24T18:26:51.130-05:00,IdeState,Inactive,,*,-1,-1
2025-02-24T18:26:52.131-05:00,IdeState,Inactive,,*,-1,-1
2025-02-24T18:26:53.132-05:00,IdeState,Inactive,,*,-1,-1
2025-02-24T18:26:54.133-05:00,IdeState,Inactive,,*,-1,-1
2025-02-24T18:26:55.136-05:00,IdeState,Inactive,,*,-1,-1
2025-02-24T18:26:56.137-05:00,IdeState,Inactive,,*,-1,-1
2025-02-24T18:26:57.138-05:00,IdeState,Inactive,,*,-1,-1
2025-02-24T18:26:58.139-05:00,IdeState,Inactive,,*,-1,-1
2025-02-24T18:26:59.143-05:00,IdeState,Inactive,,*,-1,-1
2025-02-24T18:27:00.143-05:00,IdeState,Inactive,,*,-1,-1
2025-02-24T18:27:01.144-05:00,IdeState,Inactive,,*,-1,-1
2025-02-24T18:27:02.145-05:00,IdeState,Inactive,,*,-1,-1
2025-02-24T18:27:03.146-05:00,IdeState,Inactive,,*,-1,-1
2025-02-24T18:27:04.148-05:00,IdeState,Inactive,,*,-1,-1
2025-02-24T18:27:05.149-05:00,IdeState,Inactive,,*,-1,-1
2025-02-24T18:27:06.151-05:00,IdeState,Inactive,,*,-1,-1
2025-02-24T18:27:07.152-05:00,IdeState,Inactive,,*,-1,-1
2025-02-24T18:27:08.152-05:00,IdeState,Inactive,,*,-1,-1
2025-02-24T18:27:09.153-05:00,IdeState,Inactive,,*,-1,-1
2025-02-24T18:27:10.153-05:00,IdeState,Inactive,,*,-1,-1
2025-02-24T18:27:11.156-05:00,IdeState,Inactive,,*,-1,-1
2025-02-24T18:27:12.161-05:00,IdeState,Inactive,,*,-1,-1
2025-02-24T18:27:13.161-05:00,IdeState,Inactive,,*,-1,-1
2025-02-24T18:27:14.164-05:00,IdeState,Inactive,,*,-1,-1
2025-02-24T18:27:15.164-05:00,IdeState,Inactive,,*,-1,-1
2025-02-24T18:27:16.167-05:00,IdeState,Inactive,,*,-1,-1
2025-02-24T18:27:17.167-05:00,IdeState,Inactive,,*,-1,-1
2025-02-24T18:27:18.169-05:00,IdeState,Inactive,,*,-1,-1
2025-02-24T18:27:19.172-05:00,IdeState,Inactive,,*,-1,-1
2025-02-24T18:27:20.174-05:00,IdeState,Inactive,,*,-1,-1
2025-02-24T18:27:21.175-05:00,IdeState,Inactive,,*,-1,-1
2025-02-24T18:27:22.176-05:00,IdeState,Inactive,,*,-1,-1
2025-02-24T18:27:23.179-05:00,IdeState,Inactive,,*,-1,-1
2025-02-24T18:27:24.181-05:00,IdeState,Inactive,,*,-1,-1
2025-02-24T18:27:25.182-05:00,IdeState,Inactive,,*,-1,-1
2025-02-24T18:27:26.184-05:00,IdeState,Inactive,,*,-1,-1
2025-02-24T18:27:27.186-05:00,IdeState,Inactive,,*,-1,-1
2025-02-24T18:27:28.187-05:00,IdeState,Inactive,,*,-1,-1
2025-02-24T18:27:29.190-05:00,IdeState,Inactive,,*,-1,-1
2025-02-24T18:27:30.193-05:00,IdeState,Inactive,,*,-1,-1
2025-02-24T18:27:31.195-05:00,IdeState,Inactive,,*,-1,-1
2025-02-24T18:27:32.196-05:00,IdeState,Inactive,,*,-1,-1
2025-02-24T18:27:33.197-05:00,IdeState,Inactive,,*,-1,-1
2025-02-24T18:27:34.198-05:00,IdeState,Inactive,,*,-1,-1
2025-02-24T18:27:35.200-05:00,IdeState,Inactive,,*,-1,-1
2025-02-24T18:27:36.202-05:00,IdeState,Inactive,,*,-1,-1
2025-02-24T18:27:37.203-05:00,IdeState,Inactive,,*,-1,-1
2025-02-24T18:27:38.203-05:00,IdeState,Inactive,,*,-1,-1
2025-02-24T18:27:39.204-05:00,IdeState,Inactive,,*,-1,-1
2025-02-24T18:27:40.206-05:00,IdeState,Inactive,,*,-1,-1
2025-02-24T18:27:41.208-05:00,IdeState,Inactive,,*,-1,-1
2025-02-24T18:27:42.210-05:00,IdeState,Inactive,,*,-1,-1
2025-02-24T18:27:43.212-05:00,IdeState,Inactive,,*,-1,-1
2025-02-24T18:27:44.214-05:00,IdeState,Inactive,,*,-1,-1
2025-02-24T18:27:45.215-05:00,IdeState,Inactive,,*,-1,-1
2025-02-24T18:27:46.217-05:00,IdeState,Inactive,,*,-1,-1
2025-02-24T18:27:47.220-05:00,IdeState,Inactive,,*,-1,-1
2025-02-24T18:27:48.220-05:00,IdeState,Inactive,,*,-1,-1
2025-02-24T18:27:49.222-05:00,IdeState,Inactive,,*,-1,-1
2025-02-24T18:27:50.223-05:00,IdeState,Inactive,,*,-1,-1
2025-02-24T18:27:51.226-05:00,IdeState,Inactive,,*,-1,-1
2025-02-24T18:27:52.226-05:00,IdeState,Inactive,,*,-1,-1
2025-02-24T18:27:53.228-05:00,IdeState,Inactive,,*,-1,-1
2025-02-24T18:27:54.229-05:00,IdeState,Inactive,,*,-1,-1
2025-02-24T18:27:55.262-05:00,IdeState,Inactive,,*,-1,-1
2025-02-24T18:27:56.270-05:00,IdeState,Inactive,,*,-1,-1
2025-02-24T18:27:57.271-05:00,IdeState,Inactive,,*,-1,-1
2025-02-24T18:27:58.271-05:00,IdeState,Inactive,,*,-1,-1
2025-02-24T18:27:59.274-05:00,IdeState,Inactive,,*,-1,-1
2025-02-24T18:28:00.276-05:00,IdeState,Inactive,,*,-1,-1
2025-02-24T18:28:01.278-05:00,IdeState,Inactive,,*,-1,-1
2025-02-24T18:28:02.279-05:00,IdeState,Inactive,,*,-1,-1
2025-02-24T18:28:03.280-05:00,IdeState,Active,Project,*,-1,-1
2025-02-24T18:28:04.282-05:00,IdeState,Active,Project,*,-1,-1
2025-02-24T18:28:05.283-05:00,IdeState,Inactive,,*,-1,-1
2025-02-24T18:28:06.285-05:00,IdeState,Inactive,,*,-1,-1
2025-02-24T18:28:07.287-05:00,IdeState,Inactive,,*,-1,-1
2025-02-24T18:28:08.288-05:00,IdeState,Inactive,,*,-1,-1
2025-02-24T18:28:09.289-05:00,IdeState,Inactive,,*,-1,-1
2025-02-24T18:28:10.291-05:00,IdeState,Inactive,,*,-1,-1
2025-02-24T18:28:11.292-05:00,IdeState,Inactive,,*,-1,-1
2025-02-24T18:28:12.294-05:00,IdeState,Inactive,,*,-1,-1
2025-02-24T18:28:13.296-05:00,IdeState,Inactive,,*,-1,-1
2025-02-24T18:28:14.298-05:00,IdeState,Inactive,,*,-1,-1
2025-02-24T18:28:15.299-05:00,IdeState,Inactive,,*,-1,-1
2025-02-24T18:28:16.300-05:00,IdeState,Inactive,,*,-1,-1
2025-02-24T18:28:17.303-05:00,IdeState,Inactive,,*,-1,-1
2025-02-24T18:28:18.304-05:00,IdeState,Inactive,,*,-1,-1
2025-02-24T18:28:19.307-05:00,IdeState,Inactive,,*,-1,-1
2025-02-24T18:28:20.309-05:00,IdeState,Inactive,,*,-1,-1
2025-02-24T18:28:21.311-05:00,IdeState,Inactive,,*,-1,-1
2025-02-24T18:28:22.311-05:00,IdeState,Inactive,,*,-1,-1
2025-02-24T18:28:23.313-05:00,IdeState,Inactive,,*,-1,-1
2025-02-24T18:28:24.314-05:00,IdeState,Inactive,,*,-1,-1
2025-02-24T18:28:25.317-05:00,IdeState,Inactive,,*,-1,-1
2025-02-24T18:28:26.320-05:00,IdeState,Inactive,,*,-1,-1
2025-02-24T18:28:27.320-05:00,IdeState,Inactive,,*,-1,-1
2025-02-24T18:28:28.322-05:00,IdeState,Inactive,,*,-1,-1
2025-02-24T18:28:29.323-05:00,IdeState,Inactive,,*,-1,-1
2025-02-24T18:28:30.337-05:00,IdeState,Inactive,,*,-1,-1
2025-02-24T18:28:31.342-05:00,IdeState,Inactive,,*,-1,-1
2025-02-24T18:28:32.342-05:00,IdeState,Inactive,,*,-1,-1
2025-02-24T18:28:33.344-05:00,IdeState,Inactive,,*,-1,-1
2025-02-24T18:28:34.346-05:00,IdeState,Inactive,,*,-1,-1
2025-02-24T18:28:35.349-05:00,IdeState,Inactive,,*,-1,-1
2025-02-24T18:28:36.349-05:00,IdeState,Inactive,,*,-1,-1
2025-02-24T18:28:37.353-05:00,IdeState,Inactive,,*,-1,-1
2025-02-24T18:28:38.358-05:00,IdeState,Inactive,,*,-1,-1
2025-02-24T18:28:39.359-05:00,IdeState,Inactive,,*,-1,-1
2025-02-24T18:28:40.360-05:00,IdeState,Inactive,,*,-1,-1
2025-02-24T18:28:41.362-05:00,IdeState,Inactive,,*,-1,-1
2025-02-24T18:28:42.363-05:00,IdeState,Inactive,,*,-1,-1
2025-02-24T18:28:43.364-05:00,IdeState,Inactive,,*,-1,-1
2025-02-24T18:28:44.366-05:00,IdeState,Inactive,,*,-1,-1
2025-02-24T18:28:45.367-05:00,IdeState,Inactive,,*,-1,-1
2025-02-24T18:28:46.367-05:00,IdeState,Inactive,,*,-1,-1
2025-02-24T18:28:47.368-05:00,IdeState,Inactive,,*,-1,-1
2025-02-24T18:28:48.370-05:00,IdeState,Inactive,,*,-1,-1
2025-02-24T18:28:49.378-05:00,IdeState,Inactive,,*,-1,-1
2025-02-24T18:28:50.379-05:00,IdeState,Inactive,,*,-1,-1
2025-02-24T18:28:51.384-05:00,IdeState,Inactive,,*,-1,-1
2025-02-24T18:28:52.385-05:00,IdeState,Inactive,,*,-1,-1
2025-02-24T18:28:53.402-05:00,IdeState,Inactive,,*,-1,-1
2025-02-24T18:28:54.403-05:00,IdeState,Inactive,,*,-1,-1
2025-02-24T18:28:55.404-05:00,IdeState,Inactive,,*,-1,-1
2025-02-24T18:28:56.405-05:00,IdeState,Inactive,,*,-1,-1
2025-02-24T18:28:57.407-05:00,IdeState,Inactive,,*,-1,-1
2025-02-24T18:28:58.411-05:00,IdeState,Inactive,,*,-1,-1
2025-02-24T18:28:59.412-05:00,IdeState,Inactive,,*,-1,-1
2025-02-24T18:29:00.413-05:00,IdeState,Inactive,,*,-1,-1
2025-02-24T18:29:01.414-05:00,IdeState,Inactive,,*,-1,-1
2025-02-24T18:29:02.416-05:00,IdeState,Inactive,,*,-1,-1
2025-02-24T18:29:03.427-05:00,IdeState,Inactive,,*,-1,-1
2025-02-24T18:29:04.430-05:00,IdeState,Inactive,,*,-1,-1
2025-02-24T18:29:05.431-05:00,IdeState,Inactive,,*,-1,-1
2025-02-24T18:29:06.432-05:00,IdeState,Inactive,,*,-1,-1
2025-02-24T18:29:07.433-05:00,IdeState,Inactive,,*,-1,-1
2025-02-24T18:29:08.436-05:00,IdeState,Inactive,,*,-1,-1
2025-02-24T18:29:09.437-05:00,IdeState,Inactive,,*,-1,-1
2025-02-24T18:29:10.438-05:00,IdeState,Inactive,,*,-1,-1
2025-02-24T18:29:11.440-05:00,IdeState,Inactive,,*,-1,-1
2025-02-24T18:29:12.441-05:00,IdeState,Inactive,,*,-1,-1
2025-02-24T18:29:13.444-05:00,IdeState,Inactive,,*,-1,-1
2025-02-24T18:29:14.446-05:00,IdeState,Inactive,,*,-1,-1
2025-02-24T18:29:15.446-05:00,IdeState,Inactive,,*,-1,-1
2025-02-24T18:29:16.448-05:00,IdeState,Inactive,,*,-1,-1
2025-02-24T18:29:17.450-05:00,IdeState,Inactive,,*,-1,-1
2025-02-24T18:29:18.452-05:00,IdeState,Inactive,,*,-1,-1
2025-02-24T18:29:19.454-05:00,IdeState,Inactive,,*,-1,-1
2025-02-24T18:29:20.457-05:00,IdeState,Inactive,,*,-1,-1
2025-02-24T18:29:21.459-05:00,IdeState,Inactive,,*,-1,-1
2025-02-24T18:29:22.461-05:00,IdeState,Inactive,,*,-1,-1
2025-02-24T18:29:23.463-05:00,IdeState,Inactive,,*,-1,-1
2025-02-24T18:29:24.467-05:00,IdeState,Inactive,,*,-1,-1
2025-02-24T18:29:25.469-05:00,IdeState,Inactive,,*,-1,-1
2025-02-24T18:29:26.471-05:00,IdeState,Inactive,,*,-1,-1
2025-02-24T18:29:27.471-05:00,IdeState,Inactive,,*,-1,-1
2025-02-24T18:29:28.473-05:00,IdeState,Inactive,,*,-1,-1
2025-02-24T18:29:29.474-05:00,IdeState,Inactive,,*,-1,-1
2025-02-24T18:29:30.477-05:00,IdeState,Inactive,,*,-1,-1
2025-02-24T18:29:31.479-05:00,IdeState,Inactive,,*,-1,-1
2025-02-24T18:29:32.480-05:00,IdeState,Inactive,,*,-1,-1
2025-02-24T18:29:33.481-05:00,IdeState,Inactive,,*,-1,-1
2025-02-24T18:29:34.482-05:00,IdeState,Inactive,,*,-1,-1
2025-02-24T18:29:35.486-05:00,IdeState,Inactive,,*,-1,-1
2025-02-24T18:29:36.487-05:00,IdeState,Inactive,,*,-1,-1
2025-02-24T18:29:37.489-05:00,IdeState,Inactive,,*,-1,-1
2025-02-24T18:29:38.490-05:00,IdeState,Inactive,,*,-1,-1
2025-02-24T18:29:39.491-05:00,IdeState,Inactive,,*,-1,-1
2025-02-24T18:29:40.493-05:00,IdeState,Inactive,,*,-1,-1
2025-02-24T18:29:41.494-05:00,IdeState,Inactive,,*,-1,-1
2025-02-24T18:29:42.494-05:00,IdeState,Inactive,,*,-1,-1
2025-02-24T18:29:43.496-05:00,IdeState,Inactive,,*,-1,-1
2025-02-24T18:29:44.497-05:00,IdeState,Inactive,,*,-1,-1
2025-02-24T18:29:45.499-05:00,IdeState,Inactive,,*,-1,-1
2025-02-24T18:29:46.500-05:00,IdeState,Inactive,,*,-1,-1
2025-02-24T18:29:47.500-05:00,IdeState,Inactive,,*,-1,-1
2025-02-24T18:29:48.502-05:00,IdeState,Inactive,,*,-1,-1
2025-02-24T18:29:49.505-05:00,IdeState,Inactive,,*,-1,-1
2025-02-24T18:29:50.508-05:00,IdeState,Inactive,,*,-1,-1
2025-02-24T18:29:51.509-05:00,IdeState,Inactive,,*,-1,-1
2025-02-24T18:29:52.509-05:00,IdeState,Inactive,,*,-1,-1
2025-02-24T18:29:53.519-05:00,IdeState,Inactive,,*,-1,-1
2025-02-24T18:29:54.521-05:00,IdeState,Inactive,,*,-1,-1
2025-02-24T18:29:55.521-05:00,IdeState,Inactive,,*,-1,-1
2025-02-24T18:29:56.523-05:00,IdeState,Inactive,,*,-1,-1
2025-02-24T18:29:57.526-05:00,IdeState,Inactive,,*,-1,-1
2025-02-24T18:29:58.528-05:00,IdeState,Inactive,,*,-1,-1
2025-02-24T18:29:59.530-05:00,IdeState,Inactive,,*,-1,-1
2025-02-24T18:30:00.534-05:00,IdeState,Inactive,,*,-1,-1
2025-02-24T18:30:01.536-05:00,IdeState,Inactive,,*,-1,-1
2025-02-24T18:30:02.537-05:00,IdeState,Inactive,,*,-1,-1
2025-02-24T18:30:03.540-05:00,IdeState,Inactive,,*,-1,-1
2025-02-24T18:30:04.547-05:00,IdeState,Inactive,,*,-1,-1
2025-02-24T18:30:05.549-05:00,IdeState,Inactive,,*,-1,-1
2025-02-24T18:30:06.551-05:00,IdeState,Inactive,,*,-1,-1
2025-02-24T18:30:07.552-05:00,IdeState,Inactive,,*,-1,-1
2025-02-24T18:30:08.554-05:00,IdeState,Inactive,,*,-1,-1
2025-02-24T18:30:09.556-05:00,IdeState,Inactive,,*,-1,-1
2025-02-24T18:30:10.558-05:00,IdeState,Inactive,,*,-1,-1
2025-02-24T18:30:11.559-05:00,IdeState,Inactive,,*,-1,-1
2025-02-24T18:30:12.562-05:00,IdeState,Inactive,,*,-1,-1
2025-02-24T18:30:13.564-05:00,IdeState,Inactive,,*,-1,-1
2025-02-24T18:30:14.564-05:00,IdeState,Inactive,,*,-1,-1
2025-02-24T18:30:15.566-05:00,IdeState,Inactive,,*,-1,-1
2025-02-24T18:30:16.568-05:00,IdeState,Inactive,,*,-1,-1
2025-02-24T18:30:17.569-05:00,IdeState,Inactive,,*,-1,-1
2025-02-24T18:30:18.570-05:00,IdeState,Inactive,,*,-1,-1
2025-02-24T18:30:19.571-05:00,IdeState,Inactive,,*,-1,-1
2025-02-24T18:30:20.573-05:00,IdeState,Inactive,,*,-1,-1
2025-02-24T18:30:21.574-05:00,IdeState,Inactive,,*,-1,-1
2025-02-24T18:30:22.578-05:00,IdeState,Inactive,,*,-1,-1
2025-02-24T18:30:23.580-05:00,IdeState,Inactive,,*,-1,-1
2025-02-24T18:30:24.582-05:00,IdeState,Inactive,,*,-1,-1
2025-02-24T18:30:25.585-05:00,IdeState,Inactive,,*,-1,-1
2025-02-24T18:30:26.586-05:00,IdeState,Inactive,,*,-1,-1
2025-02-24T18:30:27.587-05:00,IdeState,Inactive,,*,-1,-1
2025-02-24T18:30:28.589-05:00,IdeState,Inactive,,*,-1,-1
2025-02-24T18:30:29.591-05:00,IdeState,Inactive,,*,-1,-1
2025-02-24T18:30:30.592-05:00,IdeState,Inactive,,*,-1,-1
2025-02-24T18:30:31.592-05:00,IdeState,Inactive,,*,-1,-1
2025-02-24T18:30:32.593-05:00,IdeState,Inactive,,*,-1,-1
2025-02-24T18:30:33.594-05:00,IdeState,Inactive,,*,-1,-1
2025-02-24T18:30:34.596-05:00,IdeState,Inactive,,*,-1,-1
2025-02-24T18:30:35.597-05:00,IdeState,Inactive,,*,-1,-1
2025-02-24T18:30:36.599-05:00,IdeState,Inactive,,*,-1,-1
2025-02-24T18:30:37.599-05:00,IdeState,Inactive,,*,-1,-1
2025-02-24T18:30:38.601-05:00,IdeState,Inactive,,*,-1,-1
2025-02-24T18:30:39.602-05:00,IdeState,Inactive,,*,-1,-1
2025-02-24T18:30:40.604-05:00,IdeState,Inactive,,*,-1,-1
2025-02-24T18:30:41.605-05:00,IdeState,Inactive,,*,-1,-1
2025-02-24T18:30:42.607-05:00,IdeState,Inactive,,*,-1,-1
2025-02-24T18:30:43.608-05:00,IdeState,Inactive,,*,-1,-1
2025-02-24T18:30:44.611-05:00,IdeState,Inactive,,*,-1,-1
2025-02-24T18:30:45.612-05:00,IdeState,Inactive,,*,-1,-1
2025-02-24T18:30:46.614-05:00,IdeState,Inactive,,*,-1,-1
2025-02-24T18:30:47.616-05:00,IdeState,Inactive,,*,-1,-1
2025-02-24T18:30:48.618-05:00,IdeState,Inactive,,*,-1,-1
2025-02-24T18:30:49.621-05:00,IdeState,Inactive,,*,-1,-1
2025-02-24T18:30:50.622-05:00,IdeState,Inactive,,*,-1,-1
2025-02-24T18:30:51.623-05:00,IdeState,Inactive,,*,-1,-1
2025-02-24T18:30:52.625-05:00,IdeState,Inactive,,*,-1,-1
2025-02-24T18:30:53.627-05:00,IdeState,Inactive,,*,-1,-1
2025-02-24T18:30:54.628-05:00,IdeState,Inactive,,*,-1,-1
2025-02-24T18:30:55.628-05:00,IdeState,Inactive,,*,-1,-1
2025-02-24T18:30:56.630-05:00,IdeState,Inactive,,*,-1,-1
2025-02-24T18:30:57.632-05:00,IdeState,Inactive,,*,-1,-1
2025-02-24T18:30:58.632-05:00,IdeState,Inactive,,*,-1,-1
2025-02-24T18:30:59.633-05:00,IdeState,Inactive,,*,-1,-1
2025-02-24T18:31:00.635-05:00,IdeState,Inactive,,*,-1,-1
2025-02-24T18:31:01.637-05:00,IdeState,Inactive,,*,-1,-1
2025-02-24T18:31:02.640-05:00,IdeState,Inactive,,*,-1,-1
2025-02-24T18:31:03.641-05:00,IdeState,Inactive,,*,-1,-1
2025-02-24T18:31:04.641-05:00,IdeState,Inactive,,*,-1,-1
2025-02-24T18:31:05.642-05:00,IdeState,Inactive,,*,-1,-1
2025-02-24T18:31:06.643-05:00,IdeState,Inactive,,*,-1,-1
2025-02-24T18:31:07.645-05:00,IdeState,Inactive,,*,-1,-1
2025-02-24T18:31:08.645-05:00,IdeState,Inactive,,*,-1,-1
2025-02-24T18:31:09.650-05:00,IdeState,Inactive,,*,-1,-1
2025-02-24T18:31:10.652-05:00,IdeState,Inactive,,*,-1,-1
2025-02-24T18:31:11.653-05:00,IdeState,Inactive,,*,-1,-1
2025-02-24T18:31:12.656-05:00,IdeState,Inactive,,*,-1,-1
2025-02-24T18:31:13.657-05:00,IdeState,Inactive,,*,-1,-1
2025-02-24T18:31:14.659-05:00,IdeState,Inactive,,*,-1,-1
2025-02-24T18:31:15.662-05:00,IdeState,Inactive,,*,-1,-1
2025-02-24T18:31:16.663-05:00,IdeState,Inactive,,*,-1,-1
2025-02-24T18:31:17.664-05:00,IdeState,Inactive,,*,-1,-1
2025-02-24T18:31:18.666-05:00,IdeState,Inactive,,*,-1,-1
2025-02-24T18:31:19.667-05:00,IdeState,Inactive,,*,-1,-1
2025-02-24T18:31:20.668-05:00,IdeState,Inactive,,*,-1,-1
2025-02-24T18:31:21.669-05:00,IdeState,Inactive,,*,-1,-1
2025-02-24T18:31:22.670-05:00,IdeState,Inactive,,*,-1,-1
2025-02-24T18:31:23.677-05:00,IdeState,Inactive,,*,-1,-1
2025-02-24T18:31:24.680-05:00,IdeState,Inactive,,*,-1,-1
2025-02-24T18:31:25.683-05:00,IdeState,Inactive,,*,-1,-1
2025-02-24T18:31:26.684-05:00,IdeState,Inactive,,*,-1,-1
2025-02-24T18:31:27.686-05:00,IdeState,Inactive,,*,-1,-1
2025-02-24T18:31:28.687-05:00,IdeState,Inactive,,*,-1,-1
2025-02-24T18:31:29.689-05:00,IdeState,Inactive,,*,-1,-1
2025-02-24T18:31:30.691-05:00,IdeState,Inactive,,*,-1,-1
2025-02-24T18:31:31.694-05:00,IdeState,Inactive,,*,-1,-1
2025-02-24T18:31:32.696-05:00,IdeState,Inactive,,*,-1,-1
2025-02-24T18:31:33.697-05:00,IdeState,Inactive,,*,-1,-1
2025-02-24T18:31:34.699-05:00,IdeState,Inactive,,*,-1,-1
2025-02-24T18:31:35.700-05:00,IdeState,Inactive,,*,-1,-1
2025-02-24T18:31:36.701-05:00,IdeState,Inactive,,*,-1,-1
2025-02-24T18:31:37.710-05:00,IdeState,Inactive,,*,-1,-1
2025-02-24T18:31:38.711-05:00,IdeState,Inactive,,*,-1,-1
2025-02-24T18:31:39.712-05:00,IdeState,Inactive,,*,-1,-1
2025-02-24T18:31:40.714-05:00,IdeState,Inactive,,*,-1,-1
2025-02-24T18:31:41.717-05:00,IdeState,Inactive,,*,-1,-1
2025-02-24T18:31:42.719-05:00,IdeState,Inactive,,*,-1,-1
2025-02-24T18:31:43.721-05:00,IdeState,Inactive,,*,-1,-1
2025-02-24T18:31:44.721-05:00,IdeState,Inactive,,*,-1,-1
2025-02-24T18:31:45.724-05:00,IdeState,Inactive,,*,-1,-1
2025-02-24T18:31:46.725-05:00,IdeState,Inactive,,*,-1,-1
2025-02-24T18:31:47.728-05:00,IdeState,Inactive,,*,-1,-1
2025-02-24T18:31:48.728-05:00,IdeState,Inactive,,*,-1,-1
2025-02-24T18:31:49.730-05:00,IdeState,Inactive,,*,-1,-1
2025-02-24T18:31:50.731-05:00,IdeState,Inactive,,*,-1,-1
2025-02-24T18:31:51.734-05:00,IdeState,Inactive,,*,-1,-1
2025-02-24T18:31:52.735-05:00,IdeState,Inactive,,*,-1,-1
2025-02-24T18:31:53.735-05:00,IdeState,Inactive,,*,-1,-1
2025-02-24T18:31:54.737-05:00,IdeState,Inactive,,*,-1,-1
2025-02-24T18:31:55.738-05:00,IdeState,Inactive,,*,-1,-1
2025-02-24T18:31:56.739-05:00,IdeState,Inactive,,*,-1,-1
2025-02-24T18:31:57.742-05:00,IdeState,Inactive,,*,-1,-1
2025-02-24T18:31:58.742-05:00,IdeState,Inactive,,*,-1,-1
2025-02-24T18:31:59.752-05:00,IdeState,Inactive,,*,-1,-1
2025-02-24T18:32:00.754-05:00,IdeState,Inactive,,*,-1,-1
2025-02-24T18:32:01.755-05:00,IdeState,Inactive,,*,-1,-1
2025-02-24T18:32:02.758-05:00,IdeState,Inactive,,*,-1,-1
2025-02-24T18:32:03.759-05:00,IdeState,Inactive,,*,-1,-1
2025-02-24T18:32:04.760-05:00,IdeState,Inactive,,*,-1,-1
2025-02-24T18:32:05.762-05:00,IdeState,Inactive,,*,-1,-1
2025-02-24T18:32:06.764-05:00,IdeState,Inactive,,*,-1,-1
2025-02-24T18:32:07.766-05:00,IdeState,Inactive,,*,-1,-1
2025-02-24T18:32:08.767-05:00,IdeState,Inactive,,*,-1,-1
2025-02-24T18:32:09.770-05:00,IdeState,Inactive,,*,-1,-1
2025-02-24T18:32:10.772-05:00,IdeState,Inactive,,*,-1,-1
2025-02-24T18:32:11.774-05:00,IdeState,Inactive,,*,-1,-1
2025-02-24T18:32:12.776-05:00,IdeState,Inactive,,*,-1,-1
2025-02-24T18:32:13.777-05:00,IdeState,Inactive,,*,-1,-1
2025-02-24T18:32:14.779-05:00,IdeState,Inactive,,*,-1,-1
2025-02-24T18:32:15.780-05:00,IdeState,Inactive,,*,-1,-1
2025-02-24T18:32:16.786-05:00,IdeState,Inactive,,*,-1,-1
2025-02-24T18:32:17.789-05:00,IdeState,Inactive,,*,-1,-1
2025-02-24T18:32:18.791-05:00,IdeState,Inactive,,*,-1,-1
2025-02-24T18:32:19.793-05:00,IdeState,Inactive,,*,-1,-1
2025-02-24T18:32:20.794-05:00,IdeState,Inactive,,*,-1,-1
2025-02-24T18:32:21.796-05:00,IdeState,Inactive,,*,-1,-1
2025-02-24T18:32:22.797-05:00,IdeState,Inactive,,*,-1,-1
2025-02-24T18:32:23.798-05:00,IdeState,Inactive,,*,-1,-1
2025-02-24T18:32:24.799-05:00,IdeState,Inactive,,*,-1,-1
2025-02-24T18:32:25.801-05:00,IdeState,Inactive,,*,-1,-1
2025-02-24T18:32:26.803-05:00,IdeState,Inactive,,*,-1,-1
2025-02-24T18:32:27.804-05:00,IdeState,Inactive,,*,-1,-1
2025-02-24T18:32:28.806-05:00,IdeState,Inactive,,*,-1,-1
2025-02-24T18:32:29.808-05:00,IdeState,Inactive,,*,-1,-1
2025-02-24T18:32:30.809-05:00,IdeState,Inactive,,*,-1,-1
2025-02-24T18:32:31.811-05:00,IdeState,Inactive,,*,-1,-1
2025-02-24T18:32:32.825-05:00,IdeState,Inactive,,*,-1,-1
2025-02-24T18:32:33.842-05:00,IdeState,Inactive,,*,-1,-1
2025-02-24T18:32:34.843-05:00,IdeState,Inactive,,*,-1,-1
2025-02-24T18:32:35.844-05:00,IdeState,Inactive,,*,-1,-1
2025-02-24T18:32:36.853-05:00,IdeState,Inactive,,*,-1,-1
2025-02-24T18:32:37.855-05:00,IdeState,Inactive,,*,-1,-1
2025-02-24T18:32:38.856-05:00,IdeState,Inactive,,*,-1,-1
2025-02-24T18:32:39.858-05:00,IdeState,Inactive,,*,-1,-1
2025-02-24T18:32:40.860-05:00,IdeState,Inactive,,*,-1,-1
2025-02-24T18:32:41.862-05:00,IdeState,Inactive,,*,-1,-1
2025-02-24T18:32:42.863-05:00,IdeState,Inactive,,*,-1,-1
2025-02-24T18:32:43.865-05:00,IdeState,Inactive,,*,-1,-1
2025-02-24T18:32:44.866-05:00,IdeState,Inactive,,*,-1,-1
2025-02-24T18:32:45.867-05:00,IdeState,Inactive,,*,-1,-1
2025-02-24T18:32:46.892-05:00,IdeState,Inactive,,*,-1,-1
2025-02-24T18:32:47.947-05:00,IdeState,Inactive,,*,-1,-1
2025-02-24T18:32:48.952-05:00,IdeState,Inactive,,*,-1,-1
2025-02-24T18:32:49.954-05:00,IdeState,Inactive,,*,-1,-1
2025-02-24T18:32:50.955-05:00,IdeState,Inactive,,*,-1,-1
2025-02-24T18:32:51.970-05:00,IdeState,Inactive,,*,-1,-1
2025-02-24T18:32:52.971-05:00,IdeState,Inactive,,*,-1,-1
2025-02-24T18:32:53.973-05:00,IdeState,Inactive,,*,-1,-1
2025-02-24T18:32:54.976-05:00,IdeState,Inactive,,*,-1,-1
2025-02-24T18:32:55.976-05:00,IdeState,Inactive,,*,-1,-1
2025-02-24T18:32:56.977-05:00,IdeState,Inactive,,*,-1,-1
2025-02-24T18:32:57.979-05:00,IdeState,Inactive,,*,-1,-1
2025-02-24T18:32:58.981-05:00,IdeState,Inactive,,*,-1,-1
2025-02-24T18:32:59.982-05:00,IdeState,Inactive,,*,-1,-1
2025-02-24T18:33:00.983-05:00,IdeState,Inactive,,*,-1,-1
2025-02-24T18:33:01.985-05:00,IdeState,Inactive,,*,-1,-1
2025-02-24T18:33:02.986-05:00,IdeState,Inactive,,*,-1,-1
2025-02-24T18:33:03.996-05:00,IdeState,Inactive,,*,-1,-1
2025-02-24T18:33:05.003-05:00,IdeState,Inactive,,*,-1,-1
2025-02-24T18:33:06.006-05:00,IdeState,Inactive,,*,-1,-1
2025-02-24T18:33:07.009-05:00,IdeState,Inactive,,*,-1,-1
2025-02-24T18:33:08.015-05:00,IdeState,Inactive,,*,-1,-1
2025-02-24T18:33:09.019-05:00,IdeState,Inactive,,*,-1,-1
2025-02-24T18:33:10.021-05:00,IdeState,Inactive,,*,-1,-1
2025-02-24T18:33:11.023-05:00,IdeState,Inactive,,*,-1,-1
2025-02-24T18:33:12.025-05:00,IdeState,Inactive,,*,-1,-1
2025-02-24T18:33:13.029-05:00,IdeState,Inactive,,*,-1,-1
2025-02-24T18:33:14.036-05:00,IdeState,Inactive,,*,-1,-1
2025-02-24T18:33:15.037-05:00,IdeState,Inactive,,*,-1,-1
2025-02-24T18:33:16.038-05:00,IdeState,Inactive,,*,-1,-1
2025-02-24T18:33:17.041-05:00,IdeState,Inactive,,*,-1,-1
2025-02-24T18:33:18.043-05:00,IdeState,Inactive,,*,-1,-1
2025-02-24T18:33:19.043-05:00,IdeState,Inactive,,*,-1,-1
2025-02-24T18:33:20.044-05:00,IdeState,Inactive,,*,-1,-1
2025-02-24T18:33:21.046-05:00,IdeState,Inactive,,*,-1,-1
2025-02-24T18:33:22.047-05:00,IdeState,Inactive,,*,-1,-1
2025-02-24T18:33:23.049-05:00,IdeState,Inactive,,*,-1,-1
2025-02-24T18:33:24.050-05:00,IdeState,Inactive,,*,-1,-1
2025-02-24T18:33:25.051-05:00,IdeState,Inactive,,*,-1,-1
2025-02-24T18:33:26.052-05:00,IdeState,Inactive,,*,-1,-1
2025-02-24T18:33:27.053-05:00,IdeState,Inactive,,*,-1,-1
2025-02-24T18:33:28.054-05:00,IdeState,Inactive,,*,-1,-1
2025-02-24T18:33:29.056-05:00,IdeState,Inactive,,*,-1,-1
2025-02-24T18:33:30.057-05:00,IdeState,Inactive,,*,-1,-1
2025-02-24T18:33:31.059-05:00,IdeState,Inactive,,*,-1,-1
2025-02-24T18:33:32.064-05:00,IdeState,Inactive,,*,-1,-1
2025-02-24T18:33:33.067-05:00,IdeState,Inactive,,*,-1,-1
2025-02-24T18:33:34.068-05:00,IdeState,Inactive,,*,-1,-1
2025-02-24T18:33:35.070-05:00,IdeState,Inactive,,*,-1,-1
2025-02-24T18:33:36.070-05:00,IdeState,Inactive,,*,-1,-1
2025-02-24T18:33:37.072-05:00,IdeState,Inactive,,*,-1,-1
2025-02-24T18:33:38.073-05:00,IdeState,Inactive,,*,-1,-1
2025-02-24T18:33:39.076-05:00,IdeState,Inactive,,*,-1,-1
2025-02-24T18:33:40.078-05:00,IdeState,Inactive,,*,-1,-1
2025-02-24T18:33:41.083-05:00,IdeState,Inactive,,*,-1,-1
2025-02-24T18:33:42.085-05:00,IdeState,Inactive,,*,-1,-1
2025-02-24T18:33:43.085-05:00,IdeState,Inactive,,*,-1,-1
2025-02-24T18:33:44.087-05:00,IdeState,Inactive,,*,-1,-1
2025-02-24T18:33:45.093-05:00,IdeState,Inactive,,*,-1,-1
2025-02-24T18:33:46.096-05:00,IdeState,Inactive,,*,-1,-1
2025-02-24T18:33:47.098-05:00,IdeState,Inactive,,*,-1,-1
2025-02-24T18:33:48.099-05:00,IdeState,Inactive,,*,-1,-1
2025-02-24T18:33:49.101-05:00,IdeState,Inactive,,*,-1,-1
2025-02-24T18:33:50.103-05:00,IdeState,Inactive,,*,-1,-1
2025-02-24T18:33:51.104-05:00,IdeState,Inactive,,*,-1,-1
2025-02-24T18:33:52.106-05:00,IdeState,Inactive,,*,-1,-1
2025-02-24T18:33:53.106-05:00,IdeState,Inactive,,*,-1,-1
2025-02-24T18:33:54.107-05:00,IdeState,Inactive,,*,-1,-1
2025-02-24T18:33:55.109-05:00,IdeState,Inactive,,*,-1,-1
2025-02-24T18:33:56.110-05:00,IdeState,Inactive,,*,-1,-1
2025-02-24T18:33:57.111-05:00,IdeState,Inactive,,*,-1,-1
2025-02-24T18:33:58.114-05:00,IdeState,Inactive,,*,-1,-1
2025-02-24T18:33:59.116-05:00,IdeState,Inactive,,*,-1,-1
2025-02-24T18:34:00.117-05:00,IdeState,Inactive,,*,-1,-1
2025-02-24T18:34:01.189-05:00,IdeState,Inactive,,*,-1,-1
2025-02-24T18:34:02.190-05:00,IdeState,Inactive,,*,-1,-1
2025-02-24T18:34:03.254-05:00,IdeState,Inactive,,*,-1,-1
2025-02-24T18:34:04.256-05:00,IdeState,Inactive,,*,-1,-1
2025-02-24T18:34:05.258-05:00,IdeState,Inactive,,*,-1,-1
2025-02-24T18:34:06.260-05:00,IdeState,Inactive,,*,-1,-1
2025-02-24T18:34:07.260-05:00,IdeState,Inactive,,*,-1,-1
2025-02-24T18:34:08.262-05:00,IdeState,Inactive,,*,-1,-1
2025-02-24T18:34:09.263-05:00,IdeState,Inactive,,*,-1,-1
2025-02-24T18:34:10.264-05:00,IdeState,Inactive,,*,-1,-1
2025-02-24T18:34:11.265-05:00,IdeState,Inactive,,*,-1,-1
2025-02-24T18:34:12.268-05:00,IdeState,Inactive,,*,-1,-1
2025-02-24T18:34:13.270-05:00,IdeState,Inactive,,*,-1,-1
2025-02-24T18:34:14.271-05:00,IdeState,Inactive,,*,-1,-1
2025-02-24T18:34:15.273-05:00,IdeState,Inactive,,*,-1,-1
2025-02-24T18:34:16.276-05:00,IdeState,Inactive,,*,-1,-1
2025-02-24T18:34:17.277-05:00,IdeState,Inactive,,*,-1,-1
2025-02-24T18:34:18.278-05:00,IdeState,Inactive,,*,-1,-1
2025-02-24T18:34:19.280-05:00,IdeState,Inactive,,*,-1,-1
2025-02-24T18:34:20.281-05:00,IdeState,Inactive,,*,-1,-1
2025-02-24T18:34:21.282-05:00,IdeState,Inactive,,*,-1,-1
2025-02-24T18:34:22.286-05:00,IdeState,Inactive,,*,-1,-1
2025-02-24T18:34:23.287-05:00,IdeState,Inactive,,*,-1,-1
2025-02-24T18:34:24.288-05:00,IdeState,Inactive,,*,-1,-1
2025-02-24T18:34:25.290-05:00,IdeState,Inactive,,*,-1,-1
2025-02-24T18:34:26.291-05:00,IdeState,Inactive,,*,-1,-1
2025-02-24T18:34:27.296-05:00,IdeState,Inactive,,*,-1,-1
2025-02-24T18:34:28.298-05:00,IdeState,Inactive,,*,-1,-1
2025-02-24T18:34:29.300-05:00,IdeState,Inactive,,*,-1,-1
2025-02-24T18:34:30.301-05:00,IdeState,Inactive,,*,-1,-1
2025-02-24T18:34:31.302-05:00,IdeState,Inactive,,*,-1,-1
2025-02-24T18:34:32.303-05:00,IdeState,Inactive,,*,-1,-1
2025-02-24T18:34:33.305-05:00,IdeState,Inactive,,*,-1,-1
2025-02-24T18:34:34.306-05:00,IdeState,Inactive,,*,-1,-1
2025-02-24T18:34:35.307-05:00,IdeState,Inactive,,*,-1,-1
2025-02-24T18:34:36.308-05:00,IdeState,Inactive,,*,-1,-1
2025-02-24T18:34:37.309-05:00,IdeState,Inactive,,*,-1,-1
2025-02-24T18:34:38.310-05:00,IdeState,Inactive,,*,-1,-1
2025-02-24T18:34:39.312-05:00,IdeState,Inactive,,*,-1,-1
2025-02-24T18:34:40.313-05:00,IdeState,Inactive,,*,-1,-1
2025-02-24T18:34:41.316-05:00,IdeState,Inactive,,*,-1,-1
2025-02-24T18:34:42.317-05:00,IdeState,Inactive,,*,-1,-1
2025-02-24T18:34:43.321-05:00,IdeState,Inactive,,*,-1,-1
2025-02-24T18:34:44.323-05:00,IdeState,Inactive,,*,-1,-1
2025-02-24T18:34:45.324-05:00,IdeState,Inactive,,*,-1,-1
2025-02-24T18:34:46.325-05:00,IdeState,Inactive,,*,-1,-1
2025-02-24T18:34:47.327-05:00,IdeState,Inactive,,*,-1,-1
2025-02-24T18:34:48.328-05:00,IdeState,Inactive,,*,-1,-1
2025-02-24T18:34:49.330-05:00,IdeState,Inactive,,*,-1,-1
2025-02-24T18:34:50.331-05:00,IdeState,Inactive,,*,-1,-1
2025-02-24T18:34:51.332-05:00,IdeState,Inactive,,*,-1,-1
2025-02-24T18:34:52.335-05:00,IdeState,Inactive,,*,-1,-1
2025-02-24T18:34:53.336-05:00,IdeState,Inactive,,*,-1,-1
2025-02-24T18:34:54.338-05:00,IdeState,Inactive,,*,-1,-1
2025-02-24T18:34:55.341-05:00,IdeState,Inactive,,*,-1,-1
2025-02-24T18:34:56.341-05:00,IdeState,Inactive,,*,-1,-1
2025-02-24T18:34:57.343-05:00,IdeState,Inactive,,*,-1,-1
2025-02-24T18:34:58.346-05:00,IdeState,Inactive,,*,-1,-1
2025-02-24T18:34:59.349-05:00,IdeState,Inactive,,*,-1,-1
2025-02-24T18:35:00.350-05:00,IdeState,Inactive,,*,-1,-1
2025-02-24T18:35:01.351-05:00,IdeState,Inactive,,*,-1,-1
2025-02-24T18:35:02.353-05:00,IdeState,Inactive,,*,-1,-1
2025-02-24T18:35:03.354-05:00,IdeState,Inactive,,*,-1,-1
2025-02-24T18:35:04.356-05:00,IdeState,Inactive,,*,-1,-1
2025-02-24T18:35:05.358-05:00,IdeState,Inactive,,*,-1,-1
2025-02-24T18:35:06.360-05:00,IdeState,Inactive,,*,-1,-1
2025-02-24T18:35:07.363-05:00,IdeState,Inactive,,*,-1,-1
2025-02-24T18:35:08.364-05:00,IdeState,Inactive,,*,-1,-1
2025-02-24T18:35:09.372-05:00,IdeState,Inactive,,*,-1,-1
2025-02-24T18:35:10.374-05:00,IdeState,Inactive,,*,-1,-1
2025-02-24T18:35:11.376-05:00,IdeState,Inactive,,*,-1,-1
2025-02-24T18:35:12.377-05:00,IdeState,Inactive,,*,-1,-1
2025-02-24T18:35:13.380-05:00,IdeState,Inactive,,*,-1,-1
2025-02-24T18:35:14.382-05:00,IdeState,Inactive,,*,-1,-1
2025-02-24T18:35:15.383-05:00,IdeState,Inactive,,*,-1,-1
2025-02-24T18:35:16.385-05:00,IdeState,Inactive,,*,-1,-1
2025-02-24T18:35:17.386-05:00,IdeState,Inactive,,*,-1,-1
2025-02-24T18:35:18.396-05:00,IdeState,Inactive,,*,-1,-1
2025-02-24T18:35:19.398-05:00,IdeState,Inactive,,*,-1,-1
2025-02-24T18:35:20.403-05:00,IdeState,Inactive,,*,-1,-1
2025-02-24T18:35:21.404-05:00,IdeState,Inactive,,*,-1,-1
2025-02-24T18:35:22.406-05:00,IdeState,Inactive,,*,-1,-1
2025-02-24T18:35:23.409-05:00,IdeState,Inactive,,*,-1,-1
2025-02-24T18:35:24.411-05:00,IdeState,Inactive,,*,-1,-1
2025-02-24T18:35:25.412-05:00,IdeState,Inactive,,*,-1,-1
2025-02-24T18:35:26.414-05:00,IdeState,Inactive,,*,-1,-1
2025-02-24T18:35:27.422-05:00,IdeState,Inactive,,*,-1,-1
2025-02-24T18:35:28.424-05:00,IdeState,Inactive,,*,-1,-1
2025-02-24T18:35:29.426-05:00,IdeState,Inactive,,*,-1,-1
2025-02-24T18:35:30.427-05:00,IdeState,Inactive,,*,-1,-1
2025-02-24T18:35:31.429-05:00,IdeState,Inactive,,*,-1,-1
2025-02-24T18:35:32.430-05:00,IdeState,Inactive,,*,-1,-1
2025-02-24T18:35:33.431-05:00,IdeState,Inactive,,*,-1,-1
2025-02-24T18:35:34.432-05:00,IdeState,Inactive,,*,-1,-1
2025-02-24T18:35:35.438-05:00,IdeState,Inactive,,*,-1,-1
2025-02-24T18:35:36.439-05:00,IdeState,Inactive,,*,-1,-1
2025-02-24T18:35:37.442-05:00,IdeState,Inactive,,*,-1,-1
2025-02-24T18:35:38.444-05:00,IdeState,Inactive,,*,-1,-1
2025-02-24T18:35:39.447-05:00,IdeState,Inactive,,*,-1,-1
2025-02-24T18:35:40.448-05:00,IdeState,Inactive,,*,-1,-1
2025-02-24T18:35:41.449-05:00,IdeState,Inactive,,*,-1,-1
2025-02-24T18:35:42.486-05:00,IdeState,Inactive,,*,-1,-1
2025-02-24T18:35:43.487-05:00,IdeState,Inactive,,*,-1,-1
2025-02-24T18:35:44.488-05:00,IdeState,Inactive,,*,-1,-1
2025-02-24T18:35:45.490-05:00,IdeState,Inactive,,*,-1,-1
2025-02-24T18:35:46.492-05:00,IdeState,Inactive,,*,-1,-1
2025-02-24T18:35:47.494-05:00,IdeState,Inactive,,*,-1,-1
2025-02-24T18:35:48.495-05:00,IdeState,Inactive,,*,-1,-1
2025-02-24T18:35:49.498-05:00,IdeState,Inactive,,*,-1,-1
2025-02-24T18:35:50.499-05:00,IdeState,Inactive,,*,-1,-1
2025-02-24T18:35:51.502-05:00,IdeState,Inactive,,*,-1,-1
2025-02-24T18:35:52.504-05:00,IdeState,Inactive,,*,-1,-1
2025-02-24T18:35:53.505-05:00,IdeState,Inactive,,*,-1,-1
2025-02-24T18:35:54.506-05:00,IdeState,Inactive,,*,-1,-1
2025-02-24T18:35:55.507-05:00,IdeState,Inactive,,*,-1,-1
2025-02-24T18:35:56.508-05:00,IdeState,Inactive,,*,-1,-1
2025-02-24T18:35:57.509-05:00,IdeState,Inactive,,*,-1,-1
2025-02-24T18:35:58.511-05:00,IdeState,Inactive,,*,-1,-1
2025-02-24T18:35:59.511-05:00,IdeState,Inactive,,*,-1,-1
2025-02-24T18:36:00.513-05:00,IdeState,Inactive,,*,-1,-1
2025-02-24T18:36:01.514-05:00,IdeState,Inactive,,*,-1,-1
2025-02-24T18:36:02.516-05:00,IdeState,Inactive,,*,-1,-1
2025-02-24T18:36:03.520-05:00,IdeState,Inactive,,*,-1,-1
2025-02-24T18:36:04.533-05:00,IdeState,Inactive,,*,-1,-1
2025-02-24T18:36:05.534-05:00,IdeState,Inactive,,*,-1,-1
2025-02-24T18:36:06.536-05:00,IdeState,Inactive,,*,-1,-1
2025-02-24T18:36:07.537-05:00,IdeState,Inactive,,*,-1,-1
2025-02-24T18:36:08.548-05:00,IdeState,Inactive,,*,-1,-1
2025-02-24T18:36:09.551-05:00,IdeState,Inactive,,*,-1,-1
2025-02-24T18:36:10.553-05:00,IdeState,Inactive,,*,-1,-1
2025-02-24T18:36:11.553-05:00,IdeState,Inactive,,*,-1,-1
2025-02-24T18:36:12.554-05:00,IdeState,Inactive,,*,-1,-1
2025-02-24T18:36:13.555-05:00,IdeState,Inactive,,*,-1,-1
2025-02-24T18:36:14.561-05:00,IdeState,Inactive,,*,-1,-1
2025-02-24T18:36:15.563-05:00,IdeState,Inactive,,*,-1,-1
2025-02-24T18:36:16.563-05:00,IdeState,Inactive,,*,-1,-1
2025-02-24T18:36:17.565-05:00,IdeState,Inactive,,*,-1,-1
2025-02-24T18:36:18.567-05:00,IdeState,Inactive,,*,-1,-1
2025-02-24T18:36:19.567-05:00,IdeState,Inactive,,*,-1,-1
2025-02-24T18:36:20.576-05:00,IdeState,Inactive,,*,-1,-1
2025-02-24T18:36:21.579-05:00,IdeState,Inactive,,*,-1,-1
2025-02-24T18:36:22.580-05:00,IdeState,Inactive,,*,-1,-1
2025-02-24T18:36:23.582-05:00,IdeState,Inactive,,*,-1,-1
2025-02-24T18:36:24.585-05:00,IdeState,Inactive,,*,-1,-1
2025-02-24T18:36:25.594-05:00,IdeState,Inactive,,*,-1,-1
2025-02-24T18:36:26.596-05:00,IdeState,Inactive,,*,-1,-1
2025-02-24T18:36:27.596-05:00,IdeState,Inactive,,*,-1,-1
2025-02-24T18:36:28.600-05:00,IdeState,Inactive,,*,-1,-1
2025-02-24T18:36:29.601-05:00,IdeState,Inactive,,*,-1,-1
2025-02-24T18:36:30.602-05:00,IdeState,Inactive,,*,-1,-1
2025-02-24T18:36:31.603-05:00,IdeState,Inactive,,*,-1,-1
2025-02-24T18:36:32.603-05:00,IdeState,Inactive,,*,-1,-1
2025-02-24T18:36:33.641-05:00,IdeState,Inactive,,*,-1,-1
2025-02-24T18:36:34.642-05:00,IdeState,Inactive,,*,-1,-1
2025-02-24T18:36:35.645-05:00,IdeState,Inactive,,*,-1,-1
2025-02-24T18:36:36.647-05:00,IdeState,Inactive,,*,-1,-1
2025-02-24T18:36:37.648-05:00,IdeState,Inactive,,*,-1,-1
2025-02-24T18:36:38.661-05:00,IdeState,Inactive,,*,-1,-1
2025-02-24T18:36:39.665-05:00,IdeState,Inactive,,*,-1,-1
2025-02-24T18:36:40.666-05:00,IdeState,Inactive,,*,-1,-1
2025-02-24T18:36:41.668-05:00,IdeState,Inactive,,*,-1,-1
2025-02-24T18:36:42.679-05:00,IdeState,Inactive,,*,-1,-1
2025-02-24T18:36:43.681-05:00,IdeState,Inactive,,*,-1,-1
2025-02-24T18:36:44.682-05:00,IdeState,Inactive,,*,-1,-1
2025-02-24T18:36:45.684-05:00,IdeState,Inactive,,*,-1,-1
2025-02-24T18:36:46.686-05:00,IdeState,Inactive,,*,-1,-1
2025-02-24T18:36:47.688-05:00,IdeState,Inactive,,*,-1,-1
2025-02-24T18:36:48.689-05:00,IdeState,Inactive,,*,-1,-1
2025-02-24T18:36:49.691-05:00,IdeState,Inactive,,*,-1,-1
2025-02-24T18:36:50.692-05:00,IdeState,Inactive,,*,-1,-1
2025-02-24T18:36:51.693-05:00,IdeState,Inactive,,*,-1,-1
2025-02-24T18:36:52.695-05:00,IdeState,Inactive,,*,-1,-1
2025-02-24T18:36:53.696-05:00,IdeState,Inactive,,*,-1,-1
2025-02-24T18:36:54.699-05:00,IdeState,Inactive,,*,-1,-1
2025-02-24T18:36:55.700-05:00,IdeState,Inactive,,*,-1,-1
2025-02-24T18:36:56.701-05:00,IdeState,Inactive,,*,-1,-1
2025-02-24T18:36:57.703-05:00,IdeState,Inactive,,*,-1,-1
2025-02-24T18:36:58.828-05:00,IdeState,Inactive,,*,-1,-1
2025-02-24T18:36:59.846-05:00,IdeState,Inactive,,*,-1,-1
2025-02-24T18:37:00.847-05:00,IdeState,Inactive,,*,-1,-1
2025-02-24T18:37:01.847-05:00,IdeState,Inactive,,*,-1,-1
2025-02-24T18:37:02.848-05:00,IdeState,Inactive,,*,-1,-1
2025-02-24T18:37:03.850-05:00,IdeState,Inactive,,*,-1,-1
2025-02-24T18:37:04.852-05:00,IdeState,Inactive,,*,-1,-1
2025-02-24T18:37:05.854-05:00,IdeState,Inactive,,*,-1,-1
2025-02-24T18:37:06.855-05:00,IdeState,Inactive,,*,-1,-1
2025-02-24T18:37:07.856-05:00,IdeState,Inactive,,*,-1,-1
2025-02-24T18:37:08.856-05:00,IdeState,Inactive,,*,-1,-1
2025-02-24T18:37:09.866-05:00,IdeState,Inactive,,*,-1,-1
2025-02-24T18:37:10.875-05:00,IdeState,Inactive,,*,-1,-1
2025-02-24T18:37:11.876-05:00,IdeState,Inactive,,*,-1,-1
2025-02-24T18:37:12.876-05:00,IdeState,Inactive,,*,-1,-1
2025-02-24T18:37:13.889-05:00,IdeState,Inactive,,*,-1,-1
2025-02-24T18:37:14.890-05:00,IdeState,Inactive,,*,-1,-1
2025-02-24T18:37:15.891-05:00,IdeState,Inactive,,*,-1,-1
2025-02-24T18:37:16.893-05:00,IdeState,Inactive,,*,-1,-1
2025-02-24T18:37:17.893-05:00,IdeState,Inactive,,*,-1,-1
2025-02-24T18:37:18.894-05:00,IdeState,Inactive,,*,-1,-1
2025-02-24T18:37:19.896-05:00,IdeState,Inactive,,*,-1,-1
2025-02-24T18:37:20.897-05:00,IdeState,Inactive,,*,-1,-1
2025-02-24T18:37:21.897-05:00,IdeState,Inactive,,*,-1,-1
2025-02-24T18:37:22.898-05:00,IdeState,Inactive,,*,-1,-1
2025-02-24T18:37:23.900-05:00,IdeState,Inactive,,*,-1,-1
2025-02-24T18:37:24.910-05:00,IdeState,Inactive,,*,-1,-1
2025-02-24T18:37:25.914-05:00,IdeState,Inactive,,*,-1,-1
2025-02-24T18:37:26.915-05:00,IdeState,Inactive,,*,-1,-1
2025-02-24T18:37:27.917-05:00,IdeState,Inactive,,*,-1,-1
2025-02-24T18:37:28.919-05:00,IdeState,Inactive,,*,-1,-1
2025-02-24T18:37:29.919-05:00,IdeState,Inactive,,*,-1,-1
2025-02-24T18:37:30.920-05:00,IdeState,Inactive,,*,-1,-1
2025-02-24T18:37:31.922-05:00,IdeState,Inactive,,*,-1,-1
2025-02-24T18:37:32.926-05:00,IdeState,Inactive,,*,-1,-1
2025-02-24T18:37:33.927-05:00,IdeState,Inactive,,*,-1,-1
2025-02-24T18:37:34.928-05:00,IdeState,Inactive,,*,-1,-1
2025-02-24T18:37:35.930-05:00,IdeState,Inactive,,*,-1,-1
2025-02-24T18:37:36.932-05:00,IdeState,Inactive,,*,-1,-1
2025-02-24T18:37:37.934-05:00,IdeState,Inactive,,*,-1,-1
2025-02-24T18:37:38.936-05:00,IdeState,Inactive,,*,-1,-1
2025-02-24T18:37:39.945-05:00,IdeState,Inactive,,*,-1,-1
2025-02-24T18:37:40.947-05:00,IdeState,Inactive,,*,-1,-1
2025-02-24T18:37:41.948-05:00,IdeState,Inactive,,*,-1,-1
2025-02-24T18:37:42.949-05:00,IdeState,Inactive,,*,-1,-1
2025-02-24T18:37:43.952-05:00,IdeState,Inactive,,*,-1,-1
2025-02-24T18:37:44.953-05:00,IdeState,Inactive,,*,-1,-1
2025-02-24T18:37:45.954-05:00,IdeState,Inactive,,*,-1,-1
2025-02-24T18:37:46.956-05:00,IdeState,Inactive,,*,-1,-1
2025-02-24T18:37:47.959-05:00,IdeState,Inactive,,*,-1,-1
2025-02-24T18:37:48.963-05:00,IdeState,Inactive,,*,-1,-1
2025-02-24T18:37:49.963-05:00,IdeState,Inactive,,*,-1,-1
2025-02-24T18:37:50.965-05:00,IdeState,Inactive,,*,-1,-1
2025-02-24T18:37:51.967-05:00,IdeState,Inactive,,*,-1,-1
2025-02-24T18:37:52.970-05:00,IdeState,Inactive,,*,-1,-1
2025-02-24T18:37:53.973-05:00,IdeState,Inactive,,*,-1,-1
2025-02-24T18:37:54.987-05:00,IdeState,Inactive,,*,-1,-1
2025-02-24T18:37:55.991-05:00,IdeState,Inactive,,*,-1,-1
2025-02-24T18:37:56.994-05:00,IdeState,Inactive,,*,-1,-1
2025-02-24T18:37:57.994-05:00,IdeState,Inactive,,*,-1,-1
2025-02-24T18:37:58.996-05:00,IdeState,Inactive,,*,-1,-1
2025-02-24T18:37:59.997-05:00,IdeState,Inactive,,*,-1,-1
2025-02-24T18:38:00.998-05:00,IdeState,Inactive,,*,-1,-1
2025-02-24T18:38:02.000-05:00,IdeState,Inactive,,*,-1,-1
2025-02-24T18:38:03.002-05:00,IdeState,Inactive,,*,-1,-1
2025-02-24T18:38:04.004-05:00,IdeState,Inactive,,*,-1,-1
2025-02-24T18:38:05.007-05:00,IdeState,Inactive,,*,-1,-1
2025-02-24T18:38:06.008-05:00,IdeState,Inactive,,*,-1,-1
2025-02-24T18:38:07.009-05:00,IdeState,Inactive,,*,-1,-1
2025-02-24T18:38:08.012-05:00,IdeState,Inactive,,*,-1,-1
2025-02-24T18:38:09.013-05:00,IdeState,Inactive,,*,-1,-1
2025-02-24T18:38:10.015-05:00,IdeState,Inactive,,*,-1,-1
2025-02-24T18:38:11.016-05:00,IdeState,Inactive,,*,-1,-1
2025-02-24T18:38:12.017-05:00,IdeState,Inactive,,*,-1,-1
2025-02-24T18:38:13.026-05:00,IdeState,Inactive,,*,-1,-1
2025-02-24T18:38:14.033-05:00,IdeState,Inactive,,*,-1,-1
2025-02-24T18:38:15.034-05:00,IdeState,Inactive,,*,-1,-1
2025-02-24T18:38:16.036-05:00,IdeState,Inactive,,*,-1,-1
2025-02-24T18:38:17.037-05:00,IdeState,Inactive,,*,-1,-1
2025-02-24T18:38:18.039-05:00,IdeState,Inactive,,*,-1,-1
2025-02-24T18:38:19.041-05:00,IdeState,Inactive,,*,-1,-1
2025-02-24T18:38:20.042-05:00,IdeState,Inactive,,*,-1,-1
2025-02-24T18:38:21.043-05:00,IdeState,Inactive,,*,-1,-1
2025-02-24T18:38:22.045-05:00,IdeState,Inactive,,*,-1,-1
2025-02-24T18:38:23.046-05:00,IdeState,Inactive,,*,-1,-1
2025-02-24T18:38:24.047-05:00,IdeState,Inactive,,*,-1,-1
2025-02-24T18:38:25.049-05:00,IdeState,Inactive,,*,-1,-1
2025-02-24T18:38:26.050-05:00,IdeState,Inactive,,*,-1,-1
2025-02-24T18:38:27.060-05:00,IdeState,Inactive,,*,-1,-1
2025-02-24T18:38:28.063-05:00,IdeState,Inactive,,*,-1,-1
2025-02-24T18:38:29.066-05:00,IdeState,Inactive,,*,-1,-1
2025-02-24T18:38:30.068-05:00,IdeState,Inactive,,*,-1,-1
2025-02-24T18:38:31.070-05:00,IdeState,Inactive,,*,-1,-1
2025-02-24T18:38:32.071-05:00,IdeState,Inactive,,*,-1,-1
2025-02-24T18:38:33.074-05:00,IdeState,Inactive,,*,-1,-1
2025-02-24T18:38:34.075-05:00,IdeState,Inactive,,*,-1,-1
2025-02-24T18:38:35.076-05:00,IdeState,Inactive,,*,-1,-1
2025-02-24T18:38:36.077-05:00,IdeState,Inactive,,*,-1,-1
2025-02-24T18:38:37.079-05:00,IdeState,Inactive,,*,-1,-1
2025-02-24T18:38:38.081-05:00,IdeState,Inactive,,*,-1,-1
2025-02-24T18:38:39.082-05:00,IdeState,Inactive,,*,-1,-1
2025-02-24T18:38:40.083-05:00,IdeState,Inactive,,*,-1,-1
2025-02-24T18:38:41.085-05:00,IdeState,Inactive,,*,-1,-1
2025-02-24T18:38:42.087-05:00,IdeState,Inactive,,*,-1,-1
2025-02-24T18:38:43.088-05:00,IdeState,Inactive,,*,-1,-1
2025-02-24T18:38:44.090-05:00,IdeState,Inactive,,*,-1,-1
2025-02-24T18:38:45.090-05:00,IdeState,Inactive,,*,-1,-1
2025-02-24T18:38:46.091-05:00,IdeState,Inactive,,*,-1,-1
2025-02-24T18:38:47.092-05:00,IdeState,Inactive,,*,-1,-1
2025-02-24T18:38:48.094-05:00,IdeState,Inactive,,*,-1,-1
2025-02-24T18:38:49.096-05:00,IdeState,Inactive,,*,-1,-1
2025-02-24T18:38:50.099-05:00,IdeState,Inactive,,*,-1,-1
2025-02-24T18:38:51.100-05:00,IdeState,Inactive,,*,-1,-1
2025-02-24T18:38:52.209-05:00,IdeState,Inactive,,*,-1,-1
2025-02-24T18:38:53.211-05:00,IdeState,Inactive,,*,-1,-1
2025-02-24T18:38:54.212-05:00,IdeState,Inactive,,*,-1,-1
2025-02-24T18:38:55.214-05:00,IdeState,Inactive,,*,-1,-1
2025-02-24T18:38:56.215-05:00,IdeState,Inactive,,*,-1,-1
2025-02-24T18:38:57.216-05:00,IdeState,Inactive,,*,-1,-1
2025-02-24T18:38:58.217-05:00,IdeState,Inactive,,*,-1,-1
2025-02-24T18:38:59.221-05:00,IdeState,Inactive,,*,-1,-1
2025-02-24T18:39:00.233-05:00,IdeState,Inactive,,*,-1,-1
2025-02-24T18:39:01.234-05:00,IdeState,Inactive,,*,-1,-1
2025-02-24T18:39:02.236-05:00,IdeState,Inactive,,*,-1,-1
2025-02-24T18:39:03.238-05:00,IdeState,Inactive,,*,-1,-1
2025-02-24T18:39:04.239-05:00,IdeState,Inactive,,*,-1,-1
2025-02-24T18:39:05.240-05:00,IdeState,Inactive,,*,-1,-1
2025-02-24T18:39:06.242-05:00,IdeState,Inactive,,*,-1,-1
2025-02-24T18:39:07.243-05:00,IdeState,Inactive,,*,-1,-1
2025-02-24T18:39:08.245-05:00,IdeState,Inactive,,*,-1,-1
2025-02-24T18:39:09.252-05:00,IdeState,Inactive,,*,-1,-1
2025-02-24T18:39:10.253-05:00,IdeState,Inactive,,*,-1,-1
2025-02-24T18:39:11.256-05:00,IdeState,Inactive,,*,-1,-1
2025-02-24T18:39:12.258-05:00,IdeState,Inactive,,*,-1,-1
2025-02-24T18:39:13.258-05:00,IdeState,Inactive,,*,-1,-1
2025-02-24T18:39:14.260-05:00,IdeState,Inactive,,*,-1,-1
2025-02-24T18:39:15.262-05:00,IdeState,Inactive,,*,-1,-1
2025-02-24T18:39:16.263-05:00,IdeState,Inactive,,*,-1,-1
2025-02-24T18:39:17.265-05:00,IdeState,Inactive,,*,-1,-1
2025-02-24T18:39:18.266-05:00,IdeState,Inactive,,*,-1,-1
2025-02-24T18:39:19.268-05:00,IdeState,Inactive,,*,-1,-1
2025-02-24T18:39:20.269-05:00,IdeState,Inactive,,*,-1,-1
2025-02-24T18:39:21.270-05:00,IdeState,Inactive,,*,-1,-1
2025-02-24T18:39:22.272-05:00,IdeState,Inactive,,*,-1,-1
2025-02-24T18:39:23.273-05:00,IdeState,Inactive,,*,-1,-1
2025-02-24T18:39:24.276-05:00,IdeState,Inactive,,*,-1,-1
2025-02-24T18:39:25.277-05:00,IdeState,Inactive,,*,-1,-1
2025-02-24T18:39:26.279-05:00,IdeState,Inactive,,*,-1,-1
2025-02-24T18:39:27.280-05:00,IdeState,Inactive,,*,-1,-1
2025-02-24T18:39:28.280-05:00,IdeState,Inactive,,*,-1,-1
2025-02-24T18:39:29.282-05:00,IdeState,Inactive,,*,-1,-1
2025-02-24T18:39:30.284-05:00,IdeState,Inactive,,*,-1,-1
2025-02-24T18:39:31.288-05:00,IdeState,Inactive,,*,-1,-1
2025-02-24T18:39:32.289-05:00,IdeState,Inactive,,*,-1,-1
2025-02-24T18:39:33.291-05:00,IdeState,Inactive,,*,-1,-1
2025-02-24T18:39:34.291-05:00,IdeState,Inactive,,*,-1,-1
2025-02-24T18:39:35.292-05:00,IdeState,Inactive,,*,-1,-1
2025-02-24T18:39:36.294-05:00,IdeState,Inactive,,*,-1,-1
2025-02-24T18:39:37.296-05:00,IdeState,Inactive,,*,-1,-1
2025-02-24T18:39:38.297-05:00,IdeState,Inactive,,*,-1,-1
2025-02-24T18:39:39.298-05:00,IdeState,Inactive,,*,-1,-1
2025-02-24T18:39:40.300-05:00,IdeState,Inactive,,*,-1,-1
2025-02-24T18:39:41.319-05:00,IdeState,Inactive,,*,-1,-1
2025-02-24T18:39:42.321-05:00,IdeState,Inactive,,*,-1,-1
2025-02-24T18:39:43.322-05:00,IdeState,Inactive,,*,-1,-1
2025-02-24T18:39:44.322-05:00,IdeState,Inactive,,*,-1,-1
2025-02-24T18:39:45.323-05:00,IdeState,Inactive,,*,-1,-1
2025-02-24T18:39:46.326-05:00,IdeState,Inactive,,*,-1,-1
2025-02-24T18:39:47.328-05:00,IdeState,Inactive,,*,-1,-1
2025-02-24T18:39:48.330-05:00,IdeState,Inactive,,*,-1,-1
2025-02-24T18:39:49.333-05:00,IdeState,Inactive,,*,-1,-1
2025-02-24T18:39:50.333-05:00,IdeState,Inactive,,*,-1,-1
2025-02-24T18:39:51.335-05:00,IdeState,Inactive,,*,-1,-1
2025-02-24T18:39:52.336-05:00,IdeState,Inactive,,*,-1,-1
2025-02-24T18:39:53.337-05:00,IdeState,Inactive,,*,-1,-1
2025-02-24T18:39:54.338-05:00,IdeState,Inactive,,*,-1,-1
2025-02-24T18:39:55.339-05:00,IdeState,Inactive,,*,-1,-1
2025-02-24T18:39:56.339-05:00,IdeState,Inactive,,*,-1,-1
2025-02-24T18:39:57.340-05:00,IdeState,Inactive,,*,-1,-1
2025-02-24T18:39:58.341-05:00,IdeState,Inactive,,*,-1,-1
2025-02-24T18:39:59.349-05:00,IdeState,Inactive,,*,-1,-1
2025-02-24T18:40:00.350-05:00,IdeState,Inactive,,*,-1,-1
2025-02-24T18:40:01.352-05:00,IdeState,Inactive,,*,-1,-1
2025-02-24T18:40:02.354-05:00,IdeState,Inactive,,*,-1,-1
2025-02-24T18:40:03.357-05:00,IdeState,Inactive,,*,-1,-1
2025-02-24T18:40:04.357-05:00,IdeState,Inactive,,*,-1,-1
2025-02-24T18:40:05.360-05:00,IdeState,Inactive,,*,-1,-1
2025-02-24T18:40:06.362-05:00,IdeState,Inactive,,*,-1,-1
2025-02-24T18:40:07.364-05:00,IdeState,Inactive,,*,-1,-1
2025-02-24T18:40:08.365-05:00,IdeState,Inactive,,*,-1,-1
2025-02-24T18:40:09.367-05:00,IdeState,Inactive,,*,-1,-1
2025-02-24T18:40:10.368-05:00,IdeState,Inactive,,*,-1,-1
2025-02-24T18:40:11.370-05:00,IdeState,Inactive,,*,-1,-1
2025-02-24T18:40:12.372-05:00,IdeState,Inactive,,*,-1,-1
2025-02-24T18:40:13.373-05:00,IdeState,Inactive,,*,-1,-1
2025-02-24T18:40:14.376-05:00,IdeState,Inactive,,*,-1,-1
2025-02-24T18:40:15.377-05:00,IdeState,Inactive,,*,-1,-1
2025-02-24T18:40:16.378-05:00,IdeState,Inactive,,*,-1,-1
2025-02-24T18:40:17.379-05:00,IdeState,Inactive,,*,-1,-1
2025-02-24T18:40:18.380-05:00,IdeState,Inactive,,*,-1,-1
2025-02-24T18:40:19.381-05:00,IdeState,Inactive,,*,-1,-1
2025-02-24T18:40:20.384-05:00,IdeState,Inactive,,*,-1,-1
2025-02-24T18:40:21.384-05:00,IdeState,Inactive,,*,-1,-1
2025-02-24T18:40:22.385-05:00,IdeState,Inactive,,*,-1,-1
2025-02-24T18:40:23.387-05:00,IdeState,Inactive,,*,-1,-1
2025-02-24T18:40:24.388-05:00,IdeState,Inactive,,*,-1,-1
2025-02-24T18:40:25.389-05:00,IdeState,Inactive,,*,-1,-1
2025-02-24T18:40:26.392-05:00,IdeState,Inactive,,*,-1,-1
2025-02-24T18:40:27.393-05:00,IdeState,Inactive,,*,-1,-1
2025-02-24T18:40:28.394-05:00,IdeState,Inactive,,*,-1,-1
2025-02-24T18:40:29.395-05:00,IdeState,Inactive,,*,-1,-1
2025-02-24T18:40:30.397-05:00,IdeState,Inactive,,*,-1,-1
2025-02-24T18:40:31.398-05:00,IdeState,Inactive,,*,-1,-1
2025-02-24T18:40:32.400-05:00,IdeState,Inactive,,*,-1,-1
2025-02-24T18:40:33.407-05:00,IdeState,Inactive,,*,-1,-1
2025-02-24T18:40:34.421-05:00,IdeState,Inactive,,*,-1,-1
2025-02-24T18:40:35.444-05:00,IdeState,Inactive,,*,-1,-1
2025-02-24T18:40:36.446-05:00,IdeState,Inactive,,*,-1,-1
2025-02-24T18:40:37.447-05:00,IdeState,Inactive,,*,-1,-1
2025-02-24T18:40:38.449-05:00,IdeState,Inactive,,*,-1,-1
2025-02-24T18:40:39.451-05:00,IdeState,Inactive,,*,-1,-1
2025-02-24T18:40:40.454-05:00,IdeState,Inactive,,*,-1,-1
2025-02-24T18:40:41.457-05:00,IdeState,Inactive,,*,-1,-1
2025-02-24T18:40:42.460-05:00,IdeState,Inactive,,*,-1,-1
2025-02-24T18:40:43.463-05:00,IdeState,Inactive,,*,-1,-1
2025-02-24T18:40:44.465-05:00,IdeState,Inactive,,*,-1,-1
2025-02-24T18:40:45.468-05:00,IdeState,Inactive,,*,-1,-1
2025-02-24T18:40:46.469-05:00,IdeState,Inactive,,*,-1,-1
2025-02-24T18:40:47.546-05:00,IdeState,Inactive,,*,-1,-1
2025-02-24T18:40:48.569-05:00,IdeState,Inactive,,*,-1,-1
2025-02-24T18:40:49.571-05:00,IdeState,Inactive,,*,-1,-1
2025-02-24T18:40:50.574-05:00,IdeState,Inactive,,*,-1,-1
2025-02-24T18:40:51.574-05:00,IdeState,Inactive,,*,-1,-1
2025-02-24T18:40:52.576-05:00,IdeState,Inactive,,*,-1,-1
2025-02-24T18:40:53.578-05:00,IdeState,Inactive,,*,-1,-1
2025-02-24T18:40:54.580-05:00,IdeState,Inactive,,*,-1,-1
2025-02-24T18:40:55.581-05:00,IdeState,Inactive,,*,-1,-1
2025-02-24T18:40:56.583-05:00,IdeState,Inactive,,*,-1,-1
2025-02-24T18:40:57.585-05:00,IdeState,Inactive,,*,-1,-1
2025-02-24T18:40:58.586-05:00,IdeState,Inactive,,*,-1,-1
2025-02-24T18:40:59.587-05:00,IdeState,Inactive,,*,-1,-1
2025-02-24T18:41:00.592-05:00,IdeState,Inactive,,*,-1,-1
2025-02-24T18:41:01.592-05:00,IdeState,Inactive,,*,-1,-1
2025-02-24T18:41:02.609-05:00,IdeState,Inactive,,*,-1,-1
2025-02-24T18:41:03.611-05:00,IdeState,Inactive,,*,-1,-1
2025-02-24T18:41:04.612-05:00,IdeState,Inactive,,*,-1,-1
2025-02-24T18:41:05.614-05:00,IdeState,Inactive,,*,-1,-1
2025-02-24T18:41:06.617-05:00,IdeState,Inactive,,*,-1,-1
2025-02-24T18:41:07.618-05:00,IdeState,Inactive,,*,-1,-1
2025-02-24T18:41:08.619-05:00,IdeState,Inactive,,*,-1,-1
2025-02-24T18:41:09.621-05:00,IdeState,Inactive,,*,-1,-1
2025-02-24T18:41:10.622-05:00,IdeState,Inactive,,*,-1,-1
2025-02-24T18:41:11.623-05:00,IdeState,Inactive,,*,-1,-1
2025-02-24T18:41:12.624-05:00,IdeState,Inactive,,*,-1,-1
2025-02-24T18:41:13.627-05:00,IdeState,Inactive,,*,-1,-1
2025-02-24T18:41:14.634-05:00,IdeState,Inactive,,*,-1,-1
2025-02-24T18:41:15.635-05:00,IdeState,Inactive,,*,-1,-1
2025-02-24T18:41:16.638-05:00,IdeState,Inactive,,*,-1,-1
2025-02-24T18:41:17.639-05:00,IdeState,Inactive,,*,-1,-1
2025-02-24T18:41:18.644-05:00,IdeState,Inactive,,*,-1,-1
2025-02-24T18:41:19.648-05:00,IdeState,Inactive,,*,-1,-1
2025-02-24T18:41:20.649-05:00,IdeState,Inactive,,*,-1,-1
2025-02-24T18:41:21.650-05:00,IdeState,Inactive,,*,-1,-1
2025-02-24T18:41:22.653-05:00,IdeState,Inactive,,*,-1,-1
2025-02-24T18:41:23.656-05:00,IdeState,Inactive,,*,-1,-1
2025-02-24T18:41:24.660-05:00,IdeState,Inactive,,*,-1,-1
2025-02-24T18:41:25.661-05:00,IdeState,Inactive,,*,-1,-1
2025-02-24T18:41:26.664-05:00,IdeState,Inactive,,*,-1,-1
2025-02-24T18:41:27.666-05:00,IdeState,Inactive,,*,-1,-1
2025-02-24T18:41:28.667-05:00,IdeState,Inactive,,*,-1,-1
2025-02-24T18:41:29.669-05:00,IdeState,Inactive,,*,-1,-1
2025-02-24T18:41:30.671-05:00,IdeState,Inactive,,*,-1,-1
2025-02-24T18:41:31.673-05:00,IdeState,Inactive,,*,-1,-1
2025-02-24T18:41:32.674-05:00,IdeState,Inactive,,*,-1,-1
2025-02-24T18:41:33.675-05:00,IdeState,Inactive,,*,-1,-1
2025-02-24T18:41:34.676-05:00,IdeState,Inactive,,*,-1,-1
2025-02-24T18:41:35.677-05:00,IdeState,Inactive,,*,-1,-1
2025-02-24T18:41:36.678-05:00,IdeState,Inactive,,*,-1,-1
2025-02-24T18:41:37.680-05:00,IdeState,Inactive,,*,-1,-1
2025-02-24T18:41:38.682-05:00,IdeState,Inactive,,*,-1,-1
2025-02-24T18:41:39.684-05:00,IdeState,Inactive,,*,-1,-1
2025-02-24T18:41:40.686-05:00,IdeState,Inactive,,*,-1,-1
2025-02-24T18:41:41.687-05:00,IdeState,Inactive,,*,-1,-1
2025-02-24T18:41:42.689-05:00,IdeState,Inactive,,*,-1,-1
2025-02-24T18:41:43.691-05:00,IdeState,Inactive,,*,-1,-1
2025-02-24T18:41:44.692-05:00,IdeState,Inactive,,*,-1,-1
2025-02-24T18:41:45.693-05:00,IdeState,Inactive,,*,-1,-1
2025-02-24T18:41:46.694-05:00,IdeState,Inactive,,*,-1,-1
2025-02-24T18:41:47.696-05:00,IdeState,Inactive,,*,-1,-1
2025-02-24T18:41:48.697-05:00,IdeState,Inactive,,*,-1,-1
2025-02-24T18:41:49.699-05:00,IdeState,Inactive,,*,-1,-1
2025-02-24T18:41:50.700-05:00,IdeState,Inactive,,*,-1,-1
2025-02-24T18:41:51.702-05:00,IdeState,Inactive,,*,-1,-1
2025-02-24T18:41:52.704-05:00,IdeState,Inactive,,*,-1,-1
2025-02-24T18:41:53.706-05:00,IdeState,Inactive,,*,-1,-1
2025-02-24T18:41:54.707-05:00,IdeState,Inactive,,*,-1,-1
2025-02-24T18:41:55.711-05:00,IdeState,Inactive,,*,-1,-1
2025-02-24T18:41:56.712-05:00,IdeState,Inactive,,*,-1,-1
2025-02-24T18:41:57.713-05:00,IdeState,Inactive,,*,-1,-1
2025-02-24T18:41:58.715-05:00,IdeState,Inactive,,*,-1,-1
2025-02-24T18:41:59.717-05:00,IdeState,Inactive,,*,-1,-1
2025-02-24T18:42:00.718-05:00,IdeState,Inactive,,*,-1,-1
2025-02-24T18:42:01.719-05:00,IdeState,Inactive,,*,-1,-1
2025-02-24T18:42:02.720-05:00,IdeState,Inactive,,*,-1,-1
2025-02-24T18:42:03.722-05:00,IdeState,Inactive,,*,-1,-1
2025-02-24T18:42:04.723-05:00,IdeState,Inactive,,*,-1,-1
2025-02-24T18:42:05.725-05:00,IdeState,Inactive,,*,-1,-1
2025-02-24T18:42:06.729-05:00,IdeState,Inactive,,*,-1,-1
2025-02-24T18:42:07.731-05:00,IdeState,Inactive,,*,-1,-1
2025-02-24T18:42:08.732-05:00,IdeState,Inactive,,*,-1,-1
2025-02-24T18:42:09.735-05:00,IdeState,Inactive,,*,-1,-1
2025-02-24T18:42:10.737-05:00,IdeState,Inactive,,*,-1,-1
2025-02-24T18:42:11.738-05:00,IdeState,Inactive,,*,-1,-1
2025-02-24T18:42:12.740-05:00,IdeState,Inactive,,*,-1,-1
2025-02-24T18:42:13.743-05:00,IdeState,Inactive,,*,-1,-1
2025-02-24T18:42:14.747-05:00,IdeState,Inactive,,*,-1,-1
2025-02-24T18:42:15.747-05:00,IdeState,Inactive,,*,-1,-1
2025-02-24T18:42:16.749-05:00,IdeState,Inactive,,*,-1,-1
2025-02-24T18:42:17.751-05:00,IdeState,Inactive,,*,-1,-1
2025-02-24T18:42:18.753-05:00,IdeState,Inactive,,*,-1,-1
2025-02-24T18:42:19.754-05:00,IdeState,Inactive,,*,-1,-1
2025-02-24T18:42:20.754-05:00,IdeState,Inactive,,*,-1,-1
2025-02-24T18:42:21.755-05:00,IdeState,Inactive,,*,-1,-1
2025-02-24T18:42:22.756-05:00,IdeState,Inactive,,*,-1,-1
2025-02-24T18:42:23.758-05:00,IdeState,Inactive,,*,-1,-1
2025-02-24T18:42:24.759-05:00,IdeState,Inactive,,*,-1,-1
2025-02-24T18:42:25.760-05:00,IdeState,Inactive,,*,-1,-1
2025-02-24T18:42:26.762-05:00,IdeState,Inactive,,*,-1,-1
2025-02-24T18:42:27.763-05:00,IdeState,Inactive,,*,-1,-1
2025-02-24T18:42:28.764-05:00,IdeState,Inactive,,*,-1,-1
2025-02-24T18:42:29.769-05:00,IdeState,Inactive,,*,-1,-1
2025-02-24T18:42:30.772-05:00,IdeState,Inactive,,*,-1,-1
2025-02-24T18:42:31.772-05:00,IdeState,Inactive,,*,-1,-1
2025-02-24T18:42:32.774-05:00,IdeState,Inactive,,*,-1,-1
2025-02-24T18:42:33.777-05:00,IdeState,Inactive,,*,-1,-1
2025-02-24T18:42:34.778-05:00,IdeState,Inactive,,*,-1,-1
2025-02-24T18:42:35.778-05:00,IdeState,Inactive,,*,-1,-1
2025-02-24T18:42:36.780-05:00,IdeState,Inactive,,*,-1,-1
2025-02-24T18:42:37.781-05:00,IdeState,Inactive,,*,-1,-1
2025-02-24T18:42:38.785-05:00,IdeState,Inactive,,*,-1,-1
2025-02-24T18:42:39.786-05:00,IdeState,Inactive,,*,-1,-1
2025-02-24T18:42:40.789-05:00,IdeState,Inactive,,*,-1,-1
2025-02-24T18:42:41.791-05:00,IdeState,Inactive,,*,-1,-1
2025-02-24T18:42:42.793-05:00,IdeState,Inactive,,*,-1,-1
2025-02-24T18:42:43.794-05:00,IdeState,Inactive,,*,-1,-1
2025-02-24T18:42:44.796-05:00,IdeState,Inactive,,*,-1,-1
2025-02-24T18:42:45.797-05:00,IdeState,Inactive,,*,-1,-1
2025-02-24T18:42:46.799-05:00,IdeState,Inactive,,*,-1,-1
2025-02-24T18:42:47.801-05:00,IdeState,Inactive,,*,-1,-1
2025-02-24T18:42:48.804-05:00,IdeState,Inactive,,*,-1,-1
2025-02-24T18:42:49.805-05:00,IdeState,Inactive,,*,-1,-1
2025-02-24T18:42:50.806-05:00,IdeState,Inactive,,*,-1,-1
2025-02-24T18:42:51.809-05:00,IdeState,Inactive,,*,-1,-1
2025-02-24T18:42:52.813-05:00,IdeState,Inactive,,*,-1,-1
2025-02-24T18:42:53.814-05:00,IdeState,Inactive,,*,-1,-1
2025-02-24T18:42:54.816-05:00,IdeState,Inactive,,*,-1,-1
2025-02-24T18:42:55.817-05:00,IdeState,Inactive,,*,-1,-1
2025-02-24T18:42:56.819-05:00,IdeState,Inactive,,*,-1,-1
2025-02-24T18:42:57.823-05:00,IdeState,Inactive,,*,-1,-1
2025-02-24T18:42:58.825-05:00,IdeState,Inactive,,*,-1,-1
2025-02-24T18:42:59.826-05:00,IdeState,Inactive,,*,-1,-1
2025-02-24T18:43:00.827-05:00,IdeState,Inactive,,*,-1,-1
2025-02-24T18:43:01.829-05:00,IdeState,Inactive,,*,-1,-1
2025-02-24T18:43:02.830-05:00,IdeState,Inactive,,*,-1,-1
2025-02-24T18:43:03.831-05:00,IdeState,Inactive,,*,-1,-1
2025-02-24T18:43:04.833-05:00,IdeState,Inactive,,*,-1,-1
2025-02-24T18:43:05.835-05:00,IdeState,Inactive,,*,-1,-1
2025-02-24T18:43:06.835-05:00,IdeState,Inactive,,*,-1,-1
2025-02-24T18:43:07.837-05:00,IdeState,Inactive,,*,-1,-1
2025-02-24T18:43:08.841-05:00,IdeState,Inactive,,*,-1,-1
2025-02-24T18:43:09.843-05:00,IdeState,Inactive,,*,-1,-1
2025-02-24T18:43:10.844-05:00,IdeState,Inactive,,*,-1,-1
2025-02-24T18:43:11.846-05:00,IdeState,Inactive,,*,-1,-1
2025-02-24T18:43:12.848-05:00,IdeState,Inactive,,*,-1,-1
2025-02-24T18:43:13.852-05:00,IdeState,Inactive,,*,-1,-1
2025-02-24T18:43:14.853-05:00,IdeState,Inactive,,*,-1,-1
2025-02-24T18:43:15.856-05:00,IdeState,Inactive,,*,-1,-1
2025-02-24T18:43:16.859-05:00,IdeState,Inactive,,*,-1,-1
2025-02-24T18:43:17.863-05:00,IdeState,Inactive,,*,-1,-1
2025-02-24T18:43:18.864-05:00,IdeState,Inactive,,*,-1,-1
2025-02-24T18:43:19.865-05:00,IdeState,Inactive,,*,-1,-1
2025-02-24T18:43:20.866-05:00,IdeState,Inactive,,*,-1,-1
2025-02-24T18:43:21.867-05:00,IdeState,Inactive,,*,-1,-1
2025-02-24T18:43:22.868-05:00,IdeState,Inactive,,*,-1,-1
2025-02-24T18:43:23.881-05:00,IdeState,Inactive,,*,-1,-1
2025-02-24T18:43:24.881-05:00,IdeState,Inactive,,*,-1,-1
2025-02-24T18:43:25.882-05:00,IdeState,Inactive,,*,-1,-1
2025-02-24T18:43:26.884-05:00,IdeState,Inactive,,*,-1,-1
2025-02-24T18:43:27.887-05:00,IdeState,Inactive,,*,-1,-1
2025-02-24T18:43:28.889-05:00,IdeState,Inactive,,*,-1,-1
2025-02-24T18:43:29.891-05:00,IdeState,Inactive,,*,-1,-1
2025-02-24T18:43:30.892-05:00,IdeState,Inactive,,*,-1,-1
2025-02-24T18:43:31.893-05:00,IdeState,Inactive,,*,-1,-1
2025-02-24T18:43:32.910-05:00,IdeState,Inactive,,*,-1,-1
2025-02-24T18:43:33.912-05:00,IdeState,Inactive,,*,-1,-1
2025-02-24T18:43:34.914-05:00,IdeState,Inactive,,*,-1,-1
2025-02-24T18:43:35.917-05:00,IdeState,Inactive,,*,-1,-1
2025-02-24T18:43:36.919-05:00,IdeState,Inactive,,*,-1,-1
2025-02-24T18:43:37.922-05:00,IdeState,Inactive,,*,-1,-1
2025-02-24T18:43:38.924-05:00,IdeState,Inactive,,*,-1,-1
2025-02-24T18:43:39.926-05:00,IdeState,Inactive,,*,-1,-1
2025-02-24T18:43:40.927-05:00,IdeState,Inactive,,*,-1,-1
2025-02-24T18:43:41.928-05:00,IdeState,Inactive,,*,-1,-1
2025-02-24T18:43:42.929-05:00,IdeState,Inactive,,*,-1,-1
2025-02-24T18:43:43.930-05:00,IdeState,Inactive,,*,-1,-1
2025-02-24T18:43:44.931-05:00,IdeState,Inactive,,*,-1,-1
2025-02-24T18:43:45.938-05:00,IdeState,Inactive,,*,-1,-1
2025-02-24T18:43:46.939-05:00,IdeState,Inactive,,*,-1,-1
2025-02-24T18:43:47.940-05:00,IdeState,Inactive,,*,-1,-1
2025-02-24T18:43:48.942-05:00,IdeState,Inactive,,*,-1,-1
2025-02-24T18:43:49.943-05:00,IdeState,Inactive,,*,-1,-1
2025-02-24T18:43:50.944-05:00,IdeState,Inactive,,*,-1,-1
2025-02-24T18:43:51.945-05:00,IdeState,Inactive,,*,-1,-1
2025-02-24T18:43:52.947-05:00,IdeState,Inactive,,*,-1,-1
2025-02-24T18:43:53.950-05:00,IdeState,Inactive,,*,-1,-1
2025-02-24T18:43:54.951-05:00,IdeState,Inactive,,*,-1,-1
2025-02-24T18:43:55.954-05:00,IdeState,Inactive,,*,-1,-1
2025-02-24T18:43:56.955-05:00,IdeState,Inactive,,*,-1,-1
2025-02-24T18:43:57.956-05:00,IdeState,Inactive,,*,-1,-1
2025-02-24T18:43:58.957-05:00,IdeState,Inactive,,*,-1,-1
2025-02-24T18:43:59.960-05:00,IdeState,Inactive,,*,-1,-1
2025-02-24T18:44:00.960-05:00,IdeState,Inactive,,*,-1,-1
2025-02-24T18:44:01.963-05:00,IdeState,Inactive,,*,-1,-1
2025-02-24T18:44:02.963-05:00,IdeState,Inactive,,*,-1,-1
2025-02-24T18:44:03.965-05:00,IdeState,Inactive,,*,-1,-1
2025-02-24T18:44:04.968-05:00,IdeState,Inactive,,*,-1,-1
2025-02-24T18:44:05.970-05:00,IdeState,Inactive,,*,-1,-1
2025-02-24T18:44:06.972-05:00,IdeState,Inactive,,*,-1,-1
2025-02-24T18:44:07.975-05:00,IdeState,Inactive,,*,-1,-1
2025-02-24T18:44:08.978-05:00,IdeState,Inactive,,*,-1,-1
2025-02-24T18:44:09.981-05:00,IdeState,Inactive,,*,-1,-1
2025-02-24T18:44:10.983-05:00,IdeState,Inactive,,*,-1,-1
2025-02-24T18:44:11.984-05:00,IdeState,Inactive,,*,-1,-1
2025-02-24T18:44:12.986-05:00,IdeState,Inactive,,*,-1,-1
2025-02-24T18:44:13.987-05:00,IdeState,Inactive,,*,-1,-1
2025-02-24T18:44:14.988-05:00,IdeState,Inactive,,*,-1,-1
2025-02-24T18:44:15.990-05:00,IdeState,Inactive,,*,-1,-1
2025-02-24T18:44:16.990-05:00,IdeState,Inactive,,*,-1,-1
2025-02-24T18:44:17.991-05:00,IdeState,Inactive,,*,-1,-1
2025-02-24T18:44:18.992-05:00,IdeState,Inactive,,*,-1,-1
2025-02-24T18:44:19.993-05:00,IdeState,Inactive,,*,-1,-1
2025-02-24T18:44:20.995-05:00,IdeState,Inactive,,*,-1,-1
2025-02-24T18:44:21.996-05:00,IdeState,Inactive,,*,-1,-1
2025-02-24T18:44:22.997-05:00,IdeState,Inactive,,*,-1,-1
2025-02-24T18:44:23.998-05:00,IdeState,Inactive,,*,-1,-1
2025-02-24T18:44:25.000-05:00,IdeState,Inactive,,*,-1,-1
2025-02-24T18:44:26.004-05:00,IdeState,Inactive,,*,-1,-1
2025-02-24T18:44:27.005-05:00,IdeState,Inactive,,*,-1,-1
2025-02-24T18:44:28.006-05:00,IdeState,Inactive,,*,-1,-1
2025-02-24T18:44:29.012-05:00,IdeState,Inactive,,*,-1,-1
2025-02-24T18:44:30.015-05:00,IdeState,Inactive,,*,-1,-1
2025-02-24T18:44:31.017-05:00,IdeState,Inactive,,*,-1,-1
2025-02-24T18:44:32.019-05:00,IdeState,Inactive,,*,-1,-1
2025-02-24T18:44:33.021-05:00,IdeState,Inactive,,*,-1,-1
2025-02-24T18:44:34.023-05:00,IdeState,Inactive,,*,-1,-1
2025-02-24T18:44:35.025-05:00,IdeState,Inactive,,*,-1,-1
2025-02-24T18:44:36.026-05:00,IdeState,Inactive,,*,-1,-1
2025-02-24T18:44:37.028-05:00,IdeState,Inactive,,*,-1,-1
2025-02-24T18:44:38.030-05:00,IdeState,Inactive,,*,-1,-1
2025-02-24T18:44:39.031-05:00,IdeState,Inactive,,*,-1,-1
2025-02-24T18:44:40.032-05:00,IdeState,Inactive,,*,-1,-1
2025-02-24T18:44:41.035-05:00,IdeState,Inactive,,*,-1,-1
2025-02-24T18:44:42.036-05:00,IdeState,Inactive,,*,-1,-1
2025-02-24T18:44:43.038-05:00,IdeState,Inactive,,*,-1,-1
2025-02-24T18:44:44.041-05:00,IdeState,Inactive,,*,-1,-1
2025-02-24T18:44:45.045-05:00,IdeState,Inactive,,*,-1,-1
2025-02-24T18:44:46.047-05:00,IdeState,Inactive,,*,-1,-1
2025-02-24T18:44:47.048-05:00,IdeState,Inactive,,*,-1,-1
2025-02-24T18:44:48.049-05:00,IdeState,Inactive,,*,-1,-1
2025-02-24T18:44:49.050-05:00,IdeState,Inactive,,*,-1,-1
2025-02-24T18:44:50.051-05:00,IdeState,Inactive,,*,-1,-1
2025-02-24T18:44:51.054-05:00,IdeState,Inactive,,*,-1,-1
2025-02-24T18:44:52.055-05:00,IdeState,Inactive,,*,-1,-1
2025-02-24T18:44:53.057-05:00,IdeState,Inactive,,*,-1,-1
2025-02-24T18:44:54.058-05:00,IdeState,Inactive,,*,-1,-1
2025-02-24T18:44:55.059-05:00,IdeState,Inactive,,*,-1,-1
2025-02-24T18:44:56.060-05:00,IdeState,Inactive,,*,-1,-1
2025-02-24T18:44:57.063-05:00,IdeState,Inactive,,*,-1,-1
2025-02-24T18:44:58.064-05:00,IdeState,Inactive,,*,-1,-1
2025-02-24T18:44:59.065-05:00,IdeState,Inactive,,*,-1,-1
2025-02-24T18:45:00.065-05:00,IdeState,Inactive,,*,-1,-1
2025-02-24T18:45:01.068-05:00,IdeState,Inactive,,*,-1,-1
2025-02-24T18:45:02.069-05:00,IdeState,Inactive,,*,-1,-1
2025-02-24T18:45:03.070-05:00,IdeState,Inactive,,*,-1,-1
2025-02-24T18:45:04.071-05:00,IdeState,Inactive,,*,-1,-1
2025-02-24T18:45:05.074-05:00,IdeState,Inactive,,*,-1,-1
2025-02-24T18:45:06.075-05:00,IdeState,Inactive,,*,-1,-1
2025-02-24T18:45:07.081-05:00,IdeState,Inactive,,*,-1,-1
2025-02-24T18:45:08.083-05:00,IdeState,Inactive,,*,-1,-1
2025-02-24T18:45:09.085-05:00,IdeState,Inactive,,*,-1,-1
2025-02-24T18:45:10.087-05:00,IdeState,Inactive,,*,-1,-1
2025-02-24T18:45:11.088-05:00,IdeState,Inactive,,*,-1,-1
2025-02-24T18:45:12.089-05:00,IdeState,Inactive,,*,-1,-1
2025-02-24T18:45:13.097-05:00,IdeState,Inactive,,*,-1,-1
2025-02-24T18:45:14.101-05:00,IdeState,Inactive,,*,-1,-1
2025-02-24T18:45:15.102-05:00,IdeState,Inactive,,*,-1,-1
2025-02-24T18:45:16.103-05:00,IdeState,Inactive,,*,-1,-1
2025-02-24T18:45:17.192-05:00,IdeState,Inactive,,*,-1,-1
2025-02-24T18:45:18.194-05:00,IdeState,Inactive,,*,-1,-1
2025-02-24T18:45:19.198-05:00,IdeState,Inactive,,*,-1,-1
2025-02-24T18:45:20.200-05:00,IdeState,Inactive,,*,-1,-1
2025-02-24T18:45:21.202-05:00,IdeState,Inactive,,*,-1,-1
2025-02-24T18:45:22.205-05:00,IdeState,Inactive,,*,-1,-1
2025-02-24T18:45:23.205-05:00,IdeState,Inactive,,*,-1,-1
2025-02-24T18:45:24.208-05:00,IdeState,Inactive,,*,-1,-1
2025-02-24T18:45:25.211-05:00,IdeState,Inactive,,*,-1,-1
2025-02-24T18:45:26.213-05:00,IdeState,Inactive,,*,-1,-1
2025-02-24T18:45:27.214-05:00,IdeState,Inactive,,*,-1,-1
2025-02-24T18:45:28.217-05:00,IdeState,Inactive,,*,-1,-1
2025-02-24T18:45:29.218-05:00,IdeState,Inactive,,*,-1,-1
2025-02-24T18:45:30.219-05:00,IdeState,Inactive,,*,-1,-1
2025-02-24T18:45:31.221-05:00,IdeState,Inactive,,*,-1,-1
2025-02-24T18:45:32.225-05:00,IdeState,Inactive,,*,-1,-1
2025-02-24T18:45:33.226-05:00,IdeState,Inactive,,*,-1,-1
2025-02-24T18:45:34.229-05:00,IdeState,Inactive,,*,-1,-1
2025-02-24T18:45:35.231-05:00,IdeState,Inactive,,*,-1,-1
2025-02-24T18:45:36.233-05:00,IdeState,Inactive,,*,-1,-1
2025-02-24T18:45:37.234-05:00,IdeState,Inactive,,*,-1,-1
2025-02-24T18:45:38.236-05:00,IdeState,Inactive,,*,-1,-1
2025-02-24T18:45:39.237-05:00,IdeState,Inactive,,*,-1,-1
2025-02-24T18:45:40.238-05:00,IdeState,Inactive,,*,-1,-1
2025-02-24T18:45:41.239-05:00,IdeState,Inactive,,*,-1,-1
2025-02-24T18:45:42.242-05:00,IdeState,Inactive,,*,-1,-1
2025-02-24T18:45:43.245-05:00,IdeState,Inactive,,*,-1,-1
2025-02-24T18:45:44.245-05:00,IdeState,Inactive,,*,-1,-1
2025-02-24T18:45:45.247-05:00,IdeState,Inactive,,*,-1,-1
2025-02-24T18:45:46.248-05:00,IdeState,Inactive,,*,-1,-1
2025-02-24T18:45:47.250-05:00,IdeState,Inactive,,*,-1,-1
2025-02-24T18:45:48.252-05:00,IdeState,Inactive,,*,-1,-1
2025-02-24T18:45:49.253-05:00,IdeState,Inactive,,*,-1,-1
2025-02-24T18:45:50.256-05:00,IdeState,Inactive,,*,-1,-1
2025-02-24T18:45:51.257-05:00,IdeState,Inactive,,*,-1,-1
2025-02-24T18:45:52.257-05:00,IdeState,Inactive,,*,-1,-1
2025-02-24T18:45:53.261-05:00,IdeState,Inactive,,*,-1,-1
2025-02-24T18:45:54.263-05:00,IdeState,Inactive,,*,-1,-1
2025-02-24T18:45:55.265-05:00,IdeState,Inactive,,*,-1,-1
2025-02-24T18:45:56.266-05:00,IdeState,Inactive,,*,-1,-1
2025-02-24T18:45:57.267-05:00,IdeState,Inactive,,*,-1,-1
2025-02-24T18:45:58.268-05:00,IdeState,Inactive,,*,-1,-1
2025-02-24T18:45:59.271-05:00,IdeState,Inactive,,*,-1,-1
2025-02-24T18:46:00.283-05:00,IdeState,Inactive,,*,-1,-1
2025-02-24T18:46:01.286-05:00,IdeState,Inactive,,*,-1,-1
2025-02-24T18:46:02.287-05:00,IdeState,Inactive,,*,-1,-1
2025-02-24T18:46:03.288-05:00,IdeState,Inactive,,*,-1,-1
2025-02-24T18:46:04.289-05:00,IdeState,Inactive,,*,-1,-1
2025-02-24T18:46:05.290-05:00,IdeState,Inactive,,*,-1,-1
2025-02-24T18:46:06.292-05:00,IdeState,Inactive,,*,-1,-1
2025-02-24T18:46:07.294-05:00,IdeState,Inactive,,*,-1,-1
2025-02-24T18:46:08.295-05:00,IdeState,Inactive,,*,-1,-1
2025-02-24T18:46:09.297-05:00,IdeState,Inactive,,*,-1,-1
2025-02-24T18:46:10.298-05:00,IdeState,Inactive,,*,-1,-1
2025-02-24T18:46:11.299-05:00,IdeState,Inactive,,*,-1,-1
2025-02-24T18:46:12.300-05:00,IdeState,Inactive,,*,-1,-1
2025-02-24T18:46:13.302-05:00,IdeState,Inactive,,*,-1,-1
2025-02-24T18:46:14.303-05:00,IdeState,Inactive,,*,-1,-1
2025-02-24T18:46:15.305-05:00,IdeState,Inactive,,*,-1,-1
2025-02-24T18:46:16.305-05:00,IdeState,Inactive,,*,-1,-1
2025-02-24T18:46:17.308-05:00,IdeState,Inactive,,*,-1,-1
2025-02-24T18:46:18.309-05:00,IdeState,Inactive,,*,-1,-1
2025-02-24T18:46:19.312-05:00,IdeState,Inactive,,*,-1,-1
2025-02-24T18:46:20.315-05:00,IdeState,Inactive,,*,-1,-1
2025-02-24T18:46:21.318-05:00,IdeState,Inactive,,*,-1,-1
2025-02-24T18:46:22.320-05:00,IdeState,Inactive,,*,-1,-1
2025-02-24T18:46:23.321-05:00,IdeState,Inactive,,*,-1,-1
2025-02-24T18:46:24.323-05:00,IdeState,Inactive,,*,-1,-1
2025-02-24T18:46:25.324-05:00,IdeState,Inactive,,*,-1,-1
2025-02-24T18:46:26.327-05:00,IdeState,Inactive,,*,-1,-1
2025-02-24T18:46:27.328-05:00,IdeState,Inactive,,*,-1,-1
2025-02-24T18:46:28.329-05:00,IdeState,Inactive,,*,-1,-1
2025-02-24T18:46:29.329-05:00,IdeState,Inactive,,*,-1,-1
2025-02-24T18:46:30.330-05:00,IdeState,Inactive,,*,-1,-1
2025-02-24T18:46:31.331-05:00,IdeState,Inactive,,*,-1,-1
2025-02-24T18:46:32.334-05:00,IdeState,Inactive,,*,-1,-1
2025-02-24T18:46:33.335-05:00,IdeState,Inactive,,*,-1,-1
2025-02-24T18:46:34.336-05:00,IdeState,Inactive,,*,-1,-1
2025-02-24T18:46:35.337-05:00,IdeState,Inactive,,*,-1,-1
2025-02-24T18:46:36.338-05:00,IdeState,Inactive,,*,-1,-1
2025-02-24T18:46:37.339-05:00,IdeState,Inactive,,*,-1,-1
2025-02-24T19:56:35.285-05:00,IdeState,Inactive,,*,-1,-1
2025-02-24T19:56:36.289-05:00,IdeState,Inactive,,*,-1,-1
2025-02-24T19:56:37.292-05:00,IdeState,Inactive,,*,-1,-1
2025-02-24T19:56:38.293-05:00,IdeState,Inactive,,*,-1,-1
2025-02-24T19:56:39.296-05:00,IdeState,Inactive,,*,-1,-1
2025-02-24T19:56:40.296-05:00,IdeState,Inactive,,*,-1,-1
2025-02-24T19:56:41.296-05:00,IdeState,Inactive,,*,-1,-1
2025-02-24T19:56:42.298-05:00,IdeState,Inactive,,*,-1,-1
2025-02-24T19:56:43.298-05:00,IdeState,Inactive,,*,-1,-1
2025-02-24T19:56:44.300-05:00,IdeState,Inactive,,*,-1,-1
2025-02-24T19:56:45.300-05:00,IdeState,Inactive,,*,-1,-1
2025-02-24T19:56:46.302-05:00,IdeState,Inactive,,*,-1,-1
2025-02-24T19:56:47.303-05:00,IdeState,Inactive,,*,-1,-1
2025-02-24T19:56:48.304-05:00,IdeState,Inactive,,*,-1,-1
2025-02-24T19:56:49.306-05:00,IdeState,Inactive,,*,-1,-1
2025-02-24T19:56:50.307-05:00,IdeState,Inactive,,*,-1,-1
2025-02-24T19:56:51.317-05:00,IdeState,Inactive,,*,-1,-1
2025-02-24T19:56:52.320-05:00,IdeState,Inactive,,*,-1,-1
2025-02-24T19:56:53.320-05:00,IdeState,Inactive,,*,-1,-1
2025-02-24T19:56:54.321-05:00,IdeState,Inactive,,*,-1,-1
2025-02-24T19:56:55.330-05:00,IdeState,Inactive,,*,-1,-1
2025-02-24T19:56:56.346-05:00,IdeState,Inactive,,*,-1,-1
2025-02-24T19:56:57.346-05:00,IdeState,Inactive,,*,-1,-1
2025-02-24T19:56:58.347-05:00,IdeState,Inactive,,*,-1,-1
2025-02-24T19:56:59.348-05:00,IdeState,Inactive,,*,-1,-1
2025-02-24T19:57:00.350-05:00,IdeState,Inactive,,*,-1,-1
2025-02-24T19:57:01.350-05:00,IdeState,Inactive,,*,-1,-1
2025-02-24T19:57:02.352-05:00,IdeState,Inactive,,*,-1,-1
2025-02-24T19:57:03.353-05:00,IdeState,Inactive,,*,-1,-1
2025-02-24T19:57:04.355-05:00,IdeState,Inactive,,*,-1,-1
2025-02-25T10:03:06.657-05:00,IdeState,Inactive,,*,-1,-1
2025-02-25T10:03:07.792-05:00,IdeState,Inactive,,*,-1,-1
2025-02-25T10:03:08.807-05:00,IdeState,Inactive,,*,-1,-1
2025-02-25T10:03:11.987-05:00,IdeState,NoProject,,*,-1,-1
2025-02-25T10:03:12.990-05:00,IdeState,NoProject,,*,-1,-1
2025-02-25T10:03:14.005-05:00,IdeState,NoProject,,*,-1,-1
2025-02-25T10:03:15.742-05:00,IdeState,NoProject,,*,-1,-1
2025-02-25T10:03:16.791-05:00,IdeState,NoProject,,*,-1,-1
2025-02-25T10:03:17.949-05:00,IdeState,NoProject,,*,-1,-1
2025-02-25T10:03:18.989-05:00,IdeState,NoProject,,*,-1,-1
2025-02-25T10:03:20.010-05:00,IdeState,Inactive,,*,-1,-1
2025-02-25T10:03:21.170-05:00,IdeState,Inactive,,*,-1,-1
2025-02-25T10:03:22.187-05:00,IdeState,Inactive,,*,-1,-1
2025-02-25T10:03:23.201-05:00,IdeState,Inactive,,*,-1,-1
2025-02-25T10:03:24.203-05:00,IdeState,Inactive,,*,-1,-1
2025-02-25T10:03:25.218-05:00,IdeState,Inactive,,*,-1,-1
2025-02-25T10:03:27.475-05:00,IdeState,Inactive,,*,-1,-1
2025-02-25T10:03:29.055-05:00,IdeState,Active,Popup,*,-1,-1
2025-02-25T10:03:30.303-05:00,IdeState,Active,Popup,*,-1,-1
2025-02-25T10:03:31.342-05:00,IdeState,Active,Popup,*,0,0
2025-02-25T10:03:32.346-05:00,IdeState,Active,Popup,*,0,0
2025-02-25T10:03:33.458-05:00,IdeState,Active,Popup,*,0,0
2025-02-25T10:03:34.460-05:00,IdeState,Active,Dialog,*,0,0
2025-02-25T10:03:35.475-05:00,IdeState,Active,Dialog,*,0,0
2025-02-25T10:03:36.476-05:00,IdeState,Inactive,,*,-1,-1
2025-02-25T10:03:37.477-05:00,IdeState,Active,Dialog,*,0,0
2025-02-25T10:03:38.478-05:00,IdeState,Inactive,,*,-1,-1
2025-02-25T10:03:39.490-05:00,IdeState,Inactive,,*,-1,-1
2025-02-25T10:03:40.492-05:00,IdeState,Inactive,,*,-1,-1
2025-02-25T10:03:41.493-05:00,IdeState,Inactive,,*,-1,-1
2025-02-25T10:03:42.495-05:00,IdeState,Inactive,,*,-1,-1
2025-02-25T10:03:43.496-05:00,IdeState,Inactive,,*,-1,-1
2025-02-25T10:03:44.516-05:00,IdeState,Inactive,,*,-1,-1
2025-02-25T10:03:45.527-05:00,IdeState,Inactive,,*,-1,-1
2025-02-25T10:03:46.543-05:00,IdeState,Inactive,,*,-1,-1
2025-02-25T10:03:47.561-05:00,IdeState,Inactive,,*,-1,-1
2025-02-25T10:03:48.565-05:00,IdeState,Inactive,,*,-1,-1
2025-02-25T10:03:49.568-05:00,IdeState,Inactive,,*,-1,-1
2025-02-25T10:03:50.583-05:00,IdeState,Inactive,,*,-1,-1
2025-02-25T10:03:51.597-05:00,IdeState,Inactive,,*,-1,-1
2025-02-25T10:03:52.609-05:00,IdeState,Inactive,,*,-1,-1
2025-02-25T10:03:53.624-05:00,IdeState,Inactive,,*,-1,-1
2025-02-25T10:03:54.630-05:00,IdeState,Inactive,,*,-1,-1
2025-02-25T10:03:55.634-05:00,IdeState,Inactive,,*,-1,-1
2025-02-25T10:03:56.640-05:00,IdeState,Inactive,,*,-1,-1
2025-02-25T10:03:57.648-05:00,IdeState,Inactive,,*,-1,-1
2025-02-25T10:03:58.652-05:00,IdeState,Inactive,,*,-1,-1
2025-02-25T10:03:59.666-05:00,IdeState,Inactive,,*,-1,-1
2025-02-25T10:04:00.679-05:00,IdeState,Inactive,,*,-1,-1
2025-02-25T10:04:01.682-05:00,IdeState,Inactive,,*,-1,-1
2025-02-25T10:04:02.698-05:00,IdeState,Inactive,,*,-1,-1
2025-02-25T10:04:03.703-05:00,IdeState,Inactive,,*,-1,-1
2025-02-25T10:04:04.708-05:00,IdeState,Inactive,,*,-1,-1
2025-02-25T10:04:05.710-05:00,IdeState,Inactive,,*,-1,-1
2025-02-25T10:04:06.727-05:00,IdeState,Inactive,,*,-1,-1
2025-02-25T10:04:07.743-05:00,IdeState,Inactive,,*,-1,-1
2025-02-25T10:04:08.757-05:00,IdeState,Inactive,,*,-1,-1
2025-02-25T10:04:09.772-05:00,IdeState,Inactive,,*,-1,-1
2025-02-25T10:04:10.774-05:00,IdeState,Inactive,,*,-1,-1
2025-02-25T10:04:11.780-05:00,IdeState,Inactive,,*,-1,-1
2025-02-25T10:04:12.782-05:00,IdeState,Inactive,,*,-1,-1
2025-02-25T10:04:13.796-05:00,IdeState,Inactive,,*,-1,-1
2025-02-25T10:04:14.830-05:00,IdeState,Inactive,,*,-1,-1
2025-02-25T10:04:15.874-05:00,IdeState,Inactive,,*,-1,-1
2025-02-25T10:04:16.875-05:00,IdeState,Inactive,,*,-1,-1
2025-02-25T10:04:17.896-05:00,IdeState,Inactive,,*,-1,-1
2025-02-25T10:04:18.904-05:00,IdeState,Inactive,,*,-1,-1
2025-02-25T10:04:19.919-05:00,IdeState,Inactive,,*,-1,-1
2025-02-25T10:04:20.922-05:00,IdeState,Inactive,,*,-1,-1
2025-02-25T10:04:21.935-05:00,IdeState,Inactive,,*,-1,-1
2025-02-25T10:04:22.950-05:00,IdeState,Inactive,,*,-1,-1
2025-02-25T10:04:23.962-05:00,IdeState,Inactive,,*,-1,-1
2025-02-25T10:04:24.973-05:00,IdeState,Inactive,,*,-1,-1
2025-02-25T10:04:25.984-05:00,IdeState,Inactive,,*,-1,-1
2025-02-25T10:04:26.996-05:00,IdeState,Inactive,,*,-1,-1
2025-02-25T10:04:28.011-05:00,IdeState,Active,Dialog,*,0,0
2025-02-25T10:04:29.019-05:00,IdeState,Active,Dialog,*,0,0
2025-02-25T10:04:30.033-05:00,IdeState,Active,Dialog,*,0,0
2025-02-25T10:04:31.043-05:00,IdeState,Active,Dialog,*,0,0
2025-02-25T10:04:32.058-05:00,IdeState,Active,Dialog,*,0,0
2025-02-25T10:04:33.070-05:00,IdeState,Active,Dialog,*,0,0
2025-02-25T10:04:34.078-05:00,IdeState,Active,Dialog,*,0,0
2025-02-25T10:04:35.094-05:00,IdeState,Active,Dialog,*,0,0
2025-02-25T10:04:36.109-05:00,IdeState,Active,Dialog,*,0,0
2025-02-25T10:04:37.121-05:00,IdeState,Active,Dialog,*,0,0
2025-02-25T10:04:38.135-05:00,IdeState,Active,Dialog,*,0,0
2025-02-25T10:04:39.146-05:00,IdeState,Active,Dialog,*,0,0
2025-02-25T10:04:40.157-05:00,IdeState,Active,Dialog,*,0,0
2025-02-25T10:04:41.169-05:00,IdeState,Active,Dialog,*,0,0
2025-02-25T10:04:42.185-05:00,IdeState,Active,Dialog,*,0,0
2025-02-25T10:04:43.346-05:00,IdeState,Active,Dialog,*,0,0
2025-02-25T10:04:44.358-05:00,IdeState,Active,Popup,*,0,0
2025-02-25T10:09:53.502-05:00,IdeState,NoProject,,*,-1,-1
2025-02-25T10:09:54.726-05:00,IdeState,Active,Popup,*,-1,-1
2025-02-25T10:09:56.561-05:00,IdeState,Active,Popup,*,-1,-1
2025-02-25T10:09:57.887-05:00,IdeState,Active,Popup,*,0,0
2025-02-25T10:09:59.471-05:00,IdeState,Active,Popup,*,0,0
2025-02-25T10:10:00.586-05:00,IdeState,Active,Popup,*,0,0
2025-02-25T10:10:01.683-05:00,IdeState,Active,Popup,*,0,0
2025-02-25T10:10:02.686-05:00,IdeState,Active,Popup,*,0,0
2025-02-25T10:10:03.732-05:00,IdeState,Active,Popup,*,0,0
2025-02-25T10:10:04.735-05:00,IdeState,Active,Popup,*,0,0
2025-02-25T10:10:05.767-05:00,IdeState,Active,Popup,*,0,0
2025-02-25T10:10:06.774-05:00,IdeState,Active,Popup,*,0,0
2025-02-25T10:10:07.780-05:00,IdeState,Active,Popup,*,0,0
2025-02-25T10:10:08.789-05:00,IdeState,Active,Popup,*,0,0
2025-02-25T10:10:09.811-05:00,IdeState,Active,Popup,*,0,0
2025-02-25T10:10:10.821-05:00,IdeState,Active,Popup,*,0,0
2025-02-25T10:10:11.835-05:00,IdeState,Active,Popup,*,0,0
2025-02-25T10:10:12.850-05:00,IdeState,Active,Popup,*,0,0
2025-02-25T10:10:13.852-05:00,IdeState,Active,Popup,*,0,0
2025-02-25T10:10:14.868-05:00,IdeState,Active,Popup,*,0,0
2025-02-25T10:10:15.882-05:00,IdeState,Active,Popup,*,0,0
2025-02-25T10:10:16.895-05:00,IdeState,Active,Popup,*,0,0
2025-02-25T10:10:17.912-05:00,IdeState,Active,Popup,*,0,0
2025-02-25T10:10:18.929-05:00,IdeState,Active,Popup,*,0,0
2025-02-25T10:10:19.933-05:00,IdeState,Active,Popup,*,0,0
2025-02-25T10:10:20.946-05:00,IdeState,Active,Popup,*,0,0
2025-02-25T10:10:21.953-05:00,IdeState,Active,Popup,*,0,0
2025-02-25T10:10:22.967-05:00,IdeState,Active,Popup,*,0,0
2025-02-25T10:10:23.981-05:00,IdeState,Active,Popup,*,0,0
2025-02-25T10:10:24.995-05:00,IdeState,Active,Popup,*,0,0
2025-02-25T10:10:26.008-05:00,IdeState,Active,Popup,*,0,0
2025-02-25T10:10:27.012-05:00,IdeState,Active,Popup,*,0,0
2025-02-25T10:10:28.017-05:00,IdeState,Active,Popup,*,0,0
2025-02-25T10:10:29.019-05:00,IdeState,Active,Popup,*,0,0
2025-02-25T10:10:30.020-05:00,IdeState,Active,Popup,*,0,0
2025-02-26T12:47:39.744-05:00,IdeState,Inactive,,*,-1,-1
2025-02-26T12:47:41.623-05:00,IdeState,Inactive,,*,-1,-1
2025-02-26T12:47:42.665-05:00,IdeState,Inactive,,*,-1,-1
2025-02-26T12:47:46.219-05:00,IdeState,NoProject,,*,-1,-1
2025-02-26T12:47:47.252-05:00,IdeState,Active,Popup,*,-1,-1
2025-02-26T12:47:48.773-05:00,IdeState,Active,Popup,*,-1,-1
2025-02-26T12:47:49.813-05:00,IdeState,Active,Popup,*,-1,-1
2025-02-26T12:47:51.607-05:00,IdeState,Active,Popup,*,-1,-1
2025-02-26T12:47:55.007-05:00,IdeState,Active,Popup,*,0,0
2025-02-26T12:47:56.187-05:00,IdeState,Active,Popup,*,0,0
2025-02-26T12:47:57.704-05:00,IdeState,Active,Popup,*,0,0
2025-02-26T12:47:58.714-05:00,IdeState,Active,Popup,*,0,0
2025-02-26T12:47:59.768-05:00,IdeState,Active,Popup,*,0,0
2025-02-26T12:48:00.777-05:00,IdeState,Active,Popup,*,0,0
2025-02-26T12:48:01.593-05:00,Action,CloseProject,Popup,*,0,0
2025-02-26T12:48:01.783-05:00,IdeState,Active,Popup,*,0,0
2025-02-26T12:48:03.091-05:00,IdeState,Inactive,,*,-1,-1
2025-02-26T12:48:04.096-05:00,IdeState,NoProject,,*,-1,-1
2025-02-26T12:48:05.112-05:00,IdeState,NoProject,,*,-1,-1
2025-02-26T12:48:06.128-05:00,IdeState,Inactive,,*,-1,-1
2025-02-26T12:48:07.142-05:00,IdeState,Inactive,,*,-1,-1
2025-02-26T12:48:08.645-05:00,IdeState,NoProject,,*,-1,-1
2025-02-26T12:48:09.653-05:00,IdeState,NoProject,,*,-1,-1
2025-02-26T12:48:10.725-05:00,IdeState,NoProject,,*,-1,-1
2025-02-26T12:48:11.791-05:00,IdeState,Inactive,,*,-1,-1
2025-02-26T12:48:12.809-05:00,IdeState,NoProject,,*,-1,-1
2025-02-26T12:48:13.823-05:00,IdeState,NoProject,,*,-1,-1
2025-02-26T12:48:14.825-05:00,IdeState,NoProject,,*,-1,-1
2025-02-26T12:48:15.837-05:00,IdeState,NoProject,,*,-1,-1
2025-02-26T12:48:16.849-05:00,IdeState,NoProject,,*,-1,-1
2025-02-26T12:48:17.858-05:00,IdeState,Inactive,,*,-1,-1
2025-02-26T12:48:18.868-05:00,IdeState,NoProject,,*,-1,-1
2025-02-26T12:48:19.882-05:00,IdeState,NoProject,,*,-1,-1
2025-02-26T12:48:20.897-05:00,IdeState,NoProject,,*,-1,-1
2025-02-26T12:48:21.899-05:00,IdeState,Inactive,,*,-1,-1
2025-02-26T12:48:22.909-05:00,IdeState,NoProject,,*,-1,-1
2025-02-26T12:48:23.919-05:00,IdeState,NoProject,,*,-1,-1
2025-02-26T12:48:24.925-05:00,IdeState,NoProject,,*,-1,-1
2025-02-26T12:48:25.938-05:00,IdeState,NoProject,,*,-1,-1
2025-02-26T12:48:26.952-05:00,IdeState,NoProject,,*,-1,-1
2025-02-26T12:48:27.967-05:00,IdeState,NoProject,,*,-1,-1
2025-02-26T13:26:06.022-05:00,IdeState,Inactive,,*,-1,-1
2025-02-26T13:26:07.238-05:00,IdeState,Active,Popup,*,-1,-1
2025-02-26T13:26:09.474-05:00,IdeState,Inactive,,*,-1,-1
2025-02-26T13:26:10.477-05:00,IdeState,Inactive,,*,-1,-1
2025-02-26T13:26:11.478-05:00,IdeState,Active,Popup,*,-1,-1
2025-02-26T13:26:12.479-05:00,IdeState,Active,Popup,*,-1,-1
2025-02-26T13:26:13.482-05:00,IdeState,Active,Popup,*,-1,-1
2025-02-26T13:26:14.483-05:00,IdeState,Active,tasktracker,*,-1,-1
2025-02-26T13:26:15.658-05:00,IdeState,Active,tasktracker,*,-1,-1
2025-02-26T13:26:16.660-05:00,IdeState,Active,tasktracker,*,-1,-1
2025-02-26T13:26:17.661-05:00,IdeState,Active,tasktracker,*,-1,-1
2025-02-26T13:26:18.662-05:00,IdeState,Active,tasktracker,*,-1,-1
2025-02-26T13:26:19.664-05:00,IdeState,Inactive,,*,-1,-1
2025-02-26T13:26:20.666-05:00,IdeState,Inactive,,*,-1,-1
2025-02-26T13:26:21.667-05:00,IdeState,Inactive,,*,-1,-1
2025-02-26T13:26:22.668-05:00,IdeState,Inactive,,*,-1,-1
2025-02-26T13:26:23.669-05:00,IdeState,Inactive,,*,-1,-1
2025-02-26T13:26:24.681-05:00,IdeState,Inactive,,*,-1,-1
2025-02-26T13:26:25.690-05:00,IdeState,Inactive,,*,-1,-1
2025-02-26T13:26:26.702-05:00,IdeState,Inactive,,*,-1,-1
2025-02-26T13:26:27.716-05:00,IdeState,Inactive,,*,-1,-1
2025-02-26T13:26:28.729-05:00,IdeState,Inactive,,*,-1,-1
2025-02-26T13:26:29.736-05:00,IdeState,Inactive,,*,-1,-1
2025-02-26T13:26:30.747-05:00,IdeState,Inactive,,*,-1,-1
2025-02-26T13:26:31.755-05:00,IdeState,Inactive,,*,-1,-1
2025-02-26T13:26:32.767-05:00,IdeState,Inactive,,*,-1,-1
2025-02-26T13:26:33.782-05:00,IdeState,Inactive,,*,-1,-1
2025-02-26T13:26:34.789-05:00,IdeState,Inactive,,*,-1,-1
2025-02-26T13:26:35.798-05:00,IdeState,Inactive,,*,-1,-1
2025-02-26T13:26:36.805-05:00,IdeState,Inactive,,*,-1,-1
2025-02-26T13:26:37.812-05:00,IdeState,Inactive,,*,-1,-1
2025-02-26T13:26:38.827-05:00,IdeState,Inactive,,*,-1,-1
2025-02-26T13:26:39.836-05:00,IdeState,Inactive,,*,-1,-1
2025-02-26T13:26:40.850-05:00,IdeState,Inactive,,*,-1,-1
2025-02-26T13:26:41.862-05:00,IdeState,Inactive,,*,-1,-1
2025-02-26T13:26:42.877-05:00,IdeState,Inactive,,*,-1,-1
2025-02-26T13:26:43.881-05:00,IdeState,Inactive,,*,-1,-1
2025-02-26T13:26:44.894-05:00,IdeState,Inactive,,*,-1,-1
2025-02-26T13:26:45.898-05:00,IdeState,Inactive,,*,-1,-1
2025-02-26T13:26:46.910-05:00,IdeState,Inactive,,*,-1,-1
2025-02-26T13:26:47.924-05:00,IdeState,Inactive,,*,-1,-1
2025-02-26T13:26:48.939-05:00,IdeState,Inactive,,*,-1,-1
2025-02-26T13:26:49.954-05:00,IdeState,Inactive,,*,-1,-1
2025-02-26T13:26:50.969-05:00,IdeState,Inactive,,*,-1,-1
2025-02-26T13:26:51.982-05:00,IdeState,Inactive,,*,-1,-1
2025-02-26T13:26:52.997-05:00,IdeState,Inactive,,*,-1,-1
2025-02-26T13:26:54.010-05:00,IdeState,Inactive,,*,-1,-1
2025-02-26T13:26:55.021-05:00,IdeState,Inactive,,*,-1,-1
2025-02-26T13:26:56.035-05:00,IdeState,Inactive,,*,-1,-1
2025-02-26T13:26:57.050-05:00,IdeState,Inactive,,*,-1,-1
2025-02-26T13:26:58.058-05:00,IdeState,Inactive,,*,-1,-1
2025-02-26T13:26:59.075-05:00,IdeState,Inactive,,*,-1,-1
2025-02-26T13:27:00.089-05:00,IdeState,Inactive,,*,-1,-1
2025-02-26T13:27:01.091-05:00,IdeState,Inactive,,*,-1,-1
2025-02-26T13:27:02.105-05:00,IdeState,Inactive,,*,-1,-1
2025-02-26T13:27:03.110-05:00,IdeState,Inactive,,*,-1,-1
2025-02-26T13:27:04.121-05:00,IdeState,Inactive,,*,-1,-1
2025-02-26T13:27:05.135-05:00,IdeState,Inactive,,*,-1,-1
2025-02-26T13:27:06.151-05:00,IdeState,Inactive,,*,-1,-1
2025-02-26T13:27:07.161-05:00,IdeState,Inactive,,*,-1,-1
2025-02-26T13:27:08.172-05:00,IdeState,Inactive,,*,-1,-1
2025-02-26T13:27:09.189-05:00,IdeState,Inactive,,*,-1,-1
2025-02-26T13:27:10.200-05:00,IdeState,Inactive,,*,-1,-1
2025-02-26T13:27:11.211-05:00,IdeState,Inactive,,*,-1,-1
2025-02-26T13:27:12.227-05:00,IdeState,Inactive,,*,-1,-1
2025-02-26T13:27:13.243-05:00,IdeState,Inactive,,*,-1,-1
2025-02-26T13:27:14.244-05:00,IdeState,Inactive,,*,-1,-1
2025-02-26T13:27:15.259-05:00,IdeState,Inactive,,*,-1,-1
2025-02-26T13:27:16.273-05:00,IdeState,Inactive,,*,-1,-1
2025-02-26T13:27:17.283-05:00,IdeState,Inactive,,*,-1,-1
2025-02-26T13:27:18.297-05:00,IdeState,Inactive,,*,-1,-1
2025-02-26T13:27:19.309-05:00,IdeState,Inactive,,*,-1,-1
2025-02-26T13:27:20.321-05:00,IdeState,Inactive,,*,-1,-1
2025-02-26T13:27:21.334-05:00,IdeState,Inactive,,*,-1,-1
2025-02-26T13:27:22.347-05:00,IdeState,Inactive,,*,-1,-1
2025-02-26T13:27:23.359-05:00,IdeState,Inactive,,*,-1,-1
2025-02-26T13:27:24.371-05:00,IdeState,Inactive,,*,-1,-1
2025-02-26T13:27:25.383-05:00,IdeState,Inactive,,*,-1,-1
2025-02-26T13:27:26.386-05:00,IdeState,Inactive,,*,-1,-1
2025-02-26T13:27:27.398-05:00,IdeState,Inactive,,*,-1,-1
2025-02-26T13:27:28.411-05:00,IdeState,Inactive,,*,-1,-1
2025-02-26T13:27:29.424-05:00,IdeState,Inactive,,*,-1,-1
2025-02-26T13:27:30.435-05:00,IdeState,Inactive,,*,-1,-1
2025-02-26T13:27:31.445-05:00,IdeState,Inactive,,*,-1,-1
2025-02-26T13:27:32.460-05:00,IdeState,Inactive,,*,-1,-1
2025-02-26T13:27:33.473-05:00,IdeState,Inactive,,*,-1,-1
2025-02-26T13:27:34.487-05:00,IdeState,Inactive,,*,-1,-1
2025-02-26T13:27:35.498-05:00,IdeState,Inactive,,*,-1,-1
2025-02-26T13:27:36.512-05:00,IdeState,Inactive,,*,-1,-1
2025-02-26T13:27:37.513-05:00,IdeState,Inactive,,*,-1,-1
2025-02-26T13:27:38.529-05:00,IdeState,Inactive,,*,-1,-1
2025-02-26T13:27:39.541-05:00,IdeState,Inactive,,*,-1,-1
2025-02-26T13:27:40.557-05:00,IdeState,Inactive,,*,-1,-1
2025-02-26T13:27:41.558-05:00,IdeState,Inactive,,*,-1,-1
2025-02-26T13:27:42.568-05:00,IdeState,Inactive,,*,-1,-1
2025-02-26T13:27:43.580-05:00,IdeState,Inactive,,*,-1,-1
2025-02-26T13:27:44.591-05:00,IdeState,Inactive,,*,-1,-1
2025-02-26T13:27:45.595-05:00,IdeState,Inactive,,*,-1,-1
2025-02-26T13:27:46.604-05:00,IdeState,Inactive,,*,-1,-1
2025-02-26T13:27:47.617-05:00,IdeState,Inactive,,*,-1,-1
2025-02-26T13:27:48.626-05:00,IdeState,Inactive,,*,-1,-1
2025-02-26T13:27:49.641-05:00,IdeState,Inactive,,*,-1,-1
2025-02-26T13:27:50.652-05:00,IdeState,Inactive,,*,-1,-1
2025-02-26T13:27:51.655-05:00,IdeState,Inactive,,*,-1,-1
2025-02-26T13:27:52.661-05:00,IdeState,Inactive,,*,-1,-1
2025-02-26T13:27:53.673-05:00,IdeState,Inactive,,*,-1,-1
2025-02-26T13:27:54.686-05:00,IdeState,Active,tasktracker,*,-1,-1
2025-02-26T13:27:55.909-05:00,IdeState,Active,Project,*,-1,-1
2025-02-26T13:27:56.915-05:00,IdeState,Inactive,,*,-1,-1
2025-02-26T13:27:57.923-05:00,IdeState,Inactive,,*,-1,-1
2025-02-26T13:27:58.932-05:00,IdeState,Inactive,,*,-1,-1
2025-02-26T13:27:59.935-05:00,IdeState,Inactive,,*,-1,-1
2025-02-26T13:28:00.949-05:00,IdeState,Active,Project,*,-1,-1
2025-02-26T13:28:01.972-05:00,IdeState,Active,tasktracker,*,-1,-1
2025-02-26T13:28:02.975-05:00,IdeState,Active,tasktracker,*,-1,-1
2025-02-26T13:28:03.986-05:00,IdeState,Active,tasktracker,*,-1,-1
2025-02-26T13:28:05.051-05:00,IdeState,Active,Editor,max_3.py,0,0
2025-02-26T13:28:06.058-05:00,IdeState,Active,Editor,max_3.py,2,22
2025-02-26T13:28:06.336-05:00,Action,EditorEnter,Editor,max_3.py,2,22
2025-02-26T13:28:07.059-05:00,IdeState,Active,Editor,max_3.py,3,1
2025-02-26T13:28:08.050-05:00,Action,EditorBackSpace,Editor,max_3.py,3,4
2025-02-26T13:28:08.076-05:00,IdeState,Active,Editor,max_3.py,3,3
2025-02-26T13:28:08.169-05:00,Action,EditorBackSpace,Editor,max_3.py,3,3
2025-02-26T13:28:09.078-05:00,IdeState,Active,Editor,max_3.py,3,6
2025-02-26T13:28:09.216-05:00,Action,EditorBackSpace,Editor,max_3.py,3,6
2025-02-26T13:28:09.964-05:00,Action,EditorBackSpace,Editor,max_3.py,3,6
2025-02-26T13:28:10.079-05:00,IdeState,Active,Editor,max_3.py,3,5
2025-02-26T13:28:11.079-05:00,IdeState,Active,Editor,max_3.py,3,7
2025-02-26T13:28:11.164-05:00,Action,EditorBackSpace,Editor,max_3.py,3,7
2025-02-26T13:28:12.082-05:00,IdeState,Active,Editor,max_3.py,3,10
2025-02-26T13:28:13.083-05:00,IdeState,Active,Editor,max_3.py,3,12
2025-02-26T13:28:13.530-05:00,Action,InsertInlineCompletionAction,Editor,max_3.py,3,12
2025-02-26T13:28:14.085-05:00,IdeState,Active,Editor,max_3.py,3,18
2025-02-26T13:28:15.086-05:00,IdeState,Active,Editor,max_3.py,3,18
