2025-01-24T18:23:39.438-05:00,IdeState,NoProject,,*,-1,-1
2025-01-24T18:23:41.002-05:00,IdeState,Active,Popup,*,-1,-1
2025-01-24T18:23:42.814-05:00,IdeState,Active,Editor,*,16,0
2025-01-24T18:23:43.998-05:00,IdeState,Active,Editor,*,16,0
2025-01-24T18:23:45.344-05:00,IdeState,Active,Editor,*,16,0
2025-01-24T18:23:46.345-05:00,IdeState,Active,Editor,*,16,0
2025-01-24T18:23:47.350-05:00,IdeState,Active,tasktracker,*,16,0
2025-01-24T18:23:48.352-05:00,IdeState,Active,tasktracker,*,16,0
2025-01-24T18:24:05.016-05:00,IdeState,Inactive,,*,-1,-1
2025-01-24T18:24:06.200-05:00,IdeState,Active,Popup,*,-1,-1
2025-01-24T18:24:07.582-05:00,IdeState,Active,Popup,*,-1,-1
2025-01-24T18:24:09.273-05:00,IdeState,Active,Popup,*,16,0
2025-01-24T18:24:10.774-05:00,IdeState,Active,Editor,*,16,0
2025-01-24T18:24:12.327-05:00,IdeState,Active,Editor,*,16,0
2025-01-24T18:24:13.513-05:00,IdeState,Active,Editor,*,16,0
2025-01-24T18:24:14.513-05:00,IdeState,Active,Editor,*,16,0
2025-01-24T18:24:15.550-05:00,IdeState,Active,Editor,*,16,0
2025-01-24T18:24:16.550-05:00,IdeState,Active,Editor,*,16,0
2025-01-24T18:24:17.551-05:00,IdeState,Active,Editor,*,16,0
2025-01-24T18:24:18.552-05:00,IdeState,Active,tasktracker,*,16,0
2025-01-24T18:24:19.775-05:00,IdeState,Active,Project,*,16,0
2025-01-24T18:24:20.775-05:00,IdeState,Active,Project,*,16,0
2025-01-24T18:24:21.776-05:00,IdeState,Active,tasktracker,*,16,0
2025-01-24T18:24:22.777-05:00,IdeState,Active,tasktracker,*,16,0
2025-01-24T18:24:23.777-05:00,IdeState,Inactive,,*,-1,-1
2025-01-24T18:24:24.779-05:00,IdeState,Inactive,,*,-1,-1
2025-01-24T18:24:25.780-05:00,IdeState,Inactive,,*,-1,-1
2025-01-24T18:24:26.780-05:00,IdeState,Inactive,,*,-1,-1
2025-01-24T18:24:27.781-05:00,IdeState,Inactive,,*,-1,-1
2025-01-24T18:24:28.782-05:00,IdeState,Inactive,,*,-1,-1
2025-01-24T18:24:29.783-05:00,IdeState,Inactive,,*,-1,-1
2025-01-24T18:24:30.784-05:00,IdeState,Inactive,,*,-1,-1
2025-01-24T18:24:31.785-05:00,IdeState,Inactive,,*,-1,-1
2025-01-24T18:24:32.786-05:00,IdeState,Inactive,,*,-1,-1
2025-01-24T18:24:33.786-05:00,IdeState,Inactive,,*,-1,-1
2025-01-24T18:24:34.787-05:00,IdeState,Inactive,,*,-1,-1
2025-01-24T18:24:35.788-05:00,IdeState,Inactive,,*,-1,-1
2025-01-24T18:24:36.789-05:00,IdeState,Inactive,,*,-1,-1
2025-01-24T18:24:37.790-05:00,IdeState,Inactive,,*,-1,-1
2025-01-24T18:24:38.791-05:00,IdeState,Inactive,,*,-1,-1
2025-01-24T18:24:39.792-05:00,IdeState,Inactive,,*,-1,-1
2025-01-24T18:24:40.793-05:00,IdeState,Inactive,,*,-1,-1
2025-01-24T18:24:41.794-05:00,IdeState,Inactive,,*,-1,-1
2025-01-24T18:24:42.794-05:00,IdeState,Inactive,,*,-1,-1
2025-01-24T18:24:43.795-05:00,IdeState,Inactive,,*,-1,-1
2025-01-24T18:24:44.796-05:00,IdeState,Inactive,,*,-1,-1
2025-01-24T18:24:45.797-05:00,IdeState,Inactive,,*,-1,-1
2025-01-24T18:24:46.798-05:00,IdeState,Inactive,,*,-1,-1
2025-01-24T18:24:47.799-05:00,IdeState,Inactive,,*,-1,-1
2025-01-24T18:24:48.800-05:00,IdeState,Inactive,,*,-1,-1
2025-01-24T18:24:49.801-05:00,IdeState,Inactive,,*,-1,-1
2025-01-24T18:24:50.802-05:00,IdeState,Inactive,,*,-1,-1
2025-01-24T18:24:51.803-05:00,IdeState,Inactive,,*,-1,-1
2025-01-24T18:24:52.804-05:00,IdeState,Inactive,,*,-1,-1
2025-01-24T18:24:53.805-05:00,IdeState,Inactive,,*,-1,-1
2025-01-24T18:24:54.805-05:00,IdeState,Inactive,,*,-1,-1
2025-01-24T18:24:55.806-05:00,IdeState,Inactive,,*,-1,-1
2025-01-24T18:24:56.807-05:00,IdeState,Inactive,,*,-1,-1
2025-01-24T18:24:57.808-05:00,IdeState,Inactive,,*,-1,-1
2025-01-24T18:24:58.809-05:00,IdeState,Inactive,,*,-1,-1
2025-01-24T18:24:59.810-05:00,IdeState,Inactive,,*,-1,-1
2025-01-24T18:25:00.811-05:00,IdeState,Inactive,,*,-1,-1
2025-01-24T18:25:01.812-05:00,IdeState,Inactive,,*,-1,-1
2025-01-24T18:25:02.813-05:00,IdeState,Inactive,,*,-1,-1
2025-01-24T18:25:03.813-05:00,IdeState,Inactive,,*,-1,-1
2025-01-24T18:25:04.814-05:00,IdeState,Inactive,,*,-1,-1
2025-01-24T18:25:05.815-05:00,IdeState,Inactive,,*,-1,-1
2025-01-24T18:25:06.816-05:00,IdeState,Inactive,,*,-1,-1
2025-01-24T18:25:07.817-05:00,IdeState,Inactive,,*,-1,-1
2025-01-24T18:25:08.818-05:00,IdeState,Inactive,,*,-1,-1
2025-01-24T18:25:09.819-05:00,IdeState,Inactive,,*,-1,-1
2025-01-24T18:25:10.819-05:00,IdeState,Inactive,,*,-1,-1
2025-01-24T18:25:11.820-05:00,IdeState,Inactive,,*,-1,-1
2025-01-24T18:25:12.821-05:00,IdeState,Inactive,,*,-1,-1
2025-01-24T18:25:13.822-05:00,IdeState,Inactive,,*,-1,-1
2025-01-24T18:25:14.823-05:00,IdeState,Inactive,,*,-1,-1
2025-01-24T18:25:15.824-05:00,IdeState,Inactive,,*,-1,-1
2025-01-24T18:25:16.824-05:00,IdeState,Inactive,,*,-1,-1
2025-01-24T18:25:17.825-05:00,IdeState,Inactive,,*,-1,-1
2025-01-24T18:25:18.827-05:00,IdeState,Inactive,,*,-1,-1
2025-01-24T18:25:19.827-05:00,IdeState,Inactive,,*,-1,-1
2025-01-24T18:25:20.829-05:00,IdeState,Inactive,,*,-1,-1
2025-01-24T18:25:21.830-05:00,IdeState,Inactive,,*,-1,-1
2025-01-24T18:25:22.831-05:00,IdeState,Inactive,,*,-1,-1
2025-01-24T18:25:23.832-05:00,IdeState,Inactive,,*,-1,-1
2025-01-24T18:25:24.833-05:00,IdeState,Inactive,,*,-1,-1
2025-01-24T18:25:25.834-05:00,IdeState,Inactive,,*,-1,-1
2025-01-24T18:25:26.835-05:00,IdeState,Inactive,,*,-1,-1
2025-01-24T18:25:27.836-05:00,IdeState,Inactive,,*,-1,-1
2025-01-24T18:25:28.837-05:00,IdeState,Inactive,,*,-1,-1
2025-01-24T18:25:29.837-05:00,IdeState,Inactive,,*,-1,-1
2025-01-24T18:25:30.838-05:00,IdeState,Inactive,,*,-1,-1
2025-01-24T18:25:31.839-05:00,IdeState,Inactive,,*,-1,-1
2025-01-24T18:25:32.839-05:00,IdeState,Inactive,,*,-1,-1
2025-01-24T18:25:33.840-05:00,IdeState,Inactive,,*,-1,-1
2025-01-24T18:25:34.841-05:00,IdeState,Inactive,,*,-1,-1
2025-01-24T18:25:35.842-05:00,IdeState,Inactive,,*,-1,-1
2025-01-24T18:25:36.843-05:00,IdeState,Inactive,,*,-1,-1
2025-01-24T18:25:37.844-05:00,IdeState,Inactive,,*,-1,-1
2025-01-24T18:25:38.845-05:00,IdeState,Inactive,,*,-1,-1
2025-01-24T18:25:39.846-05:00,IdeState,Inactive,,*,-1,-1
2025-01-24T18:25:40.847-05:00,IdeState,Inactive,,*,-1,-1
2025-01-24T18:25:41.848-05:00,IdeState,Inactive,,*,-1,-1
2025-01-24T18:25:42.849-05:00,IdeState,Inactive,,*,-1,-1
2025-01-24T18:25:43.850-05:00,IdeState,Inactive,,*,-1,-1
2025-01-24T18:25:44.851-05:00,IdeState,Inactive,,*,-1,-1
2025-01-24T18:25:45.852-05:00,IdeState,Inactive,,*,-1,-1
2025-01-24T18:25:46.853-05:00,IdeState,Inactive,,*,-1,-1
2025-01-24T18:25:47.854-05:00,IdeState,Inactive,,*,-1,-1
2025-01-24T18:25:48.854-05:00,IdeState,Inactive,,*,-1,-1
2025-01-24T18:25:49.855-05:00,IdeState,Inactive,,*,-1,-1
2025-01-24T18:25:50.856-05:00,IdeState,Inactive,,*,-1,-1
2025-01-24T18:25:51.857-05:00,IdeState,Inactive,,*,-1,-1
2025-01-24T18:25:52.858-05:00,IdeState,Inactive,,*,-1,-1
2025-01-24T18:25:53.859-05:00,IdeState,Inactive,,*,-1,-1
2025-01-24T18:25:54.860-05:00,IdeState,Inactive,,*,-1,-1
2025-01-24T18:25:55.861-05:00,IdeState,Inactive,,*,-1,-1
2025-01-24T18:25:56.862-05:00,IdeState,Inactive,,*,-1,-1
2025-01-24T18:25:57.863-05:00,IdeState,Inactive,,*,-1,-1
2025-01-24T18:25:58.864-05:00,IdeState,Inactive,,*,-1,-1
2025-01-24T18:25:59.865-05:00,IdeState,Inactive,,*,-1,-1
2025-01-24T18:26:00.866-05:00,IdeState,Inactive,,*,-1,-1
2025-01-24T18:26:01.867-05:00,IdeState,Inactive,,*,-1,-1
2025-01-24T18:26:02.868-05:00,IdeState,Inactive,,*,-1,-1
2025-01-24T18:26:03.869-05:00,IdeState,Inactive,,*,-1,-1
2025-01-24T18:26:04.870-05:00,IdeState,Inactive,,*,-1,-1
2025-01-24T18:26:05.871-05:00,IdeState,Inactive,,*,-1,-1
2025-01-24T18:26:06.872-05:00,IdeState,Inactive,,*,-1,-1
2025-01-24T18:26:07.873-05:00,IdeState,Inactive,,*,-1,-1
2025-01-24T18:26:08.873-05:00,IdeState,Inactive,,*,-1,-1
2025-01-24T18:26:09.874-05:00,IdeState,Inactive,,*,-1,-1
2025-01-24T18:26:10.875-05:00,IdeState,Inactive,,*,-1,-1
2025-01-24T18:26:11.876-05:00,IdeState,Inactive,,*,-1,-1
2025-01-24T18:26:12.877-05:00,IdeState,Inactive,,*,-1,-1
2025-01-24T18:26:13.878-05:00,IdeState,Inactive,,*,-1,-1
2025-01-24T18:26:14.879-05:00,IdeState,Inactive,,*,-1,-1
2025-01-24T18:26:15.880-05:00,IdeState,Inactive,,*,-1,-1
2025-01-24T18:26:16.881-05:00,IdeState,Inactive,,*,-1,-1
2025-01-24T18:26:17.882-05:00,IdeState,Inactive,,*,-1,-1
2025-01-24T18:26:18.883-05:00,IdeState,Inactive,,*,-1,-1
2025-01-24T18:26:19.884-05:00,IdeState,Inactive,,*,-1,-1
2025-01-24T18:26:20.884-05:00,IdeState,Inactive,,*,-1,-1
2025-01-24T18:26:21.885-05:00,IdeState,Inactive,,*,-1,-1
2025-01-24T18:26:22.886-05:00,IdeState,Inactive,,*,-1,-1
2025-01-24T18:26:23.887-05:00,IdeState,Inactive,,*,-1,-1
2025-01-24T18:26:24.887-05:00,IdeState,Inactive,,*,-1,-1
2025-01-24T18:26:25.888-05:00,IdeState,Inactive,,*,-1,-1
2025-01-24T18:26:26.889-05:00,IdeState,Inactive,,*,-1,-1
2025-01-24T18:26:27.890-05:00,IdeState,Inactive,,*,-1,-1
2025-01-24T18:26:28.891-05:00,IdeState,Inactive,,*,-1,-1
2025-01-24T18:26:29.891-05:00,IdeState,Inactive,,*,-1,-1
2025-01-24T18:26:30.892-05:00,IdeState,Inactive,,*,-1,-1
2025-01-24T18:26:31.893-05:00,IdeState,Inactive,,*,-1,-1
2025-01-24T18:26:32.894-05:00,IdeState,Inactive,,*,-1,-1
2025-01-24T18:26:33.895-05:00,IdeState,Inactive,,*,-1,-1
2025-01-24T18:26:34.896-05:00,IdeState,Inactive,,*,-1,-1
2025-01-24T18:26:35.897-05:00,IdeState,Inactive,,*,-1,-1
2025-01-24T18:26:36.898-05:00,IdeState,Inactive,,*,-1,-1
2025-01-24T18:26:37.899-05:00,IdeState,Inactive,,*,-1,-1
2025-01-24T18:26:38.899-05:00,IdeState,Inactive,,*,-1,-1
2025-01-24T18:26:39.900-05:00,IdeState,Inactive,,*,-1,-1
2025-01-24T18:26:40.901-05:00,IdeState,Inactive,,*,-1,-1
2025-01-24T18:26:41.902-05:00,IdeState,Inactive,,*,-1,-1
2025-01-24T18:26:42.903-05:00,IdeState,Inactive,,*,-1,-1
2025-01-24T18:26:43.904-05:00,IdeState,Inactive,,*,-1,-1
2025-01-24T18:26:44.905-05:00,IdeState,Inactive,,*,-1,-1
2025-01-24T18:26:45.906-05:00,IdeState,Inactive,,*,-1,-1
2025-01-24T18:26:46.907-05:00,IdeState,Inactive,,*,-1,-1
2025-01-24T18:26:47.908-05:00,IdeState,Inactive,,*,-1,-1
2025-01-24T18:26:48.908-05:00,IdeState,Inactive,,*,-1,-1
2025-01-24T18:26:49.909-05:00,IdeState,Inactive,,*,-1,-1
2025-01-24T18:26:50.910-05:00,IdeState,Inactive,,*,-1,-1
2025-01-24T18:26:51.911-05:00,IdeState,Inactive,,*,-1,-1
2025-01-24T18:26:52.912-05:00,IdeState,Inactive,,*,-1,-1
2025-01-24T18:26:53.913-05:00,IdeState,Inactive,,*,-1,-1
2025-01-24T18:26:54.914-05:00,IdeState,Inactive,,*,-1,-1
2025-01-24T18:26:55.915-05:00,IdeState,Inactive,,*,-1,-1
2025-01-24T18:26:56.916-05:00,IdeState,Inactive,,*,-1,-1
2025-01-24T18:26:57.916-05:00,IdeState,Inactive,,*,-1,-1
2025-01-24T18:26:58.917-05:00,IdeState,Inactive,,*,-1,-1
2025-01-24T18:26:59.918-05:00,IdeState,Inactive,,*,-1,-1
2025-01-24T18:27:00.919-05:00,IdeState,Inactive,,*,-1,-1
2025-01-24T18:27:01.920-05:00,IdeState,Inactive,,*,-1,-1
2025-01-24T18:27:02.920-05:00,IdeState,Inactive,,*,-1,-1
2025-01-24T18:27:03.921-05:00,IdeState,Inactive,,*,-1,-1
2025-01-24T18:27:04.922-05:00,IdeState,Inactive,,*,-1,-1
2025-01-24T18:27:05.923-05:00,IdeState,Inactive,,*,-1,-1
2025-01-24T18:27:06.923-05:00,IdeState,Inactive,,*,-1,-1
2025-01-24T18:27:07.924-05:00,IdeState,Inactive,,*,-1,-1
2025-01-24T18:27:08.925-05:00,IdeState,Inactive,,*,-1,-1
2025-01-24T18:27:09.926-05:00,IdeState,Inactive,,*,-1,-1
2025-01-24T18:27:10.926-05:00,IdeState,Inactive,,*,-1,-1
2025-01-24T18:27:11.927-05:00,IdeState,Inactive,,*,-1,-1
2025-01-24T18:27:12.928-05:00,IdeState,Inactive,,*,-1,-1
2025-01-24T18:27:13.928-05:00,IdeState,Inactive,,*,-1,-1
2025-01-24T18:27:14.929-05:00,IdeState,Inactive,,*,-1,-1
2025-01-24T18:27:15.929-05:00,IdeState,Inactive,,*,-1,-1
2025-01-24T18:27:16.930-05:00,IdeState,Inactive,,*,-1,-1
2025-01-24T18:27:17.931-05:00,IdeState,Inactive,,*,-1,-1
2025-01-24T18:27:18.932-05:00,IdeState,Inactive,,*,-1,-1
2025-01-24T18:27:19.933-05:00,IdeState,Inactive,,*,-1,-1
2025-01-24T18:27:20.934-05:00,IdeState,Inactive,,*,-1,-1
2025-01-24T18:27:21.934-05:00,IdeState,Inactive,,*,-1,-1
2025-01-24T18:27:22.935-05:00,IdeState,Inactive,,*,-1,-1
2025-01-24T18:27:23.935-05:00,IdeState,Inactive,,*,-1,-1
2025-01-24T18:27:24.936-05:00,IdeState,Inactive,,*,-1,-1
2025-01-24T18:27:25.937-05:00,IdeState,Inactive,,*,-1,-1
2025-01-24T18:27:26.938-05:00,IdeState,Inactive,,*,-1,-1
2025-01-24T18:27:27.939-05:00,IdeState,Inactive,,*,-1,-1
2025-01-24T18:27:28.940-05:00,IdeState,Inactive,,*,-1,-1
2025-01-24T18:27:29.941-05:00,IdeState,Inactive,,*,-1,-1
2025-01-24T18:27:30.942-05:00,IdeState,Inactive,,*,-1,-1
2025-01-24T18:27:31.942-05:00,IdeState,Inactive,,*,-1,-1
2025-01-24T18:27:32.943-05:00,IdeState,Inactive,,*,-1,-1
2025-01-24T18:27:33.944-05:00,IdeState,Inactive,,*,-1,-1
2025-01-24T18:27:34.945-05:00,IdeState,Inactive,,*,-1,-1
2025-01-24T18:27:35.946-05:00,IdeState,Inactive,,*,-1,-1
2025-01-24T18:27:36.947-05:00,IdeState,Inactive,,*,-1,-1
2025-01-24T18:27:37.948-05:00,IdeState,Inactive,,*,-1,-1
2025-01-24T18:27:38.948-05:00,IdeState,Inactive,,*,-1,-1
2025-01-24T18:27:39.949-05:00,IdeState,Inactive,,*,-1,-1
2025-01-24T18:27:40.950-05:00,IdeState,Inactive,,*,-1,-1
2025-01-24T18:27:41.951-05:00,IdeState,Inactive,,*,-1,-1
2025-01-24T18:27:42.951-05:00,IdeState,Inactive,,*,-1,-1
2025-01-24T18:27:43.952-05:00,IdeState,Inactive,,*,-1,-1
2025-01-24T18:27:44.953-05:00,IdeState,Inactive,,*,-1,-1
2025-01-24T18:27:45.954-05:00,IdeState,Inactive,,*,-1,-1
2025-01-24T18:27:46.955-05:00,IdeState,Inactive,,*,-1,-1
2025-01-24T18:27:47.956-05:00,IdeState,Inactive,,*,-1,-1
2025-01-24T18:27:48.957-05:00,IdeState,Inactive,,*,-1,-1
2025-01-24T18:27:49.958-05:00,IdeState,Inactive,,*,-1,-1
2025-01-24T18:27:50.959-05:00,IdeState,Inactive,,*,-1,-1
2025-01-24T18:27:51.960-05:00,IdeState,Inactive,,*,-1,-1
2025-01-24T18:27:52.960-05:00,IdeState,Inactive,,*,-1,-1
2025-01-24T18:27:53.961-05:00,IdeState,Inactive,,*,-1,-1
2025-01-24T18:27:54.962-05:00,IdeState,Inactive,,*,-1,-1
2025-01-24T18:27:55.963-05:00,IdeState,Inactive,,*,-1,-1
2025-01-24T18:27:56.964-05:00,IdeState,Inactive,,*,-1,-1
2025-01-24T18:27:57.964-05:00,IdeState,Inactive,,*,-1,-1
2025-01-24T18:27:58.965-05:00,IdeState,Inactive,,*,-1,-1
2025-01-24T18:27:59.966-05:00,IdeState,Inactive,,*,-1,-1
2025-01-24T18:28:00.967-05:00,IdeState,Inactive,,*,-1,-1
2025-01-24T18:28:01.968-05:00,IdeState,Inactive,,*,-1,-1
2025-01-24T18:28:02.969-05:00,IdeState,Inactive,,*,-1,-1
2025-01-24T18:28:03.969-05:00,IdeState,Inactive,,*,-1,-1
2025-01-24T18:28:04.970-05:00,IdeState,Inactive,,*,-1,-1
2025-01-24T18:28:05.971-05:00,IdeState,Inactive,,*,-1,-1
2025-01-24T18:28:06.972-05:00,IdeState,Inactive,,*,-1,-1
2025-01-24T18:28:07.973-05:00,IdeState,Inactive,,*,-1,-1
2025-01-24T18:28:08.974-05:00,IdeState,Inactive,,*,-1,-1
2025-01-24T18:28:09.975-05:00,IdeState,Inactive,,*,-1,-1
2025-01-24T18:28:10.975-05:00,IdeState,Inactive,,*,-1,-1
2025-01-24T18:28:11.976-05:00,IdeState,Inactive,,*,-1,-1
2025-01-24T18:28:12.977-05:00,IdeState,Inactive,,*,-1,-1
2025-01-24T18:28:13.978-05:00,IdeState,Inactive,,*,-1,-1
2025-01-24T18:28:14.979-05:00,IdeState,Inactive,,*,-1,-1
2025-01-24T18:28:15.979-05:00,IdeState,Inactive,,*,-1,-1
2025-01-24T18:28:16.980-05:00,IdeState,Inactive,,*,-1,-1
2025-01-24T18:28:17.981-05:00,IdeState,Inactive,,*,-1,-1
2025-01-24T18:28:18.982-05:00,IdeState,Inactive,,*,-1,-1
2025-01-24T18:28:19.983-05:00,IdeState,Inactive,,*,-1,-1
2025-01-24T18:28:20.983-05:00,IdeState,Inactive,,*,-1,-1
2025-01-24T18:28:21.984-05:00,IdeState,Inactive,,*,-1,-1
2025-01-24T18:28:22.985-05:00,IdeState,Inactive,,*,-1,-1
2025-01-24T18:28:23.986-05:00,IdeState,Inactive,,*,-1,-1
2025-01-24T18:28:24.987-05:00,IdeState,Inactive,,*,-1,-1
2025-01-24T18:28:25.988-05:00,IdeState,Inactive,,*,-1,-1
2025-01-24T18:28:26.988-05:00,IdeState,Inactive,,*,-1,-1
2025-01-24T18:28:27.989-05:00,IdeState,Inactive,,*,-1,-1
2025-01-24T18:28:28.990-05:00,IdeState,Inactive,,*,-1,-1
2025-01-24T18:28:29.991-05:00,IdeState,Inactive,,*,-1,-1
2025-01-24T18:28:30.992-05:00,IdeState,Inactive,,*,-1,-1
2025-01-24T18:28:31.992-05:00,IdeState,Inactive,,*,-1,-1
2025-01-24T18:28:32.993-05:00,IdeState,Inactive,,*,-1,-1
2025-01-24T18:28:33.994-05:00,IdeState,Inactive,,*,-1,-1
2025-01-24T18:28:34.995-05:00,IdeState,Inactive,,*,-1,-1
2025-01-24T18:28:35.996-05:00,IdeState,Inactive,,*,-1,-1
2025-01-24T18:28:36.997-05:00,IdeState,Inactive,,*,-1,-1
2025-01-24T18:28:37.998-05:00,IdeState,Inactive,,*,-1,-1
2025-01-24T18:28:38.999-05:00,IdeState,Inactive,,*,-1,-1
2025-01-24T18:28:39.999-05:00,IdeState,Inactive,,*,-1,-1
2025-01-24T18:28:41.000-05:00,IdeState,Inactive,,*,-1,-1
2025-01-24T18:28:42.001-05:00,IdeState,Inactive,,*,-1,-1
2025-01-24T18:28:43.002-05:00,IdeState,Inactive,,*,-1,-1
2025-01-24T18:28:44.003-05:00,IdeState,Inactive,,*,-1,-1
2025-01-24T18:28:45.004-05:00,IdeState,Inactive,,*,-1,-1
2025-01-24T18:28:46.004-05:00,IdeState,Inactive,,*,-1,-1
2025-01-24T18:28:47.008-05:00,IdeState,Inactive,,*,-1,-1
2025-01-24T18:28:48.009-05:00,IdeState,Inactive,,*,-1,-1
2025-01-24T18:28:49.009-05:00,IdeState,Inactive,,*,-1,-1
2025-01-24T18:28:50.010-05:00,IdeState,Inactive,,*,-1,-1
2025-01-24T18:28:51.011-05:00,IdeState,Inactive,,*,-1,-1
2025-01-24T18:28:52.012-05:00,IdeState,Inactive,,*,-1,-1
2025-01-24T18:28:53.013-05:00,IdeState,Inactive,,*,-1,-1
2025-01-24T18:28:54.014-05:00,IdeState,Inactive,,*,-1,-1
2025-01-24T18:28:55.014-05:00,IdeState,Inactive,,*,-1,-1
2025-01-24T18:28:56.015-05:00,IdeState,Inactive,,*,-1,-1
2025-01-24T18:28:57.016-05:00,IdeState,Inactive,,*,-1,-1
2025-01-24T18:28:58.016-05:00,IdeState,Inactive,,*,-1,-1
2025-01-24T18:28:59.017-05:00,IdeState,Inactive,,*,-1,-1
2025-01-24T18:29:00.018-05:00,IdeState,Inactive,,*,-1,-1
2025-01-24T18:29:01.019-05:00,IdeState,Inactive,,*,-1,-1
2025-01-24T18:29:02.019-05:00,IdeState,Inactive,,*,-1,-1
2025-01-24T18:29:03.020-05:00,IdeState,Inactive,,*,-1,-1
2025-01-24T18:29:04.021-05:00,IdeState,Inactive,,*,-1,-1
2025-01-24T18:29:05.021-05:00,IdeState,Inactive,,*,-1,-1
2025-01-24T18:29:06.022-05:00,IdeState,Inactive,,*,-1,-1
2025-01-24T18:29:07.022-05:00,IdeState,Inactive,,*,-1,-1
2025-01-24T18:29:08.023-05:00,IdeState,Inactive,,*,-1,-1
2025-01-24T18:29:09.024-05:00,IdeState,Inactive,,*,-1,-1
2025-01-24T18:29:10.024-05:00,IdeState,Inactive,,*,-1,-1
2025-01-24T18:29:11.025-05:00,IdeState,Inactive,,*,-1,-1
2025-01-24T18:29:12.039-05:00,IdeState,Inactive,,*,-1,-1
2025-01-24T18:29:13.040-05:00,IdeState,Inactive,,*,-1,-1
2025-01-24T18:29:14.041-05:00,IdeState,Inactive,,*,-1,-1
2025-01-24T18:29:15.042-05:00,IdeState,Inactive,,*,-1,-1
2025-01-24T18:29:16.043-05:00,IdeState,Inactive,,*,-1,-1
2025-01-24T18:29:17.044-05:00,IdeState,Inactive,,*,-1,-1
2025-01-24T18:29:18.044-05:00,IdeState,Inactive,,*,-1,-1
2025-01-24T18:29:19.045-05:00,IdeState,Inactive,,*,-1,-1
2025-01-24T18:29:20.046-05:00,IdeState,Inactive,,*,-1,-1
2025-01-24T18:29:21.047-05:00,IdeState,Inactive,,*,-1,-1
2025-01-24T18:29:22.048-05:00,IdeState,Inactive,,*,-1,-1
2025-01-24T18:29:23.048-05:00,IdeState,Inactive,,*,-1,-1
2025-01-24T18:29:24.049-05:00,IdeState,Inactive,,*,-1,-1
2025-01-24T18:29:25.050-05:00,IdeState,Inactive,,*,-1,-1
2025-01-24T18:29:26.050-05:00,IdeState,Inactive,,*,-1,-1
2025-01-24T18:29:27.051-05:00,IdeState,Inactive,,*,-1,-1
2025-01-24T18:29:28.052-05:00,IdeState,Inactive,,*,-1,-1
2025-01-24T18:29:29.053-05:00,IdeState,Inactive,,*,-1,-1
2025-01-24T18:29:30.054-05:00,IdeState,Inactive,,*,-1,-1
2025-01-24T18:29:31.055-05:00,IdeState,Inactive,,*,-1,-1
2025-01-24T18:29:32.055-05:00,IdeState,Inactive,,*,-1,-1
2025-01-24T18:29:33.056-05:00,IdeState,Inactive,,*,-1,-1
2025-01-24T18:29:34.056-05:00,IdeState,Inactive,,*,-1,-1
2025-01-24T18:29:35.057-05:00,IdeState,Inactive,,*,-1,-1
2025-01-24T18:29:36.057-05:00,IdeState,Inactive,,*,-1,-1
2025-01-24T18:29:37.058-05:00,IdeState,Inactive,,*,-1,-1
2025-01-24T18:29:38.058-05:00,IdeState,Inactive,,*,-1,-1
2025-01-24T18:29:39.059-05:00,IdeState,Inactive,,*,-1,-1
2025-01-24T18:29:40.059-05:00,IdeState,Inactive,,*,-1,-1
2025-01-24T18:29:41.060-05:00,IdeState,Inactive,,*,-1,-1
2025-01-24T18:29:42.061-05:00,IdeState,Inactive,,*,-1,-1
2025-01-24T18:29:43.061-05:00,IdeState,Inactive,,*,-1,-1
2025-01-24T18:29:44.062-05:00,IdeState,Inactive,,*,-1,-1
2025-01-24T18:29:45.062-05:00,IdeState,Inactive,,*,-1,-1
2025-01-24T18:29:46.063-05:00,IdeState,Inactive,,*,-1,-1
2025-01-24T18:29:47.064-05:00,IdeState,Inactive,,*,-1,-1
2025-01-24T18:29:48.064-05:00,IdeState,Inactive,,*,-1,-1
2025-01-24T18:29:49.065-05:00,IdeState,Inactive,,*,-1,-1
2025-01-24T18:29:50.066-05:00,IdeState,Inactive,,*,-1,-1
2025-01-24T18:29:51.066-05:00,IdeState,Inactive,,*,-1,-1
2025-01-24T18:29:52.067-05:00,IdeState,Inactive,,*,-1,-1
2025-01-24T18:29:53.068-05:00,IdeState,Inactive,,*,-1,-1
2025-01-24T18:29:54.068-05:00,IdeState,Inactive,,*,-1,-1
2025-01-24T18:29:55.069-05:00,IdeState,Inactive,,*,-1,-1
2025-01-24T18:29:56.070-05:00,IdeState,Inactive,,*,-1,-1
2025-01-24T18:29:57.070-05:00,IdeState,Inactive,,*,-1,-1
2025-01-24T18:29:58.071-05:00,IdeState,Inactive,,*,-1,-1
2025-01-24T18:29:59.072-05:00,IdeState,Inactive,,*,-1,-1
2025-01-24T18:30:00.073-05:00,IdeState,Inactive,,*,-1,-1
2025-01-24T18:30:01.074-05:00,IdeState,Inactive,,*,-1,-1
2025-01-24T18:30:02.075-05:00,IdeState,Inactive,,*,-1,-1
2025-01-24T18:30:03.075-05:00,IdeState,Inactive,,*,-1,-1
2025-01-24T18:30:04.076-05:00,IdeState,Inactive,,*,-1,-1
2025-01-24T18:30:05.077-05:00,IdeState,Inactive,,*,-1,-1
2025-01-24T18:30:06.078-05:00,IdeState,Inactive,,*,-1,-1
2025-01-24T18:30:07.079-05:00,IdeState,Inactive,,*,-1,-1
2025-01-24T18:30:08.079-05:00,IdeState,Inactive,,*,-1,-1
2025-01-24T18:30:09.080-05:00,IdeState,Inactive,,*,-1,-1
2025-01-24T18:30:10.081-05:00,IdeState,Inactive,,*,-1,-1
2025-01-24T18:30:11.082-05:00,IdeState,Inactive,,*,-1,-1
2025-01-24T18:30:12.082-05:00,IdeState,Inactive,,*,-1,-1
2025-01-24T18:30:13.082-05:00,IdeState,Inactive,,*,-1,-1
2025-01-24T18:30:14.083-05:00,IdeState,Inactive,,*,-1,-1
2025-01-24T18:30:15.084-05:00,IdeState,Inactive,,*,-1,-1
2025-01-24T18:30:16.084-05:00,IdeState,Inactive,,*,-1,-1
2025-01-24T18:30:17.084-05:00,IdeState,Inactive,,*,-1,-1
2025-01-24T18:30:18.085-05:00,IdeState,Inactive,,*,-1,-1
2025-01-24T18:30:19.085-05:00,IdeState,Inactive,,*,-1,-1
2025-01-24T18:30:20.086-05:00,IdeState,Inactive,,*,-1,-1
2025-01-24T18:30:21.086-05:00,IdeState,Inactive,,*,-1,-1
2025-01-24T18:30:22.087-05:00,IdeState,Inactive,,*,-1,-1
2025-01-24T18:30:23.088-05:00,IdeState,Inactive,,*,-1,-1
2025-01-24T18:30:24.089-05:00,IdeState,Inactive,,*,-1,-1
2025-01-24T18:30:25.090-05:00,IdeState,Inactive,,*,-1,-1
2025-01-24T18:30:26.091-05:00,IdeState,Inactive,,*,-1,-1
2025-01-24T18:30:27.092-05:00,IdeState,Inactive,,*,-1,-1
2025-01-24T18:30:28.092-05:00,IdeState,Inactive,,*,-1,-1
2025-01-24T18:30:29.093-05:00,IdeState,Inactive,,*,-1,-1
2025-01-24T18:30:30.094-05:00,IdeState,Inactive,,*,-1,-1
2025-01-24T18:30:31.095-05:00,IdeState,Inactive,,*,-1,-1
2025-01-24T18:30:32.096-05:00,IdeState,Inactive,,*,-1,-1
2025-01-24T18:30:33.097-05:00,IdeState,Inactive,,*,-1,-1
2025-01-24T18:30:34.097-05:00,IdeState,Inactive,,*,-1,-1
2025-01-24T18:30:35.098-05:00,IdeState,Inactive,,*,-1,-1
2025-01-24T18:30:36.099-05:00,IdeState,Inactive,,*,-1,-1
2025-01-24T18:30:37.099-05:00,IdeState,Inactive,,*,-1,-1
2025-01-24T18:30:38.100-05:00,IdeState,Inactive,,*,-1,-1
2025-01-24T18:30:39.100-05:00,IdeState,Inactive,,*,-1,-1
2025-01-24T18:30:40.101-05:00,IdeState,Inactive,,*,-1,-1
2025-01-24T18:30:41.101-05:00,IdeState,Inactive,,*,-1,-1
2025-01-24T18:30:42.102-05:00,IdeState,Inactive,,*,-1,-1
2025-01-24T18:30:43.103-05:00,IdeState,Inactive,,*,-1,-1
2025-01-24T18:30:44.103-05:00,IdeState,Inactive,,*,-1,-1
2025-01-24T18:30:45.104-05:00,IdeState,Inactive,,*,-1,-1
2025-01-24T18:30:46.105-05:00,IdeState,Inactive,,*,-1,-1
2025-01-24T18:30:47.105-05:00,IdeState,Inactive,,*,-1,-1
2025-01-24T18:30:48.106-05:00,IdeState,Inactive,,*,-1,-1
2025-01-24T18:30:49.107-05:00,IdeState,Inactive,,*,-1,-1
2025-01-24T18:30:50.107-05:00,IdeState,Inactive,,*,-1,-1
2025-01-24T18:30:51.108-05:00,IdeState,Inactive,,*,-1,-1
2025-01-24T18:30:52.109-05:00,IdeState,Inactive,,*,-1,-1
2025-01-24T18:30:53.110-05:00,IdeState,Inactive,,*,-1,-1
2025-01-24T18:30:54.110-05:00,IdeState,Inactive,,*,-1,-1
2025-01-24T18:30:55.110-05:00,IdeState,Inactive,,*,-1,-1
2025-01-24T18:30:56.111-05:00,IdeState,Inactive,,*,-1,-1
2025-01-24T18:30:57.112-05:00,IdeState,Inactive,,*,-1,-1
2025-01-24T18:30:58.113-05:00,IdeState,Inactive,,*,-1,-1
2025-01-24T18:30:59.114-05:00,IdeState,Inactive,,*,-1,-1
2025-01-24T18:31:00.114-05:00,IdeState,Inactive,,*,-1,-1
2025-01-24T18:31:01.115-05:00,IdeState,Inactive,,*,-1,-1
2025-01-24T18:31:02.115-05:00,IdeState,Inactive,,*,-1,-1
2025-01-24T18:31:03.116-05:00,IdeState,Inactive,,*,-1,-1
2025-01-24T18:31:04.116-05:00,IdeState,Inactive,,*,-1,-1
2025-01-24T18:31:05.117-05:00,IdeState,Inactive,,*,-1,-1
2025-01-24T18:31:06.118-05:00,IdeState,Inactive,,*,-1,-1
2025-01-24T18:31:07.118-05:00,IdeState,Inactive,,*,-1,-1
2025-01-24T18:31:08.119-05:00,IdeState,Inactive,,*,-1,-1
2025-01-24T18:31:09.120-05:00,IdeState,Inactive,,*,-1,-1
2025-01-24T18:31:10.121-05:00,IdeState,Inactive,,*,-1,-1
2025-01-24T18:31:11.121-05:00,IdeState,Inactive,,*,-1,-1
2025-01-24T18:31:12.122-05:00,IdeState,Inactive,,*,-1,-1
2025-01-24T18:31:13.123-05:00,IdeState,Inactive,,*,-1,-1
2025-01-24T18:31:14.123-05:00,IdeState,Inactive,,*,-1,-1
2025-01-24T18:31:15.124-05:00,IdeState,Inactive,,*,-1,-1
2025-01-24T18:31:16.125-05:00,IdeState,Inactive,,*,-1,-1
2025-01-24T18:31:17.125-05:00,IdeState,Inactive,,*,-1,-1
2025-01-24T18:31:18.126-05:00,IdeState,Inactive,,*,-1,-1
2025-01-24T18:31:19.126-05:00,IdeState,Inactive,,*,-1,-1
2025-01-24T18:31:20.127-05:00,IdeState,Inactive,,*,-1,-1
2025-01-24T18:31:21.127-05:00,IdeState,Inactive,,*,-1,-1
2025-01-24T18:31:22.128-05:00,IdeState,Inactive,,*,-1,-1
2025-01-24T18:31:23.129-05:00,IdeState,Inactive,,*,-1,-1
2025-01-24T18:31:24.129-05:00,IdeState,Inactive,,*,-1,-1
2025-01-24T18:31:25.130-05:00,IdeState,Inactive,,*,-1,-1
2025-01-24T18:31:26.131-05:00,IdeState,Inactive,,*,-1,-1
2025-01-24T18:31:27.132-05:00,IdeState,Inactive,,*,-1,-1
2025-01-24T18:31:28.133-05:00,IdeState,Inactive,,*,-1,-1
2025-01-24T18:31:29.133-05:00,IdeState,Inactive,,*,-1,-1
2025-01-24T18:31:30.134-05:00,IdeState,Inactive,,*,-1,-1
2025-01-24T18:31:31.135-05:00,IdeState,Inactive,,*,-1,-1
2025-01-24T18:31:32.136-05:00,IdeState,Inactive,,*,-1,-1
2025-01-24T18:31:33.136-05:00,IdeState,Inactive,,*,-1,-1
2025-01-24T18:31:34.137-05:00,IdeState,Inactive,,*,-1,-1
2025-01-24T18:31:35.137-05:00,IdeState,Inactive,,*,-1,-1
2025-01-24T18:31:36.138-05:00,IdeState,Inactive,,*,-1,-1
2025-01-24T18:31:37.139-05:00,IdeState,Inactive,,*,-1,-1
2025-01-24T18:31:38.140-05:00,IdeState,Inactive,,*,-1,-1
2025-01-24T18:31:39.140-05:00,IdeState,Inactive,,*,-1,-1
2025-01-24T18:31:40.141-05:00,IdeState,Inactive,,*,-1,-1
2025-01-24T18:31:41.142-05:00,IdeState,Inactive,,*,-1,-1
2025-01-24T18:31:42.143-05:00,IdeState,Inactive,,*,-1,-1
2025-01-24T18:31:43.144-05:00,IdeState,Inactive,,*,-1,-1
2025-01-24T18:31:44.144-05:00,IdeState,Inactive,,*,-1,-1
2025-01-24T18:31:45.145-05:00,IdeState,Inactive,,*,-1,-1
2025-01-24T18:31:46.146-05:00,IdeState,Inactive,,*,-1,-1
2025-01-24T18:31:47.146-05:00,IdeState,Inactive,,*,-1,-1
2025-01-24T18:31:48.147-05:00,IdeState,Inactive,,*,-1,-1
2025-01-24T18:31:49.148-05:00,IdeState,Inactive,,*,-1,-1
2025-01-24T18:31:50.148-05:00,IdeState,Inactive,,*,-1,-1
2025-01-24T18:31:51.149-05:00,IdeState,Inactive,,*,-1,-1
2025-01-24T18:31:52.150-05:00,IdeState,Inactive,,*,-1,-1
2025-01-24T18:31:53.150-05:00,IdeState,Inactive,,*,-1,-1
2025-01-24T18:31:54.151-05:00,IdeState,Inactive,,*,-1,-1
2025-01-24T18:31:55.151-05:00,IdeState,Inactive,,*,-1,-1
2025-01-24T18:31:56.152-05:00,IdeState,Inactive,,*,-1,-1
2025-01-24T18:31:57.152-05:00,IdeState,Inactive,,*,-1,-1
2025-01-24T18:31:58.153-05:00,IdeState,Inactive,,*,-1,-1
2025-01-24T18:31:59.153-05:00,IdeState,Inactive,,*,-1,-1
2025-01-24T18:32:00.153-05:00,IdeState,Inactive,,*,-1,-1
2025-01-24T18:32:01.154-05:00,IdeState,Inactive,,*,-1,-1
2025-01-24T18:32:02.154-05:00,IdeState,Inactive,,*,-1,-1
2025-01-24T18:32:03.155-05:00,IdeState,Inactive,,*,-1,-1
2025-01-24T18:32:04.155-05:00,IdeState,Inactive,,*,-1,-1
2025-01-24T18:32:05.156-05:00,IdeState,Inactive,,*,-1,-1
2025-01-24T18:32:06.157-05:00,IdeState,Inactive,,*,-1,-1
2025-01-24T18:32:07.157-05:00,IdeState,Inactive,,*,-1,-1
2025-01-24T18:32:08.158-05:00,IdeState,Inactive,,*,-1,-1
2025-01-24T18:32:09.158-05:00,IdeState,Inactive,,*,-1,-1
2025-01-24T18:32:10.159-05:00,IdeState,Inactive,,*,-1,-1
2025-01-24T18:32:11.160-05:00,IdeState,Inactive,,*,-1,-1
2025-01-24T18:32:12.160-05:00,IdeState,Inactive,,*,-1,-1
2025-01-24T18:32:13.161-05:00,IdeState,Inactive,,*,-1,-1
2025-01-24T18:32:14.162-05:00,IdeState,Inactive,,*,-1,-1
2025-01-24T18:32:15.163-05:00,IdeState,Inactive,,*,-1,-1
2025-01-24T18:32:16.163-05:00,IdeState,Inactive,,*,-1,-1
2025-01-24T18:32:17.164-05:00,IdeState,Inactive,,*,-1,-1
2025-01-24T18:32:18.164-05:00,IdeState,Inactive,,*,-1,-1
2025-01-24T18:32:19.165-05:00,IdeState,Inactive,,*,-1,-1
2025-01-24T18:32:20.166-05:00,IdeState,Inactive,,*,-1,-1
2025-01-24T18:32:21.167-05:00,IdeState,Inactive,,*,-1,-1
2025-01-24T18:32:22.168-05:00,IdeState,Inactive,,*,-1,-1
2025-01-24T18:32:23.168-05:00,IdeState,Inactive,,*,-1,-1
2025-01-24T18:32:24.169-05:00,IdeState,Inactive,,*,-1,-1
2025-01-24T18:32:25.170-05:00,IdeState,Inactive,,*,-1,-1
2025-01-24T18:32:26.171-05:00,IdeState,Inactive,,*,-1,-1
2025-01-24T18:32:27.171-05:00,IdeState,Inactive,,*,-1,-1
2025-01-24T18:32:28.172-05:00,IdeState,Inactive,,*,-1,-1
2025-01-24T18:32:29.173-05:00,IdeState,Inactive,,*,-1,-1
2025-01-24T18:32:30.174-05:00,IdeState,Inactive,,*,-1,-1
2025-01-24T18:32:31.174-05:00,IdeState,Inactive,,*,-1,-1
2025-01-24T18:32:32.175-05:00,IdeState,Inactive,,*,-1,-1
2025-01-24T18:32:33.175-05:00,IdeState,Inactive,,*,-1,-1
2025-01-24T18:32:34.176-05:00,IdeState,Inactive,,*,-1,-1
2025-01-24T18:32:35.177-05:00,IdeState,Inactive,,*,-1,-1
2025-01-24T18:32:36.178-05:00,IdeState,Inactive,,*,-1,-1
2025-01-24T18:32:37.179-05:00,IdeState,Inactive,,*,-1,-1
2025-01-24T18:32:38.179-05:00,IdeState,Inactive,,*,-1,-1
2025-01-24T18:32:39.181-05:00,IdeState,Inactive,,*,-1,-1
2025-01-24T18:32:40.182-05:00,IdeState,Inactive,,*,-1,-1
2025-01-24T18:32:41.183-05:00,IdeState,Inactive,,*,-1,-1
2025-01-24T18:32:42.183-05:00,IdeState,Inactive,,*,-1,-1
2025-01-24T18:32:43.184-05:00,IdeState,Inactive,,*,-1,-1
2025-01-24T18:32:44.184-05:00,IdeState,Inactive,,*,-1,-1
2025-01-24T18:58:07.015-05:00,IdeState,Inactive,,*,-1,-1
2025-01-24T18:58:08.073-05:00,IdeState,Active,Popup,*,-1,-1
2025-01-24T18:58:09.717-05:00,IdeState,Active,Popup,*,-1,-1
2025-01-24T18:58:11.062-05:00,IdeState,Active,Editor,*,16,0
2025-01-24T18:58:12.064-05:00,IdeState,Active,Editor,*,16,0
2025-01-24T18:58:13.064-05:00,IdeState,Active,Editor,*,16,0
2025-01-24T18:58:14.065-05:00,IdeState,Active,Editor,*,16,0
2025-01-24T18:58:15.066-05:00,IdeState,Active,Project,*,16,0
2025-01-24T18:58:16.069-05:00,IdeState,Active,Project,*,16,0
2025-01-24T18:58:17.070-05:00,IdeState,Active,tasktracker,*,16,0
2025-01-24T18:58:18.150-05:00,IdeState,Active,Project,*,-1,-1
2025-01-24T18:58:19.151-05:00,IdeState,Active,Editor,*,0,0
2025-01-24T18:58:20.152-05:00,IdeState,Active,Editor,*,0,0
2025-01-24T18:58:21.154-05:00,IdeState,Active,Editor,*,0,0
2025-01-24T18:58:22.155-05:00,IdeState,Active,Editor,*,0,0
2025-01-24T18:58:23.157-05:00,IdeState,Active,Editor,*,0,0
2025-01-24T18:58:24.158-05:00,IdeState,Active,Editor,*,0,0
2025-01-24T18:58:25.160-05:00,IdeState,Active,Editor,*,0,0
2025-01-24T18:58:26.161-05:00,IdeState,Active,Editor,*,0,0
2025-01-24T18:58:27.162-05:00,IdeState,Active,Editor,*,0,0
2025-01-24T18:58:28.163-05:00,IdeState,Active,Editor,*,0,0
2025-01-24T18:58:29.163-05:00,IdeState,Active,Editor,*,0,0
2025-01-24T18:58:30.164-05:00,IdeState,Inactive,,*,-1,-1
2025-01-24T18:58:31.165-05:00,IdeState,Inactive,,*,-1,-1
2025-01-24T18:58:32.166-05:00,IdeState,Inactive,,*,-1,-1
2025-01-24T18:58:33.166-05:00,IdeState,Inactive,,*,-1,-1
2025-01-24T18:58:34.167-05:00,IdeState,Inactive,,*,-1,-1
2025-01-24T18:58:35.168-05:00,IdeState,Inactive,,*,-1,-1
2025-01-24T18:58:36.169-05:00,IdeState,Inactive,,*,-1,-1
2025-01-24T18:58:37.170-05:00,IdeState,Inactive,,*,-1,-1
2025-01-24T18:58:38.171-05:00,IdeState,Inactive,,*,-1,-1
2025-01-24T18:58:39.172-05:00,IdeState,Inactive,,*,-1,-1
2025-01-24T18:58:40.173-05:00,IdeState,Inactive,,*,-1,-1
2025-01-24T18:58:41.174-05:00,IdeState,Inactive,,*,-1,-1
2025-01-24T18:58:42.176-05:00,IdeState,Inactive,,*,-1,-1
2025-01-24T18:58:43.177-05:00,IdeState,Inactive,,*,-1,-1
2025-01-24T18:58:44.178-05:00,IdeState,Inactive,,*,-1,-1
2025-01-24T18:58:45.179-05:00,IdeState,Inactive,,*,-1,-1
2025-01-24T18:58:46.180-05:00,IdeState,Inactive,,*,-1,-1
2025-01-24T18:58:47.181-05:00,IdeState,Inactive,,*,-1,-1
2025-01-24T18:58:48.183-05:00,IdeState,Inactive,,*,-1,-1
2025-01-24T18:58:49.184-05:00,IdeState,Inactive,,*,-1,-1
2025-01-24T18:58:50.185-05:00,IdeState,Inactive,,*,-1,-1
2025-01-24T18:58:51.186-05:00,IdeState,Inactive,,*,-1,-1
2025-01-24T18:58:52.188-05:00,IdeState,Inactive,,*,-1,-1
2025-01-24T18:58:53.188-05:00,IdeState,Inactive,,*,-1,-1
2025-01-24T18:58:54.189-05:00,IdeState,Inactive,,*,-1,-1
2025-01-24T18:58:55.190-05:00,IdeState,Inactive,,*,-1,-1
2025-01-24T18:58:56.191-05:00,IdeState,Inactive,,*,-1,-1
2025-01-24T18:58:57.192-05:00,IdeState,Inactive,,*,-1,-1
2025-01-24T18:58:58.193-05:00,IdeState,Inactive,,*,-1,-1
2025-01-24T18:58:59.194-05:00,IdeState,Inactive,,*,-1,-1
2025-01-24T18:59:00.195-05:00,IdeState,Inactive,,*,-1,-1
2025-01-24T18:59:01.197-05:00,IdeState,Inactive,,*,-1,-1
2025-01-24T18:59:02.198-05:00,IdeState,Inactive,,*,-1,-1
2025-01-24T18:59:03.199-05:00,IdeState,Inactive,,*,-1,-1
2025-01-24T18:59:04.200-05:00,IdeState,Inactive,,*,-1,-1
2025-01-24T18:59:05.201-05:00,IdeState,Inactive,,*,-1,-1
2025-01-24T18:59:06.202-05:00,IdeState,Inactive,,*,-1,-1
2025-01-24T18:59:07.202-05:00,IdeState,Inactive,,*,-1,-1
2025-01-24T18:59:08.203-05:00,IdeState,Inactive,,*,-1,-1
2025-01-24T18:59:09.204-05:00,IdeState,Inactive,,*,-1,-1
2025-01-24T18:59:10.206-05:00,IdeState,Inactive,,*,-1,-1
2025-01-24T18:59:11.207-05:00,IdeState,Inactive,,*,-1,-1
2025-01-24T18:59:12.207-05:00,IdeState,Inactive,,*,-1,-1
2025-01-24T18:59:13.208-05:00,IdeState,Inactive,,*,-1,-1
2025-01-24T18:59:14.209-05:00,IdeState,Inactive,,*,-1,-1
2025-01-24T18:59:15.211-05:00,IdeState,Inactive,,*,-1,-1
2025-01-24T18:59:16.212-05:00,IdeState,Inactive,,*,-1,-1
2025-01-24T18:59:17.213-05:00,IdeState,Inactive,,*,-1,-1
2025-01-24T18:59:18.214-05:00,IdeState,Inactive,,*,-1,-1
2025-01-24T18:59:19.215-05:00,IdeState,Inactive,,*,-1,-1
2025-01-24T18:59:20.216-05:00,IdeState,Inactive,,*,-1,-1
2025-01-24T18:59:21.217-05:00,IdeState,Inactive,,*,-1,-1
2025-01-24T18:59:22.218-05:00,IdeState,Inactive,,*,-1,-1
2025-01-24T18:59:23.219-05:00,IdeState,Inactive,,*,-1,-1
2025-01-24T18:59:24.220-05:00,IdeState,Inactive,,*,-1,-1
2025-01-24T18:59:25.221-05:00,IdeState,Inactive,,*,-1,-1
2025-01-24T18:59:26.222-05:00,IdeState,Inactive,,*,-1,-1
2025-01-24T18:59:27.223-05:00,IdeState,Inactive,,*,-1,-1
2025-01-24T18:59:28.224-05:00,IdeState,Inactive,,*,-1,-1
2025-01-24T18:59:29.225-05:00,IdeState,Inactive,,*,-1,-1
2025-01-24T18:59:30.226-05:00,IdeState,Inactive,,*,-1,-1
2025-01-24T18:59:31.227-05:00,IdeState,Inactive,,*,-1,-1
2025-01-24T18:59:32.228-05:00,IdeState,Inactive,,*,-1,-1
2025-01-24T18:59:33.229-05:00,IdeState,Inactive,,*,-1,-1
2025-01-24T18:59:34.230-05:00,IdeState,Inactive,,*,-1,-1
2025-01-24T18:59:35.231-05:00,IdeState,Inactive,,*,-1,-1
2025-01-24T18:59:36.231-05:00,IdeState,Inactive,,*,-1,-1
2025-01-24T19:08:33.717-05:00,IdeState,NoProject,,*,-1,-1
2025-01-24T19:08:35.358-05:00,IdeState,Active,Popup,*,-1,-1
2025-01-24T19:08:36.942-05:00,IdeState,Active,Popup,*,0,0
2025-01-24T19:08:38.375-05:00,IdeState,Active,Editor,*,0,0
2025-01-24T19:08:40.016-05:00,IdeState,Active,Editor,*,0,0
2025-01-24T19:08:41.066-05:00,IdeState,Active,Editor,*,0,0
2025-01-24T19:08:42.068-05:00,IdeState,Active,Editor,*,0,0
2025-01-24T19:08:43.155-05:00,IdeState,Active,Project,*,16,0
2025-01-24T19:08:44.156-05:00,IdeState,Active,Project,*,16,0
2025-01-24T19:08:45.158-05:00,IdeState,Active,tasktracker,*,16,0
2025-01-24T19:08:46.161-05:00,IdeState,Active,Editor,*,0,0
2025-01-24T19:08:47.161-05:00,IdeState,Active,Editor,*,0,0
2025-01-24T19:08:48.162-05:00,IdeState,Active,Editor,*,0,0
2025-01-24T19:08:49.163-05:00,IdeState,Active,Editor,*,0,0
2025-01-24T19:08:50.164-05:00,IdeState,Active,Editor,*,0,0
2025-01-24T19:08:51.165-05:00,IdeState,Active,Editor,*,0,0
2025-01-24T19:08:52.166-05:00,IdeState,Active,tasktracker,*,0,0
2025-01-24T19:08:53.167-05:00,IdeState,Active,tasktracker,*,0,0
2025-01-24T19:08:54.168-05:00,IdeState,Active,tasktracker,*,0,0
2025-01-24T19:08:55.169-05:00,IdeState,Active,tasktracker,*,0,0
2025-01-24T19:08:56.170-05:00,IdeState,Active,tasktracker,*,0,0
2025-01-24T19:08:57.171-05:00,IdeState,Active,tasktracker,*,0,0
2025-01-24T19:08:58.172-05:00,IdeState,Active,tasktracker,*,0,0
2025-01-24T19:08:59.173-05:00,IdeState,Active,tasktracker,*,0,0
2025-01-24T19:09:00.174-05:00,IdeState,Active,tasktracker,*,0,0
2025-01-24T19:09:01.175-05:00,IdeState,Active,tasktracker,*,0,0
2025-01-24T19:09:02.176-05:00,IdeState,Active,tasktracker,*,0,0
2025-01-24T19:09:03.177-05:00,IdeState,Active,tasktracker,*,0,0
2025-01-24T19:09:04.178-05:00,IdeState,Active,tasktracker,*,0,0
2025-01-24T19:09:05.179-05:00,IdeState,Active,tasktracker,*,0,0
2025-01-24T19:09:06.179-05:00,IdeState,Active,tasktracker,*,0,0
2025-01-24T19:09:07.180-05:00,IdeState,Active,tasktracker,*,0,0
2025-01-24T19:09:08.181-05:00,IdeState,Active,tasktracker,*,0,0
2025-01-24T19:09:09.182-05:00,IdeState,Active,tasktracker,*,0,0
2025-01-24T19:09:10.183-05:00,IdeState,Active,tasktracker,*,0,0
2025-01-24T19:09:11.184-05:00,IdeState,Active,tasktracker,*,0,0
2025-01-24T19:09:12.185-05:00,IdeState,Active,tasktracker,*,0,0
2025-01-24T19:09:13.186-05:00,IdeState,Active,tasktracker,*,0,0
2025-01-24T19:09:14.187-05:00,IdeState,Active,tasktracker,*,0,0
2025-01-24T19:09:15.188-05:00,IdeState,Active,tasktracker,*,0,0
2025-01-24T19:09:16.189-05:00,IdeState,Active,tasktracker,*,0,0
2025-01-24T19:09:17.190-05:00,IdeState,Active,tasktracker,*,0,0
2025-01-24T19:09:18.191-05:00,IdeState,Inactive,,*,-1,-1
2025-01-24T19:09:19.192-05:00,IdeState,Inactive,,*,-1,-1
2025-01-24T19:09:20.193-05:00,IdeState,Inactive,,*,-1,-1
2025-01-24T19:09:21.194-05:00,IdeState,Inactive,,*,-1,-1
2025-01-24T19:09:22.195-05:00,IdeState,Inactive,,*,-1,-1
2025-01-24T19:09:23.196-05:00,IdeState,Inactive,,*,-1,-1
2025-01-24T19:09:24.197-05:00,IdeState,Inactive,,*,-1,-1
2025-01-24T19:09:25.199-05:00,IdeState,Inactive,,*,-1,-1
2025-01-24T19:09:26.200-05:00,IdeState,Inactive,,*,-1,-1
2025-01-24T19:09:27.201-05:00,IdeState,Inactive,,*,-1,-1
2025-01-24T19:09:28.201-05:00,IdeState,Inactive,,*,-1,-1
2025-01-24T19:09:29.202-05:00,IdeState,Inactive,,*,-1,-1
2025-01-24T19:09:30.203-05:00,IdeState,Inactive,,*,-1,-1
2025-01-24T19:09:31.204-05:00,IdeState,Inactive,,*,-1,-1
2025-01-24T19:09:32.205-05:00,IdeState,Inactive,,*,-1,-1
2025-01-24T19:09:33.206-05:00,IdeState,Inactive,,*,-1,-1
2025-01-24T19:09:34.207-05:00,IdeState,Inactive,,*,-1,-1
2025-01-24T19:09:35.208-05:00,IdeState,Inactive,,*,-1,-1
2025-01-24T19:09:36.210-05:00,IdeState,Inactive,,*,-1,-1
2025-01-24T19:09:37.210-05:00,IdeState,Inactive,,*,-1,-1
2025-01-24T19:09:38.211-05:00,IdeState,Inactive,,*,-1,-1
2025-01-24T19:09:39.212-05:00,IdeState,Inactive,,*,-1,-1
2025-01-24T19:09:40.213-05:00,IdeState,Inactive,,*,-1,-1
2025-01-24T19:09:41.213-05:00,IdeState,Inactive,,*,-1,-1
2025-01-24T19:09:42.214-05:00,IdeState,Inactive,,*,-1,-1
2025-01-24T19:09:43.215-05:00,IdeState,Inactive,,*,-1,-1
2025-01-24T19:09:44.216-05:00,IdeState,Inactive,,*,-1,-1
2025-01-24T19:09:45.217-05:00,IdeState,Inactive,,*,-1,-1
2025-01-24T19:09:46.218-05:00,IdeState,Inactive,,*,-1,-1
2025-01-24T19:09:47.219-05:00,IdeState,Inactive,,*,-1,-1
2025-01-24T19:09:48.220-05:00,IdeState,Inactive,,*,-1,-1
2025-01-24T19:09:49.221-05:00,IdeState,Inactive,,*,-1,-1
2025-01-24T19:09:50.221-05:00,IdeState,Inactive,,*,-1,-1
2025-01-24T19:09:51.222-05:00,IdeState,Inactive,,*,-1,-1
2025-01-24T19:09:52.224-05:00,IdeState,Inactive,,*,-1,-1
2025-01-24T19:09:53.224-05:00,IdeState,Inactive,,*,-1,-1
2025-01-24T19:09:54.225-05:00,IdeState,Inactive,,*,-1,-1
2025-01-24T19:09:55.226-05:00,IdeState,Inactive,,*,-1,-1
2025-01-24T19:09:56.227-05:00,IdeState,Inactive,,*,-1,-1
2025-01-24T19:09:57.228-05:00,IdeState,Inactive,,*,-1,-1
2025-01-24T19:09:58.229-05:00,IdeState,Inactive,,*,-1,-1
2025-01-24T19:09:59.230-05:00,IdeState,Inactive,,*,-1,-1
2025-01-24T19:10:00.231-05:00,IdeState,Inactive,,*,-1,-1
2025-01-24T19:10:01.232-05:00,IdeState,Inactive,,*,-1,-1
2025-01-24T19:10:02.233-05:00,IdeState,Inactive,,*,-1,-1
2025-01-24T19:10:03.233-05:00,IdeState,Inactive,,*,-1,-1
2025-01-24T19:10:04.234-05:00,IdeState,Inactive,,*,-1,-1
2025-01-24T19:10:05.236-05:00,IdeState,Inactive,,*,-1,-1
2025-01-24T19:10:06.236-05:00,IdeState,Inactive,,*,-1,-1
2025-01-24T19:10:07.237-05:00,IdeState,Inactive,,*,-1,-1
2025-01-24T19:10:08.238-05:00,IdeState,Inactive,,*,-1,-1
2025-01-24T19:10:09.238-05:00,IdeState,Inactive,,*,-1,-1
2025-01-24T19:10:10.239-05:00,IdeState,Inactive,,*,-1,-1
2025-01-24T19:10:11.240-05:00,IdeState,Inactive,,*,-1,-1
2025-01-24T19:10:12.241-05:00,IdeState,Inactive,,*,-1,-1
2025-02-08T12:54:26.430-05:00,IdeState,Inactive,,*,-1,-1
2025-02-08T12:54:27.504-05:00,IdeState,NoProject,,*,-1,-1
2025-02-08T12:54:28.516-05:00,IdeState,NoProject,,*,-1,-1
2025-02-08T12:54:29.518-05:00,IdeState,NoProject,,*,-1,-1
2025-02-08T12:54:30.520-05:00,IdeState,NoProject,,*,-1,-1
2025-02-08T12:54:31.521-05:00,IdeState,NoProject,,*,-1,-1
2025-02-08T12:54:32.532-05:00,IdeState,NoProject,,*,-1,-1
2025-02-08T12:54:33.627-05:00,IdeState,Active,Popup,*,-1,-1
2025-02-08T12:54:34.854-05:00,IdeState,Active,Popup,*,-1,-1
2025-02-08T12:54:35.904-05:00,IdeState,Active,Popup,*,-1,-1
2025-02-08T12:54:38.053-05:00,IdeState,Active,Project,*,-1,-1
2025-02-08T12:54:38.217-05:00,Action,SettingsEntryPoint,Project,*,-1,-1
2025-02-08T12:54:41.564-05:00,IdeState,Active,Project,*,-1,-1
2025-02-08T12:54:42.733-05:00,IdeState,Active,Editor,*,0,0
2025-02-08T12:54:43.876-05:00,IdeState,Active,Popup,*,0,0
2025-02-08T12:54:44.040-05:00,Action,WelcomeScreen.Plugins,,*,-1,-1
2025-02-08T12:54:47.614-05:00,IdeState,Active,Editor,*,0,0
2025-02-08T12:54:48.628-05:00,IdeState,Active,Dialog,*,0,0
2025-02-08T12:54:49.818-05:00,IdeState,Active,Dialog,*,0,0
2025-02-08T12:54:50.822-05:00,IdeState,Active,Dialog,*,0,0
2025-02-08T12:54:51.824-05:00,IdeState,Active,Dialog,*,0,0
2025-02-08T12:54:52.827-05:00,IdeState,Active,Dialog,*,0,0
2025-02-08T12:54:53.863-05:00,IdeState,Inactive,,*,-1,-1
2025-02-08T12:54:54.878-05:00,IdeState,Active,Dialog,*,0,0
2025-02-08T12:54:56.043-05:00,IdeState,Active,Dialog,*,0,0
2025-02-08T12:54:57.046-05:00,IdeState,Inactive,,*,-1,-1
2025-02-08T12:54:58.047-05:00,IdeState,Active,Dialog,*,0,0
2025-02-08T12:54:59.050-05:00,IdeState,Active,Dialog,*,0,0
2025-02-08T12:55:00.052-05:00,IdeState,Inactive,,*,-1,-1
2025-02-08T12:55:01.053-05:00,IdeState,Active,Dialog,*,0,0
2025-02-08T12:55:02.056-05:00,IdeState,Active,Dialog,*,0,0
2025-02-08T12:55:03.103-05:00,IdeState,Active,Dialog,*,0,0
2025-02-08T12:55:04.104-05:00,IdeState,Inactive,,*,-1,-1
2025-02-08T13:05:28.385-05:00,IdeState,NoProject,,*,-1,-1
2025-02-08T13:05:30.212-05:00,IdeState,Active,Popup,*,-1,-1
2025-02-08T13:05:31.877-05:00,IdeState,Active,Editor,*,11,32
2025-02-08T13:05:33.079-05:00,IdeState,Active,Editor,*,11,32
2025-02-08T13:05:34.081-05:00,IdeState,Active,Editor,*,11,32
2025-02-08T13:05:35.082-05:00,IdeState,Active,Editor,*,11,32
2025-02-08T13:05:36.083-05:00,IdeState,Inactive,,*,-1,-1
2025-02-08T13:05:37.153-05:00,IdeState,Inactive,,*,-1,-1
2025-02-08T13:05:38.166-05:00,IdeState,Inactive,,*,-1,-1
2025-02-08T13:05:39.169-05:00,IdeState,Inactive,,*,-1,-1
2025-02-08T13:05:40.174-05:00,IdeState,Inactive,,*,-1,-1
2025-02-08T13:05:41.175-05:00,IdeState,Inactive,,*,-1,-1
2025-02-08T13:05:42.176-05:00,IdeState,Inactive,,*,-1,-1
2025-02-08T13:05:43.177-05:00,IdeState,Inactive,,*,-1,-1
2025-02-08T13:05:44.178-05:00,IdeState,Inactive,,*,-1,-1
2025-02-08T13:05:45.178-05:00,IdeState,Inactive,,*,-1,-1
2025-02-08T13:05:46.180-05:00,IdeState,Inactive,,*,-1,-1
2025-02-08T13:05:47.181-05:00,IdeState,Inactive,,*,-1,-1
2025-02-08T13:05:48.182-05:00,IdeState,Inactive,,*,-1,-1
2025-02-08T13:05:49.183-05:00,IdeState,Inactive,,*,-1,-1
2025-02-08T13:05:50.183-05:00,IdeState,Inactive,,*,-1,-1
2025-02-08T13:05:51.184-05:00,IdeState,Inactive,,*,-1,-1
2025-02-08T13:05:52.185-05:00,IdeState,Inactive,,*,-1,-1
2025-02-08T13:05:53.186-05:00,IdeState,Inactive,,*,-1,-1
2025-02-08T13:05:54.187-05:00,IdeState,Inactive,,*,-1,-1
2025-02-08T13:05:55.188-05:00,IdeState,Inactive,,*,-1,-1
2025-02-08T13:05:56.189-05:00,IdeState,Inactive,,*,-1,-1
2025-02-08T13:05:57.190-05:00,IdeState,Inactive,,*,-1,-1
2025-02-08T13:05:58.190-05:00,IdeState,Inactive,,*,-1,-1
2025-02-08T13:05:59.191-05:00,IdeState,Active,Editor,*,16,0
2025-02-08T13:06:00.192-05:00,IdeState,Active,Editor,*,16,0
2025-02-08T13:06:01.193-05:00,IdeState,Active,Editor,*,16,0
2025-02-08T13:06:02.194-05:00,IdeState,Active,tasktracker,*,16,0
2025-02-08T13:06:03.194-05:00,IdeState,Active,tasktracker,*,16,0
2025-02-08T13:06:04.195-05:00,IdeState,Active,tasktracker,*,16,0
2025-02-08T13:06:05.196-05:00,IdeState,Active,tasktracker,*,16,0
2025-02-08T13:06:06.196-05:00,IdeState,Active,Dialog,*,16,0
2025-02-08T13:06:07.197-05:00,IdeState,Active,Dialog,*,16,0
2025-02-08T13:06:08.198-05:00,IdeState,Active,Dialog,*,16,0
2025-02-08T13:06:09.199-05:00,IdeState,Active,Dialog,*,16,0
2025-02-08T13:06:10.201-05:00,IdeState,Active,Dialog,*,16,0
2025-02-08T13:06:11.201-05:00,IdeState,Active,Dialog,*,16,0
2025-02-08T13:06:12.202-05:00,IdeState,Active,Dialog,*,16,0
2025-02-08T13:06:13.203-05:00,IdeState,Active,Dialog,*,16,0
2025-02-08T13:06:14.203-05:00,IdeState,Inactive,,*,-1,-1
2025-02-08T13:06:15.204-05:00,IdeState,Inactive,,*,-1,-1
2025-02-08T13:06:16.205-05:00,IdeState,Inactive,,*,-1,-1
2025-02-08T13:06:17.206-05:00,IdeState,Inactive,,*,-1,-1
2025-02-08T13:06:18.206-05:00,IdeState,Inactive,,*,-1,-1
2025-02-08T13:06:19.208-05:00,IdeState,Inactive,,*,-1,-1
2025-02-08T13:06:20.208-05:00,IdeState,Inactive,,*,-1,-1
2025-02-08T13:06:21.209-05:00,IdeState,Inactive,,*,-1,-1
2025-02-08T13:06:22.210-05:00,IdeState,Inactive,,*,-1,-1
2025-02-08T13:06:23.211-05:00,IdeState,Inactive,,*,-1,-1
2025-02-08T13:06:24.211-05:00,IdeState,Active,tasktracker,*,16,0
2025-02-08T13:06:25.212-05:00,IdeState,Active,tasktracker,*,16,0
2025-02-08T13:06:26.213-05:00,IdeState,Active,tasktracker,*,16,0
2025-02-08T13:06:27.216-05:00,IdeState,Active,tasktracker,*,16,0
2025-02-08T13:06:37.022-05:00,IdeState,Inactive,,*,-1,-1
2025-02-08T13:06:38.270-05:00,IdeState,NoProject,,*,-1,-1
2025-02-08T13:06:39.761-05:00,IdeState,Active,Popup,*,-1,-1
2025-02-08T13:06:41.295-05:00,IdeState,Inactive,,*,-1,-1
2025-02-08T13:06:42.659-05:00,IdeState,Inactive,,*,-1,-1
2025-02-08T13:06:43.934-05:00,IdeState,Inactive,,*,-1,-1
2025-02-08T13:06:44.935-05:00,IdeState,Inactive,,*,-1,-1
2025-02-08T13:06:45.936-05:00,IdeState,Inactive,,*,-1,-1
2025-02-08T13:06:46.938-05:00,IdeState,Active,tasktracker,*,16,0
2025-02-08T13:06:48.108-05:00,IdeState,Active,tasktracker,*,16,0
2025-02-08T13:06:49.108-05:00,IdeState,Active,tasktracker,*,16,0
2025-02-08T13:06:50.109-05:00,IdeState,Inactive,,*,-1,-1
2025-02-08T13:06:51.110-05:00,IdeState,Inactive,,*,-1,-1
2025-02-08T13:06:52.110-05:00,IdeState,Inactive,,*,-1,-1
2025-02-08T13:06:53.111-05:00,IdeState,Inactive,,*,-1,-1
2025-02-08T13:06:54.112-05:00,IdeState,Inactive,,*,-1,-1
2025-02-08T13:06:55.113-05:00,IdeState,Inactive,,*,-1,-1
2025-02-08T13:06:56.113-05:00,IdeState,Inactive,,*,-1,-1
2025-02-08T13:06:57.114-05:00,IdeState,Inactive,,*,-1,-1
2025-02-08T13:06:58.115-05:00,IdeState,Inactive,,*,-1,-1
2025-02-08T13:06:59.116-05:00,IdeState,Inactive,,*,-1,-1
2025-02-08T13:07:00.116-05:00,IdeState,Inactive,,*,-1,-1
2025-02-08T13:07:01.117-05:00,IdeState,Inactive,,*,-1,-1
2025-02-08T13:07:02.117-05:00,IdeState,Inactive,,*,-1,-1
2025-02-08T13:07:03.118-05:00,IdeState,Inactive,,*,-1,-1
2025-02-08T13:07:04.118-05:00,IdeState,Inactive,,*,-1,-1
2025-02-08T13:07:05.119-05:00,IdeState,Inactive,,*,-1,-1
2025-02-08T13:07:06.120-05:00,IdeState,Inactive,,*,-1,-1
2025-02-08T13:07:07.121-05:00,IdeState,Inactive,,*,-1,-1
2025-02-08T13:07:08.121-05:00,IdeState,Inactive,,*,-1,-1
2025-02-08T13:07:09.122-05:00,IdeState,Inactive,,*,-1,-1
2025-02-08T13:07:10.123-05:00,IdeState,Inactive,,*,-1,-1
2025-02-08T13:07:11.124-05:00,IdeState,Inactive,,*,-1,-1
2025-02-08T13:07:12.126-05:00,IdeState,Inactive,,*,-1,-1
2025-02-08T13:07:13.128-05:00,IdeState,Inactive,,*,-1,-1
2025-02-08T13:07:14.128-05:00,IdeState,Inactive,,*,-1,-1
2025-02-08T13:07:15.129-05:00,IdeState,Inactive,,*,-1,-1
2025-02-08T13:07:16.130-05:00,IdeState,Inactive,,*,-1,-1
2025-02-08T13:07:17.131-05:00,IdeState,Inactive,,*,-1,-1
2025-02-08T13:07:18.132-05:00,IdeState,Active,tasktracker,*,16,0
2025-02-08T13:07:19.133-05:00,IdeState,Active,tasktracker,*,16,0
2025-02-08T13:07:20.134-05:00,IdeState,Active,tasktracker,*,16,0
2025-02-08T13:07:21.135-05:00,IdeState,Active,tasktracker,*,16,0
2025-02-08T13:07:22.136-05:00,IdeState,Active,tasktracker,*,16,0
2025-02-08T13:07:23.138-05:00,IdeState,Active,tasktracker,*,16,0
2025-02-08T13:07:24.139-05:00,IdeState,Inactive,,*,-1,-1
2025-02-08T13:07:25.140-05:00,IdeState,Inactive,,*,-1,-1
2025-02-08T13:07:26.141-05:00,IdeState,Inactive,,*,-1,-1
2025-02-08T13:07:27.141-05:00,IdeState,Inactive,,*,-1,-1
2025-02-08T13:07:28.142-05:00,IdeState,Inactive,,*,-1,-1
2025-02-08T13:07:29.142-05:00,IdeState,Inactive,,*,-1,-1
2025-02-08T13:07:30.143-05:00,IdeState,Inactive,,*,-1,-1
2025-02-08T13:07:31.144-05:00,IdeState,Inactive,,*,-1,-1
2025-02-08T13:07:32.145-05:00,IdeState,Inactive,,*,-1,-1
2025-02-08T13:07:33.146-05:00,IdeState,Inactive,,*,-1,-1
2025-02-08T13:07:34.147-05:00,IdeState,Inactive,,*,-1,-1
2025-02-08T13:07:35.148-05:00,IdeState,Inactive,,*,-1,-1
2025-02-08T13:07:36.149-05:00,IdeState,Inactive,,*,-1,-1
2025-02-08T13:07:37.150-05:00,IdeState,Inactive,,*,-1,-1
2025-02-08T13:07:38.150-05:00,IdeState,Inactive,,*,-1,-1
2025-02-08T13:07:39.151-05:00,IdeState,Inactive,,*,-1,-1
2025-02-08T13:07:40.153-05:00,IdeState,Inactive,,*,-1,-1
2025-02-08T13:07:41.154-05:00,IdeState,Inactive,,*,-1,-1
2025-02-08T13:07:42.155-05:00,IdeState,Inactive,,*,-1,-1
2025-02-08T13:07:43.156-05:00,IdeState,Inactive,,*,-1,-1
2025-02-08T13:07:44.157-05:00,IdeState,Inactive,,*,-1,-1
2025-02-08T13:07:45.158-05:00,IdeState,Inactive,,*,-1,-1
2025-02-08T13:07:46.159-05:00,IdeState,Inactive,,*,-1,-1
2025-02-08T13:07:47.160-05:00,IdeState,Inactive,,*,-1,-1
2025-02-08T13:07:48.161-05:00,IdeState,Inactive,,*,-1,-1
2025-02-08T13:07:49.162-05:00,IdeState,Inactive,,*,-1,-1
2025-02-08T13:07:50.163-05:00,IdeState,Inactive,,*,-1,-1
2025-02-08T13:07:51.164-05:00,IdeState,Inactive,,*,-1,-1
2025-02-08T13:07:52.165-05:00,IdeState,Inactive,,*,-1,-1
2025-02-08T13:07:53.165-05:00,IdeState,Inactive,,*,-1,-1
2025-02-08T13:07:54.166-05:00,IdeState,Inactive,,*,-1,-1
2025-02-08T13:07:55.167-05:00,IdeState,Inactive,,*,-1,-1
2025-02-08T13:07:56.167-05:00,IdeState,Inactive,,*,-1,-1
2025-02-08T13:07:57.168-05:00,IdeState,Inactive,,*,-1,-1
2025-02-08T13:07:58.168-05:00,IdeState,Inactive,,*,-1,-1
2025-02-08T13:07:59.169-05:00,IdeState,Inactive,,*,-1,-1
2025-02-08T13:08:00.169-05:00,IdeState,Inactive,,*,-1,-1
2025-02-08T13:08:01.170-05:00,IdeState,Inactive,,*,-1,-1
2025-02-08T13:08:02.171-05:00,IdeState,Inactive,,*,-1,-1
2025-02-08T13:08:03.172-05:00,IdeState,Inactive,,*,-1,-1
2025-02-08T13:08:04.173-05:00,IdeState,Inactive,,*,-1,-1
2025-02-08T13:08:05.174-05:00,IdeState,Inactive,,*,-1,-1
2025-02-08T13:08:06.175-05:00,IdeState,Inactive,,*,-1,-1
2025-02-08T13:08:07.176-05:00,IdeState,Inactive,,*,-1,-1
2025-02-08T13:08:08.177-05:00,IdeState,Inactive,,*,-1,-1
2025-02-08T13:08:09.178-05:00,IdeState,Inactive,,*,-1,-1
2025-02-08T13:08:10.179-05:00,IdeState,Inactive,,*,-1,-1
2025-02-08T13:08:11.180-05:00,IdeState,Inactive,,*,-1,-1
2025-02-08T13:08:12.181-05:00,IdeState,Inactive,,*,-1,-1
2025-02-08T13:08:13.182-05:00,IdeState,Inactive,,*,-1,-1
2025-02-08T13:08:14.183-05:00,IdeState,Inactive,,*,-1,-1
2025-02-08T13:08:15.183-05:00,IdeState,Inactive,,*,-1,-1
2025-02-08T13:08:16.185-05:00,IdeState,Inactive,,*,-1,-1
2025-02-08T13:08:17.185-05:00,IdeState,Inactive,,*,-1,-1
2025-02-08T13:08:18.187-05:00,IdeState,Inactive,,*,-1,-1
2025-02-08T13:08:19.187-05:00,IdeState,Inactive,,*,-1,-1
2025-02-08T13:08:20.188-05:00,IdeState,Inactive,,*,-1,-1
2025-02-08T13:08:21.189-05:00,IdeState,Inactive,,*,-1,-1
2025-02-08T13:08:22.189-05:00,IdeState,Inactive,,*,-1,-1
2025-02-08T13:08:23.190-05:00,IdeState,Inactive,,*,-1,-1
2025-02-08T13:08:24.191-05:00,IdeState,Inactive,,*,-1,-1
2025-02-08T13:08:25.192-05:00,IdeState,Inactive,,*,-1,-1
2025-02-08T13:08:26.192-05:00,IdeState,Inactive,,*,-1,-1
2025-02-08T13:08:27.193-05:00,IdeState,Inactive,,*,-1,-1
2025-02-08T13:08:28.194-05:00,IdeState,Inactive,,*,-1,-1
2025-02-08T13:08:29.195-05:00,IdeState,Inactive,,*,-1,-1
2025-02-08T13:08:30.196-05:00,IdeState,Inactive,,*,-1,-1
2025-02-08T13:08:31.197-05:00,IdeState,Inactive,,*,-1,-1
2025-02-08T13:08:32.197-05:00,IdeState,Inactive,,*,-1,-1
2025-02-08T13:08:33.198-05:00,IdeState,Inactive,,*,-1,-1
2025-02-08T13:08:34.199-05:00,IdeState,Inactive,,*,-1,-1
2025-02-08T13:08:35.199-05:00,IdeState,Inactive,,*,-1,-1
2025-02-08T13:08:36.200-05:00,IdeState,Inactive,,*,-1,-1
2025-02-08T13:08:37.201-05:00,IdeState,Inactive,,*,-1,-1
2025-02-08T13:08:38.202-05:00,IdeState,Inactive,,*,-1,-1
2025-02-08T13:08:39.203-05:00,IdeState,Inactive,,*,-1,-1
2025-02-08T13:08:40.204-05:00,IdeState,Inactive,,*,-1,-1
2025-02-08T13:08:41.204-05:00,IdeState,Inactive,,*,-1,-1
2025-02-08T13:08:42.205-05:00,IdeState,Inactive,,*,-1,-1
2025-02-08T13:08:43.206-05:00,IdeState,Inactive,,*,-1,-1
2025-02-08T13:08:44.207-05:00,IdeState,Inactive,,*,-1,-1
2025-02-08T13:08:45.208-05:00,IdeState,Inactive,,*,-1,-1
2025-02-08T13:08:46.209-05:00,IdeState,Inactive,,*,-1,-1
2025-02-08T13:08:47.210-05:00,IdeState,Inactive,,*,-1,-1
2025-02-08T13:08:48.211-05:00,IdeState,Inactive,,*,-1,-1
2025-02-08T13:08:49.212-05:00,IdeState,Inactive,,*,-1,-1
2025-02-08T13:08:50.213-05:00,IdeState,Inactive,,*,-1,-1
2025-02-08T13:08:51.215-05:00,IdeState,Inactive,,*,-1,-1
2025-02-08T13:08:52.216-05:00,IdeState,Inactive,,*,-1,-1
2025-02-08T13:08:53.217-05:00,IdeState,Inactive,,*,-1,-1
2025-02-08T13:08:54.217-05:00,IdeState,Inactive,,*,-1,-1
2025-02-08T13:08:55.218-05:00,IdeState,Inactive,,*,-1,-1
2025-02-08T13:08:56.219-05:00,IdeState,Inactive,,*,-1,-1
2025-02-08T13:08:57.220-05:00,IdeState,Inactive,,*,-1,-1
2025-02-08T13:08:58.221-05:00,IdeState,Inactive,,*,-1,-1
2025-02-08T13:08:59.222-05:00,IdeState,Inactive,,*,-1,-1
2025-02-08T13:09:00.223-05:00,IdeState,Inactive,,*,-1,-1
2025-02-08T13:09:01.224-05:00,IdeState,Inactive,,*,-1,-1
2025-02-08T13:09:02.225-05:00,IdeState,Inactive,,*,-1,-1
2025-02-08T13:09:03.226-05:00,IdeState,Inactive,,*,-1,-1
2025-02-08T13:09:04.227-05:00,IdeState,Inactive,,*,-1,-1
2025-02-08T13:09:05.228-05:00,IdeState,Inactive,,*,-1,-1
2025-02-08T13:09:06.229-05:00,IdeState,Inactive,,*,-1,-1
2025-02-08T13:09:07.230-05:00,IdeState,Inactive,,*,-1,-1
2025-02-08T13:09:08.231-05:00,IdeState,Inactive,,*,-1,-1
2025-02-08T13:09:09.232-05:00,IdeState,Inactive,,*,-1,-1
2025-02-08T13:09:10.233-05:00,IdeState,Inactive,,*,-1,-1
2025-02-08T13:09:11.234-05:00,IdeState,Inactive,,*,-1,-1
2025-02-08T13:09:12.235-05:00,IdeState,Inactive,,*,-1,-1
2025-02-08T13:09:13.236-05:00,IdeState,Inactive,,*,-1,-1
2025-02-08T13:09:14.237-05:00,IdeState,Inactive,,*,-1,-1
2025-02-08T13:09:15.238-05:00,IdeState,Inactive,,*,-1,-1
2025-02-08T13:09:16.239-05:00,IdeState,Inactive,,*,-1,-1
2025-02-08T13:09:17.240-05:00,IdeState,Inactive,,*,-1,-1
2025-02-08T13:09:18.241-05:00,IdeState,Inactive,,*,-1,-1
2025-02-08T13:09:19.242-05:00,IdeState,Inactive,,*,-1,-1
2025-02-08T13:09:20.243-05:00,IdeState,Inactive,,*,-1,-1
2025-02-08T13:09:21.243-05:00,IdeState,Inactive,,*,-1,-1
2025-02-08T13:09:22.244-05:00,IdeState,Inactive,,*,-1,-1
2025-02-08T13:09:23.244-05:00,IdeState,Inactive,,*,-1,-1
2025-02-08T13:09:24.245-05:00,IdeState,Inactive,,*,-1,-1
2025-02-08T13:09:25.246-05:00,IdeState,Inactive,,*,-1,-1
2025-02-08T13:09:26.247-05:00,IdeState,Inactive,,*,-1,-1
2025-02-08T13:09:27.248-05:00,IdeState,Inactive,,*,-1,-1
2025-02-08T13:09:28.249-05:00,IdeState,Inactive,,*,-1,-1
2025-02-08T13:09:29.250-05:00,IdeState,Inactive,,*,-1,-1
2025-02-08T13:09:30.250-05:00,IdeState,Inactive,,*,-1,-1
2025-02-08T13:09:31.251-05:00,IdeState,Inactive,,*,-1,-1
2025-02-08T13:09:32.252-05:00,IdeState,Inactive,,*,-1,-1
2025-02-08T13:09:33.253-05:00,IdeState,Inactive,,*,-1,-1
2025-02-08T13:09:34.254-05:00,IdeState,Inactive,,*,-1,-1
2025-02-08T13:09:35.255-05:00,IdeState,Inactive,,*,-1,-1
2025-02-08T13:09:36.255-05:00,IdeState,Inactive,,*,-1,-1
2025-02-08T13:09:37.256-05:00,IdeState,Inactive,,*,-1,-1
2025-02-08T13:09:38.257-05:00,IdeState,Inactive,,*,-1,-1
2025-02-08T13:09:39.258-05:00,IdeState,Inactive,,*,-1,-1
2025-02-08T13:09:40.258-05:00,IdeState,Inactive,,*,-1,-1
2025-02-08T13:09:41.260-05:00,IdeState,Inactive,,*,-1,-1
2025-02-08T13:09:42.260-05:00,IdeState,Inactive,,*,-1,-1
2025-02-08T13:09:43.261-05:00,IdeState,Inactive,,*,-1,-1
2025-02-08T13:09:44.262-05:00,IdeState,Inactive,,*,-1,-1
2025-02-08T13:09:45.263-05:00,IdeState,Inactive,,*,-1,-1
2025-02-08T13:09:46.264-05:00,IdeState,Inactive,,*,-1,-1
2025-02-08T13:09:47.265-05:00,IdeState,Inactive,,*,-1,-1
2025-02-08T13:09:48.266-05:00,IdeState,Inactive,,*,-1,-1
2025-02-08T13:09:49.266-05:00,IdeState,Inactive,,*,-1,-1
2025-02-08T13:09:50.267-05:00,IdeState,Inactive,,*,-1,-1
2025-02-08T13:09:51.267-05:00,IdeState,Inactive,,*,-1,-1
2025-02-08T13:09:52.269-05:00,IdeState,Inactive,,*,-1,-1
2025-02-08T13:09:53.269-05:00,IdeState,Inactive,,*,-1,-1
2025-02-08T13:09:54.271-05:00,IdeState,Inactive,,*,-1,-1
2025-02-08T13:09:55.272-05:00,IdeState,Inactive,,*,-1,-1
2025-02-08T13:09:56.272-05:00,IdeState,Inactive,,*,-1,-1
2025-02-08T13:09:57.273-05:00,IdeState,Inactive,,*,-1,-1
2025-02-08T13:09:58.274-05:00,IdeState,Inactive,,*,-1,-1
2025-02-08T13:09:59.275-05:00,IdeState,Inactive,,*,-1,-1
2025-02-08T13:10:00.276-05:00,IdeState,Inactive,,*,-1,-1
2025-02-08T13:10:01.276-05:00,IdeState,Inactive,,*,-1,-1
2025-02-08T13:10:02.277-05:00,IdeState,Inactive,,*,-1,-1
2025-02-08T13:10:03.277-05:00,IdeState,Inactive,,*,-1,-1
2025-02-08T13:10:04.278-05:00,IdeState,Inactive,,*,-1,-1
2025-02-08T13:10:05.279-05:00,IdeState,Inactive,,*,-1,-1
2025-02-08T13:10:06.280-05:00,IdeState,Inactive,,*,-1,-1
2025-02-08T13:10:07.280-05:00,IdeState,Inactive,,*,-1,-1
2025-02-08T13:10:08.281-05:00,IdeState,Inactive,,*,-1,-1
2025-02-08T13:10:09.282-05:00,IdeState,Inactive,,*,-1,-1
2025-02-08T13:10:10.282-05:00,IdeState,Inactive,,*,-1,-1
2025-02-08T13:10:11.283-05:00,IdeState,Inactive,,*,-1,-1
2025-02-08T13:10:12.284-05:00,IdeState,Inactive,,*,-1,-1
2025-02-08T13:10:13.285-05:00,IdeState,Inactive,,*,-1,-1
2025-02-08T13:10:14.286-05:00,IdeState,Inactive,,*,-1,-1
2025-02-08T13:10:15.287-05:00,IdeState,Inactive,,*,-1,-1
2025-02-08T13:10:16.288-05:00,IdeState,Inactive,,*,-1,-1
2025-02-08T13:10:17.289-05:00,IdeState,Inactive,,*,-1,-1
2025-02-08T13:10:18.289-05:00,IdeState,Inactive,,*,-1,-1
2025-02-08T13:10:19.290-05:00,IdeState,Inactive,,*,-1,-1
2025-02-08T13:10:20.291-05:00,IdeState,Inactive,,*,-1,-1
2025-02-08T13:10:21.292-05:00,IdeState,Inactive,,*,-1,-1
2025-02-08T13:10:22.293-05:00,IdeState,Inactive,,*,-1,-1
2025-02-08T13:10:23.293-05:00,IdeState,Inactive,,*,-1,-1
2025-02-08T13:10:24.294-05:00,IdeState,Inactive,,*,-1,-1
2025-02-08T13:10:25.295-05:00,IdeState,Inactive,,*,-1,-1
2025-02-08T13:10:26.296-05:00,IdeState,Inactive,,*,-1,-1
2025-02-08T13:10:27.296-05:00,IdeState,Inactive,,*,-1,-1
2025-02-08T13:10:28.297-05:00,IdeState,Inactive,,*,-1,-1
2025-02-08T13:10:29.298-05:00,IdeState,Inactive,,*,-1,-1
2025-02-08T13:10:30.299-05:00,IdeState,Inactive,,*,-1,-1
2025-02-08T13:10:31.300-05:00,IdeState,Inactive,,*,-1,-1
2025-02-08T13:10:32.301-05:00,IdeState,Inactive,,*,-1,-1
2025-02-08T13:10:33.301-05:00,IdeState,Inactive,,*,-1,-1
2025-02-08T13:10:34.302-05:00,IdeState,Inactive,,*,-1,-1
2025-02-08T13:10:35.303-05:00,IdeState,Inactive,,*,-1,-1
2025-02-08T13:10:36.305-05:00,IdeState,Inactive,,*,-1,-1
2025-02-08T13:10:37.306-05:00,IdeState,Inactive,,*,-1,-1
2025-02-08T13:10:38.307-05:00,IdeState,Inactive,,*,-1,-1
2025-02-08T13:10:39.307-05:00,IdeState,Inactive,,*,-1,-1
2025-02-08T13:10:40.308-05:00,IdeState,Inactive,,*,-1,-1
2025-02-08T13:10:41.309-05:00,IdeState,Inactive,,*,-1,-1
2025-02-08T13:10:42.310-05:00,IdeState,Inactive,,*,-1,-1
2025-02-08T13:10:43.310-05:00,IdeState,Inactive,,*,-1,-1
2025-02-08T13:10:44.311-05:00,IdeState,Inactive,,*,-1,-1
2025-02-08T13:10:45.312-05:00,IdeState,Inactive,,*,-1,-1
2025-02-08T13:10:46.313-05:00,IdeState,Inactive,,*,-1,-1
2025-02-08T13:10:47.313-05:00,IdeState,Inactive,,*,-1,-1
2025-02-08T13:10:48.314-05:00,IdeState,Inactive,,*,-1,-1
2025-02-08T13:10:49.315-05:00,IdeState,Inactive,,*,-1,-1
2025-02-08T13:10:50.316-05:00,IdeState,Inactive,,*,-1,-1
2025-02-08T13:10:51.317-05:00,IdeState,Inactive,,*,-1,-1
2025-02-08T13:10:52.318-05:00,IdeState,Inactive,,*,-1,-1
2025-02-08T13:10:53.319-05:00,IdeState,Inactive,,*,-1,-1
2025-02-08T13:10:54.320-05:00,IdeState,Inactive,,*,-1,-1
2025-02-08T13:10:55.321-05:00,IdeState,Inactive,,*,-1,-1
2025-02-08T13:10:56.322-05:00,IdeState,Inactive,,*,-1,-1
2025-02-08T13:10:57.322-05:00,IdeState,Inactive,,*,-1,-1
2025-02-08T13:10:58.323-05:00,IdeState,Inactive,,*,-1,-1
2025-02-08T13:10:59.324-05:00,IdeState,Inactive,,*,-1,-1
2025-02-08T13:11:00.325-05:00,IdeState,Inactive,,*,-1,-1
2025-02-08T13:11:01.325-05:00,IdeState,Inactive,,*,-1,-1
2025-02-08T13:11:02.326-05:00,IdeState,Inactive,,*,-1,-1
2025-02-08T13:11:03.326-05:00,IdeState,Inactive,,*,-1,-1
2025-02-08T13:11:04.327-05:00,IdeState,Inactive,,*,-1,-1
2025-02-08T13:11:05.327-05:00,IdeState,Inactive,,*,-1,-1
2025-02-08T13:11:06.328-05:00,IdeState,Inactive,,*,-1,-1
2025-02-08T13:11:07.328-05:00,IdeState,Inactive,,*,-1,-1
2025-02-08T13:11:08.329-05:00,IdeState,Inactive,,*,-1,-1
2025-02-08T13:11:09.330-05:00,IdeState,Inactive,,*,-1,-1
2025-02-08T13:11:10.331-05:00,IdeState,Inactive,,*,-1,-1
2025-02-08T13:11:11.332-05:00,IdeState,Inactive,,*,-1,-1
2025-02-08T13:11:12.333-05:00,IdeState,Inactive,,*,-1,-1
2025-02-08T13:11:13.334-05:00,IdeState,Inactive,,*,-1,-1
2025-02-08T13:11:14.335-05:00,IdeState,Inactive,,*,-1,-1
2025-02-08T13:11:15.336-05:00,IdeState,Inactive,,*,-1,-1
2025-02-08T13:11:16.337-05:00,IdeState,Inactive,,*,-1,-1
2025-02-08T13:11:17.338-05:00,IdeState,Inactive,,*,-1,-1
2025-02-08T13:11:18.339-05:00,IdeState,Inactive,,*,-1,-1
2025-02-08T13:11:19.340-05:00,IdeState,Inactive,,*,-1,-1
2025-02-08T13:11:20.341-05:00,IdeState,Inactive,,*,-1,-1
2025-02-08T13:11:21.342-05:00,IdeState,Inactive,,*,-1,-1
2025-02-08T13:11:22.343-05:00,IdeState,Inactive,,*,-1,-1
2025-02-08T13:11:23.344-05:00,IdeState,Inactive,,*,-1,-1
2025-02-08T13:11:24.345-05:00,IdeState,Inactive,,*,-1,-1
2025-02-08T13:11:25.346-05:00,IdeState,Inactive,,*,-1,-1
2025-02-08T13:11:26.346-05:00,IdeState,Inactive,,*,-1,-1
2025-02-08T13:11:27.347-05:00,IdeState,Inactive,,*,-1,-1
2025-02-08T13:11:28.348-05:00,IdeState,Inactive,,*,-1,-1
2025-02-08T13:11:29.349-05:00,IdeState,Inactive,,*,-1,-1
2025-02-08T13:11:30.350-05:00,IdeState,Inactive,,*,-1,-1
2025-02-08T13:11:31.351-05:00,IdeState,Inactive,,*,-1,-1
2025-02-08T13:11:32.352-05:00,IdeState,Inactive,,*,-1,-1
2025-02-08T13:11:33.353-05:00,IdeState,Inactive,,*,-1,-1
2025-02-08T13:11:34.354-05:00,IdeState,Inactive,,*,-1,-1
2025-02-08T13:11:35.354-05:00,IdeState,Inactive,,*,-1,-1
2025-02-08T13:11:36.355-05:00,IdeState,Inactive,,*,-1,-1
2025-02-08T13:11:37.356-05:00,IdeState,Inactive,,*,-1,-1
2025-02-08T13:11:38.356-05:00,IdeState,Inactive,,*,-1,-1
2025-02-08T13:11:39.357-05:00,IdeState,Inactive,,*,-1,-1
2025-02-08T13:11:40.357-05:00,IdeState,Inactive,,*,-1,-1
2025-02-08T13:11:41.357-05:00,IdeState,Inactive,,*,-1,-1
2025-02-08T13:11:42.358-05:00,IdeState,Inactive,,*,-1,-1
2025-02-08T13:11:43.358-05:00,IdeState,Inactive,,*,-1,-1
2025-02-08T13:11:44.359-05:00,IdeState,Inactive,,*,-1,-1
2025-02-08T13:11:45.360-05:00,IdeState,Inactive,,*,-1,-1
2025-02-08T13:11:46.361-05:00,IdeState,Inactive,,*,-1,-1
2025-02-08T13:11:47.362-05:00,IdeState,Inactive,,*,-1,-1
2025-02-08T13:11:48.362-05:00,IdeState,Inactive,,*,-1,-1
2025-02-08T13:11:49.363-05:00,IdeState,Inactive,,*,-1,-1
2025-02-08T13:11:50.364-05:00,IdeState,Inactive,,*,-1,-1
2025-02-08T13:11:51.365-05:00,IdeState,Inactive,,*,-1,-1
2025-02-08T13:11:52.366-05:00,IdeState,Inactive,,*,-1,-1
2025-02-08T13:11:53.367-05:00,IdeState,Inactive,,*,-1,-1
2025-02-08T13:11:54.368-05:00,IdeState,Inactive,,*,-1,-1
2025-02-08T13:11:55.369-05:00,IdeState,Inactive,,*,-1,-1
2025-02-08T13:11:56.370-05:00,IdeState,Inactive,,*,-1,-1
2025-02-08T13:11:57.371-05:00,IdeState,Inactive,,*,-1,-1
2025-02-08T13:11:58.371-05:00,IdeState,Inactive,,*,-1,-1
2025-02-08T13:11:59.372-05:00,IdeState,Inactive,,*,-1,-1
2025-02-08T13:12:00.373-05:00,IdeState,Inactive,,*,-1,-1
2025-02-08T13:12:01.374-05:00,IdeState,Inactive,,*,-1,-1
2025-02-08T13:12:02.375-05:00,IdeState,Inactive,,*,-1,-1
2025-02-08T13:12:03.375-05:00,IdeState,Inactive,,*,-1,-1
2025-02-08T13:12:04.375-05:00,IdeState,Inactive,,*,-1,-1
2025-02-08T13:12:05.376-05:00,IdeState,Inactive,,*,-1,-1
2025-02-08T13:12:06.377-05:00,IdeState,Inactive,,*,-1,-1
2025-02-08T13:12:07.378-05:00,IdeState,Inactive,,*,-1,-1
2025-02-08T13:12:08.379-05:00,IdeState,Inactive,,*,-1,-1
2025-02-08T13:12:09.380-05:00,IdeState,Inactive,,*,-1,-1
2025-02-08T13:12:10.381-05:00,IdeState,Inactive,,*,-1,-1
2025-02-08T13:12:11.382-05:00,IdeState,Inactive,,*,-1,-1
2025-02-08T13:12:12.383-05:00,IdeState,Inactive,,*,-1,-1
2025-02-08T13:12:13.384-05:00,IdeState,Inactive,,*,-1,-1
2025-02-08T13:12:14.385-05:00,IdeState,Inactive,,*,-1,-1
2025-02-08T13:12:15.386-05:00,IdeState,Inactive,,*,-1,-1
2025-02-08T13:12:16.387-05:00,IdeState,Inactive,,*,-1,-1
2025-02-08T13:12:17.388-05:00,IdeState,Inactive,,*,-1,-1
2025-02-08T13:12:18.389-05:00,IdeState,Inactive,,*,-1,-1
2025-02-08T13:12:19.390-05:00,IdeState,Inactive,,*,-1,-1
2025-02-08T13:12:20.391-05:00,IdeState,Inactive,,*,-1,-1
2025-02-08T13:12:21.392-05:00,IdeState,Inactive,,*,-1,-1
2025-02-08T13:12:22.393-05:00,IdeState,Inactive,,*,-1,-1
2025-02-08T13:12:23.394-05:00,IdeState,Inactive,,*,-1,-1
2025-02-08T13:12:24.394-05:00,IdeState,Inactive,,*,-1,-1
2025-02-08T13:12:25.395-05:00,IdeState,Inactive,,*,-1,-1
2025-02-08T13:12:26.396-05:00,IdeState,Inactive,,*,-1,-1
2025-02-08T13:12:27.396-05:00,IdeState,Inactive,,*,-1,-1
2025-02-08T13:12:28.397-05:00,IdeState,Inactive,,*,-1,-1
2025-02-08T13:12:29.398-05:00,IdeState,Inactive,,*,-1,-1
2025-02-08T13:12:30.399-05:00,IdeState,Inactive,,*,-1,-1
2025-02-08T13:12:31.400-05:00,IdeState,Inactive,,*,-1,-1
2025-02-08T13:12:32.400-05:00,IdeState,Inactive,,*,-1,-1
2025-02-08T13:12:33.401-05:00,IdeState,Inactive,,*,-1,-1
2025-02-08T13:12:34.401-05:00,IdeState,Inactive,,*,-1,-1
2025-02-08T13:12:35.402-05:00,IdeState,Inactive,,*,-1,-1
2025-02-08T13:12:36.402-05:00,IdeState,Inactive,,*,-1,-1
2025-02-08T13:12:37.403-05:00,IdeState,Inactive,,*,-1,-1
2025-02-08T13:12:38.404-05:00,IdeState,Inactive,,*,-1,-1
2025-02-08T13:12:39.404-05:00,IdeState,Inactive,,*,-1,-1
2025-02-08T13:12:40.405-05:00,IdeState,Inactive,,*,-1,-1
2025-02-08T13:12:41.405-05:00,IdeState,Inactive,,*,-1,-1
2025-02-08T13:12:42.406-05:00,IdeState,Inactive,,*,-1,-1
2025-02-08T13:12:43.406-05:00,IdeState,Inactive,,*,-1,-1
2025-02-08T13:12:44.410-05:00,IdeState,Inactive,,*,-1,-1
2025-02-08T13:12:45.411-05:00,IdeState,Inactive,,*,-1,-1
2025-02-08T13:12:46.411-05:00,IdeState,Inactive,,*,-1,-1
2025-02-08T13:12:47.412-05:00,IdeState,Inactive,,*,-1,-1
2025-02-08T13:12:48.413-05:00,IdeState,Inactive,,*,-1,-1
2025-02-08T13:12:49.414-05:00,IdeState,Inactive,,*,-1,-1
2025-02-08T13:12:50.415-05:00,IdeState,Inactive,,*,-1,-1
2025-02-08T13:12:51.415-05:00,IdeState,Inactive,,*,-1,-1
2025-02-08T13:12:52.416-05:00,IdeState,Inactive,,*,-1,-1
2025-02-08T13:12:53.417-05:00,IdeState,Inactive,,*,-1,-1
2025-02-08T13:12:54.418-05:00,IdeState,Inactive,,*,-1,-1
2025-02-08T13:12:55.419-05:00,IdeState,Inactive,,*,-1,-1
2025-02-08T13:12:56.419-05:00,IdeState,Inactive,,*,-1,-1
2025-02-08T13:12:57.420-05:00,IdeState,Inactive,,*,-1,-1
2025-02-08T13:12:58.421-05:00,IdeState,Inactive,,*,-1,-1
2025-02-08T13:12:59.422-05:00,IdeState,Inactive,,*,-1,-1
2025-02-08T13:13:00.423-05:00,IdeState,Inactive,,*,-1,-1
2025-02-08T13:13:01.424-05:00,IdeState,Inactive,,*,-1,-1
2025-02-08T13:13:02.425-05:00,IdeState,Inactive,,*,-1,-1
2025-02-08T13:13:03.426-05:00,IdeState,Inactive,,*,-1,-1
2025-02-08T13:13:04.428-05:00,IdeState,Inactive,,*,-1,-1
2025-02-08T13:13:05.429-05:00,IdeState,Inactive,,*,-1,-1
2025-02-08T13:13:06.430-05:00,IdeState,Inactive,,*,-1,-1
2025-02-08T13:13:07.431-05:00,IdeState,Inactive,,*,-1,-1
2025-02-08T13:13:08.432-05:00,IdeState,Inactive,,*,-1,-1
2025-02-08T13:13:09.433-05:00,IdeState,Inactive,,*,-1,-1
2025-02-08T13:13:10.434-05:00,IdeState,Inactive,,*,-1,-1
2025-02-08T13:13:11.435-05:00,IdeState,Inactive,,*,-1,-1
2025-02-08T13:13:12.435-05:00,IdeState,Inactive,,*,-1,-1
2025-02-08T13:13:13.436-05:00,IdeState,Inactive,,*,-1,-1
2025-02-08T13:13:14.437-05:00,IdeState,Inactive,,*,-1,-1
2025-02-08T13:13:15.438-05:00,IdeState,Inactive,,*,-1,-1
2025-02-08T13:13:16.439-05:00,IdeState,Inactive,,*,-1,-1
2025-02-08T13:13:17.440-05:00,IdeState,Inactive,,*,-1,-1
2025-02-08T13:13:18.441-05:00,IdeState,Inactive,,*,-1,-1
2025-02-08T13:13:19.442-05:00,IdeState,Inactive,,*,-1,-1
2025-02-08T13:13:20.443-05:00,IdeState,Inactive,,*,-1,-1
2025-02-08T13:13:21.444-05:00,IdeState,Inactive,,*,-1,-1
2025-02-08T13:13:22.445-05:00,IdeState,Inactive,,*,-1,-1
2025-02-08T13:13:23.446-05:00,IdeState,Inactive,,*,-1,-1
2025-02-08T13:13:24.447-05:00,IdeState,Inactive,,*,-1,-1
2025-02-08T13:13:25.447-05:00,IdeState,Inactive,,*,-1,-1
2025-02-08T13:13:26.448-05:00,IdeState,Inactive,,*,-1,-1
2025-02-08T13:13:27.449-05:00,IdeState,Inactive,,*,-1,-1
2025-02-08T13:13:28.450-05:00,IdeState,Inactive,,*,-1,-1
2025-02-08T13:13:29.451-05:00,IdeState,Inactive,,*,-1,-1
2025-02-08T13:13:30.452-05:00,IdeState,Inactive,,*,-1,-1
2025-02-08T13:13:31.453-05:00,IdeState,Inactive,,*,-1,-1
2025-02-08T13:13:32.454-05:00,IdeState,Inactive,,*,-1,-1
2025-02-08T13:13:33.455-05:00,IdeState,Inactive,,*,-1,-1
2025-02-08T13:13:34.455-05:00,IdeState,Inactive,,*,-1,-1
2025-02-08T13:13:35.456-05:00,IdeState,Inactive,,*,-1,-1
2025-02-08T13:13:36.457-05:00,IdeState,Inactive,,*,-1,-1
2025-02-08T13:13:37.458-05:00,IdeState,Inactive,,*,-1,-1
2025-02-08T13:13:38.459-05:00,IdeState,Inactive,,*,-1,-1
2025-02-08T13:13:39.460-05:00,IdeState,Inactive,,*,-1,-1
2025-02-08T13:13:40.461-05:00,IdeState,Inactive,,*,-1,-1
2025-02-08T13:13:41.462-05:00,IdeState,Inactive,,*,-1,-1
2025-02-08T13:13:42.463-05:00,IdeState,Inactive,,*,-1,-1
2025-02-08T13:13:43.464-05:00,IdeState,Inactive,,*,-1,-1
2025-02-08T13:13:44.465-05:00,IdeState,Inactive,,*,-1,-1
2025-02-08T13:13:45.466-05:00,IdeState,Inactive,,*,-1,-1
2025-02-08T13:13:46.466-05:00,IdeState,Inactive,,*,-1,-1
2025-02-08T13:13:47.467-05:00,IdeState,Inactive,,*,-1,-1
2025-02-08T13:13:48.467-05:00,IdeState,Inactive,,*,-1,-1
2025-02-08T13:13:49.468-05:00,IdeState,Inactive,,*,-1,-1
2025-02-08T13:13:50.468-05:00,IdeState,Inactive,,*,-1,-1
2025-02-08T13:13:51.469-05:00,IdeState,Inactive,,*,-1,-1
2025-02-08T13:13:52.469-05:00,IdeState,Inactive,,*,-1,-1
2025-02-08T13:13:53.470-05:00,IdeState,Inactive,,*,-1,-1
2025-02-08T13:13:54.470-05:00,IdeState,Inactive,,*,-1,-1
2025-02-08T13:13:55.470-05:00,IdeState,Inactive,,*,-1,-1
2025-02-08T13:13:56.471-05:00,IdeState,Inactive,,*,-1,-1
2025-02-08T13:13:57.471-05:00,IdeState,Inactive,,*,-1,-1
2025-02-08T13:13:58.472-05:00,IdeState,Inactive,,*,-1,-1
2025-02-08T13:13:59.472-05:00,IdeState,Inactive,,*,-1,-1
2025-02-08T13:14:00.473-05:00,IdeState,Inactive,,*,-1,-1
2025-02-08T13:14:01.473-05:00,IdeState,Inactive,,*,-1,-1
2025-02-08T13:14:02.474-05:00,IdeState,Inactive,,*,-1,-1
2025-02-08T13:14:03.475-05:00,IdeState,Inactive,,*,-1,-1
2025-02-08T13:14:04.476-05:00,IdeState,Inactive,,*,-1,-1
2025-02-08T13:14:05.476-05:00,IdeState,Inactive,,*,-1,-1
2025-02-08T13:14:06.476-05:00,IdeState,Inactive,,*,-1,-1
2025-02-08T13:14:07.477-05:00,IdeState,Inactive,,*,-1,-1
2025-02-08T13:14:08.477-05:00,IdeState,Inactive,,*,-1,-1
2025-02-08T13:14:09.478-05:00,IdeState,Inactive,,*,-1,-1
2025-02-08T13:14:10.478-05:00,IdeState,Inactive,,*,-1,-1
2025-02-08T13:14:11.479-05:00,IdeState,Inactive,,*,-1,-1
2025-02-08T13:14:12.479-05:00,IdeState,Inactive,,*,-1,-1
2025-02-08T13:14:13.480-05:00,IdeState,Inactive,,*,-1,-1
2025-02-08T13:14:14.481-05:00,IdeState,Inactive,,*,-1,-1
2025-02-08T13:14:15.482-05:00,IdeState,Inactive,,*,-1,-1
2025-02-08T13:14:16.482-05:00,IdeState,Inactive,,*,-1,-1
2025-02-08T13:14:17.483-05:00,IdeState,Inactive,,*,-1,-1
2025-02-08T13:14:18.483-05:00,IdeState,Inactive,,*,-1,-1
2025-02-08T13:14:19.484-05:00,IdeState,Inactive,,*,-1,-1
2025-02-08T13:14:20.484-05:00,IdeState,Inactive,,*,-1,-1
2025-02-08T13:14:21.485-05:00,IdeState,Inactive,,*,-1,-1
2025-02-08T13:14:22.485-05:00,IdeState,Inactive,,*,-1,-1
2025-02-08T13:14:23.486-05:00,IdeState,Inactive,,*,-1,-1
2025-02-08T13:14:24.486-05:00,IdeState,Inactive,,*,-1,-1
2025-02-08T13:14:25.487-05:00,IdeState,Inactive,,*,-1,-1
2025-02-08T13:14:26.487-05:00,IdeState,Inactive,,*,-1,-1
2025-02-08T13:14:27.488-05:00,IdeState,Inactive,,*,-1,-1
2025-02-08T13:14:28.488-05:00,IdeState,Inactive,,*,-1,-1
2025-02-08T13:14:29.488-05:00,IdeState,Inactive,,*,-1,-1
2025-02-08T13:14:30.489-05:00,IdeState,Inactive,,*,-1,-1
2025-02-08T13:14:31.489-05:00,IdeState,Inactive,,*,-1,-1
2025-02-08T13:14:32.490-05:00,IdeState,Inactive,,*,-1,-1
2025-02-08T13:14:33.490-05:00,IdeState,Inactive,,*,-1,-1
2025-02-08T13:14:34.491-05:00,IdeState,Inactive,,*,-1,-1
2025-02-08T13:14:35.492-05:00,IdeState,Inactive,,*,-1,-1
2025-02-08T13:14:36.492-05:00,IdeState,Inactive,,*,-1,-1
2025-02-08T13:14:37.492-05:00,IdeState,Inactive,,*,-1,-1
2025-02-08T13:14:38.493-05:00,IdeState,Inactive,,*,-1,-1
2025-02-08T13:14:39.493-05:00,IdeState,Inactive,,*,-1,-1
2025-02-08T13:14:40.494-05:00,IdeState,Inactive,,*,-1,-1
2025-02-08T13:14:41.494-05:00,IdeState,Inactive,,*,-1,-1
2025-02-08T13:14:42.495-05:00,IdeState,Inactive,,*,-1,-1
2025-02-08T13:14:43.495-05:00,IdeState,Inactive,,*,-1,-1
2025-02-08T13:14:44.496-05:00,IdeState,Inactive,,*,-1,-1
2025-02-08T13:14:45.496-05:00,IdeState,Inactive,,*,-1,-1
2025-02-08T13:14:46.497-05:00,IdeState,Inactive,,*,-1,-1
2025-02-08T13:14:47.498-05:00,IdeState,Inactive,,*,-1,-1
2025-02-08T13:14:48.498-05:00,IdeState,Inactive,,*,-1,-1
2025-02-08T13:14:49.499-05:00,IdeState,Inactive,,*,-1,-1
2025-02-08T13:14:50.500-05:00,IdeState,Inactive,,*,-1,-1
2025-02-08T13:14:51.501-05:00,IdeState,Inactive,,*,-1,-1
2025-02-08T13:14:52.501-05:00,IdeState,Inactive,,*,-1,-1
2025-02-08T13:14:53.502-05:00,IdeState,Inactive,,*,-1,-1
2025-02-08T13:14:54.502-05:00,IdeState,Inactive,,*,-1,-1
2025-02-08T13:14:55.502-05:00,IdeState,Inactive,,*,-1,-1
2025-02-08T13:14:56.503-05:00,IdeState,Inactive,,*,-1,-1
2025-02-08T13:14:57.503-05:00,IdeState,Inactive,,*,-1,-1
2025-02-08T13:14:58.504-05:00,IdeState,Inactive,,*,-1,-1
2025-02-08T13:14:59.504-05:00,IdeState,Inactive,,*,-1,-1
2025-02-08T13:15:00.505-05:00,IdeState,Inactive,,*,-1,-1
2025-02-08T13:15:01.505-05:00,IdeState,Inactive,,*,-1,-1
2025-02-08T13:15:02.505-05:00,IdeState,Inactive,,*,-1,-1
2025-02-08T13:15:03.506-05:00,IdeState,Inactive,,*,-1,-1
2025-02-08T13:15:04.506-05:00,IdeState,Inactive,,*,-1,-1
2025-02-08T13:15:05.507-05:00,IdeState,Inactive,,*,-1,-1
2025-02-08T13:15:06.508-05:00,IdeState,Inactive,,*,-1,-1
2025-02-08T13:15:07.508-05:00,IdeState,Inactive,,*,-1,-1
2025-02-08T13:15:08.508-05:00,IdeState,Inactive,,*,-1,-1
2025-02-08T13:15:09.509-05:00,IdeState,Inactive,,*,-1,-1
2025-02-08T13:15:10.509-05:00,IdeState,Inactive,,*,-1,-1
2025-02-08T13:15:11.510-05:00,IdeState,Inactive,,*,-1,-1
2025-02-08T13:15:12.510-05:00,IdeState,Inactive,,*,-1,-1
2025-02-08T13:15:13.511-05:00,IdeState,Inactive,,*,-1,-1
2025-02-08T13:15:14.511-05:00,IdeState,Inactive,,*,-1,-1
2025-02-08T13:15:15.512-05:00,IdeState,Inactive,,*,-1,-1
2025-02-08T13:15:16.512-05:00,IdeState,Inactive,,*,-1,-1
2025-02-08T13:15:17.513-05:00,IdeState,Inactive,,*,-1,-1
2025-02-08T13:15:18.514-05:00,IdeState,Inactive,,*,-1,-1
2025-02-08T13:15:19.514-05:00,IdeState,Inactive,,*,-1,-1
2025-02-08T13:15:20.515-05:00,IdeState,Inactive,,*,-1,-1
2025-02-08T13:15:21.516-05:00,IdeState,Inactive,,*,-1,-1
2025-02-08T13:15:22.516-05:00,IdeState,Inactive,,*,-1,-1
2025-02-08T13:15:23.517-05:00,IdeState,Inactive,,*,-1,-1
2025-02-08T13:15:24.517-05:00,IdeState,Inactive,,*,-1,-1
2025-02-08T13:15:25.518-05:00,IdeState,Inactive,,*,-1,-1
2025-02-08T13:15:26.518-05:00,IdeState,Inactive,,*,-1,-1
2025-02-08T13:15:27.519-05:00,IdeState,Inactive,,*,-1,-1
2025-02-08T13:15:28.519-05:00,IdeState,Inactive,,*,-1,-1
2025-02-08T13:15:29.519-05:00,IdeState,Inactive,,*,-1,-1
2025-02-08T13:15:30.520-05:00,IdeState,Inactive,,*,-1,-1
2025-02-08T13:15:31.520-05:00,IdeState,Inactive,,*,-1,-1
2025-02-08T13:15:32.521-05:00,IdeState,Inactive,,*,-1,-1
2025-02-08T13:15:33.521-05:00,IdeState,Inactive,,*,-1,-1
2025-02-08T13:15:34.522-05:00,IdeState,Inactive,,*,-1,-1
2025-02-08T13:15:35.522-05:00,IdeState,Inactive,,*,-1,-1
2025-02-08T13:15:36.523-05:00,IdeState,Inactive,,*,-1,-1
2025-02-08T13:15:37.523-05:00,IdeState,Inactive,,*,-1,-1
2025-02-08T13:15:38.523-05:00,IdeState,Inactive,,*,-1,-1
2025-02-08T13:15:39.524-05:00,IdeState,Inactive,,*,-1,-1
2025-02-08T13:15:40.524-05:00,IdeState,Inactive,,*,-1,-1
2025-02-08T13:15:41.525-05:00,IdeState,Inactive,,*,-1,-1
2025-02-08T13:15:42.525-05:00,IdeState,Inactive,,*,-1,-1
2025-02-08T13:15:43.526-05:00,IdeState,Inactive,,*,-1,-1
2025-02-08T13:15:44.526-05:00,IdeState,Inactive,,*,-1,-1
2025-02-08T13:15:45.526-05:00,IdeState,Inactive,,*,-1,-1
2025-02-08T13:15:46.527-05:00,IdeState,Inactive,,*,-1,-1
2025-02-08T13:15:47.527-05:00,IdeState,Inactive,,*,-1,-1
2025-02-08T13:15:48.528-05:00,IdeState,Inactive,,*,-1,-1
2025-02-08T13:15:49.528-05:00,IdeState,Inactive,,*,-1,-1
2025-02-08T13:15:50.529-05:00,IdeState,Inactive,,*,-1,-1
2025-02-08T13:15:51.530-05:00,IdeState,Inactive,,*,-1,-1
2025-02-08T13:15:52.531-05:00,IdeState,Inactive,,*,-1,-1
2025-02-08T13:15:53.531-05:00,IdeState,Inactive,,*,-1,-1
2025-02-08T13:15:54.532-05:00,IdeState,Inactive,,*,-1,-1
2025-02-08T13:15:55.532-05:00,IdeState,Inactive,,*,-1,-1
2025-02-08T13:15:56.533-05:00,IdeState,Inactive,,*,-1,-1
2025-02-08T13:15:57.533-05:00,IdeState,Inactive,,*,-1,-1
2025-02-08T13:15:58.534-05:00,IdeState,Inactive,,*,-1,-1
2025-02-08T13:15:59.534-05:00,IdeState,Inactive,,*,-1,-1
2025-02-08T13:16:00.535-05:00,IdeState,Inactive,,*,-1,-1
2025-02-08T13:16:01.535-05:00,IdeState,Inactive,,*,-1,-1
2025-02-08T13:16:02.535-05:00,IdeState,Inactive,,*,-1,-1
2025-02-08T13:16:03.536-05:00,IdeState,Inactive,,*,-1,-1
2025-02-08T13:16:04.536-05:00,IdeState,Inactive,,*,-1,-1
2025-02-08T13:16:05.537-05:00,IdeState,Inactive,,*,-1,-1
2025-02-08T13:16:06.537-05:00,IdeState,Inactive,,*,-1,-1
2025-02-08T13:16:07.538-05:00,IdeState,Inactive,,*,-1,-1
2025-02-08T13:16:08.538-05:00,IdeState,Inactive,,*,-1,-1
2025-02-08T13:16:09.539-05:00,IdeState,Inactive,,*,-1,-1
2025-02-08T13:16:10.539-05:00,IdeState,Inactive,,*,-1,-1
2025-02-08T13:16:11.540-05:00,IdeState,Inactive,,*,-1,-1
2025-02-08T13:16:12.540-05:00,IdeState,Inactive,,*,-1,-1
2025-02-08T13:16:13.541-05:00,IdeState,Inactive,,*,-1,-1
2025-02-08T13:16:14.541-05:00,IdeState,Inactive,,*,-1,-1
2025-02-08T13:16:15.542-05:00,IdeState,Inactive,,*,-1,-1
2025-02-08T13:16:16.542-05:00,IdeState,Inactive,,*,-1,-1
2025-02-08T13:16:17.542-05:00,IdeState,Inactive,,*,-1,-1
2025-02-08T13:16:18.543-05:00,IdeState,Inactive,,*,-1,-1
2025-02-08T13:16:19.543-05:00,IdeState,Inactive,,*,-1,-1
2025-02-08T13:16:20.544-05:00,IdeState,Inactive,,*,-1,-1
2025-02-08T13:16:21.544-05:00,IdeState,Inactive,,*,-1,-1
2025-02-08T13:16:22.545-05:00,IdeState,Inactive,,*,-1,-1
2025-02-08T13:16:23.546-05:00,IdeState,Inactive,,*,-1,-1
2025-02-08T13:16:24.546-05:00,IdeState,Inactive,,*,-1,-1
2025-02-08T13:16:25.547-05:00,IdeState,Inactive,,*,-1,-1
2025-02-08T13:16:26.547-05:00,IdeState,Inactive,,*,-1,-1
2025-02-08T13:16:27.548-05:00,IdeState,Inactive,,*,-1,-1
2025-02-08T13:16:28.548-05:00,IdeState,Inactive,,*,-1,-1
2025-02-08T13:16:29.548-05:00,IdeState,Inactive,,*,-1,-1
2025-02-08T13:16:30.549-05:00,IdeState,Inactive,,*,-1,-1
2025-02-08T13:16:31.549-05:00,IdeState,Inactive,,*,-1,-1
2025-02-08T13:16:32.550-05:00,IdeState,Inactive,,*,-1,-1
2025-02-08T13:16:33.550-05:00,IdeState,Inactive,,*,-1,-1
2025-02-08T13:16:34.551-05:00,IdeState,Inactive,,*,-1,-1
2025-02-08T13:16:35.551-05:00,IdeState,Inactive,,*,-1,-1
2025-02-08T13:16:36.551-05:00,IdeState,Inactive,,*,-1,-1
2025-02-08T13:16:37.552-05:00,IdeState,Inactive,,*,-1,-1
2025-02-08T13:16:38.552-05:00,IdeState,Inactive,,*,-1,-1
2025-02-08T13:16:39.553-05:00,IdeState,Inactive,,*,-1,-1
2025-02-08T13:16:40.554-05:00,IdeState,Inactive,,*,-1,-1
2025-02-08T13:16:41.554-05:00,IdeState,Inactive,,*,-1,-1
2025-02-08T13:16:42.554-05:00,IdeState,Inactive,,*,-1,-1
2025-02-08T13:16:43.555-05:00,IdeState,Inactive,,*,-1,-1
2025-02-08T13:16:44.555-05:00,IdeState,Inactive,,*,-1,-1
2025-02-08T13:16:45.556-05:00,IdeState,Inactive,,*,-1,-1
2025-02-08T13:16:46.556-05:00,IdeState,Inactive,,*,-1,-1
2025-02-08T13:16:47.556-05:00,IdeState,Inactive,,*,-1,-1
2025-02-08T13:16:48.557-05:00,IdeState,Inactive,,*,-1,-1
2025-02-08T13:16:49.557-05:00,IdeState,Inactive,,*,-1,-1
2025-02-08T13:16:50.558-05:00,IdeState,Inactive,,*,-1,-1
2025-02-08T13:16:51.558-05:00,IdeState,Inactive,,*,-1,-1
2025-02-08T13:16:52.559-05:00,IdeState,Inactive,,*,-1,-1
2025-02-08T13:16:53.559-05:00,IdeState,Inactive,,*,-1,-1
2025-02-08T13:16:54.560-05:00,IdeState,Inactive,,*,-1,-1
2025-02-08T13:16:55.561-05:00,IdeState,Inactive,,*,-1,-1
2025-02-08T13:16:56.562-05:00,IdeState,Inactive,,*,-1,-1
2025-02-08T13:16:57.562-05:00,IdeState,Inactive,,*,-1,-1
2025-02-08T13:16:58.563-05:00,IdeState,Inactive,,*,-1,-1
2025-02-08T13:16:59.563-05:00,IdeState,Inactive,,*,-1,-1
2025-02-08T13:17:00.564-05:00,IdeState,Inactive,,*,-1,-1
2025-02-08T13:17:01.564-05:00,IdeState,Inactive,,*,-1,-1
2025-02-08T13:17:02.565-05:00,IdeState,Inactive,,*,-1,-1
2025-02-08T13:17:03.565-05:00,IdeState,Inactive,,*,-1,-1
2025-02-08T13:17:04.566-05:00,IdeState,Inactive,,*,-1,-1
2025-02-08T13:17:05.566-05:00,IdeState,Inactive,,*,-1,-1
2025-02-08T13:17:06.566-05:00,IdeState,Inactive,,*,-1,-1
2025-02-08T13:17:07.567-05:00,IdeState,Inactive,,*,-1,-1
2025-02-08T13:17:08.567-05:00,IdeState,Inactive,,*,-1,-1
2025-02-08T13:17:09.568-05:00,IdeState,Inactive,,*,-1,-1
2025-02-08T13:17:10.569-05:00,IdeState,Inactive,,*,-1,-1
2025-02-08T13:17:11.569-05:00,IdeState,Inactive,,*,-1,-1
2025-02-08T13:17:12.569-05:00,IdeState,Inactive,,*,-1,-1
2025-02-08T13:17:13.570-05:00,IdeState,Inactive,,*,-1,-1
2025-02-08T13:17:14.570-05:00,IdeState,Inactive,,*,-1,-1
2025-02-08T13:17:15.571-05:00,IdeState,Inactive,,*,-1,-1
2025-02-08T13:17:16.571-05:00,IdeState,Inactive,,*,-1,-1
2025-02-08T13:17:17.572-05:00,IdeState,Inactive,,*,-1,-1
2025-02-08T13:17:18.572-05:00,IdeState,Inactive,,*,-1,-1
2025-02-08T13:17:19.573-05:00,IdeState,Inactive,,*,-1,-1
2025-02-08T13:17:20.573-05:00,IdeState,Inactive,,*,-1,-1
2025-02-08T13:17:21.574-05:00,IdeState,Inactive,,*,-1,-1
2025-02-08T13:17:22.574-05:00,IdeState,Inactive,,*,-1,-1
2025-02-08T13:17:23.574-05:00,IdeState,Inactive,,*,-1,-1
2025-02-08T13:17:24.575-05:00,IdeState,Inactive,,*,-1,-1
2025-02-08T13:17:25.575-05:00,IdeState,Inactive,,*,-1,-1
2025-02-08T13:17:26.576-05:00,IdeState,Inactive,,*,-1,-1
2025-02-08T13:17:27.577-05:00,IdeState,Inactive,,*,-1,-1
2025-02-08T13:17:28.577-05:00,IdeState,Inactive,,*,-1,-1
2025-02-08T13:17:29.578-05:00,IdeState,Inactive,,*,-1,-1
2025-02-08T13:17:30.579-05:00,IdeState,Inactive,,*,-1,-1
2025-02-08T13:17:31.579-05:00,IdeState,Inactive,,*,-1,-1
2025-02-08T13:17:32.580-05:00,IdeState,Inactive,,*,-1,-1
2025-02-08T13:17:33.580-05:00,IdeState,Inactive,,*,-1,-1
2025-02-08T13:17:34.581-05:00,IdeState,Inactive,,*,-1,-1
2025-02-08T13:17:35.581-05:00,IdeState,Inactive,,*,-1,-1
2025-02-08T13:17:36.581-05:00,IdeState,Inactive,,*,-1,-1
2025-02-08T13:17:37.582-05:00,IdeState,Inactive,,*,-1,-1
2025-02-08T13:17:38.582-05:00,IdeState,Inactive,,*,-1,-1
2025-02-08T13:17:39.583-05:00,IdeState,Inactive,,*,-1,-1
2025-02-08T13:17:40.583-05:00,IdeState,Inactive,,*,-1,-1
2025-02-08T13:17:41.584-05:00,IdeState,Inactive,,*,-1,-1
2025-02-08T13:17:42.585-05:00,IdeState,Inactive,,*,-1,-1
2025-02-08T13:17:43.585-05:00,IdeState,Inactive,,*,-1,-1
2025-02-08T13:17:44.586-05:00,IdeState,Inactive,,*,-1,-1
2025-02-08T13:17:45.586-05:00,IdeState,Inactive,,*,-1,-1
2025-02-08T13:17:46.586-05:00,IdeState,Inactive,,*,-1,-1
2025-02-08T13:17:47.587-05:00,IdeState,Inactive,,*,-1,-1
2025-02-08T13:17:48.587-05:00,IdeState,Inactive,,*,-1,-1
2025-02-08T13:17:49.588-05:00,IdeState,Inactive,,*,-1,-1
2025-02-08T13:17:50.588-05:00,IdeState,Inactive,,*,-1,-1
2025-02-08T13:17:51.588-05:00,IdeState,Inactive,,*,-1,-1
2025-02-08T13:17:52.589-05:00,IdeState,Inactive,,*,-1,-1
2025-02-08T13:17:53.589-05:00,IdeState,Inactive,,*,-1,-1
2025-02-08T13:17:54.590-05:00,IdeState,Inactive,,*,-1,-1
2025-02-08T13:17:55.590-05:00,IdeState,Inactive,,*,-1,-1
2025-02-08T13:17:56.591-05:00,IdeState,Inactive,,*,-1,-1
2025-02-08T13:17:57.591-05:00,IdeState,Inactive,,*,-1,-1
2025-02-08T13:17:58.592-05:00,IdeState,Inactive,,*,-1,-1
2025-02-08T13:17:59.592-05:00,IdeState,Inactive,,*,-1,-1
2025-02-08T13:18:00.593-05:00,IdeState,Inactive,,*,-1,-1
2025-02-08T13:18:01.593-05:00,IdeState,Inactive,,*,-1,-1
2025-02-08T13:18:02.594-05:00,IdeState,Inactive,,*,-1,-1
2025-02-08T13:18:03.595-05:00,IdeState,Inactive,,*,-1,-1
2025-02-08T13:18:04.595-05:00,IdeState,Inactive,,*,-1,-1
2025-02-08T13:18:05.595-05:00,IdeState,Inactive,,*,-1,-1
2025-02-08T13:18:06.596-05:00,IdeState,Inactive,,*,-1,-1
2025-02-08T13:18:07.596-05:00,IdeState,Inactive,,*,-1,-1
2025-02-08T13:18:08.597-05:00,IdeState,Inactive,,*,-1,-1
2025-02-08T13:18:09.597-05:00,IdeState,Inactive,,*,-1,-1
2025-02-08T13:18:10.598-05:00,IdeState,Inactive,,*,-1,-1
2025-02-08T13:18:11.598-05:00,IdeState,Inactive,,*,-1,-1
2025-02-08T13:18:12.599-05:00,IdeState,Inactive,,*,-1,-1
2025-02-08T13:18:13.599-05:00,IdeState,Inactive,,*,-1,-1
2025-02-08T13:18:14.600-05:00,IdeState,Inactive,,*,-1,-1
2025-02-08T13:18:15.600-05:00,IdeState,Inactive,,*,-1,-1
2025-02-08T13:18:16.601-05:00,IdeState,Inactive,,*,-1,-1
2025-02-08T13:18:17.601-05:00,IdeState,Inactive,,*,-1,-1
2025-02-08T13:18:18.601-05:00,IdeState,Inactive,,*,-1,-1
2025-02-08T13:18:19.602-05:00,IdeState,Inactive,,*,-1,-1
2025-02-08T13:18:20.602-05:00,IdeState,Inactive,,*,-1,-1
2025-02-08T13:18:21.602-05:00,IdeState,Inactive,,*,-1,-1
2025-02-08T13:18:22.603-05:00,IdeState,Inactive,,*,-1,-1
2025-02-08T13:18:23.603-05:00,IdeState,Inactive,,*,-1,-1
2025-02-08T13:18:24.604-05:00,IdeState,Inactive,,*,-1,-1
2025-02-08T13:18:25.604-05:00,IdeState,Inactive,,*,-1,-1
2025-02-08T13:18:26.605-05:00,IdeState,Inactive,,*,-1,-1
2025-02-08T13:18:27.605-05:00,IdeState,Inactive,,*,-1,-1
2025-02-08T13:18:28.606-05:00,IdeState,Inactive,,*,-1,-1
2025-02-08T13:18:29.607-05:00,IdeState,Inactive,,*,-1,-1
2025-02-08T13:18:30.607-05:00,IdeState,Inactive,,*,-1,-1
2025-02-08T13:18:31.608-05:00,IdeState,Inactive,,*,-1,-1
2025-02-08T13:18:32.608-05:00,IdeState,Inactive,,*,-1,-1
2025-02-08T13:18:33.609-05:00,IdeState,Inactive,,*,-1,-1
2025-02-08T13:18:34.609-05:00,IdeState,Inactive,,*,-1,-1
2025-02-08T13:18:35.610-05:00,IdeState,Inactive,,*,-1,-1
2025-02-08T13:18:36.611-05:00,IdeState,Inactive,,*,-1,-1
2025-02-08T13:18:37.611-05:00,IdeState,Inactive,,*,-1,-1
2025-02-08T13:18:38.612-05:00,IdeState,Inactive,,*,-1,-1
2025-02-08T13:18:39.612-05:00,IdeState,Inactive,,*,-1,-1
2025-02-08T13:18:40.612-05:00,IdeState,Inactive,,*,-1,-1
2025-02-08T13:18:41.613-05:00,IdeState,Inactive,,*,-1,-1
2025-02-08T13:18:42.613-05:00,IdeState,Inactive,,*,-1,-1
2025-02-08T13:18:43.614-05:00,IdeState,Inactive,,*,-1,-1
2025-02-08T13:18:44.615-05:00,IdeState,Inactive,,*,-1,-1
2025-02-08T13:18:45.615-05:00,IdeState,Inactive,,*,-1,-1
2025-02-08T13:18:46.615-05:00,IdeState,Inactive,,*,-1,-1
2025-02-08T13:18:47.616-05:00,IdeState,Inactive,,*,-1,-1
2025-02-08T13:18:48.616-05:00,IdeState,Inactive,,*,-1,-1
2025-02-08T13:18:49.616-05:00,IdeState,Inactive,,*,-1,-1
2025-02-08T13:18:50.617-05:00,IdeState,Inactive,,*,-1,-1
2025-02-08T13:18:51.617-05:00,IdeState,Inactive,,*,-1,-1
2025-02-08T13:18:52.618-05:00,IdeState,Inactive,,*,-1,-1
2025-02-08T13:18:53.618-05:00,IdeState,Inactive,,*,-1,-1
2025-02-08T13:18:54.619-05:00,IdeState,Inactive,,*,-1,-1
2025-02-08T13:18:55.619-05:00,IdeState,Inactive,,*,-1,-1
2025-02-08T13:18:56.620-05:00,IdeState,Inactive,,*,-1,-1
2025-02-08T13:18:57.620-05:00,IdeState,Inactive,,*,-1,-1
2025-02-08T13:18:58.620-05:00,IdeState,Inactive,,*,-1,-1
2025-02-08T13:18:59.621-05:00,IdeState,Inactive,,*,-1,-1
2025-02-08T13:19:00.622-05:00,IdeState,Inactive,,*,-1,-1
2025-02-08T13:19:01.622-05:00,IdeState,Inactive,,*,-1,-1
2025-02-08T13:19:02.623-05:00,IdeState,Inactive,,*,-1,-1
2025-02-08T13:19:03.623-05:00,IdeState,Inactive,,*,-1,-1
2025-02-08T13:19:04.623-05:00,IdeState,Inactive,,*,-1,-1
2025-02-08T13:19:05.624-05:00,IdeState,Inactive,,*,-1,-1
2025-02-08T13:19:06.624-05:00,IdeState,Inactive,,*,-1,-1
2025-02-08T13:19:07.625-05:00,IdeState,Inactive,,*,-1,-1
2025-02-08T13:19:08.625-05:00,IdeState,Inactive,,*,-1,-1
2025-02-08T13:19:09.626-05:00,IdeState,Inactive,,*,-1,-1
2025-02-08T13:19:10.626-05:00,IdeState,Inactive,,*,-1,-1
2025-02-08T13:19:11.627-05:00,IdeState,Inactive,,*,-1,-1
2025-02-08T13:19:12.627-05:00,IdeState,Inactive,,*,-1,-1
2025-02-08T13:19:13.628-05:00,IdeState,Inactive,,*,-1,-1
2025-02-08T13:19:14.628-05:00,IdeState,Inactive,,*,-1,-1
2025-02-08T13:19:15.629-05:00,IdeState,Inactive,,*,-1,-1
2025-02-08T13:19:16.629-05:00,IdeState,Inactive,,*,-1,-1
2025-02-08T13:19:17.630-05:00,IdeState,Inactive,,*,-1,-1
2025-02-08T13:19:18.630-05:00,IdeState,Inactive,,*,-1,-1
2025-02-08T13:19:19.631-05:00,IdeState,Inactive,,*,-1,-1
2025-02-08T13:19:20.631-05:00,IdeState,Inactive,,*,-1,-1
2025-02-08T13:19:21.631-05:00,IdeState,Inactive,,*,-1,-1
2025-02-08T13:19:22.632-05:00,IdeState,Inactive,,*,-1,-1
2025-02-08T13:19:23.632-05:00,IdeState,Inactive,,*,-1,-1
2025-02-08T13:19:24.633-05:00,IdeState,Inactive,,*,-1,-1
2025-02-08T13:19:25.633-05:00,IdeState,Inactive,,*,-1,-1
2025-02-08T13:19:26.633-05:00,IdeState,Inactive,,*,-1,-1
2025-02-08T13:19:27.634-05:00,IdeState,Inactive,,*,-1,-1
2025-02-08T13:19:28.634-05:00,IdeState,Inactive,,*,-1,-1
2025-02-08T13:19:29.635-05:00,IdeState,Inactive,,*,-1,-1
2025-02-08T13:19:30.635-05:00,IdeState,Inactive,,*,-1,-1
2025-02-08T13:19:31.636-05:00,IdeState,Inactive,,*,-1,-1
2025-02-08T13:19:32.636-05:00,IdeState,Inactive,,*,-1,-1
2025-02-08T13:19:33.637-05:00,IdeState,Inactive,,*,-1,-1
2025-02-08T13:19:34.637-05:00,IdeState,Inactive,,*,-1,-1
2025-02-08T13:19:35.638-05:00,IdeState,Inactive,,*,-1,-1
2025-02-08T13:19:36.638-05:00,IdeState,Inactive,,*,-1,-1
2025-02-08T13:19:37.639-05:00,IdeState,Inactive,,*,-1,-1
2025-02-08T13:19:38.639-05:00,IdeState,Inactive,,*,-1,-1
2025-02-08T13:19:39.640-05:00,IdeState,Inactive,,*,-1,-1
2025-02-08T13:19:40.640-05:00,IdeState,Inactive,,*,-1,-1
2025-02-08T13:19:41.641-05:00,IdeState,Inactive,,*,-1,-1
2025-02-08T13:19:42.641-05:00,IdeState,Inactive,,*,-1,-1
2025-02-08T13:19:43.642-05:00,IdeState,Inactive,,*,-1,-1
2025-02-08T13:19:44.643-05:00,IdeState,Inactive,,*,-1,-1
2025-02-08T13:19:45.643-05:00,IdeState,Inactive,,*,-1,-1
2025-02-08T13:19:46.644-05:00,IdeState,Inactive,,*,-1,-1
2025-02-08T13:19:47.644-05:00,IdeState,Inactive,,*,-1,-1
2025-02-08T13:19:48.644-05:00,IdeState,Inactive,,*,-1,-1
2025-02-08T13:19:49.645-05:00,IdeState,Inactive,,*,-1,-1
2025-02-08T13:19:50.645-05:00,IdeState,Inactive,,*,-1,-1
2025-02-08T13:19:51.646-05:00,IdeState,Inactive,,*,-1,-1
2025-02-08T13:19:52.646-05:00,IdeState,Inactive,,*,-1,-1
2025-02-08T13:19:53.646-05:00,IdeState,Inactive,,*,-1,-1
2025-02-08T13:19:54.647-05:00,IdeState,Inactive,,*,-1,-1
2025-02-08T13:19:55.647-05:00,IdeState,Inactive,,*,-1,-1
2025-02-08T13:19:56.648-05:00,IdeState,Inactive,,*,-1,-1
2025-02-08T13:19:57.648-05:00,IdeState,Inactive,,*,-1,-1
2025-02-08T13:19:58.648-05:00,IdeState,Inactive,,*,-1,-1
2025-02-08T13:19:59.649-05:00,IdeState,Inactive,,*,-1,-1
2025-02-08T13:20:00.649-05:00,IdeState,Inactive,,*,-1,-1
2025-02-08T13:20:01.650-05:00,IdeState,Inactive,,*,-1,-1
2025-02-08T13:20:02.650-05:00,IdeState,Inactive,,*,-1,-1
2025-02-08T13:20:03.651-05:00,IdeState,Inactive,,*,-1,-1
2025-02-08T13:20:04.651-05:00,IdeState,Inactive,,*,-1,-1
2025-02-08T13:20:05.652-05:00,IdeState,Inactive,,*,-1,-1
2025-02-08T13:20:06.652-05:00,IdeState,Inactive,,*,-1,-1
2025-02-08T13:20:07.653-05:00,IdeState,Inactive,,*,-1,-1
2025-02-08T13:20:08.653-05:00,IdeState,Inactive,,*,-1,-1
2025-02-08T13:20:09.653-05:00,IdeState,Inactive,,*,-1,-1
2025-02-08T13:20:10.654-05:00,IdeState,Inactive,,*,-1,-1
2025-02-08T13:20:11.654-05:00,IdeState,Inactive,,*,-1,-1
2025-02-08T13:20:12.655-05:00,IdeState,Inactive,,*,-1,-1
2025-02-08T13:20:13.655-05:00,IdeState,Inactive,,*,-1,-1
2025-02-08T13:20:14.655-05:00,IdeState,Inactive,,*,-1,-1
2025-02-08T13:20:15.656-05:00,IdeState,Inactive,,*,-1,-1
2025-02-08T13:20:16.656-05:00,IdeState,Inactive,,*,-1,-1
2025-02-08T13:20:17.657-05:00,IdeState,Inactive,,*,-1,-1
2025-02-08T13:20:18.658-05:00,IdeState,Inactive,,*,-1,-1
2025-02-08T13:20:19.659-05:00,IdeState,Inactive,,*,-1,-1
2025-02-08T13:20:20.659-05:00,IdeState,Inactive,,*,-1,-1
2025-02-08T13:20:21.660-05:00,IdeState,Inactive,,*,-1,-1
2025-02-08T13:20:22.660-05:00,IdeState,Inactive,,*,-1,-1
2025-02-08T13:20:23.660-05:00,IdeState,Inactive,,*,-1,-1
2025-02-08T13:20:24.661-05:00,IdeState,Inactive,,*,-1,-1
2025-02-08T13:20:25.661-05:00,IdeState,Inactive,,*,-1,-1
2025-02-08T13:20:26.662-05:00,IdeState,Inactive,,*,-1,-1
2025-02-08T13:20:27.662-05:00,IdeState,Inactive,,*,-1,-1
2025-02-08T13:20:28.662-05:00,IdeState,Inactive,,*,-1,-1
2025-02-08T13:20:29.663-05:00,IdeState,Inactive,,*,-1,-1
2025-02-08T13:20:30.663-05:00,IdeState,Inactive,,*,-1,-1
2025-02-08T13:20:31.664-05:00,IdeState,Inactive,,*,-1,-1
2025-02-08T13:20:32.664-05:00,IdeState,Inactive,,*,-1,-1
2025-02-08T13:20:33.665-05:00,IdeState,Inactive,,*,-1,-1
2025-02-08T13:20:34.666-05:00,IdeState,Inactive,,*,-1,-1
2025-02-08T13:20:35.666-05:00,IdeState,Inactive,,*,-1,-1
2025-02-08T13:20:36.667-05:00,IdeState,Inactive,,*,-1,-1
2025-02-08T13:20:37.667-05:00,IdeState,Inactive,,*,-1,-1
2025-02-08T13:20:38.667-05:00,IdeState,Inactive,,*,-1,-1
2025-02-08T13:20:39.668-05:00,IdeState,Inactive,,*,-1,-1
2025-02-08T13:20:40.668-05:00,IdeState,Inactive,,*,-1,-1
2025-02-08T13:20:41.669-05:00,IdeState,Inactive,,*,-1,-1
2025-02-08T13:20:42.669-05:00,IdeState,Inactive,,*,-1,-1
2025-02-08T13:20:43.670-05:00,IdeState,Inactive,,*,-1,-1
2025-02-08T13:20:44.670-05:00,IdeState,Inactive,,*,-1,-1
2025-02-08T13:20:45.670-05:00,IdeState,Inactive,,*,-1,-1
2025-02-08T13:20:46.671-05:00,IdeState,Inactive,,*,-1,-1
2025-02-08T13:20:47.671-05:00,IdeState,Inactive,,*,-1,-1
2025-02-08T13:20:48.672-05:00,IdeState,Inactive,,*,-1,-1
2025-02-08T13:20:49.673-05:00,IdeState,Inactive,,*,-1,-1
2025-02-08T13:20:50.673-05:00,IdeState,Inactive,,*,-1,-1
2025-02-08T13:20:51.673-05:00,IdeState,Inactive,,*,-1,-1
2025-02-08T13:20:52.674-05:00,IdeState,Inactive,,*,-1,-1
2025-02-08T13:20:53.675-05:00,IdeState,Inactive,,*,-1,-1
2025-02-08T13:20:54.675-05:00,IdeState,Inactive,,*,-1,-1
2025-02-08T13:20:55.676-05:00,IdeState,Inactive,,*,-1,-1
2025-02-08T13:20:56.676-05:00,IdeState,Inactive,,*,-1,-1
2025-02-08T13:20:57.677-05:00,IdeState,Inactive,,*,-1,-1
2025-02-08T13:20:58.677-05:00,IdeState,Inactive,,*,-1,-1
2025-02-08T13:20:59.678-05:00,IdeState,Inactive,,*,-1,-1
2025-02-08T13:21:00.678-05:00,IdeState,Inactive,,*,-1,-1
2025-02-08T13:21:01.678-05:00,IdeState,Inactive,,*,-1,-1
2025-02-08T13:21:02.679-05:00,IdeState,Inactive,,*,-1,-1
2025-02-08T13:21:03.679-05:00,IdeState,Inactive,,*,-1,-1
2025-02-08T13:21:04.680-05:00,IdeState,Inactive,,*,-1,-1
2025-02-08T13:21:05.680-05:00,IdeState,Inactive,,*,-1,-1
2025-02-08T13:21:06.681-05:00,IdeState,Inactive,,*,-1,-1
2025-02-08T13:21:07.681-05:00,IdeState,Inactive,,*,-1,-1
2025-02-08T13:21:08.682-05:00,IdeState,Inactive,,*,-1,-1
2025-02-08T13:21:09.682-05:00,IdeState,Inactive,,*,-1,-1
2025-02-08T13:21:10.682-05:00,IdeState,Inactive,,*,-1,-1
2025-02-08T13:21:11.683-05:00,IdeState,Inactive,,*,-1,-1
2025-02-08T13:21:12.683-05:00,IdeState,Inactive,,*,-1,-1
2025-02-08T13:21:13.683-05:00,IdeState,Inactive,,*,-1,-1
2025-02-08T13:21:14.684-05:00,IdeState,Inactive,,*,-1,-1
2025-02-08T13:21:15.684-05:00,IdeState,Inactive,,*,-1,-1
2025-02-08T13:21:16.685-05:00,IdeState,Inactive,,*,-1,-1
2025-02-08T13:21:17.685-05:00,IdeState,Inactive,,*,-1,-1
2025-02-08T13:21:18.685-05:00,IdeState,Inactive,,*,-1,-1
2025-02-08T13:21:19.686-05:00,IdeState,Inactive,,*,-1,-1
2025-02-08T13:21:20.686-05:00,IdeState,Inactive,,*,-1,-1
2025-02-08T13:21:21.687-05:00,IdeState,Inactive,,*,-1,-1
2025-02-08T13:21:22.687-05:00,IdeState,Inactive,,*,-1,-1
2025-02-08T13:21:23.688-05:00,IdeState,Inactive,,*,-1,-1
2025-02-08T13:21:24.688-05:00,IdeState,Inactive,,*,-1,-1
2025-02-08T13:21:25.689-05:00,IdeState,Inactive,,*,-1,-1
2025-02-08T13:21:26.689-05:00,IdeState,Inactive,,*,-1,-1
2025-02-08T13:21:27.690-05:00,IdeState,Inactive,,*,-1,-1
2025-02-08T13:21:28.690-05:00,IdeState,Inactive,,*,-1,-1
2025-02-08T13:21:29.691-05:00,IdeState,Inactive,,*,-1,-1
2025-02-08T13:21:30.691-05:00,IdeState,Inactive,,*,-1,-1
2025-02-08T13:21:31.692-05:00,IdeState,Inactive,,*,-1,-1
2025-02-08T13:21:32.692-05:00,IdeState,Inactive,,*,-1,-1
2025-02-08T13:21:33.692-05:00,IdeState,Inactive,,*,-1,-1
2025-02-08T13:21:34.693-05:00,IdeState,Inactive,,*,-1,-1
2025-02-08T13:21:35.693-05:00,IdeState,Inactive,,*,-1,-1
2025-02-08T13:21:36.694-05:00,IdeState,Inactive,,*,-1,-1
2025-02-08T13:21:37.695-05:00,IdeState,Inactive,,*,-1,-1
2025-02-08T13:21:38.695-05:00,IdeState,Inactive,,*,-1,-1
2025-02-08T13:21:39.695-05:00,IdeState,Inactive,,*,-1,-1
2025-02-08T13:21:40.696-05:00,IdeState,Inactive,,*,-1,-1
2025-02-08T13:21:41.696-05:00,IdeState,Inactive,,*,-1,-1
2025-02-08T13:21:42.697-05:00,IdeState,Inactive,,*,-1,-1
2025-02-08T13:21:43.697-05:00,IdeState,Inactive,,*,-1,-1
2025-02-08T13:21:44.697-05:00,IdeState,Inactive,,*,-1,-1
2025-02-08T13:21:45.698-05:00,IdeState,Inactive,,*,-1,-1
2025-02-08T13:21:46.698-05:00,IdeState,Inactive,,*,-1,-1
2025-02-08T13:21:47.699-05:00,IdeState,Inactive,,*,-1,-1
2025-02-08T13:21:48.699-05:00,IdeState,Inactive,,*,-1,-1
2025-02-08T13:21:49.700-05:00,IdeState,Inactive,,*,-1,-1
2025-02-08T13:21:50.700-05:00,IdeState,Inactive,,*,-1,-1
2025-02-08T13:21:51.700-05:00,IdeState,Inactive,,*,-1,-1
2025-02-08T13:21:52.701-05:00,IdeState,Inactive,,*,-1,-1
2025-02-08T13:21:53.701-05:00,IdeState,Inactive,,*,-1,-1
2025-02-08T13:21:54.702-05:00,IdeState,Inactive,,*,-1,-1
2025-02-08T13:21:55.702-05:00,IdeState,Inactive,,*,-1,-1
2025-02-08T13:21:56.702-05:00,IdeState,Inactive,,*,-1,-1
2025-02-08T13:21:57.703-05:00,IdeState,Inactive,,*,-1,-1
2025-02-08T13:21:58.703-05:00,IdeState,Inactive,,*,-1,-1
2025-02-08T13:21:59.704-05:00,IdeState,Inactive,,*,-1,-1
2025-02-08T13:22:00.704-05:00,IdeState,Inactive,,*,-1,-1
2025-02-08T13:22:01.704-05:00,IdeState,Inactive,,*,-1,-1
2025-02-08T13:22:02.705-05:00,IdeState,Inactive,,*,-1,-1
2025-02-08T13:22:03.705-05:00,IdeState,Inactive,,*,-1,-1
2025-02-08T13:22:04.706-05:00,IdeState,Inactive,,*,-1,-1
2025-02-08T13:22:05.706-05:00,IdeState,Inactive,,*,-1,-1
2025-02-08T13:22:06.707-05:00,IdeState,Inactive,,*,-1,-1
2025-02-08T13:22:07.708-05:00,IdeState,Inactive,,*,-1,-1
2025-02-08T13:22:08.709-05:00,IdeState,Inactive,,*,-1,-1
2025-02-08T13:22:09.709-05:00,IdeState,Inactive,,*,-1,-1
2025-02-08T13:22:10.710-05:00,IdeState,Inactive,,*,-1,-1
2025-02-08T13:22:11.710-05:00,IdeState,Inactive,,*,-1,-1
2025-02-08T13:22:12.710-05:00,IdeState,Inactive,,*,-1,-1
2025-02-08T13:22:13.711-05:00,IdeState,Inactive,,*,-1,-1
2025-02-08T13:22:14.711-05:00,IdeState,Inactive,,*,-1,-1
2025-02-08T13:22:15.712-05:00,IdeState,Inactive,,*,-1,-1
2025-02-08T13:22:16.712-05:00,IdeState,Inactive,,*,-1,-1
2025-02-08T13:22:17.712-05:00,IdeState,Inactive,,*,-1,-1
2025-02-08T13:22:18.713-05:00,IdeState,Inactive,,*,-1,-1
2025-02-08T13:22:19.713-05:00,IdeState,Inactive,,*,-1,-1
2025-02-08T13:22:20.713-05:00,IdeState,Inactive,,*,-1,-1
2025-02-08T13:22:21.714-05:00,IdeState,Inactive,,*,-1,-1
2025-02-08T13:22:22.714-05:00,IdeState,Inactive,,*,-1,-1
2025-02-08T13:22:23.715-05:00,IdeState,Inactive,,*,-1,-1
2025-02-08T13:22:24.715-05:00,IdeState,Inactive,,*,-1,-1
2025-02-08T13:22:25.716-05:00,IdeState,Inactive,,*,-1,-1
2025-02-08T13:22:26.716-05:00,IdeState,Inactive,,*,-1,-1
2025-02-08T13:22:27.716-05:00,IdeState,Inactive,,*,-1,-1
2025-02-08T13:22:28.717-05:00,IdeState,Inactive,,*,-1,-1
2025-02-08T13:22:29.717-05:00,IdeState,Inactive,,*,-1,-1
2025-02-08T13:22:30.718-05:00,IdeState,Inactive,,*,-1,-1
2025-02-08T13:22:31.718-05:00,IdeState,Inactive,,*,-1,-1
2025-02-08T13:22:32.718-05:00,IdeState,Inactive,,*,-1,-1
2025-02-08T13:22:33.719-05:00,IdeState,Inactive,,*,-1,-1
2025-02-08T13:22:34.719-05:00,IdeState,Inactive,,*,-1,-1
2025-02-08T13:22:35.720-05:00,IdeState,Inactive,,*,-1,-1
2025-02-08T13:22:36.720-05:00,IdeState,Inactive,,*,-1,-1
2025-02-08T13:22:37.721-05:00,IdeState,Inactive,,*,-1,-1
2025-02-08T13:22:38.721-05:00,IdeState,Inactive,,*,-1,-1
2025-02-08T13:22:39.722-05:00,IdeState,Inactive,,*,-1,-1
2025-02-08T13:22:40.723-05:00,IdeState,Inactive,,*,-1,-1
2025-02-08T13:22:41.724-05:00,IdeState,Inactive,,*,-1,-1
2025-02-08T13:22:42.725-05:00,IdeState,Inactive,,*,-1,-1
2025-02-08T13:22:43.725-05:00,IdeState,Inactive,,*,-1,-1
2025-02-08T13:22:44.726-05:00,IdeState,Inactive,,*,-1,-1
2025-02-08T13:22:45.727-05:00,IdeState,Inactive,,*,-1,-1
2025-02-08T13:22:46.728-05:00,IdeState,Inactive,,*,-1,-1
2025-02-08T13:22:47.728-05:00,IdeState,Inactive,,*,-1,-1
2025-02-08T13:22:48.729-05:00,IdeState,Inactive,,*,-1,-1
2025-02-08T13:22:49.730-05:00,IdeState,Inactive,,*,-1,-1
2025-02-08T13:22:50.731-05:00,IdeState,Inactive,,*,-1,-1
2025-02-08T13:22:51.731-05:00,IdeState,Inactive,,*,-1,-1
2025-02-08T13:22:52.732-05:00,IdeState,Inactive,,*,-1,-1
2025-02-08T13:22:53.732-05:00,IdeState,Inactive,,*,-1,-1
2025-02-08T13:22:54.733-05:00,IdeState,Inactive,,*,-1,-1
2025-02-08T13:22:55.734-05:00,IdeState,Inactive,,*,-1,-1
2025-02-08T13:22:56.735-05:00,IdeState,Inactive,,*,-1,-1
2025-02-08T13:22:57.736-05:00,IdeState,Inactive,,*,-1,-1
2025-02-08T13:22:58.736-05:00,IdeState,Inactive,,*,-1,-1
2025-02-08T13:22:59.737-05:00,IdeState,Inactive,,*,-1,-1
2025-02-08T13:23:00.738-05:00,IdeState,Inactive,,*,-1,-1
2025-02-08T13:23:01.739-05:00,IdeState,Inactive,,*,-1,-1
2025-02-08T13:23:02.739-05:00,IdeState,Inactive,,*,-1,-1
2025-02-08T13:23:03.740-05:00,IdeState,Inactive,,*,-1,-1
2025-02-08T13:23:04.741-05:00,IdeState,Inactive,,*,-1,-1
2025-02-08T13:23:05.741-05:00,IdeState,Inactive,,*,-1,-1
2025-02-08T13:23:06.742-05:00,IdeState,Inactive,,*,-1,-1
2025-02-08T13:23:07.743-05:00,IdeState,Inactive,,*,-1,-1
2025-02-08T13:23:08.743-05:00,IdeState,Inactive,,*,-1,-1
2025-02-08T13:23:09.744-05:00,IdeState,Inactive,,*,-1,-1
2025-02-08T13:23:10.745-05:00,IdeState,Inactive,,*,-1,-1
2025-02-08T13:23:11.745-05:00,IdeState,Inactive,,*,-1,-1
2025-02-08T13:23:12.746-05:00,IdeState,Inactive,,*,-1,-1
2025-02-08T13:23:13.746-05:00,IdeState,Inactive,,*,-1,-1
2025-02-08T13:23:14.747-05:00,IdeState,Inactive,,*,-1,-1
2025-02-08T13:23:15.747-05:00,IdeState,Inactive,,*,-1,-1
2025-02-08T13:23:16.748-05:00,IdeState,Inactive,,*,-1,-1
2025-02-08T13:23:17.748-05:00,IdeState,Inactive,,*,-1,-1
2025-02-08T13:23:18.749-05:00,IdeState,Inactive,,*,-1,-1
2025-02-08T13:23:19.749-05:00,IdeState,Inactive,,*,-1,-1
2025-02-08T13:23:20.750-05:00,IdeState,Inactive,,*,-1,-1
2025-02-08T13:23:21.750-05:00,IdeState,Inactive,,*,-1,-1
2025-02-08T13:23:22.751-05:00,IdeState,Inactive,,*,-1,-1
2025-02-08T13:23:23.751-05:00,IdeState,Inactive,,*,-1,-1
2025-02-08T13:23:24.752-05:00,IdeState,Inactive,,*,-1,-1
2025-02-08T13:23:25.752-05:00,IdeState,Inactive,,*,-1,-1
2025-02-08T13:23:26.752-05:00,IdeState,Inactive,,*,-1,-1
2025-02-08T13:23:27.753-05:00,IdeState,Inactive,,*,-1,-1
2025-02-08T13:23:28.754-05:00,IdeState,Inactive,,*,-1,-1
2025-02-08T13:23:29.754-05:00,IdeState,Inactive,,*,-1,-1
2025-02-08T13:23:30.755-05:00,IdeState,Inactive,,*,-1,-1
2025-02-08T13:23:31.756-05:00,IdeState,Inactive,,*,-1,-1
2025-02-08T13:23:32.756-05:00,IdeState,Inactive,,*,-1,-1
2025-02-08T13:23:33.757-05:00,IdeState,Inactive,,*,-1,-1
2025-02-08T13:23:34.757-05:00,IdeState,Inactive,,*,-1,-1
2025-02-08T13:23:35.758-05:00,IdeState,Inactive,,*,-1,-1
2025-02-08T13:23:36.758-05:00,IdeState,Inactive,,*,-1,-1
2025-02-08T13:23:37.759-05:00,IdeState,Inactive,,*,-1,-1
2025-02-08T13:23:38.759-05:00,IdeState,Inactive,,*,-1,-1
2025-02-08T13:23:39.759-05:00,IdeState,Inactive,,*,-1,-1
2025-02-08T13:23:40.760-05:00,IdeState,Inactive,,*,-1,-1
2025-02-08T13:23:41.761-05:00,IdeState,Inactive,,*,-1,-1
2025-02-08T13:23:42.761-05:00,IdeState,Inactive,,*,-1,-1
2025-02-08T13:23:43.762-05:00,IdeState,Inactive,,*,-1,-1
2025-02-08T13:23:44.762-05:00,IdeState,Inactive,,*,-1,-1
2025-02-08T13:23:45.763-05:00,IdeState,Inactive,,*,-1,-1
2025-02-08T13:23:46.764-05:00,IdeState,Inactive,,*,-1,-1
2025-02-08T13:23:47.765-05:00,IdeState,Inactive,,*,-1,-1
2025-02-08T13:23:48.766-05:00,IdeState,Inactive,,*,-1,-1
2025-02-08T13:23:49.766-05:00,IdeState,Inactive,,*,-1,-1
2025-02-08T13:23:50.767-05:00,IdeState,Inactive,,*,-1,-1
2025-02-08T13:23:51.768-05:00,IdeState,Inactive,,*,-1,-1
2025-02-08T13:23:52.769-05:00,IdeState,Inactive,,*,-1,-1
2025-02-08T13:23:53.769-05:00,IdeState,Inactive,,*,-1,-1
2025-02-08T13:23:54.770-05:00,IdeState,Inactive,,*,-1,-1
2025-02-08T13:23:55.771-05:00,IdeState,Inactive,,*,-1,-1
2025-02-08T13:23:56.772-05:00,IdeState,Inactive,,*,-1,-1
2025-02-08T13:23:57.773-05:00,IdeState,Inactive,,*,-1,-1
2025-02-08T13:23:58.773-05:00,IdeState,Inactive,,*,-1,-1
2025-02-08T13:23:59.774-05:00,IdeState,Inactive,,*,-1,-1
2025-02-08T13:24:00.775-05:00,IdeState,Inactive,,*,-1,-1
2025-02-08T13:24:01.776-05:00,IdeState,Inactive,,*,-1,-1
2025-02-08T13:24:02.777-05:00,IdeState,Inactive,,*,-1,-1
2025-02-08T13:24:03.777-05:00,IdeState,Inactive,,*,-1,-1
2025-02-08T13:24:04.778-05:00,IdeState,Inactive,,*,-1,-1
2025-02-08T13:24:05.779-05:00,IdeState,Inactive,,*,-1,-1
2025-02-08T13:24:06.780-05:00,IdeState,Inactive,,*,-1,-1
2025-02-08T13:24:07.781-05:00,IdeState,Inactive,,*,-1,-1
2025-02-08T13:24:08.781-05:00,IdeState,Inactive,,*,-1,-1
2025-02-08T13:24:09.782-05:00,IdeState,Inactive,,*,-1,-1
2025-02-08T13:24:10.783-05:00,IdeState,Inactive,,*,-1,-1
2025-02-08T13:24:11.784-05:00,IdeState,Inactive,,*,-1,-1
2025-02-08T13:24:12.784-05:00,IdeState,Inactive,,*,-1,-1
2025-02-08T13:24:13.785-05:00,IdeState,Inactive,,*,-1,-1
2025-02-08T13:24:14.786-05:00,IdeState,Inactive,,*,-1,-1
2025-02-08T13:24:15.787-05:00,IdeState,Inactive,,*,-1,-1
2025-02-08T13:24:16.788-05:00,IdeState,Inactive,,*,-1,-1
2025-02-08T13:24:17.789-05:00,IdeState,Inactive,,*,-1,-1
2025-02-08T13:24:18.789-05:00,IdeState,Inactive,,*,-1,-1
2025-02-08T13:24:19.790-05:00,IdeState,Inactive,,*,-1,-1
2025-02-08T13:24:20.791-05:00,IdeState,Inactive,,*,-1,-1
2025-02-08T13:24:21.792-05:00,IdeState,Inactive,,*,-1,-1
2025-02-08T13:24:22.792-05:00,IdeState,Inactive,,*,-1,-1
2025-02-08T13:24:23.793-05:00,IdeState,Inactive,,*,-1,-1
2025-02-08T13:24:24.794-05:00,IdeState,Inactive,,*,-1,-1
2025-02-08T13:24:25.795-05:00,IdeState,Inactive,,*,-1,-1
2025-02-08T13:24:26.795-05:00,IdeState,Inactive,,*,-1,-1
2025-02-08T13:24:27.796-05:00,IdeState,Inactive,,*,-1,-1
2025-02-08T13:24:28.797-05:00,IdeState,Inactive,,*,-1,-1
2025-02-08T13:24:29.798-05:00,IdeState,Inactive,,*,-1,-1
2025-02-08T13:24:30.799-05:00,IdeState,Inactive,,*,-1,-1
2025-02-08T13:24:31.799-05:00,IdeState,Inactive,,*,-1,-1
2025-02-08T13:24:32.800-05:00,IdeState,Inactive,,*,-1,-1
2025-02-08T13:24:33.801-05:00,IdeState,Inactive,,*,-1,-1
2025-02-08T13:24:34.802-05:00,IdeState,Inactive,,*,-1,-1
2025-02-08T13:24:35.802-05:00,IdeState,Inactive,,*,-1,-1
2025-02-08T13:24:36.803-05:00,IdeState,Inactive,,*,-1,-1
2025-02-08T13:24:37.804-05:00,IdeState,Inactive,,*,-1,-1
2025-02-08T13:24:38.805-05:00,IdeState,Inactive,,*,-1,-1
2025-02-08T13:24:39.805-05:00,IdeState,Inactive,,*,-1,-1
2025-02-08T13:24:40.806-05:00,IdeState,Inactive,,*,-1,-1
2025-02-08T13:24:41.807-05:00,IdeState,Inactive,,*,-1,-1
2025-02-08T13:24:42.807-05:00,IdeState,Inactive,,*,-1,-1
2025-02-08T13:24:43.808-05:00,IdeState,Inactive,,*,-1,-1
2025-02-08T13:24:44.809-05:00,IdeState,Inactive,,*,-1,-1
2025-02-08T13:24:45.810-05:00,IdeState,Inactive,,*,-1,-1
2025-02-08T13:24:46.811-05:00,IdeState,Inactive,,*,-1,-1
2025-02-08T13:24:47.811-05:00,IdeState,Inactive,,*,-1,-1
2025-02-08T13:24:48.812-05:00,IdeState,Inactive,,*,-1,-1
2025-02-08T13:24:49.813-05:00,IdeState,Inactive,,*,-1,-1
2025-02-08T13:24:50.813-05:00,IdeState,Inactive,,*,-1,-1
2025-02-08T13:24:51.814-05:00,IdeState,Inactive,,*,-1,-1
2025-02-08T13:24:52.815-05:00,IdeState,Inactive,,*,-1,-1
2025-02-08T13:24:53.816-05:00,IdeState,Inactive,,*,-1,-1
2025-02-08T13:24:54.817-05:00,IdeState,Inactive,,*,-1,-1
2025-02-08T13:24:55.818-05:00,IdeState,Inactive,,*,-1,-1
2025-02-08T13:24:56.818-05:00,IdeState,Inactive,,*,-1,-1
2025-02-08T13:24:57.819-05:00,IdeState,Inactive,,*,-1,-1
2025-02-08T13:24:58.820-05:00,IdeState,Inactive,,*,-1,-1
2025-02-08T13:24:59.821-05:00,IdeState,Inactive,,*,-1,-1
2025-02-08T13:25:00.822-05:00,IdeState,Inactive,,*,-1,-1
2025-02-08T13:25:01.823-05:00,IdeState,Inactive,,*,-1,-1
2025-02-08T13:25:02.823-05:00,IdeState,Inactive,,*,-1,-1
2025-02-08T13:25:03.824-05:00,IdeState,Inactive,,*,-1,-1
2025-02-08T13:25:04.825-05:00,IdeState,Inactive,,*,-1,-1
2025-02-08T13:25:05.826-05:00,IdeState,Inactive,,*,-1,-1
2025-02-08T13:25:06.826-05:00,IdeState,Inactive,,*,-1,-1
2025-02-08T13:25:07.827-05:00,IdeState,Inactive,,*,-1,-1
2025-02-08T13:25:08.828-05:00,IdeState,Inactive,,*,-1,-1
2025-02-08T13:25:09.829-05:00,IdeState,Inactive,,*,-1,-1
2025-02-08T13:25:10.829-05:00,IdeState,Inactive,,*,-1,-1
2025-02-08T13:25:11.830-05:00,IdeState,Inactive,,*,-1,-1
2025-02-08T13:25:12.831-05:00,IdeState,Inactive,,*,-1,-1
2025-02-08T13:25:13.831-05:00,IdeState,Inactive,,*,-1,-1
2025-02-08T13:25:14.832-05:00,IdeState,Inactive,,*,-1,-1
2025-02-08T13:25:15.833-05:00,IdeState,Inactive,,*,-1,-1
2025-02-08T13:25:16.834-05:00,IdeState,Inactive,,*,-1,-1
2025-02-08T13:25:17.834-05:00,IdeState,Inactive,,*,-1,-1
2025-02-08T13:25:18.835-05:00,IdeState,Inactive,,*,-1,-1
2025-02-08T13:25:19.836-05:00,IdeState,Inactive,,*,-1,-1
2025-02-08T13:25:20.837-05:00,IdeState,Inactive,,*,-1,-1
2025-02-08T13:25:21.838-05:00,IdeState,Inactive,,*,-1,-1
2025-02-08T13:25:22.838-05:00,IdeState,Inactive,,*,-1,-1
2025-02-08T13:25:23.839-05:00,IdeState,Inactive,,*,-1,-1
2025-02-08T13:25:24.840-05:00,IdeState,Inactive,,*,-1,-1
2025-02-08T13:25:25.841-05:00,IdeState,Inactive,,*,-1,-1
2025-02-08T13:25:26.841-05:00,IdeState,Inactive,,*,-1,-1
2025-02-08T13:25:27.842-05:00,IdeState,Inactive,,*,-1,-1
2025-02-08T13:25:28.843-05:00,IdeState,Inactive,,*,-1,-1
2025-02-08T13:25:29.844-05:00,IdeState,Inactive,,*,-1,-1
2025-02-08T13:25:30.844-05:00,IdeState,Inactive,,*,-1,-1
2025-02-08T13:25:31.845-05:00,IdeState,Inactive,,*,-1,-1
2025-02-08T13:25:32.846-05:00,IdeState,Inactive,,*,-1,-1
2025-02-08T13:25:33.847-05:00,IdeState,Inactive,,*,-1,-1
2025-02-08T13:25:34.847-05:00,IdeState,Inactive,,*,-1,-1
2025-02-08T13:25:35.848-05:00,IdeState,Inactive,,*,-1,-1
2025-02-08T13:25:36.849-05:00,IdeState,Inactive,,*,-1,-1
2025-02-08T13:25:37.850-05:00,IdeState,Inactive,,*,-1,-1
2025-02-08T13:25:38.851-05:00,IdeState,Inactive,,*,-1,-1
2025-02-08T13:25:39.851-05:00,IdeState,Inactive,,*,-1,-1
2025-02-08T13:25:40.852-05:00,IdeState,Inactive,,*,-1,-1
2025-02-08T13:25:41.853-05:00,IdeState,Inactive,,*,-1,-1
2025-02-08T13:25:42.854-05:00,IdeState,Inactive,,*,-1,-1
2025-02-08T13:25:43.854-05:00,IdeState,Inactive,,*,-1,-1
2025-02-08T13:25:44.855-05:00,IdeState,Inactive,,*,-1,-1
2025-02-08T13:25:45.856-05:00,IdeState,Inactive,,*,-1,-1
2025-02-08T13:25:46.857-05:00,IdeState,Inactive,,*,-1,-1
2025-02-08T13:25:47.858-05:00,IdeState,Inactive,,*,-1,-1
2025-02-08T13:25:48.858-05:00,IdeState,Inactive,,*,-1,-1
2025-02-08T13:25:49.859-05:00,IdeState,Inactive,,*,-1,-1
2025-02-08T13:25:50.860-05:00,IdeState,Inactive,,*,-1,-1
2025-02-08T13:25:51.861-05:00,IdeState,Inactive,,*,-1,-1
2025-02-08T13:25:52.862-05:00,IdeState,Inactive,,*,-1,-1
2025-02-08T13:25:53.862-05:00,IdeState,Inactive,,*,-1,-1
2025-02-08T13:25:54.863-05:00,IdeState,Inactive,,*,-1,-1
2025-02-08T13:25:55.864-05:00,IdeState,Inactive,,*,-1,-1
2025-02-08T13:25:56.865-05:00,IdeState,Inactive,,*,-1,-1
2025-02-08T13:25:57.866-05:00,IdeState,Inactive,,*,-1,-1
2025-02-08T13:25:58.866-05:00,IdeState,Inactive,,*,-1,-1
2025-02-08T13:25:59.867-05:00,IdeState,Inactive,,*,-1,-1
2025-02-08T13:26:00.868-05:00,IdeState,Inactive,,*,-1,-1
2025-02-08T13:26:01.869-05:00,IdeState,Inactive,,*,-1,-1
2025-02-08T13:26:02.870-05:00,IdeState,Inactive,,*,-1,-1
2025-02-08T13:26:03.870-05:00,IdeState,Inactive,,*,-1,-1
2025-02-08T13:26:04.871-05:00,IdeState,Inactive,,*,-1,-1
2025-02-08T13:26:05.872-05:00,IdeState,Inactive,,*,-1,-1
2025-02-08T13:26:06.873-05:00,IdeState,Inactive,,*,-1,-1
2025-02-08T13:26:07.874-05:00,IdeState,Inactive,,*,-1,-1
2025-02-08T13:26:08.874-05:00,IdeState,Inactive,,*,-1,-1
2025-02-08T13:26:09.875-05:00,IdeState,Inactive,,*,-1,-1
2025-02-08T13:26:10.876-05:00,IdeState,Inactive,,*,-1,-1
2025-02-08T13:26:11.877-05:00,IdeState,Inactive,,*,-1,-1
2025-02-08T13:26:12.877-05:00,IdeState,Inactive,,*,-1,-1
2025-02-08T13:26:13.878-05:00,IdeState,Inactive,,*,-1,-1
2025-02-08T13:26:14.879-05:00,IdeState,Inactive,,*,-1,-1
2025-02-08T13:26:15.880-05:00,IdeState,Inactive,,*,-1,-1
2025-02-08T13:26:16.880-05:00,IdeState,Inactive,,*,-1,-1
2025-02-08T13:26:17.881-05:00,IdeState,Inactive,,*,-1,-1
2025-02-08T13:26:18.882-05:00,IdeState,Inactive,,*,-1,-1
2025-02-08T13:26:19.883-05:00,IdeState,Inactive,,*,-1,-1
2025-02-08T13:26:20.884-05:00,IdeState,Inactive,,*,-1,-1
2025-02-08T13:26:21.884-05:00,IdeState,Inactive,,*,-1,-1
2025-02-08T13:26:22.885-05:00,IdeState,Inactive,,*,-1,-1
2025-02-08T13:26:23.886-05:00,IdeState,Inactive,,*,-1,-1
2025-02-08T13:26:24.887-05:00,IdeState,Inactive,,*,-1,-1
2025-02-08T13:26:25.888-05:00,IdeState,Inactive,,*,-1,-1
2025-02-08T13:26:26.888-05:00,IdeState,Inactive,,*,-1,-1
2025-02-08T13:26:27.889-05:00,IdeState,Inactive,,*,-1,-1
2025-02-08T13:26:28.890-05:00,IdeState,Inactive,,*,-1,-1
2025-02-08T13:26:29.891-05:00,IdeState,Inactive,,*,-1,-1
2025-02-08T13:26:30.891-05:00,IdeState,Inactive,,*,-1,-1
2025-02-08T13:26:31.892-05:00,IdeState,Inactive,,*,-1,-1
2025-02-08T13:26:32.893-05:00,IdeState,Inactive,,*,-1,-1
2025-02-08T13:26:33.894-05:00,IdeState,Inactive,,*,-1,-1
2025-02-08T13:26:34.895-05:00,IdeState,Inactive,,*,-1,-1
2025-02-08T13:26:35.896-05:00,IdeState,Inactive,,*,-1,-1
2025-02-08T13:26:36.896-05:00,IdeState,Inactive,,*,-1,-1
2025-02-08T13:26:37.897-05:00,IdeState,Inactive,,*,-1,-1
2025-02-08T13:26:38.898-05:00,IdeState,Inactive,,*,-1,-1
2025-02-08T13:26:39.898-05:00,IdeState,Inactive,,*,-1,-1
2025-02-08T13:26:40.899-05:00,IdeState,Inactive,,*,-1,-1
2025-02-08T13:26:41.900-05:00,IdeState,Inactive,,*,-1,-1
2025-02-08T13:26:42.901-05:00,IdeState,Inactive,,*,-1,-1
2025-02-08T13:26:43.901-05:00,IdeState,Inactive,,*,-1,-1
2025-02-08T13:26:44.902-05:00,IdeState,Inactive,,*,-1,-1
2025-02-08T13:26:45.903-05:00,IdeState,Inactive,,*,-1,-1
2025-02-08T13:26:46.904-05:00,IdeState,Inactive,,*,-1,-1
2025-02-08T13:26:47.904-05:00,IdeState,Inactive,,*,-1,-1
2025-02-08T13:26:48.905-05:00,IdeState,Inactive,,*,-1,-1
2025-02-08T13:26:49.906-05:00,IdeState,Inactive,,*,-1,-1
2025-02-08T13:26:50.907-05:00,IdeState,Inactive,,*,-1,-1
2025-02-08T13:26:51.908-05:00,IdeState,Inactive,,*,-1,-1
2025-02-08T13:26:52.908-05:00,IdeState,Inactive,,*,-1,-1
2025-02-08T13:26:53.909-05:00,IdeState,Inactive,,*,-1,-1
2025-02-08T13:26:54.910-05:00,IdeState,Inactive,,*,-1,-1
2025-02-08T13:26:55.911-05:00,IdeState,Inactive,,*,-1,-1
2025-02-08T13:26:56.912-05:00,IdeState,Inactive,,*,-1,-1
2025-02-08T13:26:57.912-05:00,IdeState,Inactive,,*,-1,-1
2025-02-08T13:26:58.913-05:00,IdeState,Inactive,,*,-1,-1
2025-02-08T13:26:59.914-05:00,IdeState,Inactive,,*,-1,-1
2025-02-08T13:27:00.915-05:00,IdeState,Inactive,,*,-1,-1
2025-02-08T13:27:01.915-05:00,IdeState,Inactive,,*,-1,-1
2025-02-08T13:27:02.916-05:00,IdeState,Inactive,,*,-1,-1
2025-02-08T13:27:03.917-05:00,IdeState,Inactive,,*,-1,-1
2025-02-08T13:27:04.918-05:00,IdeState,Inactive,,*,-1,-1
2025-02-08T13:27:05.918-05:00,IdeState,Inactive,,*,-1,-1
2025-02-08T13:27:06.919-05:00,IdeState,Inactive,,*,-1,-1
2025-02-08T13:27:07.920-05:00,IdeState,Inactive,,*,-1,-1
2025-02-08T13:27:08.920-05:00,IdeState,Inactive,,*,-1,-1
2025-02-08T13:27:09.921-05:00,IdeState,Inactive,,*,-1,-1
2025-02-08T13:27:10.922-05:00,IdeState,Inactive,,*,-1,-1
2025-02-08T13:27:11.923-05:00,IdeState,Inactive,,*,-1,-1
2025-02-08T13:27:12.923-05:00,IdeState,Inactive,,*,-1,-1
2025-02-08T13:27:13.924-05:00,IdeState,Inactive,,*,-1,-1
2025-02-08T13:27:14.925-05:00,IdeState,Inactive,,*,-1,-1
2025-02-08T13:27:15.926-05:00,IdeState,Inactive,,*,-1,-1
2025-02-08T13:27:16.927-05:00,IdeState,Inactive,,*,-1,-1
2025-02-08T13:27:17.927-05:00,IdeState,Inactive,,*,-1,-1
2025-02-08T13:27:18.928-05:00,IdeState,Inactive,,*,-1,-1
2025-02-08T13:27:19.929-05:00,IdeState,Inactive,,*,-1,-1
2025-02-08T13:27:20.930-05:00,IdeState,Inactive,,*,-1,-1
2025-02-08T13:27:21.930-05:00,IdeState,Inactive,,*,-1,-1
2025-02-08T13:27:22.931-05:00,IdeState,Inactive,,*,-1,-1
2025-02-08T13:27:23.932-05:00,IdeState,Inactive,,*,-1,-1
2025-02-08T13:27:24.933-05:00,IdeState,Inactive,,*,-1,-1
2025-02-08T13:27:25.934-05:00,IdeState,Inactive,,*,-1,-1
2025-02-08T13:27:26.934-05:00,IdeState,Inactive,,*,-1,-1
2025-02-08T13:27:27.935-05:00,IdeState,Inactive,,*,-1,-1
2025-02-08T13:27:28.936-05:00,IdeState,Inactive,,*,-1,-1
2025-02-08T13:27:29.937-05:00,IdeState,Inactive,,*,-1,-1
2025-02-08T13:27:30.937-05:00,IdeState,Inactive,,*,-1,-1
2025-02-08T13:27:31.938-05:00,IdeState,Inactive,,*,-1,-1
2025-02-08T13:27:32.939-05:00,IdeState,Inactive,,*,-1,-1
2025-02-08T13:27:33.940-05:00,IdeState,Inactive,,*,-1,-1
2025-02-08T13:27:34.940-05:00,IdeState,Inactive,,*,-1,-1
2025-02-08T13:27:35.941-05:00,IdeState,Inactive,,*,-1,-1
2025-02-08T13:27:36.942-05:00,IdeState,Inactive,,*,-1,-1
2025-02-08T13:27:37.943-05:00,IdeState,Inactive,,*,-1,-1
2025-02-08T13:27:38.944-05:00,IdeState,Inactive,,*,-1,-1
2025-02-08T13:27:39.944-05:00,IdeState,Inactive,,*,-1,-1
2025-02-08T13:27:40.945-05:00,IdeState,Inactive,,*,-1,-1
2025-02-08T13:27:41.946-05:00,IdeState,Inactive,,*,-1,-1
2025-02-08T13:27:42.947-05:00,IdeState,Inactive,,*,-1,-1
2025-02-08T13:27:43.948-05:00,IdeState,Inactive,,*,-1,-1
2025-02-08T13:27:44.948-05:00,IdeState,Inactive,,*,-1,-1
2025-02-08T13:27:45.949-05:00,IdeState,Inactive,,*,-1,-1
2025-02-08T13:27:46.950-05:00,IdeState,Inactive,,*,-1,-1
2025-02-08T13:27:47.951-05:00,IdeState,Inactive,,*,-1,-1
2025-02-08T13:27:48.951-05:00,IdeState,Inactive,,*,-1,-1
2025-02-08T13:27:49.952-05:00,IdeState,Inactive,,*,-1,-1
2025-02-08T13:27:50.953-05:00,IdeState,Inactive,,*,-1,-1
2025-02-08T13:27:51.954-05:00,IdeState,Inactive,,*,-1,-1
2025-02-08T13:27:52.954-05:00,IdeState,Inactive,,*,-1,-1
2025-02-08T13:27:53.955-05:00,IdeState,Inactive,,*,-1,-1
2025-02-08T13:27:54.956-05:00,IdeState,Inactive,,*,-1,-1
2025-02-08T13:27:55.957-05:00,IdeState,Inactive,,*,-1,-1
2025-02-08T13:27:56.957-05:00,IdeState,Inactive,,*,-1,-1
2025-02-08T13:27:57.958-05:00,IdeState,Inactive,,*,-1,-1
2025-02-08T13:27:58.959-05:00,IdeState,Inactive,,*,-1,-1
2025-02-08T13:27:59.960-05:00,IdeState,Inactive,,*,-1,-1
2025-02-08T13:28:00.961-05:00,IdeState,Inactive,,*,-1,-1
2025-02-08T13:28:01.961-05:00,IdeState,Inactive,,*,-1,-1
2025-02-08T13:28:02.962-05:00,IdeState,Inactive,,*,-1,-1
2025-02-08T13:28:03.963-05:00,IdeState,Inactive,,*,-1,-1
2025-02-08T13:28:04.964-05:00,IdeState,Inactive,,*,-1,-1
2025-02-08T13:28:05.965-05:00,IdeState,Inactive,,*,-1,-1
2025-02-08T13:28:06.965-05:00,IdeState,Inactive,,*,-1,-1
2025-02-08T13:28:07.966-05:00,IdeState,Inactive,,*,-1,-1
2025-02-08T13:28:08.967-05:00,IdeState,Inactive,,*,-1,-1
2025-02-08T13:28:09.968-05:00,IdeState,Inactive,,*,-1,-1
2025-02-08T13:28:10.969-05:00,IdeState,Inactive,,*,-1,-1
2025-02-08T13:28:11.969-05:00,IdeState,Inactive,,*,-1,-1
2025-02-08T13:28:12.970-05:00,IdeState,Inactive,,*,-1,-1
2025-02-08T13:28:13.971-05:00,IdeState,Inactive,,*,-1,-1
2025-02-08T13:28:14.972-05:00,IdeState,Inactive,,*,-1,-1
2025-02-08T13:28:15.972-05:00,IdeState,Inactive,,*,-1,-1
2025-02-08T13:28:16.973-05:00,IdeState,Inactive,,*,-1,-1
2025-02-08T13:28:17.974-05:00,IdeState,Inactive,,*,-1,-1
2025-02-08T13:28:18.975-05:00,IdeState,Inactive,,*,-1,-1
2025-02-08T13:28:19.975-05:00,IdeState,Inactive,,*,-1,-1
2025-02-08T13:28:20.976-05:00,IdeState,Inactive,,*,-1,-1
2025-02-08T13:28:21.977-05:00,IdeState,Inactive,,*,-1,-1
2025-02-08T13:28:22.978-05:00,IdeState,Inactive,,*,-1,-1
2025-02-08T13:28:23.978-05:00,IdeState,Inactive,,*,-1,-1
2025-02-08T13:28:24.979-05:00,IdeState,Inactive,,*,-1,-1
2025-02-08T13:28:25.980-05:00,IdeState,Inactive,,*,-1,-1
2025-02-08T13:28:26.980-05:00,IdeState,Inactive,,*,-1,-1
2025-02-08T13:28:27.981-05:00,IdeState,Inactive,,*,-1,-1
2025-02-08T13:28:28.982-05:00,IdeState,Inactive,,*,-1,-1
2025-02-08T13:28:29.983-05:00,IdeState,Inactive,,*,-1,-1
2025-02-08T13:28:30.983-05:00,IdeState,Inactive,,*,-1,-1
2025-02-08T13:28:31.984-05:00,IdeState,Inactive,,*,-1,-1
2025-02-08T13:28:32.985-05:00,IdeState,Inactive,,*,-1,-1
2025-02-08T13:28:33.986-05:00,IdeState,Inactive,,*,-1,-1
2025-02-08T13:28:34.987-05:00,IdeState,Inactive,,*,-1,-1
2025-02-08T13:28:35.987-05:00,IdeState,Inactive,,*,-1,-1
2025-02-08T13:28:36.988-05:00,IdeState,Inactive,,*,-1,-1
2025-02-08T13:28:37.989-05:00,IdeState,Inactive,,*,-1,-1
2025-02-08T13:28:38.989-05:00,IdeState,Inactive,,*,-1,-1
2025-02-08T13:28:39.990-05:00,IdeState,Inactive,,*,-1,-1
2025-02-08T13:28:40.991-05:00,IdeState,Inactive,,*,-1,-1
2025-02-08T13:28:41.992-05:00,IdeState,Inactive,,*,-1,-1
2025-02-08T13:28:42.993-05:00,IdeState,Inactive,,*,-1,-1
2025-02-08T13:28:43.993-05:00,IdeState,Inactive,,*,-1,-1
2025-02-08T13:28:44.994-05:00,IdeState,Inactive,,*,-1,-1
2025-02-08T13:28:45.995-05:00,IdeState,Inactive,,*,-1,-1
2025-02-08T13:28:46.996-05:00,IdeState,Inactive,,*,-1,-1
2025-02-08T13:28:47.996-05:00,IdeState,Inactive,,*,-1,-1
2025-02-08T13:28:48.997-05:00,IdeState,Inactive,,*,-1,-1
2025-02-08T13:28:49.998-05:00,IdeState,Inactive,,*,-1,-1
2025-02-08T13:28:50.999-05:00,IdeState,Inactive,,*,-1,-1
2025-02-08T13:28:51.999-05:00,IdeState,Inactive,,*,-1,-1
2025-02-08T13:28:53.000-05:00,IdeState,Inactive,,*,-1,-1
2025-02-08T13:28:54.000-05:00,IdeState,Inactive,,*,-1,-1
2025-02-08T13:28:55.001-05:00,IdeState,Inactive,,*,-1,-1
2025-02-08T13:28:56.002-05:00,IdeState,Inactive,,*,-1,-1
2025-02-08T13:28:57.003-05:00,IdeState,Inactive,,*,-1,-1
2025-02-08T13:28:58.003-05:00,IdeState,Inactive,,*,-1,-1
2025-02-08T13:28:59.004-05:00,IdeState,Inactive,,*,-1,-1
2025-02-08T13:29:00.008-05:00,IdeState,Inactive,,*,-1,-1
2025-02-08T13:29:01.008-05:00,IdeState,Inactive,,*,-1,-1
2025-02-08T13:29:02.009-05:00,IdeState,Inactive,,*,-1,-1
2025-02-08T13:29:03.010-05:00,IdeState,Inactive,,*,-1,-1
2025-02-08T13:29:04.011-05:00,IdeState,Inactive,,*,-1,-1
2025-02-08T13:29:05.011-05:00,IdeState,Inactive,,*,-1,-1
2025-02-08T13:29:06.012-05:00,IdeState,Inactive,,*,-1,-1
2025-02-08T13:29:07.013-05:00,IdeState,Inactive,,*,-1,-1
2025-02-08T13:29:08.014-05:00,IdeState,Inactive,,*,-1,-1
2025-02-08T13:29:09.014-05:00,IdeState,Inactive,,*,-1,-1
2025-02-08T13:29:10.015-05:00,IdeState,Inactive,,*,-1,-1
2025-02-08T13:29:11.016-05:00,IdeState,Inactive,,*,-1,-1
2025-02-08T13:29:12.017-05:00,IdeState,Inactive,,*,-1,-1
2025-02-08T13:29:13.017-05:00,IdeState,Inactive,,*,-1,-1
2025-02-08T13:29:14.018-05:00,IdeState,Inactive,,*,-1,-1
2025-02-08T13:29:15.019-05:00,IdeState,Inactive,,*,-1,-1
2025-02-08T13:29:16.020-05:00,IdeState,Inactive,,*,-1,-1
2025-02-08T13:29:17.020-05:00,IdeState,Inactive,,*,-1,-1
2025-02-08T13:29:18.021-05:00,IdeState,Inactive,,*,-1,-1
2025-02-08T13:29:19.022-05:00,IdeState,Inactive,,*,-1,-1
2025-02-08T13:29:20.022-05:00,IdeState,Inactive,,*,-1,-1
2025-02-08T13:29:21.023-05:00,IdeState,Inactive,,*,-1,-1
2025-02-08T13:29:22.024-05:00,IdeState,Inactive,,*,-1,-1
2025-02-08T13:29:23.025-05:00,IdeState,Inactive,,*,-1,-1
2025-02-08T13:29:24.025-05:00,IdeState,Inactive,,*,-1,-1
2025-02-08T13:29:25.026-05:00,IdeState,Inactive,,*,-1,-1
2025-02-08T13:29:26.027-05:00,IdeState,Inactive,,*,-1,-1
2025-02-08T13:29:27.027-05:00,IdeState,Inactive,,*,-1,-1
2025-02-08T13:29:28.028-05:00,IdeState,Inactive,,*,-1,-1
2025-02-08T13:29:29.029-05:00,IdeState,Inactive,,*,-1,-1
2025-02-08T13:29:30.030-05:00,IdeState,Inactive,,*,-1,-1
2025-02-08T13:29:31.030-05:00,IdeState,Inactive,,*,-1,-1
2025-02-08T13:29:32.031-05:00,IdeState,Inactive,,*,-1,-1
2025-02-08T13:29:33.032-05:00,IdeState,Inactive,,*,-1,-1
2025-02-08T13:29:34.033-05:00,IdeState,Inactive,,*,-1,-1
2025-02-08T13:29:35.034-05:00,IdeState,Inactive,,*,-1,-1
2025-02-08T13:29:36.034-05:00,IdeState,Inactive,,*,-1,-1
2025-02-08T13:29:37.035-05:00,IdeState,Inactive,,*,-1,-1
2025-02-08T13:29:38.036-05:00,IdeState,Inactive,,*,-1,-1
2025-02-08T13:29:39.037-05:00,IdeState,Inactive,,*,-1,-1
2025-02-08T13:29:40.037-05:00,IdeState,Inactive,,*,-1,-1
2025-02-08T13:29:41.038-05:00,IdeState,Inactive,,*,-1,-1
2025-02-08T13:29:42.039-05:00,IdeState,Inactive,,*,-1,-1
2025-02-08T13:29:43.040-05:00,IdeState,Inactive,,*,-1,-1
2025-02-08T13:29:44.040-05:00,IdeState,Inactive,,*,-1,-1
2025-02-08T13:29:45.041-05:00,IdeState,Inactive,,*,-1,-1
2025-02-08T13:29:46.042-05:00,IdeState,Inactive,,*,-1,-1
2025-02-08T13:29:47.043-05:00,IdeState,Inactive,,*,-1,-1
2025-02-08T13:29:48.043-05:00,IdeState,Inactive,,*,-1,-1
2025-02-08T13:29:49.044-05:00,IdeState,Inactive,,*,-1,-1
2025-02-08T13:29:50.045-05:00,IdeState,Inactive,,*,-1,-1
2025-02-08T13:29:51.046-05:00,IdeState,Inactive,,*,-1,-1
2025-02-08T13:29:52.046-05:00,IdeState,Inactive,,*,-1,-1
2025-02-08T13:29:53.047-05:00,IdeState,Inactive,,*,-1,-1
2025-02-08T13:29:54.048-05:00,IdeState,Inactive,,*,-1,-1
2025-02-08T13:29:55.048-05:00,IdeState,Inactive,,*,-1,-1
2025-02-08T13:29:56.049-05:00,IdeState,Inactive,,*,-1,-1
2025-02-08T13:29:57.050-05:00,IdeState,Inactive,,*,-1,-1
2025-02-08T13:29:58.051-05:00,IdeState,Inactive,,*,-1,-1
2025-02-08T13:29:59.051-05:00,IdeState,Inactive,,*,-1,-1
2025-02-08T13:30:00.052-05:00,IdeState,Inactive,,*,-1,-1
2025-02-08T13:30:01.053-05:00,IdeState,Inactive,,*,-1,-1
2025-02-08T13:30:02.054-05:00,IdeState,Inactive,,*,-1,-1
2025-02-08T13:30:03.054-05:00,IdeState,Inactive,,*,-1,-1
2025-02-08T13:30:04.055-05:00,IdeState,Inactive,,*,-1,-1
2025-02-08T13:30:05.055-05:00,IdeState,Inactive,,*,-1,-1
2025-02-08T13:30:06.056-05:00,IdeState,Inactive,,*,-1,-1
2025-02-08T13:30:07.057-05:00,IdeState,Inactive,,*,-1,-1
2025-02-08T13:30:08.057-05:00,IdeState,Inactive,,*,-1,-1
2025-02-08T13:30:09.058-05:00,IdeState,Inactive,,*,-1,-1
2025-02-08T13:30:10.059-05:00,IdeState,Inactive,,*,-1,-1
2025-02-08T13:30:11.060-05:00,IdeState,Inactive,,*,-1,-1
2025-02-08T13:30:12.061-05:00,IdeState,Inactive,,*,-1,-1
2025-02-08T13:30:13.061-05:00,IdeState,Inactive,,*,-1,-1
2025-02-08T13:30:14.062-05:00,IdeState,Inactive,,*,-1,-1
2025-02-08T13:30:15.063-05:00,IdeState,Inactive,,*,-1,-1
2025-02-08T13:30:16.063-05:00,IdeState,Inactive,,*,-1,-1
2025-02-08T13:30:17.064-05:00,IdeState,Inactive,,*,-1,-1
2025-02-08T13:30:18.065-05:00,IdeState,Inactive,,*,-1,-1
2025-02-08T13:30:19.066-05:00,IdeState,Inactive,,*,-1,-1
2025-02-08T13:30:20.066-05:00,IdeState,Inactive,,*,-1,-1
2025-02-08T13:30:21.067-05:00,IdeState,Inactive,,*,-1,-1
2025-02-08T13:30:22.068-05:00,IdeState,Inactive,,*,-1,-1
2025-02-08T13:30:23.069-05:00,IdeState,Inactive,,*,-1,-1
2025-02-08T13:30:24.069-05:00,IdeState,Inactive,,*,-1,-1
2025-02-08T13:30:25.070-05:00,IdeState,Inactive,,*,-1,-1
2025-02-08T13:30:26.071-05:00,IdeState,Inactive,,*,-1,-1
2025-02-08T13:30:27.072-05:00,IdeState,Inactive,,*,-1,-1
2025-02-08T13:30:28.073-05:00,IdeState,Inactive,,*,-1,-1
2025-02-08T13:30:29.073-05:00,IdeState,Inactive,,*,-1,-1
2025-02-08T13:30:30.074-05:00,IdeState,Inactive,,*,-1,-1
2025-02-08T13:30:31.075-05:00,IdeState,Inactive,,*,-1,-1
2025-02-08T13:30:32.075-05:00,IdeState,Inactive,,*,-1,-1
2025-02-08T13:30:33.076-05:00,IdeState,Inactive,,*,-1,-1
2025-02-08T13:30:34.077-05:00,IdeState,Inactive,,*,-1,-1
2025-02-08T13:30:35.078-05:00,IdeState,Inactive,,*,-1,-1
2025-02-08T13:30:36.078-05:00,IdeState,Inactive,,*,-1,-1
2025-02-08T13:30:37.079-05:00,IdeState,Inactive,,*,-1,-1
2025-02-08T13:30:38.080-05:00,IdeState,Inactive,,*,-1,-1
2025-02-08T13:30:39.080-05:00,IdeState,Inactive,,*,-1,-1
2025-02-08T13:30:40.081-05:00,IdeState,Inactive,,*,-1,-1
2025-02-08T13:30:41.082-05:00,IdeState,Inactive,,*,-1,-1
2025-02-08T13:30:42.083-05:00,IdeState,Inactive,,*,-1,-1
2025-02-08T13:30:43.083-05:00,IdeState,Inactive,,*,-1,-1
2025-02-08T13:30:44.084-05:00,IdeState,Inactive,,*,-1,-1
2025-02-08T13:30:45.085-05:00,IdeState,Inactive,,*,-1,-1
2025-02-08T13:30:46.086-05:00,IdeState,Inactive,,*,-1,-1
2025-02-08T13:30:47.086-05:00,IdeState,Inactive,,*,-1,-1
2025-02-08T13:30:48.087-05:00,IdeState,Inactive,,*,-1,-1
2025-02-08T13:30:49.088-05:00,IdeState,Inactive,,*,-1,-1
2025-02-08T13:30:50.088-05:00,IdeState,Inactive,,*,-1,-1
2025-02-08T13:30:51.089-05:00,IdeState,Inactive,,*,-1,-1
2025-02-08T13:30:52.090-05:00,IdeState,Inactive,,*,-1,-1
2025-02-08T13:30:53.090-05:00,IdeState,Inactive,,*,-1,-1
2025-02-08T13:30:54.091-05:00,IdeState,Inactive,,*,-1,-1
2025-02-08T13:30:55.092-05:00,IdeState,Inactive,,*,-1,-1
2025-02-08T13:30:56.093-05:00,IdeState,Inactive,,*,-1,-1
2025-02-08T13:30:57.094-05:00,IdeState,Inactive,,*,-1,-1
2025-02-08T13:30:58.094-05:00,IdeState,Inactive,,*,-1,-1
2025-02-08T13:30:59.095-05:00,IdeState,Inactive,,*,-1,-1
2025-02-08T13:31:00.096-05:00,IdeState,Inactive,,*,-1,-1
2025-02-08T13:31:01.097-05:00,IdeState,Inactive,,*,-1,-1
2025-02-08T13:31:02.097-05:00,IdeState,Inactive,,*,-1,-1
2025-02-08T13:31:03.098-05:00,IdeState,Inactive,,*,-1,-1
2025-02-08T13:31:04.099-05:00,IdeState,Inactive,,*,-1,-1
2025-02-08T13:31:05.099-05:00,IdeState,Inactive,,*,-1,-1
2025-02-08T13:31:06.100-05:00,IdeState,Inactive,,*,-1,-1
2025-02-08T13:31:07.101-05:00,IdeState,Inactive,,*,-1,-1
2025-02-08T13:31:08.101-05:00,IdeState,Inactive,,*,-1,-1
2025-02-08T13:31:09.102-05:00,IdeState,Inactive,,*,-1,-1
2025-02-08T13:31:10.103-05:00,IdeState,Inactive,,*,-1,-1
2025-02-08T13:31:11.104-05:00,IdeState,Inactive,,*,-1,-1
2025-02-08T13:31:12.104-05:00,IdeState,Inactive,,*,-1,-1
2025-02-08T13:31:13.105-05:00,IdeState,Inactive,,*,-1,-1
2025-02-08T13:31:14.106-05:00,IdeState,Inactive,,*,-1,-1
2025-02-08T13:31:15.107-05:00,IdeState,Inactive,,*,-1,-1
2025-02-08T13:31:16.107-05:00,IdeState,Inactive,,*,-1,-1
2025-02-08T13:31:17.108-05:00,IdeState,Inactive,,*,-1,-1
2025-02-08T13:31:18.109-05:00,IdeState,Inactive,,*,-1,-1
2025-02-08T13:31:19.110-05:00,IdeState,Inactive,,*,-1,-1
2025-02-08T13:31:20.110-05:00,IdeState,Inactive,,*,-1,-1
2025-02-08T13:31:21.111-05:00,IdeState,Inactive,,*,-1,-1
2025-02-08T13:31:22.112-05:00,IdeState,Inactive,,*,-1,-1
2025-02-08T13:31:23.112-05:00,IdeState,Inactive,,*,-1,-1
2025-02-08T13:31:24.113-05:00,IdeState,Inactive,,*,-1,-1
2025-02-08T13:31:25.114-05:00,IdeState,Inactive,,*,-1,-1
2025-02-08T13:31:26.115-05:00,IdeState,Inactive,,*,-1,-1
2025-02-08T13:31:27.116-05:00,IdeState,Inactive,,*,-1,-1
2025-02-08T13:31:28.116-05:00,IdeState,Inactive,,*,-1,-1
2025-02-08T13:31:29.117-05:00,IdeState,Inactive,,*,-1,-1
2025-02-08T13:31:30.118-05:00,IdeState,Inactive,,*,-1,-1
2025-02-08T13:31:31.119-05:00,IdeState,Inactive,,*,-1,-1
2025-02-08T13:31:32.120-05:00,IdeState,Inactive,,*,-1,-1
2025-02-08T13:31:33.120-05:00,IdeState,Inactive,,*,-1,-1
2025-02-08T13:31:34.121-05:00,IdeState,Inactive,,*,-1,-1
2025-02-08T13:31:35.122-05:00,IdeState,Inactive,,*,-1,-1
2025-02-08T13:31:36.123-05:00,IdeState,Inactive,,*,-1,-1
2025-02-08T13:31:37.123-05:00,IdeState,Inactive,,*,-1,-1
2025-02-08T13:31:38.124-05:00,IdeState,Inactive,,*,-1,-1
2025-02-08T13:31:39.125-05:00,IdeState,Inactive,,*,-1,-1
2025-02-08T13:31:40.126-05:00,IdeState,Inactive,,*,-1,-1
2025-02-08T13:31:41.126-05:00,IdeState,Inactive,,*,-1,-1
2025-02-08T13:31:42.127-05:00,IdeState,Inactive,,*,-1,-1
2025-02-08T13:31:43.128-05:00,IdeState,Inactive,,*,-1,-1
2025-02-08T13:31:44.129-05:00,IdeState,Inactive,,*,-1,-1
2025-02-08T13:31:45.130-05:00,IdeState,Inactive,,*,-1,-1
2025-02-08T13:31:46.131-05:00,IdeState,Inactive,,*,-1,-1
2025-02-08T13:31:47.132-05:00,IdeState,Inactive,,*,-1,-1
2025-02-08T13:31:48.132-05:00,IdeState,Inactive,,*,-1,-1
2025-02-08T13:31:49.133-05:00,IdeState,Inactive,,*,-1,-1
2025-02-08T13:31:50.134-05:00,IdeState,Inactive,,*,-1,-1
2025-02-08T13:31:51.134-05:00,IdeState,Inactive,,*,-1,-1
2025-02-08T13:31:52.135-05:00,IdeState,Inactive,,*,-1,-1
2025-02-08T13:31:53.136-05:00,IdeState,Inactive,,*,-1,-1
2025-02-08T13:31:54.137-05:00,IdeState,Inactive,,*,-1,-1
2025-02-08T13:31:55.138-05:00,IdeState,Inactive,,*,-1,-1
2025-02-08T13:31:56.138-05:00,IdeState,Inactive,,*,-1,-1
2025-02-08T13:31:57.139-05:00,IdeState,Inactive,,*,-1,-1
2025-02-08T13:31:58.140-05:00,IdeState,Inactive,,*,-1,-1
2025-02-08T13:31:59.140-05:00,IdeState,Inactive,,*,-1,-1
2025-02-08T13:32:00.141-05:00,IdeState,Inactive,,*,-1,-1
2025-02-08T13:32:01.142-05:00,IdeState,Inactive,,*,-1,-1
2025-02-08T13:32:02.143-05:00,IdeState,Inactive,,*,-1,-1
2025-02-08T13:32:03.144-05:00,IdeState,Inactive,,*,-1,-1
2025-02-08T13:32:04.144-05:00,IdeState,Inactive,,*,-1,-1
2025-02-08T13:32:05.145-05:00,IdeState,Inactive,,*,-1,-1
2025-02-08T13:32:06.146-05:00,IdeState,Inactive,,*,-1,-1
2025-02-08T13:32:07.147-05:00,IdeState,Inactive,,*,-1,-1
2025-02-08T13:32:08.148-05:00,IdeState,Inactive,,*,-1,-1
2025-02-08T13:32:09.148-05:00,IdeState,Inactive,,*,-1,-1
2025-02-08T13:32:10.149-05:00,IdeState,Inactive,,*,-1,-1
2025-02-08T13:32:11.150-05:00,IdeState,Inactive,,*,-1,-1
2025-02-08T13:32:12.151-05:00,IdeState,Inactive,,*,-1,-1
2025-02-08T13:32:13.151-05:00,IdeState,Inactive,,*,-1,-1
2025-02-08T13:32:14.152-05:00,IdeState,Inactive,,*,-1,-1
2025-02-08T13:32:15.153-05:00,IdeState,Inactive,,*,-1,-1
2025-02-08T13:32:16.154-05:00,IdeState,Inactive,,*,-1,-1
2025-02-08T13:32:17.155-05:00,IdeState,Inactive,,*,-1,-1
2025-02-08T13:32:18.155-05:00,IdeState,Inactive,,*,-1,-1
2025-02-08T13:32:19.156-05:00,IdeState,Inactive,,*,-1,-1
2025-02-08T13:32:20.157-05:00,IdeState,Inactive,,*,-1,-1
2025-02-08T13:32:21.157-05:00,IdeState,Inactive,,*,-1,-1
2025-02-08T13:32:22.158-05:00,IdeState,Inactive,,*,-1,-1
2025-02-08T13:32:23.159-05:00,IdeState,Inactive,,*,-1,-1
2025-02-08T13:32:24.160-05:00,IdeState,Inactive,,*,-1,-1
2025-02-08T13:32:25.160-05:00,IdeState,Inactive,,*,-1,-1
2025-02-08T13:32:26.161-05:00,IdeState,Inactive,,*,-1,-1
2025-02-08T13:32:27.162-05:00,IdeState,Inactive,,*,-1,-1
2025-02-08T13:32:28.163-05:00,IdeState,Inactive,,*,-1,-1
2025-02-08T13:32:29.163-05:00,IdeState,Inactive,,*,-1,-1
2025-02-08T13:32:30.164-05:00,IdeState,Inactive,,*,-1,-1
2025-02-08T13:32:31.165-05:00,IdeState,Inactive,,*,-1,-1
2025-02-08T13:32:32.166-05:00,IdeState,Inactive,,*,-1,-1
2025-02-08T13:32:33.167-05:00,IdeState,Inactive,,*,-1,-1
2025-02-08T13:32:34.167-05:00,IdeState,Inactive,,*,-1,-1
2025-02-08T13:32:35.168-05:00,IdeState,Inactive,,*,-1,-1
2025-02-08T13:32:36.169-05:00,IdeState,Inactive,,*,-1,-1
2025-02-08T13:32:37.170-05:00,IdeState,Inactive,,*,-1,-1
2025-02-08T13:32:38.171-05:00,IdeState,Inactive,,*,-1,-1
2025-02-08T13:32:39.171-05:00,IdeState,Inactive,,*,-1,-1
2025-02-08T13:32:40.172-05:00,IdeState,Inactive,,*,-1,-1
2025-02-08T13:32:41.173-05:00,IdeState,Inactive,,*,-1,-1
2025-02-08T13:32:42.174-05:00,IdeState,Inactive,,*,-1,-1
2025-02-08T13:32:43.175-05:00,IdeState,Inactive,,*,-1,-1
2025-02-08T13:32:44.176-05:00,IdeState,Inactive,,*,-1,-1
2025-02-08T13:32:45.176-05:00,IdeState,Inactive,,*,-1,-1
2025-02-08T13:32:46.177-05:00,IdeState,Inactive,,*,-1,-1
2025-02-08T13:32:47.178-05:00,IdeState,Inactive,,*,-1,-1
2025-02-08T13:32:48.178-05:00,IdeState,Inactive,,*,-1,-1
2025-02-08T13:32:49.179-05:00,IdeState,Inactive,,*,-1,-1
2025-02-08T13:32:50.180-05:00,IdeState,Inactive,,*,-1,-1
2025-02-08T13:32:51.181-05:00,IdeState,Inactive,,*,-1,-1
2025-02-08T13:32:52.181-05:00,IdeState,Inactive,,*,-1,-1
2025-02-08T13:32:53.182-05:00,IdeState,Inactive,,*,-1,-1
2025-02-08T13:32:54.183-05:00,IdeState,Inactive,,*,-1,-1
2025-02-08T13:32:55.184-05:00,IdeState,Inactive,,*,-1,-1
2025-02-08T13:32:56.184-05:00,IdeState,Inactive,,*,-1,-1
2025-02-08T13:32:57.185-05:00,IdeState,Inactive,,*,-1,-1
2025-02-08T13:32:58.186-05:00,IdeState,Inactive,,*,-1,-1
2025-02-08T13:32:59.187-05:00,IdeState,Inactive,,*,-1,-1
2025-02-08T13:33:00.188-05:00,IdeState,Inactive,,*,-1,-1
2025-02-08T13:33:01.188-05:00,IdeState,Inactive,,*,-1,-1
2025-02-08T13:33:02.189-05:00,IdeState,Inactive,,*,-1,-1
2025-02-08T13:33:03.190-05:00,IdeState,Inactive,,*,-1,-1
2025-02-08T13:33:04.191-05:00,IdeState,Inactive,,*,-1,-1
2025-02-08T13:33:05.192-05:00,IdeState,Inactive,,*,-1,-1
2025-02-08T13:33:06.192-05:00,IdeState,Inactive,,*,-1,-1
2025-02-08T13:33:07.193-05:00,IdeState,Inactive,,*,-1,-1
2025-02-08T13:33:08.194-05:00,IdeState,Inactive,,*,-1,-1
2025-02-08T13:33:09.195-05:00,IdeState,Inactive,,*,-1,-1
2025-02-08T13:33:10.196-05:00,IdeState,Inactive,,*,-1,-1
2025-02-08T13:33:11.196-05:00,IdeState,Inactive,,*,-1,-1
2025-02-08T13:33:12.197-05:00,IdeState,Inactive,,*,-1,-1
2025-02-08T13:33:13.198-05:00,IdeState,Inactive,,*,-1,-1
2025-02-08T13:33:14.199-05:00,IdeState,Inactive,,*,-1,-1
2025-02-08T13:33:15.200-05:00,IdeState,Inactive,,*,-1,-1
2025-02-08T13:33:16.201-05:00,IdeState,Inactive,,*,-1,-1
2025-02-08T13:33:17.201-05:00,IdeState,Inactive,,*,-1,-1
2025-02-08T13:33:18.202-05:00,IdeState,Inactive,,*,-1,-1
2025-02-08T13:33:19.203-05:00,IdeState,Inactive,,*,-1,-1
2025-02-08T13:33:20.204-05:00,IdeState,Inactive,,*,-1,-1
2025-02-08T13:33:21.205-05:00,IdeState,Inactive,,*,-1,-1
2025-02-08T13:33:22.205-05:00,IdeState,Inactive,,*,-1,-1
2025-02-08T13:33:23.206-05:00,IdeState,Inactive,,*,-1,-1
2025-02-08T13:33:24.207-05:00,IdeState,Inactive,,*,-1,-1
2025-02-08T13:33:25.208-05:00,IdeState,Inactive,,*,-1,-1
2025-02-08T13:33:26.208-05:00,IdeState,Inactive,,*,-1,-1
2025-02-08T13:33:27.209-05:00,IdeState,Inactive,,*,-1,-1
2025-02-08T13:33:28.210-05:00,IdeState,Inactive,,*,-1,-1
2025-02-08T13:33:29.211-05:00,IdeState,Inactive,,*,-1,-1
2025-02-08T13:33:30.211-05:00,IdeState,Inactive,,*,-1,-1
2025-02-08T13:33:31.213-05:00,IdeState,Inactive,,*,-1,-1
2025-02-08T13:33:32.214-05:00,IdeState,Inactive,,*,-1,-1
2025-02-08T13:33:33.214-05:00,IdeState,Inactive,,*,-1,-1
2025-02-08T13:33:34.215-05:00,IdeState,Inactive,,*,-1,-1
2025-02-08T13:33:35.216-05:00,IdeState,Inactive,,*,-1,-1
2025-02-08T13:33:36.216-05:00,IdeState,Inactive,,*,-1,-1
2025-02-08T13:33:37.217-05:00,IdeState,Inactive,,*,-1,-1
2025-02-08T13:33:38.218-05:00,IdeState,Inactive,,*,-1,-1
2025-02-08T13:33:39.218-05:00,IdeState,Inactive,,*,-1,-1
2025-02-08T13:33:40.219-05:00,IdeState,Inactive,,*,-1,-1
2025-02-08T13:33:41.220-05:00,IdeState,Inactive,,*,-1,-1
2025-02-08T13:33:42.220-05:00,IdeState,Inactive,,*,-1,-1
2025-02-08T13:33:43.221-05:00,IdeState,Inactive,,*,-1,-1
2025-02-08T13:33:44.222-05:00,IdeState,Inactive,,*,-1,-1
2025-02-08T13:33:45.222-05:00,IdeState,Inactive,,*,-1,-1
2025-02-08T13:33:46.223-05:00,IdeState,Inactive,,*,-1,-1
2025-02-08T13:33:47.224-05:00,IdeState,Inactive,,*,-1,-1
2025-02-08T13:33:48.224-05:00,IdeState,Inactive,,*,-1,-1
2025-02-08T13:33:49.225-05:00,IdeState,Inactive,,*,-1,-1
2025-02-08T13:33:50.226-05:00,IdeState,Inactive,,*,-1,-1
2025-02-08T13:33:51.227-05:00,IdeState,Inactive,,*,-1,-1
2025-02-08T13:33:52.228-05:00,IdeState,Inactive,,*,-1,-1
2025-02-08T13:33:53.228-05:00,IdeState,Inactive,,*,-1,-1
2025-02-08T13:33:54.229-05:00,IdeState,Inactive,,*,-1,-1
2025-02-08T13:33:55.229-05:00,IdeState,Inactive,,*,-1,-1
2025-02-08T13:33:56.230-05:00,IdeState,Inactive,,*,-1,-1
2025-02-08T13:33:57.231-05:00,IdeState,Inactive,,*,-1,-1
2025-02-08T13:33:58.232-05:00,IdeState,Inactive,,*,-1,-1
2025-02-08T13:33:59.233-05:00,IdeState,Inactive,,*,-1,-1
2025-02-08T13:34:00.233-05:00,IdeState,Inactive,,*,-1,-1
2025-02-08T13:34:01.234-05:00,IdeState,Inactive,,*,-1,-1
2025-02-08T13:34:02.235-05:00,IdeState,Inactive,,*,-1,-1
2025-02-08T13:34:03.236-05:00,IdeState,Inactive,,*,-1,-1
2025-02-08T13:34:04.236-05:00,IdeState,Inactive,,*,-1,-1
2025-02-08T13:34:05.237-05:00,IdeState,Inactive,,*,-1,-1
2025-02-08T13:34:06.238-05:00,IdeState,Inactive,,*,-1,-1
2025-02-08T13:34:07.238-05:00,IdeState,Inactive,,*,-1,-1
2025-02-08T13:34:08.239-05:00,IdeState,Inactive,,*,-1,-1
2025-02-08T13:34:09.240-05:00,IdeState,Inactive,,*,-1,-1
2025-02-08T13:34:10.241-05:00,IdeState,Inactive,,*,-1,-1
2025-02-08T13:34:11.241-05:00,IdeState,Inactive,,*,-1,-1
2025-02-08T13:34:12.242-05:00,IdeState,Inactive,,*,-1,-1
2025-02-08T13:34:13.243-05:00,IdeState,Inactive,,*,-1,-1
2025-02-08T13:34:14.244-05:00,IdeState,Inactive,,*,-1,-1
2025-02-08T13:34:15.245-05:00,IdeState,Inactive,,*,-1,-1
2025-02-08T13:34:16.245-05:00,IdeState,Inactive,,*,-1,-1
2025-02-08T13:34:17.246-05:00,IdeState,Inactive,,*,-1,-1
2025-02-08T13:34:18.247-05:00,IdeState,Inactive,,*,-1,-1
2025-02-08T13:34:19.248-05:00,IdeState,Inactive,,*,-1,-1
2025-02-08T13:34:20.249-05:00,IdeState,Inactive,,*,-1,-1
2025-02-08T13:34:21.249-05:00,IdeState,Inactive,,*,-1,-1
2025-02-08T13:34:22.250-05:00,IdeState,Inactive,,*,-1,-1
2025-02-08T13:34:23.251-05:00,IdeState,Inactive,,*,-1,-1
2025-02-08T13:34:24.252-05:00,IdeState,Inactive,,*,-1,-1
2025-02-08T13:34:25.253-05:00,IdeState,Inactive,,*,-1,-1
2025-02-08T13:34:26.253-05:00,IdeState,Inactive,,*,-1,-1
2025-02-08T13:34:27.254-05:00,IdeState,Inactive,,*,-1,-1
2025-02-08T13:34:28.255-05:00,IdeState,Inactive,,*,-1,-1
2025-02-08T13:34:29.256-05:00,IdeState,Inactive,,*,-1,-1
2025-02-08T13:34:30.257-05:00,IdeState,Inactive,,*,-1,-1
2025-02-08T13:34:31.257-05:00,IdeState,Inactive,,*,-1,-1
2025-02-08T13:34:32.258-05:00,IdeState,Inactive,,*,-1,-1
2025-02-08T13:34:33.259-05:00,IdeState,Inactive,,*,-1,-1
2025-02-08T13:34:34.260-05:00,IdeState,Inactive,,*,-1,-1
2025-02-08T13:34:35.260-05:00,IdeState,Inactive,,*,-1,-1
2025-02-08T13:34:36.261-05:00,IdeState,Inactive,,*,-1,-1
2025-02-08T13:34:37.262-05:00,IdeState,Inactive,,*,-1,-1
2025-02-08T13:34:38.262-05:00,IdeState,Inactive,,*,-1,-1
2025-02-08T13:34:39.263-05:00,IdeState,Inactive,,*,-1,-1
2025-02-08T13:34:40.264-05:00,IdeState,Inactive,,*,-1,-1
2025-02-08T13:34:41.265-05:00,IdeState,Inactive,,*,-1,-1
2025-02-08T13:34:42.266-05:00,IdeState,Inactive,,*,-1,-1
2025-02-08T13:34:43.266-05:00,IdeState,Inactive,,*,-1,-1
2025-02-08T13:34:44.267-05:00,IdeState,Inactive,,*,-1,-1
2025-02-08T13:34:45.268-05:00,IdeState,Inactive,,*,-1,-1
2025-02-08T13:34:46.269-05:00,IdeState,Inactive,,*,-1,-1
2025-02-08T13:34:47.270-05:00,IdeState,Inactive,,*,-1,-1
2025-02-08T13:34:48.270-05:00,IdeState,Inactive,,*,-1,-1
2025-02-08T13:34:49.271-05:00,IdeState,Inactive,,*,-1,-1
2025-02-08T13:34:50.271-05:00,IdeState,Inactive,,*,-1,-1
2025-02-08T13:34:51.272-05:00,IdeState,Inactive,,*,-1,-1
2025-02-08T13:34:52.272-05:00,IdeState,Inactive,,*,-1,-1
2025-02-08T13:34:53.273-05:00,IdeState,Inactive,,*,-1,-1
2025-02-08T13:34:54.273-05:00,IdeState,Inactive,,*,-1,-1
2025-02-08T13:34:55.274-05:00,IdeState,Inactive,,*,-1,-1
2025-02-08T13:34:56.275-05:00,IdeState,Inactive,,*,-1,-1
2025-02-08T13:34:57.276-05:00,IdeState,Inactive,,*,-1,-1
2025-02-08T13:34:58.276-05:00,IdeState,Inactive,,*,-1,-1
2025-02-08T13:34:59.277-05:00,IdeState,Inactive,,*,-1,-1
2025-02-08T13:35:00.277-05:00,IdeState,Inactive,,*,-1,-1
2025-02-08T13:35:01.278-05:00,IdeState,Inactive,,*,-1,-1
2025-02-08T13:35:02.279-05:00,IdeState,Inactive,,*,-1,-1
2025-02-08T13:35:03.280-05:00,IdeState,Inactive,,*,-1,-1
2025-02-08T13:35:04.281-05:00,IdeState,Inactive,,*,-1,-1
2025-02-08T13:35:05.281-05:00,IdeState,Inactive,,*,-1,-1
2025-02-08T13:35:06.282-05:00,IdeState,Inactive,,*,-1,-1
2025-02-08T13:35:07.283-05:00,IdeState,Inactive,,*,-1,-1
2025-02-08T13:35:08.283-05:00,IdeState,Inactive,,*,-1,-1
2025-02-08T13:35:09.284-05:00,IdeState,Inactive,,*,-1,-1
2025-02-08T13:35:10.285-05:00,IdeState,Inactive,,*,-1,-1
2025-02-08T13:35:11.285-05:00,IdeState,Inactive,,*,-1,-1
2025-02-08T13:35:12.286-05:00,IdeState,Inactive,,*,-1,-1
2025-02-08T13:35:13.287-05:00,IdeState,Inactive,,*,-1,-1
2025-02-08T13:35:14.288-05:00,IdeState,Inactive,,*,-1,-1
2025-02-08T13:35:15.289-05:00,IdeState,Inactive,,*,-1,-1
2025-02-08T13:35:16.289-05:00,IdeState,Inactive,,*,-1,-1
2025-02-08T13:35:17.290-05:00,IdeState,Inactive,,*,-1,-1
2025-02-08T13:35:18.291-05:00,IdeState,Inactive,,*,-1,-1
2025-02-08T13:35:19.291-05:00,IdeState,Inactive,,*,-1,-1
2025-02-08T13:35:20.292-05:00,IdeState,Inactive,,*,-1,-1
2025-02-08T13:35:21.292-05:00,IdeState,Inactive,,*,-1,-1
2025-02-08T13:35:22.293-05:00,IdeState,Inactive,,*,-1,-1
2025-02-08T13:35:23.294-05:00,IdeState,Inactive,,*,-1,-1
2025-02-08T13:35:24.294-05:00,IdeState,Inactive,,*,-1,-1
2025-02-08T13:35:25.295-05:00,IdeState,Inactive,,*,-1,-1
2025-02-08T13:35:26.296-05:00,IdeState,Inactive,,*,-1,-1
2025-02-08T13:35:27.297-05:00,IdeState,Inactive,,*,-1,-1
2025-02-08T13:35:28.297-05:00,IdeState,Inactive,,*,-1,-1
2025-02-08T13:35:29.298-05:00,IdeState,Inactive,,*,-1,-1
2025-02-08T13:35:30.299-05:00,IdeState,Inactive,,*,-1,-1
2025-02-08T13:35:31.300-05:00,IdeState,Inactive,,*,-1,-1
2025-02-08T13:35:32.301-05:00,IdeState,Inactive,,*,-1,-1
2025-02-08T13:35:33.301-05:00,IdeState,Inactive,,*,-1,-1
2025-02-08T13:35:34.302-05:00,IdeState,Inactive,,*,-1,-1
2025-02-08T13:35:35.303-05:00,IdeState,Inactive,,*,-1,-1
2025-02-08T13:35:36.304-05:00,IdeState,Inactive,,*,-1,-1
2025-02-08T13:35:37.305-05:00,IdeState,Inactive,,*,-1,-1
2025-02-08T13:35:38.305-05:00,IdeState,Inactive,,*,-1,-1
2025-02-08T13:35:39.306-05:00,IdeState,Inactive,,*,-1,-1
2025-02-08T13:35:40.307-05:00,IdeState,Inactive,,*,-1,-1
2025-02-08T13:35:41.307-05:00,IdeState,Inactive,,*,-1,-1
2025-02-08T13:35:42.308-05:00,IdeState,Inactive,,*,-1,-1
2025-02-08T13:35:43.309-05:00,IdeState,Inactive,,*,-1,-1
2025-02-08T13:35:44.310-05:00,IdeState,Inactive,,*,-1,-1
2025-02-08T13:35:45.311-05:00,IdeState,Inactive,,*,-1,-1
2025-02-08T13:35:46.311-05:00,IdeState,Inactive,,*,-1,-1
2025-02-08T13:35:47.312-05:00,IdeState,Inactive,,*,-1,-1
2025-02-08T13:35:48.313-05:00,IdeState,Inactive,,*,-1,-1
2025-02-08T13:35:49.314-05:00,IdeState,Inactive,,*,-1,-1
2025-02-08T13:35:50.314-05:00,IdeState,Inactive,,*,-1,-1
2025-02-08T13:35:51.315-05:00,IdeState,Inactive,,*,-1,-1
2025-02-08T13:35:52.316-05:00,IdeState,Inactive,,*,-1,-1
2025-02-08T13:35:53.316-05:00,IdeState,Inactive,,*,-1,-1
2025-02-08T13:35:54.317-05:00,IdeState,Inactive,,*,-1,-1
2025-02-08T13:35:55.317-05:00,IdeState,Inactive,,*,-1,-1
2025-02-08T13:35:56.318-05:00,IdeState,Inactive,,*,-1,-1
2025-02-08T13:35:57.318-05:00,IdeState,Inactive,,*,-1,-1
2025-02-08T13:35:58.319-05:00,IdeState,Inactive,,*,-1,-1
2025-02-08T13:35:59.320-05:00,IdeState,Inactive,,*,-1,-1
2025-02-08T13:36:00.321-05:00,IdeState,Inactive,,*,-1,-1
2025-02-08T13:36:01.322-05:00,IdeState,Inactive,,*,-1,-1
2025-02-08T13:36:02.322-05:00,IdeState,Inactive,,*,-1,-1
2025-02-08T13:36:03.323-05:00,IdeState,Inactive,,*,-1,-1
2025-02-08T13:36:04.324-05:00,IdeState,Inactive,,*,-1,-1
2025-02-08T13:36:05.325-05:00,IdeState,Inactive,,*,-1,-1
2025-02-08T13:36:06.325-05:00,IdeState,Inactive,,*,-1,-1
2025-02-08T13:36:07.326-05:00,IdeState,Inactive,,*,-1,-1
2025-02-08T13:36:08.327-05:00,IdeState,Inactive,,*,-1,-1
2025-02-08T13:36:09.328-05:00,IdeState,Inactive,,*,-1,-1
2025-02-08T13:36:10.329-05:00,IdeState,Inactive,,*,-1,-1
2025-02-08T13:36:11.329-05:00,IdeState,Inactive,,*,-1,-1
2025-02-08T13:36:12.330-05:00,IdeState,Inactive,,*,-1,-1
2025-02-08T13:36:13.331-05:00,IdeState,Inactive,,*,-1,-1
2025-02-08T13:36:14.332-05:00,IdeState,Inactive,,*,-1,-1
2025-02-08T13:36:15.333-05:00,IdeState,Inactive,,*,-1,-1
2025-02-08T13:36:16.333-05:00,IdeState,Inactive,,*,-1,-1
2025-02-08T13:36:17.334-05:00,IdeState,Inactive,,*,-1,-1
2025-02-08T13:36:18.335-05:00,IdeState,Inactive,,*,-1,-1
2025-02-08T13:36:19.336-05:00,IdeState,Inactive,,*,-1,-1
2025-02-08T13:36:20.336-05:00,IdeState,Inactive,,*,-1,-1
2025-02-08T13:36:21.337-05:00,IdeState,Inactive,,*,-1,-1
2025-02-08T13:36:22.338-05:00,IdeState,Inactive,,*,-1,-1
2025-02-08T13:36:23.339-05:00,IdeState,Inactive,,*,-1,-1
2025-02-08T13:36:24.339-05:00,IdeState,Inactive,,*,-1,-1
2025-02-08T13:36:25.340-05:00,IdeState,Inactive,,*,-1,-1
2025-02-08T13:36:26.341-05:00,IdeState,Inactive,,*,-1,-1
2025-02-08T13:36:27.342-05:00,IdeState,Inactive,,*,-1,-1
2025-02-08T13:36:28.342-05:00,IdeState,Inactive,,*,-1,-1
2025-02-08T13:36:29.343-05:00,IdeState,Inactive,,*,-1,-1
2025-02-08T13:36:30.344-05:00,IdeState,Inactive,,*,-1,-1
2025-02-08T13:36:31.345-05:00,IdeState,Inactive,,*,-1,-1
2025-02-08T13:36:32.346-05:00,IdeState,Inactive,,*,-1,-1
2025-02-08T13:36:33.346-05:00,IdeState,Inactive,,*,-1,-1
2025-02-08T13:36:34.347-05:00,IdeState,Inactive,,*,-1,-1
2025-02-08T13:36:35.348-05:00,IdeState,Inactive,,*,-1,-1
2025-02-08T13:36:36.349-05:00,IdeState,Inactive,,*,-1,-1
2025-02-08T13:36:37.349-05:00,IdeState,Inactive,,*,-1,-1
2025-02-08T13:36:38.350-05:00,IdeState,Inactive,,*,-1,-1
2025-02-08T13:36:39.351-05:00,IdeState,Inactive,,*,-1,-1
2025-02-08T13:36:40.352-05:00,IdeState,Inactive,,*,-1,-1
2025-02-08T13:36:41.352-05:00,IdeState,Inactive,,*,-1,-1
2025-02-08T13:36:42.353-05:00,IdeState,Inactive,,*,-1,-1
2025-02-08T13:36:43.353-05:00,IdeState,Inactive,,*,-1,-1
2025-02-08T13:36:44.354-05:00,IdeState,Inactive,,*,-1,-1
2025-02-08T13:36:45.355-05:00,IdeState,Inactive,,*,-1,-1
2025-02-08T13:36:46.356-05:00,IdeState,Inactive,,*,-1,-1
2025-02-08T13:36:47.357-05:00,IdeState,Inactive,,*,-1,-1
2025-02-08T13:36:48.357-05:00,IdeState,Inactive,,*,-1,-1
2025-02-08T13:36:49.358-05:00,IdeState,Inactive,,*,-1,-1
2025-02-08T13:36:50.359-05:00,IdeState,Inactive,,*,-1,-1
2025-02-08T13:36:51.360-05:00,IdeState,Inactive,,*,-1,-1
2025-02-08T13:36:52.361-05:00,IdeState,Inactive,,*,-1,-1
2025-02-08T13:36:53.361-05:00,IdeState,Inactive,,*,-1,-1
2025-02-08T13:36:54.363-05:00,IdeState,Inactive,,*,-1,-1
2025-02-08T13:36:55.363-05:00,IdeState,Inactive,,*,-1,-1
2025-02-08T13:36:56.364-05:00,IdeState,Inactive,,*,-1,-1
2025-02-08T13:36:57.365-05:00,IdeState,Inactive,,*,-1,-1
2025-02-08T13:36:58.365-05:00,IdeState,Inactive,,*,-1,-1
2025-02-08T13:36:59.366-05:00,IdeState,Inactive,,*,-1,-1
2025-02-08T13:37:00.367-05:00,IdeState,Inactive,,*,-1,-1
2025-02-08T13:37:01.368-05:00,IdeState,Inactive,,*,-1,-1
2025-02-08T13:37:02.369-05:00,IdeState,Inactive,,*,-1,-1
2025-02-08T13:37:03.369-05:00,IdeState,Inactive,,*,-1,-1
2025-02-08T13:37:04.370-05:00,IdeState,Inactive,,*,-1,-1
2025-02-08T13:37:05.371-05:00,IdeState,Inactive,,*,-1,-1
2025-02-08T13:37:06.372-05:00,IdeState,Inactive,,*,-1,-1
2025-02-08T13:37:07.372-05:00,IdeState,Inactive,,*,-1,-1
2025-02-08T13:37:08.373-05:00,IdeState,Inactive,,*,-1,-1
2025-02-08T13:37:09.374-05:00,IdeState,Inactive,,*,-1,-1
2025-02-08T13:37:10.375-05:00,IdeState,Inactive,,*,-1,-1
2025-02-08T13:37:11.376-05:00,IdeState,Inactive,,*,-1,-1
2025-02-08T13:37:12.377-05:00,IdeState,Inactive,,*,-1,-1
2025-02-08T13:37:13.377-05:00,IdeState,Inactive,,*,-1,-1
2025-02-08T13:37:14.378-05:00,IdeState,Inactive,,*,-1,-1
2025-02-08T13:37:15.379-05:00,IdeState,Inactive,,*,-1,-1
2025-02-08T13:37:16.380-05:00,IdeState,Inactive,,*,-1,-1
2025-02-08T13:37:17.381-05:00,IdeState,Inactive,,*,-1,-1
2025-02-08T13:37:18.382-05:00,IdeState,Inactive,,*,-1,-1
2025-02-08T13:37:19.382-05:00,IdeState,Inactive,,*,-1,-1
2025-02-08T13:37:20.383-05:00,IdeState,Inactive,,*,-1,-1
2025-02-08T13:37:21.384-05:00,IdeState,Inactive,,*,-1,-1
2025-02-08T13:37:22.385-05:00,IdeState,Inactive,,*,-1,-1
2025-02-08T13:37:23.386-05:00,IdeState,Inactive,,*,-1,-1
2025-02-08T13:37:24.386-05:00,IdeState,Inactive,,*,-1,-1
2025-02-08T13:37:25.387-05:00,IdeState,Inactive,,*,-1,-1
2025-02-08T13:37:26.388-05:00,IdeState,Inactive,,*,-1,-1
2025-02-08T13:37:27.389-05:00,IdeState,Inactive,,*,-1,-1
2025-02-08T13:37:28.390-05:00,IdeState,Inactive,,*,-1,-1
2025-02-08T13:37:29.391-05:00,IdeState,Inactive,,*,-1,-1
2025-02-08T13:37:30.391-05:00,IdeState,Inactive,,*,-1,-1
2025-02-08T13:37:31.392-05:00,IdeState,Inactive,,*,-1,-1
2025-02-08T13:37:32.393-05:00,IdeState,Inactive,,*,-1,-1
2025-02-08T13:37:33.394-05:00,IdeState,Inactive,,*,-1,-1
2025-02-08T13:37:34.395-05:00,IdeState,Inactive,,*,-1,-1
2025-02-08T13:37:35.395-05:00,IdeState,Inactive,,*,-1,-1
2025-02-08T13:37:36.396-05:00,IdeState,Inactive,,*,-1,-1
2025-02-08T13:37:37.397-05:00,IdeState,Inactive,,*,-1,-1
2025-02-08T13:37:38.397-05:00,IdeState,Inactive,,*,-1,-1
2025-02-08T13:37:39.398-05:00,IdeState,Inactive,,*,-1,-1
2025-02-08T13:37:40.399-05:00,IdeState,Inactive,,*,-1,-1
2025-02-08T13:37:41.400-05:00,IdeState,Inactive,,*,-1,-1
2025-02-08T13:37:42.401-05:00,IdeState,Inactive,,*,-1,-1
2025-02-08T13:37:43.401-05:00,IdeState,Inactive,,*,-1,-1
2025-02-08T13:37:44.402-05:00,IdeState,Inactive,,*,-1,-1
2025-02-08T13:37:45.403-05:00,IdeState,Inactive,,*,-1,-1
2025-02-08T13:37:46.403-05:00,IdeState,Inactive,,*,-1,-1
2025-02-08T13:37:47.404-05:00,IdeState,Inactive,,*,-1,-1
2025-02-08T13:37:48.405-05:00,IdeState,Inactive,,*,-1,-1
2025-02-08T13:37:49.406-05:00,IdeState,Inactive,,*,-1,-1
2025-02-08T13:37:50.407-05:00,IdeState,Inactive,,*,-1,-1
2025-02-08T13:37:51.407-05:00,IdeState,Inactive,,*,-1,-1
2025-02-08T13:37:52.408-05:00,IdeState,Inactive,,*,-1,-1
2025-02-08T13:37:53.409-05:00,IdeState,Inactive,,*,-1,-1
2025-02-08T13:37:54.410-05:00,IdeState,Inactive,,*,-1,-1
2025-02-08T13:37:55.410-05:00,IdeState,Inactive,,*,-1,-1
2025-02-08T13:37:56.411-05:00,IdeState,Inactive,,*,-1,-1
2025-02-08T13:37:57.411-05:00,IdeState,Inactive,,*,-1,-1
2025-02-08T13:37:58.412-05:00,IdeState,Inactive,,*,-1,-1
2025-02-08T13:37:59.413-05:00,IdeState,Inactive,,*,-1,-1
2025-02-08T13:38:00.414-05:00,IdeState,Inactive,,*,-1,-1
2025-02-08T13:38:01.414-05:00,IdeState,Inactive,,*,-1,-1
2025-02-08T13:38:02.415-05:00,IdeState,Inactive,,*,-1,-1
2025-02-08T13:38:03.416-05:00,IdeState,Inactive,,*,-1,-1
2025-02-08T13:38:04.417-05:00,IdeState,Inactive,,*,-1,-1
2025-02-08T13:38:05.418-05:00,IdeState,Inactive,,*,-1,-1
2025-02-08T13:38:06.418-05:00,IdeState,Inactive,,*,-1,-1
2025-02-08T13:38:07.419-05:00,IdeState,Inactive,,*,-1,-1
2025-02-08T13:38:08.420-05:00,IdeState,Inactive,,*,-1,-1
2025-02-08T13:38:09.421-05:00,IdeState,Inactive,,*,-1,-1
2025-02-08T13:38:10.422-05:00,IdeState,Inactive,,*,-1,-1
2025-02-08T13:38:11.422-05:00,IdeState,Inactive,,*,-1,-1
2025-02-08T13:38:12.423-05:00,IdeState,Inactive,,*,-1,-1
2025-02-08T13:38:13.424-05:00,IdeState,Inactive,,*,-1,-1
2025-02-08T13:38:14.425-05:00,IdeState,Inactive,,*,-1,-1
2025-02-08T13:38:15.425-05:00,IdeState,Inactive,,*,-1,-1
2025-02-08T13:38:16.426-05:00,IdeState,Inactive,,*,-1,-1
2025-02-08T13:38:17.427-05:00,IdeState,Inactive,,*,-1,-1
2025-02-08T13:38:18.428-05:00,IdeState,Inactive,,*,-1,-1
2025-02-08T13:38:19.429-05:00,IdeState,Inactive,,*,-1,-1
2025-02-08T13:38:20.429-05:00,IdeState,Inactive,,*,-1,-1
2025-02-08T13:38:21.430-05:00,IdeState,Inactive,,*,-1,-1
2025-02-08T13:38:22.431-05:00,IdeState,Inactive,,*,-1,-1
2025-02-08T13:38:23.432-05:00,IdeState,Inactive,,*,-1,-1
2025-02-08T13:38:24.433-05:00,IdeState,Inactive,,*,-1,-1
2025-02-08T13:38:25.433-05:00,IdeState,Inactive,,*,-1,-1
2025-02-08T13:38:26.434-05:00,IdeState,Inactive,,*,-1,-1
2025-02-08T13:38:27.435-05:00,IdeState,Inactive,,*,-1,-1
2025-02-08T13:38:28.435-05:00,IdeState,Inactive,,*,-1,-1
2025-02-08T13:38:29.436-05:00,IdeState,Inactive,,*,-1,-1
2025-02-08T13:38:30.437-05:00,IdeState,Inactive,,*,-1,-1
2025-02-08T13:38:31.438-05:00,IdeState,Inactive,,*,-1,-1
2025-02-08T13:38:32.439-05:00,IdeState,Inactive,,*,-1,-1
2025-02-08T13:38:33.440-05:00,IdeState,Inactive,,*,-1,-1
2025-02-08T13:38:34.440-05:00,IdeState,Inactive,,*,-1,-1
2025-02-08T13:38:35.441-05:00,IdeState,Inactive,,*,-1,-1
2025-02-08T13:38:36.442-05:00,IdeState,Inactive,,*,-1,-1
2025-02-08T13:38:37.443-05:00,IdeState,Inactive,,*,-1,-1
2025-02-08T13:38:38.443-05:00,IdeState,Inactive,,*,-1,-1
2025-02-08T13:38:39.444-05:00,IdeState,Inactive,,*,-1,-1
2025-02-08T13:38:40.445-05:00,IdeState,Inactive,,*,-1,-1
2025-02-08T13:38:41.446-05:00,IdeState,Inactive,,*,-1,-1
2025-02-08T13:38:42.447-05:00,IdeState,Inactive,,*,-1,-1
2025-02-08T13:38:43.447-05:00,IdeState,Inactive,,*,-1,-1
2025-02-08T13:38:44.448-05:00,IdeState,Inactive,,*,-1,-1
2025-02-08T13:38:45.449-05:00,IdeState,Inactive,,*,-1,-1
2025-02-08T13:38:46.449-05:00,IdeState,Inactive,,*,-1,-1
2025-02-08T13:38:47.450-05:00,IdeState,Inactive,,*,-1,-1
2025-02-08T13:38:48.451-05:00,IdeState,Inactive,,*,-1,-1
2025-02-08T13:38:49.452-05:00,IdeState,Inactive,,*,-1,-1
2025-02-08T13:38:50.452-05:00,IdeState,Inactive,,*,-1,-1
2025-02-08T13:38:51.453-05:00,IdeState,Inactive,,*,-1,-1
2025-02-08T13:38:52.454-05:00,IdeState,Inactive,,*,-1,-1
2025-02-08T13:38:53.454-05:00,IdeState,Inactive,,*,-1,-1
2025-02-08T13:38:54.455-05:00,IdeState,Inactive,,*,-1,-1
2025-02-08T13:38:55.456-05:00,IdeState,Inactive,,*,-1,-1
2025-02-08T13:38:56.456-05:00,IdeState,Inactive,,*,-1,-1
2025-02-08T13:38:57.457-05:00,IdeState,Inactive,,*,-1,-1
2025-02-08T13:38:58.458-05:00,IdeState,Inactive,,*,-1,-1
2025-02-08T13:38:59.459-05:00,IdeState,Inactive,,*,-1,-1
2025-02-08T13:39:00.460-05:00,IdeState,Inactive,,*,-1,-1
2025-02-08T13:39:01.460-05:00,IdeState,Inactive,,*,-1,-1
2025-02-08T13:39:02.461-05:00,IdeState,Inactive,,*,-1,-1
2025-02-08T13:39:03.462-05:00,IdeState,Inactive,,*,-1,-1
2025-02-08T13:39:04.463-05:00,IdeState,Inactive,,*,-1,-1
2025-02-08T13:39:05.463-05:00,IdeState,Inactive,,*,-1,-1
2025-02-08T13:39:06.464-05:00,IdeState,Inactive,,*,-1,-1
2025-02-08T13:39:07.465-05:00,IdeState,Inactive,,*,-1,-1
2025-02-08T13:39:08.466-05:00,IdeState,Inactive,,*,-1,-1
2025-02-08T13:39:09.466-05:00,IdeState,Inactive,,*,-1,-1
2025-02-08T13:39:10.467-05:00,IdeState,Inactive,,*,-1,-1
2025-02-08T13:39:11.468-05:00,IdeState,Inactive,,*,-1,-1
2025-02-08T13:39:12.469-05:00,IdeState,Inactive,,*,-1,-1
2025-02-08T13:39:13.470-05:00,IdeState,Inactive,,*,-1,-1
2025-02-08T13:39:14.471-05:00,IdeState,Inactive,,*,-1,-1
2025-02-08T13:39:15.471-05:00,IdeState,Inactive,,*,-1,-1
2025-02-08T13:39:16.472-05:00,IdeState,Inactive,,*,-1,-1
2025-02-08T13:39:17.473-05:00,IdeState,Inactive,,*,-1,-1
2025-02-08T13:39:18.474-05:00,IdeState,Inactive,,*,-1,-1
2025-02-08T13:39:19.475-05:00,IdeState,Inactive,,*,-1,-1
2025-02-08T13:39:20.475-05:00,IdeState,Inactive,,*,-1,-1
2025-02-08T13:39:21.476-05:00,IdeState,Inactive,,*,-1,-1
2025-02-08T13:39:22.477-05:00,IdeState,Inactive,,*,-1,-1
2025-02-08T13:39:23.478-05:00,IdeState,Inactive,,*,-1,-1
2025-02-08T13:39:24.479-05:00,IdeState,Inactive,,*,-1,-1
2025-02-08T13:39:25.479-05:00,IdeState,Inactive,,*,-1,-1
2025-02-08T13:39:26.480-05:00,IdeState,Inactive,,*,-1,-1
2025-02-08T13:39:27.481-05:00,IdeState,Inactive,,*,-1,-1
2025-02-08T13:39:28.482-05:00,IdeState,Inactive,,*,-1,-1
2025-02-08T13:39:29.483-05:00,IdeState,Inactive,,*,-1,-1
2025-02-08T13:39:30.483-05:00,IdeState,Inactive,,*,-1,-1
2025-02-08T13:39:31.484-05:00,IdeState,Inactive,,*,-1,-1
2025-02-08T13:39:32.485-05:00,IdeState,Inactive,,*,-1,-1
2025-02-08T13:39:33.486-05:00,IdeState,Inactive,,*,-1,-1
2025-02-08T13:39:34.486-05:00,IdeState,Inactive,,*,-1,-1
2025-02-08T13:39:35.487-05:00,IdeState,Inactive,,*,-1,-1
2025-02-08T13:39:36.488-05:00,IdeState,Inactive,,*,-1,-1
2025-02-08T13:39:37.489-05:00,IdeState,Inactive,,*,-1,-1
2025-02-08T13:39:38.490-05:00,IdeState,Inactive,,*,-1,-1
2025-02-08T13:39:39.490-05:00,IdeState,Inactive,,*,-1,-1
2025-02-08T13:39:40.491-05:00,IdeState,Inactive,,*,-1,-1
2025-02-08T13:39:41.492-05:00,IdeState,Inactive,,*,-1,-1
2025-02-08T13:39:42.493-05:00,IdeState,Inactive,,*,-1,-1
2025-02-08T13:39:43.494-05:00,IdeState,Inactive,,*,-1,-1
2025-02-08T13:39:44.494-05:00,IdeState,Inactive,,*,-1,-1
2025-02-08T13:39:45.495-05:00,IdeState,Inactive,,*,-1,-1
2025-02-08T13:39:46.496-05:00,IdeState,Inactive,,*,-1,-1
2025-02-08T13:39:47.497-05:00,IdeState,Inactive,,*,-1,-1
2025-02-08T13:39:48.498-05:00,IdeState,Inactive,,*,-1,-1
2025-02-08T13:39:49.498-05:00,IdeState,Inactive,,*,-1,-1
2025-02-08T13:39:50.499-05:00,IdeState,Inactive,,*,-1,-1
2025-02-08T13:39:51.500-05:00,IdeState,Inactive,,*,-1,-1
2025-02-08T13:39:52.501-05:00,IdeState,Inactive,,*,-1,-1
2025-02-08T13:39:53.501-05:00,IdeState,Inactive,,*,-1,-1
2025-02-08T13:39:54.502-05:00,IdeState,Inactive,,*,-1,-1
2025-02-08T13:39:55.503-05:00,IdeState,Inactive,,*,-1,-1
2025-02-08T13:39:56.504-05:00,IdeState,Inactive,,*,-1,-1
2025-02-08T13:39:57.504-05:00,IdeState,Inactive,,*,-1,-1
2025-02-08T13:39:58.505-05:00,IdeState,Inactive,,*,-1,-1
2025-02-08T13:39:59.506-05:00,IdeState,Inactive,,*,-1,-1
2025-02-08T13:40:00.506-05:00,IdeState,Inactive,,*,-1,-1
2025-02-08T13:40:01.506-05:00,IdeState,Inactive,,*,-1,-1
2025-02-08T13:40:02.507-05:00,IdeState,Inactive,,*,-1,-1
2025-02-08T13:40:03.508-05:00,IdeState,Inactive,,*,-1,-1
2025-02-08T13:40:04.509-05:00,IdeState,Inactive,,*,-1,-1
2025-02-08T13:40:05.509-05:00,IdeState,Inactive,,*,-1,-1
2025-02-08T13:40:06.510-05:00,IdeState,Inactive,,*,-1,-1
2025-02-08T13:40:07.511-05:00,IdeState,Inactive,,*,-1,-1
2025-02-08T13:40:08.512-05:00,IdeState,Inactive,,*,-1,-1
2025-02-08T13:40:09.513-05:00,IdeState,Inactive,,*,-1,-1
2025-02-08T13:40:10.513-05:00,IdeState,Inactive,,*,-1,-1
2025-02-08T13:40:11.514-05:00,IdeState,Inactive,,*,-1,-1
2025-02-08T13:40:12.515-05:00,IdeState,Inactive,,*,-1,-1
2025-02-08T13:40:13.516-05:00,IdeState,Inactive,,*,-1,-1
2025-02-08T13:40:14.516-05:00,IdeState,Inactive,,*,-1,-1
2025-02-08T13:40:15.517-05:00,IdeState,Inactive,,*,-1,-1
2025-02-08T13:40:16.518-05:00,IdeState,Inactive,,*,-1,-1
2025-02-08T13:40:17.519-05:00,IdeState,Inactive,,*,-1,-1
2025-02-08T13:40:18.520-05:00,IdeState,Inactive,,*,-1,-1
2025-02-08T13:40:19.520-05:00,IdeState,Inactive,,*,-1,-1
2025-02-08T13:40:20.521-05:00,IdeState,Inactive,,*,-1,-1
2025-02-08T13:40:21.522-05:00,IdeState,Inactive,,*,-1,-1
2025-02-08T13:40:22.523-05:00,IdeState,Inactive,,*,-1,-1
2025-02-08T13:40:23.523-05:00,IdeState,Inactive,,*,-1,-1
2025-02-08T13:40:24.524-05:00,IdeState,Inactive,,*,-1,-1
2025-02-08T13:40:25.525-05:00,IdeState,Inactive,,*,-1,-1
2025-02-08T13:40:26.526-05:00,IdeState,Inactive,,*,-1,-1
2025-02-08T13:40:27.527-05:00,IdeState,Inactive,,*,-1,-1
2025-02-08T13:40:28.527-05:00,IdeState,Inactive,,*,-1,-1
2025-02-08T13:40:29.528-05:00,IdeState,Inactive,,*,-1,-1
2025-02-08T13:40:30.529-05:00,IdeState,Inactive,,*,-1,-1
2025-02-08T13:40:31.529-05:00,IdeState,Inactive,,*,-1,-1
2025-02-08T13:40:32.530-05:00,IdeState,Inactive,,*,-1,-1
2025-02-08T13:40:33.531-05:00,IdeState,Inactive,,*,-1,-1
2025-02-08T13:40:34.532-05:00,IdeState,Inactive,,*,-1,-1
2025-02-08T13:40:35.532-05:00,IdeState,Inactive,,*,-1,-1
2025-02-08T13:40:36.533-05:00,IdeState,Inactive,,*,-1,-1
2025-02-08T13:40:37.534-05:00,IdeState,Inactive,,*,-1,-1
2025-02-08T13:40:38.535-05:00,IdeState,Inactive,,*,-1,-1
2025-02-08T13:40:39.536-05:00,IdeState,Inactive,,*,-1,-1
2025-02-08T13:40:40.537-05:00,IdeState,Inactive,,*,-1,-1
2025-02-08T13:40:41.537-05:00,IdeState,Inactive,,*,-1,-1
2025-02-08T13:40:42.538-05:00,IdeState,Inactive,,*,-1,-1
2025-02-08T13:40:43.539-05:00,IdeState,Inactive,,*,-1,-1
2025-02-08T13:40:44.540-05:00,IdeState,Inactive,,*,-1,-1
2025-02-08T13:40:45.541-05:00,IdeState,Inactive,,*,-1,-1
2025-02-08T13:40:46.541-05:00,IdeState,Inactive,,*,-1,-1
2025-02-08T13:40:47.542-05:00,IdeState,Inactive,,*,-1,-1
2025-02-08T13:40:48.543-05:00,IdeState,Inactive,,*,-1,-1
2025-02-08T13:40:49.544-05:00,IdeState,Inactive,,*,-1,-1
2025-02-08T13:40:50.544-05:00,IdeState,Inactive,,*,-1,-1
2025-02-08T13:40:51.545-05:00,IdeState,Inactive,,*,-1,-1
2025-02-08T13:40:52.546-05:00,IdeState,Inactive,,*,-1,-1
2025-02-08T13:40:53.547-05:00,IdeState,Inactive,,*,-1,-1
2025-02-08T13:40:54.547-05:00,IdeState,Inactive,,*,-1,-1
2025-02-08T13:40:55.548-05:00,IdeState,Inactive,,*,-1,-1
2025-02-08T13:40:56.549-05:00,IdeState,Inactive,,*,-1,-1
2025-02-08T13:40:57.550-05:00,IdeState,Inactive,,*,-1,-1
2025-02-08T13:40:58.550-05:00,IdeState,Inactive,,*,-1,-1
2025-02-08T13:40:59.551-05:00,IdeState,Inactive,,*,-1,-1
2025-02-08T13:41:00.552-05:00,IdeState,Inactive,,*,-1,-1
2025-02-08T13:41:01.552-05:00,IdeState,Inactive,,*,-1,-1
2025-02-08T13:41:02.553-05:00,IdeState,Inactive,,*,-1,-1
2025-02-08T13:41:03.554-05:00,IdeState,Inactive,,*,-1,-1
2025-02-08T13:41:04.555-05:00,IdeState,Inactive,,*,-1,-1
2025-02-08T13:41:05.556-05:00,IdeState,Inactive,,*,-1,-1
2025-02-08T13:41:06.556-05:00,IdeState,Inactive,,*,-1,-1
2025-02-08T13:41:07.557-05:00,IdeState,Inactive,,*,-1,-1
2025-02-08T13:41:08.558-05:00,IdeState,Inactive,,*,-1,-1
2025-02-08T13:41:09.559-05:00,IdeState,Inactive,,*,-1,-1
2025-02-08T13:41:10.560-05:00,IdeState,Inactive,,*,-1,-1
2025-02-08T13:41:11.560-05:00,IdeState,Inactive,,*,-1,-1
2025-02-08T13:41:12.561-05:00,IdeState,Inactive,,*,-1,-1
2025-02-08T13:41:13.562-05:00,IdeState,Inactive,,*,-1,-1
2025-02-08T13:41:14.562-05:00,IdeState,Inactive,,*,-1,-1
2025-02-08T13:41:15.563-05:00,IdeState,Inactive,,*,-1,-1
2025-02-08T13:41:16.564-05:00,IdeState,Inactive,,*,-1,-1
2025-02-08T13:41:17.565-05:00,IdeState,Inactive,,*,-1,-1
2025-02-08T13:41:18.565-05:00,IdeState,Inactive,,*,-1,-1
2025-02-08T13:41:19.566-05:00,IdeState,Inactive,,*,-1,-1
2025-02-08T13:41:20.567-05:00,IdeState,Inactive,,*,-1,-1
2025-02-08T13:41:21.568-05:00,IdeState,Inactive,,*,-1,-1
2025-02-08T13:41:22.568-05:00,IdeState,Inactive,,*,-1,-1
2025-02-08T13:41:23.569-05:00,IdeState,Inactive,,*,-1,-1
2025-02-08T13:41:24.570-05:00,IdeState,Inactive,,*,-1,-1
2025-02-08T13:41:25.571-05:00,IdeState,Inactive,,*,-1,-1
2025-02-08T13:41:26.571-05:00,IdeState,Inactive,,*,-1,-1
2025-02-08T13:41:27.572-05:00,IdeState,Inactive,,*,-1,-1
2025-02-08T13:41:28.573-05:00,IdeState,Inactive,,*,-1,-1
2025-02-08T13:41:29.574-05:00,IdeState,Inactive,,*,-1,-1
2025-02-08T13:41:30.574-05:00,IdeState,Inactive,,*,-1,-1
2025-02-08T13:41:31.575-05:00,IdeState,Inactive,,*,-1,-1
2025-02-08T13:41:32.576-05:00,IdeState,Inactive,,*,-1,-1
2025-02-08T13:41:33.577-05:00,IdeState,Inactive,,*,-1,-1
2025-02-08T13:41:34.578-05:00,IdeState,Inactive,,*,-1,-1
2025-02-08T13:41:35.579-05:00,IdeState,Inactive,,*,-1,-1
2025-02-08T13:41:36.579-05:00,IdeState,Inactive,,*,-1,-1
2025-02-08T13:41:37.580-05:00,IdeState,Inactive,,*,-1,-1
2025-02-08T13:41:38.581-05:00,IdeState,Inactive,,*,-1,-1
2025-02-08T13:41:39.582-05:00,IdeState,Inactive,,*,-1,-1
2025-02-08T13:41:40.583-05:00,IdeState,Inactive,,*,-1,-1
2025-02-08T13:41:41.583-05:00,IdeState,Inactive,,*,-1,-1
2025-02-08T13:41:42.584-05:00,IdeState,Inactive,,*,-1,-1
2025-02-08T13:41:43.585-05:00,IdeState,Inactive,,*,-1,-1
2025-02-08T13:41:44.586-05:00,IdeState,Inactive,,*,-1,-1
2025-02-08T13:41:45.587-05:00,IdeState,Inactive,,*,-1,-1
2025-02-08T13:41:46.587-05:00,IdeState,Inactive,,*,-1,-1
2025-02-08T13:41:47.588-05:00,IdeState,Inactive,,*,-1,-1
2025-02-08T13:41:48.589-05:00,IdeState,Inactive,,*,-1,-1
2025-02-08T13:41:49.590-05:00,IdeState,Inactive,,*,-1,-1
2025-02-08T13:41:50.590-05:00,IdeState,Inactive,,*,-1,-1
2025-02-08T13:41:51.591-05:00,IdeState,Inactive,,*,-1,-1
2025-02-08T13:41:52.592-05:00,IdeState,Inactive,,*,-1,-1
2025-02-08T13:41:53.593-05:00,IdeState,Inactive,,*,-1,-1
2025-02-08T13:41:54.594-05:00,IdeState,Inactive,,*,-1,-1
2025-02-08T13:41:55.594-05:00,IdeState,Inactive,,*,-1,-1
2025-02-08T13:41:56.595-05:00,IdeState,Inactive,,*,-1,-1
2025-02-08T13:41:57.596-05:00,IdeState,Inactive,,*,-1,-1
2025-02-08T13:41:58.597-05:00,IdeState,Inactive,,*,-1,-1
2025-02-08T13:41:59.598-05:00,IdeState,Inactive,,*,-1,-1
2025-02-08T13:42:00.598-05:00,IdeState,Inactive,,*,-1,-1
2025-02-08T13:42:01.599-05:00,IdeState,Inactive,,*,-1,-1
2025-02-08T13:42:02.599-05:00,IdeState,Inactive,,*,-1,-1
2025-02-08T13:42:03.600-05:00,IdeState,Inactive,,*,-1,-1
2025-02-08T13:42:04.601-05:00,IdeState,Inactive,,*,-1,-1
2025-02-08T13:42:05.602-05:00,IdeState,Inactive,,*,-1,-1
2025-02-08T13:42:06.603-05:00,IdeState,Inactive,,*,-1,-1
2025-02-08T13:42:07.603-05:00,IdeState,Inactive,,*,-1,-1
2025-02-08T13:42:08.604-05:00,IdeState,Inactive,,*,-1,-1
2025-02-08T13:42:09.605-05:00,IdeState,Inactive,,*,-1,-1
2025-02-08T13:42:10.606-05:00,IdeState,Inactive,,*,-1,-1
2025-02-08T13:42:11.607-05:00,IdeState,Inactive,,*,-1,-1
2025-02-08T13:42:12.607-05:00,IdeState,Inactive,,*,-1,-1
2025-02-08T13:42:13.608-05:00,IdeState,Inactive,,*,-1,-1
2025-02-08T13:42:14.609-05:00,IdeState,Inactive,,*,-1,-1
2025-02-08T13:42:15.610-05:00,IdeState,Inactive,,*,-1,-1
2025-02-08T13:42:16.611-05:00,IdeState,Inactive,,*,-1,-1
2025-02-08T13:42:17.612-05:00,IdeState,Inactive,,*,-1,-1
2025-02-08T13:42:18.612-05:00,IdeState,Inactive,,*,-1,-1
2025-02-08T13:42:19.613-05:00,IdeState,Inactive,,*,-1,-1
2025-02-08T13:42:20.614-05:00,IdeState,Inactive,,*,-1,-1
2025-02-08T13:42:21.615-05:00,IdeState,Inactive,,*,-1,-1
2025-02-08T13:42:22.615-05:00,IdeState,Inactive,,*,-1,-1
2025-02-08T13:42:23.616-05:00,IdeState,Inactive,,*,-1,-1
2025-02-08T13:42:24.617-05:00,IdeState,Inactive,,*,-1,-1
2025-02-08T13:42:25.618-05:00,IdeState,Inactive,,*,-1,-1
2025-02-08T13:42:26.619-05:00,IdeState,Inactive,,*,-1,-1
2025-02-08T13:42:27.620-05:00,IdeState,Inactive,,*,-1,-1
2025-02-08T13:42:28.620-05:00,IdeState,Inactive,,*,-1,-1
2025-02-08T13:42:29.621-05:00,IdeState,Inactive,,*,-1,-1
2025-02-08T13:42:30.622-05:00,IdeState,Inactive,,*,-1,-1
2025-02-08T13:42:31.622-05:00,IdeState,Inactive,,*,-1,-1
2025-02-08T13:42:32.623-05:00,IdeState,Inactive,,*,-1,-1
2025-02-08T13:42:33.624-05:00,IdeState,Inactive,,*,-1,-1
2025-02-08T13:42:34.625-05:00,IdeState,Inactive,,*,-1,-1
2025-02-08T13:42:35.625-05:00,IdeState,Inactive,,*,-1,-1
2025-02-08T13:42:36.626-05:00,IdeState,Inactive,,*,-1,-1
2025-02-08T13:42:37.627-05:00,IdeState,Inactive,,*,-1,-1
2025-02-08T13:42:38.628-05:00,IdeState,Inactive,,*,-1,-1
2025-02-08T13:42:39.628-05:00,IdeState,Inactive,,*,-1,-1
2025-02-08T13:42:40.629-05:00,IdeState,Inactive,,*,-1,-1
2025-02-08T13:42:41.630-05:00,IdeState,Inactive,,*,-1,-1
2025-02-08T13:42:42.631-05:00,IdeState,Inactive,,*,-1,-1
2025-02-08T13:42:43.631-05:00,IdeState,Inactive,,*,-1,-1
2025-02-08T13:42:44.632-05:00,IdeState,Inactive,,*,-1,-1
2025-02-08T13:42:45.632-05:00,IdeState,Inactive,,*,-1,-1
2025-02-08T13:42:46.633-05:00,IdeState,Inactive,,*,-1,-1
2025-02-08T13:42:47.634-05:00,IdeState,Inactive,,*,-1,-1
2025-02-08T13:42:48.635-05:00,IdeState,Inactive,,*,-1,-1
2025-02-08T13:42:49.636-05:00,IdeState,Inactive,,*,-1,-1
2025-02-08T13:42:50.637-05:00,IdeState,Inactive,,*,-1,-1
2025-02-08T13:42:51.638-05:00,IdeState,Inactive,,*,-1,-1
2025-02-08T13:42:52.638-05:00,IdeState,Inactive,,*,-1,-1
2025-02-08T13:42:53.639-05:00,IdeState,Inactive,,*,-1,-1
2025-02-08T13:42:54.640-05:00,IdeState,Inactive,,*,-1,-1
2025-02-08T13:42:55.641-05:00,IdeState,Inactive,,*,-1,-1
2025-02-08T13:42:56.642-05:00,IdeState,Inactive,,*,-1,-1
2025-02-08T13:42:57.642-05:00,IdeState,Inactive,,*,-1,-1
2025-02-08T13:42:58.643-05:00,IdeState,Inactive,,*,-1,-1
2025-02-08T13:42:59.644-05:00,IdeState,Inactive,,*,-1,-1
2025-02-08T13:43:00.645-05:00,IdeState,Inactive,,*,-1,-1
2025-02-08T13:43:01.645-05:00,IdeState,Inactive,,*,-1,-1
2025-02-08T13:43:02.646-05:00,IdeState,Inactive,,*,-1,-1
2025-02-08T13:43:03.647-05:00,IdeState,Inactive,,*,-1,-1
2025-02-08T13:43:04.647-05:00,IdeState,Inactive,,*,-1,-1
2025-02-08T13:43:05.648-05:00,IdeState,Inactive,,*,-1,-1
2025-02-08T13:43:06.649-05:00,IdeState,Inactive,,*,-1,-1
2025-02-08T13:43:07.650-05:00,IdeState,Inactive,,*,-1,-1
2025-02-08T13:43:08.650-05:00,IdeState,Inactive,,*,-1,-1
2025-02-08T13:43:09.651-05:00,IdeState,Inactive,,*,-1,-1
2025-02-08T13:43:10.652-05:00,IdeState,Inactive,,*,-1,-1
2025-02-08T13:43:11.653-05:00,IdeState,Inactive,,*,-1,-1
2025-02-08T13:43:12.654-05:00,IdeState,Inactive,,*,-1,-1
2025-02-08T13:43:13.654-05:00,IdeState,Inactive,,*,-1,-1
2025-02-08T13:43:14.655-05:00,IdeState,Inactive,,*,-1,-1
2025-02-08T13:43:15.656-05:00,IdeState,Inactive,,*,-1,-1
2025-02-08T13:43:16.656-05:00,IdeState,Inactive,,*,-1,-1
2025-02-08T13:43:17.657-05:00,IdeState,Inactive,,*,-1,-1
2025-02-08T13:43:18.658-05:00,IdeState,Inactive,,*,-1,-1
2025-02-08T13:43:19.659-05:00,IdeState,Inactive,,*,-1,-1
2025-02-08T13:43:20.659-05:00,IdeState,Inactive,,*,-1,-1
2025-02-08T13:43:21.660-05:00,IdeState,Inactive,,*,-1,-1
2025-02-08T13:43:22.661-05:00,IdeState,Inactive,,*,-1,-1
2025-02-08T13:43:23.662-05:00,IdeState,Inactive,,*,-1,-1
2025-02-08T13:43:24.662-05:00,IdeState,Inactive,,*,-1,-1
2025-02-08T13:43:25.663-05:00,IdeState,Inactive,,*,-1,-1
2025-02-08T13:43:26.664-05:00,IdeState,Inactive,,*,-1,-1
2025-02-08T13:43:27.664-05:00,IdeState,Inactive,,*,-1,-1
2025-02-08T13:43:28.665-05:00,IdeState,Inactive,,*,-1,-1
2025-02-08T13:43:29.666-05:00,IdeState,Inactive,,*,-1,-1
2025-02-08T13:43:30.667-05:00,IdeState,Inactive,,*,-1,-1
2025-02-08T13:43:31.668-05:00,IdeState,Inactive,,*,-1,-1
2025-02-08T13:43:32.669-05:00,IdeState,Inactive,,*,-1,-1
2025-02-08T13:43:33.669-05:00,IdeState,Inactive,,*,-1,-1
2025-02-08T13:43:34.670-05:00,IdeState,Inactive,,*,-1,-1
2025-02-08T13:43:35.671-05:00,IdeState,Inactive,,*,-1,-1
2025-02-08T13:43:36.672-05:00,IdeState,Inactive,,*,-1,-1
2025-02-08T13:43:37.673-05:00,IdeState,Inactive,,*,-1,-1
2025-02-08T13:43:38.673-05:00,IdeState,Inactive,,*,-1,-1
2025-02-08T13:43:39.674-05:00,IdeState,Inactive,,*,-1,-1
2025-02-08T13:43:40.675-05:00,IdeState,Inactive,,*,-1,-1
2025-02-08T13:43:41.676-05:00,IdeState,Inactive,,*,-1,-1
2025-02-08T13:43:42.677-05:00,IdeState,Inactive,,*,-1,-1
2025-02-08T13:43:43.677-05:00,IdeState,Inactive,,*,-1,-1
2025-02-08T13:43:44.678-05:00,IdeState,Inactive,,*,-1,-1
2025-02-08T13:43:45.679-05:00,IdeState,Inactive,,*,-1,-1
2025-02-08T13:43:46.680-05:00,IdeState,Inactive,,*,-1,-1
2025-02-08T13:43:47.680-05:00,IdeState,Inactive,,*,-1,-1
2025-02-08T13:43:48.681-05:00,IdeState,Inactive,,*,-1,-1
2025-02-08T13:43:49.682-05:00,IdeState,Inactive,,*,-1,-1
2025-02-08T13:43:50.683-05:00,IdeState,Inactive,,*,-1,-1
2025-02-08T13:43:51.683-05:00,IdeState,Inactive,,*,-1,-1
2025-02-08T13:43:52.684-05:00,IdeState,Inactive,,*,-1,-1
2025-02-08T13:43:53.685-05:00,IdeState,Inactive,,*,-1,-1
2025-02-08T13:43:54.685-05:00,IdeState,Inactive,,*,-1,-1
2025-02-08T13:43:55.686-05:00,IdeState,Inactive,,*,-1,-1
2025-02-08T13:43:56.687-05:00,IdeState,Inactive,,*,-1,-1
2025-02-08T13:43:57.688-05:00,IdeState,Inactive,,*,-1,-1
2025-02-08T13:43:58.689-05:00,IdeState,Inactive,,*,-1,-1
2025-02-08T13:43:59.689-05:00,IdeState,Inactive,,*,-1,-1
2025-02-08T13:44:00.690-05:00,IdeState,Inactive,,*,-1,-1
2025-02-08T13:44:01.691-05:00,IdeState,Inactive,,*,-1,-1
2025-02-08T13:44:02.692-05:00,IdeState,Inactive,,*,-1,-1
2025-02-08T13:44:03.692-05:00,IdeState,Inactive,,*,-1,-1
2025-02-08T13:44:04.693-05:00,IdeState,Inactive,,*,-1,-1
2025-02-08T13:44:05.694-05:00,IdeState,Inactive,,*,-1,-1
2025-02-08T13:44:06.694-05:00,IdeState,Inactive,,*,-1,-1
2025-02-08T13:44:07.695-05:00,IdeState,Inactive,,*,-1,-1
2025-02-08T13:44:08.696-05:00,IdeState,Inactive,,*,-1,-1
2025-02-08T13:44:09.697-05:00,IdeState,Inactive,,*,-1,-1
2025-02-08T13:44:10.697-05:00,IdeState,Inactive,,*,-1,-1
2025-02-08T13:44:11.698-05:00,IdeState,Inactive,,*,-1,-1
2025-02-08T13:44:12.699-05:00,IdeState,Inactive,,*,-1,-1
2025-02-08T13:44:13.700-05:00,IdeState,Inactive,,*,-1,-1
2025-02-08T13:44:14.701-05:00,IdeState,Inactive,,*,-1,-1
2025-02-08T13:44:15.701-05:00,IdeState,Inactive,,*,-1,-1
2025-02-08T13:44:16.702-05:00,IdeState,Inactive,,*,-1,-1
2025-02-08T13:44:17.703-05:00,IdeState,Inactive,,*,-1,-1
2025-02-08T13:44:18.704-05:00,IdeState,Inactive,,*,-1,-1
2025-02-08T13:44:19.704-05:00,IdeState,Inactive,,*,-1,-1
2025-02-08T13:44:20.705-05:00,IdeState,Inactive,,*,-1,-1
2025-02-08T13:44:21.706-05:00,IdeState,Inactive,,*,-1,-1
2025-02-08T13:44:22.706-05:00,IdeState,Inactive,,*,-1,-1
2025-02-08T13:44:23.707-05:00,IdeState,Inactive,,*,-1,-1
2025-02-08T13:44:24.708-05:00,IdeState,Inactive,,*,-1,-1
2025-02-08T13:44:25.709-05:00,IdeState,Inactive,,*,-1,-1
2025-02-08T13:44:26.709-05:00,IdeState,Inactive,,*,-1,-1
2025-02-08T13:44:27.710-05:00,IdeState,Inactive,,*,-1,-1
2025-02-08T13:44:28.711-05:00,IdeState,Inactive,,*,-1,-1
2025-02-08T13:44:29.712-05:00,IdeState,Inactive,,*,-1,-1
2025-02-08T13:44:30.713-05:00,IdeState,Inactive,,*,-1,-1
2025-02-08T13:44:31.713-05:00,IdeState,Inactive,,*,-1,-1
2025-02-08T13:44:32.714-05:00,IdeState,Inactive,,*,-1,-1
2025-02-08T13:44:33.715-05:00,IdeState,Inactive,,*,-1,-1
2025-02-08T13:44:34.715-05:00,IdeState,Inactive,,*,-1,-1
2025-02-08T13:44:35.716-05:00,IdeState,Inactive,,*,-1,-1
2025-02-08T13:44:36.716-05:00,IdeState,Inactive,,*,-1,-1
2025-02-08T13:44:37.717-05:00,IdeState,Inactive,,*,-1,-1
2025-02-08T13:44:38.717-05:00,IdeState,Inactive,,*,-1,-1
2025-02-08T13:44:39.718-05:00,IdeState,Inactive,,*,-1,-1
2025-02-08T13:44:40.719-05:00,IdeState,Inactive,,*,-1,-1
2025-02-08T13:44:41.720-05:00,IdeState,Inactive,,*,-1,-1
2025-02-08T13:44:42.721-05:00,IdeState,Inactive,,*,-1,-1
2025-02-08T13:44:43.721-05:00,IdeState,Inactive,,*,-1,-1
2025-02-08T13:44:44.722-05:00,IdeState,Inactive,,*,-1,-1
2025-02-08T13:44:45.723-05:00,IdeState,Inactive,,*,-1,-1
2025-02-08T13:44:46.724-05:00,IdeState,Inactive,,*,-1,-1
2025-02-08T13:44:47.724-05:00,IdeState,Inactive,,*,-1,-1
2025-02-08T13:44:48.725-05:00,IdeState,Inactive,,*,-1,-1
2025-02-08T13:44:49.726-05:00,IdeState,Inactive,,*,-1,-1
2025-02-08T13:44:50.727-05:00,IdeState,Inactive,,*,-1,-1
2025-02-08T13:44:51.728-05:00,IdeState,Inactive,,*,-1,-1
2025-02-08T13:44:52.728-05:00,IdeState,Inactive,,*,-1,-1
2025-02-08T13:44:53.729-05:00,IdeState,Inactive,,*,-1,-1
2025-02-08T13:44:54.730-05:00,IdeState,Inactive,,*,-1,-1
2025-02-08T13:44:55.731-05:00,IdeState,Inactive,,*,-1,-1
2025-02-08T13:44:56.731-05:00,IdeState,Inactive,,*,-1,-1
2025-02-08T13:44:57.732-05:00,IdeState,Inactive,,*,-1,-1
2025-02-08T13:44:58.733-05:00,IdeState,Inactive,,*,-1,-1
2025-02-08T13:44:59.733-05:00,IdeState,Inactive,,*,-1,-1
2025-02-08T13:45:00.734-05:00,IdeState,Inactive,,*,-1,-1
2025-02-08T13:45:01.734-05:00,IdeState,Inactive,,*,-1,-1
2025-02-08T13:45:02.735-05:00,IdeState,Inactive,,*,-1,-1
2025-02-08T13:45:03.736-05:00,IdeState,Inactive,,*,-1,-1
2025-02-08T13:45:04.737-05:00,IdeState,Inactive,,*,-1,-1
2025-02-08T13:45:05.737-05:00,IdeState,Inactive,,*,-1,-1
2025-02-08T13:45:06.738-05:00,IdeState,Inactive,,*,-1,-1
2025-02-08T13:45:07.739-05:00,IdeState,Inactive,,*,-1,-1
2025-02-08T13:45:08.739-05:00,IdeState,Inactive,,*,-1,-1
2025-02-08T13:45:09.740-05:00,IdeState,Inactive,,*,-1,-1
2025-02-08T13:45:10.741-05:00,IdeState,Inactive,,*,-1,-1
2025-02-08T13:45:11.741-05:00,IdeState,Inactive,,*,-1,-1
2025-02-08T13:45:12.742-05:00,IdeState,Inactive,,*,-1,-1
2025-02-08T13:45:13.743-05:00,IdeState,Inactive,,*,-1,-1
2025-02-08T13:45:14.744-05:00,IdeState,Inactive,,*,-1,-1
2025-02-08T13:45:15.744-05:00,IdeState,Inactive,,*,-1,-1
2025-02-08T13:45:16.745-05:00,IdeState,Inactive,,*,-1,-1
2025-02-08T13:45:17.746-05:00,IdeState,Inactive,,*,-1,-1
2025-02-08T13:45:18.747-05:00,IdeState,Inactive,,*,-1,-1
2025-02-08T13:45:19.748-05:00,IdeState,Inactive,,*,-1,-1
2025-02-08T13:45:20.749-05:00,IdeState,Inactive,,*,-1,-1
2025-02-08T13:45:21.749-05:00,IdeState,Inactive,,*,-1,-1
2025-02-08T13:45:22.750-05:00,IdeState,Inactive,,*,-1,-1
2025-02-08T13:45:23.751-05:00,IdeState,Inactive,,*,-1,-1
2025-02-08T13:45:24.752-05:00,IdeState,Inactive,,*,-1,-1
2025-02-08T13:45:25.752-05:00,IdeState,Inactive,,*,-1,-1
2025-02-08T13:45:26.753-05:00,IdeState,Inactive,,*,-1,-1
2025-02-08T13:45:27.754-05:00,IdeState,Inactive,,*,-1,-1
2025-02-08T13:45:28.755-05:00,IdeState,Inactive,,*,-1,-1
2025-02-08T13:45:29.755-05:00,IdeState,Inactive,,*,-1,-1
2025-02-08T13:45:30.756-05:00,IdeState,Inactive,,*,-1,-1
2025-02-08T13:45:31.757-05:00,IdeState,Inactive,,*,-1,-1
2025-02-08T13:45:32.758-05:00,IdeState,Inactive,,*,-1,-1
2025-02-08T13:45:33.759-05:00,IdeState,Inactive,,*,-1,-1
2025-02-08T13:45:34.759-05:00,IdeState,Inactive,,*,-1,-1
2025-02-08T13:45:35.760-05:00,IdeState,Inactive,,*,-1,-1
2025-02-08T13:45:36.761-05:00,IdeState,Inactive,,*,-1,-1
2025-02-08T13:45:37.761-05:00,IdeState,Inactive,,*,-1,-1
2025-02-08T13:45:38.762-05:00,IdeState,Inactive,,*,-1,-1
2025-02-08T13:45:39.763-05:00,IdeState,Inactive,,*,-1,-1
2025-02-08T13:45:40.764-05:00,IdeState,Inactive,,*,-1,-1
2025-02-08T13:45:41.764-05:00,IdeState,Inactive,,*,-1,-1
2025-02-08T13:45:42.765-05:00,IdeState,Inactive,,*,-1,-1
2025-02-08T13:45:43.766-05:00,IdeState,Inactive,,*,-1,-1
2025-02-08T13:45:44.767-05:00,IdeState,Inactive,,*,-1,-1
2025-02-08T13:45:45.768-05:00,IdeState,Inactive,,*,-1,-1
2025-02-08T13:45:46.768-05:00,IdeState,Inactive,,*,-1,-1
2025-02-08T13:45:47.769-05:00,IdeState,Inactive,,*,-1,-1
2025-02-08T13:45:48.770-05:00,IdeState,Inactive,,*,-1,-1
2025-02-08T13:45:49.771-05:00,IdeState,Inactive,,*,-1,-1
2025-02-08T13:45:50.771-05:00,IdeState,Inactive,,*,-1,-1
2025-02-08T13:45:51.772-05:00,IdeState,Inactive,,*,-1,-1
2025-02-08T13:45:52.773-05:00,IdeState,Inactive,,*,-1,-1
2025-02-08T13:45:53.774-05:00,IdeState,Inactive,,*,-1,-1
2025-02-08T13:45:54.775-05:00,IdeState,Inactive,,*,-1,-1
2025-02-08T13:45:55.776-05:00,IdeState,Inactive,,*,-1,-1
2025-02-08T13:45:56.776-05:00,IdeState,Inactive,,*,-1,-1
2025-02-08T13:45:57.777-05:00,IdeState,Inactive,,*,-1,-1
2025-02-08T13:45:58.778-05:00,IdeState,Inactive,,*,-1,-1
2025-02-08T13:45:59.779-05:00,IdeState,Inactive,,*,-1,-1
2025-02-08T13:46:00.779-05:00,IdeState,Inactive,,*,-1,-1
2025-02-08T13:46:01.780-05:00,IdeState,Inactive,,*,-1,-1
2025-02-08T13:46:02.781-05:00,IdeState,Inactive,,*,-1,-1
2025-02-08T13:46:03.782-05:00,IdeState,Inactive,,*,-1,-1
2025-02-08T13:46:04.783-05:00,IdeState,Inactive,,*,-1,-1
2025-02-08T13:46:05.783-05:00,IdeState,Inactive,,*,-1,-1
2025-02-08T13:46:06.784-05:00,IdeState,Inactive,,*,-1,-1
2025-02-08T13:46:07.784-05:00,IdeState,Inactive,,*,-1,-1
2025-02-08T13:46:08.785-05:00,IdeState,Inactive,,*,-1,-1
2025-02-08T13:46:09.786-05:00,IdeState,Inactive,,*,-1,-1
2025-02-08T13:46:10.787-05:00,IdeState,Inactive,,*,-1,-1
2025-02-08T13:46:11.788-05:00,IdeState,Inactive,,*,-1,-1
2025-02-08T13:46:12.788-05:00,IdeState,Inactive,,*,-1,-1
2025-02-08T13:46:13.789-05:00,IdeState,Inactive,,*,-1,-1
2025-02-08T13:46:14.790-05:00,IdeState,Inactive,,*,-1,-1
2025-02-08T13:46:15.791-05:00,IdeState,Inactive,,*,-1,-1
2025-02-08T13:46:16.792-05:00,IdeState,Inactive,,*,-1,-1
2025-02-08T13:46:17.792-05:00,IdeState,Inactive,,*,-1,-1
2025-02-08T13:46:18.793-05:00,IdeState,Inactive,,*,-1,-1
2025-02-08T13:46:19.794-05:00,IdeState,Inactive,,*,-1,-1
2025-02-08T13:46:20.794-05:00,IdeState,Inactive,,*,-1,-1
2025-02-08T13:46:21.795-05:00,IdeState,Inactive,,*,-1,-1
2025-02-08T13:46:22.796-05:00,IdeState,Inactive,,*,-1,-1
2025-02-08T13:46:23.797-05:00,IdeState,Inactive,,*,-1,-1
2025-02-08T13:46:24.798-05:00,IdeState,Inactive,,*,-1,-1
2025-02-08T13:46:25.798-05:00,IdeState,Inactive,,*,-1,-1
2025-02-08T13:46:26.799-05:00,IdeState,Inactive,,*,-1,-1
2025-02-08T13:46:27.800-05:00,IdeState,Inactive,,*,-1,-1
2025-02-08T13:46:28.801-05:00,IdeState,Inactive,,*,-1,-1
2025-02-08T13:46:29.801-05:00,IdeState,Inactive,,*,-1,-1
2025-02-08T13:46:30.802-05:00,IdeState,Inactive,,*,-1,-1
2025-02-08T13:46:31.803-05:00,IdeState,Inactive,,*,-1,-1
2025-02-08T13:46:32.804-05:00,IdeState,Inactive,,*,-1,-1
2025-02-08T13:46:33.804-05:00,IdeState,Inactive,,*,-1,-1
2025-02-08T13:46:34.805-05:00,IdeState,Inactive,,*,-1,-1
2025-02-08T13:46:35.806-05:00,IdeState,Inactive,,*,-1,-1
2025-02-08T13:46:36.807-05:00,IdeState,Inactive,,*,-1,-1
2025-02-08T13:46:37.807-05:00,IdeState,Inactive,,*,-1,-1
2025-02-08T13:46:38.808-05:00,IdeState,Inactive,,*,-1,-1
2025-02-08T13:46:39.809-05:00,IdeState,Inactive,,*,-1,-1
2025-02-08T13:46:40.810-05:00,IdeState,Inactive,,*,-1,-1
2025-02-08T13:46:41.810-05:00,IdeState,Inactive,,*,-1,-1
2025-02-08T13:46:42.811-05:00,IdeState,Inactive,,*,-1,-1
2025-02-08T13:46:43.812-05:00,IdeState,Inactive,,*,-1,-1
2025-02-08T13:46:44.813-05:00,IdeState,Inactive,,*,-1,-1
2025-02-08T13:46:45.813-05:00,IdeState,Inactive,,*,-1,-1
2025-02-08T13:46:46.814-05:00,IdeState,Inactive,,*,-1,-1
2025-02-08T13:46:47.815-05:00,IdeState,Inactive,,*,-1,-1
2025-02-08T13:46:48.816-05:00,IdeState,Inactive,,*,-1,-1
2025-02-08T13:46:49.816-05:00,IdeState,Inactive,,*,-1,-1
2025-02-08T13:46:50.817-05:00,IdeState,Inactive,,*,-1,-1
2025-02-08T13:46:51.818-05:00,IdeState,Inactive,,*,-1,-1
2025-02-08T13:46:52.819-05:00,IdeState,Inactive,,*,-1,-1
2025-02-08T13:46:53.819-05:00,IdeState,Inactive,,*,-1,-1
2025-02-08T13:46:54.820-05:00,IdeState,Inactive,,*,-1,-1
2025-02-08T13:46:55.821-05:00,IdeState,Inactive,,*,-1,-1
2025-02-08T13:46:56.821-05:00,IdeState,Inactive,,*,-1,-1
2025-02-08T13:46:57.822-05:00,IdeState,Inactive,,*,-1,-1
2025-02-08T13:46:58.823-05:00,IdeState,Inactive,,*,-1,-1
2025-02-08T13:46:59.824-05:00,IdeState,Inactive,,*,-1,-1
2025-02-08T13:47:00.824-05:00,IdeState,Inactive,,*,-1,-1
2025-02-08T13:47:01.825-05:00,IdeState,Inactive,,*,-1,-1
2025-02-08T13:47:02.826-05:00,IdeState,Inactive,,*,-1,-1
2025-02-08T13:47:03.827-05:00,IdeState,Inactive,,*,-1,-1
2025-02-08T13:47:04.827-05:00,IdeState,Inactive,,*,-1,-1
2025-02-08T13:47:05.828-05:00,IdeState,Inactive,,*,-1,-1
2025-02-08T13:47:06.829-05:00,IdeState,Inactive,,*,-1,-1
2025-02-08T13:47:07.829-05:00,IdeState,Inactive,,*,-1,-1
2025-02-08T13:47:08.830-05:00,IdeState,Inactive,,*,-1,-1
2025-02-08T13:47:09.831-05:00,IdeState,Inactive,,*,-1,-1
2025-02-08T13:47:10.832-05:00,IdeState,Inactive,,*,-1,-1
2025-02-08T13:47:11.832-05:00,IdeState,Inactive,,*,-1,-1
2025-02-08T13:47:12.833-05:00,IdeState,Inactive,,*,-1,-1
2025-02-08T13:47:13.834-05:00,IdeState,Inactive,,*,-1,-1
2025-02-08T13:47:14.834-05:00,IdeState,Inactive,,*,-1,-1
2025-02-08T13:47:15.835-05:00,IdeState,Inactive,,*,-1,-1
2025-02-08T13:47:16.835-05:00,IdeState,Inactive,,*,-1,-1
2025-02-08T13:47:17.836-05:00,IdeState,Inactive,,*,-1,-1
2025-02-08T13:47:18.837-05:00,IdeState,Inactive,,*,-1,-1
2025-02-08T13:47:19.837-05:00,IdeState,Inactive,,*,-1,-1
2025-02-08T13:47:20.838-05:00,IdeState,Inactive,,*,-1,-1
2025-02-08T13:47:21.839-05:00,IdeState,Inactive,,*,-1,-1
2025-02-08T13:47:22.839-05:00,IdeState,Inactive,,*,-1,-1
2025-02-08T13:47:23.840-05:00,IdeState,Inactive,,*,-1,-1
2025-02-08T13:47:24.841-05:00,IdeState,Inactive,,*,-1,-1
2025-02-08T13:47:25.841-05:00,IdeState,Inactive,,*,-1,-1
2025-02-08T13:47:26.842-05:00,IdeState,Inactive,,*,-1,-1
2025-02-08T13:47:27.843-05:00,IdeState,Inactive,,*,-1,-1
2025-02-08T13:47:28.844-05:00,IdeState,Inactive,,*,-1,-1
2025-02-08T13:47:29.845-05:00,IdeState,Inactive,,*,-1,-1
2025-02-08T13:47:30.845-05:00,IdeState,Inactive,,*,-1,-1
2025-02-08T13:47:31.846-05:00,IdeState,Inactive,,*,-1,-1
2025-02-08T13:47:32.847-05:00,IdeState,Inactive,,*,-1,-1
2025-02-08T13:47:33.848-05:00,IdeState,Inactive,,*,-1,-1
2025-02-08T13:47:34.848-05:00,IdeState,Inactive,,*,-1,-1
2025-02-08T13:47:35.849-05:00,IdeState,Inactive,,*,-1,-1
2025-02-08T13:47:36.850-05:00,IdeState,Inactive,,*,-1,-1
2025-02-08T13:47:37.851-05:00,IdeState,Inactive,,*,-1,-1
2025-02-08T13:47:38.851-05:00,IdeState,Inactive,,*,-1,-1
2025-02-08T13:47:39.852-05:00,IdeState,Inactive,,*,-1,-1
2025-02-08T13:47:40.853-05:00,IdeState,Inactive,,*,-1,-1
2025-02-08T13:47:41.854-05:00,IdeState,Inactive,,*,-1,-1
2025-02-08T13:47:42.854-05:00,IdeState,Inactive,,*,-1,-1
2025-02-08T13:47:43.855-05:00,IdeState,Inactive,,*,-1,-1
2025-02-08T13:47:44.856-05:00,IdeState,Inactive,,*,-1,-1
2025-02-08T13:47:45.857-05:00,IdeState,Inactive,,*,-1,-1
2025-02-08T13:47:46.857-05:00,IdeState,Inactive,,*,-1,-1
2025-02-08T13:47:47.858-05:00,IdeState,Inactive,,*,-1,-1
2025-02-08T13:47:48.859-05:00,IdeState,Inactive,,*,-1,-1
2025-02-08T13:47:49.860-05:00,IdeState,Inactive,,*,-1,-1
2025-02-08T13:47:50.861-05:00,IdeState,Inactive,,*,-1,-1
2025-02-08T13:47:51.861-05:00,IdeState,Inactive,,*,-1,-1
2025-02-08T13:47:52.862-05:00,IdeState,Inactive,,*,-1,-1
2025-02-08T13:47:53.863-05:00,IdeState,Inactive,,*,-1,-1
2025-02-08T13:47:54.864-05:00,IdeState,Inactive,,*,-1,-1
2025-02-08T13:47:55.864-05:00,IdeState,Inactive,,*,-1,-1
2025-02-08T13:47:56.865-05:00,IdeState,Inactive,,*,-1,-1
2025-02-08T13:47:57.866-05:00,IdeState,Inactive,,*,-1,-1
2025-02-08T13:47:58.867-05:00,IdeState,Inactive,,*,-1,-1
2025-02-08T13:47:59.867-05:00,IdeState,Inactive,,*,-1,-1
2025-02-08T13:48:00.868-05:00,IdeState,Inactive,,*,-1,-1
2025-02-08T13:48:01.869-05:00,IdeState,Inactive,,*,-1,-1
2025-02-08T13:48:02.870-05:00,IdeState,Inactive,,*,-1,-1
2025-02-08T13:48:03.871-05:00,IdeState,Inactive,,*,-1,-1
2025-02-08T13:48:04.871-05:00,IdeState,Inactive,,*,-1,-1
2025-02-08T13:48:05.872-05:00,IdeState,Inactive,,*,-1,-1
2025-02-08T13:48:06.873-05:00,IdeState,Inactive,,*,-1,-1
2025-02-08T13:48:07.873-05:00,IdeState,Inactive,,*,-1,-1
2025-02-08T13:48:08.874-05:00,IdeState,Inactive,,*,-1,-1
2025-02-08T13:48:09.875-05:00,IdeState,Inactive,,*,-1,-1
2025-02-08T13:48:10.876-05:00,IdeState,Inactive,,*,-1,-1
2025-02-08T13:48:11.876-05:00,IdeState,Inactive,,*,-1,-1
2025-02-08T13:48:12.877-05:00,IdeState,Inactive,,*,-1,-1
2025-02-08T13:48:13.878-05:00,IdeState,Inactive,,*,-1,-1
2025-02-08T13:48:14.879-05:00,IdeState,Inactive,,*,-1,-1
2025-02-08T13:48:15.880-05:00,IdeState,Inactive,,*,-1,-1
2025-02-08T13:48:16.881-05:00,IdeState,Inactive,,*,-1,-1
2025-02-08T13:48:17.881-05:00,IdeState,Inactive,,*,-1,-1
2025-02-08T13:48:18.882-05:00,IdeState,Inactive,,*,-1,-1
2025-02-08T13:48:19.883-05:00,IdeState,Inactive,,*,-1,-1
2025-02-08T13:48:20.884-05:00,IdeState,Inactive,,*,-1,-1
2025-02-08T13:48:21.884-05:00,IdeState,Inactive,,*,-1,-1
2025-02-08T13:48:22.885-05:00,IdeState,Inactive,,*,-1,-1
2025-02-08T13:48:23.886-05:00,IdeState,Inactive,,*,-1,-1
2025-02-08T13:48:24.887-05:00,IdeState,Inactive,,*,-1,-1
2025-02-08T13:48:25.887-05:00,IdeState,Inactive,,*,-1,-1
2025-02-08T13:48:26.888-05:00,IdeState,Inactive,,*,-1,-1
2025-02-08T13:48:27.889-05:00,IdeState,Inactive,,*,-1,-1
2025-02-08T13:48:28.889-05:00,IdeState,Inactive,,*,-1,-1
2025-02-08T13:48:29.890-05:00,IdeState,Inactive,,*,-1,-1
2025-02-08T13:48:30.891-05:00,IdeState,Inactive,,*,-1,-1
2025-02-08T13:48:31.891-05:00,IdeState,Inactive,,*,-1,-1
2025-02-08T13:48:32.892-05:00,IdeState,Inactive,,*,-1,-1
2025-02-08T13:48:33.893-05:00,IdeState,Inactive,,*,-1,-1
2025-02-08T13:48:34.894-05:00,IdeState,Inactive,,*,-1,-1
2025-02-08T13:48:35.894-05:00,IdeState,Inactive,,*,-1,-1
2025-02-08T13:48:36.895-05:00,IdeState,Inactive,,*,-1,-1
2025-02-08T13:48:37.896-05:00,IdeState,Inactive,,*,-1,-1
2025-02-08T13:48:38.896-05:00,IdeState,Inactive,,*,-1,-1
2025-02-08T13:48:39.897-05:00,IdeState,Inactive,,*,-1,-1
2025-02-08T13:48:40.898-05:00,IdeState,Inactive,,*,-1,-1
2025-02-08T13:48:41.898-05:00,IdeState,Inactive,,*,-1,-1
2025-02-08T13:48:42.899-05:00,IdeState,Inactive,,*,-1,-1
2025-02-08T13:48:43.900-05:00,IdeState,Inactive,,*,-1,-1
2025-02-08T13:48:44.901-05:00,IdeState,Inactive,,*,-1,-1
2025-02-08T13:48:45.901-05:00,IdeState,Inactive,,*,-1,-1
2025-02-08T13:48:46.902-05:00,IdeState,Inactive,,*,-1,-1
2025-02-08T13:48:47.903-05:00,IdeState,Inactive,,*,-1,-1
2025-02-08T13:48:48.904-05:00,IdeState,Inactive,,*,-1,-1
2025-02-08T13:48:49.904-05:00,IdeState,Inactive,,*,-1,-1
2025-02-08T13:48:50.905-05:00,IdeState,Inactive,,*,-1,-1
2025-02-08T13:48:51.906-05:00,IdeState,Inactive,,*,-1,-1
2025-02-08T13:48:52.907-05:00,IdeState,Inactive,,*,-1,-1
2025-02-08T13:48:53.908-05:00,IdeState,Inactive,,*,-1,-1
2025-02-08T13:48:54.908-05:00,IdeState,Inactive,,*,-1,-1
2025-02-08T13:48:55.909-05:00,IdeState,Inactive,,*,-1,-1
2025-02-08T13:48:56.910-05:00,IdeState,Inactive,,*,-1,-1
2025-02-08T13:48:57.911-05:00,IdeState,Inactive,,*,-1,-1
2025-02-08T13:48:58.911-05:00,IdeState,Inactive,,*,-1,-1
2025-02-08T13:48:59.912-05:00,IdeState,Inactive,,*,-1,-1
2025-02-08T13:49:00.913-05:00,IdeState,Inactive,,*,-1,-1
2025-02-08T13:49:01.914-05:00,IdeState,Inactive,,*,-1,-1
2025-02-08T13:49:02.914-05:00,IdeState,Inactive,,*,-1,-1
2025-02-08T13:49:03.915-05:00,IdeState,Inactive,,*,-1,-1
2025-02-08T13:49:04.916-05:00,IdeState,Inactive,,*,-1,-1
2025-02-08T13:49:05.916-05:00,IdeState,Inactive,,*,-1,-1
2025-02-08T13:49:06.917-05:00,IdeState,Inactive,,*,-1,-1
2025-02-08T13:49:07.918-05:00,IdeState,Inactive,,*,-1,-1
2025-02-08T13:49:08.918-05:00,IdeState,Inactive,,*,-1,-1
2025-02-08T13:49:09.919-05:00,IdeState,Inactive,,*,-1,-1
2025-02-08T13:49:10.920-05:00,IdeState,Inactive,,*,-1,-1
2025-02-08T13:49:11.921-05:00,IdeState,Inactive,,*,-1,-1
2025-02-08T13:49:12.921-05:00,IdeState,Inactive,,*,-1,-1
2025-02-08T13:49:13.922-05:00,IdeState,Inactive,,*,-1,-1
2025-02-08T13:49:14.923-05:00,IdeState,Inactive,,*,-1,-1
2025-02-08T13:49:15.924-05:00,IdeState,Inactive,,*,-1,-1
2025-02-08T13:49:16.924-05:00,IdeState,Inactive,,*,-1,-1
2025-02-08T13:49:17.925-05:00,IdeState,Inactive,,*,-1,-1
2025-02-08T13:49:18.926-05:00,IdeState,Inactive,,*,-1,-1
2025-02-08T13:49:19.927-05:00,IdeState,Inactive,,*,-1,-1
2025-02-08T13:49:20.927-05:00,IdeState,Inactive,,*,-1,-1
2025-02-08T13:49:21.928-05:00,IdeState,Inactive,,*,-1,-1
2025-02-08T13:49:22.929-05:00,IdeState,Inactive,,*,-1,-1
2025-02-08T13:49:23.930-05:00,IdeState,Inactive,,*,-1,-1
2025-02-08T13:49:24.930-05:00,IdeState,Inactive,,*,-1,-1
2025-02-08T13:49:25.931-05:00,IdeState,Inactive,,*,-1,-1
2025-02-08T13:49:26.932-05:00,IdeState,Inactive,,*,-1,-1
2025-02-08T13:49:27.932-05:00,IdeState,Inactive,,*,-1,-1
2025-02-08T13:49:28.933-05:00,IdeState,Inactive,,*,-1,-1
2025-02-08T13:49:29.934-05:00,IdeState,Inactive,,*,-1,-1
2025-02-08T13:49:30.934-05:00,IdeState,Inactive,,*,-1,-1
2025-02-08T13:49:31.935-05:00,IdeState,Inactive,,*,-1,-1
2025-02-08T13:49:32.936-05:00,IdeState,Inactive,,*,-1,-1
2025-02-08T13:49:33.937-05:00,IdeState,Inactive,,*,-1,-1
2025-02-08T13:49:34.938-05:00,IdeState,Inactive,,*,-1,-1
2025-02-08T13:49:35.939-05:00,IdeState,Inactive,,*,-1,-1
2025-02-08T13:49:36.939-05:00,IdeState,Inactive,,*,-1,-1
2025-02-08T13:49:37.940-05:00,IdeState,Inactive,,*,-1,-1
2025-02-08T13:49:38.941-05:00,IdeState,Inactive,,*,-1,-1
2025-02-08T13:49:39.942-05:00,IdeState,Inactive,,*,-1,-1
2025-02-08T13:49:40.943-05:00,IdeState,Inactive,,*,-1,-1
2025-02-08T13:49:41.943-05:00,IdeState,Inactive,,*,-1,-1
2025-02-08T13:49:42.944-05:00,IdeState,Inactive,,*,-1,-1
2025-02-08T13:49:43.945-05:00,IdeState,Inactive,,*,-1,-1
2025-02-08T13:49:44.946-05:00,IdeState,Inactive,,*,-1,-1
2025-02-08T13:49:45.947-05:00,IdeState,Inactive,,*,-1,-1
2025-02-08T13:49:46.948-05:00,IdeState,Inactive,,*,-1,-1
2025-02-08T13:49:47.948-05:00,IdeState,Inactive,,*,-1,-1
2025-02-08T13:49:48.949-05:00,IdeState,Inactive,,*,-1,-1
2025-02-08T13:49:49.949-05:00,IdeState,Inactive,,*,-1,-1
2025-02-08T13:49:50.950-05:00,IdeState,Inactive,,*,-1,-1
2025-02-08T13:49:51.951-05:00,IdeState,Inactive,,*,-1,-1
2025-02-08T13:49:52.952-05:00,IdeState,Inactive,,*,-1,-1
2025-02-08T13:49:53.953-05:00,IdeState,Inactive,,*,-1,-1
2025-02-08T13:49:54.953-05:00,IdeState,Inactive,,*,-1,-1
2025-02-08T13:49:55.954-05:00,IdeState,Inactive,,*,-1,-1
2025-02-08T13:49:56.955-05:00,IdeState,Inactive,,*,-1,-1
2025-02-08T13:49:57.955-05:00,IdeState,Inactive,,*,-1,-1
2025-02-08T13:49:58.956-05:00,IdeState,Inactive,,*,-1,-1
2025-02-08T13:49:59.957-05:00,IdeState,Inactive,,*,-1,-1
2025-02-08T13:50:00.958-05:00,IdeState,Inactive,,*,-1,-1
2025-02-08T13:50:01.958-05:00,IdeState,Inactive,,*,-1,-1
2025-02-08T13:50:02.959-05:00,IdeState,Inactive,,*,-1,-1
2025-02-08T13:50:03.960-05:00,IdeState,Inactive,,*,-1,-1
2025-02-08T13:50:04.961-05:00,IdeState,Inactive,,*,-1,-1
2025-02-08T13:50:05.962-05:00,IdeState,Inactive,,*,-1,-1
2025-02-08T13:50:06.962-05:00,IdeState,Inactive,,*,-1,-1
2025-02-08T13:50:07.963-05:00,IdeState,Inactive,,*,-1,-1
2025-02-08T13:50:08.964-05:00,IdeState,Inactive,,*,-1,-1
2025-02-08T13:50:09.965-05:00,IdeState,Inactive,,*,-1,-1
2025-02-08T13:50:10.965-05:00,IdeState,Inactive,,*,-1,-1
2025-02-08T13:50:11.966-05:00,IdeState,Inactive,,*,-1,-1
2025-02-08T13:50:12.967-05:00,IdeState,Inactive,,*,-1,-1
2025-02-08T13:50:13.968-05:00,IdeState,Inactive,,*,-1,-1
2025-02-08T13:50:14.969-05:00,IdeState,Inactive,,*,-1,-1
2025-02-08T13:50:15.969-05:00,IdeState,Inactive,,*,-1,-1
2025-02-08T13:50:16.970-05:00,IdeState,Inactive,,*,-1,-1
2025-02-08T13:50:17.971-05:00,IdeState,Inactive,,*,-1,-1
2025-02-08T13:50:18.972-05:00,IdeState,Inactive,,*,-1,-1
2025-02-08T13:50:19.972-05:00,IdeState,Inactive,,*,-1,-1
2025-02-08T13:50:20.973-05:00,IdeState,Inactive,,*,-1,-1
2025-02-08T13:50:21.974-05:00,IdeState,Inactive,,*,-1,-1
2025-02-08T13:50:22.975-05:00,IdeState,Inactive,,*,-1,-1
2025-02-08T13:50:23.975-05:00,IdeState,Inactive,,*,-1,-1
2025-02-08T13:50:24.976-05:00,IdeState,Inactive,,*,-1,-1
2025-02-08T13:50:25.977-05:00,IdeState,Inactive,,*,-1,-1
2025-02-08T13:50:26.977-05:00,IdeState,Inactive,,*,-1,-1
2025-02-08T13:50:27.978-05:00,IdeState,Inactive,,*,-1,-1
2025-02-08T13:50:28.978-05:00,IdeState,Inactive,,*,-1,-1
2025-02-08T13:50:29.979-05:00,IdeState,Inactive,,*,-1,-1
2025-02-08T13:50:30.979-05:00,IdeState,Inactive,,*,-1,-1
2025-02-08T13:50:31.980-05:00,IdeState,Inactive,,*,-1,-1
2025-02-08T13:50:32.981-05:00,IdeState,Inactive,,*,-1,-1
2025-02-08T13:50:33.982-05:00,IdeState,Inactive,,*,-1,-1
2025-02-08T13:50:34.983-05:00,IdeState,Inactive,,*,-1,-1
2025-02-08T13:50:35.983-05:00,IdeState,Inactive,,*,-1,-1
2025-02-08T13:50:36.984-05:00,IdeState,Inactive,,*,-1,-1
2025-02-08T13:50:37.985-05:00,IdeState,Inactive,,*,-1,-1
2025-02-08T13:50:38.986-05:00,IdeState,Inactive,,*,-1,-1
2025-02-08T13:50:39.986-05:00,IdeState,Inactive,,*,-1,-1
2025-02-08T13:50:40.987-05:00,IdeState,Inactive,,*,-1,-1
2025-02-08T13:50:41.988-05:00,IdeState,Inactive,,*,-1,-1
2025-02-08T13:50:42.989-05:00,IdeState,Inactive,,*,-1,-1
2025-02-08T13:50:43.989-05:00,IdeState,Inactive,,*,-1,-1
2025-02-08T13:50:44.990-05:00,IdeState,Inactive,,*,-1,-1
2025-02-08T13:50:45.991-05:00,IdeState,Inactive,,*,-1,-1
2025-02-08T13:50:46.992-05:00,IdeState,Inactive,,*,-1,-1
2025-02-08T13:50:47.992-05:00,IdeState,Inactive,,*,-1,-1
2025-02-08T13:50:48.993-05:00,IdeState,Inactive,,*,-1,-1
2025-02-08T13:50:49.994-05:00,IdeState,Inactive,,*,-1,-1
2025-02-08T13:50:50.995-05:00,IdeState,Inactive,,*,-1,-1
2025-02-08T13:50:51.995-05:00,IdeState,Inactive,,*,-1,-1
2025-02-08T13:50:52.996-05:00,IdeState,Inactive,,*,-1,-1
2025-02-08T13:50:53.997-05:00,IdeState,Inactive,,*,-1,-1
2025-02-08T13:50:54.998-05:00,IdeState,Inactive,,*,-1,-1
2025-02-08T13:50:55.999-05:00,IdeState,Inactive,,*,-1,-1
2025-02-08T13:50:57.000-05:00,IdeState,Inactive,,*,-1,-1
2025-02-08T13:50:58.000-05:00,IdeState,Inactive,,*,-1,-1
2025-02-08T13:50:59.001-05:00,IdeState,Inactive,,*,-1,-1
2025-02-08T13:51:00.002-05:00,IdeState,Inactive,,*,-1,-1
2025-02-08T13:51:01.003-05:00,IdeState,Inactive,,*,-1,-1
2025-02-08T13:51:02.003-05:00,IdeState,Inactive,,*,-1,-1
2025-02-08T13:51:03.004-05:00,IdeState,Inactive,,*,-1,-1
2025-02-08T13:51:04.006-05:00,IdeState,Inactive,,*,-1,-1
2025-02-08T13:51:05.007-05:00,IdeState,Inactive,,*,-1,-1
2025-02-08T13:51:06.007-05:00,IdeState,Inactive,,*,-1,-1
2025-02-08T13:51:07.008-05:00,IdeState,Inactive,,*,-1,-1
2025-02-08T13:51:08.008-05:00,IdeState,Inactive,,*,-1,-1
2025-02-08T13:51:09.009-05:00,IdeState,Inactive,,*,-1,-1
2025-02-08T13:51:10.010-05:00,IdeState,Inactive,,*,-1,-1
2025-02-08T13:51:11.010-05:00,IdeState,Inactive,,*,-1,-1
2025-02-08T13:51:12.011-05:00,IdeState,Inactive,,*,-1,-1
2025-02-08T13:51:13.012-05:00,IdeState,Inactive,,*,-1,-1
2025-02-08T13:51:14.012-05:00,IdeState,Inactive,,*,-1,-1
2025-02-08T13:51:15.013-05:00,IdeState,Inactive,,*,-1,-1
2025-02-08T13:51:16.013-05:00,IdeState,Inactive,,*,-1,-1
2025-02-08T13:51:17.014-05:00,IdeState,Inactive,,*,-1,-1
2025-02-08T13:51:18.014-05:00,IdeState,Inactive,,*,-1,-1
2025-02-08T13:51:19.015-05:00,IdeState,Inactive,,*,-1,-1
2025-02-08T13:51:20.016-05:00,IdeState,Inactive,,*,-1,-1
2025-02-08T13:51:21.016-05:00,IdeState,Inactive,,*,-1,-1
2025-02-08T13:51:22.017-05:00,IdeState,Inactive,,*,-1,-1
2025-02-08T13:51:23.018-05:00,IdeState,Inactive,,*,-1,-1
2025-02-08T13:51:24.018-05:00,IdeState,Inactive,,*,-1,-1
2025-02-08T13:51:25.019-05:00,IdeState,Inactive,,*,-1,-1
2025-02-08T13:51:26.020-05:00,IdeState,Inactive,,*,-1,-1
2025-02-08T13:51:27.020-05:00,IdeState,Inactive,,*,-1,-1
2025-02-08T13:51:28.021-05:00,IdeState,Inactive,,*,-1,-1
2025-02-08T13:51:29.021-05:00,IdeState,Inactive,,*,-1,-1
2025-02-08T13:51:30.022-05:00,IdeState,Inactive,,*,-1,-1
2025-02-08T13:51:31.023-05:00,IdeState,Inactive,,*,-1,-1
2025-02-08T13:51:32.023-05:00,IdeState,Inactive,,*,-1,-1
2025-02-08T13:51:33.024-05:00,IdeState,Inactive,,*,-1,-1
2025-02-08T13:51:34.024-05:00,IdeState,Inactive,,*,-1,-1
2025-02-08T13:51:35.025-05:00,IdeState,Inactive,,*,-1,-1
2025-02-08T13:51:36.025-05:00,IdeState,Inactive,,*,-1,-1
2025-02-08T13:51:37.026-05:00,IdeState,Inactive,,*,-1,-1
2025-02-08T13:51:38.027-05:00,IdeState,Inactive,,*,-1,-1
2025-02-08T13:51:39.028-05:00,IdeState,Inactive,,*,-1,-1
2025-02-08T13:51:40.028-05:00,IdeState,Inactive,,*,-1,-1
2025-02-08T13:51:41.029-05:00,IdeState,Inactive,,*,-1,-1
2025-02-08T13:51:42.029-05:00,IdeState,Inactive,,*,-1,-1
2025-02-08T13:51:43.030-05:00,IdeState,Inactive,,*,-1,-1
2025-02-08T13:51:44.031-05:00,IdeState,Inactive,,*,-1,-1
2025-02-08T13:51:45.031-05:00,IdeState,Inactive,,*,-1,-1
2025-02-08T13:51:46.032-05:00,IdeState,Inactive,,*,-1,-1
2025-02-08T13:51:47.032-05:00,IdeState,Inactive,,*,-1,-1
2025-02-08T13:51:48.032-05:00,IdeState,Inactive,,*,-1,-1
2025-02-08T13:51:49.033-05:00,IdeState,Inactive,,*,-1,-1
2025-02-08T13:51:50.033-05:00,IdeState,Inactive,,*,-1,-1
2025-02-08T13:51:51.034-05:00,IdeState,Inactive,,*,-1,-1
2025-02-08T13:51:52.034-05:00,IdeState,Inactive,,*,-1,-1
2025-02-08T13:51:53.034-05:00,IdeState,Inactive,,*,-1,-1
2025-02-08T13:51:54.035-05:00,IdeState,Inactive,,*,-1,-1
2025-02-08T13:51:55.036-05:00,IdeState,Inactive,,*,-1,-1
2025-02-08T13:51:56.036-05:00,IdeState,Inactive,,*,-1,-1
2025-02-08T13:51:57.037-05:00,IdeState,Inactive,,*,-1,-1
2025-02-08T13:51:58.037-05:00,IdeState,Inactive,,*,-1,-1
2025-02-08T13:51:59.038-05:00,IdeState,Inactive,,*,-1,-1
2025-02-08T13:52:00.039-05:00,IdeState,Inactive,,*,-1,-1
2025-02-08T13:52:01.039-05:00,IdeState,Inactive,,*,-1,-1
2025-02-08T13:52:02.040-05:00,IdeState,Inactive,,*,-1,-1
2025-02-08T13:52:03.040-05:00,IdeState,Inactive,,*,-1,-1
2025-02-08T13:52:04.041-05:00,IdeState,Inactive,,*,-1,-1
2025-02-08T13:52:05.041-05:00,IdeState,Inactive,,*,-1,-1
2025-02-08T13:52:06.042-05:00,IdeState,Inactive,,*,-1,-1
2025-02-08T13:52:07.042-05:00,IdeState,Inactive,,*,-1,-1
2025-02-08T13:52:08.043-05:00,IdeState,Inactive,,*,-1,-1
2025-02-08T13:52:09.043-05:00,IdeState,Inactive,,*,-1,-1
2025-02-08T13:52:10.044-05:00,IdeState,Inactive,,*,-1,-1
2025-02-08T13:52:11.045-05:00,IdeState,Inactive,,*,-1,-1
2025-02-08T13:52:12.045-05:00,IdeState,Inactive,,*,-1,-1
2025-02-08T13:52:13.046-05:00,IdeState,Inactive,,*,-1,-1
2025-02-08T13:52:14.046-05:00,IdeState,Inactive,,*,-1,-1
2025-02-08T13:52:15.047-05:00,IdeState,Inactive,,*,-1,-1
2025-02-08T13:52:16.047-05:00,IdeState,Inactive,,*,-1,-1
2025-02-08T13:52:17.048-05:00,IdeState,Inactive,,*,-1,-1
2025-02-08T13:52:18.048-05:00,IdeState,Inactive,,*,-1,-1
2025-02-08T13:52:19.049-05:00,IdeState,Inactive,,*,-1,-1
2025-02-08T13:52:20.050-05:00,IdeState,Inactive,,*,-1,-1
2025-02-08T13:52:21.050-05:00,IdeState,Inactive,,*,-1,-1
2025-02-08T13:52:22.051-05:00,IdeState,Inactive,,*,-1,-1
2025-02-08T13:52:23.052-05:00,IdeState,Inactive,,*,-1,-1
2025-02-08T13:52:24.053-05:00,IdeState,Inactive,,*,-1,-1
2025-02-08T13:52:25.053-05:00,IdeState,Inactive,,*,-1,-1
2025-02-08T13:52:26.054-05:00,IdeState,Inactive,,*,-1,-1
2025-02-08T13:52:27.054-05:00,IdeState,Inactive,,*,-1,-1
2025-02-08T13:52:28.055-05:00,IdeState,Inactive,,*,-1,-1
2025-02-08T13:52:29.056-05:00,IdeState,Inactive,,*,-1,-1
2025-02-08T13:52:30.057-05:00,IdeState,Inactive,,*,-1,-1
2025-02-08T13:52:31.057-05:00,IdeState,Inactive,,*,-1,-1
2025-02-08T13:52:32.058-05:00,IdeState,Inactive,,*,-1,-1
2025-02-08T13:52:33.059-05:00,IdeState,Inactive,,*,-1,-1
2025-02-08T13:52:34.060-05:00,IdeState,Inactive,,*,-1,-1
2025-02-08T13:52:35.060-05:00,IdeState,Inactive,,*,-1,-1
2025-02-08T13:52:36.061-05:00,IdeState,Inactive,,*,-1,-1
2025-02-08T13:52:37.062-05:00,IdeState,Inactive,,*,-1,-1
2025-02-08T13:52:38.063-05:00,IdeState,Inactive,,*,-1,-1
2025-02-08T13:52:39.064-05:00,IdeState,Inactive,,*,-1,-1
2025-02-08T13:52:40.064-05:00,IdeState,Inactive,,*,-1,-1
2025-02-08T13:52:41.065-05:00,IdeState,Inactive,,*,-1,-1
2025-02-08T13:52:42.066-05:00,IdeState,Inactive,,*,-1,-1
2025-02-08T13:52:43.066-05:00,IdeState,Inactive,,*,-1,-1
2025-02-08T13:52:44.067-05:00,IdeState,Inactive,,*,-1,-1
2025-02-08T13:52:45.068-05:00,IdeState,Inactive,,*,-1,-1
2025-02-08T13:52:46.069-05:00,IdeState,Inactive,,*,-1,-1
2025-02-08T13:52:47.069-05:00,IdeState,Inactive,,*,-1,-1
2025-02-08T13:52:48.070-05:00,IdeState,Inactive,,*,-1,-1
2025-02-08T13:52:49.070-05:00,IdeState,Inactive,,*,-1,-1
2025-02-08T13:52:50.071-05:00,IdeState,Inactive,,*,-1,-1
2025-02-08T13:52:51.072-05:00,IdeState,Inactive,,*,-1,-1
2025-02-08T13:52:52.072-05:00,IdeState,Inactive,,*,-1,-1
2025-02-08T13:52:53.073-05:00,IdeState,Inactive,,*,-1,-1
2025-02-08T13:52:54.074-05:00,IdeState,Inactive,,*,-1,-1
2025-02-08T13:52:55.075-05:00,IdeState,Inactive,,*,-1,-1
2025-02-08T13:52:56.075-05:00,IdeState,Inactive,,*,-1,-1
2025-02-08T13:52:57.076-05:00,IdeState,Inactive,,*,-1,-1
2025-02-08T13:52:58.077-05:00,IdeState,Inactive,,*,-1,-1
2025-02-08T13:52:59.078-05:00,IdeState,Inactive,,*,-1,-1
2025-02-08T13:53:00.078-05:00,IdeState,Inactive,,*,-1,-1
2025-02-08T13:53:01.079-05:00,IdeState,Inactive,,*,-1,-1
2025-02-08T13:53:02.080-05:00,IdeState,Inactive,,*,-1,-1
2025-02-08T13:53:03.080-05:00,IdeState,Inactive,,*,-1,-1
2025-02-08T13:53:04.081-05:00,IdeState,Inactive,,*,-1,-1
2025-02-08T13:53:05.082-05:00,IdeState,Inactive,,*,-1,-1
2025-02-08T13:53:06.082-05:00,IdeState,Inactive,,*,-1,-1
2025-02-08T13:53:07.083-05:00,IdeState,Inactive,,*,-1,-1
2025-02-08T13:53:08.084-05:00,IdeState,Inactive,,*,-1,-1
2025-02-08T13:53:09.084-05:00,IdeState,Inactive,,*,-1,-1
2025-02-08T13:53:10.085-05:00,IdeState,Inactive,,*,-1,-1
2025-02-08T13:53:11.086-05:00,IdeState,Inactive,,*,-1,-1
2025-02-08T13:53:12.087-05:00,IdeState,Inactive,,*,-1,-1
2025-02-08T13:53:13.087-05:00,IdeState,Inactive,,*,-1,-1
2025-02-08T13:53:14.088-05:00,IdeState,Inactive,,*,-1,-1
2025-02-08T13:53:15.089-05:00,IdeState,Inactive,,*,-1,-1
2025-02-08T13:53:16.090-05:00,IdeState,Inactive,,*,-1,-1
2025-02-08T13:53:17.090-05:00,IdeState,Inactive,,*,-1,-1
2025-02-08T13:53:18.091-05:00,IdeState,Inactive,,*,-1,-1
2025-02-08T13:53:19.092-05:00,IdeState,Inactive,,*,-1,-1
2025-02-08T13:53:20.093-05:00,IdeState,Inactive,,*,-1,-1
2025-02-08T13:53:21.094-05:00,IdeState,Inactive,,*,-1,-1
2025-02-08T13:53:22.094-05:00,IdeState,Inactive,,*,-1,-1
2025-02-08T13:53:23.095-05:00,IdeState,Inactive,,*,-1,-1
2025-02-08T13:53:24.096-05:00,IdeState,Inactive,,*,-1,-1
2025-02-08T13:53:25.096-05:00,IdeState,Inactive,,*,-1,-1
2025-02-08T13:53:26.097-05:00,IdeState,Inactive,,*,-1,-1
2025-02-08T13:53:27.098-05:00,IdeState,Inactive,,*,-1,-1
2025-02-08T13:53:28.099-05:00,IdeState,Inactive,,*,-1,-1
2025-02-08T13:53:29.099-05:00,IdeState,Inactive,,*,-1,-1
2025-02-08T13:53:30.100-05:00,IdeState,Inactive,,*,-1,-1
2025-02-08T13:53:31.101-05:00,IdeState,Inactive,,*,-1,-1
2025-02-08T13:53:32.102-05:00,IdeState,Inactive,,*,-1,-1
2025-02-08T13:53:33.103-05:00,IdeState,Inactive,,*,-1,-1
2025-02-08T13:53:34.104-05:00,IdeState,Inactive,,*,-1,-1
2025-02-08T13:53:35.105-05:00,IdeState,Inactive,,*,-1,-1
2025-02-08T13:53:36.105-05:00,IdeState,Inactive,,*,-1,-1
2025-02-08T13:53:37.106-05:00,IdeState,Inactive,,*,-1,-1
2025-02-08T13:53:38.107-05:00,IdeState,Inactive,,*,-1,-1
2025-02-08T13:53:39.108-05:00,IdeState,Inactive,,*,-1,-1
2025-02-08T13:53:40.109-05:00,IdeState,Inactive,,*,-1,-1
2025-02-08T13:53:41.109-05:00,IdeState,Inactive,,*,-1,-1
2025-02-08T13:53:42.110-05:00,IdeState,Inactive,,*,-1,-1
2025-02-08T13:53:43.111-05:00,IdeState,Inactive,,*,-1,-1
2025-02-08T13:53:44.112-05:00,IdeState,Inactive,,*,-1,-1
2025-02-08T13:53:45.113-05:00,IdeState,Inactive,,*,-1,-1
2025-02-08T13:53:46.113-05:00,IdeState,Inactive,,*,-1,-1
2025-02-08T13:53:47.114-05:00,IdeState,Inactive,,*,-1,-1
2025-02-08T13:53:48.115-05:00,IdeState,Inactive,,*,-1,-1
2025-02-08T13:53:49.116-05:00,IdeState,Inactive,,*,-1,-1
2025-02-08T13:53:50.116-05:00,IdeState,Inactive,,*,-1,-1
2025-02-08T13:53:51.117-05:00,IdeState,Inactive,,*,-1,-1
2025-02-08T13:53:52.118-05:00,IdeState,Inactive,,*,-1,-1
2025-02-08T13:53:53.118-05:00,IdeState,Inactive,,*,-1,-1
2025-02-08T13:53:54.119-05:00,IdeState,Inactive,,*,-1,-1
2025-02-08T13:53:55.120-05:00,IdeState,Inactive,,*,-1,-1
2025-02-08T13:53:56.121-05:00,IdeState,Inactive,,*,-1,-1
2025-02-08T13:53:57.121-05:00,IdeState,Inactive,,*,-1,-1
2025-02-08T13:53:58.122-05:00,IdeState,Inactive,,*,-1,-1
2025-02-08T13:53:59.123-05:00,IdeState,Inactive,,*,-1,-1
2025-02-08T13:54:00.124-05:00,IdeState,Inactive,,*,-1,-1
2025-02-08T13:54:01.124-05:00,IdeState,Inactive,,*,-1,-1
2025-02-08T13:54:02.125-05:00,IdeState,Inactive,,*,-1,-1
2025-02-08T13:54:03.126-05:00,IdeState,Inactive,,*,-1,-1
2025-02-08T13:54:04.126-05:00,IdeState,Inactive,,*,-1,-1
2025-02-08T13:54:05.127-05:00,IdeState,Inactive,,*,-1,-1
2025-02-08T13:54:06.128-05:00,IdeState,Inactive,,*,-1,-1
2025-02-08T13:54:07.129-05:00,IdeState,Inactive,,*,-1,-1
2025-02-08T13:54:08.129-05:00,IdeState,Inactive,,*,-1,-1
2025-02-08T13:54:09.130-05:00,IdeState,Inactive,,*,-1,-1
2025-02-08T13:54:10.131-05:00,IdeState,Inactive,,*,-1,-1
2025-02-08T13:54:11.131-05:00,IdeState,Inactive,,*,-1,-1
2025-02-08T13:54:12.132-05:00,IdeState,Inactive,,*,-1,-1
2025-02-08T13:54:13.133-05:00,IdeState,Inactive,,*,-1,-1
2025-02-08T13:54:14.133-05:00,IdeState,Inactive,,*,-1,-1
2025-02-08T13:54:15.134-05:00,IdeState,Inactive,,*,-1,-1
2025-02-08T13:54:16.135-05:00,IdeState,Inactive,,*,-1,-1
2025-02-08T13:54:17.136-05:00,IdeState,Inactive,,*,-1,-1
2025-02-08T13:54:18.136-05:00,IdeState,Inactive,,*,-1,-1
2025-02-08T13:54:19.137-05:00,IdeState,Inactive,,*,-1,-1
2025-02-08T13:54:20.138-05:00,IdeState,Inactive,,*,-1,-1
2025-02-08T13:54:21.139-05:00,IdeState,Inactive,,*,-1,-1
2025-02-08T13:54:22.140-05:00,IdeState,Inactive,,*,-1,-1
2025-02-08T13:54:23.140-05:00,IdeState,Inactive,,*,-1,-1
2025-02-08T13:54:24.141-05:00,IdeState,Inactive,,*,-1,-1
2025-02-08T13:54:25.142-05:00,IdeState,Inactive,,*,-1,-1
2025-02-08T13:54:26.143-05:00,IdeState,Inactive,,*,-1,-1
2025-02-08T13:54:27.144-05:00,IdeState,Inactive,,*,-1,-1
2025-02-08T13:54:28.144-05:00,IdeState,Inactive,,*,-1,-1
2025-02-08T13:54:29.145-05:00,IdeState,Inactive,,*,-1,-1
2025-02-08T13:54:30.146-05:00,IdeState,Inactive,,*,-1,-1
2025-02-08T13:54:31.147-05:00,IdeState,Inactive,,*,-1,-1
2025-02-08T13:54:32.147-05:00,IdeState,Inactive,,*,-1,-1
2025-02-08T13:54:33.148-05:00,IdeState,Inactive,,*,-1,-1
2025-02-08T13:54:34.149-05:00,IdeState,Inactive,,*,-1,-1
2025-02-08T13:54:35.150-05:00,IdeState,Inactive,,*,-1,-1
2025-02-08T13:54:36.150-05:00,IdeState,Inactive,,*,-1,-1
2025-02-08T13:54:37.151-05:00,IdeState,Inactive,,*,-1,-1
2025-02-08T13:54:38.152-05:00,IdeState,Inactive,,*,-1,-1
2025-02-08T13:54:39.153-05:00,IdeState,Inactive,,*,-1,-1
2025-02-08T13:54:40.153-05:00,IdeState,Inactive,,*,-1,-1
2025-02-08T13:54:41.154-05:00,IdeState,Inactive,,*,-1,-1
2025-02-08T13:54:42.155-05:00,IdeState,Inactive,,*,-1,-1
2025-02-08T13:54:43.156-05:00,IdeState,Inactive,,*,-1,-1
2025-02-08T13:54:44.157-05:00,IdeState,Inactive,,*,-1,-1
2025-02-08T13:54:45.157-05:00,IdeState,Inactive,,*,-1,-1
2025-02-08T13:54:46.158-05:00,IdeState,Inactive,,*,-1,-1
2025-02-08T13:54:47.159-05:00,IdeState,Inactive,,*,-1,-1
2025-02-08T13:54:48.159-05:00,IdeState,Inactive,,*,-1,-1
2025-02-08T13:54:49.159-05:00,IdeState,Inactive,,*,-1,-1
2025-02-08T13:54:50.160-05:00,IdeState,Inactive,,*,-1,-1
2025-02-08T13:54:51.161-05:00,IdeState,Inactive,,*,-1,-1
2025-02-08T13:54:52.161-05:00,IdeState,Inactive,,*,-1,-1
2025-02-08T13:54:53.162-05:00,IdeState,Inactive,,*,-1,-1
2025-02-08T13:54:54.162-05:00,IdeState,Inactive,,*,-1,-1
2025-02-08T13:54:55.163-05:00,IdeState,Inactive,,*,-1,-1
2025-02-08T13:54:56.163-05:00,IdeState,Inactive,,*,-1,-1
2025-02-08T13:54:57.164-05:00,IdeState,Inactive,,*,-1,-1
2025-02-08T13:54:58.164-05:00,IdeState,Inactive,,*,-1,-1
2025-02-08T13:54:59.165-05:00,IdeState,Inactive,,*,-1,-1
2025-02-08T13:55:00.165-05:00,IdeState,Inactive,,*,-1,-1
2025-02-08T13:55:01.166-05:00,IdeState,Inactive,,*,-1,-1
2025-02-08T13:55:02.166-05:00,IdeState,Inactive,,*,-1,-1
2025-02-08T13:55:03.167-05:00,IdeState,Inactive,,*,-1,-1
2025-02-08T13:55:04.167-05:00,IdeState,Inactive,,*,-1,-1
2025-02-08T13:55:05.168-05:00,IdeState,Inactive,,*,-1,-1
2025-02-08T13:55:06.168-05:00,IdeState,Inactive,,*,-1,-1
2025-02-08T13:55:07.169-05:00,IdeState,Inactive,,*,-1,-1
2025-02-08T13:55:08.169-05:00,IdeState,Inactive,,*,-1,-1
2025-02-08T13:55:09.170-05:00,IdeState,Inactive,,*,-1,-1
2025-02-08T13:55:10.170-05:00,IdeState,Inactive,,*,-1,-1
2025-02-08T13:55:11.170-05:00,IdeState,Inactive,,*,-1,-1
2025-02-08T13:55:12.171-05:00,IdeState,Inactive,,*,-1,-1
2025-02-08T13:55:13.171-05:00,IdeState,Inactive,,*,-1,-1
2025-02-08T13:55:14.172-05:00,IdeState,Inactive,,*,-1,-1
2025-02-08T13:55:15.172-05:00,IdeState,Inactive,,*,-1,-1
2025-02-08T13:55:16.173-05:00,IdeState,Inactive,,*,-1,-1
2025-02-08T13:55:17.174-05:00,IdeState,Inactive,,*,-1,-1
2025-02-08T13:55:18.175-05:00,IdeState,Inactive,,*,-1,-1
2025-02-08T13:55:19.175-05:00,IdeState,Inactive,,*,-1,-1
2025-02-08T13:55:20.176-05:00,IdeState,Inactive,,*,-1,-1
2025-02-08T13:55:21.176-05:00,IdeState,Inactive,,*,-1,-1
2025-02-08T13:55:22.177-05:00,IdeState,Inactive,,*,-1,-1
2025-02-08T13:55:23.177-05:00,IdeState,Inactive,,*,-1,-1
2025-02-08T13:55:24.178-05:00,IdeState,Inactive,,*,-1,-1
2025-02-08T13:55:25.178-05:00,IdeState,Inactive,,*,-1,-1
2025-02-08T13:55:26.179-05:00,IdeState,Inactive,,*,-1,-1
2025-02-08T13:55:27.179-05:00,IdeState,Inactive,,*,-1,-1
2025-02-08T13:55:28.180-05:00,IdeState,Inactive,,*,-1,-1
2025-02-08T13:55:29.180-05:00,IdeState,Inactive,,*,-1,-1
2025-02-08T13:55:30.181-05:00,IdeState,Inactive,,*,-1,-1
2025-02-08T13:55:31.181-05:00,IdeState,Inactive,,*,-1,-1
2025-02-08T13:55:32.182-05:00,IdeState,Inactive,,*,-1,-1
2025-02-08T13:55:33.182-05:00,IdeState,Inactive,,*,-1,-1
2025-02-08T13:55:34.183-05:00,IdeState,Inactive,,*,-1,-1
2025-02-08T13:55:35.183-05:00,IdeState,Inactive,,*,-1,-1
2025-02-08T13:55:36.183-05:00,IdeState,Inactive,,*,-1,-1
2025-02-08T13:55:37.184-05:00,IdeState,Inactive,,*,-1,-1
2025-02-08T13:55:38.184-05:00,IdeState,Inactive,,*,-1,-1
2025-02-08T13:55:39.185-05:00,IdeState,Inactive,,*,-1,-1
2025-02-08T13:55:40.185-05:00,IdeState,Inactive,,*,-1,-1
2025-02-08T13:55:41.186-05:00,IdeState,Inactive,,*,-1,-1
2025-02-08T13:55:42.186-05:00,IdeState,Inactive,,*,-1,-1
2025-02-08T13:55:43.186-05:00,IdeState,Inactive,,*,-1,-1
2025-02-08T13:55:44.187-05:00,IdeState,Inactive,,*,-1,-1
2025-02-08T13:55:45.188-05:00,IdeState,Inactive,,*,-1,-1
2025-02-08T13:55:46.188-05:00,IdeState,Inactive,,*,-1,-1
2025-02-08T13:55:47.189-05:00,IdeState,Inactive,,*,-1,-1
2025-02-08T13:55:48.189-05:00,IdeState,Inactive,,*,-1,-1
2025-02-08T13:55:49.190-05:00,IdeState,Inactive,,*,-1,-1
2025-02-08T13:55:50.191-05:00,IdeState,Inactive,,*,-1,-1
2025-02-08T13:55:51.192-05:00,IdeState,Inactive,,*,-1,-1
2025-02-08T13:55:52.192-05:00,IdeState,Inactive,,*,-1,-1
2025-02-08T13:55:53.193-05:00,IdeState,Inactive,,*,-1,-1
2025-02-08T13:55:54.194-05:00,IdeState,Inactive,,*,-1,-1
2025-02-08T13:55:55.194-05:00,IdeState,Inactive,,*,-1,-1
2025-02-08T13:55:56.195-05:00,IdeState,Inactive,,*,-1,-1
2025-02-08T13:55:57.195-05:00,IdeState,Inactive,,*,-1,-1
2025-02-08T13:55:58.196-05:00,IdeState,Inactive,,*,-1,-1
2025-02-08T13:55:59.196-05:00,IdeState,Inactive,,*,-1,-1
2025-02-08T13:56:00.197-05:00,IdeState,Inactive,,*,-1,-1
2025-02-08T13:56:01.197-05:00,IdeState,Inactive,,*,-1,-1
2025-02-08T13:56:02.198-05:00,IdeState,Inactive,,*,-1,-1
2025-02-08T13:56:03.198-05:00,IdeState,Inactive,,*,-1,-1
2025-02-08T13:56:04.199-05:00,IdeState,Inactive,,*,-1,-1
2025-02-08T13:56:05.200-05:00,IdeState,Inactive,,*,-1,-1
2025-02-08T13:56:06.200-05:00,IdeState,Inactive,,*,-1,-1
2025-02-08T13:56:07.200-05:00,IdeState,Inactive,,*,-1,-1
2025-02-08T13:56:08.201-05:00,IdeState,Inactive,,*,-1,-1
2025-02-08T13:56:09.201-05:00,IdeState,Inactive,,*,-1,-1
2025-02-08T13:56:10.202-05:00,IdeState,Inactive,,*,-1,-1
2025-02-08T13:56:11.203-05:00,IdeState,Inactive,,*,-1,-1
2025-02-08T13:56:12.203-05:00,IdeState,Inactive,,*,-1,-1
2025-02-08T13:56:13.204-05:00,IdeState,Inactive,,*,-1,-1
2025-02-08T13:56:14.204-05:00,IdeState,Inactive,,*,-1,-1
2025-02-08T13:56:15.204-05:00,IdeState,Inactive,,*,-1,-1
2025-02-08T13:56:16.205-05:00,IdeState,Inactive,,*,-1,-1
2025-02-08T13:56:17.205-05:00,IdeState,Inactive,,*,-1,-1
2025-02-08T13:56:18.206-05:00,IdeState,Inactive,,*,-1,-1
2025-02-08T13:56:19.206-05:00,IdeState,Inactive,,*,-1,-1
2025-02-08T13:56:20.207-05:00,IdeState,Inactive,,*,-1,-1
2025-02-08T13:56:21.207-05:00,IdeState,Inactive,,*,-1,-1
2025-02-08T13:56:22.208-05:00,IdeState,Inactive,,*,-1,-1
2025-02-08T13:56:23.208-05:00,IdeState,Inactive,,*,-1,-1
2025-02-08T13:56:24.209-05:00,IdeState,Inactive,,*,-1,-1
2025-02-08T13:56:25.209-05:00,IdeState,Inactive,,*,-1,-1
2025-02-08T13:56:26.210-05:00,IdeState,Inactive,,*,-1,-1
2025-02-08T13:56:27.210-05:00,IdeState,Inactive,,*,-1,-1
2025-02-08T13:56:28.210-05:00,IdeState,Inactive,,*,-1,-1
2025-02-08T13:56:29.211-05:00,IdeState,Inactive,,*,-1,-1
2025-02-08T13:56:30.212-05:00,IdeState,Inactive,,*,-1,-1
2025-02-08T13:56:31.212-05:00,IdeState,Inactive,,*,-1,-1
2025-02-08T13:56:32.213-05:00,IdeState,Inactive,,*,-1,-1
2025-02-08T13:56:33.213-05:00,IdeState,Inactive,,*,-1,-1
2025-02-08T13:56:34.214-05:00,IdeState,Inactive,,*,-1,-1
2025-02-08T13:56:35.214-05:00,IdeState,Inactive,,*,-1,-1
2025-02-08T13:56:36.215-05:00,IdeState,Inactive,,*,-1,-1
2025-02-08T13:56:37.215-05:00,IdeState,Inactive,,*,-1,-1
2025-02-08T13:56:38.216-05:00,IdeState,Inactive,,*,-1,-1
2025-02-08T13:56:39.216-05:00,IdeState,Inactive,,*,-1,-1
2025-02-08T13:56:40.217-05:00,IdeState,Inactive,,*,-1,-1
2025-02-08T13:56:41.217-05:00,IdeState,Inactive,,*,-1,-1
2025-02-08T13:56:42.218-05:00,IdeState,Inactive,,*,-1,-1
2025-02-08T13:56:43.218-05:00,IdeState,Inactive,,*,-1,-1
2025-02-08T13:56:44.219-05:00,IdeState,Inactive,,*,-1,-1
2025-02-08T13:56:45.219-05:00,IdeState,Inactive,,*,-1,-1
2025-02-08T13:56:46.220-05:00,IdeState,Inactive,,*,-1,-1
2025-02-08T13:56:47.220-05:00,IdeState,Inactive,,*,-1,-1
2025-02-08T13:56:48.221-05:00,IdeState,Inactive,,*,-1,-1
2025-02-08T13:56:49.221-05:00,IdeState,Inactive,,*,-1,-1
2025-02-08T13:56:50.222-05:00,IdeState,Inactive,,*,-1,-1
2025-02-08T13:56:51.222-05:00,IdeState,Inactive,,*,-1,-1
2025-02-08T13:56:52.223-05:00,IdeState,Inactive,,*,-1,-1
2025-02-08T13:56:53.224-05:00,IdeState,Inactive,,*,-1,-1
2025-02-08T13:56:54.224-05:00,IdeState,Inactive,,*,-1,-1
2025-02-08T13:56:55.224-05:00,IdeState,Inactive,,*,-1,-1
2025-02-08T13:56:56.225-05:00,IdeState,Inactive,,*,-1,-1
2025-02-08T13:56:57.225-05:00,IdeState,Inactive,,*,-1,-1
2025-02-08T13:56:58.226-05:00,IdeState,Inactive,,*,-1,-1
2025-02-08T13:56:59.226-05:00,IdeState,Inactive,,*,-1,-1
2025-02-08T13:57:00.227-05:00,IdeState,Inactive,,*,-1,-1
2025-02-08T13:57:01.227-05:00,IdeState,Inactive,,*,-1,-1
2025-02-08T13:57:02.228-05:00,IdeState,Inactive,,*,-1,-1
2025-02-08T13:57:03.228-05:00,IdeState,Inactive,,*,-1,-1
2025-02-08T13:57:04.229-05:00,IdeState,Inactive,,*,-1,-1
2025-02-08T13:57:05.229-05:00,IdeState,Inactive,,*,-1,-1
2025-02-08T13:57:06.230-05:00,IdeState,Inactive,,*,-1,-1
2025-02-08T13:57:07.230-05:00,IdeState,Inactive,,*,-1,-1
2025-02-08T13:57:08.230-05:00,IdeState,Inactive,,*,-1,-1
2025-02-08T13:57:09.231-05:00,IdeState,Inactive,,*,-1,-1
2025-02-08T13:57:10.231-05:00,IdeState,Inactive,,*,-1,-1
2025-02-08T13:57:11.232-05:00,IdeState,Inactive,,*,-1,-1
2025-02-08T13:57:12.233-05:00,IdeState,Inactive,,*,-1,-1
2025-02-08T13:57:13.233-05:00,IdeState,Inactive,,*,-1,-1
2025-02-08T13:57:14.234-05:00,IdeState,Inactive,,*,-1,-1
2025-02-08T13:57:15.234-05:00,IdeState,Inactive,,*,-1,-1
2025-02-08T13:57:16.235-05:00,IdeState,Inactive,,*,-1,-1
2025-02-08T13:57:17.235-05:00,IdeState,Inactive,,*,-1,-1
2025-02-08T13:57:18.236-05:00,IdeState,Inactive,,*,-1,-1
2025-02-08T13:57:19.236-05:00,IdeState,Inactive,,*,-1,-1
2025-02-08T13:57:20.237-05:00,IdeState,Inactive,,*,-1,-1
2025-02-08T13:57:21.237-05:00,IdeState,Inactive,,*,-1,-1
2025-02-08T13:57:22.238-05:00,IdeState,Inactive,,*,-1,-1
2025-02-08T13:57:23.238-05:00,IdeState,Inactive,,*,-1,-1
2025-02-08T13:57:24.239-05:00,IdeState,Inactive,,*,-1,-1
2025-02-08T13:57:25.240-05:00,IdeState,Inactive,,*,-1,-1
2025-02-08T13:57:26.240-05:00,IdeState,Inactive,,*,-1,-1
2025-02-08T13:57:27.241-05:00,IdeState,Inactive,,*,-1,-1
2025-02-08T13:57:28.241-05:00,IdeState,Inactive,,*,-1,-1
2025-02-08T13:57:29.242-05:00,IdeState,Inactive,,*,-1,-1
2025-02-08T13:57:30.242-05:00,IdeState,Inactive,,*,-1,-1
2025-02-08T13:57:31.242-05:00,IdeState,Inactive,,*,-1,-1
2025-02-08T13:57:32.243-05:00,IdeState,Inactive,,*,-1,-1
2025-02-08T13:57:33.244-05:00,IdeState,Inactive,,*,-1,-1
2025-02-08T13:57:34.244-05:00,IdeState,Inactive,,*,-1,-1
2025-02-08T13:57:35.245-05:00,IdeState,Inactive,,*,-1,-1
2025-02-08T13:57:36.245-05:00,IdeState,Inactive,,*,-1,-1
2025-02-08T13:57:37.245-05:00,IdeState,Inactive,,*,-1,-1
2025-02-08T13:57:38.246-05:00,IdeState,Inactive,,*,-1,-1
2025-02-08T13:57:39.246-05:00,IdeState,Inactive,,*,-1,-1
2025-02-08T13:57:40.247-05:00,IdeState,Inactive,,*,-1,-1
2025-02-08T13:57:41.247-05:00,IdeState,Inactive,,*,-1,-1
2025-02-08T13:57:42.248-05:00,IdeState,Inactive,,*,-1,-1
2025-02-08T13:57:43.248-05:00,IdeState,Inactive,,*,-1,-1
2025-02-08T13:57:44.248-05:00,IdeState,Inactive,,*,-1,-1
2025-02-08T13:57:45.249-05:00,IdeState,Inactive,,*,-1,-1
2025-02-08T13:57:46.249-05:00,IdeState,Inactive,,*,-1,-1
2025-02-08T13:57:47.250-05:00,IdeState,Inactive,,*,-1,-1
2025-02-08T13:57:48.250-05:00,IdeState,Inactive,,*,-1,-1
2025-02-08T13:57:49.251-05:00,IdeState,Inactive,,*,-1,-1
2025-02-08T13:57:50.251-05:00,IdeState,Inactive,,*,-1,-1
2025-02-08T13:57:51.251-05:00,IdeState,Inactive,,*,-1,-1
2025-02-08T13:57:52.252-05:00,IdeState,Inactive,,*,-1,-1
2025-02-08T13:57:53.253-05:00,IdeState,Inactive,,*,-1,-1
2025-02-08T13:57:54.253-05:00,IdeState,Inactive,,*,-1,-1
2025-02-08T13:57:55.253-05:00,IdeState,Inactive,,*,-1,-1
2025-02-08T13:57:56.254-05:00,IdeState,Inactive,,*,-1,-1
2025-02-08T13:57:57.255-05:00,IdeState,Inactive,,*,-1,-1
2025-02-08T13:57:58.255-05:00,IdeState,Inactive,,*,-1,-1
2025-02-08T13:57:59.256-05:00,IdeState,Inactive,,*,-1,-1
2025-02-08T13:58:00.256-05:00,IdeState,Inactive,,*,-1,-1
2025-02-08T13:58:01.257-05:00,IdeState,Inactive,,*,-1,-1
2025-02-08T13:58:02.257-05:00,IdeState,Inactive,,*,-1,-1
2025-02-08T13:58:03.258-05:00,IdeState,Inactive,,*,-1,-1
2025-02-08T13:58:04.258-05:00,IdeState,Inactive,,*,-1,-1
2025-02-08T13:58:05.258-05:00,IdeState,Inactive,,*,-1,-1
2025-02-08T13:58:06.259-05:00,IdeState,Inactive,,*,-1,-1
2025-02-08T13:58:07.260-05:00,IdeState,Inactive,,*,-1,-1
2025-02-08T13:58:08.260-05:00,IdeState,Inactive,,*,-1,-1
2025-02-08T13:58:09.260-05:00,IdeState,Inactive,,*,-1,-1
2025-02-08T13:58:10.261-05:00,IdeState,Inactive,,*,-1,-1
2025-02-08T13:58:11.262-05:00,IdeState,Inactive,,*,-1,-1
2025-02-08T13:58:12.262-05:00,IdeState,Inactive,,*,-1,-1
2025-02-08T13:58:13.263-05:00,IdeState,Inactive,,*,-1,-1
2025-02-08T13:58:14.263-05:00,IdeState,Inactive,,*,-1,-1
2025-02-08T13:58:15.263-05:00,IdeState,Inactive,,*,-1,-1
2025-02-08T13:58:16.264-05:00,IdeState,Inactive,,*,-1,-1
2025-02-08T13:58:17.264-05:00,IdeState,Inactive,,*,-1,-1
2025-02-08T13:58:18.264-05:00,IdeState,Inactive,,*,-1,-1
2025-02-08T13:58:19.265-05:00,IdeState,Inactive,,*,-1,-1
2025-02-08T13:58:20.265-05:00,IdeState,Inactive,,*,-1,-1
2025-02-08T13:58:21.266-05:00,IdeState,Inactive,,*,-1,-1
2025-02-08T13:58:22.266-05:00,IdeState,Inactive,,*,-1,-1
2025-02-08T13:58:23.266-05:00,IdeState,Inactive,,*,-1,-1
2025-02-08T13:58:24.267-05:00,IdeState,Inactive,,*,-1,-1
2025-02-08T13:58:25.267-05:00,IdeState,Inactive,,*,-1,-1
2025-02-08T13:58:26.267-05:00,IdeState,Inactive,,*,-1,-1
2025-02-08T13:58:27.268-05:00,IdeState,Inactive,,*,-1,-1
2025-02-08T13:58:28.268-05:00,IdeState,Inactive,,*,-1,-1
2025-02-08T13:58:29.268-05:00,IdeState,Inactive,,*,-1,-1
2025-02-08T13:58:30.269-05:00,IdeState,Inactive,,*,-1,-1
2025-02-08T13:58:31.269-05:00,IdeState,Inactive,,*,-1,-1
2025-02-08T13:58:32.270-05:00,IdeState,Inactive,,*,-1,-1
2025-02-08T13:58:33.271-05:00,IdeState,Inactive,,*,-1,-1
2025-02-08T13:58:34.271-05:00,IdeState,Inactive,,*,-1,-1
2025-02-08T13:58:35.272-05:00,IdeState,Inactive,,*,-1,-1
2025-02-08T13:58:36.272-05:00,IdeState,Inactive,,*,-1,-1
2025-02-08T13:58:37.273-05:00,IdeState,Inactive,,*,-1,-1
2025-02-08T13:58:38.273-05:00,IdeState,Inactive,,*,-1,-1
2025-02-08T13:58:39.273-05:00,IdeState,Inactive,,*,-1,-1
2025-02-08T13:58:40.274-05:00,IdeState,Inactive,,*,-1,-1
2025-02-08T13:58:41.274-05:00,IdeState,Inactive,,*,-1,-1
2025-02-08T13:58:42.275-05:00,IdeState,Inactive,,*,-1,-1
2025-02-08T13:58:43.275-05:00,IdeState,Inactive,,*,-1,-1
2025-02-08T13:58:44.276-05:00,IdeState,Inactive,,*,-1,-1
2025-02-08T13:58:45.276-05:00,IdeState,Inactive,,*,-1,-1
2025-02-08T13:58:46.277-05:00,IdeState,Inactive,,*,-1,-1
2025-02-08T13:58:47.277-05:00,IdeState,Inactive,,*,-1,-1
2025-02-08T13:58:48.277-05:00,IdeState,Inactive,,*,-1,-1
2025-02-08T13:58:49.278-05:00,IdeState,Inactive,,*,-1,-1
2025-02-08T13:58:50.278-05:00,IdeState,Inactive,,*,-1,-1
2025-02-08T13:58:51.278-05:00,IdeState,Inactive,,*,-1,-1
2025-02-08T13:58:52.279-05:00,IdeState,Inactive,,*,-1,-1
2025-02-08T13:58:53.279-05:00,IdeState,Inactive,,*,-1,-1
2025-02-08T13:58:54.280-05:00,IdeState,Inactive,,*,-1,-1
2025-02-08T13:58:55.280-05:00,IdeState,Inactive,,*,-1,-1
2025-02-08T13:58:56.280-05:00,IdeState,Inactive,,*,-1,-1
2025-02-08T13:58:57.281-05:00,IdeState,Inactive,,*,-1,-1
2025-02-08T13:58:58.281-05:00,IdeState,Inactive,,*,-1,-1
2025-02-08T13:58:59.281-05:00,IdeState,Inactive,,*,-1,-1
2025-02-08T13:59:00.282-05:00,IdeState,Inactive,,*,-1,-1
2025-02-08T13:59:01.282-05:00,IdeState,Inactive,,*,-1,-1
2025-02-08T13:59:02.282-05:00,IdeState,Inactive,,*,-1,-1
2025-02-08T13:59:03.283-05:00,IdeState,Inactive,,*,-1,-1
2025-02-08T13:59:04.283-05:00,IdeState,Inactive,,*,-1,-1
2025-02-08T13:59:05.284-05:00,IdeState,Inactive,,*,-1,-1
2025-02-08T13:59:06.284-05:00,IdeState,Inactive,,*,-1,-1
2025-02-08T13:59:07.284-05:00,IdeState,Inactive,,*,-1,-1
2025-02-08T13:59:08.285-05:00,IdeState,Inactive,,*,-1,-1
2025-02-08T13:59:09.285-05:00,IdeState,Inactive,,*,-1,-1
2025-02-08T13:59:10.286-05:00,IdeState,Inactive,,*,-1,-1
2025-02-08T13:59:11.286-05:00,IdeState,Inactive,,*,-1,-1
2025-02-08T13:59:12.287-05:00,IdeState,Inactive,,*,-1,-1
2025-02-08T13:59:13.287-05:00,IdeState,Inactive,,*,-1,-1
2025-02-08T13:59:14.288-05:00,IdeState,Inactive,,*,-1,-1
2025-02-08T13:59:15.288-05:00,IdeState,Inactive,,*,-1,-1
2025-02-08T13:59:16.288-05:00,IdeState,Inactive,,*,-1,-1
2025-02-08T13:59:17.289-05:00,IdeState,Inactive,,*,-1,-1
2025-02-08T13:59:18.289-05:00,IdeState,Inactive,,*,-1,-1
2025-02-08T13:59:19.290-05:00,IdeState,Inactive,,*,-1,-1
2025-02-08T13:59:20.290-05:00,IdeState,Inactive,,*,-1,-1
2025-02-08T13:59:21.290-05:00,IdeState,Inactive,,*,-1,-1
2025-02-08T13:59:22.291-05:00,IdeState,Inactive,,*,-1,-1
2025-02-08T13:59:23.291-05:00,IdeState,Inactive,,*,-1,-1
2025-02-08T13:59:24.292-05:00,IdeState,Inactive,,*,-1,-1
2025-02-08T13:59:25.292-05:00,IdeState,Inactive,,*,-1,-1
2025-02-08T13:59:26.292-05:00,IdeState,Inactive,,*,-1,-1
2025-02-08T13:59:27.293-05:00,IdeState,Inactive,,*,-1,-1
2025-02-08T13:59:28.293-05:00,IdeState,Inactive,,*,-1,-1
2025-02-08T13:59:29.294-05:00,IdeState,Inactive,,*,-1,-1
2025-02-08T13:59:30.294-05:00,IdeState,Inactive,,*,-1,-1
2025-02-08T13:59:31.294-05:00,IdeState,Inactive,,*,-1,-1
2025-02-08T13:59:32.295-05:00,IdeState,Inactive,,*,-1,-1
2025-02-08T13:59:33.295-05:00,IdeState,Inactive,,*,-1,-1
2025-02-08T13:59:34.295-05:00,IdeState,Inactive,,*,-1,-1
2025-02-08T13:59:35.296-05:00,IdeState,Inactive,,*,-1,-1
2025-02-08T13:59:36.296-05:00,IdeState,Inactive,,*,-1,-1
2025-02-08T13:59:37.296-05:00,IdeState,Inactive,,*,-1,-1
2025-02-08T13:59:38.297-05:00,IdeState,Inactive,,*,-1,-1
2025-02-08T13:59:39.297-05:00,IdeState,Inactive,,*,-1,-1
2025-02-08T13:59:40.298-05:00,IdeState,Inactive,,*,-1,-1
2025-02-08T13:59:41.298-05:00,IdeState,Inactive,,*,-1,-1
2025-02-08T13:59:42.298-05:00,IdeState,Inactive,,*,-1,-1
2025-02-08T13:59:43.299-05:00,IdeState,Inactive,,*,-1,-1
2025-02-08T13:59:44.299-05:00,IdeState,Inactive,,*,-1,-1
2025-02-08T13:59:45.300-05:00,IdeState,Inactive,,*,-1,-1
2025-02-08T13:59:46.300-05:00,IdeState,Inactive,,*,-1,-1
2025-02-08T13:59:47.300-05:00,IdeState,Inactive,,*,-1,-1
2025-02-08T13:59:48.301-05:00,IdeState,Inactive,,*,-1,-1
2025-02-08T13:59:49.301-05:00,IdeState,Inactive,,*,-1,-1
2025-02-08T13:59:50.301-05:00,IdeState,Inactive,,*,-1,-1
2025-02-08T13:59:51.302-05:00,IdeState,Inactive,,*,-1,-1
2025-02-08T13:59:52.302-05:00,IdeState,Inactive,,*,-1,-1
2025-02-08T13:59:53.303-05:00,IdeState,Inactive,,*,-1,-1
2025-02-08T13:59:54.303-05:00,IdeState,Inactive,,*,-1,-1
2025-02-08T13:59:55.304-05:00,IdeState,Inactive,,*,-1,-1
2025-02-08T13:59:56.304-05:00,IdeState,Inactive,,*,-1,-1
2025-02-08T13:59:57.305-05:00,IdeState,Inactive,,*,-1,-1
2025-02-08T13:59:58.305-05:00,IdeState,Inactive,,*,-1,-1
2025-02-08T13:59:59.306-05:00,IdeState,Inactive,,*,-1,-1
2025-02-08T14:00:00.306-05:00,IdeState,Inactive,,*,-1,-1
2025-02-08T14:00:01.306-05:00,IdeState,Inactive,,*,-1,-1
2025-02-08T14:00:02.307-05:00,IdeState,Inactive,,*,-1,-1
2025-02-08T14:00:03.307-05:00,IdeState,Inactive,,*,-1,-1
2025-02-08T14:00:04.308-05:00,IdeState,Inactive,,*,-1,-1
2025-02-08T14:00:05.308-05:00,IdeState,Inactive,,*,-1,-1
2025-02-08T14:00:06.308-05:00,IdeState,Inactive,,*,-1,-1
2025-02-08T14:00:07.309-05:00,IdeState,Inactive,,*,-1,-1
2025-02-08T14:00:08.309-05:00,IdeState,Inactive,,*,-1,-1
2025-02-08T14:00:09.310-05:00,IdeState,Inactive,,*,-1,-1
2025-02-08T14:00:10.310-05:00,IdeState,Inactive,,*,-1,-1
2025-02-08T14:00:11.310-05:00,IdeState,Inactive,,*,-1,-1
2025-02-08T14:00:12.311-05:00,IdeState,Inactive,,*,-1,-1
2025-02-08T14:00:13.311-05:00,IdeState,Inactive,,*,-1,-1
2025-02-08T14:00:14.312-05:00,IdeState,Inactive,,*,-1,-1
2025-02-08T14:00:15.312-05:00,IdeState,Inactive,,*,-1,-1
2025-02-08T14:00:16.312-05:00,IdeState,Inactive,,*,-1,-1
2025-02-08T14:00:17.313-05:00,IdeState,Inactive,,*,-1,-1
2025-02-08T14:00:18.313-05:00,IdeState,Inactive,,*,-1,-1
2025-02-08T14:00:19.313-05:00,IdeState,Inactive,,*,-1,-1
2025-02-08T14:00:20.314-05:00,IdeState,Inactive,,*,-1,-1
2025-02-08T14:00:21.314-05:00,IdeState,Inactive,,*,-1,-1
2025-02-08T14:00:22.315-05:00,IdeState,Inactive,,*,-1,-1
2025-02-08T14:00:23.315-05:00,IdeState,Inactive,,*,-1,-1
2025-02-08T14:00:24.315-05:00,IdeState,Inactive,,*,-1,-1
2025-02-08T14:00:25.316-05:00,IdeState,Inactive,,*,-1,-1
2025-02-08T14:00:26.316-05:00,IdeState,Inactive,,*,-1,-1
2025-02-08T14:00:27.316-05:00,IdeState,Inactive,,*,-1,-1
2025-02-08T14:00:28.317-05:00,IdeState,Inactive,,*,-1,-1
2025-02-08T14:00:29.317-05:00,IdeState,Inactive,,*,-1,-1
2025-02-08T14:00:30.318-05:00,IdeState,Inactive,,*,-1,-1
2025-02-08T14:00:31.318-05:00,IdeState,Inactive,,*,-1,-1
2025-02-08T14:00:32.319-05:00,IdeState,Inactive,,*,-1,-1
2025-02-08T14:00:33.320-05:00,IdeState,Inactive,,*,-1,-1
2025-02-08T14:00:34.320-05:00,IdeState,Inactive,,*,-1,-1
2025-02-08T14:00:35.320-05:00,IdeState,Inactive,,*,-1,-1
2025-02-08T14:00:36.321-05:00,IdeState,Inactive,,*,-1,-1
2025-02-08T14:00:37.321-05:00,IdeState,Inactive,,*,-1,-1
2025-02-08T14:00:38.322-05:00,IdeState,Inactive,,*,-1,-1
2025-02-08T14:00:39.322-05:00,IdeState,Inactive,,*,-1,-1
2025-02-08T14:00:40.323-05:00,IdeState,Inactive,,*,-1,-1
2025-02-08T14:00:41.323-05:00,IdeState,Inactive,,*,-1,-1
2025-02-08T14:00:42.324-05:00,IdeState,Inactive,,*,-1,-1
2025-02-08T14:00:43.324-05:00,IdeState,Inactive,,*,-1,-1
2025-02-08T14:00:44.324-05:00,IdeState,Inactive,,*,-1,-1
2025-02-08T14:00:45.325-05:00,IdeState,Inactive,,*,-1,-1
2025-02-08T14:00:46.325-05:00,IdeState,Inactive,,*,-1,-1
2025-02-08T14:00:47.326-05:00,IdeState,Inactive,,*,-1,-1
2025-02-08T14:00:48.326-05:00,IdeState,Inactive,,*,-1,-1
2025-02-08T14:00:49.326-05:00,IdeState,Inactive,,*,-1,-1
2025-02-08T14:00:50.327-05:00,IdeState,Inactive,,*,-1,-1
2025-02-08T14:00:51.327-05:00,IdeState,Inactive,,*,-1,-1
2025-02-08T14:00:52.327-05:00,IdeState,Inactive,,*,-1,-1
2025-02-08T14:00:53.328-05:00,IdeState,Inactive,,*,-1,-1
2025-02-08T14:00:54.328-05:00,IdeState,Inactive,,*,-1,-1
2025-02-08T14:00:55.328-05:00,IdeState,Inactive,,*,-1,-1
2025-02-08T14:00:56.329-05:00,IdeState,Inactive,,*,-1,-1
2025-02-08T14:00:57.329-05:00,IdeState,Inactive,,*,-1,-1
2025-02-08T14:00:58.330-05:00,IdeState,Inactive,,*,-1,-1
2025-02-08T14:00:59.330-05:00,IdeState,Inactive,,*,-1,-1
2025-02-08T14:01:00.330-05:00,IdeState,Inactive,,*,-1,-1
2025-02-08T14:01:01.331-05:00,IdeState,Inactive,,*,-1,-1
2025-02-08T14:01:02.331-05:00,IdeState,Inactive,,*,-1,-1
2025-02-08T14:01:03.331-05:00,IdeState,Inactive,,*,-1,-1
2025-02-08T14:01:04.332-05:00,IdeState,Inactive,,*,-1,-1
2025-02-08T14:01:05.332-05:00,IdeState,Inactive,,*,-1,-1
2025-02-08T14:01:06.332-05:00,IdeState,Inactive,,*,-1,-1
2025-02-08T14:01:07.333-05:00,IdeState,Inactive,,*,-1,-1
2025-02-08T14:01:08.333-05:00,IdeState,Inactive,,*,-1,-1
2025-02-08T14:01:09.333-05:00,IdeState,Inactive,,*,-1,-1
2025-02-08T14:01:10.334-05:00,IdeState,Inactive,,*,-1,-1
2025-02-08T14:01:11.334-05:00,IdeState,Inactive,,*,-1,-1
2025-02-08T14:01:12.335-05:00,IdeState,Inactive,,*,-1,-1
2025-02-08T14:01:13.336-05:00,IdeState,Inactive,,*,-1,-1
2025-02-08T14:01:14.336-05:00,IdeState,Inactive,,*,-1,-1
2025-02-08T14:01:15.336-05:00,IdeState,Inactive,,*,-1,-1
2025-02-08T14:01:16.337-05:00,IdeState,Inactive,,*,-1,-1
2025-02-08T14:01:17.337-05:00,IdeState,Inactive,,*,-1,-1
2025-02-08T14:01:18.338-05:00,IdeState,Inactive,,*,-1,-1
2025-02-08T14:01:19.338-05:00,IdeState,Inactive,,*,-1,-1
2025-02-08T14:01:20.338-05:00,IdeState,Inactive,,*,-1,-1
2025-02-08T14:01:21.339-05:00,IdeState,Inactive,,*,-1,-1
2025-02-08T14:01:22.340-05:00,IdeState,Inactive,,*,-1,-1
2025-02-08T14:01:23.340-05:00,IdeState,Inactive,,*,-1,-1
2025-02-08T14:01:24.341-05:00,IdeState,Inactive,,*,-1,-1
2025-02-08T14:01:25.341-05:00,IdeState,Inactive,,*,-1,-1
2025-02-08T14:01:26.342-05:00,IdeState,Inactive,,*,-1,-1
2025-02-08T14:01:27.342-05:00,IdeState,Inactive,,*,-1,-1
2025-02-08T14:01:28.342-05:00,IdeState,Inactive,,*,-1,-1
2025-02-08T14:01:29.343-05:00,IdeState,Inactive,,*,-1,-1
2025-02-08T14:01:30.343-05:00,IdeState,Inactive,,*,-1,-1
2025-02-08T14:01:31.343-05:00,IdeState,Inactive,,*,-1,-1
2025-02-08T14:01:32.344-05:00,IdeState,Inactive,,*,-1,-1
2025-02-08T14:01:33.344-05:00,IdeState,Inactive,,*,-1,-1
2025-02-08T14:01:34.344-05:00,IdeState,Inactive,,*,-1,-1
2025-02-08T14:01:35.345-05:00,IdeState,Inactive,,*,-1,-1
2025-02-08T14:01:36.345-05:00,IdeState,Inactive,,*,-1,-1
2025-02-08T14:01:37.346-05:00,IdeState,Inactive,,*,-1,-1
2025-02-08T14:01:38.346-05:00,IdeState,Inactive,,*,-1,-1
2025-02-08T14:01:39.346-05:00,IdeState,Inactive,,*,-1,-1
2025-02-08T14:01:40.347-05:00,IdeState,Inactive,,*,-1,-1
2025-02-08T14:01:41.347-05:00,IdeState,Inactive,,*,-1,-1
2025-02-08T14:01:42.348-05:00,IdeState,Inactive,,*,-1,-1
2025-02-08T14:01:43.348-05:00,IdeState,Inactive,,*,-1,-1
2025-02-08T14:01:44.348-05:00,IdeState,Inactive,,*,-1,-1
2025-02-08T14:01:45.349-05:00,IdeState,Inactive,,*,-1,-1
2025-02-08T14:01:46.349-05:00,IdeState,Inactive,,*,-1,-1
2025-02-08T14:01:47.349-05:00,IdeState,Inactive,,*,-1,-1
2025-02-08T14:01:48.350-05:00,IdeState,Inactive,,*,-1,-1
2025-02-08T14:01:49.351-05:00,IdeState,Inactive,,*,-1,-1
2025-02-08T14:01:50.352-05:00,IdeState,Inactive,,*,-1,-1
2025-02-08T14:01:51.352-05:00,IdeState,Inactive,,*,-1,-1
2025-02-08T14:01:52.353-05:00,IdeState,Inactive,,*,-1,-1
2025-02-08T14:01:53.353-05:00,IdeState,Inactive,,*,-1,-1
2025-02-08T14:01:54.354-05:00,IdeState,Inactive,,*,-1,-1
2025-02-08T14:01:55.354-05:00,IdeState,Inactive,,*,-1,-1
2025-02-08T14:01:56.355-05:00,IdeState,Inactive,,*,-1,-1
2025-02-08T14:01:57.355-05:00,IdeState,Inactive,,*,-1,-1
2025-02-08T14:01:58.356-05:00,IdeState,Inactive,,*,-1,-1
2025-02-08T14:01:59.356-05:00,IdeState,Inactive,,*,-1,-1
2025-02-08T14:02:00.357-05:00,IdeState,Inactive,,*,-1,-1
2025-02-08T14:02:01.357-05:00,IdeState,Inactive,,*,-1,-1
2025-02-08T14:02:02.357-05:00,IdeState,Inactive,,*,-1,-1
2025-02-08T14:02:03.358-05:00,IdeState,Inactive,,*,-1,-1
2025-02-08T14:02:04.358-05:00,IdeState,Inactive,,*,-1,-1
2025-02-08T14:02:05.358-05:00,IdeState,Inactive,,*,-1,-1
2025-02-08T14:02:06.359-05:00,IdeState,Inactive,,*,-1,-1
2025-02-08T14:02:07.359-05:00,IdeState,Inactive,,*,-1,-1
2025-02-08T14:02:08.359-05:00,IdeState,Inactive,,*,-1,-1
2025-02-08T14:02:09.360-05:00,IdeState,Inactive,,*,-1,-1
2025-02-08T14:02:10.360-05:00,IdeState,Inactive,,*,-1,-1
2025-02-08T14:02:11.361-05:00,IdeState,Inactive,,*,-1,-1
2025-02-08T14:02:12.361-05:00,IdeState,Inactive,,*,-1,-1
2025-02-08T14:02:13.361-05:00,IdeState,Inactive,,*,-1,-1
2025-02-08T14:02:14.362-05:00,IdeState,Inactive,,*,-1,-1
2025-02-08T14:02:15.362-05:00,IdeState,Inactive,,*,-1,-1
2025-02-08T14:02:16.363-05:00,IdeState,Inactive,,*,-1,-1
2025-02-08T14:02:17.364-05:00,IdeState,Inactive,,*,-1,-1
2025-02-08T14:02:18.365-05:00,IdeState,Inactive,,*,-1,-1
2025-02-08T14:02:19.365-05:00,IdeState,Inactive,,*,-1,-1
2025-02-08T14:02:20.366-05:00,IdeState,Inactive,,*,-1,-1
2025-02-08T14:02:21.367-05:00,IdeState,Inactive,,*,-1,-1
2025-02-08T14:02:22.367-05:00,IdeState,Inactive,,*,-1,-1
2025-02-08T14:02:23.368-05:00,IdeState,Inactive,,*,-1,-1
2025-02-08T14:02:24.369-05:00,IdeState,Inactive,,*,-1,-1
2025-02-08T14:02:25.369-05:00,IdeState,Inactive,,*,-1,-1
2025-02-08T14:02:26.370-05:00,IdeState,Inactive,,*,-1,-1
2025-02-08T14:02:27.371-05:00,IdeState,Inactive,,*,-1,-1
2025-02-08T14:02:28.371-05:00,IdeState,Inactive,,*,-1,-1
2025-02-08T14:02:29.372-05:00,IdeState,Inactive,,*,-1,-1
2025-02-08T14:02:30.373-05:00,IdeState,Inactive,,*,-1,-1
2025-02-08T14:02:31.373-05:00,IdeState,Inactive,,*,-1,-1
2025-02-08T14:02:32.374-05:00,IdeState,Inactive,,*,-1,-1
2025-02-08T14:02:33.375-05:00,IdeState,Inactive,,*,-1,-1
2025-02-08T14:02:34.376-05:00,IdeState,Inactive,,*,-1,-1
2025-02-08T14:02:35.376-05:00,IdeState,Inactive,,*,-1,-1
2025-02-08T14:02:36.377-05:00,IdeState,Inactive,,*,-1,-1
2025-02-08T14:02:37.377-05:00,IdeState,Inactive,,*,-1,-1
2025-02-08T14:02:38.378-05:00,IdeState,Inactive,,*,-1,-1
2025-02-08T14:02:39.379-05:00,IdeState,Inactive,,*,-1,-1
2025-02-08T14:02:40.379-05:00,IdeState,Inactive,,*,-1,-1
2025-02-08T14:02:41.380-05:00,IdeState,Inactive,,*,-1,-1
2025-02-08T14:02:42.381-05:00,IdeState,Inactive,,*,-1,-1
2025-02-08T14:02:43.381-05:00,IdeState,Inactive,,*,-1,-1
2025-02-08T14:02:44.382-05:00,IdeState,Inactive,,*,-1,-1
2025-02-08T14:02:45.383-05:00,IdeState,Inactive,,*,-1,-1
2025-02-08T14:02:46.383-05:00,IdeState,Inactive,,*,-1,-1
2025-02-08T14:02:47.384-05:00,IdeState,Inactive,,*,-1,-1
2025-02-08T14:02:48.385-05:00,IdeState,Inactive,,*,-1,-1
2025-02-08T14:02:49.385-05:00,IdeState,Inactive,,*,-1,-1
2025-02-08T14:02:50.386-05:00,IdeState,Inactive,,*,-1,-1
2025-02-08T14:02:51.386-05:00,IdeState,Inactive,,*,-1,-1
2025-02-08T14:02:52.387-05:00,IdeState,Inactive,,*,-1,-1
2025-02-08T14:02:53.388-05:00,IdeState,Inactive,,*,-1,-1
2025-02-08T14:02:54.389-05:00,IdeState,Inactive,,*,-1,-1
2025-02-08T14:02:55.389-05:00,IdeState,Inactive,,*,-1,-1
2025-02-08T14:02:56.390-05:00,IdeState,Inactive,,*,-1,-1
2025-02-08T14:02:57.391-05:00,IdeState,Inactive,,*,-1,-1
2025-02-08T14:02:58.392-05:00,IdeState,Inactive,,*,-1,-1
2025-02-08T14:02:59.393-05:00,IdeState,Inactive,,*,-1,-1
2025-02-08T14:03:00.393-05:00,IdeState,Inactive,,*,-1,-1
2025-02-08T14:03:01.394-05:00,IdeState,Inactive,,*,-1,-1
2025-02-08T14:03:02.395-05:00,IdeState,Inactive,,*,-1,-1
2025-02-08T14:03:03.395-05:00,IdeState,Inactive,,*,-1,-1
2025-02-08T14:03:04.396-05:00,IdeState,Inactive,,*,-1,-1
2025-02-08T14:03:05.397-05:00,IdeState,Inactive,,*,-1,-1
2025-02-08T14:03:06.398-05:00,IdeState,Inactive,,*,-1,-1
2025-02-08T14:03:07.399-05:00,IdeState,Inactive,,*,-1,-1
2025-02-08T14:03:08.399-05:00,IdeState,Inactive,,*,-1,-1
2025-02-08T14:03:09.400-05:00,IdeState,Inactive,,*,-1,-1
2025-02-08T14:03:10.401-05:00,IdeState,Inactive,,*,-1,-1
2025-02-08T14:03:11.402-05:00,IdeState,Inactive,,*,-1,-1
2025-02-08T14:03:12.402-05:00,IdeState,Inactive,,*,-1,-1
2025-02-08T14:03:13.403-05:00,IdeState,Inactive,,*,-1,-1
2025-02-08T14:03:14.404-05:00,IdeState,Inactive,,*,-1,-1
2025-02-08T14:03:15.405-05:00,IdeState,Inactive,,*,-1,-1
2025-02-08T14:03:16.406-05:00,IdeState,Inactive,,*,-1,-1
2025-02-08T14:03:17.406-05:00,IdeState,Inactive,,*,-1,-1
2025-02-08T14:03:18.407-05:00,IdeState,Inactive,,*,-1,-1
2025-02-08T14:03:19.408-05:00,IdeState,Inactive,,*,-1,-1
2025-02-08T14:03:20.409-05:00,IdeState,Inactive,,*,-1,-1
2025-02-08T14:03:21.409-05:00,IdeState,Inactive,,*,-1,-1
2025-02-08T14:03:22.410-05:00,IdeState,Inactive,,*,-1,-1
2025-02-08T14:03:23.411-05:00,IdeState,Inactive,,*,-1,-1
2025-02-08T14:03:24.412-05:00,IdeState,Inactive,,*,-1,-1
2025-02-08T14:03:25.412-05:00,IdeState,Inactive,,*,-1,-1
2025-02-08T14:03:26.413-05:00,IdeState,Inactive,,*,-1,-1
2025-02-08T14:03:27.413-05:00,IdeState,Inactive,,*,-1,-1
2025-02-08T14:03:28.414-05:00,IdeState,Inactive,,*,-1,-1
2025-02-08T14:03:29.415-05:00,IdeState,Inactive,,*,-1,-1
2025-02-08T14:03:30.415-05:00,IdeState,Inactive,,*,-1,-1
2025-02-08T14:03:31.416-05:00,IdeState,Inactive,,*,-1,-1
2025-02-08T14:03:32.417-05:00,IdeState,Inactive,,*,-1,-1
2025-02-08T14:03:33.418-05:00,IdeState,Inactive,,*,-1,-1
2025-02-08T14:03:34.418-05:00,IdeState,Inactive,,*,-1,-1
2025-02-08T14:03:35.419-05:00,IdeState,Inactive,,*,-1,-1
2025-02-08T14:03:36.420-05:00,IdeState,Inactive,,*,-1,-1
2025-02-08T14:03:37.421-05:00,IdeState,Inactive,,*,-1,-1
2025-02-08T14:03:38.421-05:00,IdeState,Inactive,,*,-1,-1
2025-02-08T14:03:39.422-05:00,IdeState,Inactive,,*,-1,-1
2025-02-08T14:03:40.423-05:00,IdeState,Inactive,,*,-1,-1
2025-02-08T14:03:41.424-05:00,IdeState,Inactive,,*,-1,-1
2025-02-08T14:03:42.424-05:00,IdeState,Inactive,,*,-1,-1
2025-02-08T14:03:43.425-05:00,IdeState,Inactive,,*,-1,-1
2025-02-08T14:03:44.426-05:00,IdeState,Inactive,,*,-1,-1
2025-02-08T14:03:45.426-05:00,IdeState,Inactive,,*,-1,-1
2025-02-08T14:03:46.427-05:00,IdeState,Inactive,,*,-1,-1
2025-02-08T14:03:47.428-05:00,IdeState,Inactive,,*,-1,-1
2025-02-08T14:03:48.428-05:00,IdeState,Inactive,,*,-1,-1
2025-02-08T14:03:49.429-05:00,IdeState,Inactive,,*,-1,-1
2025-02-08T14:03:50.430-05:00,IdeState,Inactive,,*,-1,-1
2025-02-08T14:03:51.431-05:00,IdeState,Inactive,,*,-1,-1
2025-02-08T14:03:52.431-05:00,IdeState,Inactive,,*,-1,-1
2025-02-08T14:03:53.432-05:00,IdeState,Inactive,,*,-1,-1
2025-02-08T14:03:54.433-05:00,IdeState,Inactive,,*,-1,-1
2025-02-08T14:03:55.434-05:00,IdeState,Inactive,,*,-1,-1
2025-02-08T14:03:56.434-05:00,IdeState,Inactive,,*,-1,-1
2025-02-08T14:03:57.435-05:00,IdeState,Inactive,,*,-1,-1
2025-02-08T14:03:58.436-05:00,IdeState,Inactive,,*,-1,-1
2025-02-08T14:03:59.437-05:00,IdeState,Inactive,,*,-1,-1
2025-02-08T14:04:00.437-05:00,IdeState,Inactive,,*,-1,-1
2025-02-08T14:04:01.438-05:00,IdeState,Inactive,,*,-1,-1
2025-02-08T14:04:02.439-05:00,IdeState,Inactive,,*,-1,-1
2025-02-08T14:04:03.440-05:00,IdeState,Inactive,,*,-1,-1
2025-02-08T14:04:04.441-05:00,IdeState,Inactive,,*,-1,-1
2025-02-08T14:04:05.441-05:00,IdeState,Inactive,,*,-1,-1
2025-02-08T14:04:06.442-05:00,IdeState,Inactive,,*,-1,-1
2025-02-08T14:04:07.443-05:00,IdeState,Inactive,,*,-1,-1
2025-02-08T14:04:08.444-05:00,IdeState,Inactive,,*,-1,-1
2025-02-08T14:04:09.444-05:00,IdeState,Inactive,,*,-1,-1
2025-02-08T14:04:10.445-05:00,IdeState,Inactive,,*,-1,-1
2025-02-08T14:04:11.446-05:00,IdeState,Inactive,,*,-1,-1
2025-02-08T14:04:12.447-05:00,IdeState,Inactive,,*,-1,-1
2025-02-08T14:04:13.448-05:00,IdeState,Inactive,,*,-1,-1
2025-02-08T14:04:14.449-05:00,IdeState,Inactive,,*,-1,-1
2025-02-08T14:04:15.449-05:00,IdeState,Inactive,,*,-1,-1
2025-02-08T14:04:16.450-05:00,IdeState,Inactive,,*,-1,-1
2025-02-08T14:04:17.451-05:00,IdeState,Inactive,,*,-1,-1
2025-02-08T14:04:18.452-05:00,IdeState,Inactive,,*,-1,-1
2025-02-08T14:04:19.453-05:00,IdeState,Inactive,,*,-1,-1
2025-02-08T14:04:20.453-05:00,IdeState,Inactive,,*,-1,-1
2025-02-08T14:04:21.454-05:00,IdeState,Inactive,,*,-1,-1
2025-02-08T14:04:22.455-05:00,IdeState,Inactive,,*,-1,-1
2025-02-08T14:04:23.456-05:00,IdeState,Inactive,,*,-1,-1
2025-02-08T14:04:24.457-05:00,IdeState,Inactive,,*,-1,-1
2025-02-08T14:04:25.457-05:00,IdeState,Inactive,,*,-1,-1
2025-02-08T14:04:26.458-05:00,IdeState,Inactive,,*,-1,-1
2025-02-08T14:04:27.459-05:00,IdeState,Inactive,,*,-1,-1
2025-02-08T14:04:28.460-05:00,IdeState,Inactive,,*,-1,-1
2025-02-08T14:04:29.460-05:00,IdeState,Inactive,,*,-1,-1
2025-02-08T14:04:30.461-05:00,IdeState,Inactive,,*,-1,-1
2025-02-08T14:04:31.462-05:00,IdeState,Inactive,,*,-1,-1
2025-02-08T14:04:32.463-05:00,IdeState,Inactive,,*,-1,-1
2025-02-08T14:04:33.464-05:00,IdeState,Inactive,,*,-1,-1
2025-02-08T14:04:34.464-05:00,IdeState,Inactive,,*,-1,-1
2025-02-08T14:04:35.465-05:00,IdeState,Inactive,,*,-1,-1
2025-02-08T14:04:36.466-05:00,IdeState,Inactive,,*,-1,-1
2025-02-08T14:04:37.467-05:00,IdeState,Inactive,,*,-1,-1
2025-02-08T14:04:38.467-05:00,IdeState,Inactive,,*,-1,-1
2025-02-08T14:04:39.468-05:00,IdeState,Inactive,,*,-1,-1
2025-02-08T14:04:40.469-05:00,IdeState,Inactive,,*,-1,-1
2025-02-08T14:04:41.470-05:00,IdeState,Inactive,,*,-1,-1
2025-02-08T14:04:42.471-05:00,IdeState,Inactive,,*,-1,-1
2025-02-08T14:04:43.471-05:00,IdeState,Inactive,,*,-1,-1
2025-02-08T14:04:44.472-05:00,IdeState,Inactive,,*,-1,-1
2025-02-08T14:04:45.473-05:00,IdeState,Inactive,,*,-1,-1
2025-02-08T14:04:46.474-05:00,IdeState,Inactive,,*,-1,-1
2025-02-08T14:04:47.474-05:00,IdeState,Inactive,,*,-1,-1
2025-02-08T14:04:48.475-05:00,IdeState,Inactive,,*,-1,-1
2025-02-08T14:04:49.476-05:00,IdeState,Inactive,,*,-1,-1
2025-02-08T14:04:50.477-05:00,IdeState,Inactive,,*,-1,-1
2025-02-08T14:04:51.478-05:00,IdeState,Inactive,,*,-1,-1
2025-02-08T14:04:52.478-05:00,IdeState,Inactive,,*,-1,-1
2025-02-08T14:04:53.479-05:00,IdeState,Inactive,,*,-1,-1
2025-02-08T14:04:54.479-05:00,IdeState,Inactive,,*,-1,-1
2025-02-08T14:04:55.480-05:00,IdeState,Inactive,,*,-1,-1
2025-02-08T14:04:56.481-05:00,IdeState,Inactive,,*,-1,-1
2025-02-08T14:04:57.482-05:00,IdeState,Inactive,,*,-1,-1
2025-02-08T14:04:58.483-05:00,IdeState,Inactive,,*,-1,-1
2025-02-08T14:04:59.484-05:00,IdeState,Inactive,,*,-1,-1
2025-02-08T14:05:00.484-05:00,IdeState,Inactive,,*,-1,-1
2025-02-08T14:05:01.485-05:00,IdeState,Inactive,,*,-1,-1
2025-02-08T14:05:02.485-05:00,IdeState,Inactive,,*,-1,-1
2025-02-08T14:05:03.486-05:00,IdeState,Inactive,,*,-1,-1
2025-02-08T14:05:04.487-05:00,IdeState,Inactive,,*,-1,-1
2025-02-08T14:05:05.488-05:00,IdeState,Inactive,,*,-1,-1
2025-02-08T14:05:06.489-05:00,IdeState,Inactive,,*,-1,-1
2025-02-08T14:05:07.490-05:00,IdeState,Inactive,,*,-1,-1
2025-02-08T14:05:08.490-05:00,IdeState,Inactive,,*,-1,-1
2025-02-08T14:05:09.491-05:00,IdeState,Inactive,,*,-1,-1
2025-02-08T14:05:10.492-05:00,IdeState,Inactive,,*,-1,-1
2025-02-08T14:05:11.493-05:00,IdeState,Inactive,,*,-1,-1
2025-02-08T14:05:12.494-05:00,IdeState,Inactive,,*,-1,-1
2025-02-08T14:05:13.494-05:00,IdeState,Inactive,,*,-1,-1
2025-02-08T14:05:14.495-05:00,IdeState,Inactive,,*,-1,-1
2025-02-08T14:05:15.496-05:00,IdeState,Inactive,,*,-1,-1
2025-02-08T14:05:16.497-05:00,IdeState,Inactive,,*,-1,-1
2025-02-08T14:05:17.497-05:00,IdeState,Inactive,,*,-1,-1
2025-02-08T14:05:18.498-05:00,IdeState,Inactive,,*,-1,-1
2025-02-08T14:05:19.499-05:00,IdeState,Inactive,,*,-1,-1
2025-02-08T14:05:20.500-05:00,IdeState,Inactive,,*,-1,-1
2025-02-08T14:05:21.500-05:00,IdeState,Inactive,,*,-1,-1
2025-02-08T14:05:22.501-05:00,IdeState,Inactive,,*,-1,-1
2025-02-08T14:05:23.502-05:00,IdeState,Inactive,,*,-1,-1
2025-02-08T14:05:24.503-05:00,IdeState,Inactive,,*,-1,-1
2025-02-08T14:05:25.503-05:00,IdeState,Inactive,,*,-1,-1
2025-02-08T14:05:26.504-05:00,IdeState,Inactive,,*,-1,-1
2025-02-08T14:05:27.505-05:00,IdeState,Inactive,,*,-1,-1
2025-02-08T14:05:28.505-05:00,IdeState,Inactive,,*,-1,-1
2025-02-08T14:05:29.506-05:00,IdeState,Inactive,,*,-1,-1
2025-02-08T14:05:30.507-05:00,IdeState,Inactive,,*,-1,-1
2025-02-08T14:05:31.507-05:00,IdeState,Inactive,,*,-1,-1
2025-02-08T14:05:32.508-05:00,IdeState,Inactive,,*,-1,-1
2025-02-08T14:05:33.509-05:00,IdeState,Inactive,,*,-1,-1
2025-02-08T14:05:34.509-05:00,IdeState,Inactive,,*,-1,-1
2025-02-08T14:05:35.510-05:00,IdeState,Inactive,,*,-1,-1
2025-02-08T14:05:36.510-05:00,IdeState,Inactive,,*,-1,-1
2025-02-08T14:05:37.511-05:00,IdeState,Inactive,,*,-1,-1
2025-02-08T14:05:38.512-05:00,IdeState,Inactive,,*,-1,-1
2025-02-08T14:05:39.513-05:00,IdeState,Inactive,,*,-1,-1
2025-02-08T14:05:40.513-05:00,IdeState,Inactive,,*,-1,-1
2025-02-08T14:05:41.514-05:00,IdeState,Inactive,,*,-1,-1
2025-02-08T14:05:42.515-05:00,IdeState,Inactive,,*,-1,-1
2025-02-08T14:05:43.515-05:00,IdeState,Inactive,,*,-1,-1
2025-02-08T14:05:44.516-05:00,IdeState,Inactive,,*,-1,-1
2025-02-08T14:05:45.517-05:00,IdeState,Inactive,,*,-1,-1
2025-02-08T14:05:46.518-05:00,IdeState,Inactive,,*,-1,-1
2025-02-08T14:05:47.518-05:00,IdeState,Inactive,,*,-1,-1
2025-02-08T14:05:48.519-05:00,IdeState,Inactive,,*,-1,-1
2025-02-08T14:05:49.520-05:00,IdeState,Inactive,,*,-1,-1
2025-02-08T14:05:50.521-05:00,IdeState,Inactive,,*,-1,-1
2025-02-08T14:05:51.522-05:00,IdeState,Inactive,,*,-1,-1
2025-02-08T14:05:52.523-05:00,IdeState,Inactive,,*,-1,-1
2025-02-08T14:05:53.523-05:00,IdeState,Inactive,,*,-1,-1
2025-02-08T14:05:54.524-05:00,IdeState,Inactive,,*,-1,-1
2025-02-08T14:05:55.525-05:00,IdeState,Inactive,,*,-1,-1
2025-02-08T14:05:56.526-05:00,IdeState,Inactive,,*,-1,-1
2025-02-08T14:05:57.526-05:00,IdeState,Inactive,,*,-1,-1
2025-02-08T14:05:58.527-05:00,IdeState,Inactive,,*,-1,-1
2025-02-08T14:05:59.528-05:00,IdeState,Inactive,,*,-1,-1
2025-02-08T14:06:00.528-05:00,IdeState,Inactive,,*,-1,-1
2025-02-08T14:06:01.529-05:00,IdeState,Inactive,,*,-1,-1
2025-02-08T14:06:02.530-05:00,IdeState,Inactive,,*,-1,-1
2025-02-08T14:06:03.531-05:00,IdeState,Inactive,,*,-1,-1
2025-02-08T14:06:04.531-05:00,IdeState,Inactive,,*,-1,-1
2025-02-08T14:06:05.532-05:00,IdeState,Inactive,,*,-1,-1
2025-02-08T14:06:06.533-05:00,IdeState,Inactive,,*,-1,-1
2025-02-08T14:06:07.534-05:00,IdeState,Inactive,,*,-1,-1
2025-02-08T14:06:08.535-05:00,IdeState,Inactive,,*,-1,-1
2025-02-08T14:06:09.535-05:00,IdeState,Inactive,,*,-1,-1
2025-02-08T14:06:10.536-05:00,IdeState,Inactive,,*,-1,-1
2025-02-08T14:06:11.537-05:00,IdeState,Inactive,,*,-1,-1
2025-02-08T14:06:12.538-05:00,IdeState,Inactive,,*,-1,-1
2025-02-08T14:06:13.538-05:00,IdeState,Inactive,,*,-1,-1
2025-02-08T14:06:14.539-05:00,IdeState,Inactive,,*,-1,-1
2025-02-08T14:06:15.540-05:00,IdeState,Inactive,,*,-1,-1
2025-02-08T14:06:16.541-05:00,IdeState,Inactive,,*,-1,-1
2025-02-08T14:06:17.541-05:00,IdeState,Inactive,,*,-1,-1
2025-02-08T14:06:18.542-05:00,IdeState,Inactive,,*,-1,-1
2025-02-08T14:06:19.543-05:00,IdeState,Inactive,,*,-1,-1
2025-02-08T14:06:20.544-05:00,IdeState,Inactive,,*,-1,-1
2025-02-08T14:06:21.545-05:00,IdeState,Inactive,,*,-1,-1
2025-02-08T14:06:22.545-05:00,IdeState,Inactive,,*,-1,-1
2025-02-08T14:06:23.546-05:00,IdeState,Inactive,,*,-1,-1
2025-02-08T14:06:24.547-05:00,IdeState,Inactive,,*,-1,-1
2025-02-08T14:06:25.548-05:00,IdeState,Inactive,,*,-1,-1
2025-02-08T14:06:26.548-05:00,IdeState,Inactive,,*,-1,-1
2025-02-08T14:06:27.549-05:00,IdeState,Inactive,,*,-1,-1
2025-02-08T14:06:28.549-05:00,IdeState,Inactive,,*,-1,-1
2025-02-08T14:06:29.550-05:00,IdeState,Inactive,,*,-1,-1
2025-02-08T14:06:30.551-05:00,IdeState,Inactive,,*,-1,-1
2025-02-08T14:06:31.551-05:00,IdeState,Inactive,,*,-1,-1
2025-02-08T14:06:32.552-05:00,IdeState,Inactive,,*,-1,-1
2025-02-08T14:06:33.553-05:00,IdeState,Inactive,,*,-1,-1
2025-02-08T14:06:34.554-05:00,IdeState,Inactive,,*,-1,-1
2025-02-08T14:06:35.554-05:00,IdeState,Inactive,,*,-1,-1
2025-02-08T14:06:36.555-05:00,IdeState,Inactive,,*,-1,-1
2025-02-08T14:06:37.555-05:00,IdeState,Inactive,,*,-1,-1
2025-02-08T14:06:38.556-05:00,IdeState,Inactive,,*,-1,-1
2025-02-08T14:06:39.557-05:00,IdeState,Inactive,,*,-1,-1
2025-02-08T14:06:40.558-05:00,IdeState,Inactive,,*,-1,-1
2025-02-08T14:06:41.558-05:00,IdeState,Inactive,,*,-1,-1
2025-02-08T14:06:42.559-05:00,IdeState,Inactive,,*,-1,-1
2025-02-08T14:06:43.560-05:00,IdeState,Inactive,,*,-1,-1
2025-02-08T14:06:44.561-05:00,IdeState,Inactive,,*,-1,-1
2025-02-08T14:06:45.562-05:00,IdeState,Inactive,,*,-1,-1
2025-02-08T14:06:46.562-05:00,IdeState,Inactive,,*,-1,-1
2025-02-08T14:06:47.563-05:00,IdeState,Inactive,,*,-1,-1
2025-02-08T14:06:48.564-05:00,IdeState,Inactive,,*,-1,-1
2025-02-08T14:06:49.565-05:00,IdeState,Inactive,,*,-1,-1
2025-02-08T14:06:50.565-05:00,IdeState,Inactive,,*,-1,-1
2025-02-08T14:06:51.566-05:00,IdeState,Inactive,,*,-1,-1
2025-02-08T14:06:52.567-05:00,IdeState,Inactive,,*,-1,-1
2025-02-08T14:06:53.568-05:00,IdeState,Inactive,,*,-1,-1
2025-02-08T14:06:54.568-05:00,IdeState,Inactive,,*,-1,-1
2025-02-08T14:06:55.569-05:00,IdeState,Inactive,,*,-1,-1
2025-02-08T14:06:56.570-05:00,IdeState,Inactive,,*,-1,-1
2025-02-08T14:06:57.571-05:00,IdeState,Inactive,,*,-1,-1
2025-02-08T14:06:58.571-05:00,IdeState,Inactive,,*,-1,-1
2025-02-08T14:06:59.572-05:00,IdeState,Inactive,,*,-1,-1
2025-02-08T14:07:00.573-05:00,IdeState,Inactive,,*,-1,-1
2025-02-08T14:07:01.574-05:00,IdeState,Inactive,,*,-1,-1
2025-02-08T14:07:02.574-05:00,IdeState,Inactive,,*,-1,-1
2025-02-08T14:07:03.575-05:00,IdeState,Inactive,,*,-1,-1
2025-02-08T14:07:04.576-05:00,IdeState,Inactive,,*,-1,-1
2025-02-08T14:07:05.577-05:00,IdeState,Inactive,,*,-1,-1
2025-02-08T14:07:06.577-05:00,IdeState,Inactive,,*,-1,-1
2025-02-08T14:07:07.578-05:00,IdeState,Inactive,,*,-1,-1
2025-02-08T14:07:08.579-05:00,IdeState,Inactive,,*,-1,-1
2025-02-08T14:07:09.580-05:00,IdeState,Inactive,,*,-1,-1
2025-02-08T14:07:10.580-05:00,IdeState,Inactive,,*,-1,-1
2025-02-08T14:07:11.581-05:00,IdeState,Inactive,,*,-1,-1
2025-02-08T14:07:12.582-05:00,IdeState,Inactive,,*,-1,-1
2025-02-08T14:07:13.583-05:00,IdeState,Inactive,,*,-1,-1
2025-02-08T14:07:14.583-05:00,IdeState,Inactive,,*,-1,-1
2025-02-08T14:07:15.584-05:00,IdeState,Inactive,,*,-1,-1
2025-02-08T14:07:16.585-05:00,IdeState,Inactive,,*,-1,-1
2025-02-08T14:07:17.586-05:00,IdeState,Inactive,,*,-1,-1
2025-02-08T14:07:18.586-05:00,IdeState,Inactive,,*,-1,-1
2025-02-08T14:07:19.587-05:00,IdeState,Inactive,,*,-1,-1
2025-02-08T14:07:20.588-05:00,IdeState,Inactive,,*,-1,-1
2025-02-08T14:07:21.589-05:00,IdeState,Inactive,,*,-1,-1
2025-02-08T14:07:22.589-05:00,IdeState,Inactive,,*,-1,-1
2025-02-08T14:07:23.590-05:00,IdeState,Inactive,,*,-1,-1
2025-02-08T14:07:24.591-05:00,IdeState,Inactive,,*,-1,-1
2025-02-08T14:07:25.592-05:00,IdeState,Inactive,,*,-1,-1
2025-02-08T14:07:26.592-05:00,IdeState,Inactive,,*,-1,-1
2025-02-08T14:07:27.593-05:00,IdeState,Inactive,,*,-1,-1
2025-02-08T14:07:28.594-05:00,IdeState,Inactive,,*,-1,-1
2025-02-08T14:07:29.595-05:00,IdeState,Inactive,,*,-1,-1
2025-02-08T14:07:30.595-05:00,IdeState,Inactive,,*,-1,-1
2025-02-08T14:07:31.596-05:00,IdeState,Inactive,,*,-1,-1
2025-02-08T14:07:32.597-05:00,IdeState,Inactive,,*,-1,-1
2025-02-08T14:07:33.598-05:00,IdeState,Inactive,,*,-1,-1
2025-02-08T14:07:34.599-05:00,IdeState,Inactive,,*,-1,-1
2025-02-08T14:07:35.599-05:00,IdeState,Inactive,,*,-1,-1
2025-02-08T14:07:36.600-05:00,IdeState,Inactive,,*,-1,-1
2025-02-08T14:07:37.601-05:00,IdeState,Inactive,,*,-1,-1
2025-02-08T14:07:38.602-05:00,IdeState,Inactive,,*,-1,-1
2025-02-08T14:07:39.602-05:00,IdeState,Inactive,,*,-1,-1
2025-02-08T14:07:40.603-05:00,IdeState,Inactive,,*,-1,-1
2025-02-08T14:07:41.604-05:00,IdeState,Inactive,,*,-1,-1
2025-02-08T14:07:42.604-05:00,IdeState,Inactive,,*,-1,-1
2025-02-08T14:07:43.605-05:00,IdeState,Inactive,,*,-1,-1
2025-02-08T14:07:44.606-05:00,IdeState,Inactive,,*,-1,-1
2025-02-08T14:07:45.606-05:00,IdeState,Inactive,,*,-1,-1
2025-02-08T14:07:46.607-05:00,IdeState,Inactive,,*,-1,-1
2025-02-08T14:07:47.608-05:00,IdeState,Inactive,,*,-1,-1
2025-02-08T14:07:48.609-05:00,IdeState,Inactive,,*,-1,-1
2025-02-08T14:07:49.610-05:00,IdeState,Inactive,,*,-1,-1
2025-02-08T14:07:50.610-05:00,IdeState,Inactive,,*,-1,-1
2025-02-08T14:07:51.611-05:00,IdeState,Inactive,,*,-1,-1
2025-02-08T14:07:52.612-05:00,IdeState,Inactive,,*,-1,-1
2025-02-08T14:07:53.612-05:00,IdeState,Inactive,,*,-1,-1
2025-02-08T14:07:54.613-05:00,IdeState,Inactive,,*,-1,-1
2025-02-08T14:07:55.614-05:00,IdeState,Inactive,,*,-1,-1
2025-02-08T14:07:56.615-05:00,IdeState,Inactive,,*,-1,-1
2025-02-08T14:07:57.616-05:00,IdeState,Inactive,,*,-1,-1
2025-02-08T14:07:58.616-05:00,IdeState,Inactive,,*,-1,-1
2025-02-08T14:07:59.617-05:00,IdeState,Inactive,,*,-1,-1
2025-02-08T14:08:00.618-05:00,IdeState,Inactive,,*,-1,-1
2025-02-08T14:08:01.618-05:00,IdeState,Inactive,,*,-1,-1
2025-02-08T14:08:02.619-05:00,IdeState,Inactive,,*,-1,-1
2025-02-08T14:08:03.620-05:00,IdeState,Inactive,,*,-1,-1
2025-02-08T14:08:04.621-05:00,IdeState,Inactive,,*,-1,-1
2025-02-08T14:08:05.621-05:00,IdeState,Inactive,,*,-1,-1
2025-02-08T14:08:06.622-05:00,IdeState,Inactive,,*,-1,-1
2025-02-08T14:08:07.623-05:00,IdeState,Inactive,,*,-1,-1
2025-02-08T14:08:08.624-05:00,IdeState,Inactive,,*,-1,-1
2025-02-08T14:08:09.624-05:00,IdeState,Inactive,,*,-1,-1
2025-02-08T14:08:10.625-05:00,IdeState,Inactive,,*,-1,-1
2025-02-08T14:08:11.626-05:00,IdeState,Inactive,,*,-1,-1
2025-02-08T14:08:12.627-05:00,IdeState,Inactive,,*,-1,-1
2025-02-08T14:08:13.628-05:00,IdeState,Inactive,,*,-1,-1
2025-02-08T14:08:14.628-05:00,IdeState,Inactive,,*,-1,-1
2025-02-08T14:08:15.629-05:00,IdeState,Inactive,,*,-1,-1
2025-02-08T14:08:16.630-05:00,IdeState,Inactive,,*,-1,-1
2025-02-08T14:08:17.631-05:00,IdeState,Inactive,,*,-1,-1
2025-02-08T14:08:18.631-05:00,IdeState,Inactive,,*,-1,-1
2025-02-08T14:08:19.632-05:00,IdeState,Inactive,,*,-1,-1
2025-02-08T14:08:20.633-05:00,IdeState,Inactive,,*,-1,-1
2025-02-08T14:08:21.634-05:00,IdeState,Inactive,,*,-1,-1
2025-02-08T14:08:22.634-05:00,IdeState,Inactive,,*,-1,-1
2025-02-08T14:08:23.635-05:00,IdeState,Inactive,,*,-1,-1
2025-02-08T14:08:24.636-05:00,IdeState,Inactive,,*,-1,-1
2025-02-08T14:08:25.636-05:00,IdeState,Inactive,,*,-1,-1
2025-02-08T14:08:26.637-05:00,IdeState,Inactive,,*,-1,-1
2025-02-08T14:08:27.638-05:00,IdeState,Inactive,,*,-1,-1
2025-02-08T14:08:28.638-05:00,IdeState,Inactive,,*,-1,-1
2025-02-08T14:08:29.639-05:00,IdeState,Inactive,,*,-1,-1
2025-02-08T14:08:30.640-05:00,IdeState,Inactive,,*,-1,-1
2025-02-08T14:08:31.640-05:00,IdeState,Inactive,,*,-1,-1
2025-02-08T14:08:32.641-05:00,IdeState,Inactive,,*,-1,-1
2025-02-08T14:08:33.642-05:00,IdeState,Inactive,,*,-1,-1
2025-02-08T14:08:34.643-05:00,IdeState,Inactive,,*,-1,-1
2025-02-08T14:08:35.644-05:00,IdeState,Inactive,,*,-1,-1
2025-02-08T14:08:36.644-05:00,IdeState,Inactive,,*,-1,-1
2025-02-08T14:08:37.645-05:00,IdeState,Inactive,,*,-1,-1
2025-02-08T14:08:38.646-05:00,IdeState,Inactive,,*,-1,-1
2025-02-08T14:08:39.647-05:00,IdeState,Inactive,,*,-1,-1
2025-02-08T14:08:40.648-05:00,IdeState,Inactive,,*,-1,-1
2025-02-08T14:08:41.648-05:00,IdeState,Inactive,,*,-1,-1
2025-02-08T14:08:42.649-05:00,IdeState,Inactive,,*,-1,-1
2025-02-08T14:08:43.650-05:00,IdeState,Inactive,,*,-1,-1
2025-02-08T14:08:44.651-05:00,IdeState,Inactive,,*,-1,-1
2025-02-08T14:08:45.651-05:00,IdeState,Inactive,,*,-1,-1
2025-02-08T14:08:46.652-05:00,IdeState,Inactive,,*,-1,-1
2025-02-08T14:08:47.653-05:00,IdeState,Inactive,,*,-1,-1
2025-02-08T14:08:48.654-05:00,IdeState,Inactive,,*,-1,-1
2025-02-08T14:08:49.654-05:00,IdeState,Inactive,,*,-1,-1
2025-02-08T14:08:50.655-05:00,IdeState,Inactive,,*,-1,-1
2025-02-08T14:08:51.656-05:00,IdeState,Inactive,,*,-1,-1
2025-02-08T14:08:52.657-05:00,IdeState,Inactive,,*,-1,-1
2025-02-08T14:08:53.657-05:00,IdeState,Inactive,,*,-1,-1
2025-02-08T14:08:54.658-05:00,IdeState,Inactive,,*,-1,-1
2025-02-08T14:08:55.659-05:00,IdeState,Inactive,,*,-1,-1
2025-02-08T14:08:56.660-05:00,IdeState,Inactive,,*,-1,-1
2025-02-08T14:08:57.660-05:00,IdeState,Inactive,,*,-1,-1
2025-02-08T14:08:58.661-05:00,IdeState,Inactive,,*,-1,-1
2025-02-08T14:08:59.662-05:00,IdeState,Inactive,,*,-1,-1
2025-02-08T14:09:00.662-05:00,IdeState,Inactive,,*,-1,-1
2025-02-08T14:09:01.663-05:00,IdeState,Inactive,,*,-1,-1
2025-02-08T14:09:02.664-05:00,IdeState,Inactive,,*,-1,-1
2025-02-08T14:09:03.665-05:00,IdeState,Inactive,,*,-1,-1
2025-02-08T14:09:04.666-05:00,IdeState,Inactive,,*,-1,-1
2025-02-08T14:09:05.666-05:00,IdeState,Inactive,,*,-1,-1
2025-02-08T14:09:06.667-05:00,IdeState,Inactive,,*,-1,-1
2025-02-08T14:09:07.668-05:00,IdeState,Inactive,,*,-1,-1
2025-02-08T14:09:08.669-05:00,IdeState,Inactive,,*,-1,-1
2025-02-08T14:09:09.670-05:00,IdeState,Inactive,,*,-1,-1
2025-02-08T14:09:10.670-05:00,IdeState,Inactive,,*,-1,-1
2025-02-08T14:09:11.671-05:00,IdeState,Inactive,,*,-1,-1
2025-02-08T14:09:12.672-05:00,IdeState,Inactive,,*,-1,-1
2025-02-08T14:09:13.673-05:00,IdeState,Inactive,,*,-1,-1
2025-02-08T14:09:14.673-05:00,IdeState,Inactive,,*,-1,-1
2025-02-08T14:09:15.673-05:00,IdeState,Inactive,,*,-1,-1
2025-02-08T14:09:16.674-05:00,IdeState,Inactive,,*,-1,-1
2025-02-08T14:09:17.675-05:00,IdeState,Inactive,,*,-1,-1
2025-02-08T14:09:18.675-05:00,IdeState,Inactive,,*,-1,-1
2025-02-08T14:09:19.676-05:00,IdeState,Inactive,,*,-1,-1
2025-02-08T14:09:20.677-05:00,IdeState,Inactive,,*,-1,-1
2025-02-08T14:09:21.677-05:00,IdeState,Inactive,,*,-1,-1
2025-02-08T14:09:22.678-05:00,IdeState,Inactive,,*,-1,-1
2025-02-08T14:09:23.679-05:00,IdeState,Inactive,,*,-1,-1
2025-02-08T14:09:24.680-05:00,IdeState,Inactive,,*,-1,-1
2025-02-08T14:09:25.680-05:00,IdeState,Inactive,,*,-1,-1
2025-02-08T14:09:26.681-05:00,IdeState,Inactive,,*,-1,-1
2025-02-08T14:09:27.682-05:00,IdeState,Inactive,,*,-1,-1
2025-02-08T14:09:28.683-05:00,IdeState,Inactive,,*,-1,-1
2025-02-08T14:09:29.683-05:00,IdeState,Inactive,,*,-1,-1
2025-02-08T14:09:30.684-05:00,IdeState,Inactive,,*,-1,-1
2025-02-08T14:09:31.685-05:00,IdeState,Inactive,,*,-1,-1
2025-02-08T14:09:32.686-05:00,IdeState,Inactive,,*,-1,-1
2025-02-08T14:09:33.686-05:00,IdeState,Inactive,,*,-1,-1
2025-02-08T14:09:34.687-05:00,IdeState,Inactive,,*,-1,-1
2025-02-08T14:09:35.688-05:00,IdeState,Inactive,,*,-1,-1
2025-02-08T14:09:36.688-05:00,IdeState,Inactive,,*,-1,-1
2025-02-08T14:09:37.689-05:00,IdeState,Inactive,,*,-1,-1
2025-02-08T14:09:38.690-05:00,IdeState,Inactive,,*,-1,-1
2025-02-08T14:09:39.691-05:00,IdeState,Inactive,,*,-1,-1
2025-02-08T14:09:40.691-05:00,IdeState,Inactive,,*,-1,-1
2025-02-08T14:09:41.692-05:00,IdeState,Inactive,,*,-1,-1
2025-02-08T14:09:42.693-05:00,IdeState,Inactive,,*,-1,-1
2025-02-08T14:09:43.694-05:00,IdeState,Inactive,,*,-1,-1
2025-02-08T14:09:44.695-05:00,IdeState,Inactive,,*,-1,-1
2025-02-08T14:09:45.696-05:00,IdeState,Inactive,,*,-1,-1
2025-02-08T14:09:46.696-05:00,IdeState,Inactive,,*,-1,-1
2025-02-08T14:09:47.697-05:00,IdeState,Inactive,,*,-1,-1
2025-02-08T14:09:48.698-05:00,IdeState,Inactive,,*,-1,-1
2025-02-08T14:09:49.699-05:00,IdeState,Inactive,,*,-1,-1
2025-02-08T14:09:50.699-05:00,IdeState,Inactive,,*,-1,-1
2025-02-08T14:09:51.700-05:00,IdeState,Inactive,,*,-1,-1
2025-02-08T14:09:52.701-05:00,IdeState,Inactive,,*,-1,-1
2025-02-08T14:09:53.702-05:00,IdeState,Inactive,,*,-1,-1
2025-02-08T14:09:54.702-05:00,IdeState,Inactive,,*,-1,-1
2025-02-08T14:09:55.703-05:00,IdeState,Inactive,,*,-1,-1
2025-02-08T14:09:56.704-05:00,IdeState,Inactive,,*,-1,-1
2025-02-08T14:09:57.704-05:00,IdeState,Inactive,,*,-1,-1
2025-02-08T14:09:58.705-05:00,IdeState,Inactive,,*,-1,-1
2025-02-08T14:09:59.706-05:00,IdeState,Inactive,,*,-1,-1
2025-02-08T14:10:00.707-05:00,IdeState,Inactive,,*,-1,-1
2025-02-08T14:10:01.708-05:00,IdeState,Inactive,,*,-1,-1
2025-02-08T14:10:02.708-05:00,IdeState,Inactive,,*,-1,-1
2025-02-08T14:10:03.709-05:00,IdeState,Inactive,,*,-1,-1
2025-02-08T14:10:04.710-05:00,IdeState,Inactive,,*,-1,-1
2025-02-08T14:10:05.711-05:00,IdeState,Inactive,,*,-1,-1
2025-02-08T14:10:06.711-05:00,IdeState,Inactive,,*,-1,-1
2025-02-08T14:10:07.712-05:00,IdeState,Inactive,,*,-1,-1
2025-02-08T14:10:08.713-05:00,IdeState,Inactive,,*,-1,-1
2025-02-08T14:10:09.713-05:00,IdeState,Inactive,,*,-1,-1
2025-02-08T14:10:10.714-05:00,IdeState,Inactive,,*,-1,-1
2025-02-08T14:10:11.715-05:00,IdeState,Inactive,,*,-1,-1
2025-02-08T14:10:12.715-05:00,IdeState,Inactive,,*,-1,-1
2025-02-08T14:10:13.716-05:00,IdeState,Inactive,,*,-1,-1
2025-02-08T14:10:14.717-05:00,IdeState,Inactive,,*,-1,-1
2025-02-08T14:10:15.718-05:00,IdeState,Inactive,,*,-1,-1
2025-02-08T14:10:16.718-05:00,IdeState,Inactive,,*,-1,-1
2025-02-08T14:10:17.719-05:00,IdeState,Inactive,,*,-1,-1
2025-02-08T14:10:18.720-05:00,IdeState,Inactive,,*,-1,-1
2025-02-08T14:10:19.721-05:00,IdeState,Inactive,,*,-1,-1
2025-02-08T14:10:20.721-05:00,IdeState,Inactive,,*,-1,-1
2025-02-08T14:10:21.722-05:00,IdeState,Inactive,,*,-1,-1
2025-02-08T14:10:22.723-05:00,IdeState,Inactive,,*,-1,-1
2025-02-08T14:10:23.724-05:00,IdeState,Inactive,,*,-1,-1
2025-02-08T14:10:24.725-05:00,IdeState,Inactive,,*,-1,-1
2025-02-08T14:10:25.725-05:00,IdeState,Inactive,,*,-1,-1
2025-02-08T14:10:26.726-05:00,IdeState,Inactive,,*,-1,-1
2025-02-08T14:10:27.727-05:00,IdeState,Inactive,,*,-1,-1
2025-02-08T14:10:28.728-05:00,IdeState,Inactive,,*,-1,-1
2025-02-08T14:10:29.728-05:00,IdeState,Inactive,,*,-1,-1
2025-02-08T14:10:30.729-05:00,IdeState,Inactive,,*,-1,-1
2025-02-08T14:10:31.730-05:00,IdeState,Inactive,,*,-1,-1
2025-02-08T14:10:32.730-05:00,IdeState,Inactive,,*,-1,-1
2025-02-08T14:10:33.731-05:00,IdeState,Inactive,,*,-1,-1
2025-02-08T14:10:34.732-05:00,IdeState,Inactive,,*,-1,-1
2025-02-08T14:10:35.733-05:00,IdeState,Inactive,,*,-1,-1
2025-02-08T14:10:36.733-05:00,IdeState,Inactive,,*,-1,-1
2025-02-08T14:10:37.734-05:00,IdeState,Inactive,,*,-1,-1
2025-02-08T14:10:38.734-05:00,IdeState,Inactive,,*,-1,-1
2025-02-08T14:10:39.735-05:00,IdeState,Inactive,,*,-1,-1
2025-02-08T14:10:40.736-05:00,IdeState,Inactive,,*,-1,-1
2025-02-08T14:10:41.737-05:00,IdeState,Inactive,,*,-1,-1
2025-02-08T14:10:42.737-05:00,IdeState,Inactive,,*,-1,-1
2025-02-08T14:10:43.738-05:00,IdeState,Inactive,,*,-1,-1
2025-02-08T14:10:44.739-05:00,IdeState,Inactive,,*,-1,-1
2025-02-08T14:10:45.739-05:00,IdeState,Inactive,,*,-1,-1
2025-02-08T14:10:46.740-05:00,IdeState,Inactive,,*,-1,-1
2025-02-08T14:10:47.741-05:00,IdeState,Inactive,,*,-1,-1
2025-02-08T14:10:48.741-05:00,IdeState,Inactive,,*,-1,-1
2025-02-08T14:10:49.742-05:00,IdeState,Inactive,,*,-1,-1
2025-02-08T14:10:50.743-05:00,IdeState,Inactive,,*,-1,-1
2025-02-08T14:10:51.743-05:00,IdeState,Inactive,,*,-1,-1
2025-02-08T14:10:52.744-05:00,IdeState,Inactive,,*,-1,-1
2025-02-08T14:10:53.745-05:00,IdeState,Inactive,,*,-1,-1
2025-02-08T14:10:54.746-05:00,IdeState,Inactive,,*,-1,-1
2025-02-08T14:10:55.747-05:00,IdeState,Inactive,,*,-1,-1
2025-02-08T14:10:56.747-05:00,IdeState,Inactive,,*,-1,-1
2025-02-08T14:10:57.748-05:00,IdeState,Inactive,,*,-1,-1
2025-02-08T14:10:58.748-05:00,IdeState,Inactive,,*,-1,-1
2025-02-08T14:10:59.749-05:00,IdeState,Inactive,,*,-1,-1
2025-02-08T14:11:00.750-05:00,IdeState,Inactive,,*,-1,-1
2025-02-08T14:11:01.750-05:00,IdeState,Inactive,,*,-1,-1
2025-02-08T14:11:02.751-05:00,IdeState,Inactive,,*,-1,-1
2025-02-08T14:11:03.751-05:00,IdeState,Inactive,,*,-1,-1
2025-02-08T14:11:04.752-05:00,IdeState,Inactive,,*,-1,-1
2025-02-08T14:11:05.752-05:00,IdeState,Inactive,,*,-1,-1
2025-02-08T14:11:06.753-05:00,IdeState,Inactive,,*,-1,-1
2025-02-08T14:11:07.753-05:00,IdeState,Inactive,,*,-1,-1
2025-02-08T14:11:08.754-05:00,IdeState,Inactive,,*,-1,-1
2025-02-08T14:11:09.755-05:00,IdeState,Inactive,,*,-1,-1
2025-02-08T14:11:10.755-05:00,IdeState,Inactive,,*,-1,-1
2025-02-08T14:11:11.756-05:00,IdeState,Inactive,,*,-1,-1
2025-02-08T14:11:12.756-05:00,IdeState,Inactive,,*,-1,-1
2025-02-08T14:11:13.757-05:00,IdeState,Inactive,,*,-1,-1
2025-02-08T14:11:14.757-05:00,IdeState,Inactive,,*,-1,-1
2025-02-08T14:11:15.758-05:00,IdeState,Inactive,,*,-1,-1
2025-02-08T14:11:16.758-05:00,IdeState,Inactive,,*,-1,-1
2025-02-08T14:11:17.759-05:00,IdeState,Inactive,,*,-1,-1
2025-02-08T14:11:18.759-05:00,IdeState,Inactive,,*,-1,-1
2025-02-08T14:11:19.760-05:00,IdeState,Inactive,,*,-1,-1
2025-02-08T14:11:20.760-05:00,IdeState,Inactive,,*,-1,-1
2025-02-08T14:11:21.761-05:00,IdeState,Inactive,,*,-1,-1
2025-02-08T14:11:22.761-05:00,IdeState,Inactive,,*,-1,-1
2025-02-08T14:11:23.762-05:00,IdeState,Inactive,,*,-1,-1
2025-02-08T14:11:24.762-05:00,IdeState,Inactive,,*,-1,-1
2025-02-08T14:11:25.763-05:00,IdeState,Inactive,,*,-1,-1
2025-02-08T14:11:26.763-05:00,IdeState,Inactive,,*,-1,-1
2025-02-08T14:11:27.764-05:00,IdeState,Inactive,,*,-1,-1
2025-02-08T14:11:28.765-05:00,IdeState,Inactive,,*,-1,-1
2025-02-08T14:11:29.765-05:00,IdeState,Inactive,,*,-1,-1
2025-02-08T14:11:30.765-05:00,IdeState,Inactive,,*,-1,-1
2025-02-08T14:11:31.766-05:00,IdeState,Inactive,,*,-1,-1
2025-02-08T14:11:32.767-05:00,IdeState,Inactive,,*,-1,-1
2025-02-08T14:11:33.767-05:00,IdeState,Inactive,,*,-1,-1
2025-02-08T14:11:34.767-05:00,IdeState,Inactive,,*,-1,-1
2025-02-08T14:11:35.768-05:00,IdeState,Inactive,,*,-1,-1
2025-02-08T14:11:36.768-05:00,IdeState,Inactive,,*,-1,-1
2025-02-08T14:11:37.769-05:00,IdeState,Inactive,,*,-1,-1
2025-02-08T14:11:38.770-05:00,IdeState,Inactive,,*,-1,-1
2025-02-08T14:11:39.770-05:00,IdeState,Inactive,,*,-1,-1
2025-02-08T14:11:40.771-05:00,IdeState,Inactive,,*,-1,-1
2025-02-08T14:11:41.771-05:00,IdeState,Inactive,,*,-1,-1
2025-02-08T14:11:42.772-05:00,IdeState,Inactive,,*,-1,-1
2025-02-08T14:11:43.772-05:00,IdeState,Inactive,,*,-1,-1
2025-02-08T14:11:44.773-05:00,IdeState,Inactive,,*,-1,-1
2025-02-08T14:11:45.774-05:00,IdeState,Inactive,,*,-1,-1
2025-02-08T14:11:46.774-05:00,IdeState,Inactive,,*,-1,-1
2025-02-08T14:11:47.775-05:00,IdeState,Inactive,,*,-1,-1
2025-02-08T14:11:48.775-05:00,IdeState,Inactive,,*,-1,-1
2025-02-08T14:11:49.776-05:00,IdeState,Inactive,,*,-1,-1
2025-02-08T14:11:50.776-05:00,IdeState,Inactive,,*,-1,-1
2025-02-08T14:11:51.777-05:00,IdeState,Inactive,,*,-1,-1
2025-02-08T14:11:52.777-05:00,IdeState,Inactive,,*,-1,-1
2025-02-08T14:11:53.778-05:00,IdeState,Inactive,,*,-1,-1
2025-02-08T14:11:54.778-05:00,IdeState,Inactive,,*,-1,-1
2025-02-08T14:11:55.779-05:00,IdeState,Inactive,,*,-1,-1
2025-02-08T14:11:56.779-05:00,IdeState,Inactive,,*,-1,-1
2025-02-08T14:11:57.780-05:00,IdeState,Inactive,,*,-1,-1
2025-02-08T14:11:58.780-05:00,IdeState,Inactive,,*,-1,-1
2025-02-08T14:11:59.781-05:00,IdeState,Inactive,,*,-1,-1
2025-02-08T14:12:00.781-05:00,IdeState,Inactive,,*,-1,-1
2025-02-08T14:12:01.781-05:00,IdeState,Inactive,,*,-1,-1
2025-02-08T14:12:02.782-05:00,IdeState,Inactive,,*,-1,-1
2025-02-08T14:12:03.783-05:00,IdeState,Inactive,,*,-1,-1
2025-02-08T14:12:04.783-05:00,IdeState,Inactive,,*,-1,-1
2025-02-08T14:12:05.784-05:00,IdeState,Inactive,,*,-1,-1
2025-02-08T14:12:06.784-05:00,IdeState,Inactive,,*,-1,-1
2025-02-08T14:12:07.785-05:00,IdeState,Inactive,,*,-1,-1
2025-02-08T14:12:08.785-05:00,IdeState,Inactive,,*,-1,-1
2025-02-08T14:12:09.786-05:00,IdeState,Inactive,,*,-1,-1
2025-02-08T14:12:10.786-05:00,IdeState,Inactive,,*,-1,-1
2025-02-08T14:12:11.786-05:00,IdeState,Inactive,,*,-1,-1
2025-02-08T14:12:12.787-05:00,IdeState,Inactive,,*,-1,-1
2025-02-08T14:12:13.788-05:00,IdeState,Inactive,,*,-1,-1
2025-02-08T14:12:14.788-05:00,IdeState,Inactive,,*,-1,-1
2025-02-08T14:12:15.789-05:00,IdeState,Inactive,,*,-1,-1
2025-02-08T14:12:16.789-05:00,IdeState,Inactive,,*,-1,-1
2025-02-08T14:12:17.790-05:00,IdeState,Inactive,,*,-1,-1
2025-02-08T14:12:18.791-05:00,IdeState,Inactive,,*,-1,-1
2025-02-08T14:12:19.791-05:00,IdeState,Inactive,,*,-1,-1
2025-02-08T14:12:20.792-05:00,IdeState,Inactive,,*,-1,-1
2025-02-08T14:12:21.792-05:00,IdeState,Inactive,,*,-1,-1
2025-02-08T14:12:22.793-05:00,IdeState,Inactive,,*,-1,-1
2025-02-08T14:12:23.794-05:00,IdeState,Inactive,,*,-1,-1
2025-02-08T14:12:24.794-05:00,IdeState,Inactive,,*,-1,-1
2025-02-08T14:12:25.795-05:00,IdeState,Inactive,,*,-1,-1
2025-02-08T14:12:26.795-05:00,IdeState,Inactive,,*,-1,-1
2025-02-08T14:12:27.796-05:00,IdeState,Inactive,,*,-1,-1
2025-02-08T14:12:28.797-05:00,IdeState,Inactive,,*,-1,-1
2025-02-08T14:12:29.797-05:00,IdeState,Inactive,,*,-1,-1
2025-02-08T14:12:30.798-05:00,IdeState,Inactive,,*,-1,-1
2025-02-08T14:12:31.799-05:00,IdeState,Inactive,,*,-1,-1
2025-02-08T14:12:32.799-05:00,IdeState,Inactive,,*,-1,-1
2025-02-08T14:12:33.800-05:00,IdeState,Inactive,,*,-1,-1
2025-02-08T14:12:34.800-05:00,IdeState,Inactive,,*,-1,-1
2025-02-08T14:12:35.801-05:00,IdeState,Inactive,,*,-1,-1
2025-02-08T14:12:36.802-05:00,IdeState,Inactive,,*,-1,-1
2025-02-08T14:12:37.802-05:00,IdeState,Inactive,,*,-1,-1
2025-02-08T14:12:38.803-05:00,IdeState,Inactive,,*,-1,-1
2025-02-08T14:12:39.803-05:00,IdeState,Inactive,,*,-1,-1
2025-02-08T14:12:40.804-05:00,IdeState,Inactive,,*,-1,-1
2025-02-08T14:12:41.805-05:00,IdeState,Inactive,,*,-1,-1
2025-02-08T14:12:42.806-05:00,IdeState,Inactive,,*,-1,-1
2025-02-08T14:12:43.806-05:00,IdeState,Inactive,,*,-1,-1
2025-02-08T14:12:44.807-05:00,IdeState,Inactive,,*,-1,-1
2025-02-08T14:12:45.808-05:00,IdeState,Inactive,,*,-1,-1
2025-02-08T14:12:46.808-05:00,IdeState,Inactive,,*,-1,-1
2025-02-08T14:12:47.809-05:00,IdeState,Inactive,,*,-1,-1
2025-02-08T14:12:48.810-05:00,IdeState,Inactive,,*,-1,-1
2025-02-08T14:12:49.810-05:00,IdeState,Inactive,,*,-1,-1
2025-02-08T14:12:50.811-05:00,IdeState,Inactive,,*,-1,-1
2025-02-08T14:12:51.812-05:00,IdeState,Inactive,,*,-1,-1
2025-02-08T14:12:52.812-05:00,IdeState,Inactive,,*,-1,-1
2025-02-08T14:12:53.813-05:00,IdeState,Inactive,,*,-1,-1
2025-02-08T14:12:54.814-05:00,IdeState,Inactive,,*,-1,-1
2025-02-08T14:12:55.815-05:00,IdeState,Inactive,,*,-1,-1
2025-02-08T14:12:56.815-05:00,IdeState,Inactive,,*,-1,-1
2025-02-08T14:12:57.816-05:00,IdeState,Inactive,,*,-1,-1
2025-02-08T14:12:58.817-05:00,IdeState,Inactive,,*,-1,-1
2025-02-08T14:12:59.817-05:00,IdeState,Inactive,,*,-1,-1
2025-02-08T14:13:00.818-05:00,IdeState,Inactive,,*,-1,-1
2025-02-08T14:13:01.819-05:00,IdeState,Inactive,,*,-1,-1
2025-02-08T14:13:02.819-05:00,IdeState,Inactive,,*,-1,-1
2025-02-08T14:13:03.820-05:00,IdeState,Inactive,,*,-1,-1
2025-02-08T14:13:04.821-05:00,IdeState,Inactive,,*,-1,-1
2025-02-08T14:13:05.822-05:00,IdeState,Inactive,,*,-1,-1
2025-02-08T14:13:06.822-05:00,IdeState,Inactive,,*,-1,-1
2025-02-08T14:13:07.823-05:00,IdeState,Inactive,,*,-1,-1
2025-02-08T14:13:08.824-05:00,IdeState,Inactive,,*,-1,-1
2025-02-08T14:13:09.824-05:00,IdeState,Inactive,,*,-1,-1
2025-02-08T14:13:10.825-05:00,IdeState,Inactive,,*,-1,-1
2025-02-08T14:13:11.826-05:00,IdeState,Inactive,,*,-1,-1
2025-02-08T14:13:12.827-05:00,IdeState,Inactive,,*,-1,-1
2025-02-08T14:13:13.827-05:00,IdeState,Inactive,,*,-1,-1
2025-02-08T14:13:14.828-05:00,IdeState,Inactive,,*,-1,-1
2025-02-08T14:13:15.829-05:00,IdeState,Inactive,,*,-1,-1
2025-02-08T14:13:16.829-05:00,IdeState,Inactive,,*,-1,-1
2025-02-08T14:13:17.830-05:00,IdeState,Inactive,,*,-1,-1
2025-02-08T14:13:18.831-05:00,IdeState,Inactive,,*,-1,-1
2025-02-08T14:13:19.831-05:00,IdeState,Inactive,,*,-1,-1
2025-02-08T14:13:20.832-05:00,IdeState,Inactive,,*,-1,-1
2025-02-08T14:13:21.833-05:00,IdeState,Inactive,,*,-1,-1
2025-02-08T14:13:22.834-05:00,IdeState,Inactive,,*,-1,-1
2025-02-08T14:13:23.834-05:00,IdeState,Inactive,,*,-1,-1
2025-02-08T14:13:24.835-05:00,IdeState,Inactive,,*,-1,-1
2025-02-08T14:13:25.835-05:00,IdeState,Inactive,,*,-1,-1
2025-02-08T14:13:26.836-05:00,IdeState,Inactive,,*,-1,-1
2025-02-08T14:13:27.837-05:00,IdeState,Inactive,,*,-1,-1
2025-02-08T14:13:28.837-05:00,IdeState,Inactive,,*,-1,-1
2025-02-08T14:13:29.838-05:00,IdeState,Inactive,,*,-1,-1
2025-02-08T14:13:30.838-05:00,IdeState,Inactive,,*,-1,-1
2025-02-08T14:13:31.839-05:00,IdeState,Inactive,,*,-1,-1
2025-02-08T14:13:32.840-05:00,IdeState,Inactive,,*,-1,-1
2025-02-08T14:13:33.841-05:00,IdeState,Inactive,,*,-1,-1
2025-02-08T14:13:34.841-05:00,IdeState,Inactive,,*,-1,-1
2025-02-08T14:13:35.842-05:00,IdeState,Inactive,,*,-1,-1
2025-02-08T14:13:36.842-05:00,IdeState,Inactive,,*,-1,-1
2025-02-08T14:13:37.843-05:00,IdeState,Inactive,,*,-1,-1
2025-02-08T14:13:38.843-05:00,IdeState,Inactive,,*,-1,-1
2025-02-08T14:13:39.844-05:00,IdeState,Inactive,,*,-1,-1
2025-02-08T14:13:40.844-05:00,IdeState,Inactive,,*,-1,-1
2025-02-08T14:13:41.845-05:00,IdeState,Inactive,,*,-1,-1
2025-02-08T14:13:42.845-05:00,IdeState,Inactive,,*,-1,-1
2025-02-08T14:13:43.846-05:00,IdeState,Inactive,,*,-1,-1
2025-02-08T14:13:44.846-05:00,IdeState,Inactive,,*,-1,-1
2025-02-08T14:13:45.847-05:00,IdeState,Inactive,,*,-1,-1
2025-02-08T14:13:46.847-05:00,IdeState,Inactive,,*,-1,-1
2025-02-08T14:13:47.848-05:00,IdeState,Inactive,,*,-1,-1
2025-02-08T14:13:48.848-05:00,IdeState,Inactive,,*,-1,-1
2025-02-08T14:13:49.849-05:00,IdeState,Inactive,,*,-1,-1
2025-02-08T14:13:50.849-05:00,IdeState,Inactive,,*,-1,-1
2025-02-08T14:13:51.850-05:00,IdeState,Inactive,,*,-1,-1
2025-02-08T14:13:52.850-05:00,IdeState,Inactive,,*,-1,-1
2025-02-08T14:13:53.851-05:00,IdeState,Inactive,,*,-1,-1
2025-02-08T14:13:54.851-05:00,IdeState,Inactive,,*,-1,-1
2025-02-08T14:13:55.852-05:00,IdeState,Inactive,,*,-1,-1
2025-02-08T14:13:56.852-05:00,IdeState,Inactive,,*,-1,-1
2025-02-08T14:13:57.852-05:00,IdeState,Inactive,,*,-1,-1
2025-02-08T14:13:58.853-05:00,IdeState,Inactive,,*,-1,-1
2025-02-08T14:13:59.853-05:00,IdeState,Inactive,,*,-1,-1
2025-02-08T14:14:00.854-05:00,IdeState,Inactive,,*,-1,-1
2025-02-08T14:14:01.854-05:00,IdeState,Inactive,,*,-1,-1
2025-02-08T14:14:02.854-05:00,IdeState,Inactive,,*,-1,-1
2025-02-08T14:14:03.855-05:00,IdeState,Inactive,,*,-1,-1
2025-02-08T14:14:04.855-05:00,IdeState,Inactive,,*,-1,-1
2025-02-08T14:14:05.855-05:00,IdeState,Inactive,,*,-1,-1
2025-02-08T14:14:06.856-05:00,IdeState,Inactive,,*,-1,-1
2025-02-08T14:14:07.856-05:00,IdeState,Inactive,,*,-1,-1
2025-02-08T14:14:08.857-05:00,IdeState,Inactive,,*,-1,-1
2025-02-08T14:14:09.857-05:00,IdeState,Inactive,,*,-1,-1
2025-02-08T14:14:10.858-05:00,IdeState,Inactive,,*,-1,-1
2025-02-08T14:14:11.858-05:00,IdeState,Inactive,,*,-1,-1
2025-02-08T14:14:12.859-05:00,IdeState,Inactive,,*,-1,-1
2025-02-08T14:14:13.859-05:00,IdeState,Inactive,,*,-1,-1
2025-02-08T14:14:14.860-05:00,IdeState,Inactive,,*,-1,-1
2025-02-08T14:14:15.860-05:00,IdeState,Inactive,,*,-1,-1
2025-02-08T14:14:16.861-05:00,IdeState,Inactive,,*,-1,-1
2025-02-08T14:14:17.861-05:00,IdeState,Inactive,,*,-1,-1
2025-02-08T14:14:18.862-05:00,IdeState,Inactive,,*,-1,-1
2025-02-08T14:14:19.863-05:00,IdeState,Inactive,,*,-1,-1
2025-02-08T14:14:20.863-05:00,IdeState,Inactive,,*,-1,-1
2025-02-08T14:14:21.864-05:00,IdeState,Inactive,,*,-1,-1
2025-02-08T14:14:22.865-05:00,IdeState,Inactive,,*,-1,-1
2025-02-08T14:14:23.865-05:00,IdeState,Inactive,,*,-1,-1
2025-02-08T14:14:24.866-05:00,IdeState,Inactive,,*,-1,-1
2025-02-08T14:14:25.866-05:00,IdeState,Inactive,,*,-1,-1
2025-02-08T14:14:26.867-05:00,IdeState,Inactive,,*,-1,-1
2025-02-08T14:14:27.867-05:00,IdeState,Inactive,,*,-1,-1
2025-02-08T14:14:28.867-05:00,IdeState,Inactive,,*,-1,-1
2025-02-08T14:14:29.868-05:00,IdeState,Inactive,,*,-1,-1
2025-02-08T14:14:30.868-05:00,IdeState,Inactive,,*,-1,-1
2025-02-08T14:14:31.869-05:00,IdeState,Inactive,,*,-1,-1
2025-02-08T14:14:32.869-05:00,IdeState,Inactive,,*,-1,-1
2025-02-08T14:14:33.870-05:00,IdeState,Inactive,,*,-1,-1
2025-02-08T14:14:34.870-05:00,IdeState,Inactive,,*,-1,-1
2025-02-08T14:14:35.871-05:00,IdeState,Inactive,,*,-1,-1
2025-02-08T14:14:36.871-05:00,IdeState,Inactive,,*,-1,-1
2025-02-08T14:14:37.871-05:00,IdeState,Inactive,,*,-1,-1
2025-02-08T14:14:38.872-05:00,IdeState,Inactive,,*,-1,-1
2025-02-08T14:14:39.872-05:00,IdeState,Inactive,,*,-1,-1
2025-02-08T14:14:40.873-05:00,IdeState,Inactive,,*,-1,-1
2025-02-08T14:14:41.874-05:00,IdeState,Inactive,,*,-1,-1
2025-02-08T14:14:42.874-05:00,IdeState,Inactive,,*,-1,-1
2025-02-08T14:14:43.875-05:00,IdeState,Inactive,,*,-1,-1
2025-02-08T14:14:44.876-05:00,IdeState,Inactive,,*,-1,-1
2025-02-08T14:14:45.876-05:00,IdeState,Inactive,,*,-1,-1
2025-02-08T14:14:46.876-05:00,IdeState,Inactive,,*,-1,-1
2025-02-08T14:14:47.877-05:00,IdeState,Inactive,,*,-1,-1
2025-02-08T14:14:48.877-05:00,IdeState,Inactive,,*,-1,-1
2025-02-08T14:14:49.878-05:00,IdeState,Inactive,,*,-1,-1
2025-02-08T14:14:50.879-05:00,IdeState,Inactive,,*,-1,-1
2025-02-08T14:14:51.879-05:00,IdeState,Inactive,,*,-1,-1
2025-02-08T14:14:52.880-05:00,IdeState,Inactive,,*,-1,-1
2025-02-08T14:14:53.881-05:00,IdeState,Inactive,,*,-1,-1
2025-02-08T14:14:54.882-05:00,IdeState,Inactive,,*,-1,-1
2025-02-08T14:14:55.882-05:00,IdeState,Inactive,,*,-1,-1
2025-02-08T14:14:56.883-05:00,IdeState,Inactive,,*,-1,-1
2025-02-08T14:14:57.884-05:00,IdeState,Inactive,,*,-1,-1
2025-02-08T14:14:58.885-05:00,IdeState,Inactive,,*,-1,-1
2025-02-08T14:14:59.885-05:00,IdeState,Inactive,,*,-1,-1
2025-02-08T14:15:00.886-05:00,IdeState,Inactive,,*,-1,-1
2025-02-08T14:15:01.887-05:00,IdeState,Inactive,,*,-1,-1
2025-02-08T14:15:02.887-05:00,IdeState,Inactive,,*,-1,-1
2025-02-08T14:15:03.888-05:00,IdeState,Inactive,,*,-1,-1
2025-02-08T14:15:04.889-05:00,IdeState,Inactive,,*,-1,-1
2025-02-08T14:15:05.889-05:00,IdeState,Inactive,,*,-1,-1
2025-02-08T14:15:06.890-05:00,IdeState,Inactive,,*,-1,-1
2025-02-08T14:15:07.890-05:00,IdeState,Inactive,,*,-1,-1
2025-02-08T14:15:08.891-05:00,IdeState,Inactive,,*,-1,-1
2025-02-08T14:15:09.891-05:00,IdeState,Inactive,,*,-1,-1
2025-02-08T14:15:10.892-05:00,IdeState,Inactive,,*,-1,-1
2025-02-08T14:15:11.892-05:00,IdeState,Inactive,,*,-1,-1
2025-02-08T14:15:12.893-05:00,IdeState,Inactive,,*,-1,-1
2025-02-08T14:15:13.894-05:00,IdeState,Inactive,,*,-1,-1
2025-02-08T14:15:14.895-05:00,IdeState,Inactive,,*,-1,-1
2025-02-08T14:15:15.896-05:00,IdeState,Inactive,,*,-1,-1
2025-02-08T14:15:16.896-05:00,IdeState,Inactive,,*,-1,-1
2025-02-08T14:15:17.897-05:00,IdeState,Inactive,,*,-1,-1
2025-02-08T14:15:18.898-05:00,IdeState,Inactive,,*,-1,-1
2025-02-08T14:15:19.898-05:00,IdeState,Inactive,,*,-1,-1
2025-02-08T14:15:20.899-05:00,IdeState,Inactive,,*,-1,-1
2025-02-08T14:15:21.900-05:00,IdeState,Inactive,,*,-1,-1
2025-02-08T14:15:22.900-05:00,IdeState,Inactive,,*,-1,-1
2025-02-08T14:15:23.901-05:00,IdeState,Inactive,,*,-1,-1
2025-02-08T14:15:24.902-05:00,IdeState,Inactive,,*,-1,-1
2025-02-08T14:15:25.902-05:00,IdeState,Inactive,,*,-1,-1
2025-02-08T14:15:26.903-05:00,IdeState,Inactive,,*,-1,-1
2025-02-08T14:15:27.903-05:00,IdeState,Inactive,,*,-1,-1
2025-02-08T14:15:28.904-05:00,IdeState,Inactive,,*,-1,-1
2025-02-08T14:15:29.905-05:00,IdeState,Inactive,,*,-1,-1
2025-02-08T14:15:30.906-05:00,IdeState,Inactive,,*,-1,-1
2025-02-08T14:15:31.906-05:00,IdeState,Inactive,,*,-1,-1
2025-02-08T14:15:32.907-05:00,IdeState,Inactive,,*,-1,-1
2025-02-08T14:15:33.907-05:00,IdeState,Inactive,,*,-1,-1
2025-02-08T14:15:34.908-05:00,IdeState,Inactive,,*,-1,-1
2025-02-08T14:15:35.908-05:00,IdeState,Inactive,,*,-1,-1
2025-02-08T14:15:36.909-05:00,IdeState,Inactive,,*,-1,-1
2025-02-08T14:15:37.910-05:00,IdeState,Inactive,,*,-1,-1
2025-02-08T14:15:38.910-05:00,IdeState,Inactive,,*,-1,-1
2025-02-08T14:15:39.911-05:00,IdeState,Inactive,,*,-1,-1
2025-02-08T14:15:40.911-05:00,IdeState,Inactive,,*,-1,-1
2025-02-08T14:15:41.912-05:00,IdeState,Inactive,,*,-1,-1
2025-02-08T14:15:42.913-05:00,IdeState,Inactive,,*,-1,-1
2025-02-08T14:15:43.913-05:00,IdeState,Inactive,,*,-1,-1
2025-02-08T14:15:44.913-05:00,IdeState,Inactive,,*,-1,-1
2025-02-08T14:15:45.914-05:00,IdeState,Inactive,,*,-1,-1
2025-02-08T14:15:46.915-05:00,IdeState,Inactive,,*,-1,-1
2025-02-08T14:15:47.916-05:00,IdeState,Inactive,,*,-1,-1
2025-02-08T14:15:48.917-05:00,IdeState,Inactive,,*,-1,-1
2025-02-08T14:15:49.917-05:00,IdeState,Inactive,,*,-1,-1
2025-02-08T14:15:50.918-05:00,IdeState,Inactive,,*,-1,-1
2025-02-08T14:15:51.919-05:00,IdeState,Inactive,,*,-1,-1
2025-02-08T14:15:52.919-05:00,IdeState,Inactive,,*,-1,-1
2025-02-08T14:15:53.920-05:00,IdeState,Inactive,,*,-1,-1
2025-02-08T14:15:54.921-05:00,IdeState,Inactive,,*,-1,-1
2025-02-08T14:15:55.921-05:00,IdeState,Inactive,,*,-1,-1
2025-02-08T14:15:56.922-05:00,IdeState,Inactive,,*,-1,-1
2025-02-08T14:15:57.923-05:00,IdeState,Inactive,,*,-1,-1
2025-02-08T14:15:58.923-05:00,IdeState,Inactive,,*,-1,-1
2025-02-08T14:15:59.924-05:00,IdeState,Inactive,,*,-1,-1
2025-02-08T14:16:00.925-05:00,IdeState,Inactive,,*,-1,-1
2025-02-08T14:16:01.926-05:00,IdeState,Inactive,,*,-1,-1
2025-02-08T14:16:02.927-05:00,IdeState,Inactive,,*,-1,-1
2025-02-08T14:16:03.927-05:00,IdeState,Inactive,,*,-1,-1
2025-02-08T14:16:04.928-05:00,IdeState,Inactive,,*,-1,-1
2025-02-08T14:16:05.929-05:00,IdeState,Inactive,,*,-1,-1
2025-02-08T14:16:06.929-05:00,IdeState,Inactive,,*,-1,-1
2025-02-08T14:16:07.930-05:00,IdeState,Inactive,,*,-1,-1
2025-02-08T14:16:08.931-05:00,IdeState,Inactive,,*,-1,-1
2025-02-08T14:16:09.931-05:00,IdeState,Inactive,,*,-1,-1
2025-02-08T14:16:10.932-05:00,IdeState,Inactive,,*,-1,-1
2025-02-08T14:16:11.933-05:00,IdeState,Inactive,,*,-1,-1
2025-02-08T14:16:12.933-05:00,IdeState,Inactive,,*,-1,-1
2025-02-08T14:16:13.934-05:00,IdeState,Inactive,,*,-1,-1
2025-02-08T14:16:14.935-05:00,IdeState,Inactive,,*,-1,-1
2025-02-08T14:16:15.936-05:00,IdeState,Inactive,,*,-1,-1
2025-02-08T14:16:16.936-05:00,IdeState,Inactive,,*,-1,-1
2025-02-08T14:16:17.937-05:00,IdeState,Inactive,,*,-1,-1
2025-02-08T14:16:18.937-05:00,IdeState,Inactive,,*,-1,-1
2025-02-08T14:16:19.938-05:00,IdeState,Inactive,,*,-1,-1
2025-02-08T14:16:20.938-05:00,IdeState,Inactive,,*,-1,-1
2025-02-08T14:16:21.939-05:00,IdeState,Inactive,,*,-1,-1
2025-02-08T14:16:22.939-05:00,IdeState,Inactive,,*,-1,-1
2025-02-08T14:16:23.940-05:00,IdeState,Inactive,,*,-1,-1
2025-02-08T14:16:24.940-05:00,IdeState,Inactive,,*,-1,-1
2025-02-08T14:16:25.941-05:00,IdeState,Inactive,,*,-1,-1
2025-02-08T14:16:26.942-05:00,IdeState,Inactive,,*,-1,-1
2025-02-08T14:16:27.943-05:00,IdeState,Inactive,,*,-1,-1
2025-02-08T14:16:28.943-05:00,IdeState,Inactive,,*,-1,-1
2025-02-08T14:16:29.944-05:00,IdeState,Inactive,,*,-1,-1
2025-02-08T14:16:30.945-05:00,IdeState,Inactive,,*,-1,-1
2025-02-08T14:16:31.945-05:00,IdeState,Inactive,,*,-1,-1
2025-02-08T14:16:32.946-05:00,IdeState,Inactive,,*,-1,-1
2025-02-08T14:16:33.947-05:00,IdeState,Inactive,,*,-1,-1
2025-02-08T14:16:34.948-05:00,IdeState,Inactive,,*,-1,-1
2025-02-08T14:16:35.948-05:00,IdeState,Inactive,,*,-1,-1
2025-02-08T14:16:36.949-05:00,IdeState,Inactive,,*,-1,-1
2025-02-08T14:16:37.950-05:00,IdeState,Inactive,,*,-1,-1
2025-02-08T14:16:38.951-05:00,IdeState,Inactive,,*,-1,-1
2025-02-08T14:16:39.951-05:00,IdeState,Inactive,,*,-1,-1
2025-02-08T14:16:40.952-05:00,IdeState,Inactive,,*,-1,-1
2025-02-08T14:16:41.953-05:00,IdeState,Inactive,,*,-1,-1
2025-02-08T14:16:42.953-05:00,IdeState,Inactive,,*,-1,-1
2025-02-08T14:16:43.954-05:00,IdeState,Inactive,,*,-1,-1
2025-02-08T14:16:44.955-05:00,IdeState,Inactive,,*,-1,-1
2025-02-08T14:16:45.956-05:00,IdeState,Inactive,,*,-1,-1
2025-02-08T14:16:46.957-05:00,IdeState,Inactive,,*,-1,-1
2025-02-08T14:16:47.957-05:00,IdeState,Inactive,,*,-1,-1
2025-02-08T14:16:48.958-05:00,IdeState,Inactive,,*,-1,-1
2025-02-08T14:16:49.958-05:00,IdeState,Inactive,,*,-1,-1
2025-02-08T14:16:50.959-05:00,IdeState,Inactive,,*,-1,-1
2025-02-08T14:16:51.959-05:00,IdeState,Inactive,,*,-1,-1
2025-02-08T14:16:52.960-05:00,IdeState,Inactive,,*,-1,-1
2025-02-08T14:16:53.961-05:00,IdeState,Inactive,,*,-1,-1
2025-02-08T14:16:54.961-05:00,IdeState,Inactive,,*,-1,-1
2025-02-08T14:16:55.962-05:00,IdeState,Inactive,,*,-1,-1
2025-02-08T14:16:56.962-05:00,IdeState,Inactive,,*,-1,-1
2025-02-08T14:16:57.963-05:00,IdeState,Inactive,,*,-1,-1
2025-02-08T14:16:58.963-05:00,IdeState,Inactive,,*,-1,-1
2025-02-08T14:16:59.964-05:00,IdeState,Inactive,,*,-1,-1
2025-02-08T14:17:00.965-05:00,IdeState,Inactive,,*,-1,-1
2025-02-08T14:17:01.965-05:00,IdeState,Inactive,,*,-1,-1
2025-02-08T14:17:02.966-05:00,IdeState,Inactive,,*,-1,-1
2025-02-08T14:17:03.967-05:00,IdeState,Inactive,,*,-1,-1
2025-02-08T14:17:04.968-05:00,IdeState,Inactive,,*,-1,-1
2025-02-08T14:17:05.968-05:00,IdeState,Inactive,,*,-1,-1
2025-02-08T14:17:06.969-05:00,IdeState,Inactive,,*,-1,-1
2025-02-08T14:17:07.970-05:00,IdeState,Inactive,,*,-1,-1
2025-02-08T14:17:08.970-05:00,IdeState,Inactive,,*,-1,-1
2025-02-08T14:17:09.971-05:00,IdeState,Inactive,,*,-1,-1
2025-02-08T14:17:10.971-05:00,IdeState,Inactive,,*,-1,-1
2025-02-08T14:17:11.972-05:00,IdeState,Inactive,,*,-1,-1
2025-02-08T14:17:12.973-05:00,IdeState,Inactive,,*,-1,-1
2025-02-08T14:17:13.973-05:00,IdeState,Inactive,,*,-1,-1
2025-02-08T14:17:14.974-05:00,IdeState,Inactive,,*,-1,-1
2025-02-08T14:17:15.974-05:00,IdeState,Inactive,,*,-1,-1
2025-02-08T14:17:16.975-05:00,IdeState,Inactive,,*,-1,-1
2025-02-08T14:17:17.976-05:00,IdeState,Inactive,,*,-1,-1
2025-02-08T14:17:18.976-05:00,IdeState,Inactive,,*,-1,-1
2025-02-08T14:17:19.977-05:00,IdeState,Inactive,,*,-1,-1
2025-02-08T14:17:20.978-05:00,IdeState,Inactive,,*,-1,-1
2025-02-08T14:17:21.979-05:00,IdeState,Inactive,,*,-1,-1
2025-02-08T14:17:22.979-05:00,IdeState,Inactive,,*,-1,-1
2025-02-08T14:17:23.980-05:00,IdeState,Inactive,,*,-1,-1
2025-02-08T14:17:24.981-05:00,IdeState,Inactive,,*,-1,-1
2025-02-08T14:17:25.982-05:00,IdeState,Inactive,,*,-1,-1
2025-02-08T14:17:26.982-05:00,IdeState,Inactive,,*,-1,-1
2025-02-08T14:17:27.983-05:00,IdeState,Inactive,,*,-1,-1
2025-02-08T14:17:28.984-05:00,IdeState,Inactive,,*,-1,-1
2025-02-08T14:17:29.984-05:00,IdeState,Inactive,,*,-1,-1
2025-02-08T14:17:30.985-05:00,IdeState,Inactive,,*,-1,-1
2025-02-08T14:17:31.986-05:00,IdeState,Inactive,,*,-1,-1
2025-02-08T14:17:32.987-05:00,IdeState,Inactive,,*,-1,-1
2025-02-08T14:17:33.987-05:00,IdeState,Inactive,,*,-1,-1
2025-02-08T14:17:34.988-05:00,IdeState,Inactive,,*,-1,-1
2025-02-08T14:17:35.989-05:00,IdeState,Inactive,,*,-1,-1
2025-02-08T14:17:36.989-05:00,IdeState,Inactive,,*,-1,-1
2025-02-08T14:17:37.990-05:00,IdeState,Inactive,,*,-1,-1
2025-02-08T14:17:38.990-05:00,IdeState,Inactive,,*,-1,-1
2025-02-08T14:17:39.991-05:00,IdeState,Inactive,,*,-1,-1
2025-02-08T14:17:40.991-05:00,IdeState,Inactive,,*,-1,-1
2025-02-08T14:17:41.992-05:00,IdeState,Inactive,,*,-1,-1
2025-02-08T14:17:42.993-05:00,IdeState,Inactive,,*,-1,-1
2025-02-08T14:17:43.993-05:00,IdeState,Inactive,,*,-1,-1
2025-02-08T14:17:44.994-05:00,IdeState,Inactive,,*,-1,-1
2025-02-08T14:17:45.994-05:00,IdeState,Inactive,,*,-1,-1
2025-02-08T14:17:46.995-05:00,IdeState,Inactive,,*,-1,-1
2025-02-08T14:17:47.995-05:00,IdeState,Inactive,,*,-1,-1
2025-02-08T14:17:48.996-05:00,IdeState,Inactive,,*,-1,-1
2025-02-08T14:17:49.997-05:00,IdeState,Inactive,,*,-1,-1
2025-02-08T14:17:50.997-05:00,IdeState,Inactive,,*,-1,-1
2025-02-08T14:17:51.998-05:00,IdeState,Inactive,,*,-1,-1
2025-02-08T14:17:52.999-05:00,IdeState,Inactive,,*,-1,-1
2025-02-08T14:17:53.999-05:00,IdeState,Inactive,,*,-1,-1
2025-02-08T14:17:55.000-05:00,IdeState,Inactive,,*,-1,-1
2025-02-08T14:17:56.001-05:00,IdeState,Inactive,,*,-1,-1
2025-02-08T14:17:57.001-05:00,IdeState,Inactive,,*,-1,-1
2025-02-08T14:17:58.002-05:00,IdeState,Inactive,,*,-1,-1
2025-02-08T14:17:59.003-05:00,IdeState,Inactive,,*,-1,-1
2025-02-08T14:18:00.003-05:00,IdeState,Inactive,,*,-1,-1
2025-02-08T14:18:01.004-05:00,IdeState,Inactive,,*,-1,-1
2025-02-08T14:18:02.008-05:00,IdeState,Inactive,,*,-1,-1
2025-02-08T14:18:03.009-05:00,IdeState,Inactive,,*,-1,-1
2025-02-08T14:18:04.009-05:00,IdeState,Inactive,,*,-1,-1
2025-02-08T14:18:05.010-05:00,IdeState,Inactive,,*,-1,-1
2025-02-08T14:18:06.010-05:00,IdeState,Inactive,,*,-1,-1
2025-02-08T14:18:07.011-05:00,IdeState,Inactive,,*,-1,-1
2025-02-08T14:18:08.012-05:00,IdeState,Inactive,,*,-1,-1
2025-02-08T14:18:09.012-05:00,IdeState,Inactive,,*,-1,-1
2025-02-08T14:18:10.013-05:00,IdeState,Inactive,,*,-1,-1
2025-02-08T14:18:11.013-05:00,IdeState,Inactive,,*,-1,-1
2025-02-08T14:18:12.014-05:00,IdeState,Inactive,,*,-1,-1
2025-02-08T14:18:13.014-05:00,IdeState,Inactive,,*,-1,-1
2025-02-08T14:18:14.015-05:00,IdeState,Inactive,,*,-1,-1
2025-02-08T14:18:15.016-05:00,IdeState,Inactive,,*,-1,-1
2025-02-08T14:18:16.017-05:00,IdeState,Inactive,,*,-1,-1
2025-02-08T14:18:17.017-05:00,IdeState,Inactive,,*,-1,-1
2025-02-08T14:18:18.017-05:00,IdeState,Inactive,,*,-1,-1
2025-02-08T14:18:19.018-05:00,IdeState,Inactive,,*,-1,-1
2025-02-08T14:18:20.019-05:00,IdeState,Inactive,,*,-1,-1
2025-02-08T14:18:21.020-05:00,IdeState,Inactive,,*,-1,-1
2025-02-08T14:18:22.020-05:00,IdeState,Inactive,,*,-1,-1
2025-02-08T14:18:23.021-05:00,IdeState,Inactive,,*,-1,-1
2025-02-08T14:18:24.021-05:00,IdeState,Inactive,,*,-1,-1
2025-02-08T14:18:25.022-05:00,IdeState,Inactive,,*,-1,-1
2025-02-08T14:18:26.023-05:00,IdeState,Inactive,,*,-1,-1
2025-02-08T14:18:27.023-05:00,IdeState,Inactive,,*,-1,-1
2025-02-08T14:18:28.024-05:00,IdeState,Inactive,,*,-1,-1
2025-02-08T14:18:29.025-05:00,IdeState,Inactive,,*,-1,-1
2025-02-08T14:18:30.025-05:00,IdeState,Inactive,,*,-1,-1
2025-02-08T14:18:31.026-05:00,IdeState,Inactive,,*,-1,-1
2025-02-08T14:18:32.027-05:00,IdeState,Inactive,,*,-1,-1
2025-02-08T14:18:33.028-05:00,IdeState,Inactive,,*,-1,-1
2025-02-08T14:18:34.028-05:00,IdeState,Inactive,,*,-1,-1
2025-02-08T14:18:35.029-05:00,IdeState,Inactive,,*,-1,-1
2025-02-08T14:18:36.030-05:00,IdeState,Inactive,,*,-1,-1
2025-02-08T14:18:37.030-05:00,IdeState,Inactive,,*,-1,-1
2025-02-08T14:18:38.031-05:00,IdeState,Inactive,,*,-1,-1
2025-02-08T14:18:39.031-05:00,IdeState,Inactive,,*,-1,-1
2025-02-08T14:18:40.032-05:00,IdeState,Inactive,,*,-1,-1
2025-02-08T14:18:41.033-05:00,IdeState,Inactive,,*,-1,-1
2025-02-08T14:18:42.033-05:00,IdeState,Inactive,,*,-1,-1
2025-02-08T14:18:43.034-05:00,IdeState,Inactive,,*,-1,-1
2025-02-08T14:18:44.034-05:00,IdeState,Inactive,,*,-1,-1
2025-02-08T14:18:45.035-05:00,IdeState,Inactive,,*,-1,-1
2025-02-08T14:18:46.035-05:00,IdeState,Inactive,,*,-1,-1
2025-02-08T14:18:47.035-05:00,IdeState,Inactive,,*,-1,-1
2025-02-08T14:18:48.036-05:00,IdeState,Inactive,,*,-1,-1
2025-02-08T14:18:49.037-05:00,IdeState,Inactive,,*,-1,-1
2025-02-08T14:18:50.037-05:00,IdeState,Inactive,,*,-1,-1
2025-02-08T14:18:51.038-05:00,IdeState,Inactive,,*,-1,-1
2025-02-08T14:18:52.038-05:00,IdeState,Inactive,,*,-1,-1
2025-02-08T14:18:53.039-05:00,IdeState,Inactive,,*,-1,-1
2025-02-08T14:18:54.040-05:00,IdeState,Inactive,,*,-1,-1
2025-02-08T14:18:55.041-05:00,IdeState,Inactive,,*,-1,-1
2025-02-08T14:18:56.041-05:00,IdeState,Inactive,,*,-1,-1
2025-02-08T14:18:57.041-05:00,IdeState,Inactive,,*,-1,-1
2025-02-08T14:18:58.042-05:00,IdeState,Inactive,,*,-1,-1
2025-02-08T14:18:59.042-05:00,IdeState,Inactive,,*,-1,-1
2025-02-08T14:19:00.042-05:00,IdeState,Inactive,,*,-1,-1
2025-02-08T14:19:01.043-05:00,IdeState,Inactive,,*,-1,-1
2025-02-08T14:19:02.043-05:00,IdeState,Inactive,,*,-1,-1
2025-02-08T14:19:03.044-05:00,IdeState,Inactive,,*,-1,-1
2025-02-08T14:19:04.045-05:00,IdeState,Inactive,,*,-1,-1
2025-02-08T14:19:05.046-05:00,IdeState,Inactive,,*,-1,-1
2025-02-08T14:19:06.046-05:00,IdeState,Inactive,,*,-1,-1
2025-02-08T14:19:07.047-05:00,IdeState,Inactive,,*,-1,-1
2025-02-08T14:19:08.048-05:00,IdeState,Inactive,,*,-1,-1
2025-02-08T14:19:09.048-05:00,IdeState,Inactive,,*,-1,-1
2025-02-08T14:19:10.049-05:00,IdeState,Inactive,,*,-1,-1
2025-02-08T14:19:11.049-05:00,IdeState,Inactive,,*,-1,-1
2025-02-08T14:19:12.050-05:00,IdeState,Inactive,,*,-1,-1
2025-02-08T14:19:13.050-05:00,IdeState,Inactive,,*,-1,-1
2025-02-08T14:19:14.051-05:00,IdeState,Inactive,,*,-1,-1
2025-02-08T14:19:15.051-05:00,IdeState,Inactive,,*,-1,-1
2025-02-08T14:19:16.052-05:00,IdeState,Inactive,,*,-1,-1
2025-02-08T14:19:17.053-05:00,IdeState,Inactive,,*,-1,-1
2025-02-08T14:19:18.053-05:00,IdeState,Inactive,,*,-1,-1
2025-02-08T14:19:19.054-05:00,IdeState,Inactive,,*,-1,-1
2025-02-08T14:19:20.055-05:00,IdeState,Inactive,,*,-1,-1
2025-02-08T14:19:21.055-05:00,IdeState,Inactive,,*,-1,-1
2025-02-08T14:19:22.056-05:00,IdeState,Inactive,,*,-1,-1
2025-02-08T14:19:23.056-05:00,IdeState,Inactive,,*,-1,-1
2025-02-08T14:19:24.056-05:00,IdeState,Inactive,,*,-1,-1
2025-02-08T14:19:25.057-05:00,IdeState,Inactive,,*,-1,-1
2025-02-08T14:19:26.057-05:00,IdeState,Inactive,,*,-1,-1
2025-02-08T14:19:27.058-05:00,IdeState,Inactive,,*,-1,-1
2025-02-08T14:19:28.058-05:00,IdeState,Inactive,,*,-1,-1
2025-02-08T14:19:29.058-05:00,IdeState,Inactive,,*,-1,-1
2025-02-08T14:19:30.059-05:00,IdeState,Inactive,,*,-1,-1
2025-02-08T14:19:31.060-05:00,IdeState,Inactive,,*,-1,-1
2025-02-08T14:19:32.061-05:00,IdeState,Inactive,,*,-1,-1
2025-02-08T14:19:33.062-05:00,IdeState,Inactive,,*,-1,-1
2025-02-08T14:19:34.063-05:00,IdeState,Inactive,,*,-1,-1
2025-02-08T14:19:35.064-05:00,IdeState,Inactive,,*,-1,-1
2025-02-08T14:19:36.064-05:00,IdeState,Inactive,,*,-1,-1
2025-02-08T14:19:37.064-05:00,IdeState,Inactive,,*,-1,-1
2025-02-08T14:19:38.065-05:00,IdeState,Inactive,,*,-1,-1
2025-02-08T14:19:39.066-05:00,IdeState,Inactive,,*,-1,-1
2025-02-08T14:19:40.067-05:00,IdeState,Inactive,,*,-1,-1
2025-02-08T14:19:41.067-05:00,IdeState,Inactive,,*,-1,-1
2025-02-08T14:19:42.068-05:00,IdeState,Inactive,,*,-1,-1
2025-02-08T14:19:43.069-05:00,IdeState,Inactive,,*,-1,-1
2025-02-08T14:19:44.069-05:00,IdeState,Inactive,,*,-1,-1
2025-02-08T14:19:45.070-05:00,IdeState,Inactive,,*,-1,-1
2025-02-08T14:19:46.070-05:00,IdeState,Inactive,,*,-1,-1
2025-02-08T14:19:47.071-05:00,IdeState,Inactive,,*,-1,-1
2025-02-08T14:19:48.071-05:00,IdeState,Inactive,,*,-1,-1
2025-02-08T14:19:49.072-05:00,IdeState,Inactive,,*,-1,-1
2025-02-08T14:19:50.073-05:00,IdeState,Inactive,,*,-1,-1
2025-02-08T14:19:51.074-05:00,IdeState,Inactive,,*,-1,-1
2025-02-08T14:19:52.074-05:00,IdeState,Inactive,,*,-1,-1
2025-02-08T14:19:53.075-05:00,IdeState,Inactive,,*,-1,-1
2025-02-08T14:19:54.076-05:00,IdeState,Inactive,,*,-1,-1
2025-02-08T14:19:55.076-05:00,IdeState,Inactive,,*,-1,-1
2025-02-08T14:19:56.077-05:00,IdeState,Inactive,,*,-1,-1
2025-02-08T14:19:57.078-05:00,IdeState,Inactive,,*,-1,-1
2025-02-08T14:19:58.079-05:00,IdeState,Inactive,,*,-1,-1
2025-02-08T14:19:59.079-05:00,IdeState,Inactive,,*,-1,-1
2025-02-08T14:20:00.080-05:00,IdeState,Inactive,,*,-1,-1
2025-02-08T14:20:01.080-05:00,IdeState,Inactive,,*,-1,-1
2025-02-08T14:20:02.081-05:00,IdeState,Inactive,,*,-1,-1
2025-02-08T14:20:03.081-05:00,IdeState,Inactive,,*,-1,-1
2025-02-08T14:20:04.082-05:00,IdeState,Inactive,,*,-1,-1
2025-02-08T14:20:05.083-05:00,IdeState,Inactive,,*,-1,-1
2025-02-08T14:20:06.084-05:00,IdeState,Inactive,,*,-1,-1
2025-02-08T14:20:07.085-05:00,IdeState,Inactive,,*,-1,-1
2025-02-08T14:20:08.085-05:00,IdeState,Inactive,,*,-1,-1
2025-02-08T14:20:09.086-05:00,IdeState,Inactive,,*,-1,-1
2025-02-08T14:20:10.087-05:00,IdeState,Inactive,,*,-1,-1
2025-02-08T14:20:11.088-05:00,IdeState,Inactive,,*,-1,-1
2025-02-08T14:20:12.089-05:00,IdeState,Inactive,,*,-1,-1
2025-02-08T14:20:13.089-05:00,IdeState,Inactive,,*,-1,-1
2025-02-08T14:20:14.090-05:00,IdeState,Inactive,,*,-1,-1
2025-02-08T14:20:15.091-05:00,IdeState,Inactive,,*,-1,-1
2025-02-08T14:20:16.091-05:00,IdeState,Inactive,,*,-1,-1
2025-02-08T14:20:17.092-05:00,IdeState,Inactive,,*,-1,-1
2025-02-08T14:20:18.093-05:00,IdeState,Inactive,,*,-1,-1
2025-02-08T14:20:19.093-05:00,IdeState,Inactive,,*,-1,-1
2025-02-08T14:20:20.094-05:00,IdeState,Inactive,,*,-1,-1
2025-02-08T14:20:21.094-05:00,IdeState,Inactive,,*,-1,-1
2025-02-08T14:20:22.095-05:00,IdeState,Inactive,,*,-1,-1
2025-02-08T14:20:23.096-05:00,IdeState,Inactive,,*,-1,-1
2025-02-08T14:20:24.096-05:00,IdeState,Inactive,,*,-1,-1
2025-02-08T14:20:25.097-05:00,IdeState,Inactive,,*,-1,-1
2025-02-08T14:20:26.097-05:00,IdeState,Inactive,,*,-1,-1
2025-02-08T14:20:27.098-05:00,IdeState,Inactive,,*,-1,-1
2025-02-08T14:20:28.099-05:00,IdeState,Inactive,,*,-1,-1
2025-02-08T14:20:29.100-05:00,IdeState,Inactive,,*,-1,-1
2025-02-08T14:20:30.101-05:00,IdeState,Inactive,,*,-1,-1
2025-02-08T14:20:31.101-05:00,IdeState,Inactive,,*,-1,-1
2025-02-08T14:20:32.102-05:00,IdeState,Inactive,,*,-1,-1
2025-02-08T14:20:33.103-05:00,IdeState,Inactive,,*,-1,-1
2025-02-08T14:20:34.104-05:00,IdeState,Inactive,,*,-1,-1
2025-02-08T14:20:35.104-05:00,IdeState,Inactive,,*,-1,-1
2025-02-08T14:20:36.105-05:00,IdeState,Inactive,,*,-1,-1
2025-02-08T14:20:37.106-05:00,IdeState,Inactive,,*,-1,-1
2025-02-08T14:20:38.107-05:00,IdeState,Inactive,,*,-1,-1
2025-02-08T14:20:39.108-05:00,IdeState,Inactive,,*,-1,-1
2025-02-08T14:20:40.108-05:00,IdeState,Inactive,,*,-1,-1
2025-02-08T14:20:41.109-05:00,IdeState,Inactive,,*,-1,-1
2025-02-08T14:20:42.110-05:00,IdeState,Inactive,,*,-1,-1
2025-02-08T14:20:43.110-05:00,IdeState,Inactive,,*,-1,-1
2025-02-08T14:20:44.111-05:00,IdeState,Inactive,,*,-1,-1
2025-02-08T14:20:45.112-05:00,IdeState,Inactive,,*,-1,-1
2025-02-08T14:20:46.112-05:00,IdeState,Inactive,,*,-1,-1
2025-02-08T14:20:47.113-05:00,IdeState,Inactive,,*,-1,-1
2025-02-08T14:20:48.114-05:00,IdeState,Inactive,,*,-1,-1
2025-02-08T14:20:49.114-05:00,IdeState,Inactive,,*,-1,-1
2025-02-08T14:20:50.115-05:00,IdeState,Inactive,,*,-1,-1
2025-02-08T14:20:51.115-05:00,IdeState,Inactive,,*,-1,-1
2025-02-08T14:20:52.116-05:00,IdeState,Inactive,,*,-1,-1
2025-02-08T14:20:53.117-05:00,IdeState,Inactive,,*,-1,-1
2025-02-08T14:20:54.117-05:00,IdeState,Inactive,,*,-1,-1
2025-02-08T14:20:55.118-05:00,IdeState,Inactive,,*,-1,-1
2025-02-08T14:20:56.118-05:00,IdeState,Inactive,,*,-1,-1
2025-02-08T14:20:57.119-05:00,IdeState,Inactive,,*,-1,-1
2025-02-08T14:20:58.120-05:00,IdeState,Inactive,,*,-1,-1
2025-02-08T14:20:59.121-05:00,IdeState,Inactive,,*,-1,-1
2025-02-08T14:21:00.121-05:00,IdeState,Inactive,,*,-1,-1
2025-02-08T14:21:01.122-05:00,IdeState,Inactive,,*,-1,-1
2025-02-08T14:21:02.123-05:00,IdeState,Inactive,,*,-1,-1
2025-02-08T14:21:03.124-05:00,IdeState,Inactive,,*,-1,-1
2025-02-08T14:21:04.124-05:00,IdeState,Inactive,,*,-1,-1
2025-02-08T14:21:05.125-05:00,IdeState,Inactive,,*,-1,-1
2025-02-08T14:21:06.125-05:00,IdeState,Inactive,,*,-1,-1
2025-02-08T14:21:07.126-05:00,IdeState,Inactive,,*,-1,-1
2025-02-08T14:21:08.126-05:00,IdeState,Inactive,,*,-1,-1
2025-02-08T14:21:09.127-05:00,IdeState,Inactive,,*,-1,-1
2025-02-08T14:21:10.128-05:00,IdeState,Inactive,,*,-1,-1
2025-02-08T14:21:11.129-05:00,IdeState,Inactive,,*,-1,-1
2025-02-08T14:21:12.129-05:00,IdeState,Inactive,,*,-1,-1
2025-02-08T14:21:13.130-05:00,IdeState,Inactive,,*,-1,-1
2025-02-08T14:21:14.131-05:00,IdeState,Inactive,,*,-1,-1
2025-02-08T14:21:15.132-05:00,IdeState,Inactive,,*,-1,-1
2025-02-08T14:21:16.132-05:00,IdeState,Inactive,,*,-1,-1
2025-02-08T14:21:17.133-05:00,IdeState,Inactive,,*,-1,-1
2025-02-08T14:21:18.134-05:00,IdeState,Inactive,,*,-1,-1
2025-02-08T14:21:19.134-05:00,IdeState,Inactive,,*,-1,-1
2025-02-08T14:21:20.135-05:00,IdeState,Inactive,,*,-1,-1
2025-02-08T14:21:21.136-05:00,IdeState,Inactive,,*,-1,-1
2025-02-08T14:21:22.137-05:00,IdeState,Inactive,,*,-1,-1
2025-02-08T14:21:23.137-05:00,IdeState,Inactive,,*,-1,-1
2025-02-08T14:21:24.138-05:00,IdeState,Inactive,,*,-1,-1
2025-02-08T14:21:25.139-05:00,IdeState,Inactive,,*,-1,-1
2025-02-08T14:21:26.139-05:00,IdeState,Inactive,,*,-1,-1
2025-02-08T14:21:27.140-05:00,IdeState,Inactive,,*,-1,-1
2025-02-08T14:21:28.141-05:00,IdeState,Inactive,,*,-1,-1
2025-02-08T14:21:29.142-05:00,IdeState,Inactive,,*,-1,-1
2025-02-08T14:21:30.142-05:00,IdeState,Inactive,,*,-1,-1
2025-02-08T14:21:31.143-05:00,IdeState,Inactive,,*,-1,-1
2025-02-08T14:21:32.144-05:00,IdeState,Inactive,,*,-1,-1
2025-02-08T14:21:33.145-05:00,IdeState,Inactive,,*,-1,-1
2025-02-08T14:21:34.146-05:00,IdeState,Inactive,,*,-1,-1
2025-02-08T14:21:35.147-05:00,IdeState,Inactive,,*,-1,-1
2025-02-08T14:21:36.147-05:00,IdeState,Inactive,,*,-1,-1
2025-02-08T14:21:37.148-05:00,IdeState,Inactive,,*,-1,-1
2025-02-08T14:21:38.149-05:00,IdeState,Inactive,,*,-1,-1
2025-02-08T14:21:39.149-05:00,IdeState,Inactive,,*,-1,-1
2025-02-08T14:21:40.150-05:00,IdeState,Inactive,,*,-1,-1
2025-02-08T14:21:41.151-05:00,IdeState,Inactive,,*,-1,-1
2025-02-08T14:21:42.152-05:00,IdeState,Inactive,,*,-1,-1
2025-02-08T14:21:43.153-05:00,IdeState,Inactive,,*,-1,-1
2025-02-08T14:21:44.153-05:00,IdeState,Inactive,,*,-1,-1
2025-02-08T14:21:45.154-05:00,IdeState,Inactive,,*,-1,-1
2025-02-08T14:21:46.155-05:00,IdeState,Inactive,,*,-1,-1
2025-02-08T14:21:47.155-05:00,IdeState,Inactive,,*,-1,-1
2025-02-08T14:21:48.156-05:00,IdeState,Inactive,,*,-1,-1
2025-02-08T14:21:49.157-05:00,IdeState,Inactive,,*,-1,-1
2025-02-08T14:21:50.158-05:00,IdeState,Inactive,,*,-1,-1
2025-02-08T14:21:51.158-05:00,IdeState,Inactive,,*,-1,-1
2025-02-08T14:21:52.159-05:00,IdeState,Inactive,,*,-1,-1
2025-02-08T14:21:53.160-05:00,IdeState,Inactive,,*,-1,-1
2025-02-08T14:21:54.161-05:00,IdeState,Inactive,,*,-1,-1
2025-02-08T14:21:55.161-05:00,IdeState,Inactive,,*,-1,-1
2025-02-08T14:21:56.162-05:00,IdeState,Inactive,,*,-1,-1
2025-02-08T14:21:57.163-05:00,IdeState,Inactive,,*,-1,-1
2025-02-08T14:21:58.164-05:00,IdeState,Inactive,,*,-1,-1
2025-02-08T14:21:59.165-05:00,IdeState,Inactive,,*,-1,-1
2025-02-08T14:22:00.165-05:00,IdeState,Inactive,,*,-1,-1
2025-02-08T14:22:01.166-05:00,IdeState,Inactive,,*,-1,-1
2025-02-08T14:22:02.167-05:00,IdeState,Inactive,,*,-1,-1
2025-02-08T14:22:03.168-05:00,IdeState,Inactive,,*,-1,-1
2025-02-08T14:22:04.169-05:00,IdeState,Inactive,,*,-1,-1
2025-02-08T14:22:05.169-05:00,IdeState,Inactive,,*,-1,-1
2025-02-08T14:22:06.170-05:00,IdeState,Inactive,,*,-1,-1
2025-02-08T14:22:07.171-05:00,IdeState,Inactive,,*,-1,-1
2025-02-08T14:22:08.172-05:00,IdeState,Inactive,,*,-1,-1
2025-02-08T14:22:09.172-05:00,IdeState,Inactive,,*,-1,-1
2025-02-08T14:22:10.173-05:00,IdeState,Inactive,,*,-1,-1
2025-02-08T14:22:11.174-05:00,IdeState,Inactive,,*,-1,-1
2025-02-08T14:22:12.175-05:00,IdeState,Inactive,,*,-1,-1
2025-02-08T14:22:13.175-05:00,IdeState,Inactive,,*,-1,-1
2025-02-08T14:22:14.176-05:00,IdeState,Inactive,,*,-1,-1
2025-02-08T14:22:15.177-05:00,IdeState,Inactive,,*,-1,-1
2025-02-08T14:22:16.177-05:00,IdeState,Inactive,,*,-1,-1
2025-02-08T14:22:17.178-05:00,IdeState,Inactive,,*,-1,-1
2025-02-08T14:22:18.179-05:00,IdeState,Inactive,,*,-1,-1
2025-02-08T14:22:19.179-05:00,IdeState,Inactive,,*,-1,-1
2025-02-08T14:22:20.180-05:00,IdeState,Inactive,,*,-1,-1
2025-02-08T14:22:21.180-05:00,IdeState,Inactive,,*,-1,-1
2025-02-08T14:22:22.181-05:00,IdeState,Inactive,,*,-1,-1
2025-02-08T14:22:23.182-05:00,IdeState,Inactive,,*,-1,-1
2025-02-08T14:22:24.183-05:00,IdeState,Inactive,,*,-1,-1
2025-02-08T14:22:25.183-05:00,IdeState,Inactive,,*,-1,-1
2025-02-08T14:22:26.184-05:00,IdeState,Inactive,,*,-1,-1
2025-02-08T14:22:27.185-05:00,IdeState,Inactive,,*,-1,-1
2025-02-08T14:22:28.185-05:00,IdeState,Inactive,,*,-1,-1
2025-02-08T14:22:29.186-05:00,IdeState,Inactive,,*,-1,-1
2025-02-08T14:22:30.187-05:00,IdeState,Inactive,,*,-1,-1
2025-02-08T14:22:31.188-05:00,IdeState,Inactive,,*,-1,-1
2025-02-08T14:22:32.189-05:00,IdeState,Inactive,,*,-1,-1
2025-02-08T14:22:33.189-05:00,IdeState,Inactive,,*,-1,-1
2025-02-08T14:22:34.190-05:00,IdeState,Inactive,,*,-1,-1
2025-02-08T14:22:35.191-05:00,IdeState,Inactive,,*,-1,-1
2025-02-08T14:22:36.191-05:00,IdeState,Inactive,,*,-1,-1
2025-02-08T14:22:37.192-05:00,IdeState,Inactive,,*,-1,-1
2025-02-08T14:22:38.193-05:00,IdeState,Inactive,,*,-1,-1
2025-02-08T14:22:39.194-05:00,IdeState,Inactive,,*,-1,-1
2025-02-08T14:22:40.195-05:00,IdeState,Inactive,,*,-1,-1
2025-02-08T14:22:41.195-05:00,IdeState,Inactive,,*,-1,-1
2025-02-08T14:22:42.196-05:00,IdeState,Inactive,,*,-1,-1
2025-02-08T14:22:43.197-05:00,IdeState,Inactive,,*,-1,-1
2025-02-08T14:22:44.198-05:00,IdeState,Inactive,,*,-1,-1
2025-02-08T14:22:45.198-05:00,IdeState,Inactive,,*,-1,-1
2025-02-08T14:22:46.199-05:00,IdeState,Inactive,,*,-1,-1
2025-02-08T14:22:47.200-05:00,IdeState,Inactive,,*,-1,-1
2025-02-08T14:22:48.200-05:00,IdeState,Inactive,,*,-1,-1
2025-02-08T14:22:49.201-05:00,IdeState,Inactive,,*,-1,-1
2025-02-08T14:22:50.202-05:00,IdeState,Inactive,,*,-1,-1
2025-02-08T14:22:51.203-05:00,IdeState,Inactive,,*,-1,-1
2025-02-08T14:22:52.203-05:00,IdeState,Inactive,,*,-1,-1
2025-02-08T14:22:53.204-05:00,IdeState,Inactive,,*,-1,-1
2025-02-08T14:22:54.205-05:00,IdeState,Inactive,,*,-1,-1
2025-02-08T14:22:55.205-05:00,IdeState,Inactive,,*,-1,-1
2025-02-08T14:22:56.206-05:00,IdeState,Inactive,,*,-1,-1
2025-02-08T14:22:57.206-05:00,IdeState,Inactive,,*,-1,-1
2025-02-08T14:22:58.207-05:00,IdeState,Inactive,,*,-1,-1
2025-02-08T14:22:59.208-05:00,IdeState,Inactive,,*,-1,-1
2025-02-08T14:23:00.209-05:00,IdeState,Inactive,,*,-1,-1
2025-02-08T14:23:01.209-05:00,IdeState,Inactive,,*,-1,-1
2025-02-08T14:23:02.210-05:00,IdeState,Inactive,,*,-1,-1
2025-02-08T14:23:03.211-05:00,IdeState,Inactive,,*,-1,-1
2025-02-08T14:23:04.212-05:00,IdeState,Inactive,,*,-1,-1
2025-02-08T14:23:05.212-05:00,IdeState,Inactive,,*,-1,-1
2025-02-08T14:23:06.213-05:00,IdeState,Inactive,,*,-1,-1
2025-02-08T14:23:07.214-05:00,IdeState,Inactive,,*,-1,-1
2025-02-08T14:23:08.214-05:00,IdeState,Inactive,,*,-1,-1
2025-02-08T14:23:09.215-05:00,IdeState,Inactive,,*,-1,-1
2025-02-08T14:23:10.216-05:00,IdeState,Inactive,,*,-1,-1
2025-02-08T14:23:11.217-05:00,IdeState,Inactive,,*,-1,-1
2025-02-08T14:23:12.217-05:00,IdeState,Inactive,,*,-1,-1
2025-02-08T14:23:13.218-05:00,IdeState,Inactive,,*,-1,-1
2025-02-08T14:23:14.219-05:00,IdeState,Inactive,,*,-1,-1
2025-02-08T14:23:15.220-05:00,IdeState,Inactive,,*,-1,-1
2025-02-08T14:23:16.221-05:00,IdeState,Inactive,,*,-1,-1
2025-02-08T14:23:17.221-05:00,IdeState,Inactive,,*,-1,-1
2025-02-08T14:23:18.222-05:00,IdeState,Inactive,,*,-1,-1
2025-02-08T14:23:19.223-05:00,IdeState,Inactive,,*,-1,-1
2025-02-08T14:23:20.224-05:00,IdeState,Inactive,,*,-1,-1
2025-02-08T14:23:21.224-05:00,IdeState,Inactive,,*,-1,-1
2025-02-08T14:23:22.225-05:00,IdeState,Inactive,,*,-1,-1
2025-02-08T14:23:23.226-05:00,IdeState,Inactive,,*,-1,-1
2025-02-08T14:23:24.226-05:00,IdeState,Inactive,,*,-1,-1
2025-02-08T14:23:25.227-05:00,IdeState,Inactive,,*,-1,-1
2025-02-08T14:23:26.227-05:00,IdeState,Inactive,,*,-1,-1
2025-02-08T14:23:27.228-05:00,IdeState,Inactive,,*,-1,-1
2025-02-08T14:23:28.228-05:00,IdeState,Inactive,,*,-1,-1
2025-02-08T14:23:29.229-05:00,IdeState,Inactive,,*,-1,-1
2025-02-08T14:23:30.230-05:00,IdeState,Inactive,,*,-1,-1
2025-02-08T14:23:31.231-05:00,IdeState,Inactive,,*,-1,-1
2025-02-08T14:23:32.231-05:00,IdeState,Inactive,,*,-1,-1
2025-02-08T14:23:33.232-05:00,IdeState,Inactive,,*,-1,-1
2025-02-08T14:23:34.233-05:00,IdeState,Inactive,,*,-1,-1
2025-02-08T14:23:35.233-05:00,IdeState,Inactive,,*,-1,-1
2025-02-08T14:23:36.234-05:00,IdeState,Inactive,,*,-1,-1
2025-02-08T14:23:37.234-05:00,IdeState,Inactive,,*,-1,-1
2025-02-08T14:23:38.235-05:00,IdeState,Inactive,,*,-1,-1
2025-02-08T14:23:39.236-05:00,IdeState,Inactive,,*,-1,-1
2025-02-08T14:23:40.236-05:00,IdeState,Inactive,,*,-1,-1
2025-02-08T14:23:41.237-05:00,IdeState,Inactive,,*,-1,-1
2025-02-08T14:23:42.238-05:00,IdeState,Inactive,,*,-1,-1
2025-02-08T14:23:43.238-05:00,IdeState,Inactive,,*,-1,-1
2025-02-08T14:23:44.239-05:00,IdeState,Inactive,,*,-1,-1
2025-02-08T14:23:45.240-05:00,IdeState,Inactive,,*,-1,-1
2025-02-08T14:23:46.241-05:00,IdeState,Inactive,,*,-1,-1
2025-02-08T14:23:47.241-05:00,IdeState,Inactive,,*,-1,-1
2025-02-08T14:23:48.242-05:00,IdeState,Inactive,,*,-1,-1
2025-02-08T14:23:49.243-05:00,IdeState,Inactive,,*,-1,-1
2025-02-08T14:23:50.244-05:00,IdeState,Inactive,,*,-1,-1
2025-02-08T14:23:51.244-05:00,IdeState,Inactive,,*,-1,-1
2025-02-08T14:23:52.245-05:00,IdeState,Inactive,,*,-1,-1
2025-02-08T14:23:53.246-05:00,IdeState,Inactive,,*,-1,-1
2025-02-08T14:23:54.247-05:00,IdeState,Inactive,,*,-1,-1
2025-02-08T14:23:55.247-05:00,IdeState,Inactive,,*,-1,-1
2025-02-08T14:23:56.248-05:00,IdeState,Inactive,,*,-1,-1
2025-02-08T14:23:57.249-05:00,IdeState,Inactive,,*,-1,-1
2025-02-08T14:23:58.249-05:00,IdeState,Inactive,,*,-1,-1
2025-02-08T14:23:59.250-05:00,IdeState,Inactive,,*,-1,-1
2025-02-08T14:24:00.251-05:00,IdeState,Inactive,,*,-1,-1
2025-02-08T14:24:01.252-05:00,IdeState,Inactive,,*,-1,-1
2025-02-08T14:24:02.252-05:00,IdeState,Inactive,,*,-1,-1
2025-02-08T14:24:03.253-05:00,IdeState,Inactive,,*,-1,-1
2025-02-08T14:24:04.254-05:00,IdeState,Inactive,,*,-1,-1
2025-02-08T14:24:05.255-05:00,IdeState,Inactive,,*,-1,-1
2025-02-08T14:24:06.255-05:00,IdeState,Inactive,,*,-1,-1
2025-02-08T14:24:07.256-05:00,IdeState,Inactive,,*,-1,-1
2025-02-08T14:24:08.257-05:00,IdeState,Inactive,,*,-1,-1
2025-02-08T14:24:09.258-05:00,IdeState,Inactive,,*,-1,-1
2025-02-08T14:24:10.258-05:00,IdeState,Inactive,,*,-1,-1
2025-02-08T14:24:11.259-05:00,IdeState,Inactive,,*,-1,-1
2025-02-08T14:24:12.260-05:00,IdeState,Inactive,,*,-1,-1
2025-02-08T14:24:13.261-05:00,IdeState,Inactive,,*,-1,-1
2025-02-08T14:24:14.261-05:00,IdeState,Inactive,,*,-1,-1
2025-02-08T14:24:15.262-05:00,IdeState,Inactive,,*,-1,-1
2025-02-08T14:24:16.263-05:00,IdeState,Inactive,,*,-1,-1
2025-02-08T14:24:17.263-05:00,IdeState,Inactive,,*,-1,-1
2025-02-08T14:24:18.264-05:00,IdeState,Inactive,,*,-1,-1
2025-02-08T14:24:19.265-05:00,IdeState,Inactive,,*,-1,-1
2025-02-08T14:24:20.265-05:00,IdeState,Inactive,,*,-1,-1
2025-02-08T14:24:21.266-05:00,IdeState,Inactive,,*,-1,-1
2025-02-08T14:24:22.267-05:00,IdeState,Inactive,,*,-1,-1
2025-02-08T14:24:23.268-05:00,IdeState,Inactive,,*,-1,-1
2025-02-08T14:24:24.268-05:00,IdeState,Inactive,,*,-1,-1
2025-02-08T14:24:25.269-05:00,IdeState,Inactive,,*,-1,-1
2025-02-08T14:24:26.270-05:00,IdeState,Inactive,,*,-1,-1
2025-02-08T14:24:27.271-05:00,IdeState,Inactive,,*,-1,-1
2025-02-08T14:24:28.271-05:00,IdeState,Inactive,,*,-1,-1
2025-02-08T14:24:29.272-05:00,IdeState,Inactive,,*,-1,-1
2025-02-08T14:24:30.273-05:00,IdeState,Inactive,,*,-1,-1
2025-02-08T14:24:31.274-05:00,IdeState,Inactive,,*,-1,-1
2025-02-08T14:24:32.274-05:00,IdeState,Inactive,,*,-1,-1
2025-02-08T14:24:33.275-05:00,IdeState,Inactive,,*,-1,-1
2025-02-08T14:24:34.276-05:00,IdeState,Inactive,,*,-1,-1
2025-02-08T14:24:35.277-05:00,IdeState,Inactive,,*,-1,-1
2025-02-08T14:24:36.277-05:00,IdeState,Inactive,,*,-1,-1
2025-02-08T14:24:37.278-05:00,IdeState,Inactive,,*,-1,-1
2025-02-08T14:24:38.279-05:00,IdeState,Inactive,,*,-1,-1
2025-02-08T14:24:39.279-05:00,IdeState,Inactive,,*,-1,-1
2025-02-08T14:24:40.280-05:00,IdeState,Inactive,,*,-1,-1
2025-02-08T14:24:41.281-05:00,IdeState,Inactive,,*,-1,-1
2025-02-08T14:24:42.282-05:00,IdeState,Inactive,,*,-1,-1
2025-02-08T14:24:43.282-05:00,IdeState,Inactive,,*,-1,-1
2025-02-08T14:24:44.283-05:00,IdeState,Inactive,,*,-1,-1
2025-02-08T14:24:45.284-05:00,IdeState,Inactive,,*,-1,-1
2025-02-08T14:24:46.284-05:00,IdeState,Inactive,,*,-1,-1
2025-02-08T14:24:47.285-05:00,IdeState,Inactive,,*,-1,-1
2025-02-08T14:24:48.286-05:00,IdeState,Inactive,,*,-1,-1
2025-02-08T14:24:49.286-05:00,IdeState,Inactive,,*,-1,-1
2025-02-08T14:24:50.287-05:00,IdeState,Inactive,,*,-1,-1
2025-02-08T14:24:51.287-05:00,IdeState,Inactive,,*,-1,-1
2025-02-08T14:24:52.288-05:00,IdeState,Inactive,,*,-1,-1
2025-02-08T14:24:53.289-05:00,IdeState,Inactive,,*,-1,-1
2025-02-08T14:24:54.290-05:00,IdeState,Inactive,,*,-1,-1
2025-02-08T14:24:55.290-05:00,IdeState,Inactive,,*,-1,-1
2025-02-08T14:24:56.291-05:00,IdeState,Inactive,,*,-1,-1
2025-02-08T14:24:57.291-05:00,IdeState,Inactive,,*,-1,-1
2025-02-08T14:24:58.292-05:00,IdeState,Inactive,,*,-1,-1
2025-02-08T14:24:59.293-05:00,IdeState,Inactive,,*,-1,-1
2025-02-08T14:25:00.294-05:00,IdeState,Inactive,,*,-1,-1
2025-02-08T14:25:01.294-05:00,IdeState,Inactive,,*,-1,-1
2025-02-08T14:25:02.295-05:00,IdeState,Inactive,,*,-1,-1
2025-02-08T14:25:03.296-05:00,IdeState,Inactive,,*,-1,-1
2025-02-08T14:25:04.297-05:00,IdeState,Inactive,,*,-1,-1
2025-02-08T14:25:05.297-05:00,IdeState,Inactive,,*,-1,-1
2025-02-08T14:25:06.298-05:00,IdeState,Inactive,,*,-1,-1
2025-02-08T14:25:07.299-05:00,IdeState,Inactive,,*,-1,-1
2025-02-08T14:25:08.300-05:00,IdeState,Inactive,,*,-1,-1
2025-02-08T14:25:09.300-05:00,IdeState,Inactive,,*,-1,-1
2025-02-08T14:25:10.301-05:00,IdeState,Inactive,,*,-1,-1
2025-02-08T14:25:11.302-05:00,IdeState,Inactive,,*,-1,-1
2025-02-08T14:25:12.302-05:00,IdeState,Inactive,,*,-1,-1
2025-02-08T14:25:13.303-05:00,IdeState,Inactive,,*,-1,-1
2025-02-08T14:25:14.304-05:00,IdeState,Inactive,,*,-1,-1
2025-02-08T14:25:15.305-05:00,IdeState,Inactive,,*,-1,-1
2025-02-08T14:25:16.305-05:00,IdeState,Inactive,,*,-1,-1
2025-02-08T14:25:17.306-05:00,IdeState,Inactive,,*,-1,-1
2025-02-08T14:25:18.307-05:00,IdeState,Inactive,,*,-1,-1
2025-02-08T14:25:19.308-05:00,IdeState,Inactive,,*,-1,-1
2025-02-08T14:25:20.309-05:00,IdeState,Inactive,,*,-1,-1
2025-02-08T14:25:21.309-05:00,IdeState,Inactive,,*,-1,-1
2025-02-08T14:25:22.310-05:00,IdeState,Inactive,,*,-1,-1
2025-02-08T14:25:23.311-05:00,IdeState,Inactive,,*,-1,-1
2025-02-08T14:25:24.312-05:00,IdeState,Inactive,,*,-1,-1
2025-02-08T14:25:25.312-05:00,IdeState,Inactive,,*,-1,-1
2025-02-08T14:25:26.313-05:00,IdeState,Inactive,,*,-1,-1
2025-02-08T14:25:27.313-05:00,IdeState,Inactive,,*,-1,-1
2025-02-08T14:25:28.314-05:00,IdeState,Inactive,,*,-1,-1
2025-02-08T14:25:29.315-05:00,IdeState,Inactive,,*,-1,-1
2025-02-08T14:25:30.316-05:00,IdeState,Inactive,,*,-1,-1
2025-02-08T14:25:31.316-05:00,IdeState,Inactive,,*,-1,-1
2025-02-08T14:25:32.317-05:00,IdeState,Inactive,,*,-1,-1
2025-02-08T14:25:33.318-05:00,IdeState,Inactive,,*,-1,-1
2025-02-08T14:25:34.318-05:00,IdeState,Inactive,,*,-1,-1
2025-02-08T14:25:35.319-05:00,IdeState,Inactive,,*,-1,-1
2025-02-08T14:25:36.320-05:00,IdeState,Inactive,,*,-1,-1
2025-02-08T14:25:37.320-05:00,IdeState,Inactive,,*,-1,-1
2025-02-08T14:25:38.321-05:00,IdeState,Inactive,,*,-1,-1
2025-02-08T14:25:39.322-05:00,IdeState,Inactive,,*,-1,-1
2025-02-08T14:25:40.323-05:00,IdeState,Inactive,,*,-1,-1
2025-02-08T14:25:41.324-05:00,IdeState,Inactive,,*,-1,-1
2025-02-08T14:25:42.324-05:00,IdeState,Inactive,,*,-1,-1
2025-02-08T14:25:43.325-05:00,IdeState,Inactive,,*,-1,-1
2025-02-08T14:25:44.326-05:00,IdeState,Inactive,,*,-1,-1
2025-02-08T14:25:45.327-05:00,IdeState,Inactive,,*,-1,-1
2025-02-08T14:25:46.327-05:00,IdeState,Inactive,,*,-1,-1
2025-02-08T14:25:47.328-05:00,IdeState,Inactive,,*,-1,-1
2025-02-08T14:25:48.328-05:00,IdeState,Inactive,,*,-1,-1
2025-02-08T14:25:49.329-05:00,IdeState,Inactive,,*,-1,-1
2025-02-08T14:25:50.330-05:00,IdeState,Inactive,,*,-1,-1
2025-02-08T14:25:51.330-05:00,IdeState,Inactive,,*,-1,-1
2025-02-08T14:25:52.331-05:00,IdeState,Inactive,,*,-1,-1
2025-02-08T14:25:53.332-05:00,IdeState,Inactive,,*,-1,-1
2025-02-08T14:25:54.332-05:00,IdeState,Inactive,,*,-1,-1
2025-02-08T14:25:55.333-05:00,IdeState,Inactive,,*,-1,-1
2025-02-08T14:25:56.333-05:00,IdeState,Inactive,,*,-1,-1
2025-02-08T14:25:57.334-05:00,IdeState,Inactive,,*,-1,-1
2025-02-08T14:25:58.335-05:00,IdeState,Inactive,,*,-1,-1
2025-02-08T14:25:59.336-05:00,IdeState,Inactive,,*,-1,-1
2025-02-08T14:26:00.336-05:00,IdeState,Inactive,,*,-1,-1
2025-02-08T14:26:01.337-05:00,IdeState,Inactive,,*,-1,-1
2025-02-08T14:26:02.338-05:00,IdeState,Inactive,,*,-1,-1
2025-02-08T14:26:03.338-05:00,IdeState,Inactive,,*,-1,-1
2025-02-08T14:26:04.339-05:00,IdeState,Inactive,,*,-1,-1
2025-02-08T14:26:05.340-05:00,IdeState,Inactive,,*,-1,-1
2025-02-08T14:26:06.340-05:00,IdeState,Inactive,,*,-1,-1
2025-02-08T14:26:07.341-05:00,IdeState,Inactive,,*,-1,-1
2025-02-08T14:26:08.342-05:00,IdeState,Inactive,,*,-1,-1
2025-02-08T14:26:09.342-05:00,IdeState,Inactive,,*,-1,-1
2025-02-08T14:26:10.343-05:00,IdeState,Inactive,,*,-1,-1
2025-02-08T14:26:11.344-05:00,IdeState,Inactive,,*,-1,-1
2025-02-08T14:26:12.344-05:00,IdeState,Inactive,,*,-1,-1
2025-02-08T14:26:13.345-05:00,IdeState,Inactive,,*,-1,-1
2025-02-08T14:26:14.345-05:00,IdeState,Inactive,,*,-1,-1
2025-02-08T14:26:15.346-05:00,IdeState,Inactive,,*,-1,-1
2025-02-08T14:26:16.346-05:00,IdeState,Inactive,,*,-1,-1
2025-02-08T14:26:17.346-05:00,IdeState,Inactive,,*,-1,-1
2025-02-08T14:26:18.347-05:00,IdeState,Inactive,,*,-1,-1
2025-02-08T14:26:19.348-05:00,IdeState,Inactive,,*,-1,-1
2025-02-08T14:26:20.348-05:00,IdeState,Inactive,,*,-1,-1
2025-02-08T14:26:21.349-05:00,IdeState,Inactive,,*,-1,-1
2025-02-08T14:26:22.350-05:00,IdeState,Inactive,,*,-1,-1
2025-02-08T14:26:23.350-05:00,IdeState,Inactive,,*,-1,-1
2025-02-08T14:26:24.351-05:00,IdeState,Inactive,,*,-1,-1
2025-02-08T14:26:25.351-05:00,IdeState,Inactive,,*,-1,-1
2025-02-08T14:26:26.352-05:00,IdeState,Inactive,,*,-1,-1
2025-02-08T14:26:27.352-05:00,IdeState,Inactive,,*,-1,-1
2025-02-08T14:26:28.353-05:00,IdeState,Inactive,,*,-1,-1
2025-02-08T14:26:29.353-05:00,IdeState,Inactive,,*,-1,-1
2025-02-08T14:26:30.353-05:00,IdeState,Inactive,,*,-1,-1
2025-02-08T14:26:31.354-05:00,IdeState,Inactive,,*,-1,-1
2025-02-08T14:26:32.355-05:00,IdeState,Inactive,,*,-1,-1
2025-02-08T14:26:33.356-05:00,IdeState,Inactive,,*,-1,-1
2025-02-08T14:26:34.356-05:00,IdeState,Inactive,,*,-1,-1
2025-02-08T14:26:35.357-05:00,IdeState,Inactive,,*,-1,-1
2025-02-08T14:26:36.357-05:00,IdeState,Inactive,,*,-1,-1
2025-02-08T14:26:37.358-05:00,IdeState,Inactive,,*,-1,-1
2025-02-08T14:26:38.359-05:00,IdeState,Inactive,,*,-1,-1
2025-02-08T14:26:39.360-05:00,IdeState,Inactive,,*,-1,-1
2025-02-08T14:26:40.360-05:00,IdeState,Inactive,,*,-1,-1
2025-02-08T14:26:41.361-05:00,IdeState,Inactive,,*,-1,-1
2025-02-08T14:26:42.361-05:00,IdeState,Inactive,,*,-1,-1
2025-02-08T14:26:43.362-05:00,IdeState,Inactive,,*,-1,-1
2025-02-08T14:26:44.363-05:00,IdeState,Inactive,,*,-1,-1
2025-02-08T14:26:45.364-05:00,IdeState,Inactive,,*,-1,-1
2025-02-08T14:26:46.365-05:00,IdeState,Inactive,,*,-1,-1
2025-02-08T14:26:47.365-05:00,IdeState,Inactive,,*,-1,-1
2025-02-08T14:26:48.366-05:00,IdeState,Inactive,,*,-1,-1
2025-02-08T14:26:49.367-05:00,IdeState,Inactive,,*,-1,-1
2025-02-08T14:26:50.367-05:00,IdeState,Inactive,,*,-1,-1
2025-02-08T14:26:51.368-05:00,IdeState,Inactive,,*,-1,-1
2025-02-08T14:26:52.369-05:00,IdeState,Inactive,,*,-1,-1
2025-02-08T14:26:53.370-05:00,IdeState,Inactive,,*,-1,-1
2025-02-08T14:26:54.370-05:00,IdeState,Inactive,,*,-1,-1
2025-02-08T14:26:55.371-05:00,IdeState,Inactive,,*,-1,-1
2025-02-08T14:26:56.372-05:00,IdeState,Inactive,,*,-1,-1
2025-02-08T14:26:57.372-05:00,IdeState,Inactive,,*,-1,-1
2025-02-08T14:26:58.373-05:00,IdeState,Inactive,,*,-1,-1
2025-02-08T14:26:59.374-05:00,IdeState,Inactive,,*,-1,-1
2025-02-08T14:27:00.374-05:00,IdeState,Inactive,,*,-1,-1
2025-02-08T14:27:01.375-05:00,IdeState,Inactive,,*,-1,-1
2025-02-08T14:27:02.376-05:00,IdeState,Inactive,,*,-1,-1
2025-02-08T14:27:03.377-05:00,IdeState,Inactive,,*,-1,-1
2025-02-08T14:27:04.377-05:00,IdeState,Inactive,,*,-1,-1
2025-02-08T14:27:05.378-05:00,IdeState,Inactive,,*,-1,-1
2025-02-08T14:27:06.379-05:00,IdeState,Inactive,,*,-1,-1
2025-02-08T14:27:07.379-05:00,IdeState,Inactive,,*,-1,-1
2025-02-08T14:27:08.380-05:00,IdeState,Inactive,,*,-1,-1
2025-02-08T14:27:09.381-05:00,IdeState,Inactive,,*,-1,-1
2025-02-08T14:27:10.381-05:00,IdeState,Inactive,,*,-1,-1
2025-02-08T14:27:11.382-05:00,IdeState,Inactive,,*,-1,-1
2025-02-08T14:27:12.383-05:00,IdeState,Inactive,,*,-1,-1
2025-02-08T14:27:13.384-05:00,IdeState,Inactive,,*,-1,-1
2025-02-08T14:27:14.384-05:00,IdeState,Inactive,,*,-1,-1
2025-02-08T14:27:15.385-05:00,IdeState,Inactive,,*,-1,-1
2025-02-08T14:27:16.386-05:00,IdeState,Inactive,,*,-1,-1
2025-02-08T14:27:17.387-05:00,IdeState,Inactive,,*,-1,-1
2025-02-08T14:27:18.388-05:00,IdeState,Inactive,,*,-1,-1
2025-02-08T14:27:19.388-05:00,IdeState,Inactive,,*,-1,-1
2025-02-08T14:27:20.389-05:00,IdeState,Inactive,,*,-1,-1
2025-02-08T14:27:21.390-05:00,IdeState,Inactive,,*,-1,-1
2025-02-08T14:27:22.390-05:00,IdeState,Inactive,,*,-1,-1
2025-02-08T14:27:23.391-05:00,IdeState,Inactive,,*,-1,-1
2025-02-08T14:27:24.392-05:00,IdeState,Inactive,,*,-1,-1
2025-02-08T14:27:25.393-05:00,IdeState,Inactive,,*,-1,-1
2025-02-08T14:27:26.393-05:00,IdeState,Inactive,,*,-1,-1
2025-02-08T14:27:27.394-05:00,IdeState,Inactive,,*,-1,-1
2025-02-08T14:27:28.395-05:00,IdeState,Inactive,,*,-1,-1
2025-02-08T14:27:29.395-05:00,IdeState,Inactive,,*,-1,-1
2025-02-08T14:27:30.396-05:00,IdeState,Inactive,,*,-1,-1
2025-02-08T14:27:31.397-05:00,IdeState,Inactive,,*,-1,-1
2025-02-08T14:27:32.398-05:00,IdeState,Inactive,,*,-1,-1
2025-02-08T14:27:33.398-05:00,IdeState,Inactive,,*,-1,-1
2025-02-08T14:27:34.399-05:00,IdeState,Inactive,,*,-1,-1
2025-02-08T14:27:35.399-05:00,IdeState,Inactive,,*,-1,-1
2025-02-08T14:27:36.400-05:00,IdeState,Inactive,,*,-1,-1
2025-02-08T14:27:37.401-05:00,IdeState,Inactive,,*,-1,-1
2025-02-08T14:27:38.402-05:00,IdeState,Inactive,,*,-1,-1
2025-02-08T14:27:39.402-05:00,IdeState,Inactive,,*,-1,-1
2025-02-08T14:27:40.403-05:00,IdeState,Inactive,,*,-1,-1
2025-02-08T14:27:41.404-05:00,IdeState,Inactive,,*,-1,-1
2025-02-08T14:27:42.404-05:00,IdeState,Inactive,,*,-1,-1
2025-02-08T14:27:43.405-05:00,IdeState,Inactive,,*,-1,-1
2025-02-08T14:27:44.406-05:00,IdeState,Inactive,,*,-1,-1
2025-02-08T14:27:45.407-05:00,IdeState,Inactive,,*,-1,-1
2025-02-08T14:27:46.408-05:00,IdeState,Inactive,,*,-1,-1
2025-02-08T14:27:47.408-05:00,IdeState,Inactive,,*,-1,-1
2025-02-08T14:27:48.409-05:00,IdeState,Inactive,,*,-1,-1
2025-02-08T14:27:49.410-05:00,IdeState,Inactive,,*,-1,-1
2025-02-08T14:27:50.410-05:00,IdeState,Inactive,,*,-1,-1
2025-02-08T14:27:51.411-05:00,IdeState,Inactive,,*,-1,-1
2025-02-08T14:27:52.412-05:00,IdeState,Inactive,,*,-1,-1
2025-02-08T14:27:53.412-05:00,IdeState,Inactive,,*,-1,-1
2025-02-08T14:27:54.413-05:00,IdeState,Inactive,,*,-1,-1
2025-02-08T14:27:55.413-05:00,IdeState,Inactive,,*,-1,-1
2025-02-08T14:27:56.414-05:00,IdeState,Inactive,,*,-1,-1
2025-02-08T14:27:57.415-05:00,IdeState,Inactive,,*,-1,-1
2025-02-08T14:27:58.416-05:00,IdeState,Inactive,,*,-1,-1
2025-02-08T14:27:59.416-05:00,IdeState,Inactive,,*,-1,-1
2025-02-08T14:28:00.417-05:00,IdeState,Inactive,,*,-1,-1
2025-02-08T14:28:01.418-05:00,IdeState,Inactive,,*,-1,-1
2025-02-08T14:28:02.418-05:00,IdeState,Inactive,,*,-1,-1
2025-02-08T14:28:03.419-05:00,IdeState,Inactive,,*,-1,-1
2025-02-08T14:28:04.420-05:00,IdeState,Inactive,,*,-1,-1
2025-02-08T14:28:05.421-05:00,IdeState,Inactive,,*,-1,-1
2025-02-08T14:28:06.421-05:00,IdeState,Inactive,,*,-1,-1
2025-02-08T14:28:07.422-05:00,IdeState,Inactive,,*,-1,-1
2025-02-08T14:28:08.423-05:00,IdeState,Inactive,,*,-1,-1
2025-02-08T14:28:09.423-05:00,IdeState,Inactive,,*,-1,-1
2025-02-08T14:28:10.424-05:00,IdeState,Inactive,,*,-1,-1
2025-02-08T14:28:11.425-05:00,IdeState,Inactive,,*,-1,-1
2025-02-08T14:28:12.425-05:00,IdeState,Inactive,,*,-1,-1
2025-02-08T14:28:13.426-05:00,IdeState,Inactive,,*,-1,-1
2025-02-08T14:28:14.427-05:00,IdeState,Inactive,,*,-1,-1
2025-02-08T14:28:15.428-05:00,IdeState,Inactive,,*,-1,-1
2025-02-08T14:28:16.428-05:00,IdeState,Inactive,,*,-1,-1
2025-02-08T14:28:17.429-05:00,IdeState,Inactive,,*,-1,-1
2025-02-08T14:28:18.430-05:00,IdeState,Inactive,,*,-1,-1
2025-02-08T14:28:19.430-05:00,IdeState,Inactive,,*,-1,-1
2025-02-08T14:28:20.431-05:00,IdeState,Inactive,,*,-1,-1
2025-02-08T14:28:21.432-05:00,IdeState,Inactive,,*,-1,-1
2025-02-08T14:28:22.432-05:00,IdeState,Inactive,,*,-1,-1
2025-02-08T14:28:23.433-05:00,IdeState,Inactive,,*,-1,-1
2025-02-08T14:28:24.434-05:00,IdeState,Inactive,,*,-1,-1
2025-02-08T14:28:25.435-05:00,IdeState,Inactive,,*,-1,-1
2025-02-08T14:28:26.435-05:00,IdeState,Inactive,,*,-1,-1
2025-02-08T14:28:27.436-05:00,IdeState,Inactive,,*,-1,-1
2025-02-08T14:28:28.436-05:00,IdeState,Inactive,,*,-1,-1
2025-02-08T14:28:29.437-05:00,IdeState,Inactive,,*,-1,-1
2025-02-08T14:28:30.438-05:00,IdeState,Inactive,,*,-1,-1
2025-02-08T14:28:31.439-05:00,IdeState,Inactive,,*,-1,-1
2025-02-08T14:28:32.439-05:00,IdeState,Inactive,,*,-1,-1
2025-02-08T14:28:33.440-05:00,IdeState,Inactive,,*,-1,-1
2025-02-08T14:28:34.441-05:00,IdeState,Inactive,,*,-1,-1
2025-02-08T14:28:35.442-05:00,IdeState,Inactive,,*,-1,-1
2025-02-08T14:28:36.443-05:00,IdeState,Inactive,,*,-1,-1
2025-02-08T14:28:37.443-05:00,IdeState,Inactive,,*,-1,-1
2025-02-08T14:28:38.444-05:00,IdeState,Inactive,,*,-1,-1
2025-02-08T14:28:39.444-05:00,IdeState,Inactive,,*,-1,-1
2025-02-08T14:28:40.445-05:00,IdeState,Inactive,,*,-1,-1
2025-02-08T14:28:41.446-05:00,IdeState,Inactive,,*,-1,-1
2025-02-08T14:28:42.446-05:00,IdeState,Inactive,,*,-1,-1
2025-02-08T14:28:43.447-05:00,IdeState,Inactive,,*,-1,-1
2025-02-08T14:28:44.448-05:00,IdeState,Inactive,,*,-1,-1
2025-02-08T14:28:45.449-05:00,IdeState,Inactive,,*,-1,-1
2025-02-08T14:28:46.450-05:00,IdeState,Inactive,,*,-1,-1
2025-02-08T14:28:47.450-05:00,IdeState,Inactive,,*,-1,-1
2025-02-08T14:28:48.451-05:00,IdeState,Inactive,,*,-1,-1
2025-02-08T14:28:49.452-05:00,IdeState,Inactive,,*,-1,-1
2025-02-08T14:28:50.453-05:00,IdeState,Inactive,,*,-1,-1
2025-02-08T14:28:51.454-05:00,IdeState,Inactive,,*,-1,-1
2025-02-08T14:28:52.454-05:00,IdeState,Inactive,,*,-1,-1
2025-02-08T14:28:53.455-05:00,IdeState,Inactive,,*,-1,-1
2025-02-08T14:28:54.456-05:00,IdeState,Inactive,,*,-1,-1
2025-02-08T14:28:55.456-05:00,IdeState,Inactive,,*,-1,-1
2025-02-08T14:28:56.457-05:00,IdeState,Inactive,,*,-1,-1
2025-02-08T14:28:57.458-05:00,IdeState,Inactive,,*,-1,-1
2025-02-08T14:28:58.459-05:00,IdeState,Inactive,,*,-1,-1
2025-02-08T14:28:59.459-05:00,IdeState,Inactive,,*,-1,-1
2025-02-08T14:29:00.460-05:00,IdeState,Inactive,,*,-1,-1
2025-02-08T14:29:01.461-05:00,IdeState,Inactive,,*,-1,-1
2025-02-08T14:29:02.462-05:00,IdeState,Inactive,,*,-1,-1
2025-02-08T14:29:03.463-05:00,IdeState,Inactive,,*,-1,-1
2025-02-08T14:29:04.463-05:00,IdeState,Inactive,,*,-1,-1
2025-02-08T14:29:05.464-05:00,IdeState,Inactive,,*,-1,-1
2025-02-08T14:29:06.465-05:00,IdeState,Inactive,,*,-1,-1
2025-02-08T14:29:07.466-05:00,IdeState,Inactive,,*,-1,-1
2025-02-08T14:29:08.467-05:00,IdeState,Inactive,,*,-1,-1
2025-02-08T14:29:09.468-05:00,IdeState,Inactive,,*,-1,-1
2025-02-08T14:29:10.468-05:00,IdeState,Inactive,,*,-1,-1
2025-02-08T14:29:11.469-05:00,IdeState,Inactive,,*,-1,-1
2025-02-08T14:29:12.470-05:00,IdeState,Inactive,,*,-1,-1
2025-02-08T14:29:13.470-05:00,IdeState,Inactive,,*,-1,-1
2025-02-08T14:29:14.471-05:00,IdeState,Inactive,,*,-1,-1
2025-02-08T14:29:15.472-05:00,IdeState,Inactive,,*,-1,-1
2025-02-08T14:29:16.472-05:00,IdeState,Inactive,,*,-1,-1
2025-02-08T14:29:17.473-05:00,IdeState,Inactive,,*,-1,-1
2025-02-08T14:29:18.474-05:00,IdeState,Inactive,,*,-1,-1
2025-02-08T14:29:19.475-05:00,IdeState,Inactive,,*,-1,-1
2025-02-08T14:29:20.476-05:00,IdeState,Inactive,,*,-1,-1
2025-02-08T14:29:21.476-05:00,IdeState,Inactive,,*,-1,-1
2025-02-08T14:29:22.477-05:00,IdeState,Inactive,,*,-1,-1
2025-02-08T14:29:23.478-05:00,IdeState,Inactive,,*,-1,-1
2025-02-08T14:29:24.479-05:00,IdeState,Inactive,,*,-1,-1
2025-02-08T14:29:25.479-05:00,IdeState,Inactive,,*,-1,-1
2025-02-08T14:29:26.480-05:00,IdeState,Inactive,,*,-1,-1
2025-02-08T14:29:27.481-05:00,IdeState,Inactive,,*,-1,-1
2025-02-08T14:29:28.482-05:00,IdeState,Inactive,,*,-1,-1
2025-02-08T14:29:29.482-05:00,IdeState,Inactive,,*,-1,-1
2025-02-08T14:29:30.483-05:00,IdeState,Inactive,,*,-1,-1
2025-02-08T14:29:31.484-05:00,IdeState,Inactive,,*,-1,-1
2025-02-08T14:29:32.485-05:00,IdeState,Inactive,,*,-1,-1
2025-02-08T14:29:33.485-05:00,IdeState,Inactive,,*,-1,-1
2025-02-08T14:29:34.486-05:00,IdeState,Inactive,,*,-1,-1
2025-02-08T14:29:35.487-05:00,IdeState,Inactive,,*,-1,-1
2025-02-08T14:29:36.488-05:00,IdeState,Inactive,,*,-1,-1
2025-02-08T14:29:37.488-05:00,IdeState,Inactive,,*,-1,-1
2025-02-08T14:29:38.489-05:00,IdeState,Inactive,,*,-1,-1
2025-02-08T14:29:39.489-05:00,IdeState,Inactive,,*,-1,-1
2025-02-08T14:29:40.490-05:00,IdeState,Inactive,,*,-1,-1
2025-02-08T14:29:41.491-05:00,IdeState,Inactive,,*,-1,-1
2025-02-08T14:29:42.491-05:00,IdeState,Inactive,,*,-1,-1
2025-02-08T14:29:43.492-05:00,IdeState,Inactive,,*,-1,-1
2025-02-08T14:29:44.493-05:00,IdeState,Inactive,,*,-1,-1
2025-02-08T14:29:45.494-05:00,IdeState,Inactive,,*,-1,-1
2025-02-08T14:29:46.494-05:00,IdeState,Inactive,,*,-1,-1
2025-02-08T14:29:47.495-05:00,IdeState,Inactive,,*,-1,-1
2025-02-08T14:29:48.496-05:00,IdeState,Inactive,,*,-1,-1
2025-02-08T14:29:49.497-05:00,IdeState,Inactive,,*,-1,-1
2025-02-08T14:29:50.497-05:00,IdeState,Inactive,,*,-1,-1
2025-02-08T14:29:51.498-05:00,IdeState,Inactive,,*,-1,-1
2025-02-08T14:29:52.499-05:00,IdeState,Inactive,,*,-1,-1
2025-02-08T14:29:53.500-05:00,IdeState,Inactive,,*,-1,-1
2025-02-08T14:29:54.500-05:00,IdeState,Inactive,,*,-1,-1
2025-02-08T14:29:55.501-05:00,IdeState,Inactive,,*,-1,-1
2025-02-08T14:29:56.502-05:00,IdeState,Inactive,,*,-1,-1
2025-02-08T14:29:57.503-05:00,IdeState,Inactive,,*,-1,-1
2025-02-08T14:29:58.503-05:00,IdeState,Inactive,,*,-1,-1
2025-02-08T14:29:59.504-05:00,IdeState,Inactive,,*,-1,-1
2025-02-08T14:30:00.505-05:00,IdeState,Inactive,,*,-1,-1
2025-02-08T14:30:01.505-05:00,IdeState,Inactive,,*,-1,-1
2025-02-08T14:30:02.506-05:00,IdeState,Inactive,,*,-1,-1
2025-02-08T14:30:03.507-05:00,IdeState,Inactive,,*,-1,-1
2025-02-08T14:30:04.507-05:00,IdeState,Inactive,,*,-1,-1
2025-02-08T14:30:05.508-05:00,IdeState,Inactive,,*,-1,-1
2025-02-08T14:30:06.509-05:00,IdeState,Inactive,,*,-1,-1
2025-02-08T14:30:07.509-05:00,IdeState,Inactive,,*,-1,-1
2025-02-08T14:30:08.510-05:00,IdeState,Inactive,,*,-1,-1
2025-02-08T14:30:09.511-05:00,IdeState,Inactive,,*,-1,-1
2025-02-08T14:30:10.512-05:00,IdeState,Inactive,,*,-1,-1
2025-02-08T14:30:11.512-05:00,IdeState,Inactive,,*,-1,-1
2025-02-08T14:30:12.513-05:00,IdeState,Inactive,,*,-1,-1
2025-02-08T14:30:13.514-05:00,IdeState,Inactive,,*,-1,-1
2025-02-08T14:30:14.514-05:00,IdeState,Inactive,,*,-1,-1
2025-02-08T14:30:15.515-05:00,IdeState,Inactive,,*,-1,-1
2025-02-08T14:30:16.516-05:00,IdeState,Inactive,,*,-1,-1
2025-02-08T14:30:17.517-05:00,IdeState,Inactive,,*,-1,-1
2025-02-08T14:30:18.517-05:00,IdeState,Inactive,,*,-1,-1
2025-02-08T14:30:19.518-05:00,IdeState,Inactive,,*,-1,-1
2025-02-08T14:30:20.519-05:00,IdeState,Inactive,,*,-1,-1
2025-02-08T14:30:21.520-05:00,IdeState,Inactive,,*,-1,-1
2025-02-08T14:30:22.520-05:00,IdeState,Inactive,,*,-1,-1
2025-02-08T14:30:23.521-05:00,IdeState,Inactive,,*,-1,-1
2025-02-08T14:30:24.522-05:00,IdeState,Inactive,,*,-1,-1
2025-02-08T14:30:25.523-05:00,IdeState,Inactive,,*,-1,-1
2025-02-08T14:30:26.523-05:00,IdeState,Inactive,,*,-1,-1
2025-02-08T14:30:27.524-05:00,IdeState,Inactive,,*,-1,-1
2025-02-08T14:30:28.525-05:00,IdeState,Inactive,,*,-1,-1
2025-02-08T14:30:29.525-05:00,IdeState,Inactive,,*,-1,-1
2025-02-08T14:30:30.526-05:00,IdeState,Inactive,,*,-1,-1
2025-02-08T14:30:31.527-05:00,IdeState,Inactive,,*,-1,-1
2025-02-08T14:30:32.527-05:00,IdeState,Inactive,,*,-1,-1
2025-02-08T14:30:33.528-05:00,IdeState,Inactive,,*,-1,-1
2025-02-08T14:30:34.529-05:00,IdeState,Inactive,,*,-1,-1
2025-02-08T14:30:35.529-05:00,IdeState,Inactive,,*,-1,-1
2025-02-08T14:30:36.530-05:00,IdeState,Inactive,,*,-1,-1
2025-02-08T14:30:37.531-05:00,IdeState,Inactive,,*,-1,-1
2025-02-08T14:30:38.531-05:00,IdeState,Inactive,,*,-1,-1
2025-02-08T14:30:39.532-05:00,IdeState,Inactive,,*,-1,-1
2025-02-08T14:30:40.533-05:00,IdeState,Inactive,,*,-1,-1
2025-02-08T14:30:41.533-05:00,IdeState,Inactive,,*,-1,-1
2025-02-08T14:30:42.534-05:00,IdeState,Inactive,,*,-1,-1
2025-02-08T14:30:43.535-05:00,IdeState,Inactive,,*,-1,-1
2025-02-08T14:30:44.536-05:00,IdeState,Inactive,,*,-1,-1
2025-02-08T14:30:45.536-05:00,IdeState,Inactive,,*,-1,-1
2025-02-08T14:30:46.537-05:00,IdeState,Inactive,,*,-1,-1
2025-02-08T14:30:47.538-05:00,IdeState,Inactive,,*,-1,-1
2025-02-08T14:30:48.538-05:00,IdeState,Inactive,,*,-1,-1
2025-02-08T14:30:49.539-05:00,IdeState,Inactive,,*,-1,-1
2025-02-08T14:30:50.540-05:00,IdeState,Inactive,,*,-1,-1
2025-02-08T14:30:51.541-05:00,IdeState,Inactive,,*,-1,-1
2025-02-08T14:30:52.542-05:00,IdeState,Inactive,,*,-1,-1
2025-02-08T14:30:53.542-05:00,IdeState,Inactive,,*,-1,-1
2025-02-08T14:30:54.543-05:00,IdeState,Inactive,,*,-1,-1
2025-02-08T14:30:55.544-05:00,IdeState,Inactive,,*,-1,-1
2025-02-08T14:30:56.545-05:00,IdeState,Inactive,,*,-1,-1
2025-02-08T14:30:57.545-05:00,IdeState,Inactive,,*,-1,-1
2025-02-08T14:30:58.546-05:00,IdeState,Inactive,,*,-1,-1
2025-02-08T14:30:59.547-05:00,IdeState,Inactive,,*,-1,-1
2025-02-08T14:31:00.548-05:00,IdeState,Inactive,,*,-1,-1
2025-02-08T14:31:01.549-05:00,IdeState,Inactive,,*,-1,-1
2025-02-08T14:31:02.550-05:00,IdeState,Inactive,,*,-1,-1
2025-02-08T14:31:03.551-05:00,IdeState,Inactive,,*,-1,-1
2025-02-08T14:31:04.551-05:00,IdeState,Inactive,,*,-1,-1
2025-02-08T14:31:05.552-05:00,IdeState,Inactive,,*,-1,-1
2025-02-08T14:31:06.553-05:00,IdeState,Inactive,,*,-1,-1
2025-02-08T14:31:07.553-05:00,IdeState,Inactive,,*,-1,-1
2025-02-08T14:31:08.554-05:00,IdeState,Inactive,,*,-1,-1
2025-02-08T14:31:09.554-05:00,IdeState,Inactive,,*,-1,-1
2025-02-08T14:31:10.555-05:00,IdeState,Inactive,,*,-1,-1
2025-02-08T14:31:11.556-05:00,IdeState,Inactive,,*,-1,-1
2025-02-08T14:31:12.557-05:00,IdeState,Inactive,,*,-1,-1
2025-02-08T14:31:13.558-05:00,IdeState,Inactive,,*,-1,-1
2025-02-08T14:31:14.558-05:00,IdeState,Inactive,,*,-1,-1
2025-02-08T14:31:15.559-05:00,IdeState,Inactive,,*,-1,-1
2025-02-08T14:31:16.559-05:00,IdeState,Inactive,,*,-1,-1
2025-02-08T14:31:17.560-05:00,IdeState,Inactive,,*,-1,-1
2025-02-08T14:31:18.561-05:00,IdeState,Inactive,,*,-1,-1
2025-02-08T14:31:19.562-05:00,IdeState,Inactive,,*,-1,-1
2025-02-08T14:31:20.562-05:00,IdeState,Inactive,,*,-1,-1
2025-02-08T14:31:21.563-05:00,IdeState,Inactive,,*,-1,-1
2025-02-08T14:31:22.564-05:00,IdeState,Inactive,,*,-1,-1
2025-02-08T14:31:23.565-05:00,IdeState,Inactive,,*,-1,-1
2025-02-08T14:31:24.566-05:00,IdeState,Inactive,,*,-1,-1
2025-02-08T14:31:25.566-05:00,IdeState,Inactive,,*,-1,-1
2025-02-08T14:31:26.567-05:00,IdeState,Inactive,,*,-1,-1
2025-02-08T14:31:27.568-05:00,IdeState,Inactive,,*,-1,-1
2025-02-08T14:31:28.569-05:00,IdeState,Inactive,,*,-1,-1
2025-02-08T14:31:29.569-05:00,IdeState,Inactive,,*,-1,-1
2025-02-08T14:31:30.570-05:00,IdeState,Inactive,,*,-1,-1
2025-02-08T14:31:31.570-05:00,IdeState,Inactive,,*,-1,-1
2025-02-08T14:31:32.571-05:00,IdeState,Inactive,,*,-1,-1
2025-02-08T14:31:33.572-05:00,IdeState,Inactive,,*,-1,-1
2025-02-08T14:31:34.572-05:00,IdeState,Inactive,,*,-1,-1
2025-02-08T14:31:35.573-05:00,IdeState,Inactive,,*,-1,-1
2025-02-08T14:31:36.574-05:00,IdeState,Inactive,,*,-1,-1
2025-02-08T14:31:37.574-05:00,IdeState,Inactive,,*,-1,-1
2025-02-08T14:31:38.575-05:00,IdeState,Inactive,,*,-1,-1
2025-02-08T14:31:39.576-05:00,IdeState,Inactive,,*,-1,-1
2025-02-08T14:31:40.577-05:00,IdeState,Inactive,,*,-1,-1
2025-02-08T14:31:41.577-05:00,IdeState,Inactive,,*,-1,-1
2025-02-08T14:31:42.578-05:00,IdeState,Inactive,,*,-1,-1
2025-02-08T14:31:43.578-05:00,IdeState,Inactive,,*,-1,-1
2025-02-08T14:31:44.579-05:00,IdeState,Inactive,,*,-1,-1
2025-02-08T14:31:45.579-05:00,IdeState,Inactive,,*,-1,-1
2025-02-08T14:31:46.579-05:00,IdeState,Inactive,,*,-1,-1
2025-02-08T14:31:47.580-05:00,IdeState,Inactive,,*,-1,-1
2025-02-08T14:31:48.580-05:00,IdeState,Inactive,,*,-1,-1
2025-02-08T14:31:49.581-05:00,IdeState,Inactive,,*,-1,-1
2025-02-08T14:31:50.582-05:00,IdeState,Inactive,,*,-1,-1
2025-02-08T14:31:51.582-05:00,IdeState,Inactive,,*,-1,-1
2025-02-08T14:31:52.583-05:00,IdeState,Inactive,,*,-1,-1
2025-02-08T14:31:53.583-05:00,IdeState,Inactive,,*,-1,-1
2025-02-08T14:31:54.583-05:00,IdeState,Inactive,,*,-1,-1
2025-02-08T14:31:55.584-05:00,IdeState,Inactive,,*,-1,-1
2025-02-08T14:31:56.584-05:00,IdeState,Inactive,,*,-1,-1
2025-02-08T14:31:57.585-05:00,IdeState,Inactive,,*,-1,-1
2025-02-08T14:31:58.586-05:00,IdeState,Inactive,,*,-1,-1
2025-02-08T14:31:59.586-05:00,IdeState,Inactive,,*,-1,-1
2025-02-08T14:32:00.587-05:00,IdeState,Inactive,,*,-1,-1
2025-02-08T14:32:01.588-05:00,IdeState,Inactive,,*,-1,-1
2025-02-08T14:32:02.588-05:00,IdeState,Inactive,,*,-1,-1
2025-02-08T14:32:03.589-05:00,IdeState,Inactive,,*,-1,-1
2025-02-08T14:32:04.589-05:00,IdeState,Inactive,,*,-1,-1
2025-02-08T14:32:05.590-05:00,IdeState,Inactive,,*,-1,-1
2025-02-08T14:32:06.591-05:00,IdeState,Inactive,,*,-1,-1
2025-02-08T14:32:07.592-05:00,IdeState,Inactive,,*,-1,-1
2025-02-08T14:32:08.592-05:00,IdeState,Inactive,,*,-1,-1
2025-02-08T14:32:09.593-05:00,IdeState,Inactive,,*,-1,-1
2025-02-08T14:32:10.594-05:00,IdeState,Inactive,,*,-1,-1
2025-02-08T14:32:11.594-05:00,IdeState,Inactive,,*,-1,-1
2025-02-08T14:32:12.595-05:00,IdeState,Inactive,,*,-1,-1
2025-02-08T14:32:13.595-05:00,IdeState,Inactive,,*,-1,-1
2025-02-08T14:32:14.596-05:00,IdeState,Inactive,,*,-1,-1
2025-02-08T14:32:15.597-05:00,IdeState,Inactive,,*,-1,-1
2025-02-08T14:32:16.598-05:00,IdeState,Inactive,,*,-1,-1
2025-02-08T14:32:17.598-05:00,IdeState,Inactive,,*,-1,-1
2025-02-08T14:32:18.599-05:00,IdeState,Inactive,,*,-1,-1
2025-02-08T14:32:19.599-05:00,IdeState,Inactive,,*,-1,-1
2025-02-08T14:32:20.600-05:00,IdeState,Inactive,,*,-1,-1
2025-02-08T14:32:21.601-05:00,IdeState,Inactive,,*,-1,-1
2025-02-08T14:32:22.601-05:00,IdeState,Inactive,,*,-1,-1
2025-02-08T14:32:23.602-05:00,IdeState,Inactive,,*,-1,-1
2025-02-08T14:32:24.602-05:00,IdeState,Inactive,,*,-1,-1
2025-02-08T14:32:25.603-05:00,IdeState,Inactive,,*,-1,-1
2025-02-08T14:32:26.603-05:00,IdeState,Inactive,,*,-1,-1
2025-02-08T14:32:27.604-05:00,IdeState,Inactive,,*,-1,-1
2025-02-08T14:32:28.604-05:00,IdeState,Inactive,,*,-1,-1
2025-02-08T14:32:29.605-05:00,IdeState,Inactive,,*,-1,-1
2025-02-08T14:32:30.606-05:00,IdeState,Inactive,,*,-1,-1
2025-02-08T14:32:31.607-05:00,IdeState,Inactive,,*,-1,-1
2025-02-08T14:32:32.607-05:00,IdeState,Inactive,,*,-1,-1
2025-02-08T14:32:33.608-05:00,IdeState,Inactive,,*,-1,-1
2025-02-08T14:32:34.608-05:00,IdeState,Inactive,,*,-1,-1
2025-02-08T14:32:35.609-05:00,IdeState,Inactive,,*,-1,-1
2025-02-08T14:32:36.610-05:00,IdeState,Inactive,,*,-1,-1
2025-02-08T14:32:37.610-05:00,IdeState,Inactive,,*,-1,-1
2025-02-08T14:32:38.611-05:00,IdeState,Inactive,,*,-1,-1
2025-02-08T14:32:39.612-05:00,IdeState,Inactive,,*,-1,-1
2025-02-08T14:32:40.612-05:00,IdeState,Inactive,,*,-1,-1
2025-02-08T14:32:41.613-05:00,IdeState,Inactive,,*,-1,-1
2025-02-08T14:32:42.613-05:00,IdeState,Inactive,,*,-1,-1
2025-02-08T14:32:43.614-05:00,IdeState,Inactive,,*,-1,-1
2025-02-08T14:32:44.614-05:00,IdeState,Inactive,,*,-1,-1
2025-02-08T14:32:45.615-05:00,IdeState,Inactive,,*,-1,-1
2025-02-08T14:32:46.616-05:00,IdeState,Inactive,,*,-1,-1
2025-02-08T14:32:47.616-05:00,IdeState,Inactive,,*,-1,-1
2025-02-08T14:32:48.617-05:00,IdeState,Inactive,,*,-1,-1
2025-02-08T14:32:49.618-05:00,IdeState,Inactive,,*,-1,-1
2025-02-08T14:32:50.618-05:00,IdeState,Inactive,,*,-1,-1
2025-02-08T14:32:51.619-05:00,IdeState,Inactive,,*,-1,-1
2025-02-08T14:32:52.620-05:00,IdeState,Inactive,,*,-1,-1
2025-02-08T14:32:53.621-05:00,IdeState,Inactive,,*,-1,-1
2025-02-08T14:32:54.621-05:00,IdeState,Inactive,,*,-1,-1
2025-02-08T14:32:55.622-05:00,IdeState,Inactive,,*,-1,-1
2025-02-08T14:32:56.622-05:00,IdeState,Inactive,,*,-1,-1
2025-02-08T14:32:57.623-05:00,IdeState,Inactive,,*,-1,-1
2025-02-08T14:32:58.624-05:00,IdeState,Inactive,,*,-1,-1
2025-02-08T14:32:59.625-05:00,IdeState,Inactive,,*,-1,-1
2025-02-08T14:33:00.626-05:00,IdeState,Inactive,,*,-1,-1
2025-02-08T14:33:01.626-05:00,IdeState,Inactive,,*,-1,-1
2025-02-08T14:33:02.627-05:00,IdeState,Inactive,,*,-1,-1
2025-02-08T14:33:03.628-05:00,IdeState,Inactive,,*,-1,-1
2025-02-08T14:33:04.629-05:00,IdeState,Inactive,,*,-1,-1
2025-02-08T14:33:05.629-05:00,IdeState,Inactive,,*,-1,-1
2025-02-08T14:33:06.630-05:00,IdeState,Inactive,,*,-1,-1
2025-02-08T14:33:07.630-05:00,IdeState,Inactive,,*,-1,-1
2025-02-08T14:33:08.630-05:00,IdeState,Inactive,,*,-1,-1
2025-02-08T14:33:09.631-05:00,IdeState,Inactive,,*,-1,-1
2025-02-08T14:33:10.631-05:00,IdeState,Inactive,,*,-1,-1
2025-02-08T14:33:11.632-05:00,IdeState,Inactive,,*,-1,-1
2025-02-08T14:33:12.632-05:00,IdeState,Inactive,,*,-1,-1
2025-02-08T14:33:13.633-05:00,IdeState,Inactive,,*,-1,-1
2025-02-08T14:33:14.634-05:00,IdeState,Inactive,,*,-1,-1
2025-02-08T14:33:15.634-05:00,IdeState,Inactive,,*,-1,-1
2025-02-08T14:33:16.635-05:00,IdeState,Inactive,,*,-1,-1
2025-02-08T14:33:17.636-05:00,IdeState,Inactive,,*,-1,-1
2025-02-08T14:33:18.636-05:00,IdeState,Inactive,,*,-1,-1
2025-02-08T14:33:19.637-05:00,IdeState,Inactive,,*,-1,-1
2025-02-08T14:33:20.637-05:00,IdeState,Inactive,,*,-1,-1
2025-02-08T14:33:21.638-05:00,IdeState,Inactive,,*,-1,-1
2025-02-08T14:33:22.639-05:00,IdeState,Inactive,,*,-1,-1
2025-02-08T14:33:23.640-05:00,IdeState,Inactive,,*,-1,-1
2025-02-08T14:33:24.640-05:00,IdeState,Inactive,,*,-1,-1
2025-02-08T14:33:25.641-05:00,IdeState,Inactive,,*,-1,-1
2025-02-08T14:33:26.642-05:00,IdeState,Inactive,,*,-1,-1
2025-02-08T14:33:27.642-05:00,IdeState,Inactive,,*,-1,-1
2025-02-08T14:33:28.643-05:00,IdeState,Inactive,,*,-1,-1
2025-02-08T14:33:29.644-05:00,IdeState,Inactive,,*,-1,-1
2025-02-08T14:33:30.644-05:00,IdeState,Inactive,,*,-1,-1
2025-02-08T14:33:31.645-05:00,IdeState,Inactive,,*,-1,-1
2025-02-08T14:33:32.645-05:00,IdeState,Inactive,,*,-1,-1
2025-02-08T14:33:33.646-05:00,IdeState,Inactive,,*,-1,-1
2025-02-08T14:33:34.647-05:00,IdeState,Inactive,,*,-1,-1
2025-02-08T14:33:35.647-05:00,IdeState,Inactive,,*,-1,-1
2025-02-08T14:33:36.648-05:00,IdeState,Inactive,,*,-1,-1
2025-02-08T14:33:37.649-05:00,IdeState,Inactive,,*,-1,-1
2025-02-08T14:33:38.649-05:00,IdeState,Inactive,,*,-1,-1
2025-02-08T14:33:39.650-05:00,IdeState,Inactive,,*,-1,-1
2025-02-08T14:33:40.651-05:00,IdeState,Inactive,,*,-1,-1
2025-02-08T14:33:41.651-05:00,IdeState,Inactive,,*,-1,-1
2025-02-08T14:33:42.652-05:00,IdeState,Inactive,,*,-1,-1
2025-02-08T14:33:43.653-05:00,IdeState,Inactive,,*,-1,-1
2025-02-08T14:33:44.653-05:00,IdeState,Inactive,,*,-1,-1
2025-02-08T14:33:45.653-05:00,IdeState,Inactive,,*,-1,-1
2025-02-08T14:33:46.654-05:00,IdeState,Inactive,,*,-1,-1
2025-02-08T14:33:47.655-05:00,IdeState,Inactive,,*,-1,-1
2025-02-08T14:33:48.655-05:00,IdeState,Inactive,,*,-1,-1
2025-02-08T14:33:49.655-05:00,IdeState,Inactive,,*,-1,-1
2025-02-08T14:33:50.656-05:00,IdeState,Inactive,,*,-1,-1
2025-02-08T14:33:51.656-05:00,IdeState,Inactive,,*,-1,-1
2025-02-08T14:33:52.656-05:00,IdeState,Inactive,,*,-1,-1
2025-02-08T14:33:53.657-05:00,IdeState,Inactive,,*,-1,-1
2025-02-08T14:33:54.658-05:00,IdeState,Inactive,,*,-1,-1
2025-02-08T14:33:55.658-05:00,IdeState,Inactive,,*,-1,-1
2025-02-08T14:33:56.659-05:00,IdeState,Inactive,,*,-1,-1
2025-02-08T14:33:57.660-05:00,IdeState,Inactive,,*,-1,-1
2025-02-08T14:33:58.660-05:00,IdeState,Inactive,,*,-1,-1
2025-02-08T14:33:59.661-05:00,IdeState,Inactive,,*,-1,-1
2025-02-08T14:34:00.662-05:00,IdeState,Inactive,,*,-1,-1
2025-02-08T14:34:01.663-05:00,IdeState,Inactive,,*,-1,-1
2025-02-08T14:34:02.663-05:00,IdeState,Inactive,,*,-1,-1
2025-02-08T14:34:03.664-05:00,IdeState,Inactive,,*,-1,-1
2025-02-08T14:34:04.664-05:00,IdeState,Inactive,,*,-1,-1
2025-02-08T14:34:05.664-05:00,IdeState,Inactive,,*,-1,-1
2025-02-08T14:34:06.665-05:00,IdeState,Inactive,,*,-1,-1
2025-02-08T14:34:07.665-05:00,IdeState,Inactive,,*,-1,-1
2025-02-08T14:34:08.666-05:00,IdeState,Inactive,,*,-1,-1
2025-02-08T14:34:09.667-05:00,IdeState,Inactive,,*,-1,-1
2025-02-08T14:34:10.667-05:00,IdeState,Inactive,,*,-1,-1
2025-02-08T14:34:11.668-05:00,IdeState,Inactive,,*,-1,-1
2025-02-08T14:34:12.668-05:00,IdeState,Inactive,,*,-1,-1
2025-02-08T14:34:13.669-05:00,IdeState,Inactive,,*,-1,-1
2025-02-08T14:34:14.670-05:00,IdeState,Inactive,,*,-1,-1
2025-02-08T14:34:15.670-05:00,IdeState,Inactive,,*,-1,-1
2025-02-08T14:34:16.671-05:00,IdeState,Inactive,,*,-1,-1
2025-02-08T14:34:17.672-05:00,IdeState,Inactive,,*,-1,-1
2025-02-08T14:34:18.672-05:00,IdeState,Inactive,,*,-1,-1
2025-02-08T14:34:19.673-05:00,IdeState,Inactive,,*,-1,-1
2025-02-08T14:34:20.673-05:00,IdeState,Inactive,,*,-1,-1
2025-02-08T14:34:21.674-05:00,IdeState,Inactive,,*,-1,-1
2025-02-08T14:34:22.675-05:00,IdeState,Inactive,,*,-1,-1
2025-02-08T14:34:23.675-05:00,IdeState,Inactive,,*,-1,-1
2025-02-08T14:34:24.676-05:00,IdeState,Inactive,,*,-1,-1
2025-02-08T14:34:25.677-05:00,IdeState,Inactive,,*,-1,-1
2025-02-08T14:34:26.677-05:00,IdeState,Inactive,,*,-1,-1
2025-02-08T14:34:27.678-05:00,IdeState,Inactive,,*,-1,-1
2025-02-08T14:34:28.679-05:00,IdeState,Inactive,,*,-1,-1
2025-02-08T14:34:29.679-05:00,IdeState,Inactive,,*,-1,-1
2025-02-08T14:34:30.680-05:00,IdeState,Inactive,,*,-1,-1
2025-02-08T14:34:31.680-05:00,IdeState,Inactive,,*,-1,-1
2025-02-08T14:34:32.681-05:00,IdeState,Inactive,,*,-1,-1
2025-02-08T14:34:33.681-05:00,IdeState,Inactive,,*,-1,-1
2025-02-08T14:34:34.682-05:00,IdeState,Inactive,,*,-1,-1
2025-02-08T14:34:35.682-05:00,IdeState,Inactive,,*,-1,-1
2025-02-08T14:34:36.683-05:00,IdeState,Inactive,,*,-1,-1
2025-02-08T14:34:37.683-05:00,IdeState,Inactive,,*,-1,-1
2025-02-08T14:34:38.684-05:00,IdeState,Inactive,,*,-1,-1
2025-02-08T14:34:39.685-05:00,IdeState,Inactive,,*,-1,-1
2025-02-08T14:34:40.685-05:00,IdeState,Inactive,,*,-1,-1
2025-02-08T14:34:41.686-05:00,IdeState,Inactive,,*,-1,-1
2025-02-08T14:34:42.686-05:00,IdeState,Inactive,,*,-1,-1
2025-02-08T14:34:43.687-05:00,IdeState,Inactive,,*,-1,-1
2025-02-08T14:34:44.687-05:00,IdeState,Inactive,,*,-1,-1
2025-02-08T14:34:45.688-05:00,IdeState,Inactive,,*,-1,-1
2025-02-08T14:34:46.689-05:00,IdeState,Inactive,,*,-1,-1
2025-02-08T14:34:47.690-05:00,IdeState,Inactive,,*,-1,-1
2025-02-08T14:34:48.690-05:00,IdeState,Inactive,,*,-1,-1
2025-02-08T14:34:49.691-05:00,IdeState,Inactive,,*,-1,-1
2025-02-08T14:34:50.692-05:00,IdeState,Inactive,,*,-1,-1
2025-02-08T14:34:51.692-05:00,IdeState,Inactive,,*,-1,-1
2025-02-08T14:34:52.693-05:00,IdeState,Inactive,,*,-1,-1
2025-02-08T14:34:53.694-05:00,IdeState,Inactive,,*,-1,-1
2025-02-08T14:34:54.695-05:00,IdeState,Inactive,,*,-1,-1
2025-02-08T14:34:55.695-05:00,IdeState,Inactive,,*,-1,-1
2025-02-08T14:34:56.696-05:00,IdeState,Inactive,,*,-1,-1
2025-02-08T14:34:57.697-05:00,IdeState,Inactive,,*,-1,-1
2025-02-08T14:34:58.697-05:00,IdeState,Inactive,,*,-1,-1
2025-02-08T14:34:59.698-05:00,IdeState,Inactive,,*,-1,-1
2025-02-08T14:35:00.699-05:00,IdeState,Inactive,,*,-1,-1
2025-02-08T14:35:01.700-05:00,IdeState,Inactive,,*,-1,-1
2025-02-08T14:35:02.700-05:00,IdeState,Inactive,,*,-1,-1
2025-02-08T14:35:03.701-05:00,IdeState,Inactive,,*,-1,-1
2025-02-08T14:35:04.702-05:00,IdeState,Inactive,,*,-1,-1
2025-02-08T14:35:05.703-05:00,IdeState,Inactive,,*,-1,-1
2025-02-08T14:35:06.703-05:00,IdeState,Inactive,,*,-1,-1
2025-02-08T14:35:07.704-05:00,IdeState,Inactive,,*,-1,-1
2025-02-08T14:35:08.705-05:00,IdeState,Inactive,,*,-1,-1
2025-02-08T14:35:09.705-05:00,IdeState,Inactive,,*,-1,-1
2025-02-08T14:35:10.706-05:00,IdeState,Inactive,,*,-1,-1
2025-02-08T14:35:11.707-05:00,IdeState,Inactive,,*,-1,-1
2025-02-08T14:35:12.707-05:00,IdeState,Inactive,,*,-1,-1
2025-02-08T14:35:13.708-05:00,IdeState,Inactive,,*,-1,-1
2025-02-08T14:35:14.709-05:00,IdeState,Inactive,,*,-1,-1
2025-02-08T14:35:15.710-05:00,IdeState,Inactive,,*,-1,-1
2025-02-08T14:35:16.710-05:00,IdeState,Inactive,,*,-1,-1
2025-02-08T14:35:17.711-05:00,IdeState,Inactive,,*,-1,-1
2025-02-08T14:35:18.712-05:00,IdeState,Inactive,,*,-1,-1
2025-02-08T14:35:19.713-05:00,IdeState,Inactive,,*,-1,-1
2025-02-08T14:35:20.713-05:00,IdeState,Inactive,,*,-1,-1
2025-02-08T14:35:21.714-05:00,IdeState,Inactive,,*,-1,-1
2025-02-08T14:35:22.715-05:00,IdeState,Inactive,,*,-1,-1
2025-02-08T14:35:23.716-05:00,IdeState,Inactive,,*,-1,-1
2025-02-08T14:35:24.716-05:00,IdeState,Inactive,,*,-1,-1
2025-02-08T14:35:25.717-05:00,IdeState,Inactive,,*,-1,-1
2025-02-08T14:35:26.718-05:00,IdeState,Inactive,,*,-1,-1
2025-02-08T14:35:27.718-05:00,IdeState,Inactive,,*,-1,-1
2025-02-08T14:35:28.719-05:00,IdeState,Inactive,,*,-1,-1
2025-02-08T14:35:29.720-05:00,IdeState,Inactive,,*,-1,-1
2025-02-08T14:35:30.720-05:00,IdeState,Inactive,,*,-1,-1
2025-02-08T14:35:31.721-05:00,IdeState,Inactive,,*,-1,-1
2025-02-08T14:35:32.722-05:00,IdeState,Inactive,,*,-1,-1
2025-02-08T14:35:33.722-05:00,IdeState,Inactive,,*,-1,-1
2025-02-08T14:35:34.723-05:00,IdeState,Inactive,,*,-1,-1
2025-02-08T14:35:35.724-05:00,IdeState,Inactive,,*,-1,-1
2025-02-08T14:35:36.724-05:00,IdeState,Inactive,,*,-1,-1
2025-02-08T14:35:37.725-05:00,IdeState,Inactive,,*,-1,-1
2025-02-08T14:35:38.726-05:00,IdeState,Inactive,,*,-1,-1
2025-02-08T14:35:39.726-05:00,IdeState,Inactive,,*,-1,-1
2025-02-08T14:35:40.727-05:00,IdeState,Inactive,,*,-1,-1
2025-02-08T14:35:41.728-05:00,IdeState,Inactive,,*,-1,-1
2025-02-08T14:35:42.728-05:00,IdeState,Inactive,,*,-1,-1
2025-02-08T14:35:43.729-05:00,IdeState,Inactive,,*,-1,-1
2025-02-08T14:35:44.730-05:00,IdeState,Inactive,,*,-1,-1
2025-02-08T14:35:45.730-05:00,IdeState,Inactive,,*,-1,-1
2025-02-08T14:35:46.731-05:00,IdeState,Inactive,,*,-1,-1
2025-02-08T14:35:47.732-05:00,IdeState,Inactive,,*,-1,-1
2025-02-08T14:35:48.733-05:00,IdeState,Inactive,,*,-1,-1
2025-02-08T14:35:49.734-05:00,IdeState,Inactive,,*,-1,-1
2025-02-08T14:35:50.734-05:00,IdeState,Inactive,,*,-1,-1
2025-02-08T14:35:51.735-05:00,IdeState,Inactive,,*,-1,-1
2025-02-08T14:35:52.736-05:00,IdeState,Inactive,,*,-1,-1
2025-02-08T14:35:53.737-05:00,IdeState,Inactive,,*,-1,-1
2025-02-08T14:35:54.738-05:00,IdeState,Inactive,,*,-1,-1
2025-02-08T14:35:55.738-05:00,IdeState,Inactive,,*,-1,-1
2025-02-08T14:35:56.739-05:00,IdeState,Inactive,,*,-1,-1
2025-02-08T14:35:57.740-05:00,IdeState,Inactive,,*,-1,-1
2025-02-08T14:35:58.740-05:00,IdeState,Inactive,,*,-1,-1
2025-02-08T14:35:59.741-05:00,IdeState,Inactive,,*,-1,-1
2025-02-08T14:36:00.742-05:00,IdeState,Inactive,,*,-1,-1
2025-02-08T14:36:01.742-05:00,IdeState,Inactive,,*,-1,-1
2025-02-08T14:36:02.743-05:00,IdeState,Inactive,,*,-1,-1
2025-02-08T14:36:03.744-05:00,IdeState,Inactive,,*,-1,-1
2025-02-08T14:36:04.744-05:00,IdeState,Inactive,,*,-1,-1
2025-02-08T14:36:05.745-05:00,IdeState,Inactive,,*,-1,-1
2025-02-08T14:36:06.746-05:00,IdeState,Inactive,,*,-1,-1
2025-02-08T14:36:07.747-05:00,IdeState,Inactive,,*,-1,-1
2025-02-08T14:36:08.747-05:00,IdeState,Inactive,,*,-1,-1
2025-02-08T14:36:09.748-05:00,IdeState,Inactive,,*,-1,-1
2025-02-08T14:36:10.749-05:00,IdeState,Inactive,,*,-1,-1
2025-02-08T14:36:11.750-05:00,IdeState,Inactive,,*,-1,-1
2025-02-08T14:36:12.750-05:00,IdeState,Inactive,,*,-1,-1
2025-02-08T14:36:13.751-05:00,IdeState,Inactive,,*,-1,-1
2025-02-08T14:36:14.752-05:00,IdeState,Inactive,,*,-1,-1
2025-02-08T14:36:15.752-05:00,IdeState,Inactive,,*,-1,-1
2025-02-08T14:36:16.753-05:00,IdeState,Inactive,,*,-1,-1
2025-02-08T14:36:17.753-05:00,IdeState,Inactive,,*,-1,-1
2025-02-08T14:36:18.754-05:00,IdeState,Inactive,,*,-1,-1
2025-02-08T14:36:19.755-05:00,IdeState,Inactive,,*,-1,-1
2025-02-08T14:36:20.756-05:00,IdeState,Inactive,,*,-1,-1
2025-02-08T14:36:21.756-05:00,IdeState,Inactive,,*,-1,-1
2025-02-08T14:36:22.757-05:00,IdeState,Inactive,,*,-1,-1
2025-02-08T14:36:23.757-05:00,IdeState,Inactive,,*,-1,-1
2025-02-08T14:36:24.758-05:00,IdeState,Inactive,,*,-1,-1
2025-02-08T14:36:25.759-05:00,IdeState,Inactive,,*,-1,-1
2025-02-08T14:36:26.759-05:00,IdeState,Inactive,,*,-1,-1
2025-02-08T14:36:27.760-05:00,IdeState,Inactive,,*,-1,-1
2025-02-08T14:36:28.760-05:00,IdeState,Inactive,,*,-1,-1
2025-02-08T14:36:29.761-05:00,IdeState,Inactive,,*,-1,-1
2025-02-08T14:36:30.761-05:00,IdeState,Inactive,,*,-1,-1
2025-02-08T14:36:31.762-05:00,IdeState,Inactive,,*,-1,-1
2025-02-08T14:36:32.763-05:00,IdeState,Inactive,,*,-1,-1
2025-02-08T14:36:33.763-05:00,IdeState,Inactive,,*,-1,-1
2025-02-08T14:36:34.764-05:00,IdeState,Inactive,,*,-1,-1
2025-02-08T14:36:35.764-05:00,IdeState,Inactive,,*,-1,-1
2025-02-08T14:36:36.765-05:00,IdeState,Inactive,,*,-1,-1
2025-02-08T14:36:37.765-05:00,IdeState,Inactive,,*,-1,-1
2025-02-08T14:36:38.766-05:00,IdeState,Inactive,,*,-1,-1
2025-02-08T14:36:39.766-05:00,IdeState,Inactive,,*,-1,-1
2025-02-08T14:36:40.767-05:00,IdeState,Inactive,,*,-1,-1
2025-02-08T14:36:41.767-05:00,IdeState,Inactive,,*,-1,-1
2025-02-08T14:36:42.768-05:00,IdeState,Inactive,,*,-1,-1
2025-02-08T14:36:43.769-05:00,IdeState,Inactive,,*,-1,-1
2025-02-08T14:36:44.770-05:00,IdeState,Inactive,,*,-1,-1
2025-02-08T14:36:45.770-05:00,IdeState,Inactive,,*,-1,-1
2025-02-08T14:36:46.771-05:00,IdeState,Inactive,,*,-1,-1
2025-02-08T14:36:47.771-05:00,IdeState,Inactive,,*,-1,-1
2025-02-08T14:36:48.772-05:00,IdeState,Inactive,,*,-1,-1
2025-02-08T14:36:49.772-05:00,IdeState,Inactive,,*,-1,-1
2025-02-08T14:36:50.773-05:00,IdeState,Inactive,,*,-1,-1
2025-02-08T14:36:51.773-05:00,IdeState,Inactive,,*,-1,-1
2025-02-08T14:36:52.774-05:00,IdeState,Inactive,,*,-1,-1
2025-02-08T14:36:53.774-05:00,IdeState,Inactive,,*,-1,-1
2025-02-08T14:36:54.775-05:00,IdeState,Inactive,,*,-1,-1
2025-02-08T14:36:55.775-05:00,IdeState,Inactive,,*,-1,-1
2025-02-08T14:36:56.776-05:00,IdeState,Inactive,,*,-1,-1
2025-02-08T14:36:57.776-05:00,IdeState,Inactive,,*,-1,-1
2025-02-08T14:36:58.777-05:00,IdeState,Inactive,,*,-1,-1
2025-02-08T14:36:59.777-05:00,IdeState,Inactive,,*,-1,-1
2025-02-08T14:37:00.778-05:00,IdeState,Inactive,,*,-1,-1
2025-02-08T14:37:01.779-05:00,IdeState,Inactive,,*,-1,-1
2025-02-08T14:37:02.779-05:00,IdeState,Inactive,,*,-1,-1
2025-02-08T14:37:03.779-05:00,IdeState,Inactive,,*,-1,-1
2025-02-08T14:37:04.780-05:00,IdeState,Inactive,,*,-1,-1
2025-02-08T14:37:05.781-05:00,IdeState,Inactive,,*,-1,-1
2025-02-08T14:37:06.781-05:00,IdeState,Inactive,,*,-1,-1
2025-02-08T14:37:07.782-05:00,IdeState,Inactive,,*,-1,-1
2025-02-08T14:37:08.783-05:00,IdeState,Inactive,,*,-1,-1
2025-02-08T14:37:09.784-05:00,IdeState,Inactive,,*,-1,-1
2025-02-08T14:37:10.784-05:00,IdeState,Inactive,,*,-1,-1
2025-02-08T14:37:11.785-05:00,IdeState,Inactive,,*,-1,-1
2025-02-08T14:37:12.785-05:00,IdeState,Inactive,,*,-1,-1
2025-02-08T14:37:13.786-05:00,IdeState,Inactive,,*,-1,-1
2025-02-08T14:37:14.787-05:00,IdeState,Inactive,,*,-1,-1
2025-02-08T14:37:15.787-05:00,IdeState,Inactive,,*,-1,-1
2025-02-08T14:37:16.788-05:00,IdeState,Inactive,,*,-1,-1
2025-02-08T14:37:17.789-05:00,IdeState,Inactive,,*,-1,-1
2025-02-08T14:37:18.789-05:00,IdeState,Inactive,,*,-1,-1
2025-02-08T14:37:19.790-05:00,IdeState,Inactive,,*,-1,-1
2025-02-08T14:37:20.790-05:00,IdeState,Inactive,,*,-1,-1
2025-02-08T14:37:21.791-05:00,IdeState,Inactive,,*,-1,-1
2025-02-08T14:37:22.792-05:00,IdeState,Inactive,,*,-1,-1
2025-02-08T14:37:23.793-05:00,IdeState,Inactive,,*,-1,-1
2025-02-08T14:37:24.793-05:00,IdeState,Inactive,,*,-1,-1
2025-02-08T14:37:25.794-05:00,IdeState,Inactive,,*,-1,-1
2025-02-08T14:37:26.794-05:00,IdeState,Inactive,,*,-1,-1
2025-02-08T14:37:27.795-05:00,IdeState,Inactive,,*,-1,-1
2025-02-08T14:37:28.796-05:00,IdeState,Inactive,,*,-1,-1
2025-02-08T14:37:29.796-05:00,IdeState,Inactive,,*,-1,-1
2025-02-08T14:37:30.797-05:00,IdeState,Inactive,,*,-1,-1
2025-02-08T14:37:31.798-05:00,IdeState,Inactive,,*,-1,-1
2025-02-08T14:37:32.799-05:00,IdeState,Inactive,,*,-1,-1
2025-02-08T14:37:33.800-05:00,IdeState,Inactive,,*,-1,-1
2025-02-08T14:37:34.800-05:00,IdeState,Inactive,,*,-1,-1
2025-02-08T14:37:35.801-05:00,IdeState,Inactive,,*,-1,-1
2025-02-08T14:37:36.802-05:00,IdeState,Inactive,,*,-1,-1
2025-02-08T14:37:37.803-05:00,IdeState,Inactive,,*,-1,-1
2025-02-08T14:37:38.803-05:00,IdeState,Inactive,,*,-1,-1
2025-02-08T14:37:39.804-05:00,IdeState,Inactive,,*,-1,-1
2025-02-08T14:37:40.805-05:00,IdeState,Inactive,,*,-1,-1
2025-02-08T14:37:41.806-05:00,IdeState,Inactive,,*,-1,-1
2025-02-08T14:37:42.806-05:00,IdeState,Inactive,,*,-1,-1
2025-02-08T14:37:43.807-05:00,IdeState,Inactive,,*,-1,-1
2025-02-08T14:37:44.808-05:00,IdeState,Inactive,,*,-1,-1
2025-02-08T14:37:45.808-05:00,IdeState,Inactive,,*,-1,-1
2025-02-08T14:37:46.809-05:00,IdeState,Inactive,,*,-1,-1
2025-02-08T14:37:47.810-05:00,IdeState,Inactive,,*,-1,-1
2025-02-08T14:37:48.810-05:00,IdeState,Inactive,,*,-1,-1
2025-02-08T14:37:49.811-05:00,IdeState,Inactive,,*,-1,-1
2025-02-08T14:37:50.812-05:00,IdeState,Inactive,,*,-1,-1
2025-02-08T14:37:51.812-05:00,IdeState,Inactive,,*,-1,-1
2025-02-08T14:37:52.813-05:00,IdeState,Inactive,,*,-1,-1
2025-02-08T14:37:53.814-05:00,IdeState,Inactive,,*,-1,-1
2025-02-08T14:37:54.814-05:00,IdeState,Inactive,,*,-1,-1
2025-02-08T14:37:55.815-05:00,IdeState,Inactive,,*,-1,-1
2025-02-08T14:37:56.816-05:00,IdeState,Inactive,,*,-1,-1
2025-02-08T14:37:57.816-05:00,IdeState,Inactive,,*,-1,-1
2025-02-08T14:37:58.817-05:00,IdeState,Inactive,,*,-1,-1
2025-02-08T14:37:59.817-05:00,IdeState,Inactive,,*,-1,-1
2025-02-08T14:38:00.818-05:00,IdeState,Inactive,,*,-1,-1
2025-02-08T14:38:01.819-05:00,IdeState,Inactive,,*,-1,-1
2025-02-08T14:38:02.819-05:00,IdeState,Inactive,,*,-1,-1
2025-02-08T14:38:03.820-05:00,IdeState,Inactive,,*,-1,-1
2025-02-08T14:38:04.821-05:00,IdeState,Inactive,,*,-1,-1
2025-02-08T14:38:05.821-05:00,IdeState,Inactive,,*,-1,-1
2025-02-08T14:38:06.822-05:00,IdeState,Inactive,,*,-1,-1
2025-02-08T14:38:07.823-05:00,IdeState,Inactive,,*,-1,-1
2025-02-08T14:38:08.823-05:00,IdeState,Inactive,,*,-1,-1
2025-02-08T14:38:09.824-05:00,IdeState,Inactive,,*,-1,-1
2025-02-08T14:38:10.824-05:00,IdeState,Inactive,,*,-1,-1
2025-02-08T14:38:11.825-05:00,IdeState,Inactive,,*,-1,-1
2025-02-08T14:38:12.826-05:00,IdeState,Inactive,,*,-1,-1
2025-02-08T14:38:13.827-05:00,IdeState,Inactive,,*,-1,-1
2025-02-08T14:38:14.827-05:00,IdeState,Inactive,,*,-1,-1
2025-02-08T14:38:15.828-05:00,IdeState,Inactive,,*,-1,-1
2025-02-08T14:38:16.829-05:00,IdeState,Inactive,,*,-1,-1
2025-02-08T14:38:17.830-05:00,IdeState,Inactive,,*,-1,-1
2025-02-08T14:38:18.830-05:00,IdeState,Inactive,,*,-1,-1
2025-02-08T14:38:19.831-05:00,IdeState,Inactive,,*,-1,-1
2025-02-08T14:38:20.832-05:00,IdeState,Inactive,,*,-1,-1
2025-02-08T14:38:21.833-05:00,IdeState,Inactive,,*,-1,-1
2025-02-08T14:38:22.833-05:00,IdeState,Inactive,,*,-1,-1
2025-02-08T14:38:23.834-05:00,IdeState,Inactive,,*,-1,-1
2025-02-08T14:38:24.835-05:00,IdeState,Inactive,,*,-1,-1
2025-02-08T14:38:25.835-05:00,IdeState,Inactive,,*,-1,-1
2025-02-08T14:38:26.836-05:00,IdeState,Inactive,,*,-1,-1
2025-02-08T14:38:27.837-05:00,IdeState,Inactive,,*,-1,-1
2025-02-08T14:38:28.837-05:00,IdeState,Inactive,,*,-1,-1
2025-02-08T14:38:29.838-05:00,IdeState,Inactive,,*,-1,-1
2025-02-08T14:38:30.839-05:00,IdeState,Inactive,,*,-1,-1
2025-02-08T14:38:31.839-05:00,IdeState,Inactive,,*,-1,-1
2025-02-08T14:38:32.840-05:00,IdeState,Inactive,,*,-1,-1
2025-02-08T14:38:33.841-05:00,IdeState,Inactive,,*,-1,-1
2025-02-08T14:38:34.841-05:00,IdeState,Inactive,,*,-1,-1
2025-02-08T14:38:35.842-05:00,IdeState,Inactive,,*,-1,-1
2025-02-08T14:38:36.843-05:00,IdeState,Inactive,,*,-1,-1
2025-02-08T14:38:37.844-05:00,IdeState,Inactive,,*,-1,-1
2025-02-08T14:38:38.844-05:00,IdeState,Inactive,,*,-1,-1
2025-02-08T14:38:39.845-05:00,IdeState,Inactive,,*,-1,-1
2025-02-08T14:38:40.846-05:00,IdeState,Inactive,,*,-1,-1
2025-02-08T14:38:41.847-05:00,IdeState,Inactive,,*,-1,-1
2025-02-08T14:38:42.847-05:00,IdeState,Inactive,,*,-1,-1
2025-02-08T14:38:43.848-05:00,IdeState,Inactive,,*,-1,-1
2025-02-08T14:38:44.849-05:00,IdeState,Inactive,,*,-1,-1
2025-02-08T14:38:45.849-05:00,IdeState,Inactive,,*,-1,-1
2025-02-08T14:38:46.850-05:00,IdeState,Inactive,,*,-1,-1
2025-02-08T14:38:47.851-05:00,IdeState,Inactive,,*,-1,-1
2025-02-08T14:38:48.852-05:00,IdeState,Inactive,,*,-1,-1
2025-02-08T14:38:49.852-05:00,IdeState,Inactive,,*,-1,-1
2025-02-08T14:38:50.853-05:00,IdeState,Inactive,,*,-1,-1
2025-02-08T14:38:51.854-05:00,IdeState,Inactive,,*,-1,-1
2025-02-08T14:38:52.854-05:00,IdeState,Inactive,,*,-1,-1
2025-02-08T14:38:53.855-05:00,IdeState,Inactive,,*,-1,-1
2025-02-08T14:38:54.856-05:00,IdeState,Inactive,,*,-1,-1
2025-02-08T14:38:55.856-05:00,IdeState,Inactive,,*,-1,-1
2025-02-08T14:38:56.857-05:00,IdeState,Inactive,,*,-1,-1
2025-02-08T14:38:57.858-05:00,IdeState,Inactive,,*,-1,-1
2025-02-08T14:38:58.858-05:00,IdeState,Inactive,,*,-1,-1
2025-02-08T14:38:59.859-05:00,IdeState,Inactive,,*,-1,-1
2025-02-08T14:39:00.860-05:00,IdeState,Inactive,,*,-1,-1
2025-02-08T14:39:01.860-05:00,IdeState,Inactive,,*,-1,-1
2025-02-08T14:39:02.861-05:00,IdeState,Inactive,,*,-1,-1
2025-02-08T14:39:03.862-05:00,IdeState,Inactive,,*,-1,-1
2025-02-08T14:39:04.863-05:00,IdeState,Inactive,,*,-1,-1
2025-02-08T14:39:05.863-05:00,IdeState,Inactive,,*,-1,-1
2025-02-08T14:39:06.864-05:00,IdeState,Inactive,,*,-1,-1
2025-02-08T14:39:07.865-05:00,IdeState,Inactive,,*,-1,-1
2025-02-08T14:39:08.865-05:00,IdeState,Inactive,,*,-1,-1
2025-02-08T14:39:09.866-05:00,IdeState,Inactive,,*,-1,-1
2025-02-08T14:39:10.867-05:00,IdeState,Inactive,,*,-1,-1
2025-02-08T14:39:11.867-05:00,IdeState,Inactive,,*,-1,-1
2025-02-08T14:39:12.867-05:00,IdeState,Inactive,,*,-1,-1
2025-02-08T14:39:13.868-05:00,IdeState,Inactive,,*,-1,-1
2025-02-08T14:39:14.868-05:00,IdeState,Inactive,,*,-1,-1
2025-02-08T14:39:15.868-05:00,IdeState,Inactive,,*,-1,-1
2025-02-08T14:39:16.869-05:00,IdeState,Inactive,,*,-1,-1
2025-02-08T14:39:17.869-05:00,IdeState,Inactive,,*,-1,-1
2025-02-08T14:39:18.870-05:00,IdeState,Inactive,,*,-1,-1
2025-02-08T14:39:19.870-05:00,IdeState,Inactive,,*,-1,-1
2025-02-08T14:39:20.870-05:00,IdeState,Inactive,,*,-1,-1
2025-02-08T14:39:21.871-05:00,IdeState,Inactive,,*,-1,-1
2025-02-08T14:39:22.871-05:00,IdeState,Inactive,,*,-1,-1
2025-02-08T14:39:23.872-05:00,IdeState,Inactive,,*,-1,-1
2025-02-08T14:39:24.872-05:00,IdeState,Inactive,,*,-1,-1
2025-02-08T14:39:25.873-05:00,IdeState,Inactive,,*,-1,-1
2025-02-08T14:39:26.873-05:00,IdeState,Inactive,,*,-1,-1
2025-02-08T14:39:27.874-05:00,IdeState,Inactive,,*,-1,-1
2025-02-08T14:39:28.875-05:00,IdeState,Inactive,,*,-1,-1
2025-02-08T14:39:29.875-05:00,IdeState,Inactive,,*,-1,-1
2025-02-08T14:39:30.876-05:00,IdeState,Inactive,,*,-1,-1
2025-02-08T14:39:31.876-05:00,IdeState,Inactive,,*,-1,-1
2025-02-08T14:39:32.877-05:00,IdeState,Inactive,,*,-1,-1
2025-02-08T14:39:33.877-05:00,IdeState,Inactive,,*,-1,-1
2025-02-08T14:39:34.877-05:00,IdeState,Inactive,,*,-1,-1
2025-02-08T14:39:35.878-05:00,IdeState,Inactive,,*,-1,-1
2025-02-08T14:39:36.879-05:00,IdeState,Inactive,,*,-1,-1
2025-02-08T14:39:37.879-05:00,IdeState,Inactive,,*,-1,-1
2025-02-08T14:39:38.880-05:00,IdeState,Inactive,,*,-1,-1
2025-02-08T14:39:39.881-05:00,IdeState,Inactive,,*,-1,-1
2025-02-08T14:39:40.881-05:00,IdeState,Inactive,,*,-1,-1
2025-02-08T14:39:41.882-05:00,IdeState,Inactive,,*,-1,-1
2025-02-08T14:39:42.883-05:00,IdeState,Inactive,,*,-1,-1
2025-02-08T14:39:43.883-05:00,IdeState,Inactive,,*,-1,-1
2025-02-08T14:39:44.884-05:00,IdeState,Inactive,,*,-1,-1
2025-02-08T14:39:45.885-05:00,IdeState,Inactive,,*,-1,-1
2025-02-08T14:39:46.885-05:00,IdeState,Inactive,,*,-1,-1
2025-02-08T14:39:47.886-05:00,IdeState,Inactive,,*,-1,-1
2025-02-08T14:39:48.887-05:00,IdeState,Inactive,,*,-1,-1
2025-02-08T14:39:49.887-05:00,IdeState,Inactive,,*,-1,-1
2025-02-08T14:39:50.888-05:00,IdeState,Inactive,,*,-1,-1
2025-02-08T14:39:51.888-05:00,IdeState,Inactive,,*,-1,-1
2025-02-08T14:39:52.889-05:00,IdeState,Inactive,,*,-1,-1
2025-02-08T14:39:53.890-05:00,IdeState,Inactive,,*,-1,-1
2025-02-08T14:39:54.890-05:00,IdeState,Inactive,,*,-1,-1
2025-02-08T14:39:55.891-05:00,IdeState,Inactive,,*,-1,-1
2025-02-08T14:39:56.891-05:00,IdeState,Inactive,,*,-1,-1
2025-02-08T14:39:57.892-05:00,IdeState,Inactive,,*,-1,-1
2025-02-08T14:39:58.893-05:00,IdeState,Inactive,,*,-1,-1
2025-02-08T14:39:59.893-05:00,IdeState,Inactive,,*,-1,-1
2025-02-08T14:40:00.894-05:00,IdeState,Inactive,,*,-1,-1
2025-02-08T14:40:01.894-05:00,IdeState,Inactive,,*,-1,-1
2025-02-08T14:40:02.895-05:00,IdeState,Inactive,,*,-1,-1
2025-02-08T14:40:03.896-05:00,IdeState,Inactive,,*,-1,-1
2025-02-08T14:40:04.896-05:00,IdeState,Inactive,,*,-1,-1
2025-02-08T14:40:05.897-05:00,IdeState,Inactive,,*,-1,-1
2025-02-08T14:40:06.898-05:00,IdeState,Inactive,,*,-1,-1
2025-02-08T14:40:07.898-05:00,IdeState,Inactive,,*,-1,-1
2025-02-08T14:40:08.899-05:00,IdeState,Inactive,,*,-1,-1
2025-02-08T14:40:09.900-05:00,IdeState,Inactive,,*,-1,-1
2025-02-08T14:40:10.900-05:00,IdeState,Inactive,,*,-1,-1
2025-02-08T14:40:11.901-05:00,IdeState,Inactive,,*,-1,-1
2025-02-08T14:40:12.902-05:00,IdeState,Inactive,,*,-1,-1
2025-02-08T14:40:13.902-05:00,IdeState,Inactive,,*,-1,-1
2025-02-08T14:40:14.903-05:00,IdeState,Inactive,,*,-1,-1
2025-02-08T14:40:15.904-05:00,IdeState,Inactive,,*,-1,-1
2025-02-08T14:40:16.904-05:00,IdeState,Inactive,,*,-1,-1
2025-02-08T14:40:17.905-05:00,IdeState,Inactive,,*,-1,-1
2025-02-08T14:40:18.905-05:00,IdeState,Inactive,,*,-1,-1
2025-02-08T14:40:19.906-05:00,IdeState,Inactive,,*,-1,-1
2025-02-08T14:40:20.906-05:00,IdeState,Inactive,,*,-1,-1
2025-02-08T14:40:21.907-05:00,IdeState,Inactive,,*,-1,-1
2025-02-08T14:40:22.908-05:00,IdeState,Inactive,,*,-1,-1
2025-02-08T14:40:23.908-05:00,IdeState,Inactive,,*,-1,-1
2025-02-08T14:40:24.909-05:00,IdeState,Inactive,,*,-1,-1
2025-02-08T14:40:25.909-05:00,IdeState,Inactive,,*,-1,-1
2025-02-08T14:40:26.910-05:00,IdeState,Inactive,,*,-1,-1
2025-02-08T14:40:27.911-05:00,IdeState,Inactive,,*,-1,-1
2025-02-08T14:40:28.911-05:00,IdeState,Inactive,,*,-1,-1
2025-02-08T14:40:29.912-05:00,IdeState,Inactive,,*,-1,-1
2025-02-08T14:40:30.912-05:00,IdeState,Inactive,,*,-1,-1
2025-02-08T14:40:31.913-05:00,IdeState,Inactive,,*,-1,-1
2025-02-08T14:40:32.914-05:00,IdeState,Inactive,,*,-1,-1
2025-02-08T14:40:33.914-05:00,IdeState,Inactive,,*,-1,-1
2025-02-08T14:40:34.915-05:00,IdeState,Inactive,,*,-1,-1
2025-02-08T14:40:35.915-05:00,IdeState,Inactive,,*,-1,-1
2025-02-08T14:40:36.916-05:00,IdeState,Inactive,,*,-1,-1
2025-02-08T14:40:37.916-05:00,IdeState,Inactive,,*,-1,-1
2025-02-08T14:40:38.917-05:00,IdeState,Inactive,,*,-1,-1
2025-02-08T14:40:39.918-05:00,IdeState,Inactive,,*,-1,-1
2025-02-08T14:40:40.919-05:00,IdeState,Inactive,,*,-1,-1
2025-02-08T14:40:41.919-05:00,IdeState,Inactive,,*,-1,-1
2025-02-08T14:40:42.920-05:00,IdeState,Inactive,,*,-1,-1
2025-02-08T14:40:43.920-05:00,IdeState,Inactive,,*,-1,-1
2025-02-08T14:40:44.921-05:00,IdeState,Inactive,,*,-1,-1
2025-02-08T14:40:45.922-05:00,IdeState,Inactive,,*,-1,-1
2025-02-08T14:40:46.923-05:00,IdeState,Inactive,,*,-1,-1
2025-02-08T14:40:47.923-05:00,IdeState,Inactive,,*,-1,-1
2025-02-08T14:40:48.924-05:00,IdeState,Inactive,,*,-1,-1
2025-02-08T14:40:49.925-05:00,IdeState,Inactive,,*,-1,-1
2025-02-08T14:40:50.925-05:00,IdeState,Inactive,,*,-1,-1
2025-02-08T14:40:51.926-05:00,IdeState,Inactive,,*,-1,-1
2025-02-08T14:40:52.927-05:00,IdeState,Inactive,,*,-1,-1
2025-02-08T14:40:53.927-05:00,IdeState,Inactive,,*,-1,-1
2025-02-08T14:40:54.928-05:00,IdeState,Inactive,,*,-1,-1
2025-02-08T14:40:55.929-05:00,IdeState,Inactive,,*,-1,-1
2025-02-08T14:40:56.930-05:00,IdeState,Inactive,,*,-1,-1
2025-02-08T14:40:57.930-05:00,IdeState,Inactive,,*,-1,-1
2025-02-08T14:40:58.931-05:00,IdeState,Inactive,,*,-1,-1
2025-02-08T14:40:59.931-05:00,IdeState,Inactive,,*,-1,-1
2025-02-08T14:41:00.932-05:00,IdeState,Inactive,,*,-1,-1
2025-02-08T14:41:01.933-05:00,IdeState,Inactive,,*,-1,-1
2025-02-08T14:41:02.933-05:00,IdeState,Inactive,,*,-1,-1
2025-02-08T14:41:03.934-05:00,IdeState,Inactive,,*,-1,-1
2025-02-08T14:41:04.934-05:00,IdeState,Inactive,,*,-1,-1
2025-02-08T14:41:05.935-05:00,IdeState,Inactive,,*,-1,-1
2025-02-08T14:41:06.936-05:00,IdeState,Inactive,,*,-1,-1
2025-02-08T14:41:07.937-05:00,IdeState,Inactive,,*,-1,-1
2025-02-08T14:41:08.937-05:00,IdeState,Inactive,,*,-1,-1
2025-02-08T14:41:09.938-05:00,IdeState,Inactive,,*,-1,-1
2025-02-08T14:41:10.938-05:00,IdeState,Inactive,,*,-1,-1
2025-02-08T14:41:11.939-05:00,IdeState,Inactive,,*,-1,-1
2025-02-08T14:41:12.940-05:00,IdeState,Inactive,,*,-1,-1
2025-02-08T14:41:13.940-05:00,IdeState,Inactive,,*,-1,-1
2025-02-08T14:41:14.941-05:00,IdeState,Inactive,,*,-1,-1
2025-02-08T14:41:15.942-05:00,IdeState,Inactive,,*,-1,-1
2025-02-08T14:41:16.942-05:00,IdeState,Inactive,,*,-1,-1
2025-02-08T14:41:17.943-05:00,IdeState,Inactive,,*,-1,-1
2025-02-08T14:41:18.944-05:00,IdeState,Inactive,,*,-1,-1
2025-02-08T14:41:19.944-05:00,IdeState,Inactive,,*,-1,-1
2025-02-08T14:41:20.945-05:00,IdeState,Inactive,,*,-1,-1
2025-02-08T14:41:21.946-05:00,IdeState,Inactive,,*,-1,-1
2025-02-08T14:41:22.946-05:00,IdeState,Inactive,,*,-1,-1
2025-02-08T14:41:23.947-05:00,IdeState,Inactive,,*,-1,-1
2025-02-08T14:41:24.948-05:00,IdeState,Inactive,,*,-1,-1
2025-02-08T14:41:25.948-05:00,IdeState,Inactive,,*,-1,-1
2025-02-08T14:41:26.949-05:00,IdeState,Inactive,,*,-1,-1
2025-02-08T14:41:27.950-05:00,IdeState,Inactive,,*,-1,-1
2025-02-08T14:41:28.950-05:00,IdeState,Inactive,,*,-1,-1
2025-02-08T14:41:29.951-05:00,IdeState,Inactive,,*,-1,-1
2025-02-08T14:41:30.951-05:00,IdeState,Inactive,,*,-1,-1
2025-02-08T14:41:31.952-05:00,IdeState,Inactive,,*,-1,-1
2025-02-08T14:41:32.953-05:00,IdeState,Inactive,,*,-1,-1
2025-02-08T14:41:33.953-05:00,IdeState,Inactive,,*,-1,-1
2025-02-08T14:41:34.954-05:00,IdeState,Inactive,,*,-1,-1
2025-02-08T14:41:35.955-05:00,IdeState,Inactive,,*,-1,-1
2025-02-08T14:41:36.955-05:00,IdeState,Inactive,,*,-1,-1
2025-02-08T14:41:37.956-05:00,IdeState,Inactive,,*,-1,-1
2025-02-08T14:41:38.957-05:00,IdeState,Inactive,,*,-1,-1
2025-02-08T14:41:39.957-05:00,IdeState,Inactive,,*,-1,-1
2025-02-08T14:41:40.958-05:00,IdeState,Inactive,,*,-1,-1
2025-02-08T14:41:41.958-05:00,IdeState,Inactive,,*,-1,-1
2025-02-08T14:41:42.959-05:00,IdeState,Inactive,,*,-1,-1
2025-02-08T14:41:43.959-05:00,IdeState,Inactive,,*,-1,-1
2025-02-08T14:41:44.960-05:00,IdeState,Inactive,,*,-1,-1
2025-02-08T14:41:45.961-05:00,IdeState,Inactive,,*,-1,-1
2025-02-08T14:41:46.961-05:00,IdeState,Inactive,,*,-1,-1
2025-02-08T14:41:47.961-05:00,IdeState,Inactive,,*,-1,-1
2025-02-08T14:41:48.962-05:00,IdeState,Inactive,,*,-1,-1
2025-02-08T14:41:49.963-05:00,IdeState,Inactive,,*,-1,-1
2025-02-08T14:41:50.963-05:00,IdeState,Inactive,,*,-1,-1
2025-02-08T14:41:51.963-05:00,IdeState,Inactive,,*,-1,-1
2025-02-08T14:41:52.964-05:00,IdeState,Inactive,,*,-1,-1
2025-02-08T14:41:53.964-05:00,IdeState,Inactive,,*,-1,-1
2025-02-08T14:41:54.965-05:00,IdeState,Inactive,,*,-1,-1
2025-02-08T14:41:55.965-05:00,IdeState,Inactive,,*,-1,-1
2025-02-08T14:41:56.966-05:00,IdeState,Inactive,,*,-1,-1
2025-02-08T14:41:57.967-05:00,IdeState,Inactive,,*,-1,-1
2025-02-08T14:41:58.967-05:00,IdeState,Inactive,,*,-1,-1
2025-02-08T14:41:59.968-05:00,IdeState,Inactive,,*,-1,-1
2025-02-08T14:42:00.969-05:00,IdeState,Inactive,,*,-1,-1
2025-02-08T14:42:01.970-05:00,IdeState,Inactive,,*,-1,-1
2025-02-08T14:42:02.970-05:00,IdeState,Inactive,,*,-1,-1
2025-02-08T14:42:03.971-05:00,IdeState,Inactive,,*,-1,-1
2025-02-08T14:42:04.971-05:00,IdeState,Inactive,,*,-1,-1
2025-02-08T14:42:05.972-05:00,IdeState,Inactive,,*,-1,-1
2025-02-08T14:42:06.973-05:00,IdeState,Inactive,,*,-1,-1
2025-02-08T14:42:07.973-05:00,IdeState,Inactive,,*,-1,-1
2025-02-08T14:42:08.974-05:00,IdeState,Inactive,,*,-1,-1
2025-02-08T14:42:09.975-05:00,IdeState,Inactive,,*,-1,-1
2025-02-08T14:42:10.975-05:00,IdeState,Inactive,,*,-1,-1
2025-02-08T14:42:11.976-05:00,IdeState,Inactive,,*,-1,-1
2025-02-08T14:42:12.977-05:00,IdeState,Inactive,,*,-1,-1
2025-02-08T14:42:13.977-05:00,IdeState,Inactive,,*,-1,-1
2025-02-08T14:42:14.978-05:00,IdeState,Inactive,,*,-1,-1
2025-02-08T14:42:15.978-05:00,IdeState,Inactive,,*,-1,-1
2025-02-08T14:42:16.979-05:00,IdeState,Inactive,,*,-1,-1
2025-02-08T14:42:17.980-05:00,IdeState,Inactive,,*,-1,-1
2025-02-08T14:42:18.980-05:00,IdeState,Inactive,,*,-1,-1
2025-02-08T14:42:19.981-05:00,IdeState,Inactive,,*,-1,-1
2025-02-08T14:42:20.981-05:00,IdeState,Inactive,,*,-1,-1
2025-02-08T14:42:21.982-05:00,IdeState,Inactive,,*,-1,-1
2025-02-08T14:42:22.983-05:00,IdeState,Inactive,,*,-1,-1
2025-02-08T14:42:23.983-05:00,IdeState,Inactive,,*,-1,-1
2025-02-08T14:42:24.984-05:00,IdeState,Inactive,,*,-1,-1
2025-02-08T14:42:25.985-05:00,IdeState,Inactive,,*,-1,-1
2025-02-08T14:42:26.986-05:00,IdeState,Inactive,,*,-1,-1
2025-02-08T14:42:27.986-05:00,IdeState,Inactive,,*,-1,-1
2025-02-08T14:42:28.987-05:00,IdeState,Inactive,,*,-1,-1
2025-02-08T14:42:29.988-05:00,IdeState,Inactive,,*,-1,-1
2025-02-08T14:42:30.988-05:00,IdeState,Inactive,,*,-1,-1
2025-02-08T14:42:31.989-05:00,IdeState,Inactive,,*,-1,-1
2025-02-08T14:42:32.989-05:00,IdeState,Inactive,,*,-1,-1
2025-02-08T14:42:33.990-05:00,IdeState,Inactive,,*,-1,-1
2025-02-08T14:42:34.990-05:00,IdeState,Inactive,,*,-1,-1
2025-02-08T14:42:35.991-05:00,IdeState,Inactive,,*,-1,-1
2025-02-08T14:42:36.991-05:00,IdeState,Inactive,,*,-1,-1
2025-02-08T14:42:37.992-05:00,IdeState,Inactive,,*,-1,-1
2025-02-08T14:42:38.993-05:00,IdeState,Inactive,,*,-1,-1
2025-02-08T14:42:39.993-05:00,IdeState,Inactive,,*,-1,-1
2025-02-08T14:42:40.994-05:00,IdeState,Inactive,,*,-1,-1
2025-02-08T14:42:41.995-05:00,IdeState,Inactive,,*,-1,-1
2025-02-08T14:42:42.995-05:00,IdeState,Inactive,,*,-1,-1
2025-02-08T14:42:43.996-05:00,IdeState,Inactive,,*,-1,-1
2025-02-08T14:42:44.996-05:00,IdeState,Inactive,,*,-1,-1
2025-02-08T14:42:45.997-05:00,IdeState,Inactive,,*,-1,-1
2025-02-08T14:42:46.997-05:00,IdeState,Inactive,,*,-1,-1
2025-02-08T14:42:47.998-05:00,IdeState,Inactive,,*,-1,-1
2025-02-08T14:42:48.998-05:00,IdeState,Inactive,,*,-1,-1
2025-02-08T14:42:49.999-05:00,IdeState,Inactive,,*,-1,-1
2025-02-08T14:42:51.000-05:00,IdeState,Inactive,,*,-1,-1
2025-02-08T14:42:52.000-05:00,IdeState,Inactive,,*,-1,-1
2025-02-08T14:42:53.001-05:00,IdeState,Inactive,,*,-1,-1
2025-02-08T14:42:54.001-05:00,IdeState,Inactive,,*,-1,-1
2025-02-08T14:42:55.003-05:00,IdeState,Inactive,,*,-1,-1
2025-02-08T14:42:56.003-05:00,IdeState,Inactive,,*,-1,-1
2025-02-08T14:42:57.003-05:00,IdeState,Inactive,,*,-1,-1
2025-02-08T14:42:58.004-05:00,IdeState,Inactive,,*,-1,-1
2025-02-08T14:42:59.008-05:00,IdeState,Inactive,,*,-1,-1
2025-02-08T14:43:00.008-05:00,IdeState,Inactive,,*,-1,-1
2025-02-08T14:43:01.010-05:00,IdeState,Inactive,,*,-1,-1
2025-02-08T14:43:02.010-05:00,IdeState,Inactive,,*,-1,-1
2025-02-08T14:43:03.011-05:00,IdeState,Inactive,,*,-1,-1
2025-02-08T14:43:04.011-05:00,IdeState,Inactive,,*,-1,-1
2025-02-08T14:43:05.012-05:00,IdeState,Inactive,,*,-1,-1
2025-02-08T14:43:06.012-05:00,IdeState,Inactive,,*,-1,-1
2025-02-08T14:43:07.013-05:00,IdeState,Inactive,,*,-1,-1
2025-02-08T14:43:08.014-05:00,IdeState,Inactive,,*,-1,-1
2025-02-08T14:43:09.015-05:00,IdeState,Inactive,,*,-1,-1
2025-02-08T14:43:10.015-05:00,IdeState,Inactive,,*,-1,-1
2025-02-08T14:43:11.016-05:00,IdeState,Inactive,,*,-1,-1
2025-02-08T14:43:12.016-05:00,IdeState,Inactive,,*,-1,-1
2025-02-08T14:43:13.017-05:00,IdeState,Inactive,,*,-1,-1
2025-02-08T14:43:14.018-05:00,IdeState,Inactive,,*,-1,-1
2025-02-08T14:43:15.018-05:00,IdeState,Inactive,,*,-1,-1
2025-02-08T14:43:16.019-05:00,IdeState,Inactive,,*,-1,-1
2025-02-08T14:43:17.019-05:00,IdeState,Inactive,,*,-1,-1
2025-02-08T14:43:18.020-05:00,IdeState,Inactive,,*,-1,-1
2025-02-08T14:43:19.021-05:00,IdeState,Inactive,,*,-1,-1
2025-02-08T14:43:20.021-05:00,IdeState,Inactive,,*,-1,-1
2025-02-08T14:43:21.022-05:00,IdeState,Inactive,,*,-1,-1
2025-02-08T14:43:22.023-05:00,IdeState,Inactive,,*,-1,-1
2025-02-08T14:43:23.023-05:00,IdeState,Inactive,,*,-1,-1
2025-02-08T14:43:24.024-05:00,IdeState,Inactive,,*,-1,-1
2025-02-08T14:43:25.024-05:00,IdeState,Inactive,,*,-1,-1
2025-02-08T14:43:26.025-05:00,IdeState,Inactive,,*,-1,-1
2025-02-08T14:43:27.026-05:00,IdeState,Inactive,,*,-1,-1
2025-02-08T14:43:28.026-05:00,IdeState,Inactive,,*,-1,-1
2025-02-08T14:43:29.027-05:00,IdeState,Inactive,,*,-1,-1
2025-02-08T14:43:30.028-05:00,IdeState,Inactive,,*,-1,-1
2025-02-08T14:43:31.028-05:00,IdeState,Inactive,,*,-1,-1
2025-02-08T14:43:32.029-05:00,IdeState,Inactive,,*,-1,-1
2025-02-08T14:43:33.029-05:00,IdeState,Inactive,,*,-1,-1
2025-02-08T14:43:34.030-05:00,IdeState,Inactive,,*,-1,-1
2025-02-08T14:43:35.031-05:00,IdeState,Inactive,,*,-1,-1
2025-02-08T14:43:36.031-05:00,IdeState,Inactive,,*,-1,-1
2025-02-08T14:43:37.032-05:00,IdeState,Inactive,,*,-1,-1
2025-02-08T14:43:38.033-05:00,IdeState,Inactive,,*,-1,-1
2025-02-08T14:43:39.033-05:00,IdeState,Inactive,,*,-1,-1
2025-02-08T14:43:40.034-05:00,IdeState,Inactive,,*,-1,-1
2025-02-08T14:43:41.035-05:00,IdeState,Inactive,,*,-1,-1
2025-02-08T14:43:42.035-05:00,IdeState,Inactive,,*,-1,-1
2025-02-08T14:43:43.036-05:00,IdeState,Inactive,,*,-1,-1
2025-02-08T14:43:44.036-05:00,IdeState,Inactive,,*,-1,-1
2025-02-08T14:43:45.037-05:00,IdeState,Inactive,,*,-1,-1
2025-02-08T14:43:46.037-05:00,IdeState,Inactive,,*,-1,-1
2025-02-08T14:43:47.038-05:00,IdeState,Inactive,,*,-1,-1
2025-02-08T14:43:48.038-05:00,IdeState,Inactive,,*,-1,-1
2025-02-08T14:43:49.039-05:00,IdeState,Inactive,,*,-1,-1
2025-02-08T14:43:50.039-05:00,IdeState,Inactive,,*,-1,-1
2025-02-08T14:43:51.040-05:00,IdeState,Inactive,,*,-1,-1
2025-02-08T14:43:52.041-05:00,IdeState,Inactive,,*,-1,-1
2025-02-08T14:43:53.041-05:00,IdeState,Inactive,,*,-1,-1
2025-02-08T14:43:54.042-05:00,IdeState,Inactive,,*,-1,-1
2025-02-08T14:43:55.043-05:00,IdeState,Inactive,,*,-1,-1
2025-02-08T14:43:56.043-05:00,IdeState,Inactive,,*,-1,-1
2025-02-08T14:43:57.044-05:00,IdeState,Inactive,,*,-1,-1
2025-02-08T14:43:58.045-05:00,IdeState,Inactive,,*,-1,-1
2025-02-08T14:43:59.045-05:00,IdeState,Inactive,,*,-1,-1
2025-02-08T14:44:00.046-05:00,IdeState,Inactive,,*,-1,-1
2025-02-08T14:44:01.046-05:00,IdeState,Inactive,,*,-1,-1
2025-02-08T14:44:02.047-05:00,IdeState,Inactive,,*,-1,-1
2025-02-08T14:44:03.048-05:00,IdeState,Inactive,,*,-1,-1
2025-02-08T14:44:04.048-05:00,IdeState,Inactive,,*,-1,-1
2025-02-08T14:44:05.049-05:00,IdeState,Inactive,,*,-1,-1
2025-02-08T14:44:06.049-05:00,IdeState,Inactive,,*,-1,-1
2025-02-08T14:44:07.050-05:00,IdeState,Inactive,,*,-1,-1
2025-02-08T14:44:08.051-05:00,IdeState,Inactive,,*,-1,-1
2025-02-08T14:44:09.052-05:00,IdeState,Inactive,,*,-1,-1
2025-02-08T14:44:10.052-05:00,IdeState,Inactive,,*,-1,-1
2025-02-08T14:44:11.053-05:00,IdeState,Inactive,,*,-1,-1
2025-02-08T14:44:12.054-05:00,IdeState,Inactive,,*,-1,-1
2025-02-08T14:44:13.054-05:00,IdeState,Inactive,,*,-1,-1
2025-02-08T14:44:14.055-05:00,IdeState,Inactive,,*,-1,-1
2025-02-08T14:44:15.056-05:00,IdeState,Inactive,,*,-1,-1
2025-02-08T14:44:16.056-05:00,IdeState,Inactive,,*,-1,-1
2025-02-08T14:44:17.057-05:00,IdeState,Inactive,,*,-1,-1
2025-02-08T14:44:18.058-05:00,IdeState,Inactive,,*,-1,-1
2025-02-08T14:44:19.059-05:00,IdeState,Inactive,,*,-1,-1
2025-02-08T14:44:20.059-05:00,IdeState,Inactive,,*,-1,-1
2025-02-08T14:44:21.060-05:00,IdeState,Inactive,,*,-1,-1
2025-02-08T14:44:22.061-05:00,IdeState,Inactive,,*,-1,-1
2025-02-08T14:44:23.061-05:00,IdeState,Inactive,,*,-1,-1
2025-02-08T14:44:24.062-05:00,IdeState,Inactive,,*,-1,-1
2025-02-08T14:44:25.062-05:00,IdeState,Inactive,,*,-1,-1
2025-02-08T14:44:26.063-05:00,IdeState,Inactive,,*,-1,-1
2025-02-08T14:44:27.064-05:00,IdeState,Inactive,,*,-1,-1
2025-02-08T14:44:28.064-05:00,IdeState,Inactive,,*,-1,-1
2025-02-08T14:44:29.065-05:00,IdeState,Inactive,,*,-1,-1
2025-02-08T14:44:30.066-05:00,IdeState,Inactive,,*,-1,-1
2025-02-08T14:44:31.066-05:00,IdeState,Inactive,,*,-1,-1
2025-02-08T14:44:32.067-05:00,IdeState,Inactive,,*,-1,-1
2025-02-08T14:44:33.068-05:00,IdeState,Inactive,,*,-1,-1
2025-02-08T14:44:34.068-05:00,IdeState,Inactive,,*,-1,-1
2025-02-08T14:44:35.069-05:00,IdeState,Inactive,,*,-1,-1
2025-02-08T14:44:36.070-05:00,IdeState,Inactive,,*,-1,-1
2025-02-08T14:44:37.070-05:00,IdeState,Inactive,,*,-1,-1
2025-02-08T14:44:38.071-05:00,IdeState,Inactive,,*,-1,-1
2025-02-08T14:44:39.072-05:00,IdeState,Inactive,,*,-1,-1
2025-02-08T14:44:40.072-05:00,IdeState,Inactive,,*,-1,-1
2025-02-08T14:44:41.073-05:00,IdeState,Inactive,,*,-1,-1
2025-02-08T14:44:42.074-05:00,IdeState,Inactive,,*,-1,-1
2025-02-08T14:44:43.074-05:00,IdeState,Inactive,,*,-1,-1
2025-02-08T14:44:44.075-05:00,IdeState,Inactive,,*,-1,-1
2025-02-08T14:44:45.076-05:00,IdeState,Inactive,,*,-1,-1
2025-02-08T14:44:46.076-05:00,IdeState,Inactive,,*,-1,-1
2025-02-08T14:44:47.077-05:00,IdeState,Inactive,,*,-1,-1
2025-02-08T14:44:48.077-05:00,IdeState,Inactive,,*,-1,-1
2025-02-08T14:44:49.078-05:00,IdeState,Inactive,,*,-1,-1
2025-02-08T14:44:50.079-05:00,IdeState,Inactive,,*,-1,-1
2025-02-08T14:44:51.079-05:00,IdeState,Inactive,,*,-1,-1
2025-02-08T14:44:52.080-05:00,IdeState,Inactive,,*,-1,-1
2025-02-08T14:44:53.081-05:00,IdeState,Inactive,,*,-1,-1
2025-02-08T14:44:54.081-05:00,IdeState,Inactive,,*,-1,-1
2025-02-08T14:44:55.082-05:00,IdeState,Inactive,,*,-1,-1
2025-02-08T14:44:56.083-05:00,IdeState,Inactive,,*,-1,-1
2025-02-08T14:44:57.083-05:00,IdeState,Inactive,,*,-1,-1
2025-02-08T14:44:58.084-05:00,IdeState,Inactive,,*,-1,-1
2025-02-08T14:44:59.084-05:00,IdeState,Inactive,,*,-1,-1
2025-02-08T14:45:00.085-05:00,IdeState,Inactive,,*,-1,-1
2025-02-08T14:45:01.086-05:00,IdeState,Inactive,,*,-1,-1
2025-02-08T14:45:02.086-05:00,IdeState,Inactive,,*,-1,-1
2025-02-08T14:45:03.087-05:00,IdeState,Inactive,,*,-1,-1
2025-02-08T14:45:04.088-05:00,IdeState,Inactive,,*,-1,-1
2025-02-08T14:45:05.089-05:00,IdeState,Inactive,,*,-1,-1
2025-02-08T14:45:06.089-05:00,IdeState,Inactive,,*,-1,-1
2025-02-08T14:45:07.089-05:00,IdeState,Inactive,,*,-1,-1
2025-02-08T14:45:08.090-05:00,IdeState,Inactive,,*,-1,-1
2025-02-08T14:45:09.091-05:00,IdeState,Inactive,,*,-1,-1
2025-02-08T14:45:10.091-05:00,IdeState,Inactive,,*,-1,-1
2025-02-08T14:45:11.092-05:00,IdeState,Inactive,,*,-1,-1
2025-02-08T14:45:12.093-05:00,IdeState,Inactive,,*,-1,-1
2025-02-08T14:45:13.093-05:00,IdeState,Inactive,,*,-1,-1
2025-02-08T14:45:14.094-05:00,IdeState,Inactive,,*,-1,-1
2025-02-08T14:45:15.094-05:00,IdeState,Inactive,,*,-1,-1
2025-02-08T14:45:16.094-05:00,IdeState,Inactive,,*,-1,-1
2025-02-08T14:45:17.095-05:00,IdeState,Inactive,,*,-1,-1
2025-02-08T14:45:18.096-05:00,IdeState,Inactive,,*,-1,-1
2025-02-08T14:45:19.096-05:00,IdeState,Inactive,,*,-1,-1
2025-02-08T14:45:20.097-05:00,IdeState,Inactive,,*,-1,-1
2025-02-08T14:45:21.098-05:00,IdeState,Inactive,,*,-1,-1
2025-02-08T14:45:22.098-05:00,IdeState,Inactive,,*,-1,-1
2025-02-08T14:45:23.098-05:00,IdeState,Inactive,,*,-1,-1
2025-02-08T14:45:24.099-05:00,IdeState,Inactive,,*,-1,-1
2025-02-08T14:45:25.100-05:00,IdeState,Inactive,,*,-1,-1
2025-02-08T14:45:26.100-05:00,IdeState,Inactive,,*,-1,-1
2025-02-08T14:45:27.101-05:00,IdeState,Inactive,,*,-1,-1
2025-02-08T14:45:28.102-05:00,IdeState,Inactive,,*,-1,-1
2025-02-08T14:45:29.102-05:00,IdeState,Inactive,,*,-1,-1
2025-02-08T14:45:30.103-05:00,IdeState,Inactive,,*,-1,-1
2025-02-08T14:45:31.104-05:00,IdeState,Inactive,,*,-1,-1
2025-02-08T14:45:32.104-05:00,IdeState,Inactive,,*,-1,-1
2025-02-08T14:45:33.105-05:00,IdeState,Inactive,,*,-1,-1
2025-02-08T14:45:34.106-05:00,IdeState,Inactive,,*,-1,-1
2025-02-08T14:45:35.106-05:00,IdeState,Inactive,,*,-1,-1
2025-02-08T14:45:36.107-05:00,IdeState,Inactive,,*,-1,-1
2025-02-08T14:45:37.107-05:00,IdeState,Inactive,,*,-1,-1
2025-02-08T14:45:38.108-05:00,IdeState,Inactive,,*,-1,-1
2025-02-08T14:45:39.109-05:00,IdeState,Inactive,,*,-1,-1
2025-02-08T14:45:40.109-05:00,IdeState,Inactive,,*,-1,-1
2025-02-08T14:45:41.110-05:00,IdeState,Inactive,,*,-1,-1
2025-02-08T14:45:42.111-05:00,IdeState,Inactive,,*,-1,-1
2025-02-08T14:45:43.111-05:00,IdeState,Inactive,,*,-1,-1
2025-02-08T14:45:44.112-05:00,IdeState,Inactive,,*,-1,-1
2025-02-08T14:45:45.112-05:00,IdeState,Inactive,,*,-1,-1
2025-02-08T14:45:46.113-05:00,IdeState,Inactive,,*,-1,-1
2025-02-08T14:45:47.114-05:00,IdeState,Inactive,,*,-1,-1
2025-02-08T14:45:48.114-05:00,IdeState,Inactive,,*,-1,-1
2025-02-08T14:45:49.115-05:00,IdeState,Inactive,,*,-1,-1
2025-02-08T14:45:50.116-05:00,IdeState,Inactive,,*,-1,-1
2025-02-08T14:45:51.116-05:00,IdeState,Inactive,,*,-1,-1
2025-02-08T14:45:52.117-05:00,IdeState,Inactive,,*,-1,-1
2025-02-08T14:45:53.117-05:00,IdeState,Inactive,,*,-1,-1
2025-02-08T14:45:54.118-05:00,IdeState,Inactive,,*,-1,-1
2025-02-08T14:45:55.118-05:00,IdeState,Inactive,,*,-1,-1
2025-02-08T14:45:56.119-05:00,IdeState,Inactive,,*,-1,-1
2025-02-08T14:45:57.119-05:00,IdeState,Inactive,,*,-1,-1
2025-02-08T14:45:58.120-05:00,IdeState,Inactive,,*,-1,-1
2025-02-08T14:45:59.120-05:00,IdeState,Inactive,,*,-1,-1
2025-02-08T14:46:00.121-05:00,IdeState,Inactive,,*,-1,-1
2025-02-08T14:46:01.121-05:00,IdeState,Inactive,,*,-1,-1
2025-02-08T14:46:02.122-05:00,IdeState,Inactive,,*,-1,-1
2025-02-08T14:46:03.123-05:00,IdeState,Inactive,,*,-1,-1
2025-02-08T14:46:04.123-05:00,IdeState,Inactive,,*,-1,-1
2025-02-08T14:46:05.124-05:00,IdeState,Inactive,,*,-1,-1
2025-02-08T14:46:06.125-05:00,IdeState,Inactive,,*,-1,-1
2025-02-08T14:46:07.125-05:00,IdeState,Inactive,,*,-1,-1
2025-02-08T14:46:08.126-05:00,IdeState,Inactive,,*,-1,-1
2025-02-08T14:46:09.126-05:00,IdeState,Inactive,,*,-1,-1
2025-02-08T14:46:10.127-05:00,IdeState,Inactive,,*,-1,-1
2025-02-08T14:46:11.127-05:00,IdeState,Inactive,,*,-1,-1
2025-02-08T14:46:12.128-05:00,IdeState,Inactive,,*,-1,-1
2025-02-08T14:46:13.128-05:00,IdeState,Inactive,,*,-1,-1
2025-02-08T14:46:14.129-05:00,IdeState,Inactive,,*,-1,-1
2025-02-08T14:46:15.130-05:00,IdeState,Inactive,,*,-1,-1
2025-02-08T14:46:16.130-05:00,IdeState,Inactive,,*,-1,-1
2025-02-08T14:46:17.131-05:00,IdeState,Inactive,,*,-1,-1
2025-02-08T14:46:18.132-05:00,IdeState,Inactive,,*,-1,-1
2025-02-08T14:46:19.132-05:00,IdeState,Inactive,,*,-1,-1
2025-02-08T14:46:20.133-05:00,IdeState,Inactive,,*,-1,-1
2025-02-08T14:46:21.133-05:00,IdeState,Inactive,,*,-1,-1
2025-02-08T14:46:22.134-05:00,IdeState,Inactive,,*,-1,-1
2025-02-08T14:46:23.135-05:00,IdeState,Inactive,,*,-1,-1
2025-02-08T14:46:24.135-05:00,IdeState,Inactive,,*,-1,-1
2025-02-08T14:46:25.136-05:00,IdeState,Inactive,,*,-1,-1
2025-02-08T14:46:26.136-05:00,IdeState,Inactive,,*,-1,-1
2025-02-08T14:46:27.137-05:00,IdeState,Inactive,,*,-1,-1
2025-02-08T14:46:28.138-05:00,IdeState,Inactive,,*,-1,-1
2025-02-08T14:46:29.139-05:00,IdeState,Inactive,,*,-1,-1
2025-02-08T14:46:30.139-05:00,IdeState,Inactive,,*,-1,-1
2025-02-08T14:46:31.140-05:00,IdeState,Inactive,,*,-1,-1
2025-02-08T14:46:32.140-05:00,IdeState,Inactive,,*,-1,-1
2025-02-08T14:46:33.141-05:00,IdeState,Inactive,,*,-1,-1
2025-02-08T14:46:34.142-05:00,IdeState,Inactive,,*,-1,-1
2025-02-08T14:46:35.142-05:00,IdeState,Inactive,,*,-1,-1
2025-02-08T14:46:36.143-05:00,IdeState,Inactive,,*,-1,-1
2025-02-08T14:46:37.144-05:00,IdeState,Inactive,,*,-1,-1
2025-02-08T14:46:38.144-05:00,IdeState,Inactive,,*,-1,-1
2025-02-08T14:46:39.145-05:00,IdeState,Inactive,,*,-1,-1
2025-02-08T14:46:40.146-05:00,IdeState,Inactive,,*,-1,-1
2025-02-08T14:46:41.146-05:00,IdeState,Inactive,,*,-1,-1
2025-02-08T14:46:42.147-05:00,IdeState,Inactive,,*,-1,-1
2025-02-08T14:46:43.148-05:00,IdeState,Inactive,,*,-1,-1
2025-02-08T14:46:44.148-05:00,IdeState,Inactive,,*,-1,-1
2025-02-08T14:46:45.149-05:00,IdeState,Inactive,,*,-1,-1
2025-02-08T14:46:46.150-05:00,IdeState,Inactive,,*,-1,-1
2025-02-08T14:46:47.150-05:00,IdeState,Inactive,,*,-1,-1
2025-02-08T14:46:48.151-05:00,IdeState,Inactive,,*,-1,-1
2025-02-08T14:46:49.151-05:00,IdeState,Inactive,,*,-1,-1
2025-02-08T14:46:50.152-05:00,IdeState,Inactive,,*,-1,-1
2025-02-08T14:46:51.153-05:00,IdeState,Inactive,,*,-1,-1
2025-02-08T14:46:52.154-05:00,IdeState,Inactive,,*,-1,-1
2025-02-08T14:46:53.154-05:00,IdeState,Inactive,,*,-1,-1
2025-02-08T14:46:54.155-05:00,IdeState,Inactive,,*,-1,-1
2025-02-08T14:46:55.156-05:00,IdeState,Inactive,,*,-1,-1
2025-02-08T14:46:56.156-05:00,IdeState,Inactive,,*,-1,-1
2025-02-08T14:46:57.157-05:00,IdeState,Inactive,,*,-1,-1
2025-02-08T14:46:58.158-05:00,IdeState,Inactive,,*,-1,-1
2025-02-08T14:46:59.158-05:00,IdeState,Inactive,,*,-1,-1
2025-02-08T14:47:00.159-05:00,IdeState,Inactive,,*,-1,-1
2025-02-08T14:47:01.160-05:00,IdeState,Inactive,,*,-1,-1
2025-02-08T14:47:02.161-05:00,IdeState,Inactive,,*,-1,-1
2025-02-08T14:47:03.161-05:00,IdeState,Inactive,,*,-1,-1
2025-02-08T14:47:04.162-05:00,IdeState,Inactive,,*,-1,-1
2025-02-08T14:47:05.162-05:00,IdeState,Inactive,,*,-1,-1
2025-02-08T14:47:06.163-05:00,IdeState,Inactive,,*,-1,-1
2025-02-08T14:47:07.164-05:00,IdeState,Inactive,,*,-1,-1
2025-02-08T14:47:08.164-05:00,IdeState,Inactive,,*,-1,-1
2025-02-08T14:47:09.165-05:00,IdeState,Inactive,,*,-1,-1
2025-02-08T14:47:10.165-05:00,IdeState,Inactive,,*,-1,-1
2025-02-08T14:47:11.166-05:00,IdeState,Inactive,,*,-1,-1
2025-02-08T14:47:12.167-05:00,IdeState,Inactive,,*,-1,-1
2025-02-08T14:47:13.167-05:00,IdeState,Inactive,,*,-1,-1
2025-02-08T14:47:14.168-05:00,IdeState,Inactive,,*,-1,-1
2025-02-08T14:47:15.168-05:00,IdeState,Inactive,,*,-1,-1
2025-02-08T14:47:16.169-05:00,IdeState,Inactive,,*,-1,-1
2025-02-08T14:47:17.170-05:00,IdeState,Inactive,,*,-1,-1
2025-02-08T14:47:18.170-05:00,IdeState,Inactive,,*,-1,-1
2025-02-08T14:47:19.171-05:00,IdeState,Inactive,,*,-1,-1
2025-02-08T14:47:20.172-05:00,IdeState,Inactive,,*,-1,-1
2025-02-08T14:47:21.172-05:00,IdeState,Inactive,,*,-1,-1
2025-02-08T14:47:22.173-05:00,IdeState,Inactive,,*,-1,-1
2025-02-08T14:47:23.174-05:00,IdeState,Inactive,,*,-1,-1
2025-02-08T14:47:24.174-05:00,IdeState,Inactive,,*,-1,-1
2025-02-08T14:47:25.175-05:00,IdeState,Inactive,,*,-1,-1
2025-02-08T14:47:26.176-05:00,IdeState,Inactive,,*,-1,-1
2025-02-08T14:47:27.176-05:00,IdeState,Inactive,,*,-1,-1
2025-02-08T14:47:28.177-05:00,IdeState,Inactive,,*,-1,-1
2025-02-08T14:47:29.177-05:00,IdeState,Inactive,,*,-1,-1
2025-02-08T14:47:30.178-05:00,IdeState,Inactive,,*,-1,-1
2025-02-08T14:47:31.179-05:00,IdeState,Inactive,,*,-1,-1
2025-02-08T14:47:32.180-05:00,IdeState,Inactive,,*,-1,-1
2025-02-08T14:47:33.180-05:00,IdeState,Inactive,,*,-1,-1
2025-02-08T14:47:34.181-05:00,IdeState,Inactive,,*,-1,-1
2025-02-08T14:47:35.181-05:00,IdeState,Inactive,,*,-1,-1
2025-02-08T14:47:36.182-05:00,IdeState,Inactive,,*,-1,-1
2025-02-08T14:47:37.183-05:00,IdeState,Inactive,,*,-1,-1
2025-02-08T14:47:38.184-05:00,IdeState,Inactive,,*,-1,-1
2025-02-08T14:47:39.184-05:00,IdeState,Inactive,,*,-1,-1
2025-02-08T14:47:40.185-05:00,IdeState,Inactive,,*,-1,-1
2025-02-08T14:47:41.185-05:00,IdeState,Inactive,,*,-1,-1
2025-02-08T14:47:42.186-05:00,IdeState,Inactive,,*,-1,-1
2025-02-08T14:47:43.187-05:00,IdeState,Inactive,,*,-1,-1
2025-02-08T14:47:44.188-05:00,IdeState,Inactive,,*,-1,-1
2025-02-08T14:47:45.188-05:00,IdeState,Inactive,,*,-1,-1
2025-02-08T14:47:46.189-05:00,IdeState,Inactive,,*,-1,-1
2025-02-08T14:47:47.189-05:00,IdeState,Inactive,,*,-1,-1
2025-02-08T14:47:48.190-05:00,IdeState,Inactive,,*,-1,-1
2025-02-08T14:47:49.190-05:00,IdeState,Inactive,,*,-1,-1
2025-02-08T14:47:50.190-05:00,IdeState,Inactive,,*,-1,-1
2025-02-08T14:47:51.191-05:00,IdeState,Inactive,,*,-1,-1
2025-02-08T14:47:52.192-05:00,IdeState,Inactive,,*,-1,-1
2025-02-08T14:47:53.192-05:00,IdeState,Inactive,,*,-1,-1
2025-02-08T14:47:54.193-05:00,IdeState,Inactive,,*,-1,-1
2025-02-08T14:47:55.195-05:00,IdeState,Inactive,,*,-1,-1
2025-02-08T14:47:56.196-05:00,IdeState,Inactive,,*,-1,-1
2025-02-08T14:47:57.196-05:00,IdeState,Inactive,,*,-1,-1
2025-02-08T14:47:58.197-05:00,IdeState,Inactive,,*,-1,-1
2025-02-08T14:47:59.198-05:00,IdeState,Inactive,,*,-1,-1
2025-02-08T14:48:00.198-05:00,IdeState,Inactive,,*,-1,-1
2025-02-08T14:48:01.199-05:00,IdeState,Inactive,,*,-1,-1
2025-02-08T14:48:02.200-05:00,IdeState,Inactive,,*,-1,-1
2025-02-08T14:48:03.200-05:00,IdeState,Inactive,,*,-1,-1
2025-02-08T14:48:04.201-05:00,IdeState,Inactive,,*,-1,-1
2025-02-08T14:48:05.201-05:00,IdeState,Inactive,,*,-1,-1
2025-02-08T14:48:06.202-05:00,IdeState,Inactive,,*,-1,-1
2025-02-08T14:48:07.203-05:00,IdeState,Inactive,,*,-1,-1
2025-02-08T14:48:08.204-05:00,IdeState,Inactive,,*,-1,-1
2025-02-08T14:48:09.204-05:00,IdeState,Inactive,,*,-1,-1
2025-02-08T14:48:10.205-05:00,IdeState,Inactive,,*,-1,-1
2025-02-08T14:48:11.206-05:00,IdeState,Inactive,,*,-1,-1
2025-02-08T14:48:12.206-05:00,IdeState,Inactive,,*,-1,-1
2025-02-08T14:48:13.207-05:00,IdeState,Inactive,,*,-1,-1
2025-02-08T14:48:14.208-05:00,IdeState,Inactive,,*,-1,-1
2025-02-08T14:48:15.208-05:00,IdeState,Inactive,,*,-1,-1
2025-02-08T14:48:16.209-05:00,IdeState,Inactive,,*,-1,-1
2025-02-08T14:48:17.210-05:00,IdeState,Inactive,,*,-1,-1
2025-02-08T14:48:18.210-05:00,IdeState,Inactive,,*,-1,-1
2025-02-08T14:48:19.211-05:00,IdeState,Inactive,,*,-1,-1
2025-02-08T14:48:20.211-05:00,IdeState,Inactive,,*,-1,-1
2025-02-08T14:48:21.212-05:00,IdeState,Inactive,,*,-1,-1
2025-02-08T14:48:22.212-05:00,IdeState,Inactive,,*,-1,-1
2025-02-08T14:48:23.213-05:00,IdeState,Inactive,,*,-1,-1
2025-02-08T14:48:24.213-05:00,IdeState,Inactive,,*,-1,-1
2025-02-08T14:48:25.214-05:00,IdeState,Inactive,,*,-1,-1
2025-02-08T14:48:26.214-05:00,IdeState,Inactive,,*,-1,-1
2025-02-08T14:48:27.215-05:00,IdeState,Inactive,,*,-1,-1
2025-02-08T14:48:28.216-05:00,IdeState,Inactive,,*,-1,-1
2025-02-08T14:48:29.216-05:00,IdeState,Inactive,,*,-1,-1
2025-02-08T14:48:30.217-05:00,IdeState,Inactive,,*,-1,-1
2025-02-08T14:48:31.218-05:00,IdeState,Inactive,,*,-1,-1
2025-02-08T14:48:32.218-05:00,IdeState,Inactive,,*,-1,-1
2025-02-08T14:48:33.219-05:00,IdeState,Inactive,,*,-1,-1
2025-02-08T14:48:34.219-05:00,IdeState,Inactive,,*,-1,-1
2025-02-08T14:48:35.220-05:00,IdeState,Inactive,,*,-1,-1
2025-02-08T14:48:36.220-05:00,IdeState,Inactive,,*,-1,-1
2025-02-08T14:48:37.221-05:00,IdeState,Inactive,,*,-1,-1
2025-02-08T14:48:38.222-05:00,IdeState,Inactive,,*,-1,-1
2025-02-08T14:48:39.222-05:00,IdeState,Inactive,,*,-1,-1
2025-02-08T14:48:40.223-05:00,IdeState,Inactive,,*,-1,-1
2025-02-08T14:48:41.223-05:00,IdeState,Inactive,,*,-1,-1
2025-02-08T14:48:42.224-05:00,IdeState,Inactive,,*,-1,-1
2025-02-08T14:48:43.224-05:00,IdeState,Inactive,,*,-1,-1
2025-02-08T14:48:44.225-05:00,IdeState,Inactive,,*,-1,-1
2025-02-08T14:48:45.225-05:00,IdeState,Inactive,,*,-1,-1
2025-02-08T14:48:46.226-05:00,IdeState,Inactive,,*,-1,-1
2025-02-08T14:48:47.227-05:00,IdeState,Inactive,,*,-1,-1
2025-02-08T14:48:48.227-05:00,IdeState,Inactive,,*,-1,-1
2025-02-08T14:48:49.228-05:00,IdeState,Inactive,,*,-1,-1
2025-02-08T14:48:50.229-05:00,IdeState,Inactive,,*,-1,-1
2025-02-08T14:48:51.229-05:00,IdeState,Inactive,,*,-1,-1
2025-02-08T14:48:52.230-05:00,IdeState,Inactive,,*,-1,-1
2025-02-08T14:48:53.231-05:00,IdeState,Inactive,,*,-1,-1
2025-02-08T14:48:54.231-05:00,IdeState,Inactive,,*,-1,-1
2025-02-08T14:48:55.232-05:00,IdeState,Inactive,,*,-1,-1
2025-02-08T14:48:56.232-05:00,IdeState,Inactive,,*,-1,-1
2025-02-08T14:48:57.233-05:00,IdeState,Inactive,,*,-1,-1
2025-02-08T14:48:58.233-05:00,IdeState,Inactive,,*,-1,-1
2025-02-08T14:48:59.234-05:00,IdeState,Inactive,,*,-1,-1
2025-02-08T14:49:00.234-05:00,IdeState,Inactive,,*,-1,-1
2025-02-08T14:49:01.235-05:00,IdeState,Inactive,,*,-1,-1
2025-02-08T14:49:02.236-05:00,IdeState,Inactive,,*,-1,-1
2025-02-08T14:49:03.236-05:00,IdeState,Inactive,,*,-1,-1
2025-02-08T14:49:04.237-05:00,IdeState,Inactive,,*,-1,-1
2025-02-08T14:49:05.237-05:00,IdeState,Inactive,,*,-1,-1
2025-02-08T14:49:06.238-05:00,IdeState,Inactive,,*,-1,-1
2025-02-08T14:49:07.238-05:00,IdeState,Inactive,,*,-1,-1
2025-02-08T14:49:08.238-05:00,IdeState,Inactive,,*,-1,-1
2025-02-08T14:49:09.239-05:00,IdeState,Inactive,,*,-1,-1
2025-02-08T14:49:10.239-05:00,IdeState,Inactive,,*,-1,-1
2025-02-08T14:49:11.239-05:00,IdeState,Inactive,,*,-1,-1
2025-02-08T14:49:12.240-05:00,IdeState,Inactive,,*,-1,-1
2025-02-08T14:49:13.241-05:00,IdeState,Inactive,,*,-1,-1
2025-02-08T14:49:14.241-05:00,IdeState,Inactive,,*,-1,-1
2025-02-08T14:49:15.242-05:00,IdeState,Inactive,,*,-1,-1
2025-02-08T14:49:16.242-05:00,IdeState,Inactive,,*,-1,-1
2025-02-08T14:49:17.242-05:00,IdeState,Inactive,,*,-1,-1
2025-02-08T14:49:18.243-05:00,IdeState,Inactive,,*,-1,-1
2025-02-08T14:49:19.243-05:00,IdeState,Inactive,,*,-1,-1
2025-02-08T14:49:20.243-05:00,IdeState,Inactive,,*,-1,-1
2025-02-08T14:49:21.244-05:00,IdeState,Inactive,,*,-1,-1
2025-02-08T14:49:22.244-05:00,IdeState,Inactive,,*,-1,-1
2025-02-08T14:49:23.244-05:00,IdeState,Inactive,,*,-1,-1
2025-02-08T14:49:24.245-05:00,IdeState,Inactive,,*,-1,-1
2025-02-08T14:49:25.245-05:00,IdeState,Inactive,,*,-1,-1
2025-02-08T14:49:26.246-05:00,IdeState,Inactive,,*,-1,-1
2025-02-08T14:49:27.246-05:00,IdeState,Inactive,,*,-1,-1
2025-02-08T14:49:28.247-05:00,IdeState,Inactive,,*,-1,-1
2025-02-08T14:49:29.247-05:00,IdeState,Inactive,,*,-1,-1
2025-02-08T14:49:30.248-05:00,IdeState,Inactive,,*,-1,-1
2025-02-08T14:49:31.248-05:00,IdeState,Inactive,,*,-1,-1
2025-02-08T14:49:32.248-05:00,IdeState,Inactive,,*,-1,-1
2025-02-08T14:49:33.249-05:00,IdeState,Inactive,,*,-1,-1
2025-02-08T14:49:34.249-05:00,IdeState,Inactive,,*,-1,-1
2025-02-08T14:49:35.250-05:00,IdeState,Inactive,,*,-1,-1
2025-02-08T14:49:36.250-05:00,IdeState,Inactive,,*,-1,-1
2025-02-08T14:49:37.251-05:00,IdeState,Inactive,,*,-1,-1
2025-02-08T14:49:38.251-05:00,IdeState,Inactive,,*,-1,-1
2025-02-08T14:49:39.251-05:00,IdeState,Inactive,,*,-1,-1
2025-02-08T14:49:40.252-05:00,IdeState,Inactive,,*,-1,-1
2025-02-08T14:49:41.252-05:00,IdeState,Inactive,,*,-1,-1
2025-02-08T14:49:42.253-05:00,IdeState,Inactive,,*,-1,-1
2025-02-08T14:49:43.253-05:00,IdeState,Inactive,,*,-1,-1
2025-02-08T14:49:44.254-05:00,IdeState,Inactive,,*,-1,-1
2025-02-08T14:49:45.254-05:00,IdeState,Inactive,,*,-1,-1
2025-02-08T14:49:46.255-05:00,IdeState,Inactive,,*,-1,-1
2025-02-08T14:49:47.255-05:00,IdeState,Inactive,,*,-1,-1
2025-02-08T14:49:48.256-05:00,IdeState,Inactive,,*,-1,-1
2025-02-08T14:49:49.257-05:00,IdeState,Inactive,,*,-1,-1
2025-02-08T14:49:50.257-05:00,IdeState,Inactive,,*,-1,-1
2025-02-08T14:49:51.258-05:00,IdeState,Inactive,,*,-1,-1
2025-02-08T14:49:52.259-05:00,IdeState,Inactive,,*,-1,-1
2025-02-08T14:49:53.259-05:00,IdeState,Inactive,,*,-1,-1
2025-02-08T14:49:54.260-05:00,IdeState,Inactive,,*,-1,-1
2025-02-08T14:49:55.260-05:00,IdeState,Inactive,,*,-1,-1
2025-02-08T14:49:56.260-05:00,IdeState,Inactive,,*,-1,-1
2025-02-08T14:49:57.261-05:00,IdeState,Inactive,,*,-1,-1
2025-02-08T14:49:58.262-05:00,IdeState,Inactive,,*,-1,-1
2025-02-08T14:49:59.262-05:00,IdeState,Inactive,,*,-1,-1
2025-02-08T14:50:00.263-05:00,IdeState,Inactive,,*,-1,-1
2025-02-08T14:50:01.263-05:00,IdeState,Inactive,,*,-1,-1
2025-02-08T14:50:02.264-05:00,IdeState,Inactive,,*,-1,-1
2025-02-08T14:50:03.265-05:00,IdeState,Inactive,,*,-1,-1
2025-02-08T14:50:04.265-05:00,IdeState,Inactive,,*,-1,-1
2025-02-08T14:50:05.266-05:00,IdeState,Inactive,,*,-1,-1
2025-02-08T14:50:06.266-05:00,IdeState,Inactive,,*,-1,-1
2025-02-08T14:50:07.267-05:00,IdeState,Inactive,,*,-1,-1
2025-02-08T14:50:08.267-05:00,IdeState,Inactive,,*,-1,-1
2025-02-08T14:50:09.268-05:00,IdeState,Inactive,,*,-1,-1
2025-02-08T14:50:10.268-05:00,IdeState,Inactive,,*,-1,-1
2025-02-08T14:50:11.269-05:00,IdeState,Inactive,,*,-1,-1
2025-02-08T14:50:12.269-05:00,IdeState,Inactive,,*,-1,-1
2025-02-08T14:50:13.270-05:00,IdeState,Inactive,,*,-1,-1
2025-02-08T14:50:14.270-05:00,IdeState,Inactive,,*,-1,-1
2025-02-08T14:50:15.271-05:00,IdeState,Inactive,,*,-1,-1
2025-02-08T14:50:16.271-05:00,IdeState,Inactive,,*,-1,-1
2025-02-08T14:50:17.271-05:00,IdeState,Inactive,,*,-1,-1
2025-02-08T14:50:18.272-05:00,IdeState,Inactive,,*,-1,-1
2025-02-08T14:50:19.272-05:00,IdeState,Inactive,,*,-1,-1
2025-02-08T14:50:20.272-05:00,IdeState,Inactive,,*,-1,-1
2025-02-08T14:50:21.273-05:00,IdeState,Inactive,,*,-1,-1
2025-02-08T14:50:22.274-05:00,IdeState,Inactive,,*,-1,-1
2025-02-08T14:50:23.274-05:00,IdeState,Inactive,,*,-1,-1
2025-02-08T14:50:24.275-05:00,IdeState,Inactive,,*,-1,-1
2025-02-08T14:50:25.275-05:00,IdeState,Inactive,,*,-1,-1
2025-02-08T14:50:26.276-05:00,IdeState,Inactive,,*,-1,-1
2025-02-08T14:50:27.276-05:00,IdeState,Inactive,,*,-1,-1
2025-02-08T14:50:28.277-05:00,IdeState,Inactive,,*,-1,-1
2025-02-08T14:50:29.278-05:00,IdeState,Inactive,,*,-1,-1
2025-02-08T14:50:30.278-05:00,IdeState,Inactive,,*,-1,-1
2025-02-08T14:50:31.279-05:00,IdeState,Inactive,,*,-1,-1
2025-02-08T14:50:32.279-05:00,IdeState,Inactive,,*,-1,-1
2025-02-08T14:50:33.280-05:00,IdeState,Inactive,,*,-1,-1
2025-02-08T14:50:34.281-05:00,IdeState,Inactive,,*,-1,-1
2025-02-08T14:50:35.282-05:00,IdeState,Inactive,,*,-1,-1
2025-02-08T14:50:36.282-05:00,IdeState,Inactive,,*,-1,-1
2025-02-08T14:50:37.283-05:00,IdeState,Inactive,,*,-1,-1
2025-02-08T14:50:38.283-05:00,IdeState,Inactive,,*,-1,-1
2025-02-08T14:50:39.284-05:00,IdeState,Inactive,,*,-1,-1
2025-02-08T14:50:40.284-05:00,IdeState,Inactive,,*,-1,-1
2025-02-08T14:50:41.285-05:00,IdeState,Inactive,,*,-1,-1
2025-02-08T14:50:42.285-05:00,IdeState,Inactive,,*,-1,-1
2025-02-08T14:50:43.286-05:00,IdeState,Inactive,,*,-1,-1
2025-02-08T14:50:44.286-05:00,IdeState,Inactive,,*,-1,-1
2025-02-08T14:50:45.286-05:00,IdeState,Inactive,,*,-1,-1
2025-02-08T14:50:46.287-05:00,IdeState,Inactive,,*,-1,-1
2025-02-08T14:50:47.287-05:00,IdeState,Inactive,,*,-1,-1
2025-02-08T14:50:48.288-05:00,IdeState,Inactive,,*,-1,-1
2025-02-08T14:50:49.288-05:00,IdeState,Inactive,,*,-1,-1
2025-02-08T14:50:50.289-05:00,IdeState,Inactive,,*,-1,-1
2025-02-08T14:50:51.290-05:00,IdeState,Inactive,,*,-1,-1
2025-02-08T14:50:52.290-05:00,IdeState,Inactive,,*,-1,-1
2025-02-08T14:50:53.291-05:00,IdeState,Inactive,,*,-1,-1
2025-02-08T14:50:54.292-05:00,IdeState,Inactive,,*,-1,-1
2025-02-08T14:50:55.292-05:00,IdeState,Inactive,,*,-1,-1
2025-02-08T14:50:56.293-05:00,IdeState,Inactive,,*,-1,-1
2025-02-08T14:50:57.294-05:00,IdeState,Inactive,,*,-1,-1
2025-02-08T14:50:58.294-05:00,IdeState,Inactive,,*,-1,-1
2025-02-08T14:50:59.295-05:00,IdeState,Inactive,,*,-1,-1
2025-02-08T14:51:00.296-05:00,IdeState,Inactive,,*,-1,-1
2025-02-08T14:51:01.296-05:00,IdeState,Inactive,,*,-1,-1
2025-02-08T14:51:02.297-05:00,IdeState,Inactive,,*,-1,-1
2025-02-08T14:51:03.297-05:00,IdeState,Inactive,,*,-1,-1
2025-02-08T14:51:04.298-05:00,IdeState,Inactive,,*,-1,-1
2025-02-08T14:51:05.298-05:00,IdeState,Inactive,,*,-1,-1
2025-02-08T14:51:06.299-05:00,IdeState,Inactive,,*,-1,-1
2025-02-08T14:51:07.300-05:00,IdeState,Inactive,,*,-1,-1
2025-02-08T14:51:08.300-05:00,IdeState,Inactive,,*,-1,-1
2025-02-08T14:51:09.301-05:00,IdeState,Inactive,,*,-1,-1
2025-02-08T14:51:10.301-05:00,IdeState,Inactive,,*,-1,-1
2025-02-08T14:51:11.302-05:00,IdeState,Inactive,,*,-1,-1
2025-02-08T14:51:12.302-05:00,IdeState,Inactive,,*,-1,-1
2025-02-08T14:51:13.303-05:00,IdeState,Inactive,,*,-1,-1
2025-02-08T14:51:14.304-05:00,IdeState,Inactive,,*,-1,-1
2025-02-08T14:51:15.304-05:00,IdeState,Inactive,,*,-1,-1
2025-02-08T14:51:16.305-05:00,IdeState,Inactive,,*,-1,-1
2025-02-08T14:51:17.305-05:00,IdeState,Inactive,,*,-1,-1
2025-02-08T14:51:18.306-05:00,IdeState,Inactive,,*,-1,-1
2025-02-08T14:51:19.306-05:00,IdeState,Inactive,,*,-1,-1
2025-02-08T14:51:20.307-05:00,IdeState,Inactive,,*,-1,-1
2025-02-08T14:51:21.307-05:00,IdeState,Inactive,,*,-1,-1
2025-02-08T14:51:22.308-05:00,IdeState,Inactive,,*,-1,-1
2025-02-08T14:51:23.309-05:00,IdeState,Inactive,,*,-1,-1
2025-02-08T14:51:24.310-05:00,IdeState,Inactive,,*,-1,-1
2025-02-08T14:51:25.310-05:00,IdeState,Inactive,,*,-1,-1
2025-02-08T14:51:26.311-05:00,IdeState,Inactive,,*,-1,-1
2025-02-08T14:51:27.311-05:00,IdeState,Inactive,,*,-1,-1
2025-02-08T14:51:28.312-05:00,IdeState,Inactive,,*,-1,-1
2025-02-08T14:51:29.312-05:00,IdeState,Inactive,,*,-1,-1
2025-02-08T14:51:30.313-05:00,IdeState,Inactive,,*,-1,-1
2025-02-08T14:51:31.314-05:00,IdeState,Inactive,,*,-1,-1
2025-02-08T14:51:32.314-05:00,IdeState,Inactive,,*,-1,-1
2025-02-08T14:51:33.315-05:00,IdeState,Inactive,,*,-1,-1
2025-02-08T14:51:34.316-05:00,IdeState,Inactive,,*,-1,-1
2025-02-08T14:51:35.316-05:00,IdeState,Inactive,,*,-1,-1
2025-02-08T14:51:36.317-05:00,IdeState,Inactive,,*,-1,-1
2025-02-08T14:51:37.317-05:00,IdeState,Inactive,,*,-1,-1
2025-02-08T14:51:38.318-05:00,IdeState,Inactive,,*,-1,-1
2025-02-08T14:51:39.318-05:00,IdeState,Inactive,,*,-1,-1
2025-02-08T14:51:40.319-05:00,IdeState,Inactive,,*,-1,-1
2025-02-08T14:51:41.319-05:00,IdeState,Inactive,,*,-1,-1
2025-02-08T14:51:42.319-05:00,IdeState,Inactive,,*,-1,-1
2025-02-08T14:51:43.320-05:00,IdeState,Inactive,,*,-1,-1
2025-02-08T14:51:44.321-05:00,IdeState,Inactive,,*,-1,-1
2025-02-08T14:51:45.321-05:00,IdeState,Inactive,,*,-1,-1
2025-02-08T14:51:46.322-05:00,IdeState,Inactive,,*,-1,-1
2025-02-08T14:51:47.323-05:00,IdeState,Inactive,,*,-1,-1
2025-02-08T14:51:48.323-05:00,IdeState,Inactive,,*,-1,-1
2025-02-08T14:51:49.323-05:00,IdeState,Inactive,,*,-1,-1
2025-02-08T14:51:50.324-05:00,IdeState,Inactive,,*,-1,-1
2025-02-08T14:51:51.325-05:00,IdeState,Inactive,,*,-1,-1
2025-02-08T14:51:52.325-05:00,IdeState,Inactive,,*,-1,-1
2025-02-08T14:51:53.326-05:00,IdeState,Inactive,,*,-1,-1
2025-02-08T14:51:54.326-05:00,IdeState,Inactive,,*,-1,-1
2025-02-08T14:51:55.327-05:00,IdeState,Inactive,,*,-1,-1
2025-02-08T14:51:56.328-05:00,IdeState,Inactive,,*,-1,-1
2025-02-08T14:51:57.328-05:00,IdeState,Inactive,,*,-1,-1
2025-02-08T14:51:58.329-05:00,IdeState,Inactive,,*,-1,-1
2025-02-08T14:51:59.329-05:00,IdeState,Inactive,,*,-1,-1
2025-02-08T14:52:00.330-05:00,IdeState,Inactive,,*,-1,-1
2025-02-08T14:52:01.330-05:00,IdeState,Inactive,,*,-1,-1
2025-02-08T14:52:02.331-05:00,IdeState,Inactive,,*,-1,-1
2025-02-08T14:52:03.332-05:00,IdeState,Inactive,,*,-1,-1
2025-02-08T14:52:04.332-05:00,IdeState,Inactive,,*,-1,-1
2025-02-08T14:52:05.333-05:00,IdeState,Inactive,,*,-1,-1
2025-02-08T14:52:06.336-05:00,IdeState,Inactive,,*,-1,-1
2025-02-08T14:52:07.336-05:00,IdeState,Inactive,,*,-1,-1
2025-02-08T14:52:08.336-05:00,IdeState,Inactive,,*,-1,-1
2025-02-08T14:52:09.337-05:00,IdeState,Inactive,,*,-1,-1
2025-02-08T14:52:10.337-05:00,IdeState,Inactive,,*,-1,-1
2025-02-08T14:52:11.338-05:00,IdeState,Inactive,,*,-1,-1
2025-02-08T14:52:12.339-05:00,IdeState,Inactive,,*,-1,-1
2025-02-08T14:52:13.339-05:00,IdeState,Inactive,,*,-1,-1
2025-02-08T14:52:14.340-05:00,IdeState,Inactive,,*,-1,-1
2025-02-08T14:52:15.340-05:00,IdeState,Inactive,,*,-1,-1
2025-02-08T14:52:16.341-05:00,IdeState,Inactive,,*,-1,-1
2025-02-08T14:52:17.342-05:00,IdeState,Inactive,,*,-1,-1
2025-02-08T14:52:18.342-05:00,IdeState,Inactive,,*,-1,-1
2025-02-08T14:52:19.343-05:00,IdeState,Inactive,,*,-1,-1
2025-02-08T14:52:20.343-05:00,IdeState,Inactive,,*,-1,-1
2025-02-08T14:52:21.344-05:00,IdeState,Inactive,,*,-1,-1
2025-02-08T14:52:22.345-05:00,IdeState,Inactive,,*,-1,-1
2025-02-08T14:52:23.345-05:00,IdeState,Inactive,,*,-1,-1
2025-02-08T14:52:24.346-05:00,IdeState,Inactive,,*,-1,-1
2025-02-08T14:52:25.346-05:00,IdeState,Inactive,,*,-1,-1
2025-02-08T14:52:26.347-05:00,IdeState,Inactive,,*,-1,-1
2025-02-08T14:52:27.348-05:00,IdeState,Inactive,,*,-1,-1
2025-02-08T14:52:28.348-05:00,IdeState,Inactive,,*,-1,-1
2025-02-08T14:52:29.349-05:00,IdeState,Inactive,,*,-1,-1
2025-02-08T14:52:30.350-05:00,IdeState,Inactive,,*,-1,-1
2025-02-08T14:52:31.350-05:00,IdeState,Inactive,,*,-1,-1
2025-02-08T14:52:32.351-05:00,IdeState,Inactive,,*,-1,-1
2025-02-08T14:52:33.351-05:00,IdeState,Inactive,,*,-1,-1
2025-02-08T14:52:34.352-05:00,IdeState,Inactive,,*,-1,-1
2025-02-08T14:52:35.352-05:00,IdeState,Inactive,,*,-1,-1
2025-02-08T14:52:36.353-05:00,IdeState,Inactive,,*,-1,-1
2025-02-08T14:52:37.353-05:00,IdeState,Inactive,,*,-1,-1
2025-02-08T14:52:38.354-05:00,IdeState,Inactive,,*,-1,-1
2025-02-08T14:52:39.354-05:00,IdeState,Inactive,,*,-1,-1
2025-02-08T14:52:40.355-05:00,IdeState,Inactive,,*,-1,-1
2025-02-08T14:52:41.355-05:00,IdeState,Inactive,,*,-1,-1
2025-02-08T14:52:42.356-05:00,IdeState,Inactive,,*,-1,-1
2025-02-08T14:52:43.357-05:00,IdeState,Inactive,,*,-1,-1
2025-02-08T14:52:44.357-05:00,IdeState,Inactive,,*,-1,-1
2025-02-08T14:52:45.357-05:00,IdeState,Inactive,,*,-1,-1
2025-02-08T14:52:46.358-05:00,IdeState,Inactive,,*,-1,-1
2025-02-08T14:52:47.358-05:00,IdeState,Inactive,,*,-1,-1
2025-02-08T14:52:48.359-05:00,IdeState,Inactive,,*,-1,-1
2025-02-08T14:52:49.359-05:00,IdeState,Inactive,,*,-1,-1
2025-02-08T14:52:50.360-05:00,IdeState,Inactive,,*,-1,-1
2025-02-08T14:52:51.360-05:00,IdeState,Inactive,,*,-1,-1
2025-02-08T14:52:52.360-05:00,IdeState,Inactive,,*,-1,-1
2025-02-08T14:52:53.361-05:00,IdeState,Inactive,,*,-1,-1
2025-02-08T14:52:54.361-05:00,IdeState,Inactive,,*,-1,-1
2025-02-08T14:52:55.362-05:00,IdeState,Inactive,,*,-1,-1
2025-02-08T14:52:56.362-05:00,IdeState,Inactive,,*,-1,-1
2025-02-08T14:52:57.363-05:00,IdeState,Inactive,,*,-1,-1
2025-02-08T14:52:58.364-05:00,IdeState,Inactive,,*,-1,-1
2025-02-08T14:52:59.364-05:00,IdeState,Inactive,,*,-1,-1
2025-02-08T14:53:00.365-05:00,IdeState,Inactive,,*,-1,-1
2025-02-08T14:53:01.365-05:00,IdeState,Inactive,,*,-1,-1
2025-02-08T14:53:02.366-05:00,IdeState,Inactive,,*,-1,-1
2025-02-08T14:53:03.367-05:00,IdeState,Inactive,,*,-1,-1
2025-02-08T14:53:04.367-05:00,IdeState,Inactive,,*,-1,-1
2025-02-08T14:53:05.368-05:00,IdeState,Inactive,,*,-1,-1
2025-02-08T14:53:06.369-05:00,IdeState,Inactive,,*,-1,-1
2025-02-08T14:53:07.369-05:00,IdeState,Inactive,,*,-1,-1
2025-02-08T14:53:08.370-05:00,IdeState,Inactive,,*,-1,-1
2025-02-08T14:53:09.370-05:00,IdeState,Inactive,,*,-1,-1
2025-02-08T14:53:10.371-05:00,IdeState,Inactive,,*,-1,-1
2025-02-08T14:53:11.372-05:00,IdeState,Inactive,,*,-1,-1
2025-02-08T14:53:12.372-05:00,IdeState,Inactive,,*,-1,-1
2025-02-08T14:53:13.373-05:00,IdeState,Inactive,,*,-1,-1
2025-02-08T14:53:14.373-05:00,IdeState,Inactive,,*,-1,-1
2025-02-08T14:53:15.374-05:00,IdeState,Inactive,,*,-1,-1
2025-02-08T14:53:16.374-05:00,IdeState,Inactive,,*,-1,-1
2025-02-08T14:53:17.374-05:00,IdeState,Inactive,,*,-1,-1
2025-02-08T14:53:18.375-05:00,IdeState,Inactive,,*,-1,-1
2025-02-08T14:53:19.375-05:00,IdeState,Inactive,,*,-1,-1
2025-02-08T14:53:20.376-05:00,IdeState,Inactive,,*,-1,-1
2025-02-08T14:53:21.376-05:00,IdeState,Inactive,,*,-1,-1
2025-02-08T14:53:22.376-05:00,IdeState,Inactive,,*,-1,-1
2025-02-08T14:53:23.377-05:00,IdeState,Inactive,,*,-1,-1
2025-02-08T14:53:24.377-05:00,IdeState,Inactive,,*,-1,-1
2025-02-08T14:53:25.378-05:00,IdeState,Inactive,,*,-1,-1
2025-02-08T14:53:26.378-05:00,IdeState,Inactive,,*,-1,-1
2025-02-08T14:53:27.378-05:00,IdeState,Inactive,,*,-1,-1
2025-02-08T14:53:28.379-05:00,IdeState,Inactive,,*,-1,-1
2025-02-08T14:53:29.379-05:00,IdeState,Inactive,,*,-1,-1
2025-02-08T14:53:30.379-05:00,IdeState,Inactive,,*,-1,-1
2025-02-08T14:53:31.380-05:00,IdeState,Inactive,,*,-1,-1
2025-02-08T14:53:32.380-05:00,IdeState,Inactive,,*,-1,-1
2025-02-08T14:53:33.380-05:00,IdeState,Inactive,,*,-1,-1
2025-02-08T14:53:34.381-05:00,IdeState,Inactive,,*,-1,-1
2025-02-08T14:53:35.382-05:00,IdeState,Inactive,,*,-1,-1
2025-02-08T14:53:36.383-05:00,IdeState,Inactive,,*,-1,-1
2025-02-08T14:53:37.383-05:00,IdeState,Inactive,,*,-1,-1
2025-02-08T14:53:38.384-05:00,IdeState,Inactive,,*,-1,-1
2025-02-08T14:53:39.385-05:00,IdeState,Inactive,,*,-1,-1
2025-02-08T14:53:40.385-05:00,IdeState,Inactive,,*,-1,-1
2025-02-08T14:53:41.386-05:00,IdeState,Inactive,,*,-1,-1
2025-02-08T14:53:42.387-05:00,IdeState,Inactive,,*,-1,-1
2025-02-08T14:53:43.387-05:00,IdeState,Inactive,,*,-1,-1
2025-02-08T14:53:44.388-05:00,IdeState,Inactive,,*,-1,-1
2025-02-08T14:53:45.388-05:00,IdeState,Inactive,,*,-1,-1
2025-02-08T14:53:46.389-05:00,IdeState,Inactive,,*,-1,-1
2025-02-08T14:53:47.389-05:00,IdeState,Inactive,,*,-1,-1
2025-02-08T14:53:48.390-05:00,IdeState,Inactive,,*,-1,-1
2025-02-08T14:53:49.390-05:00,IdeState,Inactive,,*,-1,-1
2025-02-08T14:53:50.391-05:00,IdeState,Inactive,,*,-1,-1
2025-02-08T14:53:51.392-05:00,IdeState,Inactive,,*,-1,-1
2025-02-08T14:53:52.392-05:00,IdeState,Inactive,,*,-1,-1
2025-02-08T14:53:53.393-05:00,IdeState,Inactive,,*,-1,-1
2025-02-08T14:53:54.393-05:00,IdeState,Inactive,,*,-1,-1
2025-02-08T14:53:55.394-05:00,IdeState,Inactive,,*,-1,-1
2025-02-08T14:53:56.394-05:00,IdeState,Inactive,,*,-1,-1
2025-02-08T14:53:57.395-05:00,IdeState,Inactive,,*,-1,-1
2025-02-08T14:53:58.396-05:00,IdeState,Inactive,,*,-1,-1
2025-02-08T14:53:59.397-05:00,IdeState,Inactive,,*,-1,-1
2025-02-08T14:54:00.397-05:00,IdeState,Inactive,,*,-1,-1
2025-02-08T14:54:01.397-05:00,IdeState,Inactive,,*,-1,-1
2025-02-08T14:54:02.398-05:00,IdeState,Inactive,,*,-1,-1
2025-02-08T14:54:03.399-05:00,IdeState,Inactive,,*,-1,-1
2025-02-08T14:54:04.399-05:00,IdeState,Inactive,,*,-1,-1
2025-02-08T14:54:05.400-05:00,IdeState,Inactive,,*,-1,-1
2025-02-08T14:54:06.400-05:00,IdeState,Inactive,,*,-1,-1
2025-02-08T14:54:07.401-05:00,IdeState,Inactive,,*,-1,-1
2025-02-08T14:54:08.401-05:00,IdeState,Inactive,,*,-1,-1
2025-02-08T14:54:09.402-05:00,IdeState,Inactive,,*,-1,-1
2025-02-08T14:54:10.402-05:00,IdeState,Inactive,,*,-1,-1
2025-02-08T14:54:11.403-05:00,IdeState,Inactive,,*,-1,-1
2025-02-08T14:54:12.404-05:00,IdeState,Inactive,,*,-1,-1
2025-02-08T14:54:13.404-05:00,IdeState,Inactive,,*,-1,-1
2025-02-08T14:54:14.405-05:00,IdeState,Inactive,,*,-1,-1
2025-02-08T14:54:15.406-05:00,IdeState,Inactive,,*,-1,-1
2025-02-08T14:54:16.406-05:00,IdeState,Inactive,,*,-1,-1
2025-02-08T14:54:17.407-05:00,IdeState,Inactive,,*,-1,-1
2025-02-08T14:54:18.408-05:00,IdeState,Inactive,,*,-1,-1
2025-02-08T14:54:19.409-05:00,IdeState,Inactive,,*,-1,-1
2025-02-08T14:54:20.409-05:00,IdeState,Inactive,,*,-1,-1
2025-02-08T14:54:21.410-05:00,IdeState,Inactive,,*,-1,-1
2025-02-08T14:54:22.411-05:00,IdeState,Inactive,,*,-1,-1
2025-02-08T14:54:23.411-05:00,IdeState,Inactive,,*,-1,-1
2025-02-08T14:54:24.412-05:00,IdeState,Inactive,,*,-1,-1
2025-02-08T14:54:25.412-05:00,IdeState,Inactive,,*,-1,-1
2025-02-08T14:54:26.413-05:00,IdeState,Inactive,,*,-1,-1
2025-02-08T14:54:27.413-05:00,IdeState,Inactive,,*,-1,-1
2025-02-08T14:54:28.414-05:00,IdeState,Inactive,,*,-1,-1
2025-02-08T14:54:29.414-05:00,IdeState,Inactive,,*,-1,-1
2025-02-08T14:54:30.415-05:00,IdeState,Inactive,,*,-1,-1
2025-02-08T14:54:31.416-05:00,IdeState,Inactive,,*,-1,-1
2025-02-08T14:54:32.416-05:00,IdeState,Inactive,,*,-1,-1
2025-02-08T14:54:33.417-05:00,IdeState,Inactive,,*,-1,-1
2025-02-08T14:54:34.417-05:00,IdeState,Inactive,,*,-1,-1
2025-02-08T14:54:35.418-05:00,IdeState,Inactive,,*,-1,-1
2025-02-08T14:54:36.419-05:00,IdeState,Inactive,,*,-1,-1
2025-02-08T14:54:37.419-05:00,IdeState,Inactive,,*,-1,-1
2025-02-08T14:54:38.420-05:00,IdeState,Inactive,,*,-1,-1
2025-02-08T14:54:39.420-05:00,IdeState,Inactive,,*,-1,-1
2025-02-08T14:54:40.421-05:00,IdeState,Inactive,,*,-1,-1
2025-02-08T14:54:41.421-05:00,IdeState,Inactive,,*,-1,-1
2025-02-08T14:54:42.422-05:00,IdeState,Inactive,,*,-1,-1
2025-02-08T14:54:43.422-05:00,IdeState,Inactive,,*,-1,-1
2025-02-08T14:54:44.423-05:00,IdeState,Inactive,,*,-1,-1
2025-02-08T14:54:45.424-05:00,IdeState,Inactive,,*,-1,-1
2025-02-08T14:54:46.425-05:00,IdeState,Inactive,,*,-1,-1
2025-02-08T14:54:47.425-05:00,IdeState,Inactive,,*,-1,-1
2025-02-08T14:54:48.426-05:00,IdeState,Inactive,,*,-1,-1
2025-02-08T14:54:49.426-05:00,IdeState,Inactive,,*,-1,-1
2025-02-08T14:54:50.427-05:00,IdeState,Inactive,,*,-1,-1
2025-02-08T14:54:51.427-05:00,IdeState,Inactive,,*,-1,-1
2025-02-08T14:54:52.428-05:00,IdeState,Inactive,,*,-1,-1
2025-02-08T14:54:53.429-05:00,IdeState,Inactive,,*,-1,-1
2025-02-08T14:54:54.429-05:00,IdeState,Inactive,,*,-1,-1
2025-02-08T14:54:55.430-05:00,IdeState,Inactive,,*,-1,-1
2025-02-08T14:54:56.430-05:00,IdeState,Inactive,,*,-1,-1
2025-02-08T14:54:57.431-05:00,IdeState,Inactive,,*,-1,-1
2025-02-08T14:54:58.431-05:00,IdeState,Inactive,,*,-1,-1
2025-02-08T14:54:59.431-05:00,IdeState,Inactive,,*,-1,-1
2025-02-08T14:55:00.432-05:00,IdeState,Inactive,,*,-1,-1
2025-02-08T14:55:01.433-05:00,IdeState,Inactive,,*,-1,-1
2025-02-08T14:55:02.434-05:00,IdeState,Inactive,,*,-1,-1
2025-02-08T14:55:03.434-05:00,IdeState,Inactive,,*,-1,-1
2025-02-08T14:55:04.435-05:00,IdeState,Inactive,,*,-1,-1
2025-02-08T14:55:05.435-05:00,IdeState,Inactive,,*,-1,-1
2025-02-08T14:55:06.436-05:00,IdeState,Inactive,,*,-1,-1
2025-02-08T14:55:07.437-05:00,IdeState,Inactive,,*,-1,-1
2025-02-08T14:55:08.437-05:00,IdeState,Inactive,,*,-1,-1
2025-02-08T14:55:09.437-05:00,IdeState,Inactive,,*,-1,-1
2025-02-08T14:55:10.438-05:00,IdeState,Inactive,,*,-1,-1
2025-02-08T14:55:11.439-05:00,IdeState,Inactive,,*,-1,-1
2025-02-08T14:55:12.439-05:00,IdeState,Inactive,,*,-1,-1
2025-02-08T14:55:13.440-05:00,IdeState,Inactive,,*,-1,-1
2025-02-08T14:55:14.440-05:00,IdeState,Inactive,,*,-1,-1
2025-02-08T14:55:15.441-05:00,IdeState,Inactive,,*,-1,-1
2025-02-08T14:55:16.441-05:00,IdeState,Inactive,,*,-1,-1
2025-02-08T14:55:17.442-05:00,IdeState,Inactive,,*,-1,-1
2025-02-08T14:55:18.442-05:00,IdeState,Inactive,,*,-1,-1
2025-02-08T14:55:19.443-05:00,IdeState,Inactive,,*,-1,-1
2025-02-08T14:55:20.444-05:00,IdeState,Inactive,,*,-1,-1
2025-02-08T14:55:21.444-05:00,IdeState,Inactive,,*,-1,-1
2025-02-08T14:55:22.445-05:00,IdeState,Inactive,,*,-1,-1
2025-02-08T14:55:23.445-05:00,IdeState,Inactive,,*,-1,-1
2025-02-08T14:55:24.446-05:00,IdeState,Inactive,,*,-1,-1
2025-02-08T14:55:25.446-05:00,IdeState,Inactive,,*,-1,-1
2025-02-08T14:55:26.447-05:00,IdeState,Inactive,,*,-1,-1
2025-02-08T14:55:27.447-05:00,IdeState,Inactive,,*,-1,-1
2025-02-08T14:55:28.448-05:00,IdeState,Inactive,,*,-1,-1
2025-02-08T14:55:29.448-05:00,IdeState,Inactive,,*,-1,-1
2025-02-08T14:55:30.449-05:00,IdeState,Inactive,,*,-1,-1
2025-02-08T14:55:31.449-05:00,IdeState,Inactive,,*,-1,-1
2025-02-08T14:55:32.450-05:00,IdeState,Inactive,,*,-1,-1
2025-02-08T14:55:33.451-05:00,IdeState,Inactive,,*,-1,-1
2025-02-08T14:55:34.451-05:00,IdeState,Inactive,,*,-1,-1
2025-02-08T14:55:35.452-05:00,IdeState,Inactive,,*,-1,-1
2025-02-08T14:55:36.452-05:00,IdeState,Inactive,,*,-1,-1
2025-02-08T14:55:37.453-05:00,IdeState,Inactive,,*,-1,-1
2025-02-08T14:55:38.454-05:00,IdeState,Inactive,,*,-1,-1
2025-02-08T14:55:39.454-05:00,IdeState,Inactive,,*,-1,-1
2025-02-08T14:55:40.455-05:00,IdeState,Inactive,,*,-1,-1
2025-02-08T14:55:41.455-05:00,IdeState,Inactive,,*,-1,-1
2025-02-08T14:55:42.456-05:00,IdeState,Inactive,,*,-1,-1
2025-02-08T14:55:43.457-05:00,IdeState,Inactive,,*,-1,-1
2025-02-08T14:55:44.457-05:00,IdeState,Inactive,,*,-1,-1
2025-02-08T14:55:45.458-05:00,IdeState,Inactive,,*,-1,-1
2025-02-08T14:55:46.458-05:00,IdeState,Inactive,,*,-1,-1
2025-02-08T14:55:47.459-05:00,IdeState,Inactive,,*,-1,-1
2025-02-08T14:55:48.460-05:00,IdeState,Inactive,,*,-1,-1
2025-02-08T14:55:49.460-05:00,IdeState,Inactive,,*,-1,-1
2025-02-08T14:55:50.461-05:00,IdeState,Inactive,,*,-1,-1
2025-02-08T14:55:51.462-05:00,IdeState,Inactive,,*,-1,-1
2025-02-08T14:55:52.462-05:00,IdeState,Inactive,,*,-1,-1
2025-02-08T14:55:53.463-05:00,IdeState,Inactive,,*,-1,-1
2025-02-08T14:55:54.463-05:00,IdeState,Inactive,,*,-1,-1
2025-02-08T14:55:55.464-05:00,IdeState,Inactive,,*,-1,-1
2025-02-08T14:55:56.465-05:00,IdeState,Inactive,,*,-1,-1
2025-02-08T14:55:57.465-05:00,IdeState,Inactive,,*,-1,-1
2025-02-08T14:55:58.466-05:00,IdeState,Inactive,,*,-1,-1
2025-02-08T14:55:59.467-05:00,IdeState,Inactive,,*,-1,-1
2025-02-08T14:56:00.467-05:00,IdeState,Inactive,,*,-1,-1
2025-02-08T14:56:01.468-05:00,IdeState,Inactive,,*,-1,-1
2025-02-08T14:56:02.468-05:00,IdeState,Inactive,,*,-1,-1
2025-02-08T14:56:03.469-05:00,IdeState,Inactive,,*,-1,-1
2025-02-08T14:56:04.469-05:00,IdeState,Inactive,,*,-1,-1
2025-02-08T14:56:05.470-05:00,IdeState,Inactive,,*,-1,-1
2025-02-08T14:56:06.471-05:00,IdeState,Inactive,,*,-1,-1
2025-02-08T14:56:07.471-05:00,IdeState,Inactive,,*,-1,-1
2025-02-08T14:56:08.472-05:00,IdeState,Inactive,,*,-1,-1
2025-02-08T14:56:09.472-05:00,IdeState,Inactive,,*,-1,-1
2025-02-08T14:56:10.473-05:00,IdeState,Inactive,,*,-1,-1
2025-02-08T14:56:11.474-05:00,IdeState,Inactive,,*,-1,-1
2025-02-08T14:56:12.474-05:00,IdeState,Inactive,,*,-1,-1
2025-02-08T14:56:13.475-05:00,IdeState,Inactive,,*,-1,-1
2025-02-08T14:56:14.475-05:00,IdeState,Inactive,,*,-1,-1
2025-02-08T14:56:15.476-05:00,IdeState,Inactive,,*,-1,-1
2025-02-08T14:56:16.477-05:00,IdeState,Inactive,,*,-1,-1
2025-02-08T14:56:17.477-05:00,IdeState,Inactive,,*,-1,-1
2025-02-08T14:56:18.478-05:00,IdeState,Inactive,,*,-1,-1
2025-02-08T14:56:19.478-05:00,IdeState,Inactive,,*,-1,-1
2025-02-08T14:56:20.479-05:00,IdeState,Inactive,,*,-1,-1
2025-02-08T14:56:21.480-05:00,IdeState,Inactive,,*,-1,-1
2025-02-08T14:56:22.481-05:00,IdeState,Inactive,,*,-1,-1
2025-02-08T14:56:23.481-05:00,IdeState,Inactive,,*,-1,-1
2025-02-08T14:56:24.482-05:00,IdeState,Inactive,,*,-1,-1
2025-02-08T14:56:25.482-05:00,IdeState,Inactive,,*,-1,-1
2025-02-08T14:56:26.483-05:00,IdeState,Inactive,,*,-1,-1
2025-02-08T14:56:27.484-05:00,IdeState,Inactive,,*,-1,-1
2025-02-08T14:56:28.484-05:00,IdeState,Inactive,,*,-1,-1
2025-02-08T14:56:29.485-05:00,IdeState,Inactive,,*,-1,-1
2025-02-08T14:56:30.485-05:00,IdeState,Inactive,,*,-1,-1
2025-02-08T14:56:31.486-05:00,IdeState,Inactive,,*,-1,-1
2025-02-08T14:56:32.487-05:00,IdeState,Inactive,,*,-1,-1
2025-02-08T14:56:33.487-05:00,IdeState,Inactive,,*,-1,-1
2025-02-08T14:56:34.488-05:00,IdeState,Inactive,,*,-1,-1
2025-02-08T14:56:35.488-05:00,IdeState,Inactive,,*,-1,-1
2025-02-08T14:56:36.489-05:00,IdeState,Inactive,,*,-1,-1
2025-02-08T14:56:37.489-05:00,IdeState,Inactive,,*,-1,-1
2025-02-08T14:56:38.490-05:00,IdeState,Inactive,,*,-1,-1
2025-02-08T14:56:39.490-05:00,IdeState,Inactive,,*,-1,-1
2025-02-08T14:56:40.491-05:00,IdeState,Inactive,,*,-1,-1
2025-02-08T14:56:41.492-05:00,IdeState,Inactive,,*,-1,-1
2025-02-08T14:56:42.492-05:00,IdeState,Inactive,,*,-1,-1
2025-02-08T14:56:43.493-05:00,IdeState,Inactive,,*,-1,-1
2025-02-08T14:56:44.493-05:00,IdeState,Inactive,,*,-1,-1
2025-02-08T14:56:45.494-05:00,IdeState,Inactive,,*,-1,-1
2025-02-08T14:56:46.494-05:00,IdeState,Inactive,,*,-1,-1
2025-02-08T14:56:47.495-05:00,IdeState,Inactive,,*,-1,-1
2025-02-08T14:56:48.496-05:00,IdeState,Inactive,,*,-1,-1
2025-02-08T14:56:49.496-05:00,IdeState,Inactive,,*,-1,-1
2025-02-08T14:56:50.497-05:00,IdeState,Inactive,,*,-1,-1
2025-02-08T14:56:51.498-05:00,IdeState,Inactive,,*,-1,-1
2025-02-08T14:56:52.498-05:00,IdeState,Inactive,,*,-1,-1
2025-02-08T14:56:53.499-05:00,IdeState,Inactive,,*,-1,-1
2025-02-08T14:56:54.500-05:00,IdeState,Inactive,,*,-1,-1
2025-02-08T14:56:55.500-05:00,IdeState,Inactive,,*,-1,-1
2025-02-08T14:56:56.501-05:00,IdeState,Inactive,,*,-1,-1
2025-02-08T14:56:57.501-05:00,IdeState,Inactive,,*,-1,-1
2025-02-08T14:56:58.502-05:00,IdeState,Inactive,,*,-1,-1
2025-02-08T14:56:59.502-05:00,IdeState,Inactive,,*,-1,-1
2025-02-08T14:57:00.503-05:00,IdeState,Inactive,,*,-1,-1
2025-02-08T14:57:01.504-05:00,IdeState,Inactive,,*,-1,-1
2025-02-08T14:57:02.504-05:00,IdeState,Inactive,,*,-1,-1
2025-02-08T14:57:03.505-05:00,IdeState,Inactive,,*,-1,-1
2025-02-08T14:57:04.505-05:00,IdeState,Inactive,,*,-1,-1
2025-02-08T14:57:05.506-05:00,IdeState,Inactive,,*,-1,-1
2025-02-08T14:57:06.507-05:00,IdeState,Inactive,,*,-1,-1
2025-02-08T14:57:07.507-05:00,IdeState,Inactive,,*,-1,-1
2025-02-08T14:57:08.508-05:00,IdeState,Inactive,,*,-1,-1
2025-02-08T14:57:09.509-05:00,IdeState,Inactive,,*,-1,-1
2025-02-08T14:57:10.509-05:00,IdeState,Inactive,,*,-1,-1
2025-02-08T14:57:11.510-05:00,IdeState,Inactive,,*,-1,-1
2025-02-08T14:57:12.510-05:00,IdeState,Inactive,,*,-1,-1
2025-02-08T14:57:13.511-05:00,IdeState,Inactive,,*,-1,-1
2025-02-08T14:57:14.511-05:00,IdeState,Inactive,,*,-1,-1
2025-02-08T14:57:15.512-05:00,IdeState,Inactive,,*,-1,-1
2025-02-08T14:57:16.512-05:00,IdeState,Inactive,,*,-1,-1
2025-02-08T14:57:17.513-05:00,IdeState,Inactive,,*,-1,-1
2025-02-08T14:57:18.513-05:00,IdeState,Inactive,,*,-1,-1
2025-02-08T14:57:19.514-05:00,IdeState,Inactive,,*,-1,-1
2025-02-08T14:57:20.515-05:00,IdeState,Inactive,,*,-1,-1
2025-02-08T14:57:21.515-05:00,IdeState,Inactive,,*,-1,-1
2025-02-08T14:57:22.516-05:00,IdeState,Inactive,,*,-1,-1
2025-02-08T14:57:23.517-05:00,IdeState,Inactive,,*,-1,-1
2025-02-08T14:57:24.517-05:00,IdeState,Inactive,,*,-1,-1
2025-02-08T14:57:25.518-05:00,IdeState,Inactive,,*,-1,-1
2025-02-08T14:57:26.519-05:00,IdeState,Inactive,,*,-1,-1
2025-02-08T14:57:27.519-05:00,IdeState,Inactive,,*,-1,-1
2025-02-08T14:57:28.520-05:00,IdeState,Inactive,,*,-1,-1
2025-02-08T14:57:29.520-05:00,IdeState,Inactive,,*,-1,-1
2025-02-08T14:57:30.520-05:00,IdeState,Inactive,,*,-1,-1
2025-02-08T14:57:31.521-05:00,IdeState,Inactive,,*,-1,-1
2025-02-08T14:57:32.522-05:00,IdeState,Inactive,,*,-1,-1
2025-02-08T14:57:33.522-05:00,IdeState,Inactive,,*,-1,-1
2025-02-08T14:57:34.522-05:00,IdeState,Inactive,,*,-1,-1
2025-02-08T14:57:35.523-05:00,IdeState,Inactive,,*,-1,-1
2025-02-08T14:57:36.524-05:00,IdeState,Inactive,,*,-1,-1
2025-02-08T14:57:37.524-05:00,IdeState,Inactive,,*,-1,-1
2025-02-08T14:57:38.525-05:00,IdeState,Inactive,,*,-1,-1
2025-02-08T14:57:39.526-05:00,IdeState,Inactive,,*,-1,-1
2025-02-08T14:57:40.526-05:00,IdeState,Inactive,,*,-1,-1
2025-02-08T14:57:41.527-05:00,IdeState,Inactive,,*,-1,-1
2025-02-08T14:57:42.528-05:00,IdeState,Inactive,,*,-1,-1
2025-02-08T14:57:43.529-05:00,IdeState,Inactive,,*,-1,-1
2025-02-08T14:57:44.529-05:00,IdeState,Inactive,,*,-1,-1
2025-02-08T14:57:45.530-05:00,IdeState,Inactive,,*,-1,-1
2025-02-08T14:57:46.530-05:00,IdeState,Inactive,,*,-1,-1
2025-02-08T14:57:47.531-05:00,IdeState,Inactive,,*,-1,-1
2025-02-08T14:57:48.532-05:00,IdeState,Inactive,,*,-1,-1
2025-02-08T14:57:49.532-05:00,IdeState,Inactive,,*,-1,-1
2025-02-08T14:57:50.533-05:00,IdeState,Inactive,,*,-1,-1
2025-02-08T14:57:51.534-05:00,IdeState,Inactive,,*,-1,-1
2025-02-08T14:57:52.534-05:00,IdeState,Inactive,,*,-1,-1
2025-02-08T14:57:53.535-05:00,IdeState,Inactive,,*,-1,-1
2025-02-08T14:57:54.536-05:00,IdeState,Inactive,,*,-1,-1
2025-02-08T14:57:55.536-05:00,IdeState,Inactive,,*,-1,-1
2025-02-08T14:57:56.537-05:00,IdeState,Inactive,,*,-1,-1
2025-02-08T14:57:57.538-05:00,IdeState,Inactive,,*,-1,-1
2025-02-08T14:57:58.538-05:00,IdeState,Inactive,,*,-1,-1
2025-02-08T14:57:59.539-05:00,IdeState,Inactive,,*,-1,-1
2025-02-08T14:58:00.539-05:00,IdeState,Inactive,,*,-1,-1
2025-02-08T14:58:01.540-05:00,IdeState,Inactive,,*,-1,-1
2025-02-08T14:58:02.541-05:00,IdeState,Inactive,,*,-1,-1
2025-02-08T14:58:03.541-05:00,IdeState,Inactive,,*,-1,-1
2025-02-08T14:58:04.542-05:00,IdeState,Inactive,,*,-1,-1
2025-02-08T14:58:05.542-05:00,IdeState,Inactive,,*,-1,-1
2025-02-08T14:58:06.543-05:00,IdeState,Inactive,,*,-1,-1
2025-02-08T14:58:07.543-05:00,IdeState,Inactive,,*,-1,-1
2025-02-08T14:58:08.544-05:00,IdeState,Inactive,,*,-1,-1
2025-02-08T14:58:09.545-05:00,IdeState,Inactive,,*,-1,-1
2025-02-08T14:58:10.545-05:00,IdeState,Inactive,,*,-1,-1
2025-02-08T14:58:11.546-05:00,IdeState,Inactive,,*,-1,-1
2025-02-08T14:58:12.547-05:00,IdeState,Inactive,,*,-1,-1
2025-02-08T14:58:13.547-05:00,IdeState,Inactive,,*,-1,-1
2025-02-08T14:58:14.548-05:00,IdeState,Inactive,,*,-1,-1
2025-02-08T14:58:15.548-05:00,IdeState,Inactive,,*,-1,-1
2025-02-08T14:58:16.549-05:00,IdeState,Inactive,,*,-1,-1
2025-02-08T14:58:17.549-05:00,IdeState,Inactive,,*,-1,-1
2025-02-08T14:58:18.550-05:00,IdeState,Inactive,,*,-1,-1
2025-02-08T14:58:19.550-05:00,IdeState,Inactive,,*,-1,-1
2025-02-08T14:58:20.551-05:00,IdeState,Inactive,,*,-1,-1
2025-02-08T14:58:21.552-05:00,IdeState,Inactive,,*,-1,-1
2025-02-08T14:58:22.552-05:00,IdeState,Inactive,,*,-1,-1
2025-02-08T14:58:23.552-05:00,IdeState,Inactive,,*,-1,-1
2025-02-08T14:58:24.553-05:00,IdeState,Inactive,,*,-1,-1
2025-02-08T14:58:25.553-05:00,IdeState,Inactive,,*,-1,-1
2025-02-08T14:58:26.554-05:00,IdeState,Inactive,,*,-1,-1
2025-02-08T14:58:27.555-05:00,IdeState,Inactive,,*,-1,-1
2025-02-08T14:58:28.555-05:00,IdeState,Inactive,,*,-1,-1
2025-02-08T14:58:29.556-05:00,IdeState,Inactive,,*,-1,-1
2025-02-08T14:58:30.557-05:00,IdeState,Inactive,,*,-1,-1
2025-02-08T14:58:31.557-05:00,IdeState,Inactive,,*,-1,-1
2025-02-08T14:58:32.558-05:00,IdeState,Inactive,,*,-1,-1
2025-02-08T14:58:33.558-05:00,IdeState,Inactive,,*,-1,-1
2025-02-08T14:58:34.559-05:00,IdeState,Inactive,,*,-1,-1
2025-02-08T14:58:35.559-05:00,IdeState,Inactive,,*,-1,-1
2025-02-08T14:58:36.560-05:00,IdeState,Inactive,,*,-1,-1
2025-02-08T14:58:37.561-05:00,IdeState,Inactive,,*,-1,-1
2025-02-08T14:58:38.562-05:00,IdeState,Inactive,,*,-1,-1
2025-02-08T14:58:39.563-05:00,IdeState,Inactive,,*,-1,-1
2025-02-08T14:58:40.563-05:00,IdeState,Inactive,,*,-1,-1
2025-02-08T14:58:41.564-05:00,IdeState,Inactive,,*,-1,-1
2025-02-08T14:58:42.565-05:00,IdeState,Inactive,,*,-1,-1
2025-02-08T14:58:43.565-05:00,IdeState,Inactive,,*,-1,-1
2025-02-08T14:58:44.566-05:00,IdeState,Inactive,,*,-1,-1
2025-02-08T14:58:45.566-05:00,IdeState,Inactive,,*,-1,-1
2025-02-08T14:58:46.567-05:00,IdeState,Inactive,,*,-1,-1
2025-02-08T14:58:47.568-05:00,IdeState,Inactive,,*,-1,-1
2025-02-08T14:58:48.568-05:00,IdeState,Inactive,,*,-1,-1
2025-02-08T14:58:49.569-05:00,IdeState,Inactive,,*,-1,-1
2025-02-08T14:58:50.570-05:00,IdeState,Inactive,,*,-1,-1
2025-02-08T14:58:51.570-05:00,IdeState,Inactive,,*,-1,-1
2025-02-08T14:58:52.571-05:00,IdeState,Inactive,,*,-1,-1
2025-02-08T14:58:53.571-05:00,IdeState,Inactive,,*,-1,-1
2025-02-08T14:58:54.572-05:00,IdeState,Inactive,,*,-1,-1
2025-02-08T14:58:55.572-05:00,IdeState,Inactive,,*,-1,-1
2025-02-08T14:58:56.573-05:00,IdeState,Inactive,,*,-1,-1
2025-02-08T14:58:57.573-05:00,IdeState,Inactive,,*,-1,-1
2025-02-08T14:58:58.574-05:00,IdeState,Inactive,,*,-1,-1
2025-02-08T14:58:59.575-05:00,IdeState,Inactive,,*,-1,-1
2025-02-08T14:59:00.575-05:00,IdeState,Inactive,,*,-1,-1
2025-02-08T14:59:01.576-05:00,IdeState,Inactive,,*,-1,-1
2025-02-08T14:59:02.576-05:00,IdeState,Inactive,,*,-1,-1
2025-02-08T14:59:03.577-05:00,IdeState,Inactive,,*,-1,-1
2025-02-08T14:59:04.578-05:00,IdeState,Inactive,,*,-1,-1
2025-02-08T14:59:05.578-05:00,IdeState,Inactive,,*,-1,-1
2025-02-08T14:59:06.579-05:00,IdeState,Inactive,,*,-1,-1
2025-02-08T14:59:07.579-05:00,IdeState,Inactive,,*,-1,-1
2025-02-08T14:59:08.580-05:00,IdeState,Inactive,,*,-1,-1
2025-02-08T14:59:09.580-05:00,IdeState,Inactive,,*,-1,-1
2025-02-08T14:59:10.580-05:00,IdeState,Inactive,,*,-1,-1
2025-02-08T14:59:11.581-05:00,IdeState,Inactive,,*,-1,-1
2025-02-08T14:59:12.581-05:00,IdeState,Inactive,,*,-1,-1
2025-02-08T14:59:13.581-05:00,IdeState,Inactive,,*,-1,-1
2025-02-08T14:59:14.581-05:00,IdeState,Inactive,,*,-1,-1
2025-02-08T14:59:15.582-05:00,IdeState,Inactive,,*,-1,-1
2025-02-08T14:59:32.909-05:00,IdeState,Inactive,,*,-1,-1
2025-02-08T14:59:53.243-05:00,IdeState,Inactive,,*,-1,-1
2025-02-08T15:00:02.345-05:00,IdeState,Inactive,,*,-1,-1
2025-02-08T15:00:05.612-05:00,IdeState,Inactive,,*,-1,-1
2025-02-08T15:00:06.612-05:00,IdeState,Inactive,,*,-1,-1
2025-02-08T15:00:07.612-05:00,IdeState,Inactive,,*,-1,-1
2025-02-08T15:00:08.612-05:00,IdeState,Inactive,,*,-1,-1
2025-02-08T15:00:09.613-05:00,IdeState,Inactive,,*,-1,-1
2025-02-08T15:00:32.678-05:00,IdeState,Inactive,,*,-1,-1
2025-02-08T15:00:38.348-05:00,IdeState,Inactive,,*,-1,-1
2025-02-08T15:01:02.145-05:00,IdeState,Inactive,,*,-1,-1
2025-02-08T15:01:03.145-05:00,IdeState,Inactive,,*,-1,-1
2025-02-08T17:25:26.024-05:00,IdeState,Inactive,,*,-1,-1
2025-02-08T17:25:27.461-05:00,IdeState,NoProject,,*,-1,-1
2025-02-08T17:25:29.195-05:00,IdeState,Inactive,,*,-1,-1
2025-02-08T17:25:30.920-05:00,IdeState,Inactive,,*,-1,-1
2025-02-08T17:25:32.838-05:00,IdeState,Inactive,,*,-1,-1
2025-02-08T17:25:34.397-05:00,IdeState,Inactive,,*,-1,-1
2025-02-08T17:25:35.401-05:00,IdeState,Inactive,,*,-1,-1
2025-02-08T17:25:36.402-05:00,IdeState,Inactive,,*,-1,-1
2025-02-08T17:25:37.403-05:00,IdeState,Inactive,,*,-1,-1
2025-02-08T17:25:38.404-05:00,IdeState,Inactive,,*,-1,-1
2025-02-08T17:25:39.405-05:00,IdeState,Inactive,,*,-1,-1
2025-02-08T17:25:40.406-05:00,IdeState,Inactive,,*,-1,-1
2025-02-08T17:25:41.423-05:00,IdeState,Active,Editor,*,16,0
2025-02-08T17:25:42.425-05:00,IdeState,Active,Editor,*,16,0
2025-02-08T17:25:43.426-05:00,IdeState,Active,Editor,*,16,0
2025-02-08T17:25:44.427-05:00,IdeState,Active,Editor,*,16,0
2025-02-08T17:25:45.428-05:00,IdeState,Active,Editor,*,16,0
2025-02-08T17:25:46.430-05:00,IdeState,Active,Editor,*,16,0
2025-02-08T17:25:47.431-05:00,IdeState,Active,Editor,*,16,0
2025-02-08T17:25:48.432-05:00,IdeState,Active,Editor,*,16,0
2025-02-08T17:25:49.434-05:00,IdeState,Active,Editor,*,16,0
2025-02-08T17:25:50.435-05:00,IdeState,Active,Editor,*,16,0
2025-02-08T17:25:51.436-05:00,IdeState,Inactive,,*,-1,-1
2025-02-08T17:25:52.437-05:00,IdeState,Inactive,,*,-1,-1
2025-02-08T17:25:53.438-05:00,IdeState,Active,Project,*,16,0
2025-02-08T17:25:54.453-05:00,IdeState,Inactive,,*,-1,-1
2025-02-08T17:25:55.453-05:00,IdeState,Inactive,,*,-1,-1
2025-02-08T17:25:56.454-05:00,IdeState,Inactive,,*,-1,-1
2025-02-08T17:25:57.455-05:00,IdeState,Inactive,,*,-1,-1
2025-02-08T17:25:58.456-05:00,IdeState,Inactive,,*,-1,-1
2025-02-08T17:25:59.457-05:00,IdeState,Inactive,,*,-1,-1
2025-02-08T17:26:00.457-05:00,IdeState,Inactive,,*,-1,-1
2025-02-08T17:26:01.458-05:00,IdeState,Inactive,,*,-1,-1
2025-02-08T17:26:02.458-05:00,IdeState,Inactive,,*,-1,-1
2025-02-08T17:26:03.459-05:00,IdeState,Inactive,,*,-1,-1
2025-02-08T17:26:04.459-05:00,IdeState,Inactive,,*,-1,-1
2025-02-08T17:26:05.459-05:00,IdeState,Active,Project,*,16,0
2025-02-08T17:26:06.460-05:00,IdeState,Active,Project,*,16,0
2025-02-08T17:26:07.461-05:00,IdeState,Active,Project,*,16,0
2025-02-08T17:26:08.462-05:00,IdeState,Active,Project,*,16,0
2025-02-08T17:26:09.463-05:00,IdeState,Active,Project,*,16,0
2025-02-08T17:26:10.464-05:00,IdeState,Active,Project,*,16,0
2025-02-08T17:26:11.465-05:00,IdeState,Active,Project,*,16,0
2025-02-08T17:26:12.466-05:00,IdeState,Active,Project,*,16,0
2025-02-08T17:26:13.467-05:00,IdeState,Active,Project,*,16,0
2025-02-08T17:26:14.468-05:00,IdeState,Active,Project,*,16,0
2025-02-08T17:26:15.470-05:00,IdeState,Active,Project,*,16,0
2025-02-08T17:26:16.471-05:00,IdeState,Active,Project,*,16,0
2025-02-08T17:26:17.472-05:00,IdeState,Active,Project,*,16,0
2025-02-08T17:26:18.473-05:00,IdeState,Active,Project,*,16,0
2025-02-08T17:26:19.474-05:00,IdeState,Active,Project,*,16,0
2025-02-08T17:26:20.475-05:00,IdeState,Active,Project,*,16,0
2025-02-08T17:26:21.477-05:00,IdeState,Active,Project,*,16,0
2025-02-08T17:26:22.478-05:00,IdeState,Inactive,,*,-1,-1
2025-02-08T17:26:23.478-05:00,IdeState,Inactive,,*,-1,-1
2025-02-08T17:26:24.479-05:00,IdeState,Inactive,,*,-1,-1
2025-02-08T17:26:25.480-05:00,IdeState,Inactive,,*,-1,-1
2025-02-08T17:26:36.015-05:00,IdeState,Inactive,,*,-1,-1
2025-02-08T17:26:37.330-05:00,IdeState,Inactive,,*,-1,-1
2025-02-08T17:26:39.347-05:00,IdeState,Inactive,,*,-1,-1
2025-02-08T17:26:40.644-05:00,IdeState,Inactive,,*,-1,-1
2025-02-08T17:26:41.846-05:00,IdeState,Inactive,,*,-1,-1
2025-02-08T17:26:42.847-05:00,IdeState,Inactive,,*,-1,-1
2025-02-08T17:26:43.848-05:00,IdeState,Inactive,,*,-1,-1
2025-02-08T17:26:44.848-05:00,IdeState,Inactive,,*,-1,-1
2025-02-08T17:26:45.849-05:00,IdeState,Inactive,,*,-1,-1
2025-02-08T17:26:46.867-05:00,IdeState,Inactive,,*,-1,-1
2025-02-08T17:26:47.945-05:00,IdeState,Active,Editor,*,16,0
2025-02-08T17:26:48.949-05:00,IdeState,Active,Editor,*,16,0
2025-02-08T17:26:49.950-05:00,IdeState,Active,Editor,*,16,0
2025-02-08T17:26:50.951-05:00,IdeState,Inactive,,*,-1,-1
2025-02-08T17:26:51.952-05:00,IdeState,Inactive,,*,-1,-1
2025-02-08T17:26:52.953-05:00,IdeState,Inactive,,*,-1,-1
2025-02-08T17:26:53.953-05:00,IdeState,Inactive,,*,-1,-1
2025-02-08T17:26:54.954-05:00,IdeState,Inactive,,*,-1,-1
2025-02-08T17:26:55.956-05:00,IdeState,Inactive,,*,-1,-1
2025-02-08T17:26:56.957-05:00,IdeState,Inactive,,*,-1,-1
2025-02-08T17:26:57.958-05:00,IdeState,Inactive,,*,-1,-1
2025-02-08T17:26:58.959-05:00,IdeState,Inactive,,*,-1,-1
2025-02-08T17:26:59.961-05:00,IdeState,Inactive,,*,-1,-1
2025-02-08T17:27:00.961-05:00,IdeState,Inactive,,*,-1,-1
2025-02-08T17:27:01.962-05:00,IdeState,Inactive,,*,-1,-1
2025-02-08T17:27:02.963-05:00,IdeState,Inactive,,*,-1,-1
2025-02-08T17:27:03.964-05:00,IdeState,Inactive,,*,-1,-1
2025-02-08T17:27:04.965-05:00,IdeState,Inactive,,*,-1,-1
2025-02-08T17:27:05.966-05:00,IdeState,Inactive,,*,-1,-1
2025-02-08T17:27:06.966-05:00,IdeState,Inactive,,*,-1,-1
2025-02-08T17:27:07.967-05:00,IdeState,Inactive,,*,-1,-1
2025-02-08T17:27:08.968-05:00,IdeState,Inactive,,*,-1,-1
2025-02-08T17:27:09.969-05:00,IdeState,Inactive,,*,-1,-1
2025-02-08T17:27:10.970-05:00,IdeState,Inactive,,*,-1,-1
2025-02-08T17:27:11.972-05:00,IdeState,Inactive,,*,-1,-1
2025-02-08T17:27:12.973-05:00,IdeState,Inactive,,*,-1,-1
2025-02-08T17:27:13.974-05:00,IdeState,Inactive,,*,-1,-1
2025-02-08T17:27:14.975-05:00,IdeState,Inactive,,*,-1,-1
2025-02-08T17:27:15.976-05:00,IdeState,Inactive,,*,-1,-1
2025-02-08T17:27:16.977-05:00,IdeState,Inactive,,*,-1,-1
2025-02-08T17:27:17.978-05:00,IdeState,Inactive,,*,-1,-1
2025-02-08T17:27:18.979-05:00,IdeState,Inactive,,*,-1,-1
2025-02-08T17:27:19.980-05:00,IdeState,Inactive,,*,-1,-1
2025-02-08T17:27:20.981-05:00,IdeState,Inactive,,*,-1,-1
2025-02-08T17:27:21.982-05:00,IdeState,Inactive,,*,-1,-1
2025-02-08T17:27:22.983-05:00,IdeState,Inactive,,*,-1,-1
2025-02-08T17:27:23.984-05:00,IdeState,Inactive,,*,-1,-1
2025-02-08T17:27:24.985-05:00,IdeState,Inactive,,*,-1,-1
2025-02-08T17:27:25.986-05:00,IdeState,Inactive,,*,-1,-1
2025-02-08T17:27:26.987-05:00,IdeState,Inactive,,*,-1,-1
2025-02-08T17:27:27.988-05:00,IdeState,Inactive,,*,-1,-1
2025-02-08T17:27:28.989-05:00,IdeState,Inactive,,*,-1,-1
2025-02-08T17:27:29.990-05:00,IdeState,Inactive,,*,-1,-1
2025-02-08T17:27:30.991-05:00,IdeState,Inactive,,*,-1,-1
2025-02-08T17:27:31.992-05:00,IdeState,Inactive,,*,-1,-1
2025-02-08T17:27:32.993-05:00,IdeState,Inactive,,*,-1,-1
2025-02-08T17:27:33.994-05:00,IdeState,Inactive,,*,-1,-1
2025-02-08T17:27:34.995-05:00,IdeState,Inactive,,*,-1,-1
2025-02-08T17:27:35.995-05:00,IdeState,Inactive,,*,-1,-1
2025-02-08T17:27:36.996-05:00,IdeState,Inactive,,*,-1,-1
2025-02-08T17:27:37.996-05:00,IdeState,Inactive,,*,-1,-1
2025-02-08T17:27:38.997-05:00,IdeState,Inactive,,*,-1,-1
2025-02-08T17:27:39.998-05:00,IdeState,Inactive,,*,-1,-1
2025-02-08T17:27:40.999-05:00,IdeState,Inactive,,*,-1,-1
2025-02-08T17:27:42.000-05:00,IdeState,Inactive,,*,-1,-1
2025-02-08T17:27:43.001-05:00,IdeState,Inactive,,*,-1,-1
2025-02-08T17:27:44.002-05:00,IdeState,Inactive,,*,-1,-1
2025-02-08T17:27:45.005-05:00,IdeState,Inactive,,*,-1,-1
2025-02-08T17:27:46.005-05:00,IdeState,Inactive,,*,-1,-1
2025-02-08T17:27:47.006-05:00,IdeState,Inactive,,*,-1,-1
2025-02-08T17:27:48.007-05:00,IdeState,Inactive,,*,-1,-1
2025-02-08T17:27:49.007-05:00,IdeState,Inactive,,*,-1,-1
2025-02-08T17:27:50.008-05:00,IdeState,Inactive,,*,-1,-1
2025-02-08T17:27:51.009-05:00,IdeState,Inactive,,*,-1,-1
2025-02-08T17:27:52.009-05:00,IdeState,Inactive,,*,-1,-1
2025-02-08T17:27:53.011-05:00,IdeState,Inactive,,*,-1,-1
2025-02-08T17:27:54.011-05:00,IdeState,Inactive,,*,-1,-1
2025-02-08T17:27:55.012-05:00,IdeState,Inactive,,*,-1,-1
2025-02-08T17:27:56.013-05:00,IdeState,Inactive,,*,-1,-1
2025-02-08T17:27:57.014-05:00,IdeState,Inactive,,*,-1,-1
2025-02-08T17:27:58.015-05:00,IdeState,Inactive,,*,-1,-1
2025-02-08T17:27:59.015-05:00,IdeState,Inactive,,*,-1,-1
2025-02-08T17:28:00.016-05:00,IdeState,Inactive,,*,-1,-1
2025-02-08T17:28:01.017-05:00,IdeState,Inactive,,*,-1,-1
2025-02-08T17:28:02.018-05:00,IdeState,Inactive,,*,-1,-1
2025-02-08T17:28:03.019-05:00,IdeState,Inactive,,*,-1,-1
2025-02-08T17:28:04.020-05:00,IdeState,Inactive,,*,-1,-1
2025-02-08T17:28:05.021-05:00,IdeState,Inactive,,*,-1,-1
2025-02-08T17:28:06.022-05:00,IdeState,Inactive,,*,-1,-1
2025-02-08T17:28:07.023-05:00,IdeState,Inactive,,*,-1,-1
2025-02-08T17:28:08.024-05:00,IdeState,Inactive,,*,-1,-1
2025-02-08T17:28:09.025-05:00,IdeState,Inactive,,*,-1,-1
2025-02-08T17:28:10.025-05:00,IdeState,Inactive,,*,-1,-1
2025-02-08T17:28:11.026-05:00,IdeState,Inactive,,*,-1,-1
2025-02-08T17:28:12.027-05:00,IdeState,Inactive,,*,-1,-1
2025-02-08T17:28:13.029-05:00,IdeState,Inactive,,*,-1,-1
2025-02-08T17:28:14.030-05:00,IdeState,Inactive,,*,-1,-1
2025-02-08T17:28:15.030-05:00,IdeState,Inactive,,*,-1,-1
2025-02-08T17:28:16.031-05:00,IdeState,Inactive,,*,-1,-1
2025-02-08T17:28:17.032-05:00,IdeState,Inactive,,*,-1,-1
2025-02-08T17:28:18.033-05:00,IdeState,Inactive,,*,-1,-1
2025-02-08T17:28:19.034-05:00,IdeState,Inactive,,*,-1,-1
2025-02-08T17:28:20.036-05:00,IdeState,Inactive,,*,-1,-1
2025-02-08T17:28:21.037-05:00,IdeState,Inactive,,*,-1,-1
2025-02-08T17:28:22.038-05:00,IdeState,Inactive,,*,-1,-1
2025-02-08T17:28:23.039-05:00,IdeState,Inactive,,*,-1,-1
2025-02-08T17:28:24.040-05:00,IdeState,Inactive,,*,-1,-1
2025-02-08T17:28:25.042-05:00,IdeState,Inactive,,*,-1,-1
2025-02-08T17:28:26.043-05:00,IdeState,Inactive,,*,-1,-1
2025-02-08T17:28:27.044-05:00,IdeState,Inactive,,*,-1,-1
2025-02-08T17:28:28.045-05:00,IdeState,Inactive,,*,-1,-1
2025-02-08T17:28:29.046-05:00,IdeState,Inactive,,*,-1,-1
2025-02-08T17:28:30.046-05:00,IdeState,Inactive,,*,-1,-1
2025-02-08T17:28:31.048-05:00,IdeState,Inactive,,*,-1,-1
2025-02-08T17:28:32.049-05:00,IdeState,Inactive,,*,-1,-1
2025-02-08T17:28:33.050-05:00,IdeState,Inactive,,*,-1,-1
2025-02-08T17:28:34.051-05:00,IdeState,Inactive,,*,-1,-1
2025-02-08T17:28:35.052-05:00,IdeState,Inactive,,*,-1,-1
2025-02-08T17:28:36.053-05:00,IdeState,Inactive,,*,-1,-1
2025-02-08T17:28:37.054-05:00,IdeState,Inactive,,*,-1,-1
2025-02-08T17:28:38.055-05:00,IdeState,Inactive,,*,-1,-1
2025-02-08T17:28:39.056-05:00,IdeState,Inactive,,*,-1,-1
2025-02-08T17:28:40.057-05:00,IdeState,Inactive,,*,-1,-1
2025-02-08T17:28:41.058-05:00,IdeState,Inactive,,*,-1,-1
2025-02-08T17:28:42.059-05:00,IdeState,Inactive,,*,-1,-1
2025-02-08T17:28:43.060-05:00,IdeState,Inactive,,*,-1,-1
2025-02-08T17:28:44.061-05:00,IdeState,Inactive,,*,-1,-1
2025-02-08T17:28:45.063-05:00,IdeState,Inactive,,*,-1,-1
2025-02-08T17:28:46.064-05:00,IdeState,Inactive,,*,-1,-1
2025-02-08T17:28:47.065-05:00,IdeState,Inactive,,*,-1,-1
2025-02-08T17:28:48.065-05:00,IdeState,Inactive,,*,-1,-1
2025-02-08T17:28:49.066-05:00,IdeState,Inactive,,*,-1,-1
2025-02-08T17:28:50.067-05:00,IdeState,Inactive,,*,-1,-1
2025-02-08T17:28:51.068-05:00,IdeState,Inactive,,*,-1,-1
2025-02-08T17:28:52.069-05:00,IdeState,Inactive,,*,-1,-1
2025-02-08T17:28:53.070-05:00,IdeState,Inactive,,*,-1,-1
2025-02-08T17:28:54.071-05:00,IdeState,Inactive,,*,-1,-1
2025-02-08T17:28:55.072-05:00,IdeState,Inactive,,*,-1,-1
2025-02-08T17:28:56.073-05:00,IdeState,Inactive,,*,-1,-1
2025-02-08T17:28:57.074-05:00,IdeState,Inactive,,*,-1,-1
2025-02-08T17:28:58.075-05:00,IdeState,Inactive,,*,-1,-1
2025-02-08T17:28:59.076-05:00,IdeState,Inactive,,*,-1,-1
2025-02-08T17:29:00.077-05:00,IdeState,Inactive,,*,-1,-1
2025-02-08T17:29:01.079-05:00,IdeState,Inactive,,*,-1,-1
2025-02-08T17:29:02.080-05:00,IdeState,Inactive,,*,-1,-1
2025-02-08T17:29:03.081-05:00,IdeState,Inactive,,*,-1,-1
2025-02-08T17:29:04.081-05:00,IdeState,Inactive,,*,-1,-1
2025-02-08T17:29:05.082-05:00,IdeState,Inactive,,*,-1,-1
2025-02-08T17:29:06.083-05:00,IdeState,Inactive,,*,-1,-1
2025-02-08T17:29:07.085-05:00,IdeState,Inactive,,*,-1,-1
2025-02-08T17:29:08.085-05:00,IdeState,Inactive,,*,-1,-1
2025-02-08T17:29:09.086-05:00,IdeState,Inactive,,*,-1,-1
2025-02-08T17:29:10.087-05:00,IdeState,Inactive,,*,-1,-1
2025-02-08T17:29:11.088-05:00,IdeState,Inactive,,*,-1,-1
2025-02-08T17:29:12.090-05:00,IdeState,Inactive,,*,-1,-1
2025-02-08T17:29:13.091-05:00,IdeState,Inactive,,*,-1,-1
2025-02-08T17:29:14.092-05:00,IdeState,Inactive,,*,-1,-1
2025-02-08T17:29:15.093-05:00,IdeState,Inactive,,*,-1,-1
2025-02-08T17:29:16.094-05:00,IdeState,Inactive,,*,-1,-1
2025-02-08T17:29:17.095-05:00,IdeState,Inactive,,*,-1,-1
2025-02-08T17:29:18.096-05:00,IdeState,Inactive,,*,-1,-1
2025-02-08T17:29:19.097-05:00,IdeState,Inactive,,*,-1,-1
2025-02-08T17:29:20.098-05:00,IdeState,Inactive,,*,-1,-1
2025-02-08T17:29:21.099-05:00,IdeState,Inactive,,*,-1,-1
2025-02-08T17:29:22.101-05:00,IdeState,Inactive,,*,-1,-1
2025-02-08T17:29:23.102-05:00,IdeState,Inactive,,*,-1,-1
2025-02-08T17:29:24.103-05:00,IdeState,Inactive,,*,-1,-1
2025-02-08T17:29:25.104-05:00,IdeState,Inactive,,*,-1,-1
2025-02-08T17:29:26.105-05:00,IdeState,Inactive,,*,-1,-1
2025-02-08T17:29:27.106-05:00,IdeState,Inactive,,*,-1,-1
2025-02-08T17:29:28.107-05:00,IdeState,Inactive,,*,-1,-1
2025-02-08T17:29:29.108-05:00,IdeState,Inactive,,*,-1,-1
2025-02-08T17:29:30.109-05:00,IdeState,Inactive,,*,-1,-1
2025-02-08T17:29:31.110-05:00,IdeState,Inactive,,*,-1,-1
2025-02-08T17:29:32.112-05:00,IdeState,Inactive,,*,-1,-1
2025-02-08T17:29:33.112-05:00,IdeState,Inactive,,*,-1,-1
2025-02-08T17:29:34.113-05:00,IdeState,Inactive,,*,-1,-1
2025-02-08T17:29:35.114-05:00,IdeState,Inactive,,*,-1,-1
2025-02-08T17:29:36.115-05:00,IdeState,Inactive,,*,-1,-1
2025-02-08T17:29:37.116-05:00,IdeState,Inactive,,*,-1,-1
2025-02-08T17:29:38.117-05:00,IdeState,Inactive,,*,-1,-1
2025-02-08T17:29:39.118-05:00,IdeState,Inactive,,*,-1,-1
2025-02-08T17:29:40.119-05:00,IdeState,Inactive,,*,-1,-1
2025-02-08T17:29:41.120-05:00,IdeState,Inactive,,*,-1,-1
2025-02-08T17:29:42.122-05:00,IdeState,Inactive,,*,-1,-1
2025-02-08T17:29:43.123-05:00,IdeState,Inactive,,*,-1,-1
2025-02-08T17:29:44.124-05:00,IdeState,Inactive,,*,-1,-1
2025-02-08T17:29:45.125-05:00,IdeState,Inactive,,*,-1,-1
2025-02-08T17:29:46.126-05:00,IdeState,Inactive,,*,-1,-1
2025-02-08T17:29:47.127-05:00,IdeState,Inactive,,*,-1,-1
2025-02-08T17:29:48.128-05:00,IdeState,Inactive,,*,-1,-1
2025-02-08T17:29:49.129-05:00,IdeState,Inactive,,*,-1,-1
2025-02-08T17:29:50.130-05:00,IdeState,Inactive,,*,-1,-1
2025-02-08T17:29:51.131-05:00,IdeState,Inactive,,*,-1,-1
2025-02-08T17:29:52.132-05:00,IdeState,Inactive,,*,-1,-1
2025-02-08T17:29:53.133-05:00,IdeState,Inactive,,*,-1,-1
2025-02-08T17:29:54.134-05:00,IdeState,Inactive,,*,-1,-1
2025-02-08T17:29:55.135-05:00,IdeState,Inactive,,*,-1,-1
2025-02-08T17:29:56.136-05:00,IdeState,Inactive,,*,-1,-1
2025-02-08T17:29:57.137-05:00,IdeState,Inactive,,*,-1,-1
2025-02-08T17:29:58.138-05:00,IdeState,Inactive,,*,-1,-1
2025-02-08T17:29:59.139-05:00,IdeState,Inactive,,*,-1,-1
2025-02-08T17:30:00.140-05:00,IdeState,Inactive,,*,-1,-1
2025-02-08T17:30:01.141-05:00,IdeState,Inactive,,*,-1,-1
2025-02-08T17:30:02.142-05:00,IdeState,Inactive,,*,-1,-1
2025-02-08T17:30:03.143-05:00,IdeState,Inactive,,*,-1,-1
2025-02-08T17:30:04.144-05:00,IdeState,Inactive,,*,-1,-1
2025-02-08T17:30:05.145-05:00,IdeState,Inactive,,*,-1,-1
2025-02-08T17:30:06.146-05:00,IdeState,Inactive,,*,-1,-1
2025-02-08T17:30:07.147-05:00,IdeState,Inactive,,*,-1,-1
2025-02-08T17:30:08.148-05:00,IdeState,Inactive,,*,-1,-1
2025-02-08T17:30:09.149-05:00,IdeState,Inactive,,*,-1,-1
2025-02-08T17:30:10.150-05:00,IdeState,Inactive,,*,-1,-1
2025-02-08T17:30:11.151-05:00,IdeState,Inactive,,*,-1,-1
2025-02-08T17:30:12.152-05:00,IdeState,Inactive,,*,-1,-1
2025-02-08T17:30:13.152-05:00,IdeState,Inactive,,*,-1,-1
2025-02-08T17:30:14.153-05:00,IdeState,Inactive,,*,-1,-1
2025-02-08T17:30:15.154-05:00,IdeState,Inactive,,*,-1,-1
2025-02-08T17:30:16.155-05:00,IdeState,Inactive,,*,-1,-1
2025-02-08T17:30:17.155-05:00,IdeState,Inactive,,*,-1,-1
2025-02-08T17:30:18.156-05:00,IdeState,Inactive,,*,-1,-1
2025-02-08T17:30:19.157-05:00,IdeState,Inactive,,*,-1,-1
2025-02-08T17:30:20.157-05:00,IdeState,Inactive,,*,-1,-1
2025-02-08T17:30:21.158-05:00,IdeState,Inactive,,*,-1,-1
2025-02-08T17:30:22.159-05:00,IdeState,Inactive,,*,-1,-1
2025-02-08T17:30:23.160-05:00,IdeState,Inactive,,*,-1,-1
2025-02-08T17:30:24.161-05:00,IdeState,Inactive,,*,-1,-1
2025-02-08T17:30:25.162-05:00,IdeState,Inactive,,*,-1,-1
2025-02-08T17:30:26.164-05:00,IdeState,Inactive,,*,-1,-1
2025-02-08T17:30:27.164-05:00,IdeState,Inactive,,*,-1,-1
2025-02-08T17:30:28.165-05:00,IdeState,Inactive,,*,-1,-1
2025-02-08T17:30:29.166-05:00,IdeState,Inactive,,*,-1,-1
2025-02-08T17:30:30.167-05:00,IdeState,Inactive,,*,-1,-1
2025-02-08T17:30:31.168-05:00,IdeState,Inactive,,*,-1,-1
2025-02-08T17:30:32.169-05:00,IdeState,Inactive,,*,-1,-1
2025-02-08T17:30:33.170-05:00,IdeState,Inactive,,*,-1,-1
2025-02-08T17:30:34.171-05:00,IdeState,Inactive,,*,-1,-1
2025-02-08T17:30:35.171-05:00,IdeState,Inactive,,*,-1,-1
2025-02-08T17:30:36.172-05:00,IdeState,Inactive,,*,-1,-1
2025-02-08T17:30:37.173-05:00,IdeState,Inactive,,*,-1,-1
2025-02-08T17:30:38.174-05:00,IdeState,Inactive,,*,-1,-1
2025-02-08T17:30:39.175-05:00,IdeState,Inactive,,*,-1,-1
2025-02-08T17:30:40.176-05:00,IdeState,Inactive,,*,-1,-1
2025-02-08T17:30:41.177-05:00,IdeState,Inactive,,*,-1,-1
2025-02-08T17:30:42.178-05:00,IdeState,Inactive,,*,-1,-1
2025-02-08T17:30:43.179-05:00,IdeState,Inactive,,*,-1,-1
2025-02-08T17:30:44.179-05:00,IdeState,Inactive,,*,-1,-1
2025-02-08T17:30:45.180-05:00,IdeState,Inactive,,*,-1,-1
2025-02-08T17:30:46.181-05:00,IdeState,Inactive,,*,-1,-1
2025-02-08T17:30:47.182-05:00,IdeState,Inactive,,*,-1,-1
2025-02-08T17:30:48.183-05:00,IdeState,Inactive,,*,-1,-1
2025-02-08T17:30:49.183-05:00,IdeState,Inactive,,*,-1,-1
2025-02-08T17:30:50.185-05:00,IdeState,Inactive,,*,-1,-1
2025-02-08T17:30:51.186-05:00,IdeState,Inactive,,*,-1,-1
2025-02-08T17:30:52.186-05:00,IdeState,Inactive,,*,-1,-1
2025-02-08T17:30:53.187-05:00,IdeState,Inactive,,*,-1,-1
2025-02-08T17:30:54.189-05:00,IdeState,Inactive,,*,-1,-1
2025-02-08T17:30:55.190-05:00,IdeState,Inactive,,*,-1,-1
2025-02-08T17:30:56.191-05:00,IdeState,Inactive,,*,-1,-1
2025-02-08T17:30:57.192-05:00,IdeState,Inactive,,*,-1,-1
2025-02-08T17:30:58.193-05:00,IdeState,Inactive,,*,-1,-1
2025-02-08T17:30:59.194-05:00,IdeState,Inactive,,*,-1,-1
2025-02-08T17:31:00.195-05:00,IdeState,Inactive,,*,-1,-1
2025-02-08T17:31:01.196-05:00,IdeState,Inactive,,*,-1,-1
2025-02-08T17:31:02.197-05:00,IdeState,Inactive,,*,-1,-1
2025-02-08T17:31:03.198-05:00,IdeState,Inactive,,*,-1,-1
2025-02-08T17:31:04.200-05:00,IdeState,Inactive,,*,-1,-1
2025-02-08T17:31:05.201-05:00,IdeState,Inactive,,*,-1,-1
2025-02-08T17:31:06.201-05:00,IdeState,Inactive,,*,-1,-1
2025-02-08T17:31:07.202-05:00,IdeState,Inactive,,*,-1,-1
2025-02-08T17:31:08.203-05:00,IdeState,Inactive,,*,-1,-1
2025-02-08T17:31:09.204-05:00,IdeState,Inactive,,*,-1,-1
2025-02-08T17:31:10.205-05:00,IdeState,Inactive,,*,-1,-1
2025-02-08T17:31:11.206-05:00,IdeState,Inactive,,*,-1,-1
2025-02-08T17:31:12.207-05:00,IdeState,Inactive,,*,-1,-1
2025-02-08T17:31:13.208-05:00,IdeState,Inactive,,*,-1,-1
2025-02-08T17:31:14.209-05:00,IdeState,Inactive,,*,-1,-1
2025-02-08T17:31:15.210-05:00,IdeState,Inactive,,*,-1,-1
2025-02-08T17:31:16.211-05:00,IdeState,Inactive,,*,-1,-1
2025-02-08T17:31:17.212-05:00,IdeState,Inactive,,*,-1,-1
2025-02-08T17:31:18.213-05:00,IdeState,Inactive,,*,-1,-1
2025-02-08T17:31:19.214-05:00,IdeState,Inactive,,*,-1,-1
2025-02-08T17:31:20.215-05:00,IdeState,Inactive,,*,-1,-1
2025-02-08T17:31:21.216-05:00,IdeState,Inactive,,*,-1,-1
2025-02-08T17:31:22.217-05:00,IdeState,Inactive,,*,-1,-1
2025-02-08T17:31:23.218-05:00,IdeState,Inactive,,*,-1,-1
2025-02-08T17:31:24.219-05:00,IdeState,Inactive,,*,-1,-1
2025-02-08T17:31:25.220-05:00,IdeState,Inactive,,*,-1,-1
2025-02-08T17:31:26.221-05:00,IdeState,Inactive,,*,-1,-1
2025-02-08T17:31:27.222-05:00,IdeState,Inactive,,*,-1,-1
2025-02-08T17:31:28.223-05:00,IdeState,Inactive,,*,-1,-1
2025-02-08T17:31:29.224-05:00,IdeState,Inactive,,*,-1,-1
2025-02-08T17:31:30.226-05:00,IdeState,Inactive,,*,-1,-1
2025-02-08T17:31:31.226-05:00,IdeState,Inactive,,*,-1,-1
2025-02-08T17:31:32.227-05:00,IdeState,Inactive,,*,-1,-1
2025-02-08T17:31:33.228-05:00,IdeState,Inactive,,*,-1,-1
2025-02-08T17:31:34.229-05:00,IdeState,Inactive,,*,-1,-1
2025-02-08T17:31:35.230-05:00,IdeState,Inactive,,*,-1,-1
2025-02-08T17:31:36.231-05:00,IdeState,Inactive,,*,-1,-1
2025-02-08T17:31:37.231-05:00,IdeState,Inactive,,*,-1,-1
2025-02-08T17:31:38.232-05:00,IdeState,Inactive,,*,-1,-1
2025-02-08T17:31:39.233-05:00,IdeState,Inactive,,*,-1,-1
2025-02-08T17:31:40.234-05:00,IdeState,Inactive,,*,-1,-1
2025-02-08T17:31:41.235-05:00,IdeState,Inactive,,*,-1,-1
2025-02-08T17:31:42.236-05:00,IdeState,Inactive,,*,-1,-1
2025-02-08T17:31:43.237-05:00,IdeState,Inactive,,*,-1,-1
2025-02-08T17:31:44.239-05:00,IdeState,Inactive,,*,-1,-1
2025-02-08T17:31:45.240-05:00,IdeState,Inactive,,*,-1,-1
2025-02-08T17:31:46.241-05:00,IdeState,Inactive,,*,-1,-1
2025-02-08T17:31:47.242-05:00,IdeState,Inactive,,*,-1,-1
2025-02-08T17:31:48.243-05:00,IdeState,Inactive,,*,-1,-1
2025-02-08T17:31:49.244-05:00,IdeState,Inactive,,*,-1,-1
2025-02-08T17:31:50.245-05:00,IdeState,Inactive,,*,-1,-1
2025-02-08T17:31:51.246-05:00,IdeState,Inactive,,*,-1,-1
2025-02-08T17:31:52.247-05:00,IdeState,Inactive,,*,-1,-1
2025-02-08T17:31:53.248-05:00,IdeState,Inactive,,*,-1,-1
2025-02-08T17:31:54.248-05:00,IdeState,Inactive,,*,-1,-1
2025-02-08T17:31:55.249-05:00,IdeState,Inactive,,*,-1,-1
2025-02-08T17:31:56.250-05:00,IdeState,Inactive,,*,-1,-1
2025-02-08T17:31:57.251-05:00,IdeState,Inactive,,*,-1,-1
2025-02-08T17:31:58.252-05:00,IdeState,Inactive,,*,-1,-1
2025-02-08T17:31:59.253-05:00,IdeState,Inactive,,*,-1,-1
2025-02-08T17:32:00.254-05:00,IdeState,Inactive,,*,-1,-1
2025-02-08T17:32:01.255-05:00,IdeState,Inactive,,*,-1,-1
2025-02-08T17:32:02.256-05:00,IdeState,Inactive,,*,-1,-1
2025-02-08T17:32:03.257-05:00,IdeState,Inactive,,*,-1,-1
2025-02-08T17:32:04.258-05:00,IdeState,Inactive,,*,-1,-1
2025-02-08T17:32:05.259-05:00,IdeState,Inactive,,*,-1,-1
2025-02-08T17:32:06.259-05:00,IdeState,Inactive,,*,-1,-1
2025-02-08T17:32:07.260-05:00,IdeState,Inactive,,*,-1,-1
2025-02-08T17:32:08.261-05:00,IdeState,Inactive,,*,-1,-1
2025-02-08T17:32:09.261-05:00,IdeState,Inactive,,*,-1,-1
2025-02-08T17:32:10.261-05:00,IdeState,Inactive,,*,-1,-1
2025-02-08T17:32:11.262-05:00,IdeState,Inactive,,*,-1,-1
2025-02-08T17:32:12.263-05:00,IdeState,Inactive,,*,-1,-1
2025-02-08T17:32:13.263-05:00,IdeState,Inactive,,*,-1,-1
2025-02-08T17:32:14.263-05:00,IdeState,Inactive,,*,-1,-1
2025-02-08T17:32:15.264-05:00,IdeState,Inactive,,*,-1,-1
2025-02-08T19:59:38.132-05:00,IdeState,NoProject,,*,-1,-1
2025-02-08T19:59:39.787-05:00,IdeState,Active,Popup,*,-1,-1
2025-02-08T19:59:41.251-05:00,IdeState,Active,Popup,*,16,0
2025-02-08T19:59:42.776-05:00,IdeState,Active,Editor,*,16,0
2025-02-08T19:59:43.634-05:00,Action,SettingsEntryPoint,Editor,*,16,0
2025-02-08T19:59:44.810-05:00,IdeState,Active,Popup,*,16,0
2025-02-08T19:59:45.040-05:00,Action,WelcomeScreen.Plugins,,*,-1,-1
2025-02-08T19:59:47.197-05:00,IdeState,Active,Dialog,*,16,0
2025-02-08T19:59:48.199-05:00,IdeState,Active,Dialog,*,16,0
2025-02-08T19:59:49.200-05:00,IdeState,Active,Dialog,*,16,0
2025-02-08T19:59:50.201-05:00,IdeState,Inactive,,*,-1,-1
2025-02-08T19:59:51.202-05:00,IdeState,Inactive,,*,-1,-1
2025-02-08T19:59:52.202-05:00,IdeState,Inactive,,*,-1,-1
2025-02-08T19:59:53.203-05:00,IdeState,Inactive,,*,-1,-1
2025-02-08T19:59:54.203-05:00,IdeState,Inactive,,*,-1,-1
2025-02-08T19:59:55.204-05:00,IdeState,Inactive,,*,-1,-1
2025-02-08T19:59:56.205-05:00,IdeState,Inactive,,*,-1,-1
2025-02-08T19:59:57.206-05:00,IdeState,Inactive,,*,-1,-1
2025-02-08T19:59:58.206-05:00,IdeState,Inactive,,*,-1,-1
2025-02-08T19:59:59.207-05:00,IdeState,Active,Dialog,*,16,0
2025-02-08T20:00:00.207-05:00,IdeState,Active,Dialog,*,16,0
2025-02-08T20:00:01.208-05:00,IdeState,Active,Dialog,*,16,0
2025-02-08T20:00:02.209-05:00,IdeState,Inactive,,*,-1,-1
2025-02-08T20:00:03.209-05:00,IdeState,Active,Dialog,*,16,0
2025-02-08T20:00:04.211-05:00,IdeState,Active,Dialog,*,16,0
2025-02-08T20:00:05.212-05:00,IdeState,Inactive,,*,-1,-1
2025-02-08T20:00:06.213-05:00,IdeState,Active,Dialog,*,16,0
2025-02-08T20:05:49.891-05:00,IdeState,NoProject,,*,-1,-1
2025-02-08T20:05:51.050-05:00,IdeState,Active,Popup,*,-1,-1
2025-02-08T20:05:52.484-05:00,IdeState,Active,Popup,*,-1,-1
2025-02-08T20:05:54.430-05:00,IdeState,Active,Popup,*,-1,-1
2025-02-08T20:05:55.983-05:00,IdeState,Active,Editor,*,16,0
2025-02-08T20:05:58.319-05:00,IdeState,Active,Editor,*,16,0
2025-02-08T20:05:59.984-05:00,IdeState,Active,Editor,*,16,0
2025-02-08T20:06:01.137-05:00,IdeState,Active,Editor,*,16,0
2025-02-08T20:06:02.144-05:00,IdeState,Inactive,,*,-1,-1
2025-02-08T20:06:03.564-05:00,IdeState,Active,Editor,*,16,0
2025-02-08T20:06:04.584-05:00,IdeState,Active,Editor,*,16,0
2025-02-08T20:06:05.606-05:00,IdeState,Active,Editor,*,16,0
2025-02-08T20:06:06.608-05:00,IdeState,Active,tasktracker,*,16,0
2025-02-08T20:06:07.609-05:00,IdeState,Active,tasktracker,*,16,0
2025-02-08T20:06:08.609-05:00,IdeState,Active,tasktracker,*,16,0
2025-02-08T20:06:09.611-05:00,IdeState,Active,tasktracker,*,16,0
2025-02-08T20:06:10.612-05:00,IdeState,Inactive,,*,-1,-1
2025-02-08T20:06:11.613-05:00,IdeState,Inactive,,*,-1,-1
2025-02-08T20:06:12.614-05:00,IdeState,Inactive,,*,-1,-1
2025-02-08T20:06:13.615-05:00,IdeState,Inactive,,*,-1,-1
2025-02-08T20:06:14.615-05:00,IdeState,Inactive,,*,-1,-1
2025-02-08T20:06:15.616-05:00,IdeState,Active,Project,*,16,0
2025-02-08T20:06:16.617-05:00,IdeState,Active,Project,*,16,0
2025-02-08T20:06:17.619-05:00,IdeState,Active,Project,*,16,0
2025-02-08T20:06:18.620-05:00,IdeState,Inactive,,*,-1,-1
2025-02-08T20:06:19.621-05:00,IdeState,Inactive,,*,-1,-1
2025-02-08T20:06:20.622-05:00,IdeState,Inactive,,*,-1,-1
2025-02-08T20:06:21.623-05:00,IdeState,Inactive,,*,-1,-1
2025-02-08T20:06:22.624-05:00,IdeState,Inactive,,*,-1,-1
2025-02-08T20:06:23.625-05:00,IdeState,Inactive,,*,-1,-1
2025-02-08T20:06:24.626-05:00,IdeState,Inactive,,*,-1,-1
2025-02-08T20:06:25.627-05:00,IdeState,Inactive,,*,-1,-1
2025-02-08T20:06:26.629-05:00,IdeState,Inactive,,*,-1,-1
2025-02-08T20:06:27.630-05:00,IdeState,Inactive,,*,-1,-1
2025-02-08T21:08:58.024-05:00,IdeState,Inactive,,*,-1,-1
2025-02-08T21:09:00.711-05:00,IdeState,NoProject,,*,-1,-1
2025-02-08T21:09:01.712-05:00,IdeState,NoProject,,*,-1,-1
2025-02-08T21:09:02.713-05:00,IdeState,NoProject,,*,-1,-1
2025-02-08T21:09:03.713-05:00,IdeState,NoProject,,*,-1,-1
2025-02-08T21:09:04.714-05:00,IdeState,Inactive,,*,-1,-1
2025-02-08T21:09:05.715-05:00,IdeState,NoProject,,*,-1,-1
2025-02-08T21:09:06.715-05:00,IdeState,NoProject,,*,-1,-1
2025-02-08T21:09:07.716-05:00,IdeState,NoProject,,*,-1,-1
2025-02-08T21:12:25.610-05:00,IdeState,NoProject,,*,-1,-1
2025-02-08T21:12:26.743-05:00,IdeState,Active,Popup,*,-1,-1
2025-02-08T21:12:28.187-05:00,IdeState,Active,Popup,*,-1,-1
2025-02-08T21:12:30.824-05:00,IdeState,Active,Project,*,-1,-1
2025-02-08T21:12:31.863-05:00,IdeState,Active,Project,*,-1,-1
2025-02-08T21:12:32.864-05:00,IdeState,Active,Project,*,-1,-1
2025-02-08T21:12:33.867-05:00,IdeState,Active,Project,*,-1,-1
2025-02-08T21:12:34.872-05:00,IdeState,Active,Project,*,-1,-1
2025-02-08T21:12:35.873-05:00,IdeState,Active,Project,*,-1,-1
2025-02-08T21:12:36.874-05:00,IdeState,Active,Project,*,-1,-1
2025-02-08T21:12:37.875-05:00,IdeState,Active,Project,*,-1,-1
2025-02-08T21:12:38.876-05:00,IdeState,Active,Project,*,-1,-1
2025-02-08T21:12:39.877-05:00,IdeState,Active,Project,*,-1,-1
2025-02-08T21:12:40.878-05:00,IdeState,Active,tasktracker,*,-1,-1
2025-02-08T21:12:41.879-05:00,IdeState,Active,tasktracker,*,-1,-1
2025-02-08T21:12:43.058-05:00,IdeState,Active,Project,*,-1,-1
2025-02-08T21:12:44.059-05:00,IdeState,Active,Project,*,-1,-1
