Fri Oct 04 2024 10:01:41 GMT-0400 (Eastern Daylight Saving Time): Server is listening on port 3000
Fri Oct 04 2024 10:01:52 GMT-0400 (Eastern Daylight Saving Time): Settings was not created Error: Settings are already taken
    at Object.createSettings (C:\Users\Daniel\Documents\Ontario Tech\Computer Science Thesis Project\task-tracker-server\controllers\settings-controller.js:30:65)
    at process.processTicksAndRejections (node:internal/process/task_queues:95:5)
    at async createSettings (C:\Users\Daniel\Documents\Ontario Tech\Computer Science Thesis Project\task-tracker-server\controllers\database-generator\task-tracker-project-controller.js:28:5)
    at async Object.generateDatabase (C:\Users\Daniel\Documents\Ontario Tech\Computer Science Thesis Project\task-tracker-server\controllers\database-generator\task-tracker-project-controller.js:45:5)
    at async C:\Users\Daniel\Documents\Ontario Tech\Computer Science Thesis Project\task-tracker-server\routers\database-generator\task-tracker-project-router.js:9:9
Fri Oct 04 2024 10:01:52 GMT-0400 (Eastern Daylight Saving Time): Gender male was not created Error: Gender male is already taken
    at Object.createGender (C:\Users\Daniel\Documents\Ontario Tech\Computer Science Thesis Project\task-tracker-server\controllers\consts-lists\gender-controller.js:30:70)
    at process.processTicksAndRejections (node:internal/process/task_queues:95:5)
    at async createGenders (C:\Users\Daniel\Documents\Ontario Tech\Computer Science Thesis Project\task-tracker-server\controllers\database-generator\task-tracker-project-controller.js:23:9)
    at async Object.generateDatabase (C:\Users\Daniel\Documents\Ontario Tech\Computer Science Thesis Project\task-tracker-server\controllers\database-generator\task-tracker-project-controller.js:46:5)
    at async C:\Users\Daniel\Documents\Ontario Tech\Computer Science Thesis Project\task-tracker-server\routers\database-generator\task-tracker-project-router.js:9:9
Fri Oct 04 2024 10:01:52 GMT-0400 (Eastern Daylight Saving Time): Gender female was not created Error: Gender female is already taken
    at Object.createGender (C:\Users\Daniel\Documents\Ontario Tech\Computer Science Thesis Project\task-tracker-server\controllers\consts-lists\gender-controller.js:30:70)
    at process.processTicksAndRejections (node:internal/process/task_queues:95:5)
    at async createGenders (C:\Users\Daniel\Documents\Ontario Tech\Computer Science Thesis Project\task-tracker-server\controllers\database-generator\task-tracker-project-controller.js:23:9)
    at async Object.generateDatabase (C:\Users\Daniel\Documents\Ontario Tech\Computer Science Thesis Project\task-tracker-server\controllers\database-generator\task-tracker-project-controller.js:46:5)
    at async C:\Users\Daniel\Documents\Ontario Tech\Computer Science Thesis Project\task-tracker-server\routers\database-generator\task-tracker-project-router.js:9:9
Fri Oct 04 2024 10:01:52 GMT-0400 (Eastern Daylight Saving Time): Gender other was not created Error: Gender other is already taken
    at Object.createGender (C:\Users\Daniel\Documents\Ontario Tech\Computer Science Thesis Project\task-tracker-server\controllers\consts-lists\gender-controller.js:30:70)
    at process.processTicksAndRejections (node:internal/process/task_queues:95:5)
    at async createGenders (C:\Users\Daniel\Documents\Ontario Tech\Computer Science Thesis Project\task-tracker-server\controllers\database-generator\task-tracker-project-controller.js:23:9)
    at async Object.generateDatabase (C:\Users\Daniel\Documents\Ontario Tech\Computer Science Thesis Project\task-tracker-server\controllers\database-generator\task-tracker-project-controller.js:46:5)
    at async C:\Users\Daniel\Documents\Ontario Tech\Computer Science Thesis Project\task-tracker-server\routers\database-generator\task-tracker-project-router.js:9:9
Fri Oct 04 2024 10:01:52 GMT-0400 (Eastern Daylight Saving Time): Country afghanistan was not created Error: Country afghanistan is already taken
    at Object.createCountry (C:\Users\Daniel\Documents\Ontario Tech\Computer Science Thesis Project\task-tracker-server\controllers\consts-lists\country-controller.js:29:71)
    at process.processTicksAndRejections (node:internal/process/task_queues:95:5)
    at async createCountries (C:\Users\Daniel\Documents\Ontario Tech\Computer Science Thesis Project\task-tracker-server\controllers\database-generator\task-tracker-project-controller.js:33:9)
    at async Object.generateDatabase (C:\Users\Daniel\Documents\Ontario Tech\Computer Science Thesis Project\task-tracker-server\controllers\database-generator\task-tracker-project-controller.js:47:5)
    at async C:\Users\Daniel\Documents\Ontario Tech\Computer Science Thesis Project\task-tracker-server\routers\database-generator\task-tracker-project-router.js:9:9
Fri Oct 04 2024 10:01:52 GMT-0400 (Eastern Daylight Saving Time): Country albania was not created Error: Country albania is already taken
    at Object.createCountry (C:\Users\Daniel\Documents\Ontario Tech\Computer Science Thesis Project\task-tracker-server\controllers\consts-lists\country-controller.js:29:71)
    at process.processTicksAndRejections (node:internal/process/task_queues:95:5)
    at async createCountries (C:\Users\Daniel\Documents\Ontario Tech\Computer Science Thesis Project\task-tracker-server\controllers\database-generator\task-tracker-project-controller.js:33:9)
    at async Object.generateDatabase (C:\Users\Daniel\Documents\Ontario Tech\Computer Science Thesis Project\task-tracker-server\controllers\database-generator\task-tracker-project-controller.js:47:5)
    at async C:\Users\Daniel\Documents\Ontario Tech\Computer Science Thesis Project\task-tracker-server\routers\database-generator\task-tracker-project-router.js:9:9
Fri Oct 04 2024 10:01:52 GMT-0400 (Eastern Daylight Saving Time): Country algeria was not created Error: Country algeria is already taken
    at Object.createCountry (C:\Users\Daniel\Documents\Ontario Tech\Computer Science Thesis Project\task-tracker-server\controllers\consts-lists\country-controller.js:29:71)
    at process.processTicksAndRejections (node:internal/process/task_queues:95:5)
    at async createCountries (C:\Users\Daniel\Documents\Ontario Tech\Computer Science Thesis Project\task-tracker-server\controllers\database-generator\task-tracker-project-controller.js:33:9)
    at async Object.generateDatabase (C:\Users\Daniel\Documents\Ontario Tech\Computer Science Thesis Project\task-tracker-server\controllers\database-generator\task-tracker-project-controller.js:47:5)
    at async C:\Users\Daniel\Documents\Ontario Tech\Computer Science Thesis Project\task-tracker-server\routers\database-generator\task-tracker-project-router.js:9:9
Fri Oct 04 2024 10:01:52 GMT-0400 (Eastern Daylight Saving Time): Country andorra was not created Error: Country andorra is already taken
    at Object.createCountry (C:\Users\Daniel\Documents\Ontario Tech\Computer Science Thesis Project\task-tracker-server\controllers\consts-lists\country-controller.js:29:71)
    at process.processTicksAndRejections (node:internal/process/task_queues:95:5)
    at async createCountries (C:\Users\Daniel\Documents\Ontario Tech\Computer Science Thesis Project\task-tracker-server\controllers\database-generator\task-tracker-project-controller.js:33:9)
    at async Object.generateDatabase (C:\Users\Daniel\Documents\Ontario Tech\Computer Science Thesis Project\task-tracker-server\controllers\database-generator\task-tracker-project-controller.js:47:5)
    at async C:\Users\Daniel\Documents\Ontario Tech\Computer Science Thesis Project\task-tracker-server\routers\database-generator\task-tracker-project-router.js:9:9
Fri Oct 04 2024 10:01:52 GMT-0400 (Eastern Daylight Saving Time): Country angola was not created Error: Country angola is already taken
    at Object.createCountry (C:\Users\Daniel\Documents\Ontario Tech\Computer Science Thesis Project\task-tracker-server\controllers\consts-lists\country-controller.js:29:71)
    at process.processTicksAndRejections (node:internal/process/task_queues:95:5)
    at async createCountries (C:\Users\Daniel\Documents\Ontario Tech\Computer Science Thesis Project\task-tracker-server\controllers\database-generator\task-tracker-project-controller.js:33:9)
    at async Object.generateDatabase (C:\Users\Daniel\Documents\Ontario Tech\Computer Science Thesis Project\task-tracker-server\controllers\database-generator\task-tracker-project-controller.js:47:5)
    at async C:\Users\Daniel\Documents\Ontario Tech\Computer Science Thesis Project\task-tracker-server\routers\database-generator\task-tracker-project-router.js:9:9
Fri Oct 04 2024 10:01:52 GMT-0400 (Eastern Daylight Saving Time): Country antigua_and_barbuda was not created Error: Country antigua_and_barbuda is already taken
    at Object.createCountry (C:\Users\Daniel\Documents\Ontario Tech\Computer Science Thesis Project\task-tracker-server\controllers\consts-lists\country-controller.js:29:71)
    at process.processTicksAndRejections (node:internal/process/task_queues:95:5)
    at async createCountries (C:\Users\Daniel\Documents\Ontario Tech\Computer Science Thesis Project\task-tracker-server\controllers\database-generator\task-tracker-project-controller.js:33:9)
    at async Object.generateDatabase (C:\Users\Daniel\Documents\Ontario Tech\Computer Science Thesis Project\task-tracker-server\controllers\database-generator\task-tracker-project-controller.js:47:5)
    at async C:\Users\Daniel\Documents\Ontario Tech\Computer Science Thesis Project\task-tracker-server\routers\database-generator\task-tracker-project-router.js:9:9
Fri Oct 04 2024 10:01:52 GMT-0400 (Eastern Daylight Saving Time): Country argentina was not created Error: Country argentina is already taken
    at Object.createCountry (C:\Users\Daniel\Documents\Ontario Tech\Computer Science Thesis Project\task-tracker-server\controllers\consts-lists\country-controller.js:29:71)
    at process.processTicksAndRejections (node:internal/process/task_queues:95:5)
    at async createCountries (C:\Users\Daniel\Documents\Ontario Tech\Computer Science Thesis Project\task-tracker-server\controllers\database-generator\task-tracker-project-controller.js:33:9)
    at async Object.generateDatabase (C:\Users\Daniel\Documents\Ontario Tech\Computer Science Thesis Project\task-tracker-server\controllers\database-generator\task-tracker-project-controller.js:47:5)
    at async C:\Users\Daniel\Documents\Ontario Tech\Computer Science Thesis Project\task-tracker-server\routers\database-generator\task-tracker-project-router.js:9:9
Fri Oct 04 2024 10:01:52 GMT-0400 (Eastern Daylight Saving Time): Country armenia was not created Error: Country armenia is already taken
    at Object.createCountry (C:\Users\Daniel\Documents\Ontario Tech\Computer Science Thesis Project\task-tracker-server\controllers\consts-lists\country-controller.js:29:71)
    at process.processTicksAndRejections (node:internal/process/task_queues:95:5)
    at async createCountries (C:\Users\Daniel\Documents\Ontario Tech\Computer Science Thesis Project\task-tracker-server\controllers\database-generator\task-tracker-project-controller.js:33:9)
    at async Object.generateDatabase (C:\Users\Daniel\Documents\Ontario Tech\Computer Science Thesis Project\task-tracker-server\controllers\database-generator\task-tracker-project-controller.js:47:5)
    at async C:\Users\Daniel\Documents\Ontario Tech\Computer Science Thesis Project\task-tracker-server\routers\database-generator\task-tracker-project-router.js:9:9
Fri Oct 04 2024 10:01:52 GMT-0400 (Eastern Daylight Saving Time): Country australia was not created Error: Country australia is already taken
    at Object.createCountry (C:\Users\Daniel\Documents\Ontario Tech\Computer Science Thesis Project\task-tracker-server\controllers\consts-lists\country-controller.js:29:71)
    at process.processTicksAndRejections (node:internal/process/task_queues:95:5)
    at async createCountries (C:\Users\Daniel\Documents\Ontario Tech\Computer Science Thesis Project\task-tracker-server\controllers\database-generator\task-tracker-project-controller.js:33:9)
    at async Object.generateDatabase (C:\Users\Daniel\Documents\Ontario Tech\Computer Science Thesis Project\task-tracker-server\controllers\database-generator\task-tracker-project-controller.js:47:5)
    at async C:\Users\Daniel\Documents\Ontario Tech\Computer Science Thesis Project\task-tracker-server\routers\database-generator\task-tracker-project-router.js:9:9
Fri Oct 04 2024 10:01:52 GMT-0400 (Eastern Daylight Saving Time): Country austria was not created Error: Country austria is already taken
    at Object.createCountry (C:\Users\Daniel\Documents\Ontario Tech\Computer Science Thesis Project\task-tracker-server\controllers\consts-lists\country-controller.js:29:71)
    at process.processTicksAndRejections (node:internal/process/task_queues:95:5)
    at async createCountries (C:\Users\Daniel\Documents\Ontario Tech\Computer Science Thesis Project\task-tracker-server\controllers\database-generator\task-tracker-project-controller.js:33:9)
    at async Object.generateDatabase (C:\Users\Daniel\Documents\Ontario Tech\Computer Science Thesis Project\task-tracker-server\controllers\database-generator\task-tracker-project-controller.js:47:5)
    at async C:\Users\Daniel\Documents\Ontario Tech\Computer Science Thesis Project\task-tracker-server\routers\database-generator\task-tracker-project-router.js:9:9
Fri Oct 04 2024 10:01:52 GMT-0400 (Eastern Daylight Saving Time): Country azerbaijan was not created Error: Country azerbaijan is already taken
    at Object.createCountry (C:\Users\Daniel\Documents\Ontario Tech\Computer Science Thesis Project\task-tracker-server\controllers\consts-lists\country-controller.js:29:71)
    at process.processTicksAndRejections (node:internal/process/task_queues:95:5)
    at async createCountries (C:\Users\Daniel\Documents\Ontario Tech\Computer Science Thesis Project\task-tracker-server\controllers\database-generator\task-tracker-project-controller.js:33:9)
    at async Object.generateDatabase (C:\Users\Daniel\Documents\Ontario Tech\Computer Science Thesis Project\task-tracker-server\controllers\database-generator\task-tracker-project-controller.js:47:5)
    at async C:\Users\Daniel\Documents\Ontario Tech\Computer Science Thesis Project\task-tracker-server\routers\database-generator\task-tracker-project-router.js:9:9
Fri Oct 04 2024 10:01:52 GMT-0400 (Eastern Daylight Saving Time): Country the_bahamas was not created Error: Country the_bahamas is already taken
    at Object.createCountry (C:\Users\Daniel\Documents\Ontario Tech\Computer Science Thesis Project\task-tracker-server\controllers\consts-lists\country-controller.js:29:71)
    at process.processTicksAndRejections (node:internal/process/task_queues:95:5)
    at async createCountries (C:\Users\Daniel\Documents\Ontario Tech\Computer Science Thesis Project\task-tracker-server\controllers\database-generator\task-tracker-project-controller.js:33:9)
    at async Object.generateDatabase (C:\Users\Daniel\Documents\Ontario Tech\Computer Science Thesis Project\task-tracker-server\controllers\database-generator\task-tracker-project-controller.js:47:5)
    at async C:\Users\Daniel\Documents\Ontario Tech\Computer Science Thesis Project\task-tracker-server\routers\database-generator\task-tracker-project-router.js:9:9
Fri Oct 04 2024 10:01:52 GMT-0400 (Eastern Daylight Saving Time): Country bahrain was not created Error: Country bahrain is already taken
    at Object.createCountry (C:\Users\Daniel\Documents\Ontario Tech\Computer Science Thesis Project\task-tracker-server\controllers\consts-lists\country-controller.js:29:71)
    at process.processTicksAndRejections (node:internal/process/task_queues:95:5)
    at async createCountries (C:\Users\Daniel\Documents\Ontario Tech\Computer Science Thesis Project\task-tracker-server\controllers\database-generator\task-tracker-project-controller.js:33:9)
    at async Object.generateDatabase (C:\Users\Daniel\Documents\Ontario Tech\Computer Science Thesis Project\task-tracker-server\controllers\database-generator\task-tracker-project-controller.js:47:5)
    at async C:\Users\Daniel\Documents\Ontario Tech\Computer Science Thesis Project\task-tracker-server\routers\database-generator\task-tracker-project-router.js:9:9
Fri Oct 04 2024 10:01:52 GMT-0400 (Eastern Daylight Saving Time): Country bangladesh was not created Error: Country bangladesh is already taken
    at Object.createCountry (C:\Users\Daniel\Documents\Ontario Tech\Computer Science Thesis Project\task-tracker-server\controllers\consts-lists\country-controller.js:29:71)
    at process.processTicksAndRejections (node:internal/process/task_queues:95:5)
    at async createCountries (C:\Users\Daniel\Documents\Ontario Tech\Computer Science Thesis Project\task-tracker-server\controllers\database-generator\task-tracker-project-controller.js:33:9)
    at async Object.generateDatabase (C:\Users\Daniel\Documents\Ontario Tech\Computer Science Thesis Project\task-tracker-server\controllers\database-generator\task-tracker-project-controller.js:47:5)
    at async C:\Users\Daniel\Documents\Ontario Tech\Computer Science Thesis Project\task-tracker-server\routers\database-generator\task-tracker-project-router.js:9:9
Fri Oct 04 2024 10:01:52 GMT-0400 (Eastern Daylight Saving Time): Country barbados was not created Error: Country barbados is already taken
    at Object.createCountry (C:\Users\Daniel\Documents\Ontario Tech\Computer Science Thesis Project\task-tracker-server\controllers\consts-lists\country-controller.js:29:71)
    at process.processTicksAndRejections (node:internal/process/task_queues:95:5)
    at async createCountries (C:\Users\Daniel\Documents\Ontario Tech\Computer Science Thesis Project\task-tracker-server\controllers\database-generator\task-tracker-project-controller.js:33:9)
    at async Object.generateDatabase (C:\Users\Daniel\Documents\Ontario Tech\Computer Science Thesis Project\task-tracker-server\controllers\database-generator\task-tracker-project-controller.js:47:5)
    at async C:\Users\Daniel\Documents\Ontario Tech\Computer Science Thesis Project\task-tracker-server\routers\database-generator\task-tracker-project-router.js:9:9
Fri Oct 04 2024 10:01:52 GMT-0400 (Eastern Daylight Saving Time): Country belarus was not created Error: Country belarus is already taken
    at Object.createCountry (C:\Users\Daniel\Documents\Ontario Tech\Computer Science Thesis Project\task-tracker-server\controllers\consts-lists\country-controller.js:29:71)
    at process.processTicksAndRejections (node:internal/process/task_queues:95:5)
    at async createCountries (C:\Users\Daniel\Documents\Ontario Tech\Computer Science Thesis Project\task-tracker-server\controllers\database-generator\task-tracker-project-controller.js:33:9)
    at async Object.generateDatabase (C:\Users\Daniel\Documents\Ontario Tech\Computer Science Thesis Project\task-tracker-server\controllers\database-generator\task-tracker-project-controller.js:47:5)
    at async C:\Users\Daniel\Documents\Ontario Tech\Computer Science Thesis Project\task-tracker-server\routers\database-generator\task-tracker-project-router.js:9:9
Fri Oct 04 2024 10:01:52 GMT-0400 (Eastern Daylight Saving Time): Country belgium was not created Error: Country belgium is already taken
    at Object.createCountry (C:\Users\Daniel\Documents\Ontario Tech\Computer Science Thesis Project\task-tracker-server\controllers\consts-lists\country-controller.js:29:71)
    at process.processTicksAndRejections (node:internal/process/task_queues:95:5)
    at async createCountries (C:\Users\Daniel\Documents\Ontario Tech\Computer Science Thesis Project\task-tracker-server\controllers\database-generator\task-tracker-project-controller.js:33:9)
    at async Object.generateDatabase (C:\Users\Daniel\Documents\Ontario Tech\Computer Science Thesis Project\task-tracker-server\controllers\database-generator\task-tracker-project-controller.js:47:5)
    at async C:\Users\Daniel\Documents\Ontario Tech\Computer Science Thesis Project\task-tracker-server\routers\database-generator\task-tracker-project-router.js:9:9
Fri Oct 04 2024 10:01:52 GMT-0400 (Eastern Daylight Saving Time): Country belize was not created Error: Country belize is already taken
    at Object.createCountry (C:\Users\Daniel\Documents\Ontario Tech\Computer Science Thesis Project\task-tracker-server\controllers\consts-lists\country-controller.js:29:71)
    at process.processTicksAndRejections (node:internal/process/task_queues:95:5)
    at async createCountries (C:\Users\Daniel\Documents\Ontario Tech\Computer Science Thesis Project\task-tracker-server\controllers\database-generator\task-tracker-project-controller.js:33:9)
    at async Object.generateDatabase (C:\Users\Daniel\Documents\Ontario Tech\Computer Science Thesis Project\task-tracker-server\controllers\database-generator\task-tracker-project-controller.js:47:5)
    at async C:\Users\Daniel\Documents\Ontario Tech\Computer Science Thesis Project\task-tracker-server\routers\database-generator\task-tracker-project-router.js:9:9
Fri Oct 04 2024 10:01:52 GMT-0400 (Eastern Daylight Saving Time): Country benin was not created Error: Country benin is already taken
    at Object.createCountry (C:\Users\Daniel\Documents\Ontario Tech\Computer Science Thesis Project\task-tracker-server\controllers\consts-lists\country-controller.js:29:71)
    at process.processTicksAndRejections (node:internal/process/task_queues:95:5)
    at async createCountries (C:\Users\Daniel\Documents\Ontario Tech\Computer Science Thesis Project\task-tracker-server\controllers\database-generator\task-tracker-project-controller.js:33:9)
    at async Object.generateDatabase (C:\Users\Daniel\Documents\Ontario Tech\Computer Science Thesis Project\task-tracker-server\controllers\database-generator\task-tracker-project-controller.js:47:5)
    at async C:\Users\Daniel\Documents\Ontario Tech\Computer Science Thesis Project\task-tracker-server\routers\database-generator\task-tracker-project-router.js:9:9
Fri Oct 04 2024 10:01:52 GMT-0400 (Eastern Daylight Saving Time): Country bhutan was not created Error: Country bhutan is already taken
    at Object.createCountry (C:\Users\Daniel\Documents\Ontario Tech\Computer Science Thesis Project\task-tracker-server\controllers\consts-lists\country-controller.js:29:71)
    at process.processTicksAndRejections (node:internal/process/task_queues:95:5)
    at async createCountries (C:\Users\Daniel\Documents\Ontario Tech\Computer Science Thesis Project\task-tracker-server\controllers\database-generator\task-tracker-project-controller.js:33:9)
    at async Object.generateDatabase (C:\Users\Daniel\Documents\Ontario Tech\Computer Science Thesis Project\task-tracker-server\controllers\database-generator\task-tracker-project-controller.js:47:5)
    at async C:\Users\Daniel\Documents\Ontario Tech\Computer Science Thesis Project\task-tracker-server\routers\database-generator\task-tracker-project-router.js:9:9
Fri Oct 04 2024 10:01:52 GMT-0400 (Eastern Daylight Saving Time): Country bolivia was not created Error: Country bolivia is already taken
    at Object.createCountry (C:\Users\Daniel\Documents\Ontario Tech\Computer Science Thesis Project\task-tracker-server\controllers\consts-lists\country-controller.js:29:71)
    at process.processTicksAndRejections (node:internal/process/task_queues:95:5)
    at async createCountries (C:\Users\Daniel\Documents\Ontario Tech\Computer Science Thesis Project\task-tracker-server\controllers\database-generator\task-tracker-project-controller.js:33:9)
    at async Object.generateDatabase (C:\Users\Daniel\Documents\Ontario Tech\Computer Science Thesis Project\task-tracker-server\controllers\database-generator\task-tracker-project-controller.js:47:5)
    at async C:\Users\Daniel\Documents\Ontario Tech\Computer Science Thesis Project\task-tracker-server\routers\database-generator\task-tracker-project-router.js:9:9
Fri Oct 04 2024 10:01:52 GMT-0400 (Eastern Daylight Saving Time): Country bosnia_and_herzegovina was not created Error: Country bosnia_and_herzegovina is already taken
    at Object.createCountry (C:\Users\Daniel\Documents\Ontario Tech\Computer Science Thesis Project\task-tracker-server\controllers\consts-lists\country-controller.js:29:71)
    at process.processTicksAndRejections (node:internal/process/task_queues:95:5)
    at async createCountries (C:\Users\Daniel\Documents\Ontario Tech\Computer Science Thesis Project\task-tracker-server\controllers\database-generator\task-tracker-project-controller.js:33:9)
    at async Object.generateDatabase (C:\Users\Daniel\Documents\Ontario Tech\Computer Science Thesis Project\task-tracker-server\controllers\database-generator\task-tracker-project-controller.js:47:5)
    at async C:\Users\Daniel\Documents\Ontario Tech\Computer Science Thesis Project\task-tracker-server\routers\database-generator\task-tracker-project-router.js:9:9
Fri Oct 04 2024 10:01:52 GMT-0400 (Eastern Daylight Saving Time): Country botswana was not created Error: Country botswana is already taken
    at Object.createCountry (C:\Users\Daniel\Documents\Ontario Tech\Computer Science Thesis Project\task-tracker-server\controllers\consts-lists\country-controller.js:29:71)
    at process.processTicksAndRejections (node:internal/process/task_queues:95:5)
    at async createCountries (C:\Users\Daniel\Documents\Ontario Tech\Computer Science Thesis Project\task-tracker-server\controllers\database-generator\task-tracker-project-controller.js:33:9)
    at async Object.generateDatabase (C:\Users\Daniel\Documents\Ontario Tech\Computer Science Thesis Project\task-tracker-server\controllers\database-generator\task-tracker-project-controller.js:47:5)
    at async C:\Users\Daniel\Documents\Ontario Tech\Computer Science Thesis Project\task-tracker-server\routers\database-generator\task-tracker-project-router.js:9:9
Fri Oct 04 2024 10:01:52 GMT-0400 (Eastern Daylight Saving Time): Country brazil was not created Error: Country brazil is already taken
    at Object.createCountry (C:\Users\Daniel\Documents\Ontario Tech\Computer Science Thesis Project\task-tracker-server\controllers\consts-lists\country-controller.js:29:71)
    at process.processTicksAndRejections (node:internal/process/task_queues:95:5)
    at async createCountries (C:\Users\Daniel\Documents\Ontario Tech\Computer Science Thesis Project\task-tracker-server\controllers\database-generator\task-tracker-project-controller.js:33:9)
    at async Object.generateDatabase (C:\Users\Daniel\Documents\Ontario Tech\Computer Science Thesis Project\task-tracker-server\controllers\database-generator\task-tracker-project-controller.js:47:5)
    at async C:\Users\Daniel\Documents\Ontario Tech\Computer Science Thesis Project\task-tracker-server\routers\database-generator\task-tracker-project-router.js:9:9
Fri Oct 04 2024 10:01:52 GMT-0400 (Eastern Daylight Saving Time): Country brunei was not created Error: Country brunei is already taken
    at Object.createCountry (C:\Users\Daniel\Documents\Ontario Tech\Computer Science Thesis Project\task-tracker-server\controllers\consts-lists\country-controller.js:29:71)
    at process.processTicksAndRejections (node:internal/process/task_queues:95:5)
    at async createCountries (C:\Users\Daniel\Documents\Ontario Tech\Computer Science Thesis Project\task-tracker-server\controllers\database-generator\task-tracker-project-controller.js:33:9)
    at async Object.generateDatabase (C:\Users\Daniel\Documents\Ontario Tech\Computer Science Thesis Project\task-tracker-server\controllers\database-generator\task-tracker-project-controller.js:47:5)
    at async C:\Users\Daniel\Documents\Ontario Tech\Computer Science Thesis Project\task-tracker-server\routers\database-generator\task-tracker-project-router.js:9:9
Fri Oct 04 2024 10:01:52 GMT-0400 (Eastern Daylight Saving Time): Country bulgaria was not created Error: Country bulgaria is already taken
    at Object.createCountry (C:\Users\Daniel\Documents\Ontario Tech\Computer Science Thesis Project\task-tracker-server\controllers\consts-lists\country-controller.js:29:71)
    at process.processTicksAndRejections (node:internal/process/task_queues:95:5)
    at async createCountries (C:\Users\Daniel\Documents\Ontario Tech\Computer Science Thesis Project\task-tracker-server\controllers\database-generator\task-tracker-project-controller.js:33:9)
    at async Object.generateDatabase (C:\Users\Daniel\Documents\Ontario Tech\Computer Science Thesis Project\task-tracker-server\controllers\database-generator\task-tracker-project-controller.js:47:5)
    at async C:\Users\Daniel\Documents\Ontario Tech\Computer Science Thesis Project\task-tracker-server\routers\database-generator\task-tracker-project-router.js:9:9
Fri Oct 04 2024 10:01:52 GMT-0400 (Eastern Daylight Saving Time): Country burkina_faso was not created Error: Country burkina_faso is already taken
    at Object.createCountry (C:\Users\Daniel\Documents\Ontario Tech\Computer Science Thesis Project\task-tracker-server\controllers\consts-lists\country-controller.js:29:71)
    at process.processTicksAndRejections (node:internal/process/task_queues:95:5)
    at async createCountries (C:\Users\Daniel\Documents\Ontario Tech\Computer Science Thesis Project\task-tracker-server\controllers\database-generator\task-tracker-project-controller.js:33:9)
    at async Object.generateDatabase (C:\Users\Daniel\Documents\Ontario Tech\Computer Science Thesis Project\task-tracker-server\controllers\database-generator\task-tracker-project-controller.js:47:5)
    at async C:\Users\Daniel\Documents\Ontario Tech\Computer Science Thesis Project\task-tracker-server\routers\database-generator\task-tracker-project-router.js:9:9
Fri Oct 04 2024 10:01:52 GMT-0400 (Eastern Daylight Saving Time): Country burundi was not created Error: Country burundi is already taken
    at Object.createCountry (C:\Users\Daniel\Documents\Ontario Tech\Computer Science Thesis Project\task-tracker-server\controllers\consts-lists\country-controller.js:29:71)
    at process.processTicksAndRejections (node:internal/process/task_queues:95:5)
    at async createCountries (C:\Users\Daniel\Documents\Ontario Tech\Computer Science Thesis Project\task-tracker-server\controllers\database-generator\task-tracker-project-controller.js:33:9)
    at async Object.generateDatabase (C:\Users\Daniel\Documents\Ontario Tech\Computer Science Thesis Project\task-tracker-server\controllers\database-generator\task-tracker-project-controller.js:47:5)
    at async C:\Users\Daniel\Documents\Ontario Tech\Computer Science Thesis Project\task-tracker-server\routers\database-generator\task-tracker-project-router.js:9:9
Fri Oct 04 2024 10:01:52 GMT-0400 (Eastern Daylight Saving Time): Country cabo_verde was not created Error: Country cabo_verde is already taken
    at Object.createCountry (C:\Users\Daniel\Documents\Ontario Tech\Computer Science Thesis Project\task-tracker-server\controllers\consts-lists\country-controller.js:29:71)
    at process.processTicksAndRejections (node:internal/process/task_queues:95:5)
    at async createCountries (C:\Users\Daniel\Documents\Ontario Tech\Computer Science Thesis Project\task-tracker-server\controllers\database-generator\task-tracker-project-controller.js:33:9)
    at async Object.generateDatabase (C:\Users\Daniel\Documents\Ontario Tech\Computer Science Thesis Project\task-tracker-server\controllers\database-generator\task-tracker-project-controller.js:47:5)
    at async C:\Users\Daniel\Documents\Ontario Tech\Computer Science Thesis Project\task-tracker-server\routers\database-generator\task-tracker-project-router.js:9:9
Fri Oct 04 2024 10:01:52 GMT-0400 (Eastern Daylight Saving Time): Country cambodia was not created Error: Country cambodia is already taken
    at Object.createCountry (C:\Users\Daniel\Documents\Ontario Tech\Computer Science Thesis Project\task-tracker-server\controllers\consts-lists\country-controller.js:29:71)
    at process.processTicksAndRejections (node:internal/process/task_queues:95:5)
    at async createCountries (C:\Users\Daniel\Documents\Ontario Tech\Computer Science Thesis Project\task-tracker-server\controllers\database-generator\task-tracker-project-controller.js:33:9)
    at async Object.generateDatabase (C:\Users\Daniel\Documents\Ontario Tech\Computer Science Thesis Project\task-tracker-server\controllers\database-generator\task-tracker-project-controller.js:47:5)
    at async C:\Users\Daniel\Documents\Ontario Tech\Computer Science Thesis Project\task-tracker-server\routers\database-generator\task-tracker-project-router.js:9:9
Fri Oct 04 2024 10:01:52 GMT-0400 (Eastern Daylight Saving Time): Country cameroon was not created Error: Country cameroon is already taken
    at Object.createCountry (C:\Users\Daniel\Documents\Ontario Tech\Computer Science Thesis Project\task-tracker-server\controllers\consts-lists\country-controller.js:29:71)
    at process.processTicksAndRejections (node:internal/process/task_queues:95:5)
    at async createCountries (C:\Users\Daniel\Documents\Ontario Tech\Computer Science Thesis Project\task-tracker-server\controllers\database-generator\task-tracker-project-controller.js:33:9)
    at async Object.generateDatabase (C:\Users\Daniel\Documents\Ontario Tech\Computer Science Thesis Project\task-tracker-server\controllers\database-generator\task-tracker-project-controller.js:47:5)
    at async C:\Users\Daniel\Documents\Ontario Tech\Computer Science Thesis Project\task-tracker-server\routers\database-generator\task-tracker-project-router.js:9:9
Fri Oct 04 2024 10:01:52 GMT-0400 (Eastern Daylight Saving Time): Country canada was not created Error: Country canada is already taken
    at Object.createCountry (C:\Users\Daniel\Documents\Ontario Tech\Computer Science Thesis Project\task-tracker-server\controllers\consts-lists\country-controller.js:29:71)
    at process.processTicksAndRejections (node:internal/process/task_queues:95:5)
    at async createCountries (C:\Users\Daniel\Documents\Ontario Tech\Computer Science Thesis Project\task-tracker-server\controllers\database-generator\task-tracker-project-controller.js:33:9)
    at async Object.generateDatabase (C:\Users\Daniel\Documents\Ontario Tech\Computer Science Thesis Project\task-tracker-server\controllers\database-generator\task-tracker-project-controller.js:47:5)
    at async C:\Users\Daniel\Documents\Ontario Tech\Computer Science Thesis Project\task-tracker-server\routers\database-generator\task-tracker-project-router.js:9:9
Fri Oct 04 2024 10:01:52 GMT-0400 (Eastern Daylight Saving Time): Country central_african_republic was not created Error: Country central_african_republic is already taken
    at Object.createCountry (C:\Users\Daniel\Documents\Ontario Tech\Computer Science Thesis Project\task-tracker-server\controllers\consts-lists\country-controller.js:29:71)
    at process.processTicksAndRejections (node:internal/process/task_queues:95:5)
    at async createCountries (C:\Users\Daniel\Documents\Ontario Tech\Computer Science Thesis Project\task-tracker-server\controllers\database-generator\task-tracker-project-controller.js:33:9)
    at async Object.generateDatabase (C:\Users\Daniel\Documents\Ontario Tech\Computer Science Thesis Project\task-tracker-server\controllers\database-generator\task-tracker-project-controller.js:47:5)
    at async C:\Users\Daniel\Documents\Ontario Tech\Computer Science Thesis Project\task-tracker-server\routers\database-generator\task-tracker-project-router.js:9:9
Fri Oct 04 2024 10:01:52 GMT-0400 (Eastern Daylight Saving Time): Country chad was not created Error: Country chad is already taken
    at Object.createCountry (C:\Users\Daniel\Documents\Ontario Tech\Computer Science Thesis Project\task-tracker-server\controllers\consts-lists\country-controller.js:29:71)
    at process.processTicksAndRejections (node:internal/process/task_queues:95:5)
    at async createCountries (C:\Users\Daniel\Documents\Ontario Tech\Computer Science Thesis Project\task-tracker-server\controllers\database-generator\task-tracker-project-controller.js:33:9)
    at async Object.generateDatabase (C:\Users\Daniel\Documents\Ontario Tech\Computer Science Thesis Project\task-tracker-server\controllers\database-generator\task-tracker-project-controller.js:47:5)
    at async C:\Users\Daniel\Documents\Ontario Tech\Computer Science Thesis Project\task-tracker-server\routers\database-generator\task-tracker-project-router.js:9:9
Fri Oct 04 2024 10:01:52 GMT-0400 (Eastern Daylight Saving Time): Country chile was not created Error: Country chile is already taken
    at Object.createCountry (C:\Users\Daniel\Documents\Ontario Tech\Computer Science Thesis Project\task-tracker-server\controllers\consts-lists\country-controller.js:29:71)
    at process.processTicksAndRejections (node:internal/process/task_queues:95:5)
    at async createCountries (C:\Users\Daniel\Documents\Ontario Tech\Computer Science Thesis Project\task-tracker-server\controllers\database-generator\task-tracker-project-controller.js:33:9)
    at async Object.generateDatabase (C:\Users\Daniel\Documents\Ontario Tech\Computer Science Thesis Project\task-tracker-server\controllers\database-generator\task-tracker-project-controller.js:47:5)
    at async C:\Users\Daniel\Documents\Ontario Tech\Computer Science Thesis Project\task-tracker-server\routers\database-generator\task-tracker-project-router.js:9:9
Fri Oct 04 2024 10:01:52 GMT-0400 (Eastern Daylight Saving Time): Country china was not created Error: Country china is already taken
    at Object.createCountry (C:\Users\Daniel\Documents\Ontario Tech\Computer Science Thesis Project\task-tracker-server\controllers\consts-lists\country-controller.js:29:71)
    at process.processTicksAndRejections (node:internal/process/task_queues:95:5)
    at async createCountries (C:\Users\Daniel\Documents\Ontario Tech\Computer Science Thesis Project\task-tracker-server\controllers\database-generator\task-tracker-project-controller.js:33:9)
    at async Object.generateDatabase (C:\Users\Daniel\Documents\Ontario Tech\Computer Science Thesis Project\task-tracker-server\controllers\database-generator\task-tracker-project-controller.js:47:5)
    at async C:\Users\Daniel\Documents\Ontario Tech\Computer Science Thesis Project\task-tracker-server\routers\database-generator\task-tracker-project-router.js:9:9
Fri Oct 04 2024 10:01:52 GMT-0400 (Eastern Daylight Saving Time): Country colombia was not created Error: Country colombia is already taken
    at Object.createCountry (C:\Users\Daniel\Documents\Ontario Tech\Computer Science Thesis Project\task-tracker-server\controllers\consts-lists\country-controller.js:29:71)
    at process.processTicksAndRejections (node:internal/process/task_queues:95:5)
    at async createCountries (C:\Users\Daniel\Documents\Ontario Tech\Computer Science Thesis Project\task-tracker-server\controllers\database-generator\task-tracker-project-controller.js:33:9)
    at async Object.generateDatabase (C:\Users\Daniel\Documents\Ontario Tech\Computer Science Thesis Project\task-tracker-server\controllers\database-generator\task-tracker-project-controller.js:47:5)
    at async C:\Users\Daniel\Documents\Ontario Tech\Computer Science Thesis Project\task-tracker-server\routers\database-generator\task-tracker-project-router.js:9:9
Fri Oct 04 2024 10:01:52 GMT-0400 (Eastern Daylight Saving Time): Country comoros was not created Error: Country comoros is already taken
    at Object.createCountry (C:\Users\Daniel\Documents\Ontario Tech\Computer Science Thesis Project\task-tracker-server\controllers\consts-lists\country-controller.js:29:71)
    at process.processTicksAndRejections (node:internal/process/task_queues:95:5)
    at async createCountries (C:\Users\Daniel\Documents\Ontario Tech\Computer Science Thesis Project\task-tracker-server\controllers\database-generator\task-tracker-project-controller.js:33:9)
    at async Object.generateDatabase (C:\Users\Daniel\Documents\Ontario Tech\Computer Science Thesis Project\task-tracker-server\controllers\database-generator\task-tracker-project-controller.js:47:5)
    at async C:\Users\Daniel\Documents\Ontario Tech\Computer Science Thesis Project\task-tracker-server\routers\database-generator\task-tracker-project-router.js:9:9
Fri Oct 04 2024 10:01:52 GMT-0400 (Eastern Daylight Saving Time): Country congo was not created Error: Country congo is already taken
    at Object.createCountry (C:\Users\Daniel\Documents\Ontario Tech\Computer Science Thesis Project\task-tracker-server\controllers\consts-lists\country-controller.js:29:71)
    at process.processTicksAndRejections (node:internal/process/task_queues:95:5)
    at async createCountries (C:\Users\Daniel\Documents\Ontario Tech\Computer Science Thesis Project\task-tracker-server\controllers\database-generator\task-tracker-project-controller.js:33:9)
    at async Object.generateDatabase (C:\Users\Daniel\Documents\Ontario Tech\Computer Science Thesis Project\task-tracker-server\controllers\database-generator\task-tracker-project-controller.js:47:5)
    at async C:\Users\Daniel\Documents\Ontario Tech\Computer Science Thesis Project\task-tracker-server\routers\database-generator\task-tracker-project-router.js:9:9
Fri Oct 04 2024 10:01:52 GMT-0400 (Eastern Daylight Saving Time): Country costa_rica was not created Error: Country costa_rica is already taken
    at Object.createCountry (C:\Users\Daniel\Documents\Ontario Tech\Computer Science Thesis Project\task-tracker-server\controllers\consts-lists\country-controller.js:29:71)
    at process.processTicksAndRejections (node:internal/process/task_queues:95:5)
    at async createCountries (C:\Users\Daniel\Documents\Ontario Tech\Computer Science Thesis Project\task-tracker-server\controllers\database-generator\task-tracker-project-controller.js:33:9)
    at async Object.generateDatabase (C:\Users\Daniel\Documents\Ontario Tech\Computer Science Thesis Project\task-tracker-server\controllers\database-generator\task-tracker-project-controller.js:47:5)
    at async C:\Users\Daniel\Documents\Ontario Tech\Computer Science Thesis Project\task-tracker-server\routers\database-generator\task-tracker-project-router.js:9:9
Fri Oct 04 2024 10:01:52 GMT-0400 (Eastern Daylight Saving Time): Country croatia was not created Error: Country croatia is already taken
    at Object.createCountry (C:\Users\Daniel\Documents\Ontario Tech\Computer Science Thesis Project\task-tracker-server\controllers\consts-lists\country-controller.js:29:71)
    at process.processTicksAndRejections (node:internal/process/task_queues:95:5)
    at async createCountries (C:\Users\Daniel\Documents\Ontario Tech\Computer Science Thesis Project\task-tracker-server\controllers\database-generator\task-tracker-project-controller.js:33:9)
    at async Object.generateDatabase (C:\Users\Daniel\Documents\Ontario Tech\Computer Science Thesis Project\task-tracker-server\controllers\database-generator\task-tracker-project-controller.js:47:5)
    at async C:\Users\Daniel\Documents\Ontario Tech\Computer Science Thesis Project\task-tracker-server\routers\database-generator\task-tracker-project-router.js:9:9
Fri Oct 04 2024 10:01:52 GMT-0400 (Eastern Daylight Saving Time): Country cuba was not created Error: Country cuba is already taken
    at Object.createCountry (C:\Users\Daniel\Documents\Ontario Tech\Computer Science Thesis Project\task-tracker-server\controllers\consts-lists\country-controller.js:29:71)
    at process.processTicksAndRejections (node:internal/process/task_queues:95:5)
    at async createCountries (C:\Users\Daniel\Documents\Ontario Tech\Computer Science Thesis Project\task-tracker-server\controllers\database-generator\task-tracker-project-controller.js:33:9)
    at async Object.generateDatabase (C:\Users\Daniel\Documents\Ontario Tech\Computer Science Thesis Project\task-tracker-server\controllers\database-generator\task-tracker-project-controller.js:47:5)
    at async C:\Users\Daniel\Documents\Ontario Tech\Computer Science Thesis Project\task-tracker-server\routers\database-generator\task-tracker-project-router.js:9:9
Fri Oct 04 2024 10:01:52 GMT-0400 (Eastern Daylight Saving Time): Country cyprus was not created Error: Country cyprus is already taken
    at Object.createCountry (C:\Users\Daniel\Documents\Ontario Tech\Computer Science Thesis Project\task-tracker-server\controllers\consts-lists\country-controller.js:29:71)
    at process.processTicksAndRejections (node:internal/process/task_queues:95:5)
    at async createCountries (C:\Users\Daniel\Documents\Ontario Tech\Computer Science Thesis Project\task-tracker-server\controllers\database-generator\task-tracker-project-controller.js:33:9)
    at async Object.generateDatabase (C:\Users\Daniel\Documents\Ontario Tech\Computer Science Thesis Project\task-tracker-server\controllers\database-generator\task-tracker-project-controller.js:47:5)
    at async C:\Users\Daniel\Documents\Ontario Tech\Computer Science Thesis Project\task-tracker-server\routers\database-generator\task-tracker-project-router.js:9:9
Fri Oct 04 2024 10:01:52 GMT-0400 (Eastern Daylight Saving Time): Country czech_republic was not created Error: Country czech_republic is already taken
    at Object.createCountry (C:\Users\Daniel\Documents\Ontario Tech\Computer Science Thesis Project\task-tracker-server\controllers\consts-lists\country-controller.js:29:71)
    at process.processTicksAndRejections (node:internal/process/task_queues:95:5)
    at async createCountries (C:\Users\Daniel\Documents\Ontario Tech\Computer Science Thesis Project\task-tracker-server\controllers\database-generator\task-tracker-project-controller.js:33:9)
    at async Object.generateDatabase (C:\Users\Daniel\Documents\Ontario Tech\Computer Science Thesis Project\task-tracker-server\controllers\database-generator\task-tracker-project-controller.js:47:5)
    at async C:\Users\Daniel\Documents\Ontario Tech\Computer Science Thesis Project\task-tracker-server\routers\database-generator\task-tracker-project-router.js:9:9
Fri Oct 04 2024 10:01:52 GMT-0400 (Eastern Daylight Saving Time): Country denmark was not created Error: Country denmark is already taken
    at Object.createCountry (C:\Users\Daniel\Documents\Ontario Tech\Computer Science Thesis Project\task-tracker-server\controllers\consts-lists\country-controller.js:29:71)
    at process.processTicksAndRejections (node:internal/process/task_queues:95:5)
    at async createCountries (C:\Users\Daniel\Documents\Ontario Tech\Computer Science Thesis Project\task-tracker-server\controllers\database-generator\task-tracker-project-controller.js:33:9)
    at async Object.generateDatabase (C:\Users\Daniel\Documents\Ontario Tech\Computer Science Thesis Project\task-tracker-server\controllers\database-generator\task-tracker-project-controller.js:47:5)
    at async C:\Users\Daniel\Documents\Ontario Tech\Computer Science Thesis Project\task-tracker-server\routers\database-generator\task-tracker-project-router.js:9:9
Fri Oct 04 2024 10:01:52 GMT-0400 (Eastern Daylight Saving Time): Country djibouti was not created Error: Country djibouti is already taken
    at Object.createCountry (C:\Users\Daniel\Documents\Ontario Tech\Computer Science Thesis Project\task-tracker-server\controllers\consts-lists\country-controller.js:29:71)
    at process.processTicksAndRejections (node:internal/process/task_queues:95:5)
    at async createCountries (C:\Users\Daniel\Documents\Ontario Tech\Computer Science Thesis Project\task-tracker-server\controllers\database-generator\task-tracker-project-controller.js:33:9)
    at async Object.generateDatabase (C:\Users\Daniel\Documents\Ontario Tech\Computer Science Thesis Project\task-tracker-server\controllers\database-generator\task-tracker-project-controller.js:47:5)
    at async C:\Users\Daniel\Documents\Ontario Tech\Computer Science Thesis Project\task-tracker-server\routers\database-generator\task-tracker-project-router.js:9:9
Fri Oct 04 2024 10:01:52 GMT-0400 (Eastern Daylight Saving Time): Country dominica was not created Error: Country dominica is already taken
    at Object.createCountry (C:\Users\Daniel\Documents\Ontario Tech\Computer Science Thesis Project\task-tracker-server\controllers\consts-lists\country-controller.js:29:71)
    at process.processTicksAndRejections (node:internal/process/task_queues:95:5)
    at async createCountries (C:\Users\Daniel\Documents\Ontario Tech\Computer Science Thesis Project\task-tracker-server\controllers\database-generator\task-tracker-project-controller.js:33:9)
    at async Object.generateDatabase (C:\Users\Daniel\Documents\Ontario Tech\Computer Science Thesis Project\task-tracker-server\controllers\database-generator\task-tracker-project-controller.js:47:5)
    at async C:\Users\Daniel\Documents\Ontario Tech\Computer Science Thesis Project\task-tracker-server\routers\database-generator\task-tracker-project-router.js:9:9
Fri Oct 04 2024 10:01:52 GMT-0400 (Eastern Daylight Saving Time): Country dominican_republic was not created Error: Country dominican_republic is already taken
    at Object.createCountry (C:\Users\Daniel\Documents\Ontario Tech\Computer Science Thesis Project\task-tracker-server\controllers\consts-lists\country-controller.js:29:71)
    at process.processTicksAndRejections (node:internal/process/task_queues:95:5)
    at async createCountries (C:\Users\Daniel\Documents\Ontario Tech\Computer Science Thesis Project\task-tracker-server\controllers\database-generator\task-tracker-project-controller.js:33:9)
    at async Object.generateDatabase (C:\Users\Daniel\Documents\Ontario Tech\Computer Science Thesis Project\task-tracker-server\controllers\database-generator\task-tracker-project-controller.js:47:5)
    at async C:\Users\Daniel\Documents\Ontario Tech\Computer Science Thesis Project\task-tracker-server\routers\database-generator\task-tracker-project-router.js:9:9
Fri Oct 04 2024 10:01:52 GMT-0400 (Eastern Daylight Saving Time): Country east_timor was not created Error: Country east_timor is already taken
    at Object.createCountry (C:\Users\Daniel\Documents\Ontario Tech\Computer Science Thesis Project\task-tracker-server\controllers\consts-lists\country-controller.js:29:71)
    at process.processTicksAndRejections (node:internal/process/task_queues:95:5)
    at async createCountries (C:\Users\Daniel\Documents\Ontario Tech\Computer Science Thesis Project\task-tracker-server\controllers\database-generator\task-tracker-project-controller.js:33:9)
    at async Object.generateDatabase (C:\Users\Daniel\Documents\Ontario Tech\Computer Science Thesis Project\task-tracker-server\controllers\database-generator\task-tracker-project-controller.js:47:5)
    at async C:\Users\Daniel\Documents\Ontario Tech\Computer Science Thesis Project\task-tracker-server\routers\database-generator\task-tracker-project-router.js:9:9
Fri Oct 04 2024 10:01:52 GMT-0400 (Eastern Daylight Saving Time): Country ecuador was not created Error: Country ecuador is already taken
    at Object.createCountry (C:\Users\Daniel\Documents\Ontario Tech\Computer Science Thesis Project\task-tracker-server\controllers\consts-lists\country-controller.js:29:71)
    at process.processTicksAndRejections (node:internal/process/task_queues:95:5)
    at async createCountries (C:\Users\Daniel\Documents\Ontario Tech\Computer Science Thesis Project\task-tracker-server\controllers\database-generator\task-tracker-project-controller.js:33:9)
    at async Object.generateDatabase (C:\Users\Daniel\Documents\Ontario Tech\Computer Science Thesis Project\task-tracker-server\controllers\database-generator\task-tracker-project-controller.js:47:5)
    at async C:\Users\Daniel\Documents\Ontario Tech\Computer Science Thesis Project\task-tracker-server\routers\database-generator\task-tracker-project-router.js:9:9
Fri Oct 04 2024 10:01:52 GMT-0400 (Eastern Daylight Saving Time): Country egypt was not created Error: Country egypt is already taken
    at Object.createCountry (C:\Users\Daniel\Documents\Ontario Tech\Computer Science Thesis Project\task-tracker-server\controllers\consts-lists\country-controller.js:29:71)
    at process.processTicksAndRejections (node:internal/process/task_queues:95:5)
    at async createCountries (C:\Users\Daniel\Documents\Ontario Tech\Computer Science Thesis Project\task-tracker-server\controllers\database-generator\task-tracker-project-controller.js:33:9)
    at async Object.generateDatabase (C:\Users\Daniel\Documents\Ontario Tech\Computer Science Thesis Project\task-tracker-server\controllers\database-generator\task-tracker-project-controller.js:47:5)
    at async C:\Users\Daniel\Documents\Ontario Tech\Computer Science Thesis Project\task-tracker-server\routers\database-generator\task-tracker-project-router.js:9:9
Fri Oct 04 2024 10:01:52 GMT-0400 (Eastern Daylight Saving Time): Country el_salvador was not created Error: Country el_salvador is already taken
    at Object.createCountry (C:\Users\Daniel\Documents\Ontario Tech\Computer Science Thesis Project\task-tracker-server\controllers\consts-lists\country-controller.js:29:71)
    at process.processTicksAndRejections (node:internal/process/task_queues:95:5)
    at async createCountries (C:\Users\Daniel\Documents\Ontario Tech\Computer Science Thesis Project\task-tracker-server\controllers\database-generator\task-tracker-project-controller.js:33:9)
    at async Object.generateDatabase (C:\Users\Daniel\Documents\Ontario Tech\Computer Science Thesis Project\task-tracker-server\controllers\database-generator\task-tracker-project-controller.js:47:5)
    at async C:\Users\Daniel\Documents\Ontario Tech\Computer Science Thesis Project\task-tracker-server\routers\database-generator\task-tracker-project-router.js:9:9
Fri Oct 04 2024 10:01:52 GMT-0400 (Eastern Daylight Saving Time): Country equatorial_guinea was not created Error: Country equatorial_guinea is already taken
    at Object.createCountry (C:\Users\Daniel\Documents\Ontario Tech\Computer Science Thesis Project\task-tracker-server\controllers\consts-lists\country-controller.js:29:71)
    at process.processTicksAndRejections (node:internal/process/task_queues:95:5)
    at async createCountries (C:\Users\Daniel\Documents\Ontario Tech\Computer Science Thesis Project\task-tracker-server\controllers\database-generator\task-tracker-project-controller.js:33:9)
    at async Object.generateDatabase (C:\Users\Daniel\Documents\Ontario Tech\Computer Science Thesis Project\task-tracker-server\controllers\database-generator\task-tracker-project-controller.js:47:5)
    at async C:\Users\Daniel\Documents\Ontario Tech\Computer Science Thesis Project\task-tracker-server\routers\database-generator\task-tracker-project-router.js:9:9
Fri Oct 04 2024 10:01:52 GMT-0400 (Eastern Daylight Saving Time): Country eritrea was not created Error: Country eritrea is already taken
    at Object.createCountry (C:\Users\Daniel\Documents\Ontario Tech\Computer Science Thesis Project\task-tracker-server\controllers\consts-lists\country-controller.js:29:71)
    at process.processTicksAndRejections (node:internal/process/task_queues:95:5)
    at async createCountries (C:\Users\Daniel\Documents\Ontario Tech\Computer Science Thesis Project\task-tracker-server\controllers\database-generator\task-tracker-project-controller.js:33:9)
    at async Object.generateDatabase (C:\Users\Daniel\Documents\Ontario Tech\Computer Science Thesis Project\task-tracker-server\controllers\database-generator\task-tracker-project-controller.js:47:5)
    at async C:\Users\Daniel\Documents\Ontario Tech\Computer Science Thesis Project\task-tracker-server\routers\database-generator\task-tracker-project-router.js:9:9
Fri Oct 04 2024 10:01:52 GMT-0400 (Eastern Daylight Saving Time): Country estonia was not created Error: Country estonia is already taken
    at Object.createCountry (C:\Users\Daniel\Documents\Ontario Tech\Computer Science Thesis Project\task-tracker-server\controllers\consts-lists\country-controller.js:29:71)
    at process.processTicksAndRejections (node:internal/process/task_queues:95:5)
    at async createCountries (C:\Users\Daniel\Documents\Ontario Tech\Computer Science Thesis Project\task-tracker-server\controllers\database-generator\task-tracker-project-controller.js:33:9)
    at async Object.generateDatabase (C:\Users\Daniel\Documents\Ontario Tech\Computer Science Thesis Project\task-tracker-server\controllers\database-generator\task-tracker-project-controller.js:47:5)
    at async C:\Users\Daniel\Documents\Ontario Tech\Computer Science Thesis Project\task-tracker-server\routers\database-generator\task-tracker-project-router.js:9:9
Fri Oct 04 2024 10:01:52 GMT-0400 (Eastern Daylight Saving Time): Country eswatini was not created Error: Country eswatini is already taken
    at Object.createCountry (C:\Users\Daniel\Documents\Ontario Tech\Computer Science Thesis Project\task-tracker-server\controllers\consts-lists\country-controller.js:29:71)
    at process.processTicksAndRejections (node:internal/process/task_queues:95:5)
    at async createCountries (C:\Users\Daniel\Documents\Ontario Tech\Computer Science Thesis Project\task-tracker-server\controllers\database-generator\task-tracker-project-controller.js:33:9)
    at async Object.generateDatabase (C:\Users\Daniel\Documents\Ontario Tech\Computer Science Thesis Project\task-tracker-server\controllers\database-generator\task-tracker-project-controller.js:47:5)
    at async C:\Users\Daniel\Documents\Ontario Tech\Computer Science Thesis Project\task-tracker-server\routers\database-generator\task-tracker-project-router.js:9:9
Fri Oct 04 2024 10:01:52 GMT-0400 (Eastern Daylight Saving Time): Country ethiopia was not created Error: Country ethiopia is already taken
    at Object.createCountry (C:\Users\Daniel\Documents\Ontario Tech\Computer Science Thesis Project\task-tracker-server\controllers\consts-lists\country-controller.js:29:71)
    at process.processTicksAndRejections (node:internal/process/task_queues:95:5)
    at async createCountries (C:\Users\Daniel\Documents\Ontario Tech\Computer Science Thesis Project\task-tracker-server\controllers\database-generator\task-tracker-project-controller.js:33:9)
    at async Object.generateDatabase (C:\Users\Daniel\Documents\Ontario Tech\Computer Science Thesis Project\task-tracker-server\controllers\database-generator\task-tracker-project-controller.js:47:5)
    at async C:\Users\Daniel\Documents\Ontario Tech\Computer Science Thesis Project\task-tracker-server\routers\database-generator\task-tracker-project-router.js:9:9
Fri Oct 04 2024 10:01:52 GMT-0400 (Eastern Daylight Saving Time): Country fiji was not created Error: Country fiji is already taken
    at Object.createCountry (C:\Users\Daniel\Documents\Ontario Tech\Computer Science Thesis Project\task-tracker-server\controllers\consts-lists\country-controller.js:29:71)
    at process.processTicksAndRejections (node:internal/process/task_queues:95:5)
    at async createCountries (C:\Users\Daniel\Documents\Ontario Tech\Computer Science Thesis Project\task-tracker-server\controllers\database-generator\task-tracker-project-controller.js:33:9)
    at async Object.generateDatabase (C:\Users\Daniel\Documents\Ontario Tech\Computer Science Thesis Project\task-tracker-server\controllers\database-generator\task-tracker-project-controller.js:47:5)
    at async C:\Users\Daniel\Documents\Ontario Tech\Computer Science Thesis Project\task-tracker-server\routers\database-generator\task-tracker-project-router.js:9:9
Fri Oct 04 2024 10:01:52 GMT-0400 (Eastern Daylight Saving Time): Country finland was not created Error: Country finland is already taken
    at Object.createCountry (C:\Users\Daniel\Documents\Ontario Tech\Computer Science Thesis Project\task-tracker-server\controllers\consts-lists\country-controller.js:29:71)
    at process.processTicksAndRejections (node:internal/process/task_queues:95:5)
    at async createCountries (C:\Users\Daniel\Documents\Ontario Tech\Computer Science Thesis Project\task-tracker-server\controllers\database-generator\task-tracker-project-controller.js:33:9)
    at async Object.generateDatabase (C:\Users\Daniel\Documents\Ontario Tech\Computer Science Thesis Project\task-tracker-server\controllers\database-generator\task-tracker-project-controller.js:47:5)
    at async C:\Users\Daniel\Documents\Ontario Tech\Computer Science Thesis Project\task-tracker-server\routers\database-generator\task-tracker-project-router.js:9:9
Fri Oct 04 2024 10:01:52 GMT-0400 (Eastern Daylight Saving Time): Country france was not created Error: Country france is already taken
    at Object.createCountry (C:\Users\Daniel\Documents\Ontario Tech\Computer Science Thesis Project\task-tracker-server\controllers\consts-lists\country-controller.js:29:71)
    at process.processTicksAndRejections (node:internal/process/task_queues:95:5)
    at async createCountries (C:\Users\Daniel\Documents\Ontario Tech\Computer Science Thesis Project\task-tracker-server\controllers\database-generator\task-tracker-project-controller.js:33:9)
    at async Object.generateDatabase (C:\Users\Daniel\Documents\Ontario Tech\Computer Science Thesis Project\task-tracker-server\controllers\database-generator\task-tracker-project-controller.js:47:5)
    at async C:\Users\Daniel\Documents\Ontario Tech\Computer Science Thesis Project\task-tracker-server\routers\database-generator\task-tracker-project-router.js:9:9
Fri Oct 04 2024 10:01:52 GMT-0400 (Eastern Daylight Saving Time): Country gabon was not created Error: Country gabon is already taken
    at Object.createCountry (C:\Users\Daniel\Documents\Ontario Tech\Computer Science Thesis Project\task-tracker-server\controllers\consts-lists\country-controller.js:29:71)
    at process.processTicksAndRejections (node:internal/process/task_queues:95:5)
    at async createCountries (C:\Users\Daniel\Documents\Ontario Tech\Computer Science Thesis Project\task-tracker-server\controllers\database-generator\task-tracker-project-controller.js:33:9)
    at async Object.generateDatabase (C:\Users\Daniel\Documents\Ontario Tech\Computer Science Thesis Project\task-tracker-server\controllers\database-generator\task-tracker-project-controller.js:47:5)
    at async C:\Users\Daniel\Documents\Ontario Tech\Computer Science Thesis Project\task-tracker-server\routers\database-generator\task-tracker-project-router.js:9:9
Fri Oct 04 2024 10:01:52 GMT-0400 (Eastern Daylight Saving Time): Country the_gambia was not created Error: Country the_gambia is already taken
    at Object.createCountry (C:\Users\Daniel\Documents\Ontario Tech\Computer Science Thesis Project\task-tracker-server\controllers\consts-lists\country-controller.js:29:71)
    at process.processTicksAndRejections (node:internal/process/task_queues:95:5)
    at async createCountries (C:\Users\Daniel\Documents\Ontario Tech\Computer Science Thesis Project\task-tracker-server\controllers\database-generator\task-tracker-project-controller.js:33:9)
    at async Object.generateDatabase (C:\Users\Daniel\Documents\Ontario Tech\Computer Science Thesis Project\task-tracker-server\controllers\database-generator\task-tracker-project-controller.js:47:5)
    at async C:\Users\Daniel\Documents\Ontario Tech\Computer Science Thesis Project\task-tracker-server\routers\database-generator\task-tracker-project-router.js:9:9
Fri Oct 04 2024 10:01:52 GMT-0400 (Eastern Daylight Saving Time): Country georgia was not created Error: Country georgia is already taken
    at Object.createCountry (C:\Users\Daniel\Documents\Ontario Tech\Computer Science Thesis Project\task-tracker-server\controllers\consts-lists\country-controller.js:29:71)
    at process.processTicksAndRejections (node:internal/process/task_queues:95:5)
    at async createCountries (C:\Users\Daniel\Documents\Ontario Tech\Computer Science Thesis Project\task-tracker-server\controllers\database-generator\task-tracker-project-controller.js:33:9)
    at async Object.generateDatabase (C:\Users\Daniel\Documents\Ontario Tech\Computer Science Thesis Project\task-tracker-server\controllers\database-generator\task-tracker-project-controller.js:47:5)
    at async C:\Users\Daniel\Documents\Ontario Tech\Computer Science Thesis Project\task-tracker-server\routers\database-generator\task-tracker-project-router.js:9:9
Fri Oct 04 2024 10:01:52 GMT-0400 (Eastern Daylight Saving Time): Country germany was not created Error: Country germany is already taken
    at Object.createCountry (C:\Users\Daniel\Documents\Ontario Tech\Computer Science Thesis Project\task-tracker-server\controllers\consts-lists\country-controller.js:29:71)
    at process.processTicksAndRejections (node:internal/process/task_queues:95:5)
    at async createCountries (C:\Users\Daniel\Documents\Ontario Tech\Computer Science Thesis Project\task-tracker-server\controllers\database-generator\task-tracker-project-controller.js:33:9)
    at async Object.generateDatabase (C:\Users\Daniel\Documents\Ontario Tech\Computer Science Thesis Project\task-tracker-server\controllers\database-generator\task-tracker-project-controller.js:47:5)
    at async C:\Users\Daniel\Documents\Ontario Tech\Computer Science Thesis Project\task-tracker-server\routers\database-generator\task-tracker-project-router.js:9:9
Fri Oct 04 2024 10:01:52 GMT-0400 (Eastern Daylight Saving Time): Country ghana was not created Error: Country ghana is already taken
    at Object.createCountry (C:\Users\Daniel\Documents\Ontario Tech\Computer Science Thesis Project\task-tracker-server\controllers\consts-lists\country-controller.js:29:71)
    at process.processTicksAndRejections (node:internal/process/task_queues:95:5)
    at async createCountries (C:\Users\Daniel\Documents\Ontario Tech\Computer Science Thesis Project\task-tracker-server\controllers\database-generator\task-tracker-project-controller.js:33:9)
    at async Object.generateDatabase (C:\Users\Daniel\Documents\Ontario Tech\Computer Science Thesis Project\task-tracker-server\controllers\database-generator\task-tracker-project-controller.js:47:5)
    at async C:\Users\Daniel\Documents\Ontario Tech\Computer Science Thesis Project\task-tracker-server\routers\database-generator\task-tracker-project-router.js:9:9
Fri Oct 04 2024 10:01:52 GMT-0400 (Eastern Daylight Saving Time): Country greece was not created Error: Country greece is already taken
    at Object.createCountry (C:\Users\Daniel\Documents\Ontario Tech\Computer Science Thesis Project\task-tracker-server\controllers\consts-lists\country-controller.js:29:71)
    at process.processTicksAndRejections (node:internal/process/task_queues:95:5)
    at async createCountries (C:\Users\Daniel\Documents\Ontario Tech\Computer Science Thesis Project\task-tracker-server\controllers\database-generator\task-tracker-project-controller.js:33:9)
    at async Object.generateDatabase (C:\Users\Daniel\Documents\Ontario Tech\Computer Science Thesis Project\task-tracker-server\controllers\database-generator\task-tracker-project-controller.js:47:5)
    at async C:\Users\Daniel\Documents\Ontario Tech\Computer Science Thesis Project\task-tracker-server\routers\database-generator\task-tracker-project-router.js:9:9
Fri Oct 04 2024 10:01:52 GMT-0400 (Eastern Daylight Saving Time): Country grenada was not created Error: Country grenada is already taken
    at Object.createCountry (C:\Users\Daniel\Documents\Ontario Tech\Computer Science Thesis Project\task-tracker-server\controllers\consts-lists\country-controller.js:29:71)
    at process.processTicksAndRejections (node:internal/process/task_queues:95:5)
    at async createCountries (C:\Users\Daniel\Documents\Ontario Tech\Computer Science Thesis Project\task-tracker-server\controllers\database-generator\task-tracker-project-controller.js:33:9)
    at async Object.generateDatabase (C:\Users\Daniel\Documents\Ontario Tech\Computer Science Thesis Project\task-tracker-server\controllers\database-generator\task-tracker-project-controller.js:47:5)
    at async C:\Users\Daniel\Documents\Ontario Tech\Computer Science Thesis Project\task-tracker-server\routers\database-generator\task-tracker-project-router.js:9:9
Fri Oct 04 2024 10:01:52 GMT-0400 (Eastern Daylight Saving Time): Country guatemala was not created Error: Country guatemala is already taken
    at Object.createCountry (C:\Users\Daniel\Documents\Ontario Tech\Computer Science Thesis Project\task-tracker-server\controllers\consts-lists\country-controller.js:29:71)
    at process.processTicksAndRejections (node:internal/process/task_queues:95:5)
    at async createCountries (C:\Users\Daniel\Documents\Ontario Tech\Computer Science Thesis Project\task-tracker-server\controllers\database-generator\task-tracker-project-controller.js:33:9)
    at async Object.generateDatabase (C:\Users\Daniel\Documents\Ontario Tech\Computer Science Thesis Project\task-tracker-server\controllers\database-generator\task-tracker-project-controller.js:47:5)
    at async C:\Users\Daniel\Documents\Ontario Tech\Computer Science Thesis Project\task-tracker-server\routers\database-generator\task-tracker-project-router.js:9:9
Fri Oct 04 2024 10:01:52 GMT-0400 (Eastern Daylight Saving Time): Country guinea was not created Error: Country guinea is already taken
    at Object.createCountry (C:\Users\Daniel\Documents\Ontario Tech\Computer Science Thesis Project\task-tracker-server\controllers\consts-lists\country-controller.js:29:71)
    at process.processTicksAndRejections (node:internal/process/task_queues:95:5)
    at async createCountries (C:\Users\Daniel\Documents\Ontario Tech\Computer Science Thesis Project\task-tracker-server\controllers\database-generator\task-tracker-project-controller.js:33:9)
    at async Object.generateDatabase (C:\Users\Daniel\Documents\Ontario Tech\Computer Science Thesis Project\task-tracker-server\controllers\database-generator\task-tracker-project-controller.js:47:5)
    at async C:\Users\Daniel\Documents\Ontario Tech\Computer Science Thesis Project\task-tracker-server\routers\database-generator\task-tracker-project-router.js:9:9
Fri Oct 04 2024 10:01:52 GMT-0400 (Eastern Daylight Saving Time): Country guinea-bissau was not created Error: Country guinea-bissau is already taken
    at Object.createCountry (C:\Users\Daniel\Documents\Ontario Tech\Computer Science Thesis Project\task-tracker-server\controllers\consts-lists\country-controller.js:29:71)
    at process.processTicksAndRejections (node:internal/process/task_queues:95:5)
    at async createCountries (C:\Users\Daniel\Documents\Ontario Tech\Computer Science Thesis Project\task-tracker-server\controllers\database-generator\task-tracker-project-controller.js:33:9)
    at async Object.generateDatabase (C:\Users\Daniel\Documents\Ontario Tech\Computer Science Thesis Project\task-tracker-server\controllers\database-generator\task-tracker-project-controller.js:47:5)
    at async C:\Users\Daniel\Documents\Ontario Tech\Computer Science Thesis Project\task-tracker-server\routers\database-generator\task-tracker-project-router.js:9:9
Fri Oct 04 2024 10:01:52 GMT-0400 (Eastern Daylight Saving Time): Country guyana was not created Error: Country guyana is already taken
    at Object.createCountry (C:\Users\Daniel\Documents\Ontario Tech\Computer Science Thesis Project\task-tracker-server\controllers\consts-lists\country-controller.js:29:71)
    at process.processTicksAndRejections (node:internal/process/task_queues:95:5)
    at async createCountries (C:\Users\Daniel\Documents\Ontario Tech\Computer Science Thesis Project\task-tracker-server\controllers\database-generator\task-tracker-project-controller.js:33:9)
    at async Object.generateDatabase (C:\Users\Daniel\Documents\Ontario Tech\Computer Science Thesis Project\task-tracker-server\controllers\database-generator\task-tracker-project-controller.js:47:5)
    at async C:\Users\Daniel\Documents\Ontario Tech\Computer Science Thesis Project\task-tracker-server\routers\database-generator\task-tracker-project-router.js:9:9
Fri Oct 04 2024 10:01:52 GMT-0400 (Eastern Daylight Saving Time): Country haiti was not created Error: Country haiti is already taken
    at Object.createCountry (C:\Users\Daniel\Documents\Ontario Tech\Computer Science Thesis Project\task-tracker-server\controllers\consts-lists\country-controller.js:29:71)
    at process.processTicksAndRejections (node:internal/process/task_queues:95:5)
    at async createCountries (C:\Users\Daniel\Documents\Ontario Tech\Computer Science Thesis Project\task-tracker-server\controllers\database-generator\task-tracker-project-controller.js:33:9)
    at async Object.generateDatabase (C:\Users\Daniel\Documents\Ontario Tech\Computer Science Thesis Project\task-tracker-server\controllers\database-generator\task-tracker-project-controller.js:47:5)
    at async C:\Users\Daniel\Documents\Ontario Tech\Computer Science Thesis Project\task-tracker-server\routers\database-generator\task-tracker-project-router.js:9:9
Fri Oct 04 2024 10:01:52 GMT-0400 (Eastern Daylight Saving Time): Country honduras was not created Error: Country honduras is already taken
    at Object.createCountry (C:\Users\Daniel\Documents\Ontario Tech\Computer Science Thesis Project\task-tracker-server\controllers\consts-lists\country-controller.js:29:71)
    at process.processTicksAndRejections (node:internal/process/task_queues:95:5)
    at async createCountries (C:\Users\Daniel\Documents\Ontario Tech\Computer Science Thesis Project\task-tracker-server\controllers\database-generator\task-tracker-project-controller.js:33:9)
    at async Object.generateDatabase (C:\Users\Daniel\Documents\Ontario Tech\Computer Science Thesis Project\task-tracker-server\controllers\database-generator\task-tracker-project-controller.js:47:5)
    at async C:\Users\Daniel\Documents\Ontario Tech\Computer Science Thesis Project\task-tracker-server\routers\database-generator\task-tracker-project-router.js:9:9
Fri Oct 04 2024 10:01:52 GMT-0400 (Eastern Daylight Saving Time): Country hungary was not created Error: Country hungary is already taken
    at Object.createCountry (C:\Users\Daniel\Documents\Ontario Tech\Computer Science Thesis Project\task-tracker-server\controllers\consts-lists\country-controller.js:29:71)
    at process.processTicksAndRejections (node:internal/process/task_queues:95:5)
    at async createCountries (C:\Users\Daniel\Documents\Ontario Tech\Computer Science Thesis Project\task-tracker-server\controllers\database-generator\task-tracker-project-controller.js:33:9)
    at async Object.generateDatabase (C:\Users\Daniel\Documents\Ontario Tech\Computer Science Thesis Project\task-tracker-server\controllers\database-generator\task-tracker-project-controller.js:47:5)
    at async C:\Users\Daniel\Documents\Ontario Tech\Computer Science Thesis Project\task-tracker-server\routers\database-generator\task-tracker-project-router.js:9:9
Fri Oct 04 2024 10:01:52 GMT-0400 (Eastern Daylight Saving Time): Country iceland was not created Error: Country iceland is already taken
    at Object.createCountry (C:\Users\Daniel\Documents\Ontario Tech\Computer Science Thesis Project\task-tracker-server\controllers\consts-lists\country-controller.js:29:71)
    at process.processTicksAndRejections (node:internal/process/task_queues:95:5)
    at async createCountries (C:\Users\Daniel\Documents\Ontario Tech\Computer Science Thesis Project\task-tracker-server\controllers\database-generator\task-tracker-project-controller.js:33:9)
    at async Object.generateDatabase (C:\Users\Daniel\Documents\Ontario Tech\Computer Science Thesis Project\task-tracker-server\controllers\database-generator\task-tracker-project-controller.js:47:5)
    at async C:\Users\Daniel\Documents\Ontario Tech\Computer Science Thesis Project\task-tracker-server\routers\database-generator\task-tracker-project-router.js:9:9
Fri Oct 04 2024 10:01:52 GMT-0400 (Eastern Daylight Saving Time): Country india was not created Error: Country india is already taken
    at Object.createCountry (C:\Users\Daniel\Documents\Ontario Tech\Computer Science Thesis Project\task-tracker-server\controllers\consts-lists\country-controller.js:29:71)
    at process.processTicksAndRejections (node:internal/process/task_queues:95:5)
    at async createCountries (C:\Users\Daniel\Documents\Ontario Tech\Computer Science Thesis Project\task-tracker-server\controllers\database-generator\task-tracker-project-controller.js:33:9)
    at async Object.generateDatabase (C:\Users\Daniel\Documents\Ontario Tech\Computer Science Thesis Project\task-tracker-server\controllers\database-generator\task-tracker-project-controller.js:47:5)
    at async C:\Users\Daniel\Documents\Ontario Tech\Computer Science Thesis Project\task-tracker-server\routers\database-generator\task-tracker-project-router.js:9:9
Fri Oct 04 2024 10:01:52 GMT-0400 (Eastern Daylight Saving Time): Country indonesia was not created Error: Country indonesia is already taken
    at Object.createCountry (C:\Users\Daniel\Documents\Ontario Tech\Computer Science Thesis Project\task-tracker-server\controllers\consts-lists\country-controller.js:29:71)
    at process.processTicksAndRejections (node:internal/process/task_queues:95:5)
    at async createCountries (C:\Users\Daniel\Documents\Ontario Tech\Computer Science Thesis Project\task-tracker-server\controllers\database-generator\task-tracker-project-controller.js:33:9)
    at async Object.generateDatabase (C:\Users\Daniel\Documents\Ontario Tech\Computer Science Thesis Project\task-tracker-server\controllers\database-generator\task-tracker-project-controller.js:47:5)
    at async C:\Users\Daniel\Documents\Ontario Tech\Computer Science Thesis Project\task-tracker-server\routers\database-generator\task-tracker-project-router.js:9:9
Fri Oct 04 2024 10:01:52 GMT-0400 (Eastern Daylight Saving Time): Country iran was not created Error: Country iran is already taken
    at Object.createCountry (C:\Users\Daniel\Documents\Ontario Tech\Computer Science Thesis Project\task-tracker-server\controllers\consts-lists\country-controller.js:29:71)
    at process.processTicksAndRejections (node:internal/process/task_queues:95:5)
    at async createCountries (C:\Users\Daniel\Documents\Ontario Tech\Computer Science Thesis Project\task-tracker-server\controllers\database-generator\task-tracker-project-controller.js:33:9)
    at async Object.generateDatabase (C:\Users\Daniel\Documents\Ontario Tech\Computer Science Thesis Project\task-tracker-server\controllers\database-generator\task-tracker-project-controller.js:47:5)
    at async C:\Users\Daniel\Documents\Ontario Tech\Computer Science Thesis Project\task-tracker-server\routers\database-generator\task-tracker-project-router.js:9:9
Fri Oct 04 2024 10:01:52 GMT-0400 (Eastern Daylight Saving Time): Country iraq was not created Error: Country iraq is already taken
    at Object.createCountry (C:\Users\Daniel\Documents\Ontario Tech\Computer Science Thesis Project\task-tracker-server\controllers\consts-lists\country-controller.js:29:71)
    at process.processTicksAndRejections (node:internal/process/task_queues:95:5)
    at async createCountries (C:\Users\Daniel\Documents\Ontario Tech\Computer Science Thesis Project\task-tracker-server\controllers\database-generator\task-tracker-project-controller.js:33:9)
    at async Object.generateDatabase (C:\Users\Daniel\Documents\Ontario Tech\Computer Science Thesis Project\task-tracker-server\controllers\database-generator\task-tracker-project-controller.js:47:5)
    at async C:\Users\Daniel\Documents\Ontario Tech\Computer Science Thesis Project\task-tracker-server\routers\database-generator\task-tracker-project-router.js:9:9
Fri Oct 04 2024 10:01:52 GMT-0400 (Eastern Daylight Saving Time): Country ireland was not created Error: Country ireland is already taken
    at Object.createCountry (C:\Users\Daniel\Documents\Ontario Tech\Computer Science Thesis Project\task-tracker-server\controllers\consts-lists\country-controller.js:29:71)
    at process.processTicksAndRejections (node:internal/process/task_queues:95:5)
    at async createCountries (C:\Users\Daniel\Documents\Ontario Tech\Computer Science Thesis Project\task-tracker-server\controllers\database-generator\task-tracker-project-controller.js:33:9)
    at async Object.generateDatabase (C:\Users\Daniel\Documents\Ontario Tech\Computer Science Thesis Project\task-tracker-server\controllers\database-generator\task-tracker-project-controller.js:47:5)
    at async C:\Users\Daniel\Documents\Ontario Tech\Computer Science Thesis Project\task-tracker-server\routers\database-generator\task-tracker-project-router.js:9:9
Fri Oct 04 2024 10:01:52 GMT-0400 (Eastern Daylight Saving Time): Country israel was not created Error: Country israel is already taken
    at Object.createCountry (C:\Users\Daniel\Documents\Ontario Tech\Computer Science Thesis Project\task-tracker-server\controllers\consts-lists\country-controller.js:29:71)
    at process.processTicksAndRejections (node:internal/process/task_queues:95:5)
    at async createCountries (C:\Users\Daniel\Documents\Ontario Tech\Computer Science Thesis Project\task-tracker-server\controllers\database-generator\task-tracker-project-controller.js:33:9)
    at async Object.generateDatabase (C:\Users\Daniel\Documents\Ontario Tech\Computer Science Thesis Project\task-tracker-server\controllers\database-generator\task-tracker-project-controller.js:47:5)
    at async C:\Users\Daniel\Documents\Ontario Tech\Computer Science Thesis Project\task-tracker-server\routers\database-generator\task-tracker-project-router.js:9:9
Fri Oct 04 2024 10:01:52 GMT-0400 (Eastern Daylight Saving Time): Country italy was not created Error: Country italy is already taken
    at Object.createCountry (C:\Users\Daniel\Documents\Ontario Tech\Computer Science Thesis Project\task-tracker-server\controllers\consts-lists\country-controller.js:29:71)
    at process.processTicksAndRejections (node:internal/process/task_queues:95:5)
    at async createCountries (C:\Users\Daniel\Documents\Ontario Tech\Computer Science Thesis Project\task-tracker-server\controllers\database-generator\task-tracker-project-controller.js:33:9)
    at async Object.generateDatabase (C:\Users\Daniel\Documents\Ontario Tech\Computer Science Thesis Project\task-tracker-server\controllers\database-generator\task-tracker-project-controller.js:47:5)
    at async C:\Users\Daniel\Documents\Ontario Tech\Computer Science Thesis Project\task-tracker-server\routers\database-generator\task-tracker-project-router.js:9:9
Fri Oct 04 2024 10:01:52 GMT-0400 (Eastern Daylight Saving Time): Country jamaica was not created Error: Country jamaica is already taken
    at Object.createCountry (C:\Users\Daniel\Documents\Ontario Tech\Computer Science Thesis Project\task-tracker-server\controllers\consts-lists\country-controller.js:29:71)
    at process.processTicksAndRejections (node:internal/process/task_queues:95:5)
    at async createCountries (C:\Users\Daniel\Documents\Ontario Tech\Computer Science Thesis Project\task-tracker-server\controllers\database-generator\task-tracker-project-controller.js:33:9)
    at async Object.generateDatabase (C:\Users\Daniel\Documents\Ontario Tech\Computer Science Thesis Project\task-tracker-server\controllers\database-generator\task-tracker-project-controller.js:47:5)
    at async C:\Users\Daniel\Documents\Ontario Tech\Computer Science Thesis Project\task-tracker-server\routers\database-generator\task-tracker-project-router.js:9:9
Fri Oct 04 2024 10:01:52 GMT-0400 (Eastern Daylight Saving Time): Country japan was not created Error: Country japan is already taken
    at Object.createCountry (C:\Users\Daniel\Documents\Ontario Tech\Computer Science Thesis Project\task-tracker-server\controllers\consts-lists\country-controller.js:29:71)
    at process.processTicksAndRejections (node:internal/process/task_queues:95:5)
    at async createCountries (C:\Users\Daniel\Documents\Ontario Tech\Computer Science Thesis Project\task-tracker-server\controllers\database-generator\task-tracker-project-controller.js:33:9)
    at async Object.generateDatabase (C:\Users\Daniel\Documents\Ontario Tech\Computer Science Thesis Project\task-tracker-server\controllers\database-generator\task-tracker-project-controller.js:47:5)
    at async C:\Users\Daniel\Documents\Ontario Tech\Computer Science Thesis Project\task-tracker-server\routers\database-generator\task-tracker-project-router.js:9:9
Fri Oct 04 2024 10:01:52 GMT-0400 (Eastern Daylight Saving Time): Country jordan was not created Error: Country jordan is already taken
    at Object.createCountry (C:\Users\Daniel\Documents\Ontario Tech\Computer Science Thesis Project\task-tracker-server\controllers\consts-lists\country-controller.js:29:71)
    at process.processTicksAndRejections (node:internal/process/task_queues:95:5)
    at async createCountries (C:\Users\Daniel\Documents\Ontario Tech\Computer Science Thesis Project\task-tracker-server\controllers\database-generator\task-tracker-project-controller.js:33:9)
    at async Object.generateDatabase (C:\Users\Daniel\Documents\Ontario Tech\Computer Science Thesis Project\task-tracker-server\controllers\database-generator\task-tracker-project-controller.js:47:5)
    at async C:\Users\Daniel\Documents\Ontario Tech\Computer Science Thesis Project\task-tracker-server\routers\database-generator\task-tracker-project-router.js:9:9
Fri Oct 04 2024 10:01:52 GMT-0400 (Eastern Daylight Saving Time): Country kazakhstan was not created Error: Country kazakhstan is already taken
    at Object.createCountry (C:\Users\Daniel\Documents\Ontario Tech\Computer Science Thesis Project\task-tracker-server\controllers\consts-lists\country-controller.js:29:71)
    at process.processTicksAndRejections (node:internal/process/task_queues:95:5)
    at async createCountries (C:\Users\Daniel\Documents\Ontario Tech\Computer Science Thesis Project\task-tracker-server\controllers\database-generator\task-tracker-project-controller.js:33:9)
    at async Object.generateDatabase (C:\Users\Daniel\Documents\Ontario Tech\Computer Science Thesis Project\task-tracker-server\controllers\database-generator\task-tracker-project-controller.js:47:5)
    at async C:\Users\Daniel\Documents\Ontario Tech\Computer Science Thesis Project\task-tracker-server\routers\database-generator\task-tracker-project-router.js:9:9
Fri Oct 04 2024 10:01:52 GMT-0400 (Eastern Daylight Saving Time): Country kenya was not created Error: Country kenya is already taken
    at Object.createCountry (C:\Users\Daniel\Documents\Ontario Tech\Computer Science Thesis Project\task-tracker-server\controllers\consts-lists\country-controller.js:29:71)
    at process.processTicksAndRejections (node:internal/process/task_queues:95:5)
    at async createCountries (C:\Users\Daniel\Documents\Ontario Tech\Computer Science Thesis Project\task-tracker-server\controllers\database-generator\task-tracker-project-controller.js:33:9)
    at async Object.generateDatabase (C:\Users\Daniel\Documents\Ontario Tech\Computer Science Thesis Project\task-tracker-server\controllers\database-generator\task-tracker-project-controller.js:47:5)
    at async C:\Users\Daniel\Documents\Ontario Tech\Computer Science Thesis Project\task-tracker-server\routers\database-generator\task-tracker-project-router.js:9:9
Fri Oct 04 2024 10:01:52 GMT-0400 (Eastern Daylight Saving Time): Country kiribati was not created Error: Country kiribati is already taken
    at Object.createCountry (C:\Users\Daniel\Documents\Ontario Tech\Computer Science Thesis Project\task-tracker-server\controllers\consts-lists\country-controller.js:29:71)
    at process.processTicksAndRejections (node:internal/process/task_queues:95:5)
    at async createCountries (C:\Users\Daniel\Documents\Ontario Tech\Computer Science Thesis Project\task-tracker-server\controllers\database-generator\task-tracker-project-controller.js:33:9)
    at async Object.generateDatabase (C:\Users\Daniel\Documents\Ontario Tech\Computer Science Thesis Project\task-tracker-server\controllers\database-generator\task-tracker-project-controller.js:47:5)
    at async C:\Users\Daniel\Documents\Ontario Tech\Computer Science Thesis Project\task-tracker-server\routers\database-generator\task-tracker-project-router.js:9:9
Fri Oct 04 2024 10:01:52 GMT-0400 (Eastern Daylight Saving Time): Country korea,_north was not created Error: Country korea,_north is already taken
    at Object.createCountry (C:\Users\Daniel\Documents\Ontario Tech\Computer Science Thesis Project\task-tracker-server\controllers\consts-lists\country-controller.js:29:71)
    at process.processTicksAndRejections (node:internal/process/task_queues:95:5)
    at async createCountries (C:\Users\Daniel\Documents\Ontario Tech\Computer Science Thesis Project\task-tracker-server\controllers\database-generator\task-tracker-project-controller.js:33:9)
    at async Object.generateDatabase (C:\Users\Daniel\Documents\Ontario Tech\Computer Science Thesis Project\task-tracker-server\controllers\database-generator\task-tracker-project-controller.js:47:5)
    at async C:\Users\Daniel\Documents\Ontario Tech\Computer Science Thesis Project\task-tracker-server\routers\database-generator\task-tracker-project-router.js:9:9
Fri Oct 04 2024 10:01:52 GMT-0400 (Eastern Daylight Saving Time): Country korea,_south was not created Error: Country korea,_south is already taken
    at Object.createCountry (C:\Users\Daniel\Documents\Ontario Tech\Computer Science Thesis Project\task-tracker-server\controllers\consts-lists\country-controller.js:29:71)
    at process.processTicksAndRejections (node:internal/process/task_queues:95:5)
    at async createCountries (C:\Users\Daniel\Documents\Ontario Tech\Computer Science Thesis Project\task-tracker-server\controllers\database-generator\task-tracker-project-controller.js:33:9)
    at async Object.generateDatabase (C:\Users\Daniel\Documents\Ontario Tech\Computer Science Thesis Project\task-tracker-server\controllers\database-generator\task-tracker-project-controller.js:47:5)
    at async C:\Users\Daniel\Documents\Ontario Tech\Computer Science Thesis Project\task-tracker-server\routers\database-generator\task-tracker-project-router.js:9:9
Fri Oct 04 2024 10:01:52 GMT-0400 (Eastern Daylight Saving Time): Country kosovo was not created Error: Country kosovo is already taken
    at Object.createCountry (C:\Users\Daniel\Documents\Ontario Tech\Computer Science Thesis Project\task-tracker-server\controllers\consts-lists\country-controller.js:29:71)
    at process.processTicksAndRejections (node:internal/process/task_queues:95:5)
    at async createCountries (C:\Users\Daniel\Documents\Ontario Tech\Computer Science Thesis Project\task-tracker-server\controllers\database-generator\task-tracker-project-controller.js:33:9)
    at async Object.generateDatabase (C:\Users\Daniel\Documents\Ontario Tech\Computer Science Thesis Project\task-tracker-server\controllers\database-generator\task-tracker-project-controller.js:47:5)
    at async C:\Users\Daniel\Documents\Ontario Tech\Computer Science Thesis Project\task-tracker-server\routers\database-generator\task-tracker-project-router.js:9:9
Fri Oct 04 2024 10:01:52 GMT-0400 (Eastern Daylight Saving Time): Country kuwait was not created Error: Country kuwait is already taken
    at Object.createCountry (C:\Users\Daniel\Documents\Ontario Tech\Computer Science Thesis Project\task-tracker-server\controllers\consts-lists\country-controller.js:29:71)
    at process.processTicksAndRejections (node:internal/process/task_queues:95:5)
    at async createCountries (C:\Users\Daniel\Documents\Ontario Tech\Computer Science Thesis Project\task-tracker-server\controllers\database-generator\task-tracker-project-controller.js:33:9)
    at async Object.generateDatabase (C:\Users\Daniel\Documents\Ontario Tech\Computer Science Thesis Project\task-tracker-server\controllers\database-generator\task-tracker-project-controller.js:47:5)
    at async C:\Users\Daniel\Documents\Ontario Tech\Computer Science Thesis Project\task-tracker-server\routers\database-generator\task-tracker-project-router.js:9:9
Fri Oct 04 2024 10:01:52 GMT-0400 (Eastern Daylight Saving Time): Country kyrgyzstan was not created Error: Country kyrgyzstan is already taken
    at Object.createCountry (C:\Users\Daniel\Documents\Ontario Tech\Computer Science Thesis Project\task-tracker-server\controllers\consts-lists\country-controller.js:29:71)
    at process.processTicksAndRejections (node:internal/process/task_queues:95:5)
    at async createCountries (C:\Users\Daniel\Documents\Ontario Tech\Computer Science Thesis Project\task-tracker-server\controllers\database-generator\task-tracker-project-controller.js:33:9)
    at async Object.generateDatabase (C:\Users\Daniel\Documents\Ontario Tech\Computer Science Thesis Project\task-tracker-server\controllers\database-generator\task-tracker-project-controller.js:47:5)
    at async C:\Users\Daniel\Documents\Ontario Tech\Computer Science Thesis Project\task-tracker-server\routers\database-generator\task-tracker-project-router.js:9:9
Fri Oct 04 2024 10:01:52 GMT-0400 (Eastern Daylight Saving Time): Country laos was not created Error: Country laos is already taken
    at Object.createCountry (C:\Users\Daniel\Documents\Ontario Tech\Computer Science Thesis Project\task-tracker-server\controllers\consts-lists\country-controller.js:29:71)
    at process.processTicksAndRejections (node:internal/process/task_queues:95:5)
    at async createCountries (C:\Users\Daniel\Documents\Ontario Tech\Computer Science Thesis Project\task-tracker-server\controllers\database-generator\task-tracker-project-controller.js:33:9)
    at async Object.generateDatabase (C:\Users\Daniel\Documents\Ontario Tech\Computer Science Thesis Project\task-tracker-server\controllers\database-generator\task-tracker-project-controller.js:47:5)
    at async C:\Users\Daniel\Documents\Ontario Tech\Computer Science Thesis Project\task-tracker-server\routers\database-generator\task-tracker-project-router.js:9:9
Fri Oct 04 2024 10:01:52 GMT-0400 (Eastern Daylight Saving Time): Country latvia was not created Error: Country latvia is already taken
    at Object.createCountry (C:\Users\Daniel\Documents\Ontario Tech\Computer Science Thesis Project\task-tracker-server\controllers\consts-lists\country-controller.js:29:71)
    at process.processTicksAndRejections (node:internal/process/task_queues:95:5)
    at async createCountries (C:\Users\Daniel\Documents\Ontario Tech\Computer Science Thesis Project\task-tracker-server\controllers\database-generator\task-tracker-project-controller.js:33:9)
    at async Object.generateDatabase (C:\Users\Daniel\Documents\Ontario Tech\Computer Science Thesis Project\task-tracker-server\controllers\database-generator\task-tracker-project-controller.js:47:5)
    at async C:\Users\Daniel\Documents\Ontario Tech\Computer Science Thesis Project\task-tracker-server\routers\database-generator\task-tracker-project-router.js:9:9
Fri Oct 04 2024 10:01:52 GMT-0400 (Eastern Daylight Saving Time): Country lebanon was not created Error: Country lebanon is already taken
    at Object.createCountry (C:\Users\Daniel\Documents\Ontario Tech\Computer Science Thesis Project\task-tracker-server\controllers\consts-lists\country-controller.js:29:71)
    at process.processTicksAndRejections (node:internal/process/task_queues:95:5)
    at async createCountries (C:\Users\Daniel\Documents\Ontario Tech\Computer Science Thesis Project\task-tracker-server\controllers\database-generator\task-tracker-project-controller.js:33:9)
    at async Object.generateDatabase (C:\Users\Daniel\Documents\Ontario Tech\Computer Science Thesis Project\task-tracker-server\controllers\database-generator\task-tracker-project-controller.js:47:5)
    at async C:\Users\Daniel\Documents\Ontario Tech\Computer Science Thesis Project\task-tracker-server\routers\database-generator\task-tracker-project-router.js:9:9
Fri Oct 04 2024 10:01:52 GMT-0400 (Eastern Daylight Saving Time): Country lesotho was not created Error: Country lesotho is already taken
    at Object.createCountry (C:\Users\Daniel\Documents\Ontario Tech\Computer Science Thesis Project\task-tracker-server\controllers\consts-lists\country-controller.js:29:71)
    at process.processTicksAndRejections (node:internal/process/task_queues:95:5)
    at async createCountries (C:\Users\Daniel\Documents\Ontario Tech\Computer Science Thesis Project\task-tracker-server\controllers\database-generator\task-tracker-project-controller.js:33:9)
    at async Object.generateDatabase (C:\Users\Daniel\Documents\Ontario Tech\Computer Science Thesis Project\task-tracker-server\controllers\database-generator\task-tracker-project-controller.js:47:5)
    at async C:\Users\Daniel\Documents\Ontario Tech\Computer Science Thesis Project\task-tracker-server\routers\database-generator\task-tracker-project-router.js:9:9
Fri Oct 04 2024 10:01:52 GMT-0400 (Eastern Daylight Saving Time): Country liberia was not created Error: Country liberia is already taken
    at Object.createCountry (C:\Users\Daniel\Documents\Ontario Tech\Computer Science Thesis Project\task-tracker-server\controllers\consts-lists\country-controller.js:29:71)
    at process.processTicksAndRejections (node:internal/process/task_queues:95:5)
    at async createCountries (C:\Users\Daniel\Documents\Ontario Tech\Computer Science Thesis Project\task-tracker-server\controllers\database-generator\task-tracker-project-controller.js:33:9)
    at async Object.generateDatabase (C:\Users\Daniel\Documents\Ontario Tech\Computer Science Thesis Project\task-tracker-server\controllers\database-generator\task-tracker-project-controller.js:47:5)
    at async C:\Users\Daniel\Documents\Ontario Tech\Computer Science Thesis Project\task-tracker-server\routers\database-generator\task-tracker-project-router.js:9:9
Fri Oct 04 2024 10:01:52 GMT-0400 (Eastern Daylight Saving Time): Country libya was not created Error: Country libya is already taken
    at Object.createCountry (C:\Users\Daniel\Documents\Ontario Tech\Computer Science Thesis Project\task-tracker-server\controllers\consts-lists\country-controller.js:29:71)
    at process.processTicksAndRejections (node:internal/process/task_queues:95:5)
    at async createCountries (C:\Users\Daniel\Documents\Ontario Tech\Computer Science Thesis Project\task-tracker-server\controllers\database-generator\task-tracker-project-controller.js:33:9)
    at async Object.generateDatabase (C:\Users\Daniel\Documents\Ontario Tech\Computer Science Thesis Project\task-tracker-server\controllers\database-generator\task-tracker-project-controller.js:47:5)
    at async C:\Users\Daniel\Documents\Ontario Tech\Computer Science Thesis Project\task-tracker-server\routers\database-generator\task-tracker-project-router.js:9:9
Fri Oct 04 2024 10:01:52 GMT-0400 (Eastern Daylight Saving Time): Country liechtenstein was not created Error: Country liechtenstein is already taken
    at Object.createCountry (C:\Users\Daniel\Documents\Ontario Tech\Computer Science Thesis Project\task-tracker-server\controllers\consts-lists\country-controller.js:29:71)
    at process.processTicksAndRejections (node:internal/process/task_queues:95:5)
    at async createCountries (C:\Users\Daniel\Documents\Ontario Tech\Computer Science Thesis Project\task-tracker-server\controllers\database-generator\task-tracker-project-controller.js:33:9)
    at async Object.generateDatabase (C:\Users\Daniel\Documents\Ontario Tech\Computer Science Thesis Project\task-tracker-server\controllers\database-generator\task-tracker-project-controller.js:47:5)
    at async C:\Users\Daniel\Documents\Ontario Tech\Computer Science Thesis Project\task-tracker-server\routers\database-generator\task-tracker-project-router.js:9:9
Fri Oct 04 2024 10:01:52 GMT-0400 (Eastern Daylight Saving Time): Country lithuania was not created Error: Country lithuania is already taken
    at Object.createCountry (C:\Users\Daniel\Documents\Ontario Tech\Computer Science Thesis Project\task-tracker-server\controllers\consts-lists\country-controller.js:29:71)
    at process.processTicksAndRejections (node:internal/process/task_queues:95:5)
    at async createCountries (C:\Users\Daniel\Documents\Ontario Tech\Computer Science Thesis Project\task-tracker-server\controllers\database-generator\task-tracker-project-controller.js:33:9)
    at async Object.generateDatabase (C:\Users\Daniel\Documents\Ontario Tech\Computer Science Thesis Project\task-tracker-server\controllers\database-generator\task-tracker-project-controller.js:47:5)
    at async C:\Users\Daniel\Documents\Ontario Tech\Computer Science Thesis Project\task-tracker-server\routers\database-generator\task-tracker-project-router.js:9:9
Fri Oct 04 2024 10:01:52 GMT-0400 (Eastern Daylight Saving Time): Country luxembourg was not created Error: Country luxembourg is already taken
    at Object.createCountry (C:\Users\Daniel\Documents\Ontario Tech\Computer Science Thesis Project\task-tracker-server\controllers\consts-lists\country-controller.js:29:71)
    at process.processTicksAndRejections (node:internal/process/task_queues:95:5)
    at async createCountries (C:\Users\Daniel\Documents\Ontario Tech\Computer Science Thesis Project\task-tracker-server\controllers\database-generator\task-tracker-project-controller.js:33:9)
    at async Object.generateDatabase (C:\Users\Daniel\Documents\Ontario Tech\Computer Science Thesis Project\task-tracker-server\controllers\database-generator\task-tracker-project-controller.js:47:5)
    at async C:\Users\Daniel\Documents\Ontario Tech\Computer Science Thesis Project\task-tracker-server\routers\database-generator\task-tracker-project-router.js:9:9
Fri Oct 04 2024 10:01:52 GMT-0400 (Eastern Daylight Saving Time): Country madagascar was not created Error: Country madagascar is already taken
    at Object.createCountry (C:\Users\Daniel\Documents\Ontario Tech\Computer Science Thesis Project\task-tracker-server\controllers\consts-lists\country-controller.js:29:71)
    at process.processTicksAndRejections (node:internal/process/task_queues:95:5)
    at async createCountries (C:\Users\Daniel\Documents\Ontario Tech\Computer Science Thesis Project\task-tracker-server\controllers\database-generator\task-tracker-project-controller.js:33:9)
    at async Object.generateDatabase (C:\Users\Daniel\Documents\Ontario Tech\Computer Science Thesis Project\task-tracker-server\controllers\database-generator\task-tracker-project-controller.js:47:5)
    at async C:\Users\Daniel\Documents\Ontario Tech\Computer Science Thesis Project\task-tracker-server\routers\database-generator\task-tracker-project-router.js:9:9
Fri Oct 04 2024 10:01:52 GMT-0400 (Eastern Daylight Saving Time): Country malawi was not created Error: Country malawi is already taken
    at Object.createCountry (C:\Users\Daniel\Documents\Ontario Tech\Computer Science Thesis Project\task-tracker-server\controllers\consts-lists\country-controller.js:29:71)
    at process.processTicksAndRejections (node:internal/process/task_queues:95:5)
    at async createCountries (C:\Users\Daniel\Documents\Ontario Tech\Computer Science Thesis Project\task-tracker-server\controllers\database-generator\task-tracker-project-controller.js:33:9)
    at async Object.generateDatabase (C:\Users\Daniel\Documents\Ontario Tech\Computer Science Thesis Project\task-tracker-server\controllers\database-generator\task-tracker-project-controller.js:47:5)
    at async C:\Users\Daniel\Documents\Ontario Tech\Computer Science Thesis Project\task-tracker-server\routers\database-generator\task-tracker-project-router.js:9:9
Fri Oct 04 2024 10:01:52 GMT-0400 (Eastern Daylight Saving Time): Country malaysia was not created Error: Country malaysia is already taken
    at Object.createCountry (C:\Users\Daniel\Documents\Ontario Tech\Computer Science Thesis Project\task-tracker-server\controllers\consts-lists\country-controller.js:29:71)
    at process.processTicksAndRejections (node:internal/process/task_queues:95:5)
    at async createCountries (C:\Users\Daniel\Documents\Ontario Tech\Computer Science Thesis Project\task-tracker-server\controllers\database-generator\task-tracker-project-controller.js:33:9)
    at async Object.generateDatabase (C:\Users\Daniel\Documents\Ontario Tech\Computer Science Thesis Project\task-tracker-server\controllers\database-generator\task-tracker-project-controller.js:47:5)
    at async C:\Users\Daniel\Documents\Ontario Tech\Computer Science Thesis Project\task-tracker-server\routers\database-generator\task-tracker-project-router.js:9:9
Fri Oct 04 2024 10:01:52 GMT-0400 (Eastern Daylight Saving Time): Country maldives was not created Error: Country maldives is already taken
    at Object.createCountry (C:\Users\Daniel\Documents\Ontario Tech\Computer Science Thesis Project\task-tracker-server\controllers\consts-lists\country-controller.js:29:71)
    at process.processTicksAndRejections (node:internal/process/task_queues:95:5)
    at async createCountries (C:\Users\Daniel\Documents\Ontario Tech\Computer Science Thesis Project\task-tracker-server\controllers\database-generator\task-tracker-project-controller.js:33:9)
    at async Object.generateDatabase (C:\Users\Daniel\Documents\Ontario Tech\Computer Science Thesis Project\task-tracker-server\controllers\database-generator\task-tracker-project-controller.js:47:5)
    at async C:\Users\Daniel\Documents\Ontario Tech\Computer Science Thesis Project\task-tracker-server\routers\database-generator\task-tracker-project-router.js:9:9
Fri Oct 04 2024 10:01:52 GMT-0400 (Eastern Daylight Saving Time): Country mali was not created Error: Country mali is already taken
    at Object.createCountry (C:\Users\Daniel\Documents\Ontario Tech\Computer Science Thesis Project\task-tracker-server\controllers\consts-lists\country-controller.js:29:71)
    at process.processTicksAndRejections (node:internal/process/task_queues:95:5)
    at async createCountries (C:\Users\Daniel\Documents\Ontario Tech\Computer Science Thesis Project\task-tracker-server\controllers\database-generator\task-tracker-project-controller.js:33:9)
    at async Object.generateDatabase (C:\Users\Daniel\Documents\Ontario Tech\Computer Science Thesis Project\task-tracker-server\controllers\database-generator\task-tracker-project-controller.js:47:5)
    at async C:\Users\Daniel\Documents\Ontario Tech\Computer Science Thesis Project\task-tracker-server\routers\database-generator\task-tracker-project-router.js:9:9
Fri Oct 04 2024 10:01:52 GMT-0400 (Eastern Daylight Saving Time): Country malta was not created Error: Country malta is already taken
    at Object.createCountry (C:\Users\Daniel\Documents\Ontario Tech\Computer Science Thesis Project\task-tracker-server\controllers\consts-lists\country-controller.js:29:71)
    at process.processTicksAndRejections (node:internal/process/task_queues:95:5)
    at async createCountries (C:\Users\Daniel\Documents\Ontario Tech\Computer Science Thesis Project\task-tracker-server\controllers\database-generator\task-tracker-project-controller.js:33:9)
    at async Object.generateDatabase (C:\Users\Daniel\Documents\Ontario Tech\Computer Science Thesis Project\task-tracker-server\controllers\database-generator\task-tracker-project-controller.js:47:5)
    at async C:\Users\Daniel\Documents\Ontario Tech\Computer Science Thesis Project\task-tracker-server\routers\database-generator\task-tracker-project-router.js:9:9
Fri Oct 04 2024 10:01:52 GMT-0400 (Eastern Daylight Saving Time): Country marshall_islands was not created Error: Country marshall_islands is already taken
    at Object.createCountry (C:\Users\Daniel\Documents\Ontario Tech\Computer Science Thesis Project\task-tracker-server\controllers\consts-lists\country-controller.js:29:71)
    at process.processTicksAndRejections (node:internal/process/task_queues:95:5)
    at async createCountries (C:\Users\Daniel\Documents\Ontario Tech\Computer Science Thesis Project\task-tracker-server\controllers\database-generator\task-tracker-project-controller.js:33:9)
    at async Object.generateDatabase (C:\Users\Daniel\Documents\Ontario Tech\Computer Science Thesis Project\task-tracker-server\controllers\database-generator\task-tracker-project-controller.js:47:5)
    at async C:\Users\Daniel\Documents\Ontario Tech\Computer Science Thesis Project\task-tracker-server\routers\database-generator\task-tracker-project-router.js:9:9
Fri Oct 04 2024 10:01:52 GMT-0400 (Eastern Daylight Saving Time): Country mauritania was not created Error: Country mauritania is already taken
    at Object.createCountry (C:\Users\Daniel\Documents\Ontario Tech\Computer Science Thesis Project\task-tracker-server\controllers\consts-lists\country-controller.js:29:71)
    at process.processTicksAndRejections (node:internal/process/task_queues:95:5)
    at async createCountries (C:\Users\Daniel\Documents\Ontario Tech\Computer Science Thesis Project\task-tracker-server\controllers\database-generator\task-tracker-project-controller.js:33:9)
    at async Object.generateDatabase (C:\Users\Daniel\Documents\Ontario Tech\Computer Science Thesis Project\task-tracker-server\controllers\database-generator\task-tracker-project-controller.js:47:5)
    at async C:\Users\Daniel\Documents\Ontario Tech\Computer Science Thesis Project\task-tracker-server\routers\database-generator\task-tracker-project-router.js:9:9
Fri Oct 04 2024 10:01:52 GMT-0400 (Eastern Daylight Saving Time): Country mauritius was not created Error: Country mauritius is already taken
    at Object.createCountry (C:\Users\Daniel\Documents\Ontario Tech\Computer Science Thesis Project\task-tracker-server\controllers\consts-lists\country-controller.js:29:71)
    at process.processTicksAndRejections (node:internal/process/task_queues:95:5)
    at async createCountries (C:\Users\Daniel\Documents\Ontario Tech\Computer Science Thesis Project\task-tracker-server\controllers\database-generator\task-tracker-project-controller.js:33:9)
    at async Object.generateDatabase (C:\Users\Daniel\Documents\Ontario Tech\Computer Science Thesis Project\task-tracker-server\controllers\database-generator\task-tracker-project-controller.js:47:5)
    at async C:\Users\Daniel\Documents\Ontario Tech\Computer Science Thesis Project\task-tracker-server\routers\database-generator\task-tracker-project-router.js:9:9
Fri Oct 04 2024 10:01:52 GMT-0400 (Eastern Daylight Saving Time): Country mexico was not created Error: Country mexico is already taken
    at Object.createCountry (C:\Users\Daniel\Documents\Ontario Tech\Computer Science Thesis Project\task-tracker-server\controllers\consts-lists\country-controller.js:29:71)
    at process.processTicksAndRejections (node:internal/process/task_queues:95:5)
    at async createCountries (C:\Users\Daniel\Documents\Ontario Tech\Computer Science Thesis Project\task-tracker-server\controllers\database-generator\task-tracker-project-controller.js:33:9)
    at async Object.generateDatabase (C:\Users\Daniel\Documents\Ontario Tech\Computer Science Thesis Project\task-tracker-server\controllers\database-generator\task-tracker-project-controller.js:47:5)
    at async C:\Users\Daniel\Documents\Ontario Tech\Computer Science Thesis Project\task-tracker-server\routers\database-generator\task-tracker-project-router.js:9:9
Fri Oct 04 2024 10:01:52 GMT-0400 (Eastern Daylight Saving Time): Country micronesia was not created Error: Country micronesia is already taken
    at Object.createCountry (C:\Users\Daniel\Documents\Ontario Tech\Computer Science Thesis Project\task-tracker-server\controllers\consts-lists\country-controller.js:29:71)
    at process.processTicksAndRejections (node:internal/process/task_queues:95:5)
    at async createCountries (C:\Users\Daniel\Documents\Ontario Tech\Computer Science Thesis Project\task-tracker-server\controllers\database-generator\task-tracker-project-controller.js:33:9)
    at async Object.generateDatabase (C:\Users\Daniel\Documents\Ontario Tech\Computer Science Thesis Project\task-tracker-server\controllers\database-generator\task-tracker-project-controller.js:47:5)
    at async C:\Users\Daniel\Documents\Ontario Tech\Computer Science Thesis Project\task-tracker-server\routers\database-generator\task-tracker-project-router.js:9:9
Fri Oct 04 2024 10:01:52 GMT-0400 (Eastern Daylight Saving Time): Country moldova was not created Error: Country moldova is already taken
    at Object.createCountry (C:\Users\Daniel\Documents\Ontario Tech\Computer Science Thesis Project\task-tracker-server\controllers\consts-lists\country-controller.js:29:71)
    at process.processTicksAndRejections (node:internal/process/task_queues:95:5)
    at async createCountries (C:\Users\Daniel\Documents\Ontario Tech\Computer Science Thesis Project\task-tracker-server\controllers\database-generator\task-tracker-project-controller.js:33:9)
    at async Object.generateDatabase (C:\Users\Daniel\Documents\Ontario Tech\Computer Science Thesis Project\task-tracker-server\controllers\database-generator\task-tracker-project-controller.js:47:5)
    at async C:\Users\Daniel\Documents\Ontario Tech\Computer Science Thesis Project\task-tracker-server\routers\database-generator\task-tracker-project-router.js:9:9
Fri Oct 04 2024 10:01:52 GMT-0400 (Eastern Daylight Saving Time): Country monaco was not created Error: Country monaco is already taken
    at Object.createCountry (C:\Users\Daniel\Documents\Ontario Tech\Computer Science Thesis Project\task-tracker-server\controllers\consts-lists\country-controller.js:29:71)
    at process.processTicksAndRejections (node:internal/process/task_queues:95:5)
    at async createCountries (C:\Users\Daniel\Documents\Ontario Tech\Computer Science Thesis Project\task-tracker-server\controllers\database-generator\task-tracker-project-controller.js:33:9)
    at async Object.generateDatabase (C:\Users\Daniel\Documents\Ontario Tech\Computer Science Thesis Project\task-tracker-server\controllers\database-generator\task-tracker-project-controller.js:47:5)
    at async C:\Users\Daniel\Documents\Ontario Tech\Computer Science Thesis Project\task-tracker-server\routers\database-generator\task-tracker-project-router.js:9:9
Fri Oct 04 2024 10:01:52 GMT-0400 (Eastern Daylight Saving Time): Country mongolia was not created Error: Country mongolia is already taken
    at Object.createCountry (C:\Users\Daniel\Documents\Ontario Tech\Computer Science Thesis Project\task-tracker-server\controllers\consts-lists\country-controller.js:29:71)
    at process.processTicksAndRejections (node:internal/process/task_queues:95:5)
    at async createCountries (C:\Users\Daniel\Documents\Ontario Tech\Computer Science Thesis Project\task-tracker-server\controllers\database-generator\task-tracker-project-controller.js:33:9)
    at async Object.generateDatabase (C:\Users\Daniel\Documents\Ontario Tech\Computer Science Thesis Project\task-tracker-server\controllers\database-generator\task-tracker-project-controller.js:47:5)
    at async C:\Users\Daniel\Documents\Ontario Tech\Computer Science Thesis Project\task-tracker-server\routers\database-generator\task-tracker-project-router.js:9:9
Fri Oct 04 2024 10:01:52 GMT-0400 (Eastern Daylight Saving Time): Country montenegro was not created Error: Country montenegro is already taken
    at Object.createCountry (C:\Users\Daniel\Documents\Ontario Tech\Computer Science Thesis Project\task-tracker-server\controllers\consts-lists\country-controller.js:29:71)
    at process.processTicksAndRejections (node:internal/process/task_queues:95:5)
    at async createCountries (C:\Users\Daniel\Documents\Ontario Tech\Computer Science Thesis Project\task-tracker-server\controllers\database-generator\task-tracker-project-controller.js:33:9)
    at async Object.generateDatabase (C:\Users\Daniel\Documents\Ontario Tech\Computer Science Thesis Project\task-tracker-server\controllers\database-generator\task-tracker-project-controller.js:47:5)
    at async C:\Users\Daniel\Documents\Ontario Tech\Computer Science Thesis Project\task-tracker-server\routers\database-generator\task-tracker-project-router.js:9:9
Fri Oct 04 2024 10:01:52 GMT-0400 (Eastern Daylight Saving Time): Country morocco was not created Error: Country morocco is already taken
    at Object.createCountry (C:\Users\Daniel\Documents\Ontario Tech\Computer Science Thesis Project\task-tracker-server\controllers\consts-lists\country-controller.js:29:71)
    at process.processTicksAndRejections (node:internal/process/task_queues:95:5)
    at async createCountries (C:\Users\Daniel\Documents\Ontario Tech\Computer Science Thesis Project\task-tracker-server\controllers\database-generator\task-tracker-project-controller.js:33:9)
    at async Object.generateDatabase (C:\Users\Daniel\Documents\Ontario Tech\Computer Science Thesis Project\task-tracker-server\controllers\database-generator\task-tracker-project-controller.js:47:5)
    at async C:\Users\Daniel\Documents\Ontario Tech\Computer Science Thesis Project\task-tracker-server\routers\database-generator\task-tracker-project-router.js:9:9
Fri Oct 04 2024 10:01:52 GMT-0400 (Eastern Daylight Saving Time): Country mozambique was not created Error: Country mozambique is already taken
    at Object.createCountry (C:\Users\Daniel\Documents\Ontario Tech\Computer Science Thesis Project\task-tracker-server\controllers\consts-lists\country-controller.js:29:71)
    at process.processTicksAndRejections (node:internal/process/task_queues:95:5)
    at async createCountries (C:\Users\Daniel\Documents\Ontario Tech\Computer Science Thesis Project\task-tracker-server\controllers\database-generator\task-tracker-project-controller.js:33:9)
    at async Object.generateDatabase (C:\Users\Daniel\Documents\Ontario Tech\Computer Science Thesis Project\task-tracker-server\controllers\database-generator\task-tracker-project-controller.js:47:5)
    at async C:\Users\Daniel\Documents\Ontario Tech\Computer Science Thesis Project\task-tracker-server\routers\database-generator\task-tracker-project-router.js:9:9
Fri Oct 04 2024 10:01:52 GMT-0400 (Eastern Daylight Saving Time): Country myanmar was not created Error: Country myanmar is already taken
    at Object.createCountry (C:\Users\Daniel\Documents\Ontario Tech\Computer Science Thesis Project\task-tracker-server\controllers\consts-lists\country-controller.js:29:71)
    at process.processTicksAndRejections (node:internal/process/task_queues:95:5)
    at async createCountries (C:\Users\Daniel\Documents\Ontario Tech\Computer Science Thesis Project\task-tracker-server\controllers\database-generator\task-tracker-project-controller.js:33:9)
    at async Object.generateDatabase (C:\Users\Daniel\Documents\Ontario Tech\Computer Science Thesis Project\task-tracker-server\controllers\database-generator\task-tracker-project-controller.js:47:5)
    at async C:\Users\Daniel\Documents\Ontario Tech\Computer Science Thesis Project\task-tracker-server\routers\database-generator\task-tracker-project-router.js:9:9
Fri Oct 04 2024 10:01:52 GMT-0400 (Eastern Daylight Saving Time): Country namibia was not created Error: Country namibia is already taken
    at Object.createCountry (C:\Users\Daniel\Documents\Ontario Tech\Computer Science Thesis Project\task-tracker-server\controllers\consts-lists\country-controller.js:29:71)
    at process.processTicksAndRejections (node:internal/process/task_queues:95:5)
    at async createCountries (C:\Users\Daniel\Documents\Ontario Tech\Computer Science Thesis Project\task-tracker-server\controllers\database-generator\task-tracker-project-controller.js:33:9)
    at async Object.generateDatabase (C:\Users\Daniel\Documents\Ontario Tech\Computer Science Thesis Project\task-tracker-server\controllers\database-generator\task-tracker-project-controller.js:47:5)
    at async C:\Users\Daniel\Documents\Ontario Tech\Computer Science Thesis Project\task-tracker-server\routers\database-generator\task-tracker-project-router.js:9:9
Fri Oct 04 2024 10:01:52 GMT-0400 (Eastern Daylight Saving Time): Country nauru was not created Error: Country nauru is already taken
    at Object.createCountry (C:\Users\Daniel\Documents\Ontario Tech\Computer Science Thesis Project\task-tracker-server\controllers\consts-lists\country-controller.js:29:71)
    at process.processTicksAndRejections (node:internal/process/task_queues:95:5)
    at async createCountries (C:\Users\Daniel\Documents\Ontario Tech\Computer Science Thesis Project\task-tracker-server\controllers\database-generator\task-tracker-project-controller.js:33:9)
    at async Object.generateDatabase (C:\Users\Daniel\Documents\Ontario Tech\Computer Science Thesis Project\task-tracker-server\controllers\database-generator\task-tracker-project-controller.js:47:5)
    at async C:\Users\Daniel\Documents\Ontario Tech\Computer Science Thesis Project\task-tracker-server\routers\database-generator\task-tracker-project-router.js:9:9
Fri Oct 04 2024 10:01:52 GMT-0400 (Eastern Daylight Saving Time): Country nepal was not created Error: Country nepal is already taken
    at Object.createCountry (C:\Users\Daniel\Documents\Ontario Tech\Computer Science Thesis Project\task-tracker-server\controllers\consts-lists\country-controller.js:29:71)
    at process.processTicksAndRejections (node:internal/process/task_queues:95:5)
    at async createCountries (C:\Users\Daniel\Documents\Ontario Tech\Computer Science Thesis Project\task-tracker-server\controllers\database-generator\task-tracker-project-controller.js:33:9)
    at async Object.generateDatabase (C:\Users\Daniel\Documents\Ontario Tech\Computer Science Thesis Project\task-tracker-server\controllers\database-generator\task-tracker-project-controller.js:47:5)
    at async C:\Users\Daniel\Documents\Ontario Tech\Computer Science Thesis Project\task-tracker-server\routers\database-generator\task-tracker-project-router.js:9:9
Fri Oct 04 2024 10:01:52 GMT-0400 (Eastern Daylight Saving Time): Country netherlands was not created Error: Country netherlands is already taken
    at Object.createCountry (C:\Users\Daniel\Documents\Ontario Tech\Computer Science Thesis Project\task-tracker-server\controllers\consts-lists\country-controller.js:29:71)
    at process.processTicksAndRejections (node:internal/process/task_queues:95:5)
    at async createCountries (C:\Users\Daniel\Documents\Ontario Tech\Computer Science Thesis Project\task-tracker-server\controllers\database-generator\task-tracker-project-controller.js:33:9)
    at async Object.generateDatabase (C:\Users\Daniel\Documents\Ontario Tech\Computer Science Thesis Project\task-tracker-server\controllers\database-generator\task-tracker-project-controller.js:47:5)
    at async C:\Users\Daniel\Documents\Ontario Tech\Computer Science Thesis Project\task-tracker-server\routers\database-generator\task-tracker-project-router.js:9:9
Fri Oct 04 2024 10:01:52 GMT-0400 (Eastern Daylight Saving Time): Country new_zealand was not created Error: Country new_zealand is already taken
    at Object.createCountry (C:\Users\Daniel\Documents\Ontario Tech\Computer Science Thesis Project\task-tracker-server\controllers\consts-lists\country-controller.js:29:71)
    at process.processTicksAndRejections (node:internal/process/task_queues:95:5)
    at async createCountries (C:\Users\Daniel\Documents\Ontario Tech\Computer Science Thesis Project\task-tracker-server\controllers\database-generator\task-tracker-project-controller.js:33:9)
    at async Object.generateDatabase (C:\Users\Daniel\Documents\Ontario Tech\Computer Science Thesis Project\task-tracker-server\controllers\database-generator\task-tracker-project-controller.js:47:5)
    at async C:\Users\Daniel\Documents\Ontario Tech\Computer Science Thesis Project\task-tracker-server\routers\database-generator\task-tracker-project-router.js:9:9
Fri Oct 04 2024 10:01:52 GMT-0400 (Eastern Daylight Saving Time): Country nicaragua was not created Error: Country nicaragua is already taken
    at Object.createCountry (C:\Users\Daniel\Documents\Ontario Tech\Computer Science Thesis Project\task-tracker-server\controllers\consts-lists\country-controller.js:29:71)
    at process.processTicksAndRejections (node:internal/process/task_queues:95:5)
    at async createCountries (C:\Users\Daniel\Documents\Ontario Tech\Computer Science Thesis Project\task-tracker-server\controllers\database-generator\task-tracker-project-controller.js:33:9)
    at async Object.generateDatabase (C:\Users\Daniel\Documents\Ontario Tech\Computer Science Thesis Project\task-tracker-server\controllers\database-generator\task-tracker-project-controller.js:47:5)
    at async C:\Users\Daniel\Documents\Ontario Tech\Computer Science Thesis Project\task-tracker-server\routers\database-generator\task-tracker-project-router.js:9:9
Fri Oct 04 2024 10:01:52 GMT-0400 (Eastern Daylight Saving Time): Country niger was not created Error: Country niger is already taken
    at Object.createCountry (C:\Users\Daniel\Documents\Ontario Tech\Computer Science Thesis Project\task-tracker-server\controllers\consts-lists\country-controller.js:29:71)
    at process.processTicksAndRejections (node:internal/process/task_queues:95:5)
    at async createCountries (C:\Users\Daniel\Documents\Ontario Tech\Computer Science Thesis Project\task-tracker-server\controllers\database-generator\task-tracker-project-controller.js:33:9)
    at async Object.generateDatabase (C:\Users\Daniel\Documents\Ontario Tech\Computer Science Thesis Project\task-tracker-server\controllers\database-generator\task-tracker-project-controller.js:47:5)
    at async C:\Users\Daniel\Documents\Ontario Tech\Computer Science Thesis Project\task-tracker-server\routers\database-generator\task-tracker-project-router.js:9:9
Fri Oct 04 2024 10:01:52 GMT-0400 (Eastern Daylight Saving Time): Country nigeria was not created Error: Country nigeria is already taken
    at Object.createCountry (C:\Users\Daniel\Documents\Ontario Tech\Computer Science Thesis Project\task-tracker-server\controllers\consts-lists\country-controller.js:29:71)
    at process.processTicksAndRejections (node:internal/process/task_queues:95:5)
    at async createCountries (C:\Users\Daniel\Documents\Ontario Tech\Computer Science Thesis Project\task-tracker-server\controllers\database-generator\task-tracker-project-controller.js:33:9)
    at async Object.generateDatabase (C:\Users\Daniel\Documents\Ontario Tech\Computer Science Thesis Project\task-tracker-server\controllers\database-generator\task-tracker-project-controller.js:47:5)
    at async C:\Users\Daniel\Documents\Ontario Tech\Computer Science Thesis Project\task-tracker-server\routers\database-generator\task-tracker-project-router.js:9:9
Fri Oct 04 2024 10:01:52 GMT-0400 (Eastern Daylight Saving Time): Country north_macedonia was not created Error: Country north_macedonia is already taken
    at Object.createCountry (C:\Users\Daniel\Documents\Ontario Tech\Computer Science Thesis Project\task-tracker-server\controllers\consts-lists\country-controller.js:29:71)
    at process.processTicksAndRejections (node:internal/process/task_queues:95:5)
    at async createCountries (C:\Users\Daniel\Documents\Ontario Tech\Computer Science Thesis Project\task-tracker-server\controllers\database-generator\task-tracker-project-controller.js:33:9)
    at async Object.generateDatabase (C:\Users\Daniel\Documents\Ontario Tech\Computer Science Thesis Project\task-tracker-server\controllers\database-generator\task-tracker-project-controller.js:47:5)
    at async C:\Users\Daniel\Documents\Ontario Tech\Computer Science Thesis Project\task-tracker-server\routers\database-generator\task-tracker-project-router.js:9:9
Fri Oct 04 2024 10:01:52 GMT-0400 (Eastern Daylight Saving Time): Country norway was not created Error: Country norway is already taken
    at Object.createCountry (C:\Users\Daniel\Documents\Ontario Tech\Computer Science Thesis Project\task-tracker-server\controllers\consts-lists\country-controller.js:29:71)
    at process.processTicksAndRejections (node:internal/process/task_queues:95:5)
    at async createCountries (C:\Users\Daniel\Documents\Ontario Tech\Computer Science Thesis Project\task-tracker-server\controllers\database-generator\task-tracker-project-controller.js:33:9)
    at async Object.generateDatabase (C:\Users\Daniel\Documents\Ontario Tech\Computer Science Thesis Project\task-tracker-server\controllers\database-generator\task-tracker-project-controller.js:47:5)
    at async C:\Users\Daniel\Documents\Ontario Tech\Computer Science Thesis Project\task-tracker-server\routers\database-generator\task-tracker-project-router.js:9:9
Fri Oct 04 2024 10:01:52 GMT-0400 (Eastern Daylight Saving Time): Country oman was not created Error: Country oman is already taken
    at Object.createCountry (C:\Users\Daniel\Documents\Ontario Tech\Computer Science Thesis Project\task-tracker-server\controllers\consts-lists\country-controller.js:29:71)
    at process.processTicksAndRejections (node:internal/process/task_queues:95:5)
    at async createCountries (C:\Users\Daniel\Documents\Ontario Tech\Computer Science Thesis Project\task-tracker-server\controllers\database-generator\task-tracker-project-controller.js:33:9)
    at async Object.generateDatabase (C:\Users\Daniel\Documents\Ontario Tech\Computer Science Thesis Project\task-tracker-server\controllers\database-generator\task-tracker-project-controller.js:47:5)
    at async C:\Users\Daniel\Documents\Ontario Tech\Computer Science Thesis Project\task-tracker-server\routers\database-generator\task-tracker-project-router.js:9:9
Fri Oct 04 2024 10:01:52 GMT-0400 (Eastern Daylight Saving Time): Country pakistan was not created Error: Country pakistan is already taken
    at Object.createCountry (C:\Users\Daniel\Documents\Ontario Tech\Computer Science Thesis Project\task-tracker-server\controllers\consts-lists\country-controller.js:29:71)
    at process.processTicksAndRejections (node:internal/process/task_queues:95:5)
    at async createCountries (C:\Users\Daniel\Documents\Ontario Tech\Computer Science Thesis Project\task-tracker-server\controllers\database-generator\task-tracker-project-controller.js:33:9)
    at async Object.generateDatabase (C:\Users\Daniel\Documents\Ontario Tech\Computer Science Thesis Project\task-tracker-server\controllers\database-generator\task-tracker-project-controller.js:47:5)
    at async C:\Users\Daniel\Documents\Ontario Tech\Computer Science Thesis Project\task-tracker-server\routers\database-generator\task-tracker-project-router.js:9:9
Fri Oct 04 2024 10:01:52 GMT-0400 (Eastern Daylight Saving Time): Country palau was not created Error: Country palau is already taken
    at Object.createCountry (C:\Users\Daniel\Documents\Ontario Tech\Computer Science Thesis Project\task-tracker-server\controllers\consts-lists\country-controller.js:29:71)
    at process.processTicksAndRejections (node:internal/process/task_queues:95:5)
    at async createCountries (C:\Users\Daniel\Documents\Ontario Tech\Computer Science Thesis Project\task-tracker-server\controllers\database-generator\task-tracker-project-controller.js:33:9)
    at async Object.generateDatabase (C:\Users\Daniel\Documents\Ontario Tech\Computer Science Thesis Project\task-tracker-server\controllers\database-generator\task-tracker-project-controller.js:47:5)
    at async C:\Users\Daniel\Documents\Ontario Tech\Computer Science Thesis Project\task-tracker-server\routers\database-generator\task-tracker-project-router.js:9:9
Fri Oct 04 2024 10:01:52 GMT-0400 (Eastern Daylight Saving Time): Country panama was not created Error: Country panama is already taken
    at Object.createCountry (C:\Users\Daniel\Documents\Ontario Tech\Computer Science Thesis Project\task-tracker-server\controllers\consts-lists\country-controller.js:29:71)
    at process.processTicksAndRejections (node:internal/process/task_queues:95:5)
    at async createCountries (C:\Users\Daniel\Documents\Ontario Tech\Computer Science Thesis Project\task-tracker-server\controllers\database-generator\task-tracker-project-controller.js:33:9)
    at async Object.generateDatabase (C:\Users\Daniel\Documents\Ontario Tech\Computer Science Thesis Project\task-tracker-server\controllers\database-generator\task-tracker-project-controller.js:47:5)
    at async C:\Users\Daniel\Documents\Ontario Tech\Computer Science Thesis Project\task-tracker-server\routers\database-generator\task-tracker-project-router.js:9:9
Fri Oct 04 2024 10:01:52 GMT-0400 (Eastern Daylight Saving Time): Country papua_new_guinea was not created Error: Country papua_new_guinea is already taken
    at Object.createCountry (C:\Users\Daniel\Documents\Ontario Tech\Computer Science Thesis Project\task-tracker-server\controllers\consts-lists\country-controller.js:29:71)
    at process.processTicksAndRejections (node:internal/process/task_queues:95:5)
    at async createCountries (C:\Users\Daniel\Documents\Ontario Tech\Computer Science Thesis Project\task-tracker-server\controllers\database-generator\task-tracker-project-controller.js:33:9)
    at async Object.generateDatabase (C:\Users\Daniel\Documents\Ontario Tech\Computer Science Thesis Project\task-tracker-server\controllers\database-generator\task-tracker-project-controller.js:47:5)
    at async C:\Users\Daniel\Documents\Ontario Tech\Computer Science Thesis Project\task-tracker-server\routers\database-generator\task-tracker-project-router.js:9:9
Fri Oct 04 2024 10:01:53 GMT-0400 (Eastern Daylight Saving Time): Country paraguay was not created Error: Country paraguay is already taken
    at Object.createCountry (C:\Users\Daniel\Documents\Ontario Tech\Computer Science Thesis Project\task-tracker-server\controllers\consts-lists\country-controller.js:29:71)
    at process.processTicksAndRejections (node:internal/process/task_queues:95:5)
    at async createCountries (C:\Users\Daniel\Documents\Ontario Tech\Computer Science Thesis Project\task-tracker-server\controllers\database-generator\task-tracker-project-controller.js:33:9)
    at async Object.generateDatabase (C:\Users\Daniel\Documents\Ontario Tech\Computer Science Thesis Project\task-tracker-server\controllers\database-generator\task-tracker-project-controller.js:47:5)
    at async C:\Users\Daniel\Documents\Ontario Tech\Computer Science Thesis Project\task-tracker-server\routers\database-generator\task-tracker-project-router.js:9:9
Fri Oct 04 2024 10:01:53 GMT-0400 (Eastern Daylight Saving Time): Country peru was not created Error: Country peru is already taken
    at Object.createCountry (C:\Users\Daniel\Documents\Ontario Tech\Computer Science Thesis Project\task-tracker-server\controllers\consts-lists\country-controller.js:29:71)
    at process.processTicksAndRejections (node:internal/process/task_queues:95:5)
    at async createCountries (C:\Users\Daniel\Documents\Ontario Tech\Computer Science Thesis Project\task-tracker-server\controllers\database-generator\task-tracker-project-controller.js:33:9)
    at async Object.generateDatabase (C:\Users\Daniel\Documents\Ontario Tech\Computer Science Thesis Project\task-tracker-server\controllers\database-generator\task-tracker-project-controller.js:47:5)
    at async C:\Users\Daniel\Documents\Ontario Tech\Computer Science Thesis Project\task-tracker-server\routers\database-generator\task-tracker-project-router.js:9:9
Fri Oct 04 2024 10:01:53 GMT-0400 (Eastern Daylight Saving Time): Country philippines was not created Error: Country philippines is already taken
    at Object.createCountry (C:\Users\Daniel\Documents\Ontario Tech\Computer Science Thesis Project\task-tracker-server\controllers\consts-lists\country-controller.js:29:71)
    at process.processTicksAndRejections (node:internal/process/task_queues:95:5)
    at async createCountries (C:\Users\Daniel\Documents\Ontario Tech\Computer Science Thesis Project\task-tracker-server\controllers\database-generator\task-tracker-project-controller.js:33:9)
    at async Object.generateDatabase (C:\Users\Daniel\Documents\Ontario Tech\Computer Science Thesis Project\task-tracker-server\controllers\database-generator\task-tracker-project-controller.js:47:5)
    at async C:\Users\Daniel\Documents\Ontario Tech\Computer Science Thesis Project\task-tracker-server\routers\database-generator\task-tracker-project-router.js:9:9
Fri Oct 04 2024 10:01:53 GMT-0400 (Eastern Daylight Saving Time): Country poland was not created Error: Country poland is already taken
    at Object.createCountry (C:\Users\Daniel\Documents\Ontario Tech\Computer Science Thesis Project\task-tracker-server\controllers\consts-lists\country-controller.js:29:71)
    at process.processTicksAndRejections (node:internal/process/task_queues:95:5)
    at async createCountries (C:\Users\Daniel\Documents\Ontario Tech\Computer Science Thesis Project\task-tracker-server\controllers\database-generator\task-tracker-project-controller.js:33:9)
    at async Object.generateDatabase (C:\Users\Daniel\Documents\Ontario Tech\Computer Science Thesis Project\task-tracker-server\controllers\database-generator\task-tracker-project-controller.js:47:5)
    at async C:\Users\Daniel\Documents\Ontario Tech\Computer Science Thesis Project\task-tracker-server\routers\database-generator\task-tracker-project-router.js:9:9
Fri Oct 04 2024 10:01:53 GMT-0400 (Eastern Daylight Saving Time): Country portugal was not created Error: Country portugal is already taken
    at Object.createCountry (C:\Users\Daniel\Documents\Ontario Tech\Computer Science Thesis Project\task-tracker-server\controllers\consts-lists\country-controller.js:29:71)
    at process.processTicksAndRejections (node:internal/process/task_queues:95:5)
    at async createCountries (C:\Users\Daniel\Documents\Ontario Tech\Computer Science Thesis Project\task-tracker-server\controllers\database-generator\task-tracker-project-controller.js:33:9)
    at async Object.generateDatabase (C:\Users\Daniel\Documents\Ontario Tech\Computer Science Thesis Project\task-tracker-server\controllers\database-generator\task-tracker-project-controller.js:47:5)
    at async C:\Users\Daniel\Documents\Ontario Tech\Computer Science Thesis Project\task-tracker-server\routers\database-generator\task-tracker-project-router.js:9:9
Fri Oct 04 2024 10:01:53 GMT-0400 (Eastern Daylight Saving Time): Country qatar was not created Error: Country qatar is already taken
    at Object.createCountry (C:\Users\Daniel\Documents\Ontario Tech\Computer Science Thesis Project\task-tracker-server\controllers\consts-lists\country-controller.js:29:71)
    at process.processTicksAndRejections (node:internal/process/task_queues:95:5)
    at async createCountries (C:\Users\Daniel\Documents\Ontario Tech\Computer Science Thesis Project\task-tracker-server\controllers\database-generator\task-tracker-project-controller.js:33:9)
    at async Object.generateDatabase (C:\Users\Daniel\Documents\Ontario Tech\Computer Science Thesis Project\task-tracker-server\controllers\database-generator\task-tracker-project-controller.js:47:5)
    at async C:\Users\Daniel\Documents\Ontario Tech\Computer Science Thesis Project\task-tracker-server\routers\database-generator\task-tracker-project-router.js:9:9
Fri Oct 04 2024 10:01:53 GMT-0400 (Eastern Daylight Saving Time): Country romania was not created Error: Country romania is already taken
    at Object.createCountry (C:\Users\Daniel\Documents\Ontario Tech\Computer Science Thesis Project\task-tracker-server\controllers\consts-lists\country-controller.js:29:71)
    at process.processTicksAndRejections (node:internal/process/task_queues:95:5)
    at async createCountries (C:\Users\Daniel\Documents\Ontario Tech\Computer Science Thesis Project\task-tracker-server\controllers\database-generator\task-tracker-project-controller.js:33:9)
    at async Object.generateDatabase (C:\Users\Daniel\Documents\Ontario Tech\Computer Science Thesis Project\task-tracker-server\controllers\database-generator\task-tracker-project-controller.js:47:5)
    at async C:\Users\Daniel\Documents\Ontario Tech\Computer Science Thesis Project\task-tracker-server\routers\database-generator\task-tracker-project-router.js:9:9
Fri Oct 04 2024 10:01:53 GMT-0400 (Eastern Daylight Saving Time): Country russia was not created Error: Country russia is already taken
    at Object.createCountry (C:\Users\Daniel\Documents\Ontario Tech\Computer Science Thesis Project\task-tracker-server\controllers\consts-lists\country-controller.js:29:71)
    at process.processTicksAndRejections (node:internal/process/task_queues:95:5)
    at async createCountries (C:\Users\Daniel\Documents\Ontario Tech\Computer Science Thesis Project\task-tracker-server\controllers\database-generator\task-tracker-project-controller.js:33:9)
    at async Object.generateDatabase (C:\Users\Daniel\Documents\Ontario Tech\Computer Science Thesis Project\task-tracker-server\controllers\database-generator\task-tracker-project-controller.js:47:5)
    at async C:\Users\Daniel\Documents\Ontario Tech\Computer Science Thesis Project\task-tracker-server\routers\database-generator\task-tracker-project-router.js:9:9
Fri Oct 04 2024 10:01:53 GMT-0400 (Eastern Daylight Saving Time): Country rwanda was not created Error: Country rwanda is already taken
    at Object.createCountry (C:\Users\Daniel\Documents\Ontario Tech\Computer Science Thesis Project\task-tracker-server\controllers\consts-lists\country-controller.js:29:71)
    at process.processTicksAndRejections (node:internal/process/task_queues:95:5)
    at async createCountries (C:\Users\Daniel\Documents\Ontario Tech\Computer Science Thesis Project\task-tracker-server\controllers\database-generator\task-tracker-project-controller.js:33:9)
    at async Object.generateDatabase (C:\Users\Daniel\Documents\Ontario Tech\Computer Science Thesis Project\task-tracker-server\controllers\database-generator\task-tracker-project-controller.js:47:5)
    at async C:\Users\Daniel\Documents\Ontario Tech\Computer Science Thesis Project\task-tracker-server\routers\database-generator\task-tracker-project-router.js:9:9
Fri Oct 04 2024 10:01:53 GMT-0400 (Eastern Daylight Saving Time): Country saint_kitts_and_nevis was not created Error: Country saint_kitts_and_nevis is already taken
    at Object.createCountry (C:\Users\Daniel\Documents\Ontario Tech\Computer Science Thesis Project\task-tracker-server\controllers\consts-lists\country-controller.js:29:71)
    at process.processTicksAndRejections (node:internal/process/task_queues:95:5)
    at async createCountries (C:\Users\Daniel\Documents\Ontario Tech\Computer Science Thesis Project\task-tracker-server\controllers\database-generator\task-tracker-project-controller.js:33:9)
    at async Object.generateDatabase (C:\Users\Daniel\Documents\Ontario Tech\Computer Science Thesis Project\task-tracker-server\controllers\database-generator\task-tracker-project-controller.js:47:5)
    at async C:\Users\Daniel\Documents\Ontario Tech\Computer Science Thesis Project\task-tracker-server\routers\database-generator\task-tracker-project-router.js:9:9
Fri Oct 04 2024 10:01:53 GMT-0400 (Eastern Daylight Saving Time): Country saint_lucia was not created Error: Country saint_lucia is already taken
    at Object.createCountry (C:\Users\Daniel\Documents\Ontario Tech\Computer Science Thesis Project\task-tracker-server\controllers\consts-lists\country-controller.js:29:71)
    at process.processTicksAndRejections (node:internal/process/task_queues:95:5)
    at async createCountries (C:\Users\Daniel\Documents\Ontario Tech\Computer Science Thesis Project\task-tracker-server\controllers\database-generator\task-tracker-project-controller.js:33:9)
    at async Object.generateDatabase (C:\Users\Daniel\Documents\Ontario Tech\Computer Science Thesis Project\task-tracker-server\controllers\database-generator\task-tracker-project-controller.js:47:5)
    at async C:\Users\Daniel\Documents\Ontario Tech\Computer Science Thesis Project\task-tracker-server\routers\database-generator\task-tracker-project-router.js:9:9
Fri Oct 04 2024 10:01:53 GMT-0400 (Eastern Daylight Saving Time): Country saint_vincent_and_the_grenadines was not created Error: Country saint_vincent_and_the_grenadines is already taken
    at Object.createCountry (C:\Users\Daniel\Documents\Ontario Tech\Computer Science Thesis Project\task-tracker-server\controllers\consts-lists\country-controller.js:29:71)
    at process.processTicksAndRejections (node:internal/process/task_queues:95:5)
    at async createCountries (C:\Users\Daniel\Documents\Ontario Tech\Computer Science Thesis Project\task-tracker-server\controllers\database-generator\task-tracker-project-controller.js:33:9)
    at async Object.generateDatabase (C:\Users\Daniel\Documents\Ontario Tech\Computer Science Thesis Project\task-tracker-server\controllers\database-generator\task-tracker-project-controller.js:47:5)
    at async C:\Users\Daniel\Documents\Ontario Tech\Computer Science Thesis Project\task-tracker-server\routers\database-generator\task-tracker-project-router.js:9:9
Fri Oct 04 2024 10:01:53 GMT-0400 (Eastern Daylight Saving Time): Country samoa was not created Error: Country samoa is already taken
    at Object.createCountry (C:\Users\Daniel\Documents\Ontario Tech\Computer Science Thesis Project\task-tracker-server\controllers\consts-lists\country-controller.js:29:71)
    at process.processTicksAndRejections (node:internal/process/task_queues:95:5)
    at async createCountries (C:\Users\Daniel\Documents\Ontario Tech\Computer Science Thesis Project\task-tracker-server\controllers\database-generator\task-tracker-project-controller.js:33:9)
    at async Object.generateDatabase (C:\Users\Daniel\Documents\Ontario Tech\Computer Science Thesis Project\task-tracker-server\controllers\database-generator\task-tracker-project-controller.js:47:5)
    at async C:\Users\Daniel\Documents\Ontario Tech\Computer Science Thesis Project\task-tracker-server\routers\database-generator\task-tracker-project-router.js:9:9
Fri Oct 04 2024 10:01:53 GMT-0400 (Eastern Daylight Saving Time): Country san_marino was not created Error: Country san_marino is already taken
    at Object.createCountry (C:\Users\Daniel\Documents\Ontario Tech\Computer Science Thesis Project\task-tracker-server\controllers\consts-lists\country-controller.js:29:71)
    at process.processTicksAndRejections (node:internal/process/task_queues:95:5)
    at async createCountries (C:\Users\Daniel\Documents\Ontario Tech\Computer Science Thesis Project\task-tracker-server\controllers\database-generator\task-tracker-project-controller.js:33:9)
    at async Object.generateDatabase (C:\Users\Daniel\Documents\Ontario Tech\Computer Science Thesis Project\task-tracker-server\controllers\database-generator\task-tracker-project-controller.js:47:5)
    at async C:\Users\Daniel\Documents\Ontario Tech\Computer Science Thesis Project\task-tracker-server\routers\database-generator\task-tracker-project-router.js:9:9
Fri Oct 04 2024 10:01:53 GMT-0400 (Eastern Daylight Saving Time): Country sao_tome_and_principe was not created Error: Country sao_tome_and_principe is already taken
    at Object.createCountry (C:\Users\Daniel\Documents\Ontario Tech\Computer Science Thesis Project\task-tracker-server\controllers\consts-lists\country-controller.js:29:71)
    at process.processTicksAndRejections (node:internal/process/task_queues:95:5)
    at async createCountries (C:\Users\Daniel\Documents\Ontario Tech\Computer Science Thesis Project\task-tracker-server\controllers\database-generator\task-tracker-project-controller.js:33:9)
    at async Object.generateDatabase (C:\Users\Daniel\Documents\Ontario Tech\Computer Science Thesis Project\task-tracker-server\controllers\database-generator\task-tracker-project-controller.js:47:5)
    at async C:\Users\Daniel\Documents\Ontario Tech\Computer Science Thesis Project\task-tracker-server\routers\database-generator\task-tracker-project-router.js:9:9
Fri Oct 04 2024 10:01:53 GMT-0400 (Eastern Daylight Saving Time): Country saudi_arabia was not created Error: Country saudi_arabia is already taken
    at Object.createCountry (C:\Users\Daniel\Documents\Ontario Tech\Computer Science Thesis Project\task-tracker-server\controllers\consts-lists\country-controller.js:29:71)
    at process.processTicksAndRejections (node:internal/process/task_queues:95:5)
    at async createCountries (C:\Users\Daniel\Documents\Ontario Tech\Computer Science Thesis Project\task-tracker-server\controllers\database-generator\task-tracker-project-controller.js:33:9)
    at async Object.generateDatabase (C:\Users\Daniel\Documents\Ontario Tech\Computer Science Thesis Project\task-tracker-server\controllers\database-generator\task-tracker-project-controller.js:47:5)
    at async C:\Users\Daniel\Documents\Ontario Tech\Computer Science Thesis Project\task-tracker-server\routers\database-generator\task-tracker-project-router.js:9:9
Fri Oct 04 2024 10:01:53 GMT-0400 (Eastern Daylight Saving Time): Country senegal was not created Error: Country senegal is already taken
    at Object.createCountry (C:\Users\Daniel\Documents\Ontario Tech\Computer Science Thesis Project\task-tracker-server\controllers\consts-lists\country-controller.js:29:71)
    at process.processTicksAndRejections (node:internal/process/task_queues:95:5)
    at async createCountries (C:\Users\Daniel\Documents\Ontario Tech\Computer Science Thesis Project\task-tracker-server\controllers\database-generator\task-tracker-project-controller.js:33:9)
    at async Object.generateDatabase (C:\Users\Daniel\Documents\Ontario Tech\Computer Science Thesis Project\task-tracker-server\controllers\database-generator\task-tracker-project-controller.js:47:5)
    at async C:\Users\Daniel\Documents\Ontario Tech\Computer Science Thesis Project\task-tracker-server\routers\database-generator\task-tracker-project-router.js:9:9
Fri Oct 04 2024 10:01:53 GMT-0400 (Eastern Daylight Saving Time): Country serbia was not created Error: Country serbia is already taken
    at Object.createCountry (C:\Users\Daniel\Documents\Ontario Tech\Computer Science Thesis Project\task-tracker-server\controllers\consts-lists\country-controller.js:29:71)
    at process.processTicksAndRejections (node:internal/process/task_queues:95:5)
    at async createCountries (C:\Users\Daniel\Documents\Ontario Tech\Computer Science Thesis Project\task-tracker-server\controllers\database-generator\task-tracker-project-controller.js:33:9)
    at async Object.generateDatabase (C:\Users\Daniel\Documents\Ontario Tech\Computer Science Thesis Project\task-tracker-server\controllers\database-generator\task-tracker-project-controller.js:47:5)
    at async C:\Users\Daniel\Documents\Ontario Tech\Computer Science Thesis Project\task-tracker-server\routers\database-generator\task-tracker-project-router.js:9:9
Fri Oct 04 2024 10:01:53 GMT-0400 (Eastern Daylight Saving Time): Country seychelles was not created Error: Country seychelles is already taken
    at Object.createCountry (C:\Users\Daniel\Documents\Ontario Tech\Computer Science Thesis Project\task-tracker-server\controllers\consts-lists\country-controller.js:29:71)
    at process.processTicksAndRejections (node:internal/process/task_queues:95:5)
    at async createCountries (C:\Users\Daniel\Documents\Ontario Tech\Computer Science Thesis Project\task-tracker-server\controllers\database-generator\task-tracker-project-controller.js:33:9)
    at async Object.generateDatabase (C:\Users\Daniel\Documents\Ontario Tech\Computer Science Thesis Project\task-tracker-server\controllers\database-generator\task-tracker-project-controller.js:47:5)
    at async C:\Users\Daniel\Documents\Ontario Tech\Computer Science Thesis Project\task-tracker-server\routers\database-generator\task-tracker-project-router.js:9:9
Fri Oct 04 2024 10:01:53 GMT-0400 (Eastern Daylight Saving Time): Country sierra_leone was not created Error: Country sierra_leone is already taken
    at Object.createCountry (C:\Users\Daniel\Documents\Ontario Tech\Computer Science Thesis Project\task-tracker-server\controllers\consts-lists\country-controller.js:29:71)
    at process.processTicksAndRejections (node:internal/process/task_queues:95:5)
    at async createCountries (C:\Users\Daniel\Documents\Ontario Tech\Computer Science Thesis Project\task-tracker-server\controllers\database-generator\task-tracker-project-controller.js:33:9)
    at async Object.generateDatabase (C:\Users\Daniel\Documents\Ontario Tech\Computer Science Thesis Project\task-tracker-server\controllers\database-generator\task-tracker-project-controller.js:47:5)
    at async C:\Users\Daniel\Documents\Ontario Tech\Computer Science Thesis Project\task-tracker-server\routers\database-generator\task-tracker-project-router.js:9:9
Fri Oct 04 2024 10:01:53 GMT-0400 (Eastern Daylight Saving Time): Country singapore was not created Error: Country singapore is already taken
    at Object.createCountry (C:\Users\Daniel\Documents\Ontario Tech\Computer Science Thesis Project\task-tracker-server\controllers\consts-lists\country-controller.js:29:71)
    at process.processTicksAndRejections (node:internal/process/task_queues:95:5)
    at async createCountries (C:\Users\Daniel\Documents\Ontario Tech\Computer Science Thesis Project\task-tracker-server\controllers\database-generator\task-tracker-project-controller.js:33:9)
    at async Object.generateDatabase (C:\Users\Daniel\Documents\Ontario Tech\Computer Science Thesis Project\task-tracker-server\controllers\database-generator\task-tracker-project-controller.js:47:5)
    at async C:\Users\Daniel\Documents\Ontario Tech\Computer Science Thesis Project\task-tracker-server\routers\database-generator\task-tracker-project-router.js:9:9
Fri Oct 04 2024 10:01:53 GMT-0400 (Eastern Daylight Saving Time): Country slovakia was not created Error: Country slovakia is already taken
    at Object.createCountry (C:\Users\Daniel\Documents\Ontario Tech\Computer Science Thesis Project\task-tracker-server\controllers\consts-lists\country-controller.js:29:71)
    at process.processTicksAndRejections (node:internal/process/task_queues:95:5)
    at async createCountries (C:\Users\Daniel\Documents\Ontario Tech\Computer Science Thesis Project\task-tracker-server\controllers\database-generator\task-tracker-project-controller.js:33:9)
    at async Object.generateDatabase (C:\Users\Daniel\Documents\Ontario Tech\Computer Science Thesis Project\task-tracker-server\controllers\database-generator\task-tracker-project-controller.js:47:5)
    at async C:\Users\Daniel\Documents\Ontario Tech\Computer Science Thesis Project\task-tracker-server\routers\database-generator\task-tracker-project-router.js:9:9
Fri Oct 04 2024 10:01:53 GMT-0400 (Eastern Daylight Saving Time): Country slovenia was not created Error: Country slovenia is already taken
    at Object.createCountry (C:\Users\Daniel\Documents\Ontario Tech\Computer Science Thesis Project\task-tracker-server\controllers\consts-lists\country-controller.js:29:71)
    at process.processTicksAndRejections (node:internal/process/task_queues:95:5)
    at async createCountries (C:\Users\Daniel\Documents\Ontario Tech\Computer Science Thesis Project\task-tracker-server\controllers\database-generator\task-tracker-project-controller.js:33:9)
    at async Object.generateDatabase (C:\Users\Daniel\Documents\Ontario Tech\Computer Science Thesis Project\task-tracker-server\controllers\database-generator\task-tracker-project-controller.js:47:5)
    at async C:\Users\Daniel\Documents\Ontario Tech\Computer Science Thesis Project\task-tracker-server\routers\database-generator\task-tracker-project-router.js:9:9
Fri Oct 04 2024 10:01:53 GMT-0400 (Eastern Daylight Saving Time): Country solomon_islands was not created Error: Country solomon_islands is already taken
    at Object.createCountry (C:\Users\Daniel\Documents\Ontario Tech\Computer Science Thesis Project\task-tracker-server\controllers\consts-lists\country-controller.js:29:71)
    at process.processTicksAndRejections (node:internal/process/task_queues:95:5)
    at async createCountries (C:\Users\Daniel\Documents\Ontario Tech\Computer Science Thesis Project\task-tracker-server\controllers\database-generator\task-tracker-project-controller.js:33:9)
    at async Object.generateDatabase (C:\Users\Daniel\Documents\Ontario Tech\Computer Science Thesis Project\task-tracker-server\controllers\database-generator\task-tracker-project-controller.js:47:5)
    at async C:\Users\Daniel\Documents\Ontario Tech\Computer Science Thesis Project\task-tracker-server\routers\database-generator\task-tracker-project-router.js:9:9
Fri Oct 04 2024 10:01:53 GMT-0400 (Eastern Daylight Saving Time): Country somalia was not created Error: Country somalia is already taken
    at Object.createCountry (C:\Users\Daniel\Documents\Ontario Tech\Computer Science Thesis Project\task-tracker-server\controllers\consts-lists\country-controller.js:29:71)
    at process.processTicksAndRejections (node:internal/process/task_queues:95:5)
    at async createCountries (C:\Users\Daniel\Documents\Ontario Tech\Computer Science Thesis Project\task-tracker-server\controllers\database-generator\task-tracker-project-controller.js:33:9)
    at async Object.generateDatabase (C:\Users\Daniel\Documents\Ontario Tech\Computer Science Thesis Project\task-tracker-server\controllers\database-generator\task-tracker-project-controller.js:47:5)
    at async C:\Users\Daniel\Documents\Ontario Tech\Computer Science Thesis Project\task-tracker-server\routers\database-generator\task-tracker-project-router.js:9:9
Fri Oct 04 2024 10:01:53 GMT-0400 (Eastern Daylight Saving Time): Country south_africa was not created Error: Country south_africa is already taken
    at Object.createCountry (C:\Users\Daniel\Documents\Ontario Tech\Computer Science Thesis Project\task-tracker-server\controllers\consts-lists\country-controller.js:29:71)
    at process.processTicksAndRejections (node:internal/process/task_queues:95:5)
    at async createCountries (C:\Users\Daniel\Documents\Ontario Tech\Computer Science Thesis Project\task-tracker-server\controllers\database-generator\task-tracker-project-controller.js:33:9)
    at async Object.generateDatabase (C:\Users\Daniel\Documents\Ontario Tech\Computer Science Thesis Project\task-tracker-server\controllers\database-generator\task-tracker-project-controller.js:47:5)
    at async C:\Users\Daniel\Documents\Ontario Tech\Computer Science Thesis Project\task-tracker-server\routers\database-generator\task-tracker-project-router.js:9:9
Fri Oct 04 2024 10:01:53 GMT-0400 (Eastern Daylight Saving Time): Country spain was not created Error: Country spain is already taken
    at Object.createCountry (C:\Users\Daniel\Documents\Ontario Tech\Computer Science Thesis Project\task-tracker-server\controllers\consts-lists\country-controller.js:29:71)
    at process.processTicksAndRejections (node:internal/process/task_queues:95:5)
    at async createCountries (C:\Users\Daniel\Documents\Ontario Tech\Computer Science Thesis Project\task-tracker-server\controllers\database-generator\task-tracker-project-controller.js:33:9)
    at async Object.generateDatabase (C:\Users\Daniel\Documents\Ontario Tech\Computer Science Thesis Project\task-tracker-server\controllers\database-generator\task-tracker-project-controller.js:47:5)
    at async C:\Users\Daniel\Documents\Ontario Tech\Computer Science Thesis Project\task-tracker-server\routers\database-generator\task-tracker-project-router.js:9:9
Fri Oct 04 2024 10:01:53 GMT-0400 (Eastern Daylight Saving Time): Country sri_lanka was not created Error: Country sri_lanka is already taken
    at Object.createCountry (C:\Users\Daniel\Documents\Ontario Tech\Computer Science Thesis Project\task-tracker-server\controllers\consts-lists\country-controller.js:29:71)
    at process.processTicksAndRejections (node:internal/process/task_queues:95:5)
    at async createCountries (C:\Users\Daniel\Documents\Ontario Tech\Computer Science Thesis Project\task-tracker-server\controllers\database-generator\task-tracker-project-controller.js:33:9)
    at async Object.generateDatabase (C:\Users\Daniel\Documents\Ontario Tech\Computer Science Thesis Project\task-tracker-server\controllers\database-generator\task-tracker-project-controller.js:47:5)
    at async C:\Users\Daniel\Documents\Ontario Tech\Computer Science Thesis Project\task-tracker-server\routers\database-generator\task-tracker-project-router.js:9:9
Fri Oct 04 2024 10:01:53 GMT-0400 (Eastern Daylight Saving Time): Country sudan was not created Error: Country sudan is already taken
    at Object.createCountry (C:\Users\Daniel\Documents\Ontario Tech\Computer Science Thesis Project\task-tracker-server\controllers\consts-lists\country-controller.js:29:71)
    at process.processTicksAndRejections (node:internal/process/task_queues:95:5)
    at async createCountries (C:\Users\Daniel\Documents\Ontario Tech\Computer Science Thesis Project\task-tracker-server\controllers\database-generator\task-tracker-project-controller.js:33:9)
    at async Object.generateDatabase (C:\Users\Daniel\Documents\Ontario Tech\Computer Science Thesis Project\task-tracker-server\controllers\database-generator\task-tracker-project-controller.js:47:5)
    at async C:\Users\Daniel\Documents\Ontario Tech\Computer Science Thesis Project\task-tracker-server\routers\database-generator\task-tracker-project-router.js:9:9
Fri Oct 04 2024 10:01:53 GMT-0400 (Eastern Daylight Saving Time): Country sudan,_south was not created Error: Country sudan,_south is already taken
    at Object.createCountry (C:\Users\Daniel\Documents\Ontario Tech\Computer Science Thesis Project\task-tracker-server\controllers\consts-lists\country-controller.js:29:71)
    at process.processTicksAndRejections (node:internal/process/task_queues:95:5)
    at async createCountries (C:\Users\Daniel\Documents\Ontario Tech\Computer Science Thesis Project\task-tracker-server\controllers\database-generator\task-tracker-project-controller.js:33:9)
    at async Object.generateDatabase (C:\Users\Daniel\Documents\Ontario Tech\Computer Science Thesis Project\task-tracker-server\controllers\database-generator\task-tracker-project-controller.js:47:5)
    at async C:\Users\Daniel\Documents\Ontario Tech\Computer Science Thesis Project\task-tracker-server\routers\database-generator\task-tracker-project-router.js:9:9
Fri Oct 04 2024 10:01:53 GMT-0400 (Eastern Daylight Saving Time): Country suriname was not created Error: Country suriname is already taken
    at Object.createCountry (C:\Users\Daniel\Documents\Ontario Tech\Computer Science Thesis Project\task-tracker-server\controllers\consts-lists\country-controller.js:29:71)
    at process.processTicksAndRejections (node:internal/process/task_queues:95:5)
    at async createCountries (C:\Users\Daniel\Documents\Ontario Tech\Computer Science Thesis Project\task-tracker-server\controllers\database-generator\task-tracker-project-controller.js:33:9)
    at async Object.generateDatabase (C:\Users\Daniel\Documents\Ontario Tech\Computer Science Thesis Project\task-tracker-server\controllers\database-generator\task-tracker-project-controller.js:47:5)
    at async C:\Users\Daniel\Documents\Ontario Tech\Computer Science Thesis Project\task-tracker-server\routers\database-generator\task-tracker-project-router.js:9:9
Fri Oct 04 2024 10:01:53 GMT-0400 (Eastern Daylight Saving Time): Country sweden was not created Error: Country sweden is already taken
    at Object.createCountry (C:\Users\Daniel\Documents\Ontario Tech\Computer Science Thesis Project\task-tracker-server\controllers\consts-lists\country-controller.js:29:71)
    at process.processTicksAndRejections (node:internal/process/task_queues:95:5)
    at async createCountries (C:\Users\Daniel\Documents\Ontario Tech\Computer Science Thesis Project\task-tracker-server\controllers\database-generator\task-tracker-project-controller.js:33:9)
    at async Object.generateDatabase (C:\Users\Daniel\Documents\Ontario Tech\Computer Science Thesis Project\task-tracker-server\controllers\database-generator\task-tracker-project-controller.js:47:5)
    at async C:\Users\Daniel\Documents\Ontario Tech\Computer Science Thesis Project\task-tracker-server\routers\database-generator\task-tracker-project-router.js:9:9
Fri Oct 04 2024 10:01:53 GMT-0400 (Eastern Daylight Saving Time): Country switzerland was not created Error: Country switzerland is already taken
    at Object.createCountry (C:\Users\Daniel\Documents\Ontario Tech\Computer Science Thesis Project\task-tracker-server\controllers\consts-lists\country-controller.js:29:71)
    at process.processTicksAndRejections (node:internal/process/task_queues:95:5)
    at async createCountries (C:\Users\Daniel\Documents\Ontario Tech\Computer Science Thesis Project\task-tracker-server\controllers\database-generator\task-tracker-project-controller.js:33:9)
    at async Object.generateDatabase (C:\Users\Daniel\Documents\Ontario Tech\Computer Science Thesis Project\task-tracker-server\controllers\database-generator\task-tracker-project-controller.js:47:5)
    at async C:\Users\Daniel\Documents\Ontario Tech\Computer Science Thesis Project\task-tracker-server\routers\database-generator\task-tracker-project-router.js:9:9
Fri Oct 04 2024 10:01:53 GMT-0400 (Eastern Daylight Saving Time): Country syria was not created Error: Country syria is already taken
    at Object.createCountry (C:\Users\Daniel\Documents\Ontario Tech\Computer Science Thesis Project\task-tracker-server\controllers\consts-lists\country-controller.js:29:71)
    at process.processTicksAndRejections (node:internal/process/task_queues:95:5)
    at async createCountries (C:\Users\Daniel\Documents\Ontario Tech\Computer Science Thesis Project\task-tracker-server\controllers\database-generator\task-tracker-project-controller.js:33:9)
    at async Object.generateDatabase (C:\Users\Daniel\Documents\Ontario Tech\Computer Science Thesis Project\task-tracker-server\controllers\database-generator\task-tracker-project-controller.js:47:5)
    at async C:\Users\Daniel\Documents\Ontario Tech\Computer Science Thesis Project\task-tracker-server\routers\database-generator\task-tracker-project-router.js:9:9
Fri Oct 04 2024 10:01:53 GMT-0400 (Eastern Daylight Saving Time): Country taiwan was not created Error: Country taiwan is already taken
    at Object.createCountry (C:\Users\Daniel\Documents\Ontario Tech\Computer Science Thesis Project\task-tracker-server\controllers\consts-lists\country-controller.js:29:71)
    at process.processTicksAndRejections (node:internal/process/task_queues:95:5)
    at async createCountries (C:\Users\Daniel\Documents\Ontario Tech\Computer Science Thesis Project\task-tracker-server\controllers\database-generator\task-tracker-project-controller.js:33:9)
    at async Object.generateDatabase (C:\Users\Daniel\Documents\Ontario Tech\Computer Science Thesis Project\task-tracker-server\controllers\database-generator\task-tracker-project-controller.js:47:5)
    at async C:\Users\Daniel\Documents\Ontario Tech\Computer Science Thesis Project\task-tracker-server\routers\database-generator\task-tracker-project-router.js:9:9
Fri Oct 04 2024 10:01:53 GMT-0400 (Eastern Daylight Saving Time): Country tajikistan was not created Error: Country tajikistan is already taken
    at Object.createCountry (C:\Users\Daniel\Documents\Ontario Tech\Computer Science Thesis Project\task-tracker-server\controllers\consts-lists\country-controller.js:29:71)
    at process.processTicksAndRejections (node:internal/process/task_queues:95:5)
    at async createCountries (C:\Users\Daniel\Documents\Ontario Tech\Computer Science Thesis Project\task-tracker-server\controllers\database-generator\task-tracker-project-controller.js:33:9)
    at async Object.generateDatabase (C:\Users\Daniel\Documents\Ontario Tech\Computer Science Thesis Project\task-tracker-server\controllers\database-generator\task-tracker-project-controller.js:47:5)
    at async C:\Users\Daniel\Documents\Ontario Tech\Computer Science Thesis Project\task-tracker-server\routers\database-generator\task-tracker-project-router.js:9:9
Fri Oct 04 2024 10:01:53 GMT-0400 (Eastern Daylight Saving Time): Country tanzania was not created Error: Country tanzania is already taken
    at Object.createCountry (C:\Users\Daniel\Documents\Ontario Tech\Computer Science Thesis Project\task-tracker-server\controllers\consts-lists\country-controller.js:29:71)
    at process.processTicksAndRejections (node:internal/process/task_queues:95:5)
    at async createCountries (C:\Users\Daniel\Documents\Ontario Tech\Computer Science Thesis Project\task-tracker-server\controllers\database-generator\task-tracker-project-controller.js:33:9)
    at async Object.generateDatabase (C:\Users\Daniel\Documents\Ontario Tech\Computer Science Thesis Project\task-tracker-server\controllers\database-generator\task-tracker-project-controller.js:47:5)
    at async C:\Users\Daniel\Documents\Ontario Tech\Computer Science Thesis Project\task-tracker-server\routers\database-generator\task-tracker-project-router.js:9:9
Fri Oct 04 2024 10:01:53 GMT-0400 (Eastern Daylight Saving Time): Country thailand was not created Error: Country thailand is already taken
    at Object.createCountry (C:\Users\Daniel\Documents\Ontario Tech\Computer Science Thesis Project\task-tracker-server\controllers\consts-lists\country-controller.js:29:71)
    at process.processTicksAndRejections (node:internal/process/task_queues:95:5)
    at async createCountries (C:\Users\Daniel\Documents\Ontario Tech\Computer Science Thesis Project\task-tracker-server\controllers\database-generator\task-tracker-project-controller.js:33:9)
    at async Object.generateDatabase (C:\Users\Daniel\Documents\Ontario Tech\Computer Science Thesis Project\task-tracker-server\controllers\database-generator\task-tracker-project-controller.js:47:5)
    at async C:\Users\Daniel\Documents\Ontario Tech\Computer Science Thesis Project\task-tracker-server\routers\database-generator\task-tracker-project-router.js:9:9
Fri Oct 04 2024 10:01:53 GMT-0400 (Eastern Daylight Saving Time): Country togo was not created Error: Country togo is already taken
    at Object.createCountry (C:\Users\Daniel\Documents\Ontario Tech\Computer Science Thesis Project\task-tracker-server\controllers\consts-lists\country-controller.js:29:71)
    at process.processTicksAndRejections (node:internal/process/task_queues:95:5)
    at async createCountries (C:\Users\Daniel\Documents\Ontario Tech\Computer Science Thesis Project\task-tracker-server\controllers\database-generator\task-tracker-project-controller.js:33:9)
    at async Object.generateDatabase (C:\Users\Daniel\Documents\Ontario Tech\Computer Science Thesis Project\task-tracker-server\controllers\database-generator\task-tracker-project-controller.js:47:5)
    at async C:\Users\Daniel\Documents\Ontario Tech\Computer Science Thesis Project\task-tracker-server\routers\database-generator\task-tracker-project-router.js:9:9
Fri Oct 04 2024 10:01:53 GMT-0400 (Eastern Daylight Saving Time): Country tonga was not created Error: Country tonga is already taken
    at Object.createCountry (C:\Users\Daniel\Documents\Ontario Tech\Computer Science Thesis Project\task-tracker-server\controllers\consts-lists\country-controller.js:29:71)
    at process.processTicksAndRejections (node:internal/process/task_queues:95:5)
    at async createCountries (C:\Users\Daniel\Documents\Ontario Tech\Computer Science Thesis Project\task-tracker-server\controllers\database-generator\task-tracker-project-controller.js:33:9)
    at async Object.generateDatabase (C:\Users\Daniel\Documents\Ontario Tech\Computer Science Thesis Project\task-tracker-server\controllers\database-generator\task-tracker-project-controller.js:47:5)
    at async C:\Users\Daniel\Documents\Ontario Tech\Computer Science Thesis Project\task-tracker-server\routers\database-generator\task-tracker-project-router.js:9:9
Fri Oct 04 2024 10:01:53 GMT-0400 (Eastern Daylight Saving Time): Country trinidad_and_tobago was not created Error: Country trinidad_and_tobago is already taken
    at Object.createCountry (C:\Users\Daniel\Documents\Ontario Tech\Computer Science Thesis Project\task-tracker-server\controllers\consts-lists\country-controller.js:29:71)
    at process.processTicksAndRejections (node:internal/process/task_queues:95:5)
    at async createCountries (C:\Users\Daniel\Documents\Ontario Tech\Computer Science Thesis Project\task-tracker-server\controllers\database-generator\task-tracker-project-controller.js:33:9)
    at async Object.generateDatabase (C:\Users\Daniel\Documents\Ontario Tech\Computer Science Thesis Project\task-tracker-server\controllers\database-generator\task-tracker-project-controller.js:47:5)
    at async C:\Users\Daniel\Documents\Ontario Tech\Computer Science Thesis Project\task-tracker-server\routers\database-generator\task-tracker-project-router.js:9:9
Fri Oct 04 2024 10:01:53 GMT-0400 (Eastern Daylight Saving Time): Country tunisia was not created Error: Country tunisia is already taken
    at Object.createCountry (C:\Users\Daniel\Documents\Ontario Tech\Computer Science Thesis Project\task-tracker-server\controllers\consts-lists\country-controller.js:29:71)
    at process.processTicksAndRejections (node:internal/process/task_queues:95:5)
    at async createCountries (C:\Users\Daniel\Documents\Ontario Tech\Computer Science Thesis Project\task-tracker-server\controllers\database-generator\task-tracker-project-controller.js:33:9)
    at async Object.generateDatabase (C:\Users\Daniel\Documents\Ontario Tech\Computer Science Thesis Project\task-tracker-server\controllers\database-generator\task-tracker-project-controller.js:47:5)
    at async C:\Users\Daniel\Documents\Ontario Tech\Computer Science Thesis Project\task-tracker-server\routers\database-generator\task-tracker-project-router.js:9:9
Fri Oct 04 2024 10:01:53 GMT-0400 (Eastern Daylight Saving Time): Country turkey was not created Error: Country turkey is already taken
    at Object.createCountry (C:\Users\Daniel\Documents\Ontario Tech\Computer Science Thesis Project\task-tracker-server\controllers\consts-lists\country-controller.js:29:71)
    at process.processTicksAndRejections (node:internal/process/task_queues:95:5)
    at async createCountries (C:\Users\Daniel\Documents\Ontario Tech\Computer Science Thesis Project\task-tracker-server\controllers\database-generator\task-tracker-project-controller.js:33:9)
    at async Object.generateDatabase (C:\Users\Daniel\Documents\Ontario Tech\Computer Science Thesis Project\task-tracker-server\controllers\database-generator\task-tracker-project-controller.js:47:5)
    at async C:\Users\Daniel\Documents\Ontario Tech\Computer Science Thesis Project\task-tracker-server\routers\database-generator\task-tracker-project-router.js:9:9
Fri Oct 04 2024 10:01:53 GMT-0400 (Eastern Daylight Saving Time): Country turkmenistan was not created Error: Country turkmenistan is already taken
    at Object.createCountry (C:\Users\Daniel\Documents\Ontario Tech\Computer Science Thesis Project\task-tracker-server\controllers\consts-lists\country-controller.js:29:71)
    at process.processTicksAndRejections (node:internal/process/task_queues:95:5)
    at async createCountries (C:\Users\Daniel\Documents\Ontario Tech\Computer Science Thesis Project\task-tracker-server\controllers\database-generator\task-tracker-project-controller.js:33:9)
    at async Object.generateDatabase (C:\Users\Daniel\Documents\Ontario Tech\Computer Science Thesis Project\task-tracker-server\controllers\database-generator\task-tracker-project-controller.js:47:5)
    at async C:\Users\Daniel\Documents\Ontario Tech\Computer Science Thesis Project\task-tracker-server\routers\database-generator\task-tracker-project-router.js:9:9
Fri Oct 04 2024 10:01:53 GMT-0400 (Eastern Daylight Saving Time): Country tuvalu was not created Error: Country tuvalu is already taken
    at Object.createCountry (C:\Users\Daniel\Documents\Ontario Tech\Computer Science Thesis Project\task-tracker-server\controllers\consts-lists\country-controller.js:29:71)
    at process.processTicksAndRejections (node:internal/process/task_queues:95:5)
    at async createCountries (C:\Users\Daniel\Documents\Ontario Tech\Computer Science Thesis Project\task-tracker-server\controllers\database-generator\task-tracker-project-controller.js:33:9)
    at async Object.generateDatabase (C:\Users\Daniel\Documents\Ontario Tech\Computer Science Thesis Project\task-tracker-server\controllers\database-generator\task-tracker-project-controller.js:47:5)
    at async C:\Users\Daniel\Documents\Ontario Tech\Computer Science Thesis Project\task-tracker-server\routers\database-generator\task-tracker-project-router.js:9:9
Fri Oct 04 2024 10:01:53 GMT-0400 (Eastern Daylight Saving Time): Country uganda was not created Error: Country uganda is already taken
    at Object.createCountry (C:\Users\Daniel\Documents\Ontario Tech\Computer Science Thesis Project\task-tracker-server\controllers\consts-lists\country-controller.js:29:71)
    at process.processTicksAndRejections (node:internal/process/task_queues:95:5)
    at async createCountries (C:\Users\Daniel\Documents\Ontario Tech\Computer Science Thesis Project\task-tracker-server\controllers\database-generator\task-tracker-project-controller.js:33:9)
    at async Object.generateDatabase (C:\Users\Daniel\Documents\Ontario Tech\Computer Science Thesis Project\task-tracker-server\controllers\database-generator\task-tracker-project-controller.js:47:5)
    at async C:\Users\Daniel\Documents\Ontario Tech\Computer Science Thesis Project\task-tracker-server\routers\database-generator\task-tracker-project-router.js:9:9
Fri Oct 04 2024 10:01:53 GMT-0400 (Eastern Daylight Saving Time): Country ukraine was not created Error: Country ukraine is already taken
    at Object.createCountry (C:\Users\Daniel\Documents\Ontario Tech\Computer Science Thesis Project\task-tracker-server\controllers\consts-lists\country-controller.js:29:71)
    at process.processTicksAndRejections (node:internal/process/task_queues:95:5)
    at async createCountries (C:\Users\Daniel\Documents\Ontario Tech\Computer Science Thesis Project\task-tracker-server\controllers\database-generator\task-tracker-project-controller.js:33:9)
    at async Object.generateDatabase (C:\Users\Daniel\Documents\Ontario Tech\Computer Science Thesis Project\task-tracker-server\controllers\database-generator\task-tracker-project-controller.js:47:5)
    at async C:\Users\Daniel\Documents\Ontario Tech\Computer Science Thesis Project\task-tracker-server\routers\database-generator\task-tracker-project-router.js:9:9
Fri Oct 04 2024 10:01:53 GMT-0400 (Eastern Daylight Saving Time): Country united_arab_emirates was not created Error: Country united_arab_emirates is already taken
    at Object.createCountry (C:\Users\Daniel\Documents\Ontario Tech\Computer Science Thesis Project\task-tracker-server\controllers\consts-lists\country-controller.js:29:71)
    at process.processTicksAndRejections (node:internal/process/task_queues:95:5)
    at async createCountries (C:\Users\Daniel\Documents\Ontario Tech\Computer Science Thesis Project\task-tracker-server\controllers\database-generator\task-tracker-project-controller.js:33:9)
    at async Object.generateDatabase (C:\Users\Daniel\Documents\Ontario Tech\Computer Science Thesis Project\task-tracker-server\controllers\database-generator\task-tracker-project-controller.js:47:5)
    at async C:\Users\Daniel\Documents\Ontario Tech\Computer Science Thesis Project\task-tracker-server\routers\database-generator\task-tracker-project-router.js:9:9
Fri Oct 04 2024 10:01:53 GMT-0400 (Eastern Daylight Saving Time): Country united_kingdom was not created Error: Country united_kingdom is already taken
    at Object.createCountry (C:\Users\Daniel\Documents\Ontario Tech\Computer Science Thesis Project\task-tracker-server\controllers\consts-lists\country-controller.js:29:71)
    at process.processTicksAndRejections (node:internal/process/task_queues:95:5)
    at async createCountries (C:\Users\Daniel\Documents\Ontario Tech\Computer Science Thesis Project\task-tracker-server\controllers\database-generator\task-tracker-project-controller.js:33:9)
    at async Object.generateDatabase (C:\Users\Daniel\Documents\Ontario Tech\Computer Science Thesis Project\task-tracker-server\controllers\database-generator\task-tracker-project-controller.js:47:5)
    at async C:\Users\Daniel\Documents\Ontario Tech\Computer Science Thesis Project\task-tracker-server\routers\database-generator\task-tracker-project-router.js:9:9
Fri Oct 04 2024 10:01:53 GMT-0400 (Eastern Daylight Saving Time): Country united_states was not created Error: Country united_states is already taken
    at Object.createCountry (C:\Users\Daniel\Documents\Ontario Tech\Computer Science Thesis Project\task-tracker-server\controllers\consts-lists\country-controller.js:29:71)
    at process.processTicksAndRejections (node:internal/process/task_queues:95:5)
    at async createCountries (C:\Users\Daniel\Documents\Ontario Tech\Computer Science Thesis Project\task-tracker-server\controllers\database-generator\task-tracker-project-controller.js:33:9)
    at async Object.generateDatabase (C:\Users\Daniel\Documents\Ontario Tech\Computer Science Thesis Project\task-tracker-server\controllers\database-generator\task-tracker-project-controller.js:47:5)
    at async C:\Users\Daniel\Documents\Ontario Tech\Computer Science Thesis Project\task-tracker-server\routers\database-generator\task-tracker-project-router.js:9:9
Fri Oct 04 2024 10:01:53 GMT-0400 (Eastern Daylight Saving Time): Country uruguay was not created Error: Country uruguay is already taken
    at Object.createCountry (C:\Users\Daniel\Documents\Ontario Tech\Computer Science Thesis Project\task-tracker-server\controllers\consts-lists\country-controller.js:29:71)
    at process.processTicksAndRejections (node:internal/process/task_queues:95:5)
    at async createCountries (C:\Users\Daniel\Documents\Ontario Tech\Computer Science Thesis Project\task-tracker-server\controllers\database-generator\task-tracker-project-controller.js:33:9)
    at async Object.generateDatabase (C:\Users\Daniel\Documents\Ontario Tech\Computer Science Thesis Project\task-tracker-server\controllers\database-generator\task-tracker-project-controller.js:47:5)
    at async C:\Users\Daniel\Documents\Ontario Tech\Computer Science Thesis Project\task-tracker-server\routers\database-generator\task-tracker-project-router.js:9:9
Fri Oct 04 2024 10:01:53 GMT-0400 (Eastern Daylight Saving Time): Country uzbekistan was not created Error: Country uzbekistan is already taken
    at Object.createCountry (C:\Users\Daniel\Documents\Ontario Tech\Computer Science Thesis Project\task-tracker-server\controllers\consts-lists\country-controller.js:29:71)
    at process.processTicksAndRejections (node:internal/process/task_queues:95:5)
    at async createCountries (C:\Users\Daniel\Documents\Ontario Tech\Computer Science Thesis Project\task-tracker-server\controllers\database-generator\task-tracker-project-controller.js:33:9)
    at async Object.generateDatabase (C:\Users\Daniel\Documents\Ontario Tech\Computer Science Thesis Project\task-tracker-server\controllers\database-generator\task-tracker-project-controller.js:47:5)
    at async C:\Users\Daniel\Documents\Ontario Tech\Computer Science Thesis Project\task-tracker-server\routers\database-generator\task-tracker-project-router.js:9:9
Fri Oct 04 2024 10:01:53 GMT-0400 (Eastern Daylight Saving Time): Country vanuatu was not created Error: Country vanuatu is already taken
    at Object.createCountry (C:\Users\Daniel\Documents\Ontario Tech\Computer Science Thesis Project\task-tracker-server\controllers\consts-lists\country-controller.js:29:71)
    at process.processTicksAndRejections (node:internal/process/task_queues:95:5)
    at async createCountries (C:\Users\Daniel\Documents\Ontario Tech\Computer Science Thesis Project\task-tracker-server\controllers\database-generator\task-tracker-project-controller.js:33:9)
    at async Object.generateDatabase (C:\Users\Daniel\Documents\Ontario Tech\Computer Science Thesis Project\task-tracker-server\controllers\database-generator\task-tracker-project-controller.js:47:5)
    at async C:\Users\Daniel\Documents\Ontario Tech\Computer Science Thesis Project\task-tracker-server\routers\database-generator\task-tracker-project-router.js:9:9
Fri Oct 04 2024 10:01:53 GMT-0400 (Eastern Daylight Saving Time): Country vatican_city was not created Error: Country vatican_city is already taken
    at Object.createCountry (C:\Users\Daniel\Documents\Ontario Tech\Computer Science Thesis Project\task-tracker-server\controllers\consts-lists\country-controller.js:29:71)
    at process.processTicksAndRejections (node:internal/process/task_queues:95:5)
    at async createCountries (C:\Users\Daniel\Documents\Ontario Tech\Computer Science Thesis Project\task-tracker-server\controllers\database-generator\task-tracker-project-controller.js:33:9)
    at async Object.generateDatabase (C:\Users\Daniel\Documents\Ontario Tech\Computer Science Thesis Project\task-tracker-server\controllers\database-generator\task-tracker-project-controller.js:47:5)
    at async C:\Users\Daniel\Documents\Ontario Tech\Computer Science Thesis Project\task-tracker-server\routers\database-generator\task-tracker-project-router.js:9:9
Fri Oct 04 2024 10:01:53 GMT-0400 (Eastern Daylight Saving Time): Country venezuela was not created Error: Country venezuela is already taken
    at Object.createCountry (C:\Users\Daniel\Documents\Ontario Tech\Computer Science Thesis Project\task-tracker-server\controllers\consts-lists\country-controller.js:29:71)
    at process.processTicksAndRejections (node:internal/process/task_queues:95:5)
    at async createCountries (C:\Users\Daniel\Documents\Ontario Tech\Computer Science Thesis Project\task-tracker-server\controllers\database-generator\task-tracker-project-controller.js:33:9)
    at async Object.generateDatabase (C:\Users\Daniel\Documents\Ontario Tech\Computer Science Thesis Project\task-tracker-server\controllers\database-generator\task-tracker-project-controller.js:47:5)
    at async C:\Users\Daniel\Documents\Ontario Tech\Computer Science Thesis Project\task-tracker-server\routers\database-generator\task-tracker-project-router.js:9:9
Fri Oct 04 2024 10:01:53 GMT-0400 (Eastern Daylight Saving Time): Country vietnam was not created Error: Country vietnam is already taken
    at Object.createCountry (C:\Users\Daniel\Documents\Ontario Tech\Computer Science Thesis Project\task-tracker-server\controllers\consts-lists\country-controller.js:29:71)
    at process.processTicksAndRejections (node:internal/process/task_queues:95:5)
    at async createCountries (C:\Users\Daniel\Documents\Ontario Tech\Computer Science Thesis Project\task-tracker-server\controllers\database-generator\task-tracker-project-controller.js:33:9)
    at async Object.generateDatabase (C:\Users\Daniel\Documents\Ontario Tech\Computer Science Thesis Project\task-tracker-server\controllers\database-generator\task-tracker-project-controller.js:47:5)
    at async C:\Users\Daniel\Documents\Ontario Tech\Computer Science Thesis Project\task-tracker-server\routers\database-generator\task-tracker-project-router.js:9:9
Fri Oct 04 2024 10:01:53 GMT-0400 (Eastern Daylight Saving Time): Country yemen was not created Error: Country yemen is already taken
    at Object.createCountry (C:\Users\Daniel\Documents\Ontario Tech\Computer Science Thesis Project\task-tracker-server\controllers\consts-lists\country-controller.js:29:71)
    at process.processTicksAndRejections (node:internal/process/task_queues:95:5)
    at async createCountries (C:\Users\Daniel\Documents\Ontario Tech\Computer Science Thesis Project\task-tracker-server\controllers\database-generator\task-tracker-project-controller.js:33:9)
    at async Object.generateDatabase (C:\Users\Daniel\Documents\Ontario Tech\Computer Science Thesis Project\task-tracker-server\controllers\database-generator\task-tracker-project-controller.js:47:5)
    at async C:\Users\Daniel\Documents\Ontario Tech\Computer Science Thesis Project\task-tracker-server\routers\database-generator\task-tracker-project-router.js:9:9
Fri Oct 04 2024 10:01:53 GMT-0400 (Eastern Daylight Saving Time): Country zambia was not created Error: Country zambia is already taken
    at Object.createCountry (C:\Users\Daniel\Documents\Ontario Tech\Computer Science Thesis Project\task-tracker-server\controllers\consts-lists\country-controller.js:29:71)
    at process.processTicksAndRejections (node:internal/process/task_queues:95:5)
    at async createCountries (C:\Users\Daniel\Documents\Ontario Tech\Computer Science Thesis Project\task-tracker-server\controllers\database-generator\task-tracker-project-controller.js:33:9)
    at async Object.generateDatabase (C:\Users\Daniel\Documents\Ontario Tech\Computer Science Thesis Project\task-tracker-server\controllers\database-generator\task-tracker-project-controller.js:47:5)
    at async C:\Users\Daniel\Documents\Ontario Tech\Computer Science Thesis Project\task-tracker-server\routers\database-generator\task-tracker-project-router.js:9:9
Fri Oct 04 2024 10:01:53 GMT-0400 (Eastern Daylight Saving Time): Country zimbabwe was not created Error: Country zimbabwe is already taken
    at Object.createCountry (C:\Users\Daniel\Documents\Ontario Tech\Computer Science Thesis Project\task-tracker-server\controllers\consts-lists\country-controller.js:29:71)
    at process.processTicksAndRejections (node:internal/process/task_queues:95:5)
    at async createCountries (C:\Users\Daniel\Documents\Ontario Tech\Computer Science Thesis Project\task-tracker-server\controllers\database-generator\task-tracker-project-controller.js:33:9)
    at async Object.generateDatabase (C:\Users\Daniel\Documents\Ontario Tech\Computer Science Thesis Project\task-tracker-server\controllers\database-generator\task-tracker-project-controller.js:47:5)
    at async C:\Users\Daniel\Documents\Ontario Tech\Computer Science Thesis Project\task-tracker-server\routers\database-generator\task-tracker-project-router.js:9:9
Fri Oct 04 2024 10:01:53 GMT-0400 (Eastern Daylight Saving Time): Task pies was not created Error: Task pies is already taken
    at Object.createTask (C:\Users\Daniel\Documents\Ontario Tech\Computer Science Thesis Project\task-tracker-server\controllers\task-controller.js:30:68)
    at process.processTicksAndRejections (node:internal/process/task_queues:95:5)
    at async createTasks (C:\Users\Daniel\Documents\Ontario Tech\Computer Science Thesis Project\task-tracker-server\controllers\database-generator\task-tracker-project-controller.js:17:9)
    at async Object.generateDatabase (C:\Users\Daniel\Documents\Ontario Tech\Computer Science Thesis Project\task-tracker-server\controllers\database-generator\task-tracker-project-controller.js:48:5)
    at async C:\Users\Daniel\Documents\Ontario Tech\Computer Science Thesis Project\task-tracker-server\routers\database-generator\task-tracker-project-router.js:9:9
Fri Oct 04 2024 10:01:53 GMT-0400 (Eastern Daylight Saving Time): Task max_3 was not created Error: Task max_3 is already taken
    at Object.createTask (C:\Users\Daniel\Documents\Ontario Tech\Computer Science Thesis Project\task-tracker-server\controllers\task-controller.js:30:68)
    at process.processTicksAndRejections (node:internal/process/task_queues:95:5)
    at async createTasks (C:\Users\Daniel\Documents\Ontario Tech\Computer Science Thesis Project\task-tracker-server\controllers\database-generator\task-tracker-project-controller.js:17:9)
    at async Object.generateDatabase (C:\Users\Daniel\Documents\Ontario Tech\Computer Science Thesis Project\task-tracker-server\controllers\database-generator\task-tracker-project-controller.js:48:5)
    at async C:\Users\Daniel\Documents\Ontario Tech\Computer Science Thesis Project\task-tracker-server\routers\database-generator\task-tracker-project-router.js:9:9
Fri Oct 04 2024 10:01:53 GMT-0400 (Eastern Daylight Saving Time): Task is_zero was not created Error: Task is_zero is already taken
    at Object.createTask (C:\Users\Daniel\Documents\Ontario Tech\Computer Science Thesis Project\task-tracker-server\controllers\task-controller.js:30:68)
    at process.processTicksAndRejections (node:internal/process/task_queues:95:5)
    at async createTasks (C:\Users\Daniel\Documents\Ontario Tech\Computer Science Thesis Project\task-tracker-server\controllers\database-generator\task-tracker-project-controller.js:17:9)
    at async Object.generateDatabase (C:\Users\Daniel\Documents\Ontario Tech\Computer Science Thesis Project\task-tracker-server\controllers\database-generator\task-tracker-project-controller.js:48:5)
    at async C:\Users\Daniel\Documents\Ontario Tech\Computer Science Thesis Project\task-tracker-server\routers\database-generator\task-tracker-project-router.js:9:9
Fri Oct 04 2024 10:01:53 GMT-0400 (Eastern Daylight Saving Time): Task max_digit was not created Error: Task max_digit is already taken
    at Object.createTask (C:\Users\Daniel\Documents\Ontario Tech\Computer Science Thesis Project\task-tracker-server\controllers\task-controller.js:30:68)
    at process.processTicksAndRejections (node:internal/process/task_queues:95:5)
    at async createTasks (C:\Users\Daniel\Documents\Ontario Tech\Computer Science Thesis Project\task-tracker-server\controllers\database-generator\task-tracker-project-controller.js:17:9)
    at async Object.generateDatabase (C:\Users\Daniel\Documents\Ontario Tech\Computer Science Thesis Project\task-tracker-server\controllers\database-generator\task-tracker-project-controller.js:48:5)
    at async C:\Users\Daniel\Documents\Ontario Tech\Computer Science Thesis Project\task-tracker-server\routers\database-generator\task-tracker-project-router.js:9:9
Fri Oct 04 2024 10:01:53 GMT-0400 (Eastern Daylight Saving Time): Task voting was not created Error: Task voting is already taken
    at Object.createTask (C:\Users\Daniel\Documents\Ontario Tech\Computer Science Thesis Project\task-tracker-server\controllers\task-controller.js:30:68)
    at process.processTicksAndRejections (node:internal/process/task_queues:95:5)
    at async createTasks (C:\Users\Daniel\Documents\Ontario Tech\Computer Science Thesis Project\task-tracker-server\controllers\database-generator\task-tracker-project-controller.js:17:9)
    at async Object.generateDatabase (C:\Users\Daniel\Documents\Ontario Tech\Computer Science Thesis Project\task-tracker-server\controllers\database-generator\task-tracker-project-controller.js:48:5)
    at async C:\Users\Daniel\Documents\Ontario Tech\Computer Science Thesis Project\task-tracker-server\routers\database-generator\task-tracker-project-router.js:9:9
Fri Oct 04 2024 10:01:53 GMT-0400 (Eastern Daylight Saving Time): Task brackets was not created Error: Task brackets is already taken
    at Object.createTask (C:\Users\Daniel\Documents\Ontario Tech\Computer Science Thesis Project\task-tracker-server\controllers\task-controller.js:30:68)
    at process.processTicksAndRejections (node:internal/process/task_queues:95:5)
    at async createTasks (C:\Users\Daniel\Documents\Ontario Tech\Computer Science Thesis Project\task-tracker-server\controllers\database-generator\task-tracker-project-controller.js:17:9)
    at async Object.generateDatabase (C:\Users\Daniel\Documents\Ontario Tech\Computer Science Thesis Project\task-tracker-server\controllers\database-generator\task-tracker-project-controller.js:48:5)
    at async C:\Users\Daniel\Documents\Ontario Tech\Computer Science Thesis Project\task-tracker-server\routers\database-generator\task-tracker-project-router.js:9:9
Fri Oct 04 2024 10:01:53 GMT-0400 (Eastern Daylight Saving Time): Dialog text task_solving_error was not created Error: Dialog text task_solving_error is already taken
    at Object.createDialogText (C:\Users\Daniel\Documents\Ontario Tech\Computer Science Thesis Project\task-tracker-server\controllers\dialog-text-controller.js:30:75)
    at process.processTicksAndRejections (node:internal/process/task_queues:95:5)
    at async createDialogTexts (C:\Users\Daniel\Documents\Ontario Tech\Computer Science Thesis Project\task-tracker-server\controllers\database-generator\task-tracker-project-controller.js:39:9)
    at async Object.generateDatabase (C:\Users\Daniel\Documents\Ontario Tech\Computer Science Thesis Project\task-tracker-server\controllers\database-generator\task-tracker-project-controller.js:49:5)
    at async C:\Users\Daniel\Documents\Ontario Tech\Computer Science Thesis Project\task-tracker-server\routers\database-generator\task-tracker-project-router.js:9:9
Fri Oct 04 2024 10:01:53 GMT-0400 (Eastern Daylight Saving Time): Dialog text successful_submit was not created Error: Dialog text successful_submit is already taken
    at Object.createDialogText (C:\Users\Daniel\Documents\Ontario Tech\Computer Science Thesis Project\task-tracker-server\controllers\dialog-text-controller.js:30:75)
    at process.processTicksAndRejections (node:internal/process/task_queues:95:5)
    at async createDialogTexts (C:\Users\Daniel\Documents\Ontario Tech\Computer Science Thesis Project\task-tracker-server\controllers\database-generator\task-tracker-project-controller.js:39:9)
    at async Object.generateDatabase (C:\Users\Daniel\Documents\Ontario Tech\Computer Science Thesis Project\task-tracker-server\controllers\database-generator\task-tracker-project-controller.js:49:5)
    at async C:\Users\Daniel\Documents\Ontario Tech\Computer Science Thesis Project\task-tracker-server\routers\database-generator\task-tracker-project-router.js:9:9
Fri Oct 04 2024 10:01:53 GMT-0400 (Eastern Daylight Saving Time): Dialog text task_submit_error was not created Error: Dialog text task_submit_error is already taken
    at Object.createDialogText (C:\Users\Daniel\Documents\Ontario Tech\Computer Science Thesis Project\task-tracker-server\controllers\dialog-text-controller.js:30:75)
    at process.processTicksAndRejections (node:internal/process/task_queues:95:5)
    at async createDialogTexts (C:\Users\Daniel\Documents\Ontario Tech\Computer Science Thesis Project\task-tracker-server\controllers\database-generator\task-tracker-project-controller.js:39:9)
    at async Object.generateDatabase (C:\Users\Daniel\Documents\Ontario Tech\Computer Science Thesis Project\task-tracker-server\controllers\database-generator\task-tracker-project-controller.js:49:5)
    at async C:\Users\Daniel\Documents\Ontario Tech\Computer Science Thesis Project\task-tracker-server\routers\database-generator\task-tracker-project-router.js:9:9
Fri Oct 04 2024 10:02:14 GMT-0400 (Eastern Daylight Saving Time):Settings was created successfully
Fri Oct 04 2024 10:02:15 GMT-0400 (Eastern Daylight Saving Time): Task pies was created successfully
Fri Oct 04 2024 10:02:15 GMT-0400 (Eastern Daylight Saving Time): Task max_3 was created successfully
Fri Oct 04 2024 10:02:15 GMT-0400 (Eastern Daylight Saving Time): Task is_zero was created successfully
Fri Oct 04 2024 10:02:15 GMT-0400 (Eastern Daylight Saving Time): Task max_digit was created successfully
Fri Oct 04 2024 10:02:15 GMT-0400 (Eastern Daylight Saving Time): Task voting was created successfully
Fri Oct 04 2024 10:02:15 GMT-0400 (Eastern Daylight Saving Time): Task brackets was created successfully
Fri Oct 04 2024 10:02:15 GMT-0400 (Eastern Daylight Saving Time): Dialog text task_solving_error was created successfully
Fri Oct 04 2024 10:02:15 GMT-0400 (Eastern Daylight Saving Time): Dialog text successful_submit was created successfully
Fri Oct 04 2024 10:02:15 GMT-0400 (Eastern Daylight Saving Time): Dialog text task_submit_error was created successfully
Fri Oct 04 2024 10:02:37 GMT-0400 (Eastern Daylight Saving Time): Settings was received successfully
Fri Oct 04 2024 10:02:37 GMT-0400 (Eastern Daylight Saving Time): 2 languages were received successfully
Fri Oct 04 2024 10:02:37 GMT-0400 (Eastern Daylight Saving Time): 6 tasks were received successfully
Fri Oct 04 2024 10:02:37 GMT-0400 (Eastern Daylight Saving Time): 3 genders were received successfully
Fri Oct 04 2024 10:02:37 GMT-0400 (Eastern Daylight Saving Time): 194 countries were received successfully
Fri Oct 04 2024 10:02:37 GMT-0400 (Eastern Daylight Saving Time): Dialog text task_solving_error was received successfully
Fri Oct 04 2024 10:02:37 GMT-0400 (Eastern Daylight Saving Time): 1 programming languages were received successfully
Fri Oct 04 2024 10:02:47 GMT-0400 (Eastern Daylight Saving Time): Settings was received successfully
Fri Oct 04 2024 10:02:47 GMT-0400 (Eastern Daylight Saving Time): 2 languages were received successfully
Fri Oct 04 2024 10:02:47 GMT-0400 (Eastern Daylight Saving Time): 6 tasks were received successfully
Fri Oct 04 2024 10:02:47 GMT-0400 (Eastern Daylight Saving Time): 3 genders were received successfully
Fri Oct 04 2024 10:02:47 GMT-0400 (Eastern Daylight Saving Time): 194 countries were received successfully
Fri Oct 04 2024 10:02:47 GMT-0400 (Eastern Daylight Saving Time): Dialog text task_solving_error was received successfully
Fri Oct 04 2024 10:02:47 GMT-0400 (Eastern Daylight Saving Time): 1 programming languages were received successfully
Fri Oct 04 2024 10:03:09 GMT-0400 (Eastern Daylight Saving Time): User was created successfully
Fri Oct 04 2024 10:06:46 GMT-0400 (Eastern Daylight Saving Time): Activity tracker item was created successfully
Fri Oct 04 2024 10:06:46 GMT-0400 (Eastern Daylight Saving Time): Data item was created successfully
Fri Oct 04 2024 10:06:46 GMT-0400 (Eastern Daylight Saving Time): User with id 1 was received successfully
Fri Oct 04 2024 10:06:46 GMT-0400 (Eastern Daylight Saving Time): Data item with id 1 was received successfully
Fri Oct 04 2024 10:06:46 GMT-0400 (Eastern Daylight Saving Time): Activity tracker item with id 1 was received successfully
Fri Oct 04 2024 10:06:46 GMT-0400 (Eastern Daylight Saving Time): user 1 was updates successfully. Added data: di 1, ati 1
Fri Oct 04 2024 10:07:45 GMT-0400 (Eastern Daylight Saving Time): Activity tracker item was created successfully
Fri Oct 04 2024 10:07:45 GMT-0400 (Eastern Daylight Saving Time): Data item was created successfully
Fri Oct 04 2024 10:07:45 GMT-0400 (Eastern Daylight Saving Time): User with id 1 was received successfully
Fri Oct 04 2024 10:07:45 GMT-0400 (Eastern Daylight Saving Time): Data item with id 2 was received successfully
Fri Oct 04 2024 10:07:45 GMT-0400 (Eastern Daylight Saving Time): Activity tracker item with id 2 was received successfully
Fri Oct 04 2024 10:07:45 GMT-0400 (Eastern Daylight Saving Time): user 1 was updates successfully. Added data: di 2, ati 2
Fri Oct 04 2024 10:08:01 GMT-0400 (Eastern Daylight Saving Time): Settings was received successfully
Fri Oct 04 2024 10:08:01 GMT-0400 (Eastern Daylight Saving Time): 2 languages were received successfully
Fri Oct 04 2024 10:08:01 GMT-0400 (Eastern Daylight Saving Time): 6 tasks were received successfully
Fri Oct 04 2024 10:08:02 GMT-0400 (Eastern Daylight Saving Time): 3 genders were received successfully
Fri Oct 04 2024 10:08:02 GMT-0400 (Eastern Daylight Saving Time): 194 countries were received successfully
Fri Oct 04 2024 10:08:02 GMT-0400 (Eastern Daylight Saving Time): Dialog text task_solving_error was received successfully
Fri Oct 04 2024 10:08:02 GMT-0400 (Eastern Daylight Saving Time): 1 programming languages were received successfully
Fri Oct 04 2024 10:08:20 GMT-0400 (Eastern Daylight Saving Time): Activity tracker item was created successfully
Fri Oct 04 2024 10:08:20 GMT-0400 (Eastern Daylight Saving Time): Data item was created successfully
Fri Oct 04 2024 10:08:20 GMT-0400 (Eastern Daylight Saving Time): User with id 1 was received successfully
Fri Oct 04 2024 10:08:20 GMT-0400 (Eastern Daylight Saving Time): Data item with id 3 was received successfully
Fri Oct 04 2024 10:08:20 GMT-0400 (Eastern Daylight Saving Time): Activity tracker item with id 3 was received successfully
Fri Oct 04 2024 10:08:20 GMT-0400 (Eastern Daylight Saving Time): user 1 was updates successfully. Added data: di 3, ati 3
Fri Oct 04 2024 10:08:38 GMT-0400 (Eastern Daylight Saving Time): Settings was received successfully
Fri Oct 04 2024 10:08:38 GMT-0400 (Eastern Daylight Saving Time): 2 languages were received successfully
Fri Oct 04 2024 10:08:38 GMT-0400 (Eastern Daylight Saving Time): 6 tasks were received successfully
Fri Oct 04 2024 10:08:38 GMT-0400 (Eastern Daylight Saving Time): 3 genders were received successfully
Fri Oct 04 2024 10:08:38 GMT-0400 (Eastern Daylight Saving Time): 194 countries were received successfully
Fri Oct 04 2024 10:08:38 GMT-0400 (Eastern Daylight Saving Time): Dialog text task_solving_error was received successfully
Fri Oct 04 2024 10:08:38 GMT-0400 (Eastern Daylight Saving Time): 1 programming languages were received successfully
Fri Oct 04 2024 10:32:02 GMT-0400 (Eastern Daylight Saving Time): Server is listening on port 3000
Fri Oct 04 2024 10:32:09 GMT-0400 (Eastern Daylight Saving Time): Settings was received successfully
Fri Oct 04 2024 10:32:09 GMT-0400 (Eastern Daylight Saving Time): 2 languages were received successfully
Fri Oct 04 2024 10:32:09 GMT-0400 (Eastern Daylight Saving Time): 6 tasks were received successfully
Fri Oct 04 2024 10:32:09 GMT-0400 (Eastern Daylight Saving Time): 3 genders were received successfully
Fri Oct 04 2024 10:32:09 GMT-0400 (Eastern Daylight Saving Time): 194 countries were received successfully
Fri Oct 04 2024 10:32:09 GMT-0400 (Eastern Daylight Saving Time): Dialog text task_solving_error was received successfully
Fri Oct 04 2024 10:32:09 GMT-0400 (Eastern Daylight Saving Time): 1 programming languages were received successfully
Fri Oct 04 2024 21:23:11 GMT-0400 (Eastern Daylight Saving Time): Server is listening on port 3000
Fri Oct 04 2024 22:35:48 GMT-0400 (Eastern Daylight Saving Time): Server is listening on port 3000
Sat Oct 05 2024 09:14:35 GMT-0400 (Eastern Daylight Saving Time): Server is listening on port 3000
Sat Oct 05 2024 11:16:04 GMT-0400 (Eastern Daylight Saving Time): Server is listening on port 3000
Sat Oct 05 2024 12:03:28 GMT-0400 (Eastern Daylight Saving Time): Server is listening on port 3000
Tue Oct 08 2024 10:30:53 GMT-0400 (Eastern Daylight Saving Time): Server is listening on port 3000
Tue Oct 08 2024 10:31:00 GMT-0400 (Eastern Daylight Saving Time): Server is listening on port 3000
Wed Oct 09 2024 14:05:36 GMT-0400 (Eastern Daylight Saving Time): Server is listening on port 3000
Wed Oct 09 2024 14:06:39 GMT-0400 (Eastern Daylight Saving Time): Settings was received successfully
Wed Oct 09 2024 14:06:39 GMT-0400 (Eastern Daylight Saving Time): 1 languages were received successfully
Wed Oct 09 2024 14:06:39 GMT-0400 (Eastern Daylight Saving Time): 6 tasks were received successfully
Wed Oct 09 2024 14:06:39 GMT-0400 (Eastern Daylight Saving Time): 3 genders were received successfully
Wed Oct 09 2024 14:06:39 GMT-0400 (Eastern Daylight Saving Time): 194 countries were received successfully
Wed Oct 09 2024 14:06:40 GMT-0400 (Eastern Daylight Saving Time): Dialog text task_solving_error was received successfully
Wed Oct 09 2024 14:06:40 GMT-0400 (Eastern Daylight Saving Time): 1 programming languages were received successfully
Wed Oct 09 2024 14:07:39 GMT-0400 (Eastern Daylight Saving Time): Settings was received successfully
Wed Oct 09 2024 14:07:39 GMT-0400 (Eastern Daylight Saving Time): 1 languages were received successfully
Wed Oct 09 2024 14:07:39 GMT-0400 (Eastern Daylight Saving Time): 6 tasks were received successfully
Wed Oct 09 2024 14:07:39 GMT-0400 (Eastern Daylight Saving Time): 3 genders were received successfully
Wed Oct 09 2024 14:07:39 GMT-0400 (Eastern Daylight Saving Time): 194 countries were received successfully
Wed Oct 09 2024 14:07:39 GMT-0400 (Eastern Daylight Saving Time): Dialog text task_solving_error was received successfully
Wed Oct 09 2024 14:07:39 GMT-0400 (Eastern Daylight Saving Time): 1 programming languages were received successfully
Wed Oct 09 2024 14:07:56 GMT-0400 (Eastern Daylight Saving Time): Settings was received successfully
Wed Oct 09 2024 14:07:57 GMT-0400 (Eastern Daylight Saving Time): 1 languages were received successfully
Wed Oct 09 2024 14:07:57 GMT-0400 (Eastern Daylight Saving Time): 6 tasks were received successfully
Wed Oct 09 2024 14:07:57 GMT-0400 (Eastern Daylight Saving Time): 3 genders were received successfully
Wed Oct 09 2024 14:07:57 GMT-0400 (Eastern Daylight Saving Time): 194 countries were received successfully
Wed Oct 09 2024 14:07:57 GMT-0400 (Eastern Daylight Saving Time): Dialog text task_solving_error was received successfully
Wed Oct 09 2024 14:07:57 GMT-0400 (Eastern Daylight Saving Time): 1 programming languages were received successfully
Wed Oct 09 2024 14:28:39 GMT-0400 (Eastern Daylight Saving Time): Settings was received successfully
Wed Oct 09 2024 14:28:39 GMT-0400 (Eastern Daylight Saving Time): 1 languages were received successfully
Wed Oct 09 2024 14:28:39 GMT-0400 (Eastern Daylight Saving Time): 6 tasks were received successfully
Wed Oct 09 2024 14:28:39 GMT-0400 (Eastern Daylight Saving Time): 3 genders were received successfully
Wed Oct 09 2024 14:28:39 GMT-0400 (Eastern Daylight Saving Time): 194 countries were received successfully
Wed Oct 09 2024 14:28:39 GMT-0400 (Eastern Daylight Saving Time): Dialog text task_solving_error was received successfully
Wed Oct 09 2024 14:28:39 GMT-0400 (Eastern Daylight Saving Time): 1 programming languages were received successfully
Wed Oct 09 2024 14:34:35 GMT-0400 (Eastern Daylight Saving Time): Settings was received successfully
Wed Oct 09 2024 14:34:35 GMT-0400 (Eastern Daylight Saving Time): 1 languages were received successfully
Wed Oct 09 2024 14:34:36 GMT-0400 (Eastern Daylight Saving Time): 6 tasks were received successfully
Wed Oct 09 2024 14:34:36 GMT-0400 (Eastern Daylight Saving Time): 3 genders were received successfully
Wed Oct 09 2024 14:34:36 GMT-0400 (Eastern Daylight Saving Time): 194 countries were received successfully
Wed Oct 09 2024 14:34:36 GMT-0400 (Eastern Daylight Saving Time): Dialog text task_solving_error was received successfully
Wed Oct 09 2024 14:34:36 GMT-0400 (Eastern Daylight Saving Time): 1 programming languages were received successfully
Wed Oct 09 2024 14:36:32 GMT-0400 (Eastern Daylight Saving Time): Server is listening on port 3000
Wed Oct 09 2024 14:36:33 GMT-0400 (Eastern Daylight Saving Time): Settings was received successfully
Wed Oct 09 2024 14:36:33 GMT-0400 (Eastern Daylight Saving Time): 1 languages were received successfully
Wed Oct 09 2024 14:36:33 GMT-0400 (Eastern Daylight Saving Time): 6 tasks were received successfully
Wed Oct 09 2024 14:36:33 GMT-0400 (Eastern Daylight Saving Time): 3 genders were received successfully
Wed Oct 09 2024 14:36:33 GMT-0400 (Eastern Daylight Saving Time): 194 countries were received successfully
Wed Oct 09 2024 14:36:33 GMT-0400 (Eastern Daylight Saving Time): Dialog text task_solving_error was received successfully
Wed Oct 09 2024 14:36:33 GMT-0400 (Eastern Daylight Saving Time): 1 programming languages were received successfully
Wed Oct 09 2024 14:41:03 GMT-0400 (Eastern Daylight Saving Time): Settings was received successfully
Wed Oct 09 2024 14:41:03 GMT-0400 (Eastern Daylight Saving Time): 1 languages were received successfully
Wed Oct 09 2024 14:41:03 GMT-0400 (Eastern Daylight Saving Time): 6 tasks were received successfully
Wed Oct 09 2024 14:41:03 GMT-0400 (Eastern Daylight Saving Time): 3 genders were received successfully
Wed Oct 09 2024 14:41:03 GMT-0400 (Eastern Daylight Saving Time): 194 countries were received successfully
Wed Oct 09 2024 14:41:03 GMT-0400 (Eastern Daylight Saving Time): Dialog text task_solving_error was received successfully
Wed Oct 09 2024 14:41:03 GMT-0400 (Eastern Daylight Saving Time): 1 programming languages were received successfully
Wed Oct 09 2024 14:42:22 GMT-0400 (Eastern Daylight Saving Time): Settings was received successfully
Wed Oct 09 2024 14:42:22 GMT-0400 (Eastern Daylight Saving Time): 1 languages were received successfully
Wed Oct 09 2024 14:42:22 GMT-0400 (Eastern Daylight Saving Time): 6 tasks were received successfully
Wed Oct 09 2024 14:42:22 GMT-0400 (Eastern Daylight Saving Time): 3 genders were received successfully
Wed Oct 09 2024 14:42:22 GMT-0400 (Eastern Daylight Saving Time): 194 countries were received successfully
Wed Oct 09 2024 14:42:23 GMT-0400 (Eastern Daylight Saving Time): Dialog text task_solving_error was received successfully
Wed Oct 09 2024 14:42:23 GMT-0400 (Eastern Daylight Saving Time): 1 programming languages were received successfully
Wed Oct 09 2024 14:43:54 GMT-0400 (Eastern Daylight Saving Time): Settings was received successfully
Wed Oct 09 2024 14:43:54 GMT-0400 (Eastern Daylight Saving Time): 1 languages were received successfully
Wed Oct 09 2024 14:43:54 GMT-0400 (Eastern Daylight Saving Time): 6 tasks were received successfully
Wed Oct 09 2024 14:43:54 GMT-0400 (Eastern Daylight Saving Time): 3 genders were received successfully
Wed Oct 09 2024 14:43:54 GMT-0400 (Eastern Daylight Saving Time): 194 countries were received successfully
Wed Oct 09 2024 14:43:54 GMT-0400 (Eastern Daylight Saving Time): Dialog text task_solving_error was received successfully
Wed Oct 09 2024 14:43:54 GMT-0400 (Eastern Daylight Saving Time): 1 programming languages were received successfully
Wed Oct 09 2024 14:44:14 GMT-0400 (Eastern Daylight Saving Time): Settings was received successfully
Wed Oct 09 2024 14:44:14 GMT-0400 (Eastern Daylight Saving Time): 1 languages were received successfully
Wed Oct 09 2024 14:44:14 GMT-0400 (Eastern Daylight Saving Time): 6 tasks were received successfully
Wed Oct 09 2024 14:44:14 GMT-0400 (Eastern Daylight Saving Time): 3 genders were received successfully
Wed Oct 09 2024 14:44:14 GMT-0400 (Eastern Daylight Saving Time): 194 countries were received successfully
Wed Oct 09 2024 14:44:14 GMT-0400 (Eastern Daylight Saving Time): Dialog text task_solving_error was received successfully
Wed Oct 09 2024 14:44:14 GMT-0400 (Eastern Daylight Saving Time): 1 programming languages were received successfully
Wed Oct 09 2024 14:44:41 GMT-0400 (Eastern Daylight Saving Time): User was created successfully
Wed Oct 09 2024 14:45:03 GMT-0400 (Eastern Daylight Saving Time): Activity tracker item was created successfully
Wed Oct 09 2024 14:45:03 GMT-0400 (Eastern Daylight Saving Time): Data item was created successfully
Wed Oct 09 2024 14:45:03 GMT-0400 (Eastern Daylight Saving Time): User with id 2 was received successfully
Wed Oct 09 2024 14:45:03 GMT-0400 (Eastern Daylight Saving Time): Data item with id 4 was received successfully
Wed Oct 09 2024 14:45:03 GMT-0400 (Eastern Daylight Saving Time): Activity tracker item with id 4 was received successfully
Wed Oct 09 2024 14:45:03 GMT-0400 (Eastern Daylight Saving Time): user 2 was updates successfully. Added data: di 4, ati 4
Wed Oct 09 2024 14:46:14 GMT-0400 (Eastern Daylight Saving Time): Settings was received successfully
Wed Oct 09 2024 14:46:14 GMT-0400 (Eastern Daylight Saving Time): 1 languages were received successfully
Wed Oct 09 2024 14:46:14 GMT-0400 (Eastern Daylight Saving Time): 6 tasks were received successfully
Wed Oct 09 2024 14:46:14 GMT-0400 (Eastern Daylight Saving Time): 3 genders were received successfully
Wed Oct 09 2024 14:46:14 GMT-0400 (Eastern Daylight Saving Time): 194 countries were received successfully
Wed Oct 09 2024 14:46:14 GMT-0400 (Eastern Daylight Saving Time): Dialog text task_solving_error was received successfully
Wed Oct 09 2024 14:46:14 GMT-0400 (Eastern Daylight Saving Time): 1 programming languages were received successfully
Wed Oct 09 2024 14:46:40 GMT-0400 (Eastern Daylight Saving Time): Server is listening on port 3000
Wed Oct 09 2024 14:46:45 GMT-0400 (Eastern Daylight Saving Time): Settings was received successfully
Wed Oct 09 2024 14:46:45 GMT-0400 (Eastern Daylight Saving Time): 1 languages were received successfully
Wed Oct 09 2024 14:46:45 GMT-0400 (Eastern Daylight Saving Time): 6 tasks were received successfully
Wed Oct 09 2024 14:46:45 GMT-0400 (Eastern Daylight Saving Time): 3 genders were received successfully
Wed Oct 09 2024 14:46:45 GMT-0400 (Eastern Daylight Saving Time): 194 countries were received successfully
Wed Oct 09 2024 14:46:45 GMT-0400 (Eastern Daylight Saving Time): Dialog text task_solving_error was received successfully
Wed Oct 09 2024 14:46:45 GMT-0400 (Eastern Daylight Saving Time): 1 programming languages were received successfully
Thu Oct 10 2024 22:27:58 GMT-0400 (Eastern Daylight Saving Time): Server is listening on port 3000
Thu Oct 10 2024 22:30:10 GMT-0400 (Eastern Daylight Saving Time): Settings was received successfully
Thu Oct 10 2024 22:30:11 GMT-0400 (Eastern Daylight Saving Time): 1 languages were received successfully
Thu Oct 10 2024 22:30:11 GMT-0400 (Eastern Daylight Saving Time): 6 tasks were received successfully
Thu Oct 10 2024 22:30:11 GMT-0400 (Eastern Daylight Saving Time): 3 genders were received successfully
Thu Oct 10 2024 22:30:11 GMT-0400 (Eastern Daylight Saving Time): 194 countries were received successfully
Thu Oct 10 2024 22:30:11 GMT-0400 (Eastern Daylight Saving Time): Dialog text task_solving_error was received successfully
Thu Oct 10 2024 22:30:11 GMT-0400 (Eastern Daylight Saving Time): 1 programming languages were received successfully
Thu Oct 10 2024 22:38:12 GMT-0400 (Eastern Daylight Saving Time): Settings was received successfully
Thu Oct 10 2024 22:38:12 GMT-0400 (Eastern Daylight Saving Time): 1 languages were received successfully
Thu Oct 10 2024 22:38:12 GMT-0400 (Eastern Daylight Saving Time): 6 tasks were received successfully
Thu Oct 10 2024 22:38:13 GMT-0400 (Eastern Daylight Saving Time): 3 genders were received successfully
Thu Oct 10 2024 22:38:13 GMT-0400 (Eastern Daylight Saving Time): 194 countries were received successfully
Thu Oct 10 2024 22:38:13 GMT-0400 (Eastern Daylight Saving Time): Dialog text task_solving_error was received successfully
Thu Oct 10 2024 22:38:13 GMT-0400 (Eastern Daylight Saving Time): 1 programming languages were received successfully
Thu Oct 10 2024 22:38:28 GMT-0400 (Eastern Daylight Saving Time): Settings was received successfully
Thu Oct 10 2024 22:38:28 GMT-0400 (Eastern Daylight Saving Time): 1 languages were received successfully
Thu Oct 10 2024 22:38:28 GMT-0400 (Eastern Daylight Saving Time): 6 tasks were received successfully
Thu Oct 10 2024 22:38:28 GMT-0400 (Eastern Daylight Saving Time): 3 genders were received successfully
Thu Oct 10 2024 22:38:28 GMT-0400 (Eastern Daylight Saving Time): 194 countries were received successfully
Thu Oct 10 2024 22:38:28 GMT-0400 (Eastern Daylight Saving Time): Dialog text task_solving_error was received successfully
Thu Oct 10 2024 22:38:28 GMT-0400 (Eastern Daylight Saving Time): 1 programming languages were received successfully
Thu Oct 10 2024 22:39:29 GMT-0400 (Eastern Daylight Saving Time): User was created successfully
Thu Oct 10 2024 22:40:29 GMT-0400 (Eastern Daylight Saving Time): Activity tracker item was created successfully
Thu Oct 10 2024 22:40:29 GMT-0400 (Eastern Daylight Saving Time): Data item was created successfully
Thu Oct 10 2024 22:40:29 GMT-0400 (Eastern Daylight Saving Time): User with id 3 was received successfully
Thu Oct 10 2024 22:40:29 GMT-0400 (Eastern Daylight Saving Time): Data item with id 5 was received successfully
Thu Oct 10 2024 22:40:29 GMT-0400 (Eastern Daylight Saving Time): Activity tracker item with id 5 was received successfully
Thu Oct 10 2024 22:40:29 GMT-0400 (Eastern Daylight Saving Time): user 3 was updates successfully. Added data: di 5, ati 5
Thu Oct 10 2024 22:42:13 GMT-0400 (Eastern Daylight Saving Time): Activity tracker item was created successfully
Thu Oct 10 2024 22:42:13 GMT-0400 (Eastern Daylight Saving Time): Data item was created successfully
Thu Oct 10 2024 22:42:13 GMT-0400 (Eastern Daylight Saving Time): User with id 3 was received successfully
Thu Oct 10 2024 22:42:13 GMT-0400 (Eastern Daylight Saving Time): Data item with id 6 was received successfully
Thu Oct 10 2024 22:42:13 GMT-0400 (Eastern Daylight Saving Time): Activity tracker item with id 6 was received successfully
Thu Oct 10 2024 22:42:13 GMT-0400 (Eastern Daylight Saving Time): user 3 was updates successfully. Added data: di 6, ati 6
Fri Oct 11 2024 08:24:13 GMT-0400 (Eastern Daylight Saving Time): Server is listening on port 3000
Fri Oct 11 2024 08:24:37 GMT-0400 (Eastern Daylight Saving Time): Settings was received successfully
Fri Oct 11 2024 08:24:37 GMT-0400 (Eastern Daylight Saving Time): 1 languages were received successfully
Fri Oct 11 2024 08:24:37 GMT-0400 (Eastern Daylight Saving Time): 6 tasks were received successfully
Fri Oct 11 2024 08:24:37 GMT-0400 (Eastern Daylight Saving Time): 3 genders were received successfully
Fri Oct 11 2024 08:24:37 GMT-0400 (Eastern Daylight Saving Time): 194 countries were received successfully
Fri Oct 11 2024 08:24:37 GMT-0400 (Eastern Daylight Saving Time): Dialog text task_solving_error was received successfully
Fri Oct 11 2024 08:24:37 GMT-0400 (Eastern Daylight Saving Time): 1 programming languages were received successfully
Fri Oct 11 2024 08:29:08 GMT-0400 (Eastern Daylight Saving Time): Activity tracker item was created successfully
Fri Oct 11 2024 08:29:08 GMT-0400 (Eastern Daylight Saving Time): Data item was created successfully
Fri Oct 11 2024 08:29:08 GMT-0400 (Eastern Daylight Saving Time): User with id 3 was received successfully
Fri Oct 11 2024 08:29:08 GMT-0400 (Eastern Daylight Saving Time): Data item with id 7 was received successfully
Fri Oct 11 2024 08:29:08 GMT-0400 (Eastern Daylight Saving Time): Activity tracker item with id 7 was received successfully
Fri Oct 11 2024 08:29:08 GMT-0400 (Eastern Daylight Saving Time): user 3 was updates successfully. Added data: di 7, ati 7
Fri Oct 11 2024 08:31:05 GMT-0400 (Eastern Daylight Saving Time): Activity tracker item was created successfully
Fri Oct 11 2024 08:31:05 GMT-0400 (Eastern Daylight Saving Time): Data item was created successfully
Fri Oct 11 2024 08:31:05 GMT-0400 (Eastern Daylight Saving Time): User with id 3 was received successfully
Fri Oct 11 2024 08:31:05 GMT-0400 (Eastern Daylight Saving Time): Data item with id 8 was received successfully
Fri Oct 11 2024 08:31:05 GMT-0400 (Eastern Daylight Saving Time): Activity tracker item with id 8 was received successfully
Fri Oct 11 2024 08:31:05 GMT-0400 (Eastern Daylight Saving Time): user 3 was updates successfully. Added data: di 8, ati 8
Fri Oct 11 2024 08:40:58 GMT-0400 (Eastern Daylight Saving Time): Server is listening on port 3000
Fri Oct 11 2024 08:41:03 GMT-0400 (Eastern Daylight Saving Time): Settings was received successfully
Fri Oct 11 2024 08:41:03 GMT-0400 (Eastern Daylight Saving Time): 1 languages were received successfully
Fri Oct 11 2024 08:41:03 GMT-0400 (Eastern Daylight Saving Time): 6 tasks were received successfully
Fri Oct 11 2024 08:41:03 GMT-0400 (Eastern Daylight Saving Time): 3 genders were received successfully
Fri Oct 11 2024 08:41:03 GMT-0400 (Eastern Daylight Saving Time): 194 countries were received successfully
Fri Oct 11 2024 08:41:03 GMT-0400 (Eastern Daylight Saving Time): Dialog text task_solving_error was received successfully
Fri Oct 11 2024 08:41:03 GMT-0400 (Eastern Daylight Saving Time): 1 programming languages were received successfully
Fri Oct 11 2024 09:13:42 GMT-0400 (Eastern Daylight Saving Time): Server is listening on port 3000
Fri Oct 11 2024 09:13:45 GMT-0400 (Eastern Daylight Saving Time): Settings was received successfully
Fri Oct 11 2024 09:13:45 GMT-0400 (Eastern Daylight Saving Time): 1 languages were received successfully
Fri Oct 11 2024 09:13:45 GMT-0400 (Eastern Daylight Saving Time): 6 tasks were received successfully
Fri Oct 11 2024 09:13:45 GMT-0400 (Eastern Daylight Saving Time): 3 genders were received successfully
Fri Oct 11 2024 09:13:45 GMT-0400 (Eastern Daylight Saving Time): 194 countries were received successfully
Fri Oct 11 2024 09:13:45 GMT-0400 (Eastern Daylight Saving Time): Dialog text task_solving_error was received successfully
Fri Oct 11 2024 09:13:45 GMT-0400 (Eastern Daylight Saving Time): 1 programming languages were received successfully
Fri Oct 11 2024 09:13:55 GMT-0400 (Eastern Daylight Saving Time): Settings was received successfully
Fri Oct 11 2024 09:13:55 GMT-0400 (Eastern Daylight Saving Time): 1 languages were received successfully
Fri Oct 11 2024 09:13:56 GMT-0400 (Eastern Daylight Saving Time): 6 tasks were received successfully
Fri Oct 11 2024 09:13:56 GMT-0400 (Eastern Daylight Saving Time): 3 genders were received successfully
Fri Oct 11 2024 09:13:56 GMT-0400 (Eastern Daylight Saving Time): 194 countries were received successfully
Fri Oct 11 2024 09:13:56 GMT-0400 (Eastern Daylight Saving Time): Dialog text task_solving_error was received successfully
Fri Oct 11 2024 09:13:56 GMT-0400 (Eastern Daylight Saving Time): 1 programming languages were received successfully
Sat Oct 12 2024 17:49:57 GMT-0400 (Eastern Daylight Saving Time): Server is listening on port 3000
Sat Oct 12 2024 17:49:58 GMT-0400 (Eastern Daylight Saving Time): Settings was received successfully
Sat Oct 12 2024 17:49:58 GMT-0400 (Eastern Daylight Saving Time): 1 languages were received successfully
Sat Oct 12 2024 17:49:59 GMT-0400 (Eastern Daylight Saving Time): 6 tasks were received successfully
Sat Oct 12 2024 17:49:59 GMT-0400 (Eastern Daylight Saving Time): 3 genders were received successfully
Sat Oct 12 2024 17:49:59 GMT-0400 (Eastern Daylight Saving Time): 194 countries were received successfully
Sat Oct 12 2024 17:49:59 GMT-0400 (Eastern Daylight Saving Time): Dialog text task_solving_error was received successfully
Sat Oct 12 2024 17:49:59 GMT-0400 (Eastern Daylight Saving Time): 1 programming languages were received successfully
Sat Oct 12 2024 17:56:30 GMT-0400 (Eastern Daylight Saving Time): Settings was received successfully
Sat Oct 12 2024 17:56:30 GMT-0400 (Eastern Daylight Saving Time): 1 languages were received successfully
Sat Oct 12 2024 17:56:30 GMT-0400 (Eastern Daylight Saving Time): 6 tasks were received successfully
Sat Oct 12 2024 17:56:30 GMT-0400 (Eastern Daylight Saving Time): 3 genders were received successfully
Sat Oct 12 2024 17:56:30 GMT-0400 (Eastern Daylight Saving Time): 194 countries were received successfully
Sat Oct 12 2024 17:56:30 GMT-0400 (Eastern Daylight Saving Time): Dialog text task_solving_error was received successfully
Sat Oct 12 2024 17:56:31 GMT-0400 (Eastern Daylight Saving Time): 1 programming languages were received successfully
Sat Oct 12 2024 17:57:32 GMT-0400 (Eastern Daylight Saving Time): Settings was received successfully
Sat Oct 12 2024 17:57:32 GMT-0400 (Eastern Daylight Saving Time): 1 languages were received successfully
Sat Oct 12 2024 17:57:32 GMT-0400 (Eastern Daylight Saving Time): 6 tasks were received successfully
Sat Oct 12 2024 17:57:32 GMT-0400 (Eastern Daylight Saving Time): 3 genders were received successfully
Sat Oct 12 2024 17:57:32 GMT-0400 (Eastern Daylight Saving Time): 194 countries were received successfully
Sat Oct 12 2024 17:57:32 GMT-0400 (Eastern Daylight Saving Time): Dialog text task_solving_error was received successfully
Sat Oct 12 2024 17:57:32 GMT-0400 (Eastern Daylight Saving Time): 1 programming languages were received successfully
Sat Oct 12 2024 18:05:32 GMT-0400 (Eastern Daylight Saving Time): Settings was received successfully
Sat Oct 12 2024 18:05:32 GMT-0400 (Eastern Daylight Saving Time): 1 languages were received successfully
Sat Oct 12 2024 18:05:32 GMT-0400 (Eastern Daylight Saving Time): 6 tasks were received successfully
Sat Oct 12 2024 18:05:32 GMT-0400 (Eastern Daylight Saving Time): 3 genders were received successfully
Sat Oct 12 2024 18:05:33 GMT-0400 (Eastern Daylight Saving Time): 194 countries were received successfully
Sat Oct 12 2024 18:05:33 GMT-0400 (Eastern Daylight Saving Time): Dialog text task_solving_error was received successfully
Sat Oct 12 2024 18:05:33 GMT-0400 (Eastern Daylight Saving Time): 1 programming languages were received successfully
Sat Oct 12 2024 18:09:20 GMT-0400 (Eastern Daylight Saving Time): Settings was received successfully
Sat Oct 12 2024 18:09:20 GMT-0400 (Eastern Daylight Saving Time): 1 languages were received successfully
Sat Oct 12 2024 18:09:20 GMT-0400 (Eastern Daylight Saving Time): 6 tasks were received successfully
Sat Oct 12 2024 18:09:20 GMT-0400 (Eastern Daylight Saving Time): 3 genders were received successfully
Sat Oct 12 2024 18:09:20 GMT-0400 (Eastern Daylight Saving Time): 194 countries were received successfully
Sat Oct 12 2024 18:09:20 GMT-0400 (Eastern Daylight Saving Time): Dialog text task_solving_error was received successfully
Sat Oct 12 2024 18:09:20 GMT-0400 (Eastern Daylight Saving Time): 1 programming languages were received successfully
Sat Oct 12 2024 18:18:02 GMT-0400 (Eastern Daylight Saving Time): Settings was received successfully
Sat Oct 12 2024 18:18:02 GMT-0400 (Eastern Daylight Saving Time): 1 languages were received successfully
Sat Oct 12 2024 18:18:02 GMT-0400 (Eastern Daylight Saving Time): 6 tasks were received successfully
Sat Oct 12 2024 18:18:02 GMT-0400 (Eastern Daylight Saving Time): 3 genders were received successfully
Sat Oct 12 2024 18:18:02 GMT-0400 (Eastern Daylight Saving Time): 194 countries were received successfully
Sat Oct 12 2024 18:18:02 GMT-0400 (Eastern Daylight Saving Time): Dialog text task_solving_error was received successfully
Sat Oct 12 2024 18:18:02 GMT-0400 (Eastern Daylight Saving Time): 1 programming languages were received successfully
Sat Oct 12 2024 18:20:55 GMT-0400 (Eastern Daylight Saving Time): Settings was received successfully
Sat Oct 12 2024 18:20:55 GMT-0400 (Eastern Daylight Saving Time): 1 languages were received successfully
Sat Oct 12 2024 18:20:55 GMT-0400 (Eastern Daylight Saving Time): 6 tasks were received successfully
Sat Oct 12 2024 18:20:55 GMT-0400 (Eastern Daylight Saving Time): 3 genders were received successfully
Sat Oct 12 2024 18:20:55 GMT-0400 (Eastern Daylight Saving Time): 194 countries were received successfully
Sat Oct 12 2024 18:20:55 GMT-0400 (Eastern Daylight Saving Time): Dialog text task_solving_error was received successfully
Sat Oct 12 2024 18:20:55 GMT-0400 (Eastern Daylight Saving Time): 1 programming languages were received successfully
Sat Oct 12 2024 18:21:17 GMT-0400 (Eastern Daylight Saving Time): Settings was received successfully
Sat Oct 12 2024 18:21:17 GMT-0400 (Eastern Daylight Saving Time): 1 languages were received successfully
Sat Oct 12 2024 18:21:17 GMT-0400 (Eastern Daylight Saving Time): 6 tasks were received successfully
Sat Oct 12 2024 18:21:17 GMT-0400 (Eastern Daylight Saving Time): 3 genders were received successfully
Sat Oct 12 2024 18:21:17 GMT-0400 (Eastern Daylight Saving Time): 194 countries were received successfully
Sat Oct 12 2024 18:21:17 GMT-0400 (Eastern Daylight Saving Time): Dialog text task_solving_error was received successfully
Sat Oct 12 2024 18:21:17 GMT-0400 (Eastern Daylight Saving Time): 1 programming languages were received successfully
Sat Oct 12 2024 20:17:45 GMT-0400 (Eastern Daylight Saving Time): User was created successfully
Sat Oct 12 2024 20:17:59 GMT-0400 (Eastern Daylight Saving Time): Activity tracker item was created successfully
Sat Oct 12 2024 20:17:59 GMT-0400 (Eastern Daylight Saving Time): Data item was created successfully
Sat Oct 12 2024 20:17:59 GMT-0400 (Eastern Daylight Saving Time): User with id 4 was received successfully
Sat Oct 12 2024 20:17:59 GMT-0400 (Eastern Daylight Saving Time): Data item with id 9 was received successfully
Sat Oct 12 2024 20:17:59 GMT-0400 (Eastern Daylight Saving Time): Activity tracker item with id 9 was received successfully
Sat Oct 12 2024 20:17:59 GMT-0400 (Eastern Daylight Saving Time): user 4 was updates successfully. Added data: di 9, ati 9
Sat Oct 12 2024 20:18:58 GMT-0400 (Eastern Daylight Saving Time): Settings was received successfully
Sat Oct 12 2024 20:18:58 GMT-0400 (Eastern Daylight Saving Time): 1 languages were received successfully
Sat Oct 12 2024 20:18:58 GMT-0400 (Eastern Daylight Saving Time): 6 tasks were received successfully
Sat Oct 12 2024 20:18:58 GMT-0400 (Eastern Daylight Saving Time): 3 genders were received successfully
Sat Oct 12 2024 20:18:58 GMT-0400 (Eastern Daylight Saving Time): 194 countries were received successfully
Sat Oct 12 2024 20:18:58 GMT-0400 (Eastern Daylight Saving Time): Dialog text task_solving_error was received successfully
Sat Oct 12 2024 20:18:58 GMT-0400 (Eastern Daylight Saving Time): 1 programming languages were received successfully
Sat Oct 12 2024 20:19:26 GMT-0400 (Eastern Daylight Saving Time): Server is listening on port 3000
Sat Oct 12 2024 20:26:33 GMT-0400 (Eastern Daylight Saving Time): Settings was received successfully
Sat Oct 12 2024 20:26:33 GMT-0400 (Eastern Daylight Saving Time): 1 languages were received successfully
Sat Oct 12 2024 20:26:33 GMT-0400 (Eastern Daylight Saving Time): 6 tasks were received successfully
Sat Oct 12 2024 20:26:33 GMT-0400 (Eastern Daylight Saving Time): 3 genders were received successfully
Sat Oct 12 2024 20:26:33 GMT-0400 (Eastern Daylight Saving Time): 194 countries were received successfully
Sat Oct 12 2024 20:26:33 GMT-0400 (Eastern Daylight Saving Time): Dialog text task_solving_error was received successfully
Sat Oct 12 2024 20:26:33 GMT-0400 (Eastern Daylight Saving Time): 1 programming languages were received successfully
Sat Oct 12 2024 20:27:55 GMT-0400 (Eastern Daylight Saving Time): Settings was received successfully
Sat Oct 12 2024 20:27:55 GMT-0400 (Eastern Daylight Saving Time): 1 languages were received successfully
Sat Oct 12 2024 20:27:55 GMT-0400 (Eastern Daylight Saving Time): 6 tasks were received successfully
Sat Oct 12 2024 20:27:55 GMT-0400 (Eastern Daylight Saving Time): 3 genders were received successfully
Sat Oct 12 2024 20:27:55 GMT-0400 (Eastern Daylight Saving Time): 194 countries were received successfully
Sat Oct 12 2024 20:27:55 GMT-0400 (Eastern Daylight Saving Time): Dialog text task_solving_error was received successfully
Sat Oct 12 2024 20:27:55 GMT-0400 (Eastern Daylight Saving Time): 1 programming languages were received successfully
Sat Oct 12 2024 20:28:57 GMT-0400 (Eastern Daylight Saving Time): Settings was received successfully
Sat Oct 12 2024 20:28:57 GMT-0400 (Eastern Daylight Saving Time): 1 languages were received successfully
Sat Oct 12 2024 20:28:57 GMT-0400 (Eastern Daylight Saving Time): 6 tasks were received successfully
Sat Oct 12 2024 20:28:57 GMT-0400 (Eastern Daylight Saving Time): 3 genders were received successfully
Sat Oct 12 2024 20:28:57 GMT-0400 (Eastern Daylight Saving Time): 194 countries were received successfully
Sat Oct 12 2024 20:28:57 GMT-0400 (Eastern Daylight Saving Time): Dialog text task_solving_error was received successfully
Sat Oct 12 2024 20:28:57 GMT-0400 (Eastern Daylight Saving Time): 1 programming languages were received successfully
Sat Oct 12 2024 20:31:24 GMT-0400 (Eastern Daylight Saving Time): Settings was received successfully
Sat Oct 12 2024 20:31:24 GMT-0400 (Eastern Daylight Saving Time): 1 languages were received successfully
Sat Oct 12 2024 20:31:24 GMT-0400 (Eastern Daylight Saving Time): 6 tasks were received successfully
Sat Oct 12 2024 20:31:24 GMT-0400 (Eastern Daylight Saving Time): 3 genders were received successfully
Sat Oct 12 2024 20:31:24 GMT-0400 (Eastern Daylight Saving Time): 194 countries were received successfully
Sat Oct 12 2024 20:31:24 GMT-0400 (Eastern Daylight Saving Time): Dialog text task_solving_error was received successfully
Sat Oct 12 2024 20:31:24 GMT-0400 (Eastern Daylight Saving Time): 1 programming languages were received successfully
Sat Oct 12 2024 20:32:19 GMT-0400 (Eastern Daylight Saving Time): Server is listening on port 3000
Sat Oct 12 2024 20:32:27 GMT-0400 (Eastern Daylight Saving Time): Settings was received successfully
Sat Oct 12 2024 20:32:27 GMT-0400 (Eastern Daylight Saving Time): 1 languages were received successfully
Sat Oct 12 2024 20:32:27 GMT-0400 (Eastern Daylight Saving Time): 6 tasks were received successfully
Sat Oct 12 2024 20:32:27 GMT-0400 (Eastern Daylight Saving Time): 3 genders were received successfully
Sat Oct 12 2024 20:32:27 GMT-0400 (Eastern Daylight Saving Time): 194 countries were received successfully
Sat Oct 12 2024 20:32:27 GMT-0400 (Eastern Daylight Saving Time): Dialog text task_solving_error was received successfully
Sat Oct 12 2024 20:32:27 GMT-0400 (Eastern Daylight Saving Time): 1 programming languages were received successfully
Sat Oct 12 2024 20:36:32 GMT-0400 (Eastern Daylight Saving Time): Settings was received successfully
Sat Oct 12 2024 20:36:32 GMT-0400 (Eastern Daylight Saving Time): 1 languages were received successfully
Sat Oct 12 2024 20:36:32 GMT-0400 (Eastern Daylight Saving Time): 6 tasks were received successfully
Sat Oct 12 2024 20:36:32 GMT-0400 (Eastern Daylight Saving Time): 3 genders were received successfully
Sat Oct 12 2024 20:36:32 GMT-0400 (Eastern Daylight Saving Time): 194 countries were received successfully
Sat Oct 12 2024 20:36:32 GMT-0400 (Eastern Daylight Saving Time): Dialog text task_solving_error was received successfully
Sat Oct 12 2024 20:36:32 GMT-0400 (Eastern Daylight Saving Time): 1 programming languages were received successfully
Sun Oct 13 2024 10:24:42 GMT-0400 (Eastern Daylight Saving Time): Server is listening on port 3000
Sun Oct 13 2024 10:24:50 GMT-0400 (Eastern Daylight Saving Time): Settings was received successfully
Sun Oct 13 2024 10:24:50 GMT-0400 (Eastern Daylight Saving Time): 1 languages were received successfully
Sun Oct 13 2024 10:24:50 GMT-0400 (Eastern Daylight Saving Time): 6 tasks were received successfully
Sun Oct 13 2024 10:24:50 GMT-0400 (Eastern Daylight Saving Time): 3 genders were received successfully
Sun Oct 13 2024 10:24:50 GMT-0400 (Eastern Daylight Saving Time): 194 countries were received successfully
Sun Oct 13 2024 10:24:50 GMT-0400 (Eastern Daylight Saving Time): Dialog text task_solving_error was received successfully
Sun Oct 13 2024 10:24:50 GMT-0400 (Eastern Daylight Saving Time): 1 programming languages were received successfully
Sun Oct 13 2024 10:25:16 GMT-0400 (Eastern Daylight Saving Time): Settings was received successfully
Sun Oct 13 2024 10:25:16 GMT-0400 (Eastern Daylight Saving Time): 1 languages were received successfully
Sun Oct 13 2024 10:25:16 GMT-0400 (Eastern Daylight Saving Time): 6 tasks were received successfully
Sun Oct 13 2024 10:25:16 GMT-0400 (Eastern Daylight Saving Time): 3 genders were received successfully
Sun Oct 13 2024 10:25:16 GMT-0400 (Eastern Daylight Saving Time): 194 countries were received successfully
Sun Oct 13 2024 10:25:16 GMT-0400 (Eastern Daylight Saving Time): Dialog text task_solving_error was received successfully
Sun Oct 13 2024 10:25:16 GMT-0400 (Eastern Daylight Saving Time): 1 programming languages were received successfully
Sun Oct 13 2024 10:29:04 GMT-0400 (Eastern Daylight Saving Time): Settings was received successfully
Sun Oct 13 2024 10:29:04 GMT-0400 (Eastern Daylight Saving Time): 1 languages were received successfully
Sun Oct 13 2024 10:29:04 GMT-0400 (Eastern Daylight Saving Time): 6 tasks were received successfully
Sun Oct 13 2024 10:29:04 GMT-0400 (Eastern Daylight Saving Time): 3 genders were received successfully
Sun Oct 13 2024 10:29:05 GMT-0400 (Eastern Daylight Saving Time): 194 countries were received successfully
Sun Oct 13 2024 10:29:05 GMT-0400 (Eastern Daylight Saving Time): Dialog text task_solving_error was received successfully
Sun Oct 13 2024 10:29:05 GMT-0400 (Eastern Daylight Saving Time): 1 programming languages were received successfully
Sun Oct 13 2024 10:36:05 GMT-0400 (Eastern Daylight Saving Time): Settings was received successfully
Sun Oct 13 2024 10:36:05 GMT-0400 (Eastern Daylight Saving Time): 1 languages were received successfully
Sun Oct 13 2024 10:36:05 GMT-0400 (Eastern Daylight Saving Time): 6 tasks were received successfully
Sun Oct 13 2024 10:36:05 GMT-0400 (Eastern Daylight Saving Time): 3 genders were received successfully
Sun Oct 13 2024 10:36:05 GMT-0400 (Eastern Daylight Saving Time): 194 countries were received successfully
Sun Oct 13 2024 10:36:05 GMT-0400 (Eastern Daylight Saving Time): Dialog text task_solving_error was received successfully
Sun Oct 13 2024 10:36:06 GMT-0400 (Eastern Daylight Saving Time): 1 programming languages were received successfully
Sun Oct 13 2024 10:38:20 GMT-0400 (Eastern Daylight Saving Time): Settings was received successfully
Sun Oct 13 2024 10:38:20 GMT-0400 (Eastern Daylight Saving Time): 1 languages were received successfully
Sun Oct 13 2024 10:38:20 GMT-0400 (Eastern Daylight Saving Time): 6 tasks were received successfully
Sun Oct 13 2024 10:38:20 GMT-0400 (Eastern Daylight Saving Time): 3 genders were received successfully
Sun Oct 13 2024 10:38:20 GMT-0400 (Eastern Daylight Saving Time): 194 countries were received successfully
Sun Oct 13 2024 10:38:20 GMT-0400 (Eastern Daylight Saving Time): Dialog text task_solving_error was received successfully
Sun Oct 13 2024 10:38:20 GMT-0400 (Eastern Daylight Saving Time): 1 programming languages were received successfully
Sun Oct 13 2024 10:38:56 GMT-0400 (Eastern Daylight Saving Time): Settings was received successfully
Sun Oct 13 2024 10:38:56 GMT-0400 (Eastern Daylight Saving Time): 1 languages were received successfully
Sun Oct 13 2024 10:38:56 GMT-0400 (Eastern Daylight Saving Time): 6 tasks were received successfully
Sun Oct 13 2024 10:38:56 GMT-0400 (Eastern Daylight Saving Time): 3 genders were received successfully
Sun Oct 13 2024 10:38:56 GMT-0400 (Eastern Daylight Saving Time): 194 countries were received successfully
Sun Oct 13 2024 10:38:56 GMT-0400 (Eastern Daylight Saving Time): Dialog text task_solving_error was received successfully
Sun Oct 13 2024 10:38:56 GMT-0400 (Eastern Daylight Saving Time): 1 programming languages were received successfully
Sun Oct 13 2024 10:43:01 GMT-0400 (Eastern Daylight Saving Time): Settings was received successfully
Sun Oct 13 2024 10:43:01 GMT-0400 (Eastern Daylight Saving Time): 1 languages were received successfully
Sun Oct 13 2024 10:43:01 GMT-0400 (Eastern Daylight Saving Time): 6 tasks were received successfully
Sun Oct 13 2024 10:43:01 GMT-0400 (Eastern Daylight Saving Time): 3 genders were received successfully
Sun Oct 13 2024 10:43:01 GMT-0400 (Eastern Daylight Saving Time): 194 countries were received successfully
Sun Oct 13 2024 10:43:01 GMT-0400 (Eastern Daylight Saving Time): Dialog text task_solving_error was received successfully
Sun Oct 13 2024 10:43:01 GMT-0400 (Eastern Daylight Saving Time): 1 programming languages were received successfully
Sun Oct 13 2024 10:43:32 GMT-0400 (Eastern Daylight Saving Time): Settings was received successfully
Sun Oct 13 2024 10:43:32 GMT-0400 (Eastern Daylight Saving Time): 1 languages were received successfully
Sun Oct 13 2024 10:43:32 GMT-0400 (Eastern Daylight Saving Time): 6 tasks were received successfully
Sun Oct 13 2024 10:43:32 GMT-0400 (Eastern Daylight Saving Time): 3 genders were received successfully
Sun Oct 13 2024 10:43:32 GMT-0400 (Eastern Daylight Saving Time): 194 countries were received successfully
Sun Oct 13 2024 10:43:32 GMT-0400 (Eastern Daylight Saving Time): Dialog text task_solving_error was received successfully
Sun Oct 13 2024 10:43:32 GMT-0400 (Eastern Daylight Saving Time): 1 programming languages were received successfully
Sun Oct 13 2024 10:46:14 GMT-0400 (Eastern Daylight Saving Time): Server is listening on port 3000
Sun Oct 13 2024 10:46:19 GMT-0400 (Eastern Daylight Saving Time): Settings was received successfully
Sun Oct 13 2024 10:46:19 GMT-0400 (Eastern Daylight Saving Time): 1 languages were received successfully
Sun Oct 13 2024 10:46:19 GMT-0400 (Eastern Daylight Saving Time): 6 tasks were received successfully
Sun Oct 13 2024 10:46:19 GMT-0400 (Eastern Daylight Saving Time): 3 genders were received successfully
Sun Oct 13 2024 10:46:19 GMT-0400 (Eastern Daylight Saving Time): 194 countries were received successfully
Sun Oct 13 2024 10:46:20 GMT-0400 (Eastern Daylight Saving Time): Dialog text task_solving_error was received successfully
Sun Oct 13 2024 10:46:20 GMT-0400 (Eastern Daylight Saving Time): 1 programming languages were received successfully
Sun Oct 13 2024 10:46:58 GMT-0400 (Eastern Daylight Saving Time): Settings was received successfully
Sun Oct 13 2024 10:46:58 GMT-0400 (Eastern Daylight Saving Time): 1 languages were received successfully
Sun Oct 13 2024 10:46:58 GMT-0400 (Eastern Daylight Saving Time): 6 tasks were received successfully
Sun Oct 13 2024 10:46:58 GMT-0400 (Eastern Daylight Saving Time): 3 genders were received successfully
Sun Oct 13 2024 10:46:58 GMT-0400 (Eastern Daylight Saving Time): 194 countries were received successfully
Sun Oct 13 2024 10:46:58 GMT-0400 (Eastern Daylight Saving Time): Dialog text task_solving_error was received successfully
Sun Oct 13 2024 10:46:58 GMT-0400 (Eastern Daylight Saving Time): 1 programming languages were received successfully
Sun Oct 13 2024 10:48:57 GMT-0400 (Eastern Daylight Saving Time): Server is listening on port 3000
Sun Oct 13 2024 10:49:38 GMT-0400 (Eastern Daylight Saving Time): Settings was received successfully
Sun Oct 13 2024 10:49:38 GMT-0400 (Eastern Daylight Saving Time): 1 languages were received successfully
Sun Oct 13 2024 10:49:38 GMT-0400 (Eastern Daylight Saving Time): 6 tasks were received successfully
Sun Oct 13 2024 10:49:38 GMT-0400 (Eastern Daylight Saving Time): 3 genders were received successfully
Sun Oct 13 2024 10:49:38 GMT-0400 (Eastern Daylight Saving Time): 194 countries were received successfully
Sun Oct 13 2024 10:49:38 GMT-0400 (Eastern Daylight Saving Time): Dialog text task_solving_error was received successfully
Sun Oct 13 2024 10:49:38 GMT-0400 (Eastern Daylight Saving Time): 1 programming languages were received successfully
Sun Oct 13 2024 10:50:05 GMT-0400 (Eastern Daylight Saving Time): Settings was received successfully
Sun Oct 13 2024 10:50:05 GMT-0400 (Eastern Daylight Saving Time): 1 languages were received successfully
Sun Oct 13 2024 10:50:05 GMT-0400 (Eastern Daylight Saving Time): 6 tasks were received successfully
Sun Oct 13 2024 10:50:05 GMT-0400 (Eastern Daylight Saving Time): 3 genders were received successfully
Sun Oct 13 2024 10:50:05 GMT-0400 (Eastern Daylight Saving Time): 194 countries were received successfully
Sun Oct 13 2024 10:50:05 GMT-0400 (Eastern Daylight Saving Time): Dialog text task_solving_error was received successfully
Sun Oct 13 2024 10:50:05 GMT-0400 (Eastern Daylight Saving Time): 1 programming languages were received successfully
Sun Oct 13 2024 10:54:45 GMT-0400 (Eastern Daylight Saving Time): Settings was received successfully
Sun Oct 13 2024 10:54:45 GMT-0400 (Eastern Daylight Saving Time): 1 languages were received successfully
Sun Oct 13 2024 10:54:45 GMT-0400 (Eastern Daylight Saving Time): 6 tasks were received successfully
Sun Oct 13 2024 10:54:45 GMT-0400 (Eastern Daylight Saving Time): 3 genders were received successfully
Sun Oct 13 2024 10:54:45 GMT-0400 (Eastern Daylight Saving Time): 194 countries were received successfully
Sun Oct 13 2024 10:54:45 GMT-0400 (Eastern Daylight Saving Time): Dialog text task_solving_error was received successfully
Sun Oct 13 2024 10:54:45 GMT-0400 (Eastern Daylight Saving Time): 1 programming languages were received successfully
Sun Oct 13 2024 10:55:34 GMT-0400 (Eastern Daylight Saving Time): Settings was received successfully
Sun Oct 13 2024 10:56:31 GMT-0400 (Eastern Daylight Saving Time): Settings was received successfully
Sun Oct 13 2024 11:01:55 GMT-0400 (Eastern Daylight Saving Time): Server is listening on port 3000
Sun Oct 13 2024 11:02:15 GMT-0400 (Eastern Daylight Saving Time): Settings was received successfully
Sun Oct 13 2024 11:02:15 GMT-0400 (Eastern Daylight Saving Time): 1 languages were received successfully
Sun Oct 13 2024 11:02:15 GMT-0400 (Eastern Daylight Saving Time): 6 tasks were received successfully
Sun Oct 13 2024 11:02:15 GMT-0400 (Eastern Daylight Saving Time): 3 genders were received successfully
Sun Oct 13 2024 11:02:15 GMT-0400 (Eastern Daylight Saving Time): 194 countries were received successfully
Sun Oct 13 2024 11:02:15 GMT-0400 (Eastern Daylight Saving Time): Dialog text task_solving_error was received successfully
Sun Oct 13 2024 11:02:15 GMT-0400 (Eastern Daylight Saving Time): 1 programming languages were received successfully
Sun Oct 13 2024 11:02:37 GMT-0400 (Eastern Daylight Saving Time): Settings was received successfully
Sun Oct 13 2024 11:03:53 GMT-0400 (Eastern Daylight Saving Time): Server is listening on port 3000
Sun Oct 13 2024 11:04:16 GMT-0400 (Eastern Daylight Saving Time): Settings was received successfully
Sun Oct 13 2024 12:58:44 GMT-0400 (Eastern Daylight Saving Time): Server is listening on port 3000
Sun Oct 13 2024 13:07:16 GMT-0400 (Eastern Daylight Saving Time): Settings was received successfully
Sun Oct 13 2024 13:07:16 GMT-0400 (Eastern Daylight Saving Time): 1 languages were received successfully
Sun Oct 13 2024 13:07:16 GMT-0400 (Eastern Daylight Saving Time): 6 tasks were received successfully
Sun Oct 13 2024 13:07:16 GMT-0400 (Eastern Daylight Saving Time): 3 genders were received successfully
Sun Oct 13 2024 13:07:16 GMT-0400 (Eastern Daylight Saving Time): 194 countries were received successfully
Sun Oct 13 2024 13:07:16 GMT-0400 (Eastern Daylight Saving Time): Dialog text task_solving_error was received successfully
Sun Oct 13 2024 13:07:16 GMT-0400 (Eastern Daylight Saving Time): 1 programming languages were received successfully
Sun Oct 13 2024 13:07:53 GMT-0400 (Eastern Daylight Saving Time): Settings was received successfully
Sun Oct 13 2024 13:07:53 GMT-0400 (Eastern Daylight Saving Time): 1 languages were received successfully
Sun Oct 13 2024 13:07:53 GMT-0400 (Eastern Daylight Saving Time): 6 tasks were received successfully
Sun Oct 13 2024 13:07:53 GMT-0400 (Eastern Daylight Saving Time): 3 genders were received successfully
Sun Oct 13 2024 13:07:53 GMT-0400 (Eastern Daylight Saving Time): 194 countries were received successfully
Sun Oct 13 2024 13:07:53 GMT-0400 (Eastern Daylight Saving Time): Dialog text task_solving_error was received successfully
Sun Oct 13 2024 13:07:53 GMT-0400 (Eastern Daylight Saving Time): 1 programming languages were received successfully
Sun Oct 13 2024 13:29:12 GMT-0400 (Eastern Daylight Saving Time): Settings was received successfully
Sun Oct 13 2024 13:29:12 GMT-0400 (Eastern Daylight Saving Time): 1 languages were received successfully
Sun Oct 13 2024 13:29:12 GMT-0400 (Eastern Daylight Saving Time): 6 tasks were received successfully
Sun Oct 13 2024 13:29:12 GMT-0400 (Eastern Daylight Saving Time): 3 genders were received successfully
Sun Oct 13 2024 13:29:13 GMT-0400 (Eastern Daylight Saving Time): 194 countries were received successfully
Sun Oct 13 2024 13:29:13 GMT-0400 (Eastern Daylight Saving Time): Dialog text task_solving_error was received successfully
Sun Oct 13 2024 13:29:13 GMT-0400 (Eastern Daylight Saving Time): 1 programming languages were received successfully
Sun Oct 13 2024 13:30:32 GMT-0400 (Eastern Daylight Saving Time): Settings was received successfully
Sun Oct 13 2024 13:30:32 GMT-0400 (Eastern Daylight Saving Time): 1 languages were received successfully
Sun Oct 13 2024 13:30:32 GMT-0400 (Eastern Daylight Saving Time): 6 tasks were received successfully
Sun Oct 13 2024 13:30:32 GMT-0400 (Eastern Daylight Saving Time): 3 genders were received successfully
Sun Oct 13 2024 13:30:32 GMT-0400 (Eastern Daylight Saving Time): 194 countries were received successfully
Sun Oct 13 2024 13:30:32 GMT-0400 (Eastern Daylight Saving Time): Dialog text task_solving_error was received successfully
Sun Oct 13 2024 13:30:32 GMT-0400 (Eastern Daylight Saving Time): 1 programming languages were received successfully
Sun Oct 13 2024 13:34:00 GMT-0400 (Eastern Daylight Saving Time): Settings was received successfully
Sun Oct 13 2024 13:34:00 GMT-0400 (Eastern Daylight Saving Time): 1 languages were received successfully
Sun Oct 13 2024 13:34:00 GMT-0400 (Eastern Daylight Saving Time): 6 tasks were received successfully
Sun Oct 13 2024 13:34:00 GMT-0400 (Eastern Daylight Saving Time): 3 genders were received successfully
Sun Oct 13 2024 13:34:00 GMT-0400 (Eastern Daylight Saving Time): 194 countries were received successfully
Sun Oct 13 2024 13:34:00 GMT-0400 (Eastern Daylight Saving Time): Dialog text task_solving_error was received successfully
Sun Oct 13 2024 13:34:00 GMT-0400 (Eastern Daylight Saving Time): 1 programming languages were received successfully
Sun Oct 13 2024 13:41:38 GMT-0400 (Eastern Daylight Saving Time):Settings was created successfully
Sun Oct 13 2024 13:41:38 GMT-0400 (Eastern Daylight Saving Time): Task pies was created successfully
Sun Oct 13 2024 13:41:38 GMT-0400 (Eastern Daylight Saving Time): Task max_3 was created successfully
Sun Oct 13 2024 13:41:38 GMT-0400 (Eastern Daylight Saving Time): Task is_zero was created successfully
Sun Oct 13 2024 13:41:38 GMT-0400 (Eastern Daylight Saving Time): Task max_digit was created successfully
Sun Oct 13 2024 13:41:38 GMT-0400 (Eastern Daylight Saving Time): Task voting was created successfully
Sun Oct 13 2024 13:41:38 GMT-0400 (Eastern Daylight Saving Time): Task brackets was created successfully
Sun Oct 13 2024 13:41:38 GMT-0400 (Eastern Daylight Saving Time): Dialog text task_solving_error was created successfully
Sun Oct 13 2024 13:41:38 GMT-0400 (Eastern Daylight Saving Time): Dialog text successful_submit was created successfully
Sun Oct 13 2024 13:41:38 GMT-0400 (Eastern Daylight Saving Time): Dialog text task_submit_error was created successfully
Sun Oct 13 2024 13:44:27 GMT-0400 (Eastern Daylight Saving Time): Settings was received successfully
Sun Oct 13 2024 13:44:27 GMT-0400 (Eastern Daylight Saving Time): 1 languages were received successfully
Sun Oct 13 2024 13:44:27 GMT-0400 (Eastern Daylight Saving Time): 6 tasks were received successfully
Sun Oct 13 2024 13:44:27 GMT-0400 (Eastern Daylight Saving Time): 3 genders were received successfully
Sun Oct 13 2024 13:44:27 GMT-0400 (Eastern Daylight Saving Time): 1 countries were received successfully
Sun Oct 13 2024 13:44:27 GMT-0400 (Eastern Daylight Saving Time): Dialog text task_solving_error was received successfully
Sun Oct 13 2024 13:44:27 GMT-0400 (Eastern Daylight Saving Time): 1 programming languages were received successfully
Sun Oct 13 2024 13:48:01 GMT-0400 (Eastern Daylight Saving Time):Settings was created successfully
Sun Oct 13 2024 13:48:01 GMT-0400 (Eastern Daylight Saving Time): Task pies was created successfully
Sun Oct 13 2024 13:48:01 GMT-0400 (Eastern Daylight Saving Time): Task max_3 was created successfully
Sun Oct 13 2024 13:48:01 GMT-0400 (Eastern Daylight Saving Time): Task is_zero was created successfully
Sun Oct 13 2024 13:48:01 GMT-0400 (Eastern Daylight Saving Time): Task max_digit was created successfully
Sun Oct 13 2024 13:48:01 GMT-0400 (Eastern Daylight Saving Time): Task voting was created successfully
Sun Oct 13 2024 13:48:01 GMT-0400 (Eastern Daylight Saving Time): Task brackets was created successfully
Sun Oct 13 2024 13:48:01 GMT-0400 (Eastern Daylight Saving Time): Dialog text task_solving_error was created successfully
Sun Oct 13 2024 13:48:01 GMT-0400 (Eastern Daylight Saving Time): Dialog text successful_submit was created successfully
Sun Oct 13 2024 13:48:01 GMT-0400 (Eastern Daylight Saving Time): Dialog text task_submit_error was created successfully
Sun Oct 13 2024 13:50:45 GMT-0400 (Eastern Daylight Saving Time): Settings was received successfully
Sun Oct 13 2024 13:51:44 GMT-0400 (Eastern Daylight Saving Time):Settings was created successfully
Sun Oct 13 2024 13:51:44 GMT-0400 (Eastern Daylight Saving Time): Task pies was created successfully
Sun Oct 13 2024 13:51:44 GMT-0400 (Eastern Daylight Saving Time): Task max_3 was created successfully
Sun Oct 13 2024 13:51:44 GMT-0400 (Eastern Daylight Saving Time): Task is_zero was created successfully
Sun Oct 13 2024 13:51:45 GMT-0400 (Eastern Daylight Saving Time): Task max_digit was created successfully
Sun Oct 13 2024 13:51:45 GMT-0400 (Eastern Daylight Saving Time): Task voting was created successfully
Sun Oct 13 2024 13:51:45 GMT-0400 (Eastern Daylight Saving Time): Task brackets was created successfully
Sun Oct 13 2024 13:51:45 GMT-0400 (Eastern Daylight Saving Time): Dialog text task_solving_error was created successfully
Sun Oct 13 2024 13:51:45 GMT-0400 (Eastern Daylight Saving Time): Dialog text successful_submit was created successfully
Sun Oct 13 2024 13:51:45 GMT-0400 (Eastern Daylight Saving Time): Dialog text task_submit_error was created successfully
Sun Oct 13 2024 13:53:01 GMT-0400 (Eastern Daylight Saving Time): Settings was received successfully
Sun Oct 13 2024 13:54:06 GMT-0400 (Eastern Daylight Saving Time): Settings was received successfully
Sun Oct 13 2024 13:58:13 GMT-0400 (Eastern Daylight Saving Time): Server is listening on port 3000
Sun Oct 13 2024 13:58:20 GMT-0400 (Eastern Daylight Saving Time): Settings was received successfully
Sun Oct 13 2024 14:00:41 GMT-0400 (Eastern Daylight Saving Time): Settings was received successfully
Sun Oct 13 2024 14:02:42 GMT-0400 (Eastern Daylight Saving Time): Server is listening on port 3000
Sun Oct 13 2024 14:02:50 GMT-0400 (Eastern Daylight Saving Time): Settings was received successfully
Sun Oct 13 2024 14:09:31 GMT-0400 (Eastern Daylight Saving Time): Settings was received successfully
Sun Oct 13 2024 14:13:24 GMT-0400 (Eastern Daylight Saving Time): Server is listening on port 3000
Sun Oct 13 2024 14:13:26 GMT-0400 (Eastern Daylight Saving Time):Settings was created successfully
Sun Oct 13 2024 14:13:26 GMT-0400 (Eastern Daylight Saving Time): Task pies was created successfully
Sun Oct 13 2024 14:13:26 GMT-0400 (Eastern Daylight Saving Time): Task max_3 was created successfully
Sun Oct 13 2024 14:13:26 GMT-0400 (Eastern Daylight Saving Time): Task is_zero was created successfully
Sun Oct 13 2024 14:13:26 GMT-0400 (Eastern Daylight Saving Time): Task max_digit was created successfully
Sun Oct 13 2024 14:13:26 GMT-0400 (Eastern Daylight Saving Time): Task voting was created successfully
Sun Oct 13 2024 14:13:26 GMT-0400 (Eastern Daylight Saving Time): Task brackets was created successfully
Sun Oct 13 2024 14:13:26 GMT-0400 (Eastern Daylight Saving Time): Dialog text task_solving_error was created successfully
Sun Oct 13 2024 14:13:26 GMT-0400 (Eastern Daylight Saving Time): Dialog text successful_submit was created successfully
Sun Oct 13 2024 14:13:26 GMT-0400 (Eastern Daylight Saving Time): Dialog text task_submit_error was created successfully
Sun Oct 13 2024 14:16:17 GMT-0400 (Eastern Daylight Saving Time): Settings was received successfully
Sun Oct 13 2024 14:16:17 GMT-0400 (Eastern Daylight Saving Time): 1 languages were received successfully
Sun Oct 13 2024 14:16:17 GMT-0400 (Eastern Daylight Saving Time): 6 tasks were received successfully
Sun Oct 13 2024 14:16:17 GMT-0400 (Eastern Daylight Saving Time): 3 genders were received successfully
Sun Oct 13 2024 14:16:17 GMT-0400 (Eastern Daylight Saving Time): 1 countries were received successfully
Sun Oct 13 2024 14:16:17 GMT-0400 (Eastern Daylight Saving Time): Dialog text task_solving_error was received successfully
Sun Oct 13 2024 14:16:17 GMT-0400 (Eastern Daylight Saving Time): 1 programming languages were received successfully
Sun Oct 13 2024 14:18:33 GMT-0400 (Eastern Daylight Saving Time): Server is listening on port 3000
Sun Oct 13 2024 14:18:37 GMT-0400 (Eastern Daylight Saving Time):Settings was created successfully
Sun Oct 13 2024 14:18:37 GMT-0400 (Eastern Daylight Saving Time): Task pies was created successfully
Sun Oct 13 2024 14:18:37 GMT-0400 (Eastern Daylight Saving Time): Task max_3 was created successfully
Sun Oct 13 2024 14:18:37 GMT-0400 (Eastern Daylight Saving Time): Task is_zero was created successfully
Sun Oct 13 2024 14:18:37 GMT-0400 (Eastern Daylight Saving Time): Task max_digit was created successfully
Sun Oct 13 2024 14:18:37 GMT-0400 (Eastern Daylight Saving Time): Task voting was created successfully
Sun Oct 13 2024 14:18:37 GMT-0400 (Eastern Daylight Saving Time): Task brackets was created successfully
Sun Oct 13 2024 14:18:37 GMT-0400 (Eastern Daylight Saving Time): Dialog text task_solving_error was created successfully
Sun Oct 13 2024 14:18:37 GMT-0400 (Eastern Daylight Saving Time): Dialog text successful_submit was created successfully
Sun Oct 13 2024 14:18:37 GMT-0400 (Eastern Daylight Saving Time): Dialog text task_submit_error was created successfully
Sun Oct 13 2024 14:18:56 GMT-0400 (Eastern Daylight Saving Time): Settings was received successfully
Sun Oct 13 2024 14:23:22 GMT-0400 (Eastern Daylight Saving Time):Settings was created successfully
Sun Oct 13 2024 14:23:22 GMT-0400 (Eastern Daylight Saving Time): Task pies was created successfully
Sun Oct 13 2024 14:23:22 GMT-0400 (Eastern Daylight Saving Time): Task max_3 was created successfully
Sun Oct 13 2024 14:23:22 GMT-0400 (Eastern Daylight Saving Time): Task is_zero was created successfully
Sun Oct 13 2024 14:23:22 GMT-0400 (Eastern Daylight Saving Time): Task max_digit was created successfully
Sun Oct 13 2024 14:23:22 GMT-0400 (Eastern Daylight Saving Time): Task voting was created successfully
Sun Oct 13 2024 14:23:22 GMT-0400 (Eastern Daylight Saving Time): Task brackets was created successfully
Sun Oct 13 2024 14:23:22 GMT-0400 (Eastern Daylight Saving Time): Dialog text task_solving_error was created successfully
Sun Oct 13 2024 14:23:22 GMT-0400 (Eastern Daylight Saving Time): Dialog text successful_submit was created successfully
Sun Oct 13 2024 14:23:22 GMT-0400 (Eastern Daylight Saving Time): Dialog text task_submit_error was created successfully
Sun Oct 13 2024 14:23:27 GMT-0400 (Eastern Daylight Saving Time): Server is listening on port 3000
Sun Oct 13 2024 14:25:31 GMT-0400 (Eastern Daylight Saving Time): Settings was received successfully
Sun Oct 13 2024 14:29:11 GMT-0400 (Eastern Daylight Saving Time): Settings was received successfully
Sun Oct 13 2024 14:32:55 GMT-0400 (Eastern Daylight Saving Time): Settings was received successfully
Sun Oct 13 2024 14:33:26 GMT-0400 (Eastern Daylight Saving Time): Settings was received successfully
Sun Oct 13 2024 14:33:48 GMT-0400 (Eastern Daylight Saving Time): Server is listening on port 3000
Sun Oct 13 2024 14:34:28 GMT-0400 (Eastern Daylight Saving Time): Settings was received successfully
Sun Oct 13 2024 14:35:20 GMT-0400 (Eastern Daylight Saving Time): Server is listening on port 3000
Sun Oct 13 2024 14:35:23 GMT-0400 (Eastern Daylight Saving Time):Settings was created successfully
Sun Oct 13 2024 14:35:23 GMT-0400 (Eastern Daylight Saving Time): Task pies was created successfully
Sun Oct 13 2024 14:35:23 GMT-0400 (Eastern Daylight Saving Time): Task max_3 was created successfully
Sun Oct 13 2024 14:35:23 GMT-0400 (Eastern Daylight Saving Time): Task is_zero was created successfully
Sun Oct 13 2024 14:35:23 GMT-0400 (Eastern Daylight Saving Time): Task max_digit was created successfully
Sun Oct 13 2024 14:35:23 GMT-0400 (Eastern Daylight Saving Time): Task voting was created successfully
Sun Oct 13 2024 14:35:23 GMT-0400 (Eastern Daylight Saving Time): Task brackets was created successfully
Sun Oct 13 2024 14:35:23 GMT-0400 (Eastern Daylight Saving Time): Dialog text task_solving_error was created successfully
Sun Oct 13 2024 14:35:23 GMT-0400 (Eastern Daylight Saving Time): Dialog text successful_submit was created successfully
Sun Oct 13 2024 14:35:23 GMT-0400 (Eastern Daylight Saving Time): Dialog text task_submit_error was created successfully
Sun Oct 13 2024 14:36:06 GMT-0400 (Eastern Daylight Saving Time): Settings was received successfully
Sun Oct 13 2024 14:37:34 GMT-0400 (Eastern Daylight Saving Time):Settings was created successfully
Sun Oct 13 2024 14:37:34 GMT-0400 (Eastern Daylight Saving Time): Task pies was created successfully
Sun Oct 13 2024 14:37:34 GMT-0400 (Eastern Daylight Saving Time): Task max_3 was created successfully
Sun Oct 13 2024 14:37:34 GMT-0400 (Eastern Daylight Saving Time): Task is_zero was created successfully
Sun Oct 13 2024 14:37:34 GMT-0400 (Eastern Daylight Saving Time): Task max_digit was created successfully
Sun Oct 13 2024 14:37:34 GMT-0400 (Eastern Daylight Saving Time): Task voting was created successfully
Sun Oct 13 2024 14:37:34 GMT-0400 (Eastern Daylight Saving Time): Task brackets was created successfully
Sun Oct 13 2024 14:37:34 GMT-0400 (Eastern Daylight Saving Time): Dialog text task_solving_error was created successfully
Sun Oct 13 2024 14:37:34 GMT-0400 (Eastern Daylight Saving Time): Dialog text successful_submit was created successfully
Sun Oct 13 2024 14:37:34 GMT-0400 (Eastern Daylight Saving Time): Dialog text task_submit_error was created successfully
Sun Oct 13 2024 14:38:14 GMT-0400 (Eastern Daylight Saving Time): Settings was received successfully
Sun Oct 13 2024 14:38:50 GMT-0400 (Eastern Daylight Saving Time): Server is listening on port 3000
Sun Oct 13 2024 14:38:51 GMT-0400 (Eastern Daylight Saving Time):Settings was created successfully
Sun Oct 13 2024 14:38:51 GMT-0400 (Eastern Daylight Saving Time): Task pies was created successfully
Sun Oct 13 2024 14:38:51 GMT-0400 (Eastern Daylight Saving Time): Task max_3 was created successfully
Sun Oct 13 2024 14:38:51 GMT-0400 (Eastern Daylight Saving Time): Task is_zero was created successfully
Sun Oct 13 2024 14:38:51 GMT-0400 (Eastern Daylight Saving Time): Task max_digit was created successfully
Sun Oct 13 2024 14:38:51 GMT-0400 (Eastern Daylight Saving Time): Task voting was created successfully
Sun Oct 13 2024 14:38:51 GMT-0400 (Eastern Daylight Saving Time): Task brackets was created successfully
Sun Oct 13 2024 14:38:51 GMT-0400 (Eastern Daylight Saving Time): Dialog text task_solving_error was created successfully
Sun Oct 13 2024 14:38:51 GMT-0400 (Eastern Daylight Saving Time): Dialog text successful_submit was created successfully
Sun Oct 13 2024 14:38:51 GMT-0400 (Eastern Daylight Saving Time): Dialog text task_submit_error was created successfully
Sun Oct 13 2024 14:39:30 GMT-0400 (Eastern Daylight Saving Time): Settings was received successfully
Sun Oct 13 2024 14:39:30 GMT-0400 (Eastern Daylight Saving Time): 1 languages were received successfully
Sun Oct 13 2024 14:39:30 GMT-0400 (Eastern Daylight Saving Time): 6 tasks were received successfully
Sun Oct 13 2024 14:39:30 GMT-0400 (Eastern Daylight Saving Time): 3 genders were received successfully
Sun Oct 13 2024 14:39:30 GMT-0400 (Eastern Daylight Saving Time): 1 countries were received successfully
Sun Oct 13 2024 14:39:30 GMT-0400 (Eastern Daylight Saving Time): Dialog text task_solving_error was received successfully
Sun Oct 13 2024 14:39:30 GMT-0400 (Eastern Daylight Saving Time): 1 programming languages were received successfully
Sun Oct 13 2024 14:45:59 GMT-0400 (Eastern Daylight Saving Time): Settings was received successfully
Sun Oct 13 2024 14:45:59 GMT-0400 (Eastern Daylight Saving Time): 1 languages were received successfully
Sun Oct 13 2024 14:45:59 GMT-0400 (Eastern Daylight Saving Time): 6 tasks were received successfully
Sun Oct 13 2024 14:45:59 GMT-0400 (Eastern Daylight Saving Time): 3 genders were received successfully
Sun Oct 13 2024 14:45:59 GMT-0400 (Eastern Daylight Saving Time): 1 countries were received successfully
Sun Oct 13 2024 14:45:59 GMT-0400 (Eastern Daylight Saving Time): Dialog text task_solving_error was received successfully
Sun Oct 13 2024 14:45:59 GMT-0400 (Eastern Daylight Saving Time): 1 programming languages were received successfully
Sun Oct 13 2024 16:48:03 GMT-0400 (Eastern Daylight Saving Time): Server is listening on port 3000
Sun Oct 13 2024 16:49:36 GMT-0400 (Eastern Daylight Saving Time): Settings was received successfully
Sun Oct 13 2024 16:50:09 GMT-0400 (Eastern Daylight Saving Time): Settings was received successfully
Sun Oct 13 2024 16:50:09 GMT-0400 (Eastern Daylight Saving Time): 1 languages were received successfully
Sun Oct 13 2024 16:50:09 GMT-0400 (Eastern Daylight Saving Time): 6 tasks were received successfully
Sun Oct 13 2024 16:50:09 GMT-0400 (Eastern Daylight Saving Time): 3 genders were received successfully
Sun Oct 13 2024 16:50:09 GMT-0400 (Eastern Daylight Saving Time): 1 countries were received successfully
Sun Oct 13 2024 16:50:09 GMT-0400 (Eastern Daylight Saving Time): Dialog text task_solving_error was received successfully
Sun Oct 13 2024 16:50:09 GMT-0400 (Eastern Daylight Saving Time): 1 programming languages were received successfully
Sun Oct 13 2024 17:09:24 GMT-0400 (Eastern Daylight Saving Time): Server is listening on port 3000
Sun Oct 13 2024 17:09:30 GMT-0400 (Eastern Daylight Saving Time):Settings was created successfully
Sun Oct 13 2024 17:09:30 GMT-0400 (Eastern Daylight Saving Time): Task pies was created successfully
Sun Oct 13 2024 17:09:30 GMT-0400 (Eastern Daylight Saving Time): Task max_3 was created successfully
Sun Oct 13 2024 17:09:30 GMT-0400 (Eastern Daylight Saving Time): Task is_zero was created successfully
Sun Oct 13 2024 17:09:30 GMT-0400 (Eastern Daylight Saving Time): Task max_digit was created successfully
Sun Oct 13 2024 17:09:30 GMT-0400 (Eastern Daylight Saving Time): Task voting was created successfully
Sun Oct 13 2024 17:09:30 GMT-0400 (Eastern Daylight Saving Time): Task brackets was created successfully
Sun Oct 13 2024 17:09:30 GMT-0400 (Eastern Daylight Saving Time): Dialog text task_solving_error was created successfully
Sun Oct 13 2024 17:09:30 GMT-0400 (Eastern Daylight Saving Time): Dialog text successful_submit was created successfully
Sun Oct 13 2024 17:09:30 GMT-0400 (Eastern Daylight Saving Time): Dialog text task_submit_error was created successfully
Sun Oct 13 2024 17:09:42 GMT-0400 (Eastern Daylight Saving Time): Settings was received successfully
Sun Oct 13 2024 17:09:42 GMT-0400 (Eastern Daylight Saving Time): 1 languages were received successfully
Sun Oct 13 2024 17:09:42 GMT-0400 (Eastern Daylight Saving Time): 6 tasks were received successfully
Sun Oct 13 2024 17:09:43 GMT-0400 (Eastern Daylight Saving Time): 3 genders were received successfully
Sun Oct 13 2024 17:09:43 GMT-0400 (Eastern Daylight Saving Time): 1 countries were received successfully
Sun Oct 13 2024 17:09:43 GMT-0400 (Eastern Daylight Saving Time): Dialog text task_solving_error was received successfully
Sun Oct 13 2024 17:09:43 GMT-0400 (Eastern Daylight Saving Time): 1 programming languages were received successfully
Sun Oct 13 2024 17:09:55 GMT-0400 (Eastern Daylight Saving Time): User was created successfully
Sun Oct 13 2024 17:10:17 GMT-0400 (Eastern Daylight Saving Time): Activity tracker item was created successfully
Sun Oct 13 2024 17:10:17 GMT-0400 (Eastern Daylight Saving Time): Data item was created successfully
Sun Oct 13 2024 17:10:17 GMT-0400 (Eastern Daylight Saving Time): User with id 1 was received successfully
Sun Oct 13 2024 17:10:17 GMT-0400 (Eastern Daylight Saving Time): Data item with id 1 was received successfully
Sun Oct 13 2024 17:10:17 GMT-0400 (Eastern Daylight Saving Time): Activity tracker item with id 1 was received successfully
Sun Oct 13 2024 17:10:17 GMT-0400 (Eastern Daylight Saving Time): user 1 was updates successfully. Added data: di 1, ati 1
Sun Oct 13 2024 17:10:45 GMT-0400 (Eastern Daylight Saving Time): Activity tracker item was created successfully
Sun Oct 13 2024 17:10:45 GMT-0400 (Eastern Daylight Saving Time): Data item was created successfully
Sun Oct 13 2024 17:10:45 GMT-0400 (Eastern Daylight Saving Time): User with id 1 was received successfully
Sun Oct 13 2024 17:10:45 GMT-0400 (Eastern Daylight Saving Time): Data item with id 2 was received successfully
Sun Oct 13 2024 17:10:45 GMT-0400 (Eastern Daylight Saving Time): Activity tracker item with id 2 was received successfully
Sun Oct 13 2024 17:10:45 GMT-0400 (Eastern Daylight Saving Time): user 1 was updates successfully. Added data: di 2, ati 2
Sun Oct 13 2024 17:11:04 GMT-0400 (Eastern Daylight Saving Time): Activity tracker item was created successfully
Sun Oct 13 2024 17:11:04 GMT-0400 (Eastern Daylight Saving Time): Data item was created successfully
Sun Oct 13 2024 17:11:04 GMT-0400 (Eastern Daylight Saving Time): User with id 1 was received successfully
Sun Oct 13 2024 17:11:04 GMT-0400 (Eastern Daylight Saving Time): Data item with id 3 was received successfully
Sun Oct 13 2024 17:11:04 GMT-0400 (Eastern Daylight Saving Time): Activity tracker item with id 3 was received successfully
Sun Oct 13 2024 17:11:04 GMT-0400 (Eastern Daylight Saving Time): user 1 was updates successfully. Added data: di 3, ati 3
Sun Oct 13 2024 17:11:17 GMT-0400 (Eastern Daylight Saving Time): Activity tracker item was created successfully
Sun Oct 13 2024 17:11:17 GMT-0400 (Eastern Daylight Saving Time): Data item was created successfully
Sun Oct 13 2024 17:11:17 GMT-0400 (Eastern Daylight Saving Time): User with id 1 was received successfully
Sun Oct 13 2024 17:11:17 GMT-0400 (Eastern Daylight Saving Time): Data item with id 4 was received successfully
Sun Oct 13 2024 17:11:17 GMT-0400 (Eastern Daylight Saving Time): Activity tracker item with id 4 was received successfully
Sun Oct 13 2024 17:11:17 GMT-0400 (Eastern Daylight Saving Time): user 1 was updates successfully. Added data: di 4, ati 4
Sun Oct 13 2024 17:11:30 GMT-0400 (Eastern Daylight Saving Time): Activity tracker item was created successfully
Sun Oct 13 2024 17:11:30 GMT-0400 (Eastern Daylight Saving Time): Data item was created successfully
Sun Oct 13 2024 17:11:30 GMT-0400 (Eastern Daylight Saving Time): User with id 1 was received successfully
Sun Oct 13 2024 17:11:30 GMT-0400 (Eastern Daylight Saving Time): Data item with id 5 was received successfully
Sun Oct 13 2024 17:11:30 GMT-0400 (Eastern Daylight Saving Time): Activity tracker item with id 5 was received successfully
Sun Oct 13 2024 17:11:30 GMT-0400 (Eastern Daylight Saving Time): user 1 was updates successfully. Added data: di 5, ati 5
Sun Oct 13 2024 17:11:42 GMT-0400 (Eastern Daylight Saving Time): Activity tracker item was created successfully
Sun Oct 13 2024 17:11:42 GMT-0400 (Eastern Daylight Saving Time): Data item was created successfully
Sun Oct 13 2024 17:11:42 GMT-0400 (Eastern Daylight Saving Time): User with id 1 was received successfully
Sun Oct 13 2024 17:11:42 GMT-0400 (Eastern Daylight Saving Time): Data item with id 6 was received successfully
Sun Oct 13 2024 17:11:42 GMT-0400 (Eastern Daylight Saving Time): Activity tracker item with id 6 was received successfully
Sun Oct 13 2024 17:11:42 GMT-0400 (Eastern Daylight Saving Time): user 1 was updates successfully. Added data: di 6, ati 6
Sun Oct 13 2024 17:12:21 GMT-0400 (Eastern Daylight Saving Time): Server is listening on port 3000
Sun Oct 13 2024 17:17:48 GMT-0400 (Eastern Daylight Saving Time): ...starting get all users
Sun Oct 13 2024 17:17:48 GMT-0400 (Eastern Daylight Saving Time): 1 users was received successfully
Sun Oct 13 2024 17:17:48 GMT-0400 (Eastern Daylight Saving Time): ...starting handle user with id 1
Sun Oct 13 2024 17:17:53 GMT-0400 (Eastern Daylight Saving Time): Server is listening on port 3000
Sun Oct 13 2024 17:17:54 GMT-0400 (Eastern Daylight Saving Time): ...starting get all users
Sun Oct 13 2024 17:17:54 GMT-0400 (Eastern Daylight Saving Time): 1 users was received successfully
Sun Oct 13 2024 17:17:54 GMT-0400 (Eastern Daylight Saving Time): ...starting handle user with id 1
Sun Oct 13 2024 17:18:10 GMT-0400 (Eastern Daylight Saving Time): Server is listening on port 3000
Sun Oct 13 2024 17:18:12 GMT-0400 (Eastern Daylight Saving Time): ...starting get all users
Sun Oct 13 2024 17:18:12 GMT-0400 (Eastern Daylight Saving Time): 1 users was received successfully
Sun Oct 13 2024 17:18:12 GMT-0400 (Eastern Daylight Saving Time): ...starting handle user with id 1
Sun Oct 13 2024 17:19:25 GMT-0400 (Eastern Daylight Saving Time): Server is listening on port 3000
Sun Oct 13 2024 17:19:29 GMT-0400 (Eastern Daylight Saving Time): ...starting get all users
Sun Oct 13 2024 17:19:29 GMT-0400 (Eastern Daylight Saving Time): 1 users was received successfully
Sun Oct 13 2024 17:19:29 GMT-0400 (Eastern Daylight Saving Time): ...starting handle user with id 1
Sun Oct 13 2024 17:19:39 GMT-0400 (Eastern Daylight Saving Time): Server is listening on port 3000
Sun Oct 13 2024 17:19:41 GMT-0400 (Eastern Daylight Saving Time): ...starting get all users
Sun Oct 13 2024 17:19:41 GMT-0400 (Eastern Daylight Saving Time): 1 users was received successfully
Sun Oct 13 2024 17:19:41 GMT-0400 (Eastern Daylight Saving Time): ...starting handle user with id 1
Sun Oct 13 2024 17:19:58 GMT-0400 (Eastern Daylight Saving Time): Server is listening on port 3000
Sun Oct 13 2024 17:20:17 GMT-0400 (Eastern Daylight Saving Time): ...starting get all users
Sun Oct 13 2024 17:20:17 GMT-0400 (Eastern Daylight Saving Time): 1 users was received successfully
Sun Oct 13 2024 17:20:17 GMT-0400 (Eastern Daylight Saving Time): ...starting handle user with id 1
Sun Oct 13 2024 17:43:19 GMT-0400 (Eastern Daylight Saving Time): Server is listening on port 3000
Sun Oct 13 2024 17:43:25 GMT-0400 (Eastern Daylight Saving Time): ...starting get all users
Sun Oct 13 2024 17:43:25 GMT-0400 (Eastern Daylight Saving Time): 1 users was received successfully
Sun Oct 13 2024 17:43:25 GMT-0400 (Eastern Daylight Saving Time): ...starting handle user with id 1
Sun Oct 13 2024 17:51:17 GMT-0400 (Eastern Daylight Saving Time): Server is listening on port 3000
Sun Oct 13 2024 17:51:56 GMT-0400 (Eastern Daylight Saving Time): Server is listening on port 3000
Sun Oct 13 2024 17:52:03 GMT-0400 (Eastern Daylight Saving Time): Server is listening on port 3000
Sun Oct 13 2024 17:53:00 GMT-0400 (Eastern Daylight Saving Time): Server is listening on port 3000
Sun Oct 13 2024 17:53:07 GMT-0400 (Eastern Daylight Saving Time): Server is listening on port 3000
Sun Oct 13 2024 17:55:47 GMT-0400 (Eastern Daylight Saving Time): Server is listening on port 3000
Sun Oct 13 2024 17:55:52 GMT-0400 (Eastern Daylight Saving Time): Server is listening on port 3000
Sun Oct 13 2024 17:57:38 GMT-0400 (Eastern Daylight Saving Time): Server is listening on port 3000
Sun Oct 13 2024 18:00:31 GMT-0400 (Eastern Daylight Saving Time): Server is listening on port 3000
Sun Oct 13 2024 18:00:32 GMT-0400 (Eastern Daylight Saving Time): ...starting get all users
Sun Oct 13 2024 18:00:32 GMT-0400 (Eastern Daylight Saving Time): 1 users was received successfully
Sun Oct 13 2024 18:00:43 GMT-0400 (Eastern Daylight Saving Time): Server is listening on port 3000
Sun Oct 13 2024 18:00:44 GMT-0400 (Eastern Daylight Saving Time): ...starting get all users
Sun Oct 13 2024 18:00:44 GMT-0400 (Eastern Daylight Saving Time): 1 users was received successfully
Sun Oct 13 2024 18:02:19 GMT-0400 (Eastern Daylight Saving Time): Server is listening on port 3000
Sun Oct 13 2024 18:02:20 GMT-0400 (Eastern Daylight Saving Time): ...starting get all users
Sun Oct 13 2024 18:02:20 GMT-0400 (Eastern Daylight Saving Time): 1 users was received successfully
Sun Oct 13 2024 18:02:20 GMT-0400 (Eastern Daylight Saving Time): ...starting handle user with id 1
Sun Oct 13 2024 18:03:12 GMT-0400 (Eastern Daylight Saving Time): Server is listening on port 3000
Sun Oct 13 2024 18:03:14 GMT-0400 (Eastern Daylight Saving Time): ...starting get all users
Sun Oct 13 2024 18:03:14 GMT-0400 (Eastern Daylight Saving Time): 1 users was received successfully
Sun Oct 13 2024 18:03:49 GMT-0400 (Eastern Daylight Saving Time): Server is listening on port 3000
Sun Oct 13 2024 18:03:51 GMT-0400 (Eastern Daylight Saving Time): ...starting get all users
Sun Oct 13 2024 18:03:51 GMT-0400 (Eastern Daylight Saving Time): 1 users were received successfully
Sun Oct 13 2024 18:06:03 GMT-0400 (Eastern Daylight Saving Time): Server is listening on port 3000
Sun Oct 13 2024 18:06:05 GMT-0400 (Eastern Daylight Saving Time): ...starting get all users
Sun Oct 13 2024 18:06:05 GMT-0400 (Eastern Daylight Saving Time): 1 users were received successfully
Sun Oct 13 2024 18:06:34 GMT-0400 (Eastern Daylight Saving Time): Server is listening on port 3000
Sun Oct 13 2024 18:06:45 GMT-0400 (Eastern Daylight Saving Time): ...starting get all users
Sun Oct 13 2024 18:06:45 GMT-0400 (Eastern Daylight Saving Time): 1 users was received successfully
Sun Oct 13 2024 18:06:45 GMT-0400 (Eastern Daylight Saving Time): ...starting handle user with id 1
Sun Oct 13 2024 18:11:24 GMT-0400 (Eastern Daylight Saving Time): Server is listening on port 3000
Sun Oct 13 2024 18:11:26 GMT-0400 (Eastern Daylight Saving Time): ...starting get all users
Sun Oct 13 2024 18:11:26 GMT-0400 (Eastern Daylight Saving Time): 1 users was received successfully
Sun Oct 13 2024 18:11:26 GMT-0400 (Eastern Daylight Saving Time): ...starting handle user with id 1
Sun Oct 13 2024 18:13:33 GMT-0400 (Eastern Daylight Saving Time): Server is listening on port 3000
Sun Oct 13 2024 18:13:34 GMT-0400 (Eastern Daylight Saving Time): ...starting get all users
Sun Oct 13 2024 18:13:34 GMT-0400 (Eastern Daylight Saving Time): 1 users was received successfully
Sun Oct 13 2024 18:13:34 GMT-0400 (Eastern Daylight Saving Time): ...starting handle user with id 1
Sun Oct 13 2024 18:14:38 GMT-0400 (Eastern Daylight Saving Time): Server is listening on port 3000
Sun Oct 13 2024 18:14:39 GMT-0400 (Eastern Daylight Saving Time): ...starting get all users
Sun Oct 13 2024 18:14:39 GMT-0400 (Eastern Daylight Saving Time): 1 users was received successfully
Sun Oct 13 2024 18:14:39 GMT-0400 (Eastern Daylight Saving Time): ...starting handle user with id 1
Sun Oct 13 2024 18:17:56 GMT-0400 (Eastern Daylight Saving Time): Server is listening on port 3000
Sun Oct 13 2024 18:18:03 GMT-0400 (Eastern Daylight Saving Time): ...starting get all users
Sun Oct 13 2024 18:18:03 GMT-0400 (Eastern Daylight Saving Time): 1 users was received successfully
Sun Oct 13 2024 18:18:03 GMT-0400 (Eastern Daylight Saving Time): ...starting handle user with id 1
Sun Oct 13 2024 18:44:00 GMT-0400 (Eastern Daylight Saving Time): Server is listening on port 3000
Sun Oct 13 2024 18:44:08 GMT-0400 (Eastern Daylight Saving Time): ...starting get all users
Sun Oct 13 2024 18:44:08 GMT-0400 (Eastern Daylight Saving Time): 1 users was received successfully
Sun Oct 13 2024 18:44:08 GMT-0400 (Eastern Daylight Saving Time): ...starting handle user with id 1
Sun Oct 13 2024 18:44:55 GMT-0400 (Eastern Daylight Saving Time): Server is listening on port 3000
Sun Oct 13 2024 18:44:57 GMT-0400 (Eastern Daylight Saving Time): ...starting get all users
Sun Oct 13 2024 18:44:57 GMT-0400 (Eastern Daylight Saving Time): 1 users was received successfully
Sun Oct 13 2024 18:44:57 GMT-0400 (Eastern Daylight Saving Time): ...starting handle user with id 1
Sun Oct 13 2024 18:45:50 GMT-0400 (Eastern Daylight Saving Time): Server is listening on port 3000
Sun Oct 13 2024 18:45:53 GMT-0400 (Eastern Daylight Saving Time): ...starting get all users
Sun Oct 13 2024 18:45:53 GMT-0400 (Eastern Daylight Saving Time): 1 users was received successfully
Sun Oct 13 2024 18:45:53 GMT-0400 (Eastern Daylight Saving Time): ...starting handle user with id 1
Sun Oct 13 2024 22:37:16 GMT-0400 (Eastern Daylight Saving Time): Server is listening on port 3000
Sun Oct 13 2024 22:37:49 GMT-0400 (Eastern Daylight Saving Time):Settings was created successfully
Sun Oct 13 2024 22:37:49 GMT-0400 (Eastern Daylight Saving Time): Task pies was created successfully
Sun Oct 13 2024 22:37:49 GMT-0400 (Eastern Daylight Saving Time): Task max_3 was created successfully
Sun Oct 13 2024 22:37:49 GMT-0400 (Eastern Daylight Saving Time): Task is_zero was created successfully
Sun Oct 13 2024 22:37:49 GMT-0400 (Eastern Daylight Saving Time): Task max_digit was created successfully
Sun Oct 13 2024 22:37:49 GMT-0400 (Eastern Daylight Saving Time): Task voting was created successfully
Sun Oct 13 2024 22:37:49 GMT-0400 (Eastern Daylight Saving Time): Task brackets was created successfully
Sun Oct 13 2024 22:37:49 GMT-0400 (Eastern Daylight Saving Time): Dialog text task_solving_error was created successfully
Sun Oct 13 2024 22:37:49 GMT-0400 (Eastern Daylight Saving Time): Dialog text successful_submit was created successfully
Sun Oct 13 2024 22:37:49 GMT-0400 (Eastern Daylight Saving Time): Dialog text task_submit_error was created successfully
Sun Oct 13 2024 22:42:06 GMT-0400 (Eastern Daylight Saving Time): Server is listening on port 3000
Sun Oct 13 2024 22:43:10 GMT-0400 (Eastern Daylight Saving Time): Server is listening on port 3000
Sun Oct 13 2024 22:43:14 GMT-0400 (Eastern Daylight Saving Time):Settings was created successfully
Sun Oct 13 2024 22:43:14 GMT-0400 (Eastern Daylight Saving Time): Task pies was created successfully
Sun Oct 13 2024 22:43:14 GMT-0400 (Eastern Daylight Saving Time): Task max_3 was created successfully
Sun Oct 13 2024 22:43:14 GMT-0400 (Eastern Daylight Saving Time): Task is_zero was created successfully
Sun Oct 13 2024 22:43:14 GMT-0400 (Eastern Daylight Saving Time): Task max_digit was created successfully
Sun Oct 13 2024 22:43:14 GMT-0400 (Eastern Daylight Saving Time): Task voting was created successfully
Sun Oct 13 2024 22:43:14 GMT-0400 (Eastern Daylight Saving Time): Task brackets was created successfully
Sun Oct 13 2024 22:43:14 GMT-0400 (Eastern Daylight Saving Time): Dialog text task_solving_error was created successfully
Sun Oct 13 2024 22:43:14 GMT-0400 (Eastern Daylight Saving Time): Dialog text successful_submit was created successfully
Sun Oct 13 2024 22:43:14 GMT-0400 (Eastern Daylight Saving Time): Dialog text task_submit_error was created successfully
Sun Oct 13 2024 23:13:44 GMT-0400 (Eastern Daylight Saving Time): Server is listening on port 3000
Sun Oct 13 2024 23:13:47 GMT-0400 (Eastern Daylight Saving Time):Settings was created successfully
Sun Oct 13 2024 23:13:47 GMT-0400 (Eastern Daylight Saving Time): Task pies was created successfully
Sun Oct 13 2024 23:13:47 GMT-0400 (Eastern Daylight Saving Time): Task max_3 was created successfully
Sun Oct 13 2024 23:13:47 GMT-0400 (Eastern Daylight Saving Time): Task is_zero was created successfully
Sun Oct 13 2024 23:13:47 GMT-0400 (Eastern Daylight Saving Time): Task max_digit was created successfully
Sun Oct 13 2024 23:13:47 GMT-0400 (Eastern Daylight Saving Time): Task voting was created successfully
Sun Oct 13 2024 23:13:47 GMT-0400 (Eastern Daylight Saving Time): Task brackets was created successfully
Sun Oct 13 2024 23:13:47 GMT-0400 (Eastern Daylight Saving Time): Dialog text task_solving_error was created successfully
Sun Oct 13 2024 23:13:47 GMT-0400 (Eastern Daylight Saving Time): Dialog text successful_submit was created successfully
Sun Oct 13 2024 23:13:47 GMT-0400 (Eastern Daylight Saving Time): Dialog text task_submit_error was created successfully
Sun Oct 13 2024 23:17:13 GMT-0400 (Eastern Daylight Saving Time): Settings was received successfully
Sun Oct 13 2024 23:18:44 GMT-0400 (Eastern Daylight Saving Time): Settings was received successfully
Sun Oct 13 2024 23:18:44 GMT-0400 (Eastern Daylight Saving Time): 1 languages were received successfully
Sun Oct 13 2024 23:18:44 GMT-0400 (Eastern Daylight Saving Time): 6 tasks were received successfully
Sun Oct 13 2024 23:18:44 GMT-0400 (Eastern Daylight Saving Time): 3 genders were received successfully
Sun Oct 13 2024 23:18:44 GMT-0400 (Eastern Daylight Saving Time): 1 countries were received successfully
Sun Oct 13 2024 23:18:44 GMT-0400 (Eastern Daylight Saving Time): Dialog text task_solving_error was received successfully
Sun Oct 13 2024 23:18:44 GMT-0400 (Eastern Daylight Saving Time): 1 programming languages were received successfully
Sun Oct 13 2024 23:20:07 GMT-0400 (Eastern Daylight Saving Time): Server is listening on port 3000
Sun Oct 13 2024 23:20:08 GMT-0400 (Eastern Daylight Saving Time):Settings was created successfully
Sun Oct 13 2024 23:20:08 GMT-0400 (Eastern Daylight Saving Time): Task pies was created successfully
Sun Oct 13 2024 23:20:08 GMT-0400 (Eastern Daylight Saving Time): Task max_3 was created successfully
Sun Oct 13 2024 23:20:08 GMT-0400 (Eastern Daylight Saving Time): Task is_zero was created successfully
Sun Oct 13 2024 23:20:08 GMT-0400 (Eastern Daylight Saving Time): Task max_digit was created successfully
Sun Oct 13 2024 23:20:08 GMT-0400 (Eastern Daylight Saving Time): Task voting was created successfully
Sun Oct 13 2024 23:20:08 GMT-0400 (Eastern Daylight Saving Time): Task brackets was created successfully
Sun Oct 13 2024 23:20:08 GMT-0400 (Eastern Daylight Saving Time): Dialog text task_solving_error was created successfully
Sun Oct 13 2024 23:20:08 GMT-0400 (Eastern Daylight Saving Time): Dialog text successful_submit was created successfully
Sun Oct 13 2024 23:20:08 GMT-0400 (Eastern Daylight Saving Time): Dialog text task_submit_error was created successfully
Sun Oct 13 2024 23:20:50 GMT-0400 (Eastern Daylight Saving Time): Settings was received successfully
Sun Oct 13 2024 23:22:11 GMT-0400 (Eastern Daylight Saving Time): Server is listening on port 3000
Sun Oct 13 2024 23:22:14 GMT-0400 (Eastern Daylight Saving Time):Settings was created successfully
Sun Oct 13 2024 23:22:14 GMT-0400 (Eastern Daylight Saving Time): Task pies was created successfully
Sun Oct 13 2024 23:22:14 GMT-0400 (Eastern Daylight Saving Time): Task max_3 was created successfully
Sun Oct 13 2024 23:22:14 GMT-0400 (Eastern Daylight Saving Time): Task is_zero was created successfully
Sun Oct 13 2024 23:22:14 GMT-0400 (Eastern Daylight Saving Time): Task max_digit was created successfully
Sun Oct 13 2024 23:22:14 GMT-0400 (Eastern Daylight Saving Time): Task voting was created successfully
Sun Oct 13 2024 23:22:14 GMT-0400 (Eastern Daylight Saving Time): Task brackets was created successfully
Sun Oct 13 2024 23:22:14 GMT-0400 (Eastern Daylight Saving Time): Dialog text task_solving_error was created successfully
Sun Oct 13 2024 23:22:14 GMT-0400 (Eastern Daylight Saving Time): Dialog text successful_submit was created successfully
Sun Oct 13 2024 23:22:14 GMT-0400 (Eastern Daylight Saving Time): Dialog text task_submit_error was created successfully
Sun Oct 13 2024 23:23:04 GMT-0400 (Eastern Daylight Saving Time): Settings was received successfully
Sun Oct 13 2024 23:23:04 GMT-0400 (Eastern Daylight Saving Time): 1 languages were received successfully
Sun Oct 13 2024 23:23:04 GMT-0400 (Eastern Daylight Saving Time): 6 tasks were received successfully
Sun Oct 13 2024 23:23:04 GMT-0400 (Eastern Daylight Saving Time): 3 genders were received successfully
Sun Oct 13 2024 23:23:04 GMT-0400 (Eastern Daylight Saving Time): 1 countries were received successfully
Sun Oct 13 2024 23:23:04 GMT-0400 (Eastern Daylight Saving Time): Dialog text task_solving_error was received successfully
Sun Oct 13 2024 23:23:04 GMT-0400 (Eastern Daylight Saving Time): 1 programming languages were received successfully
Sun Oct 13 2024 23:25:14 GMT-0400 (Eastern Daylight Saving Time): Server is listening on port 3000
Sun Oct 13 2024 23:25:22 GMT-0400 (Eastern Daylight Saving Time):Settings was created successfully
Sun Oct 13 2024 23:25:22 GMT-0400 (Eastern Daylight Saving Time): Task pies was created successfully
Sun Oct 13 2024 23:25:22 GMT-0400 (Eastern Daylight Saving Time): Task max_3 was created successfully
Sun Oct 13 2024 23:25:22 GMT-0400 (Eastern Daylight Saving Time): Task is_zero was created successfully
Sun Oct 13 2024 23:25:22 GMT-0400 (Eastern Daylight Saving Time): Task max_digit was created successfully
Sun Oct 13 2024 23:25:22 GMT-0400 (Eastern Daylight Saving Time): Task voting was created successfully
Sun Oct 13 2024 23:25:22 GMT-0400 (Eastern Daylight Saving Time): Task brackets was created successfully
Sun Oct 13 2024 23:25:22 GMT-0400 (Eastern Daylight Saving Time): Dialog text task_solving_error was created successfully
Sun Oct 13 2024 23:25:22 GMT-0400 (Eastern Daylight Saving Time): Dialog text successful_submit was created successfully
Sun Oct 13 2024 23:25:22 GMT-0400 (Eastern Daylight Saving Time): Dialog text task_submit_error was created successfully
Sun Oct 13 2024 23:32:34 GMT-0400 (Eastern Daylight Saving Time): Settings was received successfully
Sun Oct 13 2024 23:32:34 GMT-0400 (Eastern Daylight Saving Time): 1 languages were received successfully
Sun Oct 13 2024 23:32:34 GMT-0400 (Eastern Daylight Saving Time): 6 tasks were received successfully
Sun Oct 13 2024 23:32:34 GMT-0400 (Eastern Daylight Saving Time): 3 genders were received successfully
Sun Oct 13 2024 23:32:34 GMT-0400 (Eastern Daylight Saving Time): 1 countries were received successfully
Sun Oct 13 2024 23:32:34 GMT-0400 (Eastern Daylight Saving Time): Dialog text task_solving_error was received successfully
Sun Oct 13 2024 23:32:34 GMT-0400 (Eastern Daylight Saving Time): 1 programming languages were received successfully
Sun Oct 13 2024 23:40:48 GMT-0400 (Eastern Daylight Saving Time): Server is listening on port 3000
Sun Oct 13 2024 23:40:53 GMT-0400 (Eastern Daylight Saving Time):Settings was created successfully
Sun Oct 13 2024 23:40:53 GMT-0400 (Eastern Daylight Saving Time): Task pies was created successfully
Sun Oct 13 2024 23:40:53 GMT-0400 (Eastern Daylight Saving Time): Task max_3 was created successfully
Sun Oct 13 2024 23:40:53 GMT-0400 (Eastern Daylight Saving Time): Task is_zero was created successfully
Sun Oct 13 2024 23:40:53 GMT-0400 (Eastern Daylight Saving Time): Task max_digit was created successfully
Sun Oct 13 2024 23:40:53 GMT-0400 (Eastern Daylight Saving Time): Task voting was created successfully
Sun Oct 13 2024 23:40:53 GMT-0400 (Eastern Daylight Saving Time): Task brackets was created successfully
Sun Oct 13 2024 23:40:53 GMT-0400 (Eastern Daylight Saving Time): Dialog text task_solving_error was created successfully
Sun Oct 13 2024 23:40:53 GMT-0400 (Eastern Daylight Saving Time): Dialog text successful_submit was created successfully
Sun Oct 13 2024 23:40:53 GMT-0400 (Eastern Daylight Saving Time): Dialog text task_submit_error was created successfully
Sun Oct 13 2024 23:42:51 GMT-0400 (Eastern Daylight Saving Time): Settings was received successfully
Sun Oct 13 2024 23:42:51 GMT-0400 (Eastern Daylight Saving Time): 1 languages were received successfully
Sun Oct 13 2024 23:42:51 GMT-0400 (Eastern Daylight Saving Time): 6 tasks were received successfully
Sun Oct 13 2024 23:42:51 GMT-0400 (Eastern Daylight Saving Time): 3 genders were received successfully
Sun Oct 13 2024 23:42:51 GMT-0400 (Eastern Daylight Saving Time): 1 countries were received successfully
Sun Oct 13 2024 23:42:51 GMT-0400 (Eastern Daylight Saving Time): Dialog text task_solving_error was received successfully
Sun Oct 13 2024 23:42:51 GMT-0400 (Eastern Daylight Saving Time): 1 programming languages were received successfully
Sun Oct 13 2024 23:43:53 GMT-0400 (Eastern Daylight Saving Time): User was created successfully
Sun Oct 13 2024 23:45:48 GMT-0400 (Eastern Daylight Saving Time): Settings was received successfully
Sun Oct 13 2024 23:45:48 GMT-0400 (Eastern Daylight Saving Time): 1 languages were received successfully
Sun Oct 13 2024 23:45:48 GMT-0400 (Eastern Daylight Saving Time): 6 tasks were received successfully
Sun Oct 13 2024 23:45:48 GMT-0400 (Eastern Daylight Saving Time): 3 genders were received successfully
Sun Oct 13 2024 23:45:48 GMT-0400 (Eastern Daylight Saving Time): 1 countries were received successfully
Sun Oct 13 2024 23:45:48 GMT-0400 (Eastern Daylight Saving Time): Dialog text task_solving_error was received successfully
Sun Oct 13 2024 23:45:48 GMT-0400 (Eastern Daylight Saving Time): 1 programming languages were received successfully
Sun Oct 13 2024 23:47:25 GMT-0400 (Eastern Daylight Saving Time): Server is listening on port 3000
Sun Oct 13 2024 23:47:28 GMT-0400 (Eastern Daylight Saving Time):Settings was created successfully
Sun Oct 13 2024 23:47:28 GMT-0400 (Eastern Daylight Saving Time): Task pies was created successfully
Sun Oct 13 2024 23:47:28 GMT-0400 (Eastern Daylight Saving Time): Task max_3 was created successfully
Sun Oct 13 2024 23:47:28 GMT-0400 (Eastern Daylight Saving Time): Task is_zero was created successfully
Sun Oct 13 2024 23:47:28 GMT-0400 (Eastern Daylight Saving Time): Task max_digit was created successfully
Sun Oct 13 2024 23:47:28 GMT-0400 (Eastern Daylight Saving Time): Task voting was created successfully
Sun Oct 13 2024 23:47:28 GMT-0400 (Eastern Daylight Saving Time): Task brackets was created successfully
Sun Oct 13 2024 23:47:28 GMT-0400 (Eastern Daylight Saving Time): Dialog text task_solving_error was created successfully
Sun Oct 13 2024 23:47:28 GMT-0400 (Eastern Daylight Saving Time): Dialog text successful_submit was created successfully
Sun Oct 13 2024 23:47:28 GMT-0400 (Eastern Daylight Saving Time): Dialog text task_submit_error was created successfully
Mon Oct 14 2024 14:00:39 GMT-0400 (Eastern Daylight Saving Time): Server is listening on port 3000
Fri Nov 01 2024 09:29:08 GMT-0400 (Eastern Daylight Saving Time): Server is listening on port 3000
Fri Nov 01 2024 09:30:57 GMT-0400 (Eastern Daylight Saving Time): Settings was received successfully
Fri Nov 01 2024 09:31:07 GMT-0400 (Eastern Daylight Saving Time): Settings was received successfully
Fri Nov 01 2024 09:32:21 GMT-0400 (Eastern Daylight Saving Time): Settings was received successfully
Fri Nov 01 2024 09:32:21 GMT-0400 (Eastern Daylight Saving Time): 1 languages were received successfully
Fri Nov 01 2024 09:32:21 GMT-0400 (Eastern Daylight Saving Time): 6 tasks were received successfully
Fri Nov 01 2024 09:32:22 GMT-0400 (Eastern Daylight Saving Time): 3 genders were received successfully
Fri Nov 01 2024 09:32:22 GMT-0400 (Eastern Daylight Saving Time): 1 countries were received successfully
Fri Nov 01 2024 09:32:22 GMT-0400 (Eastern Daylight Saving Time): Dialog text task_solving_error was received successfully
Fri Nov 01 2024 09:32:22 GMT-0400 (Eastern Daylight Saving Time): 1 programming languages were received successfully
Sun Nov 03 2024 16:15:29 GMT-0500 (Eastern Standard Time): Server is listening on port 3000
Sun Nov 03 2024 16:23:52 GMT-0500 (Eastern Standard Time): Server is listening on port 3000
Sun Nov 03 2024 16:24:00 GMT-0500 (Eastern Standard Time): ...starting get all users
Sun Nov 03 2024 16:24:00 GMT-0500 (Eastern Standard Time): 0 users was received successfully
Sun Nov 03 2024 16:24:00 GMT-0500 (Eastern Standard Time): ...is creating archive
Sun Nov 03 2024 16:24:00 GMT-0500 (Eastern Standard Time): ...is deleting tmp folder
Sun Nov 03 2024 16:25:45 GMT-0500 (Eastern Standard Time): ...starting get all users
Sun Nov 03 2024 16:25:45 GMT-0500 (Eastern Standard Time): 0 users was received successfully
Sun Nov 03 2024 16:25:45 GMT-0500 (Eastern Standard Time): ...is creating archive
Sun Nov 03 2024 16:25:45 GMT-0500 (Eastern Standard Time): ...is deleting tmp folder
Sun Nov 03 2024 16:26:24 GMT-0500 (Eastern Standard Time): ...starting get all users
Sun Nov 03 2024 16:26:24 GMT-0500 (Eastern Standard Time): 0 users was received successfully
Sun Nov 03 2024 16:26:24 GMT-0500 (Eastern Standard Time): ...is creating archive
Sun Nov 03 2024 16:26:24 GMT-0500 (Eastern Standard Time): ...is deleting tmp folder
Sun Nov 03 2024 16:27:39 GMT-0500 (Eastern Standard Time): Settings was received successfully
Sun Nov 03 2024 16:27:39 GMT-0500 (Eastern Standard Time): 1 languages were received successfully
Sun Nov 03 2024 16:27:39 GMT-0500 (Eastern Standard Time): 6 tasks were received successfully
Sun Nov 03 2024 16:27:39 GMT-0500 (Eastern Standard Time): 3 genders were received successfully
Sun Nov 03 2024 16:27:39 GMT-0500 (Eastern Standard Time): 1 countries were received successfully
Sun Nov 03 2024 16:27:39 GMT-0500 (Eastern Standard Time): Dialog text task_solving_error was received successfully
Sun Nov 03 2024 16:27:39 GMT-0500 (Eastern Standard Time): 1 programming languages were received successfully
Sun Nov 03 2024 16:30:59 GMT-0500 (Eastern Standard Time): Activity tracker item was created successfully
Sun Nov 03 2024 16:30:59 GMT-0500 (Eastern Standard Time): Data item was created successfully
Sun Nov 03 2024 16:30:59 GMT-0500 (Eastern Standard Time): User with id 1 is not exists Error: User with id 1 is not exists
    at getUserByExternalId (C:\Users\Daniel\Documents\Ontario Tech\Computer Science Thesis Project\task-tracker-server\controllers\user-controller.js:30:51)
    at process.processTicksAndRejections (node:internal/process/task_queues:95:5)
    at async Object.addData (C:\Users\Daniel\Documents\Ontario Tech\Computer Science Thesis Project\task-tracker-server\controllers\user-controller.js:46:16)
    at async C:\Users\Daniel\Documents\Ontario Tech\Computer Science Thesis Project\task-tracker-server\routers\user-router.js:20:26
Sun Nov 03 2024 16:31:04 GMT-0500 (Eastern Standard Time): User with id 1 is not exists Error: User with id 1 is not exists
    at getUserByExternalId (C:\Users\Daniel\Documents\Ontario Tech\Computer Science Thesis Project\task-tracker-server\controllers\user-controller.js:30:51)
    at process.processTicksAndRejections (node:internal/process/task_queues:95:5)
    at async Object.addData (C:\Users\Daniel\Documents\Ontario Tech\Computer Science Thesis Project\task-tracker-server\controllers\user-controller.js:46:16)
    at async C:\Users\Daniel\Documents\Ontario Tech\Computer Science Thesis Project\task-tracker-server\routers\user-router.js:20:26
Sun Nov 03 2024 16:31:09 GMT-0500 (Eastern Standard Time): User with id 1 is not exists Error: User with id 1 is not exists
    at getUserByExternalId (C:\Users\Daniel\Documents\Ontario Tech\Computer Science Thesis Project\task-tracker-server\controllers\user-controller.js:30:51)
    at process.processTicksAndRejections (node:internal/process/task_queues:95:5)
    at async Object.addData (C:\Users\Daniel\Documents\Ontario Tech\Computer Science Thesis Project\task-tracker-server\controllers\user-controller.js:46:16)
    at async C:\Users\Daniel\Documents\Ontario Tech\Computer Science Thesis Project\task-tracker-server\routers\user-router.js:20:26
Sun Nov 03 2024 16:31:14 GMT-0500 (Eastern Standard Time): User with id 1 is not exists Error: User with id 1 is not exists
    at getUserByExternalId (C:\Users\Daniel\Documents\Ontario Tech\Computer Science Thesis Project\task-tracker-server\controllers\user-controller.js:30:51)
    at process.processTicksAndRejections (node:internal/process/task_queues:95:5)
    at async Object.addData (C:\Users\Daniel\Documents\Ontario Tech\Computer Science Thesis Project\task-tracker-server\controllers\user-controller.js:46:16)
    at async C:\Users\Daniel\Documents\Ontario Tech\Computer Science Thesis Project\task-tracker-server\routers\user-router.js:20:26
Sun Nov 03 2024 16:31:19 GMT-0500 (Eastern Standard Time): User with id 1 is not exists Error: User with id 1 is not exists
    at getUserByExternalId (C:\Users\Daniel\Documents\Ontario Tech\Computer Science Thesis Project\task-tracker-server\controllers\user-controller.js:30:51)
    at process.processTicksAndRejections (node:internal/process/task_queues:95:5)
    at async Object.addData (C:\Users\Daniel\Documents\Ontario Tech\Computer Science Thesis Project\task-tracker-server\controllers\user-controller.js:46:16)
    at async C:\Users\Daniel\Documents\Ontario Tech\Computer Science Thesis Project\task-tracker-server\routers\user-router.js:20:26
Sun Nov 03 2024 16:32:40 GMT-0500 (Eastern Standard Time): Settings was received successfully
Sun Nov 03 2024 16:32:40 GMT-0500 (Eastern Standard Time): 1 languages were received successfully
Sun Nov 03 2024 16:32:40 GMT-0500 (Eastern Standard Time): 6 tasks were received successfully
Sun Nov 03 2024 16:32:40 GMT-0500 (Eastern Standard Time): 3 genders were received successfully
Sun Nov 03 2024 16:32:40 GMT-0500 (Eastern Standard Time): 1 countries were received successfully
Sun Nov 03 2024 16:32:40 GMT-0500 (Eastern Standard Time): Dialog text task_solving_error was received successfully
Sun Nov 03 2024 16:32:40 GMT-0500 (Eastern Standard Time): 1 programming languages were received successfully
Sun Nov 03 2024 16:32:56 GMT-0500 (Eastern Standard Time): Settings was received successfully
Sun Nov 03 2024 16:32:56 GMT-0500 (Eastern Standard Time): 1 languages were received successfully
Sun Nov 03 2024 16:32:56 GMT-0500 (Eastern Standard Time): 6 tasks were received successfully
Sun Nov 03 2024 16:32:56 GMT-0500 (Eastern Standard Time): 3 genders were received successfully
Sun Nov 03 2024 16:32:56 GMT-0500 (Eastern Standard Time): 1 countries were received successfully
Sun Nov 03 2024 16:32:56 GMT-0500 (Eastern Standard Time): Dialog text task_solving_error was received successfully
Sun Nov 03 2024 16:32:56 GMT-0500 (Eastern Standard Time): 1 programming languages were received successfully
Sun Nov 03 2024 16:33:20 GMT-0500 (Eastern Standard Time): Activity tracker item was created successfully
Sun Nov 03 2024 16:33:20 GMT-0500 (Eastern Standard Time): Data item was created successfully
Sun Nov 03 2024 16:33:20 GMT-0500 (Eastern Standard Time): User with id 1 is not exists Error: User with id 1 is not exists
    at getUserByExternalId (C:\Users\Daniel\Documents\Ontario Tech\Computer Science Thesis Project\task-tracker-server\controllers\user-controller.js:30:51)
    at process.processTicksAndRejections (node:internal/process/task_queues:95:5)
    at async Object.addData (C:\Users\Daniel\Documents\Ontario Tech\Computer Science Thesis Project\task-tracker-server\controllers\user-controller.js:46:16)
    at async C:\Users\Daniel\Documents\Ontario Tech\Computer Science Thesis Project\task-tracker-server\routers\user-router.js:20:26
Sun Nov 03 2024 16:33:25 GMT-0500 (Eastern Standard Time): User with id 1 is not exists Error: User with id 1 is not exists
    at getUserByExternalId (C:\Users\Daniel\Documents\Ontario Tech\Computer Science Thesis Project\task-tracker-server\controllers\user-controller.js:30:51)
    at process.processTicksAndRejections (node:internal/process/task_queues:95:5)
    at async Object.addData (C:\Users\Daniel\Documents\Ontario Tech\Computer Science Thesis Project\task-tracker-server\controllers\user-controller.js:46:16)
    at async C:\Users\Daniel\Documents\Ontario Tech\Computer Science Thesis Project\task-tracker-server\routers\user-router.js:20:26
Sun Nov 03 2024 16:33:30 GMT-0500 (Eastern Standard Time): User with id 1 is not exists Error: User with id 1 is not exists
    at getUserByExternalId (C:\Users\Daniel\Documents\Ontario Tech\Computer Science Thesis Project\task-tracker-server\controllers\user-controller.js:30:51)
    at process.processTicksAndRejections (node:internal/process/task_queues:95:5)
    at async Object.addData (C:\Users\Daniel\Documents\Ontario Tech\Computer Science Thesis Project\task-tracker-server\controllers\user-controller.js:46:16)
    at async C:\Users\Daniel\Documents\Ontario Tech\Computer Science Thesis Project\task-tracker-server\routers\user-router.js:20:26
Sun Nov 03 2024 16:33:35 GMT-0500 (Eastern Standard Time): User with id 1 is not exists Error: User with id 1 is not exists
    at getUserByExternalId (C:\Users\Daniel\Documents\Ontario Tech\Computer Science Thesis Project\task-tracker-server\controllers\user-controller.js:30:51)
    at process.processTicksAndRejections (node:internal/process/task_queues:95:5)
    at async Object.addData (C:\Users\Daniel\Documents\Ontario Tech\Computer Science Thesis Project\task-tracker-server\controllers\user-controller.js:46:16)
    at async C:\Users\Daniel\Documents\Ontario Tech\Computer Science Thesis Project\task-tracker-server\routers\user-router.js:20:26
Sun Nov 03 2024 16:33:40 GMT-0500 (Eastern Standard Time): User with id 1 is not exists Error: User with id 1 is not exists
    at getUserByExternalId (C:\Users\Daniel\Documents\Ontario Tech\Computer Science Thesis Project\task-tracker-server\controllers\user-controller.js:30:51)
    at process.processTicksAndRejections (node:internal/process/task_queues:95:5)
    at async Object.addData (C:\Users\Daniel\Documents\Ontario Tech\Computer Science Thesis Project\task-tracker-server\controllers\user-controller.js:46:16)
    at async C:\Users\Daniel\Documents\Ontario Tech\Computer Science Thesis Project\task-tracker-server\routers\user-router.js:20:26
Sun Nov 03 2024 16:33:55 GMT-0500 (Eastern Standard Time):Settings was created successfully
Sun Nov 03 2024 16:33:55 GMT-0500 (Eastern Standard Time): Task pies was created successfully
Sun Nov 03 2024 16:33:55 GMT-0500 (Eastern Standard Time): Task max_3 was created successfully
Sun Nov 03 2024 16:33:55 GMT-0500 (Eastern Standard Time): Task is_zero was created successfully
Sun Nov 03 2024 16:33:55 GMT-0500 (Eastern Standard Time): Task max_digit was created successfully
Sun Nov 03 2024 16:33:55 GMT-0500 (Eastern Standard Time): Task voting was created successfully
Sun Nov 03 2024 16:33:55 GMT-0500 (Eastern Standard Time): Task brackets was created successfully
Sun Nov 03 2024 16:33:55 GMT-0500 (Eastern Standard Time): Dialog text task_solving_error was created successfully
Sun Nov 03 2024 16:33:55 GMT-0500 (Eastern Standard Time): Dialog text successful_submit was created successfully
Sun Nov 03 2024 16:33:55 GMT-0500 (Eastern Standard Time): Dialog text task_submit_error was created successfully
Sun Nov 03 2024 16:35:15 GMT-0500 (Eastern Standard Time): Server is listening on port 3000
Sun Nov 03 2024 16:35:21 GMT-0500 (Eastern Standard Time): Settings was received successfully
Sun Nov 03 2024 16:35:21 GMT-0500 (Eastern Standard Time): 1 languages were received successfully
Sun Nov 03 2024 16:35:21 GMT-0500 (Eastern Standard Time): 6 tasks were received successfully
Sun Nov 03 2024 16:35:22 GMT-0500 (Eastern Standard Time): 3 genders were received successfully
Sun Nov 03 2024 16:35:22 GMT-0500 (Eastern Standard Time): 1 countries were received successfully
Sun Nov 03 2024 16:35:22 GMT-0500 (Eastern Standard Time): Dialog text task_solving_error was received successfully
Sun Nov 03 2024 16:35:22 GMT-0500 (Eastern Standard Time): 1 programming languages were received successfully
Sun Nov 03 2024 16:35:41 GMT-0500 (Eastern Standard Time): Settings was received successfully
Sun Nov 03 2024 16:35:41 GMT-0500 (Eastern Standard Time): 1 languages were received successfully
Sun Nov 03 2024 16:35:41 GMT-0500 (Eastern Standard Time): 6 tasks were received successfully
Sun Nov 03 2024 16:35:41 GMT-0500 (Eastern Standard Time): 3 genders were received successfully
Sun Nov 03 2024 16:35:41 GMT-0500 (Eastern Standard Time): 1 countries were received successfully
Sun Nov 03 2024 16:35:41 GMT-0500 (Eastern Standard Time): Dialog text task_solving_error was received successfully
Sun Nov 03 2024 16:35:41 GMT-0500 (Eastern Standard Time): 1 programming languages were received successfully
Sun Nov 03 2024 16:36:09 GMT-0500 (Eastern Standard Time): Activity tracker item was created successfully
Sun Nov 03 2024 16:36:09 GMT-0500 (Eastern Standard Time): Data item was created successfully
Sun Nov 03 2024 16:36:09 GMT-0500 (Eastern Standard Time): User with id 1 is not exists Error: User with id 1 is not exists
    at getUserByExternalId (C:\Users\Daniel\Documents\Ontario Tech\Computer Science Thesis Project\task-tracker-server\controllers\user-controller.js:30:51)
    at process.processTicksAndRejections (node:internal/process/task_queues:95:5)
    at async Object.addData (C:\Users\Daniel\Documents\Ontario Tech\Computer Science Thesis Project\task-tracker-server\controllers\user-controller.js:46:16)
    at async C:\Users\Daniel\Documents\Ontario Tech\Computer Science Thesis Project\task-tracker-server\routers\user-router.js:20:26
Sun Nov 03 2024 16:36:14 GMT-0500 (Eastern Standard Time): User with id 1 is not exists Error: User with id 1 is not exists
    at getUserByExternalId (C:\Users\Daniel\Documents\Ontario Tech\Computer Science Thesis Project\task-tracker-server\controllers\user-controller.js:30:51)
    at process.processTicksAndRejections (node:internal/process/task_queues:95:5)
    at async Object.addData (C:\Users\Daniel\Documents\Ontario Tech\Computer Science Thesis Project\task-tracker-server\controllers\user-controller.js:46:16)
    at async C:\Users\Daniel\Documents\Ontario Tech\Computer Science Thesis Project\task-tracker-server\routers\user-router.js:20:26
Sun Nov 03 2024 16:36:19 GMT-0500 (Eastern Standard Time): User with id 1 is not exists Error: User with id 1 is not exists
    at getUserByExternalId (C:\Users\Daniel\Documents\Ontario Tech\Computer Science Thesis Project\task-tracker-server\controllers\user-controller.js:30:51)
    at process.processTicksAndRejections (node:internal/process/task_queues:95:5)
    at async Object.addData (C:\Users\Daniel\Documents\Ontario Tech\Computer Science Thesis Project\task-tracker-server\controllers\user-controller.js:46:16)
    at async C:\Users\Daniel\Documents\Ontario Tech\Computer Science Thesis Project\task-tracker-server\routers\user-router.js:20:26
Sun Nov 03 2024 16:36:24 GMT-0500 (Eastern Standard Time): User with id 1 is not exists Error: User with id 1 is not exists
    at getUserByExternalId (C:\Users\Daniel\Documents\Ontario Tech\Computer Science Thesis Project\task-tracker-server\controllers\user-controller.js:30:51)
    at process.processTicksAndRejections (node:internal/process/task_queues:95:5)
    at async Object.addData (C:\Users\Daniel\Documents\Ontario Tech\Computer Science Thesis Project\task-tracker-server\controllers\user-controller.js:46:16)
    at async C:\Users\Daniel\Documents\Ontario Tech\Computer Science Thesis Project\task-tracker-server\routers\user-router.js:20:26
Sun Nov 03 2024 16:36:29 GMT-0500 (Eastern Standard Time): User with id 1 is not exists Error: User with id 1 is not exists
    at getUserByExternalId (C:\Users\Daniel\Documents\Ontario Tech\Computer Science Thesis Project\task-tracker-server\controllers\user-controller.js:30:51)
    at process.processTicksAndRejections (node:internal/process/task_queues:95:5)
    at async Object.addData (C:\Users\Daniel\Documents\Ontario Tech\Computer Science Thesis Project\task-tracker-server\controllers\user-controller.js:46:16)
    at async C:\Users\Daniel\Documents\Ontario Tech\Computer Science Thesis Project\task-tracker-server\routers\user-router.js:20:26
Sun Nov 03 2024 17:07:07 GMT-0500 (Eastern Standard Time): Server is listening on port 3000
Sun Nov 03 2024 17:07:16 GMT-0500 (Eastern Standard Time): Settings are not exists Error: Settings are not exists
    at Object.getSettings (C:\Users\Daniel\Documents\Ontario Tech\Computer Science Thesis Project\task-tracker-server\controllers\settings-controller.js:16:64)
    at process.processTicksAndRejections (node:internal/process/task_queues:95:5)
    at async C:\Users\Daniel\Documents\Ontario Tech\Computer Science Thesis Project\task-tracker-server\routers\settings-router.js:20:26
Sun Nov 03 2024 17:07:21 GMT-0500 (Eastern Standard Time): Settings are not exists Error: Settings are not exists
    at Object.getSettings (C:\Users\Daniel\Documents\Ontario Tech\Computer Science Thesis Project\task-tracker-server\controllers\settings-controller.js:16:64)
    at process.processTicksAndRejections (node:internal/process/task_queues:95:5)
    at async C:\Users\Daniel\Documents\Ontario Tech\Computer Science Thesis Project\task-tracker-server\routers\settings-router.js:20:26
Sun Nov 03 2024 17:08:27 GMT-0500 (Eastern Standard Time): Server is listening on port 3000
Sun Nov 03 2024 17:08:33 GMT-0500 (Eastern Standard Time): Settings are not exists Error: Settings are not exists
    at Object.getSettings (C:\Users\Daniel\Documents\Ontario Tech\Computer Science Thesis Project\task-tracker-server\controllers\settings-controller.js:16:64)
    at process.processTicksAndRejections (node:internal/process/task_queues:95:5)
    at async C:\Users\Daniel\Documents\Ontario Tech\Computer Science Thesis Project\task-tracker-server\routers\settings-router.js:20:26
Sun Nov 03 2024 17:08:38 GMT-0500 (Eastern Standard Time): Settings are not exists Error: Settings are not exists
    at Object.getSettings (C:\Users\Daniel\Documents\Ontario Tech\Computer Science Thesis Project\task-tracker-server\controllers\settings-controller.js:16:64)
    at process.processTicksAndRejections (node:internal/process/task_queues:95:5)
    at async C:\Users\Daniel\Documents\Ontario Tech\Computer Science Thesis Project\task-tracker-server\routers\settings-router.js:20:26
Sun Nov 03 2024 17:08:43 GMT-0500 (Eastern Standard Time): Settings are not exists Error: Settings are not exists
    at Object.getSettings (C:\Users\Daniel\Documents\Ontario Tech\Computer Science Thesis Project\task-tracker-server\controllers\settings-controller.js:16:64)
    at process.processTicksAndRejections (node:internal/process/task_queues:95:5)
    at async C:\Users\Daniel\Documents\Ontario Tech\Computer Science Thesis Project\task-tracker-server\routers\settings-router.js:20:26
Sun Nov 03 2024 17:08:48 GMT-0500 (Eastern Standard Time): Settings are not exists Error: Settings are not exists
    at Object.getSettings (C:\Users\Daniel\Documents\Ontario Tech\Computer Science Thesis Project\task-tracker-server\controllers\settings-controller.js:16:64)
    at process.processTicksAndRejections (node:internal/process/task_queues:95:5)
    at async C:\Users\Daniel\Documents\Ontario Tech\Computer Science Thesis Project\task-tracker-server\routers\settings-router.js:20:26
Sun Nov 03 2024 17:08:53 GMT-0500 (Eastern Standard Time): Settings are not exists Error: Settings are not exists
    at Object.getSettings (C:\Users\Daniel\Documents\Ontario Tech\Computer Science Thesis Project\task-tracker-server\controllers\settings-controller.js:16:64)
    at process.processTicksAndRejections (node:internal/process/task_queues:95:5)
    at async C:\Users\Daniel\Documents\Ontario Tech\Computer Science Thesis Project\task-tracker-server\routers\settings-router.js:20:26
Sun Nov 03 2024 17:09:35 GMT-0500 (Eastern Standard Time): Server is listening on port 3000
Sun Nov 03 2024 17:09:47 GMT-0500 (Eastern Standard Time): Settings are not exists Error: Settings are not exists
    at Object.getSettings (C:\Users\Daniel\Documents\Ontario Tech\Computer Science Thesis Project\task-tracker-server\controllers\settings-controller.js:16:64)
    at process.processTicksAndRejections (node:internal/process/task_queues:95:5)
    at async C:\Users\Daniel\Documents\Ontario Tech\Computer Science Thesis Project\task-tracker-server\routers\settings-router.js:20:26
Sun Nov 03 2024 17:09:52 GMT-0500 (Eastern Standard Time): Settings are not exists Error: Settings are not exists
    at Object.getSettings (C:\Users\Daniel\Documents\Ontario Tech\Computer Science Thesis Project\task-tracker-server\controllers\settings-controller.js:16:64)
    at process.processTicksAndRejections (node:internal/process/task_queues:95:5)
    at async C:\Users\Daniel\Documents\Ontario Tech\Computer Science Thesis Project\task-tracker-server\routers\settings-router.js:20:26
Sun Nov 03 2024 17:09:57 GMT-0500 (Eastern Standard Time): Settings are not exists Error: Settings are not exists
    at Object.getSettings (C:\Users\Daniel\Documents\Ontario Tech\Computer Science Thesis Project\task-tracker-server\controllers\settings-controller.js:16:64)
    at process.processTicksAndRejections (node:internal/process/task_queues:95:5)
    at async C:\Users\Daniel\Documents\Ontario Tech\Computer Science Thesis Project\task-tracker-server\routers\settings-router.js:20:26
Sun Nov 03 2024 17:10:02 GMT-0500 (Eastern Standard Time): Settings are not exists Error: Settings are not exists
    at Object.getSettings (C:\Users\Daniel\Documents\Ontario Tech\Computer Science Thesis Project\task-tracker-server\controllers\settings-controller.js:16:64)
    at process.processTicksAndRejections (node:internal/process/task_queues:95:5)
    at async C:\Users\Daniel\Documents\Ontario Tech\Computer Science Thesis Project\task-tracker-server\routers\settings-router.js:20:26
Sun Nov 03 2024 17:10:36 GMT-0500 (Eastern Standard Time): Server is listening on port 3000
Sun Nov 03 2024 17:11:42 GMT-0500 (Eastern Standard Time): Settings are not exists Error: Settings are not exists
    at Object.getSettings (C:\Users\Daniel\Documents\Ontario Tech\Computer Science Thesis Project\task-tracker-server\controllers\settings-controller.js:16:64)
    at process.processTicksAndRejections (node:internal/process/task_queues:95:5)
    at async C:\Users\Daniel\Documents\Ontario Tech\Computer Science Thesis Project\task-tracker-server\routers\settings-router.js:20:26
Sun Nov 03 2024 17:12:03 GMT-0500 (Eastern Standard Time): Settings are not exists Error: Settings are not exists
    at Object.getSettings (C:\Users\Daniel\Documents\Ontario Tech\Computer Science Thesis Project\task-tracker-server\controllers\settings-controller.js:16:64)
    at process.processTicksAndRejections (node:internal/process/task_queues:95:5)
    at async C:\Users\Daniel\Documents\Ontario Tech\Computer Science Thesis Project\task-tracker-server\routers\settings-router.js:20:26
Sun Nov 03 2024 17:12:08 GMT-0500 (Eastern Standard Time): Settings are not exists Error: Settings are not exists
    at Object.getSettings (C:\Users\Daniel\Documents\Ontario Tech\Computer Science Thesis Project\task-tracker-server\controllers\settings-controller.js:16:64)
    at process.processTicksAndRejections (node:internal/process/task_queues:95:5)
    at async C:\Users\Daniel\Documents\Ontario Tech\Computer Science Thesis Project\task-tracker-server\routers\settings-router.js:20:26
Sun Nov 03 2024 17:12:45 GMT-0500 (Eastern Standard Time): Server is listening on port 3000
Sun Nov 03 2024 17:13:22 GMT-0500 (Eastern Standard Time):Settings was created successfully
Sun Nov 03 2024 17:13:22 GMT-0500 (Eastern Standard Time): Task pies was created successfully
Sun Nov 03 2024 17:13:22 GMT-0500 (Eastern Standard Time): Task max_3 was created successfully
Sun Nov 03 2024 17:13:22 GMT-0500 (Eastern Standard Time): Task is_zero was created successfully
Sun Nov 03 2024 17:13:22 GMT-0500 (Eastern Standard Time): Task max_digit was created successfully
Sun Nov 03 2024 17:13:22 GMT-0500 (Eastern Standard Time): Task voting was created successfully
Sun Nov 03 2024 17:13:22 GMT-0500 (Eastern Standard Time): Task brackets was created successfully
Sun Nov 03 2024 17:13:22 GMT-0500 (Eastern Standard Time): Dialog text task_solving_error was created successfully
Sun Nov 03 2024 17:13:22 GMT-0500 (Eastern Standard Time): Dialog text successful_submit was created successfully
Sun Nov 03 2024 17:13:22 GMT-0500 (Eastern Standard Time): Dialog text task_submit_error was created successfully
Sun Nov 03 2024 17:13:25 GMT-0500 (Eastern Standard Time): Settings was received successfully
Sun Nov 03 2024 17:13:25 GMT-0500 (Eastern Standard Time): 1 languages were received successfully
Sun Nov 03 2024 17:13:25 GMT-0500 (Eastern Standard Time): 6 tasks were received successfully
Sun Nov 03 2024 17:13:25 GMT-0500 (Eastern Standard Time): 3 genders were received successfully
Sun Nov 03 2024 17:13:25 GMT-0500 (Eastern Standard Time): 1 countries were received successfully
Sun Nov 03 2024 17:13:25 GMT-0500 (Eastern Standard Time): Dialog text task_solving_error was received successfully
Sun Nov 03 2024 17:13:25 GMT-0500 (Eastern Standard Time): 1 programming languages were received successfully
Sun Nov 03 2024 17:15:00 GMT-0500 (Eastern Standard Time): User was created successfully
Sun Nov 03 2024 17:16:40 GMT-0500 (Eastern Standard Time): Activity tracker item was created successfully
Sun Nov 03 2024 17:16:40 GMT-0500 (Eastern Standard Time): Data item was created successfully
Sun Nov 03 2024 17:16:40 GMT-0500 (Eastern Standard Time): User with id 1 was received successfully
Sun Nov 03 2024 17:16:40 GMT-0500 (Eastern Standard Time): Data item with id 1 was received successfully
Sun Nov 03 2024 17:16:40 GMT-0500 (Eastern Standard Time): Activity tracker item with id 1 was received successfully
Sun Nov 03 2024 17:16:40 GMT-0500 (Eastern Standard Time): user 1 was updates successfully. Added data: di 1, ati 1
Sun Nov 03 2024 17:17:40 GMT-0500 (Eastern Standard Time): ...starting get all users
Sun Nov 03 2024 17:17:40 GMT-0500 (Eastern Standard Time): 1 users was received successfully
Sun Nov 03 2024 17:17:40 GMT-0500 (Eastern Standard Time): ...starting handle user with id 1
Sun Nov 03 2024 17:19:12 GMT-0500 (Eastern Standard Time): Server is listening on port 3000
Sun Nov 03 2024 17:19:19 GMT-0500 (Eastern Standard Time): ...starting get all users
Sun Nov 03 2024 17:19:19 GMT-0500 (Eastern Standard Time): 1 users was received successfully
Sun Nov 03 2024 17:19:19 GMT-0500 (Eastern Standard Time): ...starting handle user with id 1
Sun Nov 03 2024 17:19:26 GMT-0500 (Eastern Standard Time): Server is listening on port 3000
Sun Nov 03 2024 17:19:26 GMT-0500 (Eastern Standard Time): ...starting get all users
Sun Nov 03 2024 17:19:26 GMT-0500 (Eastern Standard Time): 1 users was received successfully
Sun Nov 03 2024 17:19:26 GMT-0500 (Eastern Standard Time): ...starting handle user with id 1
Sun Nov 03 2024 17:21:21 GMT-0500 (Eastern Standard Time): Server is listening on port 3000
Sun Nov 03 2024 17:21:46 GMT-0500 (Eastern Standard Time): Settings was received successfully
Sun Nov 03 2024 17:21:46 GMT-0500 (Eastern Standard Time): 1 languages were received successfully
Sun Nov 03 2024 17:21:46 GMT-0500 (Eastern Standard Time): 6 tasks were received successfully
Sun Nov 03 2024 17:21:46 GMT-0500 (Eastern Standard Time): 3 genders were received successfully
Sun Nov 03 2024 17:21:46 GMT-0500 (Eastern Standard Time): 1 countries were received successfully
Sun Nov 03 2024 17:21:46 GMT-0500 (Eastern Standard Time): Dialog text task_solving_error was received successfully
Sun Nov 03 2024 17:21:47 GMT-0500 (Eastern Standard Time): 1 programming languages were received successfully
Sun Nov 03 2024 17:21:57 GMT-0500 (Eastern Standard Time): Settings was received successfully
Sun Nov 03 2024 17:21:57 GMT-0500 (Eastern Standard Time): 1 languages were received successfully
Sun Nov 03 2024 17:21:57 GMT-0500 (Eastern Standard Time): 6 tasks were received successfully
Sun Nov 03 2024 17:21:57 GMT-0500 (Eastern Standard Time): 3 genders were received successfully
Sun Nov 03 2024 17:21:57 GMT-0500 (Eastern Standard Time): 1 countries were received successfully
Sun Nov 03 2024 17:21:57 GMT-0500 (Eastern Standard Time): Dialog text task_solving_error was received successfully
Sun Nov 03 2024 17:21:57 GMT-0500 (Eastern Standard Time): 1 programming languages were received successfully
Sun Nov 03 2024 17:25:37 GMT-0500 (Eastern Standard Time): ...starting get all users
Sun Nov 03 2024 17:25:37 GMT-0500 (Eastern Standard Time): 1 users was received successfully
Sun Nov 03 2024 17:25:37 GMT-0500 (Eastern Standard Time): ...starting handle user with id 1
Sun Nov 03 2024 17:26:01 GMT-0500 (Eastern Standard Time): Server is listening on port 3000
Sun Nov 03 2024 17:26:22 GMT-0500 (Eastern Standard Time): ...starting get all users
Sun Nov 03 2024 17:26:22 GMT-0500 (Eastern Standard Time): 1 users was received successfully
Sun Nov 03 2024 17:26:22 GMT-0500 (Eastern Standard Time): ...starting handle user with id 1
Sun Nov 03 2024 17:32:28 GMT-0500 (Eastern Standard Time): Server is listening on port 3000
Sun Nov 03 2024 17:36:09 GMT-0500 (Eastern Standard Time): Settings was received successfully
Sun Nov 03 2024 17:36:09 GMT-0500 (Eastern Standard Time): 1 languages were received successfully
Sun Nov 03 2024 17:36:09 GMT-0500 (Eastern Standard Time): 6 tasks were received successfully
Sun Nov 03 2024 17:36:09 GMT-0500 (Eastern Standard Time): 3 genders were received successfully
Sun Nov 03 2024 17:36:09 GMT-0500 (Eastern Standard Time): 1 countries were received successfully
Sun Nov 03 2024 17:36:09 GMT-0500 (Eastern Standard Time): Dialog text task_solving_error was received successfully
Sun Nov 03 2024 17:36:09 GMT-0500 (Eastern Standard Time): 1 programming languages were received successfully
Sun Nov 03 2024 17:42:51 GMT-0500 (Eastern Standard Time): Server is listening on port 3000
Sun Nov 03 2024 17:42:57 GMT-0500 (Eastern Standard Time):Settings was created successfully
Sun Nov 03 2024 17:42:57 GMT-0500 (Eastern Standard Time): Task pies was created successfully
Sun Nov 03 2024 17:42:57 GMT-0500 (Eastern Standard Time): Task max_3 was created successfully
Sun Nov 03 2024 17:42:57 GMT-0500 (Eastern Standard Time): Task is_zero was created successfully
Sun Nov 03 2024 17:42:57 GMT-0500 (Eastern Standard Time): Task max_digit was created successfully
Sun Nov 03 2024 17:42:57 GMT-0500 (Eastern Standard Time): Task voting was created successfully
Sun Nov 03 2024 17:42:57 GMT-0500 (Eastern Standard Time): Task brackets was created successfully
Sun Nov 03 2024 17:42:57 GMT-0500 (Eastern Standard Time): Dialog text task_solving_error was created successfully
Sun Nov 03 2024 17:42:57 GMT-0500 (Eastern Standard Time): Dialog text successful_submit was created successfully
Sun Nov 03 2024 17:42:57 GMT-0500 (Eastern Standard Time): Dialog text task_submit_error was created successfully
Sun Nov 03 2024 17:43:13 GMT-0500 (Eastern Standard Time): Settings was received successfully
Sun Nov 03 2024 17:44:05 GMT-0500 (Eastern Standard Time): Server is listening on port 3000
Sun Nov 03 2024 17:44:24 GMT-0500 (Eastern Standard Time): Settings was received successfully
Sun Nov 03 2024 17:45:07 GMT-0500 (Eastern Standard Time):Settings was created successfully
Sun Nov 03 2024 17:45:07 GMT-0500 (Eastern Standard Time): Task pies was created successfully
Sun Nov 03 2024 17:45:07 GMT-0500 (Eastern Standard Time): Task max_3 was created successfully
Sun Nov 03 2024 17:45:07 GMT-0500 (Eastern Standard Time): Task is_zero was created successfully
Sun Nov 03 2024 17:45:07 GMT-0500 (Eastern Standard Time): Task max_digit was created successfully
Sun Nov 03 2024 17:45:07 GMT-0500 (Eastern Standard Time): Task voting was created successfully
Sun Nov 03 2024 17:45:07 GMT-0500 (Eastern Standard Time): Task brackets was created successfully
Sun Nov 03 2024 17:45:07 GMT-0500 (Eastern Standard Time): Dialog text task_solving_error was created successfully
Sun Nov 03 2024 17:45:07 GMT-0500 (Eastern Standard Time): Dialog text successful_submit was created successfully
Sun Nov 03 2024 17:45:07 GMT-0500 (Eastern Standard Time): Dialog text task_submit_error was created successfully
Sun Nov 03 2024 17:45:12 GMT-0500 (Eastern Standard Time): Server is listening on port 3000
Sun Nov 03 2024 17:45:34 GMT-0500 (Eastern Standard Time): Settings was received successfully
Sun Nov 03 2024 17:51:06 GMT-0500 (Eastern Standard Time): Settings was received successfully
Sun Nov 03 2024 17:51:19 GMT-0500 (Eastern Standard Time): Settings was received successfully
Sun Nov 03 2024 17:51:19 GMT-0500 (Eastern Standard Time): 1 languages were received successfully
Sun Nov 03 2024 17:51:19 GMT-0500 (Eastern Standard Time): 6 tasks were received successfully
Sun Nov 03 2024 17:51:19 GMT-0500 (Eastern Standard Time): 3 genders were received successfully
Sun Nov 03 2024 17:51:19 GMT-0500 (Eastern Standard Time): 1 countries were received successfully
Sun Nov 03 2024 17:51:19 GMT-0500 (Eastern Standard Time): Dialog text task_solving_error was received successfully
Sun Nov 03 2024 17:51:19 GMT-0500 (Eastern Standard Time): 1 programming languages were received successfully
Sun Nov 03 2024 17:51:51 GMT-0500 (Eastern Standard Time): Settings was received successfully
Sun Nov 03 2024 17:51:51 GMT-0500 (Eastern Standard Time): 1 languages were received successfully
Sun Nov 03 2024 17:51:51 GMT-0500 (Eastern Standard Time): 6 tasks were received successfully
Sun Nov 03 2024 17:51:51 GMT-0500 (Eastern Standard Time): 3 genders were received successfully
Sun Nov 03 2024 17:51:51 GMT-0500 (Eastern Standard Time): 1 countries were received successfully
Sun Nov 03 2024 17:51:51 GMT-0500 (Eastern Standard Time): Dialog text task_solving_error was received successfully
Sun Nov 03 2024 17:51:51 GMT-0500 (Eastern Standard Time): 1 programming languages were received successfully
Sun Nov 03 2024 17:53:09 GMT-0500 (Eastern Standard Time):Settings was created successfully
Sun Nov 03 2024 17:53:09 GMT-0500 (Eastern Standard Time): Task pies was created successfully
Sun Nov 03 2024 17:53:09 GMT-0500 (Eastern Standard Time): Task max_3 was created successfully
Sun Nov 03 2024 17:53:09 GMT-0500 (Eastern Standard Time): Task is_zero was created successfully
Sun Nov 03 2024 17:53:09 GMT-0500 (Eastern Standard Time): Task max_digit was created successfully
Sun Nov 03 2024 17:53:09 GMT-0500 (Eastern Standard Time): Task voting was created successfully
Sun Nov 03 2024 17:53:09 GMT-0500 (Eastern Standard Time): Task brackets was created successfully
Sun Nov 03 2024 17:53:10 GMT-0500 (Eastern Standard Time): Dialog text task_solving_error was created successfully
Sun Nov 03 2024 17:53:10 GMT-0500 (Eastern Standard Time): Dialog text successful_submit was created successfully
Sun Nov 03 2024 17:53:10 GMT-0500 (Eastern Standard Time): Dialog text task_submit_error was created successfully
Sun Nov 03 2024 17:53:30 GMT-0500 (Eastern Standard Time): Server is listening on port 3000
Sun Nov 03 2024 17:53:30 GMT-0500 (Eastern Standard Time):Settings was created successfully
Sun Nov 03 2024 17:53:31 GMT-0500 (Eastern Standard Time): Task pies was created successfully
Sun Nov 03 2024 17:53:31 GMT-0500 (Eastern Standard Time): Task max_3 was created successfully
Sun Nov 03 2024 17:53:31 GMT-0500 (Eastern Standard Time): Task is_zero was created successfully
Sun Nov 03 2024 17:53:31 GMT-0500 (Eastern Standard Time): Task max_digit was created successfully
Sun Nov 03 2024 17:53:31 GMT-0500 (Eastern Standard Time): Task voting was created successfully
Sun Nov 03 2024 17:53:31 GMT-0500 (Eastern Standard Time): Task brackets was created successfully
Sun Nov 03 2024 17:53:31 GMT-0500 (Eastern Standard Time): Dialog text task_solving_error was created successfully
Sun Nov 03 2024 17:53:31 GMT-0500 (Eastern Standard Time): Dialog text successful_submit was created successfully
Sun Nov 03 2024 17:53:31 GMT-0500 (Eastern Standard Time): Dialog text task_submit_error was created successfully
Sun Nov 03 2024 17:54:22 GMT-0500 (Eastern Standard Time): Settings was received successfully
Sun Nov 03 2024 17:54:23 GMT-0500 (Eastern Standard Time): 1 languages were received successfully
Sun Nov 03 2024 17:54:23 GMT-0500 (Eastern Standard Time): 6 tasks were received successfully
Sun Nov 03 2024 17:54:23 GMT-0500 (Eastern Standard Time): 3 genders were received successfully
Sun Nov 03 2024 17:54:23 GMT-0500 (Eastern Standard Time): 1 countries were received successfully
Sun Nov 03 2024 17:54:23 GMT-0500 (Eastern Standard Time): Dialog text task_solving_error was received successfully
Sun Nov 03 2024 17:54:23 GMT-0500 (Eastern Standard Time): 1 programming languages were received successfully
Sun Nov 03 2024 17:56:01 GMT-0500 (Eastern Standard Time): Server is listening on port 3000
Sun Nov 03 2024 17:56:01 GMT-0500 (Eastern Standard Time):Settings was created successfully
Sun Nov 03 2024 17:56:01 GMT-0500 (Eastern Standard Time): Task pies was created successfully
Sun Nov 03 2024 17:56:01 GMT-0500 (Eastern Standard Time): Task max_3 was created successfully
Sun Nov 03 2024 17:56:01 GMT-0500 (Eastern Standard Time): Task is_zero was created successfully
Sun Nov 03 2024 17:56:01 GMT-0500 (Eastern Standard Time): Task max_digit was created successfully
Sun Nov 03 2024 17:56:01 GMT-0500 (Eastern Standard Time): Task voting was created successfully
Sun Nov 03 2024 17:56:01 GMT-0500 (Eastern Standard Time): Task brackets was created successfully
Sun Nov 03 2024 17:56:01 GMT-0500 (Eastern Standard Time): Dialog text task_solving_error was created successfully
Sun Nov 03 2024 17:56:01 GMT-0500 (Eastern Standard Time): Dialog text successful_submit was created successfully
Sun Nov 03 2024 17:56:01 GMT-0500 (Eastern Standard Time): Dialog text task_submit_error was created successfully
Sun Nov 03 2024 18:02:04 GMT-0500 (Eastern Standard Time): Settings was received successfully
Sun Nov 03 2024 18:02:04 GMT-0500 (Eastern Standard Time): 1 languages were received successfully
Sun Nov 03 2024 18:02:04 GMT-0500 (Eastern Standard Time): 6 tasks were received successfully
Sun Nov 03 2024 18:02:05 GMT-0500 (Eastern Standard Time): 3 genders were received successfully
Sun Nov 03 2024 18:02:05 GMT-0500 (Eastern Standard Time): 1 countries were received successfully
Sun Nov 03 2024 18:02:05 GMT-0500 (Eastern Standard Time): Dialog text task_solving_error was received successfully
Sun Nov 03 2024 18:02:05 GMT-0500 (Eastern Standard Time): 1 programming languages were received successfully
Sun Nov 03 2024 18:03:37 GMT-0500 (Eastern Standard Time): Settings was received successfully
Sun Nov 03 2024 18:03:37 GMT-0500 (Eastern Standard Time): 1 languages were received successfully
Sun Nov 03 2024 18:03:37 GMT-0500 (Eastern Standard Time): 6 tasks were received successfully
Sun Nov 03 2024 18:03:37 GMT-0500 (Eastern Standard Time): 3 genders were received successfully
Sun Nov 03 2024 18:03:37 GMT-0500 (Eastern Standard Time): 1 countries were received successfully
Sun Nov 03 2024 18:03:37 GMT-0500 (Eastern Standard Time): Dialog text task_solving_error was received successfully
Sun Nov 03 2024 18:03:37 GMT-0500 (Eastern Standard Time): 1 programming languages were received successfully
Sun Nov 03 2024 18:04:24 GMT-0500 (Eastern Standard Time): Server is listening on port 3000
Sun Nov 03 2024 18:04:26 GMT-0500 (Eastern Standard Time):Settings was created successfully
Sun Nov 03 2024 18:04:26 GMT-0500 (Eastern Standard Time): Task pies was created successfully
Sun Nov 03 2024 18:04:26 GMT-0500 (Eastern Standard Time): Task max_3 was created successfully
Sun Nov 03 2024 18:04:26 GMT-0500 (Eastern Standard Time): Task is_zero was created successfully
Sun Nov 03 2024 18:04:26 GMT-0500 (Eastern Standard Time): Task max_digit was created successfully
Sun Nov 03 2024 18:04:26 GMT-0500 (Eastern Standard Time): Task voting was created successfully
Sun Nov 03 2024 18:04:26 GMT-0500 (Eastern Standard Time): Task brackets was created successfully
Sun Nov 03 2024 18:04:26 GMT-0500 (Eastern Standard Time): Dialog text task_solving_error was created successfully
Sun Nov 03 2024 18:04:26 GMT-0500 (Eastern Standard Time): Dialog text successful_submit was created successfully
Sun Nov 03 2024 18:04:26 GMT-0500 (Eastern Standard Time): Dialog text task_submit_error was created successfully
Sun Nov 03 2024 18:04:44 GMT-0500 (Eastern Standard Time): Settings was received successfully
Sun Nov 03 2024 18:04:45 GMT-0500 (Eastern Standard Time): 1 languages were received successfully
Sun Nov 03 2024 18:04:45 GMT-0500 (Eastern Standard Time): 6 tasks were received successfully
Sun Nov 03 2024 18:04:45 GMT-0500 (Eastern Standard Time): 3 genders were received successfully
Sun Nov 03 2024 18:04:45 GMT-0500 (Eastern Standard Time): 1 countries were received successfully
Sun Nov 03 2024 18:04:45 GMT-0500 (Eastern Standard Time): Dialog text task_solving_error was received successfully
Sun Nov 03 2024 18:04:45 GMT-0500 (Eastern Standard Time): 1 programming languages were received successfully
Sun Nov 03 2024 18:05:32 GMT-0500 (Eastern Standard Time):Settings was created successfully
Sun Nov 03 2024 18:05:32 GMT-0500 (Eastern Standard Time): Task pies was created successfully
Sun Nov 03 2024 18:05:32 GMT-0500 (Eastern Standard Time): Task max_3 was created successfully
Sun Nov 03 2024 18:05:32 GMT-0500 (Eastern Standard Time): Task is_zero was created successfully
Sun Nov 03 2024 18:05:32 GMT-0500 (Eastern Standard Time): Task max_digit was created successfully
Sun Nov 03 2024 18:05:32 GMT-0500 (Eastern Standard Time): Task voting was created successfully
Sun Nov 03 2024 18:05:32 GMT-0500 (Eastern Standard Time): Task brackets was created successfully
Sun Nov 03 2024 18:05:32 GMT-0500 (Eastern Standard Time): Dialog text task_solving_error was created successfully
Sun Nov 03 2024 18:05:32 GMT-0500 (Eastern Standard Time): Dialog text successful_submit was created successfully
Sun Nov 03 2024 18:05:32 GMT-0500 (Eastern Standard Time): Dialog text task_submit_error was created successfully
Sun Nov 03 2024 18:05:45 GMT-0500 (Eastern Standard Time): Server is listening on port 3000
Sun Nov 03 2024 18:05:48 GMT-0500 (Eastern Standard Time):Settings was created successfully
Sun Nov 03 2024 18:05:48 GMT-0500 (Eastern Standard Time): Task pies was created successfully
Sun Nov 03 2024 18:05:48 GMT-0500 (Eastern Standard Time): Task max_3 was created successfully
Sun Nov 03 2024 18:05:48 GMT-0500 (Eastern Standard Time): Task is_zero was created successfully
Sun Nov 03 2024 18:05:48 GMT-0500 (Eastern Standard Time): Task max_digit was created successfully
Sun Nov 03 2024 18:05:48 GMT-0500 (Eastern Standard Time): Task voting was created successfully
Sun Nov 03 2024 18:05:48 GMT-0500 (Eastern Standard Time): Task brackets was created successfully
Sun Nov 03 2024 18:05:48 GMT-0500 (Eastern Standard Time): Dialog text task_solving_error was created successfully
Sun Nov 03 2024 18:05:48 GMT-0500 (Eastern Standard Time): Dialog text successful_submit was created successfully
Sun Nov 03 2024 18:05:48 GMT-0500 (Eastern Standard Time): Dialog text task_submit_error was created successfully
Sun Nov 03 2024 18:06:05 GMT-0500 (Eastern Standard Time): Settings was received successfully
Sun Nov 03 2024 18:06:05 GMT-0500 (Eastern Standard Time): 1 languages were received successfully
Sun Nov 03 2024 18:06:05 GMT-0500 (Eastern Standard Time): 6 tasks were received successfully
Sun Nov 03 2024 18:06:05 GMT-0500 (Eastern Standard Time): 3 genders were received successfully
Sun Nov 03 2024 18:06:05 GMT-0500 (Eastern Standard Time): 1 countries were received successfully
Sun Nov 03 2024 18:06:05 GMT-0500 (Eastern Standard Time): Dialog text task_solving_error was received successfully
Sun Nov 03 2024 18:06:05 GMT-0500 (Eastern Standard Time): 1 programming languages were received successfully
Sun Nov 03 2024 18:07:36 GMT-0500 (Eastern Standard Time): Server is listening on port 3000
Sun Nov 03 2024 18:07:38 GMT-0500 (Eastern Standard Time):Settings was created successfully
Sun Nov 03 2024 18:07:38 GMT-0500 (Eastern Standard Time): Task pies was created successfully
Sun Nov 03 2024 18:07:38 GMT-0500 (Eastern Standard Time): Task max_3 was created successfully
Sun Nov 03 2024 18:07:38 GMT-0500 (Eastern Standard Time): Task is_zero was created successfully
Sun Nov 03 2024 18:07:38 GMT-0500 (Eastern Standard Time): Task max_digit was created successfully
Sun Nov 03 2024 18:07:38 GMT-0500 (Eastern Standard Time): Task voting was created successfully
Sun Nov 03 2024 18:07:38 GMT-0500 (Eastern Standard Time): Task brackets was created successfully
Sun Nov 03 2024 18:07:38 GMT-0500 (Eastern Standard Time): Dialog text task_solving_error was created successfully
Sun Nov 03 2024 18:07:38 GMT-0500 (Eastern Standard Time): Dialog text successful_submit was created successfully
Sun Nov 03 2024 18:07:38 GMT-0500 (Eastern Standard Time): Dialog text task_submit_error was created successfully
Sun Nov 03 2024 18:07:54 GMT-0500 (Eastern Standard Time): Settings was received successfully
Sun Nov 03 2024 18:07:54 GMT-0500 (Eastern Standard Time): 1 languages were received successfully
Sun Nov 03 2024 18:07:54 GMT-0500 (Eastern Standard Time): 6 tasks were received successfully
Sun Nov 03 2024 18:07:54 GMT-0500 (Eastern Standard Time): 3 genders were received successfully
Sun Nov 03 2024 18:07:54 GMT-0500 (Eastern Standard Time): 1 countries were received successfully
Sun Nov 03 2024 18:07:54 GMT-0500 (Eastern Standard Time): Dialog text task_solving_error was received successfully
Sun Nov 03 2024 18:07:54 GMT-0500 (Eastern Standard Time): 1 programming languages were received successfully
Mon Nov 04 2024 12:06:55 GMT-0500 (Eastern Standard Time): Server is listening on port 3000
Mon Nov 04 2024 12:48:18 GMT-0500 (Eastern Standard Time): Settings was received successfully
Mon Nov 04 2024 12:48:18 GMT-0500 (Eastern Standard Time): 1 languages were received successfully
Mon Nov 04 2024 12:48:18 GMT-0500 (Eastern Standard Time): 6 tasks were received successfully
Mon Nov 04 2024 12:48:18 GMT-0500 (Eastern Standard Time): 3 genders were received successfully
Mon Nov 04 2024 12:48:19 GMT-0500 (Eastern Standard Time): 1 countries were received successfully
Mon Nov 04 2024 12:48:19 GMT-0500 (Eastern Standard Time): Dialog text task_solving_error was received successfully
Mon Nov 04 2024 12:48:19 GMT-0500 (Eastern Standard Time): 1 programming languages were received successfully
Mon Nov 04 2024 12:50:08 GMT-0500 (Eastern Standard Time): Server is listening on port 3000
Mon Nov 04 2024 12:51:56 GMT-0500 (Eastern Standard Time):Settings was created successfully
Mon Nov 04 2024 12:51:56 GMT-0500 (Eastern Standard Time): Task pies was created successfully
Mon Nov 04 2024 12:51:56 GMT-0500 (Eastern Standard Time): Task max_3 was created successfully
Mon Nov 04 2024 12:51:56 GMT-0500 (Eastern Standard Time): Task is_zero was created successfully
Mon Nov 04 2024 12:51:56 GMT-0500 (Eastern Standard Time): Task max_digit was created successfully
Mon Nov 04 2024 12:51:57 GMT-0500 (Eastern Standard Time): Task voting was created successfully
Mon Nov 04 2024 12:51:57 GMT-0500 (Eastern Standard Time): Task brackets was created successfully
Mon Nov 04 2024 12:51:57 GMT-0500 (Eastern Standard Time): Dialog text task_solving_error was created successfully
Mon Nov 04 2024 12:51:57 GMT-0500 (Eastern Standard Time): Dialog text successful_submit was created successfully
Mon Nov 04 2024 12:51:57 GMT-0500 (Eastern Standard Time): Dialog text task_submit_error was created successfully
Mon Nov 04 2024 13:05:07 GMT-0500 (Eastern Standard Time): Settings are not exists Error: Settings are not exists
    at Object.getSettings (C:\Users\Daniel\Documents\Ontario Tech\Computer Science Thesis Project\task-tracker-server\controllers\settings-controller.js:16:64)
    at process.processTicksAndRejections (node:internal/process/task_queues:95:5)
    at async C:\Users\Daniel\Documents\Ontario Tech\Computer Science Thesis Project\task-tracker-server\routers\settings-router.js:20:26
Mon Nov 04 2024 13:05:16 GMT-0500 (Eastern Standard Time): Server is listening on port 3000
Mon Nov 04 2024 13:05:17 GMT-0500 (Eastern Standard Time):Settings was created successfully
Mon Nov 04 2024 13:05:17 GMT-0500 (Eastern Standard Time): Task pies was created successfully
Mon Nov 04 2024 13:05:17 GMT-0500 (Eastern Standard Time): Task max_3 was created successfully
Mon Nov 04 2024 13:05:17 GMT-0500 (Eastern Standard Time): Task is_zero was created successfully
Mon Nov 04 2024 13:05:17 GMT-0500 (Eastern Standard Time): Task max_digit was created successfully
Mon Nov 04 2024 13:05:17 GMT-0500 (Eastern Standard Time): Task voting was created successfully
Mon Nov 04 2024 13:05:17 GMT-0500 (Eastern Standard Time): Task brackets was created successfully
Mon Nov 04 2024 13:05:17 GMT-0500 (Eastern Standard Time): Dialog text task_solving_error was created successfully
Mon Nov 04 2024 13:05:17 GMT-0500 (Eastern Standard Time): Dialog text successful_submit was created successfully
Mon Nov 04 2024 13:05:17 GMT-0500 (Eastern Standard Time): Dialog text task_submit_error was created successfully
Mon Nov 04 2024 13:05:17 GMT-0500 (Eastern Standard Time): Settings was received successfully
Mon Nov 04 2024 13:07:32 GMT-0500 (Eastern Standard Time): Settings was received successfully
Mon Nov 04 2024 13:07:32 GMT-0500 (Eastern Standard Time): 1 languages were received successfully
Mon Nov 04 2024 13:07:32 GMT-0500 (Eastern Standard Time): 6 tasks were received successfully
Mon Nov 04 2024 13:07:32 GMT-0500 (Eastern Standard Time): 3 genders were received successfully
Mon Nov 04 2024 13:07:32 GMT-0500 (Eastern Standard Time): 1 countries were received successfully
Mon Nov 04 2024 13:07:32 GMT-0500 (Eastern Standard Time): Dialog text task_solving_error was received successfully
Mon Nov 04 2024 13:07:32 GMT-0500 (Eastern Standard Time): 1 programming languages were received successfully
Mon Nov 04 2024 13:13:09 GMT-0500 (Eastern Standard Time): Settings was received successfully
Mon Nov 04 2024 13:13:09 GMT-0500 (Eastern Standard Time): 1 languages were received successfully
Mon Nov 04 2024 13:13:09 GMT-0500 (Eastern Standard Time): 6 tasks were received successfully
Mon Nov 04 2024 13:13:09 GMT-0500 (Eastern Standard Time): 3 genders were received successfully
Mon Nov 04 2024 13:13:09 GMT-0500 (Eastern Standard Time): 1 countries were received successfully
Mon Nov 04 2024 13:13:09 GMT-0500 (Eastern Standard Time): Dialog text task_solving_error was received successfully
Mon Nov 04 2024 13:13:09 GMT-0500 (Eastern Standard Time): 1 programming languages were received successfully
Mon Nov 04 2024 13:26:14 GMT-0500 (Eastern Standard Time): Settings was received successfully
Mon Nov 04 2024 13:26:14 GMT-0500 (Eastern Standard Time): 1 languages were received successfully
Mon Nov 04 2024 13:26:15 GMT-0500 (Eastern Standard Time): 6 tasks were received successfully
Mon Nov 04 2024 13:26:15 GMT-0500 (Eastern Standard Time): 3 genders were received successfully
Mon Nov 04 2024 13:26:15 GMT-0500 (Eastern Standard Time): 1 countries were received successfully
Mon Nov 04 2024 13:26:15 GMT-0500 (Eastern Standard Time): Dialog text task_solving_error was received successfully
Mon Nov 04 2024 13:26:15 GMT-0500 (Eastern Standard Time): 1 programming languages were received successfully
Mon Nov 04 2024 13:28:00 GMT-0500 (Eastern Standard Time): Settings was received successfully
Mon Nov 04 2024 13:28:00 GMT-0500 (Eastern Standard Time): 1 languages were received successfully
Mon Nov 04 2024 13:28:00 GMT-0500 (Eastern Standard Time): 6 tasks were received successfully
Mon Nov 04 2024 13:28:00 GMT-0500 (Eastern Standard Time): 3 genders were received successfully
Mon Nov 04 2024 13:28:00 GMT-0500 (Eastern Standard Time): 1 countries were received successfully
Mon Nov 04 2024 13:28:00 GMT-0500 (Eastern Standard Time): Dialog text task_solving_error was received successfully
Mon Nov 04 2024 13:28:00 GMT-0500 (Eastern Standard Time): 1 programming languages were received successfully
Mon Nov 04 2024 13:30:37 GMT-0500 (Eastern Standard Time): Settings was received successfully
Mon Nov 04 2024 13:30:38 GMT-0500 (Eastern Standard Time): 1 languages were received successfully
Mon Nov 04 2024 13:30:38 GMT-0500 (Eastern Standard Time): 6 tasks were received successfully
Mon Nov 04 2024 13:30:38 GMT-0500 (Eastern Standard Time): 3 genders were received successfully
Mon Nov 04 2024 13:30:38 GMT-0500 (Eastern Standard Time): 1 countries were received successfully
Mon Nov 04 2024 13:30:38 GMT-0500 (Eastern Standard Time): Dialog text task_solving_error was received successfully
Mon Nov 04 2024 13:30:38 GMT-0500 (Eastern Standard Time): 1 programming languages were received successfully
Mon Nov 04 2024 13:35:07 GMT-0500 (Eastern Standard Time): Settings was received successfully
Mon Nov 04 2024 13:35:07 GMT-0500 (Eastern Standard Time): 1 languages were received successfully
Mon Nov 04 2024 13:35:07 GMT-0500 (Eastern Standard Time): 6 tasks were received successfully
Mon Nov 04 2024 13:35:08 GMT-0500 (Eastern Standard Time): 3 genders were received successfully
Mon Nov 04 2024 13:35:08 GMT-0500 (Eastern Standard Time): 1 countries were received successfully
Mon Nov 04 2024 13:35:08 GMT-0500 (Eastern Standard Time): Dialog text task_solving_error was received successfully
Mon Nov 04 2024 13:35:08 GMT-0500 (Eastern Standard Time): 1 programming languages were received successfully
Mon Nov 04 2024 13:36:53 GMT-0500 (Eastern Standard Time): Settings was received successfully
Mon Nov 04 2024 13:36:53 GMT-0500 (Eastern Standard Time): 1 languages were received successfully
Mon Nov 04 2024 13:36:53 GMT-0500 (Eastern Standard Time): 6 tasks were received successfully
Mon Nov 04 2024 13:36:53 GMT-0500 (Eastern Standard Time): 3 genders were received successfully
Mon Nov 04 2024 13:36:53 GMT-0500 (Eastern Standard Time): 1 countries were received successfully
Mon Nov 04 2024 13:36:53 GMT-0500 (Eastern Standard Time): Dialog text task_solving_error was received successfully
Mon Nov 04 2024 13:36:53 GMT-0500 (Eastern Standard Time): 1 programming languages were received successfully
Mon Nov 04 2024 13:43:36 GMT-0500 (Eastern Standard Time): Settings was received successfully
Mon Nov 04 2024 13:43:36 GMT-0500 (Eastern Standard Time): 1 languages were received successfully
Mon Nov 04 2024 13:43:36 GMT-0500 (Eastern Standard Time): 6 tasks were received successfully
Mon Nov 04 2024 13:43:37 GMT-0500 (Eastern Standard Time): 3 genders were received successfully
Mon Nov 04 2024 13:43:37 GMT-0500 (Eastern Standard Time): 1 countries were received successfully
Mon Nov 04 2024 13:43:37 GMT-0500 (Eastern Standard Time): Dialog text task_solving_error was received successfully
Mon Nov 04 2024 13:43:37 GMT-0500 (Eastern Standard Time): 1 programming languages were received successfully
Mon Nov 04 2024 13:43:51 GMT-0500 (Eastern Standard Time): User was created successfully
Mon Nov 04 2024 13:44:03 GMT-0500 (Eastern Standard Time): Activity tracker item was created successfully
Mon Nov 04 2024 13:44:03 GMT-0500 (Eastern Standard Time): Data item was created successfully
Mon Nov 04 2024 13:44:03 GMT-0500 (Eastern Standard Time): User with id 1 was received successfully
Mon Nov 04 2024 13:44:03 GMT-0500 (Eastern Standard Time): Data item with id 1 was received successfully
Mon Nov 04 2024 13:44:03 GMT-0500 (Eastern Standard Time): Activity tracker item with id 1 was received successfully
Mon Nov 04 2024 13:44:03 GMT-0500 (Eastern Standard Time): user 1 was updates successfully. Added data: di 1, ati 1
Mon Nov 04 2024 15:33:20 GMT-0500 (Eastern Standard Time): Server is listening on port 3000
Mon Nov 04 2024 15:39:50 GMT-0500 (Eastern Standard Time): Settings was received successfully
Mon Nov 04 2024 15:39:50 GMT-0500 (Eastern Standard Time): 1 languages were received successfully
Mon Nov 04 2024 15:39:50 GMT-0500 (Eastern Standard Time): 6 tasks were received successfully
Mon Nov 04 2024 15:39:50 GMT-0500 (Eastern Standard Time): 3 genders were received successfully
Mon Nov 04 2024 15:39:50 GMT-0500 (Eastern Standard Time): 1 countries were received successfully
Mon Nov 04 2024 15:39:51 GMT-0500 (Eastern Standard Time): Dialog text task_solving_error was received successfully
Mon Nov 04 2024 15:39:51 GMT-0500 (Eastern Standard Time): 1 programming languages were received successfully
Mon Nov 04 2024 15:45:08 GMT-0500 (Eastern Standard Time): Settings was received successfully
Mon Nov 04 2024 15:45:08 GMT-0500 (Eastern Standard Time): 1 languages were received successfully
Mon Nov 04 2024 15:45:08 GMT-0500 (Eastern Standard Time): 6 tasks were received successfully
Mon Nov 04 2024 15:45:08 GMT-0500 (Eastern Standard Time): 3 genders were received successfully
Mon Nov 04 2024 15:45:08 GMT-0500 (Eastern Standard Time): 1 countries were received successfully
Mon Nov 04 2024 15:45:08 GMT-0500 (Eastern Standard Time): Dialog text task_solving_error was received successfully
Mon Nov 04 2024 15:45:08 GMT-0500 (Eastern Standard Time): 1 programming languages were received successfully
Mon Nov 04 2024 15:48:15 GMT-0500 (Eastern Standard Time): Settings was received successfully
Mon Nov 04 2024 15:48:15 GMT-0500 (Eastern Standard Time): 1 languages were received successfully
Mon Nov 04 2024 15:48:15 GMT-0500 (Eastern Standard Time): 6 tasks were received successfully
Mon Nov 04 2024 15:48:15 GMT-0500 (Eastern Standard Time): 3 genders were received successfully
Mon Nov 04 2024 15:48:15 GMT-0500 (Eastern Standard Time): 1 countries were received successfully
Mon Nov 04 2024 15:48:15 GMT-0500 (Eastern Standard Time): Dialog text task_solving_error was received successfully
Mon Nov 04 2024 15:48:15 GMT-0500 (Eastern Standard Time): 1 programming languages were received successfully
Mon Nov 04 2024 15:50:35 GMT-0500 (Eastern Standard Time): Settings was received successfully
Mon Nov 04 2024 15:51:29 GMT-0500 (Eastern Standard Time): Settings was received successfully
Mon Nov 04 2024 15:51:29 GMT-0500 (Eastern Standard Time): 1 languages were received successfully
Mon Nov 04 2024 15:51:29 GMT-0500 (Eastern Standard Time): 6 tasks were received successfully
Mon Nov 04 2024 15:51:29 GMT-0500 (Eastern Standard Time): 3 genders were received successfully
Mon Nov 04 2024 15:51:29 GMT-0500 (Eastern Standard Time): 1 countries were received successfully
Mon Nov 04 2024 15:51:29 GMT-0500 (Eastern Standard Time): Dialog text task_solving_error was received successfully
Mon Nov 04 2024 15:51:29 GMT-0500 (Eastern Standard Time): 1 programming languages were received successfully
Mon Nov 04 2024 15:54:27 GMT-0500 (Eastern Standard Time): Settings was received successfully
Mon Nov 04 2024 15:54:27 GMT-0500 (Eastern Standard Time): 1 languages were received successfully
Mon Nov 04 2024 15:54:27 GMT-0500 (Eastern Standard Time): 6 tasks were received successfully
Mon Nov 04 2024 15:54:27 GMT-0500 (Eastern Standard Time): 3 genders were received successfully
Mon Nov 04 2024 15:54:27 GMT-0500 (Eastern Standard Time): 1 countries were received successfully
Mon Nov 04 2024 15:54:27 GMT-0500 (Eastern Standard Time): Dialog text task_solving_error was received successfully
Mon Nov 04 2024 15:54:27 GMT-0500 (Eastern Standard Time): 1 programming languages were received successfully
Mon Nov 04 2024 15:58:06 GMT-0500 (Eastern Standard Time): Settings was received successfully
Mon Nov 04 2024 15:58:06 GMT-0500 (Eastern Standard Time): 1 languages were received successfully
Mon Nov 04 2024 15:58:06 GMT-0500 (Eastern Standard Time): 6 tasks were received successfully
Mon Nov 04 2024 15:58:06 GMT-0500 (Eastern Standard Time): 3 genders were received successfully
Mon Nov 04 2024 15:58:06 GMT-0500 (Eastern Standard Time): 1 countries were received successfully
Mon Nov 04 2024 15:58:06 GMT-0500 (Eastern Standard Time): Dialog text task_solving_error was received successfully
Mon Nov 04 2024 15:58:06 GMT-0500 (Eastern Standard Time): 1 programming languages were received successfully
Mon Nov 04 2024 16:00:51 GMT-0500 (Eastern Standard Time): Settings was received successfully
Mon Nov 04 2024 16:00:51 GMT-0500 (Eastern Standard Time): 1 languages were received successfully
Mon Nov 04 2024 16:00:51 GMT-0500 (Eastern Standard Time): 6 tasks were received successfully
Mon Nov 04 2024 16:00:51 GMT-0500 (Eastern Standard Time): 3 genders were received successfully
Mon Nov 04 2024 16:00:51 GMT-0500 (Eastern Standard Time): 1 countries were received successfully
Mon Nov 04 2024 16:00:51 GMT-0500 (Eastern Standard Time): Dialog text task_solving_error was received successfully
Mon Nov 04 2024 16:00:51 GMT-0500 (Eastern Standard Time): 1 programming languages were received successfully
Mon Nov 04 2024 16:01:52 GMT-0500 (Eastern Standard Time): Server is listening on port 3000
Mon Nov 04 2024 16:02:37 GMT-0500 (Eastern Standard Time): Settings was received successfully
Mon Nov 04 2024 16:02:37 GMT-0500 (Eastern Standard Time): 1 languages were received successfully
Mon Nov 04 2024 16:02:37 GMT-0500 (Eastern Standard Time): 6 tasks were received successfully
Mon Nov 04 2024 16:02:38 GMT-0500 (Eastern Standard Time): 3 genders were received successfully
Mon Nov 04 2024 16:02:38 GMT-0500 (Eastern Standard Time): 1 countries were received successfully
Mon Nov 04 2024 16:02:38 GMT-0500 (Eastern Standard Time): Dialog text task_solving_error was received successfully
Mon Nov 04 2024 16:02:38 GMT-0500 (Eastern Standard Time): 1 programming languages were received successfully
Mon Nov 04 2024 16:04:32 GMT-0500 (Eastern Standard Time): Settings was received successfully
Mon Nov 04 2024 16:12:44 GMT-0500 (Eastern Standard Time): Settings was received successfully
Mon Nov 04 2024 16:14:11 GMT-0500 (Eastern Standard Time): Settings was received successfully
Mon Nov 04 2024 16:14:11 GMT-0500 (Eastern Standard Time): 1 languages were received successfully
Mon Nov 04 2024 16:14:11 GMT-0500 (Eastern Standard Time): 6 tasks were received successfully
Mon Nov 04 2024 16:14:11 GMT-0500 (Eastern Standard Time): 3 genders were received successfully
Mon Nov 04 2024 16:14:11 GMT-0500 (Eastern Standard Time): 1 countries were received successfully
Mon Nov 04 2024 16:14:11 GMT-0500 (Eastern Standard Time): Dialog text task_solving_error was received successfully
Mon Nov 04 2024 16:14:11 GMT-0500 (Eastern Standard Time): 1 programming languages were received successfully
Mon Nov 04 2024 16:19:13 GMT-0500 (Eastern Standard Time): Settings was received successfully
Mon Nov 04 2024 16:19:14 GMT-0500 (Eastern Standard Time): 1 languages were received successfully
Mon Nov 04 2024 16:19:14 GMT-0500 (Eastern Standard Time): 6 tasks were received successfully
Mon Nov 04 2024 16:19:14 GMT-0500 (Eastern Standard Time): 3 genders were received successfully
Mon Nov 04 2024 16:19:14 GMT-0500 (Eastern Standard Time): 1 countries were received successfully
Mon Nov 04 2024 16:19:14 GMT-0500 (Eastern Standard Time): Dialog text task_solving_error was received successfully
Mon Nov 04 2024 16:19:14 GMT-0500 (Eastern Standard Time): 1 programming languages were received successfully
Mon Nov 04 2024 16:23:56 GMT-0500 (Eastern Standard Time): Server is listening on port 3000
Mon Nov 04 2024 16:23:59 GMT-0500 (Eastern Standard Time):Settings was created successfully
Mon Nov 04 2024 16:23:59 GMT-0500 (Eastern Standard Time): Task pies was created successfully
Mon Nov 04 2024 16:23:59 GMT-0500 (Eastern Standard Time): Task max_3 was created successfully
Mon Nov 04 2024 16:23:59 GMT-0500 (Eastern Standard Time): Task is_zero was created successfully
Mon Nov 04 2024 16:23:59 GMT-0500 (Eastern Standard Time): Task max_digit was created successfully
Mon Nov 04 2024 16:23:59 GMT-0500 (Eastern Standard Time): Task voting was created successfully
Mon Nov 04 2024 16:23:59 GMT-0500 (Eastern Standard Time): Task brackets was created successfully
Mon Nov 04 2024 16:23:59 GMT-0500 (Eastern Standard Time): Dialog text task_solving_error was created successfully
Mon Nov 04 2024 16:23:59 GMT-0500 (Eastern Standard Time): Dialog text successful_submit was created successfully
Mon Nov 04 2024 16:23:59 GMT-0500 (Eastern Standard Time): Dialog text task_submit_error was created successfully
Mon Nov 04 2024 16:25:41 GMT-0500 (Eastern Standard Time): Settings was received successfully
Mon Nov 04 2024 16:29:29 GMT-0500 (Eastern Standard Time): Settings was received successfully
Mon Nov 04 2024 16:29:29 GMT-0500 (Eastern Standard Time): 1 languages were received successfully
Mon Nov 04 2024 16:29:29 GMT-0500 (Eastern Standard Time): 6 tasks were received successfully
Mon Nov 04 2024 16:29:30 GMT-0500 (Eastern Standard Time): 3 genders were received successfully
Mon Nov 04 2024 16:29:30 GMT-0500 (Eastern Standard Time): 1 countries were received successfully
Mon Nov 04 2024 16:29:30 GMT-0500 (Eastern Standard Time): Dialog text task_solving_error was received successfully
Mon Nov 04 2024 16:29:30 GMT-0500 (Eastern Standard Time): 1 programming languages were received successfully
Mon Nov 04 2024 19:11:43 GMT-0500 (Eastern Standard Time): Settings was received successfully
Mon Nov 04 2024 19:11:43 GMT-0500 (Eastern Standard Time): 1 languages were received successfully
Mon Nov 04 2024 19:11:43 GMT-0500 (Eastern Standard Time): 6 tasks were received successfully
Mon Nov 04 2024 19:11:43 GMT-0500 (Eastern Standard Time): 3 genders were received successfully
Mon Nov 04 2024 19:11:44 GMT-0500 (Eastern Standard Time): 1 countries were received successfully
Mon Nov 04 2024 19:11:44 GMT-0500 (Eastern Standard Time): Dialog text task_solving_error was received successfully
Mon Nov 04 2024 19:11:44 GMT-0500 (Eastern Standard Time): 1 programming languages were received successfully
Mon Nov 04 2024 19:17:06 GMT-0500 (Eastern Standard Time): Settings was received successfully
Mon Nov 04 2024 19:17:06 GMT-0500 (Eastern Standard Time): 1 languages were received successfully
Mon Nov 04 2024 19:17:06 GMT-0500 (Eastern Standard Time): 6 tasks were received successfully
Mon Nov 04 2024 19:17:07 GMT-0500 (Eastern Standard Time): 3 genders were received successfully
Mon Nov 04 2024 19:17:07 GMT-0500 (Eastern Standard Time): 1 countries were received successfully
Mon Nov 04 2024 19:17:07 GMT-0500 (Eastern Standard Time): Dialog text task_solving_error was received successfully
Mon Nov 04 2024 19:17:07 GMT-0500 (Eastern Standard Time): 1 programming languages were received successfully
Wed Nov 06 2024 09:56:59 GMT-0500 (Eastern Standard Time): Server is listening on port 3000
Wed Nov 06 2024 09:57:52 GMT-0500 (Eastern Standard Time): Server is listening on port 3000
Wed Nov 06 2024 10:04:31 GMT-0500 (Eastern Standard Time): Settings are not exists Error: Settings are not exists
    at Object.getSettings (C:\Users\Daniel\Documents\Ontario Tech\Computer Science Thesis Project\task-tracker-server\controllers\settings-controller.js:16:64)
    at process.processTicksAndRejections (node:internal/process/task_queues:95:5)
    at async C:\Users\Daniel\Documents\Ontario Tech\Computer Science Thesis Project\task-tracker-server\routers\settings-router.js:20:26
Wed Nov 06 2024 10:04:36 GMT-0500 (Eastern Standard Time): Settings are not exists Error: Settings are not exists
    at Object.getSettings (C:\Users\Daniel\Documents\Ontario Tech\Computer Science Thesis Project\task-tracker-server\controllers\settings-controller.js:16:64)
    at process.processTicksAndRejections (node:internal/process/task_queues:95:5)
    at async C:\Users\Daniel\Documents\Ontario Tech\Computer Science Thesis Project\task-tracker-server\routers\settings-router.js:20:26
Wed Nov 06 2024 10:04:41 GMT-0500 (Eastern Standard Time): Settings are not exists Error: Settings are not exists
    at Object.getSettings (C:\Users\Daniel\Documents\Ontario Tech\Computer Science Thesis Project\task-tracker-server\controllers\settings-controller.js:16:64)
    at process.processTicksAndRejections (node:internal/process/task_queues:95:5)
    at async C:\Users\Daniel\Documents\Ontario Tech\Computer Science Thesis Project\task-tracker-server\routers\settings-router.js:20:26
Wed Nov 06 2024 10:04:46 GMT-0500 (Eastern Standard Time): Settings are not exists Error: Settings are not exists
    at Object.getSettings (C:\Users\Daniel\Documents\Ontario Tech\Computer Science Thesis Project\task-tracker-server\controllers\settings-controller.js:16:64)
    at process.processTicksAndRejections (node:internal/process/task_queues:95:5)
    at async C:\Users\Daniel\Documents\Ontario Tech\Computer Science Thesis Project\task-tracker-server\routers\settings-router.js:20:26
Wed Nov 06 2024 10:05:29 GMT-0500 (Eastern Standard Time):Settings was created successfully
Wed Nov 06 2024 10:05:29 GMT-0500 (Eastern Standard Time): Task pies was created successfully
Wed Nov 06 2024 10:05:29 GMT-0500 (Eastern Standard Time): Task max_3 was created successfully
Wed Nov 06 2024 10:05:29 GMT-0500 (Eastern Standard Time): Task is_zero was created successfully
Wed Nov 06 2024 10:05:29 GMT-0500 (Eastern Standard Time): Task max_digit was created successfully
Wed Nov 06 2024 10:05:29 GMT-0500 (Eastern Standard Time): Task voting was created successfully
Wed Nov 06 2024 10:05:29 GMT-0500 (Eastern Standard Time): Task brackets was created successfully
Wed Nov 06 2024 10:05:29 GMT-0500 (Eastern Standard Time): Dialog text task_solving_error was created successfully
Wed Nov 06 2024 10:05:29 GMT-0500 (Eastern Standard Time): Dialog text successful_submit was created successfully
Wed Nov 06 2024 10:05:29 GMT-0500 (Eastern Standard Time): Dialog text task_submit_error was created successfully
Wed Nov 06 2024 10:06:07 GMT-0500 (Eastern Standard Time): Settings was received successfully
Wed Nov 06 2024 10:06:07 GMT-0500 (Eastern Standard Time): 1 languages were received successfully
Wed Nov 06 2024 10:06:07 GMT-0500 (Eastern Standard Time): 6 tasks were received successfully
Wed Nov 06 2024 10:06:07 GMT-0500 (Eastern Standard Time): 3 genders were received successfully
Wed Nov 06 2024 10:06:07 GMT-0500 (Eastern Standard Time): 1 countries were received successfully
Wed Nov 06 2024 10:06:07 GMT-0500 (Eastern Standard Time): Dialog text task_solving_error was received successfully
Wed Nov 06 2024 10:06:07 GMT-0500 (Eastern Standard Time): 1 programming languages were received successfully
Wed Nov 06 2024 10:14:35 GMT-0500 (Eastern Standard Time): Settings was received successfully
Wed Nov 06 2024 10:14:35 GMT-0500 (Eastern Standard Time): 1 languages were received successfully
Wed Nov 06 2024 10:14:35 GMT-0500 (Eastern Standard Time): 6 tasks were received successfully
Wed Nov 06 2024 10:14:35 GMT-0500 (Eastern Standard Time): 3 genders were received successfully
Wed Nov 06 2024 10:14:35 GMT-0500 (Eastern Standard Time): 1 countries were received successfully
Wed Nov 06 2024 10:14:35 GMT-0500 (Eastern Standard Time): Dialog text task_solving_error was received successfully
Wed Nov 06 2024 10:14:35 GMT-0500 (Eastern Standard Time): 1 programming languages were received successfully
Wed Nov 06 2024 10:28:21 GMT-0500 (Eastern Standard Time): Server is listening on port 3000
Wed Nov 06 2024 10:28:22 GMT-0500 (Eastern Standard Time):Settings was created successfully
Wed Nov 06 2024 10:28:22 GMT-0500 (Eastern Standard Time): Task pies was created successfully
Wed Nov 06 2024 10:28:22 GMT-0500 (Eastern Standard Time): Task max_3 was created successfully
Wed Nov 06 2024 10:28:22 GMT-0500 (Eastern Standard Time): Task is_zero was created successfully
Wed Nov 06 2024 10:28:22 GMT-0500 (Eastern Standard Time): Task max_digit was created successfully
Wed Nov 06 2024 10:28:22 GMT-0500 (Eastern Standard Time): Task voting was created successfully
Wed Nov 06 2024 10:28:22 GMT-0500 (Eastern Standard Time): Task brackets was created successfully
Wed Nov 06 2024 10:28:22 GMT-0500 (Eastern Standard Time): Dialog text task_solving_error was created successfully
Wed Nov 06 2024 10:28:22 GMT-0500 (Eastern Standard Time): Dialog text successful_submit was created successfully
Wed Nov 06 2024 10:28:22 GMT-0500 (Eastern Standard Time): Dialog text task_submit_error was created successfully
Wed Nov 06 2024 21:04:38 GMT-0500 (Eastern Standard Time): Server is listening on port 3000
Wed Nov 06 2024 21:04:52 GMT-0500 (Eastern Standard Time): Settings was received successfully
Wed Nov 06 2024 21:06:34 GMT-0500 (Eastern Standard Time): ...starting get all users
Wed Nov 06 2024 21:06:34 GMT-0500 (Eastern Standard Time): 0 users was received successfully
Wed Nov 06 2024 21:06:34 GMT-0500 (Eastern Standard Time): ...is creating archive
Wed Nov 06 2024 21:06:34 GMT-0500 (Eastern Standard Time): ...is deleting tmp folder
Wed Nov 06 2024 21:09:06 GMT-0500 (Eastern Standard Time): Settings was received successfully
Wed Nov 06 2024 21:09:06 GMT-0500 (Eastern Standard Time): 1 languages were received successfully
Wed Nov 06 2024 21:09:06 GMT-0500 (Eastern Standard Time): 6 tasks were received successfully
Wed Nov 06 2024 21:09:06 GMT-0500 (Eastern Standard Time): 3 genders were received successfully
Wed Nov 06 2024 21:09:06 GMT-0500 (Eastern Standard Time): 1 countries were received successfully
Wed Nov 06 2024 21:09:06 GMT-0500 (Eastern Standard Time): Dialog text task_solving_error was received successfully
Wed Nov 06 2024 21:09:06 GMT-0500 (Eastern Standard Time): 1 programming languages were received successfully
Wed Nov 06 2024 21:09:24 GMT-0500 (Eastern Standard Time): Settings was received successfully
Wed Nov 06 2024 21:09:24 GMT-0500 (Eastern Standard Time): 1 languages were received successfully
Wed Nov 06 2024 21:09:24 GMT-0500 (Eastern Standard Time): 6 tasks were received successfully
Wed Nov 06 2024 21:09:24 GMT-0500 (Eastern Standard Time): 3 genders were received successfully
Wed Nov 06 2024 21:09:24 GMT-0500 (Eastern Standard Time): 1 countries were received successfully
Wed Nov 06 2024 21:09:24 GMT-0500 (Eastern Standard Time): Dialog text task_solving_error was received successfully
Wed Nov 06 2024 21:09:24 GMT-0500 (Eastern Standard Time): 1 programming languages were received successfully
Wed Nov 06 2024 21:09:37 GMT-0500 (Eastern Standard Time): User was created successfully
Wed Nov 06 2024 21:13:51 GMT-0500 (Eastern Standard Time): Activity tracker item was created successfully
Wed Nov 06 2024 21:13:51 GMT-0500 (Eastern Standard Time): Data item was created successfully
Wed Nov 06 2024 21:13:51 GMT-0500 (Eastern Standard Time): User with id 1 was received successfully
Wed Nov 06 2024 21:13:51 GMT-0500 (Eastern Standard Time): Data item with id 1 was received successfully
Wed Nov 06 2024 21:13:51 GMT-0500 (Eastern Standard Time): Activity tracker item with id 1 was received successfully
Wed Nov 06 2024 21:13:51 GMT-0500 (Eastern Standard Time): user 1 was updates successfully. Added data: di 1, ati 1
Wed Nov 06 2024 21:18:16 GMT-0500 (Eastern Standard Time): ...starting get all users
Wed Nov 06 2024 21:18:16 GMT-0500 (Eastern Standard Time): 1 users was received successfully
Wed Nov 06 2024 21:18:16 GMT-0500 (Eastern Standard Time): ...starting handle user with id 1
Thu Nov 07 2024 11:46:31 GMT-0500 (Eastern Standard Time): Server is listening on port 3000
Thu Nov 07 2024 11:47:07 GMT-0500 (Eastern Standard Time): ...starting get all users
Thu Nov 07 2024 11:47:07 GMT-0500 (Eastern Standard Time): 1 users was received successfully
Thu Nov 07 2024 11:47:07 GMT-0500 (Eastern Standard Time): ...starting handle user with id 1
Thu Nov 07 2024 11:47:16 GMT-0500 (Eastern Standard Time): Server is listening on port 3000
Thu Nov 07 2024 11:48:10 GMT-0500 (Eastern Standard Time): Settings was received successfully
Thu Nov 07 2024 11:48:10 GMT-0500 (Eastern Standard Time): 1 languages were received successfully
Thu Nov 07 2024 11:48:10 GMT-0500 (Eastern Standard Time): 6 tasks were received successfully
Thu Nov 07 2024 11:48:11 GMT-0500 (Eastern Standard Time): 3 genders were received successfully
Thu Nov 07 2024 11:48:11 GMT-0500 (Eastern Standard Time): 1 countries were received successfully
Thu Nov 07 2024 11:48:11 GMT-0500 (Eastern Standard Time): Dialog text task_solving_error was received successfully
Thu Nov 07 2024 11:48:11 GMT-0500 (Eastern Standard Time): 1 programming languages were received successfully
Thu Nov 07 2024 11:48:22 GMT-0500 (Eastern Standard Time): Settings was received successfully
Thu Nov 07 2024 11:48:23 GMT-0500 (Eastern Standard Time): 1 languages were received successfully
Thu Nov 07 2024 11:48:23 GMT-0500 (Eastern Standard Time): 6 tasks were received successfully
Thu Nov 07 2024 11:48:23 GMT-0500 (Eastern Standard Time): 3 genders were received successfully
Thu Nov 07 2024 11:48:23 GMT-0500 (Eastern Standard Time): 1 countries were received successfully
Thu Nov 07 2024 11:48:23 GMT-0500 (Eastern Standard Time): Dialog text task_solving_error was received successfully
Thu Nov 07 2024 11:48:23 GMT-0500 (Eastern Standard Time): 1 programming languages were received successfully
Thu Nov 07 2024 11:52:28 GMT-0500 (Eastern Standard Time): Activity tracker item was created successfully
Thu Nov 07 2024 11:52:28 GMT-0500 (Eastern Standard Time): Data item was created successfully
Thu Nov 07 2024 11:52:28 GMT-0500 (Eastern Standard Time): User with id 1 was received successfully
Thu Nov 07 2024 11:52:28 GMT-0500 (Eastern Standard Time): Data item with id 2 was received successfully
Thu Nov 07 2024 11:52:28 GMT-0500 (Eastern Standard Time): Activity tracker item with id 2 was received successfully
Thu Nov 07 2024 11:52:28 GMT-0500 (Eastern Standard Time): user 1 was updates successfully. Added data: di 2, ati 2
Thu Nov 07 2024 11:53:51 GMT-0500 (Eastern Standard Time): Activity tracker item was created successfully
Thu Nov 07 2024 11:53:51 GMT-0500 (Eastern Standard Time): Data item was created successfully
Thu Nov 07 2024 11:53:51 GMT-0500 (Eastern Standard Time): User with id 1 was received successfully
Thu Nov 07 2024 11:53:51 GMT-0500 (Eastern Standard Time): Data item with id 3 was received successfully
Thu Nov 07 2024 11:53:51 GMT-0500 (Eastern Standard Time): Activity tracker item with id 3 was received successfully
Thu Nov 07 2024 11:53:51 GMT-0500 (Eastern Standard Time): user 1 was updates successfully. Added data: di 3, ati 3
Thu Nov 07 2024 11:54:22 GMT-0500 (Eastern Standard Time): Activity tracker item was created successfully
Thu Nov 07 2024 11:54:22 GMT-0500 (Eastern Standard Time): Data item was created successfully
Thu Nov 07 2024 11:54:22 GMT-0500 (Eastern Standard Time): User with id 1 was received successfully
Thu Nov 07 2024 11:54:22 GMT-0500 (Eastern Standard Time): Data item with id 4 was received successfully
Thu Nov 07 2024 11:54:22 GMT-0500 (Eastern Standard Time): Activity tracker item with id 4 was received successfully
Thu Nov 07 2024 11:54:22 GMT-0500 (Eastern Standard Time): user 1 was updates successfully. Added data: di 4, ati 4
Thu Nov 07 2024 11:59:22 GMT-0500 (Eastern Standard Time): Settings was received successfully
Thu Nov 07 2024 11:59:22 GMT-0500 (Eastern Standard Time): 1 languages were received successfully
Thu Nov 07 2024 11:59:23 GMT-0500 (Eastern Standard Time): 6 tasks were received successfully
Thu Nov 07 2024 11:59:23 GMT-0500 (Eastern Standard Time): 3 genders were received successfully
Thu Nov 07 2024 11:59:23 GMT-0500 (Eastern Standard Time): 1 countries were received successfully
Thu Nov 07 2024 11:59:23 GMT-0500 (Eastern Standard Time): Dialog text task_solving_error was received successfully
Thu Nov 07 2024 11:59:23 GMT-0500 (Eastern Standard Time): 1 programming languages were received successfully
Thu Nov 07 2024 11:59:35 GMT-0500 (Eastern Standard Time): Settings was received successfully
Thu Nov 07 2024 11:59:35 GMT-0500 (Eastern Standard Time): 1 languages were received successfully
Thu Nov 07 2024 11:59:35 GMT-0500 (Eastern Standard Time): 6 tasks were received successfully
Thu Nov 07 2024 11:59:35 GMT-0500 (Eastern Standard Time): 3 genders were received successfully
Thu Nov 07 2024 11:59:36 GMT-0500 (Eastern Standard Time): 1 countries were received successfully
Thu Nov 07 2024 11:59:36 GMT-0500 (Eastern Standard Time): Dialog text task_solving_error was received successfully
Thu Nov 07 2024 11:59:36 GMT-0500 (Eastern Standard Time): 1 programming languages were received successfully
Thu Nov 07 2024 12:01:40 GMT-0500 (Eastern Standard Time): Server is listening on port 3000
Thu Nov 07 2024 12:01:41 GMT-0500 (Eastern Standard Time):Settings was created successfully
Thu Nov 07 2024 12:01:41 GMT-0500 (Eastern Standard Time): Task pies was created successfully
Thu Nov 07 2024 12:01:41 GMT-0500 (Eastern Standard Time): Task max_3 was created successfully
Thu Nov 07 2024 12:01:41 GMT-0500 (Eastern Standard Time): Task is_zero was created successfully
Thu Nov 07 2024 12:01:41 GMT-0500 (Eastern Standard Time): Task max_digit was created successfully
Thu Nov 07 2024 12:01:41 GMT-0500 (Eastern Standard Time): Task voting was created successfully
Thu Nov 07 2024 12:01:41 GMT-0500 (Eastern Standard Time): Task brackets was created successfully
Thu Nov 07 2024 12:01:41 GMT-0500 (Eastern Standard Time): Dialog text task_solving_error was created successfully
Thu Nov 07 2024 12:01:41 GMT-0500 (Eastern Standard Time): Dialog text successful_submit was created successfully
Thu Nov 07 2024 12:01:41 GMT-0500 (Eastern Standard Time): Dialog text task_submit_error was created successfully
Thu Nov 07 2024 12:01:50 GMT-0500 (Eastern Standard Time): Settings was received successfully
Thu Nov 07 2024 12:01:50 GMT-0500 (Eastern Standard Time): 1 languages were received successfully
Thu Nov 07 2024 12:01:50 GMT-0500 (Eastern Standard Time): 6 tasks were received successfully
Thu Nov 07 2024 12:01:50 GMT-0500 (Eastern Standard Time): 3 genders were received successfully
Thu Nov 07 2024 12:01:50 GMT-0500 (Eastern Standard Time): 1 countries were received successfully
Thu Nov 07 2024 12:01:50 GMT-0500 (Eastern Standard Time): Dialog text task_solving_error was received successfully
Thu Nov 07 2024 12:01:51 GMT-0500 (Eastern Standard Time): 1 programming languages were received successfully
Thu Nov 07 2024 12:02:05 GMT-0500 (Eastern Standard Time): User was created successfully
Fri Nov 08 2024 10:32:23 GMT-0500 (Eastern Standard Time): Server is listening on port 3000
Fri Nov 08 2024 10:37:34 GMT-0500 (Eastern Standard Time): Settings was received successfully
Fri Nov 08 2024 10:37:34 GMT-0500 (Eastern Standard Time): 1 languages were received successfully
Fri Nov 08 2024 10:37:34 GMT-0500 (Eastern Standard Time): 6 tasks were received successfully
Fri Nov 08 2024 10:37:35 GMT-0500 (Eastern Standard Time): 3 genders were received successfully
Fri Nov 08 2024 10:37:35 GMT-0500 (Eastern Standard Time): 1 countries were received successfully
Fri Nov 08 2024 10:37:35 GMT-0500 (Eastern Standard Time): Dialog text task_solving_error was received successfully
Fri Nov 08 2024 10:37:35 GMT-0500 (Eastern Standard Time): 1 programming languages were received successfully
Wed Nov 13 2024 09:36:57 GMT-0500 (Eastern Standard Time): Server is listening on port 3000
Wed Nov 13 2024 09:38:56 GMT-0500 (Eastern Standard Time): Settings was received successfully
Wed Nov 13 2024 09:38:57 GMT-0500 (Eastern Standard Time): 1 languages were received successfully
Wed Nov 13 2024 09:38:59 GMT-0500 (Eastern Standard Time): 6 tasks were received successfully
Wed Nov 13 2024 09:38:59 GMT-0500 (Eastern Standard Time): 3 genders were received successfully
Wed Nov 13 2024 09:38:59 GMT-0500 (Eastern Standard Time): 1 countries were received successfully
Wed Nov 13 2024 09:39:00 GMT-0500 (Eastern Standard Time): Dialog text task_solving_error was received successfully
Wed Nov 13 2024 09:39:00 GMT-0500 (Eastern Standard Time): 1 programming languages were received successfully
Wed Nov 13 2024 09:39:57 GMT-0500 (Eastern Standard Time): Settings was received successfully
Wed Nov 13 2024 09:39:57 GMT-0500 (Eastern Standard Time): 1 languages were received successfully
Wed Nov 13 2024 09:39:57 GMT-0500 (Eastern Standard Time): 6 tasks were received successfully
Wed Nov 13 2024 09:39:58 GMT-0500 (Eastern Standard Time): 3 genders were received successfully
Wed Nov 13 2024 09:39:58 GMT-0500 (Eastern Standard Time): 1 countries were received successfully
Wed Nov 13 2024 09:39:58 GMT-0500 (Eastern Standard Time): Dialog text task_solving_error was received successfully
Wed Nov 13 2024 09:39:58 GMT-0500 (Eastern Standard Time): 1 programming languages were received successfully
Wed Nov 13 2024 09:42:30 GMT-0500 (Eastern Standard Time): Settings was received successfully
Wed Nov 13 2024 09:42:31 GMT-0500 (Eastern Standard Time): 1 languages were received successfully
Wed Nov 13 2024 09:42:31 GMT-0500 (Eastern Standard Time): 6 tasks were received successfully
Wed Nov 13 2024 09:42:31 GMT-0500 (Eastern Standard Time): 3 genders were received successfully
Wed Nov 13 2024 09:42:31 GMT-0500 (Eastern Standard Time): 1 countries were received successfully
Wed Nov 13 2024 09:42:31 GMT-0500 (Eastern Standard Time): Dialog text task_solving_error was received successfully
Wed Nov 13 2024 09:42:31 GMT-0500 (Eastern Standard Time): 1 programming languages were received successfully
Wed Nov 13 2024 09:42:49 GMT-0500 (Eastern Standard Time): Settings was received successfully
Wed Nov 13 2024 09:42:49 GMT-0500 (Eastern Standard Time): 1 languages were received successfully
Wed Nov 13 2024 09:42:49 GMT-0500 (Eastern Standard Time): 6 tasks were received successfully
Wed Nov 13 2024 09:42:49 GMT-0500 (Eastern Standard Time): 3 genders were received successfully
Wed Nov 13 2024 09:42:49 GMT-0500 (Eastern Standard Time): 1 countries were received successfully
Wed Nov 13 2024 09:42:49 GMT-0500 (Eastern Standard Time): Dialog text task_solving_error was received successfully
Wed Nov 13 2024 09:42:49 GMT-0500 (Eastern Standard Time): 1 programming languages were received successfully
Wed Nov 13 2024 09:44:42 GMT-0500 (Eastern Standard Time): User was created successfully
Wed Nov 13 2024 09:49:23 GMT-0500 (Eastern Standard Time): Activity tracker item was created successfully
Wed Nov 13 2024 09:49:23 GMT-0500 (Eastern Standard Time): Data item was created successfully
Wed Nov 13 2024 09:49:23 GMT-0500 (Eastern Standard Time): User with id 2 was received successfully
Wed Nov 13 2024 09:49:23 GMT-0500 (Eastern Standard Time): Data item with id 1 was received successfully
Wed Nov 13 2024 09:49:23 GMT-0500 (Eastern Standard Time): Activity tracker item with id 1 was received successfully
Wed Nov 13 2024 09:49:23 GMT-0500 (Eastern Standard Time): user 2 was updates successfully. Added data: di 1, ati 1
Wed Nov 13 2024 09:51:43 GMT-0500 (Eastern Standard Time): Activity tracker item was created successfully
Wed Nov 13 2024 09:51:43 GMT-0500 (Eastern Standard Time): Data item was created successfully
Wed Nov 13 2024 09:51:43 GMT-0500 (Eastern Standard Time): User with id 2 was received successfully
Wed Nov 13 2024 09:51:43 GMT-0500 (Eastern Standard Time): Data item with id 2 was received successfully
Wed Nov 13 2024 09:51:43 GMT-0500 (Eastern Standard Time): Activity tracker item with id 2 was received successfully
Wed Nov 13 2024 09:51:43 GMT-0500 (Eastern Standard Time): user 2 was updates successfully. Added data: di 2, ati 2
Wed Nov 13 2024 09:53:53 GMT-0500 (Eastern Standard Time): ...starting get all users
Wed Nov 13 2024 09:53:53 GMT-0500 (Eastern Standard Time): 2 users was received successfully
Wed Nov 13 2024 09:53:53 GMT-0500 (Eastern Standard Time): ...starting handle user with id 1
Wed Nov 13 2024 09:53:53 GMT-0500 (Eastern Standard Time): ...starting handle user with id 2
Wed Nov 13 2024 09:54:03 GMT-0500 (Eastern Standard Time): Server is listening on port 3000
Wed Nov 13 2024 10:09:04 GMT-0500 (Eastern Standard Time): Server is listening on port 3000
Wed Nov 13 2024 10:09:18 GMT-0500 (Eastern Standard Time): Settings was received successfully
Wed Nov 13 2024 10:09:18 GMT-0500 (Eastern Standard Time): 1 languages were received successfully
Wed Nov 13 2024 10:09:18 GMT-0500 (Eastern Standard Time): 6 tasks were received successfully
Wed Nov 13 2024 10:09:18 GMT-0500 (Eastern Standard Time): 3 genders were received successfully
Wed Nov 13 2024 10:09:18 GMT-0500 (Eastern Standard Time): 1 countries were received successfully
Wed Nov 13 2024 10:09:18 GMT-0500 (Eastern Standard Time): Dialog text task_solving_error was received successfully
Wed Nov 13 2024 10:09:18 GMT-0500 (Eastern Standard Time): 1 programming languages were received successfully
Wed Nov 13 2024 10:09:32 GMT-0500 (Eastern Standard Time): Settings was received successfully
Wed Nov 13 2024 10:09:32 GMT-0500 (Eastern Standard Time): 1 languages were received successfully
Wed Nov 13 2024 10:09:32 GMT-0500 (Eastern Standard Time): 6 tasks were received successfully
Wed Nov 13 2024 10:09:32 GMT-0500 (Eastern Standard Time): 3 genders were received successfully
Wed Nov 13 2024 10:09:32 GMT-0500 (Eastern Standard Time): 1 countries were received successfully
Wed Nov 13 2024 10:09:32 GMT-0500 (Eastern Standard Time): Dialog text task_solving_error was received successfully
Wed Nov 13 2024 10:09:32 GMT-0500 (Eastern Standard Time): 1 programming languages were received successfully
Wed Nov 13 2024 10:39:27 GMT-0500 (Eastern Standard Time): User was created successfully
Wed Nov 13 2024 10:41:53 GMT-0500 (Eastern Standard Time): Activity tracker item was created successfully
Wed Nov 13 2024 10:41:53 GMT-0500 (Eastern Standard Time): Data item was created successfully
Wed Nov 13 2024 10:41:53 GMT-0500 (Eastern Standard Time): User with id 3 was received successfully
Wed Nov 13 2024 10:41:53 GMT-0500 (Eastern Standard Time): Data item with id 3 was received successfully
Wed Nov 13 2024 10:41:53 GMT-0500 (Eastern Standard Time): Activity tracker item with id 3 was received successfully
Wed Nov 13 2024 10:41:53 GMT-0500 (Eastern Standard Time): user 3 was updates successfully. Added data: di 3, ati 3
Wed Nov 20 2024 00:13:39 GMT-0500 (Eastern Standard Time): Server is listening on port 3000
Wed Nov 20 2024 00:14:27 GMT-0500 (Eastern Standard Time): Settings was received successfully
Wed Nov 20 2024 00:14:27 GMT-0500 (Eastern Standard Time): 1 languages were received successfully
Wed Nov 20 2024 00:14:27 GMT-0500 (Eastern Standard Time): 6 tasks were received successfully
Wed Nov 20 2024 00:14:27 GMT-0500 (Eastern Standard Time): 3 genders were received successfully
Wed Nov 20 2024 00:14:27 GMT-0500 (Eastern Standard Time): 1 countries were received successfully
Wed Nov 20 2024 00:14:27 GMT-0500 (Eastern Standard Time): Dialog text task_solving_error was received successfully
Wed Nov 20 2024 00:14:27 GMT-0500 (Eastern Standard Time): 1 programming languages were received successfully
Wed Nov 20 2024 00:15:13 GMT-0500 (Eastern Standard Time): Activity tracker item was created successfully
Wed Nov 20 2024 00:15:13 GMT-0500 (Eastern Standard Time): Data item was created successfully
Wed Nov 20 2024 00:15:13 GMT-0500 (Eastern Standard Time): User with id 4 was received successfully
Wed Nov 20 2024 00:15:13 GMT-0500 (Eastern Standard Time): Data item with id 4 was received successfully
Wed Nov 20 2024 00:15:13 GMT-0500 (Eastern Standard Time): Activity tracker item with id 4 was received successfully
Wed Nov 20 2024 00:15:13 GMT-0500 (Eastern Standard Time): user 4 was updates successfully. Added data: di 4, ati 4
Wed Nov 20 2024 12:43:30 GMT-0500 (Eastern Standard Time): Server is listening on port 3000
Wed Nov 20 2024 12:52:56 GMT-0500 (Eastern Standard Time): Settings was received successfully
Wed Nov 20 2024 12:52:57 GMT-0500 (Eastern Standard Time): 1 languages were received successfully
Wed Nov 20 2024 12:52:57 GMT-0500 (Eastern Standard Time): 6 tasks were received successfully
Wed Nov 20 2024 12:52:57 GMT-0500 (Eastern Standard Time): 3 genders were received successfully
Wed Nov 20 2024 12:52:58 GMT-0500 (Eastern Standard Time): 1 countries were received successfully
Wed Nov 20 2024 12:52:58 GMT-0500 (Eastern Standard Time): Dialog text task_solving_error was received successfully
Wed Nov 20 2024 12:52:58 GMT-0500 (Eastern Standard Time): 1 programming languages were received successfully
Wed Nov 20 2024 12:55:36 GMT-0500 (Eastern Standard Time): Settings was received successfully
Wed Nov 20 2024 12:55:36 GMT-0500 (Eastern Standard Time): 1 languages were received successfully
Wed Nov 20 2024 12:55:36 GMT-0500 (Eastern Standard Time): 6 tasks were received successfully
Wed Nov 20 2024 12:55:36 GMT-0500 (Eastern Standard Time): 3 genders were received successfully
Wed Nov 20 2024 12:55:36 GMT-0500 (Eastern Standard Time): 1 countries were received successfully
Wed Nov 20 2024 12:55:36 GMT-0500 (Eastern Standard Time): Dialog text task_solving_error was received successfully
Wed Nov 20 2024 12:55:36 GMT-0500 (Eastern Standard Time): 1 programming languages were received successfully
Wed Nov 20 2024 13:44:56 GMT-0500 (Eastern Standard Time): Settings was received successfully
Wed Nov 20 2024 13:44:56 GMT-0500 (Eastern Standard Time): 1 languages were received successfully
Wed Nov 20 2024 13:44:56 GMT-0500 (Eastern Standard Time): 6 tasks were received successfully
Wed Nov 20 2024 13:44:56 GMT-0500 (Eastern Standard Time): 3 genders were received successfully
Wed Nov 20 2024 13:44:56 GMT-0500 (Eastern Standard Time): 1 countries were received successfully
Wed Nov 20 2024 13:44:56 GMT-0500 (Eastern Standard Time): Dialog text task_solving_error was received successfully
Wed Nov 20 2024 13:44:56 GMT-0500 (Eastern Standard Time): 1 programming languages were received successfully
Wed Nov 20 2024 13:50:05 GMT-0500 (Eastern Standard Time): Settings was received successfully
Wed Nov 20 2024 13:50:05 GMT-0500 (Eastern Standard Time): 1 languages were received successfully
Wed Nov 20 2024 13:50:05 GMT-0500 (Eastern Standard Time): 6 tasks were received successfully
Wed Nov 20 2024 13:50:05 GMT-0500 (Eastern Standard Time): 3 genders were received successfully
Wed Nov 20 2024 13:50:05 GMT-0500 (Eastern Standard Time): 1 countries were received successfully
Wed Nov 20 2024 13:50:05 GMT-0500 (Eastern Standard Time): Dialog text task_solving_error was received successfully
Wed Nov 20 2024 13:50:05 GMT-0500 (Eastern Standard Time): 1 programming languages were received successfully
Wed Nov 20 2024 13:54:20 GMT-0500 (Eastern Standard Time): Settings was received successfully
Wed Nov 20 2024 13:54:20 GMT-0500 (Eastern Standard Time): 1 languages were received successfully
Wed Nov 20 2024 13:54:20 GMT-0500 (Eastern Standard Time): 6 tasks were received successfully
Wed Nov 20 2024 13:54:21 GMT-0500 (Eastern Standard Time): 3 genders were received successfully
Wed Nov 20 2024 13:54:21 GMT-0500 (Eastern Standard Time): 1 countries were received successfully
Wed Nov 20 2024 13:54:21 GMT-0500 (Eastern Standard Time): Dialog text task_solving_error was received successfully
Wed Nov 20 2024 13:54:21 GMT-0500 (Eastern Standard Time): 1 programming languages were received successfully
Wed Nov 20 2024 13:54:31 GMT-0500 (Eastern Standard Time): User was created successfully
Wed Nov 20 2024 15:17:36 GMT-0500 (Eastern Standard Time): Server is listening on port 3000
Wed Nov 20 2024 15:19:29 GMT-0500 (Eastern Standard Time): Settings was received successfully
Wed Nov 20 2024 15:19:29 GMT-0500 (Eastern Standard Time): 1 languages were received successfully
Wed Nov 20 2024 15:19:29 GMT-0500 (Eastern Standard Time): 6 tasks were received successfully
Wed Nov 20 2024 15:19:29 GMT-0500 (Eastern Standard Time): 3 genders were received successfully
Wed Nov 20 2024 15:19:29 GMT-0500 (Eastern Standard Time): 1 countries were received successfully
Wed Nov 20 2024 15:19:29 GMT-0500 (Eastern Standard Time): Dialog text task_solving_error was received successfully
Wed Nov 20 2024 15:19:29 GMT-0500 (Eastern Standard Time): 1 programming languages were received successfully
Wed Nov 20 2024 15:49:18 GMT-0500 (Eastern Standard Time): Settings was received successfully
Wed Nov 20 2024 15:49:18 GMT-0500 (Eastern Standard Time): 1 languages were received successfully
Wed Nov 20 2024 15:49:18 GMT-0500 (Eastern Standard Time): 6 tasks were received successfully
Wed Nov 20 2024 15:49:18 GMT-0500 (Eastern Standard Time): 3 genders were received successfully
Wed Nov 20 2024 15:49:18 GMT-0500 (Eastern Standard Time): 1 countries were received successfully
Wed Nov 20 2024 15:49:18 GMT-0500 (Eastern Standard Time): Dialog text task_solving_error was received successfully
Wed Nov 20 2024 15:49:18 GMT-0500 (Eastern Standard Time): 1 programming languages were received successfully
Wed Nov 20 2024 15:50:33 GMT-0500 (Eastern Standard Time): Settings was received successfully
Wed Nov 20 2024 15:50:34 GMT-0500 (Eastern Standard Time): 1 languages were received successfully
Wed Nov 20 2024 15:50:34 GMT-0500 (Eastern Standard Time): 6 tasks were received successfully
Wed Nov 20 2024 15:50:34 GMT-0500 (Eastern Standard Time): 3 genders were received successfully
Wed Nov 20 2024 15:50:34 GMT-0500 (Eastern Standard Time): 1 countries were received successfully
Wed Nov 20 2024 15:50:34 GMT-0500 (Eastern Standard Time): Dialog text task_solving_error was received successfully
Wed Nov 20 2024 15:50:34 GMT-0500 (Eastern Standard Time): 1 programming languages were received successfully
Wed Nov 20 2024 15:52:48 GMT-0500 (Eastern Standard Time): Settings was received successfully
Wed Nov 20 2024 15:52:48 GMT-0500 (Eastern Standard Time): 1 languages were received successfully
Wed Nov 20 2024 15:52:48 GMT-0500 (Eastern Standard Time): 6 tasks were received successfully
Wed Nov 20 2024 15:52:48 GMT-0500 (Eastern Standard Time): 3 genders were received successfully
Wed Nov 20 2024 15:52:48 GMT-0500 (Eastern Standard Time): 1 countries were received successfully
Wed Nov 20 2024 15:52:48 GMT-0500 (Eastern Standard Time): Dialog text task_solving_error was received successfully
Wed Nov 20 2024 15:52:48 GMT-0500 (Eastern Standard Time): 1 programming languages were received successfully
Wed Nov 20 2024 15:53:32 GMT-0500 (Eastern Standard Time): User was created successfully
Wed Nov 20 2024 15:55:28 GMT-0500 (Eastern Standard Time): Settings was received successfully
Wed Nov 20 2024 15:55:28 GMT-0500 (Eastern Standard Time): 1 languages were received successfully
Wed Nov 20 2024 15:55:28 GMT-0500 (Eastern Standard Time): 6 tasks were received successfully
Wed Nov 20 2024 15:55:28 GMT-0500 (Eastern Standard Time): 3 genders were received successfully
Wed Nov 20 2024 15:55:28 GMT-0500 (Eastern Standard Time): 1 countries were received successfully
Wed Nov 20 2024 15:55:28 GMT-0500 (Eastern Standard Time): Dialog text task_solving_error was received successfully
Wed Nov 20 2024 15:55:28 GMT-0500 (Eastern Standard Time): 1 programming languages were received successfully
Wed Nov 20 2024 15:59:21 GMT-0500 (Eastern Standard Time): Settings was received successfully
Wed Nov 20 2024 15:59:21 GMT-0500 (Eastern Standard Time): 1 languages were received successfully
Wed Nov 20 2024 15:59:21 GMT-0500 (Eastern Standard Time): 6 tasks were received successfully
Wed Nov 20 2024 15:59:21 GMT-0500 (Eastern Standard Time): 3 genders were received successfully
Wed Nov 20 2024 15:59:21 GMT-0500 (Eastern Standard Time): 1 countries were received successfully
Wed Nov 20 2024 15:59:21 GMT-0500 (Eastern Standard Time): Dialog text task_solving_error was received successfully
Wed Nov 20 2024 15:59:21 GMT-0500 (Eastern Standard Time): 1 programming languages were received successfully
Wed Nov 20 2024 15:59:31 GMT-0500 (Eastern Standard Time): Settings was received successfully
Wed Nov 20 2024 15:59:31 GMT-0500 (Eastern Standard Time): 1 languages were received successfully
Wed Nov 20 2024 15:59:31 GMT-0500 (Eastern Standard Time): 6 tasks were received successfully
Wed Nov 20 2024 15:59:31 GMT-0500 (Eastern Standard Time): 3 genders were received successfully
Wed Nov 20 2024 15:59:31 GMT-0500 (Eastern Standard Time): 1 countries were received successfully
Wed Nov 20 2024 15:59:31 GMT-0500 (Eastern Standard Time): Dialog text task_solving_error was received successfully
Wed Nov 20 2024 15:59:31 GMT-0500 (Eastern Standard Time): 1 programming languages were received successfully
Wed Nov 20 2024 15:59:48 GMT-0500 (Eastern Standard Time): Activity tracker item was created successfully
Wed Nov 20 2024 15:59:48 GMT-0500 (Eastern Standard Time): Data item was created successfully
Wed Nov 20 2024 15:59:48 GMT-0500 (Eastern Standard Time): User with id 6 was received successfully
Wed Nov 20 2024 15:59:48 GMT-0500 (Eastern Standard Time): Data item with id 5 was received successfully
Wed Nov 20 2024 15:59:48 GMT-0500 (Eastern Standard Time): Activity tracker item with id 5 was received successfully
Wed Nov 20 2024 15:59:48 GMT-0500 (Eastern Standard Time): user 6 was updates successfully. Added data: di 5, ati 5
Wed Nov 20 2024 16:00:05 GMT-0500 (Eastern Standard Time): Activity tracker item was created successfully
Wed Nov 20 2024 16:00:05 GMT-0500 (Eastern Standard Time): Data item was created successfully
Wed Nov 20 2024 16:00:05 GMT-0500 (Eastern Standard Time): User with id 6 was received successfully
Wed Nov 20 2024 16:00:05 GMT-0500 (Eastern Standard Time): Data item with id 6 was received successfully
Wed Nov 20 2024 16:00:05 GMT-0500 (Eastern Standard Time): Activity tracker item with id 6 was received successfully
Wed Nov 20 2024 16:00:05 GMT-0500 (Eastern Standard Time): user 6 was updates successfully. Added data: di 6, ati 6
Wed Nov 20 2024 16:00:55 GMT-0500 (Eastern Standard Time): Activity tracker item was created successfully
Wed Nov 20 2024 16:00:55 GMT-0500 (Eastern Standard Time): Data item was created successfully
Wed Nov 20 2024 16:00:55 GMT-0500 (Eastern Standard Time): User with id 6 was received successfully
Wed Nov 20 2024 16:00:55 GMT-0500 (Eastern Standard Time): Data item with id 7 was received successfully
Wed Nov 20 2024 16:00:55 GMT-0500 (Eastern Standard Time): Activity tracker item with id 7 was received successfully
Wed Nov 20 2024 16:00:55 GMT-0500 (Eastern Standard Time): user 6 was updates successfully. Added data: di 7, ati 7
Wed Nov 20 2024 16:01:07 GMT-0500 (Eastern Standard Time): Activity tracker item was created successfully
Wed Nov 20 2024 16:01:07 GMT-0500 (Eastern Standard Time): Data item was created successfully
Wed Nov 20 2024 16:01:07 GMT-0500 (Eastern Standard Time): User with id 6 was received successfully
Wed Nov 20 2024 16:01:07 GMT-0500 (Eastern Standard Time): Data item with id 8 was received successfully
Wed Nov 20 2024 16:01:07 GMT-0500 (Eastern Standard Time): Activity tracker item with id 8 was received successfully
Wed Nov 20 2024 16:01:07 GMT-0500 (Eastern Standard Time): user 6 was updates successfully. Added data: di 8, ati 8
Wed Nov 20 2024 16:01:17 GMT-0500 (Eastern Standard Time): Activity tracker item was created successfully
Wed Nov 20 2024 16:01:17 GMT-0500 (Eastern Standard Time): Data item was created successfully
Wed Nov 20 2024 16:01:17 GMT-0500 (Eastern Standard Time): User with id 6 was received successfully
Wed Nov 20 2024 16:01:17 GMT-0500 (Eastern Standard Time): Data item with id 9 was received successfully
Wed Nov 20 2024 16:01:17 GMT-0500 (Eastern Standard Time): Activity tracker item with id 9 was received successfully
Wed Nov 20 2024 16:01:17 GMT-0500 (Eastern Standard Time): user 6 was updates successfully. Added data: di 9, ati 9
Wed Nov 20 2024 16:01:46 GMT-0500 (Eastern Standard Time): Activity tracker item was created successfully
Wed Nov 20 2024 16:01:46 GMT-0500 (Eastern Standard Time): Data item was created successfully
Wed Nov 20 2024 16:01:46 GMT-0500 (Eastern Standard Time): User with id 6 was received successfully
Wed Nov 20 2024 16:01:46 GMT-0500 (Eastern Standard Time): Data item with id 10 was received successfully
Wed Nov 20 2024 16:01:46 GMT-0500 (Eastern Standard Time): Activity tracker item with id 10 was received successfully
Wed Nov 20 2024 16:01:46 GMT-0500 (Eastern Standard Time): user 6 was updates successfully. Added data: di 10, ati 10
Fri Nov 29 2024 14:25:57 GMT-0500 (Eastern Standard Time): Server is listening on port 3000
Fri Nov 29 2024 15:10:44 GMT-0500 (Eastern Standard Time): Settings was received successfully
Fri Nov 29 2024 15:10:45 GMT-0500 (Eastern Standard Time): 1 languages were received successfully
Fri Nov 29 2024 15:10:45 GMT-0500 (Eastern Standard Time): 6 tasks were received successfully
Fri Nov 29 2024 15:10:45 GMT-0500 (Eastern Standard Time): 3 genders were received successfully
Fri Nov 29 2024 15:10:45 GMT-0500 (Eastern Standard Time): 1 countries were received successfully
Fri Nov 29 2024 15:10:45 GMT-0500 (Eastern Standard Time): Dialog text task_solving_error was received successfully
Fri Nov 29 2024 15:10:45 GMT-0500 (Eastern Standard Time): 1 programming languages were received successfully
Fri Nov 29 2024 15:14:11 GMT-0500 (Eastern Standard Time): Settings was received successfully
Fri Nov 29 2024 15:14:11 GMT-0500 (Eastern Standard Time): 1 languages were received successfully
Fri Nov 29 2024 15:14:11 GMT-0500 (Eastern Standard Time): 6 tasks were received successfully
Fri Nov 29 2024 15:14:11 GMT-0500 (Eastern Standard Time): 3 genders were received successfully
Fri Nov 29 2024 15:14:11 GMT-0500 (Eastern Standard Time): 1 countries were received successfully
Fri Nov 29 2024 15:14:12 GMT-0500 (Eastern Standard Time): Dialog text task_solving_error was received successfully
Fri Nov 29 2024 15:14:12 GMT-0500 (Eastern Standard Time): 1 programming languages were received successfully
Fri Nov 29 2024 15:58:06 GMT-0500 (Eastern Standard Time): Server is listening on port 3000
Fri Nov 29 2024 15:58:08 GMT-0500 (Eastern Standard Time): Settings was received successfully
Fri Nov 29 2024 15:58:08 GMT-0500 (Eastern Standard Time): 1 languages were received successfully
Fri Nov 29 2024 15:58:08 GMT-0500 (Eastern Standard Time): 6 tasks were received successfully
Fri Nov 29 2024 15:58:08 GMT-0500 (Eastern Standard Time): 3 genders were received successfully
Fri Nov 29 2024 15:58:08 GMT-0500 (Eastern Standard Time): 1 countries were received successfully
Fri Nov 29 2024 15:58:08 GMT-0500 (Eastern Standard Time): Dialog text task_solving_error was received successfully
Fri Nov 29 2024 15:58:08 GMT-0500 (Eastern Standard Time): 1 programming languages were received successfully
Fri Nov 29 2024 15:58:25 GMT-0500 (Eastern Standard Time): Settings was received successfully
Fri Nov 29 2024 15:58:25 GMT-0500 (Eastern Standard Time): 1 languages were received successfully
Fri Nov 29 2024 15:58:25 GMT-0500 (Eastern Standard Time): 6 tasks were received successfully
Fri Nov 29 2024 15:58:25 GMT-0500 (Eastern Standard Time): 3 genders were received successfully
Fri Nov 29 2024 15:58:25 GMT-0500 (Eastern Standard Time): 1 countries were received successfully
Fri Nov 29 2024 15:58:25 GMT-0500 (Eastern Standard Time): Dialog text task_solving_error was received successfully
Fri Nov 29 2024 15:58:25 GMT-0500 (Eastern Standard Time): 1 programming languages were received successfully
Fri Nov 29 2024 16:03:33 GMT-0500 (Eastern Standard Time): User was created successfully
Wed Jan 22 2025 16:30:32 GMT-0500 (Eastern Standard Time): Server is listening on port 3000
Wed Jan 22 2025 16:30:38 GMT-0500 (Eastern Standard Time):Settings was created successfully
Wed Jan 22 2025 16:30:38 GMT-0500 (Eastern Standard Time): Task pies was created successfully
Wed Jan 22 2025 16:30:38 GMT-0500 (Eastern Standard Time): Task max_3 was created successfully
Wed Jan 22 2025 16:30:38 GMT-0500 (Eastern Standard Time): Task is_zero was created successfully
Wed Jan 22 2025 16:30:38 GMT-0500 (Eastern Standard Time): Task max_digit was created successfully
Wed Jan 22 2025 16:30:38 GMT-0500 (Eastern Standard Time): Task voting was created successfully
Wed Jan 22 2025 16:30:38 GMT-0500 (Eastern Standard Time): Task brackets was created successfully
Wed Jan 22 2025 16:30:38 GMT-0500 (Eastern Standard Time): Dialog text task_solving_error was created successfully
Wed Jan 22 2025 16:30:38 GMT-0500 (Eastern Standard Time): Dialog text successful_submit was created successfully
Wed Jan 22 2025 16:30:38 GMT-0500 (Eastern Standard Time): Dialog text task_submit_error was created successfully
Wed Jan 22 2025 18:15:17 GMT-0500 (Eastern Standard Time): Settings was received successfully
Wed Jan 22 2025 18:15:17 GMT-0500 (Eastern Standard Time): 1 languages were received successfully
Wed Jan 22 2025 18:15:17 GMT-0500 (Eastern Standard Time): 6 tasks were received successfully
Wed Jan 22 2025 18:15:17 GMT-0500 (Eastern Standard Time): 3 genders were received successfully
Wed Jan 22 2025 18:15:17 GMT-0500 (Eastern Standard Time): 1 countries were received successfully
Wed Jan 22 2025 18:15:17 GMT-0500 (Eastern Standard Time): Dialog text task_solving_error was received successfully
Wed Jan 22 2025 18:15:17 GMT-0500 (Eastern Standard Time): 1 programming languages were received successfully
Wed Jan 22 2025 18:15:59 GMT-0500 (Eastern Standard Time): Server is listening on port 3000
Wed Jan 22 2025 18:16:00 GMT-0500 (Eastern Standard Time):Settings was created successfully
Wed Jan 22 2025 18:16:00 GMT-0500 (Eastern Standard Time): Task pies was created successfully
Wed Jan 22 2025 18:16:00 GMT-0500 (Eastern Standard Time): Task max_3 was created successfully
Wed Jan 22 2025 18:16:00 GMT-0500 (Eastern Standard Time): Task is_zero was created successfully
Wed Jan 22 2025 18:16:00 GMT-0500 (Eastern Standard Time): Task max_digit was created successfully
Wed Jan 22 2025 18:16:00 GMT-0500 (Eastern Standard Time): Task voting was created successfully
Wed Jan 22 2025 18:16:00 GMT-0500 (Eastern Standard Time): Task brackets was created successfully
Wed Jan 22 2025 18:16:00 GMT-0500 (Eastern Standard Time): Dialog text task_solving_error was created successfully
Wed Jan 22 2025 18:16:00 GMT-0500 (Eastern Standard Time): Dialog text successful_submit was created successfully
Wed Jan 22 2025 18:16:00 GMT-0500 (Eastern Standard Time): Dialog text task_submit_error was created successfully
Wed Jan 22 2025 18:16:16 GMT-0500 (Eastern Standard Time): Settings was received successfully
Wed Jan 22 2025 18:16:16 GMT-0500 (Eastern Standard Time): 1 languages were received successfully
Wed Jan 22 2025 18:16:16 GMT-0500 (Eastern Standard Time): 6 tasks were received successfully
Wed Jan 22 2025 18:16:16 GMT-0500 (Eastern Standard Time): 3 genders were received successfully
Wed Jan 22 2025 18:16:16 GMT-0500 (Eastern Standard Time): 1 countries were received successfully
Wed Jan 22 2025 18:16:16 GMT-0500 (Eastern Standard Time): Dialog text task_solving_error was received successfully
Wed Jan 22 2025 18:16:16 GMT-0500 (Eastern Standard Time): 1 programming languages were received successfully
Wed Jan 22 2025 18:30:26 GMT-0500 (Eastern Standard Time): Server is listening on port 3000
Wed Jan 22 2025 18:30:30 GMT-0500 (Eastern Standard Time):Settings was created successfully
Wed Jan 22 2025 18:30:31 GMT-0500 (Eastern Standard Time): Task pies was created successfully
Wed Jan 22 2025 18:30:31 GMT-0500 (Eastern Standard Time): Task max_3 was created successfully
Wed Jan 22 2025 18:30:31 GMT-0500 (Eastern Standard Time): Task is_zero was created successfully
Wed Jan 22 2025 18:30:31 GMT-0500 (Eastern Standard Time): Task max_digit was created successfully
Wed Jan 22 2025 18:30:31 GMT-0500 (Eastern Standard Time): Task voting was created successfully
Wed Jan 22 2025 18:30:31 GMT-0500 (Eastern Standard Time): Task brackets was created successfully
Wed Jan 22 2025 18:30:31 GMT-0500 (Eastern Standard Time): Dialog text task_solving_error was created successfully
Wed Jan 22 2025 18:30:31 GMT-0500 (Eastern Standard Time): Dialog text successful_submit was created successfully
Wed Jan 22 2025 18:30:31 GMT-0500 (Eastern Standard Time): Dialog text task_submit_error was created successfully
Wed Jan 22 2025 18:31:58 GMT-0500 (Eastern Standard Time): Settings was received successfully
Wed Jan 22 2025 18:31:58 GMT-0500 (Eastern Standard Time): 1 languages were received successfully
Wed Jan 22 2025 18:31:58 GMT-0500 (Eastern Standard Time): 6 tasks were received successfully
Wed Jan 22 2025 18:31:58 GMT-0500 (Eastern Standard Time): 3 genders were received successfully
Wed Jan 22 2025 18:31:58 GMT-0500 (Eastern Standard Time): 1 countries were received successfully
Wed Jan 22 2025 18:31:58 GMT-0500 (Eastern Standard Time): Dialog text task_solving_error was received successfully
Wed Jan 22 2025 18:31:58 GMT-0500 (Eastern Standard Time): 1 programming languages were received successfully
Wed Jan 22 2025 18:38:28 GMT-0500 (Eastern Standard Time): Settings was received successfully
Wed Jan 22 2025 18:38:28 GMT-0500 (Eastern Standard Time): 1 languages were received successfully
Wed Jan 22 2025 18:38:28 GMT-0500 (Eastern Standard Time): 6 tasks were received successfully
Wed Jan 22 2025 18:38:28 GMT-0500 (Eastern Standard Time): 3 genders were received successfully
Wed Jan 22 2025 18:38:28 GMT-0500 (Eastern Standard Time): 1 countries were received successfully
Wed Jan 22 2025 18:38:28 GMT-0500 (Eastern Standard Time): Dialog text task_solving_error was received successfully
Wed Jan 22 2025 18:38:28 GMT-0500 (Eastern Standard Time): 1 programming languages were received successfully
Wed Jan 22 2025 18:48:23 GMT-0500 (Eastern Standard Time): Settings was received successfully
Wed Jan 22 2025 18:48:23 GMT-0500 (Eastern Standard Time): 1 languages were received successfully
Wed Jan 22 2025 18:48:23 GMT-0500 (Eastern Standard Time): 6 tasks were received successfully
Wed Jan 22 2025 18:48:23 GMT-0500 (Eastern Standard Time): 3 genders were received successfully
Wed Jan 22 2025 18:48:23 GMT-0500 (Eastern Standard Time): 1 countries were received successfully
Wed Jan 22 2025 18:48:23 GMT-0500 (Eastern Standard Time): Dialog text task_solving_error was received successfully
Wed Jan 22 2025 18:48:23 GMT-0500 (Eastern Standard Time): 1 programming languages were received successfully
Wed Jan 22 2025 18:52:32 GMT-0500 (Eastern Standard Time): Settings was received successfully
Wed Jan 22 2025 18:52:32 GMT-0500 (Eastern Standard Time): 1 languages were received successfully
Wed Jan 22 2025 18:52:32 GMT-0500 (Eastern Standard Time): 6 tasks were received successfully
Wed Jan 22 2025 18:52:32 GMT-0500 (Eastern Standard Time): 3 genders were received successfully
Wed Jan 22 2025 18:52:32 GMT-0500 (Eastern Standard Time): 1 countries were received successfully
Wed Jan 22 2025 18:52:32 GMT-0500 (Eastern Standard Time): Dialog text task_solving_error was received successfully
Wed Jan 22 2025 18:52:32 GMT-0500 (Eastern Standard Time): 1 programming languages were received successfully
Wed Jan 22 2025 18:54:55 GMT-0500 (Eastern Standard Time): Settings was received successfully
Wed Jan 22 2025 18:54:55 GMT-0500 (Eastern Standard Time): 1 languages were received successfully
Wed Jan 22 2025 18:54:55 GMT-0500 (Eastern Standard Time): 6 tasks were received successfully
Wed Jan 22 2025 18:54:55 GMT-0500 (Eastern Standard Time): 3 genders were received successfully
Wed Jan 22 2025 18:54:55 GMT-0500 (Eastern Standard Time): 1 countries were received successfully
Wed Jan 22 2025 18:54:55 GMT-0500 (Eastern Standard Time): Dialog text task_solving_error was received successfully
Wed Jan 22 2025 18:54:55 GMT-0500 (Eastern Standard Time): 1 programming languages were received successfully
Wed Jan 22 2025 20:06:40 GMT-0500 (Eastern Standard Time): Server is listening on port 3000
Wed Jan 22 2025 20:06:42 GMT-0500 (Eastern Standard Time):Settings was created successfully
Wed Jan 22 2025 20:06:42 GMT-0500 (Eastern Standard Time): Task pies was created successfully
Wed Jan 22 2025 20:06:42 GMT-0500 (Eastern Standard Time): Task max_3 was created successfully
Wed Jan 22 2025 20:06:42 GMT-0500 (Eastern Standard Time): Task is_zero was created successfully
Wed Jan 22 2025 20:06:42 GMT-0500 (Eastern Standard Time): Task max_digit was created successfully
Wed Jan 22 2025 20:06:42 GMT-0500 (Eastern Standard Time): Task voting was created successfully
Wed Jan 22 2025 20:06:42 GMT-0500 (Eastern Standard Time): Task brackets was created successfully
Wed Jan 22 2025 20:06:42 GMT-0500 (Eastern Standard Time): Dialog text task_solving_error was created successfully
Wed Jan 22 2025 20:06:42 GMT-0500 (Eastern Standard Time): Dialog text successful_submit was created successfully
Wed Jan 22 2025 20:06:42 GMT-0500 (Eastern Standard Time): Dialog text task_submit_error was created successfully
Wed Jan 22 2025 20:12:32 GMT-0500 (Eastern Standard Time): Settings was received successfully
Wed Jan 22 2025 20:12:32 GMT-0500 (Eastern Standard Time): 1 languages were received successfully
Wed Jan 22 2025 20:12:32 GMT-0500 (Eastern Standard Time): 6 tasks were received successfully
Wed Jan 22 2025 20:12:32 GMT-0500 (Eastern Standard Time): 3 genders were received successfully
Wed Jan 22 2025 20:12:32 GMT-0500 (Eastern Standard Time): 1 countries were received successfully
Wed Jan 22 2025 20:12:32 GMT-0500 (Eastern Standard Time): Dialog text task_solving_error was received successfully
Wed Jan 22 2025 20:12:32 GMT-0500 (Eastern Standard Time): 1 programming languages were received successfully
Wed Jan 22 2025 20:16:15 GMT-0500 (Eastern Standard Time): Settings was received successfully
Wed Jan 22 2025 20:16:15 GMT-0500 (Eastern Standard Time): 1 languages were received successfully
Wed Jan 22 2025 20:16:15 GMT-0500 (Eastern Standard Time): 6 tasks were received successfully
Wed Jan 22 2025 20:16:15 GMT-0500 (Eastern Standard Time): 3 genders were received successfully
Wed Jan 22 2025 20:16:15 GMT-0500 (Eastern Standard Time): 1 countries were received successfully
Wed Jan 22 2025 20:16:15 GMT-0500 (Eastern Standard Time): Dialog text task_solving_error was received successfully
Wed Jan 22 2025 20:16:15 GMT-0500 (Eastern Standard Time): 1 programming languages were received successfully
Wed Jan 22 2025 20:17:57 GMT-0500 (Eastern Standard Time): Settings was received successfully
Wed Jan 22 2025 20:17:57 GMT-0500 (Eastern Standard Time): 1 languages were received successfully
Wed Jan 22 2025 20:17:57 GMT-0500 (Eastern Standard Time): 6 tasks were received successfully
Wed Jan 22 2025 20:17:57 GMT-0500 (Eastern Standard Time): 3 genders were received successfully
Wed Jan 22 2025 20:17:57 GMT-0500 (Eastern Standard Time): 1 countries were received successfully
Wed Jan 22 2025 20:17:57 GMT-0500 (Eastern Standard Time): Dialog text task_solving_error was received successfully
Wed Jan 22 2025 20:17:57 GMT-0500 (Eastern Standard Time): 1 programming languages were received successfully
Wed Jan 22 2025 20:19:10 GMT-0500 (Eastern Standard Time): Settings was received successfully
Wed Jan 22 2025 20:19:10 GMT-0500 (Eastern Standard Time): 1 languages were received successfully
Wed Jan 22 2025 20:19:10 GMT-0500 (Eastern Standard Time): 6 tasks were received successfully
Wed Jan 22 2025 20:19:10 GMT-0500 (Eastern Standard Time): 3 genders were received successfully
Wed Jan 22 2025 20:19:10 GMT-0500 (Eastern Standard Time): 1 countries were received successfully
Wed Jan 22 2025 20:19:10 GMT-0500 (Eastern Standard Time): Dialog text task_solving_error was received successfully
Wed Jan 22 2025 20:19:10 GMT-0500 (Eastern Standard Time): 1 programming languages were received successfully
Wed Jan 22 2025 20:19:38 GMT-0500 (Eastern Standard Time):Settings was created successfully
Wed Jan 22 2025 20:19:38 GMT-0500 (Eastern Standard Time): Task pies was created successfully
Wed Jan 22 2025 20:19:38 GMT-0500 (Eastern Standard Time): Task max_3 was created successfully
Wed Jan 22 2025 20:19:38 GMT-0500 (Eastern Standard Time): Task is_zero was created successfully
Wed Jan 22 2025 20:19:38 GMT-0500 (Eastern Standard Time): Task max_digit was created successfully
Wed Jan 22 2025 20:19:38 GMT-0500 (Eastern Standard Time): Task voting was created successfully
Wed Jan 22 2025 20:19:38 GMT-0500 (Eastern Standard Time): Task brackets was created successfully
Wed Jan 22 2025 20:19:38 GMT-0500 (Eastern Standard Time): Dialog text task_solving_error was created successfully
Wed Jan 22 2025 20:19:38 GMT-0500 (Eastern Standard Time): Dialog text successful_submit was created successfully
Wed Jan 22 2025 20:19:38 GMT-0500 (Eastern Standard Time): Dialog text task_submit_error was created successfully
Wed Jan 22 2025 20:19:46 GMT-0500 (Eastern Standard Time): Server is listening on port 3000
Wed Jan 22 2025 20:20:46 GMT-0500 (Eastern Standard Time): Settings was received successfully
Wed Jan 22 2025 20:20:46 GMT-0500 (Eastern Standard Time): 1 languages were received successfully
Wed Jan 22 2025 20:20:46 GMT-0500 (Eastern Standard Time): 6 tasks were received successfully
Wed Jan 22 2025 20:20:46 GMT-0500 (Eastern Standard Time): 3 genders were received successfully
Wed Jan 22 2025 20:20:46 GMT-0500 (Eastern Standard Time): 1 countries were received successfully
Wed Jan 22 2025 20:20:46 GMT-0500 (Eastern Standard Time): Dialog text task_solving_error was received successfully
Wed Jan 22 2025 20:20:46 GMT-0500 (Eastern Standard Time): 1 programming languages were received successfully
Wed Jan 22 2025 20:38:24 GMT-0500 (Eastern Standard Time): Settings was received successfully
Wed Jan 22 2025 20:38:24 GMT-0500 (Eastern Standard Time): 1 languages were received successfully
Wed Jan 22 2025 20:38:24 GMT-0500 (Eastern Standard Time): 6 tasks were received successfully
Wed Jan 22 2025 20:38:24 GMT-0500 (Eastern Standard Time): 3 genders were received successfully
Wed Jan 22 2025 20:38:24 GMT-0500 (Eastern Standard Time): 1 countries were received successfully
Wed Jan 22 2025 20:38:24 GMT-0500 (Eastern Standard Time): Dialog text task_solving_error was received successfully
Wed Jan 22 2025 20:38:24 GMT-0500 (Eastern Standard Time): 1 programming languages were received successfully
Wed Jan 22 2025 20:39:14 GMT-0500 (Eastern Standard Time): Settings was received successfully
Wed Jan 22 2025 20:39:14 GMT-0500 (Eastern Standard Time): 1 languages were received successfully
Wed Jan 22 2025 20:39:14 GMT-0500 (Eastern Standard Time): 6 tasks were received successfully
Wed Jan 22 2025 20:39:14 GMT-0500 (Eastern Standard Time): 3 genders were received successfully
Wed Jan 22 2025 20:39:14 GMT-0500 (Eastern Standard Time): 1 countries were received successfully
Wed Jan 22 2025 20:39:14 GMT-0500 (Eastern Standard Time): Dialog text task_solving_error was received successfully
Wed Jan 22 2025 20:39:14 GMT-0500 (Eastern Standard Time): 1 programming languages were received successfully
Wed Jan 22 2025 20:42:11 GMT-0500 (Eastern Standard Time): Settings was received successfully
Wed Jan 22 2025 20:42:11 GMT-0500 (Eastern Standard Time): 1 languages were received successfully
Wed Jan 22 2025 20:42:11 GMT-0500 (Eastern Standard Time): 6 tasks were received successfully
Wed Jan 22 2025 20:42:11 GMT-0500 (Eastern Standard Time): 3 genders were received successfully
Wed Jan 22 2025 20:42:11 GMT-0500 (Eastern Standard Time): 1 countries were received successfully
Wed Jan 22 2025 20:42:11 GMT-0500 (Eastern Standard Time): Dialog text task_solving_error was received successfully
Wed Jan 22 2025 20:42:11 GMT-0500 (Eastern Standard Time): 1 programming languages were received successfully
Wed Jan 22 2025 20:43:38 GMT-0500 (Eastern Standard Time): Settings was received successfully
Wed Jan 22 2025 20:43:38 GMT-0500 (Eastern Standard Time): 1 languages were received successfully
Wed Jan 22 2025 20:43:38 GMT-0500 (Eastern Standard Time): 6 tasks were received successfully
Wed Jan 22 2025 20:43:38 GMT-0500 (Eastern Standard Time): 3 genders were received successfully
Wed Jan 22 2025 20:43:38 GMT-0500 (Eastern Standard Time): 1 countries were received successfully
Wed Jan 22 2025 20:43:38 GMT-0500 (Eastern Standard Time): Dialog text task_solving_error was received successfully
Wed Jan 22 2025 20:43:38 GMT-0500 (Eastern Standard Time): 1 programming languages were received successfully
Wed Jan 22 2025 20:44:12 GMT-0500 (Eastern Standard Time): Settings was received successfully
Wed Jan 22 2025 20:44:12 GMT-0500 (Eastern Standard Time): 1 languages were received successfully
Wed Jan 22 2025 20:44:12 GMT-0500 (Eastern Standard Time): 6 tasks were received successfully
Wed Jan 22 2025 20:44:12 GMT-0500 (Eastern Standard Time): 3 genders were received successfully
Wed Jan 22 2025 20:44:12 GMT-0500 (Eastern Standard Time): 1 countries were received successfully
Wed Jan 22 2025 20:44:12 GMT-0500 (Eastern Standard Time): Dialog text task_solving_error was received successfully
Wed Jan 22 2025 20:44:12 GMT-0500 (Eastern Standard Time): 1 programming languages were received successfully
Wed Jan 22 2025 20:48:03 GMT-0500 (Eastern Standard Time): Settings was received successfully
Wed Jan 22 2025 20:48:03 GMT-0500 (Eastern Standard Time): 1 languages were received successfully
Wed Jan 22 2025 20:48:03 GMT-0500 (Eastern Standard Time): 6 tasks were received successfully
Wed Jan 22 2025 20:48:03 GMT-0500 (Eastern Standard Time): 3 genders were received successfully
Wed Jan 22 2025 20:48:03 GMT-0500 (Eastern Standard Time): 1 countries were received successfully
Wed Jan 22 2025 20:48:03 GMT-0500 (Eastern Standard Time): Dialog text task_solving_error was received successfully
Wed Jan 22 2025 20:48:03 GMT-0500 (Eastern Standard Time): 1 programming languages were received successfully
Wed Jan 22 2025 20:48:49 GMT-0500 (Eastern Standard Time): Settings was received successfully
Wed Jan 22 2025 20:48:49 GMT-0500 (Eastern Standard Time): 1 languages were received successfully
Wed Jan 22 2025 20:48:49 GMT-0500 (Eastern Standard Time): 6 tasks were received successfully
Wed Jan 22 2025 20:48:49 GMT-0500 (Eastern Standard Time): 3 genders were received successfully
Wed Jan 22 2025 20:48:49 GMT-0500 (Eastern Standard Time): 1 countries were received successfully
Wed Jan 22 2025 20:48:49 GMT-0500 (Eastern Standard Time): Dialog text task_solving_error was received successfully
Wed Jan 22 2025 20:48:49 GMT-0500 (Eastern Standard Time): 1 programming languages were received successfully
Wed Jan 22 2025 20:50:42 GMT-0500 (Eastern Standard Time): Settings was received successfully
Wed Jan 22 2025 20:50:43 GMT-0500 (Eastern Standard Time): 1 languages were received successfully
Wed Jan 22 2025 20:50:43 GMT-0500 (Eastern Standard Time): 6 tasks were received successfully
Wed Jan 22 2025 20:50:43 GMT-0500 (Eastern Standard Time): 3 genders were received successfully
Wed Jan 22 2025 20:50:43 GMT-0500 (Eastern Standard Time): 1 countries were received successfully
Wed Jan 22 2025 20:50:43 GMT-0500 (Eastern Standard Time): Dialog text task_solving_error was received successfully
Wed Jan 22 2025 20:50:43 GMT-0500 (Eastern Standard Time): 1 programming languages were received successfully
Wed Jan 22 2025 20:51:01 GMT-0500 (Eastern Standard Time): User was created successfully
Wed Jan 22 2025 20:56:06 GMT-0500 (Eastern Standard Time): Activity tracker item was created successfully
Wed Jan 22 2025 20:56:06 GMT-0500 (Eastern Standard Time): Data item was created successfully
Wed Jan 22 2025 20:56:06 GMT-0500 (Eastern Standard Time): User with id 1 was received successfully
Wed Jan 22 2025 20:56:06 GMT-0500 (Eastern Standard Time): Data item with id 1 was received successfully
Wed Jan 22 2025 20:56:06 GMT-0500 (Eastern Standard Time): Activity tracker item with id 1 was received successfully
Wed Jan 22 2025 20:56:06 GMT-0500 (Eastern Standard Time): user 1 was updates successfully. Added data: di 1, ati 1
Wed Jan 22 2025 21:13:02 GMT-0500 (Eastern Standard Time): Settings was received successfully
Wed Jan 22 2025 21:13:02 GMT-0500 (Eastern Standard Time): 1 languages were received successfully
Wed Jan 22 2025 21:13:02 GMT-0500 (Eastern Standard Time): 6 tasks were received successfully
Wed Jan 22 2025 21:13:02 GMT-0500 (Eastern Standard Time): 3 genders were received successfully
Wed Jan 22 2025 21:13:02 GMT-0500 (Eastern Standard Time): 1 countries were received successfully
Wed Jan 22 2025 21:13:02 GMT-0500 (Eastern Standard Time): Dialog text task_solving_error was received successfully
Wed Jan 22 2025 21:13:02 GMT-0500 (Eastern Standard Time): 1 programming languages were received successfully
Wed Jan 22 2025 21:47:58 GMT-0500 (Eastern Standard Time): Server is listening on port 3000
Wed Jan 22 2025 21:58:05 GMT-0500 (Eastern Standard Time): Server is listening on port 3000
Wed Jan 22 2025 22:13:44 GMT-0500 (Eastern Standard Time): 1 data items were received successfully
Wed Jan 22 2025 22:15:37 GMT-0500 (Eastern Standard Time): file was not received Error: File was not received
    at C:\Users\Daniel\Documents\Ontario Tech\Computer Science Thesis Project\code-tracking\task-tracker-server\routers\data-item-router.js:18:70
    at Layer.handle [as handle_request] (C:\Users\Daniel\Documents\Ontario Tech\Computer Science Thesis Project\code-tracking\task-tracker-server\node_modules\express\lib\router\layer.js:95:5)
    at next (C:\Users\Daniel\Documents\Ontario Tech\Computer Science Thesis Project\code-tracking\task-tracker-server\node_modules\express\lib\router\route.js:149:13)
    at C:\Users\Daniel\Documents\Ontario Tech\Computer Science Thesis Project\code-tracking\task-tracker-server\node_modules\multer\lib\make-middleware.js:53:37
    at AsyncResource.runInAsyncScope (node:async_hooks:211:14)
    at listener (C:\Users\Daniel\Documents\Ontario Tech\Computer Science Thesis Project\code-tracking\task-tracker-server\node_modules\on-finished\index.js:170:15)
    at onFinish (C:\Users\Daniel\Documents\Ontario Tech\Computer Science Thesis Project\code-tracking\task-tracker-server\node_modules\on-finished\index.js:101:5)
    at callback (C:\Users\Daniel\Documents\Ontario Tech\Computer Science Thesis Project\code-tracking\task-tracker-server\node_modules\ee-first\index.js:55:10)
    at IncomingMessage.onevent (C:\Users\Daniel\Documents\Ontario Tech\Computer Science Thesis Project\code-tracking\task-tracker-server\node_modules\ee-first\index.js:93:5)
    at IncomingMessage.emit (node:events:518:28)
    at endReadableNT (node:internal/streams/readable:1698:12)
    at process.processTicksAndRejections (node:internal/process/task_queues:90:21)
Wed Jan 22 2025 22:22:50 GMT-0500 (Eastern Standard Time): Server is listening on port 3000
Wed Jan 22 2025 22:25:32 GMT-0500 (Eastern Standard Time): Server is listening on port 3000
Wed Jan 22 2025 22:27:28 GMT-0500 (Eastern Standard Time): file was not received Error: File was not received
    at C:\Users\Daniel\Documents\Ontario Tech\Computer Science Thesis Project\code-tracking\task-tracker-server\routers\data-item-router.js:18:70
    at Layer.handle [as handle_request] (C:\Users\Daniel\Documents\Ontario Tech\Computer Science Thesis Project\code-tracking\task-tracker-server\node_modules\express\lib\router\layer.js:95:5)
    at next (C:\Users\Daniel\Documents\Ontario Tech\Computer Science Thesis Project\code-tracking\task-tracker-server\node_modules\express\lib\router\route.js:149:13)
    at C:\Users\Daniel\Documents\Ontario Tech\Computer Science Thesis Project\code-tracking\task-tracker-server\node_modules\multer\lib\make-middleware.js:53:37
    at AsyncResource.runInAsyncScope (node:async_hooks:211:14)
    at listener (C:\Users\Daniel\Documents\Ontario Tech\Computer Science Thesis Project\code-tracking\task-tracker-server\node_modules\on-finished\index.js:170:15)
    at onFinish (C:\Users\Daniel\Documents\Ontario Tech\Computer Science Thesis Project\code-tracking\task-tracker-server\node_modules\on-finished\index.js:101:5)
    at callback (C:\Users\Daniel\Documents\Ontario Tech\Computer Science Thesis Project\code-tracking\task-tracker-server\node_modules\ee-first\index.js:55:10)
    at IncomingMessage.onevent (C:\Users\Daniel\Documents\Ontario Tech\Computer Science Thesis Project\code-tracking\task-tracker-server\node_modules\ee-first\index.js:93:5)
    at IncomingMessage.emit (node:events:518:28)
    at endReadableNT (node:internal/streams/readable:1698:12)
    at process.processTicksAndRejections (node:internal/process/task_queues:90:21)
Wed Jan 22 2025 22:29:10 GMT-0500 (Eastern Standard Time):Settings was created successfully
Wed Jan 22 2025 22:29:11 GMT-0500 (Eastern Standard Time): Task pies was created successfully
Wed Jan 22 2025 22:29:11 GMT-0500 (Eastern Standard Time): Task max_3 was created successfully
Wed Jan 22 2025 22:29:11 GMT-0500 (Eastern Standard Time): Task is_zero was created successfully
Wed Jan 22 2025 22:29:11 GMT-0500 (Eastern Standard Time): Task max_digit was created successfully
Wed Jan 22 2025 22:29:11 GMT-0500 (Eastern Standard Time): Task voting was created successfully
Wed Jan 22 2025 22:29:11 GMT-0500 (Eastern Standard Time): Task brackets was created successfully
Wed Jan 22 2025 22:29:11 GMT-0500 (Eastern Standard Time): Dialog text task_solving_error was created successfully
Wed Jan 22 2025 22:29:11 GMT-0500 (Eastern Standard Time): Dialog text successful_submit was created successfully
Wed Jan 22 2025 22:29:11 GMT-0500 (Eastern Standard Time): Dialog text task_submit_error was created successfully
Wed Jan 22 2025 22:31:30 GMT-0500 (Eastern Standard Time): Settings was received successfully
Wed Jan 22 2025 22:31:30 GMT-0500 (Eastern Standard Time): 1 languages were received successfully
Wed Jan 22 2025 22:31:30 GMT-0500 (Eastern Standard Time): 6 tasks were received successfully
Wed Jan 22 2025 22:31:30 GMT-0500 (Eastern Standard Time): 3 genders were received successfully
Wed Jan 22 2025 22:31:30 GMT-0500 (Eastern Standard Time): 1 countries were received successfully
Wed Jan 22 2025 22:31:30 GMT-0500 (Eastern Standard Time): Dialog text task_solving_error was received successfully
Wed Jan 22 2025 22:31:30 GMT-0500 (Eastern Standard Time): 1 programming languages were received successfully
Wed Jan 22 2025 22:32:07 GMT-0500 (Eastern Standard Time): Settings was received successfully
Wed Jan 22 2025 22:32:07 GMT-0500 (Eastern Standard Time): 1 languages were received successfully
Wed Jan 22 2025 22:32:07 GMT-0500 (Eastern Standard Time): 6 tasks were received successfully
Wed Jan 22 2025 22:32:07 GMT-0500 (Eastern Standard Time): 3 genders were received successfully
Wed Jan 22 2025 22:32:07 GMT-0500 (Eastern Standard Time): 1 countries were received successfully
Wed Jan 22 2025 22:32:07 GMT-0500 (Eastern Standard Time): Dialog text task_solving_error was received successfully
Wed Jan 22 2025 22:32:07 GMT-0500 (Eastern Standard Time): 1 programming languages were received successfully
Wed Jan 22 2025 22:32:39 GMT-0500 (Eastern Standard Time): Server is listening on port 3000
Wed Jan 22 2025 22:33:16 GMT-0500 (Eastern Standard Time):Settings was created successfully
Wed Jan 22 2025 22:33:16 GMT-0500 (Eastern Standard Time): Task pies was created successfully
Wed Jan 22 2025 22:33:16 GMT-0500 (Eastern Standard Time): Task max_3 was created successfully
Wed Jan 22 2025 22:33:16 GMT-0500 (Eastern Standard Time): Task is_zero was created successfully
Wed Jan 22 2025 22:33:16 GMT-0500 (Eastern Standard Time): Task max_digit was created successfully
Wed Jan 22 2025 22:33:16 GMT-0500 (Eastern Standard Time): Task voting was created successfully
Wed Jan 22 2025 22:33:16 GMT-0500 (Eastern Standard Time): Task brackets was created successfully
Wed Jan 22 2025 22:33:16 GMT-0500 (Eastern Standard Time): Dialog text task_solving_error was created successfully
Wed Jan 22 2025 22:33:16 GMT-0500 (Eastern Standard Time): Dialog text successful_submit was created successfully
Wed Jan 22 2025 22:33:16 GMT-0500 (Eastern Standard Time): Dialog text task_submit_error was created successfully
Wed Jan 22 2025 22:34:20 GMT-0500 (Eastern Standard Time): Settings was received successfully
Wed Jan 22 2025 22:34:20 GMT-0500 (Eastern Standard Time): 1 languages were received successfully
Wed Jan 22 2025 22:34:20 GMT-0500 (Eastern Standard Time): 6 tasks were received successfully
Wed Jan 22 2025 22:34:20 GMT-0500 (Eastern Standard Time): 3 genders were received successfully
Wed Jan 22 2025 22:34:20 GMT-0500 (Eastern Standard Time): 1 countries were received successfully
Wed Jan 22 2025 22:34:20 GMT-0500 (Eastern Standard Time): Dialog text task_solving_error was received successfully
Wed Jan 22 2025 22:34:20 GMT-0500 (Eastern Standard Time): 1 programming languages were received successfully
Wed Jan 22 2025 22:37:42 GMT-0500 (Eastern Standard Time): Server is listening on port 3000
Wed Jan 22 2025 22:37:46 GMT-0500 (Eastern Standard Time):Settings was created successfully
Wed Jan 22 2025 22:37:46 GMT-0500 (Eastern Standard Time): Task pies was created successfully
Wed Jan 22 2025 22:37:46 GMT-0500 (Eastern Standard Time): Task max_3 was created successfully
Wed Jan 22 2025 22:37:46 GMT-0500 (Eastern Standard Time): Task is_zero was created successfully
Wed Jan 22 2025 22:37:46 GMT-0500 (Eastern Standard Time): Task max_digit was created successfully
Wed Jan 22 2025 22:37:46 GMT-0500 (Eastern Standard Time): Task voting was created successfully
Wed Jan 22 2025 22:37:46 GMT-0500 (Eastern Standard Time): Task brackets was created successfully
Wed Jan 22 2025 22:37:46 GMT-0500 (Eastern Standard Time): Dialog text task_solving_error was created successfully
Wed Jan 22 2025 22:37:46 GMT-0500 (Eastern Standard Time): Dialog text successful_submit was created successfully
Wed Jan 22 2025 22:37:46 GMT-0500 (Eastern Standard Time): Dialog text task_submit_error was created successfully
Wed Jan 22 2025 22:42:03 GMT-0500 (Eastern Standard Time): Server is listening on port 3000
Wed Jan 22 2025 22:42:16 GMT-0500 (Eastern Standard Time):Settings was created successfully
Wed Jan 22 2025 22:42:16 GMT-0500 (Eastern Standard Time): Task pies was created successfully
Wed Jan 22 2025 22:42:16 GMT-0500 (Eastern Standard Time): Task max_3 was created successfully
Wed Jan 22 2025 22:42:16 GMT-0500 (Eastern Standard Time): Task is_zero was created successfully
Wed Jan 22 2025 22:42:16 GMT-0500 (Eastern Standard Time): Task max_digit was created successfully
Wed Jan 22 2025 22:42:16 GMT-0500 (Eastern Standard Time): Task voting was created successfully
Wed Jan 22 2025 22:42:16 GMT-0500 (Eastern Standard Time): Task brackets was created successfully
Wed Jan 22 2025 22:42:16 GMT-0500 (Eastern Standard Time): Dialog text task_solving_error was created successfully
Wed Jan 22 2025 22:42:16 GMT-0500 (Eastern Standard Time): Dialog text successful_submit was created successfully
Wed Jan 22 2025 22:42:16 GMT-0500 (Eastern Standard Time): Dialog text task_submit_error was created successfully
Wed Jan 22 2025 22:42:50 GMT-0500 (Eastern Standard Time): Server is listening on port 3000
Wed Jan 22 2025 22:42:56 GMT-0500 (Eastern Standard Time):Settings was created successfully
Wed Jan 22 2025 22:42:56 GMT-0500 (Eastern Standard Time): Task pies was created successfully
Wed Jan 22 2025 22:42:56 GMT-0500 (Eastern Standard Time): Task max_3 was created successfully
Wed Jan 22 2025 22:42:56 GMT-0500 (Eastern Standard Time): Task is_zero was created successfully
Wed Jan 22 2025 22:42:56 GMT-0500 (Eastern Standard Time): Task max_digit was created successfully
Wed Jan 22 2025 22:42:56 GMT-0500 (Eastern Standard Time): Task voting was created successfully
Wed Jan 22 2025 22:42:56 GMT-0500 (Eastern Standard Time): Task brackets was created successfully
Wed Jan 22 2025 22:42:56 GMT-0500 (Eastern Standard Time): Dialog text task_solving_error was created successfully
Wed Jan 22 2025 22:42:56 GMT-0500 (Eastern Standard Time): Dialog text successful_submit was created successfully
Wed Jan 22 2025 22:42:56 GMT-0500 (Eastern Standard Time): Dialog text task_submit_error was created successfully
Wed Jan 22 2025 22:53:32 GMT-0500 (Eastern Standard Time): Server is listening on port 3000
Wed Jan 22 2025 22:53:37 GMT-0500 (Eastern Standard Time):Settings was created successfully
Wed Jan 22 2025 22:53:37 GMT-0500 (Eastern Standard Time): Task pies was created successfully
Wed Jan 22 2025 22:53:37 GMT-0500 (Eastern Standard Time): Task max_3 was created successfully
Wed Jan 22 2025 22:53:37 GMT-0500 (Eastern Standard Time): Task is_zero was created successfully
Wed Jan 22 2025 22:53:37 GMT-0500 (Eastern Standard Time): Task max_digit was created successfully
Wed Jan 22 2025 22:53:38 GMT-0500 (Eastern Standard Time): Task voting was created successfully
Wed Jan 22 2025 22:53:38 GMT-0500 (Eastern Standard Time): Task brackets was created successfully
Wed Jan 22 2025 22:53:38 GMT-0500 (Eastern Standard Time): Dialog text task_solving_error was created successfully
Wed Jan 22 2025 22:53:38 GMT-0500 (Eastern Standard Time): Dialog text successful_submit was created successfully
Wed Jan 22 2025 22:53:38 GMT-0500 (Eastern Standard Time): Dialog text task_submit_error was created successfully
Wed Jan 22 2025 22:55:44 GMT-0500 (Eastern Standard Time): Settings was received successfully
Wed Jan 22 2025 22:55:44 GMT-0500 (Eastern Standard Time): 1 languages were received successfully
Wed Jan 22 2025 22:55:44 GMT-0500 (Eastern Standard Time): 6 tasks were received successfully
Wed Jan 22 2025 22:55:44 GMT-0500 (Eastern Standard Time): 3 genders were received successfully
Wed Jan 22 2025 22:55:44 GMT-0500 (Eastern Standard Time): 1 countries were received successfully
Wed Jan 22 2025 22:55:44 GMT-0500 (Eastern Standard Time): Dialog text task_solving_error was received successfully
Wed Jan 22 2025 22:55:44 GMT-0500 (Eastern Standard Time): 1 programming languages were received successfully
Wed Jan 22 2025 22:58:36 GMT-0500 (Eastern Standard Time): Settings was received successfully
Wed Jan 22 2025 22:58:36 GMT-0500 (Eastern Standard Time): 1 languages were received successfully
Wed Jan 22 2025 22:58:36 GMT-0500 (Eastern Standard Time): 6 tasks were received successfully
Wed Jan 22 2025 22:58:36 GMT-0500 (Eastern Standard Time): 3 genders were received successfully
Wed Jan 22 2025 22:58:36 GMT-0500 (Eastern Standard Time): 1 countries were received successfully
Wed Jan 22 2025 22:58:36 GMT-0500 (Eastern Standard Time): Dialog text task_solving_error was received successfully
Wed Jan 22 2025 22:58:36 GMT-0500 (Eastern Standard Time): 1 programming languages were received successfully
Wed Jan 22 2025 23:05:56 GMT-0500 (Eastern Standard Time): Server is listening on port 3000
Wed Jan 22 2025 23:14:09 GMT-0500 (Eastern Standard Time): Settings was received successfully
Wed Jan 22 2025 23:14:09 GMT-0500 (Eastern Standard Time): 1 languages were received successfully
Wed Jan 22 2025 23:14:09 GMT-0500 (Eastern Standard Time): 6 tasks were received successfully
Wed Jan 22 2025 23:14:09 GMT-0500 (Eastern Standard Time): 3 genders were received successfully
Wed Jan 22 2025 23:14:09 GMT-0500 (Eastern Standard Time): 1 countries were received successfully
Wed Jan 22 2025 23:14:10 GMT-0500 (Eastern Standard Time): Dialog text task_solving_error was received successfully
Wed Jan 22 2025 23:14:10 GMT-0500 (Eastern Standard Time): 1 programming languages were received successfully
Wed Jan 22 2025 23:14:25 GMT-0500 (Eastern Standard Time): Server is listening on port 3000
Wed Jan 22 2025 23:15:16 GMT-0500 (Eastern Standard Time): Settings was received successfully
Wed Jan 22 2025 23:15:16 GMT-0500 (Eastern Standard Time): 1 languages were received successfully
Wed Jan 22 2025 23:15:16 GMT-0500 (Eastern Standard Time): 6 tasks were received successfully
Wed Jan 22 2025 23:15:16 GMT-0500 (Eastern Standard Time): 3 genders were received successfully
Wed Jan 22 2025 23:15:16 GMT-0500 (Eastern Standard Time): 1 countries were received successfully
Wed Jan 22 2025 23:15:16 GMT-0500 (Eastern Standard Time): Dialog text task_solving_error was received successfully
Wed Jan 22 2025 23:15:16 GMT-0500 (Eastern Standard Time): 1 programming languages were received successfully
Wed Jan 22 2025 23:16:28 GMT-0500 (Eastern Standard Time): Settings was received successfully
Wed Jan 22 2025 23:16:29 GMT-0500 (Eastern Standard Time): 1 languages were received successfully
Wed Jan 22 2025 23:16:29 GMT-0500 (Eastern Standard Time): 6 tasks were received successfully
Wed Jan 22 2025 23:16:29 GMT-0500 (Eastern Standard Time): 3 genders were received successfully
Wed Jan 22 2025 23:16:29 GMT-0500 (Eastern Standard Time): 1 countries were received successfully
Wed Jan 22 2025 23:16:29 GMT-0500 (Eastern Standard Time): Dialog text task_solving_error was received successfully
Wed Jan 22 2025 23:16:29 GMT-0500 (Eastern Standard Time): 1 programming languages were received successfully
Wed Jan 22 2025 23:16:41 GMT-0500 (Eastern Standard Time): User was created successfully
Wed Jan 22 2025 23:21:38 GMT-0500 (Eastern Standard Time): Server is listening on port 3000
Wed Jan 22 2025 23:21:43 GMT-0500 (Eastern Standard Time): Settings was received successfully
Wed Jan 22 2025 23:21:43 GMT-0500 (Eastern Standard Time): 1 languages were received successfully
Wed Jan 22 2025 23:21:43 GMT-0500 (Eastern Standard Time): 6 tasks were received successfully
Wed Jan 22 2025 23:21:43 GMT-0500 (Eastern Standard Time): 3 genders were received successfully
Wed Jan 22 2025 23:21:43 GMT-0500 (Eastern Standard Time): 1 countries were received successfully
Wed Jan 22 2025 23:21:43 GMT-0500 (Eastern Standard Time): Dialog text task_solving_error was received successfully
Wed Jan 22 2025 23:21:43 GMT-0500 (Eastern Standard Time): 1 programming languages were received successfully
Wed Jan 22 2025 23:21:55 GMT-0500 (Eastern Standard Time): Settings was received successfully
Wed Jan 22 2025 23:21:55 GMT-0500 (Eastern Standard Time): 1 languages were received successfully
Wed Jan 22 2025 23:21:55 GMT-0500 (Eastern Standard Time): 6 tasks were received successfully
Wed Jan 22 2025 23:21:55 GMT-0500 (Eastern Standard Time): 3 genders were received successfully
Wed Jan 22 2025 23:21:56 GMT-0500 (Eastern Standard Time): 1 countries were received successfully
Wed Jan 22 2025 23:21:56 GMT-0500 (Eastern Standard Time): Dialog text task_solving_error was received successfully
Wed Jan 22 2025 23:21:56 GMT-0500 (Eastern Standard Time): 1 programming languages were received successfully
Wed Jan 22 2025 23:22:07 GMT-0500 (Eastern Standard Time): Activity tracker item was created successfully
Wed Jan 22 2025 23:22:07 GMT-0500 (Eastern Standard Time): Data item was created successfully
Wed Jan 22 2025 23:22:07 GMT-0500 (Eastern Standard Time): User with id 1 was received successfully
Wed Jan 22 2025 23:22:07 GMT-0500 (Eastern Standard Time): Data item with id 1 was received successfully
Wed Jan 22 2025 23:22:07 GMT-0500 (Eastern Standard Time): Activity tracker item with id 1 was received successfully
Wed Jan 22 2025 23:22:07 GMT-0500 (Eastern Standard Time): user 1 was updates successfully. Added data: di 1, ati 1
Thu Jan 23 2025 14:25:00 GMT-0500 (Eastern Standard Time): Server is listening on port 3000
Thu Jan 23 2025 14:41:17 GMT-0500 (Eastern Standard Time): Settings was received successfully
Thu Jan 23 2025 14:41:17 GMT-0500 (Eastern Standard Time): 1 languages were received successfully
Thu Jan 23 2025 14:41:17 GMT-0500 (Eastern Standard Time): 6 tasks were received successfully
Thu Jan 23 2025 14:41:18 GMT-0500 (Eastern Standard Time): 3 genders were received successfully
Thu Jan 23 2025 14:41:18 GMT-0500 (Eastern Standard Time): 1 countries were received successfully
Thu Jan 23 2025 14:41:18 GMT-0500 (Eastern Standard Time): Dialog text task_solving_error was received successfully
Thu Jan 23 2025 14:41:18 GMT-0500 (Eastern Standard Time): 1 programming languages were received successfully
Thu Jan 23 2025 14:42:59 GMT-0500 (Eastern Standard Time): Settings was received successfully
Thu Jan 23 2025 14:42:59 GMT-0500 (Eastern Standard Time): 1 languages were received successfully
Thu Jan 23 2025 14:42:59 GMT-0500 (Eastern Standard Time): 6 tasks were received successfully
Thu Jan 23 2025 14:42:59 GMT-0500 (Eastern Standard Time): 3 genders were received successfully
Thu Jan 23 2025 14:42:59 GMT-0500 (Eastern Standard Time): 1 countries were received successfully
Thu Jan 23 2025 14:42:59 GMT-0500 (Eastern Standard Time): Dialog text task_solving_error was received successfully
Thu Jan 23 2025 14:42:59 GMT-0500 (Eastern Standard Time): 1 programming languages were received successfully
Thu Jan 23 2025 14:43:32 GMT-0500 (Eastern Standard Time): Server is listening on port 3000
Thu Jan 23 2025 14:43:36 GMT-0500 (Eastern Standard Time):Settings was created successfully
Thu Jan 23 2025 14:43:36 GMT-0500 (Eastern Standard Time): Task pies was created successfully
Thu Jan 23 2025 14:43:36 GMT-0500 (Eastern Standard Time): Task max_3 was created successfully
Thu Jan 23 2025 14:43:36 GMT-0500 (Eastern Standard Time): Task is_zero was created successfully
Thu Jan 23 2025 14:43:36 GMT-0500 (Eastern Standard Time): Task max_digit was created successfully
Thu Jan 23 2025 14:43:36 GMT-0500 (Eastern Standard Time): Task voting was created successfully
Thu Jan 23 2025 14:43:36 GMT-0500 (Eastern Standard Time): Task brackets was created successfully
Thu Jan 23 2025 14:43:36 GMT-0500 (Eastern Standard Time): Dialog text task_solving_error was created successfully
Thu Jan 23 2025 14:43:36 GMT-0500 (Eastern Standard Time): Dialog text successful_submit was created successfully
Thu Jan 23 2025 14:43:36 GMT-0500 (Eastern Standard Time): Dialog text task_submit_error was created successfully
Thu Jan 23 2025 14:43:57 GMT-0500 (Eastern Standard Time): Settings was received successfully
Thu Jan 23 2025 14:43:57 GMT-0500 (Eastern Standard Time): 1 languages were received successfully
Thu Jan 23 2025 14:43:57 GMT-0500 (Eastern Standard Time): 6 tasks were received successfully
Thu Jan 23 2025 14:43:57 GMT-0500 (Eastern Standard Time): 3 genders were received successfully
Thu Jan 23 2025 14:43:57 GMT-0500 (Eastern Standard Time): 1 countries were received successfully
Thu Jan 23 2025 14:43:57 GMT-0500 (Eastern Standard Time): Dialog text task_solving_error was received successfully
Thu Jan 23 2025 14:43:57 GMT-0500 (Eastern Standard Time): 1 programming languages were received successfully
Thu Jan 23 2025 16:30:27 GMT-0500 (Eastern Standard Time): Server is listening on port 3000
Thu Jan 23 2025 16:30:28 GMT-0500 (Eastern Standard Time):Settings was created successfully
Thu Jan 23 2025 16:30:28 GMT-0500 (Eastern Standard Time): Task pies was created successfully
Thu Jan 23 2025 16:30:28 GMT-0500 (Eastern Standard Time): Task max_3 was created successfully
Thu Jan 23 2025 16:30:28 GMT-0500 (Eastern Standard Time): Task is_zero was created successfully
Thu Jan 23 2025 16:30:28 GMT-0500 (Eastern Standard Time): Task max_digit was created successfully
Thu Jan 23 2025 16:30:28 GMT-0500 (Eastern Standard Time): Task voting was created successfully
Thu Jan 23 2025 16:30:28 GMT-0500 (Eastern Standard Time): Task brackets was created successfully
Thu Jan 23 2025 16:30:28 GMT-0500 (Eastern Standard Time): Dialog text task_solving_error was created successfully
Thu Jan 23 2025 16:30:28 GMT-0500 (Eastern Standard Time): Dialog text successful_submit was created successfully
Thu Jan 23 2025 16:30:28 GMT-0500 (Eastern Standard Time): Dialog text task_submit_error was created successfully
Thu Jan 23 2025 16:35:02 GMT-0500 (Eastern Standard Time): Settings was received successfully
Thu Jan 23 2025 16:35:02 GMT-0500 (Eastern Standard Time): 1 languages were received successfully
Thu Jan 23 2025 16:35:02 GMT-0500 (Eastern Standard Time): 6 tasks were received successfully
Thu Jan 23 2025 16:35:02 GMT-0500 (Eastern Standard Time): 3 genders were received successfully
Thu Jan 23 2025 16:35:02 GMT-0500 (Eastern Standard Time): 1 countries were received successfully
Thu Jan 23 2025 16:35:02 GMT-0500 (Eastern Standard Time): Dialog text task_solving_error was received successfully
Thu Jan 23 2025 16:35:02 GMT-0500 (Eastern Standard Time): 1 programming languages were received successfully
Thu Jan 23 2025 16:43:27 GMT-0500 (Eastern Standard Time): Settings was received successfully
Thu Jan 23 2025 16:43:27 GMT-0500 (Eastern Standard Time): 1 languages were received successfully
Thu Jan 23 2025 16:43:27 GMT-0500 (Eastern Standard Time): 6 tasks were received successfully
Thu Jan 23 2025 16:43:27 GMT-0500 (Eastern Standard Time): 3 genders were received successfully
Thu Jan 23 2025 16:43:27 GMT-0500 (Eastern Standard Time): 1 countries were received successfully
Thu Jan 23 2025 16:43:27 GMT-0500 (Eastern Standard Time): Dialog text task_solving_error was received successfully
Thu Jan 23 2025 16:43:28 GMT-0500 (Eastern Standard Time): 1 programming languages were received successfully
Thu Jan 23 2025 16:45:01 GMT-0500 (Eastern Standard Time): Settings was received successfully
Thu Jan 23 2025 16:45:01 GMT-0500 (Eastern Standard Time): 1 languages were received successfully
Thu Jan 23 2025 16:45:01 GMT-0500 (Eastern Standard Time): 6 tasks were received successfully
Thu Jan 23 2025 16:45:01 GMT-0500 (Eastern Standard Time): 3 genders were received successfully
Thu Jan 23 2025 16:45:01 GMT-0500 (Eastern Standard Time): 1 countries were received successfully
Thu Jan 23 2025 16:45:01 GMT-0500 (Eastern Standard Time): Dialog text task_solving_error was received successfully
Thu Jan 23 2025 16:45:01 GMT-0500 (Eastern Standard Time): 1 programming languages were received successfully
Thu Jan 23 2025 16:45:59 GMT-0500 (Eastern Standard Time): Settings was received successfully
Thu Jan 23 2025 16:45:59 GMT-0500 (Eastern Standard Time): 1 languages were received successfully
Thu Jan 23 2025 16:45:59 GMT-0500 (Eastern Standard Time): 6 tasks were received successfully
Thu Jan 23 2025 16:45:59 GMT-0500 (Eastern Standard Time): 3 genders were received successfully
Thu Jan 23 2025 16:45:59 GMT-0500 (Eastern Standard Time): 1 countries were received successfully
Thu Jan 23 2025 16:45:59 GMT-0500 (Eastern Standard Time): Dialog text task_solving_error was received successfully
Thu Jan 23 2025 16:45:59 GMT-0500 (Eastern Standard Time): 1 programming languages were received successfully
Thu Jan 23 2025 16:46:28 GMT-0500 (Eastern Standard Time): User was created successfully
Thu Jan 23 2025 16:51:10 GMT-0500 (Eastern Standard Time): Settings was received successfully
Thu Jan 23 2025 16:51:10 GMT-0500 (Eastern Standard Time): 1 languages were received successfully
Thu Jan 23 2025 16:51:10 GMT-0500 (Eastern Standard Time): 6 tasks were received successfully
Thu Jan 23 2025 16:51:10 GMT-0500 (Eastern Standard Time): 3 genders were received successfully
Thu Jan 23 2025 16:51:10 GMT-0500 (Eastern Standard Time): 1 countries were received successfully
Thu Jan 23 2025 16:51:10 GMT-0500 (Eastern Standard Time): Dialog text task_solving_error was received successfully
Thu Jan 23 2025 16:51:10 GMT-0500 (Eastern Standard Time): 1 programming languages were received successfully
Thu Jan 23 2025 16:51:52 GMT-0500 (Eastern Standard Time): Settings was received successfully
Thu Jan 23 2025 16:51:52 GMT-0500 (Eastern Standard Time): 1 languages were received successfully
Thu Jan 23 2025 16:51:52 GMT-0500 (Eastern Standard Time): 6 tasks were received successfully
Thu Jan 23 2025 16:51:52 GMT-0500 (Eastern Standard Time): 3 genders were received successfully
Thu Jan 23 2025 16:51:52 GMT-0500 (Eastern Standard Time): 1 countries were received successfully
Thu Jan 23 2025 16:51:52 GMT-0500 (Eastern Standard Time): Dialog text task_solving_error was received successfully
Thu Jan 23 2025 16:51:52 GMT-0500 (Eastern Standard Time): 1 programming languages were received successfully
Thu Jan 23 2025 17:26:18 GMT-0500 (Eastern Standard Time): Server is listening on port 3000
Thu Jan 23 2025 17:26:22 GMT-0500 (Eastern Standard Time):Settings was created successfully
Thu Jan 23 2025 17:26:22 GMT-0500 (Eastern Standard Time): Task pies was created successfully
Thu Jan 23 2025 17:26:22 GMT-0500 (Eastern Standard Time): Task max_3 was created successfully
Thu Jan 23 2025 17:26:22 GMT-0500 (Eastern Standard Time): Task is_zero was created successfully
Thu Jan 23 2025 17:26:22 GMT-0500 (Eastern Standard Time): Task max_digit was created successfully
Thu Jan 23 2025 17:26:22 GMT-0500 (Eastern Standard Time): Task voting was created successfully
Thu Jan 23 2025 17:26:22 GMT-0500 (Eastern Standard Time): Task brackets was created successfully
Thu Jan 23 2025 17:26:22 GMT-0500 (Eastern Standard Time): Dialog text task_solving_error was created successfully
Thu Jan 23 2025 17:26:22 GMT-0500 (Eastern Standard Time): Dialog text successful_submit was created successfully
Thu Jan 23 2025 17:26:22 GMT-0500 (Eastern Standard Time): Dialog text task_submit_error was created successfully
Thu Jan 23 2025 17:39:03 GMT-0500 (Eastern Standard Time): Settings was received successfully
Thu Jan 23 2025 17:39:03 GMT-0500 (Eastern Standard Time): 1 languages were received successfully
Thu Jan 23 2025 17:39:03 GMT-0500 (Eastern Standard Time): 6 tasks were received successfully
Thu Jan 23 2025 17:39:03 GMT-0500 (Eastern Standard Time): 3 genders were received successfully
Thu Jan 23 2025 17:39:03 GMT-0500 (Eastern Standard Time): 1 countries were received successfully
Thu Jan 23 2025 17:39:03 GMT-0500 (Eastern Standard Time): Dialog text task_solving_error was received successfully
Thu Jan 23 2025 17:39:03 GMT-0500 (Eastern Standard Time): 1 programming languages were received successfully
Thu Jan 23 2025 17:54:43 GMT-0500 (Eastern Standard Time): Settings was received successfully
Thu Jan 23 2025 17:54:43 GMT-0500 (Eastern Standard Time): 1 languages were received successfully
Thu Jan 23 2025 17:54:43 GMT-0500 (Eastern Standard Time): 6 tasks were received successfully
Thu Jan 23 2025 17:54:43 GMT-0500 (Eastern Standard Time): 3 genders were received successfully
Thu Jan 23 2025 17:54:43 GMT-0500 (Eastern Standard Time): 1 countries were received successfully
Thu Jan 23 2025 17:54:43 GMT-0500 (Eastern Standard Time): Dialog text task_solving_error was received successfully
Thu Jan 23 2025 17:54:43 GMT-0500 (Eastern Standard Time): 1 programming languages were received successfully
Thu Jan 23 2025 18:00:48 GMT-0500 (Eastern Standard Time): Settings was received successfully
Thu Jan 23 2025 18:00:49 GMT-0500 (Eastern Standard Time): 1 languages were received successfully
Thu Jan 23 2025 18:00:49 GMT-0500 (Eastern Standard Time): 6 tasks were received successfully
Thu Jan 23 2025 18:00:49 GMT-0500 (Eastern Standard Time): 3 genders were received successfully
Thu Jan 23 2025 18:00:49 GMT-0500 (Eastern Standard Time): 1 countries were received successfully
Thu Jan 23 2025 18:00:49 GMT-0500 (Eastern Standard Time): Dialog text task_solving_error was received successfully
Thu Jan 23 2025 18:00:49 GMT-0500 (Eastern Standard Time): 1 programming languages were received successfully
Thu Jan 23 2025 18:02:57 GMT-0500 (Eastern Standard Time): Settings was received successfully
Thu Jan 23 2025 18:02:57 GMT-0500 (Eastern Standard Time): 1 languages were received successfully
Thu Jan 23 2025 18:02:57 GMT-0500 (Eastern Standard Time): 6 tasks were received successfully
Thu Jan 23 2025 18:02:57 GMT-0500 (Eastern Standard Time): 3 genders were received successfully
Thu Jan 23 2025 18:02:57 GMT-0500 (Eastern Standard Time): 1 countries were received successfully
Thu Jan 23 2025 18:02:57 GMT-0500 (Eastern Standard Time): Dialog text task_solving_error was received successfully
Thu Jan 23 2025 18:02:57 GMT-0500 (Eastern Standard Time): 1 programming languages were received successfully
Thu Jan 23 2025 18:08:36 GMT-0500 (Eastern Standard Time): Settings was received successfully
Thu Jan 23 2025 18:08:36 GMT-0500 (Eastern Standard Time): 1 languages were received successfully
Thu Jan 23 2025 18:08:36 GMT-0500 (Eastern Standard Time): 6 tasks were received successfully
Thu Jan 23 2025 18:08:36 GMT-0500 (Eastern Standard Time): 3 genders were received successfully
Thu Jan 23 2025 18:08:36 GMT-0500 (Eastern Standard Time): 1 countries were received successfully
Thu Jan 23 2025 18:08:36 GMT-0500 (Eastern Standard Time): Dialog text task_solving_error was received successfully
Thu Jan 23 2025 18:08:36 GMT-0500 (Eastern Standard Time): 1 programming languages were received successfully
Thu Jan 23 2025 18:08:47 GMT-0500 (Eastern Standard Time): User was created successfully
Thu Jan 23 2025 18:09:39 GMT-0500 (Eastern Standard Time): Activity tracker item was created successfully
Thu Jan 23 2025 18:09:39 GMT-0500 (Eastern Standard Time): Data item was created successfully
Thu Jan 23 2025 18:09:39 GMT-0500 (Eastern Standard Time): User with id 1 was received successfully
Thu Jan 23 2025 18:09:39 GMT-0500 (Eastern Standard Time): Data item with id 1 was received successfully
Thu Jan 23 2025 18:09:39 GMT-0500 (Eastern Standard Time): Activity tracker item with id 1 was received successfully
Thu Jan 23 2025 18:09:39 GMT-0500 (Eastern Standard Time): user 1 was updates successfully. Added data: di 1, ati 1
Thu Jan 23 2025 18:11:22 GMT-0500 (Eastern Standard Time): Settings was received successfully
Thu Jan 23 2025 18:11:22 GMT-0500 (Eastern Standard Time): 1 languages were received successfully
Thu Jan 23 2025 18:11:22 GMT-0500 (Eastern Standard Time): 6 tasks were received successfully
Thu Jan 23 2025 18:11:22 GMT-0500 (Eastern Standard Time): 3 genders were received successfully
Thu Jan 23 2025 18:11:23 GMT-0500 (Eastern Standard Time): 1 countries were received successfully
Thu Jan 23 2025 18:11:23 GMT-0500 (Eastern Standard Time): Dialog text task_solving_error was received successfully
Thu Jan 23 2025 18:11:23 GMT-0500 (Eastern Standard Time): 1 programming languages were received successfully
Thu Jan 23 2025 18:11:41 GMT-0500 (Eastern Standard Time): Activity tracker item was created successfully
Thu Jan 23 2025 18:11:41 GMT-0500 (Eastern Standard Time): Data item was created successfully
Thu Jan 23 2025 18:11:41 GMT-0500 (Eastern Standard Time): User with id 1 was received successfully
Thu Jan 23 2025 18:11:41 GMT-0500 (Eastern Standard Time): Data item with id 2 was received successfully
Thu Jan 23 2025 18:11:41 GMT-0500 (Eastern Standard Time): Activity tracker item with id 2 was received successfully
Thu Jan 23 2025 18:11:41 GMT-0500 (Eastern Standard Time): user 1 was updates successfully. Added data: di 2, ati 2
Thu Jan 23 2025 18:13:34 GMT-0500 (Eastern Standard Time): Server is listening on port 3000
Thu Jan 23 2025 18:13:37 GMT-0500 (Eastern Standard Time): Settings was received successfully
Thu Jan 23 2025 18:13:37 GMT-0500 (Eastern Standard Time): 1 languages were received successfully
Thu Jan 23 2025 18:13:37 GMT-0500 (Eastern Standard Time): 6 tasks were received successfully
Thu Jan 23 2025 18:13:37 GMT-0500 (Eastern Standard Time): 3 genders were received successfully
Thu Jan 23 2025 18:13:37 GMT-0500 (Eastern Standard Time): 1 countries were received successfully
Thu Jan 23 2025 18:13:37 GMT-0500 (Eastern Standard Time): Dialog text task_solving_error was received successfully
Thu Jan 23 2025 18:13:37 GMT-0500 (Eastern Standard Time): 1 programming languages were received successfully
Thu Jan 23 2025 18:13:54 GMT-0500 (Eastern Standard Time): Settings was received successfully
Thu Jan 23 2025 18:13:54 GMT-0500 (Eastern Standard Time): 1 languages were received successfully
Thu Jan 23 2025 18:13:54 GMT-0500 (Eastern Standard Time): 6 tasks were received successfully
Thu Jan 23 2025 18:13:54 GMT-0500 (Eastern Standard Time): 3 genders were received successfully
Thu Jan 23 2025 18:13:54 GMT-0500 (Eastern Standard Time): 1 countries were received successfully
Thu Jan 23 2025 18:13:54 GMT-0500 (Eastern Standard Time): Dialog text task_solving_error was received successfully
Thu Jan 23 2025 18:13:54 GMT-0500 (Eastern Standard Time): 1 programming languages were received successfully
Thu Jan 23 2025 18:14:14 GMT-0500 (Eastern Standard Time): Server is listening on port 3000
Thu Jan 23 2025 18:14:21 GMT-0500 (Eastern Standard Time):Settings was created successfully
Thu Jan 23 2025 18:14:21 GMT-0500 (Eastern Standard Time): Task pies was created successfully
Thu Jan 23 2025 18:14:21 GMT-0500 (Eastern Standard Time): Task max_3 was created successfully
Thu Jan 23 2025 18:14:21 GMT-0500 (Eastern Standard Time): Task is_zero was created successfully
Thu Jan 23 2025 18:14:21 GMT-0500 (Eastern Standard Time): Task max_digit was created successfully
Thu Jan 23 2025 18:14:21 GMT-0500 (Eastern Standard Time): Task voting was created successfully
Thu Jan 23 2025 18:14:21 GMT-0500 (Eastern Standard Time): Task brackets was created successfully
Thu Jan 23 2025 18:14:21 GMT-0500 (Eastern Standard Time): Dialog text task_solving_error was created successfully
Thu Jan 23 2025 18:14:21 GMT-0500 (Eastern Standard Time): Dialog text successful_submit was created successfully
Thu Jan 23 2025 18:14:21 GMT-0500 (Eastern Standard Time): Dialog text task_submit_error was created successfully
Thu Jan 23 2025 18:15:40 GMT-0500 (Eastern Standard Time): Settings was received successfully
Thu Jan 23 2025 18:15:40 GMT-0500 (Eastern Standard Time): 1 languages were received successfully
Thu Jan 23 2025 18:15:40 GMT-0500 (Eastern Standard Time): 6 tasks were received successfully
Thu Jan 23 2025 18:15:40 GMT-0500 (Eastern Standard Time): 3 genders were received successfully
Thu Jan 23 2025 18:15:40 GMT-0500 (Eastern Standard Time): 1 countries were received successfully
Thu Jan 23 2025 18:15:40 GMT-0500 (Eastern Standard Time): Dialog text task_solving_error was received successfully
Thu Jan 23 2025 18:15:40 GMT-0500 (Eastern Standard Time): 1 programming languages were received successfully
Thu Jan 23 2025 18:16:47 GMT-0500 (Eastern Standard Time): Server is listening on port 3000
Thu Jan 23 2025 18:17:01 GMT-0500 (Eastern Standard Time): Server is listening on port 3000
Thu Jan 23 2025 18:17:07 GMT-0500 (Eastern Standard Time):Settings was created successfully
Thu Jan 23 2025 18:17:07 GMT-0500 (Eastern Standard Time): Task pies was created successfully
Thu Jan 23 2025 18:17:07 GMT-0500 (Eastern Standard Time): Task max_3 was created successfully
Thu Jan 23 2025 18:17:07 GMT-0500 (Eastern Standard Time): Task is_zero was created successfully
Thu Jan 23 2025 18:17:07 GMT-0500 (Eastern Standard Time): Task max_digit was created successfully
Thu Jan 23 2025 18:17:07 GMT-0500 (Eastern Standard Time): Task voting was created successfully
Thu Jan 23 2025 18:17:07 GMT-0500 (Eastern Standard Time): Task brackets was created successfully
Thu Jan 23 2025 18:17:07 GMT-0500 (Eastern Standard Time): Dialog text task_solving_error was created successfully
Thu Jan 23 2025 18:17:07 GMT-0500 (Eastern Standard Time): Dialog text successful_submit was created successfully
Thu Jan 23 2025 18:17:07 GMT-0500 (Eastern Standard Time): Dialog text task_submit_error was created successfully
Thu Jan 23 2025 18:17:53 GMT-0500 (Eastern Standard Time): Settings was received successfully
Thu Jan 23 2025 18:17:53 GMT-0500 (Eastern Standard Time): 1 languages were received successfully
Thu Jan 23 2025 18:17:53 GMT-0500 (Eastern Standard Time): 6 tasks were received successfully
Thu Jan 23 2025 18:17:53 GMT-0500 (Eastern Standard Time): 3 genders were received successfully
Thu Jan 23 2025 18:17:53 GMT-0500 (Eastern Standard Time): 1 countries were received successfully
Thu Jan 23 2025 18:17:53 GMT-0500 (Eastern Standard Time): Dialog text task_solving_error was received successfully
Thu Jan 23 2025 18:17:53 GMT-0500 (Eastern Standard Time): 1 programming languages were received successfully
Thu Jan 23 2025 18:29:37 GMT-0500 (Eastern Standard Time): Server is listening on port 3000
Thu Jan 23 2025 18:31:51 GMT-0500 (Eastern Standard Time): Settings was received successfully
Thu Jan 23 2025 18:31:51 GMT-0500 (Eastern Standard Time): 1 languages were received successfully
Thu Jan 23 2025 18:31:51 GMT-0500 (Eastern Standard Time): 6 tasks were received successfully
Thu Jan 23 2025 18:31:51 GMT-0500 (Eastern Standard Time): 3 genders were received successfully
Thu Jan 23 2025 18:31:51 GMT-0500 (Eastern Standard Time): 1 countries were received successfully
Thu Jan 23 2025 18:31:52 GMT-0500 (Eastern Standard Time): Dialog text task_solving_error was received successfully
Thu Jan 23 2025 18:31:52 GMT-0500 (Eastern Standard Time): 1 programming languages were received successfully
Thu Jan 23 2025 18:32:33 GMT-0500 (Eastern Standard Time): User was created successfully
Thu Jan 23 2025 18:33:01 GMT-0500 (Eastern Standard Time): Activity tracker item was created successfully
Thu Jan 23 2025 18:33:01 GMT-0500 (Eastern Standard Time): Data item was created successfully
Thu Jan 23 2025 18:33:01 GMT-0500 (Eastern Standard Time): User with id 1 was received successfully
Thu Jan 23 2025 18:33:01 GMT-0500 (Eastern Standard Time): Data item with id 1 was received successfully
Thu Jan 23 2025 18:33:01 GMT-0500 (Eastern Standard Time): Activity tracker item with id 1 was received successfully
Thu Jan 23 2025 18:33:01 GMT-0500 (Eastern Standard Time): user 1 was updates successfully. Added data: di 1, ati 1
Thu Jan 23 2025 18:34:50 GMT-0500 (Eastern Standard Time): Activity tracker item was created successfully
Thu Jan 23 2025 18:34:50 GMT-0500 (Eastern Standard Time): Data item was created successfully
Thu Jan 23 2025 18:34:50 GMT-0500 (Eastern Standard Time): User with id 1 was received successfully
Thu Jan 23 2025 18:34:50 GMT-0500 (Eastern Standard Time): Data item with id 2 was received successfully
Thu Jan 23 2025 18:34:50 GMT-0500 (Eastern Standard Time): Activity tracker item with id 2 was received successfully
Thu Jan 23 2025 18:34:50 GMT-0500 (Eastern Standard Time): user 1 was updates successfully. Added data: di 2, ati 2
Thu Jan 23 2025 18:36:01 GMT-0500 (Eastern Standard Time): Server is listening on port 3000
Thu Jan 23 2025 18:36:10 GMT-0500 (Eastern Standard Time):Settings was created successfully
Thu Jan 23 2025 18:36:10 GMT-0500 (Eastern Standard Time): Task pies was created successfully
Thu Jan 23 2025 18:36:10 GMT-0500 (Eastern Standard Time): Task max_3 was created successfully
Thu Jan 23 2025 18:36:10 GMT-0500 (Eastern Standard Time): Task is_zero was created successfully
Thu Jan 23 2025 18:36:10 GMT-0500 (Eastern Standard Time): Task max_digit was created successfully
Thu Jan 23 2025 18:36:10 GMT-0500 (Eastern Standard Time): Task voting was created successfully
Thu Jan 23 2025 18:36:10 GMT-0500 (Eastern Standard Time): Task brackets was created successfully
Thu Jan 23 2025 18:36:10 GMT-0500 (Eastern Standard Time): Dialog text task_solving_error was created successfully
Thu Jan 23 2025 18:36:10 GMT-0500 (Eastern Standard Time): Dialog text successful_submit was created successfully
Thu Jan 23 2025 18:36:10 GMT-0500 (Eastern Standard Time): Dialog text task_submit_error was created successfully
Mon Feb 24 2025 13:23:27 GMT-0500 (Eastern Standard Time): Server is listening on port 3000
Mon Feb 24 2025 13:32:12 GMT-0500 (Eastern Standard Time): Settings was received successfully
Mon Feb 24 2025 13:32:12 GMT-0500 (Eastern Standard Time): 1 languages were received successfully
Mon Feb 24 2025 13:32:12 GMT-0500 (Eastern Standard Time): 3 tasks were received successfully
Mon Feb 24 2025 13:32:12 GMT-0500 (Eastern Standard Time): 3 genders were received successfully
Mon Feb 24 2025 13:32:12 GMT-0500 (Eastern Standard Time): 1 countries were received successfully
Mon Feb 24 2025 13:32:12 GMT-0500 (Eastern Standard Time): Dialog text task_solving_error was received successfully
Mon Feb 24 2025 13:32:12 GMT-0500 (Eastern Standard Time): 1 programming languages were received successfully
Mon Feb 24 2025 13:32:25 GMT-0500 (Eastern Standard Time): Settings was received successfully
Mon Feb 24 2025 13:32:25 GMT-0500 (Eastern Standard Time): 1 languages were received successfully
Mon Feb 24 2025 13:32:25 GMT-0500 (Eastern Standard Time): 3 tasks were received successfully
Mon Feb 24 2025 13:32:25 GMT-0500 (Eastern Standard Time): 3 genders were received successfully
Mon Feb 24 2025 13:32:25 GMT-0500 (Eastern Standard Time): 1 countries were received successfully
Mon Feb 24 2025 13:32:25 GMT-0500 (Eastern Standard Time): Dialog text task_solving_error was received successfully
Mon Feb 24 2025 13:32:25 GMT-0500 (Eastern Standard Time): 1 programming languages were received successfully
Mon Feb 24 2025 13:48:01 GMT-0500 (Eastern Standard Time): Server is listening on port 3000
Mon Feb 24 2025 13:51:59 GMT-0500 (Eastern Standard Time): Settings was received successfully
Mon Feb 24 2025 13:51:59 GMT-0500 (Eastern Standard Time): 1 languages were received successfully
Mon Feb 24 2025 13:51:59 GMT-0500 (Eastern Standard Time): 3 tasks were received successfully
Mon Feb 24 2025 13:51:59 GMT-0500 (Eastern Standard Time): 3 genders were received successfully
Mon Feb 24 2025 13:51:59 GMT-0500 (Eastern Standard Time): 1 countries were received successfully
Mon Feb 24 2025 13:51:59 GMT-0500 (Eastern Standard Time): Dialog text task_solving_error was received successfully
Mon Feb 24 2025 13:51:59 GMT-0500 (Eastern Standard Time): 1 programming languages were received successfully
Mon Feb 24 2025 13:52:14 GMT-0500 (Eastern Standard Time): Settings was received successfully
Mon Feb 24 2025 13:52:14 GMT-0500 (Eastern Standard Time): 1 languages were received successfully
Mon Feb 24 2025 13:52:14 GMT-0500 (Eastern Standard Time): 3 tasks were received successfully
Mon Feb 24 2025 13:52:14 GMT-0500 (Eastern Standard Time): 3 genders were received successfully
Mon Feb 24 2025 13:52:14 GMT-0500 (Eastern Standard Time): 1 countries were received successfully
Mon Feb 24 2025 13:52:14 GMT-0500 (Eastern Standard Time): Dialog text task_solving_error was received successfully
Mon Feb 24 2025 13:52:14 GMT-0500 (Eastern Standard Time): 1 programming languages were received successfully
Mon Feb 24 2025 21:06:20 GMT-0500 (Eastern Standard Time): Server is listening on port 3000
Mon Feb 24 2025 21:06:33 GMT-0500 (Eastern Standard Time):Settings was created successfully
Mon Feb 24 2025 21:06:33 GMT-0500 (Eastern Standard Time): Task pies was created successfully
Mon Feb 24 2025 21:06:33 GMT-0500 (Eastern Standard Time): Task max_3 was created successfully
Mon Feb 24 2025 21:06:33 GMT-0500 (Eastern Standard Time): Task is_zero was created successfully
Mon Feb 24 2025 21:06:33 GMT-0500 (Eastern Standard Time): Task max_digit was created successfully
Mon Feb 24 2025 21:06:33 GMT-0500 (Eastern Standard Time): Task voting was created successfully
Mon Feb 24 2025 21:06:33 GMT-0500 (Eastern Standard Time): Task brackets was created successfully
Mon Feb 24 2025 21:06:33 GMT-0500 (Eastern Standard Time): Dialog text task_solving_error was created successfully
Mon Feb 24 2025 21:06:33 GMT-0500 (Eastern Standard Time): Dialog text successful_submit was created successfully
Mon Feb 24 2025 21:06:33 GMT-0500 (Eastern Standard Time): Dialog text task_submit_error was created successfully
Mon Feb 24 2025 21:07:41 GMT-0500 (Eastern Standard Time): Settings was received successfully
Mon Feb 24 2025 21:07:41 GMT-0500 (Eastern Standard Time): 1 languages were received successfully
Mon Feb 24 2025 21:07:41 GMT-0500 (Eastern Standard Time): 6 tasks were received successfully
Mon Feb 24 2025 21:07:41 GMT-0500 (Eastern Standard Time): 3 genders were received successfully
Mon Feb 24 2025 21:07:41 GMT-0500 (Eastern Standard Time): 1 countries were received successfully
Mon Feb 24 2025 21:07:41 GMT-0500 (Eastern Standard Time): Dialog text task_solving_error was received successfully
Mon Feb 24 2025 21:07:41 GMT-0500 (Eastern Standard Time): 1 programming languages were received successfully
Mon Feb 24 2025 21:07:57 GMT-0500 (Eastern Standard Time): Settings was received successfully
Mon Feb 24 2025 21:07:57 GMT-0500 (Eastern Standard Time): 1 languages were received successfully
Mon Feb 24 2025 21:07:57 GMT-0500 (Eastern Standard Time): 6 tasks were received successfully
Mon Feb 24 2025 21:07:57 GMT-0500 (Eastern Standard Time): 3 genders were received successfully
Mon Feb 24 2025 21:07:57 GMT-0500 (Eastern Standard Time): 1 countries were received successfully
Mon Feb 24 2025 21:07:57 GMT-0500 (Eastern Standard Time): Dialog text task_solving_error was received successfully
Mon Feb 24 2025 21:07:57 GMT-0500 (Eastern Standard Time): 1 programming languages were received successfully
Mon Feb 24 2025 21:08:38 GMT-0500 (Eastern Standard Time): User was created successfully
Mon Feb 24 2025 21:11:42 GMT-0500 (Eastern Standard Time): Activity tracker item was created successfully
Mon Feb 24 2025 21:11:42 GMT-0500 (Eastern Standard Time): Data item was created successfully
Mon Feb 24 2025 21:11:42 GMT-0500 (Eastern Standard Time): User with id 1 was received successfully
Mon Feb 24 2025 21:11:42 GMT-0500 (Eastern Standard Time): Data item with id 1 was received successfully
Mon Feb 24 2025 21:11:42 GMT-0500 (Eastern Standard Time): Activity tracker item with id 1 was received successfully
Mon Feb 24 2025 21:11:42 GMT-0500 (Eastern Standard Time): user 1 was updates successfully. Added data: di 1, ati 1
Mon Feb 24 2025 21:13:38 GMT-0500 (Eastern Standard Time): 1 data items were received successfully
Mon Feb 24 2025 21:13:54 GMT-0500 (Eastern Standard Time): Data item with id 1 was received successfully
Mon Feb 24 2025 21:19:09 GMT-0500 (Eastern Standard Time): ...starting get all users
Mon Feb 24 2025 21:19:09 GMT-0500 (Eastern Standard Time): 1 users was received successfully
Mon Feb 24 2025 21:19:09 GMT-0500 (Eastern Standard Time): ...starting handle user with id 1
Mon Feb 24 2025 21:19:09 GMT-0500 (Eastern Standard Time): ...is creating archive
Mon Feb 24 2025 21:19:09 GMT-0500 (Eastern Standard Time): ...is deleting tmp folder
Mon Feb 24 2025 21:19:14 GMT-0500 (Eastern Standard Time): ...starting get all users
Mon Feb 24 2025 21:19:14 GMT-0500 (Eastern Standard Time): 1 users was received successfully
Mon Feb 24 2025 21:19:14 GMT-0500 (Eastern Standard Time): ...starting handle user with id 1
Mon Feb 24 2025 21:19:14 GMT-0500 (Eastern Standard Time): ...is creating archive
Mon Feb 24 2025 21:19:15 GMT-0500 (Eastern Standard Time): ...is deleting tmp folder
Mon Feb 24 2025 21:21:13 GMT-0500 (Eastern Standard Time): ...starting get all users
Mon Feb 24 2025 21:21:13 GMT-0500 (Eastern Standard Time): 1 users was received successfully
Mon Feb 24 2025 21:21:13 GMT-0500 (Eastern Standard Time): ...starting handle user with id 1
Mon Feb 24 2025 21:21:13 GMT-0500 (Eastern Standard Time): ...is creating archive
Mon Feb 24 2025 21:21:13 GMT-0500 (Eastern Standard Time): ...is deleting tmp folder
Mon Feb 24 2025 21:21:21 GMT-0500 (Eastern Standard Time): ...starting get all users
Mon Feb 24 2025 21:21:21 GMT-0500 (Eastern Standard Time): 1 users was received successfully
Mon Feb 24 2025 21:21:21 GMT-0500 (Eastern Standard Time): ...starting handle user with id 1
Mon Feb 24 2025 21:21:21 GMT-0500 (Eastern Standard Time): ...is creating archive
Mon Feb 24 2025 21:21:21 GMT-0500 (Eastern Standard Time): ...is deleting tmp folder
