2025-03-13T16:56:48.674-04:00,IdeState,Active,Editor,branch_coverage.py,3,43
2025-03-13T16:56:49.677-04:00,IdeState,Active,Editor,branch_coverage.py,3,43
2025-03-13T16:56:50.679-04:00,IdeState,Active,Editor,branch_coverage.py,3,43
2025-03-13T16:56:51.681-04:00,IdeState,Active,Project,*,-1,-1
2025-03-13T16:56:52.682-04:00,IdeState,Active,Project,*,-1,-1
2025-03-13T16:56:53.684-04:00,IdeState,Active,Project,*,-1,-1
2025-03-13T16:56:54.686-04:00,IdeState,Active,tasktracker,*,-1,-1
2025-03-13T16:56:55.687-04:00,IdeState,Active,Project,*,-1,-1
2025-03-13T16:56:56.689-04:00,IdeState,Active,Project,*,-1,-1
2025-03-13T16:56:57.692-04:00,IdeState,Active,Dialog,*,-1,-1
2025-03-13T16:56:58.731-04:00,IdeState,Active,Project,*,-1,-1
2025-03-13T16:56:59.732-04:00,IdeState,Active,Dialog,*,-1,-1
2025-03-13T16:57:00.736-04:00,IdeState,Active,Dialog,*,-1,-1
2025-03-13T16:57:01.736-04:00,IdeState,Active,Dialog,*,-1,-1
2025-03-13T16:57:02.737-04:00,IdeState,Active,Dialog,*,-1,-1
2025-03-13T16:57:03.739-04:00,IdeState,Active,Dialog,*,-1,-1
2025-03-13T16:57:04.739-04:00,IdeState,Active,Dialog,*,-1,-1
2025-03-13T16:57:05.740-04:00,IdeState,Active,Project,*,-1,-1
2025-03-13T16:57:06.741-04:00,IdeState,Active,Project,*,-1,-1
2025-03-13T16:57:07.743-04:00,IdeState,Active,Project,*,-1,-1
2025-03-13T16:57:08.748-04:00,IdeState,Active,Editor,branch_coverage.py,2,22
2025-03-13T16:57:09.749-04:00,IdeState,Active,Editor,branch_coverage.py,2,22
2025-03-13T16:57:10.750-04:00,IdeState,Active,Editor,statement_coverage.py,0,0
2025-03-13T16:57:11.752-04:00,IdeState,Active,Project,statement_coverage.py,0,0
2025-03-13T16:57:12.753-04:00,IdeState,Active,Editor,path_coverage.py,0,0
2025-03-13T16:57:13.755-04:00,IdeState,Active,Editor,path_coverage.py,0,0
2025-03-13T16:57:14.756-04:00,IdeState,Active,Editor,path_coverage.py,0,0
2025-03-13T16:57:15.757-04:00,IdeState,Active,Editor,path_coverage.py,0,0
2025-03-13T16:57:16.758-04:00,IdeState,Active,Editor,path_coverage.py,0,0
2025-03-13T16:57:17.760-04:00,IdeState,Active,Editor,path_coverage.py,0,0
2025-03-13T16:57:18.761-04:00,IdeState,Active,Editor,path_coverage.py,0,0
2025-03-13T16:57:19.763-04:00,IdeState,Active,Editor,path_coverage.py,0,0
2025-03-13T16:57:20.766-04:00,IdeState,Active,Editor,path_coverage.py,0,0
2025-03-13T16:57:21.767-04:00,IdeState,Active,Editor,path_coverage.py,0,0
2025-03-13T16:57:22.770-04:00,IdeState,Active,Editor,path_coverage.py,0,0
2025-03-13T16:57:23.783-04:00,IdeState,Inactive,,*,-1,-1
2025-03-13T16:57:24.787-04:00,IdeState,Inactive,,*,-1,-1
2025-03-13T16:57:25.792-04:00,IdeState,Inactive,,*,-1,-1
2025-03-13T16:57:26.795-04:00,IdeState,Inactive,,*,-1,-1
2025-03-13T16:57:27.796-04:00,IdeState,Inactive,,*,-1,-1
2025-03-13T16:57:28.798-04:00,IdeState,Inactive,,*,-1,-1
2025-03-13T16:57:29.799-04:00,IdeState,Inactive,,*,-1,-1
2025-03-13T16:57:30.801-04:00,IdeState,Inactive,,*,-1,-1
2025-03-13T16:57:31.801-04:00,IdeState,Inactive,,*,-1,-1
2025-03-13T16:57:32.811-04:00,IdeState,Inactive,,*,-1,-1
2025-03-13T16:57:33.814-04:00,IdeState,Inactive,,*,-1,-1
2025-03-13T16:57:34.814-04:00,IdeState,Inactive,,*,-1,-1
2025-03-13T16:57:35.816-04:00,IdeState,Inactive,,*,-1,-1
2025-03-13T16:57:36.817-04:00,IdeState,Inactive,,*,-1,-1
2025-03-13T16:57:37.818-04:00,IdeState,Inactive,,*,-1,-1
2025-03-13T16:57:39.264-04:00,IdeState,Inactive,,*,-1,-1
2025-03-13T16:57:40.266-04:00,IdeState,Inactive,,*,-1,-1
2025-03-13T16:57:41.278-04:00,IdeState,Inactive,,*,-1,-1
2025-03-13T16:57:42.281-04:00,IdeState,Active,Editor,path_coverage.py,0,0
2025-03-13T16:57:43.282-04:00,IdeState,Active,Editor,path_coverage.py,0,0
2025-03-13T16:57:44.284-04:00,IdeState,Inactive,,*,-1,-1
2025-03-13T16:57:45.287-04:00,IdeState,Inactive,,*,-1,-1
2025-03-13T16:57:46.288-04:00,IdeState,Inactive,,*,-1,-1
2025-03-13T16:57:47.294-04:00,IdeState,Inactive,,*,-1,-1
2025-03-13T16:57:48.311-04:00,IdeState,Inactive,,*,-1,-1
2025-03-13T16:57:49.334-04:00,IdeState,Inactive,,*,-1,-1
2025-03-13T16:57:50.336-04:00,IdeState,Inactive,,*,-1,-1
2025-03-13T16:57:51.337-04:00,IdeState,Inactive,,*,-1,-1
2025-03-13T16:57:52.344-04:00,IdeState,Inactive,,*,-1,-1
2025-03-13T16:57:53.346-04:00,IdeState,Inactive,,*,-1,-1
2025-03-13T16:57:54.348-04:00,IdeState,Inactive,,*,-1,-1
2025-03-13T16:57:55.348-04:00,IdeState,Inactive,,*,-1,-1
2025-03-13T16:57:56.350-04:00,IdeState,Active,Editor,path_coverage.py,0,0
2025-03-13T16:57:57.491-04:00,IdeState,Active,Dialog,path_coverage.py,0,0
2025-03-13T17:42:39.009-04:00,IdeState,Inactive,,*,-1,-1
2025-03-13T17:42:40.181-04:00,IdeState,Inactive,,*,-1,-1
2025-03-13T17:42:41.213-04:00,IdeState,Inactive,,*,-1,-1
2025-03-13T17:42:43.431-04:00,IdeState,NoProject,,*,-1,-1
2025-03-13T17:42:44.624-04:00,IdeState,Active,Popup,*,-1,-1
2025-03-13T17:42:46.930-04:00,IdeState,Active,Popup,*,-1,-1
2025-03-13T17:42:48.194-04:00,IdeState,Active,Popup,*,-1,-1
2025-03-13T17:42:49.211-04:00,IdeState,Active,Editor,path_coverage.py,0,0
2025-03-13T17:42:50.392-04:00,IdeState,Active,Editor,path_coverage.py,0,0
2025-03-13T17:42:51.401-04:00,IdeState,Active,Editor,path_coverage.py,0,0
2025-03-13T17:42:52.403-04:00,IdeState,Active,Editor,path_coverage.py,0,0
2025-03-13T17:42:53.404-04:00,IdeState,Active,Editor,path_coverage.py,0,0
2025-03-13T17:42:54.406-04:00,IdeState,Active,Editor,path_coverage.py,0,0
2025-03-13T17:42:55.452-04:00,IdeState,Active,Editor,path_coverage.py,0,0
2025-03-13T17:42:56.453-04:00,IdeState,Active,Editor,path_coverage.py,0,0
2025-03-13T17:42:57.454-04:00,IdeState,Active,Editor,path_coverage.py,0,0
2025-03-13T17:42:58.456-04:00,IdeState,Active,Editor,path_coverage.py,0,0
2025-03-13T17:42:59.457-04:00,IdeState,Active,Editor,path_coverage.py,0,0
2025-03-13T17:43:00.489-04:00,IdeState,Active,Editor,path_coverage.py,0,0
2025-03-13T17:43:01.492-04:00,IdeState,Active,Editor,path_coverage.py,0,0
2025-03-13T17:43:02.493-04:00,IdeState,Active,Popup,path_coverage.py,0,0
2025-03-13T17:43:03.495-04:00,IdeState,Active,Popup,path_coverage.py,0,0
2025-03-13T17:43:04.059-04:00,Action,CloseProject,Editor,path_coverage.py,0,0
2025-03-13T17:43:04.503-04:00,IdeState,Active,Editor,path_coverage.py,0,0
2025-03-13T17:43:05.983-04:00,IdeState,NoProject,,*,-1,-1
2025-03-13T17:43:06.988-04:00,IdeState,NoProject,,*,-1,-1
2025-03-13T17:43:07.991-04:00,IdeState,NoProject,,*,-1,-1
2025-03-13T17:43:08.667-04:00,Action,WelcomeScreen.RemoveSelected,,*,-1,-1
2025-03-13T17:43:08.992-04:00,IdeState,NoProject,,*,-1,-1
2025-03-13T17:43:09.995-04:00,IdeState,NoProject,,*,-1,-1
2025-03-13T17:43:11.002-04:00,IdeState,NoProject,,*,-1,-1
2025-03-13T17:43:12.006-04:00,IdeState,NoProject,,*,-1,-1
2025-03-13T17:43:12.170-04:00,Action,WelcomeScreen.RemoveSelected,,*,-1,-1
2025-03-13T17:43:13.080-04:00,IdeState,NoProject,,*,-1,-1
2025-03-13T17:43:14.131-04:00,IdeState,NoProject,,*,-1,-1
2025-03-13T17:43:14.901-04:00,Action,WelcomeScreen.RemoveSelected,,*,-1,-1
2025-03-13T17:43:15.133-04:00,IdeState,NoProject,,*,-1,-1
2025-03-13T17:43:16.151-04:00,IdeState,NoProject,,*,-1,-1
2025-03-13T17:43:17.153-04:00,IdeState,NoProject,,*,-1,-1
2025-03-13T17:43:18.156-04:00,IdeState,Inactive,,*,-1,-1
2025-03-13T17:43:38.151-04:00,IdeState,NoProject,,*,-1,-1
2025-03-13T17:43:39.216-04:00,IdeState,NoProject,,*,-1,-1
2025-03-13T17:43:40.684-04:00,IdeState,NoProject,,*,-1,-1
2025-03-13T17:43:41.696-04:00,IdeState,NoProject,,*,-1,-1
2025-03-13T17:43:42.706-04:00,IdeState,NoProject,,*,-1,-1
2025-03-13T17:43:43.719-04:00,IdeState,NoProject,,*,-1,-1
2025-03-13T17:43:44.734-04:00,IdeState,Inactive,,*,-1,-1
2025-03-13T17:43:45.740-04:00,IdeState,NoProject,,*,-1,-1
2025-03-13T17:43:46.754-04:00,IdeState,NoProject,,*,-1,-1
2025-03-13T17:43:47.765-04:00,IdeState,NoProject,,*,-1,-1
2025-03-13T17:43:48.774-04:00,IdeState,NoProject,,*,-1,-1
2025-03-13T17:43:49.782-04:00,IdeState,NoProject,,*,-1,-1
2025-03-13T17:43:50.790-04:00,IdeState,Inactive,,*,-1,-1
2025-03-13T17:43:51.795-04:00,IdeState,NoProject,,*,-1,-1
2025-03-13T17:43:52.806-04:00,IdeState,NoProject,,*,-1,-1
2025-03-13T17:43:53.818-04:00,IdeState,NoProject,,*,-1,-1
2025-03-13T17:43:54.823-04:00,IdeState,Inactive,,*,-1,-1
2025-03-13T17:43:55.834-04:00,IdeState,NoProject,,*,-1,-1
2025-03-14T16:13:59.602-04:00,IdeState,NoProject,,*,-1,-1
2025-03-14T16:14:01.001-04:00,IdeState,Active,Popup,*,-1,-1
2025-03-14T16:14:02.427-04:00,IdeState,Active,Project,*,-1,-1
2025-03-14T16:14:03.431-04:00,IdeState,Active,Project,*,-1,-1
2025-03-14T16:14:04.438-04:00,IdeState,Active,Project,*,-1,-1
2025-03-14T16:14:05.454-04:00,IdeState,Active,Project,*,-1,-1
2025-03-14T16:14:06.470-04:00,IdeState,Active,Project,*,-1,-1
2025-03-14T16:14:07.651-04:00,IdeState,Active,Project,*,-1,-1
2025-03-14T16:14:08.660-04:00,IdeState,Active,Project,*,-1,-1
2025-03-14T16:14:09.671-04:00,IdeState,Active,Project,*,-1,-1
2025-03-14T16:14:10.685-04:00,IdeState,Active,Project,*,-1,-1
2025-03-14T16:14:11.695-04:00,IdeState,Active,Project,*,-1,-1
2025-03-14T16:14:12.711-04:00,IdeState,Active,Project,*,-1,-1
2025-03-14T16:14:13.727-04:00,IdeState,Active,Project,*,-1,-1
2025-03-14T16:14:14.734-04:00,IdeState,Active,Project,*,-1,-1
2025-03-14T16:14:15.765-04:00,IdeState,Active,tasktracker,*,-1,-1
2025-03-14T16:14:16.779-04:00,IdeState,Active,tasktracker,*,-1,-1
2025-03-14T16:14:17.783-04:00,IdeState,Active,tasktracker,*,-1,-1
2025-03-14T16:14:18.786-04:00,IdeState,Active,tasktracker,*,-1,-1
2025-03-14T16:14:19.787-04:00,IdeState,Inactive,,*,-1,-1
2025-03-14T16:14:21.179-04:00,IdeState,Active,Dialog,*,-1,-1
2025-03-14T16:14:22.180-04:00,IdeState,Active,Dialog,*,-1,-1
2025-03-14T16:14:23.183-04:00,IdeState,Active,Dialog,*,-1,-1
2025-03-14T16:14:24.184-04:00,IdeState,Active,tasktracker,*,-1,-1
2025-03-14T16:14:25.186-04:00,IdeState,Inactive,,*,-1,-1
2025-03-14T16:14:26.188-04:00,IdeState,Inactive,,*,-1,-1
2025-03-14T16:14:27.190-04:00,IdeState,Inactive,,*,-1,-1
2025-03-14T16:14:28.194-04:00,IdeState,Inactive,,*,-1,-1
2025-03-14T16:14:29.196-04:00,IdeState,Inactive,,*,-1,-1
2025-03-14T16:14:30.197-04:00,IdeState,Inactive,,*,-1,-1
2025-03-14T16:14:31.198-04:00,IdeState,Inactive,,*,-1,-1
2025-03-14T16:14:32.200-04:00,IdeState,Inactive,,*,-1,-1
2025-03-14T16:14:33.204-04:00,IdeState,Inactive,,*,-1,-1
2025-03-14T16:14:34.204-04:00,IdeState,Inactive,,*,-1,-1
2025-03-14T16:14:35.206-04:00,IdeState,Inactive,,*,-1,-1
2025-03-14T16:14:36.207-04:00,IdeState,Inactive,,*,-1,-1
2025-03-14T16:14:37.209-04:00,IdeState,Inactive,,*,-1,-1
2025-03-14T16:14:38.211-04:00,IdeState,Inactive,,*,-1,-1
2025-03-14T16:14:39.213-04:00,IdeState,Inactive,,*,-1,-1
2025-03-14T16:14:40.214-04:00,IdeState,Inactive,,*,-1,-1
2025-03-14T16:14:41.216-04:00,IdeState,Inactive,,*,-1,-1
2025-03-14T16:14:42.218-04:00,IdeState,Inactive,,*,-1,-1
2025-03-14T16:14:43.218-04:00,IdeState,Inactive,,*,-1,-1
2025-03-14T16:14:44.219-04:00,IdeState,Inactive,,*,-1,-1
2025-03-14T16:14:45.220-04:00,IdeState,Inactive,,*,-1,-1
2025-03-14T16:14:46.221-04:00,IdeState,Inactive,,*,-1,-1
2025-03-14T16:14:47.223-04:00,IdeState,Inactive,,*,-1,-1
2025-03-14T16:14:48.226-04:00,IdeState,Inactive,,*,-1,-1
2025-03-14T16:14:49.228-04:00,IdeState,Inactive,,*,-1,-1
2025-03-14T16:14:50.230-04:00,IdeState,Inactive,,*,-1,-1
2025-03-14T16:14:51.234-04:00,IdeState,Inactive,,*,-1,-1
2025-03-14T16:14:52.235-04:00,IdeState,Inactive,,*,-1,-1
2025-03-14T16:14:53.237-04:00,IdeState,Inactive,,*,-1,-1
2025-03-14T16:14:54.238-04:00,IdeState,Inactive,,*,-1,-1
2025-03-14T16:14:55.241-04:00,IdeState,Inactive,,*,-1,-1
2025-03-14T16:14:56.242-04:00,IdeState,Inactive,,*,-1,-1
2025-03-14T16:14:57.243-04:00,IdeState,Inactive,,*,-1,-1
2025-03-14T16:14:58.246-04:00,IdeState,Inactive,,*,-1,-1
2025-03-14T16:14:59.249-04:00,IdeState,Inactive,,*,-1,-1
2025-03-14T16:15:00.251-04:00,IdeState,Inactive,,*,-1,-1
2025-03-14T16:15:01.253-04:00,IdeState,Inactive,,*,-1,-1
2025-03-14T16:15:02.254-04:00,IdeState,Inactive,,*,-1,-1
2025-03-14T16:15:03.257-04:00,IdeState,Inactive,,*,-1,-1
2025-03-14T16:15:04.258-04:00,IdeState,Inactive,,*,-1,-1
2025-03-14T16:15:05.260-04:00,IdeState,Inactive,,*,-1,-1
2025-03-14T16:15:06.262-04:00,IdeState,Inactive,,*,-1,-1
2025-03-14T16:15:07.264-04:00,IdeState,Inactive,,*,-1,-1
2025-03-14T16:15:08.266-04:00,IdeState,Inactive,,*,-1,-1
2025-03-14T16:15:09.268-04:00,IdeState,Inactive,,*,-1,-1
2025-03-14T16:15:10.271-04:00,IdeState,Inactive,,*,-1,-1
2025-03-14T16:15:11.271-04:00,IdeState,Inactive,,*,-1,-1
2025-03-14T16:15:12.273-04:00,IdeState,Inactive,,*,-1,-1
2025-03-14T16:15:13.275-04:00,IdeState,Inactive,,*,-1,-1
2025-03-14T16:15:14.276-04:00,IdeState,Inactive,,*,-1,-1
2025-03-14T16:15:15.277-04:00,IdeState,Inactive,,*,-1,-1
2025-03-14T16:15:16.278-04:00,IdeState,Inactive,,*,-1,-1
2025-03-14T16:15:17.281-04:00,IdeState,Inactive,,*,-1,-1
2025-03-14T16:15:18.283-04:00,IdeState,Inactive,,*,-1,-1
2025-03-14T16:15:19.284-04:00,IdeState,Inactive,,*,-1,-1
2025-03-14T16:15:20.286-04:00,IdeState,Inactive,,*,-1,-1
2025-03-14T16:15:21.287-04:00,IdeState,Inactive,,*,-1,-1
2025-03-14T16:15:22.289-04:00,IdeState,Inactive,,*,-1,-1
2025-03-14T16:15:23.289-04:00,IdeState,Inactive,,*,-1,-1
2025-03-14T16:15:24.292-04:00,IdeState,Inactive,,*,-1,-1
2025-03-14T16:15:25.293-04:00,IdeState,Inactive,,*,-1,-1
2025-03-14T16:15:26.295-04:00,IdeState,Inactive,,*,-1,-1
2025-03-14T16:15:27.296-04:00,IdeState,Inactive,,*,-1,-1
2025-03-14T16:15:28.299-04:00,IdeState,Inactive,,*,-1,-1
2025-03-14T16:15:29.301-04:00,IdeState,Inactive,,*,-1,-1
2025-03-14T16:15:30.303-04:00,IdeState,Inactive,,*,-1,-1
2025-03-14T16:15:31.305-04:00,IdeState,Inactive,,*,-1,-1
2025-03-14T16:15:32.307-04:00,IdeState,Inactive,,*,-1,-1
2025-03-14T16:15:33.309-04:00,IdeState,Inactive,,*,-1,-1
2025-03-14T16:15:34.311-04:00,IdeState,Inactive,,*,-1,-1
2025-03-14T16:15:35.313-04:00,IdeState,Inactive,,*,-1,-1
2025-03-14T16:15:36.314-04:00,IdeState,Inactive,,*,-1,-1
2025-03-14T16:15:37.316-04:00,IdeState,Inactive,,*,-1,-1
2025-03-14T16:15:38.318-04:00,IdeState,Inactive,,*,-1,-1
2025-03-14T16:15:39.319-04:00,IdeState,Inactive,,*,-1,-1
2025-03-14T16:15:40.321-04:00,IdeState,Inactive,,*,-1,-1
2025-03-14T16:15:41.322-04:00,IdeState,Inactive,,*,-1,-1
2025-03-14T16:15:42.325-04:00,IdeState,Inactive,,*,-1,-1
2025-03-14T16:15:43.327-04:00,IdeState,Inactive,,*,-1,-1
2025-03-14T16:15:44.329-04:00,IdeState,Inactive,,*,-1,-1
2025-03-14T16:15:45.329-04:00,IdeState,Inactive,,*,-1,-1
2025-03-14T16:15:46.333-04:00,IdeState,Inactive,,*,-1,-1
2025-03-14T16:15:47.334-04:00,IdeState,Inactive,,*,-1,-1
2025-03-14T16:15:48.336-04:00,IdeState,Inactive,,*,-1,-1
2025-03-14T16:16:02.467-04:00,IdeState,NoProject,,*,-1,-1
2025-03-14T16:16:04.422-04:00,IdeState,Active,Popup,*,-1,-1
2025-03-14T16:16:05.510-04:00,IdeState,Active,Project,*,-1,-1
2025-03-14T16:16:06.524-04:00,IdeState,Active,Project,*,-1,-1
2025-03-14T16:16:07.545-04:00,IdeState,Active,Project,*,-1,-1
2025-03-14T16:16:08.547-04:00,IdeState,Active,Project,*,-1,-1
2025-03-14T16:16:09.548-04:00,IdeState,Active,Project,*,-1,-1
2025-03-14T16:16:10.551-04:00,IdeState,Active,Project,*,-1,-1
2025-03-14T16:16:11.554-04:00,IdeState,Active,Project,*,-1,-1
2025-03-14T16:16:12.557-04:00,IdeState,Active,Project,*,-1,-1
2025-03-14T16:16:13.559-04:00,IdeState,Active,Project,*,-1,-1
2025-03-14T16:16:14.560-04:00,IdeState,Active,Project,*,-1,-1
2025-03-14T16:16:15.561-04:00,IdeState,Active,Project,*,-1,-1
2025-03-14T16:16:16.564-04:00,IdeState,Active,Project,*,-1,-1
2025-03-14T16:16:17.567-04:00,IdeState,Active,Project,*,-1,-1
2025-03-14T16:16:18.570-04:00,IdeState,Active,Project,*,-1,-1
2025-03-14T16:16:19.572-04:00,IdeState,Inactive,,*,-1,-1
2025-03-14T16:16:20.574-04:00,IdeState,Inactive,,*,-1,-1
2025-03-14T16:16:21.575-04:00,IdeState,Inactive,,*,-1,-1
2025-03-14T16:16:22.577-04:00,IdeState,Inactive,,*,-1,-1
2025-03-14T16:16:23.579-04:00,IdeState,Inactive,,*,-1,-1
2025-03-14T16:16:24.581-04:00,IdeState,Inactive,,*,-1,-1
2025-03-14T16:16:25.583-04:00,IdeState,Inactive,,*,-1,-1
2025-03-14T16:16:26.584-04:00,IdeState,Inactive,,*,-1,-1
2025-03-14T16:16:27.589-04:00,IdeState,Active,Project,*,-1,-1
2025-03-14T16:16:28.589-04:00,IdeState,Active,Project,*,-1,-1
2025-03-14T16:16:29.595-04:00,IdeState,Active,Project,*,-1,-1
2025-03-14T16:16:30.597-04:00,IdeState,Inactive,,*,-1,-1
2025-03-14T16:16:31.598-04:00,IdeState,Inactive,,*,-1,-1
2025-03-14T16:16:32.600-04:00,IdeState,Inactive,,*,-1,-1
2025-03-14T16:16:33.601-04:00,IdeState,Inactive,,*,-1,-1
2025-03-14T16:16:34.603-04:00,IdeState,Inactive,,*,-1,-1
2025-03-14T16:16:35.604-04:00,IdeState,Inactive,,*,-1,-1
2025-03-14T16:16:36.606-04:00,IdeState,Inactive,,*,-1,-1
2025-03-14T16:16:37.607-04:00,IdeState,Inactive,,*,-1,-1
2025-03-14T16:16:38.608-04:00,IdeState,Inactive,,*,-1,-1
2025-03-14T16:16:39.609-04:00,IdeState,Inactive,,*,-1,-1
2025-03-14T16:16:40.610-04:00,IdeState,Inactive,,*,-1,-1
2025-03-14T16:16:41.612-04:00,IdeState,Inactive,,*,-1,-1
2025-03-14T16:16:42.613-04:00,IdeState,Inactive,,*,-1,-1
2025-03-14T16:16:43.615-04:00,IdeState,Inactive,,*,-1,-1
2025-03-14T16:16:44.616-04:00,IdeState,Inactive,,*,-1,-1
2025-03-14T16:16:45.619-04:00,IdeState,Inactive,,*,-1,-1
2025-03-14T16:16:46.620-04:00,IdeState,Inactive,,*,-1,-1
2025-03-14T16:16:47.622-04:00,IdeState,Inactive,,*,-1,-1
2025-03-14T16:16:48.624-04:00,IdeState,Inactive,,*,-1,-1
2025-03-14T16:16:49.624-04:00,IdeState,Inactive,,*,-1,-1
2025-03-14T16:16:50.626-04:00,IdeState,Inactive,,*,-1,-1
2025-03-14T16:16:51.628-04:00,IdeState,Inactive,,*,-1,-1
2025-03-14T16:16:52.630-04:00,IdeState,Inactive,,*,-1,-1
2025-03-14T16:16:53.632-04:00,IdeState,Inactive,,*,-1,-1
2025-03-14T16:16:54.634-04:00,IdeState,Inactive,,*,-1,-1
2025-03-14T16:16:55.635-04:00,IdeState,Inactive,,*,-1,-1
2025-03-14T16:16:56.636-04:00,IdeState,Inactive,,*,-1,-1
2025-03-14T16:16:57.639-04:00,IdeState,Inactive,,*,-1,-1
2025-03-14T16:16:58.640-04:00,IdeState,Inactive,,*,-1,-1
2025-03-14T16:16:59.641-04:00,IdeState,Inactive,,*,-1,-1
2025-03-14T16:17:00.642-04:00,IdeState,Inactive,,*,-1,-1
2025-03-14T16:17:01.644-04:00,IdeState,Inactive,,*,-1,-1
2025-03-14T16:17:02.645-04:00,IdeState,Inactive,,*,-1,-1
2025-03-14T16:17:03.646-04:00,IdeState,Inactive,,*,-1,-1
2025-03-14T16:17:04.648-04:00,IdeState,Inactive,,*,-1,-1
2025-03-14T16:17:05.650-04:00,IdeState,Inactive,,*,-1,-1
2025-03-14T16:17:06.652-04:00,IdeState,Inactive,,*,-1,-1
2025-03-14T16:17:07.653-04:00,IdeState,Inactive,,*,-1,-1
2025-03-14T16:17:08.654-04:00,IdeState,Inactive,,*,-1,-1
2025-03-14T16:17:09.655-04:00,IdeState,Inactive,,*,-1,-1
2025-03-14T16:17:10.657-04:00,IdeState,Inactive,,*,-1,-1
2025-03-14T16:17:11.659-04:00,IdeState,Inactive,,*,-1,-1
2025-03-14T16:17:12.661-04:00,IdeState,Inactive,,*,-1,-1
2025-03-14T16:17:13.663-04:00,IdeState,Inactive,,*,-1,-1
2025-03-14T16:17:14.665-04:00,IdeState,Inactive,,*,-1,-1
2025-03-14T16:17:15.667-04:00,IdeState,Inactive,,*,-1,-1
2025-03-14T16:17:16.667-04:00,IdeState,Inactive,,*,-1,-1
2025-03-14T16:17:17.670-04:00,IdeState,Inactive,,*,-1,-1
2025-03-14T16:17:18.672-04:00,IdeState,Inactive,,*,-1,-1
2025-03-14T16:17:19.674-04:00,IdeState,Inactive,,*,-1,-1
2025-03-14T16:17:20.675-04:00,IdeState,Inactive,,*,-1,-1
2025-03-14T16:17:21.676-04:00,IdeState,Inactive,,*,-1,-1
2025-03-14T16:17:22.678-04:00,IdeState,Inactive,,*,-1,-1
2025-03-14T16:17:23.680-04:00,IdeState,Inactive,,*,-1,-1
2025-03-14T16:17:24.681-04:00,IdeState,Inactive,,*,-1,-1
2025-03-14T16:17:25.683-04:00,IdeState,Inactive,,*,-1,-1
2025-03-14T16:17:26.684-04:00,IdeState,Inactive,,*,-1,-1
2025-03-14T16:17:27.686-04:00,IdeState,Inactive,,*,-1,-1
2025-03-14T16:17:28.688-04:00,IdeState,Inactive,,*,-1,-1
2025-03-14T16:17:29.689-04:00,IdeState,Inactive,,*,-1,-1
2025-03-14T16:17:30.690-04:00,IdeState,Inactive,,*,-1,-1
2025-03-14T16:17:31.692-04:00,IdeState,Inactive,,*,-1,-1
2025-03-14T16:17:32.693-04:00,IdeState,Inactive,,*,-1,-1
2025-03-14T16:17:33.694-04:00,IdeState,Inactive,,*,-1,-1
2025-03-14T16:17:34.696-04:00,IdeState,Inactive,,*,-1,-1
2025-03-14T16:17:35.697-04:00,IdeState,Inactive,,*,-1,-1
2025-03-14T16:17:36.698-04:00,IdeState,Inactive,,*,-1,-1
2025-03-14T16:17:37.702-04:00,IdeState,Inactive,,*,-1,-1
2025-03-14T16:17:38.705-04:00,IdeState,Inactive,,*,-1,-1
2025-03-14T16:17:39.706-04:00,IdeState,Inactive,,*,-1,-1
2025-03-14T16:17:40.709-04:00,IdeState,Inactive,,*,-1,-1
2025-03-14T16:17:41.710-04:00,IdeState,Inactive,,*,-1,-1
2025-03-14T16:17:42.712-04:00,IdeState,Inactive,,*,-1,-1
2025-03-14T16:17:43.714-04:00,IdeState,Inactive,,*,-1,-1
2025-03-14T16:17:44.716-04:00,IdeState,Inactive,,*,-1,-1
2025-03-14T16:17:45.718-04:00,IdeState,Inactive,,*,-1,-1
2025-03-14T16:17:46.718-04:00,IdeState,Inactive,,*,-1,-1
2025-03-14T16:17:47.720-04:00,IdeState,Inactive,,*,-1,-1
2025-03-14T16:17:48.721-04:00,IdeState,Inactive,,*,-1,-1
2025-03-14T16:17:49.723-04:00,IdeState,Inactive,,*,-1,-1
2025-03-14T16:17:50.724-04:00,IdeState,Inactive,,*,-1,-1
2025-03-14T16:17:51.725-04:00,IdeState,Inactive,,*,-1,-1
2025-03-14T16:17:52.728-04:00,IdeState,Inactive,,*,-1,-1
2025-03-14T16:17:53.730-04:00,IdeState,Inactive,,*,-1,-1
2025-03-14T16:17:54.732-04:00,IdeState,Inactive,,*,-1,-1
2025-03-14T16:17:55.732-04:00,IdeState,Inactive,,*,-1,-1
2025-03-14T16:17:56.735-04:00,IdeState,Inactive,,*,-1,-1
2025-03-14T16:17:57.737-04:00,IdeState,Inactive,,*,-1,-1
2025-03-14T16:17:58.739-04:00,IdeState,Inactive,,*,-1,-1
2025-03-14T16:17:59.740-04:00,IdeState,Inactive,,*,-1,-1
2025-03-14T16:18:00.742-04:00,IdeState,Inactive,,*,-1,-1
2025-03-14T16:18:01.743-04:00,IdeState,Inactive,,*,-1,-1
2025-03-14T16:18:02.744-04:00,IdeState,Inactive,,*,-1,-1
2025-03-14T16:18:03.745-04:00,IdeState,Inactive,,*,-1,-1
2025-03-14T16:18:04.754-04:00,IdeState,Inactive,,*,-1,-1
2025-03-14T16:18:05.756-04:00,IdeState,Inactive,,*,-1,-1
2025-03-14T16:18:06.758-04:00,IdeState,Inactive,,*,-1,-1
2025-03-14T16:18:07.758-04:00,IdeState,Inactive,,*,-1,-1
2025-03-14T16:18:08.760-04:00,IdeState,Inactive,,*,-1,-1
2025-03-14T16:18:09.762-04:00,IdeState,Inactive,,*,-1,-1
2025-03-14T16:18:10.763-04:00,IdeState,Inactive,,*,-1,-1
2025-03-14T16:18:11.766-04:00,IdeState,Inactive,,*,-1,-1
2025-03-14T16:18:12.767-04:00,IdeState,Inactive,,*,-1,-1
2025-03-14T16:18:13.770-04:00,IdeState,Inactive,,*,-1,-1
2025-03-14T16:18:14.771-04:00,IdeState,Inactive,,*,-1,-1
2025-03-14T16:18:15.772-04:00,IdeState,Inactive,,*,-1,-1
2025-03-14T16:18:16.773-04:00,IdeState,Inactive,,*,-1,-1
2025-03-14T16:18:17.775-04:00,IdeState,Inactive,,*,-1,-1
2025-03-14T16:18:18.776-04:00,IdeState,Inactive,,*,-1,-1
2025-03-14T16:18:19.777-04:00,IdeState,Inactive,,*,-1,-1
2025-03-14T16:18:20.778-04:00,IdeState,Inactive,,*,-1,-1
2025-03-14T16:18:21.779-04:00,IdeState,Inactive,,*,-1,-1
2025-03-14T16:18:22.780-04:00,IdeState,Inactive,,*,-1,-1
2025-03-14T16:18:23.781-04:00,IdeState,Inactive,,*,-1,-1
2025-03-14T16:18:24.784-04:00,IdeState,Inactive,,*,-1,-1
2025-03-14T16:18:25.786-04:00,IdeState,Inactive,,*,-1,-1
2025-03-14T16:18:26.787-04:00,IdeState,Inactive,,*,-1,-1
2025-03-14T16:18:27.790-04:00,IdeState,Inactive,,*,-1,-1
2025-03-14T16:18:28.791-04:00,IdeState,Inactive,,*,-1,-1
2025-03-14T16:18:29.792-04:00,IdeState,Inactive,,*,-1,-1
2025-03-14T16:18:30.792-04:00,IdeState,Inactive,,*,-1,-1
2025-03-14T16:18:31.793-04:00,IdeState,Inactive,,*,-1,-1
2025-03-14T16:18:32.796-04:00,IdeState,Inactive,,*,-1,-1
2025-03-14T16:18:33.799-04:00,IdeState,Inactive,,*,-1,-1
2025-03-14T16:18:34.800-04:00,IdeState,Inactive,,*,-1,-1
2025-03-14T16:18:35.802-04:00,IdeState,Inactive,,*,-1,-1
2025-03-14T16:18:36.802-04:00,IdeState,Inactive,,*,-1,-1
2025-03-14T16:18:37.805-04:00,IdeState,Inactive,,*,-1,-1
2025-03-14T16:18:38.807-04:00,IdeState,Inactive,,*,-1,-1
2025-03-14T16:18:39.807-04:00,IdeState,Inactive,,*,-1,-1
2025-03-14T16:18:40.809-04:00,IdeState,Inactive,,*,-1,-1
2025-03-14T16:18:41.812-04:00,IdeState,Inactive,,*,-1,-1
2025-03-14T16:18:42.813-04:00,IdeState,Inactive,,*,-1,-1
2025-03-14T16:18:43.816-04:00,IdeState,Inactive,,*,-1,-1
2025-03-14T16:18:44.817-04:00,IdeState,Inactive,,*,-1,-1
2025-03-14T16:18:45.820-04:00,IdeState,Inactive,,*,-1,-1
2025-03-14T16:18:46.822-04:00,IdeState,Inactive,,*,-1,-1
2025-03-14T16:18:47.824-04:00,IdeState,Inactive,,*,-1,-1
2025-03-14T16:18:48.826-04:00,IdeState,Inactive,,*,-1,-1
2025-03-14T16:18:49.827-04:00,IdeState,Inactive,,*,-1,-1
2025-03-14T16:18:50.828-04:00,IdeState,Inactive,,*,-1,-1
2025-03-14T16:18:51.829-04:00,IdeState,Inactive,,*,-1,-1
2025-03-14T16:18:52.830-04:00,IdeState,Inactive,,*,-1,-1
2025-03-14T16:18:53.832-04:00,IdeState,Inactive,,*,-1,-1
2025-03-14T16:18:54.833-04:00,IdeState,Inactive,,*,-1,-1
2025-03-14T16:18:55.834-04:00,IdeState,Inactive,,*,-1,-1
2025-03-14T16:18:56.835-04:00,IdeState,Inactive,,*,-1,-1
2025-03-14T16:18:57.836-04:00,IdeState,Inactive,,*,-1,-1
2025-03-14T16:18:58.837-04:00,IdeState,Inactive,,*,-1,-1
2025-03-14T16:18:59.839-04:00,IdeState,Inactive,,*,-1,-1
2025-03-14T16:19:00.842-04:00,IdeState,Inactive,,*,-1,-1
2025-03-14T16:19:01.843-04:00,IdeState,Inactive,,*,-1,-1
2025-03-14T16:19:02.845-04:00,IdeState,Inactive,,*,-1,-1
2025-03-14T16:19:03.847-04:00,IdeState,Inactive,,*,-1,-1
2025-03-14T16:19:04.848-04:00,IdeState,Inactive,,*,-1,-1
2025-03-14T16:19:05.851-04:00,IdeState,Inactive,,*,-1,-1
2025-03-14T16:19:06.852-04:00,IdeState,Inactive,,*,-1,-1
2025-03-14T16:19:07.855-04:00,IdeState,Inactive,,*,-1,-1
2025-03-14T16:19:08.856-04:00,IdeState,Inactive,,*,-1,-1
2025-03-14T16:19:09.859-04:00,IdeState,Inactive,,*,-1,-1
2025-03-14T16:19:10.862-04:00,IdeState,Inactive,,*,-1,-1
2025-03-14T16:19:11.865-04:00,IdeState,Inactive,,*,-1,-1
2025-03-14T16:19:12.867-04:00,IdeState,Inactive,,*,-1,-1
2025-03-14T16:19:13.869-04:00,IdeState,Inactive,,*,-1,-1
2025-03-14T16:19:14.870-04:00,IdeState,Inactive,,*,-1,-1
2025-03-14T16:19:15.873-04:00,IdeState,Inactive,,*,-1,-1
2025-03-14T16:19:16.873-04:00,IdeState,Inactive,,*,-1,-1
2025-03-14T16:19:17.874-04:00,IdeState,Inactive,,*,-1,-1
2025-03-14T16:19:18.876-04:00,IdeState,Inactive,,*,-1,-1
2025-03-14T16:19:19.877-04:00,IdeState,Inactive,,*,-1,-1
2025-03-14T16:19:20.878-04:00,IdeState,Inactive,,*,-1,-1
2025-03-14T16:19:21.879-04:00,IdeState,Inactive,,*,-1,-1
2025-03-14T16:19:22.881-04:00,IdeState,Inactive,,*,-1,-1
2025-03-14T16:19:23.882-04:00,IdeState,Inactive,,*,-1,-1
2025-03-14T16:19:24.884-04:00,IdeState,Inactive,,*,-1,-1
2025-03-14T16:19:25.886-04:00,IdeState,Inactive,,*,-1,-1
2025-03-14T16:19:26.889-04:00,IdeState,Inactive,,*,-1,-1
2025-03-14T16:19:27.891-04:00,IdeState,Inactive,,*,-1,-1
2025-03-14T16:19:28.892-04:00,IdeState,Inactive,,*,-1,-1
2025-03-14T16:19:29.895-04:00,IdeState,Inactive,,*,-1,-1
2025-03-14T16:19:30.896-04:00,IdeState,Inactive,,*,-1,-1
2025-03-14T16:19:31.897-04:00,IdeState,Inactive,,*,-1,-1
2025-03-14T16:19:32.898-04:00,IdeState,Inactive,,*,-1,-1
2025-03-14T16:19:33.936-04:00,IdeState,Active,Project,*,-1,-1
2025-03-14T16:19:34.937-04:00,IdeState,Active,Database,*,-1,-1
2025-03-14T16:19:35.938-04:00,IdeState,Active,Database,*,-1,-1
2025-03-14T16:19:36.940-04:00,IdeState,Inactive,,*,-1,-1
2025-03-14T16:19:37.941-04:00,IdeState,Inactive,,*,-1,-1
2025-03-14T16:19:38.944-04:00,IdeState,Inactive,,*,-1,-1
2025-03-14T16:19:39.945-04:00,IdeState,Inactive,,*,-1,-1
2025-03-14T16:19:40.948-04:00,IdeState,Inactive,,*,-1,-1
2025-03-14T16:19:41.949-04:00,IdeState,Active,Database,*,-1,-1
2025-03-14T16:19:42.951-04:00,IdeState,Inactive,,*,-1,-1
2025-03-14T16:19:43.953-04:00,IdeState,Inactive,,*,-1,-1
2025-03-14T16:19:44.955-04:00,IdeState,Inactive,,*,-1,-1
2025-03-14T16:19:45.956-04:00,IdeState,Inactive,,*,-1,-1
2025-03-14T16:19:46.958-04:00,IdeState,Inactive,,*,-1,-1
2025-03-14T16:19:47.959-04:00,IdeState,Inactive,,*,-1,-1
2025-03-14T16:19:48.961-04:00,IdeState,Inactive,,*,-1,-1
2025-03-14T16:19:49.963-04:00,IdeState,Inactive,,*,-1,-1
2025-03-14T16:19:50.965-04:00,IdeState,Inactive,,*,-1,-1
2025-03-14T16:19:51.966-04:00,IdeState,Inactive,,*,-1,-1
2025-03-14T16:19:52.967-04:00,IdeState,Inactive,,*,-1,-1
2025-03-14T16:19:53.970-04:00,IdeState,Inactive,,*,-1,-1
2025-03-14T16:19:54.972-04:00,IdeState,Inactive,,*,-1,-1
2025-03-14T16:19:55.974-04:00,IdeState,Inactive,,*,-1,-1
2025-03-14T16:19:56.977-04:00,IdeState,Inactive,,*,-1,-1
2025-03-14T16:19:57.978-04:00,IdeState,Inactive,,*,-1,-1
2025-03-14T16:19:58.979-04:00,IdeState,Inactive,,*,-1,-1
2025-03-14T16:19:59.981-04:00,IdeState,Inactive,,*,-1,-1
2025-03-14T16:20:00.989-04:00,IdeState,Inactive,,*,-1,-1
2025-03-14T16:20:01.991-04:00,IdeState,Inactive,,*,-1,-1
2025-03-14T16:20:02.991-04:00,IdeState,Inactive,,*,-1,-1
2025-03-14T16:20:03.994-04:00,IdeState,Inactive,,*,-1,-1
2025-03-14T16:20:04.996-04:00,IdeState,Inactive,,*,-1,-1
2025-03-14T16:20:05.997-04:00,IdeState,Inactive,,*,-1,-1
2025-03-14T16:20:07.000-04:00,IdeState,Inactive,,*,-1,-1
2025-03-14T16:20:08.002-04:00,IdeState,Inactive,,*,-1,-1
2025-03-14T16:20:09.003-04:00,IdeState,Inactive,,*,-1,-1
2025-03-14T16:20:10.004-04:00,IdeState,Inactive,,*,-1,-1
2025-03-14T16:20:11.005-04:00,IdeState,Inactive,,*,-1,-1
2025-03-14T16:20:12.009-04:00,IdeState,Inactive,,*,-1,-1
2025-03-14T16:20:13.010-04:00,IdeState,Inactive,,*,-1,-1
2025-03-14T16:20:14.011-04:00,IdeState,Inactive,,*,-1,-1
2025-03-14T16:20:15.012-04:00,IdeState,Inactive,,*,-1,-1
2025-03-14T16:20:16.013-04:00,IdeState,Inactive,,*,-1,-1
2025-03-14T16:20:17.016-04:00,IdeState,Inactive,,*,-1,-1
2025-03-14T16:20:18.017-04:00,IdeState,Inactive,,*,-1,-1
2025-03-14T16:20:19.018-04:00,IdeState,Inactive,,*,-1,-1
2025-03-14T16:20:20.020-04:00,IdeState,Inactive,,*,-1,-1
2025-03-14T16:20:21.022-04:00,IdeState,Inactive,,*,-1,-1
2025-03-14T16:20:22.022-04:00,IdeState,Inactive,,*,-1,-1
2025-03-14T16:20:23.023-04:00,IdeState,Inactive,,*,-1,-1
2025-03-14T16:20:24.024-04:00,IdeState,Inactive,,*,-1,-1
2025-03-14T16:20:25.026-04:00,IdeState,Inactive,,*,-1,-1
2025-03-14T16:20:26.026-04:00,IdeState,Inactive,,*,-1,-1
2025-03-14T16:20:27.028-04:00,IdeState,Active,tasktracker,*,-1,-1
2025-03-14T16:20:28.029-04:00,IdeState,Active,tasktracker,*,-1,-1
2025-03-14T16:20:29.031-04:00,IdeState,Inactive,,*,-1,-1
2025-03-14T16:20:30.033-04:00,IdeState,Inactive,,*,-1,-1
2025-03-14T16:20:31.035-04:00,IdeState,Inactive,,*,-1,-1
2025-03-14T16:20:32.036-04:00,IdeState,Inactive,,*,-1,-1
2025-03-14T16:20:33.038-04:00,IdeState,Inactive,,*,-1,-1
2025-03-14T16:20:34.039-04:00,IdeState,Inactive,,*,-1,-1
2025-03-14T16:20:35.040-04:00,IdeState,Inactive,,*,-1,-1
2025-03-14T16:20:36.041-04:00,IdeState,Inactive,,*,-1,-1
2025-03-14T16:20:37.041-04:00,IdeState,Inactive,,*,-1,-1
2025-03-14T16:20:38.044-04:00,IdeState,Inactive,,*,-1,-1
2025-03-14T16:20:39.044-04:00,IdeState,Inactive,,*,-1,-1
2025-03-14T16:20:40.045-04:00,IdeState,Inactive,,*,-1,-1
2025-03-14T16:20:41.047-04:00,IdeState,Inactive,,*,-1,-1
2025-03-14T16:20:42.048-04:00,IdeState,Inactive,,*,-1,-1
2025-03-14T16:20:43.049-04:00,IdeState,Inactive,,*,-1,-1
2025-03-14T16:20:44.050-04:00,IdeState,Inactive,,*,-1,-1
2025-03-14T16:20:45.051-04:00,IdeState,Inactive,,*,-1,-1
2025-03-14T16:20:46.053-04:00,IdeState,Inactive,,*,-1,-1
2025-03-14T16:20:47.055-04:00,IdeState,Inactive,,*,-1,-1
2025-03-14T16:20:48.057-04:00,IdeState,Inactive,,*,-1,-1
2025-03-14T16:20:49.058-04:00,IdeState,Inactive,,*,-1,-1
2025-03-14T16:20:50.061-04:00,IdeState,Inactive,,*,-1,-1
2025-03-14T16:20:51.062-04:00,IdeState,Inactive,,*,-1,-1
2025-03-14T16:20:52.064-04:00,IdeState,Inactive,,*,-1,-1
2025-03-14T16:20:53.064-04:00,IdeState,Inactive,,*,-1,-1
2025-03-14T16:20:54.067-04:00,IdeState,Inactive,,*,-1,-1
2025-03-14T16:20:55.067-04:00,IdeState,Inactive,,*,-1,-1
2025-03-14T16:20:56.068-04:00,IdeState,Inactive,,*,-1,-1
2025-03-14T16:20:57.069-04:00,IdeState,Inactive,,*,-1,-1
2025-03-14T16:20:58.072-04:00,IdeState,Inactive,,*,-1,-1
2025-03-14T16:20:59.074-04:00,IdeState,Inactive,,*,-1,-1
2025-03-14T16:21:00.075-04:00,IdeState,Inactive,,*,-1,-1
2025-03-14T16:21:01.076-04:00,IdeState,Inactive,,*,-1,-1
2025-03-14T16:21:02.078-04:00,IdeState,Inactive,,*,-1,-1
2025-03-14T16:21:03.080-04:00,IdeState,Inactive,,*,-1,-1
2025-03-14T16:21:04.081-04:00,IdeState,Inactive,,*,-1,-1
2025-03-14T16:21:05.082-04:00,IdeState,Inactive,,*,-1,-1
2025-03-14T16:21:06.082-04:00,IdeState,Inactive,,*,-1,-1
2025-03-14T16:21:07.084-04:00,IdeState,Inactive,,*,-1,-1
2025-03-14T16:21:08.085-04:00,IdeState,Inactive,,*,-1,-1
2025-03-14T16:21:09.087-04:00,IdeState,Inactive,,*,-1,-1
2025-03-14T16:21:10.088-04:00,IdeState,Inactive,,*,-1,-1
2025-03-14T16:21:11.090-04:00,IdeState,Inactive,,*,-1,-1
2025-03-14T16:21:12.091-04:00,IdeState,Inactive,,*,-1,-1
2025-03-14T16:21:13.093-04:00,IdeState,Inactive,,*,-1,-1
2025-03-14T16:21:14.096-04:00,IdeState,Inactive,,*,-1,-1
2025-03-14T16:21:15.097-04:00,IdeState,Inactive,,*,-1,-1
2025-03-14T16:21:16.099-04:00,IdeState,Inactive,,*,-1,-1
2025-03-14T16:21:17.099-04:00,IdeState,Inactive,,*,-1,-1
2025-03-14T16:21:18.100-04:00,IdeState,Inactive,,*,-1,-1
2025-03-14T16:21:19.102-04:00,IdeState,Inactive,,*,-1,-1
2025-03-14T16:21:20.104-04:00,IdeState,Inactive,,*,-1,-1
2025-03-14T16:21:21.107-04:00,IdeState,Inactive,,*,-1,-1
2025-03-14T16:21:22.108-04:00,IdeState,Inactive,,*,-1,-1
2025-03-14T16:21:23.108-04:00,IdeState,Inactive,,*,-1,-1
2025-03-14T16:21:24.111-04:00,IdeState,Inactive,,*,-1,-1
2025-03-14T16:21:25.111-04:00,IdeState,Inactive,,*,-1,-1
2025-03-14T16:21:26.112-04:00,IdeState,Inactive,,*,-1,-1
2025-03-14T16:21:27.113-04:00,IdeState,Inactive,,*,-1,-1
2025-03-14T16:21:28.116-04:00,IdeState,Inactive,,*,-1,-1
2025-03-14T16:21:29.118-04:00,IdeState,Inactive,,*,-1,-1
2025-03-14T16:21:30.119-04:00,IdeState,Inactive,,*,-1,-1
2025-03-14T16:21:31.120-04:00,IdeState,Inactive,,*,-1,-1
2025-03-14T16:21:32.121-04:00,IdeState,Inactive,,*,-1,-1
2025-03-14T16:21:33.123-04:00,IdeState,Inactive,,*,-1,-1
2025-03-14T16:21:34.124-04:00,IdeState,Inactive,,*,-1,-1
2025-03-14T16:21:35.125-04:00,IdeState,Inactive,,*,-1,-1
2025-03-14T16:21:36.127-04:00,IdeState,Inactive,,*,-1,-1
2025-03-14T16:21:37.128-04:00,IdeState,Inactive,,*,-1,-1
2025-03-14T16:21:38.129-04:00,IdeState,Inactive,,*,-1,-1
2025-03-14T16:21:39.131-04:00,IdeState,Inactive,,*,-1,-1
2025-03-14T16:21:40.132-04:00,IdeState,Inactive,,*,-1,-1
2025-03-14T16:21:41.135-04:00,IdeState,Inactive,,*,-1,-1
2025-03-14T16:21:42.136-04:00,IdeState,Inactive,,*,-1,-1
2025-03-14T16:21:43.136-04:00,IdeState,Inactive,,*,-1,-1
2025-03-14T16:21:44.137-04:00,IdeState,Inactive,,*,-1,-1
2025-03-14T16:21:45.140-04:00,IdeState,Inactive,,*,-1,-1
2025-03-14T16:21:46.141-04:00,IdeState,Inactive,,*,-1,-1
2025-03-14T16:21:47.143-04:00,IdeState,Inactive,,*,-1,-1
2025-03-14T16:21:48.145-04:00,IdeState,Inactive,,*,-1,-1
2025-03-14T16:21:49.146-04:00,IdeState,Inactive,,*,-1,-1
2025-03-14T16:21:50.148-04:00,IdeState,Inactive,,*,-1,-1
2025-03-14T16:21:51.149-04:00,IdeState,Inactive,,*,-1,-1
2025-03-14T16:21:52.150-04:00,IdeState,Inactive,,*,-1,-1
2025-03-14T16:21:53.152-04:00,IdeState,Inactive,,*,-1,-1
2025-03-14T16:21:54.153-04:00,IdeState,Inactive,,*,-1,-1
2025-03-14T16:21:55.154-04:00,IdeState,Inactive,,*,-1,-1
2025-03-14T16:21:56.157-04:00,IdeState,Inactive,,*,-1,-1
2025-03-14T16:21:57.158-04:00,IdeState,Inactive,,*,-1,-1
2025-03-14T16:21:58.160-04:00,IdeState,Inactive,,*,-1,-1
2025-03-14T16:21:59.160-04:00,IdeState,Inactive,,*,-1,-1
2025-03-14T16:22:00.163-04:00,IdeState,Inactive,,*,-1,-1
2025-03-14T16:22:01.165-04:00,IdeState,Inactive,,*,-1,-1
2025-03-14T16:22:02.166-04:00,IdeState,Inactive,,*,-1,-1
2025-03-14T16:22:03.169-04:00,IdeState,Inactive,,*,-1,-1
2025-03-14T16:22:04.171-04:00,IdeState,Inactive,,*,-1,-1
2025-03-14T16:22:05.173-04:00,IdeState,Inactive,,*,-1,-1
2025-03-14T16:22:06.173-04:00,IdeState,Inactive,,*,-1,-1
2025-03-14T16:22:07.175-04:00,IdeState,Inactive,,*,-1,-1
2025-03-14T16:22:08.177-04:00,IdeState,Inactive,,*,-1,-1
2025-03-14T16:22:09.178-04:00,IdeState,Inactive,,*,-1,-1
2025-03-14T16:22:10.181-04:00,IdeState,Inactive,,*,-1,-1
2025-03-14T16:22:11.184-04:00,IdeState,Inactive,,*,-1,-1
2025-03-14T16:22:12.187-04:00,IdeState,Inactive,,*,-1,-1
2025-03-14T16:22:13.187-04:00,IdeState,Inactive,,*,-1,-1
2025-03-14T16:22:14.189-04:00,IdeState,Inactive,,*,-1,-1
2025-03-14T16:22:15.190-04:00,IdeState,Inactive,,*,-1,-1
2025-03-14T16:22:16.192-04:00,IdeState,Inactive,,*,-1,-1
2025-03-14T16:22:17.195-04:00,IdeState,Inactive,,*,-1,-1
2025-03-14T16:22:18.196-04:00,IdeState,Inactive,,*,-1,-1
2025-03-14T16:22:19.198-04:00,IdeState,Inactive,,*,-1,-1
2025-03-14T16:22:20.201-04:00,IdeState,Inactive,,*,-1,-1
2025-03-14T16:22:21.203-04:00,IdeState,Inactive,,*,-1,-1
2025-03-14T16:22:22.205-04:00,IdeState,Inactive,,*,-1,-1
2025-03-14T16:22:23.207-04:00,IdeState,Inactive,,*,-1,-1
2025-03-14T16:22:24.209-04:00,IdeState,Inactive,,*,-1,-1
2025-03-14T16:22:25.210-04:00,IdeState,Inactive,,*,-1,-1
2025-03-14T16:22:26.213-04:00,IdeState,Inactive,,*,-1,-1
2025-03-14T16:22:27.214-04:00,IdeState,Inactive,,*,-1,-1
2025-03-14T16:22:28.216-04:00,IdeState,Inactive,,*,-1,-1
2025-03-14T16:22:29.218-04:00,IdeState,Inactive,,*,-1,-1
2025-03-14T16:22:30.220-04:00,IdeState,Inactive,,*,-1,-1
2025-03-14T16:22:31.221-04:00,IdeState,Inactive,,*,-1,-1
2025-03-14T16:22:32.223-04:00,IdeState,Inactive,,*,-1,-1
2025-03-14T16:22:33.225-04:00,IdeState,Inactive,,*,-1,-1
2025-03-14T16:22:34.225-04:00,IdeState,Inactive,,*,-1,-1
2025-03-14T16:22:35.227-04:00,IdeState,Inactive,,*,-1,-1
2025-03-14T16:22:36.228-04:00,IdeState,Inactive,,*,-1,-1
2025-03-14T16:22:37.230-04:00,IdeState,Inactive,,*,-1,-1
2025-03-14T16:22:38.230-04:00,IdeState,Active,tasktracker,*,-1,-1
2025-03-14T16:22:39.233-04:00,IdeState,Active,tasktracker,*,-1,-1
2025-03-14T16:22:40.235-04:00,IdeState,Active,tasktracker,*,-1,-1
2025-03-14T16:22:41.513-04:00,IdeState,Active,Project,*,-1,-1
2025-03-14T16:22:42.514-04:00,IdeState,Active,Project,*,-1,-1
2025-03-14T16:22:43.515-04:00,IdeState,Active,Project,*,-1,-1
2025-03-14T16:22:44.517-04:00,IdeState,Active,Project,*,-1,-1
2025-03-14T16:22:45.518-04:00,IdeState,Active,Project,*,-1,-1
2025-03-14T16:22:46.519-04:00,IdeState,Active,Project,*,-1,-1
2025-03-14T16:22:47.520-04:00,IdeState,Active,Project,*,-1,-1
2025-03-14T16:22:48.521-04:00,IdeState,Active,Project,*,-1,-1
2025-03-14T16:22:49.522-04:00,IdeState,Active,Project,*,-1,-1
2025-03-14T16:22:50.523-04:00,IdeState,Active,Project,*,-1,-1
2025-03-14T16:22:51.526-04:00,IdeState,Active,Project,*,-1,-1
2025-03-14T16:22:52.527-04:00,IdeState,Active,Project,*,-1,-1
2025-03-14T16:22:53.530-04:00,IdeState,Active,Project,*,-1,-1
2025-03-14T16:22:54.530-04:00,IdeState,Active,Project,*,-1,-1
2025-03-14T16:22:55.531-04:00,IdeState,Active,Project,*,-1,-1
2025-03-14T16:22:56.534-04:00,IdeState,Active,Project,*,-1,-1
2025-03-14T16:22:57.535-04:00,IdeState,Active,Project,*,-1,-1
2025-03-14T16:22:58.536-04:00,IdeState,Active,Project,*,-1,-1
2025-03-14T16:22:59.537-04:00,IdeState,Active,Project,*,-1,-1
2025-03-14T16:23:00.538-04:00,IdeState,Active,Project,*,-1,-1
2025-03-14T16:23:01.539-04:00,IdeState,Active,Project,*,-1,-1
2025-03-14T16:23:02.540-04:00,IdeState,Active,Project,*,-1,-1
2025-03-14T16:23:03.541-04:00,IdeState,Active,Project,*,-1,-1
2025-03-14T16:23:04.542-04:00,IdeState,Active,Project,*,-1,-1
2025-03-14T16:23:05.544-04:00,IdeState,Active,Project,*,-1,-1
2025-03-14T16:23:06.545-04:00,IdeState,Active,Project,*,-1,-1
2025-03-14T16:23:07.548-04:00,IdeState,Active,Project,*,-1,-1
2025-03-14T16:23:08.549-04:00,IdeState,Active,Project,*,-1,-1
2025-03-14T16:23:09.551-04:00,IdeState,Active,Project,*,-1,-1
2025-03-14T16:23:10.554-04:00,IdeState,Active,Project,*,-1,-1
2025-03-14T16:23:11.555-04:00,IdeState,Active,Project,*,-1,-1
2025-03-14T16:23:12.556-04:00,IdeState,Active,Project,*,-1,-1
2025-03-14T16:23:13.557-04:00,IdeState,Active,Project,*,-1,-1
2025-03-14T16:23:14.559-04:00,IdeState,Active,Project,*,-1,-1
2025-03-14T16:23:15.560-04:00,IdeState,Active,Project,*,-1,-1
2025-03-14T16:23:16.562-04:00,IdeState,Active,Project,*,-1,-1
2025-03-14T16:23:17.563-04:00,IdeState,Active,Project,*,-1,-1
2025-03-14T16:23:18.564-04:00,IdeState,Inactive,,*,-1,-1
2025-03-14T16:23:19.565-04:00,IdeState,Inactive,,*,-1,-1
2025-03-14T16:23:20.566-04:00,IdeState,Inactive,,*,-1,-1
2025-03-14T16:23:21.568-04:00,IdeState,Inactive,,*,-1,-1
2025-03-14T16:23:22.569-04:00,IdeState,Inactive,,*,-1,-1
2025-03-14T16:23:23.575-04:00,IdeState,Inactive,,*,-1,-1
2025-03-14T16:23:24.578-04:00,IdeState,Inactive,,*,-1,-1
2025-03-14T16:23:25.580-04:00,IdeState,Inactive,,*,-1,-1
2025-03-14T16:23:26.581-04:00,IdeState,Inactive,,*,-1,-1
2025-03-14T16:23:27.581-04:00,IdeState,Inactive,,*,-1,-1
2025-03-14T16:23:28.586-04:00,IdeState,Inactive,,*,-1,-1
2025-03-14T16:23:29.592-04:00,IdeState,Inactive,,*,-1,-1
2025-03-14T16:23:30.595-04:00,IdeState,Inactive,,*,-1,-1
2025-03-14T16:23:31.596-04:00,IdeState,Inactive,,*,-1,-1
2025-03-14T16:23:32.607-04:00,IdeState,Inactive,,*,-1,-1
2025-03-14T16:23:33.615-04:00,IdeState,Inactive,,*,-1,-1
2025-03-14T16:23:34.616-04:00,IdeState,Inactive,,*,-1,-1
2025-03-14T16:23:35.617-04:00,IdeState,Inactive,,*,-1,-1
2025-03-14T16:23:36.619-04:00,IdeState,Inactive,,*,-1,-1
2025-03-14T16:23:37.620-04:00,IdeState,Inactive,,*,-1,-1
2025-03-14T16:23:38.620-04:00,IdeState,Inactive,,*,-1,-1
2025-03-14T16:23:39.622-04:00,IdeState,Inactive,,*,-1,-1
2025-03-14T16:23:40.627-04:00,IdeState,Inactive,,*,-1,-1
2025-03-14T16:23:41.629-04:00,IdeState,Inactive,,*,-1,-1
2025-03-14T16:23:42.630-04:00,IdeState,Inactive,,*,-1,-1
2025-03-14T16:23:43.631-04:00,IdeState,Inactive,,*,-1,-1
2025-03-14T16:23:44.632-04:00,IdeState,Inactive,,*,-1,-1
2025-03-14T16:23:45.633-04:00,IdeState,Inactive,,*,-1,-1
2025-03-14T16:23:46.634-04:00,IdeState,Inactive,,*,-1,-1
2025-03-14T16:23:47.634-04:00,IdeState,Inactive,,*,-1,-1
2025-03-14T16:23:48.635-04:00,IdeState,Inactive,,*,-1,-1
2025-03-14T16:23:49.636-04:00,IdeState,Inactive,,*,-1,-1
2025-03-14T16:23:50.638-04:00,IdeState,Inactive,,*,-1,-1
2025-03-14T16:23:51.639-04:00,IdeState,Inactive,,*,-1,-1
2025-03-14T16:23:52.642-04:00,IdeState,Inactive,,*,-1,-1
2025-03-14T16:23:53.642-04:00,IdeState,Inactive,,*,-1,-1
2025-03-14T16:23:54.645-04:00,IdeState,Inactive,,*,-1,-1
2025-03-14T16:23:55.647-04:00,IdeState,Inactive,,*,-1,-1
2025-03-14T16:23:56.648-04:00,IdeState,Inactive,,*,-1,-1
2025-03-14T16:23:57.649-04:00,IdeState,Inactive,,*,-1,-1
2025-03-14T16:23:58.651-04:00,IdeState,Inactive,,*,-1,-1
2025-03-14T16:23:59.651-04:00,IdeState,Inactive,,*,-1,-1
2025-03-14T16:24:00.652-04:00,IdeState,Inactive,,*,-1,-1
2025-03-14T16:24:01.653-04:00,IdeState,Inactive,,*,-1,-1
2025-03-14T16:24:02.654-04:00,IdeState,Inactive,,*,-1,-1
2025-03-14T16:24:03.656-04:00,IdeState,Inactive,,*,-1,-1
2025-03-14T16:24:04.657-04:00,IdeState,Inactive,,*,-1,-1
2025-03-14T16:24:05.659-04:00,IdeState,Inactive,,*,-1,-1
2025-03-14T16:24:06.660-04:00,IdeState,Inactive,,*,-1,-1
2025-03-14T16:24:07.661-04:00,IdeState,Inactive,,*,-1,-1
2025-03-14T16:24:08.662-04:00,IdeState,Inactive,,*,-1,-1
2025-03-14T16:24:09.665-04:00,IdeState,Inactive,,*,-1,-1
2025-03-14T16:24:10.666-04:00,IdeState,Inactive,,*,-1,-1
2025-03-14T16:24:11.667-04:00,IdeState,Inactive,,*,-1,-1
2025-03-14T16:24:12.668-04:00,IdeState,Inactive,,*,-1,-1
2025-03-14T16:24:13.669-04:00,IdeState,Inactive,,*,-1,-1
2025-03-14T16:24:14.670-04:00,IdeState,Inactive,,*,-1,-1
2025-03-14T16:24:15.671-04:00,IdeState,Inactive,,*,-1,-1
2025-03-14T16:24:16.671-04:00,IdeState,Inactive,,*,-1,-1
2025-03-14T16:24:17.680-04:00,IdeState,Inactive,,*,-1,-1
2025-03-14T16:24:18.681-04:00,IdeState,Inactive,,*,-1,-1
2025-03-14T16:24:19.682-04:00,IdeState,Inactive,,*,-1,-1
2025-03-14T16:24:20.683-04:00,IdeState,Inactive,,*,-1,-1
2025-03-14T16:24:21.684-04:00,IdeState,Inactive,,*,-1,-1
2025-03-14T16:24:22.686-04:00,IdeState,Inactive,,*,-1,-1
2025-03-14T16:24:23.688-04:00,IdeState,Inactive,,*,-1,-1
2025-03-14T16:24:24.688-04:00,IdeState,Active,Project,*,-1,-1
2025-03-14T16:24:25.689-04:00,IdeState,Active,Project,*,-1,-1
2025-03-14T16:24:26.691-04:00,IdeState,Inactive,,*,-1,-1
2025-03-14T16:24:27.692-04:00,IdeState,Inactive,,*,-1,-1
2025-03-14T16:24:28.695-04:00,IdeState,Inactive,,*,-1,-1
2025-03-14T16:24:29.696-04:00,IdeState,Inactive,,*,-1,-1
2025-03-14T16:24:30.697-04:00,IdeState,Inactive,,*,-1,-1
2025-03-14T16:24:31.698-04:00,IdeState,Inactive,,*,-1,-1
2025-03-14T16:24:32.698-04:00,IdeState,Inactive,,*,-1,-1
2025-03-14T16:24:33.700-04:00,IdeState,Inactive,,*,-1,-1
2025-03-14T16:24:34.702-04:00,IdeState,Inactive,,*,-1,-1
2025-03-14T16:24:35.704-04:00,IdeState,Inactive,,*,-1,-1
2025-03-14T16:24:36.706-04:00,IdeState,Inactive,,*,-1,-1
2025-03-14T16:24:37.708-04:00,IdeState,Inactive,,*,-1,-1
2025-03-14T16:24:38.709-04:00,IdeState,Inactive,,*,-1,-1
2025-03-14T16:24:39.710-04:00,IdeState,Inactive,,*,-1,-1
2025-03-14T16:24:40.711-04:00,IdeState,Inactive,,*,-1,-1
2025-03-14T16:24:41.712-04:00,IdeState,Inactive,,*,-1,-1
2025-03-14T16:24:42.713-04:00,IdeState,Inactive,,*,-1,-1
2025-03-14T16:24:43.714-04:00,IdeState,Inactive,,*,-1,-1
2025-03-14T16:24:44.716-04:00,IdeState,Inactive,,*,-1,-1
2025-03-14T16:24:45.717-04:00,IdeState,Inactive,,*,-1,-1
2025-03-14T16:24:46.718-04:00,IdeState,Inactive,,*,-1,-1
2025-03-14T16:24:47.719-04:00,IdeState,Inactive,,*,-1,-1
2025-03-14T16:24:48.720-04:00,IdeState,Inactive,,*,-1,-1
2025-03-14T16:24:49.721-04:00,IdeState,Inactive,,*,-1,-1
2025-03-14T16:24:50.722-04:00,IdeState,Inactive,,*,-1,-1
2025-03-14T16:24:51.724-04:00,IdeState,Inactive,,*,-1,-1
2025-03-14T16:24:52.725-04:00,IdeState,Inactive,,*,-1,-1
2025-03-14T16:24:53.727-04:00,IdeState,Inactive,,*,-1,-1
2025-03-14T16:24:54.727-04:00,IdeState,Inactive,,*,-1,-1
2025-03-14T16:24:55.729-04:00,IdeState,Inactive,,*,-1,-1
2025-03-14T16:24:56.730-04:00,IdeState,Inactive,,*,-1,-1
2025-03-14T16:24:57.731-04:00,IdeState,Inactive,,*,-1,-1
2025-03-14T16:24:58.733-04:00,IdeState,Inactive,,*,-1,-1
2025-03-14T16:24:59.736-04:00,IdeState,Active,tasktracker,*,-1,-1
2025-03-14T16:25:00.737-04:00,IdeState,Active,tasktracker,*,-1,-1
2025-03-14T16:25:01.738-04:00,IdeState,Active,tasktracker,*,-1,-1
2025-03-14T16:25:02.739-04:00,IdeState,Active,tasktracker,*,-1,-1
2025-03-14T16:25:03.740-04:00,IdeState,Active,tasktracker,*,-1,-1
2025-03-14T16:25:04.741-04:00,IdeState,Active,tasktracker,*,-1,-1
2025-03-14T16:25:05.742-04:00,IdeState,Active,tasktracker,*,-1,-1
2025-03-14T16:25:06.745-04:00,IdeState,Active,tasktracker,*,-1,-1
2025-03-14T16:25:07.747-04:00,IdeState,Active,tasktracker,*,-1,-1
2025-03-14T16:25:08.750-04:00,IdeState,Active,tasktracker,*,-1,-1
2025-03-14T16:25:09.751-04:00,IdeState,Active,tasktracker,*,-1,-1
2025-03-14T16:25:10.752-04:00,IdeState,Active,tasktracker,*,-1,-1
2025-03-14T16:25:11.752-04:00,IdeState,Active,tasktracker,*,-1,-1
2025-03-14T16:25:12.754-04:00,IdeState,Active,tasktracker,*,-1,-1
2025-03-14T16:25:13.761-04:00,IdeState,Active,tasktracker,*,-1,-1
2025-03-14T16:25:14.761-04:00,IdeState,Active,tasktracker,*,-1,-1
2025-03-14T16:25:15.763-04:00,IdeState,Active,tasktracker,*,-1,-1
2025-03-14T16:25:16.765-04:00,IdeState,Active,tasktracker,*,-1,-1
2025-03-14T16:25:17.765-04:00,IdeState,Active,tasktracker,*,-1,-1
2025-03-14T16:25:18.768-04:00,IdeState,Active,tasktracker,*,-1,-1
2025-03-14T16:25:19.769-04:00,IdeState,Active,tasktracker,*,-1,-1
2025-03-14T16:25:20.774-04:00,IdeState,Active,tasktracker,*,-1,-1
2025-03-14T16:25:21.776-04:00,IdeState,Active,tasktracker,*,-1,-1
2025-03-14T16:25:22.778-04:00,IdeState,Active,tasktracker,*,-1,-1
2025-03-14T16:25:23.832-04:00,IdeState,Active,tasktracker,*,-1,-1
2025-03-14T16:25:24.833-04:00,IdeState,Active,tasktracker,*,-1,-1
2025-03-14T16:25:25.834-04:00,IdeState,Active,tasktracker,*,-1,-1
2025-03-14T16:25:26.836-04:00,IdeState,Active,tasktracker,*,-1,-1
2025-03-14T16:25:27.837-04:00,IdeState,Active,tasktracker,*,-1,-1
2025-03-14T16:25:28.839-04:00,IdeState,Active,tasktracker,*,-1,-1
2025-03-14T16:25:29.840-04:00,IdeState,Active,tasktracker,*,-1,-1
2025-03-14T16:25:30.841-04:00,IdeState,Active,tasktracker,*,-1,-1
2025-03-14T16:25:31.845-04:00,IdeState,Active,tasktracker,*,-1,-1
2025-03-14T16:25:32.846-04:00,IdeState,Active,Project,*,-1,-1
2025-03-14T16:25:33.873-04:00,IdeState,Active,Project,*,-1,-1
2025-03-14T16:25:34.874-04:00,IdeState,Active,Project,*,-1,-1
2025-03-14T16:25:35.877-04:00,IdeState,Inactive,,*,-1,-1
2025-03-14T16:25:36.878-04:00,IdeState,Inactive,,*,-1,-1
2025-03-14T16:25:37.880-04:00,IdeState,Inactive,,*,-1,-1
2025-03-14T16:25:38.881-04:00,IdeState,Inactive,,*,-1,-1
2025-03-14T16:25:39.882-04:00,IdeState,Inactive,,*,-1,-1
2025-03-14T16:25:40.884-04:00,IdeState,Inactive,,*,-1,-1
2025-03-14T16:25:41.885-04:00,IdeState,Inactive,,*,-1,-1
2025-03-14T16:25:42.887-04:00,IdeState,Inactive,,*,-1,-1
2025-03-14T16:25:43.888-04:00,IdeState,Inactive,,*,-1,-1
2025-03-14T16:25:44.889-04:00,IdeState,Inactive,,*,-1,-1
2025-03-14T16:25:45.890-04:00,IdeState,Inactive,,*,-1,-1
2025-03-14T16:25:46.891-04:00,IdeState,Inactive,,*,-1,-1
2025-03-14T16:25:47.892-04:00,IdeState,Inactive,,*,-1,-1
2025-03-14T16:25:48.894-04:00,IdeState,Inactive,,*,-1,-1
2025-03-14T16:25:49.895-04:00,IdeState,Inactive,,*,-1,-1
2025-03-14T16:25:50.898-04:00,IdeState,Inactive,,*,-1,-1
2025-03-14T16:25:51.898-04:00,IdeState,Inactive,,*,-1,-1
2025-03-14T16:25:52.899-04:00,IdeState,Inactive,,*,-1,-1
2025-03-14T16:25:53.900-04:00,IdeState,Inactive,,*,-1,-1
2025-03-14T16:25:54.904-04:00,IdeState,Inactive,,*,-1,-1
2025-03-14T16:25:55.905-04:00,IdeState,Inactive,,*,-1,-1
2025-03-14T16:25:56.906-04:00,IdeState,Inactive,,*,-1,-1
2025-03-14T16:25:57.907-04:00,IdeState,Inactive,,*,-1,-1
2025-03-14T16:25:58.908-04:00,IdeState,Inactive,,*,-1,-1
2025-03-14T16:25:59.909-04:00,IdeState,Inactive,,*,-1,-1
2025-03-14T16:26:00.911-04:00,IdeState,Inactive,,*,-1,-1
2025-03-14T16:26:01.914-04:00,IdeState,Inactive,,*,-1,-1
2025-03-14T16:26:02.915-04:00,IdeState,Inactive,,*,-1,-1
2025-03-14T16:26:03.917-04:00,IdeState,Inactive,,*,-1,-1
2025-03-14T16:26:04.918-04:00,IdeState,Inactive,,*,-1,-1
2025-03-14T16:26:05.920-04:00,IdeState,Inactive,,*,-1,-1
2025-03-14T16:26:06.921-04:00,IdeState,Inactive,,*,-1,-1
2025-03-14T16:26:07.921-04:00,IdeState,Inactive,,*,-1,-1
2025-03-14T16:26:08.924-04:00,IdeState,Inactive,,*,-1,-1
2025-03-14T16:26:09.925-04:00,IdeState,Inactive,,*,-1,-1
2025-03-14T16:26:10.928-04:00,IdeState,Inactive,,*,-1,-1
2025-03-14T16:26:11.931-04:00,IdeState,Inactive,,*,-1,-1
2025-03-14T16:26:12.934-04:00,IdeState,Inactive,,*,-1,-1
2025-03-14T16:26:13.935-04:00,IdeState,Inactive,,*,-1,-1
2025-03-14T16:26:14.938-04:00,IdeState,Inactive,,*,-1,-1
2025-03-14T16:26:15.939-04:00,IdeState,Inactive,,*,-1,-1
2025-03-14T16:26:16.941-04:00,IdeState,Inactive,,*,-1,-1
2025-03-14T16:26:17.944-04:00,IdeState,Inactive,,*,-1,-1
2025-03-14T16:26:18.945-04:00,IdeState,Inactive,,*,-1,-1
2025-03-14T16:26:19.947-04:00,IdeState,Inactive,,*,-1,-1
2025-03-14T16:26:20.948-04:00,IdeState,Inactive,,*,-1,-1
2025-03-14T16:26:21.949-04:00,IdeState,Inactive,,*,-1,-1
2025-03-14T16:26:22.951-04:00,IdeState,Inactive,,*,-1,-1
2025-03-14T16:26:23.952-04:00,IdeState,Inactive,,*,-1,-1
2025-03-14T16:26:24.954-04:00,IdeState,Inactive,,*,-1,-1
2025-03-14T16:26:25.955-04:00,IdeState,Inactive,,*,-1,-1
2025-03-14T16:26:26.958-04:00,IdeState,Inactive,,*,-1,-1
2025-03-14T16:26:27.961-04:00,IdeState,Inactive,,*,-1,-1
2025-03-14T16:26:28.962-04:00,IdeState,Inactive,,*,-1,-1
2025-03-14T16:26:29.963-04:00,IdeState,Inactive,,*,-1,-1
2025-03-14T16:26:30.964-04:00,IdeState,Inactive,,*,-1,-1
2025-03-14T16:26:31.965-04:00,IdeState,Inactive,,*,-1,-1
2025-03-14T16:26:32.968-04:00,IdeState,Inactive,,*,-1,-1
2025-03-14T16:26:33.970-04:00,IdeState,Inactive,,*,-1,-1
2025-03-14T16:26:34.970-04:00,IdeState,Inactive,,*,-1,-1
2025-03-14T16:26:35.972-04:00,IdeState,Inactive,,*,-1,-1
2025-03-14T16:26:36.973-04:00,IdeState,Inactive,,*,-1,-1
2025-03-14T16:26:37.974-04:00,IdeState,Inactive,,*,-1,-1
2025-03-14T16:26:38.975-04:00,IdeState,Inactive,,*,-1,-1
2025-03-14T16:26:39.976-04:00,IdeState,Inactive,,*,-1,-1
2025-03-14T16:26:40.976-04:00,IdeState,Inactive,,*,-1,-1
2025-03-14T16:26:41.978-04:00,IdeState,Inactive,,*,-1,-1
2025-03-14T16:26:42.981-04:00,IdeState,Inactive,,*,-1,-1
2025-03-14T16:26:43.982-04:00,IdeState,Inactive,,*,-1,-1
2025-03-14T16:26:44.983-04:00,IdeState,Inactive,,*,-1,-1
2025-03-14T16:26:45.985-04:00,IdeState,Inactive,,*,-1,-1
2025-03-14T16:26:46.987-04:00,IdeState,Inactive,,*,-1,-1
2025-03-14T16:26:47.988-04:00,IdeState,Inactive,,*,-1,-1
2025-03-14T16:26:48.989-04:00,IdeState,Inactive,,*,-1,-1
2025-03-14T16:26:49.990-04:00,IdeState,Inactive,,*,-1,-1
2025-03-14T16:26:50.992-04:00,IdeState,Inactive,,*,-1,-1
2025-03-14T16:27:04.095-04:00,IdeState,Inactive,,*,-1,-1
2025-03-14T16:27:05.385-04:00,IdeState,Active,Popup,*,-1,-1
2025-03-14T16:27:07.136-04:00,IdeState,Active,Popup,*,-1,-1
2025-03-14T16:27:08.175-04:00,IdeState,Active,Project,*,-1,-1
2025-03-14T16:27:09.176-04:00,IdeState,Active,Project,*,-1,-1
2025-03-14T16:27:10.178-04:00,IdeState,Active,Project,*,-1,-1
2025-03-14T16:27:11.179-04:00,IdeState,Active,Project,*,-1,-1
2025-03-14T16:27:12.181-04:00,IdeState,Active,Project,*,-1,-1
2025-03-14T16:27:13.182-04:00,IdeState,Active,tasktracker,*,-1,-1
2025-03-14T16:27:14.185-04:00,IdeState,Active,tasktracker,*,-1,-1
2025-03-14T16:27:15.186-04:00,IdeState,Active,tasktracker,*,-1,-1
2025-03-14T16:27:16.187-04:00,IdeState,Inactive,,*,-1,-1
2025-03-14T16:27:17.192-04:00,IdeState,Inactive,,*,-1,-1
2025-03-14T16:27:18.193-04:00,IdeState,Inactive,,*,-1,-1
2025-03-14T16:27:19.196-04:00,IdeState,Inactive,,*,-1,-1
2025-03-14T16:27:20.197-04:00,IdeState,Inactive,,*,-1,-1
2025-03-14T16:27:21.200-04:00,IdeState,Inactive,,*,-1,-1
2025-03-14T16:27:22.203-04:00,IdeState,Active,tasktracker,*,-1,-1
2025-03-14T16:27:23.232-04:00,IdeState,Active,tasktracker,*,-1,-1
2025-03-14T16:27:24.234-04:00,IdeState,Active,tasktracker,*,-1,-1
2025-03-14T16:27:25.235-04:00,IdeState,Inactive,,*,-1,-1
2025-03-14T16:27:26.237-04:00,IdeState,Inactive,,*,-1,-1
2025-03-14T16:27:27.237-04:00,IdeState,Inactive,,*,-1,-1
2025-03-14T16:27:28.239-04:00,IdeState,Inactive,,*,-1,-1
2025-03-14T16:27:29.241-04:00,IdeState,Inactive,,*,-1,-1
2025-03-14T16:27:30.241-04:00,IdeState,Inactive,,*,-1,-1
2025-03-14T16:27:31.243-04:00,IdeState,Inactive,,*,-1,-1
2025-03-14T16:27:32.244-04:00,IdeState,Inactive,,*,-1,-1
2025-03-14T16:27:33.246-04:00,IdeState,Inactive,,*,-1,-1
2025-03-14T16:27:34.248-04:00,IdeState,Inactive,,*,-1,-1
2025-03-14T16:27:35.249-04:00,IdeState,Inactive,,*,-1,-1
2025-03-14T16:27:36.250-04:00,IdeState,Inactive,,*,-1,-1
2025-03-14T16:27:37.251-04:00,IdeState,Inactive,,*,-1,-1
2025-03-14T16:27:38.253-04:00,IdeState,Inactive,,*,-1,-1
2025-03-14T16:27:39.254-04:00,IdeState,Inactive,,*,-1,-1
2025-03-14T16:27:40.256-04:00,IdeState,Inactive,,*,-1,-1
2025-03-14T16:27:41.259-04:00,IdeState,Inactive,,*,-1,-1
2025-03-14T16:27:42.260-04:00,IdeState,Inactive,,*,-1,-1
2025-03-14T16:27:43.261-04:00,IdeState,Inactive,,*,-1,-1
2025-03-14T16:27:44.262-04:00,IdeState,Inactive,,*,-1,-1
2025-03-14T16:27:45.263-04:00,IdeState,Inactive,,*,-1,-1
2025-03-14T16:27:46.265-04:00,IdeState,Inactive,,*,-1,-1
2025-03-14T16:27:47.267-04:00,IdeState,Inactive,,*,-1,-1
2025-03-14T16:27:48.267-04:00,IdeState,Inactive,,*,-1,-1
2025-03-14T16:27:49.270-04:00,IdeState,Inactive,,*,-1,-1
2025-03-14T16:27:50.272-04:00,IdeState,Inactive,,*,-1,-1
2025-03-14T16:27:51.274-04:00,IdeState,Inactive,,*,-1,-1
2025-03-14T16:27:52.276-04:00,IdeState,Inactive,,*,-1,-1
2025-03-14T16:27:53.278-04:00,IdeState,Inactive,,*,-1,-1
2025-03-14T16:27:54.280-04:00,IdeState,Inactive,,*,-1,-1
2025-03-14T16:27:55.281-04:00,IdeState,Inactive,,*,-1,-1
2025-03-14T16:27:56.283-04:00,IdeState,Inactive,,*,-1,-1
2025-03-14T16:27:57.284-04:00,IdeState,Inactive,,*,-1,-1
2025-03-14T16:27:58.286-04:00,IdeState,Inactive,,*,-1,-1
2025-03-14T16:27:59.287-04:00,IdeState,Inactive,,*,-1,-1
2025-03-14T16:28:00.290-04:00,IdeState,Inactive,,*,-1,-1
2025-03-14T16:28:01.291-04:00,IdeState,Inactive,,*,-1,-1
2025-03-14T16:28:02.293-04:00,IdeState,Inactive,,*,-1,-1
2025-03-14T16:28:03.295-04:00,IdeState,Inactive,,*,-1,-1
2025-03-14T16:28:04.298-04:00,IdeState,Inactive,,*,-1,-1
2025-03-14T16:28:05.299-04:00,IdeState,Inactive,,*,-1,-1
2025-03-14T16:28:06.301-04:00,IdeState,Inactive,,*,-1,-1
2025-03-14T16:28:07.303-04:00,IdeState,Inactive,,*,-1,-1
2025-03-14T16:28:08.305-04:00,IdeState,Inactive,,*,-1,-1
2025-03-14T16:28:09.306-04:00,IdeState,Inactive,,*,-1,-1
2025-03-14T16:28:10.308-04:00,IdeState,Inactive,,*,-1,-1
2025-03-14T16:28:11.310-04:00,IdeState,Inactive,,*,-1,-1
2025-03-14T16:28:12.313-04:00,IdeState,Inactive,,*,-1,-1
2025-03-14T16:28:13.315-04:00,IdeState,Inactive,,*,-1,-1
2025-03-14T16:28:14.319-04:00,IdeState,Inactive,,*,-1,-1
2025-03-14T16:28:15.321-04:00,IdeState,Inactive,,*,-1,-1
2025-03-14T16:28:16.323-04:00,IdeState,Inactive,,*,-1,-1
2025-03-14T16:28:17.323-04:00,IdeState,Inactive,,*,-1,-1
2025-03-14T16:28:18.326-04:00,IdeState,Inactive,,*,-1,-1
2025-03-14T16:28:19.329-04:00,IdeState,Inactive,,*,-1,-1
2025-03-14T16:28:20.330-04:00,IdeState,Inactive,,*,-1,-1
2025-03-14T16:28:21.334-04:00,IdeState,Inactive,,*,-1,-1
2025-03-14T16:28:22.335-04:00,IdeState,Inactive,,*,-1,-1
2025-03-14T16:28:23.337-04:00,IdeState,Inactive,,*,-1,-1
2025-03-14T16:28:24.339-04:00,IdeState,Inactive,,*,-1,-1
2025-03-14T16:28:25.340-04:00,IdeState,Inactive,,*,-1,-1
2025-03-14T16:28:26.342-04:00,IdeState,Inactive,,*,-1,-1
2025-03-14T16:28:27.343-04:00,IdeState,Inactive,,*,-1,-1
2025-03-14T16:28:28.345-04:00,IdeState,Inactive,,*,-1,-1
2025-03-14T16:28:29.434-04:00,IdeState,Active,tasktracker,*,-1,-1
2025-03-14T16:28:30.436-04:00,IdeState,Active,tasktracker,*,-1,-1
2025-03-14T16:28:31.437-04:00,IdeState,Active,tasktracker,*,-1,-1
2025-03-14T16:28:32.439-04:00,IdeState,Active,tasktracker,*,-1,-1
2025-03-14T16:28:33.441-04:00,IdeState,Active,tasktracker,*,-1,-1
2025-03-14T16:28:34.443-04:00,IdeState,Inactive,,*,-1,-1
2025-03-14T16:28:35.445-04:00,IdeState,Inactive,,*,-1,-1
2025-03-14T16:28:36.446-04:00,IdeState,Inactive,,*,-1,-1
2025-03-14T16:28:37.447-04:00,IdeState,Inactive,,*,-1,-1
2025-03-14T16:28:38.449-04:00,IdeState,Inactive,,*,-1,-1
2025-03-14T16:28:39.483-04:00,IdeState,Active,tasktracker,*,-1,-1
2025-03-14T16:28:40.485-04:00,IdeState,Active,tasktracker,*,-1,-1
2025-03-14T16:28:41.495-04:00,IdeState,Active,tasktracker,*,-1,-1
2025-03-14T16:28:42.496-04:00,IdeState,Inactive,,*,-1,-1
2025-03-14T16:28:43.497-04:00,IdeState,Inactive,,*,-1,-1
2025-03-14T16:28:44.507-04:00,IdeState,Inactive,,*,-1,-1
2025-03-14T16:28:45.520-04:00,IdeState,Inactive,,*,-1,-1
2025-03-14T16:28:46.532-04:00,IdeState,Active,tasktracker,*,-1,-1
2025-03-14T16:28:47.534-04:00,IdeState,Active,tasktracker,*,-1,-1
2025-03-14T16:28:48.537-04:00,IdeState,Active,tasktracker,*,-1,-1
2025-03-14T16:28:49.551-04:00,IdeState,Active,tasktracker,*,-1,-1
2025-03-14T16:28:50.566-04:00,IdeState,Active,tasktracker,*,-1,-1
2025-03-14T16:28:51.568-04:00,IdeState,Inactive,,*,-1,-1
2025-03-14T16:28:52.570-04:00,IdeState,Inactive,,*,-1,-1
2025-03-14T16:28:53.573-04:00,IdeState,Inactive,,*,-1,-1
2025-03-14T16:28:54.575-04:00,IdeState,Inactive,,*,-1,-1
2025-03-14T16:28:55.577-04:00,IdeState,Inactive,,*,-1,-1
2025-03-14T16:28:56.579-04:00,IdeState,Inactive,,*,-1,-1
2025-03-14T16:28:57.580-04:00,IdeState,Inactive,,*,-1,-1
2025-03-14T16:28:58.589-04:00,IdeState,Active,tasktracker,*,-1,-1
2025-03-14T16:28:59.589-04:00,IdeState,Active,tasktracker,*,-1,-1
2025-03-14T16:29:00.591-04:00,IdeState,Active,tasktracker,*,-1,-1
2025-03-14T16:29:01.592-04:00,IdeState,Inactive,,*,-1,-1
2025-03-14T16:29:02.594-04:00,IdeState,Inactive,,*,-1,-1
2025-03-14T16:29:03.601-04:00,IdeState,Inactive,,*,-1,-1
2025-03-14T16:29:04.613-04:00,IdeState,Inactive,,*,-1,-1
2025-03-14T16:29:05.643-04:00,IdeState,Inactive,,*,-1,-1
2025-03-14T16:29:06.657-04:00,IdeState,Inactive,,*,-1,-1
2025-03-14T16:29:07.667-04:00,IdeState,Inactive,,*,-1,-1
2025-03-14T16:29:08.682-04:00,IdeState,Inactive,,*,-1,-1
2025-03-14T16:29:09.697-04:00,IdeState,Inactive,,*,-1,-1
2025-03-14T16:29:10.708-04:00,IdeState,Inactive,,*,-1,-1
2025-03-14T16:29:11.720-04:00,IdeState,Inactive,,*,-1,-1
2025-03-14T16:29:12.733-04:00,IdeState,Inactive,,*,-1,-1
2025-03-14T16:29:13.749-04:00,IdeState,Inactive,,*,-1,-1
2025-03-14T16:29:14.766-04:00,IdeState,Inactive,,*,-1,-1
2025-03-14T16:29:15.782-04:00,IdeState,Inactive,,*,-1,-1
2025-03-14T16:29:16.793-04:00,IdeState,Inactive,,*,-1,-1
2025-03-14T16:29:17.808-04:00,IdeState,Inactive,,*,-1,-1
2025-03-14T16:29:18.811-04:00,IdeState,Inactive,,*,-1,-1
2025-03-14T16:29:19.826-04:00,IdeState,Inactive,,*,-1,-1
2025-03-14T16:29:20.828-04:00,IdeState,Inactive,,*,-1,-1
2025-03-14T16:29:21.840-04:00,IdeState,Inactive,,*,-1,-1
2025-03-14T16:29:22.842-04:00,IdeState,Inactive,,*,-1,-1
2025-03-14T16:29:23.848-04:00,IdeState,Inactive,,*,-1,-1
2025-03-14T16:29:24.863-04:00,IdeState,Inactive,,*,-1,-1
2025-03-14T16:29:25.873-04:00,IdeState,Inactive,,*,-1,-1
2025-03-14T16:29:26.887-04:00,IdeState,Inactive,,*,-1,-1
2025-03-14T16:29:27.888-04:00,IdeState,Inactive,,*,-1,-1
2025-03-14T16:29:28.902-04:00,IdeState,Inactive,,*,-1,-1
2025-03-14T16:29:29.914-04:00,IdeState,Inactive,,*,-1,-1
2025-03-14T16:29:30.926-04:00,IdeState,Inactive,,*,-1,-1
2025-03-14T16:29:31.941-04:00,IdeState,Inactive,,*,-1,-1
2025-03-14T16:29:32.954-04:00,IdeState,Inactive,,*,-1,-1
2025-03-14T16:29:33.956-04:00,IdeState,Inactive,,*,-1,-1
2025-03-14T16:29:34.966-04:00,IdeState,Inactive,,*,-1,-1
2025-03-14T16:29:35.971-04:00,IdeState,Inactive,,*,-1,-1
2025-03-14T16:29:36.987-04:00,IdeState,Inactive,,*,-1,-1
2025-03-14T16:29:38.001-04:00,IdeState,Inactive,,*,-1,-1
2025-03-14T16:29:39.014-04:00,IdeState,Inactive,,*,-1,-1
2025-03-14T16:29:40.028-04:00,IdeState,Inactive,,*,-1,-1
2025-03-14T16:29:41.041-04:00,IdeState,Inactive,,*,-1,-1
2025-03-14T16:29:42.049-04:00,IdeState,Inactive,,*,-1,-1
2025-03-14T16:29:43.051-04:00,IdeState,Inactive,,*,-1,-1
2025-03-14T16:29:44.061-04:00,IdeState,Inactive,,*,-1,-1
2025-03-14T16:29:45.065-04:00,IdeState,Inactive,,*,-1,-1
2025-03-14T16:29:46.079-04:00,IdeState,Inactive,,*,-1,-1
2025-03-14T16:29:47.090-04:00,IdeState,Inactive,,*,-1,-1
2025-03-14T16:29:48.103-04:00,IdeState,Inactive,,*,-1,-1
2025-03-14T16:29:49.106-04:00,IdeState,Inactive,,*,-1,-1
2025-03-14T16:29:50.114-04:00,IdeState,Inactive,,*,-1,-1
2025-03-14T16:29:51.127-04:00,IdeState,Inactive,,*,-1,-1
2025-03-14T16:29:52.141-04:00,IdeState,Inactive,,*,-1,-1
2025-03-14T16:29:53.152-04:00,IdeState,Inactive,,*,-1,-1
2025-03-14T16:29:54.167-04:00,IdeState,Inactive,,*,-1,-1
2025-03-14T16:29:55.171-04:00,IdeState,Inactive,,*,-1,-1
2025-03-14T16:29:56.186-04:00,IdeState,Inactive,,*,-1,-1
2025-03-14T16:29:57.197-04:00,IdeState,Inactive,,*,-1,-1
2025-03-14T16:29:58.199-04:00,IdeState,Inactive,,*,-1,-1
2025-03-14T16:29:59.212-04:00,IdeState,Inactive,,*,-1,-1
2025-03-14T16:30:00.227-04:00,IdeState,Inactive,,*,-1,-1
2025-03-14T16:30:01.241-04:00,IdeState,Inactive,,*,-1,-1
2025-03-14T16:30:02.255-04:00,IdeState,Inactive,,*,-1,-1
2025-03-14T16:30:03.264-04:00,IdeState,Inactive,,*,-1,-1
2025-03-14T16:30:04.273-04:00,IdeState,Inactive,,*,-1,-1
2025-03-14T16:30:05.284-04:00,IdeState,Inactive,,*,-1,-1
2025-03-14T16:30:06.297-04:00,IdeState,Inactive,,*,-1,-1
2025-03-14T16:30:07.311-04:00,IdeState,Inactive,,*,-1,-1
2025-03-14T16:30:08.323-04:00,IdeState,Inactive,,*,-1,-1
2025-03-14T16:30:09.325-04:00,IdeState,Inactive,,*,-1,-1
2025-03-14T16:30:10.338-04:00,IdeState,Inactive,,*,-1,-1
2025-03-14T16:30:11.347-04:00,IdeState,Inactive,,*,-1,-1
2025-03-14T16:30:12.393-04:00,IdeState,Inactive,,*,-1,-1
2025-03-14T16:30:13.398-04:00,IdeState,Inactive,,*,-1,-1
2025-03-14T16:30:14.407-04:00,IdeState,Inactive,,*,-1,-1
2025-03-14T16:30:15.422-04:00,IdeState,Inactive,,*,-1,-1
2025-03-14T16:30:16.434-04:00,IdeState,Inactive,,*,-1,-1
2025-03-14T16:30:17.448-04:00,IdeState,Inactive,,*,-1,-1
2025-03-14T16:30:18.458-04:00,IdeState,Inactive,,*,-1,-1
2025-03-14T16:30:19.461-04:00,IdeState,Inactive,,*,-1,-1
2025-03-14T16:30:20.476-04:00,IdeState,Inactive,,*,-1,-1
2025-03-14T16:30:21.479-04:00,IdeState,Inactive,,*,-1,-1
2025-03-14T16:30:22.489-04:00,IdeState,Inactive,,*,-1,-1
2025-03-14T16:30:23.499-04:00,IdeState,Inactive,,*,-1,-1
2025-03-14T16:30:24.501-04:00,IdeState,Inactive,,*,-1,-1
2025-03-14T16:30:25.506-04:00,IdeState,Inactive,,*,-1,-1
2025-03-14T16:30:26.519-04:00,IdeState,Inactive,,*,-1,-1
2025-03-14T16:30:27.532-04:00,IdeState,Inactive,,*,-1,-1
2025-03-14T16:30:28.542-04:00,IdeState,Inactive,,*,-1,-1
2025-03-14T16:30:29.554-04:00,IdeState,Inactive,,*,-1,-1
2025-03-14T16:30:30.563-04:00,IdeState,Inactive,,*,-1,-1
2025-03-14T16:30:31.577-04:00,IdeState,Inactive,,*,-1,-1
2025-03-14T16:30:32.590-04:00,IdeState,Inactive,,*,-1,-1
2025-03-14T16:30:33.607-04:00,IdeState,Inactive,,*,-1,-1
2025-03-14T16:30:34.618-04:00,IdeState,Inactive,,*,-1,-1
2025-03-14T16:30:35.632-04:00,IdeState,Inactive,,*,-1,-1
2025-03-14T16:30:36.646-04:00,IdeState,Inactive,,*,-1,-1
2025-03-14T16:30:37.649-04:00,IdeState,Inactive,,*,-1,-1
2025-03-14T16:30:38.652-04:00,IdeState,Inactive,,*,-1,-1
2025-03-14T16:30:39.669-04:00,IdeState,Inactive,,*,-1,-1
2025-03-14T16:30:40.678-04:00,IdeState,Inactive,,*,-1,-1
2025-03-14T16:30:41.687-04:00,IdeState,Inactive,,*,-1,-1
2025-03-14T16:30:42.700-04:00,IdeState,Inactive,,*,-1,-1
2025-03-14T16:30:43.713-04:00,IdeState,Inactive,,*,-1,-1
2025-03-14T16:30:44.724-04:00,IdeState,Inactive,,*,-1,-1
2025-03-14T16:30:45.725-04:00,IdeState,Inactive,,*,-1,-1
2025-03-14T16:30:46.740-04:00,IdeState,Inactive,,*,-1,-1
2025-03-14T16:30:47.755-04:00,IdeState,Inactive,,*,-1,-1
2025-03-14T16:30:48.758-04:00,IdeState,Inactive,,*,-1,-1
2025-03-14T16:30:49.771-04:00,IdeState,Inactive,,*,-1,-1
2025-03-14T16:30:50.774-04:00,IdeState,Inactive,,*,-1,-1
2025-03-14T16:30:51.776-04:00,IdeState,Inactive,,*,-1,-1
2025-03-14T16:30:52.792-04:00,IdeState,Inactive,,*,-1,-1
2025-03-14T16:30:53.796-04:00,IdeState,Inactive,,*,-1,-1
2025-03-14T16:30:54.797-04:00,IdeState,Inactive,,*,-1,-1
2025-03-14T16:30:55.810-04:00,IdeState,Inactive,,*,-1,-1
2025-03-14T16:30:56.823-04:00,IdeState,Inactive,,*,-1,-1
2025-03-14T16:30:57.837-04:00,IdeState,Inactive,,*,-1,-1
2025-03-14T16:30:58.852-04:00,IdeState,Inactive,,*,-1,-1
2025-03-14T16:30:59.858-04:00,IdeState,Inactive,,*,-1,-1
2025-03-14T16:31:00.867-04:00,IdeState,Inactive,,*,-1,-1
2025-03-14T16:31:01.880-04:00,IdeState,Inactive,,*,-1,-1
2025-03-14T16:31:02.881-04:00,IdeState,Inactive,,*,-1,-1
2025-03-14T16:31:03.896-04:00,IdeState,Inactive,,*,-1,-1
2025-03-14T16:31:04.901-04:00,IdeState,Inactive,,*,-1,-1
2025-03-14T16:31:05.910-04:00,IdeState,Inactive,,*,-1,-1
2025-03-14T16:31:06.923-04:00,IdeState,Inactive,,*,-1,-1
2025-03-14T16:31:07.936-04:00,IdeState,Inactive,,*,-1,-1
2025-03-14T16:31:08.948-04:00,IdeState,Inactive,,*,-1,-1
2025-03-14T16:31:09.954-04:00,IdeState,Inactive,,*,-1,-1
2025-03-14T16:31:10.966-04:00,IdeState,Inactive,,*,-1,-1
2025-03-14T16:31:11.976-04:00,IdeState,Inactive,,*,-1,-1
2025-03-14T16:31:12.996-04:00,IdeState,Inactive,,*,-1,-1
2025-03-14T16:31:14.011-04:00,IdeState,Inactive,,*,-1,-1
2025-03-14T16:31:15.020-04:00,IdeState,Inactive,,*,-1,-1
2025-03-14T16:31:16.033-04:00,IdeState,Inactive,,*,-1,-1
2025-03-14T16:31:17.045-04:00,IdeState,Inactive,,*,-1,-1
2025-03-14T16:31:18.061-04:00,IdeState,Inactive,,*,-1,-1
2025-03-14T16:31:19.073-04:00,IdeState,Inactive,,*,-1,-1
2025-03-14T16:31:20.089-04:00,IdeState,Inactive,,*,-1,-1
2025-03-14T16:31:21.091-04:00,IdeState,Inactive,,*,-1,-1
2025-03-14T16:31:22.097-04:00,IdeState,Inactive,,*,-1,-1
2025-03-14T16:31:23.100-04:00,IdeState,Inactive,,*,-1,-1
2025-03-14T16:31:24.114-04:00,IdeState,Inactive,,*,-1,-1
2025-03-14T16:31:25.130-04:00,IdeState,Inactive,,*,-1,-1
2025-03-14T16:31:26.140-04:00,IdeState,Inactive,,*,-1,-1
2025-03-14T16:31:27.151-04:00,IdeState,Inactive,,*,-1,-1
2025-03-14T16:31:28.160-04:00,IdeState,Inactive,,*,-1,-1
2025-03-14T16:31:29.163-04:00,IdeState,Inactive,,*,-1,-1
2025-03-14T16:31:30.168-04:00,IdeState,Inactive,,*,-1,-1
2025-03-14T16:31:31.177-04:00,IdeState,Inactive,,*,-1,-1
2025-03-14T16:31:32.191-04:00,IdeState,Inactive,,*,-1,-1
2025-03-14T16:31:33.205-04:00,IdeState,Inactive,,*,-1,-1
2025-03-14T16:31:34.219-04:00,IdeState,Inactive,,*,-1,-1
2025-03-14T16:31:35.222-04:00,IdeState,Inactive,,*,-1,-1
2025-03-14T16:31:36.232-04:00,IdeState,Inactive,,*,-1,-1
2025-03-14T16:31:37.244-04:00,IdeState,Inactive,,*,-1,-1
2025-03-14T16:31:38.255-04:00,IdeState,Inactive,,*,-1,-1
2025-03-14T16:31:39.269-04:00,IdeState,Inactive,,*,-1,-1
2025-03-14T16:31:40.275-04:00,IdeState,Inactive,,*,-1,-1
2025-03-14T16:31:41.289-04:00,IdeState,Inactive,,*,-1,-1
2025-03-14T16:31:42.299-04:00,IdeState,Inactive,,*,-1,-1
2025-03-14T16:31:43.315-04:00,IdeState,Inactive,,*,-1,-1
2025-03-14T16:31:44.330-04:00,IdeState,Inactive,,*,-1,-1
2025-03-14T16:31:45.337-04:00,IdeState,Inactive,,*,-1,-1
2025-03-14T16:31:46.341-04:00,IdeState,Inactive,,*,-1,-1
2025-03-14T16:31:47.353-04:00,IdeState,Inactive,,*,-1,-1
2025-03-14T16:31:48.354-04:00,IdeState,Inactive,,*,-1,-1
2025-03-14T16:31:49.355-04:00,IdeState,Inactive,,*,-1,-1
2025-03-14T16:31:50.366-04:00,IdeState,Inactive,,*,-1,-1
2025-03-14T16:31:51.371-04:00,IdeState,Inactive,,*,-1,-1
2025-03-14T16:31:52.379-04:00,IdeState,Inactive,,*,-1,-1
2025-03-14T16:31:53.393-04:00,IdeState,Inactive,,*,-1,-1
2025-03-14T16:31:54.395-04:00,IdeState,Inactive,,*,-1,-1
2025-03-14T16:31:55.398-04:00,IdeState,Inactive,,*,-1,-1
2025-03-14T16:31:56.409-04:00,IdeState,Inactive,,*,-1,-1
2025-03-14T16:31:57.413-04:00,IdeState,Inactive,,*,-1,-1
2025-03-14T16:31:58.421-04:00,IdeState,Inactive,,*,-1,-1
2025-03-14T16:31:59.431-04:00,IdeState,Inactive,,*,-1,-1
2025-03-14T16:32:00.448-04:00,IdeState,Inactive,,*,-1,-1
2025-03-14T16:32:01.448-04:00,IdeState,Inactive,,*,-1,-1
2025-03-14T16:32:02.466-04:00,IdeState,Inactive,,*,-1,-1
2025-03-14T16:32:03.479-04:00,IdeState,Inactive,,*,-1,-1
2025-03-14T16:32:04.491-04:00,IdeState,Inactive,,*,-1,-1
2025-03-14T16:32:05.504-04:00,IdeState,Inactive,,*,-1,-1
2025-03-14T16:32:06.505-04:00,IdeState,Inactive,,*,-1,-1
2025-03-14T16:32:07.518-04:00,IdeState,Inactive,,*,-1,-1
2025-03-14T16:32:08.529-04:00,IdeState,Inactive,,*,-1,-1
2025-03-14T16:32:09.534-04:00,IdeState,Inactive,,*,-1,-1
2025-03-14T16:32:10.535-04:00,IdeState,Inactive,,*,-1,-1
2025-03-14T16:32:11.550-04:00,IdeState,Inactive,,*,-1,-1
2025-03-14T16:32:12.564-04:00,IdeState,Inactive,,*,-1,-1
2025-03-14T16:32:13.577-04:00,IdeState,Inactive,,*,-1,-1
2025-03-14T16:32:14.593-04:00,IdeState,Inactive,,*,-1,-1
2025-03-14T16:32:15.605-04:00,IdeState,Inactive,,*,-1,-1
2025-03-14T16:32:16.609-04:00,IdeState,Inactive,,*,-1,-1
2025-03-14T16:32:17.619-04:00,IdeState,Inactive,,*,-1,-1
2025-03-14T16:32:18.621-04:00,IdeState,Inactive,,*,-1,-1
2025-03-14T16:32:19.636-04:00,IdeState,Inactive,,*,-1,-1
2025-03-14T16:32:20.640-04:00,IdeState,Inactive,,*,-1,-1
2025-03-14T16:32:21.654-04:00,IdeState,Inactive,,*,-1,-1
2025-03-14T16:32:22.668-04:00,IdeState,Inactive,,*,-1,-1
2025-03-14T16:32:23.680-04:00,IdeState,Inactive,,*,-1,-1
2025-03-14T16:32:24.693-04:00,IdeState,Inactive,,*,-1,-1
2025-03-14T16:32:25.696-04:00,IdeState,Inactive,,*,-1,-1
2025-03-14T16:32:26.711-04:00,IdeState,Inactive,,*,-1,-1
2025-03-14T16:32:27.727-04:00,IdeState,Inactive,,*,-1,-1
2025-03-14T16:32:28.735-04:00,IdeState,Inactive,,*,-1,-1
2025-03-14T16:32:29.748-04:00,IdeState,Inactive,,*,-1,-1
2025-03-14T16:32:30.759-04:00,IdeState,Inactive,,*,-1,-1
2025-03-14T16:32:31.774-04:00,IdeState,Inactive,,*,-1,-1
2025-03-14T16:32:32.784-04:00,IdeState,Inactive,,*,-1,-1
2025-03-14T16:32:33.787-04:00,IdeState,Inactive,,*,-1,-1
2025-03-14T16:32:34.802-04:00,IdeState,Inactive,,*,-1,-1
2025-03-14T16:32:35.817-04:00,IdeState,Inactive,,*,-1,-1
2025-03-14T16:32:36.828-04:00,IdeState,Inactive,,*,-1,-1
2025-03-14T16:32:37.846-04:00,IdeState,Inactive,,*,-1,-1
2025-03-14T16:32:38.859-04:00,IdeState,Inactive,,*,-1,-1
2025-03-14T16:32:39.876-04:00,IdeState,Inactive,,*,-1,-1
2025-03-14T16:32:40.890-04:00,IdeState,Inactive,,*,-1,-1
2025-03-14T16:32:41.901-04:00,IdeState,Inactive,,*,-1,-1
2025-03-14T16:32:42.917-04:00,IdeState,Inactive,,*,-1,-1
2025-03-14T16:32:43.924-04:00,IdeState,Inactive,,*,-1,-1
2025-03-14T16:32:44.925-04:00,IdeState,Inactive,,*,-1,-1
2025-03-14T16:32:45.934-04:00,IdeState,Inactive,,*,-1,-1
2025-03-14T16:32:46.936-04:00,IdeState,Inactive,,*,-1,-1
2025-03-14T16:32:47.937-04:00,IdeState,Inactive,,*,-1,-1
2025-03-14T16:32:48.949-04:00,IdeState,Inactive,,*,-1,-1
2025-03-14T16:32:49.961-04:00,IdeState,Inactive,,*,-1,-1
2025-03-14T16:32:50.975-04:00,IdeState,Inactive,,*,-1,-1
2025-03-14T16:32:51.976-04:00,IdeState,Inactive,,*,-1,-1
2025-03-14T16:32:52.991-04:00,IdeState,Inactive,,*,-1,-1
2025-03-14T16:32:54.007-04:00,IdeState,Inactive,,*,-1,-1
2025-03-14T16:32:55.022-04:00,IdeState,Inactive,,*,-1,-1
2025-03-14T16:32:56.033-04:00,IdeState,Inactive,,*,-1,-1
2025-03-14T16:32:57.035-04:00,IdeState,Inactive,,*,-1,-1
2025-03-14T16:32:58.052-04:00,IdeState,Inactive,,*,-1,-1
2025-03-14T16:32:59.067-04:00,IdeState,Inactive,,*,-1,-1
2025-03-14T16:33:00.083-04:00,IdeState,Inactive,,*,-1,-1
2025-03-14T16:33:01.099-04:00,IdeState,Inactive,,*,-1,-1
2025-03-14T16:33:02.114-04:00,IdeState,Inactive,,*,-1,-1
2025-03-14T16:33:03.115-04:00,IdeState,Inactive,,*,-1,-1
2025-03-14T16:33:04.127-04:00,IdeState,Inactive,,*,-1,-1
2025-03-14T16:33:05.128-04:00,IdeState,Inactive,,*,-1,-1
2025-03-14T16:33:06.137-04:00,IdeState,Inactive,,*,-1,-1
2025-03-14T16:33:07.149-04:00,IdeState,Inactive,,*,-1,-1
2025-03-14T16:33:08.150-04:00,IdeState,Inactive,,*,-1,-1
2025-03-14T16:33:09.152-04:00,IdeState,Inactive,,*,-1,-1
2025-03-14T16:33:10.153-04:00,IdeState,Inactive,,*,-1,-1
2025-03-14T16:33:11.156-04:00,IdeState,Inactive,,*,-1,-1
2025-03-14T16:33:12.163-04:00,IdeState,Inactive,,*,-1,-1
2025-03-14T16:33:13.174-04:00,IdeState,Inactive,,*,-1,-1
2025-03-14T16:33:14.188-04:00,IdeState,Inactive,,*,-1,-1
2025-03-14T16:33:15.204-04:00,IdeState,Inactive,,*,-1,-1
2025-03-14T16:33:16.218-04:00,IdeState,Inactive,,*,-1,-1
2025-03-14T16:33:17.233-04:00,IdeState,Inactive,,*,-1,-1
2025-03-14T16:33:18.248-04:00,IdeState,Inactive,,*,-1,-1
2025-03-14T16:33:19.258-04:00,IdeState,Inactive,,*,-1,-1
2025-03-14T16:33:20.261-04:00,IdeState,Inactive,,*,-1,-1
2025-03-14T16:33:21.276-04:00,IdeState,Inactive,,*,-1,-1
2025-03-14T16:33:22.289-04:00,IdeState,Inactive,,*,-1,-1
2025-03-14T16:33:23.304-04:00,IdeState,Inactive,,*,-1,-1
2025-03-14T16:33:24.316-04:00,IdeState,Inactive,,*,-1,-1
2025-03-14T16:33:25.331-04:00,IdeState,Inactive,,*,-1,-1
2025-03-14T16:33:26.332-04:00,IdeState,Inactive,,*,-1,-1
2025-03-14T16:33:27.335-04:00,IdeState,Inactive,,*,-1,-1
2025-03-14T16:33:28.336-04:00,IdeState,Inactive,,*,-1,-1
2025-03-14T16:33:29.351-04:00,IdeState,Inactive,,*,-1,-1
2025-03-14T16:33:30.365-04:00,IdeState,Inactive,,*,-1,-1
2025-03-14T16:33:31.369-04:00,IdeState,Inactive,,*,-1,-1
2025-03-14T16:33:32.376-04:00,IdeState,Inactive,,*,-1,-1
2025-03-14T16:33:33.377-04:00,IdeState,Inactive,,*,-1,-1
2025-03-14T16:33:34.378-04:00,IdeState,Inactive,,*,-1,-1
2025-03-14T16:33:35.383-04:00,IdeState,Inactive,,*,-1,-1
2025-03-14T16:33:36.398-04:00,IdeState,Inactive,,*,-1,-1
2025-03-14T16:33:37.415-04:00,IdeState,Inactive,,*,-1,-1
2025-03-14T16:33:38.431-04:00,IdeState,Inactive,,*,-1,-1
2025-03-14T16:33:39.442-04:00,IdeState,Inactive,,*,-1,-1
2025-03-14T16:33:40.457-04:00,IdeState,Inactive,,*,-1,-1
2025-03-14T16:33:41.468-04:00,IdeState,Inactive,,*,-1,-1
2025-03-14T16:33:42.468-04:00,IdeState,Inactive,,*,-1,-1
2025-03-14T16:33:43.484-04:00,IdeState,Inactive,,*,-1,-1
2025-03-14T16:33:44.486-04:00,IdeState,Inactive,,*,-1,-1
2025-03-14T16:33:45.487-04:00,IdeState,Inactive,,*,-1,-1
2025-03-14T16:33:46.499-04:00,IdeState,Inactive,,*,-1,-1
2025-03-14T16:33:47.513-04:00,IdeState,Inactive,,*,-1,-1
2025-03-14T16:33:48.528-04:00,IdeState,Inactive,,*,-1,-1
2025-03-14T16:33:49.543-04:00,IdeState,Inactive,,*,-1,-1
2025-03-14T16:33:50.556-04:00,IdeState,Inactive,,*,-1,-1
2025-03-14T16:33:51.570-04:00,IdeState,Inactive,,*,-1,-1
2025-03-14T16:33:52.585-04:00,IdeState,Inactive,,*,-1,-1
2025-03-14T16:33:53.599-04:00,IdeState,Inactive,,*,-1,-1
2025-03-14T16:33:54.614-04:00,IdeState,Inactive,,*,-1,-1
2025-03-14T16:33:55.615-04:00,IdeState,Inactive,,*,-1,-1
2025-03-14T16:33:56.617-04:00,IdeState,Inactive,,*,-1,-1
2025-03-14T16:33:57.617-04:00,IdeState,Inactive,,*,-1,-1
2025-03-14T16:33:58.620-04:00,IdeState,Inactive,,*,-1,-1
2025-03-14T16:33:59.633-04:00,IdeState,Inactive,,*,-1,-1
2025-03-14T16:34:00.648-04:00,IdeState,Inactive,,*,-1,-1
2025-03-14T16:34:01.661-04:00,IdeState,Inactive,,*,-1,-1
2025-03-14T16:34:02.676-04:00,IdeState,Inactive,,*,-1,-1
2025-03-14T16:34:03.692-04:00,IdeState,Inactive,,*,-1,-1
2025-03-14T16:34:04.704-04:00,IdeState,Inactive,,*,-1,-1
2025-03-14T16:34:05.721-04:00,IdeState,Inactive,,*,-1,-1
2025-03-14T16:34:06.734-04:00,IdeState,Inactive,,*,-1,-1
2025-03-14T16:34:07.744-04:00,IdeState,Inactive,,*,-1,-1
2025-03-14T16:34:08.751-04:00,IdeState,Inactive,,*,-1,-1
2025-03-14T16:34:09.754-04:00,IdeState,Inactive,,*,-1,-1
2025-03-14T16:34:10.769-04:00,IdeState,Inactive,,*,-1,-1
2025-03-14T16:34:11.783-04:00,IdeState,Inactive,,*,-1,-1
2025-03-14T16:34:12.798-04:00,IdeState,Inactive,,*,-1,-1
2025-03-14T16:34:13.814-04:00,IdeState,Inactive,,*,-1,-1
2025-03-14T16:34:14.828-04:00,IdeState,Inactive,,*,-1,-1
2025-03-14T16:34:15.841-04:00,IdeState,Inactive,,*,-1,-1
2025-03-14T16:34:16.856-04:00,IdeState,Inactive,,*,-1,-1
2025-03-14T16:34:17.857-04:00,IdeState,Inactive,,*,-1,-1
2025-03-14T16:34:18.862-04:00,IdeState,Inactive,,*,-1,-1
2025-03-14T16:34:19.873-04:00,IdeState,Inactive,,*,-1,-1
2025-03-14T16:34:20.890-04:00,IdeState,Inactive,,*,-1,-1
2025-03-14T16:34:21.902-04:00,IdeState,Inactive,,*,-1,-1
2025-03-14T16:34:22.904-04:00,IdeState,Inactive,,*,-1,-1
2025-03-14T16:34:23.905-04:00,IdeState,Inactive,,*,-1,-1
2025-03-14T16:34:24.916-04:00,IdeState,Inactive,,*,-1,-1
2025-03-14T16:34:25.930-04:00,IdeState,Inactive,,*,-1,-1
2025-03-14T16:34:26.942-04:00,IdeState,Inactive,,*,-1,-1
2025-03-14T16:34:27.944-04:00,IdeState,Inactive,,*,-1,-1
2025-03-14T16:34:28.959-04:00,IdeState,Inactive,,*,-1,-1
2025-03-14T16:34:29.960-04:00,IdeState,Inactive,,*,-1,-1
2025-03-14T16:34:30.973-04:00,IdeState,Inactive,,*,-1,-1
2025-03-14T16:34:31.987-04:00,IdeState,Inactive,,*,-1,-1
2025-03-14T16:34:33.001-04:00,IdeState,Inactive,,*,-1,-1
2025-03-14T16:34:34.010-04:00,IdeState,Inactive,,*,-1,-1
2025-03-14T16:34:35.024-04:00,IdeState,Inactive,,*,-1,-1
2025-03-14T16:34:36.039-04:00,IdeState,Inactive,,*,-1,-1
2025-03-14T16:34:37.039-04:00,IdeState,Inactive,,*,-1,-1
2025-03-14T16:34:38.054-04:00,IdeState,Inactive,,*,-1,-1
2025-03-14T16:34:39.059-04:00,IdeState,Inactive,,*,-1,-1
2025-03-14T16:34:40.074-04:00,IdeState,Inactive,,*,-1,-1
2025-03-14T16:34:41.086-04:00,IdeState,Inactive,,*,-1,-1
2025-03-14T16:34:42.096-04:00,IdeState,Inactive,,*,-1,-1
2025-03-14T16:34:43.099-04:00,IdeState,Inactive,,*,-1,-1
2025-03-14T16:34:44.113-04:00,IdeState,Inactive,,*,-1,-1
2025-03-14T16:34:45.117-04:00,IdeState,Inactive,,*,-1,-1
2025-03-14T16:34:46.133-04:00,IdeState,Inactive,,*,-1,-1
2025-03-14T16:34:47.134-04:00,IdeState,Inactive,,*,-1,-1
2025-03-14T16:34:48.140-04:00,IdeState,Inactive,,*,-1,-1
2025-03-14T16:34:49.145-04:00,IdeState,Inactive,,*,-1,-1
2025-03-14T16:34:50.159-04:00,IdeState,Inactive,,*,-1,-1
2025-03-14T16:34:51.173-04:00,IdeState,Inactive,,*,-1,-1
2025-03-14T16:34:52.177-04:00,IdeState,Inactive,,*,-1,-1
2025-03-14T16:34:53.193-04:00,IdeState,Inactive,,*,-1,-1
2025-03-14T16:34:54.204-04:00,IdeState,Inactive,,*,-1,-1
2025-03-14T16:34:55.215-04:00,IdeState,Inactive,,*,-1,-1
2025-03-14T16:34:56.231-04:00,IdeState,Inactive,,*,-1,-1
2025-03-14T16:34:57.245-04:00,IdeState,Inactive,,*,-1,-1
2025-03-14T16:34:58.246-04:00,IdeState,Inactive,,*,-1,-1
2025-03-14T16:34:59.262-04:00,IdeState,Inactive,,*,-1,-1
2025-03-14T16:35:00.272-04:00,IdeState,Inactive,,*,-1,-1
2025-03-14T16:35:01.285-04:00,IdeState,Inactive,,*,-1,-1
2025-03-14T16:35:02.300-04:00,IdeState,Inactive,,*,-1,-1
2025-03-14T16:35:03.315-04:00,IdeState,Inactive,,*,-1,-1
2025-03-14T16:35:04.326-04:00,IdeState,Inactive,,*,-1,-1
2025-03-14T16:35:05.341-04:00,IdeState,Inactive,,*,-1,-1
2025-03-14T16:35:06.356-04:00,IdeState,Inactive,,*,-1,-1
2025-03-14T16:35:07.357-04:00,IdeState,Inactive,,*,-1,-1
2025-03-14T16:35:08.372-04:00,IdeState,Inactive,,*,-1,-1
2025-03-14T16:35:09.399-04:00,IdeState,Inactive,,*,-1,-1
2025-03-14T16:35:10.401-04:00,IdeState,Inactive,,*,-1,-1
2025-03-14T16:35:11.413-04:00,IdeState,Inactive,,*,-1,-1
2025-03-14T16:35:12.424-04:00,IdeState,Inactive,,*,-1,-1
2025-03-14T16:35:13.427-04:00,IdeState,Inactive,,*,-1,-1
2025-03-14T16:35:14.428-04:00,IdeState,Inactive,,*,-1,-1
2025-03-14T16:35:15.443-04:00,IdeState,Inactive,,*,-1,-1
2025-03-14T16:35:16.456-04:00,IdeState,Inactive,,*,-1,-1
2025-03-14T16:35:17.457-04:00,IdeState,Inactive,,*,-1,-1
2025-03-14T16:35:18.472-04:00,IdeState,Inactive,,*,-1,-1
2025-03-14T16:35:19.480-04:00,IdeState,Inactive,,*,-1,-1
2025-03-14T16:35:20.494-04:00,IdeState,Inactive,,*,-1,-1
2025-03-14T16:35:21.511-04:00,IdeState,Inactive,,*,-1,-1
2025-03-14T16:35:22.525-04:00,IdeState,Inactive,,*,-1,-1
2025-03-14T16:35:23.540-04:00,IdeState,Inactive,,*,-1,-1
2025-03-14T16:35:24.555-04:00,IdeState,Inactive,,*,-1,-1
2025-03-14T16:35:25.558-04:00,IdeState,Inactive,,*,-1,-1
2025-03-14T16:35:26.566-04:00,IdeState,Inactive,,*,-1,-1
2025-03-14T16:35:27.577-04:00,IdeState,Inactive,,*,-1,-1
2025-03-14T16:35:28.591-04:00,IdeState,Inactive,,*,-1,-1
2025-03-14T16:35:29.599-04:00,IdeState,Inactive,,*,-1,-1
2025-03-14T16:35:30.608-04:00,IdeState,Inactive,,*,-1,-1
2025-03-14T16:35:31.623-04:00,IdeState,Inactive,,*,-1,-1
2025-03-14T16:35:32.638-04:00,IdeState,Inactive,,*,-1,-1
2025-03-14T16:35:33.655-04:00,IdeState,Inactive,,*,-1,-1
2025-03-14T16:35:34.670-04:00,IdeState,Inactive,,*,-1,-1
2025-03-14T16:35:35.677-04:00,IdeState,Inactive,,*,-1,-1
2025-03-14T16:35:36.680-04:00,IdeState,Inactive,,*,-1,-1
2025-03-14T16:35:37.694-04:00,IdeState,Inactive,,*,-1,-1
2025-03-14T16:35:38.708-04:00,IdeState,Inactive,,*,-1,-1
2025-03-14T16:35:39.721-04:00,IdeState,Inactive,,*,-1,-1
2025-03-14T16:35:40.725-04:00,IdeState,Inactive,,*,-1,-1
2025-03-14T16:35:41.737-04:00,IdeState,Inactive,,*,-1,-1
2025-03-14T16:35:42.742-04:00,IdeState,Inactive,,*,-1,-1
2025-03-14T16:35:43.755-04:00,IdeState,Inactive,,*,-1,-1
2025-03-14T16:35:44.771-04:00,IdeState,Inactive,,*,-1,-1
2025-03-14T16:35:45.778-04:00,IdeState,Inactive,,*,-1,-1
2025-03-14T16:35:46.794-04:00,IdeState,Inactive,,*,-1,-1
2025-03-14T16:35:47.806-04:00,IdeState,Inactive,,*,-1,-1
2025-03-14T16:35:48.819-04:00,IdeState,Inactive,,*,-1,-1
2025-03-14T16:35:49.823-04:00,IdeState,Inactive,,*,-1,-1
2025-03-14T16:35:50.838-04:00,IdeState,Inactive,,*,-1,-1
2025-03-14T16:35:51.852-04:00,IdeState,Inactive,,*,-1,-1
2025-03-14T16:35:52.866-04:00,IdeState,Inactive,,*,-1,-1
2025-03-14T16:35:53.881-04:00,IdeState,Inactive,,*,-1,-1
2025-03-14T16:35:54.894-04:00,IdeState,Inactive,,*,-1,-1
2025-03-14T16:35:55.908-04:00,IdeState,Inactive,,*,-1,-1
2025-03-14T16:35:56.923-04:00,IdeState,Inactive,,*,-1,-1
2025-03-14T16:35:57.939-04:00,IdeState,Inactive,,*,-1,-1
2025-03-14T16:35:58.941-04:00,IdeState,Inactive,,*,-1,-1
2025-03-14T16:35:59.953-04:00,IdeState,Inactive,,*,-1,-1
2025-03-14T16:36:00.957-04:00,IdeState,Inactive,,*,-1,-1
2025-03-14T16:36:01.968-04:00,IdeState,Inactive,,*,-1,-1
2025-03-14T16:36:02.980-04:00,IdeState,Inactive,,*,-1,-1
2025-03-14T16:36:03.991-04:00,IdeState,Inactive,,*,-1,-1
2025-03-14T16:36:05.006-04:00,IdeState,Inactive,,*,-1,-1
2025-03-14T16:36:06.019-04:00,IdeState,Inactive,,*,-1,-1
2025-03-14T16:36:07.034-04:00,IdeState,Inactive,,*,-1,-1
2025-03-14T16:36:08.035-04:00,IdeState,Inactive,,*,-1,-1
2025-03-14T16:36:09.044-04:00,IdeState,Inactive,,*,-1,-1
2025-03-14T16:36:10.056-04:00,IdeState,Inactive,,*,-1,-1
2025-03-14T16:36:11.069-04:00,IdeState,Inactive,,*,-1,-1
2025-03-14T16:36:12.083-04:00,IdeState,Inactive,,*,-1,-1
2025-03-14T16:36:13.092-04:00,IdeState,Inactive,,*,-1,-1
2025-03-14T16:36:14.110-04:00,IdeState,Inactive,,*,-1,-1
2025-03-14T16:36:15.123-04:00,IdeState,Inactive,,*,-1,-1
2025-03-14T16:36:16.126-04:00,IdeState,Inactive,,*,-1,-1
2025-03-14T16:36:17.127-04:00,IdeState,Inactive,,*,-1,-1
2025-03-14T16:36:18.131-04:00,IdeState,Inactive,,*,-1,-1
2025-03-14T16:36:19.142-04:00,IdeState,Inactive,,*,-1,-1
2025-03-14T16:36:20.159-04:00,IdeState,Inactive,,*,-1,-1
2025-03-14T16:36:21.170-04:00,IdeState,Inactive,,*,-1,-1
2025-03-14T16:36:22.200-04:00,IdeState,Inactive,,*,-1,-1
2025-03-14T16:36:23.213-04:00,IdeState,Inactive,,*,-1,-1
2025-03-14T16:36:24.228-04:00,IdeState,Inactive,,*,-1,-1
2025-03-14T16:36:25.239-04:00,IdeState,Inactive,,*,-1,-1
2025-03-14T16:36:26.253-04:00,IdeState,Inactive,,*,-1,-1
2025-03-14T16:36:27.266-04:00,IdeState,Inactive,,*,-1,-1
2025-03-14T16:36:28.278-04:00,IdeState,Inactive,,*,-1,-1
2025-03-14T16:36:29.294-04:00,IdeState,Inactive,,*,-1,-1
2025-03-14T16:36:30.304-04:00,IdeState,Inactive,,*,-1,-1
2025-03-14T16:36:31.317-04:00,IdeState,Inactive,,*,-1,-1
2025-03-14T16:36:32.335-04:00,IdeState,Inactive,,*,-1,-1
2025-03-14T16:36:33.337-04:00,IdeState,Inactive,,*,-1,-1
2025-03-14T16:36:34.350-04:00,IdeState,Inactive,,*,-1,-1
2025-03-14T16:36:35.361-04:00,IdeState,Inactive,,*,-1,-1
2025-03-14T16:36:36.374-04:00,IdeState,Inactive,,*,-1,-1
2025-03-14T16:36:37.382-04:00,IdeState,Inactive,,*,-1,-1
2025-03-14T16:36:38.386-04:00,IdeState,Inactive,,*,-1,-1
2025-03-14T16:36:39.400-04:00,IdeState,Inactive,,*,-1,-1
2025-03-14T16:36:40.413-04:00,IdeState,Inactive,,*,-1,-1
2025-03-14T16:36:41.429-04:00,IdeState,Inactive,,*,-1,-1
2025-03-14T16:36:42.440-04:00,IdeState,Inactive,,*,-1,-1
2025-03-14T16:36:43.454-04:00,IdeState,Inactive,,*,-1,-1
2025-03-14T16:36:44.457-04:00,IdeState,Inactive,,*,-1,-1
2025-03-14T16:36:45.468-04:00,IdeState,Inactive,,*,-1,-1
2025-03-14T16:36:46.480-04:00,IdeState,Inactive,,*,-1,-1
2025-03-14T16:36:47.491-04:00,IdeState,Inactive,,*,-1,-1
2025-03-14T16:36:48.496-04:00,IdeState,Inactive,,*,-1,-1
2025-03-14T16:36:49.510-04:00,IdeState,Inactive,,*,-1,-1
2025-03-14T16:36:50.534-04:00,IdeState,Inactive,,*,-1,-1
2025-03-14T16:36:51.548-04:00,IdeState,Inactive,,*,-1,-1
2025-03-14T16:36:52.550-04:00,IdeState,Inactive,,*,-1,-1
2025-03-14T16:36:53.564-04:00,IdeState,Inactive,,*,-1,-1
2025-03-14T16:36:54.575-04:00,IdeState,Inactive,,*,-1,-1
2025-03-14T16:36:55.587-04:00,IdeState,Inactive,,*,-1,-1
2025-03-14T16:36:56.601-04:00,IdeState,Inactive,,*,-1,-1
2025-03-14T16:36:57.611-04:00,IdeState,Inactive,,*,-1,-1
2025-03-14T16:36:58.623-04:00,IdeState,Inactive,,*,-1,-1
2025-03-14T16:36:59.636-04:00,IdeState,Inactive,,*,-1,-1
2025-03-14T16:37:00.651-04:00,IdeState,Inactive,,*,-1,-1
2025-03-14T16:37:01.657-04:00,IdeState,Inactive,,*,-1,-1
2025-03-14T16:37:02.670-04:00,IdeState,Inactive,,*,-1,-1
2025-03-14T16:37:03.681-04:00,IdeState,Inactive,,*,-1,-1
2025-03-14T16:37:04.693-04:00,IdeState,Inactive,,*,-1,-1
2025-03-14T16:37:05.703-04:00,IdeState,Inactive,,*,-1,-1
2025-03-14T16:37:06.706-04:00,IdeState,Inactive,,*,-1,-1
2025-03-14T16:37:07.709-04:00,IdeState,Inactive,,*,-1,-1
2025-03-14T16:37:08.722-04:00,IdeState,Inactive,,*,-1,-1
2025-03-14T16:37:09.723-04:00,IdeState,Inactive,,*,-1,-1
2025-03-14T16:37:10.736-04:00,IdeState,Inactive,,*,-1,-1
2025-03-14T16:37:11.738-04:00,IdeState,Inactive,,*,-1,-1
2025-03-14T16:37:12.749-04:00,IdeState,Inactive,,*,-1,-1
2025-03-14T16:37:13.751-04:00,IdeState,Inactive,,*,-1,-1
2025-03-14T16:37:14.764-04:00,IdeState,Inactive,,*,-1,-1
2025-03-14T16:37:15.765-04:00,IdeState,Inactive,,*,-1,-1
2025-03-14T16:37:16.776-04:00,IdeState,Inactive,,*,-1,-1
2025-03-14T16:37:17.778-04:00,IdeState,Inactive,,*,-1,-1
2025-03-14T16:37:18.783-04:00,IdeState,Inactive,,*,-1,-1
2025-03-14T16:37:19.784-04:00,IdeState,Inactive,,*,-1,-1
2025-03-14T16:37:20.795-04:00,IdeState,Inactive,,*,-1,-1
2025-03-14T16:37:21.798-04:00,IdeState,Inactive,,*,-1,-1
2025-03-14T16:37:22.809-04:00,IdeState,Inactive,,*,-1,-1
2025-03-14T16:37:23.812-04:00,IdeState,Inactive,,*,-1,-1
2025-03-14T16:37:24.823-04:00,IdeState,Inactive,,*,-1,-1
2025-03-14T16:37:25.834-04:00,IdeState,Inactive,,*,-1,-1
2025-03-14T16:37:26.850-04:00,IdeState,Inactive,,*,-1,-1
2025-03-14T16:37:27.864-04:00,IdeState,Inactive,,*,-1,-1
2025-03-14T16:37:28.879-04:00,IdeState,Inactive,,*,-1,-1
2025-03-14T16:37:29.893-04:00,IdeState,Inactive,,*,-1,-1
2025-03-14T16:37:30.908-04:00,IdeState,Inactive,,*,-1,-1
2025-03-14T16:37:31.909-04:00,IdeState,Inactive,,*,-1,-1
2025-03-14T16:37:32.924-04:00,IdeState,Inactive,,*,-1,-1
2025-03-14T16:37:33.939-04:00,IdeState,Inactive,,*,-1,-1
2025-03-14T16:37:34.950-04:00,IdeState,Inactive,,*,-1,-1
2025-03-14T16:37:35.965-04:00,IdeState,Inactive,,*,-1,-1
2025-03-14T16:37:36.967-04:00,IdeState,Inactive,,*,-1,-1
2025-03-14T16:37:37.982-04:00,IdeState,Inactive,,*,-1,-1
2025-03-14T16:37:38.984-04:00,IdeState,Inactive,,*,-1,-1
2025-03-14T16:37:39.986-04:00,IdeState,Inactive,,*,-1,-1
2025-03-14T16:37:40.999-04:00,IdeState,Inactive,,*,-1,-1
2025-03-14T16:37:42.001-04:00,IdeState,Inactive,,*,-1,-1
2025-03-14T16:37:43.020-04:00,IdeState,Inactive,,*,-1,-1
2025-03-14T16:37:44.032-04:00,IdeState,Inactive,,*,-1,-1
2025-03-14T16:37:45.042-04:00,IdeState,Inactive,,*,-1,-1
2025-03-14T16:37:46.057-04:00,IdeState,Inactive,,*,-1,-1
2025-03-14T16:37:47.062-04:00,IdeState,Inactive,,*,-1,-1
2025-03-14T16:37:48.074-04:00,IdeState,Inactive,,*,-1,-1
2025-03-14T16:37:49.088-04:00,IdeState,Inactive,,*,-1,-1
2025-03-14T16:37:50.094-04:00,IdeState,Inactive,,*,-1,-1
2025-03-14T16:37:51.098-04:00,IdeState,Inactive,,*,-1,-1
2025-03-14T16:37:52.100-04:00,IdeState,Inactive,,*,-1,-1
2025-03-14T16:37:53.108-04:00,IdeState,Inactive,,*,-1,-1
2025-03-14T16:37:54.121-04:00,IdeState,Inactive,,*,-1,-1
2025-03-14T16:37:55.136-04:00,IdeState,Inactive,,*,-1,-1
2025-03-14T16:37:56.137-04:00,IdeState,Inactive,,*,-1,-1
2025-03-14T16:37:57.152-04:00,IdeState,Inactive,,*,-1,-1
2025-03-14T16:37:58.154-04:00,IdeState,Inactive,,*,-1,-1
2025-03-14T16:37:59.170-04:00,IdeState,Inactive,,*,-1,-1
2025-03-14T16:38:00.184-04:00,IdeState,Inactive,,*,-1,-1
2025-03-14T16:38:01.195-04:00,IdeState,Inactive,,*,-1,-1
2025-03-14T16:38:02.211-04:00,IdeState,Inactive,,*,-1,-1
2025-03-14T16:38:03.224-04:00,IdeState,Inactive,,*,-1,-1
2025-03-14T16:38:04.239-04:00,IdeState,Inactive,,*,-1,-1
2025-03-14T16:38:05.253-04:00,IdeState,Inactive,,*,-1,-1
2025-03-14T16:38:06.255-04:00,IdeState,Inactive,,*,-1,-1
2025-03-14T16:38:07.284-04:00,IdeState,Inactive,,*,-1,-1
2025-03-14T16:38:08.301-04:00,IdeState,Inactive,,*,-1,-1
2025-03-14T16:38:09.311-04:00,IdeState,Inactive,,*,-1,-1
2025-03-14T16:38:10.321-04:00,IdeState,Inactive,,*,-1,-1
2025-03-14T16:38:11.336-04:00,IdeState,Inactive,,*,-1,-1
2025-03-14T16:38:12.337-04:00,IdeState,Inactive,,*,-1,-1
2025-03-14T16:38:13.360-04:00,IdeState,Inactive,,*,-1,-1
2025-03-14T16:38:14.370-04:00,IdeState,Inactive,,*,-1,-1
2025-03-14T16:38:15.382-04:00,IdeState,Inactive,,*,-1,-1
2025-03-14T16:38:16.389-04:00,IdeState,Inactive,,*,-1,-1
2025-03-14T16:38:17.394-04:00,IdeState,Inactive,,*,-1,-1
2025-03-14T16:38:18.409-04:00,IdeState,Inactive,,*,-1,-1
2025-03-14T16:38:19.419-04:00,IdeState,Inactive,,*,-1,-1
2025-03-14T16:38:20.435-04:00,IdeState,Inactive,,*,-1,-1
2025-03-14T16:38:21.436-04:00,IdeState,Inactive,,*,-1,-1
2025-03-14T16:38:22.449-04:00,IdeState,Inactive,,*,-1,-1
2025-03-14T16:38:23.450-04:00,IdeState,Inactive,,*,-1,-1
2025-03-14T16:38:24.458-04:00,IdeState,Inactive,,*,-1,-1
2025-03-14T16:38:25.461-04:00,IdeState,Inactive,,*,-1,-1
2025-03-14T16:38:26.464-04:00,IdeState,Inactive,,*,-1,-1
2025-03-14T16:38:27.477-04:00,IdeState,Inactive,,*,-1,-1
2025-03-14T16:38:28.478-04:00,IdeState,Inactive,,*,-1,-1
2025-03-14T16:38:29.491-04:00,IdeState,Inactive,,*,-1,-1
2025-03-14T16:38:30.504-04:00,IdeState,Inactive,,*,-1,-1
2025-03-14T16:38:31.516-04:00,IdeState,Inactive,,*,-1,-1
2025-03-14T16:38:32.529-04:00,IdeState,Inactive,,*,-1,-1
2025-03-14T16:38:33.542-04:00,IdeState,Inactive,,*,-1,-1
2025-03-14T16:38:34.558-04:00,IdeState,Inactive,,*,-1,-1
2025-03-14T16:38:35.579-04:00,IdeState,Inactive,,*,-1,-1
2025-03-14T16:38:36.582-04:00,IdeState,Inactive,,*,-1,-1
2025-03-14T16:38:37.583-04:00,IdeState,Inactive,,*,-1,-1
2025-03-14T16:38:38.584-04:00,IdeState,Inactive,,*,-1,-1
2025-03-14T16:38:39.598-04:00,IdeState,Inactive,,*,-1,-1
2025-03-14T16:38:40.601-04:00,IdeState,Inactive,,*,-1,-1
2025-03-14T16:38:41.612-04:00,IdeState,Inactive,,*,-1,-1
2025-03-14T16:38:42.626-04:00,IdeState,Inactive,,*,-1,-1
2025-03-14T16:38:43.630-04:00,IdeState,Inactive,,*,-1,-1
2025-03-14T16:38:44.647-04:00,IdeState,Inactive,,*,-1,-1
2025-03-14T16:38:45.658-04:00,IdeState,Inactive,,*,-1,-1
2025-03-14T16:38:46.660-04:00,IdeState,Inactive,,*,-1,-1
2025-03-14T16:38:47.673-04:00,IdeState,Inactive,,*,-1,-1
2025-03-14T16:38:48.683-04:00,IdeState,Inactive,,*,-1,-1
2025-03-14T16:38:49.697-04:00,IdeState,Inactive,,*,-1,-1
2025-03-14T16:38:50.709-04:00,IdeState,Inactive,,*,-1,-1
2025-03-14T16:38:51.720-04:00,IdeState,Inactive,,*,-1,-1
2025-03-14T16:38:52.724-04:00,IdeState,Inactive,,*,-1,-1
2025-03-14T16:38:53.737-04:00,IdeState,Inactive,,*,-1,-1
2025-03-14T16:38:54.750-04:00,IdeState,Inactive,,*,-1,-1
2025-03-14T16:38:55.751-04:00,IdeState,Inactive,,*,-1,-1
2025-03-14T16:38:56.767-04:00,IdeState,Inactive,,*,-1,-1
2025-03-14T16:38:57.768-04:00,IdeState,Inactive,,*,-1,-1
2025-03-14T16:38:58.771-04:00,IdeState,Inactive,,*,-1,-1
2025-03-14T16:38:59.786-04:00,IdeState,Inactive,,*,-1,-1
2025-03-14T16:39:00.799-04:00,IdeState,Inactive,,*,-1,-1
2025-03-14T16:39:01.814-04:00,IdeState,Inactive,,*,-1,-1
2025-03-14T16:39:02.817-04:00,IdeState,Inactive,,*,-1,-1
2025-03-14T16:39:03.832-04:00,IdeState,Inactive,,*,-1,-1
2025-03-14T16:39:04.834-04:00,IdeState,Inactive,,*,-1,-1
2025-03-14T16:39:05.849-04:00,IdeState,Inactive,,*,-1,-1
2025-03-14T16:39:06.850-04:00,IdeState,Inactive,,*,-1,-1
2025-03-14T16:39:07.864-04:00,IdeState,Inactive,,*,-1,-1
2025-03-14T16:39:08.867-04:00,IdeState,Inactive,,*,-1,-1
2025-03-14T16:39:09.879-04:00,IdeState,Inactive,,*,-1,-1
2025-03-14T16:39:10.895-04:00,IdeState,Inactive,,*,-1,-1
2025-03-14T16:39:11.896-04:00,IdeState,Inactive,,*,-1,-1
2025-03-14T16:39:12.908-04:00,IdeState,Inactive,,*,-1,-1
2025-03-14T16:39:13.923-04:00,IdeState,Inactive,,*,-1,-1
2025-03-14T16:39:14.938-04:00,IdeState,Inactive,,*,-1,-1
2025-03-14T16:39:15.954-04:00,IdeState,Inactive,,*,-1,-1
2025-03-14T16:39:16.966-04:00,IdeState,Inactive,,*,-1,-1
2025-03-14T16:39:17.969-04:00,IdeState,Inactive,,*,-1,-1
2025-03-14T16:39:18.976-04:00,IdeState,Inactive,,*,-1,-1
2025-03-14T16:39:19.992-04:00,IdeState,Inactive,,*,-1,-1
2025-03-14T16:39:21.005-04:00,IdeState,Inactive,,*,-1,-1
2025-03-14T16:39:22.019-04:00,IdeState,Inactive,,*,-1,-1
2025-03-14T16:39:23.022-04:00,IdeState,Inactive,,*,-1,-1
2025-03-14T16:39:24.023-04:00,IdeState,Inactive,,*,-1,-1
2025-03-14T16:39:25.029-04:00,IdeState,Inactive,,*,-1,-1
2025-03-14T16:39:26.044-04:00,IdeState,Inactive,,*,-1,-1
2025-03-14T16:39:27.047-04:00,IdeState,Inactive,,*,-1,-1
2025-03-14T16:39:28.056-04:00,IdeState,Inactive,,*,-1,-1
2025-03-14T16:39:29.059-04:00,IdeState,Inactive,,*,-1,-1
2025-03-14T16:39:30.063-04:00,IdeState,Inactive,,*,-1,-1
2025-03-14T16:39:31.067-04:00,IdeState,Inactive,,*,-1,-1
2025-03-14T16:39:32.069-04:00,IdeState,Inactive,,*,-1,-1
2025-03-14T16:39:33.079-04:00,IdeState,Inactive,,*,-1,-1
2025-03-14T16:39:34.090-04:00,IdeState,Inactive,,*,-1,-1
2025-03-14T16:39:35.106-04:00,IdeState,Inactive,,*,-1,-1
2025-03-14T16:39:36.108-04:00,IdeState,Inactive,,*,-1,-1
2025-03-14T16:39:37.121-04:00,IdeState,Inactive,,*,-1,-1
2025-03-14T16:39:38.132-04:00,IdeState,Inactive,,*,-1,-1
2025-03-14T16:39:39.135-04:00,IdeState,Inactive,,*,-1,-1
2025-03-14T16:39:40.144-04:00,IdeState,Inactive,,*,-1,-1
2025-03-14T16:39:41.155-04:00,IdeState,Inactive,,*,-1,-1
2025-03-14T16:39:42.170-04:00,IdeState,Inactive,,*,-1,-1
2025-03-14T16:39:43.186-04:00,IdeState,Inactive,,*,-1,-1
2025-03-14T16:39:44.187-04:00,IdeState,Inactive,,*,-1,-1
2025-03-14T16:39:45.199-04:00,IdeState,Inactive,,*,-1,-1
2025-03-14T16:39:46.201-04:00,IdeState,Inactive,,*,-1,-1
2025-03-14T16:39:47.214-04:00,IdeState,Inactive,,*,-1,-1
2025-03-14T16:39:48.230-04:00,IdeState,Inactive,,*,-1,-1
2025-03-14T16:39:49.246-04:00,IdeState,Inactive,,*,-1,-1
2025-03-14T16:39:50.259-04:00,IdeState,Inactive,,*,-1,-1
2025-03-14T16:39:51.271-04:00,IdeState,Inactive,,*,-1,-1
2025-03-14T16:39:52.284-04:00,IdeState,Inactive,,*,-1,-1
2025-03-14T16:39:53.297-04:00,IdeState,Inactive,,*,-1,-1
2025-03-14T16:39:54.308-04:00,IdeState,Inactive,,*,-1,-1
2025-03-14T16:39:55.322-04:00,IdeState,Inactive,,*,-1,-1
2025-03-14T16:39:56.326-04:00,IdeState,Inactive,,*,-1,-1
2025-03-14T16:39:57.341-04:00,IdeState,Inactive,,*,-1,-1
2025-03-14T16:39:58.356-04:00,IdeState,Inactive,,*,-1,-1
2025-03-14T16:39:59.373-04:00,IdeState,Inactive,,*,-1,-1
2025-03-14T16:40:00.380-04:00,IdeState,Inactive,,*,-1,-1
2025-03-14T16:40:01.381-04:00,IdeState,Inactive,,*,-1,-1
2025-03-14T16:40:02.395-04:00,IdeState,Inactive,,*,-1,-1
2025-03-14T16:40:03.396-04:00,IdeState,Inactive,,*,-1,-1
2025-03-14T16:40:04.412-04:00,IdeState,Inactive,,*,-1,-1
2025-03-14T16:40:05.427-04:00,IdeState,Inactive,,*,-1,-1
2025-03-14T16:40:06.431-04:00,IdeState,Inactive,,*,-1,-1
2025-03-14T16:40:07.446-04:00,IdeState,Inactive,,*,-1,-1
2025-03-14T16:40:08.459-04:00,IdeState,Inactive,,*,-1,-1
2025-03-14T16:40:09.472-04:00,IdeState,Inactive,,*,-1,-1
2025-03-14T16:40:10.475-04:00,IdeState,Inactive,,*,-1,-1
2025-03-14T16:40:11.487-04:00,IdeState,Inactive,,*,-1,-1
2025-03-14T16:40:12.501-04:00,IdeState,Inactive,,*,-1,-1
2025-03-14T16:40:13.503-04:00,IdeState,Inactive,,*,-1,-1
2025-03-14T16:40:14.517-04:00,IdeState,Inactive,,*,-1,-1
2025-03-14T16:40:15.530-04:00,IdeState,Inactive,,*,-1,-1
2025-03-14T16:40:16.533-04:00,IdeState,Inactive,,*,-1,-1
2025-03-14T16:40:17.548-04:00,IdeState,Inactive,,*,-1,-1
2025-03-14T16:40:18.560-04:00,IdeState,Inactive,,*,-1,-1
2025-03-14T16:40:19.563-04:00,IdeState,Inactive,,*,-1,-1
2025-03-14T16:40:20.575-04:00,IdeState,Inactive,,*,-1,-1
2025-03-14T16:40:21.576-04:00,IdeState,Inactive,,*,-1,-1
2025-03-14T16:40:22.591-04:00,IdeState,Inactive,,*,-1,-1
2025-03-14T16:40:23.600-04:00,IdeState,Inactive,,*,-1,-1
2025-03-14T16:40:24.616-04:00,IdeState,Inactive,,*,-1,-1
2025-03-14T16:40:25.619-04:00,IdeState,Inactive,,*,-1,-1
2025-03-14T16:40:26.629-04:00,IdeState,Inactive,,*,-1,-1
2025-03-14T16:40:27.640-04:00,IdeState,Inactive,,*,-1,-1
2025-03-14T16:40:28.647-04:00,IdeState,Inactive,,*,-1,-1
2025-03-14T16:40:29.661-04:00,IdeState,Inactive,,*,-1,-1
2025-03-14T16:40:30.664-04:00,IdeState,Inactive,,*,-1,-1
2025-03-14T16:40:31.676-04:00,IdeState,Inactive,,*,-1,-1
2025-03-14T16:40:32.691-04:00,IdeState,Inactive,,*,-1,-1
2025-03-14T16:40:33.695-04:00,IdeState,Inactive,,*,-1,-1
2025-03-14T16:40:34.701-04:00,IdeState,Inactive,,*,-1,-1
2025-03-14T16:40:35.713-04:00,IdeState,Inactive,,*,-1,-1
2025-03-14T16:40:36.723-04:00,IdeState,Inactive,,*,-1,-1
2025-03-14T16:40:37.738-04:00,IdeState,Inactive,,*,-1,-1
2025-03-14T16:40:38.753-04:00,IdeState,Inactive,,*,-1,-1
2025-03-14T16:40:39.754-04:00,IdeState,Inactive,,*,-1,-1
2025-03-14T16:40:40.763-04:00,IdeState,Inactive,,*,-1,-1
2025-03-14T16:40:41.778-04:00,IdeState,Inactive,,*,-1,-1
2025-03-14T16:40:42.793-04:00,IdeState,Inactive,,*,-1,-1
2025-03-14T16:40:43.808-04:00,IdeState,Inactive,,*,-1,-1
2025-03-14T16:40:44.821-04:00,IdeState,Inactive,,*,-1,-1
2025-03-14T16:40:45.833-04:00,IdeState,Inactive,,*,-1,-1
2025-03-14T16:40:46.834-04:00,IdeState,Inactive,,*,-1,-1
2025-03-14T16:40:47.839-04:00,IdeState,Inactive,,*,-1,-1
2025-03-14T16:40:48.853-04:00,IdeState,Inactive,,*,-1,-1
2025-03-14T16:40:49.868-04:00,IdeState,Inactive,,*,-1,-1
2025-03-14T16:40:50.884-04:00,IdeState,Inactive,,*,-1,-1
2025-03-14T16:40:51.898-04:00,IdeState,Inactive,,*,-1,-1
2025-03-14T16:40:52.903-04:00,IdeState,Inactive,,*,-1,-1
2025-03-14T16:40:53.908-04:00,IdeState,Inactive,,*,-1,-1
2025-03-14T16:40:54.910-04:00,IdeState,Inactive,,*,-1,-1
2025-03-14T16:40:55.920-04:00,IdeState,Inactive,,*,-1,-1
2025-03-14T16:40:56.935-04:00,IdeState,Inactive,,*,-1,-1
2025-03-14T16:40:57.950-04:00,IdeState,Inactive,,*,-1,-1
2025-03-14T16:40:58.964-04:00,IdeState,Inactive,,*,-1,-1
2025-03-14T16:40:59.977-04:00,IdeState,Inactive,,*,-1,-1
2025-03-14T16:41:00.981-04:00,IdeState,Inactive,,*,-1,-1
2025-03-14T16:41:01.982-04:00,IdeState,Inactive,,*,-1,-1
2025-03-14T16:41:02.998-04:00,IdeState,Inactive,,*,-1,-1
2025-03-14T16:41:04.010-04:00,IdeState,Inactive,,*,-1,-1
2025-03-14T16:41:05.015-04:00,IdeState,Inactive,,*,-1,-1
2025-03-14T16:41:06.020-04:00,IdeState,Inactive,,*,-1,-1
2025-03-14T16:41:07.032-04:00,IdeState,Inactive,,*,-1,-1
2025-03-14T16:41:08.044-04:00,IdeState,Inactive,,*,-1,-1
2025-03-14T16:41:09.048-04:00,IdeState,Inactive,,*,-1,-1
2025-03-14T16:41:10.062-04:00,IdeState,Inactive,,*,-1,-1
2025-03-14T16:41:11.077-04:00,IdeState,Inactive,,*,-1,-1
2025-03-14T16:41:12.080-04:00,IdeState,Inactive,,*,-1,-1
2025-03-14T16:41:13.092-04:00,IdeState,Inactive,,*,-1,-1
2025-03-14T16:41:14.105-04:00,IdeState,Inactive,,*,-1,-1
2025-03-14T16:41:15.108-04:00,IdeState,Inactive,,*,-1,-1
2025-03-14T16:41:16.116-04:00,IdeState,Inactive,,*,-1,-1
2025-03-14T16:41:17.132-04:00,IdeState,Inactive,,*,-1,-1
2025-03-14T16:41:18.141-04:00,IdeState,Inactive,,*,-1,-1
2025-03-14T16:41:19.156-04:00,IdeState,Inactive,,*,-1,-1
2025-03-14T16:41:20.170-04:00,IdeState,Inactive,,*,-1,-1
2025-03-14T16:41:21.172-04:00,IdeState,Inactive,,*,-1,-1
2025-03-14T16:41:22.175-04:00,IdeState,Inactive,,*,-1,-1
2025-03-14T16:41:23.193-04:00,IdeState,Inactive,,*,-1,-1
2025-03-14T16:41:24.196-04:00,IdeState,Inactive,,*,-1,-1
2025-03-14T16:41:25.213-04:00,IdeState,Inactive,,*,-1,-1
2025-03-14T16:41:26.228-04:00,IdeState,Inactive,,*,-1,-1
2025-03-14T16:41:27.230-04:00,IdeState,Inactive,,*,-1,-1
2025-03-14T16:41:28.243-04:00,IdeState,Inactive,,*,-1,-1
2025-03-14T16:41:29.258-04:00,IdeState,Inactive,,*,-1,-1
2025-03-14T16:41:30.259-04:00,IdeState,Inactive,,*,-1,-1
2025-03-14T16:41:31.275-04:00,IdeState,Inactive,,*,-1,-1
2025-03-14T16:41:32.282-04:00,IdeState,Inactive,,*,-1,-1
2025-03-14T16:41:33.297-04:00,IdeState,Inactive,,*,-1,-1
2025-03-14T16:41:34.312-04:00,IdeState,Inactive,,*,-1,-1
2025-03-14T16:41:35.314-04:00,IdeState,Inactive,,*,-1,-1
2025-03-14T16:41:36.325-04:00,IdeState,Inactive,,*,-1,-1
2025-03-14T16:41:37.338-04:00,IdeState,Inactive,,*,-1,-1
2025-03-14T16:41:38.351-04:00,IdeState,Inactive,,*,-1,-1
2025-03-14T16:41:39.366-04:00,IdeState,Inactive,,*,-1,-1
2025-03-14T16:41:40.368-04:00,IdeState,Inactive,,*,-1,-1
2025-03-14T16:41:41.374-04:00,IdeState,Inactive,,*,-1,-1
2025-03-14T16:41:42.385-04:00,IdeState,Inactive,,*,-1,-1
2025-03-14T16:41:43.388-04:00,IdeState,Inactive,,*,-1,-1
2025-03-14T16:41:44.401-04:00,IdeState,Inactive,,*,-1,-1
2025-03-14T16:41:45.402-04:00,IdeState,Inactive,,*,-1,-1
2025-03-14T16:41:46.413-04:00,IdeState,Inactive,,*,-1,-1
2025-03-14T16:41:47.428-04:00,IdeState,Inactive,,*,-1,-1
2025-03-14T16:41:48.436-04:00,IdeState,Inactive,,*,-1,-1
2025-03-14T16:41:49.438-04:00,IdeState,Inactive,,*,-1,-1
2025-03-14T16:41:50.451-04:00,IdeState,Inactive,,*,-1,-1
2025-03-14T16:41:51.464-04:00,IdeState,Inactive,,*,-1,-1
2025-03-14T16:41:52.467-04:00,IdeState,Inactive,,*,-1,-1
2025-03-14T16:41:53.480-04:00,IdeState,Inactive,,*,-1,-1
2025-03-14T16:41:54.491-04:00,IdeState,Inactive,,*,-1,-1
2025-03-14T16:41:55.497-04:00,IdeState,Inactive,,*,-1,-1
2025-03-14T16:41:56.505-04:00,IdeState,Inactive,,*,-1,-1
2025-03-14T16:41:57.519-04:00,IdeState,Inactive,,*,-1,-1
2025-03-14T16:41:58.520-04:00,IdeState,Inactive,,*,-1,-1
2025-03-14T16:41:59.535-04:00,IdeState,Inactive,,*,-1,-1
2025-03-14T16:42:00.536-04:00,IdeState,Inactive,,*,-1,-1
2025-03-14T16:42:01.552-04:00,IdeState,Inactive,,*,-1,-1
2025-03-14T16:42:02.553-04:00,IdeState,Inactive,,*,-1,-1
2025-03-14T16:42:03.568-04:00,IdeState,Inactive,,*,-1,-1
2025-03-14T16:42:04.571-04:00,IdeState,Inactive,,*,-1,-1
2025-03-14T16:42:05.577-04:00,IdeState,Inactive,,*,-1,-1
2025-03-14T16:42:06.591-04:00,IdeState,Inactive,,*,-1,-1
2025-03-14T16:42:07.607-04:00,IdeState,Inactive,,*,-1,-1
2025-03-14T16:42:08.607-04:00,IdeState,Inactive,,*,-1,-1
2025-03-14T16:42:09.610-04:00,IdeState,Inactive,,*,-1,-1
2025-03-14T16:42:10.612-04:00,IdeState,Inactive,,*,-1,-1
2025-03-14T16:42:11.628-04:00,IdeState,Inactive,,*,-1,-1
2025-03-14T16:42:12.632-04:00,IdeState,Inactive,,*,-1,-1
2025-03-14T16:42:13.639-04:00,IdeState,Inactive,,*,-1,-1
2025-03-14T16:42:14.645-04:00,IdeState,Inactive,,*,-1,-1
2025-03-14T16:42:15.647-04:00,IdeState,Inactive,,*,-1,-1
2025-03-14T16:42:16.648-04:00,IdeState,Inactive,,*,-1,-1
2025-03-14T16:42:17.652-04:00,IdeState,Inactive,,*,-1,-1
2025-03-14T16:42:18.669-04:00,IdeState,Inactive,,*,-1,-1
2025-03-14T16:42:19.673-04:00,IdeState,Inactive,,*,-1,-1
2025-03-14T16:42:20.678-04:00,IdeState,Inactive,,*,-1,-1
2025-03-14T16:42:21.692-04:00,IdeState,Inactive,,*,-1,-1
2025-03-14T16:42:22.697-04:00,IdeState,Inactive,,*,-1,-1
2025-03-14T16:42:23.710-04:00,IdeState,Inactive,,*,-1,-1
2025-03-14T16:42:24.713-04:00,IdeState,Inactive,,*,-1,-1
2025-03-14T16:42:25.714-04:00,IdeState,Inactive,,*,-1,-1
2025-03-14T16:42:26.724-04:00,IdeState,Inactive,,*,-1,-1
2025-03-14T16:42:27.739-04:00,IdeState,Inactive,,*,-1,-1
2025-03-14T16:42:28.741-04:00,IdeState,Inactive,,*,-1,-1
2025-03-14T16:42:29.756-04:00,IdeState,Inactive,,*,-1,-1
2025-03-14T16:42:30.765-04:00,IdeState,Inactive,,*,-1,-1
2025-03-14T16:42:31.773-04:00,IdeState,Inactive,,*,-1,-1
2025-03-14T16:42:32.785-04:00,IdeState,Inactive,,*,-1,-1
2025-03-14T16:42:33.801-04:00,IdeState,Inactive,,*,-1,-1
2025-03-14T16:42:34.812-04:00,IdeState,Inactive,,*,-1,-1
2025-03-14T16:42:35.818-04:00,IdeState,Inactive,,*,-1,-1
2025-03-14T16:42:36.821-04:00,IdeState,Inactive,,*,-1,-1
2025-03-14T16:42:37.823-04:00,IdeState,Inactive,,*,-1,-1
2025-03-14T16:42:38.838-04:00,IdeState,Inactive,,*,-1,-1
2025-03-14T16:42:39.853-04:00,IdeState,Inactive,,*,-1,-1
2025-03-14T16:42:40.855-04:00,IdeState,Inactive,,*,-1,-1
2025-03-14T16:42:41.859-04:00,IdeState,Inactive,,*,-1,-1
2025-03-14T16:42:42.876-04:00,IdeState,Inactive,,*,-1,-1
2025-03-14T16:42:43.880-04:00,IdeState,Inactive,,*,-1,-1
2025-03-14T16:42:44.880-04:00,IdeState,Inactive,,*,-1,-1
2025-03-14T16:42:45.892-04:00,IdeState,Inactive,,*,-1,-1
2025-03-14T16:42:46.900-04:00,IdeState,Inactive,,*,-1,-1
2025-03-14T16:42:47.909-04:00,IdeState,Inactive,,*,-1,-1
2025-03-14T16:42:48.911-04:00,IdeState,Inactive,,*,-1,-1
2025-03-14T16:42:49.922-04:00,IdeState,Inactive,,*,-1,-1
2025-03-14T16:42:50.935-04:00,IdeState,Inactive,,*,-1,-1
2025-03-14T16:42:51.937-04:00,IdeState,Inactive,,*,-1,-1
2025-03-14T16:42:52.941-04:00,IdeState,Inactive,,*,-1,-1
2025-03-14T16:42:53.946-04:00,IdeState,Inactive,,*,-1,-1
2025-03-14T16:42:54.948-04:00,IdeState,Inactive,,*,-1,-1
2025-03-14T16:42:55.961-04:00,IdeState,Inactive,,*,-1,-1
2025-03-14T16:42:56.967-04:00,IdeState,Inactive,,*,-1,-1
2025-03-14T16:42:57.972-04:00,IdeState,Inactive,,*,-1,-1
2025-03-14T16:42:58.985-04:00,IdeState,Inactive,,*,-1,-1
2025-03-14T16:42:59.986-04:00,IdeState,Inactive,,*,-1,-1
2025-03-14T16:43:00.990-04:00,IdeState,Inactive,,*,-1,-1
2025-03-14T16:43:02.004-04:00,IdeState,Inactive,,*,-1,-1
2025-03-14T16:43:03.016-04:00,IdeState,Inactive,,*,-1,-1
2025-03-14T16:43:04.017-04:00,IdeState,Inactive,,*,-1,-1
2025-03-14T16:43:05.019-04:00,IdeState,Inactive,,*,-1,-1
2025-03-14T16:43:06.025-04:00,IdeState,Inactive,,*,-1,-1
2025-03-14T16:43:07.028-04:00,IdeState,Inactive,,*,-1,-1
2025-03-14T16:43:08.031-04:00,IdeState,Inactive,,*,-1,-1
2025-03-14T16:43:09.034-04:00,IdeState,Inactive,,*,-1,-1
2025-03-14T16:43:10.047-04:00,IdeState,Inactive,,*,-1,-1
2025-03-14T16:43:11.055-04:00,IdeState,Inactive,,*,-1,-1
2025-03-14T16:43:12.061-04:00,IdeState,Inactive,,*,-1,-1
2025-03-14T16:43:13.075-04:00,IdeState,Inactive,,*,-1,-1
2025-03-14T16:43:14.088-04:00,IdeState,Inactive,,*,-1,-1
2025-03-14T16:43:15.103-04:00,IdeState,Inactive,,*,-1,-1
2025-03-14T16:43:16.116-04:00,IdeState,Inactive,,*,-1,-1
2025-03-14T16:43:17.132-04:00,IdeState,Inactive,,*,-1,-1
2025-03-14T16:43:18.136-04:00,IdeState,Inactive,,*,-1,-1
2025-03-14T16:43:19.148-04:00,IdeState,Inactive,,*,-1,-1
2025-03-14T16:43:20.153-04:00,IdeState,Inactive,,*,-1,-1
2025-03-14T16:43:21.157-04:00,IdeState,Inactive,,*,-1,-1
2025-03-14T16:43:22.158-04:00,IdeState,Inactive,,*,-1,-1
2025-03-14T16:43:23.163-04:00,IdeState,Inactive,,*,-1,-1
2025-03-14T16:43:24.174-04:00,IdeState,Inactive,,*,-1,-1
2025-03-14T16:43:25.189-04:00,IdeState,Inactive,,*,-1,-1
2025-03-14T16:43:26.201-04:00,IdeState,Inactive,,*,-1,-1
2025-03-14T16:43:27.216-04:00,IdeState,Inactive,,*,-1,-1
2025-03-14T16:43:28.219-04:00,IdeState,Inactive,,*,-1,-1
2025-03-14T16:43:29.232-04:00,IdeState,Inactive,,*,-1,-1
2025-03-14T16:43:30.233-04:00,IdeState,Inactive,,*,-1,-1
2025-03-14T16:43:31.249-04:00,IdeState,Inactive,,*,-1,-1
2025-03-14T16:43:32.262-04:00,IdeState,Inactive,,*,-1,-1
2025-03-14T16:43:33.265-04:00,IdeState,Inactive,,*,-1,-1
2025-03-14T16:43:34.277-04:00,IdeState,Inactive,,*,-1,-1
2025-03-14T16:43:35.282-04:00,IdeState,Inactive,,*,-1,-1
2025-03-14T16:43:36.286-04:00,IdeState,Inactive,,*,-1,-1
2025-03-14T16:43:37.303-04:00,IdeState,Inactive,,*,-1,-1
2025-03-14T16:43:38.318-04:00,IdeState,Inactive,,*,-1,-1
2025-03-14T16:43:39.327-04:00,IdeState,Inactive,,*,-1,-1
2025-03-14T16:43:40.332-04:00,IdeState,Inactive,,*,-1,-1
2025-03-14T16:43:41.345-04:00,IdeState,Inactive,,*,-1,-1
2025-03-14T16:43:42.356-04:00,IdeState,Inactive,,*,-1,-1
2025-03-14T16:43:43.360-04:00,IdeState,Inactive,,*,-1,-1
2025-03-14T16:43:44.362-04:00,IdeState,Inactive,,*,-1,-1
2025-03-14T16:43:45.374-04:00,IdeState,Inactive,,*,-1,-1
2025-03-14T16:43:46.381-04:00,IdeState,Inactive,,*,-1,-1
2025-03-14T16:43:47.381-04:00,IdeState,Inactive,,*,-1,-1
2025-03-14T16:43:48.384-04:00,IdeState,Inactive,,*,-1,-1
2025-03-14T16:43:49.386-04:00,IdeState,Inactive,,*,-1,-1
2025-03-14T16:43:50.394-04:00,IdeState,Inactive,,*,-1,-1
2025-03-14T16:43:51.397-04:00,IdeState,Inactive,,*,-1,-1
2025-03-14T16:43:52.401-04:00,IdeState,Inactive,,*,-1,-1
2025-03-14T16:43:53.403-04:00,IdeState,Inactive,,*,-1,-1
2025-03-14T16:43:54.416-04:00,IdeState,Inactive,,*,-1,-1
2025-03-14T16:43:55.432-04:00,IdeState,Inactive,,*,-1,-1
2025-03-14T16:43:56.434-04:00,IdeState,Inactive,,*,-1,-1
2025-03-14T16:43:57.449-04:00,IdeState,Inactive,,*,-1,-1
2025-03-14T16:43:58.461-04:00,IdeState,Inactive,,*,-1,-1
2025-03-14T16:43:59.477-04:00,IdeState,Inactive,,*,-1,-1
2025-03-14T16:44:00.503-04:00,IdeState,Inactive,,*,-1,-1
2025-03-14T16:44:01.511-04:00,IdeState,Inactive,,*,-1,-1
2025-03-14T16:44:02.514-04:00,IdeState,Inactive,,*,-1,-1
2025-03-14T16:44:03.515-04:00,IdeState,Inactive,,*,-1,-1
2025-03-14T16:44:04.524-04:00,IdeState,Inactive,,*,-1,-1
2025-03-14T16:44:05.540-04:00,IdeState,Inactive,,*,-1,-1
2025-03-14T16:44:06.556-04:00,IdeState,Inactive,,*,-1,-1
2025-03-14T16:44:07.566-04:00,IdeState,Inactive,,*,-1,-1
2025-03-14T16:44:08.570-04:00,IdeState,Inactive,,*,-1,-1
2025-03-14T16:44:09.585-04:00,IdeState,Inactive,,*,-1,-1
2025-03-14T16:44:10.593-04:00,IdeState,Inactive,,*,-1,-1
2025-03-14T16:44:11.608-04:00,IdeState,Inactive,,*,-1,-1
2025-03-14T16:44:12.624-04:00,IdeState,Inactive,,*,-1,-1
2025-03-14T16:44:13.638-04:00,IdeState,Inactive,,*,-1,-1
2025-03-14T16:44:14.648-04:00,IdeState,Inactive,,*,-1,-1
2025-03-14T16:44:15.654-04:00,IdeState,Inactive,,*,-1,-1
2025-03-14T16:44:16.656-04:00,IdeState,Inactive,,*,-1,-1
2025-03-14T16:44:17.664-04:00,IdeState,Inactive,,*,-1,-1
2025-03-14T16:44:18.668-04:00,IdeState,Inactive,,*,-1,-1
2025-03-14T16:44:19.683-04:00,IdeState,Inactive,,*,-1,-1
2025-03-14T16:44:20.697-04:00,IdeState,Inactive,,*,-1,-1
2025-03-14T16:44:21.711-04:00,IdeState,Inactive,,*,-1,-1
2025-03-14T16:44:22.725-04:00,IdeState,Inactive,,*,-1,-1
2025-03-14T16:44:23.739-04:00,IdeState,Inactive,,*,-1,-1
2025-03-14T16:44:24.753-04:00,IdeState,Inactive,,*,-1,-1
2025-03-14T16:44:25.767-04:00,IdeState,Inactive,,*,-1,-1
2025-03-14T16:44:26.771-04:00,IdeState,Inactive,,*,-1,-1
2025-03-14T16:44:27.775-04:00,IdeState,Inactive,,*,-1,-1
2025-03-14T16:44:28.776-04:00,IdeState,Inactive,,*,-1,-1
2025-03-14T16:44:29.788-04:00,IdeState,Inactive,,*,-1,-1
2025-03-14T16:44:30.803-04:00,IdeState,Inactive,,*,-1,-1
2025-03-14T16:44:31.809-04:00,IdeState,Inactive,,*,-1,-1
2025-03-14T16:44:32.821-04:00,IdeState,Inactive,,*,-1,-1
2025-03-14T16:44:33.824-04:00,IdeState,Inactive,,*,-1,-1
2025-03-14T16:44:34.826-04:00,IdeState,Inactive,,*,-1,-1
2025-03-14T16:44:35.838-04:00,IdeState,Inactive,,*,-1,-1
2025-03-14T16:44:36.840-04:00,IdeState,Inactive,,*,-1,-1
2025-03-14T16:44:37.845-04:00,IdeState,Inactive,,*,-1,-1
2025-03-14T16:44:38.860-04:00,IdeState,Inactive,,*,-1,-1
2025-03-14T16:44:39.875-04:00,IdeState,Inactive,,*,-1,-1
2025-03-14T16:44:40.890-04:00,IdeState,Inactive,,*,-1,-1
2025-03-14T16:44:41.904-04:00,IdeState,Inactive,,*,-1,-1
2025-03-14T16:44:42.919-04:00,IdeState,Inactive,,*,-1,-1
2025-03-14T16:44:43.921-04:00,IdeState,Inactive,,*,-1,-1
2025-03-14T16:44:44.926-04:00,IdeState,Inactive,,*,-1,-1
2025-03-14T16:44:45.940-04:00,IdeState,Inactive,,*,-1,-1
2025-03-14T16:44:46.956-04:00,IdeState,Inactive,,*,-1,-1
2025-03-14T16:44:47.969-04:00,IdeState,Inactive,,*,-1,-1
2025-03-14T16:44:48.983-04:00,IdeState,Inactive,,*,-1,-1
2025-03-14T16:44:49.987-04:00,IdeState,Inactive,,*,-1,-1
2025-03-14T16:44:50.988-04:00,IdeState,Inactive,,*,-1,-1
2025-03-14T16:44:51.991-04:00,IdeState,Inactive,,*,-1,-1
2025-03-14T16:44:52.994-04:00,IdeState,Inactive,,*,-1,-1
2025-03-14T16:44:53.999-04:00,IdeState,Inactive,,*,-1,-1
2025-03-14T16:44:55.012-04:00,IdeState,Inactive,,*,-1,-1
2025-03-14T16:44:56.016-04:00,IdeState,Inactive,,*,-1,-1
2025-03-14T16:44:57.019-04:00,IdeState,Inactive,,*,-1,-1
2025-03-14T16:44:58.031-04:00,IdeState,Inactive,,*,-1,-1
2025-03-14T16:44:59.032-04:00,IdeState,Inactive,,*,-1,-1
2025-03-14T16:45:00.045-04:00,IdeState,Inactive,,*,-1,-1
2025-03-14T16:45:01.049-04:00,IdeState,Inactive,,*,-1,-1
2025-03-14T16:45:02.051-04:00,IdeState,Inactive,,*,-1,-1
2025-03-14T16:45:03.052-04:00,IdeState,Inactive,,*,-1,-1
2025-03-14T16:45:04.061-04:00,IdeState,Inactive,,*,-1,-1
2025-03-14T16:45:05.073-04:00,IdeState,Inactive,,*,-1,-1
2025-03-14T16:45:06.078-04:00,IdeState,Inactive,,*,-1,-1
2025-03-14T16:45:07.079-04:00,IdeState,Inactive,,*,-1,-1
2025-03-14T16:45:08.088-04:00,IdeState,Inactive,,*,-1,-1
2025-03-14T16:45:09.091-04:00,IdeState,Inactive,,*,-1,-1
2025-03-14T16:45:10.096-04:00,IdeState,Inactive,,*,-1,-1
2025-03-14T16:45:11.112-04:00,IdeState,Inactive,,*,-1,-1
2025-03-14T16:45:12.123-04:00,IdeState,Inactive,,*,-1,-1
2025-03-14T16:45:13.135-04:00,IdeState,Inactive,,*,-1,-1
2025-03-14T16:45:14.147-04:00,IdeState,Inactive,,*,-1,-1
2025-03-14T16:45:15.160-04:00,IdeState,Inactive,,*,-1,-1
2025-03-14T16:45:16.164-04:00,IdeState,Inactive,,*,-1,-1
2025-03-14T16:45:17.166-04:00,IdeState,Inactive,,*,-1,-1
2025-03-14T16:45:18.169-04:00,IdeState,Inactive,,*,-1,-1
2025-03-14T16:45:19.185-04:00,IdeState,Inactive,,*,-1,-1
2025-03-14T16:45:20.192-04:00,IdeState,Inactive,,*,-1,-1
2025-03-14T16:45:21.196-04:00,IdeState,Inactive,,*,-1,-1
2025-03-14T16:45:22.197-04:00,IdeState,Inactive,,*,-1,-1
2025-03-14T16:45:23.211-04:00,IdeState,Inactive,,*,-1,-1
2025-03-14T16:45:24.215-04:00,IdeState,Inactive,,*,-1,-1
2025-03-14T16:45:25.231-04:00,IdeState,Inactive,,*,-1,-1
2025-03-14T16:45:26.242-04:00,IdeState,Inactive,,*,-1,-1
2025-03-14T16:45:27.256-04:00,IdeState,Inactive,,*,-1,-1
2025-03-14T16:45:28.271-04:00,IdeState,Inactive,,*,-1,-1
2025-03-14T16:45:29.284-04:00,IdeState,Inactive,,*,-1,-1
2025-03-14T16:45:30.298-04:00,IdeState,Inactive,,*,-1,-1
2025-03-14T16:45:31.302-04:00,IdeState,Inactive,,*,-1,-1
2025-03-14T16:45:32.305-04:00,IdeState,Inactive,,*,-1,-1
2025-03-14T16:45:33.307-04:00,IdeState,Inactive,,*,-1,-1
2025-03-14T16:45:34.316-04:00,IdeState,Inactive,,*,-1,-1
2025-03-14T16:45:35.330-04:00,IdeState,Inactive,,*,-1,-1
2025-03-14T16:45:36.343-04:00,IdeState,Inactive,,*,-1,-1
2025-03-14T16:45:37.345-04:00,IdeState,Inactive,,*,-1,-1
2025-03-14T16:45:38.351-04:00,IdeState,Inactive,,*,-1,-1
2025-03-14T16:45:39.366-04:00,IdeState,Inactive,,*,-1,-1
2025-03-14T16:45:40.380-04:00,IdeState,Inactive,,*,-1,-1
2025-03-14T16:45:41.392-04:00,IdeState,Inactive,,*,-1,-1
2025-03-14T16:45:42.393-04:00,IdeState,Inactive,,*,-1,-1
2025-03-14T16:45:43.398-04:00,IdeState,Inactive,,*,-1,-1
2025-03-14T16:45:44.400-04:00,IdeState,Inactive,,*,-1,-1
2025-03-14T16:45:45.403-04:00,IdeState,Inactive,,*,-1,-1
2025-03-14T16:45:46.415-04:00,IdeState,Inactive,,*,-1,-1
2025-03-14T16:45:47.430-04:00,IdeState,Inactive,,*,-1,-1
2025-03-14T16:45:48.445-04:00,IdeState,Inactive,,*,-1,-1
2025-03-14T16:45:49.469-04:00,IdeState,Inactive,,*,-1,-1
2025-03-14T16:45:50.472-04:00,IdeState,Inactive,,*,-1,-1
2025-03-14T16:45:51.488-04:00,IdeState,Inactive,,*,-1,-1
2025-03-14T16:45:52.504-04:00,IdeState,Inactive,,*,-1,-1
2025-03-14T16:45:53.516-04:00,IdeState,Inactive,,*,-1,-1
2025-03-14T16:45:54.518-04:00,IdeState,Inactive,,*,-1,-1
2025-03-14T16:45:55.533-04:00,IdeState,Inactive,,*,-1,-1
2025-03-14T16:45:56.546-04:00,IdeState,Inactive,,*,-1,-1
2025-03-14T16:45:57.558-04:00,IdeState,Inactive,,*,-1,-1
2025-03-14T16:45:58.561-04:00,IdeState,Inactive,,*,-1,-1
2025-03-14T16:45:59.575-04:00,IdeState,Inactive,,*,-1,-1
2025-03-14T16:46:00.576-04:00,IdeState,Inactive,,*,-1,-1
2025-03-14T16:46:01.579-04:00,IdeState,Inactive,,*,-1,-1
2025-03-14T16:46:02.589-04:00,IdeState,Inactive,,*,-1,-1
2025-03-14T16:46:03.605-04:00,IdeState,Inactive,,*,-1,-1
2025-03-14T16:46:04.618-04:00,IdeState,Inactive,,*,-1,-1
2025-03-14T16:46:05.632-04:00,IdeState,Inactive,,*,-1,-1
2025-03-14T16:46:06.647-04:00,IdeState,Inactive,,*,-1,-1
2025-03-14T16:46:07.660-04:00,IdeState,Inactive,,*,-1,-1
2025-03-14T16:46:08.662-04:00,IdeState,Inactive,,*,-1,-1
2025-03-14T16:46:09.673-04:00,IdeState,Inactive,,*,-1,-1
2025-03-14T16:46:10.688-04:00,IdeState,Inactive,,*,-1,-1
2025-03-14T16:46:11.702-04:00,IdeState,Inactive,,*,-1,-1
2025-03-14T16:46:12.715-04:00,IdeState,Inactive,,*,-1,-1
2025-03-14T16:46:13.717-04:00,IdeState,Inactive,,*,-1,-1
2025-03-14T16:46:14.718-04:00,IdeState,Inactive,,*,-1,-1
2025-03-14T16:46:15.730-04:00,IdeState,Inactive,,*,-1,-1
2025-03-14T16:46:16.731-04:00,IdeState,Inactive,,*,-1,-1
2025-03-14T16:46:17.770-04:00,IdeState,Inactive,,*,-1,-1
2025-03-14T16:46:18.776-04:00,IdeState,Inactive,,*,-1,-1
2025-03-14T16:46:19.789-04:00,IdeState,Inactive,,*,-1,-1
2025-03-14T16:46:20.803-04:00,IdeState,Inactive,,*,-1,-1
2025-03-14T16:46:21.817-04:00,IdeState,Inactive,,*,-1,-1
2025-03-14T16:46:22.832-04:00,IdeState,Inactive,,*,-1,-1
2025-03-14T16:46:23.834-04:00,IdeState,Inactive,,*,-1,-1
2025-03-14T16:46:24.835-04:00,IdeState,Inactive,,*,-1,-1
2025-03-14T16:46:25.838-04:00,IdeState,Inactive,,*,-1,-1
2025-03-14T16:46:26.841-04:00,IdeState,Inactive,,*,-1,-1
2025-03-14T16:46:27.857-04:00,IdeState,Inactive,,*,-1,-1
2025-03-14T16:46:28.868-04:00,IdeState,Inactive,,*,-1,-1
2025-03-14T16:46:29.884-04:00,IdeState,Inactive,,*,-1,-1
2025-03-14T16:46:30.898-04:00,IdeState,Inactive,,*,-1,-1
2025-03-14T16:46:31.916-04:00,IdeState,Inactive,,*,-1,-1
2025-03-14T16:46:32.928-04:00,IdeState,Inactive,,*,-1,-1
2025-03-14T16:46:33.929-04:00,IdeState,Inactive,,*,-1,-1
2025-03-14T16:46:34.942-04:00,IdeState,Inactive,,*,-1,-1
2025-03-14T16:46:35.947-04:00,IdeState,Inactive,,*,-1,-1
2025-03-14T16:46:36.961-04:00,IdeState,Inactive,,*,-1,-1
2025-03-14T16:46:37.976-04:00,IdeState,Inactive,,*,-1,-1
2025-03-14T16:46:38.989-04:00,IdeState,Inactive,,*,-1,-1
2025-03-14T16:46:39.997-04:00,IdeState,Inactive,,*,-1,-1
2025-03-14T16:46:41.002-04:00,IdeState,Inactive,,*,-1,-1
2025-03-14T16:46:42.011-04:00,IdeState,Inactive,,*,-1,-1
2025-03-14T16:46:43.023-04:00,IdeState,Inactive,,*,-1,-1
2025-03-14T16:46:44.028-04:00,IdeState,Inactive,,*,-1,-1
2025-03-14T16:46:45.037-04:00,IdeState,Inactive,,*,-1,-1
2025-03-14T16:46:46.043-04:00,IdeState,Inactive,,*,-1,-1
2025-03-14T16:46:47.058-04:00,IdeState,Inactive,,*,-1,-1
2025-03-14T16:46:48.059-04:00,IdeState,Inactive,,*,-1,-1
2025-03-14T16:46:49.065-04:00,IdeState,Inactive,,*,-1,-1
2025-03-14T16:46:50.074-04:00,IdeState,Inactive,,*,-1,-1
2025-03-14T16:46:51.079-04:00,IdeState,Inactive,,*,-1,-1
2025-03-14T16:46:52.095-04:00,IdeState,Inactive,,*,-1,-1
2025-03-14T16:46:53.099-04:00,IdeState,Inactive,,*,-1,-1
2025-03-14T16:46:54.102-04:00,IdeState,Inactive,,*,-1,-1
2025-03-14T16:46:55.105-04:00,IdeState,Inactive,,*,-1,-1
2025-03-14T16:46:56.117-04:00,IdeState,Inactive,,*,-1,-1
2025-03-14T16:46:57.129-04:00,IdeState,Inactive,,*,-1,-1
2025-03-14T16:46:58.131-04:00,IdeState,Inactive,,*,-1,-1
2025-03-14T16:46:59.144-04:00,IdeState,Inactive,,*,-1,-1
2025-03-14T16:47:00.154-04:00,IdeState,Inactive,,*,-1,-1
2025-03-14T16:47:01.159-04:00,IdeState,Inactive,,*,-1,-1
2025-03-14T16:47:02.162-04:00,IdeState,Inactive,,*,-1,-1
2025-03-14T16:47:03.176-04:00,IdeState,Inactive,,*,-1,-1
2025-03-14T16:47:04.181-04:00,IdeState,Inactive,,*,-1,-1
2025-03-14T16:47:05.194-04:00,IdeState,Inactive,,*,-1,-1
2025-03-14T16:47:06.209-04:00,IdeState,Inactive,,*,-1,-1
2025-03-14T16:47:07.223-04:00,IdeState,Inactive,,*,-1,-1
2025-03-14T16:47:08.237-04:00,IdeState,Inactive,,*,-1,-1
2025-03-14T16:47:09.243-04:00,IdeState,Inactive,,*,-1,-1
2025-03-14T16:47:10.253-04:00,IdeState,Inactive,,*,-1,-1
2025-03-14T16:47:11.269-04:00,IdeState,Inactive,,*,-1,-1
2025-03-14T16:47:12.280-04:00,IdeState,Inactive,,*,-1,-1
2025-03-14T16:47:13.282-04:00,IdeState,Inactive,,*,-1,-1
2025-03-14T16:47:14.286-04:00,IdeState,Inactive,,*,-1,-1
2025-03-14T16:47:15.289-04:00,IdeState,Inactive,,*,-1,-1
2025-03-14T16:47:16.299-04:00,IdeState,Inactive,,*,-1,-1
2025-03-14T16:47:17.313-04:00,IdeState,Inactive,,*,-1,-1
2025-03-14T16:47:18.327-04:00,IdeState,Inactive,,*,-1,-1
2025-03-14T16:47:19.334-04:00,IdeState,Inactive,,*,-1,-1
2025-03-14T16:47:20.340-04:00,IdeState,Inactive,,*,-1,-1
2025-03-14T16:47:21.355-04:00,IdeState,Inactive,,*,-1,-1
2025-03-14T16:47:22.357-04:00,IdeState,Inactive,,*,-1,-1
2025-03-14T16:47:23.365-04:00,IdeState,Inactive,,*,-1,-1
2025-03-14T16:47:24.368-04:00,IdeState,Inactive,,*,-1,-1
2025-03-14T16:47:25.372-04:00,IdeState,Inactive,,*,-1,-1
2025-03-14T16:47:26.375-04:00,IdeState,Inactive,,*,-1,-1
2025-03-14T16:47:27.379-04:00,IdeState,Inactive,,*,-1,-1
2025-03-14T16:47:28.386-04:00,IdeState,Inactive,,*,-1,-1
2025-03-14T16:47:29.387-04:00,IdeState,Inactive,,*,-1,-1
2025-03-14T16:47:30.390-04:00,IdeState,Inactive,,*,-1,-1
2025-03-14T16:47:31.391-04:00,IdeState,Inactive,,*,-1,-1
2025-03-14T16:47:32.398-04:00,IdeState,Inactive,,*,-1,-1
2025-03-14T16:47:33.408-04:00,IdeState,Inactive,,*,-1,-1
2025-03-14T16:47:34.423-04:00,IdeState,Inactive,,*,-1,-1
2025-03-14T16:47:35.438-04:00,IdeState,Inactive,,*,-1,-1
2025-03-14T16:47:36.441-04:00,IdeState,Inactive,,*,-1,-1
2025-03-14T16:47:37.456-04:00,IdeState,Inactive,,*,-1,-1
2025-03-14T16:47:38.461-04:00,IdeState,Inactive,,*,-1,-1
2025-03-14T16:47:39.476-04:00,IdeState,Inactive,,*,-1,-1
2025-03-14T16:47:40.489-04:00,IdeState,Inactive,,*,-1,-1
2025-03-14T16:47:41.503-04:00,IdeState,Inactive,,*,-1,-1
2025-03-14T16:47:42.512-04:00,IdeState,Inactive,,*,-1,-1
2025-03-14T16:47:43.515-04:00,IdeState,Inactive,,*,-1,-1
2025-03-14T16:47:44.528-04:00,IdeState,Inactive,,*,-1,-1
2025-03-14T16:47:45.543-04:00,IdeState,Inactive,,*,-1,-1
2025-03-14T16:47:46.556-04:00,IdeState,Inactive,,*,-1,-1
2025-03-14T16:47:47.571-04:00,IdeState,Inactive,,*,-1,-1
2025-03-14T16:47:48.587-04:00,IdeState,Inactive,,*,-1,-1
2025-03-14T16:47:49.591-04:00,IdeState,Inactive,,*,-1,-1
2025-03-14T16:47:50.604-04:00,IdeState,Inactive,,*,-1,-1
2025-03-14T16:47:51.618-04:00,IdeState,Inactive,,*,-1,-1
2025-03-14T16:47:52.620-04:00,IdeState,Inactive,,*,-1,-1
2025-03-14T16:47:53.624-04:00,IdeState,Inactive,,*,-1,-1
2025-03-14T16:47:54.625-04:00,IdeState,Inactive,,*,-1,-1
2025-03-14T16:47:55.628-04:00,IdeState,Inactive,,*,-1,-1
2025-03-14T16:47:56.641-04:00,IdeState,Inactive,,*,-1,-1
2025-03-14T16:47:57.654-04:00,IdeState,Inactive,,*,-1,-1
2025-03-14T16:47:58.669-04:00,IdeState,Inactive,,*,-1,-1
2025-03-14T16:47:59.670-04:00,IdeState,Inactive,,*,-1,-1
2025-03-14T16:48:00.675-04:00,IdeState,Inactive,,*,-1,-1
2025-03-14T16:48:01.680-04:00,IdeState,Inactive,,*,-1,-1
2025-03-14T16:48:02.695-04:00,IdeState,Inactive,,*,-1,-1
2025-03-14T16:48:03.708-04:00,IdeState,Inactive,,*,-1,-1
2025-03-14T16:48:04.715-04:00,IdeState,Inactive,,*,-1,-1
2025-03-14T16:48:05.718-04:00,IdeState,Inactive,,*,-1,-1
2025-03-14T16:48:06.718-04:00,IdeState,Inactive,,*,-1,-1
2025-03-14T16:48:07.736-04:00,IdeState,Inactive,,*,-1,-1
2025-03-14T16:48:08.747-04:00,IdeState,Inactive,,*,-1,-1
2025-03-14T16:48:09.762-04:00,IdeState,Inactive,,*,-1,-1
2025-03-14T16:48:10.767-04:00,IdeState,Inactive,,*,-1,-1
2025-03-14T16:48:11.771-04:00,IdeState,Inactive,,*,-1,-1
2025-03-14T16:48:12.778-04:00,IdeState,Inactive,,*,-1,-1
2025-03-14T16:48:13.789-04:00,IdeState,Inactive,,*,-1,-1
2025-03-14T16:48:14.804-04:00,IdeState,Inactive,,*,-1,-1
2025-03-14T16:48:15.815-04:00,IdeState,Inactive,,*,-1,-1
2025-03-14T16:48:16.823-04:00,IdeState,Inactive,,*,-1,-1
2025-03-14T16:48:17.826-04:00,IdeState,Inactive,,*,-1,-1
2025-03-14T16:48:18.826-04:00,IdeState,Inactive,,*,-1,-1
2025-03-14T16:48:19.832-04:00,IdeState,Inactive,,*,-1,-1
2025-03-14T16:48:20.837-04:00,IdeState,Inactive,,*,-1,-1
2025-03-14T16:48:21.849-04:00,IdeState,Inactive,,*,-1,-1
2025-03-14T16:48:22.851-04:00,IdeState,Inactive,,*,-1,-1
2025-03-14T16:48:23.855-04:00,IdeState,Inactive,,*,-1,-1
2025-03-14T16:48:24.861-04:00,IdeState,Inactive,,*,-1,-1
2025-03-14T16:48:25.868-04:00,IdeState,Inactive,,*,-1,-1
2025-03-14T16:48:26.880-04:00,IdeState,Inactive,,*,-1,-1
2025-03-14T16:48:27.881-04:00,IdeState,Inactive,,*,-1,-1
2025-03-14T16:48:28.895-04:00,IdeState,Inactive,,*,-1,-1
2025-03-14T16:48:29.899-04:00,IdeState,Inactive,,*,-1,-1
2025-03-14T16:48:30.902-04:00,IdeState,Inactive,,*,-1,-1
2025-03-14T16:48:31.913-04:00,IdeState,Inactive,,*,-1,-1
2025-03-14T16:48:32.923-04:00,IdeState,Inactive,,*,-1,-1
2025-03-14T16:48:33.926-04:00,IdeState,Inactive,,*,-1,-1
2025-03-14T16:48:34.940-04:00,IdeState,Inactive,,*,-1,-1
2025-03-14T16:48:35.945-04:00,IdeState,Inactive,,*,-1,-1
2025-03-14T16:48:36.948-04:00,IdeState,Inactive,,*,-1,-1
2025-03-14T16:48:37.950-04:00,IdeState,Inactive,,*,-1,-1
2025-03-14T16:48:38.959-04:00,IdeState,Inactive,,*,-1,-1
2025-03-14T16:48:39.964-04:00,IdeState,Inactive,,*,-1,-1
2025-03-14T16:48:40.977-04:00,IdeState,Inactive,,*,-1,-1
2025-03-14T16:48:41.989-04:00,IdeState,Inactive,,*,-1,-1
2025-03-14T16:48:42.990-04:00,IdeState,Inactive,,*,-1,-1
2025-03-14T16:48:44.003-04:00,IdeState,Inactive,,*,-1,-1
2025-03-14T16:48:45.011-04:00,IdeState,Inactive,,*,-1,-1
2025-03-14T16:48:46.026-04:00,IdeState,Inactive,,*,-1,-1
2025-03-14T16:48:47.028-04:00,IdeState,Inactive,,*,-1,-1
2025-03-14T16:48:48.042-04:00,IdeState,Inactive,,*,-1,-1
2025-03-14T16:48:49.054-04:00,IdeState,Inactive,,*,-1,-1
2025-03-14T16:48:50.065-04:00,IdeState,Inactive,,*,-1,-1
2025-03-14T16:48:51.076-04:00,IdeState,Inactive,,*,-1,-1
2025-03-14T16:48:52.077-04:00,IdeState,Inactive,,*,-1,-1
2025-03-14T16:48:53.092-04:00,IdeState,Inactive,,*,-1,-1
2025-03-14T16:48:54.107-04:00,IdeState,Inactive,,*,-1,-1
2025-03-14T16:48:55.120-04:00,IdeState,Inactive,,*,-1,-1
2025-03-14T16:48:56.134-04:00,IdeState,Inactive,,*,-1,-1
2025-03-14T16:48:57.147-04:00,IdeState,Inactive,,*,-1,-1
2025-03-14T16:48:58.149-04:00,IdeState,Inactive,,*,-1,-1
2025-03-14T16:48:59.153-04:00,IdeState,Inactive,,*,-1,-1
2025-03-14T16:49:00.156-04:00,IdeState,Inactive,,*,-1,-1
2025-03-14T16:49:01.159-04:00,IdeState,Inactive,,*,-1,-1
2025-03-14T16:49:02.174-04:00,IdeState,Inactive,,*,-1,-1
2025-03-14T16:49:03.187-04:00,IdeState,Inactive,,*,-1,-1
2025-03-14T16:49:04.191-04:00,IdeState,Inactive,,*,-1,-1
2025-03-14T16:49:05.192-04:00,IdeState,Inactive,,*,-1,-1
2025-03-14T16:49:06.202-04:00,IdeState,Inactive,,*,-1,-1
2025-03-14T16:49:07.205-04:00,IdeState,Inactive,,*,-1,-1
2025-03-14T16:49:08.218-04:00,IdeState,Inactive,,*,-1,-1
2025-03-14T16:49:09.223-04:00,IdeState,Inactive,,*,-1,-1
2025-03-14T16:49:10.227-04:00,IdeState,Inactive,,*,-1,-1
2025-03-14T16:49:11.240-04:00,IdeState,Inactive,,*,-1,-1
2025-03-14T16:49:12.254-04:00,IdeState,Inactive,,*,-1,-1
2025-03-14T16:49:13.258-04:00,IdeState,Inactive,,*,-1,-1
2025-03-14T16:49:14.262-04:00,IdeState,Inactive,,*,-1,-1
2025-03-14T16:49:15.268-04:00,IdeState,Inactive,,*,-1,-1
2025-03-14T16:49:16.270-04:00,IdeState,Inactive,,*,-1,-1
2025-03-14T16:49:17.286-04:00,IdeState,Inactive,,*,-1,-1
2025-03-14T16:49:18.299-04:00,IdeState,Inactive,,*,-1,-1
2025-03-14T16:49:19.312-04:00,IdeState,Inactive,,*,-1,-1
2025-03-14T16:49:20.327-04:00,IdeState,Inactive,,*,-1,-1
2025-03-14T16:49:21.330-04:00,IdeState,Inactive,,*,-1,-1
2025-03-14T16:49:22.333-04:00,IdeState,Inactive,,*,-1,-1
2025-03-14T16:49:23.347-04:00,IdeState,Inactive,,*,-1,-1
2025-03-14T16:49:24.363-04:00,IdeState,Inactive,,*,-1,-1
2025-03-14T16:49:25.370-04:00,IdeState,Inactive,,*,-1,-1
2025-03-14T16:49:26.383-04:00,IdeState,Inactive,,*,-1,-1
2025-03-14T16:49:27.396-04:00,IdeState,Inactive,,*,-1,-1
2025-03-14T16:49:28.406-04:00,IdeState,Inactive,,*,-1,-1
2025-03-14T16:49:29.417-04:00,IdeState,Inactive,,*,-1,-1
2025-03-14T16:49:30.420-04:00,IdeState,Inactive,,*,-1,-1
2025-03-14T16:49:31.434-04:00,IdeState,Inactive,,*,-1,-1
2025-03-14T16:49:32.447-04:00,IdeState,Inactive,,*,-1,-1
2025-03-14T16:49:33.462-04:00,IdeState,Inactive,,*,-1,-1
2025-03-14T16:49:34.476-04:00,IdeState,Inactive,,*,-1,-1
2025-03-14T16:49:35.488-04:00,IdeState,Inactive,,*,-1,-1
2025-03-14T16:49:36.504-04:00,IdeState,Inactive,,*,-1,-1
2025-03-14T16:49:37.520-04:00,IdeState,Inactive,,*,-1,-1
2025-03-14T16:49:38.522-04:00,IdeState,Inactive,,*,-1,-1
2025-03-14T16:49:39.536-04:00,IdeState,Inactive,,*,-1,-1
2025-03-14T16:49:40.541-04:00,IdeState,Inactive,,*,-1,-1
2025-03-14T16:49:41.548-04:00,IdeState,Inactive,,*,-1,-1
2025-03-14T16:49:42.551-04:00,IdeState,Inactive,,*,-1,-1
2025-03-14T16:49:43.565-04:00,IdeState,Inactive,,*,-1,-1
2025-03-14T16:49:44.566-04:00,IdeState,Inactive,,*,-1,-1
2025-03-14T16:49:45.569-04:00,IdeState,Inactive,,*,-1,-1
2025-03-14T16:49:46.583-04:00,IdeState,Inactive,,*,-1,-1
2025-03-14T16:49:47.599-04:00,IdeState,Inactive,,*,-1,-1
2025-03-14T16:49:48.612-04:00,IdeState,Inactive,,*,-1,-1
2025-03-14T16:49:49.623-04:00,IdeState,Inactive,,*,-1,-1
2025-03-14T16:49:50.639-04:00,IdeState,Inactive,,*,-1,-1
2025-03-14T16:49:51.640-04:00,IdeState,Inactive,,*,-1,-1
2025-03-14T16:49:52.642-04:00,IdeState,Inactive,,*,-1,-1
2025-03-14T16:49:53.645-04:00,IdeState,Inactive,,*,-1,-1
2025-03-14T16:49:54.659-04:00,IdeState,Inactive,,*,-1,-1
2025-03-14T16:49:55.674-04:00,IdeState,Inactive,,*,-1,-1
2025-03-14T16:49:56.675-04:00,IdeState,Inactive,,*,-1,-1
2025-03-14T16:49:57.677-04:00,IdeState,Inactive,,*,-1,-1
2025-03-14T16:49:58.681-04:00,IdeState,Inactive,,*,-1,-1
2025-03-14T16:49:59.688-04:00,IdeState,Inactive,,*,-1,-1
2025-03-14T16:50:00.697-04:00,IdeState,Inactive,,*,-1,-1
2025-03-14T16:50:01.702-04:00,IdeState,Inactive,,*,-1,-1
2025-03-14T16:50:02.705-04:00,IdeState,Inactive,,*,-1,-1
2025-03-14T16:50:03.717-04:00,IdeState,Inactive,,*,-1,-1
2025-03-14T16:50:04.718-04:00,IdeState,Inactive,,*,-1,-1
2025-03-14T16:50:05.732-04:00,IdeState,Inactive,,*,-1,-1
2025-03-14T16:50:06.749-04:00,IdeState,Inactive,,*,-1,-1
2025-03-14T16:50:07.762-04:00,IdeState,Inactive,,*,-1,-1
2025-03-14T16:50:08.777-04:00,IdeState,Inactive,,*,-1,-1
2025-03-14T16:50:09.792-04:00,IdeState,Inactive,,*,-1,-1
2025-03-14T16:50:10.796-04:00,IdeState,Inactive,,*,-1,-1
2025-03-14T16:50:11.810-04:00,IdeState,Inactive,,*,-1,-1
2025-03-14T16:50:12.811-04:00,IdeState,Inactive,,*,-1,-1
2025-03-14T16:50:13.812-04:00,IdeState,Inactive,,*,-1,-1
2025-03-14T16:50:14.827-04:00,IdeState,Inactive,,*,-1,-1
2025-03-14T16:50:15.841-04:00,IdeState,Inactive,,*,-1,-1
2025-03-14T16:50:16.857-04:00,IdeState,Inactive,,*,-1,-1
2025-03-14T16:50:17.870-04:00,IdeState,Inactive,,*,-1,-1
2025-03-14T16:50:18.883-04:00,IdeState,Inactive,,*,-1,-1
2025-03-14T16:50:19.898-04:00,IdeState,Inactive,,*,-1,-1
2025-03-14T16:50:20.901-04:00,IdeState,Inactive,,*,-1,-1
2025-03-14T16:50:21.916-04:00,IdeState,Inactive,,*,-1,-1
2025-03-14T16:50:22.922-04:00,IdeState,Inactive,,*,-1,-1
2025-03-14T16:50:23.932-04:00,IdeState,Inactive,,*,-1,-1
2025-03-14T16:50:24.943-04:00,IdeState,Inactive,,*,-1,-1
2025-03-14T16:50:25.946-04:00,IdeState,Inactive,,*,-1,-1
2025-03-14T16:50:26.961-04:00,IdeState,Inactive,,*,-1,-1
2025-03-14T16:50:27.974-04:00,IdeState,Inactive,,*,-1,-1
2025-03-14T16:50:28.990-04:00,IdeState,Inactive,,*,-1,-1
2025-03-14T16:50:30.002-04:00,IdeState,Inactive,,*,-1,-1
2025-03-14T16:50:31.003-04:00,IdeState,Inactive,,*,-1,-1
2025-03-14T16:50:32.017-04:00,IdeState,Inactive,,*,-1,-1
2025-03-14T16:50:33.031-04:00,IdeState,Inactive,,*,-1,-1
2025-03-14T16:50:34.045-04:00,IdeState,Inactive,,*,-1,-1
2025-03-14T16:50:35.058-04:00,IdeState,Inactive,,*,-1,-1
2025-03-14T16:50:36.070-04:00,IdeState,Inactive,,*,-1,-1
2025-03-14T16:50:37.072-04:00,IdeState,Inactive,,*,-1,-1
2025-03-14T16:50:38.083-04:00,IdeState,Inactive,,*,-1,-1
2025-03-14T16:50:39.084-04:00,IdeState,Inactive,,*,-1,-1
2025-03-14T16:50:40.096-04:00,IdeState,Inactive,,*,-1,-1
2025-03-14T16:50:41.100-04:00,IdeState,Inactive,,*,-1,-1
2025-03-14T16:50:42.111-04:00,IdeState,Inactive,,*,-1,-1
2025-03-14T16:50:43.124-04:00,IdeState,Inactive,,*,-1,-1
2025-03-14T16:50:44.129-04:00,IdeState,Inactive,,*,-1,-1
2025-03-14T16:50:45.137-04:00,IdeState,Inactive,,*,-1,-1
2025-03-14T16:50:46.144-04:00,IdeState,Inactive,,*,-1,-1
2025-03-14T16:50:47.158-04:00,IdeState,Inactive,,*,-1,-1
2025-03-14T16:50:48.165-04:00,IdeState,Inactive,,*,-1,-1
2025-03-14T16:50:49.185-04:00,IdeState,Inactive,,*,-1,-1
2025-03-14T16:50:50.189-04:00,IdeState,Inactive,,*,-1,-1
2025-03-14T16:50:51.205-04:00,IdeState,Inactive,,*,-1,-1
2025-03-14T16:50:52.220-04:00,IdeState,Inactive,,*,-1,-1
2025-03-14T16:50:53.229-04:00,IdeState,Inactive,,*,-1,-1
2025-03-14T16:50:54.243-04:00,IdeState,Inactive,,*,-1,-1
2025-03-14T16:50:55.247-04:00,IdeState,Inactive,,*,-1,-1
2025-03-14T16:50:56.260-04:00,IdeState,Inactive,,*,-1,-1
2025-03-14T16:50:57.274-04:00,IdeState,Inactive,,*,-1,-1
2025-03-14T16:50:58.279-04:00,IdeState,Inactive,,*,-1,-1
2025-03-14T16:50:59.282-04:00,IdeState,Inactive,,*,-1,-1
2025-03-14T16:51:00.297-04:00,IdeState,Inactive,,*,-1,-1
2025-03-14T16:51:01.312-04:00,IdeState,Inactive,,*,-1,-1
2025-03-14T16:51:02.327-04:00,IdeState,Inactive,,*,-1,-1
2025-03-14T16:51:03.331-04:00,IdeState,Inactive,,*,-1,-1
2025-03-14T16:51:04.347-04:00,IdeState,Inactive,,*,-1,-1
2025-03-14T16:51:05.348-04:00,IdeState,Inactive,,*,-1,-1
2025-03-14T16:51:06.362-04:00,IdeState,Inactive,,*,-1,-1
2025-03-14T16:51:07.363-04:00,IdeState,Inactive,,*,-1,-1
2025-03-14T16:51:08.364-04:00,IdeState,Inactive,,*,-1,-1
2025-03-14T16:51:09.373-04:00,IdeState,Inactive,,*,-1,-1
2025-03-14T16:51:10.375-04:00,IdeState,Inactive,,*,-1,-1
2025-03-14T16:51:11.383-04:00,IdeState,Inactive,,*,-1,-1
2025-03-14T16:51:12.385-04:00,IdeState,Inactive,,*,-1,-1
2025-03-14T16:51:13.399-04:00,IdeState,Inactive,,*,-1,-1
2025-03-14T16:51:14.405-04:00,IdeState,Inactive,,*,-1,-1
2025-03-14T16:51:15.419-04:00,IdeState,Inactive,,*,-1,-1
2025-03-14T16:51:16.434-04:00,IdeState,Inactive,,*,-1,-1
2025-03-14T16:51:17.438-04:00,IdeState,Inactive,,*,-1,-1
2025-03-14T16:51:18.440-04:00,IdeState,Inactive,,*,-1,-1
2025-03-14T16:51:19.449-04:00,IdeState,Inactive,,*,-1,-1
2025-03-14T16:51:20.463-04:00,IdeState,Inactive,,*,-1,-1
2025-03-14T16:51:21.468-04:00,IdeState,Inactive,,*,-1,-1
2025-03-14T16:51:22.484-04:00,IdeState,Inactive,,*,-1,-1
2025-03-14T16:51:23.498-04:00,IdeState,Inactive,,*,-1,-1
2025-03-14T16:51:24.500-04:00,IdeState,Inactive,,*,-1,-1
2025-03-14T16:51:25.514-04:00,IdeState,Inactive,,*,-1,-1
2025-03-14T16:51:26.524-04:00,IdeState,Inactive,,*,-1,-1
2025-03-14T16:51:27.526-04:00,IdeState,Inactive,,*,-1,-1
2025-03-14T16:51:28.537-04:00,IdeState,Inactive,,*,-1,-1
2025-03-14T16:51:29.540-04:00,IdeState,Inactive,,*,-1,-1
2025-03-14T16:51:30.553-04:00,IdeState,Inactive,,*,-1,-1
2025-03-14T16:51:31.554-04:00,IdeState,Inactive,,*,-1,-1
2025-03-14T16:51:32.563-04:00,IdeState,Inactive,,*,-1,-1
2025-03-14T16:51:33.570-04:00,IdeState,Inactive,,*,-1,-1
2025-03-14T16:51:34.571-04:00,IdeState,Inactive,,*,-1,-1
2025-03-14T16:51:35.576-04:00,IdeState,Inactive,,*,-1,-1
2025-03-14T16:51:36.577-04:00,IdeState,Inactive,,*,-1,-1
2025-03-14T16:51:37.580-04:00,IdeState,Inactive,,*,-1,-1
2025-03-14T16:51:38.595-04:00,IdeState,Inactive,,*,-1,-1
2025-03-14T16:51:39.608-04:00,IdeState,Inactive,,*,-1,-1
2025-03-14T16:51:40.622-04:00,IdeState,Inactive,,*,-1,-1
2025-03-14T16:51:41.624-04:00,IdeState,Inactive,,*,-1,-1
2025-03-14T16:51:42.641-04:00,IdeState,Inactive,,*,-1,-1
2025-03-14T16:51:43.651-04:00,IdeState,Inactive,,*,-1,-1
2025-03-14T16:51:44.666-04:00,IdeState,Inactive,,*,-1,-1
2025-03-14T16:51:45.678-04:00,IdeState,Inactive,,*,-1,-1
2025-03-14T16:51:46.679-04:00,IdeState,Inactive,,*,-1,-1
2025-03-14T16:51:47.695-04:00,IdeState,Inactive,,*,-1,-1
2025-03-14T16:51:48.708-04:00,IdeState,Inactive,,*,-1,-1
2025-03-14T16:51:49.722-04:00,IdeState,Inactive,,*,-1,-1
2025-03-14T16:51:50.737-04:00,IdeState,Inactive,,*,-1,-1
2025-03-14T16:51:51.751-04:00,IdeState,Inactive,,*,-1,-1
2025-03-14T16:51:52.753-04:00,IdeState,Inactive,,*,-1,-1
2025-03-14T16:51:53.766-04:00,IdeState,Inactive,,*,-1,-1
2025-03-14T16:51:54.780-04:00,IdeState,Inactive,,*,-1,-1
2025-03-14T16:51:55.782-04:00,IdeState,Inactive,,*,-1,-1
2025-03-14T16:51:56.797-04:00,IdeState,Inactive,,*,-1,-1
2025-03-14T16:51:57.802-04:00,IdeState,Inactive,,*,-1,-1
2025-03-14T16:51:58.816-04:00,IdeState,Inactive,,*,-1,-1
2025-03-14T16:51:59.820-04:00,IdeState,Inactive,,*,-1,-1
2025-03-14T16:52:00.836-04:00,IdeState,Inactive,,*,-1,-1
2025-03-14T16:52:01.849-04:00,IdeState,Inactive,,*,-1,-1
2025-03-14T16:52:02.855-04:00,IdeState,Inactive,,*,-1,-1
2025-03-14T16:52:03.855-04:00,IdeState,Inactive,,*,-1,-1
2025-03-14T16:52:04.857-04:00,IdeState,Inactive,,*,-1,-1
2025-03-14T16:52:05.871-04:00,IdeState,Inactive,,*,-1,-1
2025-03-14T16:52:06.886-04:00,IdeState,Inactive,,*,-1,-1
2025-03-14T16:52:07.901-04:00,IdeState,Inactive,,*,-1,-1
2025-03-14T16:52:08.914-04:00,IdeState,Inactive,,*,-1,-1
2025-03-14T16:52:09.924-04:00,IdeState,Inactive,,*,-1,-1
2025-03-14T16:52:10.936-04:00,IdeState,Inactive,,*,-1,-1
2025-03-14T16:52:11.938-04:00,IdeState,Inactive,,*,-1,-1
2025-03-14T16:52:12.953-04:00,IdeState,Inactive,,*,-1,-1
2025-03-14T16:52:13.966-04:00,IdeState,Inactive,,*,-1,-1
2025-03-14T16:52:14.982-04:00,IdeState,Inactive,,*,-1,-1
2025-03-14T16:52:15.995-04:00,IdeState,Inactive,,*,-1,-1
2025-03-14T16:52:16.998-04:00,IdeState,Inactive,,*,-1,-1
2025-03-14T16:52:18.003-04:00,IdeState,Inactive,,*,-1,-1
2025-03-14T16:52:19.005-04:00,IdeState,Inactive,,*,-1,-1
2025-03-14T16:52:20.009-04:00,IdeState,Inactive,,*,-1,-1
2025-03-14T16:52:21.013-04:00,IdeState,Inactive,,*,-1,-1
2025-03-14T16:52:22.043-04:00,IdeState,Inactive,,*,-1,-1
2025-03-14T16:52:23.055-04:00,IdeState,Inactive,,*,-1,-1
2025-03-14T16:52:24.060-04:00,IdeState,Inactive,,*,-1,-1
2025-03-14T16:52:25.066-04:00,IdeState,Inactive,,*,-1,-1
2025-03-14T16:52:26.067-04:00,IdeState,Inactive,,*,-1,-1
2025-03-14T16:52:27.081-04:00,IdeState,Inactive,,*,-1,-1
2025-03-14T16:52:28.090-04:00,IdeState,Inactive,,*,-1,-1
2025-03-14T16:52:29.106-04:00,IdeState,Inactive,,*,-1,-1
2025-03-14T16:52:30.108-04:00,IdeState,Inactive,,*,-1,-1
2025-03-14T16:52:31.124-04:00,IdeState,Inactive,,*,-1,-1
2025-03-14T16:52:32.126-04:00,IdeState,Inactive,,*,-1,-1
2025-03-14T16:52:33.134-04:00,IdeState,Inactive,,*,-1,-1
2025-03-14T16:52:34.149-04:00,IdeState,Inactive,,*,-1,-1
2025-03-14T16:52:35.162-04:00,IdeState,Inactive,,*,-1,-1
2025-03-14T16:52:36.167-04:00,IdeState,Inactive,,*,-1,-1
2025-03-14T16:52:37.179-04:00,IdeState,Inactive,,*,-1,-1
2025-03-14T16:52:38.193-04:00,IdeState,Inactive,,*,-1,-1
2025-03-14T16:52:39.194-04:00,IdeState,Inactive,,*,-1,-1
2025-03-14T16:52:40.195-04:00,IdeState,Inactive,,*,-1,-1
2025-03-14T16:52:41.208-04:00,IdeState,Inactive,,*,-1,-1
2025-03-14T16:52:42.209-04:00,IdeState,Inactive,,*,-1,-1
2025-03-14T16:52:43.225-04:00,IdeState,Inactive,,*,-1,-1
2025-03-14T16:52:44.240-04:00,IdeState,Inactive,,*,-1,-1
2025-03-14T16:52:45.254-04:00,IdeState,Inactive,,*,-1,-1
2025-03-14T16:52:46.270-04:00,IdeState,Inactive,,*,-1,-1
2025-03-14T16:52:47.281-04:00,IdeState,Inactive,,*,-1,-1
2025-03-14T16:52:48.295-04:00,IdeState,Inactive,,*,-1,-1
2025-03-14T16:52:49.309-04:00,IdeState,Inactive,,*,-1,-1
2025-03-14T16:52:50.312-04:00,IdeState,Inactive,,*,-1,-1
2025-03-14T16:52:51.322-04:00,IdeState,Inactive,,*,-1,-1
2025-03-14T16:52:52.324-04:00,IdeState,Inactive,,*,-1,-1
2025-03-14T16:52:53.327-04:00,IdeState,Inactive,,*,-1,-1
2025-03-14T16:52:54.343-04:00,IdeState,Inactive,,*,-1,-1
2025-03-14T16:52:55.351-04:00,IdeState,Inactive,,*,-1,-1
2025-03-14T16:52:56.366-04:00,IdeState,Inactive,,*,-1,-1
2025-03-14T16:52:57.382-04:00,IdeState,Inactive,,*,-1,-1
2025-03-14T16:52:58.394-04:00,IdeState,Inactive,,*,-1,-1
2025-03-14T16:52:59.405-04:00,IdeState,Inactive,,*,-1,-1
2025-03-14T16:53:00.415-04:00,IdeState,Inactive,,*,-1,-1
2025-03-14T16:53:01.432-04:00,IdeState,Inactive,,*,-1,-1
2025-03-14T16:53:02.446-04:00,IdeState,Inactive,,*,-1,-1
2025-03-14T16:53:03.452-04:00,IdeState,Inactive,,*,-1,-1
2025-03-14T16:53:04.462-04:00,IdeState,Inactive,,*,-1,-1
2025-03-14T16:53:05.476-04:00,IdeState,Inactive,,*,-1,-1
2025-03-14T16:53:06.483-04:00,IdeState,Inactive,,*,-1,-1
2025-03-14T16:53:07.493-04:00,IdeState,Inactive,,*,-1,-1
2025-03-14T16:53:08.498-04:00,IdeState,Inactive,,*,-1,-1
2025-03-14T16:53:09.506-04:00,IdeState,Inactive,,*,-1,-1
2025-03-14T16:53:10.521-04:00,IdeState,Inactive,,*,-1,-1
2025-03-14T16:53:11.527-04:00,IdeState,Inactive,,*,-1,-1
2025-03-14T16:53:12.534-04:00,IdeState,Inactive,,*,-1,-1
2025-03-14T16:53:13.549-04:00,IdeState,Inactive,,*,-1,-1
2025-03-14T16:53:14.560-04:00,IdeState,Inactive,,*,-1,-1
2025-03-14T16:53:15.562-04:00,IdeState,Inactive,,*,-1,-1
2025-03-14T16:53:16.577-04:00,IdeState,Inactive,,*,-1,-1
2025-03-14T16:53:17.579-04:00,IdeState,Inactive,,*,-1,-1
2025-03-14T16:53:18.588-04:00,IdeState,Inactive,,*,-1,-1
2025-03-14T16:53:19.600-04:00,IdeState,Inactive,,*,-1,-1
2025-03-14T16:53:20.612-04:00,IdeState,Inactive,,*,-1,-1
2025-03-14T16:53:21.616-04:00,IdeState,Inactive,,*,-1,-1
2025-03-14T16:53:22.621-04:00,IdeState,Inactive,,*,-1,-1
2025-03-14T16:53:23.625-04:00,IdeState,Inactive,,*,-1,-1
2025-03-14T16:53:24.646-04:00,IdeState,Inactive,,*,-1,-1
2025-03-14T16:53:25.660-04:00,IdeState,Inactive,,*,-1,-1
2025-03-14T16:53:26.666-04:00,IdeState,Inactive,,*,-1,-1
2025-03-14T16:53:27.673-04:00,IdeState,Inactive,,*,-1,-1
2025-03-14T16:53:28.675-04:00,IdeState,Inactive,,*,-1,-1
2025-03-14T16:53:29.689-04:00,IdeState,Inactive,,*,-1,-1
2025-03-14T16:53:30.692-04:00,IdeState,Inactive,,*,-1,-1
2025-03-14T16:53:31.707-04:00,IdeState,Inactive,,*,-1,-1
2025-03-14T16:53:32.719-04:00,IdeState,Inactive,,*,-1,-1
2025-03-14T16:53:33.736-04:00,IdeState,Inactive,,*,-1,-1
2025-03-14T16:53:34.740-04:00,IdeState,Inactive,,*,-1,-1
2025-03-14T16:53:35.748-04:00,IdeState,Inactive,,*,-1,-1
2025-03-14T16:53:36.754-04:00,IdeState,Inactive,,*,-1,-1
2025-03-14T16:53:37.768-04:00,IdeState,Inactive,,*,-1,-1
2025-03-14T16:53:38.769-04:00,IdeState,Inactive,,*,-1,-1
2025-03-14T16:53:39.780-04:00,IdeState,Inactive,,*,-1,-1
2025-03-14T16:53:40.794-04:00,IdeState,Inactive,,*,-1,-1
2025-03-14T16:53:41.803-04:00,IdeState,Inactive,,*,-1,-1
2025-03-14T16:53:42.805-04:00,IdeState,Inactive,,*,-1,-1
2025-03-14T16:53:43.819-04:00,IdeState,Inactive,,*,-1,-1
2025-03-14T16:53:44.821-04:00,IdeState,Inactive,,*,-1,-1
2025-03-14T16:53:45.831-04:00,IdeState,Inactive,,*,-1,-1
2025-03-14T16:53:46.847-04:00,IdeState,Inactive,,*,-1,-1
2025-03-14T16:53:47.861-04:00,IdeState,Inactive,,*,-1,-1
2025-03-14T16:53:48.876-04:00,IdeState,Inactive,,*,-1,-1
2025-03-14T16:53:49.891-04:00,IdeState,Inactive,,*,-1,-1
2025-03-14T16:53:50.905-04:00,IdeState,Inactive,,*,-1,-1
2025-03-14T16:53:51.922-04:00,IdeState,Inactive,,*,-1,-1
2025-03-14T16:53:52.929-04:00,IdeState,Inactive,,*,-1,-1
2025-03-14T16:53:53.940-04:00,IdeState,Inactive,,*,-1,-1
2025-03-14T16:53:54.955-04:00,IdeState,Inactive,,*,-1,-1
2025-03-14T16:53:55.959-04:00,IdeState,Inactive,,*,-1,-1
2025-03-14T16:53:56.974-04:00,IdeState,Inactive,,*,-1,-1
2025-03-14T16:53:57.975-04:00,IdeState,Inactive,,*,-1,-1
2025-03-14T16:53:58.988-04:00,IdeState,Inactive,,*,-1,-1
2025-03-14T16:53:59.988-04:00,IdeState,Inactive,,*,-1,-1
2025-03-14T16:54:01.003-04:00,IdeState,Inactive,,*,-1,-1
2025-03-14T16:54:02.013-04:00,IdeState,Inactive,,*,-1,-1
2025-03-14T16:54:03.026-04:00,IdeState,Inactive,,*,-1,-1
2025-03-14T16:54:04.039-04:00,IdeState,Inactive,,*,-1,-1
2025-03-14T16:54:05.052-04:00,IdeState,Inactive,,*,-1,-1
2025-03-14T16:54:06.056-04:00,IdeState,Inactive,,*,-1,-1
2025-03-14T16:54:07.058-04:00,IdeState,Inactive,,*,-1,-1
2025-03-14T16:54:08.069-04:00,IdeState,Inactive,,*,-1,-1
2025-03-14T16:54:09.084-04:00,IdeState,Inactive,,*,-1,-1
2025-03-14T16:54:10.099-04:00,IdeState,Inactive,,*,-1,-1
2025-03-14T16:54:11.100-04:00,IdeState,Inactive,,*,-1,-1
2025-03-14T16:54:12.113-04:00,IdeState,Inactive,,*,-1,-1
2025-03-14T16:54:13.122-04:00,IdeState,Inactive,,*,-1,-1
2025-03-14T16:54:14.135-04:00,IdeState,Inactive,,*,-1,-1
2025-03-14T16:54:15.151-04:00,IdeState,Inactive,,*,-1,-1
2025-03-14T16:54:16.152-04:00,IdeState,Inactive,,*,-1,-1
2025-03-14T16:54:17.154-04:00,IdeState,Inactive,,*,-1,-1
2025-03-14T16:54:18.166-04:00,IdeState,Inactive,,*,-1,-1
2025-03-14T16:54:19.179-04:00,IdeState,Inactive,,*,-1,-1
2025-03-14T16:54:20.191-04:00,IdeState,Inactive,,*,-1,-1
2025-03-14T16:54:21.198-04:00,IdeState,Inactive,,*,-1,-1
2025-03-14T16:54:22.202-04:00,IdeState,Inactive,,*,-1,-1
2025-03-14T16:54:23.203-04:00,IdeState,Inactive,,*,-1,-1
2025-03-14T16:54:24.205-04:00,IdeState,Inactive,,*,-1,-1
2025-03-14T16:54:25.207-04:00,IdeState,Inactive,,*,-1,-1
2025-03-14T16:54:26.221-04:00,IdeState,Inactive,,*,-1,-1
2025-03-14T16:54:27.235-04:00,IdeState,Inactive,,*,-1,-1
2025-03-14T16:54:28.236-04:00,IdeState,Inactive,,*,-1,-1
2025-03-14T16:54:29.238-04:00,IdeState,Inactive,,*,-1,-1
2025-03-14T16:54:30.251-04:00,IdeState,Inactive,,*,-1,-1
2025-03-14T16:54:31.263-04:00,IdeState,Inactive,,*,-1,-1
2025-03-14T16:54:32.264-04:00,IdeState,Inactive,,*,-1,-1
2025-03-14T16:54:33.265-04:00,IdeState,Inactive,,*,-1,-1
2025-03-14T16:54:34.280-04:00,IdeState,Inactive,,*,-1,-1
2025-03-14T16:54:35.294-04:00,IdeState,Inactive,,*,-1,-1
2025-03-14T16:54:36.299-04:00,IdeState,Inactive,,*,-1,-1
2025-03-14T16:54:37.309-04:00,IdeState,Inactive,,*,-1,-1
2025-03-14T16:54:38.325-04:00,IdeState,Inactive,,*,-1,-1
2025-03-14T16:54:39.350-04:00,IdeState,Inactive,,*,-1,-1
2025-03-14T16:54:40.359-04:00,IdeState,Inactive,,*,-1,-1
2025-03-14T16:54:41.373-04:00,IdeState,Inactive,,*,-1,-1
2025-03-14T16:54:42.376-04:00,IdeState,Inactive,,*,-1,-1
2025-03-14T16:54:43.391-04:00,IdeState,Inactive,,*,-1,-1
2025-03-14T16:54:44.394-04:00,IdeState,Inactive,,*,-1,-1
2025-03-14T16:54:45.407-04:00,IdeState,Inactive,,*,-1,-1
2025-03-14T16:54:46.411-04:00,IdeState,Inactive,,*,-1,-1
2025-03-14T16:54:47.585-04:00,IdeState,Inactive,,*,-1,-1
2025-03-14T16:54:48.588-04:00,IdeState,Inactive,,*,-1,-1
2025-03-14T16:54:49.604-04:00,IdeState,Inactive,,*,-1,-1
2025-03-14T16:54:50.605-04:00,IdeState,Inactive,,*,-1,-1
2025-03-14T16:54:51.621-04:00,IdeState,Inactive,,*,-1,-1
2025-03-14T16:54:52.624-04:00,IdeState,Inactive,,*,-1,-1
2025-03-14T16:54:53.625-04:00,IdeState,Inactive,,*,-1,-1
2025-03-14T16:54:54.625-04:00,IdeState,Inactive,,*,-1,-1
2025-03-14T16:54:55.626-04:00,IdeState,Inactive,,*,-1,-1
2025-03-14T16:54:56.628-04:00,IdeState,Inactive,,*,-1,-1
2025-03-14T16:54:57.628-04:00,IdeState,Inactive,,*,-1,-1
2025-03-14T16:54:58.630-04:00,IdeState,Inactive,,*,-1,-1
2025-03-14T16:54:59.632-04:00,IdeState,Inactive,,*,-1,-1
2025-03-14T16:55:00.635-04:00,IdeState,Inactive,,*,-1,-1
2025-03-14T16:55:01.635-04:00,IdeState,Inactive,,*,-1,-1
2025-03-14T16:55:02.636-04:00,IdeState,Inactive,,*,-1,-1
2025-03-14T16:55:03.638-04:00,IdeState,Inactive,,*,-1,-1
2025-03-14T16:55:04.639-04:00,IdeState,Inactive,,*,-1,-1
2025-03-14T16:55:05.640-04:00,IdeState,Inactive,,*,-1,-1
2025-03-14T16:55:06.640-04:00,IdeState,Inactive,,*,-1,-1
2025-03-14T16:55:07.640-04:00,IdeState,Inactive,,*,-1,-1
2025-03-14T16:55:08.642-04:00,IdeState,Inactive,,*,-1,-1
2025-03-14T16:55:09.643-04:00,IdeState,Inactive,,*,-1,-1
2025-03-14T16:55:10.643-04:00,IdeState,Inactive,,*,-1,-1
2025-03-14T16:55:11.644-04:00,IdeState,Inactive,,*,-1,-1
2025-03-14T16:55:12.645-04:00,IdeState,Inactive,,*,-1,-1
2025-03-14T16:55:13.648-04:00,IdeState,Inactive,,*,-1,-1
2025-03-14T16:55:14.648-04:00,IdeState,Inactive,,*,-1,-1
2025-03-14T16:55:15.649-04:00,IdeState,Inactive,,*,-1,-1
2025-03-14T16:55:16.651-04:00,IdeState,Inactive,,*,-1,-1
2025-03-14T16:55:17.652-04:00,IdeState,Inactive,,*,-1,-1
2025-03-14T16:55:18.654-04:00,IdeState,Inactive,,*,-1,-1
2025-03-14T16:55:19.655-04:00,IdeState,Inactive,,*,-1,-1
2025-03-14T16:55:20.656-04:00,IdeState,Inactive,,*,-1,-1
2025-03-14T16:55:21.657-04:00,IdeState,Inactive,,*,-1,-1
2025-03-14T16:55:22.657-04:00,IdeState,Inactive,,*,-1,-1
2025-03-14T16:55:23.658-04:00,IdeState,Inactive,,*,-1,-1
2025-03-14T16:55:24.658-04:00,IdeState,Inactive,,*,-1,-1
2025-03-14T16:55:25.659-04:00,IdeState,Inactive,,*,-1,-1
2025-03-14T16:55:26.660-04:00,IdeState,Inactive,,*,-1,-1
2025-03-14T16:55:27.660-04:00,IdeState,Inactive,,*,-1,-1
2025-03-14T16:55:28.663-04:00,IdeState,Inactive,,*,-1,-1
2025-03-14T16:55:29.664-04:00,IdeState,Inactive,,*,-1,-1
2025-03-14T16:55:30.665-04:00,IdeState,Inactive,,*,-1,-1
2025-03-14T16:55:31.666-04:00,IdeState,Inactive,,*,-1,-1
2025-03-14T16:55:32.667-04:00,IdeState,Inactive,,*,-1,-1
2025-03-14T16:55:33.668-04:00,IdeState,Inactive,,*,-1,-1
2025-03-14T16:55:34.670-04:00,IdeState,Inactive,,*,-1,-1
2025-03-14T16:55:35.671-04:00,IdeState,Inactive,,*,-1,-1
2025-03-14T16:55:36.672-04:00,IdeState,Inactive,,*,-1,-1
2025-03-14T16:55:37.675-04:00,IdeState,Inactive,,*,-1,-1
2025-03-14T16:55:38.676-04:00,IdeState,Inactive,,*,-1,-1
2025-03-14T16:55:39.677-04:00,IdeState,Inactive,,*,-1,-1
2025-03-14T16:55:40.677-04:00,IdeState,Inactive,,*,-1,-1
2025-03-14T16:55:41.678-04:00,IdeState,Inactive,,*,-1,-1
2025-03-14T16:55:42.679-04:00,IdeState,Inactive,,*,-1,-1
2025-03-14T16:55:43.680-04:00,IdeState,Inactive,,*,-1,-1
2025-03-14T16:55:44.681-04:00,IdeState,Inactive,,*,-1,-1
2025-03-14T16:55:45.682-04:00,IdeState,Inactive,,*,-1,-1
2025-03-14T16:55:46.684-04:00,IdeState,Inactive,,*,-1,-1
2025-03-14T16:55:47.684-04:00,IdeState,Inactive,,*,-1,-1
2025-03-14T16:55:48.686-04:00,IdeState,Inactive,,*,-1,-1
2025-03-14T16:55:49.687-04:00,IdeState,Inactive,,*,-1,-1
2025-03-14T16:55:50.688-04:00,IdeState,Inactive,,*,-1,-1
2025-03-14T16:55:51.689-04:00,IdeState,Inactive,,*,-1,-1
2025-03-14T16:55:52.690-04:00,IdeState,Inactive,,*,-1,-1
2025-03-14T16:55:53.691-04:00,IdeState,Inactive,,*,-1,-1
2025-03-14T16:55:54.692-04:00,IdeState,Inactive,,*,-1,-1
2025-03-14T16:55:55.692-04:00,IdeState,Inactive,,*,-1,-1
2025-03-14T16:55:56.693-04:00,IdeState,Inactive,,*,-1,-1
2025-03-14T16:55:57.694-04:00,IdeState,Inactive,,*,-1,-1
2025-03-14T16:55:58.695-04:00,IdeState,Inactive,,*,-1,-1
2025-03-14T16:55:59.696-04:00,IdeState,Inactive,,*,-1,-1
2025-03-14T16:56:00.696-04:00,IdeState,Inactive,,*,-1,-1
2025-03-14T16:56:01.697-04:00,IdeState,Inactive,,*,-1,-1
2025-03-14T16:56:02.699-04:00,IdeState,Inactive,,*,-1,-1
2025-03-14T16:56:03.701-04:00,IdeState,Inactive,,*,-1,-1
2025-03-14T16:56:04.703-04:00,IdeState,Inactive,,*,-1,-1
2025-03-14T16:56:05.704-04:00,IdeState,Inactive,,*,-1,-1
2025-03-14T16:56:06.705-04:00,IdeState,Inactive,,*,-1,-1
2025-03-14T16:56:07.707-04:00,IdeState,Inactive,,*,-1,-1
2025-03-14T16:56:08.708-04:00,IdeState,Inactive,,*,-1,-1
2025-03-14T16:56:09.708-04:00,IdeState,Inactive,,*,-1,-1
2025-03-14T16:56:10.711-04:00,IdeState,Inactive,,*,-1,-1
2025-03-14T16:56:11.711-04:00,IdeState,Inactive,,*,-1,-1
2025-03-14T16:56:12.712-04:00,IdeState,Inactive,,*,-1,-1
2025-03-14T16:56:13.713-04:00,IdeState,Inactive,,*,-1,-1
2025-03-14T16:56:14.713-04:00,IdeState,Inactive,,*,-1,-1
2025-03-14T16:56:15.715-04:00,IdeState,Inactive,,*,-1,-1
2025-03-14T16:56:16.715-04:00,IdeState,Inactive,,*,-1,-1
2025-03-14T16:56:17.717-04:00,IdeState,Inactive,,*,-1,-1
2025-03-14T16:56:18.718-04:00,IdeState,Inactive,,*,-1,-1
2025-03-14T16:56:19.719-04:00,IdeState,Inactive,,*,-1,-1
2025-03-14T16:56:20.719-04:00,IdeState,Inactive,,*,-1,-1
2025-03-14T16:56:21.721-04:00,IdeState,Inactive,,*,-1,-1
2025-03-14T16:56:22.722-04:00,IdeState,Inactive,,*,-1,-1
2025-03-14T16:56:23.724-04:00,IdeState,Inactive,,*,-1,-1
2025-03-14T16:56:24.724-04:00,IdeState,Inactive,,*,-1,-1
2025-03-14T16:56:25.727-04:00,IdeState,Inactive,,*,-1,-1
2025-03-14T16:56:26.729-04:00,IdeState,Inactive,,*,-1,-1
2025-03-14T16:56:27.731-04:00,IdeState,Inactive,,*,-1,-1
2025-03-14T16:56:28.731-04:00,IdeState,Inactive,,*,-1,-1
2025-03-14T16:56:29.733-04:00,IdeState,Inactive,,*,-1,-1
2025-03-14T16:56:30.734-04:00,IdeState,Inactive,,*,-1,-1
2025-03-14T16:56:31.735-04:00,IdeState,Inactive,,*,-1,-1
2025-03-14T16:56:32.736-04:00,IdeState,Inactive,,*,-1,-1
2025-03-14T16:56:33.738-04:00,IdeState,Inactive,,*,-1,-1
2025-03-14T16:56:34.740-04:00,IdeState,Inactive,,*,-1,-1
2025-03-14T16:56:35.740-04:00,IdeState,Inactive,,*,-1,-1
2025-03-14T16:56:36.741-04:00,IdeState,Inactive,,*,-1,-1
2025-03-14T16:56:37.742-04:00,IdeState,Inactive,,*,-1,-1
2025-03-14T16:56:38.743-04:00,IdeState,Inactive,,*,-1,-1
2025-03-14T16:56:39.745-04:00,IdeState,Inactive,,*,-1,-1
2025-03-14T16:56:40.746-04:00,IdeState,Inactive,,*,-1,-1
2025-03-14T16:56:41.747-04:00,IdeState,Inactive,,*,-1,-1
2025-03-14T16:56:42.748-04:00,IdeState,Inactive,,*,-1,-1
2025-03-14T16:56:43.749-04:00,IdeState,Inactive,,*,-1,-1
2025-03-14T16:56:44.750-04:00,IdeState,Inactive,,*,-1,-1
2025-03-14T16:56:45.751-04:00,IdeState,Inactive,,*,-1,-1
2025-03-14T16:56:46.751-04:00,IdeState,Inactive,,*,-1,-1
2025-03-14T16:56:47.752-04:00,IdeState,Inactive,,*,-1,-1
2025-03-14T16:56:48.753-04:00,IdeState,Inactive,,*,-1,-1
2025-03-14T16:56:49.755-04:00,IdeState,Inactive,,*,-1,-1
2025-03-14T16:56:50.756-04:00,IdeState,Inactive,,*,-1,-1
2025-03-14T16:56:51.757-04:00,IdeState,Inactive,,*,-1,-1
2025-03-14T16:56:52.759-04:00,IdeState,Inactive,,*,-1,-1
2025-03-14T16:56:53.760-04:00,IdeState,Inactive,,*,-1,-1
2025-03-14T16:56:54.760-04:00,IdeState,Inactive,,*,-1,-1
2025-03-14T16:56:55.763-04:00,IdeState,Inactive,,*,-1,-1
2025-03-14T16:56:56.766-04:00,IdeState,Inactive,,*,-1,-1
2025-03-14T16:56:57.767-04:00,IdeState,Inactive,,*,-1,-1
2025-03-14T16:56:58.768-04:00,IdeState,Inactive,,*,-1,-1
2025-03-14T16:56:59.769-04:00,IdeState,Inactive,,*,-1,-1
2025-03-14T16:57:00.769-04:00,IdeState,Inactive,,*,-1,-1
2025-03-14T16:57:01.771-04:00,IdeState,Inactive,,*,-1,-1
2025-03-14T16:57:02.774-04:00,IdeState,Inactive,,*,-1,-1
2025-03-14T16:57:03.775-04:00,IdeState,Inactive,,*,-1,-1
2025-03-14T16:57:04.776-04:00,IdeState,Inactive,,*,-1,-1
2025-03-14T16:57:05.778-04:00,IdeState,Inactive,,*,-1,-1
2025-03-14T16:57:06.779-04:00,IdeState,Inactive,,*,-1,-1
2025-03-14T16:57:07.782-04:00,IdeState,Inactive,,*,-1,-1
2025-03-14T16:57:08.783-04:00,IdeState,Inactive,,*,-1,-1
2025-03-14T16:57:09.785-04:00,IdeState,Inactive,,*,-1,-1
2025-03-14T16:57:10.786-04:00,IdeState,Inactive,,*,-1,-1
2025-03-14T16:57:11.789-04:00,IdeState,Inactive,,*,-1,-1
2025-03-14T16:57:12.790-04:00,IdeState,Inactive,,*,-1,-1
2025-03-14T16:57:13.791-04:00,IdeState,Inactive,,*,-1,-1
2025-03-14T16:57:14.816-04:00,IdeState,Inactive,,*,-1,-1
2025-03-14T16:57:15.830-04:00,IdeState,Inactive,,*,-1,-1
2025-03-14T16:57:16.832-04:00,IdeState,Inactive,,*,-1,-1
2025-03-14T16:57:17.833-04:00,IdeState,Inactive,,*,-1,-1
2025-03-14T16:57:18.834-04:00,IdeState,Inactive,,*,-1,-1
2025-03-14T16:57:19.836-04:00,IdeState,Inactive,,*,-1,-1
2025-03-14T16:57:20.837-04:00,IdeState,Inactive,,*,-1,-1
2025-03-14T16:57:21.847-04:00,IdeState,Inactive,,*,-1,-1
2025-03-14T16:57:22.874-04:00,IdeState,Inactive,,*,-1,-1
2025-03-14T16:57:23.875-04:00,IdeState,Inactive,,*,-1,-1
2025-03-14T16:57:24.877-04:00,IdeState,Inactive,,*,-1,-1
2025-03-14T16:57:25.877-04:00,IdeState,Inactive,,*,-1,-1
2025-03-14T16:57:26.878-04:00,IdeState,Inactive,,*,-1,-1
2025-03-14T16:57:27.880-04:00,IdeState,Inactive,,*,-1,-1
2025-03-14T16:57:28.881-04:00,IdeState,Inactive,,*,-1,-1
2025-03-14T16:57:29.882-04:00,IdeState,Inactive,,*,-1,-1
2025-03-14T16:57:30.883-04:00,IdeState,Inactive,,*,-1,-1
2025-03-14T16:57:31.885-04:00,IdeState,Inactive,,*,-1,-1
2025-03-14T16:57:32.886-04:00,IdeState,Inactive,,*,-1,-1
2025-03-14T16:57:33.886-04:00,IdeState,Inactive,,*,-1,-1
2025-03-14T16:57:34.888-04:00,IdeState,Inactive,,*,-1,-1
2025-03-14T16:57:35.889-04:00,IdeState,Inactive,,*,-1,-1
2025-03-14T16:57:36.890-04:00,IdeState,Inactive,,*,-1,-1
2025-03-14T16:57:37.892-04:00,IdeState,Inactive,,*,-1,-1
2025-03-14T16:57:38.895-04:00,IdeState,Inactive,,*,-1,-1
2025-03-14T16:57:39.896-04:00,IdeState,Inactive,,*,-1,-1
2025-03-14T16:57:40.898-04:00,IdeState,Inactive,,*,-1,-1
2025-03-14T16:57:41.898-04:00,IdeState,Inactive,,*,-1,-1
2025-03-14T16:57:42.901-04:00,IdeState,Inactive,,*,-1,-1
2025-03-14T16:57:43.903-04:00,IdeState,Inactive,,*,-1,-1
2025-03-14T16:57:44.904-04:00,IdeState,Inactive,,*,-1,-1
2025-03-14T16:57:45.905-04:00,IdeState,Inactive,,*,-1,-1
2025-03-14T16:57:46.907-04:00,IdeState,Inactive,,*,-1,-1
2025-03-14T16:57:47.908-04:00,IdeState,Inactive,,*,-1,-1
2025-03-14T16:57:48.910-04:00,IdeState,Inactive,,*,-1,-1
2025-03-14T16:57:49.910-04:00,IdeState,Inactive,,*,-1,-1
2025-03-14T16:57:50.911-04:00,IdeState,Inactive,,*,-1,-1
2025-03-14T16:57:51.912-04:00,IdeState,Inactive,,*,-1,-1
2025-03-14T16:57:52.914-04:00,IdeState,Inactive,,*,-1,-1
2025-03-14T16:57:53.915-04:00,IdeState,Inactive,,*,-1,-1
2025-03-14T16:57:54.916-04:00,IdeState,Inactive,,*,-1,-1
2025-03-14T16:57:55.917-04:00,IdeState,Inactive,,*,-1,-1
2025-03-14T16:57:56.919-04:00,IdeState,Inactive,,*,-1,-1
2025-03-14T16:57:57.919-04:00,IdeState,Inactive,,*,-1,-1
2025-03-14T16:57:58.921-04:00,IdeState,Inactive,,*,-1,-1
2025-03-14T16:57:59.923-04:00,IdeState,Inactive,,*,-1,-1
2025-03-14T16:58:00.925-04:00,IdeState,Inactive,,*,-1,-1
2025-03-14T16:58:01.927-04:00,IdeState,Inactive,,*,-1,-1
2025-03-14T16:58:02.927-04:00,IdeState,Inactive,,*,-1,-1
2025-03-14T16:58:03.930-04:00,IdeState,Inactive,,*,-1,-1
2025-03-14T16:58:04.931-04:00,IdeState,Inactive,,*,-1,-1
2025-03-14T16:58:05.932-04:00,IdeState,Inactive,,*,-1,-1
2025-03-14T16:58:06.932-04:00,IdeState,Inactive,,*,-1,-1
2025-03-14T16:58:07.934-04:00,IdeState,Inactive,,*,-1,-1
2025-03-14T16:58:08.934-04:00,IdeState,Inactive,,*,-1,-1
2025-03-14T16:58:09.935-04:00,IdeState,Inactive,,*,-1,-1
2025-03-14T16:58:10.936-04:00,IdeState,Inactive,,*,-1,-1
2025-03-14T16:58:11.939-04:00,IdeState,Inactive,,*,-1,-1
2025-03-14T16:58:12.941-04:00,IdeState,Inactive,,*,-1,-1
2025-03-14T16:58:13.942-04:00,IdeState,Inactive,,*,-1,-1
2025-03-14T16:58:14.943-04:00,IdeState,Inactive,,*,-1,-1
2025-03-14T16:58:15.945-04:00,IdeState,Inactive,,*,-1,-1
2025-03-14T16:58:16.946-04:00,IdeState,Inactive,,*,-1,-1
2025-03-14T16:58:17.947-04:00,IdeState,Inactive,,*,-1,-1
2025-03-14T16:58:18.948-04:00,IdeState,Inactive,,*,-1,-1
2025-03-14T16:58:19.949-04:00,IdeState,Inactive,,*,-1,-1
2025-03-14T16:58:20.950-04:00,IdeState,Inactive,,*,-1,-1
2025-03-14T16:58:21.951-04:00,IdeState,Inactive,,*,-1,-1
2025-03-14T16:58:22.952-04:00,IdeState,Inactive,,*,-1,-1
2025-03-14T16:58:23.953-04:00,IdeState,Inactive,,*,-1,-1
2025-03-14T16:58:24.955-04:00,IdeState,Inactive,,*,-1,-1
2025-03-14T16:58:25.956-04:00,IdeState,Inactive,,*,-1,-1
2025-03-14T16:58:26.957-04:00,IdeState,Inactive,,*,-1,-1
2025-03-14T16:58:27.959-04:00,IdeState,Inactive,,*,-1,-1
2025-03-14T16:58:28.960-04:00,IdeState,Inactive,,*,-1,-1
2025-03-14T16:58:29.962-04:00,IdeState,Inactive,,*,-1,-1
2025-03-14T16:58:30.964-04:00,IdeState,Inactive,,*,-1,-1
2025-03-14T16:58:31.966-04:00,IdeState,Inactive,,*,-1,-1
2025-03-14T16:58:32.967-04:00,IdeState,Inactive,,*,-1,-1
2025-03-14T16:58:33.968-04:00,IdeState,Inactive,,*,-1,-1
2025-03-14T16:58:34.970-04:00,IdeState,Inactive,,*,-1,-1
2025-03-14T16:58:35.971-04:00,IdeState,Inactive,,*,-1,-1
2025-03-14T16:58:36.972-04:00,IdeState,Inactive,,*,-1,-1
2025-03-14T16:58:37.974-04:00,IdeState,Inactive,,*,-1,-1
2025-03-14T16:58:38.976-04:00,IdeState,Inactive,,*,-1,-1
2025-03-14T16:58:39.977-04:00,IdeState,Inactive,,*,-1,-1
2025-03-14T16:58:40.978-04:00,IdeState,Inactive,,*,-1,-1
2025-03-14T16:58:41.979-04:00,IdeState,Inactive,,*,-1,-1
2025-03-14T16:58:42.980-04:00,IdeState,Inactive,,*,-1,-1
2025-03-14T16:58:43.980-04:00,IdeState,Inactive,,*,-1,-1
2025-03-14T16:58:44.983-04:00,IdeState,Inactive,,*,-1,-1
2025-03-14T16:58:45.983-04:00,IdeState,Inactive,,*,-1,-1
2025-03-14T16:58:46.985-04:00,IdeState,Inactive,,*,-1,-1
2025-03-14T16:58:47.987-04:00,IdeState,Inactive,,*,-1,-1
2025-03-14T16:58:48.989-04:00,IdeState,Inactive,,*,-1,-1
2025-03-14T16:58:49.989-04:00,IdeState,Inactive,,*,-1,-1
2025-03-14T16:58:50.990-04:00,IdeState,Inactive,,*,-1,-1
2025-03-14T16:58:51.992-04:00,IdeState,Inactive,,*,-1,-1
2025-03-14T16:58:52.994-04:00,IdeState,Inactive,,*,-1,-1
2025-03-14T16:58:53.995-04:00,IdeState,Inactive,,*,-1,-1
2025-03-14T16:58:54.996-04:00,IdeState,Inactive,,*,-1,-1
2025-03-14T16:58:56.000-04:00,IdeState,Inactive,,*,-1,-1
2025-03-14T16:58:57.002-04:00,IdeState,Inactive,,*,-1,-1
2025-03-14T16:58:58.003-04:00,IdeState,Inactive,,*,-1,-1
2025-03-14T16:58:59.004-04:00,IdeState,Inactive,,*,-1,-1
2025-03-14T16:59:00.005-04:00,IdeState,Inactive,,*,-1,-1
2025-03-14T16:59:01.008-04:00,IdeState,Inactive,,*,-1,-1
2025-03-14T16:59:02.009-04:00,IdeState,Inactive,,*,-1,-1
2025-03-14T16:59:03.011-04:00,IdeState,Inactive,,*,-1,-1
2025-03-14T16:59:04.012-04:00,IdeState,Inactive,,*,-1,-1
2025-03-14T16:59:05.014-04:00,IdeState,Inactive,,*,-1,-1
2025-03-14T16:59:06.015-04:00,IdeState,Inactive,,*,-1,-1
2025-03-14T16:59:07.017-04:00,IdeState,Inactive,,*,-1,-1
2025-03-14T16:59:08.019-04:00,IdeState,Inactive,,*,-1,-1
2025-03-14T16:59:09.020-04:00,IdeState,Inactive,,*,-1,-1
2025-03-14T16:59:10.021-04:00,IdeState,Inactive,,*,-1,-1
2025-03-14T16:59:11.023-04:00,IdeState,Inactive,,*,-1,-1
2025-03-14T16:59:12.023-04:00,IdeState,Inactive,,*,-1,-1
2025-03-14T16:59:13.024-04:00,IdeState,Inactive,,*,-1,-1
2025-03-14T16:59:14.025-04:00,IdeState,Inactive,,*,-1,-1
2025-03-14T16:59:15.026-04:00,IdeState,Inactive,,*,-1,-1
2025-03-14T16:59:16.028-04:00,IdeState,Inactive,,*,-1,-1
2025-03-14T16:59:17.028-04:00,IdeState,Inactive,,*,-1,-1
2025-03-14T16:59:18.030-04:00,IdeState,Inactive,,*,-1,-1
2025-03-14T16:59:19.031-04:00,IdeState,Inactive,,*,-1,-1
2025-03-14T16:59:20.032-04:00,IdeState,Inactive,,*,-1,-1
2025-03-14T16:59:21.033-04:00,IdeState,Inactive,,*,-1,-1
2025-03-14T16:59:22.034-04:00,IdeState,Inactive,,*,-1,-1
2025-03-14T16:59:23.035-04:00,IdeState,Inactive,,*,-1,-1
2025-03-14T16:59:24.036-04:00,IdeState,Inactive,,*,-1,-1
2025-03-14T16:59:25.038-04:00,IdeState,Inactive,,*,-1,-1
2025-03-14T16:59:26.038-04:00,IdeState,Inactive,,*,-1,-1
2025-03-14T16:59:27.040-04:00,IdeState,Inactive,,*,-1,-1
2025-03-14T16:59:28.040-04:00,IdeState,Inactive,,*,-1,-1
2025-03-14T16:59:29.041-04:00,IdeState,Inactive,,*,-1,-1
2025-03-14T16:59:30.043-04:00,IdeState,Inactive,,*,-1,-1
2025-03-14T16:59:31.044-04:00,IdeState,Inactive,,*,-1,-1
2025-03-14T16:59:32.045-04:00,IdeState,Inactive,,*,-1,-1
2025-03-14T16:59:33.047-04:00,IdeState,Inactive,,*,-1,-1
2025-03-14T16:59:34.048-04:00,IdeState,Inactive,,*,-1,-1
2025-03-14T16:59:35.049-04:00,IdeState,Inactive,,*,-1,-1
2025-03-14T16:59:36.052-04:00,IdeState,Inactive,,*,-1,-1
2025-03-14T16:59:37.052-04:00,IdeState,Inactive,,*,-1,-1
2025-03-14T16:59:38.053-04:00,IdeState,Inactive,,*,-1,-1
2025-03-14T16:59:39.054-04:00,IdeState,Inactive,,*,-1,-1
2025-03-14T16:59:40.056-04:00,IdeState,Inactive,,*,-1,-1
2025-03-14T16:59:41.057-04:00,IdeState,Inactive,,*,-1,-1
2025-03-14T16:59:42.059-04:00,IdeState,Inactive,,*,-1,-1
2025-03-14T16:59:43.060-04:00,IdeState,Inactive,,*,-1,-1
2025-03-14T16:59:44.061-04:00,IdeState,Inactive,,*,-1,-1
2025-03-14T16:59:45.063-04:00,IdeState,Inactive,,*,-1,-1
2025-03-14T16:59:46.065-04:00,IdeState,Inactive,,*,-1,-1
2025-03-14T16:59:47.066-04:00,IdeState,Inactive,,*,-1,-1
2025-03-14T16:59:48.068-04:00,IdeState,Inactive,,*,-1,-1
2025-03-14T16:59:49.068-04:00,IdeState,Inactive,,*,-1,-1
2025-03-14T16:59:50.070-04:00,IdeState,Inactive,,*,-1,-1
2025-03-14T16:59:51.073-04:00,IdeState,Inactive,,*,-1,-1
2025-03-14T16:59:52.074-04:00,IdeState,Inactive,,*,-1,-1
2025-03-14T16:59:53.075-04:00,IdeState,Inactive,,*,-1,-1
2025-03-14T16:59:54.075-04:00,IdeState,Inactive,,*,-1,-1
2025-03-14T16:59:55.076-04:00,IdeState,Inactive,,*,-1,-1
2025-03-14T16:59:56.077-04:00,IdeState,Inactive,,*,-1,-1
2025-03-14T16:59:57.078-04:00,IdeState,Inactive,,*,-1,-1
2025-03-14T16:59:58.079-04:00,IdeState,Inactive,,*,-1,-1
2025-03-14T16:59:59.080-04:00,IdeState,Inactive,,*,-1,-1
2025-03-14T17:00:00.082-04:00,IdeState,Inactive,,*,-1,-1
2025-03-14T17:00:01.084-04:00,IdeState,Inactive,,*,-1,-1
2025-03-14T17:00:02.085-04:00,IdeState,Inactive,,*,-1,-1
2025-03-14T17:00:03.087-04:00,IdeState,Inactive,,*,-1,-1
2025-03-14T17:00:04.088-04:00,IdeState,Inactive,,*,-1,-1
2025-03-14T17:00:05.089-04:00,IdeState,Inactive,,*,-1,-1
2025-03-14T17:00:06.090-04:00,IdeState,Inactive,,*,-1,-1
2025-03-14T17:00:07.090-04:00,IdeState,Inactive,,*,-1,-1
2025-03-14T17:00:08.092-04:00,IdeState,Inactive,,*,-1,-1
2025-03-14T17:00:09.094-04:00,IdeState,Inactive,,*,-1,-1
2025-03-14T17:00:10.095-04:00,IdeState,Inactive,,*,-1,-1
2025-03-14T17:00:11.096-04:00,IdeState,Inactive,,*,-1,-1
2025-03-14T17:00:12.097-04:00,IdeState,Inactive,,*,-1,-1
2025-03-14T17:00:13.098-04:00,IdeState,Inactive,,*,-1,-1
2025-03-14T17:00:14.099-04:00,IdeState,Inactive,,*,-1,-1
2025-03-14T17:00:15.100-04:00,IdeState,Inactive,,*,-1,-1
2025-03-14T17:00:16.102-04:00,IdeState,Inactive,,*,-1,-1
2025-03-14T17:00:17.103-04:00,IdeState,Inactive,,*,-1,-1
2025-03-14T17:00:18.104-04:00,IdeState,Inactive,,*,-1,-1
2025-03-14T17:00:19.105-04:00,IdeState,Inactive,,*,-1,-1
2025-03-14T17:00:20.105-04:00,IdeState,Inactive,,*,-1,-1
2025-03-14T17:00:21.106-04:00,IdeState,Inactive,,*,-1,-1
2025-03-14T17:00:22.106-04:00,IdeState,Inactive,,*,-1,-1
2025-03-14T17:00:23.108-04:00,IdeState,Inactive,,*,-1,-1
2025-03-14T17:00:24.109-04:00,IdeState,Inactive,,*,-1,-1
2025-03-14T17:00:25.110-04:00,IdeState,Inactive,,*,-1,-1
2025-03-14T17:00:26.111-04:00,IdeState,Inactive,,*,-1,-1
2025-03-14T17:00:27.113-04:00,IdeState,Inactive,,*,-1,-1
2025-03-14T17:00:28.114-04:00,IdeState,Inactive,,*,-1,-1
2025-03-14T17:00:29.115-04:00,IdeState,Inactive,,*,-1,-1
2025-03-14T17:00:30.116-04:00,IdeState,Inactive,,*,-1,-1
2025-03-14T17:00:31.117-04:00,IdeState,Inactive,,*,-1,-1
2025-03-14T17:00:32.118-04:00,IdeState,Inactive,,*,-1,-1
2025-03-14T17:00:33.119-04:00,IdeState,Inactive,,*,-1,-1
2025-03-14T17:00:34.120-04:00,IdeState,Inactive,,*,-1,-1
2025-03-14T17:00:35.120-04:00,IdeState,Inactive,,*,-1,-1
2025-03-14T17:00:36.121-04:00,IdeState,Inactive,,*,-1,-1
2025-03-14T17:00:37.123-04:00,IdeState,Inactive,,*,-1,-1
2025-03-14T17:00:38.124-04:00,IdeState,Inactive,,*,-1,-1
2025-03-14T17:00:39.125-04:00,IdeState,Inactive,,*,-1,-1
2025-03-14T17:00:40.128-04:00,IdeState,Inactive,,*,-1,-1
2025-03-14T17:00:41.129-04:00,IdeState,Inactive,,*,-1,-1
2025-03-14T17:00:42.132-04:00,IdeState,Inactive,,*,-1,-1
2025-03-14T17:00:43.132-04:00,IdeState,Inactive,,*,-1,-1
2025-03-14T17:00:44.136-04:00,IdeState,Inactive,,*,-1,-1
2025-03-14T17:00:45.138-04:00,IdeState,Inactive,,*,-1,-1
2025-03-14T17:00:46.140-04:00,IdeState,Inactive,,*,-1,-1
2025-03-14T17:00:47.142-04:00,IdeState,Inactive,,*,-1,-1
2025-03-14T17:00:48.144-04:00,IdeState,Inactive,,*,-1,-1
2025-03-14T17:00:49.144-04:00,IdeState,Inactive,,*,-1,-1
2025-03-14T17:00:50.145-04:00,IdeState,Inactive,,*,-1,-1
2025-03-14T17:00:51.146-04:00,IdeState,Inactive,,*,-1,-1
2025-03-14T17:00:52.148-04:00,IdeState,Inactive,,*,-1,-1
2025-03-14T17:00:53.178-04:00,IdeState,Active,tasktracker,*,-1,-1
2025-03-14T17:00:54.181-04:00,IdeState,Active,tasktracker,*,-1,-1
2025-03-14T17:00:55.211-04:00,IdeState,Active,tasktracker,*,-1,-1
2025-03-14T17:00:56.214-04:00,IdeState,Active,tasktracker,*,-1,-1
2025-03-14T17:00:57.215-04:00,IdeState,Active,tasktracker,*,-1,-1
2025-03-14T17:00:58.362-04:00,IdeState,Active,Project,*,-1,-1
2025-03-14T17:00:59.364-04:00,IdeState,Active,Editor,branch_coverage.py,0,0
2025-03-14T17:01:00.365-04:00,IdeState,Active,Editor,branch_coverage.py,0,0
2025-03-14T17:01:01.366-04:00,IdeState,Active,Editor,branch_coverage.py,0,0
2025-03-14T17:01:02.367-04:00,IdeState,Active,Editor,branch_coverage.py,0,0
2025-03-14T17:01:03.370-04:00,IdeState,Active,Editor,branch_coverage.py,0,0
2025-03-14T17:01:04.377-04:00,IdeState,Inactive,,*,-1,-1
2025-03-14T17:01:05.377-04:00,IdeState,Inactive,,*,-1,-1
2025-03-14T17:01:06.379-04:00,IdeState,Inactive,,*,-1,-1
2025-03-14T17:01:07.380-04:00,IdeState,Inactive,,*,-1,-1
2025-03-14T17:01:08.380-04:00,IdeState,Inactive,,*,-1,-1
2025-03-14T17:01:09.381-04:00,IdeState,Inactive,,*,-1,-1
2025-03-14T17:01:10.383-04:00,IdeState,Inactive,,*,-1,-1
2025-03-14T17:01:11.384-04:00,IdeState,Active,Editor,branch_coverage.py,0,0
2025-03-14T17:01:12.385-04:00,IdeState,Active,Editor,branch_coverage.py,0,0
2025-03-14T17:01:13.387-04:00,IdeState,Inactive,,*,-1,-1
2025-03-14T17:01:14.387-04:00,IdeState,Inactive,,*,-1,-1
2025-03-14T17:01:15.388-04:00,IdeState,Inactive,,*,-1,-1
2025-03-14T17:01:16.389-04:00,IdeState,Inactive,,*,-1,-1
2025-03-14T17:01:17.390-04:00,IdeState,Inactive,,*,-1,-1
2025-03-14T17:01:18.392-04:00,IdeState,Inactive,,*,-1,-1
2025-03-14T17:01:19.392-04:00,IdeState,Inactive,,*,-1,-1
2025-03-14T17:01:20.394-04:00,IdeState,Inactive,,*,-1,-1
2025-03-14T17:01:21.397-04:00,IdeState,Inactive,,*,-1,-1
2025-03-14T17:01:22.397-04:00,IdeState,Inactive,,*,-1,-1
2025-03-14T17:01:23.399-04:00,IdeState,Inactive,,*,-1,-1
2025-03-14T17:01:24.400-04:00,IdeState,Inactive,,*,-1,-1
2025-03-14T17:01:25.401-04:00,IdeState,Inactive,,*,-1,-1
2025-03-14T17:01:26.402-04:00,IdeState,Inactive,,*,-1,-1
2025-03-14T17:01:27.403-04:00,IdeState,Inactive,,*,-1,-1
2025-03-14T17:01:28.404-04:00,IdeState,Inactive,,*,-1,-1
2025-03-14T17:01:29.404-04:00,IdeState,Inactive,,*,-1,-1
2025-03-14T17:01:30.405-04:00,IdeState,Inactive,,*,-1,-1
2025-03-14T17:01:31.404-04:00,IdeState,Inactive,,*,-1,-1
2025-03-14T17:01:32.408-04:00,IdeState,Inactive,,*,-1,-1
2025-03-14T17:01:33.410-04:00,IdeState,Inactive,,*,-1,-1
2025-03-14T17:01:34.411-04:00,IdeState,Inactive,,*,-1,-1
2025-03-14T17:01:35.412-04:00,IdeState,Inactive,,*,-1,-1
2025-03-14T17:01:36.413-04:00,IdeState,Inactive,,*,-1,-1
2025-03-14T17:01:37.414-04:00,IdeState,Inactive,,*,-1,-1
2025-03-14T17:01:38.416-04:00,IdeState,Inactive,,*,-1,-1
2025-03-14T17:01:39.417-04:00,IdeState,Inactive,,*,-1,-1
2025-03-14T17:01:40.419-04:00,IdeState,Inactive,,*,-1,-1
2025-03-14T17:01:41.420-04:00,IdeState,Inactive,,*,-1,-1
2025-03-14T17:01:42.421-04:00,IdeState,Inactive,,*,-1,-1
2025-03-14T17:01:43.424-04:00,IdeState,Inactive,,*,-1,-1
2025-03-14T17:01:44.425-04:00,IdeState,Inactive,,*,-1,-1
2025-03-14T17:01:45.426-04:00,IdeState,Inactive,,*,-1,-1
2025-03-14T17:01:46.427-04:00,IdeState,Inactive,,*,-1,-1
2025-03-14T17:01:47.428-04:00,IdeState,Inactive,,*,-1,-1
2025-03-14T17:01:48.430-04:00,IdeState,Inactive,,*,-1,-1
2025-03-14T17:01:49.432-04:00,IdeState,Inactive,,*,-1,-1
2025-03-14T17:01:50.432-04:00,IdeState,Inactive,,*,-1,-1
2025-03-14T17:01:51.433-04:00,IdeState,Inactive,,*,-1,-1
2025-03-14T17:01:52.434-04:00,IdeState,Inactive,,*,-1,-1
2025-03-14T17:01:53.434-04:00,IdeState,Inactive,,*,-1,-1
2025-03-14T17:01:54.436-04:00,IdeState,Inactive,,*,-1,-1
2025-03-14T17:01:55.438-04:00,IdeState,Inactive,,*,-1,-1
2025-03-14T17:01:56.439-04:00,IdeState,Inactive,,*,-1,-1
2025-03-14T17:01:57.440-04:00,IdeState,Inactive,,*,-1,-1
2025-03-14T17:01:58.443-04:00,IdeState,Inactive,,*,-1,-1
2025-03-14T17:01:59.446-04:00,IdeState,Inactive,,*,-1,-1
2025-03-14T17:02:00.448-04:00,IdeState,Inactive,,*,-1,-1
2025-03-14T17:02:01.448-04:00,IdeState,Inactive,,*,-1,-1
2025-03-14T17:02:02.449-04:00,IdeState,Inactive,,*,-1,-1
2025-03-14T17:02:03.450-04:00,IdeState,Inactive,,*,-1,-1
2025-03-14T17:02:04.453-04:00,IdeState,Inactive,,*,-1,-1
2025-03-14T17:02:05.454-04:00,IdeState,Inactive,,*,-1,-1
2025-03-14T17:02:06.455-04:00,IdeState,Inactive,,*,-1,-1
2025-03-14T17:02:07.457-04:00,IdeState,Inactive,,*,-1,-1
2025-03-14T17:02:08.458-04:00,IdeState,Inactive,,*,-1,-1
2025-03-14T17:02:09.459-04:00,IdeState,Inactive,,*,-1,-1
2025-03-14T17:02:10.460-04:00,IdeState,Inactive,,*,-1,-1
2025-03-14T17:02:11.463-04:00,IdeState,Inactive,,*,-1,-1
2025-03-14T17:02:12.463-04:00,IdeState,Inactive,,*,-1,-1
2025-03-14T17:02:13.465-04:00,IdeState,Inactive,,*,-1,-1
2025-03-14T17:02:14.466-04:00,IdeState,Inactive,,*,-1,-1
2025-03-14T17:02:15.467-04:00,IdeState,Inactive,,*,-1,-1
2025-03-14T17:02:16.469-04:00,IdeState,Inactive,,*,-1,-1
2025-03-14T17:02:17.470-04:00,IdeState,Inactive,,*,-1,-1
2025-03-14T17:02:18.472-04:00,IdeState,Inactive,,*,-1,-1
2025-03-14T17:02:19.473-04:00,IdeState,Inactive,,*,-1,-1
2025-03-14T17:02:20.473-04:00,IdeState,Inactive,,*,-1,-1
2025-03-14T17:02:21.474-04:00,IdeState,Inactive,,*,-1,-1
2025-03-14T17:02:22.476-04:00,IdeState,Inactive,,*,-1,-1
2025-03-14T17:02:23.476-04:00,IdeState,Inactive,,*,-1,-1
2025-03-14T17:02:24.478-04:00,IdeState,Inactive,,*,-1,-1
2025-03-14T17:02:25.479-04:00,IdeState,Inactive,,*,-1,-1
2025-03-14T17:02:26.481-04:00,IdeState,Inactive,,*,-1,-1
2025-03-14T17:02:27.520-04:00,IdeState,Inactive,,*,-1,-1
2025-03-14T17:02:28.522-04:00,IdeState,Inactive,,*,-1,-1
2025-03-14T17:02:29.522-04:00,IdeState,Inactive,,*,-1,-1
2025-03-14T17:02:30.526-04:00,IdeState,Inactive,,*,-1,-1
2025-03-14T17:02:31.527-04:00,IdeState,Active,Editor,branch_coverage.py,0,0
2025-03-14T17:02:32.529-04:00,IdeState,Active,Editor,branch_coverage.py,0,0
2025-03-14T17:02:33.531-04:00,IdeState,Active,Editor,branch_coverage.py,0,0
2025-03-14T17:02:34.532-04:00,IdeState,Active,Editor,branch_coverage.py,0,0
2025-03-14T17:02:35.533-04:00,IdeState,Active,Editor,branch_coverage.py,0,0
2025-03-14T17:02:36.535-04:00,IdeState,Active,Editor,branch_coverage.py,0,0
2025-03-14T17:02:37.536-04:00,IdeState,Active,Editor,branch_coverage.py,0,0
2025-03-14T17:02:38.539-04:00,IdeState,Active,Editor,branch_coverage.py,0,0
2025-03-14T17:02:39.540-04:00,IdeState,Active,Editor,branch_coverage.py,0,0
2025-03-14T17:02:40.542-04:00,IdeState,Active,Editor,branch_coverage.py,0,0
2025-03-14T17:02:41.545-04:00,IdeState,Active,Editor,branch_coverage.py,0,0
2025-03-14T17:02:42.546-04:00,IdeState,Active,Editor,branch_coverage.py,0,0
2025-03-14T17:02:43.547-04:00,IdeState,Active,Editor,branch_coverage.py,0,0
2025-03-14T17:02:44.549-04:00,IdeState,Active,Editor,branch_coverage.py,0,0
2025-03-14T17:02:45.550-04:00,IdeState,Active,Editor,branch_coverage.py,0,0
2025-03-14T17:02:46.551-04:00,IdeState,Active,Editor,branch_coverage.py,0,0
2025-03-14T17:02:47.552-04:00,IdeState,Active,Editor,branch_coverage.py,0,0
2025-03-14T17:02:48.554-04:00,IdeState,Active,Editor,branch_coverage.py,0,0
2025-03-14T17:02:49.555-04:00,IdeState,Active,Editor,branch_coverage.py,0,0
2025-03-14T17:02:50.556-04:00,IdeState,Active,Editor,branch_coverage.py,0,0
2025-03-14T17:02:51.557-04:00,IdeState,Active,Editor,branch_coverage.py,0,0
2025-03-14T17:02:52.559-04:00,IdeState,Active,Editor,branch_coverage.py,0,0
2025-03-14T17:02:53.561-04:00,IdeState,Active,Editor,branch_coverage.py,0,0
2025-03-14T17:02:54.562-04:00,IdeState,Active,Editor,branch_coverage.py,0,0
2025-03-14T17:02:55.563-04:00,IdeState,Active,Editor,branch_coverage.py,0,0
2025-03-14T17:02:56.564-04:00,IdeState,Active,Editor,branch_coverage.py,0,0
2025-03-14T17:02:57.565-04:00,IdeState,Active,Editor,branch_coverage.py,0,0
2025-03-14T17:02:58.567-04:00,IdeState,Active,Editor,branch_coverage.py,0,0
2025-03-14T17:02:59.568-04:00,IdeState,Active,Editor,branch_coverage.py,0,0
2025-03-14T17:03:00.569-04:00,IdeState,Active,Editor,branch_coverage.py,0,0
2025-03-14T17:03:01.572-04:00,IdeState,Active,Editor,branch_coverage.py,0,0
2025-03-14T17:03:02.574-04:00,IdeState,Active,Editor,branch_coverage.py,0,0
2025-03-14T17:03:03.575-04:00,IdeState,Active,Editor,branch_coverage.py,0,0
2025-03-14T17:03:04.576-04:00,IdeState,Active,Editor,branch_coverage.py,0,0
2025-03-14T17:03:05.578-04:00,IdeState,Active,Editor,branch_coverage.py,0,0
2025-03-14T17:03:06.580-04:00,IdeState,Active,Editor,branch_coverage.py,0,0
2025-03-14T17:03:07.581-04:00,IdeState,Active,Editor,branch_coverage.py,0,0
2025-03-14T17:03:08.582-04:00,IdeState,Active,Editor,branch_coverage.py,0,0
2025-03-14T17:03:09.584-04:00,IdeState,Active,Editor,branch_coverage.py,0,0
2025-03-14T17:03:10.585-04:00,IdeState,Active,Editor,branch_coverage.py,0,0
2025-03-14T17:03:11.587-04:00,IdeState,Active,Editor,branch_coverage.py,0,0
2025-03-14T17:03:12.588-04:00,IdeState,Active,Editor,branch_coverage.py,0,0
2025-03-14T17:03:13.589-04:00,IdeState,Active,Editor,branch_coverage.py,0,0
2025-03-14T17:03:14.590-04:00,IdeState,Active,Editor,branch_coverage.py,0,0
2025-03-14T17:03:15.592-04:00,IdeState,Active,Editor,branch_coverage.py,0,0
2025-03-14T17:03:16.593-04:00,IdeState,Active,Editor,branch_coverage.py,0,0
2025-03-14T17:03:17.594-04:00,IdeState,Active,Editor,branch_coverage.py,0,0
2025-03-14T17:03:18.596-04:00,IdeState,Active,Editor,branch_coverage.py,0,0
2025-03-14T17:03:19.597-04:00,IdeState,Active,Editor,branch_coverage.py,0,0
2025-03-14T17:03:20.599-04:00,IdeState,Active,Editor,branch_coverage.py,0,0
2025-03-14T17:03:21.600-04:00,IdeState,Active,Editor,branch_coverage.py,0,0
2025-03-14T17:03:22.601-04:00,IdeState,Active,Editor,branch_coverage.py,0,0
2025-03-14T17:03:23.602-04:00,IdeState,Active,Editor,branch_coverage.py,0,0
2025-03-14T17:03:24.603-04:00,IdeState,Active,Editor,branch_coverage.py,0,0
2025-03-14T17:03:25.604-04:00,IdeState,Active,Editor,branch_coverage.py,0,0
2025-03-14T17:03:26.606-04:00,IdeState,Active,Editor,branch_coverage.py,0,0
2025-03-14T17:03:27.607-04:00,IdeState,Active,Editor,branch_coverage.py,0,0
2025-03-14T17:03:28.608-04:00,IdeState,Active,Editor,branch_coverage.py,0,0
2025-03-14T17:03:29.609-04:00,IdeState,Inactive,,*,-1,-1
2025-03-14T17:03:30.611-04:00,IdeState,Inactive,,*,-1,-1
2025-03-14T17:03:31.612-04:00,IdeState,Inactive,,*,-1,-1
2025-03-14T17:03:32.612-04:00,IdeState,Inactive,,*,-1,-1
2025-03-14T17:03:33.615-04:00,IdeState,Inactive,,*,-1,-1
2025-03-14T17:03:34.615-04:00,IdeState,Inactive,,*,-1,-1
2025-03-14T17:03:35.616-04:00,IdeState,Inactive,,*,-1,-1
2025-03-14T17:03:36.618-04:00,IdeState,Inactive,,*,-1,-1
2025-03-14T17:03:37.620-04:00,IdeState,Inactive,,*,-1,-1
2025-03-14T17:03:38.621-04:00,IdeState,Inactive,,*,-1,-1
2025-03-14T17:03:39.624-04:00,IdeState,Inactive,,*,-1,-1
2025-03-14T17:03:40.626-04:00,IdeState,Inactive,,*,-1,-1
2025-03-14T17:03:41.628-04:00,IdeState,Inactive,,*,-1,-1
2025-03-14T17:03:42.630-04:00,IdeState,Inactive,,*,-1,-1
2025-03-14T17:03:43.631-04:00,IdeState,Inactive,,*,-1,-1
2025-03-14T17:03:44.633-04:00,IdeState,Inactive,,*,-1,-1
2025-03-14T17:03:45.634-04:00,IdeState,Inactive,,*,-1,-1
2025-03-14T17:03:46.634-04:00,IdeState,Inactive,,*,-1,-1
2025-03-14T17:03:47.635-04:00,IdeState,Inactive,,*,-1,-1
2025-03-14T17:03:48.637-04:00,IdeState,Inactive,,*,-1,-1
2025-03-14T17:03:49.638-04:00,IdeState,Inactive,,*,-1,-1
2025-03-14T17:03:50.638-04:00,IdeState,Inactive,,*,-1,-1
2025-03-14T17:03:51.639-04:00,IdeState,Inactive,,*,-1,-1
2025-03-14T17:03:52.640-04:00,IdeState,Inactive,,*,-1,-1
2025-03-14T17:03:53.642-04:00,IdeState,Inactive,,*,-1,-1
2025-03-14T17:03:54.643-04:00,IdeState,Inactive,,*,-1,-1
2025-03-14T17:03:55.644-04:00,IdeState,Inactive,,*,-1,-1
2025-03-14T17:03:56.646-04:00,IdeState,Inactive,,*,-1,-1
2025-03-14T17:03:57.647-04:00,IdeState,Inactive,,*,-1,-1
2025-03-14T17:03:58.649-04:00,IdeState,Inactive,,*,-1,-1
2025-03-14T17:03:59.649-04:00,IdeState,Inactive,,*,-1,-1
2025-03-14T17:04:00.650-04:00,IdeState,Inactive,,*,-1,-1
2025-03-14T17:04:01.651-04:00,IdeState,Inactive,,*,-1,-1
2025-03-14T17:04:02.653-04:00,IdeState,Inactive,,*,-1,-1
2025-03-14T17:04:03.655-04:00,IdeState,Inactive,,*,-1,-1
2025-03-14T17:04:04.657-04:00,IdeState,Inactive,,*,-1,-1
2025-03-14T17:04:05.659-04:00,IdeState,Inactive,,*,-1,-1
2025-03-14T17:04:06.661-04:00,IdeState,Inactive,,*,-1,-1
2025-03-14T17:04:07.662-04:00,IdeState,Inactive,,*,-1,-1
2025-03-14T17:04:08.663-04:00,IdeState,Inactive,,*,-1,-1
2025-03-14T17:04:09.665-04:00,IdeState,Inactive,,*,-1,-1
2025-03-14T17:04:10.668-04:00,IdeState,Inactive,,*,-1,-1
2025-03-14T17:04:11.668-04:00,IdeState,Inactive,,*,-1,-1
2025-03-14T17:04:12.671-04:00,IdeState,Inactive,,*,-1,-1
2025-03-14T17:04:13.672-04:00,IdeState,Inactive,,*,-1,-1
2025-03-14T17:04:14.674-04:00,IdeState,Inactive,,*,-1,-1
2025-03-14T17:04:15.675-04:00,IdeState,Inactive,,*,-1,-1
2025-03-14T17:04:16.677-04:00,IdeState,Inactive,,*,-1,-1
2025-03-14T17:04:17.679-04:00,IdeState,Inactive,,*,-1,-1
2025-03-14T17:04:18.681-04:00,IdeState,Inactive,,*,-1,-1
2025-03-14T17:04:19.683-04:00,IdeState,Inactive,,*,-1,-1
2025-03-14T17:04:20.686-04:00,IdeState,Inactive,,*,-1,-1
2025-03-14T17:04:21.687-04:00,IdeState,Inactive,,*,-1,-1
2025-03-14T17:04:22.688-04:00,IdeState,Inactive,,*,-1,-1
2025-03-14T17:04:23.690-04:00,IdeState,Inactive,,*,-1,-1
2025-03-14T17:04:24.692-04:00,IdeState,Inactive,,*,-1,-1
2025-03-14T17:04:25.694-04:00,IdeState,Inactive,,*,-1,-1
2025-03-14T17:04:26.695-04:00,IdeState,Inactive,,*,-1,-1
2025-03-14T17:04:27.698-04:00,IdeState,Inactive,,*,-1,-1
2025-03-14T17:04:28.699-04:00,IdeState,Inactive,,*,-1,-1
2025-03-14T17:04:29.702-04:00,IdeState,Inactive,,*,-1,-1
2025-03-14T17:04:30.703-04:00,IdeState,Inactive,,*,-1,-1
2025-03-14T17:04:31.704-04:00,IdeState,Inactive,,*,-1,-1
2025-03-14T17:04:32.705-04:00,IdeState,Inactive,,*,-1,-1
2025-03-14T17:04:33.707-04:00,IdeState,Inactive,,*,-1,-1
2025-03-14T17:04:34.709-04:00,IdeState,Inactive,,*,-1,-1
2025-03-14T17:04:35.710-04:00,IdeState,Inactive,,*,-1,-1
2025-03-14T17:04:36.712-04:00,IdeState,Inactive,,*,-1,-1
2025-03-14T17:04:37.715-04:00,IdeState,Inactive,,*,-1,-1
2025-03-14T17:04:38.716-04:00,IdeState,Inactive,,*,-1,-1
2025-03-14T17:04:39.719-04:00,IdeState,Inactive,,*,-1,-1
2025-03-14T17:04:40.721-04:00,IdeState,Inactive,,*,-1,-1
2025-03-14T17:04:41.722-04:00,IdeState,Inactive,,*,-1,-1
2025-03-14T17:04:42.723-04:00,IdeState,Inactive,,*,-1,-1
2025-03-14T17:04:43.724-04:00,IdeState,Inactive,,*,-1,-1
2025-03-14T17:04:44.726-04:00,IdeState,Inactive,,*,-1,-1
2025-03-14T17:04:45.727-04:00,IdeState,Inactive,,*,-1,-1
2025-03-14T17:04:46.730-04:00,IdeState,Inactive,,*,-1,-1
2025-03-14T17:04:47.731-04:00,IdeState,Inactive,,*,-1,-1
2025-03-14T17:04:48.733-04:00,IdeState,Inactive,,*,-1,-1
2025-03-14T17:04:49.735-04:00,IdeState,Inactive,,*,-1,-1
2025-03-14T17:04:50.736-04:00,IdeState,Inactive,,*,-1,-1
2025-03-14T17:04:51.737-04:00,IdeState,Inactive,,*,-1,-1
2025-03-14T17:04:52.738-04:00,IdeState,Inactive,,*,-1,-1
2025-03-14T17:04:53.739-04:00,IdeState,Inactive,,*,-1,-1
2025-03-14T17:04:54.740-04:00,IdeState,Inactive,,*,-1,-1
2025-03-14T17:04:55.742-04:00,IdeState,Inactive,,*,-1,-1
2025-03-14T17:04:56.743-04:00,IdeState,Inactive,,*,-1,-1
2025-03-14T17:04:57.744-04:00,IdeState,Inactive,,*,-1,-1
2025-03-14T17:04:58.744-04:00,IdeState,Inactive,,*,-1,-1
2025-03-14T17:04:59.745-04:00,IdeState,Inactive,,*,-1,-1
2025-03-14T17:05:00.747-04:00,IdeState,Inactive,,*,-1,-1
2025-03-14T17:05:01.747-04:00,IdeState,Inactive,,*,-1,-1
2025-03-14T17:05:02.749-04:00,IdeState,Inactive,,*,-1,-1
2025-03-14T17:05:03.751-04:00,IdeState,Inactive,,*,-1,-1
2025-03-14T17:05:04.752-04:00,IdeState,Inactive,,*,-1,-1
2025-03-14T17:05:05.755-04:00,IdeState,Inactive,,*,-1,-1
2025-03-14T17:05:06.756-04:00,IdeState,Inactive,,*,-1,-1
2025-03-14T17:05:07.758-04:00,IdeState,Inactive,,*,-1,-1
2025-03-14T17:05:08.759-04:00,IdeState,Inactive,,*,-1,-1
2025-03-14T17:05:09.760-04:00,IdeState,Inactive,,*,-1,-1
2025-03-14T17:05:10.761-04:00,IdeState,Inactive,,*,-1,-1
2025-03-14T17:05:11.762-04:00,IdeState,Inactive,,*,-1,-1
2025-03-14T17:05:12.764-04:00,IdeState,Inactive,,*,-1,-1
2025-03-14T17:05:13.765-04:00,IdeState,Inactive,,*,-1,-1
2025-03-14T17:05:14.765-04:00,IdeState,Inactive,,*,-1,-1
2025-03-14T17:05:15.766-04:00,IdeState,Inactive,,*,-1,-1
2025-03-14T17:05:16.768-04:00,IdeState,Inactive,,*,-1,-1
2025-03-14T17:05:17.768-04:00,IdeState,Inactive,,*,-1,-1
2025-03-14T17:05:18.770-04:00,IdeState,Inactive,,*,-1,-1
2025-03-14T17:05:19.771-04:00,IdeState,Inactive,,*,-1,-1
2025-03-14T17:05:20.774-04:00,IdeState,Inactive,,*,-1,-1
2025-03-14T17:05:21.775-04:00,IdeState,Inactive,,*,-1,-1
2025-03-14T17:05:22.777-04:00,IdeState,Inactive,,*,-1,-1
2025-03-14T17:05:23.778-04:00,IdeState,Inactive,,*,-1,-1
2025-03-14T17:05:24.780-04:00,IdeState,Inactive,,*,-1,-1
2025-03-14T17:05:25.781-04:00,IdeState,Inactive,,*,-1,-1
2025-03-14T17:05:26.784-04:00,IdeState,Inactive,,*,-1,-1
2025-03-14T17:05:27.785-04:00,IdeState,Inactive,,*,-1,-1
2025-03-14T17:05:28.786-04:00,IdeState,Inactive,,*,-1,-1
2025-03-14T17:05:29.787-04:00,IdeState,Inactive,,*,-1,-1
2025-03-14T17:05:30.789-04:00,IdeState,Inactive,,*,-1,-1
2025-03-14T17:05:31.789-04:00,IdeState,Inactive,,*,-1,-1
2025-03-14T17:05:32.791-04:00,IdeState,Inactive,,*,-1,-1
2025-03-14T17:05:33.792-04:00,IdeState,Inactive,,*,-1,-1
2025-03-14T17:05:34.793-04:00,IdeState,Inactive,,*,-1,-1
2025-03-14T17:05:35.795-04:00,IdeState,Inactive,,*,-1,-1
2025-03-14T17:05:36.797-04:00,IdeState,Inactive,,*,-1,-1
2025-03-14T17:05:37.798-04:00,IdeState,Inactive,,*,-1,-1
2025-03-14T17:05:38.800-04:00,IdeState,Inactive,,*,-1,-1
2025-03-14T17:05:39.802-04:00,IdeState,Inactive,,*,-1,-1
2025-03-14T17:05:40.803-04:00,IdeState,Inactive,,*,-1,-1
2025-03-14T17:05:41.805-04:00,IdeState,Inactive,,*,-1,-1
2025-03-14T17:05:42.808-04:00,IdeState,Inactive,,*,-1,-1
2025-03-14T17:05:43.808-04:00,IdeState,Inactive,,*,-1,-1
2025-03-14T17:05:44.810-04:00,IdeState,Inactive,,*,-1,-1
2025-03-14T17:05:45.811-04:00,IdeState,Inactive,,*,-1,-1
2025-03-14T17:05:46.813-04:00,IdeState,Inactive,,*,-1,-1
2025-03-14T17:05:47.814-04:00,IdeState,Inactive,,*,-1,-1
2025-03-14T17:05:48.816-04:00,IdeState,Inactive,,*,-1,-1
2025-03-14T17:05:49.818-04:00,IdeState,Inactive,,*,-1,-1
2025-03-14T17:05:50.818-04:00,IdeState,Inactive,,*,-1,-1
2025-03-14T17:05:51.821-04:00,IdeState,Inactive,,*,-1,-1
2025-03-14T17:05:52.822-04:00,IdeState,Inactive,,*,-1,-1
2025-03-14T17:05:53.823-04:00,IdeState,Inactive,,*,-1,-1
2025-03-14T17:05:54.824-04:00,IdeState,Inactive,,*,-1,-1
2025-03-14T17:05:55.826-04:00,IdeState,Inactive,,*,-1,-1
2025-03-14T17:05:56.827-04:00,IdeState,Inactive,,*,-1,-1
2025-03-14T17:05:57.830-04:00,IdeState,Inactive,,*,-1,-1
2025-03-14T17:05:58.831-04:00,IdeState,Inactive,,*,-1,-1
2025-03-14T17:05:59.833-04:00,IdeState,Inactive,,*,-1,-1
2025-03-14T17:06:00.834-04:00,IdeState,Inactive,,*,-1,-1
2025-03-14T17:06:01.834-04:00,IdeState,Inactive,,*,-1,-1
2025-03-14T17:06:02.836-04:00,IdeState,Inactive,,*,-1,-1
2025-03-14T17:06:03.837-04:00,IdeState,Inactive,,*,-1,-1
2025-03-14T17:06:04.840-04:00,IdeState,Inactive,,*,-1,-1
2025-03-14T17:06:05.840-04:00,IdeState,Inactive,,*,-1,-1
2025-03-14T17:06:06.841-04:00,IdeState,Inactive,,*,-1,-1
2025-03-14T17:06:07.842-04:00,IdeState,Inactive,,*,-1,-1
2025-03-14T17:06:08.843-04:00,IdeState,Inactive,,*,-1,-1
2025-03-14T17:06:09.843-04:00,IdeState,Inactive,,*,-1,-1
2025-03-14T17:06:10.844-04:00,IdeState,Inactive,,*,-1,-1
2025-03-14T17:06:11.844-04:00,IdeState,Inactive,,*,-1,-1
2025-03-14T17:06:12.845-04:00,IdeState,Inactive,,*,-1,-1
2025-03-14T17:06:13.907-04:00,IdeState,Inactive,,*,-1,-1
2025-03-14T17:06:14.908-04:00,IdeState,Inactive,,*,-1,-1
2025-03-14T17:06:15.909-04:00,IdeState,Inactive,,*,-1,-1
2025-03-14T17:06:16.910-04:00,IdeState,Inactive,,*,-1,-1
2025-03-14T17:06:17.913-04:00,IdeState,Inactive,,*,-1,-1
2025-03-14T17:06:18.915-04:00,IdeState,Inactive,,*,-1,-1
2025-03-14T17:06:19.915-04:00,IdeState,Inactive,,*,-1,-1
2025-03-14T17:06:20.916-04:00,IdeState,Inactive,,*,-1,-1
2025-03-14T17:06:21.917-04:00,IdeState,Inactive,,*,-1,-1
2025-03-14T17:06:22.918-04:00,IdeState,Inactive,,*,-1,-1
2025-03-14T17:06:23.920-04:00,IdeState,Inactive,,*,-1,-1
2025-03-14T17:06:24.922-04:00,IdeState,Inactive,,*,-1,-1
2025-03-14T17:06:25.923-04:00,IdeState,Inactive,,*,-1,-1
2025-03-14T17:06:26.924-04:00,IdeState,Inactive,,*,-1,-1
2025-03-14T17:06:27.927-04:00,IdeState,Inactive,,*,-1,-1
2025-03-14T17:06:28.929-04:00,IdeState,Inactive,,*,-1,-1
2025-03-14T17:06:29.934-04:00,IdeState,Inactive,,*,-1,-1
2025-03-14T17:06:30.937-04:00,IdeState,Inactive,,*,-1,-1
2025-03-14T17:06:31.939-04:00,IdeState,Inactive,,*,-1,-1
2025-03-14T17:06:32.941-04:00,IdeState,Inactive,,*,-1,-1
2025-03-14T17:06:33.942-04:00,IdeState,Inactive,,*,-1,-1
2025-03-14T17:06:34.943-04:00,IdeState,Inactive,,*,-1,-1
2025-03-14T17:06:35.945-04:00,IdeState,Inactive,,*,-1,-1
2025-03-14T17:06:36.946-04:00,IdeState,Inactive,,*,-1,-1
2025-03-14T17:06:37.949-04:00,IdeState,Inactive,,*,-1,-1
2025-03-14T17:06:38.954-04:00,IdeState,Inactive,,*,-1,-1
2025-03-14T17:06:39.954-04:00,IdeState,Inactive,,*,-1,-1
2025-03-14T17:06:40.955-04:00,IdeState,Inactive,,*,-1,-1
2025-03-14T17:06:41.956-04:00,IdeState,Inactive,,*,-1,-1
2025-03-14T17:06:42.957-04:00,IdeState,Inactive,,*,-1,-1
2025-03-14T17:06:43.958-04:00,IdeState,Inactive,,*,-1,-1
2025-03-14T17:06:44.960-04:00,IdeState,Inactive,,*,-1,-1
2025-03-14T17:06:45.961-04:00,IdeState,Inactive,,*,-1,-1
2025-03-14T17:06:46.962-04:00,IdeState,Inactive,,*,-1,-1
2025-03-14T17:06:47.964-04:00,IdeState,Inactive,,*,-1,-1
2025-03-14T17:06:48.965-04:00,IdeState,Inactive,,*,-1,-1
2025-03-14T17:06:49.965-04:00,IdeState,Inactive,,*,-1,-1
2025-03-14T17:06:50.966-04:00,IdeState,Inactive,,*,-1,-1
2025-03-14T17:06:51.967-04:00,IdeState,Inactive,,*,-1,-1
2025-03-14T17:06:52.969-04:00,IdeState,Inactive,,*,-1,-1
2025-03-14T17:06:53.970-04:00,IdeState,Inactive,,*,-1,-1
2025-03-14T17:06:54.972-04:00,IdeState,Inactive,,*,-1,-1
2025-03-14T17:06:55.973-04:00,IdeState,Inactive,,*,-1,-1
2025-03-14T17:06:56.975-04:00,IdeState,Inactive,,*,-1,-1
2025-03-14T17:06:57.976-04:00,IdeState,Inactive,,*,-1,-1
2025-03-14T17:06:58.977-04:00,IdeState,Inactive,,*,-1,-1
2025-03-14T17:06:59.978-04:00,IdeState,Inactive,,*,-1,-1
2025-03-14T17:07:00.979-04:00,IdeState,Inactive,,*,-1,-1
2025-03-14T17:07:01.981-04:00,IdeState,Inactive,,*,-1,-1
2025-03-14T17:07:02.982-04:00,IdeState,Inactive,,*,-1,-1
2025-03-14T17:07:03.983-04:00,IdeState,Inactive,,*,-1,-1
2025-03-14T17:07:04.985-04:00,IdeState,Inactive,,*,-1,-1
2025-03-14T17:07:05.987-04:00,IdeState,Inactive,,*,-1,-1
2025-03-14T17:07:06.988-04:00,IdeState,Inactive,,*,-1,-1
2025-03-14T17:07:07.989-04:00,IdeState,Inactive,,*,-1,-1
2025-03-14T17:07:08.989-04:00,IdeState,Inactive,,*,-1,-1
2025-03-14T17:07:09.991-04:00,IdeState,Inactive,,*,-1,-1
2025-03-14T17:07:10.993-04:00,IdeState,Inactive,,*,-1,-1
2025-03-14T17:07:11.993-04:00,IdeState,Inactive,,*,-1,-1
2025-03-14T17:07:12.994-04:00,IdeState,Inactive,,*,-1,-1
2025-03-14T17:07:13.996-04:00,IdeState,Inactive,,*,-1,-1
2025-03-14T17:07:14.996-04:00,IdeState,Inactive,,*,-1,-1
2025-03-14T17:07:15.999-04:00,IdeState,Inactive,,*,-1,-1
2025-03-14T17:07:17.001-04:00,IdeState,Inactive,,*,-1,-1
2025-03-14T17:07:18.002-04:00,IdeState,Inactive,,*,-1,-1
2025-03-14T17:07:19.003-04:00,IdeState,Inactive,,*,-1,-1
2025-03-14T17:07:20.004-04:00,IdeState,Inactive,,*,-1,-1
2025-03-14T17:07:21.005-04:00,IdeState,Inactive,,*,-1,-1
2025-03-14T17:07:22.006-04:00,IdeState,Inactive,,*,-1,-1
2025-03-14T17:07:23.007-04:00,IdeState,Inactive,,*,-1,-1
2025-03-14T17:07:24.008-04:00,IdeState,Inactive,,*,-1,-1
2025-03-14T17:07:25.009-04:00,IdeState,Inactive,,*,-1,-1
2025-03-14T17:07:26.010-04:00,IdeState,Inactive,,*,-1,-1
2025-03-14T17:07:27.011-04:00,IdeState,Inactive,,*,-1,-1
2025-03-14T17:07:28.012-04:00,IdeState,Inactive,,*,-1,-1
2025-03-14T17:07:29.013-04:00,IdeState,Inactive,,*,-1,-1
2025-03-14T17:07:30.014-04:00,IdeState,Inactive,,*,-1,-1
2025-03-14T17:07:31.015-04:00,IdeState,Inactive,,*,-1,-1
2025-03-14T17:07:32.017-04:00,IdeState,Inactive,,*,-1,-1
2025-03-14T17:07:33.018-04:00,IdeState,Inactive,,*,-1,-1
2025-03-14T17:07:34.019-04:00,IdeState,Inactive,,*,-1,-1
2025-03-14T17:07:35.022-04:00,IdeState,Inactive,,*,-1,-1
2025-03-14T17:07:36.023-04:00,IdeState,Inactive,,*,-1,-1
2025-03-14T17:07:37.025-04:00,IdeState,Inactive,,*,-1,-1
2025-03-14T17:07:38.027-04:00,IdeState,Inactive,,*,-1,-1
2025-03-14T17:07:39.028-04:00,IdeState,Inactive,,*,-1,-1
2025-03-14T17:07:40.030-04:00,IdeState,Inactive,,*,-1,-1
2025-03-14T17:07:41.030-04:00,IdeState,Inactive,,*,-1,-1
2025-03-14T17:07:42.031-04:00,IdeState,Inactive,,*,-1,-1
2025-03-14T17:07:43.032-04:00,IdeState,Inactive,,*,-1,-1
2025-03-14T17:07:44.034-04:00,IdeState,Inactive,,*,-1,-1
2025-03-14T17:07:45.036-04:00,IdeState,Inactive,,*,-1,-1
2025-03-14T17:07:46.038-04:00,IdeState,Inactive,,*,-1,-1
2025-03-14T17:07:47.040-04:00,IdeState,Inactive,,*,-1,-1
2025-03-14T17:07:48.042-04:00,IdeState,Inactive,,*,-1,-1
2025-03-14T17:07:49.044-04:00,IdeState,Inactive,,*,-1,-1
2025-03-14T17:07:50.045-04:00,IdeState,Inactive,,*,-1,-1
2025-03-14T17:07:51.086-04:00,IdeState,Inactive,,*,-1,-1
2025-03-14T17:07:52.086-04:00,IdeState,Inactive,,*,-1,-1
2025-03-14T17:07:53.088-04:00,IdeState,Inactive,,*,-1,-1
2025-03-14T17:07:54.089-04:00,IdeState,Inactive,,*,-1,-1
2025-03-14T17:07:55.090-04:00,IdeState,Inactive,,*,-1,-1
2025-03-14T17:07:56.091-04:00,IdeState,Inactive,,*,-1,-1
2025-03-14T17:07:57.094-04:00,IdeState,Inactive,,*,-1,-1
2025-03-14T17:07:58.105-04:00,IdeState,Inactive,,*,-1,-1
2025-03-14T17:07:59.107-04:00,IdeState,Inactive,,*,-1,-1
2025-03-14T17:08:00.109-04:00,IdeState,Inactive,,*,-1,-1
2025-03-14T17:08:01.110-04:00,IdeState,Inactive,,*,-1,-1
2025-03-14T17:08:02.111-04:00,IdeState,Inactive,,*,-1,-1
2025-03-14T17:08:03.112-04:00,IdeState,Inactive,,*,-1,-1
2025-03-14T17:08:04.114-04:00,IdeState,Inactive,,*,-1,-1
2025-03-14T17:08:05.115-04:00,IdeState,Inactive,,*,-1,-1
2025-03-14T17:08:06.116-04:00,IdeState,Inactive,,*,-1,-1
2025-03-14T17:08:07.118-04:00,IdeState,Inactive,,*,-1,-1
2025-03-14T17:08:08.119-04:00,IdeState,Inactive,,*,-1,-1
2025-03-14T17:08:09.121-04:00,IdeState,Inactive,,*,-1,-1
2025-03-14T17:08:10.123-04:00,IdeState,Inactive,,*,-1,-1
2025-03-14T17:08:11.124-04:00,IdeState,Inactive,,*,-1,-1
2025-03-14T17:08:12.126-04:00,IdeState,Inactive,,*,-1,-1
2025-03-14T17:08:13.128-04:00,IdeState,Inactive,,*,-1,-1
2025-03-14T17:08:14.129-04:00,IdeState,Inactive,,*,-1,-1
2025-03-14T17:08:15.129-04:00,IdeState,Inactive,,*,-1,-1
2025-03-14T17:08:16.131-04:00,IdeState,Inactive,,*,-1,-1
2025-03-14T17:08:17.134-04:00,IdeState,Inactive,,*,-1,-1
2025-03-14T17:08:18.136-04:00,IdeState,Inactive,,*,-1,-1
2025-03-14T17:08:19.138-04:00,IdeState,Inactive,,*,-1,-1
2025-03-14T17:08:20.139-04:00,IdeState,Inactive,,*,-1,-1
2025-03-14T17:08:21.140-04:00,IdeState,Inactive,,*,-1,-1
2025-03-14T17:08:22.141-04:00,IdeState,Inactive,,*,-1,-1
2025-03-14T17:08:23.143-04:00,IdeState,Inactive,,*,-1,-1
2025-03-14T17:08:24.143-04:00,IdeState,Inactive,,*,-1,-1
2025-03-14T17:08:25.145-04:00,IdeState,Inactive,,*,-1,-1
2025-03-14T17:08:26.147-04:00,IdeState,Inactive,,*,-1,-1
2025-03-14T17:08:27.149-04:00,IdeState,Inactive,,*,-1,-1
2025-03-14T17:08:28.150-04:00,IdeState,Inactive,,*,-1,-1
2025-03-14T17:08:29.151-04:00,IdeState,Inactive,,*,-1,-1
2025-03-14T17:08:30.152-04:00,IdeState,Inactive,,*,-1,-1
2025-03-14T17:08:31.153-04:00,IdeState,Inactive,,*,-1,-1
2025-03-14T17:08:32.154-04:00,IdeState,Inactive,,*,-1,-1
2025-03-14T17:08:33.155-04:00,IdeState,Inactive,,*,-1,-1
2025-03-14T17:08:34.156-04:00,IdeState,Inactive,,*,-1,-1
2025-03-14T17:08:35.157-04:00,IdeState,Inactive,,*,-1,-1
2025-03-14T17:08:36.159-04:00,IdeState,Inactive,,*,-1,-1
2025-03-14T17:08:37.160-04:00,IdeState,Inactive,,*,-1,-1
2025-03-14T17:08:38.160-04:00,IdeState,Inactive,,*,-1,-1
2025-03-14T17:08:39.163-04:00,IdeState,Inactive,,*,-1,-1
2025-03-14T17:08:40.163-04:00,IdeState,Inactive,,*,-1,-1
2025-03-14T17:08:41.165-04:00,IdeState,Inactive,,*,-1,-1
2025-03-14T17:08:42.166-04:00,IdeState,Inactive,,*,-1,-1
2025-03-14T17:08:43.169-04:00,IdeState,Inactive,,*,-1,-1
2025-03-14T17:08:44.170-04:00,IdeState,Inactive,,*,-1,-1
2025-03-14T17:08:45.173-04:00,IdeState,Inactive,,*,-1,-1
2025-03-14T17:08:46.173-04:00,IdeState,Inactive,,*,-1,-1
2025-03-14T17:08:47.175-04:00,IdeState,Inactive,,*,-1,-1
2025-03-14T17:08:48.176-04:00,IdeState,Inactive,,*,-1,-1
2025-03-14T17:08:49.177-04:00,IdeState,Inactive,,*,-1,-1
2025-03-14T17:08:50.178-04:00,IdeState,Inactive,,*,-1,-1
2025-03-14T17:08:51.179-04:00,IdeState,Inactive,,*,-1,-1
2025-03-14T17:08:52.180-04:00,IdeState,Inactive,,*,-1,-1
2025-03-14T17:08:53.181-04:00,IdeState,Inactive,,*,-1,-1
2025-03-14T17:08:54.182-04:00,IdeState,Inactive,,*,-1,-1
2025-03-14T17:08:55.189-04:00,IdeState,Inactive,,*,-1,-1
2025-03-14T17:08:56.192-04:00,IdeState,Inactive,,*,-1,-1
2025-03-14T17:08:57.193-04:00,IdeState,Inactive,,*,-1,-1
2025-03-14T17:08:58.195-04:00,IdeState,Inactive,,*,-1,-1
2025-03-14T17:08:59.197-04:00,IdeState,Inactive,,*,-1,-1
2025-03-14T17:09:00.199-04:00,IdeState,Inactive,,*,-1,-1
2025-03-14T17:09:01.200-04:00,IdeState,Inactive,,*,-1,-1
2025-03-14T17:09:02.203-04:00,IdeState,Inactive,,*,-1,-1
2025-03-14T17:09:03.204-04:00,IdeState,Inactive,,*,-1,-1
2025-03-14T17:09:04.206-04:00,IdeState,Inactive,,*,-1,-1
2025-03-14T17:09:05.208-04:00,IdeState,Inactive,,*,-1,-1
2025-03-14T17:09:06.209-04:00,IdeState,Inactive,,*,-1,-1
2025-03-14T17:09:07.210-04:00,IdeState,Inactive,,*,-1,-1
2025-03-14T17:09:08.216-04:00,IdeState,Inactive,,*,-1,-1
2025-03-14T17:09:09.217-04:00,IdeState,Inactive,,*,-1,-1
2025-03-14T17:09:10.218-04:00,IdeState,Inactive,,*,-1,-1
2025-03-14T17:09:11.219-04:00,IdeState,Inactive,,*,-1,-1
2025-03-14T17:09:12.220-04:00,IdeState,Inactive,,*,-1,-1
2025-03-14T17:09:13.222-04:00,IdeState,Inactive,,*,-1,-1
2025-03-14T17:09:14.223-04:00,IdeState,Inactive,,*,-1,-1
2025-03-14T17:09:15.226-04:00,IdeState,Inactive,,*,-1,-1
2025-03-14T17:09:16.227-04:00,IdeState,Inactive,,*,-1,-1
2025-03-14T17:09:17.228-04:00,IdeState,Inactive,,*,-1,-1
2025-03-14T17:09:18.230-04:00,IdeState,Inactive,,*,-1,-1
2025-03-14T17:09:19.231-04:00,IdeState,Inactive,,*,-1,-1
2025-03-14T17:09:20.234-04:00,IdeState,Inactive,,*,-1,-1
2025-03-14T17:09:21.235-04:00,IdeState,Inactive,,*,-1,-1
2025-03-14T17:09:22.236-04:00,IdeState,Inactive,,*,-1,-1
2025-03-14T17:09:23.237-04:00,IdeState,Inactive,,*,-1,-1
2025-03-14T17:09:24.239-04:00,IdeState,Inactive,,*,-1,-1
2025-03-14T17:09:25.240-04:00,IdeState,Inactive,,*,-1,-1
2025-03-14T17:09:26.241-04:00,IdeState,Inactive,,*,-1,-1
2025-03-14T17:09:27.242-04:00,IdeState,Inactive,,*,-1,-1
2025-03-14T17:09:28.243-04:00,IdeState,Inactive,,*,-1,-1
2025-03-14T17:09:29.246-04:00,IdeState,Inactive,,*,-1,-1
2025-03-14T17:09:30.248-04:00,IdeState,Inactive,,*,-1,-1
2025-03-14T17:09:31.249-04:00,IdeState,Inactive,,*,-1,-1
2025-03-14T17:09:32.251-04:00,IdeState,Inactive,,*,-1,-1
2025-03-14T17:09:33.252-04:00,IdeState,Inactive,,*,-1,-1
2025-03-14T17:09:34.253-04:00,IdeState,Inactive,,*,-1,-1
2025-03-14T17:09:35.254-04:00,IdeState,Inactive,,*,-1,-1
2025-03-14T17:09:36.256-04:00,IdeState,Inactive,,*,-1,-1
2025-03-14T17:09:37.259-04:00,IdeState,Inactive,,*,-1,-1
2025-03-14T17:09:38.285-04:00,IdeState,Inactive,,*,-1,-1
2025-03-14T17:09:39.287-04:00,IdeState,Inactive,,*,-1,-1
2025-03-14T17:09:40.288-04:00,IdeState,Inactive,,*,-1,-1
2025-03-14T17:09:41.302-04:00,IdeState,Inactive,,*,-1,-1
2025-03-14T17:09:42.303-04:00,IdeState,Inactive,,*,-1,-1
2025-03-14T17:09:43.303-04:00,IdeState,Inactive,,*,-1,-1
2025-03-14T17:09:44.305-04:00,IdeState,Inactive,,*,-1,-1
2025-03-14T17:09:45.307-04:00,IdeState,Inactive,,*,-1,-1
2025-03-14T17:09:46.309-04:00,IdeState,Inactive,,*,-1,-1
2025-03-14T17:09:47.310-04:00,IdeState,Inactive,,*,-1,-1
2025-03-14T17:09:48.311-04:00,IdeState,Inactive,,*,-1,-1
2025-03-14T17:09:49.313-04:00,IdeState,Inactive,,*,-1,-1
2025-03-14T17:09:50.315-04:00,IdeState,Inactive,,*,-1,-1
2025-03-14T17:09:51.316-04:00,IdeState,Inactive,,*,-1,-1
2025-03-14T17:09:52.317-04:00,IdeState,Inactive,,*,-1,-1
2025-03-14T17:09:53.319-04:00,IdeState,Inactive,,*,-1,-1
2025-03-14T17:09:54.320-04:00,IdeState,Inactive,,*,-1,-1
2025-03-14T17:09:55.322-04:00,IdeState,Inactive,,*,-1,-1
2025-03-14T17:09:56.323-04:00,IdeState,Inactive,,*,-1,-1
2025-03-14T17:09:57.323-04:00,IdeState,Inactive,,*,-1,-1
2025-03-14T17:09:58.324-04:00,IdeState,Inactive,,*,-1,-1
2025-03-14T17:09:59.325-04:00,IdeState,Inactive,,*,-1,-1
2025-03-14T17:10:00.327-04:00,IdeState,Inactive,,*,-1,-1
2025-03-14T17:10:01.329-04:00,IdeState,Inactive,,*,-1,-1
2025-03-14T17:10:02.330-04:00,IdeState,Inactive,,*,-1,-1
2025-03-14T17:10:03.331-04:00,IdeState,Inactive,,*,-1,-1
2025-03-14T17:10:04.333-04:00,IdeState,Inactive,,*,-1,-1
2025-03-14T17:10:05.334-04:00,IdeState,Inactive,,*,-1,-1
2025-03-14T17:10:06.337-04:00,IdeState,Inactive,,*,-1,-1
2025-03-14T17:10:07.339-04:00,IdeState,Inactive,,*,-1,-1
2025-03-14T17:10:08.339-04:00,IdeState,Inactive,,*,-1,-1
2025-03-14T17:10:09.341-04:00,IdeState,Inactive,,*,-1,-1
2025-03-14T17:10:10.341-04:00,IdeState,Inactive,,*,-1,-1
2025-03-14T17:10:11.342-04:00,IdeState,Inactive,,*,-1,-1
2025-03-14T17:10:12.344-04:00,IdeState,Inactive,,*,-1,-1
2025-03-14T17:10:13.346-04:00,IdeState,Inactive,,*,-1,-1
2025-03-14T17:10:14.349-04:00,IdeState,Inactive,,*,-1,-1
2025-03-14T17:10:15.351-04:00,IdeState,Inactive,,*,-1,-1
2025-03-14T17:10:16.352-04:00,IdeState,Inactive,,*,-1,-1
2025-03-14T17:10:17.352-04:00,IdeState,Inactive,,*,-1,-1
2025-03-14T17:10:18.353-04:00,IdeState,Inactive,,*,-1,-1
2025-03-14T17:10:19.354-04:00,IdeState,Inactive,,*,-1,-1
2025-03-14T17:10:20.356-04:00,IdeState,Inactive,,*,-1,-1
2025-03-14T17:10:21.357-04:00,IdeState,Inactive,,*,-1,-1
2025-03-14T17:10:22.358-04:00,IdeState,Inactive,,*,-1,-1
2025-03-14T17:10:23.360-04:00,IdeState,Inactive,,*,-1,-1
2025-03-14T17:10:24.383-04:00,IdeState,Inactive,,*,-1,-1
2025-03-14T17:10:25.386-04:00,IdeState,Inactive,,*,-1,-1
2025-03-14T17:10:26.388-04:00,IdeState,Inactive,,*,-1,-1
2025-03-14T17:10:27.391-04:00,IdeState,Inactive,,*,-1,-1
2025-03-14T17:10:28.392-04:00,IdeState,Inactive,,*,-1,-1
2025-03-14T17:10:29.394-04:00,IdeState,Inactive,,*,-1,-1
2025-03-14T17:10:30.396-04:00,IdeState,Inactive,,*,-1,-1
2025-03-14T17:10:31.397-04:00,IdeState,Inactive,,*,-1,-1
2025-03-14T17:10:32.399-04:00,IdeState,Inactive,,*,-1,-1
2025-03-14T17:10:33.400-04:00,IdeState,Inactive,,*,-1,-1
2025-03-14T17:10:34.400-04:00,IdeState,Inactive,,*,-1,-1
2025-03-14T17:10:35.401-04:00,IdeState,Inactive,,*,-1,-1
2025-03-14T17:10:36.404-04:00,IdeState,Inactive,,*,-1,-1
2025-03-14T17:10:37.406-04:00,IdeState,Inactive,,*,-1,-1
2025-03-14T17:10:38.408-04:00,IdeState,Inactive,,*,-1,-1
2025-03-14T17:10:39.408-04:00,IdeState,Inactive,,*,-1,-1
2025-03-14T17:10:40.409-04:00,IdeState,Inactive,,*,-1,-1
2025-03-14T17:10:41.411-04:00,IdeState,Active,Editor,branch_coverage.py,0,0
2025-03-14T17:10:42.414-04:00,IdeState,Inactive,,*,-1,-1
2025-03-14T17:10:43.414-04:00,IdeState,Inactive,,*,-1,-1
2025-03-14T17:10:44.416-04:00,IdeState,Inactive,,*,-1,-1
2025-03-14T17:10:45.418-04:00,IdeState,Inactive,,*,-1,-1
2025-03-14T17:10:46.421-04:00,IdeState,Inactive,,*,-1,-1
2025-03-14T17:10:47.422-04:00,IdeState,Inactive,,*,-1,-1
2025-03-14T17:10:48.424-04:00,IdeState,Inactive,,*,-1,-1
2025-03-14T17:10:49.424-04:00,IdeState,Inactive,,*,-1,-1
2025-03-14T17:10:50.426-04:00,IdeState,Inactive,,*,-1,-1
2025-03-14T17:10:51.427-04:00,IdeState,Inactive,,*,-1,-1
2025-03-14T17:10:52.428-04:00,IdeState,Inactive,,*,-1,-1
2025-03-14T17:10:53.429-04:00,IdeState,Inactive,,*,-1,-1
2025-03-14T17:10:54.431-04:00,IdeState,Inactive,,*,-1,-1
2025-03-14T17:10:55.433-04:00,IdeState,Inactive,,*,-1,-1
2025-03-14T17:10:56.436-04:00,IdeState,Inactive,,*,-1,-1
2025-03-14T17:10:57.438-04:00,IdeState,Inactive,,*,-1,-1
2025-03-14T17:10:58.440-04:00,IdeState,Inactive,,*,-1,-1
2025-03-14T17:10:59.441-04:00,IdeState,Inactive,,*,-1,-1
2025-03-14T17:11:00.441-04:00,IdeState,Inactive,,*,-1,-1
2025-03-14T17:11:01.444-04:00,IdeState,Inactive,,*,-1,-1
2025-03-14T17:11:02.446-04:00,IdeState,Inactive,,*,-1,-1
2025-03-14T17:11:03.446-04:00,IdeState,Inactive,,*,-1,-1
2025-03-14T17:11:04.448-04:00,IdeState,Inactive,,*,-1,-1
2025-03-14T17:11:05.450-04:00,IdeState,Inactive,,*,-1,-1
2025-03-14T17:11:06.451-04:00,IdeState,Inactive,,*,-1,-1
2025-03-14T17:11:07.452-04:00,IdeState,Inactive,,*,-1,-1
2025-03-14T17:11:08.453-04:00,IdeState,Inactive,,*,-1,-1
2025-03-14T17:11:09.454-04:00,IdeState,Inactive,,*,-1,-1
2025-03-14T17:11:10.456-04:00,IdeState,Inactive,,*,-1,-1
2025-03-14T17:11:11.458-04:00,IdeState,Inactive,,*,-1,-1
2025-03-14T17:11:12.459-04:00,IdeState,Inactive,,*,-1,-1
2025-03-14T17:11:13.461-04:00,IdeState,Inactive,,*,-1,-1
2025-03-14T17:11:14.462-04:00,IdeState,Inactive,,*,-1,-1
2025-03-14T17:11:15.465-04:00,IdeState,Inactive,,*,-1,-1
2025-03-14T17:11:16.466-04:00,IdeState,Inactive,,*,-1,-1
2025-03-14T17:11:17.466-04:00,IdeState,Inactive,,*,-1,-1
2025-03-14T17:11:18.468-04:00,IdeState,Inactive,,*,-1,-1
2025-03-14T17:11:19.469-04:00,IdeState,Inactive,,*,-1,-1
2025-03-14T17:11:20.471-04:00,IdeState,Inactive,,*,-1,-1
2025-03-14T17:11:21.472-04:00,IdeState,Inactive,,*,-1,-1
2025-03-14T17:11:22.473-04:00,IdeState,Inactive,,*,-1,-1
2025-03-14T17:11:23.476-04:00,IdeState,Inactive,,*,-1,-1
2025-03-14T17:11:24.477-04:00,IdeState,Inactive,,*,-1,-1
2025-03-14T17:11:25.479-04:00,IdeState,Inactive,,*,-1,-1
2025-03-14T17:11:26.482-04:00,IdeState,Inactive,,*,-1,-1
2025-03-14T17:11:27.484-04:00,IdeState,Inactive,,*,-1,-1
2025-03-14T17:11:28.485-04:00,IdeState,Inactive,,*,-1,-1
2025-03-14T17:11:29.486-04:00,IdeState,Inactive,,*,-1,-1
2025-03-14T17:11:30.488-04:00,IdeState,Inactive,,*,-1,-1
2025-03-14T17:11:31.507-04:00,IdeState,Inactive,,*,-1,-1
2025-03-14T17:11:32.510-04:00,IdeState,Inactive,,*,-1,-1
2025-03-14T17:11:33.510-04:00,IdeState,Inactive,,*,-1,-1
2025-03-14T17:11:34.513-04:00,IdeState,Inactive,,*,-1,-1
2025-03-14T17:11:35.514-04:00,IdeState,Inactive,,*,-1,-1
2025-03-14T17:11:36.515-04:00,IdeState,Inactive,,*,-1,-1
2025-03-14T17:11:37.517-04:00,IdeState,Inactive,,*,-1,-1
2025-03-14T17:11:38.519-04:00,IdeState,Inactive,,*,-1,-1
2025-03-14T17:11:39.520-04:00,IdeState,Inactive,,*,-1,-1
2025-03-14T17:11:40.521-04:00,IdeState,Inactive,,*,-1,-1
2025-03-14T17:11:41.523-04:00,IdeState,Inactive,,*,-1,-1
2025-03-14T17:11:42.523-04:00,IdeState,Inactive,,*,-1,-1
2025-03-14T17:11:43.525-04:00,IdeState,Inactive,,*,-1,-1
2025-03-14T17:11:44.526-04:00,IdeState,Inactive,,*,-1,-1
2025-03-14T17:11:45.527-04:00,IdeState,Inactive,,*,-1,-1
2025-03-14T17:11:46.529-04:00,IdeState,Inactive,,*,-1,-1
2025-03-14T17:11:47.530-04:00,IdeState,Inactive,,*,-1,-1
2025-03-14T17:11:48.532-04:00,IdeState,Inactive,,*,-1,-1
2025-03-14T17:11:49.535-04:00,IdeState,Inactive,,*,-1,-1
2025-03-14T17:11:50.535-04:00,IdeState,Inactive,,*,-1,-1
2025-03-14T17:11:51.537-04:00,IdeState,Inactive,,*,-1,-1
2025-03-14T17:11:52.538-04:00,IdeState,Inactive,,*,-1,-1
2025-03-14T17:11:53.540-04:00,IdeState,Inactive,,*,-1,-1
2025-03-14T17:11:54.541-04:00,IdeState,Inactive,,*,-1,-1
2025-03-14T17:11:55.542-04:00,IdeState,Inactive,,*,-1,-1
2025-03-14T17:11:56.549-04:00,IdeState,Inactive,,*,-1,-1
2025-03-14T17:11:57.552-04:00,IdeState,Inactive,,*,-1,-1
2025-03-14T17:11:58.553-04:00,IdeState,Inactive,,*,-1,-1
2025-03-14T17:11:59.555-04:00,IdeState,Inactive,,*,-1,-1
2025-03-14T17:12:00.555-04:00,IdeState,Inactive,,*,-1,-1
2025-03-14T17:12:01.557-04:00,IdeState,Inactive,,*,-1,-1
2025-03-14T17:12:02.558-04:00,IdeState,Inactive,,*,-1,-1
2025-03-14T17:12:03.559-04:00,IdeState,Inactive,,*,-1,-1
2025-03-14T17:12:04.561-04:00,IdeState,Inactive,,*,-1,-1
2025-03-14T17:12:05.562-04:00,IdeState,Inactive,,*,-1,-1
2025-03-14T17:12:06.562-04:00,IdeState,Inactive,,*,-1,-1
2025-03-14T17:12:07.565-04:00,IdeState,Inactive,,*,-1,-1
2025-03-14T17:12:08.567-04:00,IdeState,Inactive,,*,-1,-1
2025-03-14T17:12:09.569-04:00,IdeState,Inactive,,*,-1,-1
2025-03-14T17:12:10.571-04:00,IdeState,Inactive,,*,-1,-1
2025-03-14T17:12:11.572-04:00,IdeState,Inactive,,*,-1,-1
2025-03-14T17:12:12.573-04:00,IdeState,Inactive,,*,-1,-1
2025-03-14T17:12:13.573-04:00,IdeState,Inactive,,*,-1,-1
2025-03-14T17:12:14.575-04:00,IdeState,Inactive,,*,-1,-1
2025-03-14T17:12:15.577-04:00,IdeState,Inactive,,*,-1,-1
2025-03-14T17:12:16.577-04:00,IdeState,Inactive,,*,-1,-1
2025-03-14T17:12:17.579-04:00,IdeState,Inactive,,*,-1,-1
2025-03-14T17:12:18.581-04:00,IdeState,Inactive,,*,-1,-1
2025-03-14T17:12:19.582-04:00,IdeState,Inactive,,*,-1,-1
2025-03-14T17:12:20.584-04:00,IdeState,Inactive,,*,-1,-1
2025-03-14T17:12:21.584-04:00,IdeState,Inactive,,*,-1,-1
2025-03-14T17:12:22.587-04:00,IdeState,Inactive,,*,-1,-1
2025-03-14T17:12:23.587-04:00,IdeState,Inactive,,*,-1,-1
2025-03-14T17:12:24.589-04:00,IdeState,Inactive,,*,-1,-1
2025-03-14T17:12:25.591-04:00,IdeState,Inactive,,*,-1,-1
2025-03-14T17:12:26.592-04:00,IdeState,Inactive,,*,-1,-1
2025-03-14T17:12:27.594-04:00,IdeState,Inactive,,*,-1,-1
2025-03-14T17:12:28.596-04:00,IdeState,Inactive,,*,-1,-1
2025-03-14T17:12:29.598-04:00,IdeState,Inactive,,*,-1,-1
2025-03-14T17:12:30.599-04:00,IdeState,Inactive,,*,-1,-1
2025-03-14T17:12:31.602-04:00,IdeState,Inactive,,*,-1,-1
2025-03-14T17:12:32.604-04:00,IdeState,Inactive,,*,-1,-1
2025-03-14T17:12:33.604-04:00,IdeState,Inactive,,*,-1,-1
2025-03-14T17:12:34.605-04:00,IdeState,Inactive,,*,-1,-1
2025-03-14T17:12:35.606-04:00,IdeState,Inactive,,*,-1,-1
2025-03-14T17:12:36.607-04:00,IdeState,Inactive,,*,-1,-1
2025-03-14T17:12:37.609-04:00,IdeState,Inactive,,*,-1,-1
2025-03-14T17:12:38.611-04:00,IdeState,Inactive,,*,-1,-1
2025-03-14T17:12:39.613-04:00,IdeState,Inactive,,*,-1,-1
2025-03-14T17:12:40.616-04:00,IdeState,Inactive,,*,-1,-1
2025-03-14T17:12:41.617-04:00,IdeState,Inactive,,*,-1,-1
2025-03-14T17:12:42.618-04:00,IdeState,Inactive,,*,-1,-1
2025-03-14T17:12:43.620-04:00,IdeState,Inactive,,*,-1,-1
2025-03-14T17:12:44.622-04:00,IdeState,Inactive,,*,-1,-1
2025-03-14T17:12:45.625-04:00,IdeState,Inactive,,*,-1,-1
2025-03-14T17:12:46.625-04:00,IdeState,Inactive,,*,-1,-1
2025-03-14T17:12:47.627-04:00,IdeState,Inactive,,*,-1,-1
2025-03-14T17:12:48.628-04:00,IdeState,Inactive,,*,-1,-1
2025-03-14T17:12:49.629-04:00,IdeState,Inactive,,*,-1,-1
2025-03-14T17:12:50.631-04:00,IdeState,Inactive,,*,-1,-1
2025-03-14T17:12:51.632-04:00,IdeState,Inactive,,*,-1,-1
2025-03-14T17:12:52.633-04:00,IdeState,Inactive,,*,-1,-1
2025-03-14T17:12:53.635-04:00,IdeState,Inactive,,*,-1,-1
2025-03-14T17:12:54.637-04:00,IdeState,Inactive,,*,-1,-1
2025-03-14T17:12:55.638-04:00,IdeState,Inactive,,*,-1,-1
2025-03-14T17:12:56.640-04:00,IdeState,Inactive,,*,-1,-1
2025-03-14T17:12:57.642-04:00,IdeState,Inactive,,*,-1,-1
2025-03-14T17:12:58.643-04:00,IdeState,Inactive,,*,-1,-1
2025-03-14T17:12:59.644-04:00,IdeState,Inactive,,*,-1,-1
2025-03-14T17:13:00.647-04:00,IdeState,Inactive,,*,-1,-1
2025-03-14T17:13:01.647-04:00,IdeState,Inactive,,*,-1,-1
2025-03-14T17:13:02.648-04:00,IdeState,Inactive,,*,-1,-1
2025-03-14T17:13:03.649-04:00,IdeState,Inactive,,*,-1,-1
2025-03-14T17:13:04.650-04:00,IdeState,Inactive,,*,-1,-1
2025-03-14T17:13:05.652-04:00,IdeState,Inactive,,*,-1,-1
2025-03-14T17:13:06.654-04:00,IdeState,Inactive,,*,-1,-1
2025-03-14T17:13:07.656-04:00,IdeState,Inactive,,*,-1,-1
2025-03-14T17:13:08.659-04:00,IdeState,Inactive,,*,-1,-1
2025-03-14T17:13:09.659-04:00,IdeState,Inactive,,*,-1,-1
2025-03-14T17:13:10.661-04:00,IdeState,Inactive,,*,-1,-1
2025-03-14T17:13:11.662-04:00,IdeState,Inactive,,*,-1,-1
2025-03-14T17:13:12.664-04:00,IdeState,Inactive,,*,-1,-1
2025-03-14T17:13:13.671-04:00,IdeState,Inactive,,*,-1,-1
2025-03-14T17:13:14.672-04:00,IdeState,Inactive,,*,-1,-1
2025-03-14T17:13:15.673-04:00,IdeState,Inactive,,*,-1,-1
2025-03-14T17:13:16.674-04:00,IdeState,Inactive,,*,-1,-1
2025-03-14T17:13:17.676-04:00,IdeState,Inactive,,*,-1,-1
2025-03-14T17:13:18.677-04:00,IdeState,Inactive,,*,-1,-1
2025-03-14T17:13:19.677-04:00,IdeState,Inactive,,*,-1,-1
2025-03-14T17:13:20.678-04:00,IdeState,Inactive,,*,-1,-1
2025-03-14T17:13:21.679-04:00,IdeState,Inactive,,*,-1,-1
2025-03-14T17:13:22.680-04:00,IdeState,Inactive,,*,-1,-1
2025-03-14T17:13:23.681-04:00,IdeState,Inactive,,*,-1,-1
2025-03-14T17:13:24.683-04:00,IdeState,Inactive,,*,-1,-1
2025-03-14T17:13:25.685-04:00,IdeState,Inactive,,*,-1,-1
2025-03-14T17:13:26.687-04:00,IdeState,Inactive,,*,-1,-1
2025-03-14T17:13:27.689-04:00,IdeState,Inactive,,*,-1,-1
2025-03-14T17:13:28.690-04:00,IdeState,Inactive,,*,-1,-1
2025-03-14T17:13:29.693-04:00,IdeState,Inactive,,*,-1,-1
2025-03-14T17:13:30.693-04:00,IdeState,Inactive,,*,-1,-1
2025-03-14T17:13:31.696-04:00,IdeState,Inactive,,*,-1,-1
2025-03-14T17:13:32.696-04:00,IdeState,Inactive,,*,-1,-1
2025-03-14T17:13:33.698-04:00,IdeState,Inactive,,*,-1,-1
2025-03-14T17:13:34.699-04:00,IdeState,Inactive,,*,-1,-1
2025-03-14T17:13:35.714-04:00,IdeState,Inactive,,*,-1,-1
2025-03-14T17:13:36.715-04:00,IdeState,Inactive,,*,-1,-1
2025-03-14T17:13:37.718-04:00,IdeState,Inactive,,*,-1,-1
2025-03-14T17:13:38.719-04:00,IdeState,Inactive,,*,-1,-1
2025-03-14T17:13:39.721-04:00,IdeState,Inactive,,*,-1,-1
2025-03-14T17:13:40.722-04:00,IdeState,Inactive,,*,-1,-1
2025-03-14T17:13:41.724-04:00,IdeState,Inactive,,*,-1,-1
2025-03-14T17:13:42.727-04:00,IdeState,Inactive,,*,-1,-1
2025-03-14T17:13:43.729-04:00,IdeState,Inactive,,*,-1,-1
2025-03-14T17:13:44.729-04:00,IdeState,Inactive,,*,-1,-1
2025-03-14T17:13:45.731-04:00,IdeState,Inactive,,*,-1,-1
2025-03-14T17:13:46.731-04:00,IdeState,Inactive,,*,-1,-1
2025-03-14T17:13:47.732-04:00,IdeState,Inactive,,*,-1,-1
2025-03-14T17:13:48.734-04:00,IdeState,Inactive,,*,-1,-1
2025-03-14T17:13:49.734-04:00,IdeState,Inactive,,*,-1,-1
2025-03-14T17:13:50.737-04:00,IdeState,Inactive,,*,-1,-1
2025-03-14T17:13:51.738-04:00,IdeState,Inactive,,*,-1,-1
2025-03-14T17:13:52.740-04:00,IdeState,Inactive,,*,-1,-1
2025-03-14T17:13:53.741-04:00,IdeState,Inactive,,*,-1,-1
2025-03-14T17:13:54.744-04:00,IdeState,Inactive,,*,-1,-1
2025-03-14T17:13:55.746-04:00,IdeState,Inactive,,*,-1,-1
2025-03-14T17:13:56.747-04:00,IdeState,Inactive,,*,-1,-1
2025-03-14T17:13:57.748-04:00,IdeState,Inactive,,*,-1,-1
2025-03-14T17:13:58.749-04:00,IdeState,Inactive,,*,-1,-1
2025-03-14T17:13:59.750-04:00,IdeState,Inactive,,*,-1,-1
2025-03-14T17:14:00.751-04:00,IdeState,Inactive,,*,-1,-1
2025-03-14T17:14:01.751-04:00,IdeState,Inactive,,*,-1,-1
2025-03-14T17:14:02.753-04:00,IdeState,Inactive,,*,-1,-1
2025-03-14T17:14:03.755-04:00,IdeState,Inactive,,*,-1,-1
2025-03-14T17:14:04.756-04:00,IdeState,Inactive,,*,-1,-1
2025-03-14T17:14:05.759-04:00,IdeState,Inactive,,*,-1,-1
2025-03-14T17:14:06.763-04:00,IdeState,Inactive,,*,-1,-1
2025-03-14T17:14:07.764-04:00,IdeState,Inactive,,*,-1,-1
2025-03-14T17:14:08.765-04:00,IdeState,Inactive,,*,-1,-1
2025-03-14T17:14:09.766-04:00,IdeState,Inactive,,*,-1,-1
2025-03-14T17:14:10.767-04:00,IdeState,Inactive,,*,-1,-1
2025-03-14T17:14:11.768-04:00,IdeState,Inactive,,*,-1,-1
2025-03-14T17:14:12.768-04:00,IdeState,Inactive,,*,-1,-1
2025-03-14T17:14:13.770-04:00,IdeState,Inactive,,*,-1,-1
2025-03-14T17:14:14.770-04:00,IdeState,Inactive,,*,-1,-1
2025-03-14T17:14:15.771-04:00,IdeState,Inactive,,*,-1,-1
2025-03-14T17:14:16.774-04:00,IdeState,Inactive,,*,-1,-1
2025-03-14T17:14:17.774-04:00,IdeState,Inactive,,*,-1,-1
2025-03-14T17:14:18.776-04:00,IdeState,Inactive,,*,-1,-1
2025-03-14T17:14:19.778-04:00,IdeState,Inactive,,*,-1,-1
2025-03-14T17:14:20.778-04:00,IdeState,Inactive,,*,-1,-1
2025-03-14T17:14:21.779-04:00,IdeState,Inactive,,*,-1,-1
2025-03-14T17:14:22.781-04:00,IdeState,Inactive,,*,-1,-1
2025-03-14T17:14:23.783-04:00,IdeState,Inactive,,*,-1,-1
2025-03-14T17:14:24.785-04:00,IdeState,Inactive,,*,-1,-1
2025-03-14T17:14:25.786-04:00,IdeState,Inactive,,*,-1,-1
2025-03-14T17:14:26.787-04:00,IdeState,Inactive,,*,-1,-1
2025-03-14T17:14:27.789-04:00,IdeState,Inactive,,*,-1,-1
2025-03-14T17:14:28.791-04:00,IdeState,Inactive,,*,-1,-1
2025-03-14T17:14:29.794-04:00,IdeState,Inactive,,*,-1,-1
2025-03-14T17:14:30.796-04:00,IdeState,Inactive,,*,-1,-1
2025-03-14T17:14:31.797-04:00,IdeState,Inactive,,*,-1,-1
2025-03-14T17:14:32.799-04:00,IdeState,Active,Editor,branch_coverage.py,0,0
2025-03-14T17:14:33.800-04:00,IdeState,Inactive,,*,-1,-1
2025-03-14T17:14:34.801-04:00,IdeState,Inactive,,*,-1,-1
2025-03-14T17:14:35.803-04:00,IdeState,Inactive,,*,-1,-1
2025-03-14T17:14:36.804-04:00,IdeState,Inactive,,*,-1,-1
2025-03-14T17:14:37.808-04:00,IdeState,Inactive,,*,-1,-1
2025-03-14T17:14:38.809-04:00,IdeState,Inactive,,*,-1,-1
2025-03-14T17:14:39.811-04:00,IdeState,Inactive,,*,-1,-1
2025-03-14T17:14:40.812-04:00,IdeState,Inactive,,*,-1,-1
2025-03-14T17:14:41.814-04:00,IdeState,Inactive,,*,-1,-1
2025-03-14T17:14:42.816-04:00,IdeState,Inactive,,*,-1,-1
2025-03-14T17:14:43.817-04:00,IdeState,Inactive,,*,-1,-1
2025-03-14T17:14:44.823-04:00,IdeState,Inactive,,*,-1,-1
2025-03-14T17:14:45.824-04:00,IdeState,Inactive,,*,-1,-1
2025-03-14T17:14:46.825-04:00,IdeState,Inactive,,*,-1,-1
2025-03-14T17:14:47.826-04:00,IdeState,Inactive,,*,-1,-1
2025-03-14T17:14:48.827-04:00,IdeState,Inactive,,*,-1,-1
2025-03-14T17:14:49.829-04:00,IdeState,Inactive,,*,-1,-1
2025-03-14T17:14:50.831-04:00,IdeState,Inactive,,*,-1,-1
2025-03-14T17:14:51.832-04:00,IdeState,Inactive,,*,-1,-1
2025-03-14T17:14:52.833-04:00,IdeState,Inactive,,*,-1,-1
2025-03-14T17:14:53.834-04:00,IdeState,Inactive,,*,-1,-1
2025-03-14T17:14:54.835-04:00,IdeState,Inactive,,*,-1,-1
2025-03-14T17:14:55.836-04:00,IdeState,Inactive,,*,-1,-1
2025-03-14T17:14:56.837-04:00,IdeState,Inactive,,*,-1,-1
2025-03-14T17:14:57.838-04:00,IdeState,Inactive,,*,-1,-1
2025-03-14T17:14:58.839-04:00,IdeState,Inactive,,*,-1,-1
2025-03-14T17:14:59.841-04:00,IdeState,Inactive,,*,-1,-1
2025-03-14T17:15:00.842-04:00,IdeState,Inactive,,*,-1,-1
2025-03-14T17:15:01.843-04:00,IdeState,Inactive,,*,-1,-1
2025-03-14T17:15:02.851-04:00,IdeState,Inactive,,*,-1,-1
2025-03-14T17:15:03.852-04:00,IdeState,Inactive,,*,-1,-1
2025-03-14T17:15:04.854-04:00,IdeState,Inactive,,*,-1,-1
2025-03-14T17:15:05.856-04:00,IdeState,Inactive,,*,-1,-1
2025-03-14T17:15:06.857-04:00,IdeState,Inactive,,*,-1,-1
2025-03-14T17:15:07.858-04:00,IdeState,Inactive,,*,-1,-1
2025-03-14T17:15:08.859-04:00,IdeState,Inactive,,*,-1,-1
2025-03-14T17:15:09.859-04:00,IdeState,Inactive,,*,-1,-1
2025-03-14T17:15:10.860-04:00,IdeState,Inactive,,*,-1,-1
2025-03-14T17:15:11.862-04:00,IdeState,Inactive,,*,-1,-1
2025-03-14T17:15:12.864-04:00,IdeState,Inactive,,*,-1,-1
2025-03-14T17:15:13.865-04:00,IdeState,Inactive,,*,-1,-1
2025-03-14T17:15:14.867-04:00,IdeState,Inactive,,*,-1,-1
2025-03-14T17:15:15.868-04:00,IdeState,Inactive,,*,-1,-1
2025-03-14T17:15:16.869-04:00,IdeState,Inactive,,*,-1,-1
2025-03-14T17:15:17.870-04:00,IdeState,Inactive,,*,-1,-1
2025-03-14T17:15:18.871-04:00,IdeState,Inactive,,*,-1,-1
2025-03-14T17:15:19.873-04:00,IdeState,Inactive,,*,-1,-1
2025-03-14T17:15:20.875-04:00,IdeState,Inactive,,*,-1,-1
2025-03-14T17:15:21.876-04:00,IdeState,Inactive,,*,-1,-1
2025-03-14T17:15:22.878-04:00,IdeState,Inactive,,*,-1,-1
2025-03-14T17:15:23.878-04:00,IdeState,Inactive,,*,-1,-1
2025-03-14T17:15:24.879-04:00,IdeState,Inactive,,*,-1,-1
2025-03-14T17:15:25.881-04:00,IdeState,Inactive,,*,-1,-1
2025-03-14T17:15:26.882-04:00,IdeState,Inactive,,*,-1,-1
2025-03-14T17:15:27.883-04:00,IdeState,Inactive,,*,-1,-1
2025-03-14T17:15:28.885-04:00,IdeState,Inactive,,*,-1,-1
2025-03-14T17:15:29.886-04:00,IdeState,Inactive,,*,-1,-1
2025-03-14T17:15:30.887-04:00,IdeState,Inactive,,*,-1,-1
2025-03-14T17:15:31.889-04:00,IdeState,Inactive,,*,-1,-1
2025-03-14T17:15:32.890-04:00,IdeState,Inactive,,*,-1,-1
2025-03-14T17:15:33.893-04:00,IdeState,Inactive,,*,-1,-1
2025-03-14T17:15:34.895-04:00,IdeState,Inactive,,*,-1,-1
2025-03-14T17:15:35.897-04:00,IdeState,Inactive,,*,-1,-1
2025-03-14T17:15:36.899-04:00,IdeState,Inactive,,*,-1,-1
2025-03-14T17:15:37.900-04:00,IdeState,Inactive,,*,-1,-1
2025-03-14T17:15:38.901-04:00,IdeState,Inactive,,*,-1,-1
2025-03-14T17:15:39.903-04:00,IdeState,Inactive,,*,-1,-1
2025-03-14T17:15:40.905-04:00,IdeState,Inactive,,*,-1,-1
2025-03-14T17:15:41.908-04:00,IdeState,Inactive,,*,-1,-1
2025-03-14T17:15:42.908-04:00,IdeState,Inactive,,*,-1,-1
2025-03-14T17:15:43.909-04:00,IdeState,Inactive,,*,-1,-1
2025-03-14T17:15:44.910-04:00,IdeState,Inactive,,*,-1,-1
2025-03-14T17:15:45.912-04:00,IdeState,Inactive,,*,-1,-1
2025-03-14T17:15:46.912-04:00,IdeState,Inactive,,*,-1,-1
2025-03-14T17:15:47.913-04:00,IdeState,Inactive,,*,-1,-1
2025-03-14T17:15:48.916-04:00,IdeState,Inactive,,*,-1,-1
2025-03-14T17:15:49.917-04:00,IdeState,Inactive,,*,-1,-1
2025-03-14T17:15:50.919-04:00,IdeState,Inactive,,*,-1,-1
2025-03-14T17:15:51.920-04:00,IdeState,Inactive,,*,-1,-1
2025-03-14T17:15:52.924-04:00,IdeState,Inactive,,*,-1,-1
2025-03-14T17:15:53.924-04:00,IdeState,Inactive,,*,-1,-1
2025-03-14T17:15:54.925-04:00,IdeState,Inactive,,*,-1,-1
2025-03-14T17:15:55.926-04:00,IdeState,Inactive,,*,-1,-1
2025-03-14T17:15:56.927-04:00,IdeState,Inactive,,*,-1,-1
2025-03-14T17:15:57.928-04:00,IdeState,Inactive,,*,-1,-1
2025-03-14T17:15:58.929-04:00,IdeState,Inactive,,*,-1,-1
2025-03-14T17:15:59.930-04:00,IdeState,Inactive,,*,-1,-1
2025-03-14T17:16:00.931-04:00,IdeState,Inactive,,*,-1,-1
2025-03-14T17:16:01.933-04:00,IdeState,Inactive,,*,-1,-1
2025-03-14T17:16:02.934-04:00,IdeState,Inactive,,*,-1,-1
2025-03-14T17:16:03.936-04:00,IdeState,Inactive,,*,-1,-1
2025-03-14T17:16:04.938-04:00,IdeState,Inactive,,*,-1,-1
2025-03-14T17:16:05.939-04:00,IdeState,Inactive,,*,-1,-1
2025-03-14T17:16:06.940-04:00,IdeState,Inactive,,*,-1,-1
2025-03-14T17:16:07.941-04:00,IdeState,Inactive,,*,-1,-1
2025-03-14T17:16:08.942-04:00,IdeState,Inactive,,*,-1,-1
2025-03-14T17:16:09.942-04:00,IdeState,Inactive,,*,-1,-1
2025-03-14T17:16:10.943-04:00,IdeState,Inactive,,*,-1,-1
2025-03-14T17:16:11.945-04:00,IdeState,Inactive,,*,-1,-1
2025-03-14T17:16:12.947-04:00,IdeState,Inactive,,*,-1,-1
2025-03-14T17:16:13.948-04:00,IdeState,Inactive,,*,-1,-1
2025-03-14T17:16:14.950-04:00,IdeState,Inactive,,*,-1,-1
2025-03-14T17:16:15.951-04:00,IdeState,Inactive,,*,-1,-1
2025-03-14T17:16:16.954-04:00,IdeState,Inactive,,*,-1,-1
2025-03-14T17:16:17.956-04:00,IdeState,Inactive,,*,-1,-1
2025-03-14T17:16:18.958-04:00,IdeState,Inactive,,*,-1,-1
2025-03-14T17:16:19.959-04:00,IdeState,Inactive,,*,-1,-1
2025-03-14T17:16:20.960-04:00,IdeState,Inactive,,*,-1,-1
2025-03-14T17:16:21.962-04:00,IdeState,Inactive,,*,-1,-1
2025-03-14T17:16:22.962-04:00,IdeState,Inactive,,*,-1,-1
2025-03-14T17:16:23.963-04:00,IdeState,Inactive,,*,-1,-1
2025-03-14T17:16:24.964-04:00,IdeState,Inactive,,*,-1,-1
2025-03-14T17:16:25.965-04:00,IdeState,Inactive,,*,-1,-1
2025-03-14T17:16:26.966-04:00,IdeState,Inactive,,*,-1,-1
2025-03-14T17:16:27.967-04:00,IdeState,Inactive,,*,-1,-1
2025-03-14T17:16:28.968-04:00,IdeState,Inactive,,*,-1,-1
2025-03-14T17:16:29.969-04:00,IdeState,Inactive,,*,-1,-1
2025-03-14T17:16:30.971-04:00,IdeState,Inactive,,*,-1,-1
2025-03-14T17:16:31.971-04:00,IdeState,Inactive,,*,-1,-1
2025-03-14T17:16:32.972-04:00,IdeState,Inactive,,*,-1,-1
2025-03-14T17:16:33.973-04:00,IdeState,Inactive,,*,-1,-1
2025-03-14T17:16:34.974-04:00,IdeState,Inactive,,*,-1,-1
2025-03-14T17:16:35.975-04:00,IdeState,Inactive,,*,-1,-1
2025-03-14T17:16:36.975-04:00,IdeState,Inactive,,*,-1,-1
2025-03-14T17:16:37.977-04:00,IdeState,Inactive,,*,-1,-1
2025-03-14T17:16:38.978-04:00,IdeState,Inactive,,*,-1,-1
2025-03-14T17:16:39.979-04:00,IdeState,Inactive,,*,-1,-1
2025-03-14T17:16:40.980-04:00,IdeState,Inactive,,*,-1,-1
2025-03-14T17:16:41.981-04:00,IdeState,Inactive,,*,-1,-1
2025-03-14T17:16:42.983-04:00,IdeState,Inactive,,*,-1,-1
2025-03-14T17:16:43.986-04:00,IdeState,Inactive,,*,-1,-1
2025-03-14T17:16:44.987-04:00,IdeState,Inactive,,*,-1,-1
2025-03-14T17:16:45.988-04:00,IdeState,Inactive,,*,-1,-1
2025-03-14T17:16:46.990-04:00,IdeState,Inactive,,*,-1,-1
2025-03-14T17:16:47.998-04:00,IdeState,Inactive,,*,-1,-1
2025-03-14T17:16:48.999-04:00,IdeState,Inactive,,*,-1,-1
2025-03-14T17:16:50.000-04:00,IdeState,Inactive,,*,-1,-1
2025-03-14T17:16:51.001-04:00,IdeState,Inactive,,*,-1,-1
2025-03-14T17:16:52.002-04:00,IdeState,Inactive,,*,-1,-1
2025-03-14T17:16:53.004-04:00,IdeState,Inactive,,*,-1,-1
2025-03-14T17:16:54.006-04:00,IdeState,Inactive,,*,-1,-1
2025-03-14T17:16:55.007-04:00,IdeState,Inactive,,*,-1,-1
2025-03-14T17:16:56.008-04:00,IdeState,Inactive,,*,-1,-1
2025-03-14T17:16:57.009-04:00,IdeState,Inactive,,*,-1,-1
2025-03-14T17:16:58.012-04:00,IdeState,Inactive,,*,-1,-1
2025-03-14T17:16:59.014-04:00,IdeState,Inactive,,*,-1,-1
2025-03-14T17:17:00.016-04:00,IdeState,Inactive,,*,-1,-1
2025-03-14T17:17:01.017-04:00,IdeState,Inactive,,*,-1,-1
2025-03-14T17:17:02.017-04:00,IdeState,Inactive,,*,-1,-1
2025-03-14T17:17:03.022-04:00,IdeState,Inactive,,*,-1,-1
2025-03-14T17:17:04.022-04:00,IdeState,Inactive,,*,-1,-1
2025-03-14T17:17:05.023-04:00,IdeState,Inactive,,*,-1,-1
2025-03-14T17:17:06.023-04:00,IdeState,Inactive,,*,-1,-1
2025-03-14T17:17:07.024-04:00,IdeState,Inactive,,*,-1,-1
2025-03-14T17:17:08.025-04:00,IdeState,Inactive,,*,-1,-1
2025-03-14T17:17:09.026-04:00,IdeState,Inactive,,*,-1,-1
2025-03-14T17:17:10.027-04:00,IdeState,Inactive,,*,-1,-1
2025-03-14T17:17:11.029-04:00,IdeState,Inactive,,*,-1,-1
2025-03-14T17:17:12.029-04:00,IdeState,Inactive,,*,-1,-1
2025-03-14T17:17:13.031-04:00,IdeState,Inactive,,*,-1,-1
2025-03-14T17:17:14.033-04:00,IdeState,Inactive,,*,-1,-1
2025-03-14T17:17:15.034-04:00,IdeState,Inactive,,*,-1,-1
2025-03-14T17:17:16.036-04:00,IdeState,Inactive,,*,-1,-1
2025-03-14T17:17:17.037-04:00,IdeState,Inactive,,*,-1,-1
2025-03-14T17:17:18.038-04:00,IdeState,Inactive,,*,-1,-1
2025-03-14T17:17:19.040-04:00,IdeState,Inactive,,*,-1,-1
2025-03-14T17:17:20.042-04:00,IdeState,Inactive,,*,-1,-1
2025-03-14T17:17:21.043-04:00,IdeState,Inactive,,*,-1,-1
2025-03-14T17:17:22.045-04:00,IdeState,Inactive,,*,-1,-1
2025-03-14T17:17:23.046-04:00,IdeState,Inactive,,*,-1,-1
2025-03-14T17:17:24.047-04:00,IdeState,Inactive,,*,-1,-1
2025-03-14T17:17:25.048-04:00,IdeState,Inactive,,*,-1,-1
2025-03-14T17:17:26.050-04:00,IdeState,Inactive,,*,-1,-1
2025-03-14T17:17:27.051-04:00,IdeState,Inactive,,*,-1,-1
2025-03-14T17:17:28.052-04:00,IdeState,Inactive,,*,-1,-1
2025-03-14T17:17:29.053-04:00,IdeState,Inactive,,*,-1,-1
2025-03-14T17:17:30.053-04:00,IdeState,Inactive,,*,-1,-1
2025-03-14T17:17:31.055-04:00,IdeState,Inactive,,*,-1,-1
2025-03-14T17:17:32.056-04:00,IdeState,Inactive,,*,-1,-1
2025-03-14T17:17:33.058-04:00,IdeState,Inactive,,*,-1,-1
2025-03-14T17:17:34.059-04:00,IdeState,Inactive,,*,-1,-1
2025-03-14T17:17:35.060-04:00,IdeState,Inactive,,*,-1,-1
2025-03-14T17:17:36.062-04:00,IdeState,Inactive,,*,-1,-1
2025-03-14T17:17:37.062-04:00,IdeState,Inactive,,*,-1,-1
2025-03-14T17:17:38.063-04:00,IdeState,Inactive,,*,-1,-1
2025-03-14T17:17:39.065-04:00,IdeState,Inactive,,*,-1,-1
2025-03-14T17:17:40.066-04:00,IdeState,Inactive,,*,-1,-1
2025-03-14T17:17:41.067-04:00,IdeState,Inactive,,*,-1,-1
2025-03-14T17:17:42.068-04:00,IdeState,Inactive,,*,-1,-1
2025-03-14T17:17:43.069-04:00,IdeState,Inactive,,*,-1,-1
2025-03-14T17:17:44.069-04:00,IdeState,Inactive,,*,-1,-1
2025-03-14T17:17:45.071-04:00,IdeState,Inactive,,*,-1,-1
2025-03-14T17:17:46.072-04:00,IdeState,Inactive,,*,-1,-1
2025-03-14T17:17:47.073-04:00,IdeState,Inactive,,*,-1,-1
2025-03-14T17:17:48.074-04:00,IdeState,Inactive,,*,-1,-1
2025-03-14T17:17:49.075-04:00,IdeState,Inactive,,*,-1,-1
2025-03-14T17:17:50.076-04:00,IdeState,Inactive,,*,-1,-1
2025-03-14T17:17:51.078-04:00,IdeState,Inactive,,*,-1,-1
2025-03-14T17:17:52.079-04:00,IdeState,Inactive,,*,-1,-1
2025-03-14T17:17:53.080-04:00,IdeState,Inactive,,*,-1,-1
2025-03-14T17:17:54.081-04:00,IdeState,Inactive,,*,-1,-1
2025-03-14T17:17:55.083-04:00,IdeState,Inactive,,*,-1,-1
2025-03-14T17:17:56.085-04:00,IdeState,Inactive,,*,-1,-1
2025-03-14T17:17:57.109-04:00,IdeState,Inactive,,*,-1,-1
2025-03-14T17:17:58.113-04:00,IdeState,Inactive,,*,-1,-1
2025-03-14T17:17:59.114-04:00,IdeState,Inactive,,*,-1,-1
2025-03-14T17:18:00.115-04:00,IdeState,Inactive,,*,-1,-1
2025-03-14T17:18:01.116-04:00,IdeState,Inactive,,*,-1,-1
2025-03-14T17:18:02.118-04:00,IdeState,Inactive,,*,-1,-1
2025-03-14T17:18:03.120-04:00,IdeState,Inactive,,*,-1,-1
2025-03-14T17:18:04.121-04:00,IdeState,Inactive,,*,-1,-1
2025-03-14T17:18:05.122-04:00,IdeState,Inactive,,*,-1,-1
2025-03-14T17:18:06.123-04:00,IdeState,Inactive,,*,-1,-1
2025-03-14T17:18:07.125-04:00,IdeState,Inactive,,*,-1,-1
2025-03-14T17:18:08.127-04:00,IdeState,Inactive,,*,-1,-1
2025-03-14T17:18:09.132-04:00,IdeState,Inactive,,*,-1,-1
2025-03-14T17:18:10.133-04:00,IdeState,Inactive,,*,-1,-1
2025-03-14T17:18:11.135-04:00,IdeState,Inactive,,*,-1,-1
2025-03-14T17:18:12.136-04:00,IdeState,Inactive,,*,-1,-1
2025-03-14T17:18:13.138-04:00,IdeState,Inactive,,*,-1,-1
2025-03-14T17:18:14.139-04:00,IdeState,Inactive,,*,-1,-1
2025-03-14T17:18:15.140-04:00,IdeState,Inactive,,*,-1,-1
2025-03-14T17:18:16.141-04:00,IdeState,Inactive,,*,-1,-1
2025-03-14T17:18:17.142-04:00,IdeState,Inactive,,*,-1,-1
2025-03-14T17:18:18.144-04:00,IdeState,Inactive,,*,-1,-1
2025-03-14T17:18:19.145-04:00,IdeState,Inactive,,*,-1,-1
2025-03-14T17:18:20.146-04:00,IdeState,Inactive,,*,-1,-1
2025-03-14T17:18:21.147-04:00,IdeState,Inactive,,*,-1,-1
2025-03-14T17:18:22.153-04:00,IdeState,Inactive,,*,-1,-1
2025-03-14T17:18:23.155-04:00,IdeState,Inactive,,*,-1,-1
2025-03-14T17:18:24.156-04:00,IdeState,Inactive,,*,-1,-1
2025-03-14T17:18:25.158-04:00,IdeState,Inactive,,*,-1,-1
2025-03-14T17:18:26.161-04:00,IdeState,Inactive,,*,-1,-1
2025-03-14T17:18:27.162-04:00,IdeState,Inactive,,*,-1,-1
2025-03-14T17:18:28.163-04:00,IdeState,Inactive,,*,-1,-1
2025-03-14T17:18:29.164-04:00,IdeState,Inactive,,*,-1,-1
2025-03-14T17:18:30.165-04:00,IdeState,Inactive,,*,-1,-1
2025-03-14T17:18:31.166-04:00,IdeState,Inactive,,*,-1,-1
2025-03-14T17:18:32.168-04:00,IdeState,Inactive,,*,-1,-1
2025-03-14T17:18:33.169-04:00,IdeState,Inactive,,*,-1,-1
2025-03-14T17:18:34.170-04:00,IdeState,Inactive,,*,-1,-1
2025-03-14T17:18:35.171-04:00,IdeState,Inactive,,*,-1,-1
2025-03-14T17:18:36.172-04:00,IdeState,Inactive,,*,-1,-1
2025-03-14T17:18:37.174-04:00,IdeState,Inactive,,*,-1,-1
2025-03-14T17:18:38.174-04:00,IdeState,Inactive,,*,-1,-1
2025-03-14T17:18:39.175-04:00,IdeState,Inactive,,*,-1,-1
2025-03-14T17:18:40.176-04:00,IdeState,Inactive,,*,-1,-1
2025-03-14T17:18:41.176-04:00,IdeState,Inactive,,*,-1,-1
2025-03-14T17:18:42.178-04:00,IdeState,Inactive,,*,-1,-1
2025-03-14T17:18:43.180-04:00,IdeState,Inactive,,*,-1,-1
2025-03-14T17:18:44.182-04:00,IdeState,Inactive,,*,-1,-1
2025-03-14T17:18:45.184-04:00,IdeState,Inactive,,*,-1,-1
2025-03-14T17:18:46.185-04:00,IdeState,Inactive,,*,-1,-1
2025-03-14T17:18:47.186-04:00,IdeState,Inactive,,*,-1,-1
2025-03-14T17:18:48.188-04:00,IdeState,Inactive,,*,-1,-1
2025-03-14T17:18:49.189-04:00,IdeState,Inactive,,*,-1,-1
2025-03-14T17:18:50.190-04:00,IdeState,Inactive,,*,-1,-1
2025-03-14T17:18:51.192-04:00,IdeState,Inactive,,*,-1,-1
2025-03-14T17:18:52.194-04:00,IdeState,Inactive,,*,-1,-1
2025-03-14T17:18:53.195-04:00,IdeState,Inactive,,*,-1,-1
2025-03-14T17:18:54.197-04:00,IdeState,Inactive,,*,-1,-1
2025-03-14T17:18:55.199-04:00,IdeState,Inactive,,*,-1,-1
2025-03-14T17:18:56.200-04:00,IdeState,Inactive,,*,-1,-1
2025-03-14T17:18:57.201-04:00,IdeState,Inactive,,*,-1,-1
2025-03-14T17:18:58.203-04:00,IdeState,Inactive,,*,-1,-1
2025-03-14T17:18:59.204-04:00,IdeState,Inactive,,*,-1,-1
2025-03-14T17:19:00.205-04:00,IdeState,Inactive,,*,-1,-1
2025-03-14T17:19:01.206-04:00,IdeState,Inactive,,*,-1,-1
2025-03-14T17:19:02.208-04:00,IdeState,Inactive,,*,-1,-1
2025-03-14T17:19:03.210-04:00,IdeState,Inactive,,*,-1,-1
2025-03-14T17:19:04.212-04:00,IdeState,Inactive,,*,-1,-1
2025-03-14T17:19:05.213-04:00,IdeState,Inactive,,*,-1,-1
2025-03-14T17:19:06.214-04:00,IdeState,Inactive,,*,-1,-1
2025-03-14T17:19:07.215-04:00,IdeState,Inactive,,*,-1,-1
2025-03-14T17:19:08.222-04:00,IdeState,Inactive,,*,-1,-1
2025-03-14T17:19:09.228-04:00,IdeState,Inactive,,*,-1,-1
2025-03-14T17:19:10.230-04:00,IdeState,Inactive,,*,-1,-1
2025-03-14T17:19:11.231-04:00,IdeState,Inactive,,*,-1,-1
2025-03-14T17:19:12.233-04:00,IdeState,Inactive,,*,-1,-1
2025-03-14T17:19:13.234-04:00,IdeState,Inactive,,*,-1,-1
2025-03-14T17:19:14.235-04:00,IdeState,Inactive,,*,-1,-1
2025-03-14T17:19:15.236-04:00,IdeState,Inactive,,*,-1,-1
2025-03-14T17:19:16.239-04:00,IdeState,Inactive,,*,-1,-1
2025-03-14T17:19:17.239-04:00,IdeState,Inactive,,*,-1,-1
2025-03-14T17:19:18.240-04:00,IdeState,Inactive,,*,-1,-1
2025-03-14T17:19:19.242-04:00,IdeState,Inactive,,*,-1,-1
2025-03-14T17:19:20.244-04:00,IdeState,Inactive,,*,-1,-1
2025-03-14T17:19:21.246-04:00,IdeState,Inactive,,*,-1,-1
2025-03-14T17:19:22.294-04:00,IdeState,Inactive,,*,-1,-1
2025-03-14T17:19:23.300-04:00,IdeState,Inactive,,*,-1,-1
2025-03-14T17:19:24.301-04:00,IdeState,Inactive,,*,-1,-1
2025-03-14T17:19:25.303-04:00,IdeState,Inactive,,*,-1,-1
2025-03-14T17:19:26.304-04:00,IdeState,Inactive,,*,-1,-1
2025-03-14T17:19:27.305-04:00,IdeState,Inactive,,*,-1,-1
2025-03-14T17:19:28.306-04:00,IdeState,Inactive,,*,-1,-1
2025-03-14T17:19:29.307-04:00,IdeState,Inactive,,*,-1,-1
2025-03-14T17:19:30.308-04:00,IdeState,Inactive,,*,-1,-1
2025-03-14T17:19:31.309-04:00,IdeState,Inactive,,*,-1,-1
2025-03-14T17:19:32.309-04:00,IdeState,Inactive,,*,-1,-1
2025-03-14T17:19:33.312-04:00,IdeState,Inactive,,*,-1,-1
2025-03-14T17:19:34.314-04:00,IdeState,Inactive,,*,-1,-1
2025-03-14T17:19:35.316-04:00,IdeState,Inactive,,*,-1,-1
2025-03-14T17:19:36.318-04:00,IdeState,Inactive,,*,-1,-1
2025-03-14T17:19:37.319-04:00,IdeState,Inactive,,*,-1,-1
2025-03-14T17:19:38.320-04:00,IdeState,Inactive,,*,-1,-1
2025-03-14T17:19:39.321-04:00,IdeState,Inactive,,*,-1,-1
2025-03-14T17:19:40.321-04:00,IdeState,Inactive,,*,-1,-1
2025-03-14T17:19:41.323-04:00,IdeState,Inactive,,*,-1,-1
2025-03-14T17:19:42.323-04:00,IdeState,Inactive,,*,-1,-1
2025-03-14T17:19:43.325-04:00,IdeState,Inactive,,*,-1,-1
2025-03-14T17:19:44.326-04:00,IdeState,Inactive,,*,-1,-1
2025-03-14T17:19:45.327-04:00,IdeState,Inactive,,*,-1,-1
2025-03-14T17:19:46.328-04:00,IdeState,Inactive,,*,-1,-1
2025-03-14T17:19:47.329-04:00,IdeState,Inactive,,*,-1,-1
2025-03-14T17:19:48.330-04:00,IdeState,Inactive,,*,-1,-1
2025-03-14T17:19:49.331-04:00,IdeState,Inactive,,*,-1,-1
2025-03-14T17:19:50.333-04:00,IdeState,Inactive,,*,-1,-1
2025-03-14T17:19:51.336-04:00,IdeState,Inactive,,*,-1,-1
2025-03-14T17:19:52.338-04:00,IdeState,Inactive,,*,-1,-1
2025-03-14T17:19:53.338-04:00,IdeState,Inactive,,*,-1,-1
2025-03-14T17:19:54.340-04:00,IdeState,Inactive,,*,-1,-1
2025-03-14T17:19:55.341-04:00,IdeState,Inactive,,*,-1,-1
2025-03-14T17:19:56.341-04:00,IdeState,Inactive,,*,-1,-1
2025-03-14T17:19:57.343-04:00,IdeState,Inactive,,*,-1,-1
2025-03-14T17:19:58.343-04:00,IdeState,Inactive,,*,-1,-1
2025-03-14T17:19:59.346-04:00,IdeState,Inactive,,*,-1,-1
2025-03-14T17:20:00.347-04:00,IdeState,Inactive,,*,-1,-1
2025-03-14T17:20:01.349-04:00,IdeState,Inactive,,*,-1,-1
2025-03-14T17:20:02.351-04:00,IdeState,Inactive,,*,-1,-1
2025-03-14T17:20:03.353-04:00,IdeState,Inactive,,*,-1,-1
2025-03-14T17:20:04.354-04:00,IdeState,Inactive,,*,-1,-1
2025-03-14T17:20:05.357-04:00,IdeState,Inactive,,*,-1,-1
2025-03-14T17:20:06.359-04:00,IdeState,Inactive,,*,-1,-1
2025-03-14T17:20:07.360-04:00,IdeState,Inactive,,*,-1,-1
2025-03-14T17:20:08.361-04:00,IdeState,Inactive,,*,-1,-1
2025-03-14T17:20:09.362-04:00,IdeState,Inactive,,*,-1,-1
2025-03-14T17:20:10.363-04:00,IdeState,Inactive,,*,-1,-1
2025-03-14T17:20:11.364-04:00,IdeState,Inactive,,*,-1,-1
2025-03-14T17:20:12.366-04:00,IdeState,Inactive,,*,-1,-1
2025-03-14T17:20:13.367-04:00,IdeState,Inactive,,*,-1,-1
2025-03-14T17:20:14.368-04:00,IdeState,Inactive,,*,-1,-1
2025-03-14T17:20:15.369-04:00,IdeState,Inactive,,*,-1,-1
2025-03-14T17:20:16.369-04:00,IdeState,Inactive,,*,-1,-1
2025-03-14T17:20:17.370-04:00,IdeState,Inactive,,*,-1,-1
2025-03-14T17:20:18.371-04:00,IdeState,Inactive,,*,-1,-1
2025-03-14T17:20:19.372-04:00,IdeState,Inactive,,*,-1,-1
2025-03-14T17:20:20.373-04:00,IdeState,Inactive,,*,-1,-1
2025-03-14T17:20:21.374-04:00,IdeState,Inactive,,*,-1,-1
2025-03-14T17:20:22.375-04:00,IdeState,Inactive,,*,-1,-1
2025-03-14T17:20:23.377-04:00,IdeState,Inactive,,*,-1,-1
2025-03-14T17:20:24.379-04:00,IdeState,Inactive,,*,-1,-1
2025-03-14T17:20:25.380-04:00,IdeState,Inactive,,*,-1,-1
2025-03-14T17:20:26.382-04:00,IdeState,Inactive,,*,-1,-1
2025-03-14T17:20:27.383-04:00,IdeState,Inactive,,*,-1,-1
2025-03-14T17:20:28.384-04:00,IdeState,Inactive,,*,-1,-1
2025-03-14T17:20:29.388-04:00,IdeState,Inactive,,*,-1,-1
2025-03-14T17:20:30.390-04:00,IdeState,Inactive,,*,-1,-1
2025-03-14T17:20:31.390-04:00,IdeState,Inactive,,*,-1,-1
2025-03-14T17:20:32.392-04:00,IdeState,Inactive,,*,-1,-1
2025-03-14T17:20:33.393-04:00,IdeState,Inactive,,*,-1,-1
2025-03-14T17:20:34.395-04:00,IdeState,Inactive,,*,-1,-1
2025-03-14T17:20:35.398-04:00,IdeState,Inactive,,*,-1,-1
2025-03-14T17:20:36.400-04:00,IdeState,Inactive,,*,-1,-1
2025-03-14T17:20:37.401-04:00,IdeState,Inactive,,*,-1,-1
2025-03-14T17:20:38.401-04:00,IdeState,Inactive,,*,-1,-1
2025-03-14T17:20:39.403-04:00,IdeState,Inactive,,*,-1,-1
2025-03-14T17:20:40.404-04:00,IdeState,Inactive,,*,-1,-1
2025-03-14T17:20:41.405-04:00,IdeState,Inactive,,*,-1,-1
2025-03-14T17:20:42.406-04:00,IdeState,Inactive,,*,-1,-1
2025-03-14T17:20:43.407-04:00,IdeState,Inactive,,*,-1,-1
2025-03-14T17:20:44.408-04:00,IdeState,Inactive,,*,-1,-1
2025-03-14T17:20:45.410-04:00,IdeState,Inactive,,*,-1,-1
2025-03-14T17:20:46.410-04:00,IdeState,Inactive,,*,-1,-1
2025-03-14T17:20:47.412-04:00,IdeState,Inactive,,*,-1,-1
2025-03-14T17:20:48.414-04:00,IdeState,Inactive,,*,-1,-1
2025-03-14T17:20:49.416-04:00,IdeState,Inactive,,*,-1,-1
2025-03-14T17:20:50.418-04:00,IdeState,Inactive,,*,-1,-1
2025-03-14T17:20:51.419-04:00,IdeState,Inactive,,*,-1,-1
2025-03-14T17:20:52.420-04:00,IdeState,Inactive,,*,-1,-1
2025-03-14T17:20:53.422-04:00,IdeState,Inactive,,*,-1,-1
2025-03-14T17:20:54.423-04:00,IdeState,Inactive,,*,-1,-1
2025-03-14T17:20:55.425-04:00,IdeState,Inactive,,*,-1,-1
2025-03-14T17:20:56.426-04:00,IdeState,Inactive,,*,-1,-1
2025-03-14T17:20:57.427-04:00,IdeState,Inactive,,*,-1,-1
2025-03-14T17:20:58.429-04:00,IdeState,Inactive,,*,-1,-1
2025-03-14T17:20:59.430-04:00,IdeState,Inactive,,*,-1,-1
2025-03-14T17:21:00.432-04:00,IdeState,Inactive,,*,-1,-1
2025-03-14T17:21:01.434-04:00,IdeState,Inactive,,*,-1,-1
2025-03-14T17:21:02.435-04:00,IdeState,Inactive,,*,-1,-1
2025-03-14T17:21:03.436-04:00,IdeState,Inactive,,*,-1,-1
2025-03-14T17:21:04.436-04:00,IdeState,Inactive,,*,-1,-1
2025-03-14T17:21:05.437-04:00,IdeState,Inactive,,*,-1,-1
2025-03-14T17:21:06.437-04:00,IdeState,Inactive,,*,-1,-1
2025-03-14T17:21:07.438-04:00,IdeState,Inactive,,*,-1,-1
2025-03-14T17:21:08.440-04:00,IdeState,Inactive,,*,-1,-1
2025-03-14T17:21:09.442-04:00,IdeState,Inactive,,*,-1,-1
2025-03-14T17:21:10.443-04:00,IdeState,Inactive,,*,-1,-1
2025-03-14T17:21:11.444-04:00,IdeState,Inactive,,*,-1,-1
2025-03-14T17:21:12.445-04:00,IdeState,Inactive,,*,-1,-1
2025-03-14T17:21:13.447-04:00,IdeState,Inactive,,*,-1,-1
2025-03-14T17:21:14.449-04:00,IdeState,Inactive,,*,-1,-1
2025-03-14T17:21:15.451-04:00,IdeState,Inactive,,*,-1,-1
2025-03-14T17:21:16.452-04:00,IdeState,Inactive,,*,-1,-1
2025-03-14T17:21:17.453-04:00,IdeState,Inactive,,*,-1,-1
2025-03-14T17:21:18.455-04:00,IdeState,Inactive,,*,-1,-1
2025-03-14T17:21:19.456-04:00,IdeState,Inactive,,*,-1,-1
2025-03-14T17:21:20.458-04:00,IdeState,Inactive,,*,-1,-1
2025-03-14T17:21:21.459-04:00,IdeState,Inactive,,*,-1,-1
2025-03-14T17:21:22.461-04:00,IdeState,Inactive,,*,-1,-1
2025-03-14T17:21:23.462-04:00,IdeState,Inactive,,*,-1,-1
2025-03-14T17:21:24.462-04:00,IdeState,Inactive,,*,-1,-1
2025-03-14T17:21:25.464-04:00,IdeState,Inactive,,*,-1,-1
2025-03-14T17:21:26.465-04:00,IdeState,Inactive,,*,-1,-1
2025-03-14T17:21:27.466-04:00,IdeState,Inactive,,*,-1,-1
2025-03-14T17:21:28.468-04:00,IdeState,Inactive,,*,-1,-1
2025-03-14T17:21:29.470-04:00,IdeState,Inactive,,*,-1,-1
2025-03-14T17:21:30.471-04:00,IdeState,Inactive,,*,-1,-1
2025-03-14T17:21:31.472-04:00,IdeState,Inactive,,*,-1,-1
2025-03-14T17:21:32.473-04:00,IdeState,Inactive,,*,-1,-1
2025-03-14T17:21:33.474-04:00,IdeState,Inactive,,*,-1,-1
2025-03-14T17:21:34.475-04:00,IdeState,Inactive,,*,-1,-1
2025-03-14T17:21:35.476-04:00,IdeState,Inactive,,*,-1,-1
2025-03-14T17:21:36.478-04:00,IdeState,Inactive,,*,-1,-1
2025-03-14T17:21:37.480-04:00,IdeState,Inactive,,*,-1,-1
2025-03-14T17:21:38.480-04:00,IdeState,Inactive,,*,-1,-1
2025-03-14T17:21:39.481-04:00,IdeState,Inactive,,*,-1,-1
2025-03-14T17:21:40.483-04:00,IdeState,Inactive,,*,-1,-1
2025-03-14T17:21:41.485-04:00,IdeState,Inactive,,*,-1,-1
2025-03-14T17:21:42.486-04:00,IdeState,Inactive,,*,-1,-1
2025-03-14T17:21:43.487-04:00,IdeState,Inactive,,*,-1,-1
2025-03-14T17:21:44.488-04:00,IdeState,Inactive,,*,-1,-1
2025-03-14T17:21:45.488-04:00,IdeState,Inactive,,*,-1,-1
2025-03-14T17:21:46.491-04:00,IdeState,Inactive,,*,-1,-1
2025-03-14T17:21:47.492-04:00,IdeState,Inactive,,*,-1,-1
2025-03-14T17:21:48.493-04:00,IdeState,Inactive,,*,-1,-1
2025-03-14T17:21:49.494-04:00,IdeState,Inactive,,*,-1,-1
2025-03-14T17:21:50.495-04:00,IdeState,Inactive,,*,-1,-1
2025-03-14T17:21:51.496-04:00,IdeState,Inactive,,*,-1,-1
2025-03-14T17:21:52.499-04:00,IdeState,Inactive,,*,-1,-1
2025-03-14T17:21:53.500-04:00,IdeState,Inactive,,*,-1,-1
2025-03-14T17:21:54.501-04:00,IdeState,Inactive,,*,-1,-1
2025-03-14T17:21:55.502-04:00,IdeState,Inactive,,*,-1,-1
2025-03-14T17:21:56.504-04:00,IdeState,Inactive,,*,-1,-1
2025-03-14T17:21:57.505-04:00,IdeState,Inactive,,*,-1,-1
2025-03-14T17:21:58.506-04:00,IdeState,Inactive,,*,-1,-1
2025-03-14T17:21:59.507-04:00,IdeState,Inactive,,*,-1,-1
2025-03-14T17:22:00.508-04:00,IdeState,Inactive,,*,-1,-1
2025-03-14T17:22:01.510-04:00,IdeState,Inactive,,*,-1,-1
2025-03-14T17:22:02.511-04:00,IdeState,Inactive,,*,-1,-1
2025-03-14T17:22:03.512-04:00,IdeState,Inactive,,*,-1,-1
2025-03-14T17:22:04.514-04:00,IdeState,Inactive,,*,-1,-1
2025-03-14T17:22:05.516-04:00,IdeState,Inactive,,*,-1,-1
2025-03-14T17:22:06.517-04:00,IdeState,Inactive,,*,-1,-1
2025-03-14T17:22:07.518-04:00,IdeState,Inactive,,*,-1,-1
2025-03-14T17:22:08.519-04:00,IdeState,Inactive,,*,-1,-1
2025-03-14T17:22:09.522-04:00,IdeState,Inactive,,*,-1,-1
2025-03-14T17:22:10.524-04:00,IdeState,Inactive,,*,-1,-1
2025-03-14T17:22:11.525-04:00,IdeState,Inactive,,*,-1,-1
2025-03-14T17:22:12.526-04:00,IdeState,Inactive,,*,-1,-1
2025-03-14T17:22:13.527-04:00,IdeState,Inactive,,*,-1,-1
2025-03-14T17:22:14.529-04:00,IdeState,Inactive,,*,-1,-1
2025-03-14T17:22:15.529-04:00,IdeState,Inactive,,*,-1,-1
2025-03-14T17:22:16.532-04:00,IdeState,Inactive,,*,-1,-1
2025-03-14T17:22:17.533-04:00,IdeState,Inactive,,*,-1,-1
2025-03-14T17:22:18.534-04:00,IdeState,Inactive,,*,-1,-1
2025-03-14T17:22:19.535-04:00,IdeState,Inactive,,*,-1,-1
2025-03-14T17:22:20.536-04:00,IdeState,Inactive,,*,-1,-1
2025-03-14T17:22:21.538-04:00,IdeState,Inactive,,*,-1,-1
2025-03-14T17:22:22.540-04:00,IdeState,Inactive,,*,-1,-1
2025-03-14T17:22:23.541-04:00,IdeState,Inactive,,*,-1,-1
2025-03-14T17:22:24.542-04:00,IdeState,Inactive,,*,-1,-1
2025-03-14T17:22:25.543-04:00,IdeState,Inactive,,*,-1,-1
2025-03-14T17:22:26.544-04:00,IdeState,Inactive,,*,-1,-1
2025-03-14T17:22:27.545-04:00,IdeState,Inactive,,*,-1,-1
2025-03-14T17:22:28.546-04:00,IdeState,Inactive,,*,-1,-1
2025-03-14T17:22:29.547-04:00,IdeState,Inactive,,*,-1,-1
2025-03-14T17:22:30.548-04:00,IdeState,Inactive,,*,-1,-1
2025-03-14T17:22:31.551-04:00,IdeState,Inactive,,*,-1,-1
2025-03-14T17:22:32.560-04:00,IdeState,Inactive,,*,-1,-1
2025-03-14T17:22:33.562-04:00,IdeState,Inactive,,*,-1,-1
2025-03-14T17:22:34.563-04:00,IdeState,Inactive,,*,-1,-1
2025-03-14T17:22:35.565-04:00,IdeState,Inactive,,*,-1,-1
2025-03-14T17:22:36.565-04:00,IdeState,Inactive,,*,-1,-1
2025-03-14T17:22:37.566-04:00,IdeState,Inactive,,*,-1,-1
2025-03-14T17:22:38.568-04:00,IdeState,Inactive,,*,-1,-1
2025-03-14T17:22:39.570-04:00,IdeState,Inactive,,*,-1,-1
2025-03-14T17:22:40.571-04:00,IdeState,Inactive,,*,-1,-1
2025-03-14T17:22:41.572-04:00,IdeState,Inactive,,*,-1,-1
2025-03-14T17:22:42.574-04:00,IdeState,Inactive,,*,-1,-1
2025-03-14T17:22:43.576-04:00,IdeState,Inactive,,*,-1,-1
2025-03-14T17:22:44.577-04:00,IdeState,Inactive,,*,-1,-1
2025-03-14T17:22:45.578-04:00,IdeState,Inactive,,*,-1,-1
2025-03-14T17:22:46.579-04:00,IdeState,Inactive,,*,-1,-1
2025-03-14T17:22:47.580-04:00,IdeState,Inactive,,*,-1,-1
2025-03-14T17:22:48.581-04:00,IdeState,Inactive,,*,-1,-1
2025-03-14T17:22:49.582-04:00,IdeState,Inactive,,*,-1,-1
2025-03-14T17:22:50.584-04:00,IdeState,Inactive,,*,-1,-1
2025-03-14T17:22:51.586-04:00,IdeState,Inactive,,*,-1,-1
2025-03-14T17:22:52.587-04:00,IdeState,Inactive,,*,-1,-1
2025-03-14T17:22:53.588-04:00,IdeState,Inactive,,*,-1,-1
2025-03-14T17:22:54.589-04:00,IdeState,Inactive,,*,-1,-1
2025-03-14T17:22:55.590-04:00,IdeState,Inactive,,*,-1,-1
2025-03-14T17:22:56.591-04:00,IdeState,Inactive,,*,-1,-1
2025-03-14T17:22:57.592-04:00,IdeState,Inactive,,*,-1,-1
2025-03-14T17:22:58.596-04:00,IdeState,Inactive,,*,-1,-1
2025-03-14T17:22:59.598-04:00,IdeState,Inactive,,*,-1,-1
2025-03-14T17:23:00.599-04:00,IdeState,Inactive,,*,-1,-1
2025-03-14T17:23:01.600-04:00,IdeState,Inactive,,*,-1,-1
2025-03-14T17:23:02.601-04:00,IdeState,Inactive,,*,-1,-1
2025-03-14T17:23:03.602-04:00,IdeState,Inactive,,*,-1,-1
2025-03-14T17:23:04.603-04:00,IdeState,Inactive,,*,-1,-1
2025-03-14T17:23:05.604-04:00,IdeState,Inactive,,*,-1,-1
2025-03-14T17:23:06.605-04:00,IdeState,Inactive,,*,-1,-1
2025-03-14T17:23:07.606-04:00,IdeState,Inactive,,*,-1,-1
2025-03-14T17:23:08.607-04:00,IdeState,Inactive,,*,-1,-1
2025-03-14T17:23:09.609-04:00,IdeState,Inactive,,*,-1,-1
2025-03-14T17:23:10.610-04:00,IdeState,Inactive,,*,-1,-1
2025-03-14T17:23:11.611-04:00,IdeState,Inactive,,*,-1,-1
2025-03-14T17:23:12.613-04:00,IdeState,Inactive,,*,-1,-1
2025-03-14T17:23:13.615-04:00,IdeState,Inactive,,*,-1,-1
2025-03-14T17:23:14.617-04:00,IdeState,Inactive,,*,-1,-1
2025-03-14T17:23:15.618-04:00,IdeState,Inactive,,*,-1,-1
2025-03-14T17:23:16.619-04:00,IdeState,Inactive,,*,-1,-1
2025-03-14T17:23:17.620-04:00,IdeState,Inactive,,*,-1,-1
2025-03-14T17:23:18.621-04:00,IdeState,Inactive,,*,-1,-1
2025-03-14T17:23:19.623-04:00,IdeState,Inactive,,*,-1,-1
2025-03-14T17:23:20.625-04:00,IdeState,Inactive,,*,-1,-1
2025-03-14T17:23:21.627-04:00,IdeState,Inactive,,*,-1,-1
2025-03-14T17:23:22.627-04:00,IdeState,Inactive,,*,-1,-1
2025-03-14T17:23:23.629-04:00,IdeState,Inactive,,*,-1,-1
2025-03-14T17:23:24.632-04:00,IdeState,Inactive,,*,-1,-1
2025-03-14T17:23:25.633-04:00,IdeState,Inactive,,*,-1,-1
2025-03-14T17:23:26.634-04:00,IdeState,Inactive,,*,-1,-1
2025-03-14T17:23:27.635-04:00,IdeState,Inactive,,*,-1,-1
2025-03-14T17:23:28.636-04:00,IdeState,Inactive,,*,-1,-1
2025-03-14T17:23:29.639-04:00,IdeState,Inactive,,*,-1,-1
2025-03-14T17:23:30.640-04:00,IdeState,Inactive,,*,-1,-1
2025-03-14T17:23:31.641-04:00,IdeState,Inactive,,*,-1,-1
2025-03-14T17:23:32.642-04:00,IdeState,Inactive,,*,-1,-1
2025-03-14T17:23:33.643-04:00,IdeState,Inactive,,*,-1,-1
2025-03-14T17:23:34.644-04:00,IdeState,Inactive,,*,-1,-1
2025-03-14T17:23:35.650-04:00,IdeState,Inactive,,*,-1,-1
2025-03-14T17:23:36.652-04:00,IdeState,Inactive,,*,-1,-1
2025-03-14T17:23:37.652-04:00,IdeState,Inactive,,*,-1,-1
2025-03-14T17:23:38.654-04:00,IdeState,Inactive,,*,-1,-1
2025-03-14T17:23:39.655-04:00,IdeState,Inactive,,*,-1,-1
2025-03-14T17:23:40.656-04:00,IdeState,Inactive,,*,-1,-1
2025-03-14T17:23:41.658-04:00,IdeState,Inactive,,*,-1,-1
2025-03-14T17:23:42.659-04:00,IdeState,Inactive,,*,-1,-1
2025-03-14T17:23:43.660-04:00,IdeState,Inactive,,*,-1,-1
2025-03-14T17:23:44.663-04:00,IdeState,Inactive,,*,-1,-1
2025-03-14T17:23:45.664-04:00,IdeState,Inactive,,*,-1,-1
2025-03-14T17:23:46.665-04:00,IdeState,Inactive,,*,-1,-1
2025-03-14T17:23:47.667-04:00,IdeState,Inactive,,*,-1,-1
2025-03-14T17:23:48.667-04:00,IdeState,Inactive,,*,-1,-1
2025-03-14T17:23:49.669-04:00,IdeState,Inactive,,*,-1,-1
2025-03-14T17:23:50.671-04:00,IdeState,Inactive,,*,-1,-1
2025-03-14T17:23:51.672-04:00,IdeState,Inactive,,*,-1,-1
2025-03-14T17:23:52.674-04:00,IdeState,Inactive,,*,-1,-1
2025-03-14T17:23:53.675-04:00,IdeState,Inactive,,*,-1,-1
2025-03-14T17:23:54.676-04:00,IdeState,Inactive,,*,-1,-1
2025-03-14T17:23:55.679-04:00,IdeState,Inactive,,*,-1,-1
2025-03-14T17:23:56.681-04:00,IdeState,Inactive,,*,-1,-1
2025-03-14T17:23:57.684-04:00,IdeState,Inactive,,*,-1,-1
2025-03-14T17:23:58.684-04:00,IdeState,Inactive,,*,-1,-1
2025-03-14T17:23:59.685-04:00,IdeState,Inactive,,*,-1,-1
2025-03-14T17:24:00.687-04:00,IdeState,Inactive,,*,-1,-1
2025-03-14T17:24:01.689-04:00,IdeState,Inactive,,*,-1,-1
2025-03-14T17:24:02.690-04:00,IdeState,Inactive,,*,-1,-1
2025-03-14T17:24:03.691-04:00,IdeState,Inactive,,*,-1,-1
2025-03-14T17:24:04.693-04:00,IdeState,Inactive,,*,-1,-1
2025-03-14T17:24:05.694-04:00,IdeState,Inactive,,*,-1,-1
2025-03-14T17:24:06.695-04:00,IdeState,Inactive,,*,-1,-1
2025-03-14T17:24:07.696-04:00,IdeState,Inactive,,*,-1,-1
2025-03-14T17:24:08.697-04:00,IdeState,Inactive,,*,-1,-1
2025-03-14T17:24:09.698-04:00,IdeState,Inactive,,*,-1,-1
2025-03-14T17:24:10.698-04:00,IdeState,Inactive,,*,-1,-1
2025-03-14T17:24:11.700-04:00,IdeState,Inactive,,*,-1,-1
2025-03-14T17:24:12.701-04:00,IdeState,Inactive,,*,-1,-1
2025-03-14T17:24:13.703-04:00,IdeState,Inactive,,*,-1,-1
2025-03-14T17:24:14.704-04:00,IdeState,Inactive,,*,-1,-1
2025-03-14T17:24:15.705-04:00,IdeState,Inactive,,*,-1,-1
2025-03-14T17:24:16.706-04:00,IdeState,Inactive,,*,-1,-1
2025-03-14T17:24:17.706-04:00,IdeState,Inactive,,*,-1,-1
2025-03-14T17:24:18.707-04:00,IdeState,Inactive,,*,-1,-1
2025-03-14T17:24:19.708-04:00,IdeState,Inactive,,*,-1,-1
2025-03-14T17:24:20.710-04:00,IdeState,Inactive,,*,-1,-1
2025-03-14T17:24:21.713-04:00,IdeState,Inactive,,*,-1,-1
2025-03-14T17:24:22.714-04:00,IdeState,Inactive,,*,-1,-1
2025-03-14T17:24:23.715-04:00,IdeState,Inactive,,*,-1,-1
2025-03-14T17:24:24.716-04:00,IdeState,Inactive,,*,-1,-1
2025-03-14T17:24:25.719-04:00,IdeState,Inactive,,*,-1,-1
2025-03-14T17:24:26.722-04:00,IdeState,Inactive,,*,-1,-1
2025-03-14T17:24:27.723-04:00,IdeState,Inactive,,*,-1,-1
2025-03-14T17:24:28.726-04:00,IdeState,Inactive,,*,-1,-1
2025-03-14T17:24:29.728-04:00,IdeState,Inactive,,*,-1,-1
2025-03-14T17:24:30.728-04:00,IdeState,Inactive,,*,-1,-1
2025-03-14T17:24:31.729-04:00,IdeState,Inactive,,*,-1,-1
2025-03-14T17:24:32.730-04:00,IdeState,Inactive,,*,-1,-1
2025-03-14T17:24:33.731-04:00,IdeState,Inactive,,*,-1,-1
2025-03-14T17:24:34.732-04:00,IdeState,Inactive,,*,-1,-1
2025-03-14T17:24:35.733-04:00,IdeState,Inactive,,*,-1,-1
2025-03-14T17:24:36.734-04:00,IdeState,Inactive,,*,-1,-1
2025-03-14T17:24:37.735-04:00,IdeState,Inactive,,*,-1,-1
2025-03-14T17:24:38.736-04:00,IdeState,Inactive,,*,-1,-1
2025-03-14T17:24:39.737-04:00,IdeState,Inactive,,*,-1,-1
2025-03-14T17:24:40.739-04:00,IdeState,Inactive,,*,-1,-1
2025-03-14T17:24:41.740-04:00,IdeState,Inactive,,*,-1,-1
2025-03-14T17:24:42.743-04:00,IdeState,Inactive,,*,-1,-1
2025-03-14T17:24:43.744-04:00,IdeState,Inactive,,*,-1,-1
2025-03-14T17:24:44.761-04:00,IdeState,Inactive,,*,-1,-1
2025-03-14T17:24:45.780-04:00,IdeState,Inactive,,*,-1,-1
2025-03-14T17:24:46.783-04:00,IdeState,Inactive,,*,-1,-1
2025-03-14T17:24:47.784-04:00,IdeState,Inactive,,*,-1,-1
2025-03-14T17:24:48.787-04:00,IdeState,Inactive,,*,-1,-1
2025-03-14T17:24:49.788-04:00,IdeState,Inactive,,*,-1,-1
2025-03-14T17:24:50.789-04:00,IdeState,Inactive,,*,-1,-1
2025-03-14T17:24:51.791-04:00,IdeState,Inactive,,*,-1,-1
2025-03-14T17:24:52.793-04:00,IdeState,Inactive,,*,-1,-1
2025-03-14T17:24:53.794-04:00,IdeState,Inactive,,*,-1,-1
2025-03-14T17:24:54.795-04:00,IdeState,Inactive,,*,-1,-1
2025-03-14T17:24:55.797-04:00,IdeState,Inactive,,*,-1,-1
2025-03-14T17:24:56.798-04:00,IdeState,Inactive,,*,-1,-1
2025-03-14T17:24:57.799-04:00,IdeState,Inactive,,*,-1,-1
2025-03-14T17:24:58.800-04:00,IdeState,Inactive,,*,-1,-1
2025-03-14T17:24:59.801-04:00,IdeState,Inactive,,*,-1,-1
2025-03-14T17:25:00.803-04:00,IdeState,Inactive,,*,-1,-1
2025-03-14T17:25:01.804-04:00,IdeState,Inactive,,*,-1,-1
2025-03-14T17:25:02.806-04:00,IdeState,Inactive,,*,-1,-1
2025-03-14T17:25:03.808-04:00,IdeState,Inactive,,*,-1,-1
2025-03-14T17:25:04.809-04:00,IdeState,Inactive,,*,-1,-1
2025-03-14T17:25:05.811-04:00,IdeState,Inactive,,*,-1,-1
2025-03-14T17:25:06.812-04:00,IdeState,Inactive,,*,-1,-1
2025-03-14T17:25:07.818-04:00,IdeState,Inactive,,*,-1,-1
2025-03-14T17:25:08.819-04:00,IdeState,Inactive,,*,-1,-1
2025-03-14T17:25:09.821-04:00,IdeState,Inactive,,*,-1,-1
2025-03-14T17:25:10.822-04:00,IdeState,Inactive,,*,-1,-1
2025-03-14T17:25:11.823-04:00,IdeState,Inactive,,*,-1,-1
2025-03-14T17:25:12.824-04:00,IdeState,Inactive,,*,-1,-1
2025-03-14T17:25:13.826-04:00,IdeState,Inactive,,*,-1,-1
2025-03-14T17:25:14.828-04:00,IdeState,Inactive,,*,-1,-1
2025-03-14T17:25:15.830-04:00,IdeState,Inactive,,*,-1,-1
2025-03-14T17:25:16.831-04:00,IdeState,Inactive,,*,-1,-1
2025-03-14T17:25:17.832-04:00,IdeState,Inactive,,*,-1,-1
2025-03-14T17:25:18.833-04:00,IdeState,Inactive,,*,-1,-1
2025-03-14T17:25:19.834-04:00,IdeState,Inactive,,*,-1,-1
2025-03-14T17:25:20.836-04:00,IdeState,Inactive,,*,-1,-1
2025-03-14T17:25:21.838-04:00,IdeState,Inactive,,*,-1,-1
2025-03-14T17:25:22.840-04:00,IdeState,Inactive,,*,-1,-1
2025-03-14T17:25:23.843-04:00,IdeState,Inactive,,*,-1,-1
2025-03-14T17:25:24.845-04:00,IdeState,Inactive,,*,-1,-1
2025-03-14T17:25:25.845-04:00,IdeState,Inactive,,*,-1,-1
2025-03-14T17:25:26.846-04:00,IdeState,Inactive,,*,-1,-1
2025-03-14T17:25:27.849-04:00,IdeState,Inactive,,*,-1,-1
2025-03-14T17:25:28.850-04:00,IdeState,Inactive,,*,-1,-1
2025-03-14T17:25:29.852-04:00,IdeState,Inactive,,*,-1,-1
2025-03-14T17:25:30.854-04:00,IdeState,Inactive,,*,-1,-1
2025-03-14T17:25:31.856-04:00,IdeState,Inactive,,*,-1,-1
2025-03-14T17:25:32.859-04:00,IdeState,Inactive,,*,-1,-1
2025-03-14T17:25:33.860-04:00,IdeState,Inactive,,*,-1,-1
2025-03-14T17:25:34.861-04:00,IdeState,Inactive,,*,-1,-1
2025-03-14T17:25:35.862-04:00,IdeState,Inactive,,*,-1,-1
2025-03-14T17:25:36.863-04:00,IdeState,Inactive,,*,-1,-1
2025-03-14T17:25:37.864-04:00,IdeState,Inactive,,*,-1,-1
2025-03-14T17:25:38.865-04:00,IdeState,Inactive,,*,-1,-1
2025-03-14T17:25:39.868-04:00,IdeState,Inactive,,*,-1,-1
2025-03-14T17:25:40.869-04:00,IdeState,Inactive,,*,-1,-1
2025-03-14T17:25:41.870-04:00,IdeState,Inactive,,*,-1,-1
2025-03-14T17:25:42.870-04:00,IdeState,Inactive,,*,-1,-1
2025-03-14T17:25:43.871-04:00,IdeState,Inactive,,*,-1,-1
2025-03-14T17:25:44.874-04:00,IdeState,Inactive,,*,-1,-1
2025-03-14T17:25:45.875-04:00,IdeState,Inactive,,*,-1,-1
2025-03-14T17:25:46.878-04:00,IdeState,Inactive,,*,-1,-1
2025-03-14T17:25:47.879-04:00,IdeState,Inactive,,*,-1,-1
2025-03-14T17:25:48.881-04:00,IdeState,Inactive,,*,-1,-1
2025-03-14T17:25:49.881-04:00,IdeState,Inactive,,*,-1,-1
2025-03-14T17:25:50.882-04:00,IdeState,Inactive,,*,-1,-1
2025-03-14T17:25:51.884-04:00,IdeState,Inactive,,*,-1,-1
2025-03-14T17:25:52.886-04:00,IdeState,Inactive,,*,-1,-1
2025-03-14T17:25:53.888-04:00,IdeState,Inactive,,*,-1,-1
2025-03-14T17:25:54.890-04:00,IdeState,Inactive,,*,-1,-1
2025-03-14T17:25:55.891-04:00,IdeState,Inactive,,*,-1,-1
2025-03-14T17:25:56.892-04:00,IdeState,Inactive,,*,-1,-1
2025-03-14T17:25:57.893-04:00,IdeState,Inactive,,*,-1,-1
2025-03-14T17:25:58.894-04:00,IdeState,Inactive,,*,-1,-1
2025-03-14T17:25:59.897-04:00,IdeState,Inactive,,*,-1,-1
2025-03-14T17:26:00.899-04:00,IdeState,Inactive,,*,-1,-1
2025-03-14T17:26:01.900-04:00,IdeState,Inactive,,*,-1,-1
2025-03-14T17:26:02.902-04:00,IdeState,Inactive,,*,-1,-1
2025-03-14T17:26:03.904-04:00,IdeState,Inactive,,*,-1,-1
2025-03-14T17:26:04.906-04:00,IdeState,Inactive,,*,-1,-1
2025-03-14T17:26:05.908-04:00,IdeState,Inactive,,*,-1,-1
2025-03-14T17:26:06.909-04:00,IdeState,Inactive,,*,-1,-1
2025-03-14T17:26:07.910-04:00,IdeState,Inactive,,*,-1,-1
2025-03-14T17:26:08.911-04:00,IdeState,Inactive,,*,-1,-1
2025-03-14T17:26:09.914-04:00,IdeState,Inactive,,*,-1,-1
2025-03-14T17:26:10.915-04:00,IdeState,Inactive,,*,-1,-1
2025-03-14T17:26:11.917-04:00,IdeState,Inactive,,*,-1,-1
2025-03-14T17:26:12.918-04:00,IdeState,Inactive,,*,-1,-1
2025-03-14T17:26:13.919-04:00,IdeState,Inactive,,*,-1,-1
2025-03-14T17:26:14.921-04:00,IdeState,Inactive,,*,-1,-1
2025-03-14T17:26:15.922-04:00,IdeState,Inactive,,*,-1,-1
2025-03-14T17:26:16.923-04:00,IdeState,Inactive,,*,-1,-1
2025-03-14T17:26:17.924-04:00,IdeState,Inactive,,*,-1,-1
2025-03-14T17:26:18.926-04:00,IdeState,Inactive,,*,-1,-1
2025-03-14T17:26:19.928-04:00,IdeState,Inactive,,*,-1,-1
2025-03-14T17:26:20.930-04:00,IdeState,Inactive,,*,-1,-1
2025-03-14T17:26:21.931-04:00,IdeState,Inactive,,*,-1,-1
2025-03-14T17:26:22.933-04:00,IdeState,Inactive,,*,-1,-1
2025-03-14T17:26:23.934-04:00,IdeState,Inactive,,*,-1,-1
2025-03-14T17:26:24.935-04:00,IdeState,Inactive,,*,-1,-1
2025-03-14T17:26:25.937-04:00,IdeState,Inactive,,*,-1,-1
2025-03-14T17:26:26.940-04:00,IdeState,Inactive,,*,-1,-1
2025-03-14T17:26:27.942-04:00,IdeState,Inactive,,*,-1,-1
2025-03-14T17:26:28.942-04:00,IdeState,Inactive,,*,-1,-1
2025-03-14T17:26:29.945-04:00,IdeState,Inactive,,*,-1,-1
2025-03-14T17:26:30.946-04:00,IdeState,Inactive,,*,-1,-1
2025-03-14T17:26:31.947-04:00,IdeState,Inactive,,*,-1,-1
2025-03-14T17:26:32.948-04:00,IdeState,Inactive,,*,-1,-1
2025-03-14T17:26:33.949-04:00,IdeState,Inactive,,*,-1,-1
2025-03-14T17:26:34.951-04:00,IdeState,Inactive,,*,-1,-1
2025-03-14T17:26:35.952-04:00,IdeState,Inactive,,*,-1,-1
2025-03-14T17:26:36.954-04:00,IdeState,Inactive,,*,-1,-1
2025-03-14T17:26:37.955-04:00,IdeState,Inactive,,*,-1,-1
2025-03-14T17:26:38.956-04:00,IdeState,Inactive,,*,-1,-1
2025-03-14T17:26:39.957-04:00,IdeState,Inactive,,*,-1,-1
2025-03-14T17:26:40.957-04:00,IdeState,Inactive,,*,-1,-1
2025-03-14T17:26:41.958-04:00,IdeState,Inactive,,*,-1,-1
2025-03-14T17:26:42.960-04:00,IdeState,Inactive,,*,-1,-1
2025-03-14T17:26:43.962-04:00,IdeState,Inactive,,*,-1,-1
2025-03-14T17:26:44.963-04:00,IdeState,Inactive,,*,-1,-1
2025-03-14T17:26:45.964-04:00,IdeState,Inactive,,*,-1,-1
2025-03-14T17:26:46.966-04:00,IdeState,Inactive,,*,-1,-1
2025-03-14T17:26:47.968-04:00,IdeState,Inactive,,*,-1,-1
2025-03-14T17:26:48.970-04:00,IdeState,Inactive,,*,-1,-1
2025-03-14T17:26:49.972-04:00,IdeState,Inactive,,*,-1,-1
2025-03-14T17:26:50.974-04:00,IdeState,Inactive,,*,-1,-1
2025-03-14T17:26:51.975-04:00,IdeState,Inactive,,*,-1,-1
2025-03-14T17:26:52.976-04:00,IdeState,Inactive,,*,-1,-1
2025-03-14T17:26:53.977-04:00,IdeState,Inactive,,*,-1,-1
2025-03-14T17:26:54.979-04:00,IdeState,Inactive,,*,-1,-1
2025-03-14T17:26:55.980-04:00,IdeState,Inactive,,*,-1,-1
2025-03-14T17:26:56.981-04:00,IdeState,Inactive,,*,-1,-1
2025-03-14T17:26:57.982-04:00,IdeState,Inactive,,*,-1,-1
2025-03-14T17:26:58.984-04:00,IdeState,Inactive,,*,-1,-1
2025-03-14T17:26:59.985-04:00,IdeState,Inactive,,*,-1,-1
2025-03-14T17:27:00.988-04:00,IdeState,Inactive,,*,-1,-1
2025-03-14T17:27:01.989-04:00,IdeState,Inactive,,*,-1,-1
2025-03-14T17:27:02.989-04:00,IdeState,Inactive,,*,-1,-1
2025-03-14T17:27:03.990-04:00,IdeState,Inactive,,*,-1,-1
2025-03-14T17:27:04.991-04:00,IdeState,Inactive,,*,-1,-1
2025-03-14T17:27:05.992-04:00,IdeState,Inactive,,*,-1,-1
2025-03-14T17:27:06.992-04:00,IdeState,Inactive,,*,-1,-1
2025-03-14T17:27:07.995-04:00,IdeState,Inactive,,*,-1,-1
2025-03-14T17:27:08.996-04:00,IdeState,Inactive,,*,-1,-1
2025-03-14T17:27:09.997-04:00,IdeState,Inactive,,*,-1,-1
2025-03-14T17:27:10.998-04:00,IdeState,Inactive,,*,-1,-1
2025-03-14T17:27:11.999-04:00,IdeState,Inactive,,*,-1,-1
2025-03-14T17:27:13.000-04:00,IdeState,Inactive,,*,-1,-1
2025-03-14T17:27:14.001-04:00,IdeState,Inactive,,*,-1,-1
2025-03-14T17:27:15.002-04:00,IdeState,Inactive,,*,-1,-1
2025-03-14T17:27:16.003-04:00,IdeState,Inactive,,*,-1,-1
2025-03-14T17:27:17.004-04:00,IdeState,Inactive,,*,-1,-1
2025-03-14T17:27:18.006-04:00,IdeState,Inactive,,*,-1,-1
2025-03-14T17:27:19.007-04:00,IdeState,Inactive,,*,-1,-1
2025-03-14T17:27:20.009-04:00,IdeState,Inactive,,*,-1,-1
2025-03-14T17:27:21.009-04:00,IdeState,Inactive,,*,-1,-1
2025-03-14T17:27:22.010-04:00,IdeState,Inactive,,*,-1,-1
2025-03-14T17:27:23.011-04:00,IdeState,Inactive,,*,-1,-1
2025-03-14T17:27:24.012-04:00,IdeState,Inactive,,*,-1,-1
2025-03-14T17:27:25.013-04:00,IdeState,Inactive,,*,-1,-1
2025-03-14T17:27:26.015-04:00,IdeState,Inactive,,*,-1,-1
2025-03-14T17:27:27.015-04:00,IdeState,Inactive,,*,-1,-1
2025-03-14T17:27:28.017-04:00,IdeState,Inactive,,*,-1,-1
2025-03-14T17:27:29.017-04:00,IdeState,Inactive,,*,-1,-1
2025-03-14T17:27:30.018-04:00,IdeState,Inactive,,*,-1,-1
2025-03-14T17:27:31.020-04:00,IdeState,Inactive,,*,-1,-1
2025-03-14T17:27:32.020-04:00,IdeState,Inactive,,*,-1,-1
2025-03-14T17:27:33.022-04:00,IdeState,Inactive,,*,-1,-1
2025-03-14T17:27:34.023-04:00,IdeState,Inactive,,*,-1,-1
2025-03-14T17:27:35.024-04:00,IdeState,Inactive,,*,-1,-1
2025-03-14T17:27:36.025-04:00,IdeState,Inactive,,*,-1,-1
2025-03-14T17:27:37.026-04:00,IdeState,Inactive,,*,-1,-1
2025-03-14T17:27:38.028-04:00,IdeState,Inactive,,*,-1,-1
2025-03-14T17:27:39.030-04:00,IdeState,Inactive,,*,-1,-1
2025-03-14T17:27:40.031-04:00,IdeState,Inactive,,*,-1,-1
2025-03-14T17:27:41.031-04:00,IdeState,Inactive,,*,-1,-1
2025-03-14T17:27:42.032-04:00,IdeState,Inactive,,*,-1,-1
2025-03-14T17:27:43.035-04:00,IdeState,Inactive,,*,-1,-1
2025-03-14T17:27:44.035-04:00,IdeState,Inactive,,*,-1,-1
2025-03-14T17:27:45.037-04:00,IdeState,Inactive,,*,-1,-1
2025-03-14T17:27:46.039-04:00,IdeState,Inactive,,*,-1,-1
2025-03-14T17:27:47.040-04:00,IdeState,Inactive,,*,-1,-1
2025-03-14T17:27:48.042-04:00,IdeState,Inactive,,*,-1,-1
2025-03-14T17:27:49.043-04:00,IdeState,Inactive,,*,-1,-1
2025-03-14T17:27:50.044-04:00,IdeState,Inactive,,*,-1,-1
2025-03-14T17:27:51.046-04:00,IdeState,Inactive,,*,-1,-1
2025-03-14T17:27:52.048-04:00,IdeState,Inactive,,*,-1,-1
2025-03-14T17:27:53.048-04:00,IdeState,Inactive,,*,-1,-1
2025-03-14T17:27:54.051-04:00,IdeState,Inactive,,*,-1,-1
2025-03-14T17:27:55.052-04:00,IdeState,Inactive,,*,-1,-1
2025-03-14T17:27:56.053-04:00,IdeState,Inactive,,*,-1,-1
2025-03-14T17:27:57.055-04:00,IdeState,Inactive,,*,-1,-1
2025-03-14T17:27:58.057-04:00,IdeState,Inactive,,*,-1,-1
2025-03-14T17:27:59.060-04:00,IdeState,Inactive,,*,-1,-1
2025-03-14T17:28:00.062-04:00,IdeState,Inactive,,*,-1,-1
2025-03-14T17:28:01.063-04:00,IdeState,Inactive,,*,-1,-1
2025-03-14T17:28:02.065-04:00,IdeState,Inactive,,*,-1,-1
2025-03-14T17:28:03.066-04:00,IdeState,Inactive,,*,-1,-1
2025-03-14T17:28:04.066-04:00,IdeState,Inactive,,*,-1,-1
2025-03-14T17:28:05.067-04:00,IdeState,Inactive,,*,-1,-1
2025-03-14T17:28:06.068-04:00,IdeState,Inactive,,*,-1,-1
2025-03-14T17:28:07.069-04:00,IdeState,Inactive,,*,-1,-1
2025-03-14T17:28:08.071-04:00,IdeState,Inactive,,*,-1,-1
2025-03-14T17:28:09.073-04:00,IdeState,Inactive,,*,-1,-1
2025-03-14T17:28:10.074-04:00,IdeState,Inactive,,*,-1,-1
2025-03-14T17:28:11.075-04:00,IdeState,Inactive,,*,-1,-1
2025-03-14T17:28:12.077-04:00,IdeState,Inactive,,*,-1,-1
2025-03-14T17:28:13.078-04:00,IdeState,Inactive,,*,-1,-1
2025-03-14T17:28:14.079-04:00,IdeState,Inactive,,*,-1,-1
2025-03-14T17:28:15.079-04:00,IdeState,Inactive,,*,-1,-1
2025-03-14T17:28:16.080-04:00,IdeState,Inactive,,*,-1,-1
2025-03-14T17:28:17.081-04:00,IdeState,Inactive,,*,-1,-1
2025-03-14T17:28:18.082-04:00,IdeState,Inactive,,*,-1,-1
2025-03-14T17:28:19.083-04:00,IdeState,Inactive,,*,-1,-1
2025-03-14T17:28:20.084-04:00,IdeState,Inactive,,*,-1,-1
2025-03-14T17:28:21.085-04:00,IdeState,Inactive,,*,-1,-1
2025-03-14T17:28:22.086-04:00,IdeState,Inactive,,*,-1,-1
2025-03-14T17:28:23.086-04:00,IdeState,Inactive,,*,-1,-1
2025-03-14T17:28:24.087-04:00,IdeState,Inactive,,*,-1,-1
2025-03-14T17:28:25.088-04:00,IdeState,Inactive,,*,-1,-1
2025-03-14T17:28:26.089-04:00,IdeState,Inactive,,*,-1,-1
2025-03-14T17:28:27.092-04:00,IdeState,Inactive,,*,-1,-1
2025-03-14T17:28:28.103-04:00,IdeState,Inactive,,*,-1,-1
2025-03-14T17:28:29.105-04:00,IdeState,Inactive,,*,-1,-1
2025-03-14T17:28:30.105-04:00,IdeState,Inactive,,*,-1,-1
2025-03-14T17:28:31.108-04:00,IdeState,Inactive,,*,-1,-1
2025-03-14T17:28:32.110-04:00,IdeState,Inactive,,*,-1,-1
2025-03-14T17:28:33.111-04:00,IdeState,Inactive,,*,-1,-1
2025-03-14T17:28:34.113-04:00,IdeState,Inactive,,*,-1,-1
2025-03-14T17:28:35.115-04:00,IdeState,Inactive,,*,-1,-1
2025-03-14T17:28:36.116-04:00,IdeState,Inactive,,*,-1,-1
2025-03-14T17:28:37.118-04:00,IdeState,Inactive,,*,-1,-1
2025-03-14T17:28:38.119-04:00,IdeState,Inactive,,*,-1,-1
2025-03-14T17:28:39.120-04:00,IdeState,Inactive,,*,-1,-1
2025-03-14T17:28:40.122-04:00,IdeState,Inactive,,*,-1,-1
2025-03-14T17:28:41.123-04:00,IdeState,Inactive,,*,-1,-1
2025-03-14T17:28:42.124-04:00,IdeState,Inactive,,*,-1,-1
2025-03-14T17:28:43.126-04:00,IdeState,Inactive,,*,-1,-1
2025-03-14T17:28:44.128-04:00,IdeState,Inactive,,*,-1,-1
2025-03-14T17:28:45.130-04:00,IdeState,Inactive,,*,-1,-1
2025-03-14T17:28:46.131-04:00,IdeState,Inactive,,*,-1,-1
2025-03-14T17:28:47.132-04:00,IdeState,Inactive,,*,-1,-1
2025-03-14T17:28:48.133-04:00,IdeState,Inactive,,*,-1,-1
2025-03-14T17:28:49.134-04:00,IdeState,Inactive,,*,-1,-1
2025-03-14T17:28:50.135-04:00,IdeState,Inactive,,*,-1,-1
2025-03-14T17:28:51.136-04:00,IdeState,Inactive,,*,-1,-1
2025-03-14T17:28:52.137-04:00,IdeState,Inactive,,*,-1,-1
2025-03-14T17:28:53.138-04:00,IdeState,Inactive,,*,-1,-1
2025-03-14T17:28:54.140-04:00,IdeState,Inactive,,*,-1,-1
2025-03-14T17:28:55.141-04:00,IdeState,Inactive,,*,-1,-1
2025-03-14T17:28:56.142-04:00,IdeState,Inactive,,*,-1,-1
2025-03-14T17:28:57.144-04:00,IdeState,Inactive,,*,-1,-1
2025-03-14T17:28:58.145-04:00,IdeState,Inactive,,*,-1,-1
2025-03-14T17:28:59.147-04:00,IdeState,Inactive,,*,-1,-1
2025-03-14T17:29:00.147-04:00,IdeState,Inactive,,*,-1,-1
2025-03-14T17:29:01.149-04:00,IdeState,Inactive,,*,-1,-1
2025-03-14T17:29:02.150-04:00,IdeState,Inactive,,*,-1,-1
2025-03-14T17:29:03.152-04:00,IdeState,Inactive,,*,-1,-1
2025-03-14T17:29:04.153-04:00,IdeState,Inactive,,*,-1,-1
2025-03-14T17:29:05.155-04:00,IdeState,Inactive,,*,-1,-1
2025-03-14T17:29:06.156-04:00,IdeState,Inactive,,*,-1,-1
2025-03-14T17:29:07.157-04:00,IdeState,Inactive,,*,-1,-1
2025-03-14T17:29:08.159-04:00,IdeState,Inactive,,*,-1,-1
2025-03-14T17:29:09.161-04:00,IdeState,Inactive,,*,-1,-1
2025-03-14T17:29:10.162-04:00,IdeState,Inactive,,*,-1,-1
2025-03-14T17:29:11.162-04:00,IdeState,Inactive,,*,-1,-1
2025-03-14T17:29:12.165-04:00,IdeState,Inactive,,*,-1,-1
2025-03-14T17:29:13.165-04:00,IdeState,Inactive,,*,-1,-1
2025-03-14T17:29:14.166-04:00,IdeState,Inactive,,*,-1,-1
2025-03-14T17:29:15.168-04:00,IdeState,Inactive,,*,-1,-1
2025-03-14T17:29:16.169-04:00,IdeState,Inactive,,*,-1,-1
2025-03-14T17:29:17.171-04:00,IdeState,Inactive,,*,-1,-1
2025-03-14T17:29:18.171-04:00,IdeState,Inactive,,*,-1,-1
2025-03-14T17:29:19.171-04:00,IdeState,Inactive,,*,-1,-1
2025-03-14T17:29:20.173-04:00,IdeState,Inactive,,*,-1,-1
2025-03-14T17:29:21.175-04:00,IdeState,Inactive,,*,-1,-1
2025-03-14T17:29:22.175-04:00,IdeState,Inactive,,*,-1,-1
2025-03-14T17:29:23.178-04:00,IdeState,Inactive,,*,-1,-1
2025-03-14T17:29:24.183-04:00,IdeState,Inactive,,*,-1,-1
2025-03-14T17:29:25.184-04:00,IdeState,Inactive,,*,-1,-1
2025-03-14T17:29:26.186-04:00,IdeState,Inactive,,*,-1,-1
2025-03-14T17:29:27.189-04:00,IdeState,Inactive,,*,-1,-1
2025-03-14T17:29:28.190-04:00,IdeState,Inactive,,*,-1,-1
2025-03-14T17:29:29.192-04:00,IdeState,Inactive,,*,-1,-1
2025-03-14T17:29:30.192-04:00,IdeState,Inactive,,*,-1,-1
2025-03-14T17:29:31.194-04:00,IdeState,Inactive,,*,-1,-1
2025-03-14T17:29:32.195-04:00,IdeState,Inactive,,*,-1,-1
2025-03-14T17:29:33.196-04:00,IdeState,Inactive,,*,-1,-1
2025-03-14T17:29:34.199-04:00,IdeState,Inactive,,*,-1,-1
2025-03-14T17:29:35.201-04:00,IdeState,Inactive,,*,-1,-1
2025-03-14T17:29:36.202-04:00,IdeState,Inactive,,*,-1,-1
2025-03-14T17:29:37.204-04:00,IdeState,Inactive,,*,-1,-1
2025-03-14T17:29:38.204-04:00,IdeState,Inactive,,*,-1,-1
2025-03-14T17:29:39.206-04:00,IdeState,Inactive,,*,-1,-1
2025-03-14T17:29:40.208-04:00,IdeState,Inactive,,*,-1,-1
2025-03-14T17:29:41.210-04:00,IdeState,Inactive,,*,-1,-1
2025-03-14T17:29:42.211-04:00,IdeState,Inactive,,*,-1,-1
2025-03-14T17:29:43.212-04:00,IdeState,Inactive,,*,-1,-1
2025-03-14T17:29:44.213-04:00,IdeState,Inactive,,*,-1,-1
2025-03-14T17:29:45.214-04:00,IdeState,Inactive,,*,-1,-1
2025-03-14T17:29:46.215-04:00,IdeState,Inactive,,*,-1,-1
2025-03-14T17:29:47.216-04:00,IdeState,Inactive,,*,-1,-1
2025-03-14T17:29:48.218-04:00,IdeState,Inactive,,*,-1,-1
2025-03-14T17:29:49.219-04:00,IdeState,Inactive,,*,-1,-1
2025-03-14T17:29:50.219-04:00,IdeState,Inactive,,*,-1,-1
2025-03-14T17:29:51.221-04:00,IdeState,Inactive,,*,-1,-1
2025-03-14T17:29:52.223-04:00,IdeState,Inactive,,*,-1,-1
2025-03-14T17:29:53.224-04:00,IdeState,Inactive,,*,-1,-1
2025-03-14T17:29:54.225-04:00,IdeState,Inactive,,*,-1,-1
2025-03-14T17:29:55.226-04:00,IdeState,Inactive,,*,-1,-1
2025-03-14T17:29:56.227-04:00,IdeState,Inactive,,*,-1,-1
2025-03-14T17:29:57.229-04:00,IdeState,Inactive,,*,-1,-1
2025-03-14T17:29:58.230-04:00,IdeState,Inactive,,*,-1,-1
2025-03-14T17:29:59.231-04:00,IdeState,Inactive,,*,-1,-1
2025-03-14T17:30:00.233-04:00,IdeState,Inactive,,*,-1,-1
2025-03-14T17:30:01.234-04:00,IdeState,Inactive,,*,-1,-1
2025-03-14T17:30:02.236-04:00,IdeState,Inactive,,*,-1,-1
2025-03-14T17:30:03.238-04:00,IdeState,Inactive,,*,-1,-1
2025-03-14T17:30:04.239-04:00,IdeState,Inactive,,*,-1,-1
2025-03-14T17:30:05.241-04:00,IdeState,Inactive,,*,-1,-1
2025-03-14T17:30:06.246-04:00,IdeState,Inactive,,*,-1,-1
2025-03-14T17:30:07.248-04:00,IdeState,Inactive,,*,-1,-1
2025-03-14T17:30:08.249-04:00,IdeState,Inactive,,*,-1,-1
2025-03-14T17:30:09.250-04:00,IdeState,Inactive,,*,-1,-1
2025-03-14T17:30:10.252-04:00,IdeState,Inactive,,*,-1,-1
2025-03-14T17:30:11.253-04:00,IdeState,Inactive,,*,-1,-1
2025-03-14T17:30:12.254-04:00,IdeState,Inactive,,*,-1,-1
2025-03-14T17:30:13.254-04:00,IdeState,Inactive,,*,-1,-1
2025-03-14T17:30:14.255-04:00,IdeState,Inactive,,*,-1,-1
2025-03-14T17:30:15.256-04:00,IdeState,Inactive,,*,-1,-1
2025-03-14T17:30:16.257-04:00,IdeState,Inactive,,*,-1,-1
2025-03-14T17:30:17.258-04:00,IdeState,Inactive,,*,-1,-1
2025-03-14T17:30:18.259-04:00,IdeState,Inactive,,*,-1,-1
2025-03-14T17:30:19.261-04:00,IdeState,Inactive,,*,-1,-1
2025-03-14T17:30:20.262-04:00,IdeState,Inactive,,*,-1,-1
2025-03-14T17:30:21.264-04:00,IdeState,Inactive,,*,-1,-1
2025-03-14T17:30:22.266-04:00,IdeState,Inactive,,*,-1,-1
2025-03-14T17:30:23.267-04:00,IdeState,Inactive,,*,-1,-1
2025-03-14T17:30:24.269-04:00,IdeState,Inactive,,*,-1,-1
2025-03-14T17:30:25.270-04:00,IdeState,Inactive,,*,-1,-1
2025-03-14T17:30:26.271-04:00,IdeState,Inactive,,*,-1,-1
2025-03-14T17:30:27.272-04:00,IdeState,Inactive,,*,-1,-1
2025-03-14T17:30:28.273-04:00,IdeState,Inactive,,*,-1,-1
2025-03-14T17:30:29.274-04:00,IdeState,Inactive,,*,-1,-1
2025-03-14T17:30:30.275-04:00,IdeState,Inactive,,*,-1,-1
2025-03-14T17:30:31.277-04:00,IdeState,Inactive,,*,-1,-1
2025-03-14T17:30:32.278-04:00,IdeState,Inactive,,*,-1,-1
2025-03-14T17:30:33.279-04:00,IdeState,Inactive,,*,-1,-1
2025-03-14T17:30:34.280-04:00,IdeState,Inactive,,*,-1,-1
2025-03-14T17:30:35.281-04:00,IdeState,Inactive,,*,-1,-1
2025-03-14T17:30:36.283-04:00,IdeState,Inactive,,*,-1,-1
2025-03-14T17:30:37.283-04:00,IdeState,Inactive,,*,-1,-1
2025-03-14T17:30:38.285-04:00,IdeState,Inactive,,*,-1,-1
2025-03-14T17:30:39.286-04:00,IdeState,Inactive,,*,-1,-1
2025-03-14T17:30:40.288-04:00,IdeState,Inactive,,*,-1,-1
2025-03-14T17:30:41.289-04:00,IdeState,Inactive,,*,-1,-1
2025-03-14T17:30:42.290-04:00,IdeState,Inactive,,*,-1,-1
2025-03-14T17:30:43.291-04:00,IdeState,Inactive,,*,-1,-1
2025-03-14T17:30:44.312-04:00,IdeState,Inactive,,*,-1,-1
2025-03-14T17:30:45.321-04:00,IdeState,Inactive,,*,-1,-1
2025-03-14T17:30:46.324-04:00,IdeState,Inactive,,*,-1,-1
2025-03-14T17:30:47.325-04:00,IdeState,Inactive,,*,-1,-1
2025-03-14T17:30:48.326-04:00,IdeState,Inactive,,*,-1,-1
2025-03-14T17:30:49.327-04:00,IdeState,Inactive,,*,-1,-1
2025-03-14T17:30:50.329-04:00,IdeState,Inactive,,*,-1,-1
2025-03-14T17:30:51.331-04:00,IdeState,Inactive,,*,-1,-1
2025-03-14T17:30:52.332-04:00,IdeState,Inactive,,*,-1,-1
2025-03-14T17:30:53.332-04:00,IdeState,Inactive,,*,-1,-1
2025-03-14T17:30:54.334-04:00,IdeState,Inactive,,*,-1,-1
2025-03-14T17:30:55.335-04:00,IdeState,Inactive,,*,-1,-1
2025-03-14T17:30:56.336-04:00,IdeState,Inactive,,*,-1,-1
2025-03-14T17:30:57.338-04:00,IdeState,Inactive,,*,-1,-1
2025-03-14T17:30:58.340-04:00,IdeState,Inactive,,*,-1,-1
2025-03-14T17:30:59.341-04:00,IdeState,Inactive,,*,-1,-1
2025-03-14T17:31:00.343-04:00,IdeState,Inactive,,*,-1,-1
2025-03-14T17:31:01.344-04:00,IdeState,Inactive,,*,-1,-1
2025-03-14T17:31:02.345-04:00,IdeState,Inactive,,*,-1,-1
2025-03-14T17:31:03.346-04:00,IdeState,Inactive,,*,-1,-1
2025-03-14T17:31:04.347-04:00,IdeState,Inactive,,*,-1,-1
2025-03-14T17:31:05.347-04:00,IdeState,Inactive,,*,-1,-1
2025-03-14T17:31:06.349-04:00,IdeState,Inactive,,*,-1,-1
2025-03-14T17:31:07.350-04:00,IdeState,Inactive,,*,-1,-1
2025-03-14T17:31:08.351-04:00,IdeState,Inactive,,*,-1,-1
2025-03-14T17:31:09.352-04:00,IdeState,Inactive,,*,-1,-1
2025-03-14T17:31:10.353-04:00,IdeState,Inactive,,*,-1,-1
2025-03-14T17:31:11.355-04:00,IdeState,Inactive,,*,-1,-1
2025-03-14T17:31:12.357-04:00,IdeState,Inactive,,*,-1,-1
2025-03-14T17:31:13.357-04:00,IdeState,Inactive,,*,-1,-1
2025-03-14T17:31:14.359-04:00,IdeState,Inactive,,*,-1,-1
2025-03-14T17:31:15.361-04:00,IdeState,Inactive,,*,-1,-1
2025-03-14T17:31:16.363-04:00,IdeState,Inactive,,*,-1,-1
2025-03-14T17:31:17.364-04:00,IdeState,Inactive,,*,-1,-1
2025-03-14T17:31:18.365-04:00,IdeState,Inactive,,*,-1,-1
2025-03-14T17:31:19.367-04:00,IdeState,Inactive,,*,-1,-1
2025-03-14T17:31:20.368-04:00,IdeState,Inactive,,*,-1,-1
2025-03-14T17:31:21.368-04:00,IdeState,Inactive,,*,-1,-1
2025-03-14T17:31:22.369-04:00,IdeState,Inactive,,*,-1,-1
2025-03-14T17:31:23.371-04:00,IdeState,Inactive,,*,-1,-1
2025-03-14T17:31:24.373-04:00,IdeState,Inactive,,*,-1,-1
2025-03-14T17:31:25.375-04:00,IdeState,Inactive,,*,-1,-1
2025-03-14T17:31:26.376-04:00,IdeState,Inactive,,*,-1,-1
2025-03-14T17:31:27.377-04:00,IdeState,Inactive,,*,-1,-1
2025-03-14T17:31:28.377-04:00,IdeState,Inactive,,*,-1,-1
2025-03-14T17:31:29.379-04:00,IdeState,Inactive,,*,-1,-1
2025-03-14T17:31:30.381-04:00,IdeState,Inactive,,*,-1,-1
2025-03-14T17:31:31.381-04:00,IdeState,Inactive,,*,-1,-1
2025-03-14T17:31:32.382-04:00,IdeState,Inactive,,*,-1,-1
2025-03-14T17:31:33.383-04:00,IdeState,Inactive,,*,-1,-1
2025-03-14T17:31:34.384-04:00,IdeState,Inactive,,*,-1,-1
2025-03-14T17:31:35.385-04:00,IdeState,Inactive,,*,-1,-1
2025-03-14T17:31:36.386-04:00,IdeState,Inactive,,*,-1,-1
2025-03-14T17:31:37.387-04:00,IdeState,Inactive,,*,-1,-1
2025-03-14T17:31:38.389-04:00,IdeState,Inactive,,*,-1,-1
2025-03-14T17:31:39.390-04:00,IdeState,Inactive,,*,-1,-1
2025-03-14T17:31:40.391-04:00,IdeState,Inactive,,*,-1,-1
2025-03-14T17:31:41.392-04:00,IdeState,Inactive,,*,-1,-1
2025-03-14T17:31:42.393-04:00,IdeState,Inactive,,*,-1,-1
2025-03-14T17:31:43.394-04:00,IdeState,Inactive,,*,-1,-1
2025-03-14T17:31:44.395-04:00,IdeState,Inactive,,*,-1,-1
2025-03-14T17:31:45.396-04:00,IdeState,Inactive,,*,-1,-1
2025-03-14T17:31:46.398-04:00,IdeState,Inactive,,*,-1,-1
2025-03-14T17:31:47.398-04:00,IdeState,Inactive,,*,-1,-1
2025-03-14T17:31:48.399-04:00,IdeState,Inactive,,*,-1,-1
2025-03-14T17:31:49.400-04:00,IdeState,Inactive,,*,-1,-1
2025-03-14T17:31:50.402-04:00,IdeState,Inactive,,*,-1,-1
2025-03-14T17:31:51.402-04:00,IdeState,Inactive,,*,-1,-1
2025-03-14T17:31:52.405-04:00,IdeState,Inactive,,*,-1,-1
2025-03-14T17:31:53.406-04:00,IdeState,Inactive,,*,-1,-1
2025-03-14T17:31:54.408-04:00,IdeState,Inactive,,*,-1,-1
2025-03-14T17:31:55.410-04:00,IdeState,Inactive,,*,-1,-1
2025-03-14T17:31:56.413-04:00,IdeState,Inactive,,*,-1,-1
2025-03-14T17:31:57.415-04:00,IdeState,Inactive,,*,-1,-1
2025-03-14T17:31:58.415-04:00,IdeState,Inactive,,*,-1,-1
2025-03-14T17:31:59.417-04:00,IdeState,Inactive,,*,-1,-1
2025-03-14T17:32:00.435-04:00,IdeState,Inactive,,*,-1,-1
2025-03-14T17:32:01.436-04:00,IdeState,Inactive,,*,-1,-1
2025-03-14T17:32:02.438-04:00,IdeState,Inactive,,*,-1,-1
2025-03-14T17:32:03.441-04:00,IdeState,Inactive,,*,-1,-1
2025-03-14T17:32:04.443-04:00,IdeState,Inactive,,*,-1,-1
2025-03-14T17:32:05.443-04:00,IdeState,Inactive,,*,-1,-1
2025-03-14T17:32:06.445-04:00,IdeState,Inactive,,*,-1,-1
2025-03-14T17:32:07.446-04:00,IdeState,Inactive,,*,-1,-1
2025-03-14T17:32:08.447-04:00,IdeState,Inactive,,*,-1,-1
2025-03-14T17:32:09.449-04:00,IdeState,Inactive,,*,-1,-1
2025-03-14T17:32:10.450-04:00,IdeState,Inactive,,*,-1,-1
2025-03-14T17:32:11.450-04:00,IdeState,Inactive,,*,-1,-1
2025-03-14T17:32:12.451-04:00,IdeState,Inactive,,*,-1,-1
2025-03-14T17:32:13.452-04:00,IdeState,Inactive,,*,-1,-1
2025-03-14T17:32:14.453-04:00,IdeState,Inactive,,*,-1,-1
2025-03-14T17:32:15.455-04:00,IdeState,Inactive,,*,-1,-1
2025-03-14T17:32:16.456-04:00,IdeState,Inactive,,*,-1,-1
2025-03-14T17:32:17.458-04:00,IdeState,Inactive,,*,-1,-1
2025-03-14T17:32:18.458-04:00,IdeState,Inactive,,*,-1,-1
2025-03-14T17:32:19.460-04:00,IdeState,Inactive,,*,-1,-1
2025-03-14T17:32:20.462-04:00,IdeState,Inactive,,*,-1,-1
2025-03-14T17:32:21.463-04:00,IdeState,Inactive,,*,-1,-1
2025-03-14T17:32:22.465-04:00,IdeState,Inactive,,*,-1,-1
2025-03-14T17:32:23.466-04:00,IdeState,Inactive,,*,-1,-1
2025-03-14T17:32:24.467-04:00,IdeState,Inactive,,*,-1,-1
2025-03-14T17:32:25.468-04:00,IdeState,Inactive,,*,-1,-1
2025-03-14T17:32:26.470-04:00,IdeState,Inactive,,*,-1,-1
2025-03-14T17:32:27.471-04:00,IdeState,Inactive,,*,-1,-1
2025-03-14T17:32:28.472-04:00,IdeState,Inactive,,*,-1,-1
2025-03-14T17:32:29.474-04:00,IdeState,Inactive,,*,-1,-1
2025-03-14T17:32:30.480-04:00,IdeState,Inactive,,*,-1,-1
2025-03-14T17:32:31.481-04:00,IdeState,Inactive,,*,-1,-1
2025-03-14T17:32:32.483-04:00,IdeState,Inactive,,*,-1,-1
2025-03-14T17:32:33.484-04:00,IdeState,Inactive,,*,-1,-1
2025-03-14T17:32:34.485-04:00,IdeState,Inactive,,*,-1,-1
2025-03-14T17:32:35.486-04:00,IdeState,Inactive,,*,-1,-1
2025-03-14T17:32:36.487-04:00,IdeState,Inactive,,*,-1,-1
2025-03-14T17:32:37.489-04:00,IdeState,Inactive,,*,-1,-1
2025-03-14T17:32:38.489-04:00,IdeState,Inactive,,*,-1,-1
2025-03-14T17:32:39.490-04:00,IdeState,Inactive,,*,-1,-1
2025-03-14T17:32:40.491-04:00,IdeState,Inactive,,*,-1,-1
2025-03-14T17:32:41.493-04:00,IdeState,Inactive,,*,-1,-1
2025-03-14T17:32:42.495-04:00,IdeState,Inactive,,*,-1,-1
2025-03-14T17:32:43.496-04:00,IdeState,Inactive,,*,-1,-1
2025-03-14T17:32:44.499-04:00,IdeState,Inactive,,*,-1,-1
2025-03-14T17:32:45.500-04:00,IdeState,Inactive,,*,-1,-1
2025-03-14T17:32:46.502-04:00,IdeState,Inactive,,*,-1,-1
2025-03-14T17:32:47.502-04:00,IdeState,Inactive,,*,-1,-1
2025-03-14T17:32:48.505-04:00,IdeState,Inactive,,*,-1,-1
2025-03-14T17:32:49.507-04:00,IdeState,Inactive,,*,-1,-1
2025-03-14T17:32:50.507-04:00,IdeState,Inactive,,*,-1,-1
2025-03-14T17:32:51.508-04:00,IdeState,Inactive,,*,-1,-1
2025-03-14T17:32:52.510-04:00,IdeState,Inactive,,*,-1,-1
2025-03-14T17:32:53.511-04:00,IdeState,Inactive,,*,-1,-1
2025-03-14T17:32:54.514-04:00,IdeState,Inactive,,*,-1,-1
2025-03-14T17:32:55.515-04:00,IdeState,Inactive,,*,-1,-1
2025-03-14T17:32:56.518-04:00,IdeState,Inactive,,*,-1,-1
2025-03-14T17:32:57.519-04:00,IdeState,Inactive,,*,-1,-1
2025-03-14T17:32:58.522-04:00,IdeState,Inactive,,*,-1,-1
2025-03-14T17:32:59.523-04:00,IdeState,Inactive,,*,-1,-1
2025-03-14T17:33:00.524-04:00,IdeState,Inactive,,*,-1,-1
2025-03-14T17:33:01.526-04:00,IdeState,Inactive,,*,-1,-1
2025-03-14T17:33:02.527-04:00,IdeState,Inactive,,*,-1,-1
2025-03-14T17:33:03.528-04:00,IdeState,Inactive,,*,-1,-1
2025-03-14T17:33:04.529-04:00,IdeState,Inactive,,*,-1,-1
2025-03-14T17:33:05.530-04:00,IdeState,Inactive,,*,-1,-1
2025-03-14T17:33:06.531-04:00,IdeState,Inactive,,*,-1,-1
2025-03-14T17:33:07.532-04:00,IdeState,Inactive,,*,-1,-1
2025-03-14T17:33:08.533-04:00,IdeState,Inactive,,*,-1,-1
2025-03-14T17:33:09.534-04:00,IdeState,Inactive,,*,-1,-1
2025-03-14T17:33:10.535-04:00,IdeState,Inactive,,*,-1,-1
2025-03-14T17:33:11.536-04:00,IdeState,Inactive,,*,-1,-1
2025-03-14T17:33:12.536-04:00,IdeState,Inactive,,*,-1,-1
2025-03-14T17:33:13.538-04:00,IdeState,Inactive,,*,-1,-1
2025-03-14T17:33:14.540-04:00,IdeState,Inactive,,*,-1,-1
2025-03-14T17:33:15.542-04:00,IdeState,Inactive,,*,-1,-1
2025-03-14T17:33:16.542-04:00,IdeState,Inactive,,*,-1,-1
2025-03-14T17:33:17.544-04:00,IdeState,Inactive,,*,-1,-1
2025-03-14T17:33:18.545-04:00,IdeState,Inactive,,*,-1,-1
2025-03-14T17:33:19.546-04:00,IdeState,Inactive,,*,-1,-1
2025-03-14T17:33:20.548-04:00,IdeState,Inactive,,*,-1,-1
2025-03-14T17:33:21.549-04:00,IdeState,Inactive,,*,-1,-1
2025-03-14T17:33:22.550-04:00,IdeState,Inactive,,*,-1,-1
2025-03-14T17:33:23.552-04:00,IdeState,Inactive,,*,-1,-1
2025-03-14T17:33:24.555-04:00,IdeState,Inactive,,*,-1,-1
2025-03-14T17:33:25.557-04:00,IdeState,Inactive,,*,-1,-1
2025-03-14T17:33:26.558-04:00,IdeState,Inactive,,*,-1,-1
2025-03-14T17:33:27.558-04:00,IdeState,Inactive,,*,-1,-1
2025-03-14T17:33:28.560-04:00,IdeState,Inactive,,*,-1,-1
2025-03-14T17:33:29.561-04:00,IdeState,Inactive,,*,-1,-1
2025-03-14T17:33:30.563-04:00,IdeState,Inactive,,*,-1,-1
2025-03-14T17:33:31.564-04:00,IdeState,Inactive,,*,-1,-1
2025-03-14T17:33:32.565-04:00,IdeState,Inactive,,*,-1,-1
2025-03-14T17:33:33.566-04:00,IdeState,Inactive,,*,-1,-1
2025-03-14T17:33:34.566-04:00,IdeState,Inactive,,*,-1,-1
2025-03-14T17:33:35.568-04:00,IdeState,Inactive,,*,-1,-1
2025-03-14T17:33:36.568-04:00,IdeState,Inactive,,*,-1,-1
2025-03-14T17:33:37.571-04:00,IdeState,Inactive,,*,-1,-1
2025-03-14T17:33:38.574-04:00,IdeState,Inactive,,*,-1,-1
2025-03-14T17:33:39.576-04:00,IdeState,Inactive,,*,-1,-1
2025-03-14T17:33:40.577-04:00,IdeState,Active,Editor,branch_coverage.py,2,22
2025-03-14T17:33:41.280-04:00,Action,EditorEnter,Editor,branch_coverage.py,2,22
2025-03-14T17:33:41.768-04:00,IdeState,Active,Editor,branch_coverage.py,3,0
2025-03-14T17:33:42.911-04:00,IdeState,Active,Editor,branch_coverage.py,3,1
2025-03-14T17:33:43.091-04:00,Action,EditorBackSpace,Editor,branch_coverage.py,3,1
2025-03-14T17:33:43.912-04:00,IdeState,Active,Editor,branch_coverage.py,3,1
2025-03-14T17:33:44.918-04:00,IdeState,Active,Editor,branch_coverage.py,3,8
2025-03-14T17:33:45.920-04:00,IdeState,Active,Editor,branch_coverage.py,3,17
2025-03-14T17:33:46.298-04:00,Action,EditorEnter,Editor,branch_coverage.py,3,18
2025-03-14T17:33:46.820-04:00,Action,EditorBackSpace,Editor,branch_coverage.py,4,7
2025-03-14T17:33:46.921-04:00,IdeState,Active,Editor,branch_coverage.py,4,6
2025-03-14T17:33:47.098-04:00,Action,EditorBackSpace,Editor,branch_coverage.py,4,6
2025-03-14T17:33:47.291-04:00,Action,EditorBackSpace,Editor,branch_coverage.py,4,4
2025-03-14T17:33:47.492-04:00,Action,EditorBackSpace,Editor,branch_coverage.py,4,0
2025-03-14T17:33:47.658-04:00,Action,EditorBackSpace,Editor,branch_coverage.py,3,19
2025-03-14T17:33:47.923-04:00,IdeState,Active,Editor,branch_coverage.py,3,18
2025-03-14T17:33:48.926-04:00,IdeState,Active,Editor,branch_coverage.py,3,19
2025-03-14T17:33:49.008-04:00,Action,EditorRight,Editor,branch_coverage.py,3,19
2025-03-14T17:33:49.274-04:00,Action,EditorEnter,Editor,branch_coverage.py,3,20
2025-03-14T17:33:49.987-04:00,IdeState,Active,Editor,branch_coverage.py,4,4
2025-03-14T17:33:50.994-04:00,IdeState,Active,Editor,branch_coverage.py,4,9
2025-03-14T17:33:51.562-04:00,Action,EditorBackSpace,Editor,branch_coverage.py,4,11
2025-03-14T17:33:51.675-04:00,Action,EditorBackSpace,Editor,branch_coverage.py,4,10
2025-03-14T17:33:51.996-04:00,IdeState,Active,Editor,branch_coverage.py,4,11
2025-03-14T17:33:52.998-04:00,IdeState,Active,Editor,branch_coverage.py,4,21
2025-03-14T17:33:53.418-04:00,Action,EditorBackSpace,Editor,branch_coverage.py,4,22
2025-03-14T17:33:53.564-04:00,Action,EditorBackSpace,Editor,branch_coverage.py,4,21
2025-03-14T17:33:53.709-04:00,Action,EditorBackSpace,Editor,branch_coverage.py,4,20
2025-03-14T17:33:53.866-04:00,Action,EditorBackSpace,Editor,branch_coverage.py,4,19
2025-03-14T17:33:53.998-04:00,IdeState,Active,Editor,branch_coverage.py,4,18
2025-03-14T17:33:54.999-04:00,IdeState,Active,Editor,branch_coverage.py,4,19
2025-03-14T17:33:56.000-04:00,IdeState,Active,Editor,branch_coverage.py,4,21
