,timestampAti,username,eventType,eventData,project_name,focusedComponent,currentFile,PSIPath,editorLine,editorColumn,"('task',)"
0,2025-02-26T13:28:16.087-05:00,IdeState,Active,Project,*,-1,-1,,,,
1,2025-02-26T13:28:17.087-05:00,IdeState,Active,Project,*,-1,-1,,,,
2,2025-02-26T13:28:18.090-05:00,IdeState,Active,Project,*,-1,-1,,,,
3,2025-02-26T13:28:19.092-05:00,IdeState,Active,Project,*,-1,-1,,,,
4,2025-02-26T13:28:20.094-05:00,IdeState,Active,Project,*,-1,-1,,,,
5,2025-02-26T13:28:21.095-05:00,IdeState,Active,Project,*,-1,-1,,,,
6,2025-02-26T13:28:22.096-05:00,IdeState,Active,Project,*,-1,-1,,,,
7,2025-02-26T13:28:23.097-05:00,IdeState,Active,Project,*,-1,-1,,,,
8,2025-02-26T13:28:24.104-05:00,IdeState,Active,Dialog,*,-1,-1,,,,
9,2025-02-26T13:28:25.226-05:00,IdeState,Active,Project,*,-1,-1,,,,
10,2025-02-26T13:28:26.228-05:00,IdeState,Active,Dialog,*,-1,-1,,,,
11,2025-02-26T13:28:27.229-05:00,IdeState,Active,Dialog,*,-1,-1,,,,
12,2025-02-26T13:28:28.229-05:00,IdeState,Active,Dialog,*,-1,-1,,,,
13,2025-02-26T13:28:29.231-05:00,IdeState,Active,Dialog,*,-1,-1,,,,
14,2025-02-26T13:28:30.233-05:00,IdeState,Active,Project,*,-1,-1,,,,
15,2025-02-26T13:28:31.234-05:00,IdeState,Active,Project,*,-1,-1,,,,
16,2025-02-26T13:28:32.235-05:00,IdeState,Active,Project,*,-1,-1,,,,
17,2025-02-26T13:28:33.236-05:00,IdeState,Active,Project,*,-1,-1,,,,
18,2025-02-26T13:28:34.236-05:00,IdeState,Active,Editor,pies.py,0,0,,,,
19,2025-02-26T13:28:35.237-05:00,IdeState,Active,Editor,pies.py,0,0,,,,
20,2025-02-26T14:05:36.442-05:00,IdeState,NoProject,,*,-1,-1,,,,
21,2025-02-26T14:05:38.230-05:00,IdeState,Active,Popup,*,-1,-1,,,,
22,2025-02-26T14:05:40.138-05:00,IdeState,Active,Popup,*,-1,-1,,,,
23,2025-02-26T14:05:41.418-05:00,IdeState,Active,Editor,pies.py,0,0,,,,
24,2025-02-26T14:05:43.761-05:00,IdeState,Active,Editor,pies.py,0,0,,,,
25,2025-02-26T14:05:44.901-05:00,IdeState,Active,Editor,pies.py,0,0,,,,
26,2025-02-26T14:05:45.902-05:00,IdeState,Active,Editor,pies.py,0,0,,,,
27,2025-02-26T14:05:46.905-05:00,IdeState,Active,Editor,pies.py,0,0,,,,
28,2025-02-26T14:05:47.906-05:00,IdeState,Active,Editor,pies.py,0,0,,,,
29,2025-02-26T14:05:48.908-05:00,IdeState,Active,Editor,pies.py,0,0,,,,
30,2025-02-26T14:05:49.911-05:00,IdeState,Active,tasktracker,pies.py,0,0,,,,
31,2025-02-26T14:05:50.384-05:00,Action,SettingsEntryPoint,tasktracker,pies.py,0,0,,,,
32,2025-02-26T14:05:50.912-05:00,IdeState,Active,tasktracker,pies.py,0,0,,,,
33,2025-02-26T14:05:51.672-05:00,Action,WelcomeScreen.Plugins,,*,-1,-1,,,,
34,2025-02-26T14:05:54.022-05:00,IdeState,Active,Dialog,pies.py,0,0,,,,
35,2025-02-26T14:05:55.080-05:00,IdeState,Active,Dialog,pies.py,0,0,,,,
36,2025-02-26T14:05:56.081-05:00,IdeState,Active,Dialog,pies.py,0,0,,,,
37,2025-02-26T14:05:57.084-05:00,IdeState,Active,Dialog,pies.py,0,0,,,,
38,2025-02-26T14:05:58.085-05:00,IdeState,Active,Dialog,pies.py,0,0,,,,
39,2025-02-26T14:05:59.087-05:00,IdeState,Inactive,,*,-1,-1,,,,
40,2025-02-26T14:06:00.091-05:00,IdeState,Active,Dialog,pies.py,0,0,,,,
41,2025-02-26T14:06:01.091-05:00,IdeState,Active,Dialog,pies.py,0,0,,,,
42,2025-02-26T14:06:02.093-05:00,IdeState,Active,Dialog,pies.py,0,0,,,,
43,2025-02-26T14:06:03.095-05:00,IdeState,Active,Dialog,pies.py,0,0,,,,
44,2025-02-26T14:06:04.096-05:00,IdeState,Active,Dialog,pies.py,0,0,,,,
45,2025-02-26T14:06:05.097-05:00,IdeState,Active,Dialog,pies.py,0,0,,,,
46,2025-02-26T14:06:06.099-05:00,IdeState,Active,Dialog,pies.py,0,0,,,,
47,2025-02-26T14:06:07.100-05:00,IdeState,Inactive,,*,-1,-1,,,,
48,2025-02-26T14:06:08.103-05:00,IdeState,Active,Dialog,pies.py,0,0,,,,
49,2025-02-26T14:06:09.105-05:00,IdeState,Active,Dialog,pies.py,0,0,,,,
50,2025-02-26T14:06:10.107-05:00,IdeState,Active,Dialog,pies.py,0,0,,,,
51,2025-02-26T14:06:11.109-05:00,IdeState,Inactive,,*,-1,-1,,,,
52,2025-02-26T14:06:12.110-05:00,IdeState,Active,Dialog,pies.py,0,0,,,,
53,2025-02-26T14:06:13.113-05:00,IdeState,Active,Dialog,pies.py,0,0,,,,
54,2025-02-26T14:06:14.114-05:00,IdeState,Active,Dialog,pies.py,0,0,,,,
55,2025-02-26T14:06:15.115-05:00,IdeState,Active,tasktracker,pies.py,0,0,,,,
56,2025-02-28T13:23:19.103-05:00,IdeState,Inactive,,*,-1,-1,,,,
57,2025-02-28T13:23:22.976-05:00,IdeState,NoProject,,*,-1,-1,,,,
58,2025-02-28T13:23:24.458-05:00,IdeState,Active,Popup,*,-1,-1,,,,
59,2025-02-28T13:23:25.806-05:00,IdeState,Active,Project,*,-1,-1,,,,
60,2025-02-28T13:23:26.917-05:00,IdeState,Active,Project,*,-1,-1,,,,
61,2025-02-28T13:23:27.919-05:00,IdeState,Active,Project,*,-1,-1,,,,
62,2025-02-28T13:23:28.921-05:00,IdeState,Active,Project,*,-1,-1,,,,
63,2025-02-28T13:23:29.922-05:00,IdeState,Active,Project,*,-1,-1,,,,
64,2025-02-28T13:23:30.923-05:00,IdeState,Active,Project,*,-1,-1,,,,
65,2025-02-28T13:23:31.924-05:00,IdeState,Active,Project,*,-1,-1,,,,
66,2025-02-28T13:23:32.926-05:00,IdeState,Active,Project,*,-1,-1,,,,
67,2025-02-28T13:23:33.927-05:00,IdeState,Active,tasktracker,*,-1,-1,,,,
68,2025-02-28T13:23:34.931-05:00,IdeState,Active,tasktracker,*,-1,-1,,,,
69,2025-02-28T13:23:35.934-05:00,IdeState,Active,tasktracker,*,-1,-1,,,,
70,2025-02-28T13:23:36.936-05:00,IdeState,Active,tasktracker,*,-1,-1,,,,
71,2025-02-28T13:23:37.939-05:00,IdeState,Active,tasktracker,*,-1,-1,,,,
72,2025-02-28T13:23:38.940-05:00,IdeState,Active,tasktracker,*,-1,-1,,,,
73,2025-02-28T13:23:39.943-05:00,IdeState,Active,tasktracker,*,-1,-1,,,,
74,2025-02-28T13:23:40.944-05:00,IdeState,Active,tasktracker,*,-1,-1,,,,
75,2025-02-28T13:23:41.945-05:00,IdeState,Active,tasktracker,*,-1,-1,,,,
76,2025-02-28T13:23:42.948-05:00,IdeState,Active,tasktracker,*,-1,-1,,,,
77,2025-02-28T13:23:43.950-05:00,IdeState,Active,tasktracker,*,-1,-1,,,,
78,2025-02-28T13:23:44.951-05:00,IdeState,Active,tasktracker,*,-1,-1,,,,
79,2025-02-28T13:23:45.952-05:00,IdeState,Active,tasktracker,*,-1,-1,,,,
80,2025-02-28T13:23:46.970-05:00,IdeState,Inactive,,*,-1,-1,,,,
81,2025-02-28T13:23:47.974-05:00,IdeState,Inactive,,*,-1,-1,,,,
82,2025-02-28T13:23:48.975-05:00,IdeState,Inactive,,*,-1,-1,,,,
83,2025-02-28T13:23:49.978-05:00,IdeState,Inactive,,*,-1,-1,,,,
84,2025-02-28T13:23:50.979-05:00,IdeState,Inactive,,*,-1,-1,,,,
85,2025-02-28T13:23:51.995-05:00,IdeState,Inactive,,*,-1,-1,,,,
86,2025-02-28T13:23:53.008-05:00,IdeState,Inactive,,*,-1,-1,,,,
87,2025-02-28T13:23:54.026-05:00,IdeState,Inactive,,*,-1,-1,,,,
88,2025-02-28T13:23:55.032-05:00,IdeState,Inactive,,*,-1,-1,,,,
89,2025-02-28T13:23:56.046-05:00,IdeState,Inactive,,*,-1,-1,,,,
90,2025-02-28T13:23:57.055-05:00,IdeState,Inactive,,*,-1,-1,,,,
91,2025-02-28T13:23:58.056-05:00,IdeState,Inactive,,*,-1,-1,,,,
92,2025-02-28T13:23:59.072-05:00,IdeState,Inactive,,*,-1,-1,,,,
93,2025-02-28T13:24:00.091-05:00,IdeState,Inactive,,*,-1,-1,,,,
94,2025-02-28T13:24:01.114-05:00,IdeState,Inactive,,*,-1,-1,,,,
95,2025-02-28T13:24:03.034-05:00,IdeState,Inactive,,*,-1,-1,,,,
96,2025-02-28T13:24:04.049-05:00,IdeState,Inactive,,*,-1,-1,,,,
97,2025-02-28T13:24:05.067-05:00,IdeState,Inactive,,*,-1,-1,,,,
98,2025-02-28T13:24:06.105-05:00,IdeState,Inactive,,*,-1,-1,,,,
99,2025-02-28T13:24:07.125-05:00,IdeState,Inactive,,*,-1,-1,,,,
100,2025-02-28T13:24:08.199-05:00,IdeState,Inactive,,*,-1,-1,,,,
101,2025-02-28T13:24:09.296-05:00,IdeState,Inactive,,*,-1,-1,,,,
102,2025-02-28T13:24:10.376-05:00,IdeState,Inactive,,*,-1,-1,,,,
103,2025-02-28T13:24:11.392-05:00,IdeState,Inactive,,*,-1,-1,,,,
104,2025-02-28T13:24:12.402-05:00,IdeState,Inactive,,*,-1,-1,,,,
105,2025-02-28T13:24:13.409-05:00,IdeState,Inactive,,*,-1,-1,,,,
106,2025-02-28T13:24:14.420-05:00,IdeState,Inactive,,*,-1,-1,,,,
107,2025-02-28T13:24:15.436-05:00,IdeState,Inactive,,*,-1,-1,,,,
108,2025-02-28T13:24:16.438-05:00,IdeState,Inactive,,*,-1,-1,,,,
109,2025-02-28T13:24:17.451-05:00,IdeState,Inactive,,*,-1,-1,,,,
110,2025-02-28T13:24:18.467-05:00,IdeState,Inactive,,*,-1,-1,,,,
111,2025-02-28T13:24:19.479-05:00,IdeState,Inactive,,*,-1,-1,,,,
112,2025-02-28T13:24:20.495-05:00,IdeState,Inactive,,*,-1,-1,,,,
113,2025-02-28T13:24:21.511-05:00,IdeState,Inactive,,*,-1,-1,,,,
114,2025-02-28T13:24:22.521-05:00,IdeState,Inactive,,*,-1,-1,,,,
115,2025-02-28T13:24:23.536-05:00,IdeState,Inactive,,*,-1,-1,,,,
116,2025-02-28T13:24:24.551-05:00,IdeState,Inactive,,*,-1,-1,,,,
117,2025-02-28T13:24:25.555-05:00,IdeState,Inactive,,*,-1,-1,,,,
118,2025-02-28T13:24:26.574-05:00,IdeState,Inactive,,*,-1,-1,,,,
119,2025-02-28T13:24:27.586-05:00,IdeState,Inactive,,*,-1,-1,,,,
120,2025-02-28T13:24:28.603-05:00,IdeState,Inactive,,*,-1,-1,,,,
121,2025-02-28T13:24:29.615-05:00,IdeState,Inactive,,*,-1,-1,,,,
122,2025-02-28T13:24:30.616-05:00,IdeState,Inactive,,*,-1,-1,,,,
123,2025-02-28T13:24:31.634-05:00,IdeState,Inactive,,*,-1,-1,,,,
124,2025-02-28T13:24:32.644-05:00,IdeState,Inactive,,*,-1,-1,,,,
125,2025-02-28T13:24:33.658-05:00,IdeState,Inactive,,*,-1,-1,,,,
126,2025-02-28T13:24:34.673-05:00,IdeState,Inactive,,*,-1,-1,,,,
127,2025-02-28T13:24:35.689-05:00,IdeState,Inactive,,*,-1,-1,,,,
128,2025-02-28T13:24:36.702-05:00,IdeState,Inactive,,*,-1,-1,,,,
129,2025-02-28T13:24:37.703-05:00,IdeState,Inactive,,*,-1,-1,,,,
130,2025-02-28T13:24:38.714-05:00,IdeState,Inactive,,*,-1,-1,,,,
131,2025-02-28T13:24:39.723-05:00,IdeState,Inactive,,*,-1,-1,,,,
132,2025-02-28T13:24:40.727-05:00,IdeState,Inactive,,*,-1,-1,,,,
133,2025-02-28T13:24:41.739-05:00,IdeState,Inactive,,*,-1,-1,,,,
134,2025-02-28T13:24:42.753-05:00,IdeState,Inactive,,*,-1,-1,,,,
135,2025-02-28T13:24:43.770-05:00,IdeState,Inactive,,*,-1,-1,,,,
136,2025-02-28T13:24:44.783-05:00,IdeState,Inactive,,*,-1,-1,,,,
137,2025-02-28T13:24:45.797-05:00,IdeState,Inactive,,*,-1,-1,,,,
138,2025-02-28T13:24:46.810-05:00,IdeState,Inactive,,*,-1,-1,,,,
139,2025-02-28T13:24:47.824-05:00,IdeState,Inactive,,*,-1,-1,,,,
140,2025-02-28T13:24:48.824-05:00,IdeState,Inactive,,*,-1,-1,,,,
141,2025-02-28T13:24:50.658-05:00,IdeState,Inactive,,*,-1,-1,,,,
142,2025-02-28T13:24:51.781-05:00,IdeState,Inactive,,*,-1,-1,,,,
143,2025-02-28T13:24:52.795-05:00,IdeState,Inactive,,*,-1,-1,,,,
144,2025-02-28T13:24:53.796-05:00,IdeState,Inactive,,*,-1,-1,,,,
145,2025-02-28T13:24:54.816-05:00,IdeState,Inactive,,*,-1,-1,,,,
146,2025-02-28T13:24:55.829-05:00,IdeState,Inactive,,*,-1,-1,,,,
147,2025-02-28T13:24:56.845-05:00,IdeState,Inactive,,*,-1,-1,,,,
148,2025-02-28T13:24:57.861-05:00,IdeState,Inactive,,*,-1,-1,,,,
149,2025-02-28T13:24:58.868-05:00,IdeState,Inactive,,*,-1,-1,,,,
150,2025-02-28T13:24:59.877-05:00,IdeState,Inactive,,*,-1,-1,,,,
151,2025-02-28T13:25:00.888-05:00,IdeState,Inactive,,*,-1,-1,,,,
152,2025-02-28T13:25:01.903-05:00,IdeState,Inactive,,*,-1,-1,,,,
153,2025-02-28T13:25:02.916-05:00,IdeState,Inactive,,*,-1,-1,,,,
154,2025-02-28T13:25:03.930-05:00,IdeState,Inactive,,*,-1,-1,,,,
155,2025-02-28T13:25:04.931-05:00,IdeState,Inactive,,*,-1,-1,,,,
156,2025-02-28T13:25:05.947-05:00,IdeState,Inactive,,*,-1,-1,,,,
157,2025-02-28T13:25:06.955-05:00,IdeState,Inactive,,*,-1,-1,,,,
158,2025-02-28T13:25:07.956-05:00,IdeState,Inactive,,*,-1,-1,,,,
159,2025-02-28T13:25:08.982-05:00,IdeState,Inactive,,*,-1,-1,,,,
160,2025-02-28T13:25:09.990-05:00,IdeState,Inactive,,*,-1,-1,,,,
161,2025-02-28T13:25:11.006-05:00,IdeState,Inactive,,*,-1,-1,,,,
162,2025-02-28T13:25:12.010-05:00,IdeState,Inactive,,*,-1,-1,,,,
163,2025-02-28T13:25:13.014-05:00,IdeState,Inactive,,*,-1,-1,,,,
164,2025-02-28T13:25:14.026-05:00,IdeState,Inactive,,*,-1,-1,,,,
165,2025-02-28T13:25:15.051-05:00,IdeState,Inactive,,*,-1,-1,,,,
166,2025-02-28T13:25:16.061-05:00,IdeState,Inactive,,*,-1,-1,,,,
167,2025-02-28T13:25:17.066-05:00,IdeState,Inactive,,*,-1,-1,,,,
168,2025-02-28T13:25:18.072-05:00,IdeState,Inactive,,*,-1,-1,,,,
169,2025-02-28T13:25:19.078-05:00,IdeState,Inactive,,*,-1,-1,,,,
170,2025-02-28T13:25:20.088-05:00,IdeState,Inactive,,*,-1,-1,,,,
171,2025-02-28T13:25:21.099-05:00,IdeState,Inactive,,*,-1,-1,,,,
172,2025-02-28T13:25:22.113-05:00,IdeState,Inactive,,*,-1,-1,,,,
173,2025-02-28T13:25:23.130-05:00,IdeState,Inactive,,*,-1,-1,,,,
174,2025-02-28T13:25:24.132-05:00,IdeState,Inactive,,*,-1,-1,,,,
175,2025-02-28T13:25:25.141-05:00,IdeState,Inactive,,*,-1,-1,,,,
176,2025-02-28T13:25:26.151-05:00,IdeState,Inactive,,*,-1,-1,,,,
177,2025-02-28T13:25:27.163-05:00,IdeState,Active,Popup,*,-1,-1,,,,
178,2025-02-28T13:25:28.173-05:00,IdeState,Active,Popup,*,-1,-1,,,,
179,2025-02-28T13:25:29.187-05:00,IdeState,Active,Popup,*,-1,-1,,,,
180,2025-02-28T13:25:30.196-05:00,IdeState,Active,Popup,*,-1,-1,,,,
181,2025-02-28T13:25:31.211-05:00,IdeState,Active,Popup,*,-1,-1,,,,
182,2025-02-28T13:25:32.213-05:00,IdeState,Active,Popup,*,-1,-1,,,,
183,2025-02-28T13:25:33.217-05:00,IdeState,Active,Popup,*,-1,-1,,,,
184,2025-02-28T13:25:34.220-05:00,IdeState,Active,Popup,*,-1,-1,,,,
185,2025-02-28T13:25:35.223-05:00,IdeState,Active,Popup,*,-1,-1,,,,
186,2025-02-28T13:25:36.224-05:00,IdeState,Active,Popup,*,-1,-1,,,,
187,2025-02-28T13:25:37.225-05:00,IdeState,Active,Popup,*,-1,-1,,,,
188,2025-02-28T13:25:38.226-05:00,IdeState,Active,Popup,*,-1,-1,,,,
189,2025-02-28T13:25:39.228-05:00,IdeState,Active,Popup,*,-1,-1,,,,
190,2025-02-28T13:25:40.229-05:00,IdeState,Active,Popup,*,-1,-1,,,,
191,2025-02-28T13:25:41.230-05:00,IdeState,Active,Popup,*,-1,-1,,,,
192,2025-02-28T13:25:42.232-05:00,IdeState,Active,Popup,*,-1,-1,,,,
193,2025-02-28T13:25:43.234-05:00,IdeState,Active,Popup,*,-1,-1,,,,
194,2025-02-28T13:25:44.237-05:00,IdeState,Active,Popup,*,-1,-1,,,,
195,2025-02-28T13:25:45.239-05:00,IdeState,Active,Popup,*,-1,-1,,,,
196,2025-02-28T13:25:46.241-05:00,IdeState,Active,Popup,*,-1,-1,,,,
197,2025-02-28T13:25:47.244-05:00,IdeState,Active,Popup,*,-1,-1,,,,
198,2025-02-28T13:25:48.245-05:00,IdeState,Active,Popup,*,-1,-1,,,,
199,2025-02-28T13:25:49.247-05:00,IdeState,Active,Popup,*,-1,-1,,,,
200,2025-02-28T13:25:50.248-05:00,IdeState,Active,Popup,*,-1,-1,,,,
201,2025-02-28T13:25:51.249-05:00,IdeState,Active,Popup,*,-1,-1,,,,
202,2025-02-28T13:25:52.251-05:00,IdeState,Active,Popup,*,-1,-1,,,,
203,2025-02-28T13:25:53.253-05:00,IdeState,Active,Popup,*,-1,-1,,,,
204,2025-02-28T13:25:54.255-05:00,IdeState,Active,Popup,*,-1,-1,,,,
205,2025-02-28T13:25:55.258-05:00,IdeState,Active,Popup,*,-1,-1,,,,
206,2025-02-28T13:25:56.259-05:00,IdeState,Active,Popup,*,-1,-1,,,,
207,2025-02-28T13:25:57.262-05:00,IdeState,Active,Popup,*,-1,-1,,,,
208,2025-02-28T13:25:58.265-05:00,IdeState,Active,Popup,*,-1,-1,,,,
209,2025-02-28T13:25:59.265-05:00,IdeState,Active,Popup,*,-1,-1,,,,
210,2025-02-28T13:26:00.267-05:00,IdeState,Active,Popup,*,-1,-1,,,,
211,2025-02-28T13:26:01.268-05:00,IdeState,Active,Popup,*,-1,-1,,,,
212,2025-02-28T13:26:02.269-05:00,IdeState,Active,Popup,*,-1,-1,,,,
213,2025-02-28T13:26:03.272-05:00,IdeState,Active,Popup,*,-1,-1,,,,
214,2025-02-28T13:26:04.274-05:00,IdeState,Active,Popup,*,-1,-1,,,,
215,2025-02-28T13:26:05.275-05:00,IdeState,Active,Popup,*,-1,-1,,,,
216,2025-02-28T13:26:06.277-05:00,IdeState,Active,Popup,*,-1,-1,,,,
217,2025-02-28T13:26:07.280-05:00,IdeState,Active,Popup,*,-1,-1,,,,
218,2025-02-28T13:26:08.281-05:00,IdeState,Active,Popup,*,-1,-1,,,,
219,2025-02-28T13:26:09.283-05:00,IdeState,Active,Popup,*,-1,-1,,,,
220,2025-02-28T13:26:10.285-05:00,IdeState,Active,Popup,*,-1,-1,,,,
221,2025-02-28T13:26:11.288-05:00,IdeState,Active,Popup,*,-1,-1,,,,
222,2025-02-28T13:26:12.289-05:00,IdeState,Inactive,,*,-1,-1,,,,
223,2025-02-28T13:26:13.290-05:00,IdeState,Inactive,,*,-1,-1,,,,
224,2025-02-28T13:26:14.291-05:00,IdeState,Inactive,,*,-1,-1,,,,
225,2025-02-28T13:26:15.293-05:00,IdeState,Inactive,,*,-1,-1,,,,
226,2025-02-28T13:26:16.294-05:00,IdeState,Inactive,,*,-1,-1,,,,
227,2025-02-28T13:26:17.295-05:00,IdeState,Inactive,,*,-1,-1,,,,
228,2025-02-28T13:26:18.297-05:00,IdeState,Inactive,,*,-1,-1,,,,
229,2025-02-28T13:26:19.298-05:00,IdeState,Inactive,,*,-1,-1,,,,
230,2025-02-28T13:26:20.301-05:00,IdeState,Active,Popup,*,-1,-1,,,,
231,2025-02-28T13:26:21.303-05:00,IdeState,Active,Popup,*,-1,-1,,,,
232,2025-02-28T13:26:22.305-05:00,IdeState,Active,Popup,*,-1,-1,,,,
233,2025-02-28T13:26:23.307-05:00,IdeState,Active,Popup,*,-1,-1,,,,
234,2025-02-28T13:26:24.309-05:00,IdeState,Active,Popup,*,-1,-1,,,,
235,2025-02-28T13:26:25.312-05:00,IdeState,Active,Popup,*,-1,-1,,,,
236,2025-02-28T13:26:26.314-05:00,IdeState,Active,tasktracker,*,-1,-1,,,,
237,2025-02-28T13:26:27.316-05:00,IdeState,Active,tasktracker,*,-1,-1,,,,
238,2025-02-28T13:26:28.319-05:00,IdeState,Active,tasktracker,*,-1,-1,,,,
239,2025-02-28T13:26:29.322-05:00,IdeState,Active,tasktracker,*,-1,-1,,,,
240,2025-02-28T13:26:30.325-05:00,IdeState,Active,tasktracker,*,-1,-1,,,,
241,2025-02-28T13:26:31.326-05:00,IdeState,Active,tasktracker,*,-1,-1,,,,
242,2025-02-28T13:26:32.327-05:00,IdeState,Active,tasktracker,*,-1,-1,,,,
243,2025-02-28T13:26:33.330-05:00,IdeState,Active,tasktracker,*,-1,-1,,,,
244,2025-02-28T13:26:34.332-05:00,IdeState,Active,tasktracker,*,-1,-1,,,,
245,2025-02-28T13:26:35.335-05:00,IdeState,Active,tasktracker,*,-1,-1,,,,
246,2025-02-28T13:26:36.336-05:00,IdeState,Active,tasktracker,*,-1,-1,,,,
247,2025-02-28T13:26:37.338-05:00,IdeState,Active,tasktracker,*,-1,-1,,,,
248,2025-02-28T13:26:38.339-05:00,IdeState,Active,tasktracker,*,-1,-1,,,,
249,2025-02-28T13:26:39.342-05:00,IdeState,Inactive,,*,-1,-1,,,,
250,2025-02-28T13:26:40.361-05:00,IdeState,Inactive,,*,-1,-1,,,,
251,2025-02-28T13:26:41.363-05:00,IdeState,Inactive,,*,-1,-1,,,,
252,2025-02-28T13:26:42.364-05:00,IdeState,Inactive,,*,-1,-1,,,,
253,2025-02-28T13:26:43.366-05:00,IdeState,Inactive,,*,-1,-1,,,,
254,2025-02-28T13:26:44.376-05:00,IdeState,Inactive,,*,-1,-1,,,,
255,2025-02-28T13:26:45.390-05:00,IdeState,Inactive,,*,-1,-1,,,,
256,2025-02-28T13:26:46.405-05:00,IdeState,Inactive,,*,-1,-1,,,,
257,2025-02-28T13:26:47.420-05:00,IdeState,Inactive,,*,-1,-1,,,,
258,2025-02-28T13:26:48.435-05:00,IdeState,Inactive,,*,-1,-1,,,,
259,2025-02-28T13:26:49.443-05:00,IdeState,Inactive,,*,-1,-1,,,,
260,2025-02-28T13:26:50.464-05:00,IdeState,Inactive,,*,-1,-1,,,,
261,2025-02-28T13:26:51.475-05:00,IdeState,Inactive,,*,-1,-1,,,,
262,2025-02-28T13:26:52.489-05:00,IdeState,Inactive,,*,-1,-1,,,,
263,2025-02-28T13:26:53.503-05:00,IdeState,Inactive,,*,-1,-1,,,,
264,2025-02-28T13:26:54.520-05:00,IdeState,Inactive,,*,-1,-1,,,,
265,2025-02-28T13:26:55.531-05:00,IdeState,Inactive,,*,-1,-1,,,,
266,2025-02-28T13:26:56.590-05:00,IdeState,Inactive,,*,-1,-1,,,,
267,2025-02-28T13:26:57.592-05:00,IdeState,Inactive,,*,-1,-1,,,,
268,2025-02-28T13:26:58.605-05:00,IdeState,Inactive,,*,-1,-1,,,,
269,2025-02-28T13:26:59.623-05:00,IdeState,Inactive,,*,-1,-1,,,,
270,2025-02-28T13:27:00.628-05:00,IdeState,Inactive,,*,-1,-1,,,,
271,2025-02-28T13:27:01.640-05:00,IdeState,Inactive,,*,-1,-1,,,,
272,2025-02-28T13:27:02.644-05:00,IdeState,Inactive,,*,-1,-1,,,,
273,2025-02-28T13:27:03.659-05:00,IdeState,Inactive,,*,-1,-1,,,,
274,2025-02-28T13:27:04.666-05:00,IdeState,Inactive,,*,-1,-1,,,,
275,2025-02-28T13:27:05.683-05:00,IdeState,Inactive,,*,-1,-1,,,,
276,2025-02-28T13:27:06.686-05:00,IdeState,Inactive,,*,-1,-1,,,,
277,2025-02-28T13:27:07.700-05:00,IdeState,Inactive,,*,-1,-1,,,,
278,2025-02-28T13:27:08.713-05:00,IdeState,Inactive,,*,-1,-1,,,,
279,2025-02-28T13:27:09.783-05:00,IdeState,Inactive,,*,-1,-1,,,,
280,2025-02-28T13:27:10.796-05:00,IdeState,Inactive,,*,-1,-1,,,,
281,2025-02-28T13:27:11.847-05:00,IdeState,Inactive,,*,-1,-1,,,,
282,2025-02-28T13:27:12.882-05:00,IdeState,Inactive,,*,-1,-1,,,,
283,2025-02-28T13:27:13.930-05:00,IdeState,Inactive,,*,-1,-1,,,,
284,2025-02-28T13:27:14.932-05:00,IdeState,Inactive,,*,-1,-1,,,,
285,2025-02-28T13:27:15.949-05:00,IdeState,Inactive,,*,-1,-1,,,,
286,2025-02-28T13:27:16.988-05:00,IdeState,Inactive,,*,-1,-1,,,,
287,2025-02-28T13:27:17.996-05:00,IdeState,Inactive,,*,-1,-1,,,,
288,2025-02-28T13:27:19.015-05:00,IdeState,Inactive,,*,-1,-1,,,,
289,2025-02-28T13:27:20.019-05:00,IdeState,Inactive,,*,-1,-1,,,,
290,2025-02-28T13:27:21.030-05:00,IdeState,Inactive,,*,-1,-1,,,,
291,2025-02-28T13:27:22.113-05:00,IdeState,Inactive,,*,-1,-1,,,,
292,2025-02-28T13:27:23.223-05:00,IdeState,Inactive,,*,-1,-1,,,,
293,2025-02-28T13:27:24.243-05:00,IdeState,Inactive,,*,-1,-1,,,,
294,2025-02-28T13:27:25.298-05:00,IdeState,Inactive,,*,-1,-1,,,,
295,2025-02-28T13:27:26.333-05:00,IdeState,Inactive,,*,-1,-1,,,,
296,2025-02-28T13:27:27.367-05:00,IdeState,Inactive,,*,-1,-1,,,,
297,2025-02-28T13:27:28.412-05:00,IdeState,Inactive,,*,-1,-1,,,,
298,2025-02-28T13:27:29.430-05:00,IdeState,Inactive,,*,-1,-1,,,,
299,2025-02-28T13:27:30.445-05:00,IdeState,Inactive,,*,-1,-1,,,,
300,2025-02-28T13:27:31.457-05:00,IdeState,Inactive,,*,-1,-1,,,,
301,2025-02-28T13:27:32.485-05:00,IdeState,Inactive,,*,-1,-1,,,,
302,2025-02-28T13:27:33.560-05:00,IdeState,Inactive,,*,-1,-1,,,,
303,2025-02-28T13:27:34.582-05:00,IdeState,Inactive,,*,-1,-1,,,,
304,2025-02-28T13:27:35.590-05:00,IdeState,Inactive,,*,-1,-1,,,,
305,2025-02-28T13:27:36.600-05:00,IdeState,Inactive,,*,-1,-1,,,,
306,2025-02-28T13:27:37.615-05:00,IdeState,Inactive,,*,-1,-1,,,,
307,2025-02-28T13:27:38.629-05:00,IdeState,Inactive,,*,-1,-1,,,,
308,2025-02-28T13:27:39.632-05:00,IdeState,Inactive,,*,-1,-1,,,,
309,2025-02-28T13:27:40.650-05:00,IdeState,Inactive,,*,-1,-1,,,,
310,2025-02-28T13:27:41.661-05:00,IdeState,Inactive,,*,-1,-1,,,,
311,2025-02-28T13:27:42.756-05:00,IdeState,Inactive,,*,-1,-1,,,,
312,2025-02-28T13:27:43.765-05:00,IdeState,Inactive,,*,-1,-1,,,,
313,2025-02-28T13:27:44.778-05:00,IdeState,Inactive,,*,-1,-1,,,,
314,2025-02-28T13:27:45.789-05:00,IdeState,Inactive,,*,-1,-1,,,,
315,2025-02-28T13:27:46.804-05:00,IdeState,Inactive,,*,-1,-1,,,,
316,2025-02-28T13:27:47.813-05:00,IdeState,Inactive,,*,-1,-1,,,,
317,2025-02-28T13:27:48.830-05:00,IdeState,Inactive,,*,-1,-1,,,,
318,2025-02-28T13:27:49.890-05:00,IdeState,Inactive,,*,-1,-1,,,,
319,2025-02-28T13:27:50.905-05:00,IdeState,Inactive,,*,-1,-1,,,,
320,2025-02-28T13:27:51.920-05:00,IdeState,Inactive,,*,-1,-1,,,,
321,2025-02-28T13:27:52.934-05:00,IdeState,Inactive,,*,-1,-1,,,,
322,2025-02-28T13:27:53.951-05:00,IdeState,Inactive,,*,-1,-1,,,,
323,2025-02-28T13:27:54.960-05:00,IdeState,Inactive,,*,-1,-1,,,,
324,2025-02-28T13:27:55.973-05:00,IdeState,Inactive,,*,-1,-1,,,,
325,2025-02-28T13:27:56.985-05:00,IdeState,Inactive,,*,-1,-1,,,,
326,2025-02-28T13:27:58.024-05:00,IdeState,Inactive,,*,-1,-1,,,,
327,2025-02-28T13:27:59.031-05:00,IdeState,Inactive,,*,-1,-1,,,,
328,2025-02-28T13:28:00.046-05:00,IdeState,Inactive,,*,-1,-1,,,,
329,2025-02-28T13:28:01.061-05:00,IdeState,Inactive,,*,-1,-1,,,,
330,2025-02-28T13:28:03.484-05:00,IdeState,Inactive,,*,-1,-1,,,,
331,2025-02-28T13:28:04.489-05:00,IdeState,Inactive,,*,-1,-1,,,,
332,2025-02-28T13:28:05.503-05:00,IdeState,Inactive,,*,-1,-1,,,,
333,2025-02-28T13:28:06.521-05:00,IdeState,Inactive,,*,-1,-1,,,,
334,2025-02-28T13:28:07.534-05:00,IdeState,Inactive,,*,-1,-1,,,,
335,2025-02-28T13:28:08.540-05:00,IdeState,Inactive,,*,-1,-1,,,,
336,2025-02-28T13:28:09.551-05:00,IdeState,Inactive,,*,-1,-1,,,,
337,2025-02-28T13:28:10.565-05:00,IdeState,Inactive,,*,-1,-1,,,,
338,2025-02-28T13:28:11.577-05:00,IdeState,Inactive,,*,-1,-1,,,,
339,2025-02-28T13:28:12.594-05:00,IdeState,Inactive,,*,-1,-1,,,,
340,2025-02-28T13:28:13.603-05:00,IdeState,Inactive,,*,-1,-1,,,,
341,2025-02-28T13:28:14.618-05:00,IdeState,Inactive,,*,-1,-1,,,,
342,2025-02-28T13:28:15.620-05:00,IdeState,Inactive,,*,-1,-1,,,,
343,2025-02-28T13:28:16.623-05:00,IdeState,Inactive,,*,-1,-1,,,,
344,2025-02-28T13:28:17.634-05:00,IdeState,Inactive,,*,-1,-1,,,,
345,2025-02-28T13:28:18.645-05:00,IdeState,Inactive,,*,-1,-1,,,,
346,2025-02-28T13:28:19.653-05:00,IdeState,Inactive,,*,-1,-1,,,,
347,2025-02-28T13:28:20.667-05:00,IdeState,Inactive,,*,-1,-1,,,,
348,2025-02-28T13:28:21.683-05:00,IdeState,Inactive,,*,-1,-1,,,,
349,2025-02-28T13:28:22.685-05:00,IdeState,Inactive,,*,-1,-1,,,,
350,2025-02-28T13:28:23.700-05:00,IdeState,Inactive,,*,-1,-1,,,,
351,2025-02-28T13:28:24.705-05:00,IdeState,Inactive,,*,-1,-1,,,,
352,2025-02-28T13:28:25.788-05:00,IdeState,Inactive,,*,-1,-1,,,,
353,2025-02-28T13:28:26.884-05:00,IdeState,Inactive,,*,-1,-1,,,,
354,2025-02-28T13:28:27.907-05:00,IdeState,Inactive,,*,-1,-1,,,,
355,2025-02-28T13:28:28.927-05:00,IdeState,Inactive,,*,-1,-1,,,,
356,2025-02-28T13:28:29.976-05:00,IdeState,Inactive,,*,-1,-1,,,,
357,2025-02-28T13:28:30.988-05:00,IdeState,Inactive,,*,-1,-1,,,,
358,2025-02-28T13:28:31.999-05:00,IdeState,Inactive,,*,-1,-1,,,,
359,2025-02-28T13:28:33.125-05:00,IdeState,Inactive,,*,-1,-1,,,,
360,2025-02-28T13:28:34.143-05:00,IdeState,Inactive,,*,-1,-1,,,,
361,2025-02-28T13:28:35.154-05:00,IdeState,Inactive,,*,-1,-1,,,,
362,2025-02-28T13:28:36.170-05:00,IdeState,Inactive,,*,-1,-1,,,,
363,2025-02-28T13:28:37.184-05:00,IdeState,Inactive,,*,-1,-1,,,,
364,2025-02-28T13:28:38.199-05:00,IdeState,Inactive,,*,-1,-1,,,,
365,2025-02-28T13:28:39.213-05:00,IdeState,Inactive,,*,-1,-1,,,,
366,2025-02-28T13:28:40.222-05:00,IdeState,Inactive,,*,-1,-1,,,,
367,2025-02-28T13:28:41.226-05:00,IdeState,Inactive,,*,-1,-1,,,,
368,2025-02-28T13:28:42.243-05:00,IdeState,Inactive,,*,-1,-1,,,,
369,2025-02-28T13:28:43.254-05:00,IdeState,Inactive,,*,-1,-1,,,,
370,2025-02-28T13:28:44.269-05:00,IdeState,Inactive,,*,-1,-1,,,,
371,2025-02-28T13:28:45.278-05:00,IdeState,Inactive,,*,-1,-1,,,,
372,2025-02-28T13:28:46.442-05:00,IdeState,Inactive,,*,-1,-1,,,,
373,2025-02-28T13:28:47.513-05:00,IdeState,Inactive,,*,-1,-1,,,,
374,2025-02-28T13:28:48.525-05:00,IdeState,Inactive,,*,-1,-1,,,,
375,2025-02-28T13:28:49.541-05:00,IdeState,Inactive,,*,-1,-1,,,,
376,2025-02-28T13:28:50.622-05:00,IdeState,Inactive,,*,-1,-1,,,,
377,2025-02-28T13:28:51.630-05:00,IdeState,Inactive,,*,-1,-1,,,,
378,2025-02-28T13:28:52.656-05:00,IdeState,Inactive,,*,-1,-1,,,,
379,2025-02-28T13:28:53.667-05:00,IdeState,Inactive,,*,-1,-1,,,,
380,2025-02-28T13:28:54.695-05:00,IdeState,Inactive,,*,-1,-1,,,,
381,2025-02-28T13:28:55.700-05:00,IdeState,Inactive,,*,-1,-1,,,,
382,2025-02-28T13:28:56.702-05:00,IdeState,Inactive,,*,-1,-1,,,,
383,2025-02-28T13:28:57.716-05:00,IdeState,Inactive,,*,-1,-1,,,,
384,2025-02-28T13:28:58.728-05:00,IdeState,Inactive,,*,-1,-1,,,,
385,2025-02-28T13:28:59.740-05:00,IdeState,Inactive,,*,-1,-1,,,,
386,2025-02-28T13:29:00.751-05:00,IdeState,Inactive,,*,-1,-1,,,,
387,2025-02-28T13:29:01.756-05:00,IdeState,Inactive,,*,-1,-1,,,,
388,2025-02-28T13:29:02.855-05:00,IdeState,Inactive,,*,-1,-1,,,,
389,2025-02-28T13:29:03.872-05:00,IdeState,Inactive,,*,-1,-1,,,,
390,2025-02-28T13:29:04.886-05:00,IdeState,Inactive,,*,-1,-1,,,,
391,2025-02-28T13:29:05.900-05:00,IdeState,Inactive,,*,-1,-1,,,,
392,2025-02-28T13:29:06.917-05:00,IdeState,Inactive,,*,-1,-1,,,,
393,2025-02-28T13:29:07.928-05:00,IdeState,Inactive,,*,-1,-1,,,,
394,2025-02-28T13:29:08.944-05:00,IdeState,Inactive,,*,-1,-1,,,,
395,2025-02-28T13:29:09.957-05:00,IdeState,Inactive,,*,-1,-1,,,,
396,2025-02-28T13:29:10.975-05:00,IdeState,Inactive,,*,-1,-1,,,,
397,2025-02-28T13:29:11.978-05:00,IdeState,Inactive,,*,-1,-1,,,,
398,2025-02-28T13:29:12.995-05:00,IdeState,Inactive,,*,-1,-1,,,,
399,2025-02-28T13:29:14.011-05:00,IdeState,Inactive,,*,-1,-1,,,,
400,2025-02-28T13:29:15.013-05:00,IdeState,Inactive,,*,-1,-1,,,,
401,2025-02-28T13:29:16.029-05:00,IdeState,Inactive,,*,-1,-1,,,,
402,2025-02-28T13:29:17.157-05:00,IdeState,Inactive,,*,-1,-1,,,,
403,2025-02-28T13:29:20.232-05:00,IdeState,Inactive,,*,-1,-1,,,,
404,2025-02-28T13:29:21.240-05:00,IdeState,Inactive,,*,-1,-1,,,,
405,2025-02-28T13:29:22.525-05:00,IdeState,Inactive,,*,-1,-1,,,,
406,2025-02-28T13:29:23.548-05:00,IdeState,Inactive,,*,-1,-1,,,,
407,2025-02-28T13:29:24.566-05:00,IdeState,Inactive,,*,-1,-1,,,,
408,2025-02-28T13:29:25.571-05:00,IdeState,Inactive,,*,-1,-1,,,,
409,2025-02-28T13:29:26.571-05:00,IdeState,Inactive,,*,-1,-1,,,,
410,2025-02-28T13:29:27.576-05:00,IdeState,Inactive,,*,-1,-1,,,,
411,2025-02-28T13:29:28.687-05:00,IdeState,Inactive,,*,-1,-1,,,,
412,2025-02-28T13:29:29.692-05:00,IdeState,Inactive,,*,-1,-1,,,,
413,2025-02-28T13:29:30.708-05:00,IdeState,Inactive,,*,-1,-1,,,,
414,2025-02-28T13:29:31.715-05:00,IdeState,Inactive,,*,-1,-1,,,,
415,2025-02-28T13:29:32.728-05:00,IdeState,Inactive,,*,-1,-1,,,,
416,2025-02-28T13:29:33.881-05:00,IdeState,Inactive,,*,-1,-1,,,,
417,2025-02-28T13:29:34.890-05:00,IdeState,Inactive,,*,-1,-1,,,,
418,2025-02-28T13:29:36.020-05:00,IdeState,Inactive,,*,-1,-1,,,,
419,2025-02-28T13:29:37.029-05:00,IdeState,Inactive,,*,-1,-1,,,,
420,2025-02-28T13:29:38.044-05:00,IdeState,Inactive,,*,-1,-1,,,,
421,2025-02-28T13:29:39.058-05:00,IdeState,Inactive,,*,-1,-1,,,,
422,2025-02-28T13:29:40.071-05:00,IdeState,Inactive,,*,-1,-1,,,,
423,2025-02-28T13:29:41.085-05:00,IdeState,Inactive,,*,-1,-1,,,,
424,2025-02-28T13:29:42.099-05:00,IdeState,Inactive,,*,-1,-1,,,,
425,2025-02-28T13:29:43.114-05:00,IdeState,Inactive,,*,-1,-1,,,,
426,2025-02-28T13:29:44.164-05:00,IdeState,Inactive,,*,-1,-1,,,,
427,2025-02-28T13:29:45.172-05:00,IdeState,Inactive,,*,-1,-1,,,,
428,2025-02-28T13:29:46.186-05:00,IdeState,Inactive,,*,-1,-1,,,,
429,2025-02-28T13:29:47.201-05:00,IdeState,Inactive,,*,-1,-1,,,,
430,2025-02-28T13:29:48.219-05:00,IdeState,Inactive,,*,-1,-1,,,,
431,2025-02-28T13:29:49.230-05:00,IdeState,Inactive,,*,-1,-1,,,,
432,2025-02-28T13:29:50.232-05:00,IdeState,Inactive,,*,-1,-1,,,,
433,2025-02-28T13:29:51.242-05:00,IdeState,Inactive,,*,-1,-1,,,,
434,2025-02-28T13:29:52.260-05:00,IdeState,Inactive,,*,-1,-1,,,,
435,2025-02-28T13:29:53.274-05:00,IdeState,Inactive,,*,-1,-1,,,,
436,2025-02-28T13:29:54.290-05:00,IdeState,Inactive,,*,-1,-1,,,,
437,2025-02-28T13:29:55.305-05:00,IdeState,Inactive,,*,-1,-1,,,,
438,2025-02-28T13:29:56.319-05:00,IdeState,Inactive,,*,-1,-1,,,,
439,2025-02-28T13:29:57.334-05:00,IdeState,Inactive,,*,-1,-1,,,,
440,2025-02-28T13:29:58.344-05:00,IdeState,Inactive,,*,-1,-1,,,,
441,2025-02-28T13:29:59.356-05:00,IdeState,Inactive,,*,-1,-1,,,,
442,2025-02-28T13:30:00.367-05:00,IdeState,Inactive,,*,-1,-1,,,,
443,2025-02-28T13:30:01.594-05:00,IdeState,Inactive,,*,-1,-1,,,,
444,2025-02-28T13:30:02.645-05:00,IdeState,Inactive,,*,-1,-1,,,,
445,2025-02-28T13:30:03.725-05:00,IdeState,Inactive,,*,-1,-1,,,,
446,2025-02-28T13:30:04.744-05:00,IdeState,Inactive,,*,-1,-1,,,,
447,2025-02-28T13:30:05.753-05:00,IdeState,Inactive,,*,-1,-1,,,,
448,2025-02-28T13:30:06.812-05:00,IdeState,Inactive,,*,-1,-1,,,,
449,2025-02-28T13:30:07.820-05:00,IdeState,Inactive,,*,-1,-1,,,,
450,2025-02-28T13:30:08.837-05:00,IdeState,Inactive,,*,-1,-1,,,,
451,2025-02-28T13:30:09.860-05:00,IdeState,Inactive,,*,-1,-1,,,,
452,2025-02-28T13:30:10.866-05:00,IdeState,Inactive,,*,-1,-1,,,,
453,2025-02-28T13:30:11.869-05:00,IdeState,Inactive,,*,-1,-1,,,,
454,2025-02-28T13:30:12.888-05:00,IdeState,Inactive,,*,-1,-1,,,,
455,2025-02-28T13:30:13.893-05:00,IdeState,Inactive,,*,-1,-1,,,,
456,2025-02-28T13:30:14.896-05:00,IdeState,Inactive,,*,-1,-1,,,,
457,2025-02-28T13:30:15.914-05:00,IdeState,Inactive,,*,-1,-1,,,,
458,2025-02-28T13:30:16.921-05:00,IdeState,Inactive,,*,-1,-1,,,,
459,2025-02-28T13:30:17.932-05:00,IdeState,Inactive,,*,-1,-1,,,,
460,2025-02-28T13:30:18.947-05:00,IdeState,Inactive,,*,-1,-1,,,,
461,2025-02-28T13:30:19.961-05:00,IdeState,Inactive,,*,-1,-1,,,,
462,2025-02-28T13:30:21.108-05:00,IdeState,Inactive,,*,-1,-1,,,,
463,2025-02-28T13:30:22.146-05:00,IdeState,Inactive,,*,-1,-1,,,,
464,2025-02-28T13:30:23.153-05:00,IdeState,Inactive,,*,-1,-1,,,,
465,2025-02-28T13:30:24.165-05:00,IdeState,Inactive,,*,-1,-1,,,,
466,2025-02-28T13:30:25.171-05:00,IdeState,Inactive,,*,-1,-1,,,,
467,2025-02-28T13:30:26.188-05:00,IdeState,Inactive,,*,-1,-1,,,,
468,2025-02-28T13:30:27.223-05:00,IdeState,Inactive,,*,-1,-1,,,,
469,2025-02-28T13:30:28.229-05:00,IdeState,Inactive,,*,-1,-1,,,,
470,2025-02-28T13:30:29.244-05:00,IdeState,Inactive,,*,-1,-1,,,,
471,2025-02-28T13:30:30.259-05:00,IdeState,Inactive,,*,-1,-1,,,,
472,2025-02-28T13:30:31.278-05:00,IdeState,Inactive,,*,-1,-1,,,,
473,2025-02-28T13:30:32.374-05:00,IdeState,Inactive,,*,-1,-1,,,,
474,2025-02-28T13:30:33.392-05:00,IdeState,Inactive,,*,-1,-1,,,,
475,2025-02-28T13:30:34.411-05:00,IdeState,Inactive,,*,-1,-1,,,,
476,2025-02-28T13:30:35.415-05:00,IdeState,Inactive,,*,-1,-1,,,,
477,2025-02-28T13:30:36.429-05:00,IdeState,Inactive,,*,-1,-1,,,,
478,2025-02-28T13:30:37.443-05:00,IdeState,Inactive,,*,-1,-1,,,,
479,2025-02-28T13:30:38.450-05:00,IdeState,Inactive,,*,-1,-1,,,,
480,2025-02-28T13:30:39.464-05:00,IdeState,Inactive,,*,-1,-1,,,,
481,2025-02-28T13:30:40.484-05:00,IdeState,Inactive,,*,-1,-1,,,,
482,2025-02-28T13:30:41.489-05:00,IdeState,Inactive,,*,-1,-1,,,,
483,2025-02-28T13:30:42.504-05:00,IdeState,Inactive,,*,-1,-1,,,,
484,2025-02-28T13:30:43.520-05:00,IdeState,Inactive,,*,-1,-1,,,,
485,2025-02-28T13:30:44.535-05:00,IdeState,Inactive,,*,-1,-1,,,,
486,2025-02-28T13:30:45.546-05:00,IdeState,Inactive,,*,-1,-1,,,,
487,2025-02-28T13:30:46.578-05:00,IdeState,Inactive,,*,-1,-1,,,,
488,2025-02-28T13:30:47.589-05:00,IdeState,Inactive,,*,-1,-1,,,,
489,2025-02-28T13:30:48.603-05:00,IdeState,Inactive,,*,-1,-1,,,,
490,2025-02-28T13:30:49.737-05:00,IdeState,Inactive,,*,-1,-1,,,,
491,2025-02-28T13:30:50.751-05:00,IdeState,Inactive,,*,-1,-1,,,,
492,2025-02-28T13:30:51.764-05:00,IdeState,Inactive,,*,-1,-1,,,,
493,2025-02-28T13:30:52.818-05:00,IdeState,Inactive,,*,-1,-1,,,,
494,2025-02-28T13:30:53.822-05:00,IdeState,Inactive,,*,-1,-1,,,,
495,2025-02-28T13:30:54.828-05:00,IdeState,Inactive,,*,-1,-1,,,,
496,2025-02-28T13:30:55.830-05:00,IdeState,Inactive,,*,-1,-1,,,,
497,2025-02-28T13:30:56.834-05:00,IdeState,Inactive,,*,-1,-1,,,,
498,2025-02-28T13:30:57.848-05:00,IdeState,Inactive,,*,-1,-1,,,,
499,2025-02-28T13:30:58.890-05:00,IdeState,Inactive,,*,-1,-1,,,,
500,2025-02-28T13:30:59.903-05:00,IdeState,Inactive,,*,-1,-1,,,,
501,2025-02-28T13:31:00.922-05:00,IdeState,Inactive,,*,-1,-1,,,,
502,2025-02-28T13:31:02.014-05:00,IdeState,Inactive,,*,-1,-1,,,,
503,2025-02-28T13:31:03.020-05:00,IdeState,Inactive,,*,-1,-1,,,,
504,2025-02-28T13:31:04.032-05:00,IdeState,Inactive,,*,-1,-1,,,,
505,2025-02-28T13:31:05.048-05:00,IdeState,Inactive,,*,-1,-1,,,,
506,2025-02-28T13:31:06.061-05:00,IdeState,Inactive,,*,-1,-1,,,,
507,2025-02-28T13:31:07.084-05:00,IdeState,Inactive,,*,-1,-1,,,,
508,2025-02-28T13:31:08.096-05:00,IdeState,Inactive,,*,-1,-1,,,,
509,2025-02-28T13:31:09.101-05:00,IdeState,Inactive,,*,-1,-1,,,,
510,2025-02-28T13:31:10.113-05:00,IdeState,Inactive,,*,-1,-1,,,,
511,2025-02-28T13:31:11.153-05:00,IdeState,Inactive,,*,-1,-1,,,,
512,2025-02-28T13:31:12.214-05:00,IdeState,Inactive,,*,-1,-1,,,,
513,2025-02-28T13:31:13.223-05:00,IdeState,Inactive,,*,-1,-1,,,,
514,2025-02-28T13:31:14.239-05:00,IdeState,Inactive,,*,-1,-1,,,,
515,2025-02-28T13:31:15.275-05:00,IdeState,Inactive,,*,-1,-1,,,,
516,2025-02-28T13:31:16.283-05:00,IdeState,Inactive,,*,-1,-1,,,,
517,2025-02-28T13:31:17.303-05:00,IdeState,Inactive,,*,-1,-1,,,,
518,2025-02-28T13:31:18.314-05:00,IdeState,Inactive,,*,-1,-1,,,,
519,2025-02-28T13:31:19.326-05:00,IdeState,Inactive,,*,-1,-1,,,,
520,2025-02-28T13:31:20.328-05:00,IdeState,Inactive,,*,-1,-1,,,,
521,2025-02-28T13:31:21.343-05:00,IdeState,Inactive,,*,-1,-1,,,,
522,2025-02-28T13:31:22.354-05:00,IdeState,Inactive,,*,-1,-1,,,,
523,2025-02-28T13:31:23.368-05:00,IdeState,Inactive,,*,-1,-1,,,,
524,2025-02-28T13:31:24.373-05:00,IdeState,Inactive,,*,-1,-1,,,,
525,2025-02-28T13:31:25.393-05:00,IdeState,Inactive,,*,-1,-1,,,,
526,2025-02-28T13:31:26.401-05:00,IdeState,Inactive,,*,-1,-1,,,,
527,2025-02-28T13:31:27.413-05:00,IdeState,Inactive,,*,-1,-1,,,,
528,2025-02-28T13:31:28.505-05:00,IdeState,Inactive,,*,-1,-1,,,,
529,2025-02-28T13:31:29.514-05:00,IdeState,Inactive,,*,-1,-1,,,,
530,2025-02-28T13:31:30.525-05:00,IdeState,Inactive,,*,-1,-1,,,,
531,2025-02-28T13:31:31.541-05:00,IdeState,Inactive,,*,-1,-1,,,,
532,2025-02-28T13:31:32.554-05:00,IdeState,Inactive,,*,-1,-1,,,,
533,2025-02-28T13:31:33.558-05:00,IdeState,Inactive,,*,-1,-1,,,,
534,2025-02-28T13:31:34.571-05:00,IdeState,Inactive,,*,-1,-1,,,,
535,2025-02-28T13:31:35.582-05:00,IdeState,Inactive,,*,-1,-1,,,,
536,2025-02-28T13:31:36.602-05:00,IdeState,Inactive,,*,-1,-1,,,,
537,2025-02-28T13:31:37.615-05:00,IdeState,Inactive,,*,-1,-1,,,,
538,2025-02-28T13:31:38.631-05:00,IdeState,Inactive,,*,-1,-1,,,,
539,2025-02-28T13:31:39.694-05:00,IdeState,Inactive,,*,-1,-1,,,,
540,2025-02-28T13:31:40.704-05:00,IdeState,Inactive,,*,-1,-1,,,,
541,2025-02-28T13:31:41.755-05:00,IdeState,Inactive,,*,-1,-1,,,,
542,2025-02-28T13:31:42.767-05:00,IdeState,Inactive,,*,-1,-1,,,,
543,2025-02-28T13:31:43.788-05:00,IdeState,Inactive,,*,-1,-1,,,,
544,2025-02-28T13:31:44.798-05:00,IdeState,Inactive,,*,-1,-1,,,,
545,2025-02-28T13:31:45.813-05:00,IdeState,Inactive,,*,-1,-1,,,,
546,2025-02-28T13:31:46.826-05:00,IdeState,Inactive,,*,-1,-1,,,,
547,2025-02-28T13:31:47.840-05:00,IdeState,Inactive,,*,-1,-1,,,,
548,2025-02-28T13:31:48.855-05:00,IdeState,Inactive,,*,-1,-1,,,,
549,2025-02-28T13:31:49.870-05:00,IdeState,Inactive,,*,-1,-1,,,,
550,2025-02-28T13:31:50.886-05:00,IdeState,Inactive,,*,-1,-1,,,,
551,2025-02-28T13:31:51.901-05:00,IdeState,Inactive,,*,-1,-1,,,,
552,2025-02-28T13:31:52.914-05:00,IdeState,Inactive,,*,-1,-1,,,,
553,2025-02-28T13:31:53.928-05:00,IdeState,Inactive,,*,-1,-1,,,,
554,2025-02-28T13:31:54.948-05:00,IdeState,Inactive,,*,-1,-1,,,,
555,2025-02-28T13:31:56.045-05:00,IdeState,Inactive,,*,-1,-1,,,,
556,2025-02-28T13:31:57.053-05:00,IdeState,Inactive,,*,-1,-1,,,,
557,2025-02-28T13:31:58.054-05:00,IdeState,Inactive,,*,-1,-1,,,,
558,2025-02-28T13:31:59.069-05:00,IdeState,Inactive,,*,-1,-1,,,,
559,2025-02-28T13:32:00.089-05:00,IdeState,Inactive,,*,-1,-1,,,,
560,2025-02-28T13:32:01.098-05:00,IdeState,Inactive,,*,-1,-1,,,,
561,2025-02-28T13:32:02.135-05:00,IdeState,Inactive,,*,-1,-1,,,,
562,2025-02-28T13:32:03.178-05:00,IdeState,Inactive,,*,-1,-1,,,,
563,2025-02-28T13:32:04.199-05:00,IdeState,Inactive,,*,-1,-1,,,,
564,2025-02-28T13:32:05.201-05:00,IdeState,Inactive,,*,-1,-1,,,,
565,2025-02-28T13:32:06.205-05:00,IdeState,Inactive,,*,-1,-1,,,,
566,2025-02-28T13:32:07.223-05:00,IdeState,Inactive,,*,-1,-1,,,,
567,2025-02-28T13:32:08.254-05:00,IdeState,Inactive,,*,-1,-1,,,,
568,2025-02-28T13:32:09.297-05:00,IdeState,Inactive,,*,-1,-1,,,,
569,2025-02-28T13:32:10.301-05:00,IdeState,Inactive,,*,-1,-1,,,,
570,2025-02-28T13:32:11.411-05:00,IdeState,Inactive,,*,-1,-1,,,,
571,2025-02-28T13:32:12.428-05:00,IdeState,Inactive,,*,-1,-1,,,,
572,2025-02-28T13:32:13.445-05:00,IdeState,Inactive,,*,-1,-1,,,,
573,2025-02-28T13:32:14.455-05:00,IdeState,Inactive,,*,-1,-1,,,,
574,2025-02-28T13:32:15.471-05:00,IdeState,Inactive,,*,-1,-1,,,,
575,2025-02-28T13:32:16.512-05:00,IdeState,Inactive,,*,-1,-1,,,,
576,2025-02-28T13:32:17.524-05:00,IdeState,Inactive,,*,-1,-1,,,,
577,2025-02-28T13:32:18.526-05:00,IdeState,Inactive,,*,-1,-1,,,,
578,2025-02-28T13:32:19.564-05:00,IdeState,Inactive,,*,-1,-1,,,,
579,2025-02-28T13:32:20.572-05:00,IdeState,Inactive,,*,-1,-1,,,,
580,2025-02-28T13:32:21.588-05:00,IdeState,Inactive,,*,-1,-1,,,,
581,2025-02-28T13:32:22.599-05:00,IdeState,Inactive,,*,-1,-1,,,,
582,2025-02-28T13:32:23.614-05:00,IdeState,Inactive,,*,-1,-1,,,,
583,2025-02-28T13:32:24.630-05:00,IdeState,Inactive,,*,-1,-1,,,,
584,2025-02-28T13:32:25.632-05:00,IdeState,Inactive,,*,-1,-1,,,,
585,2025-02-28T13:32:26.652-05:00,IdeState,Inactive,,*,-1,-1,,,,
586,2025-02-28T13:32:27.663-05:00,IdeState,Inactive,,*,-1,-1,,,,
587,2025-02-28T13:32:28.677-05:00,IdeState,Inactive,,*,-1,-1,,,,
588,2025-02-28T13:32:29.795-05:00,IdeState,Inactive,,*,-1,-1,,,,
589,2025-02-28T13:32:30.808-05:00,IdeState,Inactive,,*,-1,-1,,,,
590,2025-02-28T13:32:31.813-05:00,IdeState,Inactive,,*,-1,-1,,,,
591,2025-02-28T13:32:32.818-05:00,IdeState,Inactive,,*,-1,-1,,,,
592,2025-02-28T13:32:33.835-05:00,IdeState,Inactive,,*,-1,-1,,,,
593,2025-02-28T13:32:34.851-05:00,IdeState,Inactive,,*,-1,-1,,,,
594,2025-02-28T13:32:35.856-05:00,IdeState,Inactive,,*,-1,-1,,,,
595,2025-02-28T13:32:36.871-05:00,IdeState,Inactive,,*,-1,-1,,,,
596,2025-02-28T13:32:37.883-05:00,IdeState,Inactive,,*,-1,-1,,,,
597,2025-02-28T13:32:38.897-05:00,IdeState,Inactive,,*,-1,-1,,,,
598,2025-02-28T13:32:39.913-05:00,IdeState,Inactive,,*,-1,-1,,,,
599,2025-02-28T13:32:40.930-05:00,IdeState,Inactive,,*,-1,-1,,,,
600,2025-02-28T13:32:41.937-05:00,IdeState,Inactive,,*,-1,-1,,,,
601,2025-02-28T13:32:42.943-05:00,IdeState,Inactive,,*,-1,-1,,,,
602,2025-02-28T13:32:43.945-05:00,IdeState,Inactive,,*,-1,-1,,,,
603,2025-02-28T13:32:44.947-05:00,IdeState,Inactive,,*,-1,-1,,,,
604,2025-02-28T13:32:45.958-05:00,IdeState,Inactive,,*,-1,-1,,,,
605,2025-02-28T13:32:46.975-05:00,IdeState,Inactive,,*,-1,-1,,,,
606,2025-02-28T13:32:47.989-05:00,IdeState,Inactive,,*,-1,-1,,,,
607,2025-02-28T13:32:48.993-05:00,IdeState,Inactive,,*,-1,-1,,,,
608,2025-02-28T13:32:49.996-05:00,IdeState,Inactive,,*,-1,-1,,,,
609,2025-02-28T13:32:51.016-05:00,IdeState,Inactive,,*,-1,-1,,,,
610,2025-02-28T13:32:52.030-05:00,IdeState,Inactive,,*,-1,-1,,,,
611,2025-02-28T13:32:53.107-05:00,IdeState,Inactive,,*,-1,-1,,,,
612,2025-02-28T13:32:54.117-05:00,IdeState,Inactive,,*,-1,-1,,,,
613,2025-02-28T13:32:55.130-05:00,IdeState,Inactive,,*,-1,-1,,,,
614,2025-02-28T13:32:56.147-05:00,IdeState,Inactive,,*,-1,-1,,,,
615,2025-02-28T13:32:57.165-05:00,IdeState,Inactive,,*,-1,-1,,,,
616,2025-02-28T13:32:58.181-05:00,IdeState,Inactive,,*,-1,-1,,,,
617,2025-02-28T13:32:59.196-05:00,IdeState,Inactive,,*,-1,-1,,,,
618,2025-02-28T13:33:00.208-05:00,IdeState,Inactive,,*,-1,-1,,,,
619,2025-02-28T13:33:01.211-05:00,IdeState,Inactive,,*,-1,-1,,,,
620,2025-02-28T13:33:02.216-05:00,IdeState,Inactive,,*,-1,-1,,,,
621,2025-02-28T13:33:03.310-05:00,IdeState,Inactive,,*,-1,-1,,,,
622,2025-02-28T13:33:04.321-05:00,IdeState,Inactive,,*,-1,-1,,,,
623,2025-02-28T13:33:05.335-05:00,IdeState,Inactive,,*,-1,-1,,,,
624,2025-02-28T13:33:06.371-05:00,IdeState,Inactive,,*,-1,-1,,,,
625,2025-02-28T13:33:07.537-05:00,IdeState,Inactive,,*,-1,-1,,,,
626,2025-02-28T13:33:08.549-05:00,IdeState,Inactive,,*,-1,-1,,,,
627,2025-02-28T13:33:09.573-05:00,IdeState,Inactive,,*,-1,-1,,,,
628,2025-02-28T13:33:10.583-05:00,IdeState,Inactive,,*,-1,-1,,,,
629,2025-02-28T13:33:11.597-05:00,IdeState,Inactive,,*,-1,-1,,,,
630,2025-02-28T13:33:12.612-05:00,IdeState,Inactive,,*,-1,-1,,,,
631,2025-02-28T13:33:13.612-05:00,IdeState,Inactive,,*,-1,-1,,,,
632,2025-02-28T13:33:14.625-05:00,IdeState,Inactive,,*,-1,-1,,,,
633,2025-02-28T13:33:15.690-05:00,IdeState,Inactive,,*,-1,-1,,,,
634,2025-02-28T13:33:16.699-05:00,IdeState,Inactive,,*,-1,-1,,,,
635,2025-02-28T13:33:17.807-05:00,IdeState,Inactive,,*,-1,-1,,,,
636,2025-02-28T13:33:18.853-05:00,IdeState,Inactive,,*,-1,-1,,,,
637,2025-02-28T13:33:20.093-05:00,IdeState,Inactive,,*,-1,-1,,,,
638,2025-02-28T13:33:21.096-05:00,IdeState,Active,tasktracker,*,-1,-1,,,,
639,2025-02-28T13:33:22.109-05:00,IdeState,Active,tasktracker,*,-1,-1,,,,
640,2025-02-28T13:33:24.076-05:00,IdeState,Inactive,,*,-1,-1,,,,
641,2025-02-28T13:33:25.085-05:00,IdeState,Inactive,,*,-1,-1,,,,
642,2025-02-28T13:33:26.163-05:00,IdeState,Inactive,,*,-1,-1,,,,
643,2025-02-28T13:33:27.177-05:00,IdeState,Inactive,,*,-1,-1,,,,
644,2025-02-28T13:33:28.192-05:00,IdeState,Inactive,,*,-1,-1,,,,
645,2025-02-28T13:33:29.204-05:00,IdeState,Inactive,,*,-1,-1,,,,
646,2025-02-28T13:33:30.218-05:00,IdeState,Inactive,,*,-1,-1,,,,
647,2025-02-28T13:33:31.224-05:00,IdeState,Inactive,,*,-1,-1,,,,
648,2025-02-28T13:33:32.313-05:00,IdeState,Inactive,,*,-1,-1,,,,
649,2025-02-28T13:33:33.480-05:00,IdeState,Inactive,,*,-1,-1,,,,
650,2025-02-28T13:33:34.582-05:00,IdeState,Inactive,,*,-1,-1,,,,
651,2025-02-28T13:33:35.594-05:00,IdeState,Inactive,,*,-1,-1,,,,
652,2025-02-28T13:33:36.606-05:00,IdeState,Inactive,,*,-1,-1,,,,
653,2025-02-28T13:33:37.609-05:00,IdeState,Inactive,,*,-1,-1,,,,
654,2025-02-28T13:33:38.616-05:00,IdeState,Inactive,,*,-1,-1,,,,
655,2025-02-28T13:33:39.631-05:00,IdeState,Inactive,,*,-1,-1,,,,
656,2025-02-28T13:33:40.647-05:00,IdeState,Inactive,,*,-1,-1,,,,
657,2025-02-28T13:33:41.650-05:00,IdeState,Inactive,,*,-1,-1,,,,
658,2025-02-28T13:33:42.766-05:00,IdeState,Inactive,,*,-1,-1,,,,
659,2025-02-28T13:33:43.790-05:00,IdeState,Inactive,,*,-1,-1,,,,
660,2025-02-28T13:33:44.805-05:00,IdeState,Inactive,,*,-1,-1,,,,
661,2025-02-28T13:33:45.811-05:00,IdeState,Inactive,,*,-1,-1,,,,
662,2025-02-28T13:33:46.834-05:00,IdeState,Inactive,,*,-1,-1,,,,
663,2025-02-28T13:33:47.924-05:00,IdeState,Inactive,,*,-1,-1,,,,
664,2025-02-28T13:33:48.961-05:00,IdeState,Inactive,,*,-1,-1,,,,
665,2025-02-28T13:33:49.983-05:00,IdeState,Inactive,,*,-1,-1,,,,
666,2025-02-28T13:33:50.991-05:00,IdeState,Inactive,,*,-1,-1,,,,
667,2025-02-28T13:33:52.018-05:00,IdeState,Inactive,,*,-1,-1,,,,
668,2025-02-28T13:33:53.023-05:00,IdeState,Inactive,,*,-1,-1,,,,
669,2025-02-28T13:33:54.040-05:00,IdeState,Inactive,,*,-1,-1,,,,
670,2025-02-28T13:33:55.188-05:00,IdeState,Inactive,,*,-1,-1,,,,
671,2025-02-28T13:33:56.194-05:00,IdeState,Inactive,,*,-1,-1,,,,
672,2025-02-28T13:33:57.210-05:00,IdeState,Inactive,,*,-1,-1,,,,
673,2025-02-28T13:33:58.222-05:00,IdeState,Inactive,,*,-1,-1,,,,
674,2025-02-28T13:33:59.227-05:00,IdeState,Inactive,,*,-1,-1,,,,
675,2025-02-28T13:34:00.228-05:00,IdeState,Inactive,,*,-1,-1,,,,
676,2025-02-28T13:34:01.247-05:00,IdeState,Inactive,,*,-1,-1,,,,
677,2025-02-28T13:34:02.262-05:00,IdeState,Inactive,,*,-1,-1,,,,
678,2025-02-28T13:34:03.274-05:00,IdeState,Inactive,,*,-1,-1,,,,
679,2025-02-28T13:34:04.289-05:00,IdeState,Inactive,,*,-1,-1,,,,
680,2025-02-28T13:34:05.300-05:00,IdeState,Inactive,,*,-1,-1,,,,
681,2025-02-28T13:34:06.315-05:00,IdeState,Inactive,,*,-1,-1,,,,
682,2025-02-28T13:34:07.330-05:00,IdeState,Inactive,,*,-1,-1,,,,
683,2025-02-28T13:34:08.342-05:00,IdeState,Inactive,,*,-1,-1,,,,
684,2025-02-28T13:34:09.357-05:00,IdeState,Inactive,,*,-1,-1,,,,
685,2025-02-28T13:34:10.374-05:00,IdeState,Inactive,,*,-1,-1,,,,
686,2025-02-28T13:34:11.394-05:00,IdeState,Inactive,,*,-1,-1,,,,
687,2025-02-28T13:34:12.407-05:00,IdeState,Inactive,,*,-1,-1,,,,
688,2025-02-28T13:34:13.423-05:00,IdeState,Inactive,,*,-1,-1,,,,
689,2025-02-28T13:34:14.433-05:00,IdeState,Inactive,,*,-1,-1,,,,
690,2025-02-28T13:34:15.448-05:00,IdeState,Inactive,,*,-1,-1,,,,
691,2025-02-28T13:34:16.462-05:00,IdeState,Inactive,,*,-1,-1,,,,
692,2025-02-28T13:34:17.464-05:00,IdeState,Inactive,,*,-1,-1,,,,
693,2025-02-28T13:34:18.470-05:00,IdeState,Inactive,,*,-1,-1,,,,
694,2025-02-28T13:34:19.471-05:00,IdeState,Inactive,,*,-1,-1,,,,
695,2025-02-28T13:34:20.486-05:00,IdeState,Inactive,,*,-1,-1,,,,
696,2025-02-28T13:34:21.499-05:00,IdeState,Inactive,,*,-1,-1,,,,
697,2025-02-28T13:34:22.542-05:00,IdeState,Inactive,,*,-1,-1,,,,
698,2025-02-28T13:34:23.663-05:00,IdeState,Inactive,,*,-1,-1,,,,
699,2025-02-28T13:34:24.993-05:00,IdeState,Inactive,,*,-1,-1,,,,
700,2025-02-28T13:34:25.994-05:00,IdeState,Inactive,,*,-1,-1,,,,
701,2025-02-28T13:34:26.997-05:00,IdeState,Inactive,,*,-1,-1,,,,
702,2025-02-28T13:34:28.004-05:00,IdeState,Inactive,,*,-1,-1,,,,
703,2025-02-28T13:34:29.018-05:00,IdeState,Inactive,,*,-1,-1,,,,
704,2025-02-28T13:34:30.034-05:00,IdeState,Inactive,,*,-1,-1,,,,
705,2025-02-28T13:34:31.051-05:00,IdeState,Inactive,,*,-1,-1,,,,
706,2025-02-28T13:34:32.065-05:00,IdeState,Inactive,,*,-1,-1,,,,
707,2025-02-28T13:34:33.080-05:00,IdeState,Inactive,,*,-1,-1,,,,
708,2025-02-28T13:34:34.083-05:00,IdeState,Inactive,,*,-1,-1,,,,
709,2025-02-28T13:34:35.086-05:00,IdeState,Inactive,,*,-1,-1,,,,
710,2025-02-28T13:34:36.101-05:00,IdeState,Inactive,,*,-1,-1,,,,
711,2025-02-28T13:34:37.115-05:00,IdeState,Inactive,,*,-1,-1,,,,
712,2025-02-28T13:34:38.127-05:00,IdeState,Inactive,,*,-1,-1,,,,
713,2025-02-28T13:34:39.143-05:00,IdeState,Inactive,,*,-1,-1,,,,
714,2025-02-28T13:34:40.157-05:00,IdeState,Inactive,,*,-1,-1,,,,
715,2025-02-28T13:34:41.162-05:00,IdeState,Inactive,,*,-1,-1,,,,
716,2025-02-28T13:34:42.166-05:00,IdeState,Inactive,,*,-1,-1,,,,
717,2025-02-28T13:34:43.173-05:00,IdeState,Inactive,,*,-1,-1,,,,
718,2025-02-28T13:34:44.181-05:00,IdeState,Inactive,,*,-1,-1,,,,
719,2025-02-28T13:34:45.186-05:00,IdeState,Inactive,,*,-1,-1,,,,
720,2025-02-28T13:34:46.197-05:00,IdeState,Inactive,,*,-1,-1,,,,
721,2025-02-28T13:34:47.208-05:00,IdeState,Inactive,,*,-1,-1,,,,
722,2025-02-28T13:34:48.227-05:00,IdeState,Inactive,,*,-1,-1,,,,
723,2025-02-28T13:34:49.239-05:00,IdeState,Inactive,,*,-1,-1,,,,
724,2025-02-28T13:34:50.251-05:00,IdeState,Inactive,,*,-1,-1,,,,
725,2025-02-28T13:34:51.257-05:00,IdeState,Inactive,,*,-1,-1,,,,
726,2025-02-28T13:34:52.261-05:00,IdeState,Inactive,,*,-1,-1,,,,
727,2025-02-28T13:34:53.263-05:00,IdeState,Inactive,,*,-1,-1,,,,
728,2025-02-28T13:34:54.278-05:00,IdeState,Inactive,,*,-1,-1,,,,
729,2025-02-28T13:34:55.293-05:00,IdeState,Inactive,,*,-1,-1,,,,
730,2025-02-28T13:34:56.309-05:00,IdeState,Inactive,,*,-1,-1,,,,
731,2025-02-28T13:34:57.323-05:00,IdeState,Inactive,,*,-1,-1,,,,
732,2025-02-28T13:34:58.340-05:00,IdeState,Inactive,,*,-1,-1,,,,
733,2025-02-28T13:34:59.358-05:00,IdeState,Inactive,,*,-1,-1,,,,
734,2025-02-28T13:35:00.367-05:00,IdeState,Inactive,,*,-1,-1,,,,
735,2025-02-28T13:35:01.414-05:00,IdeState,Inactive,,*,-1,-1,,,,
736,2025-02-28T13:35:02.424-05:00,IdeState,Inactive,,*,-1,-1,,,,
737,2025-02-28T13:35:03.440-05:00,IdeState,Inactive,,*,-1,-1,,,,
738,2025-02-28T13:35:04.453-05:00,IdeState,Inactive,,*,-1,-1,,,,
739,2025-02-28T13:35:05.471-05:00,IdeState,Inactive,,*,-1,-1,,,,
740,2025-02-28T13:35:06.482-05:00,IdeState,Inactive,,*,-1,-1,,,,
741,2025-02-28T13:35:07.494-05:00,IdeState,Inactive,,*,-1,-1,,,,
742,2025-02-28T13:35:08.495-05:00,IdeState,Inactive,,*,-1,-1,,,,
743,2025-02-28T13:35:09.513-05:00,IdeState,Inactive,,*,-1,-1,,,,
744,2025-02-28T13:35:10.535-05:00,IdeState,Inactive,,*,-1,-1,,,,
745,2025-02-28T13:35:11.546-05:00,IdeState,Inactive,,*,-1,-1,,,,
746,2025-02-28T13:35:12.550-05:00,IdeState,Inactive,,*,-1,-1,,,,
747,2025-02-28T13:35:13.623-05:00,IdeState,Inactive,,*,-1,-1,,,,
748,2025-02-28T13:35:14.751-05:00,IdeState,Inactive,,*,-1,-1,,,,
749,2025-02-28T13:35:15.780-05:00,IdeState,Inactive,,*,-1,-1,,,,
750,2025-02-28T13:35:16.793-05:00,IdeState,Inactive,,*,-1,-1,,,,
751,2025-02-28T13:35:17.809-05:00,IdeState,Inactive,,*,-1,-1,,,,
752,2025-02-28T13:35:18.824-05:00,IdeState,Inactive,,*,-1,-1,,,,
753,2025-02-28T13:35:19.841-05:00,IdeState,Inactive,,*,-1,-1,,,,
754,2025-02-28T13:35:20.843-05:00,IdeState,Inactive,,*,-1,-1,,,,
755,2025-02-28T13:35:21.846-05:00,IdeState,Inactive,,*,-1,-1,,,,
756,2025-02-28T13:35:22.898-05:00,IdeState,Inactive,,*,-1,-1,,,,
757,2025-02-28T13:35:23.923-05:00,IdeState,Inactive,,*,-1,-1,,,,
758,2025-02-28T13:35:24.938-05:00,IdeState,Inactive,,*,-1,-1,,,,
759,2025-02-28T13:35:25.952-05:00,IdeState,Inactive,,*,-1,-1,,,,
760,2025-02-28T13:35:26.962-05:00,IdeState,Inactive,,*,-1,-1,,,,
761,2025-02-28T13:35:27.975-05:00,IdeState,Inactive,,*,-1,-1,,,,
762,2025-02-28T13:35:29.329-05:00,IdeState,Inactive,,*,-1,-1,,,,
763,2025-02-28T13:35:30.396-05:00,IdeState,Inactive,,*,-1,-1,,,,
764,2025-02-28T13:35:31.406-05:00,IdeState,Inactive,,*,-1,-1,,,,
765,2025-02-28T13:35:32.423-05:00,IdeState,Inactive,,*,-1,-1,,,,
766,2025-02-28T13:35:33.438-05:00,IdeState,Inactive,,*,-1,-1,,,,
767,2025-02-28T13:35:34.456-05:00,IdeState,Inactive,,*,-1,-1,,,,
768,2025-02-28T13:35:35.466-05:00,IdeState,Inactive,,*,-1,-1,,,,
769,2025-02-28T13:35:36.475-05:00,IdeState,Inactive,,*,-1,-1,,,,
770,2025-02-28T13:35:37.492-05:00,IdeState,Inactive,,*,-1,-1,,,,
771,2025-02-28T13:35:38.501-05:00,IdeState,Inactive,,*,-1,-1,,,,
772,2025-02-28T13:35:39.513-05:00,IdeState,Inactive,,*,-1,-1,,,,
773,2025-02-28T13:35:40.515-05:00,IdeState,Inactive,,*,-1,-1,,,,
774,2025-02-28T13:35:41.523-05:00,IdeState,Inactive,,*,-1,-1,,,,
775,2025-02-28T13:35:42.537-05:00,IdeState,Inactive,,*,-1,-1,,,,
776,2025-02-28T13:35:43.538-05:00,IdeState,Inactive,,*,-1,-1,,,,
777,2025-02-28T13:35:44.623-05:00,IdeState,Inactive,,*,-1,-1,,,,
778,2025-02-28T13:35:45.631-05:00,IdeState,Inactive,,*,-1,-1,,,,
779,2025-02-28T13:35:46.646-05:00,IdeState,Inactive,,*,-1,-1,,,,
780,2025-02-28T13:35:47.666-05:00,IdeState,Inactive,,*,-1,-1,,,,
781,2025-02-28T13:35:48.673-05:00,IdeState,Inactive,,*,-1,-1,,,,
782,2025-02-28T13:35:49.851-05:00,IdeState,Inactive,,*,-1,-1,,,,
783,2025-02-28T13:35:50.873-05:00,IdeState,Inactive,,*,-1,-1,,,,
784,2025-02-28T13:35:51.890-05:00,IdeState,Inactive,,*,-1,-1,,,,
785,2025-02-28T13:35:53.524-05:00,IdeState,Inactive,,*,-1,-1,,,,
786,2025-02-28T13:35:54.557-05:00,IdeState,Inactive,,*,-1,-1,,,,
787,2025-02-28T13:35:55.673-05:00,IdeState,Inactive,,*,-1,-1,,,,
788,2025-02-28T13:35:56.746-05:00,IdeState,Inactive,,*,-1,-1,,,,
789,2025-02-28T13:35:57.753-05:00,IdeState,Inactive,,*,-1,-1,,,,
790,2025-02-28T13:35:58.767-05:00,IdeState,Inactive,,*,-1,-1,,,,
791,2025-02-28T13:35:59.769-05:00,IdeState,Inactive,,*,-1,-1,,,,
792,2025-02-28T13:36:00.782-05:00,IdeState,Inactive,,*,-1,-1,,,,
793,2025-02-28T13:36:01.784-05:00,IdeState,Inactive,,*,-1,-1,,,,
794,2025-02-28T13:36:02.800-05:00,IdeState,Inactive,,*,-1,-1,,,,
795,2025-02-28T13:36:03.908-05:00,IdeState,Inactive,,*,-1,-1,,,,
796,2025-02-28T13:36:04.930-05:00,IdeState,Inactive,,*,-1,-1,,,,
797,2025-02-28T13:36:05.941-05:00,IdeState,Inactive,,*,-1,-1,,,,
798,2025-02-28T13:36:06.954-05:00,IdeState,Inactive,,*,-1,-1,,,,
799,2025-02-28T13:36:07.985-05:00,IdeState,Inactive,,*,-1,-1,,,,
800,2025-02-28T13:36:09.000-05:00,IdeState,Inactive,,*,-1,-1,,,,
801,2025-02-28T13:36:10.015-05:00,IdeState,Inactive,,*,-1,-1,,,,
802,2025-02-28T13:36:11.018-05:00,IdeState,Inactive,,*,-1,-1,,,,
803,2025-02-28T13:36:12.019-05:00,IdeState,Inactive,,*,-1,-1,,,,
804,2025-02-28T13:36:13.084-05:00,IdeState,Inactive,,*,-1,-1,,,,
805,2025-02-28T13:36:14.117-05:00,IdeState,Inactive,,*,-1,-1,,,,
806,2025-02-28T13:36:15.131-05:00,IdeState,Inactive,,*,-1,-1,,,,
807,2025-02-28T13:36:16.144-05:00,IdeState,Inactive,,*,-1,-1,,,,
808,2025-02-28T13:36:17.148-05:00,IdeState,Inactive,,*,-1,-1,,,,
809,2025-02-28T13:36:18.158-05:00,IdeState,Inactive,,*,-1,-1,,,,
810,2025-02-28T13:36:19.185-05:00,IdeState,Inactive,,*,-1,-1,,,,
811,2025-02-28T13:36:20.190-05:00,IdeState,Inactive,,*,-1,-1,,,,
812,2025-02-28T13:36:21.205-05:00,IdeState,Inactive,,*,-1,-1,,,,
813,2025-02-28T13:36:22.209-05:00,IdeState,Inactive,,*,-1,-1,,,,
814,2025-02-28T13:36:23.213-05:00,IdeState,Inactive,,*,-1,-1,,,,
815,2025-02-28T13:36:24.228-05:00,IdeState,Inactive,,*,-1,-1,,,,
816,2025-02-28T13:36:25.230-05:00,IdeState,Inactive,,*,-1,-1,,,,
817,2025-02-28T13:36:26.246-05:00,IdeState,Inactive,,*,-1,-1,,,,
818,2025-02-28T13:36:27.248-05:00,IdeState,Inactive,,*,-1,-1,,,,
819,2025-02-28T13:36:28.261-05:00,IdeState,Inactive,,*,-1,-1,,,,
820,2025-02-28T13:36:29.266-05:00,IdeState,Inactive,,*,-1,-1,,,,
821,2025-02-28T13:36:30.283-05:00,IdeState,Inactive,,*,-1,-1,,,,
822,2025-02-28T13:36:31.288-05:00,IdeState,Inactive,,*,-1,-1,,,,
823,2025-02-28T13:36:32.304-05:00,IdeState,Inactive,,*,-1,-1,,,,
824,2025-02-28T13:36:33.319-05:00,IdeState,Inactive,,*,-1,-1,,,,
825,2025-02-28T13:36:34.331-05:00,IdeState,Inactive,,*,-1,-1,,,,
826,2025-02-28T13:36:35.349-05:00,IdeState,Inactive,,*,-1,-1,,,,
827,2025-02-28T13:36:36.362-05:00,IdeState,Inactive,,*,-1,-1,,,,
828,2025-02-28T13:36:37.376-05:00,IdeState,Inactive,,*,-1,-1,,,,
829,2025-02-28T13:36:38.387-05:00,IdeState,Inactive,,*,-1,-1,,,,
830,2025-02-28T13:36:39.391-05:00,IdeState,Inactive,,*,-1,-1,,,,
831,2025-02-28T13:36:40.393-05:00,IdeState,Inactive,,*,-1,-1,,,,
832,2025-02-28T13:36:41.409-05:00,IdeState,Inactive,,*,-1,-1,,,,
833,2025-02-28T13:36:42.427-05:00,IdeState,Inactive,,*,-1,-1,,,,
834,2025-02-28T13:36:43.441-05:00,IdeState,Inactive,,*,-1,-1,,,,
835,2025-02-28T13:36:44.454-05:00,IdeState,Inactive,,*,-1,-1,,,,
836,2025-02-28T13:36:45.469-05:00,IdeState,Inactive,,*,-1,-1,,,,
837,2025-02-28T13:36:46.472-05:00,IdeState,Inactive,,*,-1,-1,,,,
838,2025-02-28T13:36:47.484-05:00,IdeState,Inactive,,*,-1,-1,,,,
839,2025-02-28T13:36:48.495-05:00,IdeState,Inactive,,*,-1,-1,,,,
840,2025-02-28T13:36:49.506-05:00,IdeState,Inactive,,*,-1,-1,,,,
841,2025-02-28T13:36:50.516-05:00,IdeState,Inactive,,*,-1,-1,,,,
842,2025-02-28T13:36:51.531-05:00,IdeState,Inactive,,*,-1,-1,,,,
843,2025-02-28T13:36:52.546-05:00,IdeState,Inactive,,*,-1,-1,,,,
844,2025-02-28T13:36:53.561-05:00,IdeState,Inactive,,*,-1,-1,,,,
845,2025-02-28T13:36:54.577-05:00,IdeState,Inactive,,*,-1,-1,,,,
846,2025-02-28T13:36:55.590-05:00,IdeState,Inactive,,*,-1,-1,,,,
847,2025-02-28T13:36:56.604-05:00,IdeState,Inactive,,*,-1,-1,,,,
848,2025-02-28T13:36:57.619-05:00,IdeState,Inactive,,*,-1,-1,,,,
849,2025-02-28T13:36:58.625-05:00,IdeState,Inactive,,*,-1,-1,,,,
850,2025-02-28T13:36:59.641-05:00,IdeState,Inactive,,*,-1,-1,,,,
851,2025-02-28T13:37:00.656-05:00,IdeState,Inactive,,*,-1,-1,,,,
852,2025-02-28T13:37:01.668-05:00,IdeState,Inactive,,*,-1,-1,,,,
853,2025-02-28T13:37:02.702-05:00,IdeState,Inactive,,*,-1,-1,,,,
854,2025-02-28T13:37:03.713-05:00,IdeState,Inactive,,*,-1,-1,,,,
855,2025-02-28T13:37:04.742-05:00,IdeState,Inactive,,*,-1,-1,,,,
856,2025-02-28T13:37:05.754-05:00,IdeState,Inactive,,*,-1,-1,,,,
857,2025-02-28T13:37:06.772-05:00,IdeState,Inactive,,*,-1,-1,,,,
858,2025-02-28T13:37:07.788-05:00,IdeState,Inactive,,*,-1,-1,,,,
859,2025-02-28T13:37:08.803-05:00,IdeState,Inactive,,*,-1,-1,,,,
860,2025-02-28T13:37:09.812-05:00,IdeState,Inactive,,*,-1,-1,,,,
861,2025-02-28T13:37:10.825-05:00,IdeState,Inactive,,*,-1,-1,,,,
862,2025-02-28T13:37:11.944-05:00,IdeState,Inactive,,*,-1,-1,,,,
863,2025-02-28T13:37:12.963-05:00,IdeState,Inactive,,*,-1,-1,,,,
864,2025-02-28T13:37:13.981-05:00,IdeState,Inactive,,*,-1,-1,,,,
865,2025-02-28T13:37:15.140-05:00,IdeState,Inactive,,*,-1,-1,,,,
866,2025-02-28T13:37:16.141-05:00,IdeState,Inactive,,*,-1,-1,,,,
867,2025-02-28T13:37:17.160-05:00,IdeState,Inactive,,*,-1,-1,,,,
868,2025-02-28T13:37:18.170-05:00,IdeState,Inactive,,*,-1,-1,,,,
869,2025-02-28T13:37:19.182-05:00,IdeState,Inactive,,*,-1,-1,,,,
870,2025-02-28T13:37:20.194-05:00,IdeState,Inactive,,*,-1,-1,,,,
871,2025-02-28T13:37:21.205-05:00,IdeState,Inactive,,*,-1,-1,,,,
872,2025-02-28T13:37:22.217-05:00,IdeState,Inactive,,*,-1,-1,,,,
873,2025-02-28T13:37:23.234-05:00,IdeState,Inactive,,*,-1,-1,,,,
874,2025-02-28T13:37:24.247-05:00,IdeState,Inactive,,*,-1,-1,,,,
875,2025-02-28T13:37:25.260-05:00,IdeState,Inactive,,*,-1,-1,,,,
876,2025-02-28T13:37:26.277-05:00,IdeState,Inactive,,*,-1,-1,,,,
877,2025-02-28T13:37:27.290-05:00,IdeState,Inactive,,*,-1,-1,,,,
878,2025-02-28T13:37:28.303-05:00,IdeState,Inactive,,*,-1,-1,,,,
879,2025-02-28T13:37:29.320-05:00,IdeState,Inactive,,*,-1,-1,,,,
880,2025-02-28T13:37:30.331-05:00,IdeState,Inactive,,*,-1,-1,,,,
881,2025-02-28T13:37:31.382-05:00,IdeState,Inactive,,*,-1,-1,,,,
882,2025-02-28T13:37:32.404-05:00,IdeState,Inactive,,*,-1,-1,,,,
883,2025-02-28T13:37:33.406-05:00,IdeState,Inactive,,*,-1,-1,,,,
884,2025-02-28T13:37:34.418-05:00,IdeState,Inactive,,*,-1,-1,,,,
885,2025-02-28T13:37:35.428-05:00,IdeState,Inactive,,*,-1,-1,,,,
886,2025-02-28T13:37:36.442-05:00,IdeState,Inactive,,*,-1,-1,,,,
887,2025-02-28T13:37:37.444-05:00,IdeState,Inactive,,*,-1,-1,,,,
888,2025-02-28T13:37:38.454-05:00,IdeState,Inactive,,*,-1,-1,,,,
889,2025-02-28T13:37:39.470-05:00,IdeState,Inactive,,*,-1,-1,,,,
890,2025-02-28T13:37:40.482-05:00,IdeState,Inactive,,*,-1,-1,,,,
891,2025-02-28T13:37:41.496-05:00,IdeState,Inactive,,*,-1,-1,,,,
892,2025-02-28T13:37:42.499-05:00,IdeState,Inactive,,*,-1,-1,,,,
893,2025-02-28T13:37:43.655-05:00,IdeState,Inactive,,*,-1,-1,,,,
894,2025-02-28T13:37:44.739-05:00,IdeState,Inactive,,*,-1,-1,,,,
895,2025-02-28T13:37:45.752-05:00,IdeState,Inactive,,*,-1,-1,,,,
896,2025-02-28T13:37:46.767-05:00,IdeState,Inactive,,*,-1,-1,,,,
897,2025-02-28T13:37:47.773-05:00,IdeState,Inactive,,*,-1,-1,,,,
898,2025-02-28T13:37:48.788-05:00,IdeState,Inactive,,*,-1,-1,,,,
899,2025-02-28T13:37:49.791-05:00,IdeState,Inactive,,*,-1,-1,,,,
900,2025-02-28T13:37:50.794-05:00,IdeState,Inactive,,*,-1,-1,,,,
901,2025-02-28T13:37:51.804-05:00,IdeState,Inactive,,*,-1,-1,,,,
902,2025-02-28T13:37:52.809-05:00,IdeState,Inactive,,*,-1,-1,,,,
903,2025-02-28T13:37:53.825-05:00,IdeState,Inactive,,*,-1,-1,,,,
904,2025-02-28T13:37:54.828-05:00,IdeState,Inactive,,*,-1,-1,,,,
905,2025-02-28T13:37:55.843-05:00,IdeState,Inactive,,*,-1,-1,,,,
906,2025-02-28T13:37:56.864-05:00,IdeState,Inactive,,*,-1,-1,,,,
907,2025-02-28T13:37:57.871-05:00,IdeState,Inactive,,*,-1,-1,,,,
908,2025-02-28T13:37:58.969-05:00,IdeState,Inactive,,*,-1,-1,,,,
909,2025-02-28T13:37:59.985-05:00,IdeState,Inactive,,*,-1,-1,,,,
910,2025-02-28T13:38:01.084-05:00,IdeState,Inactive,,*,-1,-1,,,,
911,2025-02-28T13:38:02.091-05:00,IdeState,Inactive,,*,-1,-1,,,,
912,2025-02-28T13:38:03.102-05:00,IdeState,Inactive,,*,-1,-1,,,,
913,2025-02-28T13:38:04.263-05:00,IdeState,Inactive,,*,-1,-1,,,,
914,2025-02-28T13:38:05.281-05:00,IdeState,Inactive,,*,-1,-1,,,,
915,2025-02-28T13:38:06.294-05:00,IdeState,Inactive,,*,-1,-1,,,,
916,2025-02-28T13:38:07.298-05:00,IdeState,Inactive,,*,-1,-1,,,,
917,2025-02-28T13:38:08.314-05:00,IdeState,Inactive,,*,-1,-1,,,,
918,2025-02-28T13:38:09.326-05:00,IdeState,Inactive,,*,-1,-1,,,,
919,2025-02-28T13:38:10.343-05:00,IdeState,Inactive,,*,-1,-1,,,,
920,2025-02-28T13:38:11.359-05:00,IdeState,Inactive,,*,-1,-1,,,,
921,2025-02-28T13:38:12.374-05:00,IdeState,Inactive,,*,-1,-1,,,,
922,2025-02-28T13:38:13.390-05:00,IdeState,Inactive,,*,-1,-1,,,,
923,2025-02-28T13:38:14.401-05:00,IdeState,Inactive,,*,-1,-1,,,,
924,2025-02-28T13:38:15.415-05:00,IdeState,Inactive,,*,-1,-1,,,,
925,2025-02-28T13:38:16.440-05:00,IdeState,Inactive,,*,-1,-1,,,,
926,2025-02-28T13:38:17.454-05:00,IdeState,Inactive,,*,-1,-1,,,,
927,2025-02-28T13:38:18.464-05:00,IdeState,Inactive,,*,-1,-1,,,,
928,2025-02-28T13:38:19.477-05:00,IdeState,Inactive,,*,-1,-1,,,,
929,2025-02-28T13:38:20.491-05:00,IdeState,Inactive,,*,-1,-1,,,,
930,2025-02-28T13:38:21.616-05:00,IdeState,Inactive,,*,-1,-1,,,,
931,2025-02-28T13:38:22.625-05:00,IdeState,Inactive,,*,-1,-1,,,,
932,2025-02-28T13:38:23.629-05:00,IdeState,Inactive,,*,-1,-1,,,,
933,2025-02-28T13:38:24.640-05:00,IdeState,Inactive,,*,-1,-1,,,,
934,2025-02-28T13:38:25.642-05:00,IdeState,Inactive,,*,-1,-1,,,,
935,2025-02-28T13:38:26.645-05:00,IdeState,Inactive,,*,-1,-1,,,,
936,2025-02-28T13:38:27.658-05:00,IdeState,Inactive,,*,-1,-1,,,,
937,2025-02-28T13:38:28.675-05:00,IdeState,Inactive,,*,-1,-1,,,,
938,2025-02-28T13:38:29.687-05:00,IdeState,Inactive,,*,-1,-1,,,,
939,2025-02-28T13:38:30.691-05:00,IdeState,Inactive,,*,-1,-1,,,,
940,2025-02-28T13:38:31.704-05:00,IdeState,Inactive,,*,-1,-1,,,,
941,2025-02-28T13:38:32.717-05:00,IdeState,Inactive,,*,-1,-1,,,,
942,2025-02-28T13:38:33.733-05:00,IdeState,Inactive,,*,-1,-1,,,,
943,2025-02-28T13:38:34.837-05:00,IdeState,Inactive,,*,-1,-1,,,,
944,2025-02-28T13:38:35.866-05:00,IdeState,Inactive,,*,-1,-1,,,,
945,2025-02-28T13:38:36.867-05:00,IdeState,Inactive,,*,-1,-1,,,,
946,2025-02-28T13:38:37.883-05:00,IdeState,Inactive,,*,-1,-1,,,,
947,2025-02-28T13:38:38.897-05:00,IdeState,Inactive,,*,-1,-1,,,,
948,2025-02-28T13:38:39.912-05:00,IdeState,Inactive,,*,-1,-1,,,,
949,2025-02-28T13:38:40.914-05:00,IdeState,Inactive,,*,-1,-1,,,,
950,2025-02-28T13:38:41.929-05:00,IdeState,Inactive,,*,-1,-1,,,,
951,2025-02-28T13:38:42.961-05:00,IdeState,Inactive,,*,-1,-1,,,,
952,2025-02-28T13:38:43.973-05:00,IdeState,Inactive,,*,-1,-1,,,,
953,2025-02-28T13:38:44.989-05:00,IdeState,Inactive,,*,-1,-1,,,,
954,2025-02-28T13:38:46.002-05:00,IdeState,Inactive,,*,-1,-1,,,,
955,2025-02-28T13:38:47.135-05:00,IdeState,Inactive,,*,-1,-1,,,,
956,2025-02-28T13:38:48.145-05:00,IdeState,Inactive,,*,-1,-1,,,,
957,2025-02-28T13:38:49.148-05:00,IdeState,Inactive,,*,-1,-1,,,,
958,2025-02-28T13:38:50.165-05:00,IdeState,Inactive,,*,-1,-1,,,,
959,2025-02-28T13:38:51.182-05:00,IdeState,Inactive,,*,-1,-1,,,,
960,2025-02-28T13:38:52.185-05:00,IdeState,Inactive,,*,-1,-1,,,,
961,2025-02-28T13:38:53.200-05:00,IdeState,Inactive,,*,-1,-1,,,,
962,2025-02-28T13:38:54.213-05:00,IdeState,Inactive,,*,-1,-1,,,,
963,2025-02-28T13:38:55.227-05:00,IdeState,Inactive,,*,-1,-1,,,,
964,2025-02-28T13:38:56.244-05:00,IdeState,Inactive,,*,-1,-1,,,,
965,2025-02-28T13:38:57.258-05:00,IdeState,Inactive,,*,-1,-1,,,,
966,2025-02-28T13:38:58.269-05:00,IdeState,Inactive,,*,-1,-1,,,,
967,2025-02-28T13:38:59.285-05:00,IdeState,Inactive,,*,-1,-1,,,,
968,2025-02-28T13:39:00.289-05:00,IdeState,Inactive,,*,-1,-1,,,,
969,2025-02-28T13:39:01.303-05:00,IdeState,Inactive,,*,-1,-1,,,,
970,2025-02-28T13:39:02.332-05:00,IdeState,Inactive,,*,-1,-1,,,,
971,2025-02-28T13:39:03.341-05:00,IdeState,Inactive,,*,-1,-1,,,,
972,2025-02-28T13:39:04.355-05:00,IdeState,Inactive,,*,-1,-1,,,,
973,2025-02-28T13:39:05.359-05:00,IdeState,Inactive,,*,-1,-1,,,,
974,2025-02-28T13:39:06.371-05:00,IdeState,Inactive,,*,-1,-1,,,,
975,2025-02-28T13:39:07.377-05:00,IdeState,Inactive,,*,-1,-1,,,,
976,2025-02-28T13:39:08.382-05:00,IdeState,Inactive,,*,-1,-1,,,,
977,2025-02-28T13:39:09.397-05:00,IdeState,Inactive,,*,-1,-1,,,,
978,2025-02-28T13:39:10.447-05:00,IdeState,Inactive,,*,-1,-1,,,,
979,2025-02-28T13:39:11.481-05:00,IdeState,Inactive,,*,-1,-1,,,,
980,2025-02-28T13:39:12.505-05:00,IdeState,Inactive,,*,-1,-1,,,,
981,2025-02-28T13:39:13.573-05:00,IdeState,Inactive,,*,-1,-1,,,,
982,2025-02-28T13:39:14.583-05:00,IdeState,Inactive,,*,-1,-1,,,,
983,2025-02-28T13:39:15.596-05:00,IdeState,Inactive,,*,-1,-1,,,,
984,2025-02-28T13:39:16.612-05:00,IdeState,Inactive,,*,-1,-1,,,,
985,2025-02-28T13:39:17.627-05:00,IdeState,Inactive,,*,-1,-1,,,,
986,2025-02-28T13:39:18.633-05:00,IdeState,Inactive,,*,-1,-1,,,,
987,2025-02-28T13:39:19.713-05:00,IdeState,Inactive,,*,-1,-1,,,,
988,2025-02-28T13:39:20.727-05:00,IdeState,Inactive,,*,-1,-1,,,,
989,2025-02-28T13:39:21.741-05:00,IdeState,Inactive,,*,-1,-1,,,,
990,2025-02-28T13:39:22.756-05:00,IdeState,Inactive,,*,-1,-1,,,,
991,2025-02-28T13:39:23.760-05:00,IdeState,Inactive,,*,-1,-1,,,,
992,2025-02-28T13:39:24.775-05:00,IdeState,Inactive,,*,-1,-1,,,,
993,2025-02-28T13:39:25.779-05:00,IdeState,Inactive,,*,-1,-1,,,,
994,2025-02-28T13:39:26.792-05:00,IdeState,Inactive,,*,-1,-1,,,,
995,2025-02-28T13:39:27.806-05:00,IdeState,Inactive,,*,-1,-1,,,,
996,2025-02-28T13:39:28.823-05:00,IdeState,Inactive,,*,-1,-1,,,,
997,2025-02-28T13:39:29.844-05:00,IdeState,Inactive,,*,-1,-1,,,,
998,2025-02-28T13:39:30.856-05:00,IdeState,Inactive,,*,-1,-1,,,,
999,2025-02-28T13:39:31.868-05:00,IdeState,Inactive,,*,-1,-1,,,,
1000,2025-02-28T13:39:32.884-05:00,IdeState,Inactive,,*,-1,-1,,,,
1001,2025-02-28T13:39:33.894-05:00,IdeState,Inactive,,*,-1,-1,,,,
1002,2025-02-28T13:39:34.910-05:00,IdeState,Inactive,,*,-1,-1,,,,
1003,2025-02-28T13:39:35.924-05:00,IdeState,Inactive,,*,-1,-1,,,,
1004,2025-02-28T13:39:37.274-05:00,IdeState,Inactive,,*,-1,-1,,,,
1005,2025-02-28T13:39:38.282-05:00,IdeState,Inactive,,*,-1,-1,,,,
1006,2025-02-28T13:39:39.295-05:00,IdeState,Inactive,,*,-1,-1,,,,
1007,2025-02-28T13:39:40.297-05:00,IdeState,Inactive,,*,-1,-1,,,,
1008,2025-02-28T13:39:41.312-05:00,IdeState,Inactive,,*,-1,-1,,,,
1009,2025-02-28T13:39:42.326-05:00,IdeState,Inactive,,*,-1,-1,,,,
1010,2025-02-28T13:39:43.352-05:00,IdeState,Inactive,,*,-1,-1,,,,
1011,2025-02-28T13:39:44.369-05:00,IdeState,Inactive,,*,-1,-1,,,,
1012,2025-02-28T13:39:45.377-05:00,IdeState,Inactive,,*,-1,-1,,,,
1013,2025-02-28T13:39:46.385-05:00,IdeState,Inactive,,*,-1,-1,,,,
1014,2025-02-28T13:39:47.400-05:00,IdeState,Inactive,,*,-1,-1,,,,
1015,2025-02-28T13:39:48.447-05:00,IdeState,Inactive,,*,-1,-1,,,,
1016,2025-02-28T13:39:49.452-05:00,IdeState,Inactive,,*,-1,-1,,,,
1017,2025-02-28T13:39:50.463-05:00,IdeState,Inactive,,*,-1,-1,,,,
1018,2025-02-28T13:39:51.478-05:00,IdeState,Inactive,,*,-1,-1,,,,
1019,2025-02-28T13:39:52.482-05:00,IdeState,Inactive,,*,-1,-1,,,,
1020,2025-02-28T13:39:53.492-05:00,IdeState,Inactive,,*,-1,-1,,,,
1021,2025-02-28T13:39:54.504-05:00,IdeState,Inactive,,*,-1,-1,,,,
1022,2025-02-28T13:39:55.517-05:00,IdeState,Inactive,,*,-1,-1,,,,
1023,2025-02-28T13:39:56.527-05:00,IdeState,Inactive,,*,-1,-1,,,,
1024,2025-02-28T13:39:57.543-05:00,IdeState,Inactive,,*,-1,-1,,,,
1025,2025-02-28T13:39:58.555-05:00,IdeState,Inactive,,*,-1,-1,,,,
1026,2025-02-28T13:39:59.574-05:00,IdeState,Inactive,,*,-1,-1,,,,
1027,2025-02-28T13:40:00.582-05:00,IdeState,Inactive,,*,-1,-1,,,,
1028,2025-02-28T13:40:01.597-05:00,IdeState,Inactive,,*,-1,-1,,,,
1029,2025-02-28T13:40:02.612-05:00,IdeState,Inactive,,*,-1,-1,,,,
1030,2025-02-28T13:40:03.628-05:00,IdeState,Inactive,,*,-1,-1,,,,
1031,2025-02-28T13:40:04.629-05:00,IdeState,Inactive,,*,-1,-1,,,,
1032,2025-02-28T13:40:05.644-05:00,IdeState,Inactive,,*,-1,-1,,,,
1033,2025-02-28T13:40:06.655-05:00,IdeState,Inactive,,*,-1,-1,,,,
1034,2025-02-28T13:40:07.667-05:00,IdeState,Inactive,,*,-1,-1,,,,
1035,2025-02-28T13:40:08.682-05:00,IdeState,Inactive,,*,-1,-1,,,,
1036,2025-02-28T13:40:09.697-05:00,IdeState,Inactive,,*,-1,-1,,,,
1037,2025-02-28T13:40:10.719-05:00,IdeState,Inactive,,*,-1,-1,,,,
1038,2025-02-28T13:40:11.726-05:00,IdeState,Inactive,,*,-1,-1,,,,
1039,2025-02-28T13:40:12.740-05:00,IdeState,Inactive,,*,-1,-1,,,,
1040,2025-02-28T13:40:13.753-05:00,IdeState,Inactive,,*,-1,-1,,,,
1041,2025-02-28T13:40:14.769-05:00,IdeState,Inactive,,*,-1,-1,,,,
1042,2025-02-28T13:40:15.782-05:00,IdeState,Inactive,,*,-1,-1,,,,
1043,2025-02-28T13:40:16.799-05:00,IdeState,Inactive,,*,-1,-1,,,,
1044,2025-02-28T13:40:17.811-05:00,IdeState,Inactive,,*,-1,-1,,,,
1045,2025-02-28T13:40:18.829-05:00,IdeState,Inactive,,*,-1,-1,,,,
1046,2025-02-28T13:40:19.842-05:00,IdeState,Inactive,,*,-1,-1,,,,
1047,2025-02-28T13:40:20.853-05:00,IdeState,Inactive,,*,-1,-1,,,,
1048,2025-02-28T13:40:21.868-05:00,IdeState,Inactive,,*,-1,-1,,,,
1049,2025-02-28T13:40:22.883-05:00,IdeState,Inactive,,*,-1,-1,,,,
1050,2025-02-28T13:40:23.885-05:00,IdeState,Inactive,,*,-1,-1,,,,
1051,2025-02-28T13:40:24.896-05:00,IdeState,Inactive,,*,-1,-1,,,,
1052,2025-02-28T13:40:25.909-05:00,IdeState,Inactive,,*,-1,-1,,,,
1053,2025-02-28T13:40:26.976-05:00,IdeState,Inactive,,*,-1,-1,,,,
1054,2025-02-28T13:40:27.993-05:00,IdeState,Inactive,,*,-1,-1,,,,
1055,2025-02-28T13:40:29.005-05:00,IdeState,Inactive,,*,-1,-1,,,,
1056,2025-02-28T13:40:30.017-05:00,IdeState,Inactive,,*,-1,-1,,,,
1057,2025-02-28T13:40:31.020-05:00,IdeState,Inactive,,*,-1,-1,,,,
1058,2025-02-28T13:40:32.033-05:00,IdeState,Inactive,,*,-1,-1,,,,
1059,2025-02-28T13:40:33.046-05:00,IdeState,Inactive,,*,-1,-1,,,,
1060,2025-02-28T13:40:34.063-05:00,IdeState,Inactive,,*,-1,-1,,,,
1061,2025-02-28T13:40:35.076-05:00,IdeState,Inactive,,*,-1,-1,,,,
1062,2025-02-28T13:40:36.079-05:00,IdeState,Inactive,,*,-1,-1,,,,
1063,2025-02-28T13:40:37.095-05:00,IdeState,Inactive,,*,-1,-1,,,,
1064,2025-02-28T13:40:38.107-05:00,IdeState,Inactive,,*,-1,-1,,,,
1065,2025-02-28T13:40:39.123-05:00,IdeState,Inactive,,*,-1,-1,,,,
1066,2025-02-28T13:40:40.137-05:00,IdeState,Inactive,,*,-1,-1,,,,
1067,2025-02-28T13:40:41.140-05:00,IdeState,Inactive,,*,-1,-1,,,,
1068,2025-02-28T13:40:42.142-05:00,IdeState,Inactive,,*,-1,-1,,,,
1069,2025-02-28T13:40:43.274-05:00,IdeState,Inactive,,*,-1,-1,,,,
1070,2025-02-28T13:40:44.280-05:00,IdeState,Inactive,,*,-1,-1,,,,
1071,2025-02-28T13:40:45.285-05:00,IdeState,Inactive,,*,-1,-1,,,,
1072,2025-02-28T13:40:46.293-05:00,IdeState,Inactive,,*,-1,-1,,,,
1073,2025-02-28T13:40:47.301-05:00,IdeState,Inactive,,*,-1,-1,,,,
1074,2025-02-28T13:40:48.338-05:00,IdeState,Inactive,,*,-1,-1,,,,
1075,2025-02-28T13:40:49.340-05:00,IdeState,Inactive,,*,-1,-1,,,,
1076,2025-02-28T13:40:50.343-05:00,IdeState,Inactive,,*,-1,-1,,,,
1077,2025-02-28T13:40:51.345-05:00,IdeState,Inactive,,*,-1,-1,,,,
1078,2025-02-28T13:40:52.416-05:00,IdeState,Inactive,,*,-1,-1,,,,
1079,2025-02-28T13:40:53.429-05:00,IdeState,Inactive,,*,-1,-1,,,,
1080,2025-02-28T13:40:54.655-05:00,IdeState,Inactive,,*,-1,-1,,,,
1081,2025-02-28T13:40:55.678-05:00,IdeState,Inactive,,*,-1,-1,,,,
1082,2025-02-28T13:40:56.681-05:00,IdeState,Inactive,,*,-1,-1,,,,
1083,2025-02-28T13:40:57.705-05:00,IdeState,Inactive,,*,-1,-1,,,,
1084,2025-02-28T13:40:58.719-05:00,IdeState,Inactive,,*,-1,-1,,,,
1085,2025-02-28T13:40:59.726-05:00,IdeState,Inactive,,*,-1,-1,,,,
1086,2025-02-28T13:41:00.766-05:00,IdeState,Inactive,,*,-1,-1,,,,
1087,2025-02-28T13:41:01.774-05:00,IdeState,Inactive,,*,-1,-1,,,,
1088,2025-02-28T13:41:02.781-05:00,IdeState,Inactive,,*,-1,-1,,,,
1089,2025-02-28T13:41:03.794-05:00,IdeState,Inactive,,*,-1,-1,,,,
1090,2025-02-28T13:41:04.804-05:00,IdeState,Inactive,,*,-1,-1,,,,
1091,2025-02-28T13:41:05.822-05:00,IdeState,Inactive,,*,-1,-1,,,,
1092,2025-02-28T13:41:06.834-05:00,IdeState,Inactive,,*,-1,-1,,,,
1093,2025-02-28T13:41:07.844-05:00,IdeState,Inactive,,*,-1,-1,,,,
1094,2025-02-28T13:41:08.855-05:00,IdeState,Inactive,,*,-1,-1,,,,
1095,2025-02-28T13:41:10.340-05:00,IdeState,Inactive,,*,-1,-1,,,,
1096,2025-02-28T13:41:11.384-05:00,IdeState,Inactive,,*,-1,-1,,,,
1097,2025-02-28T13:41:12.418-05:00,IdeState,Inactive,,*,-1,-1,,,,
1098,2025-02-28T13:41:13.425-05:00,IdeState,Inactive,,*,-1,-1,,,,
1099,2025-02-28T13:41:14.440-05:00,IdeState,Inactive,,*,-1,-1,,,,
1100,2025-02-28T13:41:15.450-05:00,IdeState,Inactive,,*,-1,-1,,,,
1101,2025-02-28T13:41:16.464-05:00,IdeState,Inactive,,*,-1,-1,,,,
1102,2025-02-28T13:41:17.476-05:00,IdeState,Inactive,,*,-1,-1,,,,
1103,2025-02-28T13:41:18.490-05:00,IdeState,Inactive,,*,-1,-1,,,,
1104,2025-02-28T13:41:19.493-05:00,IdeState,Inactive,,*,-1,-1,,,,
1105,2025-02-28T13:41:20.500-05:00,IdeState,Inactive,,*,-1,-1,,,,
1106,2025-02-28T13:41:21.506-05:00,IdeState,Inactive,,*,-1,-1,,,,
1107,2025-02-28T13:41:22.519-05:00,IdeState,Inactive,,*,-1,-1,,,,
1108,2025-02-28T13:41:23.531-05:00,IdeState,Inactive,,*,-1,-1,,,,
1109,2025-02-28T13:41:24.533-05:00,IdeState,Inactive,,*,-1,-1,,,,
1110,2025-02-28T13:41:25.550-05:00,IdeState,Inactive,,*,-1,-1,,,,
1111,2025-02-28T13:41:26.617-05:00,IdeState,Inactive,,*,-1,-1,,,,
1112,2025-02-28T13:41:27.637-05:00,IdeState,Inactive,,*,-1,-1,,,,
1113,2025-02-28T13:41:28.650-05:00,IdeState,Inactive,,*,-1,-1,,,,
1114,2025-02-28T13:41:29.663-05:00,IdeState,Inactive,,*,-1,-1,,,,
1115,2025-02-28T13:41:30.678-05:00,IdeState,Inactive,,*,-1,-1,,,,
1116,2025-02-28T13:41:31.689-05:00,IdeState,Inactive,,*,-1,-1,,,,
1117,2025-02-28T13:41:32.702-05:00,IdeState,Inactive,,*,-1,-1,,,,
1118,2025-02-28T13:41:33.718-05:00,IdeState,Inactive,,*,-1,-1,,,,
1119,2025-02-28T13:41:34.733-05:00,IdeState,Inactive,,*,-1,-1,,,,
1120,2025-02-28T13:41:35.736-05:00,IdeState,Inactive,,*,-1,-1,,,,
1121,2025-02-28T13:41:36.752-05:00,IdeState,Inactive,,*,-1,-1,,,,
1122,2025-02-28T13:41:37.754-05:00,IdeState,Inactive,,*,-1,-1,,,,
1123,2025-02-28T13:41:38.794-05:00,IdeState,Inactive,,*,-1,-1,,,,
1124,2025-02-28T13:41:39.813-05:00,IdeState,Inactive,,*,-1,-1,,,,
1125,2025-02-28T13:41:40.822-05:00,IdeState,Inactive,,*,-1,-1,,,,
1126,2025-02-28T13:41:41.835-05:00,IdeState,Inactive,,*,-1,-1,,,,
1127,2025-02-28T13:41:42.851-05:00,IdeState,Inactive,,*,-1,-1,,,,
1128,2025-02-28T13:41:43.861-05:00,IdeState,Inactive,,*,-1,-1,,,,
1129,2025-02-28T13:41:44.874-05:00,IdeState,Inactive,,*,-1,-1,,,,
1130,2025-02-28T13:41:45.889-05:00,IdeState,Inactive,,*,-1,-1,,,,
1131,2025-02-28T13:41:46.897-05:00,IdeState,Inactive,,*,-1,-1,,,,
1132,2025-02-28T13:41:47.970-05:00,IdeState,Inactive,,*,-1,-1,,,,
1133,2025-02-28T13:41:48.983-05:00,IdeState,Inactive,,*,-1,-1,,,,
1134,2025-02-28T13:41:50.000-05:00,IdeState,Inactive,,*,-1,-1,,,,
1135,2025-02-28T13:41:51.041-05:00,IdeState,Inactive,,*,-1,-1,,,,
1136,2025-02-28T13:41:52.046-05:00,IdeState,Inactive,,*,-1,-1,,,,
1137,2025-02-28T13:41:53.059-05:00,IdeState,Inactive,,*,-1,-1,,,,
1138,2025-02-28T13:41:54.063-05:00,IdeState,Inactive,,*,-1,-1,,,,
1139,2025-02-28T13:41:55.065-05:00,IdeState,Inactive,,*,-1,-1,,,,
1140,2025-02-28T13:41:56.078-05:00,IdeState,Inactive,,*,-1,-1,,,,
1141,2025-02-28T13:41:57.091-05:00,IdeState,Inactive,,*,-1,-1,,,,
1142,2025-02-28T13:41:58.107-05:00,IdeState,Inactive,,*,-1,-1,,,,
1143,2025-02-28T13:41:59.118-05:00,IdeState,Inactive,,*,-1,-1,,,,
1144,2025-02-28T13:42:00.127-05:00,IdeState,Inactive,,*,-1,-1,,,,
1145,2025-02-28T13:42:01.144-05:00,IdeState,Inactive,,*,-1,-1,,,,
1146,2025-02-28T13:42:02.151-05:00,IdeState,Inactive,,*,-1,-1,,,,
1147,2025-02-28T13:42:03.165-05:00,IdeState,Inactive,,*,-1,-1,,,,
1148,2025-02-28T13:42:04.175-05:00,IdeState,Inactive,,*,-1,-1,,,,
1149,2025-02-28T13:42:05.188-05:00,IdeState,Inactive,,*,-1,-1,,,,
1150,2025-02-28T13:42:06.203-05:00,IdeState,Inactive,,*,-1,-1,,,,
1151,2025-02-28T13:42:07.215-05:00,IdeState,Inactive,,*,-1,-1,,,,
1152,2025-02-28T13:42:08.229-05:00,IdeState,Inactive,,*,-1,-1,,,,
1153,2025-02-28T13:42:09.243-05:00,IdeState,Inactive,,*,-1,-1,,,,
1154,2025-02-28T13:42:10.254-05:00,IdeState,Inactive,,*,-1,-1,,,,
1155,2025-02-28T13:42:11.269-05:00,IdeState,Inactive,,*,-1,-1,,,,
1156,2025-02-28T13:42:12.273-05:00,IdeState,Inactive,,*,-1,-1,,,,
1157,2025-02-28T13:42:13.288-05:00,IdeState,Inactive,,*,-1,-1,,,,
1158,2025-02-28T13:42:14.302-05:00,IdeState,Inactive,,*,-1,-1,,,,
1159,2025-02-28T13:42:15.315-05:00,IdeState,Inactive,,*,-1,-1,,,,
1160,2025-02-28T13:42:16.319-05:00,IdeState,Inactive,,*,-1,-1,,,,
1161,2025-02-28T13:42:17.328-05:00,IdeState,Inactive,,*,-1,-1,,,,
1162,2025-02-28T13:42:18.341-05:00,IdeState,Inactive,,*,-1,-1,,,,
1163,2025-02-28T13:42:19.344-05:00,IdeState,Inactive,,*,-1,-1,,,,
1164,2025-02-28T13:42:20.352-05:00,IdeState,Inactive,,*,-1,-1,,,,
1165,2025-02-28T13:42:21.395-05:00,IdeState,Inactive,,*,-1,-1,,,,
1166,2025-02-28T13:42:22.398-05:00,IdeState,Inactive,,*,-1,-1,,,,
1167,2025-02-28T13:42:23.409-05:00,IdeState,Inactive,,*,-1,-1,,,,
1168,2025-02-28T13:42:24.430-05:00,IdeState,Inactive,,*,-1,-1,,,,
1169,2025-02-28T13:42:25.433-05:00,IdeState,Inactive,,*,-1,-1,,,,
1170,2025-02-28T13:42:26.451-05:00,IdeState,Inactive,,*,-1,-1,,,,
1171,2025-02-28T13:42:27.468-05:00,IdeState,Inactive,,*,-1,-1,,,,
1172,2025-02-28T13:42:28.481-05:00,IdeState,Inactive,,*,-1,-1,,,,
1173,2025-02-28T13:42:29.491-05:00,IdeState,Inactive,,*,-1,-1,,,,
1174,2025-02-28T13:42:30.506-05:00,IdeState,Inactive,,*,-1,-1,,,,
1175,2025-02-28T13:42:31.508-05:00,IdeState,Inactive,,*,-1,-1,,,,
1176,2025-02-28T13:42:32.522-05:00,IdeState,Inactive,,*,-1,-1,,,,
1177,2025-02-28T13:42:33.840-05:00,IdeState,Inactive,,*,-1,-1,,,,
1178,2025-02-28T13:42:34.855-05:00,IdeState,Inactive,,*,-1,-1,,,,
1179,2025-02-28T13:42:35.867-05:00,IdeState,Inactive,,*,-1,-1,,,,
1180,2025-02-28T13:42:36.881-05:00,IdeState,Inactive,,*,-1,-1,,,,
1181,2025-02-28T13:42:37.901-05:00,IdeState,Inactive,,*,-1,-1,,,,
1182,2025-02-28T13:42:38.908-05:00,IdeState,Inactive,,*,-1,-1,,,,
1183,2025-02-28T13:42:39.921-05:00,IdeState,Inactive,,*,-1,-1,,,,
1184,2025-02-28T13:42:40.932-05:00,IdeState,Inactive,,*,-1,-1,,,,
1185,2025-02-28T13:42:41.947-05:00,IdeState,Inactive,,*,-1,-1,,,,
1186,2025-02-28T13:42:42.950-05:00,IdeState,Inactive,,*,-1,-1,,,,
1187,2025-02-28T13:42:43.952-05:00,IdeState,Inactive,,*,-1,-1,,,,
1188,2025-02-28T13:42:44.964-05:00,IdeState,Inactive,,*,-1,-1,,,,
1189,2025-02-28T13:42:45.976-05:00,IdeState,Inactive,,*,-1,-1,,,,
1190,2025-02-28T13:42:46.977-05:00,IdeState,Inactive,,*,-1,-1,,,,
1191,2025-02-28T13:42:47.993-05:00,IdeState,Inactive,,*,-1,-1,,,,
1192,2025-02-28T13:42:49.006-05:00,IdeState,Inactive,,*,-1,-1,,,,
1193,2025-02-28T13:42:50.024-05:00,IdeState,Inactive,,*,-1,-1,,,,
1194,2025-02-28T13:42:51.035-05:00,IdeState,Inactive,,*,-1,-1,,,,
1195,2025-02-28T13:42:52.074-05:00,IdeState,Inactive,,*,-1,-1,,,,
1196,2025-02-28T13:42:53.090-05:00,IdeState,Inactive,,*,-1,-1,,,,
1197,2025-02-28T13:42:54.134-05:00,IdeState,Inactive,,*,-1,-1,,,,
1198,2025-02-28T13:42:55.139-05:00,IdeState,Inactive,,*,-1,-1,,,,
1199,2025-02-28T13:42:56.141-05:00,IdeState,Inactive,,*,-1,-1,,,,
1200,2025-02-28T13:42:57.154-05:00,IdeState,Inactive,,*,-1,-1,,,,
1201,2025-02-28T13:42:58.159-05:00,IdeState,Active,tasktracker,*,-1,-1,,,,
1202,2025-02-28T13:42:59.171-05:00,IdeState,Active,tasktracker,*,-1,-1,,,,
1203,2025-02-28T13:43:00.176-05:00,IdeState,Active,tasktracker,*,-1,-1,,,,
1204,2025-02-28T13:43:01.177-05:00,IdeState,Active,tasktracker,*,-1,-1,,,,
1205,2025-02-28T13:43:02.191-05:00,IdeState,Active,tasktracker,*,-1,-1,,,,
1206,2025-02-28T13:43:03.194-05:00,IdeState,Active,tasktracker,*,-1,-1,,,,
1207,2025-02-28T13:43:04.196-05:00,IdeState,Active,tasktracker,*,-1,-1,,,,
1208,2025-02-28T13:43:05.198-05:00,IdeState,Active,tasktracker,*,-1,-1,,,,
1209,2025-02-28T13:43:06.200-05:00,IdeState,Active,tasktracker,*,-1,-1,,,,
1210,2025-02-28T13:43:07.203-05:00,IdeState,Active,tasktracker,*,-1,-1,,,,
1211,2025-02-28T13:43:08.204-05:00,IdeState,Active,tasktracker,*,-1,-1,,,,
1212,2025-02-28T13:43:09.206-05:00,IdeState,Active,tasktracker,*,-1,-1,,,,
1213,2025-02-28T13:43:10.207-05:00,IdeState,Active,tasktracker,*,-1,-1,,,,
1214,2025-02-28T13:43:11.209-05:00,IdeState,Active,tasktracker,*,-1,-1,,,,
1215,2025-02-28T13:43:12.211-05:00,IdeState,Active,tasktracker,*,-1,-1,,,,
1216,2025-02-28T13:43:13.213-05:00,IdeState,Active,tasktracker,*,-1,-1,,,,
1217,2025-02-28T13:43:14.215-05:00,IdeState,Active,tasktracker,*,-1,-1,,,,
1218,2025-02-28T13:43:15.216-05:00,IdeState,Active,tasktracker,*,-1,-1,,,,
1219,2025-02-28T13:43:16.217-05:00,IdeState,Active,tasktracker,*,-1,-1,,,,
1220,2025-02-28T13:43:17.220-05:00,IdeState,Active,tasktracker,*,-1,-1,,,,
1221,2025-02-28T13:43:18.221-05:00,IdeState,Active,tasktracker,*,-1,-1,,,,
1222,2025-02-28T13:43:19.222-05:00,IdeState,Active,tasktracker,*,-1,-1,,,,
1223,2025-02-28T13:43:20.223-05:00,IdeState,Active,tasktracker,*,-1,-1,,,,
1224,2025-02-28T13:43:21.225-05:00,IdeState,Active,tasktracker,*,-1,-1,,,,
1225,2025-02-28T13:43:22.227-05:00,IdeState,Inactive,,*,-1,-1,,,,
1226,2025-02-28T13:43:23.228-05:00,IdeState,Inactive,,*,-1,-1,,,,
1227,2025-02-28T13:43:24.229-05:00,IdeState,Inactive,,*,-1,-1,,,,
1228,2025-02-28T13:43:25.231-05:00,IdeState,Inactive,,*,-1,-1,,,,
1229,2025-02-28T13:43:26.233-05:00,IdeState,Inactive,,*,-1,-1,,,,
1230,2025-02-28T13:43:27.275-05:00,IdeState,Inactive,,*,-1,-1,,,,
1231,2025-02-28T13:43:28.301-05:00,IdeState,Inactive,,*,-1,-1,,,,
1232,2025-02-28T13:43:29.318-05:00,IdeState,Inactive,,*,-1,-1,,,,
1233,2025-02-28T13:43:30.330-05:00,IdeState,Inactive,,*,-1,-1,,,,
1234,2025-02-28T13:43:31.351-05:00,IdeState,Inactive,,*,-1,-1,,,,
1235,2025-02-28T13:43:32.361-05:00,IdeState,Inactive,,*,-1,-1,,,,
1236,2025-02-28T13:43:33.379-05:00,IdeState,Inactive,,*,-1,-1,,,,
1237,2025-02-28T13:43:34.387-05:00,IdeState,Inactive,,*,-1,-1,,,,
1238,2025-02-28T13:43:35.400-05:00,IdeState,Inactive,,*,-1,-1,,,,
1239,2025-02-28T13:43:36.402-05:00,IdeState,Inactive,,*,-1,-1,,,,
1240,2025-02-28T13:43:37.412-05:00,IdeState,Inactive,,*,-1,-1,,,,
1241,2025-02-28T13:43:38.426-05:00,IdeState,Inactive,,*,-1,-1,,,,
1242,2025-02-28T13:43:39.430-05:00,IdeState,Inactive,,*,-1,-1,,,,
1243,2025-02-28T13:43:40.448-05:00,IdeState,Inactive,,*,-1,-1,,,,
1244,2025-02-28T13:43:41.460-05:00,IdeState,Inactive,,*,-1,-1,,,,
1245,2025-02-28T13:43:42.466-05:00,IdeState,Inactive,,*,-1,-1,,,,
1246,2025-02-28T13:43:43.482-05:00,IdeState,Inactive,,*,-1,-1,,,,
1247,2025-02-28T13:43:44.499-05:00,IdeState,Inactive,,*,-1,-1,,,,
1248,2025-02-28T13:43:45.513-05:00,IdeState,Inactive,,*,-1,-1,,,,
1249,2025-02-28T13:43:46.528-05:00,IdeState,Inactive,,*,-1,-1,,,,
1250,2025-02-28T13:43:47.543-05:00,IdeState,Inactive,,*,-1,-1,,,,
1251,2025-02-28T13:43:48.554-05:00,IdeState,Inactive,,*,-1,-1,,,,
1252,2025-02-28T13:43:49.568-05:00,IdeState,Inactive,,*,-1,-1,,,,
1253,2025-02-28T13:43:50.582-05:00,IdeState,Inactive,,*,-1,-1,,,,
1254,2025-02-28T13:43:51.598-05:00,IdeState,Inactive,,*,-1,-1,,,,
1255,2025-02-28T13:43:52.611-05:00,IdeState,Inactive,,*,-1,-1,,,,
1256,2025-02-28T13:43:53.627-05:00,IdeState,Inactive,,*,-1,-1,,,,
1257,2025-02-28T13:43:54.639-05:00,IdeState,Inactive,,*,-1,-1,,,,
1258,2025-02-28T13:43:55.641-05:00,IdeState,Inactive,,*,-1,-1,,,,
1259,2025-02-28T13:43:56.645-05:00,IdeState,Inactive,,*,-1,-1,,,,
1260,2025-02-28T13:43:57.647-05:00,IdeState,Inactive,,*,-1,-1,,,,
1261,2025-02-28T13:43:58.662-05:00,IdeState,Inactive,,*,-1,-1,,,,
1262,2025-02-28T13:43:59.676-05:00,IdeState,Inactive,,*,-1,-1,,,,
1263,2025-02-28T13:44:00.691-05:00,IdeState,Inactive,,*,-1,-1,,,,
1264,2025-02-28T13:44:01.705-05:00,IdeState,Inactive,,*,-1,-1,,,,
1265,2025-02-28T13:44:02.715-05:00,IdeState,Inactive,,*,-1,-1,,,,
1266,2025-02-28T13:44:03.732-05:00,IdeState,Inactive,,*,-1,-1,,,,
1267,2025-02-28T13:44:04.748-05:00,IdeState,Inactive,,*,-1,-1,,,,
1268,2025-02-28T13:44:05.760-05:00,IdeState,Inactive,,*,-1,-1,,,,
1269,2025-02-28T13:44:06.763-05:00,IdeState,Inactive,,*,-1,-1,,,,
1270,2025-02-28T13:44:07.776-05:00,IdeState,Inactive,,*,-1,-1,,,,
1271,2025-02-28T13:44:08.777-05:00,IdeState,Inactive,,*,-1,-1,,,,
1272,2025-02-28T13:44:09.793-05:00,IdeState,Inactive,,*,-1,-1,,,,
1273,2025-02-28T13:44:10.813-05:00,IdeState,Inactive,,*,-1,-1,,,,
1274,2025-02-28T13:44:11.818-05:00,IdeState,Inactive,,*,-1,-1,,,,
1275,2025-02-28T13:44:12.828-05:00,IdeState,Inactive,,*,-1,-1,,,,
1276,2025-02-28T13:44:13.835-05:00,IdeState,Inactive,,*,-1,-1,,,,
1277,2025-02-28T13:44:14.850-05:00,IdeState,Inactive,,*,-1,-1,,,,
1278,2025-02-28T13:44:15.854-05:00,IdeState,Inactive,,*,-1,-1,,,,
1279,2025-02-28T13:44:16.871-05:00,IdeState,Inactive,,*,-1,-1,,,,
1280,2025-02-28T13:44:17.885-05:00,IdeState,Inactive,,*,-1,-1,,,,
1281,2025-02-28T13:44:18.899-05:00,IdeState,Inactive,,*,-1,-1,,,,
1282,2025-02-28T13:44:19.912-05:00,IdeState,Inactive,,*,-1,-1,,,,
1283,2025-02-28T13:44:20.928-05:00,IdeState,Inactive,,*,-1,-1,,,,
1284,2025-02-28T13:44:21.933-05:00,IdeState,Inactive,,*,-1,-1,,,,
1285,2025-02-28T13:44:22.948-05:00,IdeState,Inactive,,*,-1,-1,,,,
1286,2025-02-28T13:44:23.960-05:00,IdeState,Inactive,,*,-1,-1,,,,
1287,2025-02-28T13:44:24.981-05:00,IdeState,Inactive,,*,-1,-1,,,,
1288,2025-02-28T13:44:25.997-05:00,IdeState,Inactive,,*,-1,-1,,,,
1289,2025-02-28T13:44:27.009-05:00,IdeState,Inactive,,*,-1,-1,,,,
1290,2025-02-28T13:44:28.013-05:00,IdeState,Inactive,,*,-1,-1,,,,
1291,2025-02-28T13:44:29.015-05:00,IdeState,Inactive,,*,-1,-1,,,,
1292,2025-02-28T13:44:30.028-05:00,IdeState,Inactive,,*,-1,-1,,,,
1293,2025-02-28T13:44:31.033-05:00,IdeState,Inactive,,*,-1,-1,,,,
1294,2025-02-28T13:44:32.044-05:00,IdeState,Inactive,,*,-1,-1,,,,
1295,2025-02-28T13:44:33.094-05:00,IdeState,Inactive,,*,-1,-1,,,,
1296,2025-02-28T13:44:34.097-05:00,IdeState,Inactive,,*,-1,-1,,,,
1297,2025-02-28T13:44:35.387-05:00,IdeState,Inactive,,*,-1,-1,,,,
1298,2025-02-28T13:44:36.405-05:00,IdeState,Inactive,,*,-1,-1,,,,
1299,2025-02-28T13:44:37.411-05:00,IdeState,Inactive,,*,-1,-1,,,,
1300,2025-02-28T13:44:38.415-05:00,IdeState,Inactive,,*,-1,-1,,,,
1301,2025-02-28T13:44:39.417-05:00,IdeState,Inactive,,*,-1,-1,,,,
1302,2025-02-28T13:44:40.421-05:00,IdeState,Inactive,,*,-1,-1,,,,
1303,2025-02-28T13:44:41.423-05:00,IdeState,Inactive,,*,-1,-1,,,,
1304,2025-02-28T13:44:42.453-05:00,IdeState,Inactive,,*,-1,-1,,,,
1305,2025-02-28T13:44:43.468-05:00,IdeState,Inactive,,*,-1,-1,,,,
1306,2025-02-28T13:44:44.478-05:00,IdeState,Inactive,,*,-1,-1,,,,
1307,2025-02-28T13:44:45.484-05:00,IdeState,Inactive,,*,-1,-1,,,,
1308,2025-02-28T13:44:46.499-05:00,IdeState,Inactive,,*,-1,-1,,,,
1309,2025-02-28T13:44:47.513-05:00,IdeState,Inactive,,*,-1,-1,,,,
1310,2025-02-28T13:44:48.527-05:00,IdeState,Inactive,,*,-1,-1,,,,
1311,2025-02-28T13:44:49.543-05:00,IdeState,Inactive,,*,-1,-1,,,,
1312,2025-02-28T13:44:50.558-05:00,IdeState,Inactive,,*,-1,-1,,,,
1313,2025-02-28T13:44:51.569-05:00,IdeState,Inactive,,*,-1,-1,,,,
1314,2025-02-28T13:44:52.584-05:00,IdeState,Inactive,,*,-1,-1,,,,
1315,2025-02-28T13:44:53.586-05:00,IdeState,Inactive,,*,-1,-1,,,,
1316,2025-02-28T13:44:54.598-05:00,IdeState,Inactive,,*,-1,-1,,,,
1317,2025-02-28T13:44:55.657-05:00,IdeState,Inactive,,*,-1,-1,,,,
1318,2025-02-28T13:44:56.675-05:00,IdeState,Inactive,,*,-1,-1,,,,
1319,2025-02-28T13:44:57.686-05:00,IdeState,Inactive,,*,-1,-1,,,,
1320,2025-02-28T13:44:58.700-05:00,IdeState,Inactive,,*,-1,-1,,,,
1321,2025-02-28T13:44:59.711-05:00,IdeState,Inactive,,*,-1,-1,,,,
1322,2025-02-28T13:45:00.727-05:00,IdeState,Inactive,,*,-1,-1,,,,
1323,2025-02-28T14:04:45.138-05:00,IdeState,NoProject,,*,-1,-1,,,,
1324,2025-02-28T14:04:46.733-05:00,IdeState,Inactive,,*,-1,-1,,,,
1325,2025-02-28T14:04:48.455-05:00,IdeState,Inactive,,*,-1,-1,,,,
1326,2025-02-28T14:04:49.462-05:00,IdeState,Inactive,,*,-1,-1,,,,
1327,2025-02-28T14:04:50.466-05:00,IdeState,Inactive,,*,-1,-1,,,,
1328,2025-02-28T14:04:51.467-05:00,IdeState,Inactive,,*,-1,-1,,,,
1329,2025-02-28T14:04:52.567-05:00,IdeState,Inactive,,*,-1,-1,,,,
1330,2025-02-28T14:04:55.093-05:00,IdeState,Inactive,,*,-1,-1,,,,
1331,2025-02-28T14:04:57.342-05:00,IdeState,Inactive,,*,-1,-1,,,,
1332,2025-02-28T14:04:58.349-05:00,IdeState,Inactive,,*,-1,-1,,,,
1333,2025-02-28T14:04:59.366-05:00,IdeState,Inactive,,*,-1,-1,,,,
1334,2025-02-28T14:05:00.383-05:00,IdeState,Inactive,,*,-1,-1,,,,
1335,2025-02-28T14:05:01.402-05:00,IdeState,Inactive,,*,-1,-1,,,,
1336,2025-02-28T14:05:02.538-05:00,IdeState,Inactive,,*,-1,-1,,,,
1337,2025-02-28T14:05:03.551-05:00,IdeState,Inactive,,*,-1,-1,,,,
1338,2025-02-28T14:05:04.568-05:00,IdeState,Inactive,,*,-1,-1,,,,
1339,2025-02-28T14:05:05.580-05:00,IdeState,Active,Popup,*,-1,-1,,,,
1340,2025-02-28T14:05:06.587-05:00,IdeState,Active,Popup,*,-1,-1,,,,
1341,2025-02-28T14:05:07.602-05:00,IdeState,Active,Popup,*,-1,-1,,,,
1342,2025-02-28T14:05:08.615-05:00,IdeState,Active,Popup,*,-1,-1,,,,
1343,2025-02-28T14:05:09.628-05:00,IdeState,Active,Popup,*,-1,-1,,,,
1344,2025-02-28T14:05:10.630-05:00,IdeState,Active,tasktracker,*,-1,-1,,,,
1345,2025-02-28T14:05:11.631-05:00,IdeState,Active,tasktracker,*,-1,-1,,,,
1346,2025-02-28T14:05:12.228-05:00,Action,SettingsEntryPoint,tasktracker,*,-1,-1,,,,
1347,2025-02-28T14:05:12.663-05:00,IdeState,Active,tasktracker,*,-1,-1,,,,
1348,2025-02-28T14:05:13.667-05:00,IdeState,Active,tasktracker,*,-1,-1,,,,
1349,2025-02-28T14:05:14.710-05:00,IdeState,Active,tasktracker,*,-1,-1,,,,
1350,2025-02-28T15:02:05.137-05:00,IdeState,Inactive,,*,-1,-1,,,,
1351,2025-02-28T15:02:06.211-05:00,IdeState,Inactive,,*,-1,-1,,,,
1352,2025-02-28T15:02:07.667-05:00,IdeState,NoProject,,*,-1,-1,,,,
1353,2025-02-28T15:02:08.722-05:00,IdeState,Active,Popup,*,-1,-1,,,,
1354,2025-02-28T15:02:09.772-05:00,IdeState,Active,Popup,*,-1,-1,,,,
1355,2025-02-28T15:02:10.823-05:00,IdeState,Active,Project,*,-1,-1,,,,
1356,2025-02-28T15:02:11.824-05:00,IdeState,Active,Project,*,-1,-1,,,,
1357,2025-02-28T15:02:12.825-05:00,IdeState,Active,Project,*,-1,-1,,,,
1358,2025-02-28T15:02:13.826-05:00,IdeState,Active,Project,*,-1,-1,,,,
1359,2025-02-28T15:02:14.828-05:00,IdeState,Active,Project,*,-1,-1,,,,
1360,2025-02-28T15:02:15.830-05:00,IdeState,Active,Project,*,-1,-1,,,,
1361,2025-02-28T15:02:16.842-05:00,IdeState,Active,Project,*,-1,-1,,,,
1362,2025-02-28T15:02:17.844-05:00,IdeState,Active,Project,*,-1,-1,,,,
1363,2025-02-28T15:02:18.845-05:00,IdeState,Active,Project,*,-1,-1,,,,
1364,2025-02-28T15:02:19.847-05:00,IdeState,Active,Project,*,-1,-1,,,,
1365,2025-02-28T15:02:20.848-05:00,IdeState,Active,Project,*,-1,-1,,,,
1366,2025-02-28T15:02:21.851-05:00,IdeState,Active,Project,*,-1,-1,,,,
1367,2025-02-28T15:02:22.851-05:00,IdeState,Active,Project,*,-1,-1,,,,
1368,2025-02-28T15:02:23.853-05:00,IdeState,Active,Project,*,-1,-1,,,,
1369,2025-02-28T15:02:24.855-05:00,IdeState,Active,Project,*,-1,-1,,,,
1370,2025-02-28T15:02:25.858-05:00,IdeState,Active,Popup,*,-1,-1,,,,
1371,2025-02-28T15:02:26.859-05:00,IdeState,Active,Popup,*,-1,-1,,,,
1372,2025-02-28T15:02:27.860-05:00,IdeState,Active,Popup,*,-1,-1,,,,
1373,2025-02-28T15:02:28.863-05:00,IdeState,Active,Popup,*,-1,-1,,,,
1374,2025-02-28T15:02:29.865-05:00,IdeState,Active,Popup,*,-1,-1,,,,
1375,2025-02-28T15:02:30.703-05:00,Action,SettingsEntryPoint,Project,*,-1,-1,,,,
1376,2025-02-28T15:02:31.068-05:00,IdeState,Active,Project,*,-1,-1,,,,
1377,2025-02-28T15:02:32.070-05:00,IdeState,Active,Project,*,-1,-1,,,,
1378,2025-02-28T15:02:33.071-05:00,IdeState,Active,Project,*,-1,-1,,,,
1379,2025-02-28T15:02:34.074-05:00,IdeState,Active,Popup,*,-1,-1,,,,
1380,2025-02-28T15:02:35.076-05:00,IdeState,Active,Popup,*,-1,-1,,,,
1381,2025-02-28T15:02:36.077-05:00,IdeState,Active,Dialog,*,-1,-1,,,,
1382,2025-02-28T15:02:37.078-05:00,IdeState,Active,Dialog,*,-1,-1,,,,
1383,2025-02-28T15:02:38.078-05:00,IdeState,Active,Dialog,*,-1,-1,,,,
1384,2025-02-28T15:02:39.079-05:00,IdeState,Active,Dialog,*,-1,-1,,,,
1385,2025-02-28T15:02:40.082-05:00,IdeState,Active,Dialog,*,-1,-1,,,,
1386,2025-02-28T15:02:41.083-05:00,IdeState,Active,Dialog,*,-1,-1,,,,
1387,2025-02-28T15:02:42.104-05:00,IdeState,Active,Project,*,-1,-1,,,,
1388,2025-02-28T15:02:43.105-05:00,IdeState,Active,Project,*,-1,-1,,,,
1389,2025-02-28T15:02:44.106-05:00,IdeState,Active,Project,*,-1,-1,,,,
1390,2025-02-28T15:02:45.107-05:00,IdeState,Active,Project,*,-1,-1,,,,
1391,2025-02-28T15:02:46.108-05:00,IdeState,Active,Project,*,-1,-1,,,,
1392,2025-02-28T15:02:47.110-05:00,IdeState,Active,Project,*,-1,-1,,,,
1393,2025-02-28T15:02:48.110-05:00,IdeState,Active,Project,*,-1,-1,,,,
1394,2025-02-28T15:02:49.110-05:00,IdeState,Active,Project,*,-1,-1,,,,
1395,2025-02-28T15:02:50.112-05:00,IdeState,Active,Project,*,-1,-1,,,,
1396,2025-02-28T15:02:51.112-05:00,IdeState,Active,Project,*,-1,-1,,,,
1397,2025-02-28T15:02:52.125-05:00,IdeState,Active,Project,*,-1,-1,,,,
1398,2025-02-28T15:02:53.127-05:00,IdeState,Active,Project,*,-1,-1,,,,
1399,2025-02-28T15:02:54.128-05:00,IdeState,Active,Project,*,-1,-1,,,,
1400,2025-02-28T15:02:55.131-05:00,IdeState,Active,Project,*,-1,-1,,,,
1401,2025-02-28T15:02:56.132-05:00,IdeState,Active,Project,*,-1,-1,,,,
1402,2025-02-28T15:02:57.133-05:00,IdeState,Active,Project,*,-1,-1,,,,
1403,2025-02-28T15:02:58.134-05:00,IdeState,Active,Project,*,-1,-1,,,,
1404,2025-02-28T15:02:59.136-05:00,IdeState,Active,Project,*,-1,-1,,,,
1405,2025-02-28T15:03:00.137-05:00,IdeState,Active,Project,*,-1,-1,,,,
1406,2025-02-28T15:03:01.138-05:00,IdeState,Active,Project,*,-1,-1,,,,
1407,2025-02-28T15:03:02.139-05:00,IdeState,Active,Project,*,-1,-1,,,,
1408,2025-02-28T15:03:03.139-05:00,IdeState,Active,Project,*,-1,-1,,,,
1409,2025-02-28T15:03:04.141-05:00,IdeState,Active,Project,*,-1,-1,,,,
1410,2025-02-28T15:03:05.143-05:00,IdeState,Active,Project,*,-1,-1,,,,
1411,2025-02-28T15:03:06.143-05:00,IdeState,Active,Project,*,-1,-1,,,,
1412,2025-02-28T15:03:07.145-05:00,IdeState,Active,Project,*,-1,-1,,,,
1413,2025-02-28T15:03:08.145-05:00,IdeState,Active,Project,*,-1,-1,,,,
1414,2025-02-28T15:03:09.146-05:00,IdeState,Active,Project,*,-1,-1,,,,
1415,2025-02-28T15:03:10.148-05:00,IdeState,Active,Project,*,-1,-1,,,,
1416,2025-02-28T15:03:11.150-05:00,IdeState,Active,Project,*,-1,-1,,,,
1417,2025-02-28T15:03:12.152-05:00,IdeState,Active,Project,*,-1,-1,,,,
1418,2025-02-28T15:03:13.154-05:00,IdeState,Active,Project,*,-1,-1,,,,
1419,2025-02-28T15:03:14.156-05:00,IdeState,Active,Project,*,-1,-1,,,,
1420,2025-02-28T15:03:15.157-05:00,IdeState,Active,Project,*,-1,-1,,,,
1421,2025-02-28T15:03:16.159-05:00,IdeState,Active,Project,*,-1,-1,,,,
1422,2025-02-28T15:03:17.160-05:00,IdeState,Active,Project,*,-1,-1,,,,
1423,2025-02-28T15:03:18.163-05:00,IdeState,Active,Project,*,-1,-1,,,,
1424,2025-02-28T15:03:19.166-05:00,IdeState,Active,Project,*,-1,-1,,,,
1425,2025-02-28T15:03:20.169-05:00,IdeState,Active,Project,*,-1,-1,,,,
1426,2025-02-28T15:03:21.171-05:00,IdeState,Active,Project,*,-1,-1,,,,
1427,2025-02-28T15:03:22.172-05:00,IdeState,Active,Project,*,-1,-1,,,,
1428,2025-02-28T15:03:23.175-05:00,IdeState,Active,Project,*,-1,-1,,,,
1429,2025-02-28T15:03:24.176-05:00,IdeState,Active,Project,*,-1,-1,,,,
1430,2025-02-28T15:04:14.485-05:00,IdeState,Inactive,,*,-1,-1,,,,
1431,2025-02-28T15:04:15.543-05:00,IdeState,Inactive,,*,-1,-1,,,,
1432,2025-02-28T15:04:16.985-05:00,IdeState,NoProject,,*,-1,-1,,,,
1433,2025-02-28T15:04:18.299-05:00,IdeState,Active,Popup,*,-1,-1,,,,
1434,2025-02-28T15:04:19.491-05:00,IdeState,Active,Popup,*,-1,-1,,,,
1435,2025-02-28T15:04:20.683-05:00,IdeState,Active,Project,*,-1,-1,,,,
1436,2025-02-28T15:04:21.750-05:00,IdeState,Active,Project,*,-1,-1,,,,
1437,2025-02-28T15:04:22.819-05:00,IdeState,Active,Project,*,-1,-1,,,,
1438,2025-02-28T15:04:23.821-05:00,IdeState,Active,Project,*,-1,-1,,,,
1439,2025-02-28T15:04:24.827-05:00,IdeState,Active,Project,*,-1,-1,,,,
1440,2025-02-28T15:04:25.833-05:00,IdeState,Active,Project,*,-1,-1,,,,
1441,2025-02-28T15:04:26.835-05:00,IdeState,Active,Project,*,-1,-1,,,,
1442,2025-02-28T15:04:27.873-05:00,IdeState,Active,Project,*,-1,-1,,,,
1443,2025-02-28T15:04:28.876-05:00,IdeState,Active,Project,*,-1,-1,,,,
1444,2025-02-28T15:04:29.980-05:00,IdeState,Active,Project,*,-1,-1,,,,
1445,2025-02-28T15:04:31.060-05:00,IdeState,Active,Project,*,-1,-1,,,,
1446,2025-02-28T15:04:32.165-05:00,IdeState,Active,Project,*,-1,-1,,,,
1447,2025-02-28T15:04:33.235-05:00,IdeState,Active,Project,*,-1,-1,,,,
1448,2025-02-28T15:04:34.242-05:00,IdeState,Active,Project,*,-1,-1,,,,
1449,2025-02-28T15:04:35.246-05:00,IdeState,Active,Project,*,-1,-1,,,,
1450,2025-02-28T15:04:36.248-05:00,IdeState,Active,Project,*,-1,-1,,,,
1451,2025-02-28T15:04:37.252-05:00,IdeState,Active,Project,*,-1,-1,,,,
1452,2025-02-28T15:04:38.267-05:00,IdeState,Active,Project,*,-1,-1,,,,
1453,2025-02-28T15:04:39.275-05:00,IdeState,Active,Project,*,-1,-1,,,,
1454,2025-02-28T15:04:40.277-05:00,IdeState,Active,Project,*,-1,-1,,,,
1455,2025-02-28T15:04:41.280-05:00,IdeState,Active,Project,*,-1,-1,,,,
1456,2025-02-28T15:04:42.290-05:00,IdeState,Active,Project,*,-1,-1,,,,
1457,2025-02-28T15:04:43.300-05:00,IdeState,Active,Project,*,-1,-1,,,,
1458,2025-02-28T15:04:44.303-05:00,IdeState,Active,Project,*,-1,-1,,,,
1459,2025-02-28T15:04:45.306-05:00,IdeState,Active,Project,*,-1,-1,,,,
1460,2025-02-28T15:04:46.343-05:00,IdeState,Inactive,,*,-1,-1,,,,
1461,2025-02-28T15:04:47.355-05:00,IdeState,Inactive,,*,-1,-1,,,,
1462,2025-02-28T15:04:48.356-05:00,IdeState,Inactive,,*,-1,-1,,,,
1463,2025-02-28T15:04:49.358-05:00,IdeState,Inactive,,*,-1,-1,,,,
1464,2025-02-28T15:04:50.360-05:00,IdeState,Inactive,,*,-1,-1,,,,
1465,2025-02-28T15:04:51.364-05:00,IdeState,Inactive,,*,-1,-1,,,,
1466,2025-02-28T15:04:52.365-05:00,IdeState,Inactive,,*,-1,-1,,,,
1467,2025-02-28T15:04:53.669-05:00,IdeState,Inactive,,*,-1,-1,,,,
1468,2025-02-28T15:04:54.674-05:00,IdeState,Inactive,,*,-1,-1,,,,
1469,2025-02-28T15:04:55.693-05:00,IdeState,Inactive,,*,-1,-1,,,,
1470,2025-02-28T15:04:56.810-05:00,IdeState,Inactive,,*,-1,-1,,,,
1471,2025-02-28T15:04:58.028-05:00,IdeState,Inactive,,*,-1,-1,,,,
1472,2025-02-28T15:04:59.030-05:00,IdeState,Inactive,,*,-1,-1,,,,
1473,2025-02-28T15:05:00.031-05:00,IdeState,Inactive,,*,-1,-1,,,,
1474,2025-02-28T15:05:01.032-05:00,IdeState,Inactive,,*,-1,-1,,,,
1475,2025-02-28T15:05:02.044-05:00,IdeState,Inactive,,*,-1,-1,,,,
1476,2025-02-28T15:05:03.046-05:00,IdeState,Inactive,,*,-1,-1,,,,
1477,2025-02-28T15:05:04.048-05:00,IdeState,Inactive,,*,-1,-1,,,,
1478,2025-02-28T15:05:05.049-05:00,IdeState,Inactive,,*,-1,-1,,,,
1479,2025-02-28T15:05:06.051-05:00,IdeState,Inactive,,*,-1,-1,,,,
1480,2025-02-28T15:05:07.054-05:00,IdeState,Inactive,,*,-1,-1,,,,
1481,2025-02-28T15:05:08.055-05:00,IdeState,Inactive,,*,-1,-1,,,,
1482,2025-02-28T15:05:09.056-05:00,IdeState,Inactive,,*,-1,-1,,,,
1483,2025-02-28T15:05:10.058-05:00,IdeState,Inactive,,*,-1,-1,,,,
1484,2025-02-28T15:05:11.059-05:00,IdeState,Inactive,,*,-1,-1,,,,
1485,2025-02-28T15:05:12.061-05:00,IdeState,Inactive,,*,-1,-1,,,,
1486,2025-02-28T15:05:13.063-05:00,IdeState,Inactive,,*,-1,-1,,,,
1487,2025-02-28T15:05:14.064-05:00,IdeState,Inactive,,*,-1,-1,,,,
1488,2025-02-28T15:05:15.066-05:00,IdeState,Inactive,,*,-1,-1,,,,
1489,2025-02-28T15:05:16.068-05:00,IdeState,Inactive,,*,-1,-1,,,,
1490,2025-02-28T15:05:17.070-05:00,IdeState,Inactive,,*,-1,-1,,,,
1491,2025-02-28T15:05:18.072-05:00,IdeState,Inactive,,*,-1,-1,,,,
1492,2025-02-28T15:05:19.073-05:00,IdeState,Inactive,,*,-1,-1,,,,
1493,2025-02-28T15:05:20.088-05:00,IdeState,Inactive,,*,-1,-1,,,,
1494,2025-02-28T15:05:21.089-05:00,IdeState,Inactive,,*,-1,-1,,,,
1495,2025-02-28T15:05:22.092-05:00,IdeState,Inactive,,*,-1,-1,,,,
1496,2025-02-28T15:05:23.092-05:00,IdeState,Inactive,,*,-1,-1,,,,
1497,2025-02-28T15:05:24.125-05:00,IdeState,Inactive,,*,-1,-1,,,,
1498,2025-02-28T15:05:25.132-05:00,IdeState,Inactive,,*,-1,-1,,,,
1499,2025-02-28T15:05:26.212-05:00,IdeState,Inactive,,*,-1,-1,,,,
1500,2025-02-28T15:05:27.213-05:00,IdeState,Inactive,,*,-1,-1,,,,
1501,2025-02-28T15:05:28.222-05:00,IdeState,Inactive,,*,-1,-1,,,,
1502,2025-02-28T15:05:29.222-05:00,IdeState,Inactive,,*,-1,-1,,,,
1503,2025-02-28T15:05:30.224-05:00,IdeState,Inactive,,*,-1,-1,,,,
1504,2025-02-28T15:05:31.227-05:00,IdeState,Inactive,,*,-1,-1,,,,
1505,2025-02-28T15:05:32.269-05:00,IdeState,Inactive,,*,-1,-1,,,,
1506,2025-02-28T15:05:33.276-05:00,IdeState,Inactive,,*,-1,-1,,,,
1507,2025-02-28T15:05:34.290-05:00,IdeState,Inactive,,*,-1,-1,,,,
1508,2025-02-28T15:05:35.328-05:00,IdeState,Inactive,,*,-1,-1,,,,
1509,2025-02-28T15:05:36.330-05:00,IdeState,Inactive,,*,-1,-1,,,,
1510,2025-02-28T15:05:37.331-05:00,IdeState,Inactive,,*,-1,-1,,,,
1511,2025-02-28T15:05:38.333-05:00,IdeState,Inactive,,*,-1,-1,,,,
1512,2025-02-28T15:05:39.335-05:00,IdeState,Inactive,,*,-1,-1,,,,
1513,2025-02-28T15:05:40.338-05:00,IdeState,Inactive,,*,-1,-1,,,,
1514,2025-02-28T15:05:41.338-05:00,IdeState,Inactive,,*,-1,-1,,,,
1515,2025-02-28T15:05:42.341-05:00,IdeState,Inactive,,*,-1,-1,,,,
1516,2025-02-28T15:05:43.346-05:00,IdeState,Inactive,,*,-1,-1,,,,
1517,2025-02-28T15:05:44.348-05:00,IdeState,Inactive,,*,-1,-1,,,,
1518,2025-02-28T15:05:45.353-05:00,IdeState,Inactive,,*,-1,-1,,,,
1519,2025-02-28T15:05:46.358-05:00,IdeState,Inactive,,*,-1,-1,,,,
1520,2025-02-28T15:05:47.364-05:00,IdeState,Inactive,,*,-1,-1,,,,
1521,2025-02-28T15:05:48.370-05:00,IdeState,Inactive,,*,-1,-1,,,,
1522,2025-02-28T15:05:49.372-05:00,IdeState,Inactive,,*,-1,-1,,,,
1523,2025-02-28T15:05:50.376-05:00,IdeState,Inactive,,*,-1,-1,,,,
1524,2025-02-28T15:05:51.380-05:00,IdeState,Inactive,,*,-1,-1,,,,
1525,2025-02-28T15:05:52.382-05:00,IdeState,Inactive,,*,-1,-1,,,,
1526,2025-02-28T15:05:53.383-05:00,IdeState,Inactive,,*,-1,-1,,,,
1527,2025-02-28T15:05:54.388-05:00,IdeState,Inactive,,*,-1,-1,,,,
1528,2025-02-28T15:05:55.390-05:00,IdeState,Inactive,,*,-1,-1,,,,
1529,2025-02-28T15:05:56.408-05:00,IdeState,Inactive,,*,-1,-1,,,,
1530,2025-02-28T15:05:57.409-05:00,IdeState,Inactive,,*,-1,-1,,,,
1531,2025-02-28T15:05:58.411-05:00,IdeState,Inactive,,*,-1,-1,,,,
1532,2025-02-28T15:05:59.413-05:00,IdeState,Inactive,,*,-1,-1,,,,
1533,2025-02-28T15:06:00.482-05:00,IdeState,Inactive,,*,-1,-1,,,,
1534,2025-02-28T15:06:01.486-05:00,IdeState,Inactive,,*,-1,-1,,,,
1535,2025-02-28T15:06:02.488-05:00,IdeState,Inactive,,*,-1,-1,,,,
1536,2025-02-28T15:06:03.491-05:00,IdeState,Inactive,,*,-1,-1,,,,
1537,2025-02-28T15:06:04.493-05:00,IdeState,Inactive,,*,-1,-1,,,,
1538,2025-02-28T15:06:05.504-05:00,IdeState,Inactive,,*,-1,-1,,,,
1539,2025-02-28T15:06:06.509-05:00,IdeState,Inactive,,*,-1,-1,,,,
1540,2025-02-28T15:06:07.511-05:00,IdeState,Inactive,,*,-1,-1,,,,
1541,2025-02-28T15:06:08.513-05:00,IdeState,Inactive,,*,-1,-1,,,,
1542,2025-02-28T15:06:09.515-05:00,IdeState,Inactive,,*,-1,-1,,,,
1543,2025-02-28T15:06:10.516-05:00,IdeState,Inactive,,*,-1,-1,,,,
1544,2025-02-28T15:06:11.519-05:00,IdeState,Inactive,,*,-1,-1,,,,
1545,2025-02-28T15:06:12.521-05:00,IdeState,Inactive,,*,-1,-1,,,,
1546,2025-02-28T15:06:13.523-05:00,IdeState,Inactive,,*,-1,-1,,,,
1547,2025-02-28T15:06:14.524-05:00,IdeState,Inactive,,*,-1,-1,,,,
1548,2025-02-28T15:06:15.528-05:00,IdeState,Inactive,,*,-1,-1,,,,
1549,2025-02-28T15:06:16.533-05:00,IdeState,Inactive,,*,-1,-1,,,,
1550,2025-02-28T15:06:17.535-05:00,IdeState,Inactive,,*,-1,-1,,,,
1551,2025-02-28T15:06:18.536-05:00,IdeState,Inactive,,*,-1,-1,,,,
1552,2025-02-28T15:06:19.537-05:00,IdeState,Inactive,,*,-1,-1,,,,
1553,2025-02-28T15:06:20.539-05:00,IdeState,Inactive,,*,-1,-1,,,,
1554,2025-02-28T15:06:21.540-05:00,IdeState,Inactive,,*,-1,-1,,,,
1555,2025-02-28T15:06:22.541-05:00,IdeState,Inactive,,*,-1,-1,,,,
1556,2025-02-28T15:06:23.543-05:00,IdeState,Inactive,,*,-1,-1,,,,
1557,2025-02-28T15:06:24.544-05:00,IdeState,Inactive,,*,-1,-1,,,,
1558,2025-02-28T15:06:25.546-05:00,IdeState,Inactive,,*,-1,-1,,,,
1559,2025-02-28T15:06:26.548-05:00,IdeState,Inactive,,*,-1,-1,,,,
1560,2025-02-28T15:06:27.550-05:00,IdeState,Inactive,,*,-1,-1,,,,
1561,2025-02-28T15:06:28.552-05:00,IdeState,Inactive,,*,-1,-1,,,,
1562,2025-02-28T15:06:29.553-05:00,IdeState,Inactive,,*,-1,-1,,,,
1563,2025-02-28T15:06:30.555-05:00,IdeState,Inactive,,*,-1,-1,,,,
1564,2025-02-28T15:06:31.558-05:00,IdeState,Inactive,,*,-1,-1,,,,
1565,2025-02-28T15:06:32.570-05:00,IdeState,Inactive,,*,-1,-1,,,,
1566,2025-02-28T15:06:33.613-05:00,IdeState,Inactive,,*,-1,-1,,,,
1567,2025-02-28T15:06:34.614-05:00,IdeState,Inactive,,*,-1,-1,,,,
1568,2025-02-28T15:06:35.615-05:00,IdeState,Inactive,,*,-1,-1,,,,
1569,2025-02-28T15:06:36.618-05:00,IdeState,Inactive,,*,-1,-1,,,,
1570,2025-02-28T15:06:37.618-05:00,IdeState,Inactive,,*,-1,-1,,,,
1571,2025-02-28T15:06:38.619-05:00,IdeState,Inactive,,*,-1,-1,,,,
1572,2025-02-28T15:06:39.621-05:00,IdeState,Inactive,,*,-1,-1,,,,
1573,2025-02-28T15:06:40.622-05:00,IdeState,Inactive,,*,-1,-1,,,,
1574,2025-02-28T15:06:41.624-05:00,IdeState,Inactive,,*,-1,-1,,,,
1575,2025-02-28T15:06:42.626-05:00,IdeState,Inactive,,*,-1,-1,,,,
1576,2025-02-28T15:06:43.627-05:00,IdeState,Inactive,,*,-1,-1,,,,
1577,2025-02-28T15:06:44.628-05:00,IdeState,Inactive,,*,-1,-1,,,,
1578,2025-02-28T15:06:45.631-05:00,IdeState,Inactive,,*,-1,-1,,,,
1579,2025-02-28T15:06:46.631-05:00,IdeState,Inactive,,*,-1,-1,,,,
1580,2025-02-28T15:06:47.633-05:00,IdeState,Inactive,,*,-1,-1,,,,
1581,2025-02-28T15:06:48.636-05:00,IdeState,Inactive,,*,-1,-1,,,,
1582,2025-02-28T15:06:49.637-05:00,IdeState,Inactive,,*,-1,-1,,,,
1583,2025-02-28T15:06:50.638-05:00,IdeState,Inactive,,*,-1,-1,,,,
1584,2025-02-28T15:06:51.639-05:00,IdeState,Inactive,,*,-1,-1,,,,
1585,2025-02-28T15:06:52.640-05:00,IdeState,Inactive,,*,-1,-1,,,,
1586,2025-02-28T15:06:53.648-05:00,IdeState,Inactive,,*,-1,-1,,,,
1587,2025-02-28T15:06:54.649-05:00,IdeState,Inactive,,*,-1,-1,,,,
1588,2025-02-28T15:06:55.651-05:00,IdeState,Inactive,,*,-1,-1,,,,
1589,2025-02-28T15:06:56.652-05:00,IdeState,Inactive,,*,-1,-1,,,,
1590,2025-02-28T15:06:57.653-05:00,IdeState,Inactive,,*,-1,-1,,,,
1591,2025-02-28T15:06:58.655-05:00,IdeState,Inactive,,*,-1,-1,,,,
1592,2025-02-28T15:06:59.656-05:00,IdeState,Inactive,,*,-1,-1,,,,
1593,2025-02-28T15:07:00.657-05:00,IdeState,Inactive,,*,-1,-1,,,,
1594,2025-02-28T15:07:01.658-05:00,IdeState,Inactive,,*,-1,-1,,,,
1595,2025-02-28T15:07:02.659-05:00,IdeState,Inactive,,*,-1,-1,,,,
1596,2025-02-28T15:07:03.660-05:00,IdeState,Inactive,,*,-1,-1,,,,
1597,2025-02-28T15:07:04.662-05:00,IdeState,Inactive,,*,-1,-1,,,,
1598,2025-02-28T15:07:05.663-05:00,IdeState,Inactive,,*,-1,-1,,,,
1599,2025-02-28T15:07:06.665-05:00,IdeState,Inactive,,*,-1,-1,,,,
1600,2025-02-28T15:07:07.667-05:00,IdeState,Inactive,,*,-1,-1,,,,
1601,2025-02-28T15:07:08.668-05:00,IdeState,Inactive,,*,-1,-1,,,,
1602,2025-02-28T15:07:09.671-05:00,IdeState,Inactive,,*,-1,-1,,,,
1603,2025-02-28T15:07:10.674-05:00,IdeState,Inactive,,*,-1,-1,,,,
1604,2025-02-28T15:07:11.675-05:00,IdeState,Inactive,,*,-1,-1,,,,
1605,2025-02-28T15:07:12.677-05:00,IdeState,Inactive,,*,-1,-1,,,,
1606,2025-02-28T15:07:13.678-05:00,IdeState,Inactive,,*,-1,-1,,,,
1607,2025-02-28T15:07:14.679-05:00,IdeState,Inactive,,*,-1,-1,,,,
1608,2025-02-28T15:07:15.680-05:00,IdeState,Inactive,,*,-1,-1,,,,
1609,2025-02-28T15:07:16.682-05:00,IdeState,Inactive,,*,-1,-1,,,,
1610,2025-02-28T15:07:17.684-05:00,IdeState,Inactive,,*,-1,-1,,,,
1611,2025-02-28T15:07:18.687-05:00,IdeState,Inactive,,*,-1,-1,,,,
1612,2025-02-28T15:07:19.689-05:00,IdeState,Inactive,,*,-1,-1,,,,
1613,2025-02-28T15:07:20.690-05:00,IdeState,Inactive,,*,-1,-1,,,,
1614,2025-02-28T15:07:21.691-05:00,IdeState,Inactive,,*,-1,-1,,,,
1615,2025-02-28T15:07:22.693-05:00,IdeState,Inactive,,*,-1,-1,,,,
1616,2025-02-28T15:07:23.694-05:00,IdeState,Inactive,,*,-1,-1,,,,
1617,2025-02-28T15:07:24.696-05:00,IdeState,Inactive,,*,-1,-1,,,,
1618,2025-02-28T15:07:25.698-05:00,IdeState,Inactive,,*,-1,-1,,,,
1619,2025-02-28T15:07:26.699-05:00,IdeState,Inactive,,*,-1,-1,,,,
1620,2025-02-28T15:07:27.700-05:00,IdeState,Inactive,,*,-1,-1,,,,
1621,2025-02-28T15:07:28.701-05:00,IdeState,Inactive,,*,-1,-1,,,,
1622,2025-02-28T15:07:29.701-05:00,IdeState,Inactive,,*,-1,-1,,,,
1623,2025-02-28T15:07:30.702-05:00,IdeState,Inactive,,*,-1,-1,,,,
1624,2025-02-28T15:07:31.706-05:00,IdeState,Inactive,,*,-1,-1,,,,
1625,2025-02-28T15:07:32.707-05:00,IdeState,Inactive,,*,-1,-1,,,,
1626,2025-02-28T15:07:33.708-05:00,IdeState,Inactive,,*,-1,-1,,,,
1627,2025-02-28T15:07:34.709-05:00,IdeState,Inactive,,*,-1,-1,,,,
1628,2025-02-28T15:07:35.710-05:00,IdeState,Inactive,,*,-1,-1,,,,
1629,2025-02-28T15:07:36.712-05:00,IdeState,Inactive,,*,-1,-1,,,,
1630,2025-02-28T15:07:37.714-05:00,IdeState,Inactive,,*,-1,-1,,,,
1631,2025-02-28T15:07:38.715-05:00,IdeState,Inactive,,*,-1,-1,,,,
1632,2025-02-28T15:07:39.717-05:00,IdeState,Inactive,,*,-1,-1,,,,
1633,2025-02-28T15:07:40.720-05:00,IdeState,Inactive,,*,-1,-1,,,,
1634,2025-02-28T15:07:41.721-05:00,IdeState,Inactive,,*,-1,-1,,,,
1635,2025-02-28T15:07:42.723-05:00,IdeState,Inactive,,*,-1,-1,,,,
1636,2025-02-28T15:07:43.724-05:00,IdeState,Inactive,,*,-1,-1,,,,
1637,2025-02-28T15:07:44.726-05:00,IdeState,Inactive,,*,-1,-1,,,,
1638,2025-02-28T15:07:45.727-05:00,IdeState,Inactive,,*,-1,-1,,,,
1639,2025-02-28T15:07:46.728-05:00,IdeState,Inactive,,*,-1,-1,,,,
1640,2025-02-28T15:07:47.731-05:00,IdeState,Inactive,,*,-1,-1,,,,
1641,2025-02-28T15:07:48.732-05:00,IdeState,Inactive,,*,-1,-1,,,,
1642,2025-02-28T15:07:49.733-05:00,IdeState,Inactive,,*,-1,-1,,,,
1643,2025-02-28T15:07:50.735-05:00,IdeState,Inactive,,*,-1,-1,,,,
1644,2025-02-28T15:07:51.735-05:00,IdeState,Inactive,,*,-1,-1,,,,
1645,2025-02-28T15:07:52.736-05:00,IdeState,Inactive,,*,-1,-1,,,,
1646,2025-02-28T15:07:53.739-05:00,IdeState,Inactive,,*,-1,-1,,,,
1647,2025-02-28T15:07:54.741-05:00,IdeState,Inactive,,*,-1,-1,,,,
1648,2025-02-28T15:07:55.744-05:00,IdeState,Inactive,,*,-1,-1,,,,
1649,2025-02-28T15:07:56.744-05:00,IdeState,Inactive,,*,-1,-1,,,,
1650,2025-02-28T15:07:57.746-05:00,IdeState,Inactive,,*,-1,-1,,,,
1651,2025-02-28T15:07:58.749-05:00,IdeState,Inactive,,*,-1,-1,,,,
1652,2025-02-28T15:07:59.750-05:00,IdeState,Inactive,,*,-1,-1,,,,
1653,2025-02-28T15:08:00.752-05:00,IdeState,Inactive,,*,-1,-1,,,,
1654,2025-02-28T15:08:01.753-05:00,IdeState,Inactive,,*,-1,-1,,,,
1655,2025-02-28T15:08:02.755-05:00,IdeState,Inactive,,*,-1,-1,,,,
1656,2025-02-28T15:08:03.756-05:00,IdeState,Inactive,,*,-1,-1,,,,
1657,2025-02-28T15:08:04.758-05:00,IdeState,Inactive,,*,-1,-1,,,,
1658,2025-02-28T15:08:05.759-05:00,IdeState,Inactive,,*,-1,-1,,,,
1659,2025-02-28T15:08:06.760-05:00,IdeState,Inactive,,*,-1,-1,,,,
1660,2025-02-28T15:08:07.762-05:00,IdeState,Inactive,,*,-1,-1,,,,
1661,2025-02-28T15:08:08.763-05:00,IdeState,Inactive,,*,-1,-1,,,,
1662,2025-02-28T15:08:09.764-05:00,IdeState,Inactive,,*,-1,-1,,,,
1663,2025-02-28T15:08:10.766-05:00,IdeState,Inactive,,*,-1,-1,,,,
1664,2025-02-28T15:08:11.766-05:00,IdeState,Inactive,,*,-1,-1,,,,
1665,2025-02-28T15:08:12.769-05:00,IdeState,Inactive,,*,-1,-1,,,,
1666,2025-02-28T15:08:13.771-05:00,IdeState,Inactive,,*,-1,-1,,,,
1667,2025-02-28T15:08:14.773-05:00,IdeState,Inactive,,*,-1,-1,,,,
1668,2025-02-28T15:08:15.776-05:00,IdeState,Inactive,,*,-1,-1,,,,
1669,2025-02-28T15:08:16.776-05:00,IdeState,Inactive,,*,-1,-1,,,,
1670,2025-02-28T15:08:17.777-05:00,IdeState,Inactive,,*,-1,-1,,,,
1671,2025-02-28T15:08:18.779-05:00,IdeState,Inactive,,*,-1,-1,,,,
1672,2025-02-28T15:08:19.782-05:00,IdeState,Inactive,,*,-1,-1,,,,
1673,2025-02-28T15:08:20.784-05:00,IdeState,Inactive,,*,-1,-1,,,,
1674,2025-02-28T15:08:21.786-05:00,IdeState,Inactive,,*,-1,-1,,,,
1675,2025-02-28T15:08:22.787-05:00,IdeState,Inactive,,*,-1,-1,,,,
1676,2025-02-28T15:08:23.788-05:00,IdeState,Inactive,,*,-1,-1,,,,
1677,2025-02-28T15:08:24.789-05:00,IdeState,Inactive,,*,-1,-1,,,,
1678,2025-02-28T15:08:25.790-05:00,IdeState,Inactive,,*,-1,-1,,,,
1679,2025-02-28T15:08:26.791-05:00,IdeState,Inactive,,*,-1,-1,,,,
1680,2025-02-28T15:08:27.792-05:00,IdeState,Inactive,,*,-1,-1,,,,
1681,2025-02-28T15:08:28.794-05:00,IdeState,Inactive,,*,-1,-1,,,,
1682,2025-02-28T15:08:29.795-05:00,IdeState,Inactive,,*,-1,-1,,,,
1683,2025-02-28T15:08:30.796-05:00,IdeState,Inactive,,*,-1,-1,,,,
1684,2025-02-28T15:08:31.799-05:00,IdeState,Inactive,,*,-1,-1,,,,
1685,2025-02-28T15:08:32.800-05:00,IdeState,Inactive,,*,-1,-1,,,,
1686,2025-02-28T15:08:33.801-05:00,IdeState,Inactive,,*,-1,-1,,,,
1687,2025-02-28T15:08:34.803-05:00,IdeState,Inactive,,*,-1,-1,,,,
1688,2025-02-28T15:08:35.804-05:00,IdeState,Inactive,,*,-1,-1,,,,
1689,2025-02-28T15:08:36.806-05:00,IdeState,Inactive,,*,-1,-1,,,,
1690,2025-02-28T15:08:37.807-05:00,IdeState,Inactive,,*,-1,-1,,,,
1691,2025-02-28T15:08:38.810-05:00,IdeState,Inactive,,*,-1,-1,,,,
1692,2025-02-28T15:08:39.812-05:00,IdeState,Inactive,,*,-1,-1,,,,
1693,2025-02-28T15:08:40.813-05:00,IdeState,Inactive,,*,-1,-1,,,,
1694,2025-02-28T15:08:41.814-05:00,IdeState,Inactive,,*,-1,-1,,,,
1695,2025-02-28T15:08:42.816-05:00,IdeState,Inactive,,*,-1,-1,,,,
1696,2025-02-28T15:08:43.817-05:00,IdeState,Inactive,,*,-1,-1,,,,
1697,2025-02-28T15:08:44.818-05:00,IdeState,Inactive,,*,-1,-1,,,,
1698,2025-02-28T15:08:45.820-05:00,IdeState,Inactive,,*,-1,-1,,,,
1699,2025-02-28T15:08:46.821-05:00,IdeState,Inactive,,*,-1,-1,,,,
1700,2025-02-28T15:08:47.823-05:00,IdeState,Inactive,,*,-1,-1,,,,
1701,2025-02-28T15:08:48.825-05:00,IdeState,Inactive,,*,-1,-1,,,,
1702,2025-02-28T15:08:49.826-05:00,IdeState,Inactive,,*,-1,-1,,,,
1703,2025-02-28T15:08:50.827-05:00,IdeState,Inactive,,*,-1,-1,,,,
1704,2025-02-28T15:08:51.828-05:00,IdeState,Inactive,,*,-1,-1,,,,
1705,2025-02-28T15:08:52.829-05:00,IdeState,Inactive,,*,-1,-1,,,,
1706,2025-02-28T15:08:53.830-05:00,IdeState,Inactive,,*,-1,-1,,,,
1707,2025-02-28T15:08:54.832-05:00,IdeState,Inactive,,*,-1,-1,,,,
1708,2025-02-28T15:08:55.833-05:00,IdeState,Inactive,,*,-1,-1,,,,
1709,2025-02-28T15:08:56.835-05:00,IdeState,Inactive,,*,-1,-1,,,,
1710,2025-02-28T15:08:57.837-05:00,IdeState,Inactive,,*,-1,-1,,,,
1711,2025-02-28T15:08:58.838-05:00,IdeState,Inactive,,*,-1,-1,,,,
1712,2025-02-28T15:08:59.839-05:00,IdeState,Inactive,,*,-1,-1,,,,
1713,2025-02-28T15:09:00.841-05:00,IdeState,Inactive,,*,-1,-1,,,,
1714,2025-02-28T15:09:01.843-05:00,IdeState,Inactive,,*,-1,-1,,,,
1715,2025-02-28T15:09:02.844-05:00,IdeState,Inactive,,*,-1,-1,,,,
1716,2025-02-28T15:09:03.846-05:00,IdeState,Inactive,,*,-1,-1,,,,
1717,2025-02-28T15:09:04.847-05:00,IdeState,Inactive,,*,-1,-1,,,,
1718,2025-02-28T15:09:05.848-05:00,IdeState,Inactive,,*,-1,-1,,,,
1719,2025-02-28T15:09:06.850-05:00,IdeState,Inactive,,*,-1,-1,,,,
1720,2025-02-28T15:09:07.851-05:00,IdeState,Inactive,,*,-1,-1,,,,
1721,2025-02-28T15:09:08.852-05:00,IdeState,Inactive,,*,-1,-1,,,,
1722,2025-02-28T15:09:09.853-05:00,IdeState,Inactive,,*,-1,-1,,,,
1723,2025-02-28T15:09:10.854-05:00,IdeState,Inactive,,*,-1,-1,,,,
1724,2025-02-28T15:09:11.855-05:00,IdeState,Inactive,,*,-1,-1,,,,
1725,2025-02-28T15:09:12.856-05:00,IdeState,Inactive,,*,-1,-1,,,,
1726,2025-02-28T15:09:13.857-05:00,IdeState,Inactive,,*,-1,-1,,,,
1727,2025-02-28T15:09:14.858-05:00,IdeState,Inactive,,*,-1,-1,,,,
1728,2025-02-28T15:09:15.867-05:00,IdeState,Inactive,,*,-1,-1,,,,
1729,2025-02-28T15:09:16.868-05:00,IdeState,Inactive,,*,-1,-1,,,,
1730,2025-02-28T15:09:17.869-05:00,IdeState,Inactive,,*,-1,-1,,,,
1731,2025-02-28T15:09:18.871-05:00,IdeState,Inactive,,*,-1,-1,,,,
1732,2025-02-28T15:09:19.872-05:00,IdeState,Inactive,,*,-1,-1,,,,
1733,2025-02-28T15:09:20.874-05:00,IdeState,Inactive,,*,-1,-1,,,,
1734,2025-02-28T15:09:21.877-05:00,IdeState,Inactive,,*,-1,-1,,,,
1735,2025-02-28T15:09:22.879-05:00,IdeState,Inactive,,*,-1,-1,,,,
1736,2025-02-28T15:09:23.880-05:00,IdeState,Inactive,,*,-1,-1,,,,
1737,2025-02-28T15:09:24.880-05:00,IdeState,Inactive,,*,-1,-1,,,,
1738,2025-02-28T15:09:25.881-05:00,IdeState,Inactive,,*,-1,-1,,,,
1739,2025-02-28T15:09:26.884-05:00,IdeState,Inactive,,*,-1,-1,,,,
1740,2025-02-28T15:09:27.886-05:00,IdeState,Inactive,,*,-1,-1,,,,
1741,2025-02-28T15:09:28.887-05:00,IdeState,Inactive,,*,-1,-1,,,,
1742,2025-02-28T15:09:29.887-05:00,IdeState,Inactive,,*,-1,-1,,,,
1743,2025-02-28T15:09:30.889-05:00,IdeState,Inactive,,*,-1,-1,,,,
1744,2025-02-28T15:09:31.892-05:00,IdeState,Inactive,,*,-1,-1,,,,
1745,2025-02-28T15:09:32.893-05:00,IdeState,Inactive,,*,-1,-1,,,,
1746,2025-02-28T15:09:33.894-05:00,IdeState,Inactive,,*,-1,-1,,,,
1747,2025-02-28T15:09:34.895-05:00,IdeState,Inactive,,*,-1,-1,,,,
1748,2025-02-28T15:09:35.896-05:00,IdeState,Inactive,,*,-1,-1,,,,
1749,2025-02-28T15:09:36.898-05:00,IdeState,Inactive,,*,-1,-1,,,,
1750,2025-02-28T15:09:37.900-05:00,IdeState,Inactive,,*,-1,-1,,,,
1751,2025-02-28T15:09:38.901-05:00,IdeState,Inactive,,*,-1,-1,,,,
1752,2025-02-28T15:09:39.902-05:00,IdeState,Inactive,,*,-1,-1,,,,
1753,2025-02-28T15:09:40.903-05:00,IdeState,Inactive,,*,-1,-1,,,,
1754,2025-02-28T15:09:41.906-05:00,IdeState,Inactive,,*,-1,-1,,,,
1755,2025-02-28T15:09:42.907-05:00,IdeState,Inactive,,*,-1,-1,,,,
1756,2025-02-28T15:09:43.908-05:00,IdeState,Inactive,,*,-1,-1,,,,
1757,2025-02-28T15:09:44.910-05:00,IdeState,Inactive,,*,-1,-1,,,,
1758,2025-02-28T15:09:45.911-05:00,IdeState,Inactive,,*,-1,-1,,,,
1759,2025-02-28T15:09:46.912-05:00,IdeState,Inactive,,*,-1,-1,,,,
1760,2025-02-28T15:09:47.912-05:00,IdeState,Inactive,,*,-1,-1,,,,
1761,2025-02-28T15:09:48.913-05:00,IdeState,Inactive,,*,-1,-1,,,,
1762,2025-02-28T15:09:49.914-05:00,IdeState,Inactive,,*,-1,-1,,,,
1763,2025-02-28T15:09:50.915-05:00,IdeState,Inactive,,*,-1,-1,,,,
1764,2025-02-28T15:09:51.916-05:00,IdeState,Inactive,,*,-1,-1,,,,
1765,2025-02-28T15:09:52.918-05:00,IdeState,Inactive,,*,-1,-1,,,,
1766,2025-02-28T15:09:53.919-05:00,IdeState,Inactive,,*,-1,-1,,,,
1767,2025-02-28T15:09:54.921-05:00,IdeState,Inactive,,*,-1,-1,,,,
1768,2025-02-28T15:09:55.923-05:00,IdeState,Inactive,,*,-1,-1,,,,
1769,2025-02-28T15:09:56.924-05:00,IdeState,Inactive,,*,-1,-1,,,,
1770,2025-02-28T15:09:57.925-05:00,IdeState,Inactive,,*,-1,-1,,,,
1771,2025-02-28T15:09:58.927-05:00,IdeState,Inactive,,*,-1,-1,,,,
1772,2025-02-28T15:09:59.929-05:00,IdeState,Inactive,,*,-1,-1,,,,
1773,2025-02-28T15:10:00.931-05:00,IdeState,Inactive,,*,-1,-1,,,,
1774,2025-02-28T15:10:01.931-05:00,IdeState,Inactive,,*,-1,-1,,,,
1775,2025-02-28T15:10:02.932-05:00,IdeState,Inactive,,*,-1,-1,,,,
1776,2025-02-28T15:10:03.933-05:00,IdeState,Inactive,,*,-1,-1,,,,
1777,2025-02-28T15:10:04.935-05:00,IdeState,Inactive,,*,-1,-1,,,,
1778,2025-02-28T15:10:05.937-05:00,IdeState,Inactive,,*,-1,-1,,,,
1779,2025-02-28T15:10:06.938-05:00,IdeState,Inactive,,*,-1,-1,,,,
1780,2025-02-28T15:10:07.940-05:00,IdeState,Inactive,,*,-1,-1,,,,
1781,2025-02-28T15:10:08.940-05:00,IdeState,Inactive,,*,-1,-1,,,,
1782,2025-02-28T15:10:09.941-05:00,IdeState,Inactive,,*,-1,-1,,,,
1783,2025-02-28T15:10:10.942-05:00,IdeState,Inactive,,*,-1,-1,,,,
1784,2025-02-28T15:10:11.944-05:00,IdeState,Inactive,,*,-1,-1,,,,
1785,2025-02-28T15:10:12.946-05:00,IdeState,Inactive,,*,-1,-1,,,,
1786,2025-02-28T15:10:13.946-05:00,IdeState,Inactive,,*,-1,-1,,,,
1787,2025-02-28T15:10:14.947-05:00,IdeState,Inactive,,*,-1,-1,,,,
1788,2025-02-28T15:10:15.948-05:00,IdeState,Inactive,,*,-1,-1,,,,
1789,2025-02-28T15:10:16.949-05:00,IdeState,Inactive,,*,-1,-1,,,,
1790,2025-02-28T15:10:17.951-05:00,IdeState,Inactive,,*,-1,-1,,,,
1791,2025-02-28T15:10:18.953-05:00,IdeState,Inactive,,*,-1,-1,,,,
1792,2025-02-28T15:10:19.954-05:00,IdeState,Inactive,,*,-1,-1,,,,
1793,2025-02-28T15:10:20.955-05:00,IdeState,Inactive,,*,-1,-1,,,,
1794,2025-02-28T15:10:21.958-05:00,IdeState,Inactive,,*,-1,-1,,,,
1795,2025-02-28T15:10:22.960-05:00,IdeState,Inactive,,*,-1,-1,,,,
1796,2025-02-28T15:10:23.962-05:00,IdeState,Inactive,,*,-1,-1,,,,
1797,2025-02-28T15:10:24.963-05:00,IdeState,Inactive,,*,-1,-1,,,,
1798,2025-02-28T15:10:25.964-05:00,IdeState,Inactive,,*,-1,-1,,,,
1799,2025-02-28T15:10:26.965-05:00,IdeState,Inactive,,*,-1,-1,,,,
1800,2025-02-28T15:10:27.967-05:00,IdeState,Inactive,,*,-1,-1,,,,
1801,2025-02-28T15:10:28.968-05:00,IdeState,Inactive,,*,-1,-1,,,,
1802,2025-02-28T15:10:29.969-05:00,IdeState,Inactive,,*,-1,-1,,,,
1803,2025-02-28T15:10:30.970-05:00,IdeState,Inactive,,*,-1,-1,,,,
1804,2025-02-28T15:10:31.970-05:00,IdeState,Inactive,,*,-1,-1,,,,
1805,2025-02-28T15:10:32.972-05:00,IdeState,Inactive,,*,-1,-1,,,,
1806,2025-02-28T15:10:33.973-05:00,IdeState,Inactive,,*,-1,-1,,,,
1807,2025-02-28T15:10:34.974-05:00,IdeState,Inactive,,*,-1,-1,,,,
1808,2025-02-28T15:10:35.975-05:00,IdeState,Inactive,,*,-1,-1,,,,
1809,2025-02-28T15:10:36.977-05:00,IdeState,Inactive,,*,-1,-1,,,,
1810,2025-02-28T15:10:37.978-05:00,IdeState,Inactive,,*,-1,-1,,,,
1811,2025-02-28T15:10:38.980-05:00,IdeState,Inactive,,*,-1,-1,,,,
1812,2025-02-28T15:10:39.982-05:00,IdeState,Inactive,,*,-1,-1,,,,
1813,2025-02-28T15:10:40.983-05:00,IdeState,Inactive,,*,-1,-1,,,,
1814,2025-02-28T15:10:41.985-05:00,IdeState,Inactive,,*,-1,-1,,,,
1815,2025-02-28T15:10:42.986-05:00,IdeState,Inactive,,*,-1,-1,,,,
1816,2025-02-28T15:10:43.987-05:00,IdeState,Inactive,,*,-1,-1,,,,
1817,2025-02-28T15:10:44.990-05:00,IdeState,Inactive,,*,-1,-1,,,,
1818,2025-02-28T15:10:45.991-05:00,IdeState,Inactive,,*,-1,-1,,,,
1819,2025-02-28T15:10:46.992-05:00,IdeState,Inactive,,*,-1,-1,,,,
1820,2025-02-28T15:10:47.993-05:00,IdeState,Inactive,,*,-1,-1,,,,
1821,2025-02-28T15:10:48.994-05:00,IdeState,Inactive,,*,-1,-1,,,,
1822,2025-02-28T15:10:49.995-05:00,IdeState,Inactive,,*,-1,-1,,,,
1823,2025-02-28T15:10:50.998-05:00,IdeState,Inactive,,*,-1,-1,,,,
1824,2025-02-28T15:10:51.999-05:00,IdeState,Inactive,,*,-1,-1,,,,
1825,2025-02-28T15:10:53.000-05:00,IdeState,Inactive,,*,-1,-1,,,,
1826,2025-02-28T15:10:54.002-05:00,IdeState,Inactive,,*,-1,-1,,,,
1827,2025-02-28T15:10:55.004-05:00,IdeState,Inactive,,*,-1,-1,,,,
1828,2025-02-28T15:10:56.005-05:00,IdeState,Inactive,,*,-1,-1,,,,
1829,2025-02-28T15:10:57.007-05:00,IdeState,Inactive,,*,-1,-1,,,,
1830,2025-02-28T15:10:58.008-05:00,IdeState,Inactive,,*,-1,-1,,,,
1831,2025-02-28T15:10:59.010-05:00,IdeState,Inactive,,*,-1,-1,,,,
1832,2025-02-28T15:11:00.011-05:00,IdeState,Inactive,,*,-1,-1,,,,
1833,2025-02-28T15:11:01.013-05:00,IdeState,Inactive,,*,-1,-1,,,,
1834,2025-02-28T15:11:02.014-05:00,IdeState,Inactive,,*,-1,-1,,,,
1835,2025-02-28T15:11:03.015-05:00,IdeState,Inactive,,*,-1,-1,,,,
1836,2025-02-28T15:11:04.017-05:00,IdeState,Inactive,,*,-1,-1,,,,
1837,2025-02-28T15:11:05.018-05:00,IdeState,Inactive,,*,-1,-1,,,,
1838,2025-02-28T15:11:06.019-05:00,IdeState,Inactive,,*,-1,-1,,,,
1839,2025-02-28T15:11:07.020-05:00,IdeState,Inactive,,*,-1,-1,,,,
1840,2025-02-28T15:11:08.022-05:00,IdeState,Inactive,,*,-1,-1,,,,
1841,2025-02-28T15:11:09.024-05:00,IdeState,Inactive,,*,-1,-1,,,,
1842,2025-02-28T15:11:10.026-05:00,IdeState,Inactive,,*,-1,-1,,,,
1843,2025-02-28T15:11:11.027-05:00,IdeState,Inactive,,*,-1,-1,,,,
1844,2025-02-28T15:11:12.028-05:00,IdeState,Inactive,,*,-1,-1,,,,
1845,2025-02-28T15:11:13.030-05:00,IdeState,Inactive,,*,-1,-1,,,,
1846,2025-02-28T15:11:14.032-05:00,IdeState,Inactive,,*,-1,-1,,,,
1847,2025-02-28T15:11:15.033-05:00,IdeState,Inactive,,*,-1,-1,,,,
1848,2025-02-28T15:11:16.034-05:00,IdeState,Inactive,,*,-1,-1,,,,
1849,2025-02-28T15:11:17.036-05:00,IdeState,Inactive,,*,-1,-1,,,,
1850,2025-02-28T15:11:18.037-05:00,IdeState,Inactive,,*,-1,-1,,,,
1851,2025-02-28T15:11:19.038-05:00,IdeState,Inactive,,*,-1,-1,,,,
1852,2025-02-28T15:11:20.039-05:00,IdeState,Inactive,,*,-1,-1,,,,
1853,2025-02-28T15:11:21.040-05:00,IdeState,Inactive,,*,-1,-1,,,,
1854,2025-02-28T15:11:22.041-05:00,IdeState,Inactive,,*,-1,-1,,,,
1855,2025-02-28T15:11:23.043-05:00,IdeState,Inactive,,*,-1,-1,,,,
1856,2025-02-28T15:11:24.044-05:00,IdeState,Inactive,,*,-1,-1,,,,
1857,2025-02-28T15:11:25.046-05:00,IdeState,Inactive,,*,-1,-1,,,,
1858,2025-02-28T15:11:26.048-05:00,IdeState,Inactive,,*,-1,-1,,,,
1859,2025-02-28T15:11:27.049-05:00,IdeState,Inactive,,*,-1,-1,,,,
1860,2025-02-28T15:11:28.052-05:00,IdeState,Inactive,,*,-1,-1,,,,
1861,2025-02-28T15:11:29.053-05:00,IdeState,Inactive,,*,-1,-1,,,,
1862,2025-02-28T15:11:30.055-05:00,IdeState,Inactive,,*,-1,-1,,,,
1863,2025-02-28T15:11:31.056-05:00,IdeState,Inactive,,*,-1,-1,,,,
1864,2025-02-28T15:11:32.057-05:00,IdeState,Inactive,,*,-1,-1,,,,
1865,2025-02-28T15:11:33.059-05:00,IdeState,Inactive,,*,-1,-1,,,,
1866,2025-02-28T15:11:34.060-05:00,IdeState,Inactive,,*,-1,-1,,,,
1867,2025-02-28T15:11:35.061-05:00,IdeState,Inactive,,*,-1,-1,,,,
1868,2025-02-28T15:11:36.062-05:00,IdeState,Inactive,,*,-1,-1,,,,
1869,2025-02-28T15:11:37.065-05:00,IdeState,Inactive,,*,-1,-1,,,,
1870,2025-02-28T15:11:38.067-05:00,IdeState,Inactive,,*,-1,-1,,,,
1871,2025-02-28T15:11:39.068-05:00,IdeState,Inactive,,*,-1,-1,,,,
1872,2025-02-28T15:11:40.070-05:00,IdeState,Inactive,,*,-1,-1,,,,
1873,2025-02-28T15:11:41.072-05:00,IdeState,Inactive,,*,-1,-1,,,,
1874,2025-02-28T15:11:42.073-05:00,IdeState,Inactive,,*,-1,-1,,,,
1875,2025-02-28T15:11:43.074-05:00,IdeState,Inactive,,*,-1,-1,,,,
1876,2025-02-28T15:11:44.076-05:00,IdeState,Inactive,,*,-1,-1,,,,
1877,2025-02-28T15:11:45.078-05:00,IdeState,Inactive,,*,-1,-1,,,,
1878,2025-02-28T15:11:46.079-05:00,IdeState,Inactive,,*,-1,-1,,,,
1879,2025-02-28T15:11:47.080-05:00,IdeState,Inactive,,*,-1,-1,,,,
1880,2025-02-28T15:11:48.082-05:00,IdeState,Inactive,,*,-1,-1,,,,
1881,2025-02-28T15:11:49.083-05:00,IdeState,Inactive,,*,-1,-1,,,,
1882,2025-02-28T15:11:50.084-05:00,IdeState,Inactive,,*,-1,-1,,,,
1883,2025-02-28T15:11:51.085-05:00,IdeState,Inactive,,*,-1,-1,,,,
1884,2025-02-28T15:11:52.086-05:00,IdeState,Inactive,,*,-1,-1,,,,
1885,2025-02-28T15:11:53.088-05:00,IdeState,Inactive,,*,-1,-1,,,,
1886,2025-02-28T15:11:54.090-05:00,IdeState,Inactive,,*,-1,-1,,,,
1887,2025-02-28T15:11:55.092-05:00,IdeState,Inactive,,*,-1,-1,,,,
1888,2025-02-28T15:11:56.093-05:00,IdeState,Inactive,,*,-1,-1,,,,
1889,2025-02-28T15:11:57.093-05:00,IdeState,Inactive,,*,-1,-1,,,,
1890,2025-02-28T15:11:58.094-05:00,IdeState,Inactive,,*,-1,-1,,,,
1891,2025-02-28T15:11:59.095-05:00,IdeState,Inactive,,*,-1,-1,,,,
1892,2025-02-28T15:12:00.097-05:00,IdeState,Inactive,,*,-1,-1,,,,
1893,2025-02-28T15:12:01.100-05:00,IdeState,Inactive,,*,-1,-1,,,,
1894,2025-02-28T15:12:02.102-05:00,IdeState,Inactive,,*,-1,-1,,,,
1895,2025-02-28T15:12:03.104-05:00,IdeState,Inactive,,*,-1,-1,,,,
1896,2025-02-28T15:12:04.105-05:00,IdeState,Inactive,,*,-1,-1,,,,
1897,2025-02-28T15:12:05.106-05:00,IdeState,Inactive,,*,-1,-1,,,,
1898,2025-02-28T15:12:06.108-05:00,IdeState,Inactive,,*,-1,-1,,,,
1899,2025-02-28T15:12:07.109-05:00,IdeState,Inactive,,*,-1,-1,,,,
1900,2025-02-28T15:12:08.110-05:00,IdeState,Inactive,,*,-1,-1,,,,
1901,2025-02-28T15:12:09.427-05:00,IdeState,Inactive,,*,-1,-1,,,,
1902,2025-02-28T15:12:10.431-05:00,IdeState,Inactive,,*,-1,-1,,,,
1903,2025-02-28T15:12:11.432-05:00,IdeState,Inactive,,*,-1,-1,,,,
1904,2025-02-28T15:12:12.434-05:00,IdeState,Inactive,,*,-1,-1,,,,
1905,2025-02-28T15:12:13.435-05:00,IdeState,Inactive,,*,-1,-1,,,,
1906,2025-02-28T15:12:14.437-05:00,IdeState,Inactive,,*,-1,-1,,,,
1907,2025-02-28T15:12:15.438-05:00,IdeState,Inactive,,*,-1,-1,,,,
1908,2025-02-28T15:12:16.439-05:00,IdeState,Inactive,,*,-1,-1,,,,
1909,2025-02-28T15:12:17.440-05:00,IdeState,Inactive,,*,-1,-1,,,,
1910,2025-02-28T15:12:18.466-05:00,IdeState,Inactive,,*,-1,-1,,,,
1911,2025-02-28T15:12:19.474-05:00,IdeState,Inactive,,*,-1,-1,,,,
1912,2025-02-28T15:12:20.476-05:00,IdeState,Inactive,,*,-1,-1,,,,
1913,2025-02-28T15:12:21.478-05:00,IdeState,Inactive,,*,-1,-1,,,,
1914,2025-02-28T15:12:22.484-05:00,IdeState,Inactive,,*,-1,-1,,,,
1915,2025-02-28T15:12:23.490-05:00,IdeState,Inactive,,*,-1,-1,,,,
1916,2025-02-28T15:12:24.491-05:00,IdeState,Inactive,,*,-1,-1,,,,
1917,2025-02-28T15:12:25.492-05:00,IdeState,Inactive,,*,-1,-1,,,,
1918,2025-02-28T15:17:02.989-05:00,IdeState,Inactive,,*,-1,-1,,,,
1919,2025-02-28T15:17:04.121-05:00,IdeState,Inactive,,*,-1,-1,,,,
1920,2025-02-28T15:17:05.126-05:00,IdeState,Inactive,,*,-1,-1,,,,
1921,2025-02-28T15:17:06.128-05:00,IdeState,Inactive,,*,-1,-1,,,,
1922,2025-02-28T15:17:07.129-05:00,IdeState,Inactive,,*,-1,-1,,,,
1923,2025-02-28T15:17:08.130-05:00,IdeState,Inactive,,*,-1,-1,,,,
1924,2025-02-28T15:17:09.132-05:00,IdeState,Inactive,,*,-1,-1,,,,
1925,2025-02-28T15:17:10.133-05:00,IdeState,Inactive,,*,-1,-1,,,,
1926,2025-02-28T15:17:11.134-05:00,IdeState,Inactive,,*,-1,-1,,,,
1927,2025-02-28T15:17:12.200-05:00,IdeState,Inactive,,*,-1,-1,,,,
1928,2025-02-28T15:17:13.225-05:00,IdeState,Inactive,,*,-1,-1,,,,
1929,2025-02-28T15:17:14.226-05:00,IdeState,Inactive,,*,-1,-1,,,,
1930,2025-02-28T15:17:15.227-05:00,IdeState,Inactive,,*,-1,-1,,,,
1931,2025-02-28T15:17:16.228-05:00,IdeState,Inactive,,*,-1,-1,,,,
1932,2025-02-28T15:17:17.228-05:00,IdeState,Inactive,,*,-1,-1,,,,
1933,2025-02-28T15:17:18.230-05:00,IdeState,Inactive,,*,-1,-1,,,,
1934,2025-02-28T15:17:19.231-05:00,IdeState,Inactive,,*,-1,-1,,,,
1935,2025-02-28T15:17:20.233-05:00,IdeState,Inactive,,*,-1,-1,,,,
1936,2025-02-28T15:17:21.234-05:00,IdeState,Inactive,,*,-1,-1,,,,
1937,2025-02-28T15:17:22.235-05:00,IdeState,Inactive,,*,-1,-1,,,,
1938,2025-02-28T15:17:23.237-05:00,IdeState,Inactive,,*,-1,-1,,,,
1939,2025-02-28T15:17:24.238-05:00,IdeState,Inactive,,*,-1,-1,,,,
1940,2025-02-28T15:17:25.239-05:00,IdeState,Inactive,,*,-1,-1,,,,
1941,2025-02-28T15:17:26.241-05:00,IdeState,Inactive,,*,-1,-1,,,,
1942,2025-02-28T15:17:27.242-05:00,IdeState,Inactive,,*,-1,-1,,,,
1943,2025-02-28T15:17:28.243-05:00,IdeState,Inactive,,*,-1,-1,,,,
1944,2025-02-28T15:17:29.244-05:00,IdeState,Inactive,,*,-1,-1,,,,
1945,2025-02-28T15:17:30.245-05:00,IdeState,Inactive,,*,-1,-1,,,,
1946,2025-02-28T15:17:31.247-05:00,IdeState,Inactive,,*,-1,-1,,,,
1947,2025-02-28T15:17:32.247-05:00,IdeState,Inactive,,*,-1,-1,,,,
1948,2025-02-28T15:17:33.248-05:00,IdeState,Inactive,,*,-1,-1,,,,
1949,2025-02-28T15:17:34.249-05:00,IdeState,Inactive,,*,-1,-1,,,,
1950,2025-02-28T15:17:35.250-05:00,IdeState,Inactive,,*,-1,-1,,,,
1951,2025-02-28T15:17:36.252-05:00,IdeState,Inactive,,*,-1,-1,,,,
1952,2025-02-28T15:17:37.254-05:00,IdeState,Inactive,,*,-1,-1,,,,
1953,2025-02-28T15:17:38.255-05:00,IdeState,Inactive,,*,-1,-1,,,,
1954,2025-02-28T15:17:39.256-05:00,IdeState,Inactive,,*,-1,-1,,,,
1955,2025-02-28T15:17:40.258-05:00,IdeState,Inactive,,*,-1,-1,,,,
1956,2025-02-28T15:17:41.259-05:00,IdeState,Inactive,,*,-1,-1,,,,
1957,2025-02-28T15:17:42.260-05:00,IdeState,Inactive,,*,-1,-1,,,,
1958,2025-02-28T15:17:43.262-05:00,IdeState,Inactive,,*,-1,-1,,,,
1959,2025-02-28T15:17:44.264-05:00,IdeState,Inactive,,*,-1,-1,,,,
1960,2025-02-28T15:17:45.265-05:00,IdeState,Inactive,,*,-1,-1,,,,
1961,2025-02-28T15:17:46.266-05:00,IdeState,Inactive,,*,-1,-1,,,,
1962,2025-02-28T15:17:47.267-05:00,IdeState,Inactive,,*,-1,-1,,,,
1963,2025-02-28T15:17:48.268-05:00,IdeState,Inactive,,*,-1,-1,,,,
1964,2025-02-28T15:17:49.269-05:00,IdeState,Inactive,,*,-1,-1,,,,
1965,2025-02-28T15:17:50.270-05:00,IdeState,Inactive,,*,-1,-1,,,,
1966,2025-02-28T15:17:51.271-05:00,IdeState,Inactive,,*,-1,-1,,,,
1967,2025-02-28T15:17:52.272-05:00,IdeState,Inactive,,*,-1,-1,,,,
1968,2025-02-28T15:17:53.273-05:00,IdeState,Inactive,,*,-1,-1,,,,
1969,2025-02-28T15:17:54.275-05:00,IdeState,Inactive,,*,-1,-1,,,,
1970,2025-02-28T15:17:55.278-05:00,IdeState,Inactive,,*,-1,-1,,,,
1971,2025-02-28T15:17:56.279-05:00,IdeState,Inactive,,*,-1,-1,,,,
1972,2025-02-28T15:17:57.281-05:00,IdeState,Inactive,,*,-1,-1,,,,
1973,2025-02-28T15:17:58.282-05:00,IdeState,Inactive,,*,-1,-1,,,,
1974,2025-02-28T15:17:59.283-05:00,IdeState,Inactive,,*,-1,-1,,,,
1975,2025-02-28T15:18:00.284-05:00,IdeState,Inactive,,*,-1,-1,,,,
1976,2025-02-28T15:18:01.285-05:00,IdeState,Inactive,,*,-1,-1,,,,
1977,2025-02-28T15:18:02.286-05:00,IdeState,Inactive,,*,-1,-1,,,,
1978,2025-02-28T15:18:03.286-05:00,IdeState,Inactive,,*,-1,-1,,,,
1979,2025-02-28T15:18:04.288-05:00,IdeState,Inactive,,*,-1,-1,,,,
1980,2025-02-28T15:18:05.288-05:00,IdeState,Inactive,,*,-1,-1,,,,
1981,2025-02-28T15:18:06.289-05:00,IdeState,Inactive,,*,-1,-1,,,,
1982,2025-02-28T15:18:07.289-05:00,IdeState,Inactive,,*,-1,-1,,,,
1983,2025-02-28T15:18:08.290-05:00,IdeState,Inactive,,*,-1,-1,,,,
1984,2025-02-28T15:18:09.292-05:00,IdeState,Inactive,,*,-1,-1,,,,
1985,2025-02-28T15:18:10.292-05:00,IdeState,Inactive,,*,-1,-1,,,,
1986,2025-02-28T15:18:11.293-05:00,IdeState,Inactive,,*,-1,-1,,,,
1987,2025-02-28T15:18:12.297-05:00,IdeState,Inactive,,*,-1,-1,,,,
1988,2025-02-28T15:18:13.300-05:00,IdeState,Inactive,,*,-1,-1,,,,
1989,2025-02-28T15:18:14.301-05:00,IdeState,Inactive,,*,-1,-1,,,,
1990,2025-02-28T15:18:15.303-05:00,IdeState,Inactive,,*,-1,-1,,,,
1991,2025-02-28T15:18:16.303-05:00,IdeState,Inactive,,*,-1,-1,,,,
1992,2025-02-28T15:18:17.306-05:00,IdeState,Inactive,,*,-1,-1,,,,
1993,2025-02-28T15:18:18.308-05:00,IdeState,Inactive,,*,-1,-1,,,,
1994,2025-02-28T15:18:19.311-05:00,IdeState,Inactive,,*,-1,-1,,,,
1995,2025-02-28T15:18:20.312-05:00,IdeState,Inactive,,*,-1,-1,,,,
1996,2025-02-28T15:18:21.314-05:00,IdeState,Inactive,,*,-1,-1,,,,
1997,2025-02-28T15:18:22.315-05:00,IdeState,Inactive,,*,-1,-1,,,,
1998,2025-02-28T15:18:23.315-05:00,IdeState,Inactive,,*,-1,-1,,,,
1999,2025-02-28T15:18:24.316-05:00,IdeState,Inactive,,*,-1,-1,,,,
2000,2025-02-28T15:18:25.317-05:00,IdeState,Inactive,,*,-1,-1,,,,
2001,2025-02-28T15:18:26.319-05:00,IdeState,Inactive,,*,-1,-1,,,,
2002,2025-02-28T15:18:27.320-05:00,IdeState,Inactive,,*,-1,-1,,,,
2003,2025-02-28T15:18:28.320-05:00,IdeState,Inactive,,*,-1,-1,,,,
2004,2025-02-28T15:18:29.323-05:00,IdeState,Inactive,,*,-1,-1,,,,
2005,2025-02-28T15:18:30.324-05:00,IdeState,Inactive,,*,-1,-1,,,,
2006,2025-02-28T15:18:31.325-05:00,IdeState,Inactive,,*,-1,-1,,,,
2007,2025-02-28T15:18:32.327-05:00,IdeState,Inactive,,*,-1,-1,,,,
2008,2025-02-28T15:18:33.328-05:00,IdeState,Inactive,,*,-1,-1,,,,
2009,2025-02-28T15:18:34.329-05:00,IdeState,Inactive,,*,-1,-1,,,,
2010,2025-02-28T15:18:35.330-05:00,IdeState,Inactive,,*,-1,-1,,,,
2011,2025-02-28T15:18:36.332-05:00,IdeState,Inactive,,*,-1,-1,,,,
2012,2025-02-28T15:18:37.333-05:00,IdeState,Inactive,,*,-1,-1,,,,
2013,2025-02-28T15:18:38.334-05:00,IdeState,Inactive,,*,-1,-1,,,,
2014,2025-02-28T15:18:39.336-05:00,IdeState,Inactive,,*,-1,-1,,,,
2015,2025-02-28T15:18:40.337-05:00,IdeState,Inactive,,*,-1,-1,,,,
2016,2025-02-28T15:18:41.338-05:00,IdeState,Inactive,,*,-1,-1,,,,
2017,2025-02-28T15:18:42.340-05:00,IdeState,Inactive,,*,-1,-1,,,,
2018,2025-02-28T15:18:43.342-05:00,IdeState,Inactive,,*,-1,-1,,,,
2019,2025-02-28T15:18:44.343-05:00,IdeState,Inactive,,*,-1,-1,,,,
2020,2025-02-28T15:18:45.347-05:00,IdeState,Inactive,,*,-1,-1,,,,
2021,2025-02-28T15:18:46.348-05:00,IdeState,Inactive,,*,-1,-1,,,,
2022,2025-02-28T15:18:47.350-05:00,IdeState,Inactive,,*,-1,-1,,,,
2023,2025-02-28T15:18:48.353-05:00,IdeState,Inactive,,*,-1,-1,,,,
2024,2025-02-28T15:18:49.355-05:00,IdeState,Inactive,,*,-1,-1,,,,
2025,2025-02-28T15:18:50.356-05:00,IdeState,Inactive,,*,-1,-1,,,,
2026,2025-02-28T15:18:51.358-05:00,IdeState,Inactive,,*,-1,-1,,,,
2027,2025-02-28T15:18:52.360-05:00,IdeState,Inactive,,*,-1,-1,,,,
2028,2025-02-28T15:18:53.361-05:00,IdeState,Inactive,,*,-1,-1,,,,
2029,2025-02-28T15:18:54.362-05:00,IdeState,Inactive,,*,-1,-1,,,,
2030,2025-02-28T15:18:55.363-05:00,IdeState,Inactive,,*,-1,-1,,,,
2031,2025-02-28T15:18:56.365-05:00,IdeState,Inactive,,*,-1,-1,,,,
2032,2025-02-28T15:18:57.366-05:00,IdeState,Inactive,,*,-1,-1,,,,
2033,2025-02-28T15:18:58.367-05:00,IdeState,Inactive,,*,-1,-1,,,,
2034,2025-02-28T15:18:59.368-05:00,IdeState,Inactive,,*,-1,-1,,,,
2035,2025-02-28T15:19:00.369-05:00,IdeState,Inactive,,*,-1,-1,,,,
2036,2025-02-28T15:19:01.371-05:00,IdeState,Inactive,,*,-1,-1,,,,
2037,2025-02-28T15:19:02.373-05:00,IdeState,Inactive,,*,-1,-1,,,,
2038,2025-02-28T15:19:03.374-05:00,IdeState,Inactive,,*,-1,-1,,,,
2039,2025-02-28T15:19:04.375-05:00,IdeState,Inactive,,*,-1,-1,,,,
2040,2025-02-28T15:19:05.376-05:00,IdeState,Inactive,,*,-1,-1,,,,
2041,2025-02-28T15:19:06.377-05:00,IdeState,Inactive,,*,-1,-1,,,,
2042,2025-02-28T15:19:07.378-05:00,IdeState,Inactive,,*,-1,-1,,,,
2043,2025-02-28T15:19:08.379-05:00,IdeState,Inactive,,*,-1,-1,,,,
2044,2025-02-28T15:19:09.380-05:00,IdeState,Inactive,,*,-1,-1,,,,
2045,2025-02-28T15:19:10.380-05:00,IdeState,Inactive,,*,-1,-1,,,,
2046,2025-02-28T15:19:11.382-05:00,IdeState,Inactive,,*,-1,-1,,,,
2047,2025-02-28T15:19:12.382-05:00,IdeState,Inactive,,*,-1,-1,,,,
2048,2025-02-28T15:19:13.383-05:00,IdeState,Inactive,,*,-1,-1,,,,
2049,2025-02-28T15:19:14.384-05:00,IdeState,Inactive,,*,-1,-1,,,,
2050,2025-02-28T15:19:15.385-05:00,IdeState,Inactive,,*,-1,-1,,,,
2051,2025-02-28T15:19:16.386-05:00,IdeState,Inactive,,*,-1,-1,,,,
2052,2025-02-28T15:19:17.388-05:00,IdeState,Inactive,,*,-1,-1,,,,
2053,2025-02-28T15:19:18.388-05:00,IdeState,Inactive,,*,-1,-1,,,,
2054,2025-02-28T15:19:19.389-05:00,IdeState,Inactive,,*,-1,-1,,,,
2055,2025-02-28T15:19:20.390-05:00,IdeState,Inactive,,*,-1,-1,,,,
2056,2025-02-28T15:19:21.391-05:00,IdeState,Inactive,,*,-1,-1,,,,
2057,2025-02-28T15:19:22.392-05:00,IdeState,Inactive,,*,-1,-1,,,,
2058,2025-02-28T15:19:23.394-05:00,IdeState,Inactive,,*,-1,-1,,,,
2059,2025-02-28T15:19:24.396-05:00,IdeState,Inactive,,*,-1,-1,,,,
2060,2025-02-28T15:19:25.397-05:00,IdeState,Inactive,,*,-1,-1,,,,
2061,2025-02-28T15:19:26.398-05:00,IdeState,Inactive,,*,-1,-1,,,,
2062,2025-02-28T15:19:27.399-05:00,IdeState,Inactive,,*,-1,-1,,,,
2063,2025-02-28T15:19:28.401-05:00,IdeState,Inactive,,*,-1,-1,,,,
2064,2025-02-28T15:19:29.402-05:00,IdeState,Inactive,,*,-1,-1,,,,
2065,2025-02-28T15:19:30.402-05:00,IdeState,Inactive,,*,-1,-1,,,,
2066,2025-02-28T15:19:31.403-05:00,IdeState,Inactive,,*,-1,-1,,,,
2067,2025-02-28T15:19:32.405-05:00,IdeState,Inactive,,*,-1,-1,,,,
2068,2025-02-28T15:19:33.406-05:00,IdeState,Inactive,,*,-1,-1,,,,
2069,2025-02-28T15:19:34.407-05:00,IdeState,Inactive,,*,-1,-1,,,,
2070,2025-02-28T15:19:35.409-05:00,IdeState,Inactive,,*,-1,-1,,,,
2071,2025-02-28T15:19:36.410-05:00,IdeState,Inactive,,*,-1,-1,,,,
2072,2025-02-28T15:19:37.411-05:00,IdeState,Inactive,,*,-1,-1,,,,
2073,2025-02-28T15:19:38.412-05:00,IdeState,Inactive,,*,-1,-1,,,,
2074,2025-02-28T15:19:39.413-05:00,IdeState,Inactive,,*,-1,-1,,,,
2075,2025-02-28T15:19:40.414-05:00,IdeState,Inactive,,*,-1,-1,,,,
2076,2025-02-28T15:19:41.416-05:00,IdeState,Inactive,,*,-1,-1,,,,
2077,2025-02-28T15:19:42.417-05:00,IdeState,Inactive,,*,-1,-1,,,,
2078,2025-02-28T15:19:43.417-05:00,IdeState,Inactive,,*,-1,-1,,,,
2079,2025-02-28T15:19:44.418-05:00,IdeState,Inactive,,*,-1,-1,,,,
2080,2025-02-28T15:19:45.420-05:00,IdeState,Inactive,,*,-1,-1,,,,
2081,2025-02-28T15:19:46.420-05:00,IdeState,Inactive,,*,-1,-1,,,,
2082,2025-02-28T15:19:47.421-05:00,IdeState,Inactive,,*,-1,-1,,,,
2083,2025-02-28T15:19:48.422-05:00,IdeState,Inactive,,*,-1,-1,,,,
2084,2025-02-28T15:19:49.423-05:00,IdeState,Inactive,,*,-1,-1,,,,
2085,2025-02-28T15:19:50.425-05:00,IdeState,Inactive,,*,-1,-1,,,,
2086,2025-02-28T15:19:51.428-05:00,IdeState,Inactive,,*,-1,-1,,,,
2087,2025-02-28T15:19:52.428-05:00,IdeState,Inactive,,*,-1,-1,,,,
2088,2025-02-28T15:19:53.430-05:00,IdeState,Inactive,,*,-1,-1,,,,
2089,2025-02-28T15:19:54.431-05:00,IdeState,Inactive,,*,-1,-1,,,,
2090,2025-02-28T15:19:55.433-05:00,IdeState,Inactive,,*,-1,-1,,,,
2091,2025-02-28T15:19:56.433-05:00,IdeState,Inactive,,*,-1,-1,,,,
2092,2025-02-28T15:19:57.434-05:00,IdeState,Inactive,,*,-1,-1,,,,
2093,2025-02-28T15:19:58.435-05:00,IdeState,Inactive,,*,-1,-1,,,,
2094,2025-02-28T15:19:59.437-05:00,IdeState,Inactive,,*,-1,-1,,,,
2095,2025-02-28T15:20:00.437-05:00,IdeState,Inactive,,*,-1,-1,,,,
2096,2025-02-28T15:20:01.440-05:00,IdeState,Inactive,,*,-1,-1,,,,
2097,2025-02-28T15:20:02.441-05:00,IdeState,Inactive,,*,-1,-1,,,,
2098,2025-02-28T15:20:03.441-05:00,IdeState,Inactive,,*,-1,-1,,,,
2099,2025-02-28T15:20:04.442-05:00,IdeState,Inactive,,*,-1,-1,,,,
2100,2025-02-28T15:20:05.444-05:00,IdeState,Inactive,,*,-1,-1,,,,
2101,2025-02-28T15:20:06.445-05:00,IdeState,Inactive,,*,-1,-1,,,,
2102,2025-02-28T15:20:07.446-05:00,IdeState,Inactive,,*,-1,-1,,,,
2103,2025-02-28T15:20:08.447-05:00,IdeState,Inactive,,*,-1,-1,,,,
2104,2025-02-28T15:20:09.448-05:00,IdeState,Inactive,,*,-1,-1,,,,
2105,2025-02-28T15:20:10.450-05:00,IdeState,Inactive,,*,-1,-1,,,,
2106,2025-02-28T15:20:11.451-05:00,IdeState,Inactive,,*,-1,-1,,,,
2107,2025-02-28T15:20:12.452-05:00,IdeState,Inactive,,*,-1,-1,,,,
2108,2025-02-28T15:20:13.455-05:00,IdeState,Inactive,,*,-1,-1,,,,
2109,2025-02-28T15:20:14.456-05:00,IdeState,Inactive,,*,-1,-1,,,,
2110,2025-02-28T15:20:15.456-05:00,IdeState,Inactive,,*,-1,-1,,,,
2111,2025-02-28T15:20:16.458-05:00,IdeState,Inactive,,*,-1,-1,,,,
2112,2025-02-28T15:20:17.461-05:00,IdeState,Inactive,,*,-1,-1,,,,
2113,2025-02-28T15:20:18.461-05:00,IdeState,Inactive,,*,-1,-1,,,,
2114,2025-02-28T15:20:19.462-05:00,IdeState,Inactive,,*,-1,-1,,,,
2115,2025-02-28T15:20:20.465-05:00,IdeState,Inactive,,*,-1,-1,,,,
2116,2025-02-28T15:20:21.466-05:00,IdeState,Inactive,,*,-1,-1,,,,
2117,2025-02-28T15:20:22.468-05:00,IdeState,Inactive,,*,-1,-1,,,,
2118,2025-02-28T15:20:23.470-05:00,IdeState,Inactive,,*,-1,-1,,,,
2119,2025-02-28T15:20:24.471-05:00,IdeState,Inactive,,*,-1,-1,,,,
2120,2025-02-28T15:20:25.472-05:00,IdeState,Inactive,,*,-1,-1,,,,
2121,2025-02-28T15:20:26.474-05:00,IdeState,Inactive,,*,-1,-1,,,,
2122,2025-02-28T15:20:27.475-05:00,IdeState,Inactive,,*,-1,-1,,,,
2123,2025-02-28T15:20:28.476-05:00,IdeState,Inactive,,*,-1,-1,,,,
2124,2025-02-28T15:20:29.477-05:00,IdeState,Inactive,,*,-1,-1,,,,
2125,2025-02-28T15:20:30.479-05:00,IdeState,Inactive,,*,-1,-1,,,,
2126,2025-02-28T15:20:31.481-05:00,IdeState,Inactive,,*,-1,-1,,,,
2127,2025-02-28T15:20:32.482-05:00,IdeState,Inactive,,*,-1,-1,,,,
2128,2025-02-28T15:20:33.483-05:00,IdeState,Inactive,,*,-1,-1,,,,
2129,2025-02-28T15:20:34.484-05:00,IdeState,Inactive,,*,-1,-1,,,,
2130,2025-02-28T15:20:35.485-05:00,IdeState,Inactive,,*,-1,-1,,,,
2131,2025-02-28T15:20:36.487-05:00,IdeState,Inactive,,*,-1,-1,,,,
2132,2025-02-28T15:20:37.488-05:00,IdeState,Inactive,,*,-1,-1,,,,
2133,2025-02-28T15:20:38.490-05:00,IdeState,Inactive,,*,-1,-1,,,,
2134,2025-02-28T15:20:39.492-05:00,IdeState,Inactive,,*,-1,-1,,,,
2135,2025-02-28T15:20:40.492-05:00,IdeState,Inactive,,*,-1,-1,,,,
2136,2025-02-28T15:20:41.494-05:00,IdeState,Inactive,,*,-1,-1,,,,
2137,2025-02-28T15:20:42.496-05:00,IdeState,Inactive,,*,-1,-1,,,,
2138,2025-02-28T15:20:43.497-05:00,IdeState,Inactive,,*,-1,-1,,,,
2139,2025-02-28T15:20:44.497-05:00,IdeState,Inactive,,*,-1,-1,,,,
2140,2025-02-28T15:20:45.501-05:00,IdeState,Inactive,,*,-1,-1,,,,
2141,2025-02-28T15:20:46.501-05:00,IdeState,Inactive,,*,-1,-1,,,,
2142,2025-02-28T15:20:47.503-05:00,IdeState,Inactive,,*,-1,-1,,,,
2143,2025-02-28T15:20:48.503-05:00,IdeState,Inactive,,*,-1,-1,,,,
2144,2025-02-28T15:20:49.505-05:00,IdeState,Inactive,,*,-1,-1,,,,
2145,2025-02-28T15:20:50.506-05:00,IdeState,Inactive,,*,-1,-1,,,,
2146,2025-02-28T15:20:51.508-05:00,IdeState,Inactive,,*,-1,-1,,,,
2147,2025-02-28T15:20:52.509-05:00,IdeState,Inactive,,*,-1,-1,,,,
2148,2025-02-28T15:20:53.510-05:00,IdeState,Inactive,,*,-1,-1,,,,
2149,2025-02-28T15:20:54.511-05:00,IdeState,Inactive,,*,-1,-1,,,,
2150,2025-02-28T15:20:55.512-05:00,IdeState,Inactive,,*,-1,-1,,,,
2151,2025-02-28T15:20:56.514-05:00,IdeState,Inactive,,*,-1,-1,,,,
2152,2025-02-28T15:20:57.515-05:00,IdeState,Inactive,,*,-1,-1,,,,
2153,2025-02-28T15:20:58.517-05:00,IdeState,Inactive,,*,-1,-1,,,,
2154,2025-02-28T15:20:59.518-05:00,IdeState,Inactive,,*,-1,-1,,,,
2155,2025-02-28T15:21:00.519-05:00,IdeState,Inactive,,*,-1,-1,,,,
2156,2025-02-28T15:21:01.520-05:00,IdeState,Inactive,,*,-1,-1,,,,
2157,2025-02-28T15:21:02.521-05:00,IdeState,Inactive,,*,-1,-1,,,,
2158,2025-02-28T15:21:03.522-05:00,IdeState,Inactive,,*,-1,-1,,,,
2159,2025-02-28T15:21:04.524-05:00,IdeState,Inactive,,*,-1,-1,,,,
2160,2025-02-28T15:21:05.525-05:00,IdeState,Inactive,,*,-1,-1,,,,
2161,2025-02-28T15:21:06.527-05:00,IdeState,Inactive,,*,-1,-1,,,,
2162,2025-02-28T15:21:07.528-05:00,IdeState,Inactive,,*,-1,-1,,,,
2163,2025-02-28T15:21:08.530-05:00,IdeState,Inactive,,*,-1,-1,,,,
2164,2025-02-28T15:21:09.531-05:00,IdeState,Inactive,,*,-1,-1,,,,
2165,2025-02-28T15:21:10.533-05:00,IdeState,Inactive,,*,-1,-1,,,,
2166,2025-02-28T15:21:11.535-05:00,IdeState,Inactive,,*,-1,-1,,,,
2167,2025-02-28T15:21:12.536-05:00,IdeState,Inactive,,*,-1,-1,,,,
2168,2025-02-28T15:21:13.536-05:00,IdeState,Inactive,,*,-1,-1,,,,
2169,2025-02-28T15:21:14.538-05:00,IdeState,Inactive,,*,-1,-1,,,,
2170,2025-02-28T15:21:15.541-05:00,IdeState,Inactive,,*,-1,-1,,,,
2171,2025-02-28T15:21:16.541-05:00,IdeState,Inactive,,*,-1,-1,,,,
2172,2025-02-28T15:21:17.543-05:00,IdeState,Inactive,,*,-1,-1,,,,
2173,2025-02-28T15:21:18.545-05:00,IdeState,Inactive,,*,-1,-1,,,,
2174,2025-02-28T15:21:19.545-05:00,IdeState,Inactive,,*,-1,-1,,,,
2175,2025-02-28T15:21:20.546-05:00,IdeState,Inactive,,*,-1,-1,,,,
2176,2025-02-28T15:21:21.547-05:00,IdeState,Inactive,,*,-1,-1,,,,
2177,2025-02-28T15:21:22.548-05:00,IdeState,Inactive,,*,-1,-1,,,,
2178,2025-02-28T15:21:23.549-05:00,IdeState,Inactive,,*,-1,-1,,,,
2179,2025-02-28T15:21:24.549-05:00,IdeState,Inactive,,*,-1,-1,,,,
2180,2025-02-28T15:21:25.550-05:00,IdeState,Inactive,,*,-1,-1,,,,
2181,2025-02-28T15:21:26.551-05:00,IdeState,Inactive,,*,-1,-1,,,,
2182,2025-02-28T15:21:27.552-05:00,IdeState,Inactive,,*,-1,-1,,,,
2183,2025-02-28T15:21:28.554-05:00,IdeState,Inactive,,*,-1,-1,,,,
2184,2025-02-28T15:21:29.554-05:00,IdeState,Inactive,,*,-1,-1,,,,
2185,2025-02-28T15:21:30.556-05:00,IdeState,Inactive,,*,-1,-1,,,,
2186,2025-02-28T15:21:31.558-05:00,IdeState,Inactive,,*,-1,-1,,,,
2187,2025-02-28T15:21:32.561-05:00,IdeState,Inactive,,*,-1,-1,,,,
2188,2025-02-28T15:21:33.563-05:00,IdeState,Inactive,,*,-1,-1,,,,
2189,2025-02-28T15:21:34.564-05:00,IdeState,Inactive,,*,-1,-1,,,,
2190,2025-02-28T15:21:35.565-05:00,IdeState,Inactive,,*,-1,-1,,,,
2191,2025-02-28T15:21:36.566-05:00,IdeState,Inactive,,*,-1,-1,,,,
2192,2025-02-28T15:21:37.569-05:00,IdeState,Inactive,,*,-1,-1,,,,
2193,2025-02-28T15:21:38.570-05:00,IdeState,Inactive,,*,-1,-1,,,,
2194,2025-02-28T15:21:39.571-05:00,IdeState,Inactive,,*,-1,-1,,,,
2195,2025-02-28T15:21:40.572-05:00,IdeState,Inactive,,*,-1,-1,,,,
2196,2025-02-28T15:21:41.574-05:00,IdeState,Inactive,,*,-1,-1,,,,
2197,2025-02-28T15:21:42.575-05:00,IdeState,Inactive,,*,-1,-1,,,,
2198,2025-02-28T15:21:43.576-05:00,IdeState,Inactive,,*,-1,-1,,,,
2199,2025-02-28T15:21:44.578-05:00,IdeState,Inactive,,*,-1,-1,,,,
2200,2025-02-28T15:21:45.579-05:00,IdeState,Inactive,,*,-1,-1,,,,
2201,2025-02-28T15:21:46.580-05:00,IdeState,Inactive,,*,-1,-1,,,,
2202,2025-02-28T15:21:47.583-05:00,IdeState,Inactive,,*,-1,-1,,,,
2203,2025-02-28T15:21:48.584-05:00,IdeState,Inactive,,*,-1,-1,,,,
2204,2025-02-28T15:21:49.585-05:00,IdeState,Inactive,,*,-1,-1,,,,
2205,2025-02-28T15:21:50.586-05:00,IdeState,Inactive,,*,-1,-1,,,,
2206,2025-02-28T15:21:51.587-05:00,IdeState,Inactive,,*,-1,-1,,,,
2207,2025-02-28T15:21:52.589-05:00,IdeState,Inactive,,*,-1,-1,,,,
2208,2025-02-28T15:21:53.591-05:00,IdeState,Inactive,,*,-1,-1,,,,
2209,2025-02-28T15:21:54.593-05:00,IdeState,Inactive,,*,-1,-1,,,,
2210,2025-02-28T15:21:55.595-05:00,IdeState,Inactive,,*,-1,-1,,,,
2211,2025-02-28T15:21:56.596-05:00,IdeState,Inactive,,*,-1,-1,,,,
2212,2025-02-28T15:21:57.597-05:00,IdeState,Inactive,,*,-1,-1,,,,
2213,2025-02-28T15:21:58.600-05:00,IdeState,Inactive,,*,-1,-1,,,,
2214,2025-02-28T15:21:59.601-05:00,IdeState,Inactive,,*,-1,-1,,,,
2215,2025-02-28T15:22:00.602-05:00,IdeState,Inactive,,*,-1,-1,,,,
2216,2025-02-28T15:22:01.603-05:00,IdeState,Inactive,,*,-1,-1,,,,
2217,2025-02-28T15:22:02.604-05:00,IdeState,Inactive,,*,-1,-1,,,,
2218,2025-02-28T15:22:03.606-05:00,IdeState,Inactive,,*,-1,-1,,,,
2219,2025-02-28T15:22:04.606-05:00,IdeState,Inactive,,*,-1,-1,,,,
2220,2025-02-28T15:22:05.607-05:00,IdeState,Inactive,,*,-1,-1,,,,
2221,2025-02-28T15:22:06.608-05:00,IdeState,Inactive,,*,-1,-1,,,,
2222,2025-02-28T15:22:07.608-05:00,IdeState,Inactive,,*,-1,-1,,,,
2223,2025-02-28T15:22:08.610-05:00,IdeState,Inactive,,*,-1,-1,,,,
2224,2025-02-28T15:22:09.611-05:00,IdeState,Inactive,,*,-1,-1,,,,
2225,2025-02-28T15:22:10.612-05:00,IdeState,Inactive,,*,-1,-1,,,,
2226,2025-02-28T15:22:11.614-05:00,IdeState,Inactive,,*,-1,-1,,,,
2227,2025-02-28T15:22:12.615-05:00,IdeState,Inactive,,*,-1,-1,,,,
2228,2025-02-28T15:22:13.615-05:00,IdeState,Inactive,,*,-1,-1,,,,
2229,2025-02-28T15:22:14.616-05:00,IdeState,Inactive,,*,-1,-1,,,,
2230,2025-02-28T15:22:15.618-05:00,IdeState,Inactive,,*,-1,-1,,,,
2231,2025-02-28T15:22:16.620-05:00,IdeState,Inactive,,*,-1,-1,,,,
2232,2025-02-28T15:22:17.622-05:00,IdeState,Inactive,,*,-1,-1,,,,
2233,2025-02-28T15:22:18.623-05:00,IdeState,Inactive,,*,-1,-1,,,,
2234,2025-02-28T15:22:19.624-05:00,IdeState,Inactive,,*,-1,-1,,,,
2235,2025-02-28T15:22:20.626-05:00,IdeState,Inactive,,*,-1,-1,,,,
2236,2025-02-28T15:22:21.629-05:00,IdeState,Inactive,,*,-1,-1,,,,
2237,2025-02-28T15:22:22.630-05:00,IdeState,Inactive,,*,-1,-1,,,,
2238,2025-02-28T15:22:23.632-05:00,IdeState,Inactive,,*,-1,-1,,,,
2239,2025-02-28T15:22:24.633-05:00,IdeState,Inactive,,*,-1,-1,,,,
2240,2025-02-28T15:22:25.635-05:00,IdeState,Inactive,,*,-1,-1,,,,
2241,2025-02-28T15:22:26.635-05:00,IdeState,Inactive,,*,-1,-1,,,,
2242,2025-02-28T15:22:27.637-05:00,IdeState,Inactive,,*,-1,-1,,,,
2243,2025-02-28T15:22:28.639-05:00,IdeState,Inactive,,*,-1,-1,,,,
2244,2025-02-28T15:22:29.639-05:00,IdeState,Inactive,,*,-1,-1,,,,
2245,2025-02-28T15:22:30.641-05:00,IdeState,Inactive,,*,-1,-1,,,,
2246,2025-02-28T15:22:31.642-05:00,IdeState,Inactive,,*,-1,-1,,,,
2247,2025-02-28T15:22:32.644-05:00,IdeState,Inactive,,*,-1,-1,,,,
2248,2025-02-28T15:22:33.646-05:00,IdeState,Inactive,,*,-1,-1,,,,
2249,2025-02-28T15:22:34.648-05:00,IdeState,Inactive,,*,-1,-1,,,,
2250,2025-02-28T15:22:35.649-05:00,IdeState,Inactive,,*,-1,-1,,,,
2251,2025-02-28T15:22:36.651-05:00,IdeState,Inactive,,*,-1,-1,,,,
2252,2025-02-28T15:22:37.651-05:00,IdeState,Inactive,,*,-1,-1,,,,
2253,2025-02-28T15:22:38.654-05:00,IdeState,Inactive,,*,-1,-1,,,,
2254,2025-02-28T15:22:39.654-05:00,IdeState,Inactive,,*,-1,-1,,,,
2255,2025-02-28T15:22:40.657-05:00,IdeState,Inactive,,*,-1,-1,,,,
2256,2025-02-28T15:22:41.658-05:00,IdeState,Inactive,,*,-1,-1,,,,
2257,2025-02-28T15:22:42.660-05:00,IdeState,Inactive,,*,-1,-1,,,,
2258,2025-02-28T15:22:43.662-05:00,IdeState,Inactive,,*,-1,-1,,,,
2259,2025-02-28T15:22:44.665-05:00,IdeState,Inactive,,*,-1,-1,,,,
2260,2025-02-28T15:22:45.666-05:00,IdeState,Inactive,,*,-1,-1,,,,
2261,2025-02-28T15:22:46.667-05:00,IdeState,Inactive,,*,-1,-1,,,,
2262,2025-02-28T15:22:47.669-05:00,IdeState,Inactive,,*,-1,-1,,,,
2263,2025-02-28T15:22:48.669-05:00,IdeState,Inactive,,*,-1,-1,,,,
2264,2025-02-28T15:22:49.671-05:00,IdeState,Inactive,,*,-1,-1,,,,
2265,2025-02-28T15:22:50.672-05:00,IdeState,Inactive,,*,-1,-1,,,,
2266,2025-02-28T15:22:51.673-05:00,IdeState,Inactive,,*,-1,-1,,,,
2267,2025-02-28T15:22:52.675-05:00,IdeState,Inactive,,*,-1,-1,,,,
2268,2025-02-28T15:22:53.677-05:00,IdeState,Inactive,,*,-1,-1,,,,
2269,2025-02-28T15:22:54.678-05:00,IdeState,Inactive,,*,-1,-1,,,,
2270,2025-02-28T15:22:55.679-05:00,IdeState,Inactive,,*,-1,-1,,,,
2271,2025-02-28T15:22:56.681-05:00,IdeState,Inactive,,*,-1,-1,,,,
2272,2025-02-28T15:22:57.681-05:00,IdeState,Inactive,,*,-1,-1,,,,
2273,2025-02-28T15:22:58.682-05:00,IdeState,Inactive,,*,-1,-1,,,,
2274,2025-02-28T15:22:59.683-05:00,IdeState,Inactive,,*,-1,-1,,,,
2275,2025-02-28T15:23:00.685-05:00,IdeState,Inactive,,*,-1,-1,,,,
2276,2025-02-28T15:23:01.687-05:00,IdeState,Inactive,,*,-1,-1,,,,
2277,2025-02-28T15:23:02.689-05:00,IdeState,Inactive,,*,-1,-1,,,,
2278,2025-02-28T15:23:03.690-05:00,IdeState,Inactive,,*,-1,-1,,,,
2279,2025-02-28T15:23:04.691-05:00,IdeState,Inactive,,*,-1,-1,,,,
2280,2025-02-28T15:23:05.692-05:00,IdeState,Inactive,,*,-1,-1,,,,
2281,2025-02-28T15:23:06.693-05:00,IdeState,Inactive,,*,-1,-1,,,,
2282,2025-02-28T15:23:07.694-05:00,IdeState,Inactive,,*,-1,-1,,,,
2283,2025-02-28T15:23:08.696-05:00,IdeState,Inactive,,*,-1,-1,,,,
2284,2025-02-28T15:23:09.697-05:00,IdeState,Inactive,,*,-1,-1,,,,
2285,2025-02-28T15:23:10.699-05:00,IdeState,Inactive,,*,-1,-1,,,,
2286,2025-02-28T15:23:11.701-05:00,IdeState,Inactive,,*,-1,-1,,,,
2287,2025-02-28T15:23:12.701-05:00,IdeState,Inactive,,*,-1,-1,,,,
2288,2025-02-28T15:23:13.702-05:00,IdeState,Inactive,,*,-1,-1,,,,
2289,2025-02-28T15:23:14.703-05:00,IdeState,Inactive,,*,-1,-1,,,,
2290,2025-02-28T15:23:15.705-05:00,IdeState,Inactive,,*,-1,-1,,,,
2291,2025-02-28T15:23:16.706-05:00,IdeState,Inactive,,*,-1,-1,,,,
2292,2025-02-28T15:23:17.707-05:00,IdeState,Inactive,,*,-1,-1,,,,
2293,2025-02-28T15:23:18.708-05:00,IdeState,Inactive,,*,-1,-1,,,,
2294,2025-02-28T15:23:19.709-05:00,IdeState,Inactive,,*,-1,-1,,,,
2295,2025-02-28T15:23:20.710-05:00,IdeState,Inactive,,*,-1,-1,,,,
2296,2025-02-28T15:23:21.711-05:00,IdeState,Inactive,,*,-1,-1,,,,
2297,2025-02-28T15:23:22.713-05:00,IdeState,Inactive,,*,-1,-1,,,,
2298,2025-02-28T15:23:23.715-05:00,IdeState,Inactive,,*,-1,-1,,,,
2299,2025-02-28T15:23:24.715-05:00,IdeState,Inactive,,*,-1,-1,,,,
2300,2025-02-28T15:23:25.717-05:00,IdeState,Inactive,,*,-1,-1,,,,
2301,2025-02-28T15:23:26.718-05:00,IdeState,Inactive,,*,-1,-1,,,,
2302,2025-02-28T15:23:27.720-05:00,IdeState,Inactive,,*,-1,-1,,,,
2303,2025-02-28T15:23:28.722-05:00,IdeState,Inactive,,*,-1,-1,,,,
2304,2025-02-28T15:23:29.723-05:00,IdeState,Inactive,,*,-1,-1,,,,
2305,2025-02-28T15:23:30.725-05:00,IdeState,Inactive,,*,-1,-1,,,,
2306,2025-02-28T15:23:31.725-05:00,IdeState,Inactive,,*,-1,-1,,,,
2307,2025-02-28T15:23:32.726-05:00,IdeState,Inactive,,*,-1,-1,,,,
2308,2025-02-28T15:23:33.727-05:00,IdeState,Inactive,,*,-1,-1,,,,
2309,2025-02-28T15:23:34.728-05:00,IdeState,Inactive,,*,-1,-1,,,,
2310,2025-02-28T15:23:35.729-05:00,IdeState,Inactive,,*,-1,-1,,,,
2311,2025-02-28T15:23:36.730-05:00,IdeState,Inactive,,*,-1,-1,,,,
2312,2025-02-28T15:23:37.731-05:00,IdeState,Inactive,,*,-1,-1,,,,
2313,2025-02-28T15:23:38.733-05:00,IdeState,Inactive,,*,-1,-1,,,,
2314,2025-02-28T15:23:39.734-05:00,IdeState,Inactive,,*,-1,-1,,,,
2315,2025-02-28T15:23:40.735-05:00,IdeState,Inactive,,*,-1,-1,,,,
2316,2025-02-28T15:23:41.737-05:00,IdeState,Inactive,,*,-1,-1,,,,
2317,2025-02-28T15:23:42.738-05:00,IdeState,Inactive,,*,-1,-1,,,,
2318,2025-02-28T15:23:43.739-05:00,IdeState,Inactive,,*,-1,-1,,,,
2319,2025-02-28T15:23:44.741-05:00,IdeState,Inactive,,*,-1,-1,,,,
2320,2025-02-28T15:23:45.742-05:00,IdeState,Inactive,,*,-1,-1,,,,
2321,2025-02-28T15:23:46.744-05:00,IdeState,Inactive,,*,-1,-1,,,,
2322,2025-02-28T15:23:47.745-05:00,IdeState,Inactive,,*,-1,-1,,,,
2323,2025-02-28T15:23:48.747-05:00,IdeState,Inactive,,*,-1,-1,,,,
2324,2025-02-28T15:23:49.748-05:00,IdeState,Inactive,,*,-1,-1,,,,
2325,2025-02-28T15:23:50.749-05:00,IdeState,Inactive,,*,-1,-1,,,,
2326,2025-02-28T15:23:51.749-05:00,IdeState,Inactive,,*,-1,-1,,,,
2327,2025-02-28T15:23:52.751-05:00,IdeState,Inactive,,*,-1,-1,,,,
2328,2025-02-28T15:23:53.752-05:00,IdeState,Inactive,,*,-1,-1,,,,
2329,2025-02-28T15:23:54.753-05:00,IdeState,Inactive,,*,-1,-1,,,,
2330,2025-02-28T15:23:55.755-05:00,IdeState,Inactive,,*,-1,-1,,,,
2331,2025-02-28T15:23:56.756-05:00,IdeState,Inactive,,*,-1,-1,,,,
2332,2025-02-28T15:23:57.756-05:00,IdeState,Inactive,,*,-1,-1,,,,
2333,2025-02-28T15:23:58.758-05:00,IdeState,Inactive,,*,-1,-1,,,,
2334,2025-02-28T15:23:59.759-05:00,IdeState,Inactive,,*,-1,-1,,,,
2335,2025-02-28T15:24:00.761-05:00,IdeState,Inactive,,*,-1,-1,,,,
2336,2025-02-28T15:24:01.763-05:00,IdeState,Inactive,,*,-1,-1,,,,
2337,2025-02-28T15:24:02.765-05:00,IdeState,Inactive,,*,-1,-1,,,,
2338,2025-02-28T15:24:03.766-05:00,IdeState,Inactive,,*,-1,-1,,,,
2339,2025-02-28T15:24:04.767-05:00,IdeState,Inactive,,*,-1,-1,,,,
2340,2025-02-28T15:24:05.767-05:00,IdeState,Inactive,,*,-1,-1,,,,
2341,2025-02-28T15:24:06.768-05:00,IdeState,Inactive,,*,-1,-1,,,,
2342,2025-02-28T15:24:07.770-05:00,IdeState,Inactive,,*,-1,-1,,,,
2343,2025-02-28T15:24:08.771-05:00,IdeState,Inactive,,*,-1,-1,,,,
2344,2025-02-28T15:24:09.772-05:00,IdeState,Inactive,,*,-1,-1,,,,
2345,2025-02-28T15:24:10.774-05:00,IdeState,Inactive,,*,-1,-1,,,,
2346,2025-02-28T15:24:11.774-05:00,IdeState,Inactive,,*,-1,-1,,,,
2347,2025-02-28T15:24:12.775-05:00,IdeState,Inactive,,*,-1,-1,,,,
2348,2025-02-28T15:24:13.776-05:00,IdeState,Inactive,,*,-1,-1,,,,
2349,2025-02-28T15:24:14.777-05:00,IdeState,Inactive,,*,-1,-1,,,,
2350,2025-02-28T15:24:15.779-05:00,IdeState,Inactive,,*,-1,-1,,,,
2351,2025-02-28T15:24:16.781-05:00,IdeState,Inactive,,*,-1,-1,,,,
2352,2025-02-28T15:24:17.782-05:00,IdeState,Inactive,,*,-1,-1,,,,
2353,2025-02-28T15:24:18.784-05:00,IdeState,Inactive,,*,-1,-1,,,,
2354,2025-02-28T15:24:19.786-05:00,IdeState,Inactive,,*,-1,-1,,,,
2355,2025-02-28T15:24:20.787-05:00,IdeState,Inactive,,*,-1,-1,,,,
2356,2025-02-28T15:24:21.787-05:00,IdeState,Inactive,,*,-1,-1,,,,
2357,2025-02-28T15:24:22.788-05:00,IdeState,Inactive,,*,-1,-1,,,,
2358,2025-02-28T15:24:23.790-05:00,IdeState,Inactive,,*,-1,-1,,,,
2359,2025-02-28T15:24:24.791-05:00,IdeState,Inactive,,*,-1,-1,,,,
2360,2025-02-28T15:24:25.792-05:00,IdeState,Inactive,,*,-1,-1,,,,
2361,2025-02-28T15:24:26.793-05:00,IdeState,Inactive,,*,-1,-1,,,,
2362,2025-02-28T15:24:27.795-05:00,IdeState,Inactive,,*,-1,-1,,,,
2363,2025-02-28T15:24:28.796-05:00,IdeState,Inactive,,*,-1,-1,,,,
2364,2025-02-28T15:24:29.797-05:00,IdeState,Inactive,,*,-1,-1,,,,
2365,2025-02-28T15:24:30.799-05:00,IdeState,Inactive,,*,-1,-1,,,,
2366,2025-02-28T15:24:31.800-05:00,IdeState,Inactive,,*,-1,-1,,,,
2367,2025-02-28T15:24:32.802-05:00,IdeState,Inactive,,*,-1,-1,,,,
2368,2025-02-28T15:24:33.802-05:00,IdeState,Inactive,,*,-1,-1,,,,
2369,2025-02-28T15:24:34.803-05:00,IdeState,Inactive,,*,-1,-1,,,,
2370,2025-02-28T15:24:35.805-05:00,IdeState,Inactive,,*,-1,-1,,,,
2371,2025-02-28T15:24:36.806-05:00,IdeState,Inactive,,*,-1,-1,,,,
2372,2025-02-28T15:24:37.809-05:00,IdeState,Inactive,,*,-1,-1,,,,
2373,2025-02-28T15:24:38.811-05:00,IdeState,Inactive,,*,-1,-1,,,,
2374,2025-02-28T15:24:39.812-05:00,IdeState,Inactive,,*,-1,-1,,,,
2375,2025-02-28T15:24:40.814-05:00,IdeState,Inactive,,*,-1,-1,,,,
2376,2025-02-28T15:24:41.815-05:00,IdeState,Inactive,,*,-1,-1,,,,
2377,2025-02-28T15:24:42.816-05:00,IdeState,Inactive,,*,-1,-1,,,,
2378,2025-02-28T15:24:43.817-05:00,IdeState,Inactive,,*,-1,-1,,,,
2379,2025-02-28T15:24:44.818-05:00,IdeState,Inactive,,*,-1,-1,,,,
2380,2025-02-28T15:24:45.819-05:00,IdeState,Inactive,,*,-1,-1,,,,
2381,2025-02-28T15:24:46.820-05:00,IdeState,Inactive,,*,-1,-1,,,,
2382,2025-02-28T15:24:47.821-05:00,IdeState,Inactive,,*,-1,-1,,,,
2383,2025-02-28T15:24:48.822-05:00,IdeState,Inactive,,*,-1,-1,,,,
2384,2025-02-28T15:24:49.823-05:00,IdeState,Inactive,,*,-1,-1,,,,
2385,2025-02-28T15:24:50.826-05:00,IdeState,Inactive,,*,-1,-1,,,,
2386,2025-02-28T15:24:51.827-05:00,IdeState,Inactive,,*,-1,-1,,,,
2387,2025-02-28T15:24:52.830-05:00,IdeState,Inactive,,*,-1,-1,,,,
2388,2025-02-28T15:24:53.833-05:00,IdeState,Inactive,,*,-1,-1,,,,
2389,2025-02-28T15:24:54.834-05:00,IdeState,Inactive,,*,-1,-1,,,,
2390,2025-02-28T15:24:55.836-05:00,IdeState,Inactive,,*,-1,-1,,,,
2391,2025-02-28T15:24:56.837-05:00,IdeState,Inactive,,*,-1,-1,,,,
2392,2025-02-28T15:24:57.838-05:00,IdeState,Inactive,,*,-1,-1,,,,
2393,2025-02-28T15:24:58.839-05:00,IdeState,Inactive,,*,-1,-1,,,,
2394,2025-02-28T15:24:59.840-05:00,IdeState,Inactive,,*,-1,-1,,,,
2395,2025-02-28T15:25:00.841-05:00,IdeState,Inactive,,*,-1,-1,,,,
2396,2025-02-28T15:25:01.843-05:00,IdeState,Inactive,,*,-1,-1,,,,
2397,2025-02-28T15:25:02.844-05:00,IdeState,Inactive,,*,-1,-1,,,,
2398,2025-02-28T15:25:03.844-05:00,IdeState,Inactive,,*,-1,-1,,,,
2399,2025-02-28T15:25:04.846-05:00,IdeState,Inactive,,*,-1,-1,,,,
2400,2025-02-28T15:25:05.846-05:00,IdeState,Inactive,,*,-1,-1,,,,
2401,2025-02-28T15:25:06.847-05:00,IdeState,Inactive,,*,-1,-1,,,,
2402,2025-02-28T15:25:07.849-05:00,IdeState,Inactive,,*,-1,-1,,,,
2403,2025-02-28T15:25:08.849-05:00,IdeState,Inactive,,*,-1,-1,,,,
2404,2025-02-28T15:25:09.851-05:00,IdeState,Inactive,,*,-1,-1,,,,
2405,2025-02-28T15:25:10.852-05:00,IdeState,Inactive,,*,-1,-1,,,,
2406,2025-02-28T15:25:11.853-05:00,IdeState,Inactive,,*,-1,-1,,,,
2407,2025-02-28T15:25:12.856-05:00,IdeState,Inactive,,*,-1,-1,,,,
2408,2025-02-28T15:25:13.858-05:00,IdeState,Inactive,,*,-1,-1,,,,
2409,2025-02-28T15:25:14.859-05:00,IdeState,Inactive,,*,-1,-1,,,,
2410,2025-02-28T15:25:15.859-05:00,IdeState,Inactive,,*,-1,-1,,,,
2411,2025-02-28T15:25:16.862-05:00,IdeState,Inactive,,*,-1,-1,,,,
2412,2025-02-28T15:25:17.863-05:00,IdeState,Inactive,,*,-1,-1,,,,
2413,2025-02-28T15:25:18.865-05:00,IdeState,Inactive,,*,-1,-1,,,,
2414,2025-02-28T15:25:19.865-05:00,IdeState,Inactive,,*,-1,-1,,,,
2415,2025-02-28T15:25:20.866-05:00,IdeState,Inactive,,*,-1,-1,,,,
2416,2025-02-28T15:25:21.868-05:00,IdeState,Inactive,,*,-1,-1,,,,
2417,2025-02-28T15:25:22.869-05:00,IdeState,Inactive,,*,-1,-1,,,,
2418,2025-02-28T15:25:23.870-05:00,IdeState,Inactive,,*,-1,-1,,,,
2419,2025-02-28T15:25:24.872-05:00,IdeState,Inactive,,*,-1,-1,,,,
2420,2025-02-28T15:25:25.874-05:00,IdeState,Inactive,,*,-1,-1,,,,
2421,2025-02-28T15:25:26.875-05:00,IdeState,Inactive,,*,-1,-1,,,,
2422,2025-02-28T15:25:27.877-05:00,IdeState,Inactive,,*,-1,-1,,,,
2423,2025-02-28T15:25:28.878-05:00,IdeState,Inactive,,*,-1,-1,,,,
2424,2025-02-28T15:25:29.880-05:00,IdeState,Inactive,,*,-1,-1,,,,
2425,2025-02-28T15:25:30.882-05:00,IdeState,Inactive,,*,-1,-1,,,,
2426,2025-02-28T15:25:31.884-05:00,IdeState,Inactive,,*,-1,-1,,,,
2427,2025-02-28T15:25:32.885-05:00,IdeState,Inactive,,*,-1,-1,,,,
2428,2025-02-28T15:25:33.888-05:00,IdeState,Inactive,,*,-1,-1,,,,
2429,2025-02-28T15:25:34.890-05:00,IdeState,Inactive,,*,-1,-1,,,,
2430,2025-02-28T15:25:35.890-05:00,IdeState,Inactive,,*,-1,-1,,,,
2431,2025-02-28T15:25:36.893-05:00,IdeState,Inactive,,*,-1,-1,,,,
2432,2025-02-28T15:25:37.894-05:00,IdeState,Inactive,,*,-1,-1,,,,
2433,2025-02-28T15:25:38.895-05:00,IdeState,Inactive,,*,-1,-1,,,,
2434,2025-02-28T15:25:39.897-05:00,IdeState,Inactive,,*,-1,-1,,,,
2435,2025-02-28T15:25:40.898-05:00,IdeState,Inactive,,*,-1,-1,,,,
2436,2025-02-28T15:25:41.900-05:00,IdeState,Inactive,,*,-1,-1,,,,
2437,2025-02-28T15:25:42.900-05:00,IdeState,Inactive,,*,-1,-1,,,,
2438,2025-02-28T15:25:43.901-05:00,IdeState,Inactive,,*,-1,-1,,,,
2439,2025-02-28T15:25:44.902-05:00,IdeState,Inactive,,*,-1,-1,,,,
2440,2025-02-28T15:25:45.903-05:00,IdeState,Inactive,,*,-1,-1,,,,
2441,2025-02-28T15:25:46.903-05:00,IdeState,Inactive,,*,-1,-1,,,,
2442,2025-02-28T15:25:47.905-05:00,IdeState,Inactive,,*,-1,-1,,,,
2443,2025-02-28T15:25:48.906-05:00,IdeState,Inactive,,*,-1,-1,,,,
2444,2025-02-28T15:25:49.908-05:00,IdeState,Inactive,,*,-1,-1,,,,
2445,2025-02-28T15:25:50.909-05:00,IdeState,Inactive,,*,-1,-1,,,,
2446,2025-02-28T15:25:51.910-05:00,IdeState,Inactive,,*,-1,-1,,,,
2447,2025-02-28T15:25:52.913-05:00,IdeState,Inactive,,*,-1,-1,,,,
2448,2025-02-28T15:25:53.913-05:00,IdeState,Inactive,,*,-1,-1,,,,
2449,2025-02-28T15:25:54.915-05:00,IdeState,Inactive,,*,-1,-1,,,,
2450,2025-02-28T15:25:55.917-05:00,IdeState,Inactive,,*,-1,-1,,,,
2451,2025-02-28T15:25:56.917-05:00,IdeState,Inactive,,*,-1,-1,,,,
2452,2025-02-28T15:25:57.919-05:00,IdeState,Inactive,,*,-1,-1,,,,
2453,2025-02-28T15:25:58.920-05:00,IdeState,Inactive,,*,-1,-1,,,,
2454,2025-02-28T15:25:59.921-05:00,IdeState,Inactive,,*,-1,-1,,,,
2455,2025-02-28T15:26:00.922-05:00,IdeState,Inactive,,*,-1,-1,,,,
2456,2025-02-28T15:26:01.923-05:00,IdeState,Inactive,,*,-1,-1,,,,
2457,2025-02-28T15:26:02.924-05:00,IdeState,Inactive,,*,-1,-1,,,,
2458,2025-02-28T15:26:03.924-05:00,IdeState,Inactive,,*,-1,-1,,,,
2459,2025-02-28T15:26:04.926-05:00,IdeState,Inactive,,*,-1,-1,,,,
2460,2025-02-28T15:26:05.928-05:00,IdeState,Inactive,,*,-1,-1,,,,
2461,2025-02-28T15:26:06.929-05:00,IdeState,Inactive,,*,-1,-1,,,,
2462,2025-02-28T15:26:07.930-05:00,IdeState,Inactive,,*,-1,-1,,,,
2463,2025-02-28T15:26:08.932-05:00,IdeState,Inactive,,*,-1,-1,,,,
2464,2025-02-28T15:26:09.933-05:00,IdeState,Inactive,,*,-1,-1,,,,
2465,2025-02-28T15:26:10.934-05:00,IdeState,Inactive,,*,-1,-1,,,,
2466,2025-02-28T15:26:11.935-05:00,IdeState,Inactive,,*,-1,-1,,,,
2467,2025-02-28T15:26:12.938-05:00,IdeState,Inactive,,*,-1,-1,,,,
2468,2025-02-28T15:26:13.938-05:00,IdeState,Inactive,,*,-1,-1,,,,
2469,2025-02-28T15:26:14.940-05:00,IdeState,Inactive,,*,-1,-1,,,,
2470,2025-02-28T15:26:15.942-05:00,IdeState,Inactive,,*,-1,-1,,,,
2471,2025-02-28T15:26:16.943-05:00,IdeState,Inactive,,*,-1,-1,,,,
2472,2025-02-28T15:26:17.944-05:00,IdeState,Inactive,,*,-1,-1,,,,
2473,2025-02-28T15:26:18.945-05:00,IdeState,Inactive,,*,-1,-1,,,,
2474,2025-02-28T15:26:19.948-05:00,IdeState,Inactive,,*,-1,-1,,,,
2475,2025-02-28T15:26:20.949-05:00,IdeState,Inactive,,*,-1,-1,,,,
2476,2025-02-28T15:26:21.951-05:00,IdeState,Inactive,,*,-1,-1,,,,
2477,2025-02-28T15:26:22.953-05:00,IdeState,Inactive,,*,-1,-1,,,,
2478,2025-02-28T15:26:23.955-05:00,IdeState,Inactive,,*,-1,-1,,,,
2479,2025-02-28T15:26:24.956-05:00,IdeState,Inactive,,*,-1,-1,,,,
2480,2025-02-28T15:26:25.958-05:00,IdeState,Inactive,,*,-1,-1,,,,
2481,2025-02-28T15:26:26.958-05:00,IdeState,Inactive,,*,-1,-1,,,,
2482,2025-02-28T15:26:27.959-05:00,IdeState,Inactive,,*,-1,-1,,,,
2483,2025-02-28T15:26:28.962-05:00,IdeState,Inactive,,*,-1,-1,,,,
2484,2025-02-28T15:26:29.963-05:00,IdeState,Inactive,,*,-1,-1,,,,
2485,2025-02-28T15:26:30.963-05:00,IdeState,Inactive,,*,-1,-1,,,,
2486,2025-02-28T15:26:31.967-05:00,IdeState,Inactive,,*,-1,-1,,,,
2487,2025-02-28T15:26:32.967-05:00,IdeState,Inactive,,*,-1,-1,,,,
2488,2025-02-28T15:26:33.969-05:00,IdeState,Inactive,,*,-1,-1,,,,
2489,2025-02-28T15:26:34.971-05:00,IdeState,Inactive,,*,-1,-1,,,,
2490,2025-02-28T15:26:35.971-05:00,IdeState,Inactive,,*,-1,-1,,,,
2491,2025-02-28T15:26:36.973-05:00,IdeState,Inactive,,*,-1,-1,,,,
2492,2025-02-28T15:26:37.973-05:00,IdeState,Inactive,,*,-1,-1,,,,
2493,2025-02-28T15:26:38.974-05:00,IdeState,Inactive,,*,-1,-1,,,,
2494,2025-02-28T15:26:39.974-05:00,IdeState,Inactive,,*,-1,-1,,,,
2495,2025-02-28T15:26:40.975-05:00,IdeState,Inactive,,*,-1,-1,,,,
2496,2025-02-28T15:26:41.976-05:00,IdeState,Inactive,,*,-1,-1,,,,
2497,2025-02-28T15:26:42.978-05:00,IdeState,Inactive,,*,-1,-1,,,,
2498,2025-02-28T15:26:43.979-05:00,IdeState,Inactive,,*,-1,-1,,,,
2499,2025-02-28T15:26:44.980-05:00,IdeState,Inactive,,*,-1,-1,,,,
2500,2025-02-28T15:26:45.982-05:00,IdeState,Inactive,,*,-1,-1,,,,
2501,2025-02-28T15:26:46.983-05:00,IdeState,Inactive,,*,-1,-1,,,,
2502,2025-02-28T15:26:47.985-05:00,IdeState,Inactive,,*,-1,-1,,,,
2503,2025-02-28T15:26:48.987-05:00,IdeState,Inactive,,*,-1,-1,,,,
2504,2025-02-28T15:26:49.988-05:00,IdeState,Inactive,,*,-1,-1,,,,
2505,2025-02-28T15:26:50.990-05:00,IdeState,Inactive,,*,-1,-1,,,,
2506,2025-02-28T15:26:51.992-05:00,IdeState,Inactive,,*,-1,-1,,,,
2507,2025-02-28T15:26:52.993-05:00,IdeState,Inactive,,*,-1,-1,,,,
2508,2025-02-28T15:26:54.000-05:00,IdeState,Inactive,,*,-1,-1,,,,
2509,2025-02-28T15:26:55.001-05:00,IdeState,Inactive,,*,-1,-1,,,,
2510,2025-02-28T15:26:56.002-05:00,IdeState,Inactive,,*,-1,-1,,,,
2511,2025-02-28T15:26:57.003-05:00,IdeState,Inactive,,*,-1,-1,,,,
2512,2025-02-28T15:26:58.004-05:00,IdeState,Inactive,,*,-1,-1,,,,
2513,2025-02-28T15:26:59.005-05:00,IdeState,Inactive,,*,-1,-1,,,,
2514,2025-02-28T15:27:00.007-05:00,IdeState,Inactive,,*,-1,-1,,,,
2515,2025-02-28T15:27:01.009-05:00,IdeState,Inactive,,*,-1,-1,,,,
2516,2025-02-28T15:27:02.011-05:00,IdeState,Inactive,,*,-1,-1,,,,
2517,2025-02-28T15:27:03.012-05:00,IdeState,Inactive,,*,-1,-1,,,,
2518,2025-02-28T15:27:04.013-05:00,IdeState,Inactive,,*,-1,-1,,,,
2519,2025-02-28T15:27:05.017-05:00,IdeState,Inactive,,*,-1,-1,,,,
2520,2025-02-28T15:27:06.018-05:00,IdeState,Inactive,,*,-1,-1,,,,
2521,2025-02-28T15:27:07.019-05:00,IdeState,Inactive,,*,-1,-1,,,,
2522,2025-02-28T15:27:08.020-05:00,IdeState,Inactive,,*,-1,-1,,,,
2523,2025-02-28T15:27:09.020-05:00,IdeState,Inactive,,*,-1,-1,,,,
2524,2025-02-28T15:27:10.021-05:00,IdeState,Inactive,,*,-1,-1,,,,
2525,2025-02-28T15:27:11.022-05:00,IdeState,Inactive,,*,-1,-1,,,,
2526,2025-02-28T15:27:12.023-05:00,IdeState,Inactive,,*,-1,-1,,,,
2527,2025-02-28T15:27:13.024-05:00,IdeState,Inactive,,*,-1,-1,,,,
2528,2025-02-28T15:27:14.027-05:00,IdeState,Inactive,,*,-1,-1,,,,
2529,2025-02-28T15:27:15.029-05:00,IdeState,Inactive,,*,-1,-1,,,,
2530,2025-02-28T15:27:16.030-05:00,IdeState,Inactive,,*,-1,-1,,,,
2531,2025-02-28T15:27:17.031-05:00,IdeState,Inactive,,*,-1,-1,,,,
2532,2025-02-28T15:27:18.034-05:00,IdeState,Inactive,,*,-1,-1,,,,
2533,2025-02-28T15:27:19.036-05:00,IdeState,Inactive,,*,-1,-1,,,,
2534,2025-02-28T15:27:20.037-05:00,IdeState,Inactive,,*,-1,-1,,,,
2535,2025-02-28T15:27:21.040-05:00,IdeState,Inactive,,*,-1,-1,,,,
2536,2025-02-28T15:27:22.041-05:00,IdeState,Inactive,,*,-1,-1,,,,
2537,2025-02-28T15:27:23.044-05:00,IdeState,Inactive,,*,-1,-1,,,,
2538,2025-02-28T15:27:24.046-05:00,IdeState,Inactive,,*,-1,-1,,,,
2539,2025-02-28T15:27:25.048-05:00,IdeState,Inactive,,*,-1,-1,,,,
2540,2025-02-28T15:27:26.049-05:00,IdeState,Inactive,,*,-1,-1,,,,
2541,2025-02-28T15:27:27.049-05:00,IdeState,Inactive,,*,-1,-1,,,,
2542,2025-02-28T15:27:28.051-05:00,IdeState,Inactive,,*,-1,-1,,,,
2543,2025-02-28T15:27:29.051-05:00,IdeState,Inactive,,*,-1,-1,,,,
2544,2025-02-28T15:27:30.052-05:00,IdeState,Inactive,,*,-1,-1,,,,
2545,2025-02-28T15:27:31.053-05:00,IdeState,Inactive,,*,-1,-1,,,,
2546,2025-02-28T15:27:32.053-05:00,IdeState,Inactive,,*,-1,-1,,,,
2547,2025-02-28T15:27:33.054-05:00,IdeState,Inactive,,*,-1,-1,,,,
2548,2025-02-28T15:27:34.056-05:00,IdeState,Inactive,,*,-1,-1,,,,
2549,2025-02-28T15:27:35.058-05:00,IdeState,Inactive,,*,-1,-1,,,,
2550,2025-02-28T15:27:36.060-05:00,IdeState,Inactive,,*,-1,-1,,,,
2551,2025-02-28T15:27:37.060-05:00,IdeState,Inactive,,*,-1,-1,,,,
2552,2025-02-28T15:27:38.062-05:00,IdeState,Inactive,,*,-1,-1,,,,
2553,2025-02-28T15:27:39.062-05:00,IdeState,Inactive,,*,-1,-1,,,,
2554,2025-02-28T15:27:40.064-05:00,IdeState,Inactive,,*,-1,-1,,,,
2555,2025-02-28T15:27:41.064-05:00,IdeState,Inactive,,*,-1,-1,,,,
2556,2025-02-28T15:27:42.067-05:00,IdeState,Inactive,,*,-1,-1,,,,
2557,2025-02-28T15:27:43.069-05:00,IdeState,Inactive,,*,-1,-1,,,,
2558,2025-02-28T15:27:44.070-05:00,IdeState,Inactive,,*,-1,-1,,,,
2559,2025-02-28T15:27:45.071-05:00,IdeState,Inactive,,*,-1,-1,,,,
2560,2025-02-28T15:27:46.072-05:00,IdeState,Inactive,,*,-1,-1,,,,
2561,2025-02-28T15:27:47.073-05:00,IdeState,Inactive,,*,-1,-1,,,,
2562,2025-02-28T15:27:48.076-05:00,IdeState,Inactive,,*,-1,-1,,,,
2563,2025-02-28T15:27:49.076-05:00,IdeState,Inactive,,*,-1,-1,,,,
2564,2025-02-28T15:27:50.078-05:00,IdeState,Inactive,,*,-1,-1,,,,
2565,2025-02-28T15:27:51.079-05:00,IdeState,Inactive,,*,-1,-1,,,,
2566,2025-02-28T15:27:52.080-05:00,IdeState,Inactive,,*,-1,-1,,,,
2567,2025-02-28T15:27:53.081-05:00,IdeState,Inactive,,*,-1,-1,,,,
2568,2025-02-28T15:27:54.082-05:00,IdeState,Inactive,,*,-1,-1,,,,
2569,2025-02-28T15:27:55.083-05:00,IdeState,Inactive,,*,-1,-1,,,,
2570,2025-02-28T15:27:56.085-05:00,IdeState,Inactive,,*,-1,-1,,,,
2571,2025-02-28T15:27:57.087-05:00,IdeState,Inactive,,*,-1,-1,,,,
2572,2025-02-28T15:27:58.088-05:00,IdeState,Inactive,,*,-1,-1,,,,
2573,2025-02-28T15:27:59.089-05:00,IdeState,Inactive,,*,-1,-1,,,,
2574,2025-02-28T15:28:00.090-05:00,IdeState,Inactive,,*,-1,-1,,,,
2575,2025-02-28T15:28:01.091-05:00,IdeState,Inactive,,*,-1,-1,,,,
2576,2025-02-28T15:28:02.092-05:00,IdeState,Inactive,,*,-1,-1,,,,
2577,2025-02-28T15:28:03.094-05:00,IdeState,Inactive,,*,-1,-1,,,,
2578,2025-03-03T19:30:06.023-05:00,IdeState,Inactive,,*,-1,-1,,,,
2579,2025-03-03T19:30:07.674-05:00,IdeState,Inactive,,*,-1,-1,,,,
2580,2025-03-03T19:30:08.702-05:00,IdeState,Inactive,,*,-1,-1,,,,
2581,2025-03-03T19:30:11.255-05:00,IdeState,NoProject,,*,-1,-1,,,,
2582,2025-03-03T19:30:12.629-05:00,IdeState,Active,Dialog,*,-1,-1,,,,
2583,2025-03-03T19:30:14.226-05:00,IdeState,Active,Dialog,*,-1,-1,,,,
2584,2025-03-03T19:30:15.297-05:00,IdeState,Inactive,,*,-1,-1,,,,
2585,2025-03-03T19:37:40.417-05:00,IdeState,NoProject,,*,-1,-1,,,,
2586,2025-03-03T19:37:41.729-05:00,IdeState,Active,Popup,*,-1,-1,,,,
2587,2025-03-03T19:37:42.997-05:00,IdeState,Active,Project,*,-1,-1,,,,
2588,2025-03-03T19:37:44.094-05:00,IdeState,Active,Project,*,-1,-1,,,,
2589,2025-03-03T19:37:45.165-05:00,IdeState,Active,Project,*,-1,-1,,,,
2590,2025-03-03T19:37:46.202-05:00,IdeState,Active,Popup,*,-1,-1,,,,
2591,2025-03-03T19:37:47.208-05:00,IdeState,Active,Popup,*,-1,-1,,,,
2592,2025-03-03T19:37:48.239-05:00,IdeState,Active,Project,*,-1,-1,,,,
2593,2025-03-03T19:37:49.259-05:00,IdeState,Active,Project,*,-1,-1,,,,
2594,2025-03-03T19:37:49.779-05:00,Action,SettingsEntryPoint,Project,*,-1,-1,,,,
2595,2025-03-03T19:37:50.408-05:00,IdeState,Active,Project,*,-1,-1,,,,
2596,2025-03-03T19:37:51.409-05:00,Action,WelcomeScreen.Plugins,,*,-1,-1,,,,
2597,2025-03-03T19:37:53.720-05:00,IdeState,Active,Dialog,*,-1,-1,,,,
2598,2025-03-03T19:37:54.740-05:00,IdeState,Active,Dialog,*,-1,-1,,,,
2599,2025-03-03T19:37:55.744-05:00,IdeState,Active,Dialog,*,-1,-1,,,,
2600,2025-03-03T19:37:56.745-05:00,IdeState,Active,Dialog,*,-1,-1,,,,
2601,2025-03-03T19:37:57.747-05:00,IdeState,Active,Dialog,*,-1,-1,,,,
2602,2025-03-03T19:37:58.748-05:00,IdeState,Active,Dialog,*,-1,-1,,,,
2603,2025-03-03T19:37:59.750-05:00,IdeState,Inactive,,*,-1,-1,,,,
2604,2025-03-03T19:38:00.833-05:00,IdeState,Active,Dialog,*,-1,-1,,,,
2605,2025-03-03T19:38:01.833-05:00,IdeState,Active,Dialog,*,-1,-1,,,,
2606,2025-03-03T19:38:02.835-05:00,IdeState,Active,Dialog,*,-1,-1,,,,
2607,2025-03-03T19:38:03.837-05:00,IdeState,Active,Dialog,*,-1,-1,,,,
2608,2025-03-03T19:38:04.905-05:00,IdeState,Active,Dialog,*,-1,-1,,,,
2609,2025-03-03T19:38:05.907-05:00,IdeState,Active,Dialog,*,-1,-1,,,,
2610,2025-03-03T19:38:06.909-05:00,IdeState,Active,Dialog,*,-1,-1,,,,
2611,2025-03-03T19:38:07.912-05:00,IdeState,Inactive,,*,-1,-1,,,,
2612,2025-03-03T19:38:08.913-05:00,IdeState,Active,Dialog,*,-1,-1,,,,
2613,2025-03-03T19:38:09.917-05:00,IdeState,Active,Dialog,*,-1,-1,,,,
2614,2025-03-03T19:38:10.918-05:00,IdeState,Active,Dialog,*,-1,-1,,,,
2615,2025-03-03T19:38:11.920-05:00,IdeState,Active,Dialog,*,-1,-1,,,,
2616,2025-03-03T19:38:12.921-05:00,IdeState,Inactive,,*,-1,-1,,,,
2617,2025-03-03T19:38:13.924-05:00,IdeState,Active,Dialog,*,-1,-1,,,,
2618,2025-03-03T19:38:14.929-05:00,IdeState,Active,Dialog,*,-1,-1,,,,
2619,2025-03-03T19:38:15.931-05:00,IdeState,Active,Dialog,*,-1,-1,,,,
2620,2025-03-03T19:38:16.932-05:00,IdeState,Inactive,,*,-1,-1,,,,
2621,2025-03-03T19:38:17.933-05:00,IdeState,Inactive,,*,-1,-1,,,,
2622,2025-03-03T19:38:18.934-05:00,IdeState,Inactive,,*,-1,-1,,,,
2623,2025-03-10T13:20:22.296-04:00,IdeState,NoProject,,*,-1,-1,,,,
2624,2025-03-10T13:20:23.951-04:00,IdeState,Active,Popup,*,-1,-1,,,,
2625,2025-03-10T13:20:24.990-04:00,IdeState,Active,Project,*,-1,-1,,,,
2626,2025-03-10T13:20:26.019-04:00,IdeState,Active,Project,*,-1,-1,,,,
2627,2025-03-10T13:20:27.023-04:00,IdeState,Active,Project,*,-1,-1,,,,
2628,2025-03-10T13:20:28.034-04:00,IdeState,Active,Project,*,-1,-1,,,,
2629,2025-03-10T13:20:29.049-04:00,IdeState,Active,Project,*,-1,-1,,,,
2630,2025-03-10T13:20:30.050-04:00,IdeState,Active,tasktracker,*,-1,-1,,,,
2631,2025-03-10T13:20:31.052-04:00,IdeState,Active,tasktracker,*,-1,-1,,,,
2632,2025-03-10T13:20:38.037-04:00,IdeState,Inactive,,*,-1,-1,,,,
2633,2025-03-10T13:20:39.310-04:00,IdeState,Inactive,,*,-1,-1,,,,
2634,2025-03-10T13:20:41.038-04:00,IdeState,Inactive,,*,-1,-1,,,,
2635,2025-03-10T13:20:42.065-04:00,IdeState,Inactive,,*,-1,-1,,,,
2636,2025-03-10T13:20:43.068-04:00,IdeState,Inactive,,*,-1,-1,,,,
2637,2025-03-10T13:20:44.069-04:00,IdeState,Inactive,,*,-1,-1,,,,
2638,2025-03-10T13:20:45.071-04:00,IdeState,Active,tasktracker,*,-1,-1,,,,
2639,2025-03-10T13:20:46.072-04:00,IdeState,Active,tasktracker,*,-1,-1,,,,
2640,2025-03-10T13:20:47.074-04:00,IdeState,Active,tasktracker,*,-1,-1,,,,
2641,2025-03-10T13:20:48.076-04:00,IdeState,Active,tasktracker,*,-1,-1,,,,
2642,2025-03-10T13:20:49.079-04:00,IdeState,Active,tasktracker,*,-1,-1,,,,
2643,2025-03-10T13:20:50.091-04:00,IdeState,Active,Project,*,-1,-1,,,,
2644,2025-03-10T13:20:51.094-04:00,IdeState,Active,Project,*,-1,-1,,,,
2645,2025-03-10T13:20:52.097-04:00,IdeState,Active,tasktracker,*,-1,-1,,,,
2646,2025-03-10T13:20:53.097-04:00,IdeState,Inactive,,*,-1,-1,,,,
2647,2025-03-10T13:20:54.098-04:00,IdeState,Inactive,,*,-1,-1,,,,
2648,2025-03-10T13:20:55.101-04:00,IdeState,Inactive,,*,-1,-1,,,,
2649,2025-03-10T13:20:56.102-04:00,IdeState,Inactive,,*,-1,-1,,,,
2650,2025-03-10T13:20:57.104-04:00,IdeState,Inactive,,*,-1,-1,,,,
2651,2025-03-10T13:20:58.107-04:00,IdeState,Inactive,,*,-1,-1,,,,
2652,2025-03-10T13:20:59.108-04:00,IdeState,Inactive,,*,-1,-1,,,,
2653,2025-03-10T13:21:00.109-04:00,IdeState,Inactive,,*,-1,-1,,,,
2654,2025-03-10T13:21:01.113-04:00,IdeState,Inactive,,*,-1,-1,,,,
2655,2025-03-10T13:21:02.115-04:00,IdeState,Inactive,,*,-1,-1,,,,
2656,2025-03-10T13:21:03.117-04:00,IdeState,Active,Project,*,-1,-1,,,,
2657,2025-03-10T13:21:04.119-04:00,IdeState,Active,tasktracker,*,-1,-1,,,,
2658,2025-03-10T13:21:05.121-04:00,IdeState,Active,tasktracker,*,-1,-1,,,,
2659,2025-03-10T13:21:06.272-04:00,IdeState,Active,Editor,max_3.py,0,0,,,,
2660,2025-03-10T13:21:07.218-04:00,Action,EditorEnter,Editor,max_3.py,2,22,,,,
2661,2025-03-10T13:21:07.690-04:00,IdeState,Active,Editor,max_3.py,3,0,,,,
